---- START ----

1200000|2|1601|5|1|0|0|480000|0|0|462674
1200000|2|1601|5|1|1|2|720000|0|0|702817
1200000|2|1601|5|1|0|0|480000|1|7990|456376
1200000|2|1601|5|1|1|2|720000|1|7990|697666
1200000|2|1601|5|1|0|0|480000|2|15985|452864
1200000|2|1601|5|1|1|2|720000|2|15985|694314
1200000|2|1601|5|1|0|0|480000|3|23983|450719
1200000|2|1601|5|1|1|2|720000|3|23983|692052
1200000|2|1601|5|1|0|0|480000|4|31982|449472
1200000|2|1601|5|1|1|2|720000|4|31982|690608
1200000|2|1601|5|2|0|0|480000|0|0|449766
1200000|2|1601|5|2|1|2|720000|0|0|711241
1200000|2|1601|5|2|0|0|480000|1|7991|437811
1200000|2|1601|5|2|1|2|720000|1|7991|706638
1200000|2|1601|5|2|0|0|480000|2|15986|430907
1200000|2|1601|5|2|1|2|720000|2|15986|703791
1200000|2|1601|5|2|0|0|480000|3|23985|426850
1200000|2|1601|5|2|1|2|720000|3|23985|701842
1200000|2|1601|5|2|0|0|480000|4|31985|425059
1200000|2|1601|5|2|1|2|720000|4|31985|700515
1200000|2|1601|5|3|0|0|480000|0|0|452300
1200000|2|1601|5|3|1|2|720000|0|0|712450
1200000|2|1601|5|3|0|0|480000|1|7991|442097
1200000|2|1601|5|3|1|2|720000|1|7991|709328
1200000|2|1601|5|3|0|0|480000|2|15988|437225
1200000|2|1601|5|3|1|2|720000|2|15988|707845
1200000|2|1601|5|3|0|0|480000|3|23987|435432
1200000|2|1601|5|3|1|2|720000|3|23987|707181
1200000|2|1601|5|3|0|0|480000|4|31989|435356
1200000|2|1601|5|3|1|2|720000|4|31989|707183
1200000|2|1601|5|4|0|0|480000|0|0|479211
1200000|2|1601|5|4|1|2|720000|0|0|710576
1200000|2|1601|5|4|0|0|480000|1|7993|478488
1200000|2|1601|5|4|1|2|720000|1|7993|708627
1200000|2|1601|5|4|0|0|480000|2|15990|479580
1200000|2|1601|5|4|1|2|720000|2|15990|708120
1200000|2|1601|5|4|0|0|480000|3|23990|481373
1200000|2|1601|5|4|1|2|720000|3|23990|708549
1200000|2|1601|5|4|0|0|480000|4|31992|483516
1200000|2|1601|5|4|1|2|720000|4|31992|709485
1200000|2|1601|5|5|0|0|480000|0|0|480733
1200000|2|1601|5|5|1|2|720000|0|0|714673
1200000|2|1601|5|5|0|0|480000|1|7992|481335
1200000|2|1601|5|5|1|2|720000|1|7992|713620
1200000|2|1601|5|5|0|0|480000|2|15990|483557
1200000|2|1601|5|5|1|2|720000|2|15990|714709
1200000|2|1601|5|5|0|0|480000|3|23991|486484
1200000|2|1601|5|5|1|2|720000|3|23991|715530
1200000|2|1601|5|5|0|0|480000|4|31993|489603
1200000|2|1601|5|5|1|2|720000|4|31993|716817
1200000|2|1602|5|1|0|0|480000|0|0|481589
1200000|2|1602|5|1|1|2|720000|0|0|715024
1200000|2|1602|5|1|0|0|480000|1|7992|482233
1200000|2|1602|5|1|1|2|720000|1|7992|712955
1200000|2|1602|5|1|0|0|480000|2|15989|484494
1200000|2|1602|5|1|1|2|720000|2|15989|712760
1200000|2|1602|5|1|0|0|480000|3|23989|487614
1200000|2|1602|5|1|1|2|720000|3|23989|713423
1200000|2|1602|5|1|0|0|480000|4|31991|491161
1200000|2|1602|5|1|1|2|720000|4|31991|714399
1200000|2|1602|5|2|0|0|480000|0|0|481510
1200000|2|1602|5|2|1|2|720000|0|0|714319
1200000|2|1602|5|2|0|0|480000|1|7992|482466
1200000|2|1602|5|2|1|2|720000|1|7992|712253
1200000|2|1602|5|2|0|0|480000|2|15988|484922
1200000|2|1602|5|2|1|2|720000|2|15988|711901
1200000|2|1602|5|2|0|0|480000|3|23987|488043
1200000|2|1602|5|2|1|2|720000|3|23987|712410
1200000|2|1602|5|2|0|0|480000|4|31987|491435
1200000|2|1602|5|2|1|2|720000|4|31987|712763
1200000|2|1602|5|3|0|0|480000|0|0|456551
1200000|2|1602|5|3|1|2|720000|0|0|720678
1200000|2|1602|5|3|0|0|480000|1|7992|449473
1200000|2|1602|5|3|1|2|720000|1|7992|718377
1200000|2|1602|5|3|0|0|480000|2|15988|446975
1200000|2|1602|5|3|1|2|720000|2|15988|717479
1200000|2|1602|5|3|0|0|480000|3|23987|447327
1200000|2|1602|5|3|1|2|720000|3|23987|717360
1200000|2|1602|5|3|0|0|480000|4|31987|449862
1200000|2|1602|5|3|1|2|720000|4|31987|718103
1200000|2|1602|5|4|0|0|480000|0|0|456237
1200000|2|1602|5|4|1|2|720000|0|0|721692
1200000|2|1602|5|4|0|0|480000|1|7991|449393
1200000|2|1602|5|4|1|2|720000|1|7991|719432
1200000|2|1602|5|4|0|0|480000|2|15987|447680
1200000|2|1602|5|4|1|2|720000|2|15987|718803
1200000|2|1602|5|4|0|0|480000|3|23986|448655
1200000|2|1602|5|4|1|2|720000|3|23986|719704
1200000|2|1602|5|4|0|0|480000|4|31987|450682
1200000|2|1602|5|4|1|2|720000|4|31987|721223
1200000|2|1602|5|5|0|0|480000|0|0|482449
1200000|2|1602|5|5|1|2|720000|0|0|711471
1200000|2|1602|5|5|0|0|480000|1|7992|483479
1200000|2|1602|5|5|1|2|720000|1|7992|709135
1200000|2|1602|5|5|0|0|480000|2|15988|485860
1200000|2|1602|5|5|1|2|720000|2|15988|708629
1200000|2|1602|5|5|0|0|480000|3|23987|488511
1200000|2|1602|5|5|1|2|720000|3|23987|708510
1200000|2|1602|5|5|0|0|480000|4|31988|491709
1200000|2|1602|5|5|1|2|720000|4|31988|708897
1200000|2|1603|5|1|0|0|480000|0|1|455812
1200000|2|1603|5|1|1|2|720000|0|1|722937
1200000|2|1603|5|1|0|0|480000|1|7992|448456
1200000|2|1603|5|1|1|2|720000|1|7992|721026
1200000|2|1603|5|1|0|0|480000|2|15988|446001
1200000|2|1603|5|1|1|2|720000|2|15988|720365
1200000|2|1603|5|1|0|0|480000|3|23986|446157
1200000|2|1603|5|1|1|2|720000|3|23986|721225
1200000|2|1603|5|1|0|0|480000|4|31987|448067
1200000|2|1603|5|1|1|2|720000|4|31987|722978
1200000|2|1603|5|2|0|0|480000|0|0|457060
1200000|2|1603|5|2|1|2|720000|0|0|727115
1200000|2|1603|5|2|0|0|480000|1|7992|449861
1200000|2|1603|5|2|1|2|720000|1|7992|725631
1200000|2|1603|5|2|0|0|480000|2|15988|447676
1200000|2|1603|5|2|1|2|720000|2|15988|725826
1200000|2|1603|5|2|0|0|480000|3|23988|448494
1200000|2|1603|5|2|1|2|720000|3|23988|726567
1200000|2|1603|5|2|0|0|480000|4|31988|450837
1200000|2|1603|5|2|1|2|720000|4|31988|727622
1200000|2|1603|5|3|0|0|480000|0|0|481629
1200000|2|1603|5|3|1|2|720000|0|0|712017
1200000|2|1603|5|3|0|0|480000|1|7990|483169
1200000|2|1603|5|3|1|2|720000|1|7990|709602
1200000|2|1603|5|3|0|0|480000|2|15985|486991
1200000|2|1603|5|3|1|2|720000|2|15985|709056
1200000|2|1603|5|3|0|0|480000|3|23984|491632
1200000|2|1603|5|3|1|2|720000|3|23984|710027
1200000|2|1603|5|3|0|0|480000|4|31985|496428
1200000|2|1603|5|3|1|2|720000|4|31985|710381
1200000|2|1603|5|4|0|0|480000|0|0|470866
1200000|2|1603|5|4|1|2|720000|0|0|715842
1200000|2|1603|5|4|0|0|480000|1|7990|470922
1200000|2|1603|5|4|1|2|720000|1|7990|713150
1200000|2|1603|5|4|0|0|480000|2|15985|473456
1200000|2|1603|5|4|1|2|720000|2|15985|712057
1200000|2|1603|5|4|0|0|480000|3|23983|477044
1200000|2|1603|5|4|1|2|720000|3|23983|711744
1200000|2|1603|5|4|0|0|480000|4|31983|480827
1200000|2|1603|5|4|1|2|720000|4|31983|711982
1200000|2|1603|5|5|0|0|480000|0|0|483070
1200000|2|1603|5|5|1|2|720000|0|0|713306
1200000|2|1603|5|5|0|0|480000|1|7992|484417
1200000|2|1603|5|5|1|2|720000|1|7992|711046
1200000|2|1603|5|5|0|0|480000|2|15987|486836
1200000|2|1603|5|5|1|2|720000|2|15987|710500
1200000|2|1603|5|5|0|0|480000|3|23985|489366
1200000|2|1603|5|5|1|2|720000|3|23985|710812
1200000|2|1603|5|5|0|0|480000|4|31986|493113
1200000|2|1603|5|5|1|2|720000|4|31986|712058
1200000|2|1604|5|1|0|0|480000|0|0|481238
1200000|2|1604|5|1|1|2|720000|0|0|717828
1200000|2|1604|5|1|0|0|480000|1|7993|481959
1200000|2|1604|5|1|1|2|720000|1|7993|716584
1200000|2|1604|5|1|0|0|480000|2|15991|483831
1200000|2|1604|5|1|1|2|720000|2|15991|716505
1200000|2|1604|5|1|0|0|480000|3|23992|486598
1200000|2|1604|5|1|1|2|720000|3|23992|717516
1200000|2|1604|5|1|0|0|480000|4|31994|489876
1200000|2|1604|5|1|1|2|720000|4|31994|718766
1200000|2|1604|5|2|0|0|480000|0|0|479796
1200000|2|1604|5|2|1|2|720000|0|0|719744
1200000|2|1604|5|2|0|0|480000|1|7993|479424
1200000|2|1604|5|2|1|2|720000|1|7993|719391
1200000|2|1604|5|2|0|0|480000|2|15991|480788
1200000|2|1604|5|2|1|2|720000|2|15991|719976
1200000|2|1604|5|2|0|0|480000|3|23991|482933
1200000|2|1604|5|2|1|2|720000|3|23991|721380
1200000|2|1604|5|2|0|0|480000|4|31993|485507
1200000|2|1604|5|2|1|2|720000|4|31993|723057
1200000|2|1604|5|3|0|0|480000|0|0|479523
1200000|2|1604|5|3|1|2|720000|0|0|722702
1200000|2|1604|5|3|0|0|480000|1|7995|479033
1200000|2|1604|5|3|1|2|720000|1|7995|723175
1200000|2|1604|5|3|0|0|480000|2|15994|479775
1200000|2|1604|5|3|1|2|720000|2|15994|724071
1200000|2|1604|5|3|0|0|480000|3|23996|481101
1200000|2|1604|5|3|1|2|720000|3|23996|725826
1200000|2|1604|5|3|0|0|480000|4|31999|483282
1200000|2|1604|5|3|1|2|720000|4|31999|728088
1200000|2|1604|5|4|0|0|480000|0|0|455459
1200000|2|1604|5|4|1|2|720000|0|0|731675
1200000|2|1604|5|4|0|0|480000|1|7995|447289
1200000|2|1604|5|4|1|2|720000|1|7995|731441
1200000|2|1604|5|4|0|0|480000|2|15994|444011
1200000|2|1604|5|4|1|2|720000|2|15994|732651
1200000|2|1604|5|4|0|0|480000|3|23995|444090
1200000|2|1604|5|4|1|2|720000|3|23995|734950
1200000|2|1604|5|4|0|0|480000|4|31998|446313
1200000|2|1604|5|4|1|2|720000|4|31998|737758
1200000|2|1604|5|5|0|0|480000|0|0|481783
1200000|2|1604|5|5|1|2|720000|0|0|724031
1200000|2|1604|5|5|0|0|480000|1|7995|482856
1200000|2|1604|5|5|1|2|720000|1|7995|724267
1200000|2|1604|5|5|0|0|480000|2|15993|485000
1200000|2|1604|5|5|1|2|720000|2|15993|726450
1200000|2|1604|5|5|0|0|480000|3|23996|488082
1200000|2|1604|5|5|1|2|720000|3|23996|728946
1200000|2|1604|5|5|0|0|480000|4|31999|491903
1200000|2|1604|5|5|1|2|720000|4|31999|732026
1200000|2|1605|5|1|0|0|480000|0|0|471255
1200000|2|1605|5|1|1|2|720000|0|0|724033
1200000|2|1605|5|1|0|0|480000|1|7993|470611
1200000|2|1605|5|1|1|2|720000|1|7993|723173
1200000|2|1605|5|1|0|0|480000|2|15990|472442
1200000|2|1605|5|1|1|2|720000|2|15990|724031
1200000|2|1605|5|1|0|0|480000|3|23990|474901
1200000|2|1605|5|1|1|2|720000|3|23990|725630
1200000|2|1605|5|1|0|0|480000|4|31991|477826
1200000|2|1605|5|1|1|2|720000|4|31991|727737
1200000|2|1605|5|2|0|0|480000|0|0|471605
1200000|2|1605|5|2|1|2|720000|0|0|725006
1200000|2|1605|5|2|0|0|480000|1|7992|469907
1200000|2|1605|5|2|1|2|720000|1|7992|724890
1200000|2|1605|5|2|0|0|480000|2|15989|470610
1200000|2|1605|5|2|1|2|720000|2|15989|726253
1200000|2|1605|5|2|0|0|480000|3|23990|472989
1200000|2|1605|5|2|1|2|720000|3|23990|726997
1200000|2|1605|5|2|0|0|480000|4|31992|475833
1200000|2|1605|5|2|1|2|720000|4|31992|728713
1200000|2|1605|5|3|0|0|480000|0|0|457722
1200000|2|1605|5|3|1|2|720000|0|0|724302
1200000|2|1605|5|3|0|0|480000|1|7992|450916
1200000|2|1605|5|3|1|2|720000|1|7992|722121
1200000|2|1605|5|3|0|0|480000|2|15988|448926
1200000|2|1605|5|3|1|2|720000|2|15988|721653
1200000|2|1605|5|3|0|0|480000|3|23987|449742
1200000|2|1605|5|3|1|2|720000|3|23987|722003
1200000|2|1605|5|3|0|0|480000|4|31988|452511
1200000|2|1605|5|3|1|2|720000|4|31988|723681
1200000|2|1605|5|4|0|0|480000|0|0|483619
1200000|2|1605|5|4|1|2|720000|0|0|717674
1200000|2|1605|5|4|0|0|480000|1|7992|485780
1200000|2|1605|5|4|1|2|720000|1|7992|716037
1200000|2|1605|5|4|0|0|480000|2|15989|489289
1200000|2|1605|5|4|1|2|720000|2|15989|716503
1200000|2|1605|5|4|0|0|480000|3|23989|493074
1200000|2|1605|5|4|1|2|720000|3|23989|717324
1200000|2|1605|5|4|0|0|480000|4|31991|497286
1200000|2|1605|5|4|1|2|720000|4|31991|719586
1200000|2|1605|5|5|0|0|480000|0|0|482524
1200000|2|1605|5|5|1|2|720000|0|0|714243
1200000|2|1605|5|5|0|0|480000|1|7992|484062
1200000|2|1605|5|5|1|2|720000|1|7992|711747
1200000|2|1605|5|5|0|0|480000|2|15989|487497
1200000|2|1605|5|5|1|2|720000|2|15989|711122
1200000|2|1605|5|5|0|0|480000|3|23988|491203
1200000|2|1605|5|5|1|2|720000|3|23988|711395
1200000|2|1605|5|5|0|0|480000|4|31989|495334
1200000|2|1605|5|5|1|2|720000|4|31989|712060
1200000|2|1606|5|1|0|0|480000|0|0|485608
1200000|2|1606|5|1|1|2|720000|0|0|713930
1200000|2|1606|5|1|0|0|480000|1|7991|488707
1200000|2|1606|5|1|1|2|720000|1|7991|711903
1200000|2|1606|5|1|0|0|480000|2|15987|493075
1200000|2|1606|5|1|1|2|720000|2|15987|711863
1200000|2|1606|5|1|0|0|480000|3|23986|498182
1200000|2|1606|5|1|1|2|720000|3|23986|711980
1200000|2|1606|5|1|0|0|480000|4|31987|503448
1200000|2|1606|5|1|1|2|720000|4|31987|712289
1200000|2|1606|5|2|0|0|480000|0|0|485292
1200000|2|1606|5|2|1|2|720000|0|0|711007
1200000|2|1606|5|2|0|0|480000|1|7991|488548
1200000|2|1606|5|2|1|2|720000|1|7991|708354
1200000|2|1606|5|2|0|0|480000|2|15987|493424
1200000|2|1606|5|2|1|2|720000|2|15987|706949
1200000|2|1606|5|2|0|0|480000|3|23986|498882
1200000|2|1606|5|2|1|2|720000|3|23986|706676
1200000|2|1606|5|2|0|0|480000|4|31987|504110
1200000|2|1606|5|2|1|2|720000|4|31987|706833
1200000|2|1606|5|3|0|0|480000|0|0|487206
1200000|2|1606|5|3|1|2|720000|0|0|710304
1200000|2|1606|5|3|0|0|480000|1|7992|491589
1200000|2|1606|5|3|1|2|720000|1|7992|708001
1200000|2|1606|5|3|0|0|480000|2|15989|497168
1200000|2|1606|5|3|1|2|720000|2|15989|707378
1200000|2|1606|5|3|0|0|480000|3|23988|503252
1200000|2|1606|5|3|1|2|720000|3|23988|707963
1200000|2|1606|5|3|0|0|480000|4|31989|509414
1200000|2|1606|5|3|1|2|720000|4|31989|709404
1200000|2|1606|5|4|0|0|480000|0|0|486620
1200000|2|1606|5|4|1|2|720000|0|0|713385
1200000|2|1606|5|4|0|0|480000|1|7993|490656
1200000|2|1606|5|4|1|2|720000|1|7993|711591
1200000|2|1606|5|4|0|0|480000|2|15989|495880
1200000|2|1606|5|4|1|2|720000|2|15989|711201
1200000|2|1606|5|4|0|0|480000|3|23989|502240
1200000|2|1606|5|4|1|2|720000|3|23989|711902
1200000|2|1606|5|4|0|0|480000|4|31991|508245
1200000|2|1606|5|4|1|2|720000|4|31991|713347
1200000|2|1606|5|5|0|0|480000|0|0|474881
1200000|2|1606|5|5|1|2|720000|0|0|722197
1200000|2|1606|5|5|0|0|480000|1|7993|476928
1200000|2|1606|5|5|1|2|720000|1|7993|721224
1200000|2|1606|5|5|0|0|480000|2|15990|481608
1200000|2|1606|5|5|1|2|720000|2|15990|722003
1200000|2|1606|5|5|0|0|480000|3|23992|487104
1200000|2|1606|5|5|1|2|720000|3|23992|723369
1200000|2|1606|5|5|0|0|480000|4|31994|493504
1200000|2|1606|5|5|1|2|720000|4|31994|725435
1200000|2|1607|5|1|0|0|480000|0|0|486310
1200000|2|1607|5|1|1|2|720000|0|0|714515
1200000|2|1607|5|1|0|0|480000|1|7993|490110
1200000|2|1607|5|1|1|2|720000|1|7993|712331
1200000|2|1607|5|1|0|0|480000|2|15990|495687
1200000|2|1607|5|1|1|2|720000|2|15990|711746
1200000|2|1607|5|1|0|0|480000|3|23990|501809
1200000|2|1607|5|1|1|2|720000|3|23990|712253
1200000|2|1607|5|1|0|0|480000|4|31993|508322
1200000|2|1607|5|1|1|2|720000|4|31993|712993
1200000|2|1607|5|2|0|0|480000|0|0|460686
1200000|2|1607|5|2|1|2|720000|0|0|725864
1200000|2|1607|5|2|0|0|480000|1|7993|457505
1200000|2|1607|5|2|1|2|720000|1|7993|724071
1200000|2|1607|5|2|0|0|480000|2|15991|458557
1200000|2|1607|5|2|1|2|720000|2|15991|723875
1200000|2|1607|5|2|0|0|480000|3|23991|462299
1200000|2|1607|5|2|1|2|720000|3|23991|724497
1200000|2|1607|5|2|0|0|480000|4|31993|467607
1200000|2|1607|5|2|1|2|720000|4|31993|725864
1200000|2|1607|5|3|0|0|480000|0|0|459360
1200000|2|1607|5|3|1|2|720000|0|0|725746
1200000|2|1607|5|3|0|0|480000|1|7993|454229
1200000|2|1607|5|3|1|2|720000|1|7993|724189
1200000|2|1607|5|3|0|0|480000|2|11991|453762
1200000|2|1607|5|3|1|2|720000|2|11991|722940
1200000|2|1607|5|3|0|0|480000|3|15989|454073
1200000|2|1607|5|3|1|2|720000|3|15989|722196
1200000|2|1607|5|3|0|0|480000|4|19989|455127
1200000|2|1607|5|3|1|2|720000|4|19989|722003
1200000|2|1607|5|4|0|0|480000|0|0|485177
1200000|2|1607|5|4|1|2|720000|0|0|715566
1200000|2|1607|5|4|0|0|480000|1|7993|488044
1200000|2|1607|5|4|1|2|720000|1|7993|713850
1200000|2|1607|5|4|0|0|480000|2|15990|492332
1200000|2|1607|5|4|1|2|720000|2|15990|713384
1200000|2|1607|5|4|0|0|480000|3|23990|496544
1200000|2|1607|5|4|1|2|720000|3|23990|713889
1200000|2|1607|5|4|0|0|480000|4|31991|501261
1200000|2|1607|5|4|1|2|720000|4|31991|714788
1200000|2|1607|5|5|0|0|480000|0|0|471879
1200000|2|1607|5|5|1|2|720000|0|0|718532
1200000|2|1607|5|5|0|0|480000|1|7992|472403
1200000|2|1607|5|5|1|2|720000|1|7992|716505
1200000|2|1607|5|5|0|0|480000|2|15988|475641
1200000|2|1607|5|5|1|2|720000|2|15988|716195
1200000|2|1607|5|5|0|0|480000|3|23987|479930
1200000|2|1607|5|5|1|2|720000|3|23987|717245
1200000|2|1607|5|5|0|0|480000|4|31988|484688
1200000|2|1607|5|5|1|2|720000|4|31988|718417
1200000|2|1608|5|1|0|0|480000|0|0|458384
1200000|2|1608|5|1|1|2|720000|0|0|726839
1200000|2|1608|5|1|0|0|480000|1|3996|454346
1200000|2|1608|5|1|1|2|720000|1|3996|724928
1200000|2|1608|5|1|0|0|480000|2|7993|451931
1200000|2|1608|5|1|1|2|720000|2|7993|723836
1200000|2|1608|5|1|0|0|480000|3|11990|450799
1200000|2|1608|5|1|1|2|720000|3|11990|722861
1200000|2|1608|5|1|0|0|480000|4|15989|450642
1200000|2|1608|5|1|1|2|720000|4|15989|722353
1200000|2|1608|5|2|0|0|480000|0|0|484359
1200000|2|1608|5|2|1|2|720000|0|0|717126
1200000|2|1608|5|2|0|0|480000|1|7993|486833
1200000|2|1608|5|2|1|2|720000|1|7993|716350
1200000|2|1608|5|2|0|0|480000|2|15989|490928
1200000|2|1608|5|2|1|2|720000|2|15989|717168
1200000|2|1608|5|2|0|0|480000|3|23989|495140
1200000|2|1608|5|2|1|2|720000|3|23989|718374
1200000|2|1608|5|2|0|0|480000|4|31989|499896
1200000|2|1608|5|2|1|2|720000|4|31989|720600
1200000|2|1608|5|3|0|0|480000|0|0|482331
1200000|2|1608|5|3|1|2|720000|0|0|719587
1200000|2|1608|5|3|0|0|480000|1|7992|483363
1200000|2|1608|5|3|1|2|720000|1|7992|719546
1200000|2|1608|5|3|0|0|480000|2|15990|485703
1200000|2|1608|5|3|1|2|720000|2|15990|720951
1200000|2|1608|5|3|0|0|480000|3|23990|488706
1200000|2|1608|5|3|1|2|720000|3|23990|722199
1200000|2|1608|5|3|0|0|480000|4|31992|492256
1200000|2|1608|5|3|1|2|720000|4|31992|724149
1200000|2|1608|5|4|0|0|480000|0|0|481979
1200000|2|1608|5|4|1|2|720000|0|0|716192
1200000|2|1608|5|4|0|0|480000|1|7991|482892
1200000|2|1608|5|4|1|2|720000|1|7991|714476
1200000|2|1608|5|4|0|0|480000|2|15987|485390
1200000|2|1608|5|4|1|2|720000|2|15987|714242
1200000|2|1608|5|4|0|0|480000|3|23986|488589
1200000|2|1608|5|4|1|2|720000|3|23986|714944
1200000|2|1608|5|4|0|0|480000|4|31986|491905
1200000|2|1608|5|4|1|2|720000|4|31986|715490
1200000|2|1608|5|5|0|0|480000|0|0|457408
1200000|2|1608|5|5|1|2|720000|0|0|720524
1200000|2|1608|5|5|0|0|480000|1|7991|451384
1200000|2|1608|5|5|1|2|720000|1|7991|717909
1200000|2|1608|5|5|0|0|480000|2|15986|449825
1200000|2|1608|5|5|1|2|720000|2|15986|717088
1200000|2|1608|5|5|0|0|480000|3|23984|450643
1200000|2|1608|5|5|1|2|720000|3|23984|717752
1200000|2|1608|5|5|0|0|480000|4|31985|453100
1200000|2|1608|5|5|1|2|720000|4|31985|718298
1200000|2|1609|5|1|0|0|480000|0|0|457488
1200000|2|1609|5|1|1|2|720000|0|0|721887
1200000|2|1609|5|1|0|0|480000|1|7992|451385
1200000|2|1609|5|1|1|2|720000|1|7992|719000
1200000|2|1609|5|1|0|0|480000|2|15988|449903
1200000|2|1609|5|1|1|2|720000|2|15988|717987
1200000|2|1609|5|1|0|0|480000|3|23987|451150
1200000|2|1609|5|1|1|2|720000|3|23987|717830
1200000|2|1609|5|1|0|0|480000|4|31988|453604
1200000|2|1609|5|1|1|2|720000|4|31988|718299
1200000|2|1609|5|2|0|0|480000|0|0|483499
1200000|2|1609|5|2|1|2|720000|0|0|709172
1200000|2|1609|5|2|0|0|480000|1|7992|485975
1200000|2|1609|5|2|1|2|720000|1|7992|706753
1200000|2|1609|5|2|0|0|480000|2|15988|489990
1200000|2|1609|5|2|1|2|720000|2|15988|706054
1200000|2|1609|5|2|0|0|480000|3|23987|494439
1200000|2|1609|5|2|1|2|720000|3|23987|706560
1200000|2|1609|5|2|0|0|480000|4|31989|499314
1200000|2|1609|5|2|1|2|720000|4|31989|707808
1200000|2|1609|5|3|0|0|480000|0|0|483307
1200000|2|1609|5|3|1|2|720000|0|0|715491
1200000|2|1609|5|3|0|0|480000|1|7993|485078
1200000|2|1609|5|3|1|2|720000|1|7993|713656
1200000|2|1609|5|3|0|0|480000|2|15991|488666
1200000|2|1609|5|3|1|2|720000|2|15991|713032
1200000|2|1609|5|3|0|0|480000|3|23991|493266
1200000|2|1609|5|3|1|2|720000|3|23991|713736
1200000|2|1609|5|3|0|0|480000|4|31993|497949
1200000|2|1609|5|3|1|2|720000|4|31993|714984
1200000|2|1609|5|4|0|0|480000|0|0|486972
1200000|2|1609|5|4|1|2|720000|0|0|721613
1200000|2|1609|5|4|0|0|480000|1|7995|490735
1200000|2|1609|5|4|1|2|720000|1|7995|722200
1200000|2|1609|5|4|0|0|480000|2|15995|494282
1200000|2|1609|5|4|1|2|720000|2|15995|724071
1200000|2|1609|5|4|0|0|480000|3|23997|498727
1200000|2|1609|5|4|1|2|720000|3|23997|726293
1200000|2|1609|5|4|0|0|480000|4|32000|503565
1200000|2|1609|5|4|1|2|720000|4|32000|727346
1200000|2|1609|5|5|0|0|480000|0|0|483774
1200000|2|1609|5|5|1|2|720000|0|0|715607
1200000|2|1609|5|5|0|0|480000|1|7997|485663
1200000|2|1609|5|5|1|2|720000|1|7997|715569
1200000|2|1609|5|5|0|0|480000|2|15997|488667
1200000|2|1609|5|5|1|2|720000|2|15997|716543
1200000|2|1609|5|5|0|0|480000|3|24000|492956
1200000|2|1609|5|5|1|2|720000|3|24000|717870
1200000|2|1609|5|5|0|0|480000|4|32004|497364
1200000|2|1609|5|5|1|2|720000|4|32004|719039
1200000|2|1610|5|1|0|0|480000|0|0|485685
1200000|2|1610|5|1|1|2|720000|0|0|931082
1200000|2|1610|5|1|0|0|480000|1|8000|488006
1200000|2|1610|5|1|1|2|720000|1|8000|927106
1200000|2|1610|5|1|0|0|480000|2|16002|491047
1200000|2|1610|5|1|1|2|720000|2|16002|924958
1200000|2|1610|5|1|0|0|480000|3|24004|494672
1200000|2|1610|5|1|1|2|720000|3|24004|924843
1200000|2|1610|5|1|0|0|480000|4|32006|498768
1200000|2|1610|5|1|1|2|720000|4|32006|926092
1200000|2|1610|5|2|0|0|480000|0|0|458229
1200000|2|1610|5|2|1|2|720000|0|0|720405
1200000|2|1610|5|2|0|0|480000|1|7994|451850
1200000|2|1610|5|2|1|2|720000|1|7994|719078
1200000|2|1610|5|2|0|0|480000|2|15992|450213
1200000|2|1610|5|2|1|2|720000|2|15992|719586
1200000|2|1610|5|2|0|0|480000|3|23992|450992
1200000|2|1610|5|2|1|2|720000|3|23992|720445
1200000|2|1610|5|2|0|0|480000|4|31993|452554
1200000|2|1610|5|2|1|2|720000|4|31993|722003
1200000|2|1610|5|3|0|0|480000|0|0|458112
1200000|2|1610|5|3|1|2|720000|0|0|734015
1200000|2|1610|5|3|0|0|480000|1|7992|450913
1200000|2|1610|5|3|1|2|720000|1|7992|733548
1200000|2|1610|5|3|0|0|480000|2|15989|449083
1200000|2|1610|5|3|1|2|720000|2|15989|734095
1200000|2|1610|5|3|0|0|480000|3|23989|449552
1200000|2|1610|5|3|1|2|720000|3|23989|734680
1200000|2|1610|5|3|0|0|480000|4|31990|451812
1200000|2|1610|5|3|1|2|720000|4|31990|736396
1200000|2|1610|5|4|0|0|480000|0|0|483032
1200000|2|1610|5|4|1|2|720000|0|0|712958
1200000|2|1610|5|4|0|0|480000|1|7990|484451
1200000|2|1610|5|4|1|2|720000|1|7990|710188
1200000|2|1610|5|4|0|0|480000|2|15986|487418
1200000|2|1610|5|4|1|2|720000|2|15986|709367
1200000|2|1610|5|4|0|0|480000|3|23984|491085
1200000|2|1610|5|4|1|2|720000|3|23984|709679
1200000|2|1610|5|4|0|0|480000|4|31984|494635
1200000|2|1610|5|4|1|2|720000|4|31984|710537
1200000|2|1610|5|5|0|0|480000|0|0|484359
1200000|2|1610|5|5|1|2|720000|0|0|715060
1200000|2|1610|5|5|0|0|480000|1|7991|486677
1200000|2|1610|5|5|1|2|720000|1|7991|713384
1200000|2|1610|5|5|0|0|480000|2|15988|490033
1200000|2|1610|5|5|1|2|720000|2|15988|713540
1200000|2|1610|5|5|0|0|480000|3|23987|494245
1200000|2|1610|5|5|1|2|720000|3|23987|713854
1200000|2|1610|5|5|0|0|480000|4|31988|498884
1200000|2|1610|5|5|1|2|720000|4|31988|714633
1200000|2|1611|5|1|0|0|480000|0|0|482953
1200000|2|1611|5|1|1|2|720000|0|0|710535
1200000|2|1611|5|1|0|0|480000|1|7989|484884
1200000|2|1611|5|1|1|2|720000|1|7989|707456
1200000|2|1611|5|1|0|0|480000|2|15985|488239
1200000|2|1611|5|1|1|2|720000|2|15985|705936
1200000|2|1611|5|1|0|0|480000|3|23983|492877
1200000|2|1611|5|1|1|2|720000|3|23983|705584
1200000|2|1611|5|1|0|0|480000|4|31984|497715
1200000|2|1611|5|1|1|2|720000|4|31984|705078
1200000|2|1611|5|2|0|0|480000|0|0|484593
1200000|2|1611|5|2|1|2|720000|0|0|704844
1200000|2|1611|5|2|0|0|480000|1|7990|486133
1200000|2|1611|5|2|1|2|720000|1|7990|702076
1200000|2|1611|5|2|0|0|480000|2|15985|489448
1200000|2|1611|5|2|1|2|720000|2|15985|701332
1200000|2|1611|5|2|0|0|480000|3|23983|493424
1200000|2|1611|5|2|1|2|720000|3|23983|700671
1200000|2|1611|5|2|0|0|480000|4|31984|497675
1200000|2|1611|5|2|1|2|720000|4|31984|700827
1200000|2|1611|5|3|0|0|480000|0|0|483890
1200000|2|1611|5|3|1|2|720000|0|0|708705
1200000|2|1611|5|3|0|0|480000|1|7990|486054
1200000|2|1611|5|3|1|2|720000|1|7990|705079
1200000|2|1611|5|3|0|0|480000|2|15985|489680
1200000|2|1611|5|3|1|2|720000|2|15985|703167
1200000|2|1611|5|3|0|0|480000|3|23983|494127
1200000|2|1611|5|3|1|2|720000|3|23983|702269
1200000|2|1611|5|3|0|0|480000|4|31983|498847
1200000|2|1611|5|3|1|2|720000|4|31983|702152
1200000|2|1611|5|4|0|0|480000|0|0|486269
1200000|2|1611|5|4|1|2|720000|0|0|704414
1200000|2|1611|5|4|0|0|480000|1|7990|489599
1200000|2|1611|5|4|1|2|720000|1|7990|701564
1200000|2|1611|5|4|0|0|480000|2|15986|494049
1200000|2|1611|5|4|1|2|720000|2|15986|700711
1200000|2|1611|5|4|0|0|480000|3|23985|499470
1200000|2|1611|5|4|1|2|720000|3|23985|700748
1200000|2|1611|5|4|0|0|480000|4|31985|505438
1200000|2|1611|5|4|1|2|720000|4|31985|700593
1200000|2|1611|5|5|0|0|480000|0|0|484709
1200000|2|1611|5|5|1|2|720000|0|0|708354
1200000|2|1611|5|5|0|0|480000|1|7990|487925
1200000|2|1611|5|5|1|2|720000|1|7990|704648
1200000|2|1611|5|5|0|0|480000|2|15985|492606
1200000|2|1611|5|5|1|2|720000|2|15985|702815
1200000|2|1611|5|5|0|0|480000|3|23983|498608
1200000|2|1611|5|5|1|2|720000|3|23983|702231
1200000|2|1611|5|5|0|0|480000|4|31983|504462
1200000|2|1611|5|5|1|2|720000|4|31983|702191
1200000|2|1612|5|1|0|0|480000|0|1|487440
1200000|2|1612|5|1|1|2|720000|0|1|705935
1200000|2|1612|5|1|0|0|480000|1|7990|490811
1200000|2|1612|5|1|1|2|720000|1|7990|702894
1200000|2|1612|5|1|0|0|480000|2|15986|495336
1200000|2|1612|5|1|1|2|720000|2|15986|701840
1200000|2|1612|5|1|0|0|480000|3|23984|500797
1200000|2|1612|5|1|1|2|720000|3|23984|700980
1200000|2|1612|5|1|0|0|480000|4|31984|506765
1200000|2|1612|5|1|1|2|720000|4|31984|701684
1200000|2|1612|5|2|0|0|480000|0|0|487866
1200000|2|1612|5|2|1|2|720000|0|0|705312
1200000|2|1612|5|2|0|0|480000|1|7990|492216
1200000|2|1612|5|2|1|2|720000|1|7990|702895
1200000|2|1612|5|2|0|0|480000|2|15984|496818
1200000|2|1612|5|2|1|2|720000|2|15984|701881
1200000|2|1612|5|2|0|0|480000|3|23982|502396
1200000|2|1612|5|2|1|2|720000|3|23982|701803
1200000|2|1612|5|2|0|0|480000|4|31980|507737
1200000|2|1612|5|2|1|2|720000|4|31980|703206
1200000|2|1612|5|3|0|0|480000|0|0|484124
1200000|2|1612|5|3|1|2|720000|0|0|713502
1200000|2|1612|5|3|0|0|480000|1|7992|486794
1200000|2|1612|5|3|1|2|720000|1|7992|712722
1200000|2|1612|5|3|0|0|480000|2|15989|490891
1200000|2|1612|5|3|1|2|720000|2|15989|713577
1200000|2|1612|5|3|0|0|480000|3|23990|495647
1200000|2|1612|5|3|1|2|720000|3|23990|715488
1200000|2|1612|5|3|0|0|480000|4|31992|500874
1200000|2|1612|5|3|1|2|720000|4|31992|717167
1200000|2|1612|5|4|0|0|480000|0|0|472150
1200000|2|1612|5|4|1|2|720000|0|0|720989
1200000|2|1612|5|4|0|0|480000|1|7992|473105
1200000|2|1612|5|4|1|2|720000|1|7992|719314
1200000|2|1612|5|4|0|0|480000|2|15988|475832
1200000|2|1612|5|4|1|2|720000|2|15988|719428
1200000|2|1612|5|4|0|0|480000|3|23987|480087
1200000|2|1612|5|4|1|2|720000|3|23987|720091
1200000|2|1612|5|4|0|0|480000|4|31987|485117
1200000|2|1612|5|4|1|2|720000|4|31987|721145
1200000|2|1612|5|5|0|0|480000|0|0|483344
1200000|2|1612|5|5|1|2|720000|0|0|711123
1200000|2|1612|5|5|0|0|480000|1|7990|485234
1200000|2|1612|5|5|1|2|720000|1|7990|708431
1200000|2|1612|5|5|0|0|480000|2|15985|488668
1200000|2|1612|5|5|1|2|720000|2|15985|708003
1200000|2|1612|5|5|0|0|480000|3|23984|493541
1200000|2|1612|5|5|1|2|720000|3|23984|708003
1200000|2|1612|5|5|0|0|480000|4|31984|498573
1200000|2|1612|5|5|1|2|720000|4|31984|708393
1200000|2|1613|5|1|0|0|480000|0|0|458894
1200000|2|1613|5|1|1|2|720000|0|0|720753
1200000|2|1613|5|1|0|0|480000|1|7995|453217
1200000|2|1613|5|1|1|2|720000|1|7995|718413
1200000|2|1613|5|1|0|0|480000|2|15991|452552
1200000|2|1613|5|1|1|2|720000|2|15991|717401
1200000|2|1613|5|1|0|0|480000|3|23989|454658
1200000|2|1613|5|1|1|2|720000|3|23989|717596
1200000|2|1613|5|1|0|0|480000|4|31990|458363
1200000|2|1613|5|1|1|2|720000|4|31990|717870
1200000|2|1613|5|2|0|0|480000|0|0|458579
1200000|2|1613|5|2|1|2|720000|0|0|717597
1200000|2|1613|5|2|0|0|480000|1|7988|453489
1200000|2|1613|5|2|1|2|720000|1|7988|714711
1200000|2|1613|5|2|0|0|480000|2|15983|453489
1200000|2|1613|5|2|1|2|720000|2|15983|713187
1200000|2|1613|5|2|0|0|480000|3|23980|455867
1200000|2|1613|5|2|1|2|720000|3|23980|712526
1200000|2|1613|5|2|0|0|480000|4|31979|460158
1200000|2|1613|5|2|1|2|720000|4|31979|713189
1200000|2|1613|5|3|0|0|480000|0|0|487284
1200000|2|1613|5|3|1|2|720000|0|0|708357
1200000|2|1613|5|3|0|0|480000|1|7990|491591
1200000|2|1613|5|3|1|2|720000|1|7990|706913
1200000|2|1613|5|3|0|0|480000|2|15986|496194
1200000|2|1613|5|3|1|2|720000|2|15986|707380
1200000|2|1613|5|3|0|0|480000|3|23985|501928
1200000|2|1613|5|3|1|2|720000|3|23985|708900
1200000|2|1613|5|3|0|0|480000|4|31986|507699
1200000|2|1613|5|3|1|2|720000|4|31986|709954
1200000|2|1613|5|4|0|0|480000|0|0|473009
1200000|2|1613|5|4|1|2|720000|0|0|715726
1200000|2|1613|5|4|0|0|480000|1|7990|473847
1200000|2|1613|5|4|1|2|720000|1|7990|712916
1200000|2|1613|5|4|0|0|480000|2|15984|477006
1200000|2|1613|5|4|1|2|720000|2|15984|711434
1200000|2|1613|5|4|0|0|480000|3|23981|481765
1200000|2|1613|5|4|1|2|720000|3|23981|710811
1200000|2|1613|5|4|0|0|480000|4|31980|487223
1200000|2|1613|5|4|1|2|720000|4|31980|710500
1200000|2|1613|5|5|0|0|480000|0|0|487323
1200000|2|1613|5|5|1|2|720000|0|0|710031
1200000|2|1613|5|5|0|0|480000|1|7990|491359
1200000|2|1613|5|5|1|2|720000|1|7990|707300
1200000|2|1613|5|5|0|0|480000|2|15985|495569
1200000|2|1613|5|5|1|2|720000|2|15985|706444
1200000|2|1613|5|5|0|0|480000|3|23983|501026
1200000|2|1613|5|5|1|2|720000|3|23983|706755
1200000|2|1613|5|5|0|0|480000|4|31984|506763
1200000|2|1613|5|5|1|2|720000|4|31984|707808
1200000|2|1614|5|1|0|0|480000|0|0|486505
1200000|2|1614|5|1|1|2|720000|0|0|709251
1200000|2|1614|5|1|0|0|480000|1|7990|490109
1200000|2|1614|5|1|1|2|720000|1|7990|705860
1200000|2|1614|5|1|0|0|480000|2|15985|494828
1200000|2|1614|5|1|1|2|720000|2|15985|704141
1200000|2|1614|5|1|0|0|480000|3|23983|500290
1200000|2|1614|5|1|1|2|720000|3|23983|703125
1200000|2|1614|5|1|0|0|480000|4|31983|505671
1200000|2|1614|5|1|1|2|720000|4|31983|702583
1200000|2|1614|5|2|0|0|480000|0|0|473947
1200000|2|1614|5|2|1|2|720000|0|0|710343
1200000|2|1614|5|2|0|0|480000|1|7989|474510
1200000|2|1614|5|2|1|2|720000|1|7989|707885
1200000|2|1614|5|2|0|0|480000|2|15985|477353
1200000|2|1614|5|2|1|2|720000|2|15985|706793
1200000|2|1614|5|2|0|0|480000|3|23983|481530
1200000|2|1614|5|2|1|2|720000|3|23983|706601
1200000|2|1614|5|2|0|0|480000|4|31984|486833
1200000|2|1614|5|2|1|2|720000|4|31984|707028
1200000|2|1614|5|3|0|0|480000|0|0|485256
1200000|2|1614|5|3|1|2|720000|0|0|707807
1200000|2|1614|5|3|0|0|480000|1|7991|488471
1200000|2|1614|5|3|1|2|720000|1|7991|704766
1200000|2|1614|5|3|0|0|480000|2|15986|493661
1200000|2|1614|5|3|1|2|720000|2|15986|703010
1200000|2|1614|5|3|0|0|480000|3|23984|499157
1200000|2|1614|5|3|1|2|720000|3|23984|702348
1200000|2|1614|5|3|0|0|480000|4|31983|504971
1200000|2|1614|5|3|1|2|720000|4|31983|702388
1200000|2|1614|5|4|0|0|480000|0|0|486189
1200000|2|1614|5|4|1|2|720000|0|0|710849
1200000|2|1614|5|4|0|0|480000|1|7990|488978
1200000|2|1614|5|4|1|2|720000|1|7990|708082
1200000|2|1614|5|4|0|0|480000|2|15985|493268
1200000|2|1614|5|4|1|2|720000|2|15985|707612
1200000|2|1614|5|4|0|0|480000|3|23985|497988
1200000|2|1614|5|4|1|2|720000|3|23985|707613
1200000|2|1614|5|4|0|0|480000|4|31985|503098
1200000|2|1614|5|4|1|2|720000|4|31985|707886
1200000|2|1614|5|5|0|0|480000|0|0|484836
1200000|2|1614|5|5|1|2|720000|0|0|710614
1200000|2|1614|5|5|0|0|480000|1|7991|487389
1200000|2|1614|5|5|1|2|720000|1|7991|708392
1200000|2|1614|5|5|0|0|480000|2|15987|491406
1200000|2|1614|5|5|1|2|720000|2|15987|707651
1200000|2|1614|5|5|0|0|480000|3|23985|495267
1200000|2|1614|5|5|1|2|720000|3|23985|707494
1200000|2|1614|5|5|0|0|480000|4|31985|499479
1200000|2|1614|5|5|1|2|720000|4|31985|708082
1200000|2|1615|5|1|0|0|480000|0|1|483588
1200000|2|1615|5|1|1|2|720000|0|1|713033
1200000|2|1615|5|1|0|0|480000|1|7990|485517
1200000|2|1615|5|1|1|2|720000|1|7990|711045
1200000|2|1615|5|1|0|0|480000|2|15985|488910
1200000|2|1615|5|1|1|2|720000|2|15985|711238
1200000|2|1615|5|1|0|0|480000|3|23983|493161
1200000|2|1615|5|1|1|2|720000|3|23983|711395
1200000|2|1615|5|1|0|0|480000|4|31983|497763
1200000|2|1615|5|1|1|2|720000|4|31983|712290
1200000|2|1615|5|2|0|0|480000|0|0|484173
1200000|2|1615|5|2|1|2|720000|0|0|713267
1200000|2|1615|5|2|0|0|480000|1|7992|486258
1200000|2|1615|5|2|1|2|720000|1|7992|711358
1200000|2|1615|5|2|0|0|480000|2|15987|489729
1200000|2|1615|5|2|1|2|720000|2|15987|710849
1200000|2|1615|5|2|0|0|480000|3|23986|493083
1200000|2|1615|5|2|1|2|720000|3|23986|711122
1200000|2|1615|5|2|0|0|480000|4|31985|497178
1200000|2|1615|5|2|1|2|720000|4|31985|712060
1200000|2|1615|5|3|0|0|480000|0|0|482574
1200000|2|1615|5|3|1|2|720000|0|0|715686
1200000|2|1615|5|3|0|0|480000|1|7992|483333
1200000|2|1615|5|3|1|2|720000|1|7992|715099
1200000|2|1615|5|3|0|0|480000|2|15989|485712
1200000|2|1615|5|3|1|2|720000|2|15989|714983
1200000|2|1615|5|3|0|0|480000|3|23987|488793
1200000|2|1615|5|3|1|2|720000|3|23987|715802
1200000|2|1615|5|3|0|0|480000|4|31989|491952
1200000|2|1615|5|3|1|2|720000|4|31989|716739
1200000|2|1615|5|4|0|0|480000|0|0|484212
1200000|2|1615|5|4|1|2|720000|0|0|714438
1200000|2|1615|5|4|0|0|480000|1|7991|486414
1200000|2|1615|5|4|1|2|720000|1|7991|712373
1200000|2|1615|5|4|0|0|480000|2|15986|488832
1200000|2|1615|5|4|1|2|720000|2|15986|712254
1200000|2|1615|5|4|0|0|480000|3|23984|492030
1200000|2|1615|5|4|1|2|720000|3|23984|712683
1200000|2|1615|5|4|0|0|480000|4|31984|495189
1200000|2|1615|5|4|1|2|720000|4|31984|714006
1200000|2|1615|5|5|0|0|480000|0|0|457302
1200000|2|1615|5|5|1|2|720000|0|0|724656
1200000|2|1615|5|5|0|0|480000|1|7992|450534
1200000|2|1615|5|5|1|2|720000|1|7992|722471
1200000|2|1615|5|5|0|0|480000|2|15988|448428
1200000|2|1615|5|5|1|2|720000|2|15988|721848
1200000|2|1615|5|5|0|0|480000|3|23987|448896
1200000|2|1615|5|5|1|2|720000|3|23987|722120
1200000|2|1615|5|5|0|0|480000|4|31988|450690
1200000|2|1615|5|5|1|2|720000|4|31988|723056
1200000|2|1616|5|1|0|0|480000|0|0|456522
1200000|2|1616|5|1|1|2|720000|0|0|726526
1200000|2|1616|5|1|0|0|480000|1|7992|449598
1200000|2|1616|5|1|1|2|720000|1|7992|725007
1200000|2|1616|5|1|0|0|480000|2|15988|447609
1200000|2|1616|5|1|1|2|720000|2|15988|724889
1200000|2|1616|5|1|0|0|480000|3|23987|448194
1200000|2|1616|5|1|1|2|720000|3|23987|726100
1200000|2|1616|5|1|0|0|480000|4|31989|450495
1200000|2|1616|5|1|1|2|720000|4|31989|727698
1200000|2|1616|5|2|0|0|480000|0|0|482418
1200000|2|1616|5|2|1|2|720000|0|0|714946
1200000|2|1616|5|2|0|0|480000|1|7991|483762
1200000|2|1616|5|2|1|2|720000|1|7991|712565
1200000|2|1616|5|2|0|0|480000|2|15987|486453
1200000|2|1616|5|2|1|2|720000|2|15987|712179
1200000|2|1616|5|2|0|0|480000|3|23985|490041
1200000|2|1616|5|2|1|2|720000|3|23985|712761
1200000|2|1616|5|2|0|0|480000|4|31986|493941
1200000|2|1616|5|2|1|2|720000|4|31986|714163
1200000|2|1616|5|3|0|0|480000|0|0|482262
1200000|2|1616|5|3|1|2|720000|0|0|714634
1200000|2|1616|5|3|0|0|480000|1|7992|482943
1200000|2|1616|5|3|1|2|720000|1|7992|712643
1200000|2|1616|5|3|0|0|480000|2|15988|484503
1200000|2|1616|5|3|1|2|720000|2|15988|712371
1200000|2|1616|5|3|0|0|480000|3|23988|486063
1200000|2|1616|5|3|1|2|720000|3|23988|713030
1200000|2|1616|5|3|0|0|480000|4|31989|488052
1200000|2|1616|5|3|1|2|720000|4|31989|714124
1200000|2|1616|5|4|0|0|480000|0|0|456600
1200000|2|1616|5|4|1|2|720000|0|0|723212
1200000|2|1616|5|4|0|0|480000|1|7992|448818
1200000|2|1616|5|4|1|2|720000|1|7992|720521
1200000|2|1616|5|4|0|0|480000|2|15988|445659
1200000|2|1616|5|4|1|2|720000|2|15988|719507
1200000|2|1616|5|4|0|0|480000|3|23987|445191
1200000|2|1616|5|4|1|2|720000|3|23987|719508
1200000|2|1616|5|4|0|0|480000|4|31988|446322
1200000|2|1616|5|4|1|2|720000|4|31988|720093
1200000|2|1616|5|5|0|0|480000|0|0|455937
1200000|2|1616|5|5|1|2|720000|0|0|727734
1200000|2|1616|5|5|0|0|480000|1|7992|448662
1200000|2|1616|5|5|1|2|720000|1|7992|725904
1200000|2|1616|5|5|0|0|480000|2|15990|446634
1200000|2|1616|5|5|1|2|720000|2|15990|725824
1200000|2|1616|5|5|0|0|480000|3|23990|446868
1200000|2|1616|5|5|1|2|720000|3|23990|726607
1200000|2|1616|5|5|0|0|480000|4|31992|448545
1200000|2|1616|5|5|1|2|720000|4|31992|727385
1200000|2|1617|5|1|0|0|480000|0|0|471654
1200000|2|1617|5|1|1|2|720000|0|0|717792
1200000|2|1617|5|1|0|0|480000|1|7991|471009
1200000|2|1617|5|1|1|2|720000|1|7991|714437
1200000|2|1617|5|1|0|0|480000|2|15987|472842
1200000|2|1617|5|1|1|2|720000|2|15987|712878
1200000|2|1617|5|1|0|0|480000|3|23985|475728
1200000|2|1617|5|1|1|2|720000|3|23985|712136
1200000|2|1617|5|1|0|0|480000|4|31986|479472
1200000|2|1617|5|1|1|2|720000|4|31986|712368
1200000|2|1617|5|2|0|0|480000|0|0|472239
1200000|2|1617|5|2|1|2|720000|0|0|717907
1200000|2|1617|5|2|0|0|480000|1|7991|472062
1200000|2|1617|5|2|1|2|720000|1|7991|714790
1200000|2|1617|5|2|0|0|480000|2|15987|473310
1200000|2|1617|5|2|1|2|720000|2|15987|713034
1200000|2|1617|5|2|0|0|480000|3|23986|475221
1200000|2|1617|5|2|1|2|720000|3|23986|712488
1200000|2|1617|5|2|0|0|480000|4|31987|478146
1200000|2|1617|5|2|1|2|720000|4|31987|712370
1200000|2|1617|5|3|0|0|480000|0|0|482886
1200000|2|1617|5|3|1|2|720000|0|0|712333
1200000|2|1617|5|3|0|0|480000|1|7992|484230
1200000|2|1617|5|3|1|2|720000|1|7992|710499
1200000|2|1617|5|3|0|0|480000|2|15989|487233
1200000|2|1617|5|3|1|2|720000|2|15989|710734
1200000|2|1617|5|3|0|0|480000|3|23989|491133
1200000|2|1617|5|3|1|2|720000|3|23989|711629
1200000|2|1617|5|3|0|0|480000|4|31990|495579
1200000|2|1617|5|3|1|2|720000|4|31990|713464
1200000|2|1617|5|4|0|0|480000|0|0|484017
1200000|2|1617|5|4|1|2|720000|0|0|723291
1200000|2|1617|5|4|0|0|480000|1|7994|486687
1200000|2|1617|5|4|1|2|720000|1|7994|723369
1200000|2|1617|5|4|0|0|480000|2|15993|490626
1200000|2|1617|5|4|1|2|720000|2|15993|724461
1200000|2|1617|5|4|0|0|480000|3|23994|494877
1200000|2|1617|5|4|1|2|720000|3|23994|725863
1200000|2|1617|5|4|0|0|480000|4|31995|499596
1200000|2|1617|5|4|1|2|720000|4|31995|727541
1200000|2|1617|5|5|0|0|480000|0|0|482457
1200000|2|1617|5|5|1|2|720000|0|0|718261
1200000|2|1617|5|5|0|0|480000|1|7994|484074
1200000|2|1617|5|5|1|2|720000|1|7994|717323
1200000|2|1617|5|5|0|0|480000|2|15991|486648
1200000|2|1617|5|5|1|2|720000|2|15991|717791
1200000|2|1617|5|5|0|0|480000|3|23992|490119
1200000|2|1617|5|5|1|2|720000|3|23992|719197
1200000|2|1617|5|5|0|0|480000|4|31995|493941
1200000|2|1617|5|5|1|2|720000|4|31995|721029
1200000|2|1618|5|1|0|0|480000|0|0|458979
1200000|2|1618|5|1|1|2|720000|0|0|732923
1200000|2|1618|5|1|0|0|480000|1|7995|453498
1200000|2|1618|5|1|1|2|720000|1|7995|732769
1200000|2|1618|5|1|0|0|480000|2|15994|452757
1200000|2|1618|5|1|1|2|720000|2|15994|734052
1200000|2|1618|5|1|0|0|480000|3|23996|454044
1200000|2|1618|5|1|1|2|720000|3|23996|735304
1200000|2|1618|5|1|0|0|480000|4|31999|457320
1200000|2|1618|5|1|1|2|720000|4|31999|737292
1200000|2|1618|5|2|0|0|480000|0|0|459447
1200000|2|1618|5|2|1|2|720000|0|0|732963
1200000|2|1618|5|2|0|0|480000|1|7997|453771
1200000|2|1618|5|2|1|2|720000|1|7997|731127
1200000|2|1618|5|2|0|0|480000|2|15995|452328
1200000|2|1618|5|2|1|2|720000|2|15995|730780
1200000|2|1618|5|2|0|0|480000|3|23995|453966
1200000|2|1618|5|2|1|2|720000|3|23995|731402
1200000|2|1618|5|2|0|0|480000|4|31997|457086
1200000|2|1618|5|2|1|2|720000|4|31997|732261
1200000|2|1618|5|3|0|0|480000|0|0|458589
1200000|2|1618|5|3|1|2|720000|0|0|729062
1200000|2|1618|5|3|0|0|480000|1|7993|451977
1200000|2|1618|5|3|1|2|720000|1|7993|728868
1200000|2|1618|5|3|0|0|480000|2|15992|450105
1200000|2|1618|5|3|1|2|720000|2|15992|730310
1200000|2|1618|5|3|0|0|480000|3|23995|451041
1200000|2|1618|5|3|1|2|720000|3|23995|732610
1200000|2|1618|5|3|0|0|480000|4|31998|453420
1200000|2|1618|5|3|1|2|720000|4|31998|735420
1200000|2|1618|5|4|0|0|480000|0|0|483393
1200000|2|1618|5|4|1|2|720000|0|0|719040
1200000|2|1618|5|4|0|0|480000|1|7994|484971
1200000|2|1618|5|4|1|2|720000|1|7994|718572
1200000|2|1618|5|4|0|0|480000|2|15991|487857
1200000|2|1618|5|4|1|2|720000|2|15991|720054
1200000|2|1618|5|4|0|0|480000|3|23993|491445
1200000|2|1618|5|4|1|2|720000|3|23993|722354
1200000|2|1618|5|4|0|0|480000|4|31995|495189
1200000|2|1618|5|4|1|2|720000|4|31995|724538
1200000|2|1618|5|5|0|0|480000|0|0|457536
1200000|2|1618|5|5|1|2|720000|0|0|733625
1200000|2|1618|5|5|0|0|480000|1|7992|449676
1200000|2|1618|5|5|1|2|720000|1|7992|734952
1200000|2|1618|5|5|0|0|480000|2|15992|446946
1200000|2|1618|5|5|1|2|720000|2|15992|737486
1200000|2|1618|5|5|0|0|480000|3|23995|447180
1200000|2|1618|5|5|1|2|720000|3|23995|739632
1200000|2|1618|5|5|0|0|480000|4|31998|448623
1200000|2|1618|5|5|1|2|720000|4|31998|741933
1200000|2|1619|5|1|0|0|480000|0|0|482613
1200000|2|1619|5|1|1|2|720000|0|0|715410
1200000|2|1619|5|1|0|0|480000|1|7991|483879
1200000|2|1619|5|1|1|2|720000|1|7991|713306
1200000|2|1619|5|1|0|0|480000|2|15986|486375
1200000|2|1619|5|1|1|2|720000|2|15986|713033
1200000|2|1619|5|1|0|0|480000|3|23985|489651
1200000|2|1619|5|1|1|2|720000|3|23985|714047
1200000|2|1619|5|1|0|0|480000|4|31986|492459
1200000|2|1619|5|1|1|2|720000|4|31986|715062
1200000|2|1619|5|2|0|0|480000|0|0|470406
1200000|2|1619|5|2|1|2|720000|0|0|726252
1200000|2|1619|5|2|0|0|480000|1|7995|470424
1200000|2|1619|5|2|1|2|720000|1|7995|724616
1200000|2|1619|5|2|0|0|480000|2|15991|472296
1200000|2|1619|5|2|1|2|720000|2|15991|724928
1200000|2|1619|5|2|0|0|480000|3|23990|475260
1200000|2|1619|5|2|1|2|720000|3|23990|726644
1200000|2|1619|5|2|0|0|480000|4|31992|478926
1200000|2|1619|5|2|1|2|720000|4|31992|728477
1200000|2|1619|5|3|0|0|480000|0|0|480975
1200000|2|1619|5|3|1|2|720000|0|0|717676
1200000|2|1619|5|3|0|0|480000|1|7993|481617
1200000|2|1619|5|3|1|2|720000|1|7993|716311
1200000|2|1619|5|3|0|0|480000|2|15990|484113
1200000|2|1619|5|3|1|2|720000|2|15990|716541
1200000|2|1619|5|3|0|0|480000|3|23992|487350
1200000|2|1619|5|3|1|2|720000|3|23992|717596
1200000|2|1619|5|3|0|0|480000|4|31994|491367
1200000|2|1619|5|3|1|2|720000|4|31994|719819
1200000|2|1619|5|4|0|0|480000|0|0|483159
1200000|2|1619|5|4|1|2|720000|0|0|722588
1200000|2|1619|5|4|0|0|480000|1|7995|484503
1200000|2|1619|5|4|1|2|720000|1|7995|722044
1200000|2|1619|5|4|0|0|480000|2|15995|486180
1200000|2|1619|5|4|1|2|720000|2|15995|723288
1200000|2|1619|5|4|0|0|480000|3|23996|488832
1200000|2|1619|5|4|1|2|720000|3|23996|725005
1200000|2|1619|5|4|0|0|480000|4|31999|491874
1200000|2|1619|5|4|1|2|720000|4|31999|726646
1200000|2|1619|5|5|0|0|480000|0|0|456366
1200000|2|1619|5|5|1|2|720000|0|0|729218
1200000|2|1619|5|5|0|0|480000|1|7995|449208
1200000|2|1619|5|5|1|2|720000|1|7995|728556
1200000|2|1619|5|5|0|0|480000|2|15994|446829
1200000|2|1619|5|5|1|2|720000|2|15994|729101
1200000|2|1619|5|5|0|0|480000|3|23996|447297
1200000|2|1619|5|5|1|2|720000|3|23996|730546
1200000|2|1619|5|5|0|0|480000|4|32000|449403
1200000|2|1619|5|5|1|2|720000|4|32000|732612
1200000|2|1620|5|1|0|0|480000|0|0|483627
1200000|2|1620|5|1|1|2|720000|0|0|723485
1200000|2|1620|5|1|0|0|480000|1|7995|485439
1200000|2|1620|5|1|1|2|720000|1|7995|723525
1200000|2|1620|5|1|0|0|480000|2|15995|488520
1200000|2|1620|5|1|1|2|720000|2|15995|725122
1200000|2|1620|5|1|0|0|480000|3|23997|492186
1200000|2|1620|5|1|1|2|720000|3|23997|727151
1200000|2|1620|5|1|0|0|480000|4|32001|496398
1200000|2|1620|5|1|1|2|720000|4|32001|729414
1200000|2|1620|5|2|0|0|480000|0|1|468339
1200000|2|1620|5|2|1|2|720000|0|1|726371
1200000|2|1620|5|2|0|0|480000|1|7995|466602
1200000|2|1620|5|2|1|2|720000|1|7995|725708
1200000|2|1620|5|2|0|0|480000|2|15994|467655
1200000|2|1620|5|2|1|2|720000|2|15994|726645
1200000|2|1620|5|2|0|0|480000|3|23996|470151
1200000|2|1620|5|2|1|2|720000|3|23996|728283
1200000|2|1620|5|2|0|0|480000|4|31999|473427
1200000|2|1620|5|2|1|2|720000|4|31999|730857
1200000|2|1620|5|3|0|0|480000|0|0|483783
1200000|2|1620|5|3|1|2|720000|0|0|726563
1200000|2|1620|5|3|0|0|480000|1|7995|485790
1200000|2|1620|5|3|1|2|720000|1|7995|727620
1200000|2|1620|5|3|0|0|480000|2|15995|488754
1200000|2|1620|5|3|1|2|720000|2|15995|729843
1200000|2|1620|5|3|0|0|480000|3|23998|492030
1200000|2|1620|5|3|1|2|720000|3|23998|732338
1200000|2|1620|5|3|0|0|480000|4|32001|496164
1200000|2|1620|5|3|1|2|720000|4|32001|734873
1200000|2|1620|5|4|0|0|480000|0|0|481989
1200000|2|1620|5|4|1|2|720000|0|0|720285
1200000|2|1620|5|4|0|0|480000|1|7994|482670
1200000|2|1620|5|4|1|2|720000|1|7994|718881
1200000|2|1620|5|4|0|0|480000|2|15992|484776
1200000|2|1620|5|4|1|2|720000|2|15992|719078
1200000|2|1620|5|4|0|0|480000|3|23993|487935
1200000|2|1620|5|4|1|2|720000|3|23993|720329
1200000|2|1620|5|4|0|0|480000|4|31996|491055
1200000|2|1620|5|4|1|2|720000|4|31996|721846
1200000|2|1620|5|5|0|0|480000|0|0|468183
1200000|2|1620|5|5|1|2|720000|0|0|723092
1200000|2|1620|5|5|0|0|480000|1|7993|466524
1200000|2|1620|5|5|1|2|720000|1|7993|721340
1200000|2|1620|5|5|0|0|480000|2|15990|467460
1200000|2|1620|5|5|1|2|720000|2|15990|721459
1200000|2|1620|5|5|0|0|480000|3|23990|469761
1200000|2|1620|5|5|1|2|720000|3|23990|722120
1200000|2|1620|5|5|0|0|480000|4|31992|472803
1200000|2|1620|5|5|1|2|720000|4|31992|724032
1200000|2|1621|5|1|0|0|480000|0|0|457029
1200000|2|1621|5|1|1|2|720000|0|0|723641
1200000|2|1621|5|1|0|0|480000|1|7992|450027
1200000|2|1621|5|1|1|2|720000|1|7992|722081
1200000|2|1621|5|1|0|0|480000|2|15989|448233
1200000|2|1621|5|1|1|2|720000|2|15989|722824
1200000|2|1621|5|1|0|0|480000|3|23989|449169
1200000|2|1621|5|1|1|2|720000|3|23989|723563
1200000|2|1621|5|1|0|0|480000|4|31989|451782
1200000|2|1621|5|1|1|2|720000|4|31989|725474
1200000|2|1621|5|2|0|0|480000|0|0|483003
1200000|2|1621|5|2|1|2|720000|0|0|715920
1200000|2|1621|5|2|0|0|480000|1|7991|483567
1200000|2|1621|5|2|1|2|720000|1|7991|715413
1200000|2|1621|5|2|0|0|480000|2|15988|485907
1200000|2|1621|5|2|1|2|720000|2|15988|716192
1200000|2|1621|5|2|0|0|480000|3|23988|489027
1200000|2|1621|5|2|1|2|720000|3|23988|716778
1200000|2|1621|5|2|0|0|480000|4|31989|492498
1200000|2|1621|5|2|1|2|720000|4|31989|718260
1200000|2|1621|5|3|0|0|480000|0|0|469626
1200000|2|1621|5|3|1|2|720000|0|0|720681
1200000|2|1621|5|3|0|0|480000|1|7992|468552
1200000|2|1621|5|3|1|2|720000|1|7992|718649
1200000|2|1621|5|3|0|0|480000|2|15988|469956
1200000|2|1621|5|3|1|2|720000|2|15988|718413
1200000|2|1621|5|3|0|0|480000|3|23987|472218
1200000|2|1621|5|3|1|2|720000|3|23987|718806
1200000|2|1621|5|3|0|0|480000|4|31989|474987
1200000|2|1621|5|3|1|2|720000|4|31989|720014
1200000|2|1621|5|4|0|0|480000|0|0|483120
1200000|2|1621|5|4|1|2|720000|0|0|713424
1200000|2|1621|5|4|0|0|480000|1|7993|484893
1200000|2|1621|5|4|1|2|720000|1|7993|711161
1200000|2|1621|5|4|0|0|480000|2|15989|487740
1200000|2|1621|5|4|1|2|720000|2|15989|711630
1200000|2|1621|5|4|0|0|480000|3|23990|491211
1200000|2|1621|5|4|1|2|720000|3|23990|711670
1200000|2|1621|5|4|0|0|480000|4|31991|495384
1200000|2|1621|5|4|1|2|720000|4|31991|713074
1200000|2|1621|5|5|0|0|480000|0|0|482145
1200000|2|1621|5|5|1|2|720000|0|0|710380
1200000|2|1621|5|5|0|0|480000|1|7991|483489
1200000|2|1621|5|5|1|2|720000|1|7991|707418
1200000|2|1621|5|5|0|0|480000|2|15987|486804
1200000|2|1621|5|5|1|2|720000|2|15987|706015
1200000|2|1621|5|5|0|0|480000|3|23985|490275
1200000|2|1621|5|5|1|2|720000|3|23985|706014
1200000|2|1621|5|5|0|0|480000|4|31985|494331
1200000|2|1621|5|5|1|2|720000|4|31985|706832
1200000|2|1622|5|1|0|0|480000|0|0|484095
1200000|2|1622|5|1|1|2|720000|0|0|707380
1200000|2|1622|5|1|0|0|480000|1|7991|484971
1200000|2|1622|5|1|1|2|720000|1|7991|705039
1200000|2|1622|5|1|0|0|480000|2|15987|487311
1200000|2|1622|5|1|1|2|720000|2|15987|704650
1200000|2|1622|5|1|0|0|480000|3|23986|490548
1200000|2|1622|5|1|1|2|720000|3|23986|704922
1200000|2|1622|5|1|0|0|480000|4|31986|494292
1200000|2|1622|5|1|1|2|720000|4|31986|705156
1200000|2|1622|5|2|0|0|480000|0|0|457380
1200000|2|1622|5|2|1|2|720000|0|0|723680
1200000|2|1622|5|2|0|0|480000|1|7992|451158
1200000|2|1622|5|2|1|2|720000|1|7992|722002
1200000|2|1622|5|2|0|0|480000|2|15989|449637
1200000|2|1622|5|2|1|2|720000|2|15989|722005
1200000|2|1622|5|2|0|0|480000|3|23988|450729
1200000|2|1622|5|2|1|2|720000|3|23988|722666
1200000|2|1622|5|2|0|0|480000|4|31989|453576
1200000|2|1622|5|2|1|2|720000|4|31989|724032
1200000|2|1622|5|3|0|0|480000|0|0|484212
1200000|2|1622|5|3|1|2|720000|0|0|714400
1200000|2|1622|5|3|0|0|480000|1|7992|486375
1200000|2|1622|5|3|1|2|720000|1|7992|713228
1200000|2|1622|5|3|0|0|480000|2|15989|489963
1200000|2|1622|5|3|1|2|720000|2|15989|714203
1200000|2|1622|5|3|0|0|480000|3|23989|494448
1200000|2|1622|5|3|1|2|720000|3|23989|715335
1200000|2|1622|5|3|0|0|480000|4|31992|499245
1200000|2|1622|5|3|1|2|720000|4|31992|716464
1200000|2|1622|5|4|0|0|480000|0|0|484836
1200000|2|1622|5|4|1|2|720000|0|0|713853
1200000|2|1622|5|4|0|0|480000|1|7993|487623
1200000|2|1622|5|4|1|2|720000|1|7993|712099
1200000|2|1622|5|4|0|0|480000|2|15989|491796
1200000|2|1622|5|4|1|2|720000|2|15989|712174
1200000|2|1622|5|4|0|0|480000|3|23989|496008
1200000|2|1622|5|4|1|2|720000|3|23989|712722
1200000|2|1622|5|4|0|0|480000|4|31991|501117
1200000|2|1622|5|4|1|2|720000|4|31991|713851
1200000|2|1622|5|5|0|0|480000|0|0|472083
1200000|2|1622|5|5|1|2|720000|0|0|719117
1200000|2|1622|5|5|0|0|480000|1|7991|471672
1200000|2|1622|5|5|1|2|720000|1|7991|717948
1200000|2|1622|5|5|0|0|480000|2|15987|473973
1200000|2|1622|5|5|1|2|720000|2|15987|718065
1200000|2|1622|5|5|0|0|480000|3|23987|477561
1200000|2|1622|5|5|1|2|720000|3|23987|718143
1200000|2|1622|5|5|0|0|480000|4|31988|481812
1200000|2|1622|5|5|1|2|720000|4|31988|718962
1200000|2|1623|5|1|0|0|480000|0|0|471732
1200000|2|1623|5|1|1|2|720000|0|0|717908
1200000|2|1623|5|1|0|0|480000|1|7991|472023
1200000|2|1623|5|1|1|2|720000|1|7991|715686
1200000|2|1623|5|1|0|0|480000|2|15987|474519
1200000|2|1623|5|1|1|2|720000|2|15987|715372
1200000|2|1623|5|1|0|0|480000|3|23986|478809
1200000|2|1623|5|1|1|2|720000|3|23986|715959
1200000|2|1623|5|1|0|0|480000|4|31987|483801
1200000|2|1623|5|1|1|2|720000|4|31987|716892
1200000|2|1623|5|2|0|0|480000|0|0|484758
1200000|2|1623|5|2|1|2|720000|0|0|710343
1200000|2|1623|5|2|0|0|480000|1|7992|487350
1200000|2|1623|5|2|1|2|720000|1|7992|708314
1200000|2|1623|5|2|0|0|480000|2|15989|491523
1200000|2|1623|5|2|1|2|720000|2|15989|708081
1200000|2|1623|5|2|0|0|480000|3|23988|496281
1200000|2|1623|5|2|1|2|720000|3|23988|708431
1200000|2|1623|5|2|0|0|480000|4|31989|501780
1200000|2|1623|5|2|1|2|720000|4|31989|709445
1200000|2|1623|5|3|0|0|480000|0|0|472356
1200000|2|1623|5|3|1|2|720000|0|0|725162
1200000|2|1623|5|3|0|0|480000|1|7993|473661
1200000|2|1623|5|3|1|2|720000|1|7993|724655
1200000|2|1623|5|3|0|0|480000|2|15990|476781
1200000|2|1623|5|3|1|2|720000|2|15990|725087
1200000|2|1623|5|3|0|0|480000|3|23990|481071
1200000|2|1623|5|3|1|2|720000|3|23990|726724
1200000|2|1623|5|3|0|0|480000|4|31992|486687
1200000|2|1623|5|3|1|2|720000|4|31992|728011
1200000|2|1623|5|4|0|0|480000|0|0|484914
1200000|2|1623|5|4|1|2|720000|0|0|715219
1200000|2|1623|5|4|0|0|480000|1|7993|487740
1200000|2|1623|5|4|1|2|720000|1|7993|713698
1200000|2|1623|5|4|0|0|480000|2|15991|491835
1200000|2|1623|5|4|1|2|720000|2|15991|713968
1200000|2|1623|5|4|0|0|480000|3|23992|496632
1200000|2|1623|5|4|1|2|720000|3|23992|715061
1200000|2|1623|5|4|0|0|480000|4|31994|502327
1200000|2|1623|5|4|1|2|720000|4|31994|716858
1200000|2|1623|5|5|0|0|480000|0|0|470757
1200000|2|1623|5|5|1|2|720000|0|0|725514
1200000|2|1623|5|5|0|0|480000|1|7994|471204
1200000|2|1623|5|5|1|2|720000|1|7994|724770
1200000|2|1623|5|5|0|0|480000|2|15993|474324
1200000|2|1623|5|5|1|2|720000|2|15993|725435
1200000|2|1623|5|5|0|0|480000|3|23994|477600
1200000|2|1623|5|5|1|2|720000|3|23994|726296
1200000|2|1623|5|5|0|0|480000|4|31996|482592
1200000|2|1623|5|5|1|2|720000|4|31996|727463
1200000|2|1624|5|1|0|0|480000|0|0|482184
1200000|2|1624|5|1|1|2|720000|0|0|717361
1200000|2|1624|5|1|0|0|480000|1|7994|483645
1200000|2|1624|5|1|1|2|720000|1|7994|716306
1200000|2|1624|5|1|0|0|480000|2|15993|486453
1200000|2|1624|5|1|1|2|720000|2|15993|716504
1200000|2|1624|5|1|0|0|480000|3|23994|490314
1200000|2|1624|5|1|1|2|720000|3|23994|717363
1200000|2|1624|5|1|0|0|480000|4|31996|495072
1200000|2|1624|5|1|1|2|720000|4|31996|719235
1200000|2|1624|5|2|0|0|480000|0|0|469548
1200000|2|1624|5|2|1|2|720000|0|0|727620
1200000|2|1624|5|2|0|0|480000|1|7994|468669
1200000|2|1624|5|2|1|2|720000|1|7994|727113
1200000|2|1624|5|2|0|0|480000|2|15992|469878
1200000|2|1624|5|2|1|2|720000|2|15992|728087
1200000|2|1624|5|2|0|0|480000|3|23993|473739
1200000|2|1624|5|2|1|2|720000|3|23993|728946
1200000|2|1624|5|2|0|0|480000|4|31994|478341
1200000|2|1624|5|2|1|2|720000|4|31994|729998
1200000|2|1624|5|3|0|0|480000|0|0|455391
1200000|2|1624|5|3|1|2|720000|0|0|727074
1200000|2|1624|5|3|0|0|480000|1|7994|447804
1200000|2|1624|5|3|1|2|720000|1|7994|726408
1200000|2|1624|5|3|0|0|480000|2|15993|445347
1200000|2|1624|5|3|1|2|720000|2|15993|726567
1200000|2|1624|5|3|0|0|480000|3|23994|445737
1200000|2|1624|5|3|1|2|720000|3|23994|727816
1200000|2|1624|5|3|0|0|480000|4|31997|448038
1200000|2|1624|5|3|1|2|720000|4|31997|729881
1200000|2|1624|5|4|0|0|480000|0|0|469743
1200000|2|1624|5|4|1|2|720000|0|0|730311
1200000|2|1624|5|4|0|0|480000|1|7996|469098
1200000|2|1624|5|4|1|2|720000|1|7996|730232
1200000|2|1624|5|4|0|0|480000|2|15995|470699
1200000|2|1624|5|4|1|2|720000|2|15995|730740
1200000|2|1624|5|4|0|0|480000|3|23996|473700
1200000|2|1624|5|4|1|2|720000|3|23996|731870
1200000|2|1624|5|4|0|0|480000|4|31998|477483
1200000|2|1624|5|4|1|2|720000|4|31998|734132
1200000|2|1624|5|5|0|0|480000|0|1|456873
1200000|2|1624|5|5|1|2|720000|0|1|728828
1200000|2|1624|5|5|0|0|480000|1|7994|450456
1200000|2|1624|5|5|1|2|720000|1|7994|727192
1200000|2|1624|5|5|0|0|480000|2|15993|448779
1200000|2|1624|5|5|1|2|720000|2|15993|727386
1200000|2|1624|5|5|0|0|480000|3|23994|449949
1200000|2|1624|5|5|1|2|720000|3|23994|728513
1200000|2|1624|5|5|0|0|480000|4|31997|452874
1200000|2|1624|5|5|1|2|720000|4|31997|730466
1200000|2|1625|5|1|0|0|480000|0|0|457614
1200000|2|1625|5|1|1|2|720000|0|0|733158
1200000|2|1625|5|1|0|0|480000|1|7993|451509
1200000|2|1625|5|1|1|2|720000|1|7993|733236
1200000|2|1625|5|1|0|0|480000|2|15992|450729
1200000|2|1625|5|1|1|2|720000|2|15992|734367
1200000|2|1625|5|1|0|0|480000|3|23993|452211
1200000|2|1625|5|1|1|2|720000|3|23993|736045
1200000|2|1625|5|1|0|0|480000|4|31995|455253
1200000|2|1625|5|1|1|2|720000|4|31995|737759
1200000|2|1625|5|2|0|0|480000|0|0|470133
1200000|2|1625|5|2|1|2|720000|0|0|723720
1200000|2|1625|5|2|0|0|480000|1|7993|469332
1200000|2|1625|5|2|1|2|720000|1|7993|722273
1200000|2|1625|5|2|0|0|480000|2|15990|471165
1200000|2|1625|5|2|1|2|720000|2|15990|721654
1200000|2|1625|5|2|0|0|480000|3|23990|474168
1200000|2|1625|5|2|1|2|720000|3|23990|721849
1200000|2|1625|5|2|0|0|480000|4|31991|477873
1200000|2|1625|5|2|1|2|720000|4|31991|722706
1200000|2|1625|5|3|0|0|480000|0|0|483393
1200000|2|1625|5|3|1|2|720000|0|0|708942
1200000|2|1625|5|3|0|0|480000|1|7992|485361
1200000|2|1625|5|3|1|2|720000|1|7992|706517
1200000|2|1625|5|3|0|0|480000|2|15989|488676
1200000|2|1625|5|3|1|2|720000|2|15989|705936
1200000|2|1625|5|3|0|0|480000|3|23988|492732
1200000|2|1625|5|3|1|2|720000|3|23988|705896
1200000|2|1625|5|3|0|0|480000|4|31989|497529
1200000|2|1625|5|3|1|2|720000|4|31989|706401
1200000|2|1625|5|4|0|0|480000|0|0|458004
1200000|2|1625|5|4|1|2|720000|0|0|721535
1200000|2|1625|5|4|0|0|480000|1|7992|451665
1200000|2|1625|5|4|1|2|720000|1|7992|718379
1200000|2|1625|5|4|0|0|480000|2|15987|450261
1200000|2|1625|5|4|1|2|720000|2|15987|717089
1200000|2|1625|5|4|0|0|480000|3|23986|451704
1200000|2|1625|5|4|1|2|720000|3|23986|716697
1200000|2|1625|5|4|0|0|480000|4|31986|454473
1200000|2|1625|5|4|1|2|720000|4|31986|716857
1200000|2|1625|5|5|0|0|480000|0|0|468924
1200000|2|1625|5|5|1|2|720000|0|0|720514
1200000|2|1625|5|5|0|0|480000|1|7992|468279
1200000|2|1625|5|5|1|2|720000|1|7992|718792
1200000|2|1625|5|5|0|0|480000|2|15988|470424
1200000|2|1625|5|5|1|2|720000|2|15988|718375
1200000|2|1625|5|5|0|0|480000|3|23986|473388
1200000|2|1625|5|5|1|2|720000|3|23986|719501
1200000|2|1625|5|5|0|0|480000|4|31988|477405
1200000|2|1625|5|5|1|2|720000|4|31988|720864
1200000|2|1626|5|1|0|0|480000|0|0|468495
1200000|2|1626|5|1|1|2|720000|0|0|723280
1200000|2|1626|5|1|0|0|480000|1|7992|466719
1200000|2|1626|5|1|1|2|720000|1|7992|721367
1200000|2|1626|5|1|0|0|480000|2|15988|467070
1200000|2|1626|5|1|1|2|720000|2|15988|721171
1200000|2|1626|5|1|0|0|480000|3|23988|469098
1200000|2|1626|5|1|1|2|720000|3|23988|722188
1200000|2|1626|5|1|0|0|480000|4|31989|472179
1200000|2|1626|5|1|1|2|720000|4|31989|723514
1200000|2|1626|5|2|0|0|480000|0|0|468027
1200000|2|1626|5|2|1|2|720000|0|0|726714
1200000|2|1626|5|2|0|0|480000|1|7993|466290
1200000|2|1626|5|2|1|2|720000|1|7993|725621
1200000|2|1626|5|2|0|0|480000|2|15991|467421
1200000|2|1626|5|2|1|2|720000|2|15991|725855
1200000|2|1626|5|2|0|0|480000|3|23990|468903
1200000|2|1626|5|2|1|2|720000|3|23990|726517
1200000|2|1626|5|2|0|0|480000|4|31991|471672
1200000|2|1626|5|2|1|2|720000|4|31991|727729
1200000|2|1626|5|3|0|0|480000|0|0|468495
1200000|2|1626|5|3|1|2|720000|0|0|721216
1200000|2|1626|5|3|0|0|480000|1|7993|466758
1200000|2|1626|5|3|1|2|720000|1|7993|719457
1200000|2|1626|5|3|0|0|480000|2|15990|467811
1200000|2|1626|5|3|1|2|720000|2|15990|719027
1200000|2|1626|5|3|0|0|480000|3|23990|469995
1200000|2|1626|5|3|1|2|720000|3|23990|719731
1200000|2|1626|5|3|0|0|480000|4|31991|473271
1200000|2|1626|5|3|1|2|720000|4|31991|720901
1200000|2|1626|5|4|0|0|480000|0|0|483198
1200000|2|1626|5|4|1|2|720000|0|0|718948
1200000|2|1626|5|4|0|0|480000|1|7994|485205
1200000|2|1626|5|4|1|2|720000|1|7994|718096
1200000|2|1626|5|4|0|0|480000|2|15991|488286
1200000|2|1626|5|4|1|2|720000|2|15991|718796
1200000|2|1626|5|4|0|0|480000|3|23992|491991
1200000|2|1626|5|4|1|2|720000|3|23992|719616
1200000|2|1626|5|4|0|0|480000|4|31993|496359
1200000|2|1626|5|4|1|2|720000|4|31993|720396
1200000|2|1626|5|5|0|0|480000|0|0|481989
1200000|2|1626|5|5|1|2|720000|0|0|717587
1200000|2|1626|5|5|0|0|480000|1|7994|482436
1200000|2|1626|5|5|1|2|720000|1|7994|716885
1200000|2|1626|5|5|0|0|480000|2|15992|484581
1200000|2|1626|5|5|1|2|720000|2|15992|717233
1200000|2|1626|5|5|0|0|480000|3|23993|487428
1200000|2|1626|5|5|1|2|720000|3|23993|718564
1200000|2|1626|5|5|0|0|480000|4|31995|490665
1200000|2|1626|5|5|1|2|720000|4|31995|720353
1200000|2|1627|5|1|0|0|480000|0|0|468963
1200000|2|1627|5|1|1|2|720000|0|0|731120
1200000|2|1627|5|1|0|0|480000|1|7996|467694
1200000|2|1627|5|1|1|2|720000|1|7996|731469
1200000|2|1627|5|1|0|0|480000|2|15995|468747
1200000|2|1627|5|1|1|2|720000|2|15995|732836
1200000|2|1627|5|1|0|0|480000|3|23996|470892
1200000|2|1627|5|1|1|2|720000|3|23996|734512
1200000|2|1627|5|1|0|0|480000|4|31998|474168
1200000|2|1627|5|1|1|2|720000|4|31998|735799
1200000|2|1627|5|2|0|0|480000|0|0|482730
1200000|2|1627|5|2|1|2|720000|0|0|716338
1200000|2|1627|5|2|0|0|480000|1|7993|484308
1200000|2|1627|5|2|1|2|720000|1|7993|714543
1200000|2|1627|5|2|0|0|480000|2|15990|487233
1200000|2|1627|5|2|1|2|720000|2|15990|713960
1200000|2|1627|5|2|0|0|480000|3|23991|490743
1200000|2|1627|5|2|1|2|720000|3|23991|714194
1200000|2|1627|5|2|0|0|480000|4|31992|494994
1200000|2|1627|5|2|1|2|720000|4|31992|714976
1200000|2|1627|5|3|0|0|480000|0|0|481833
1200000|2|1627|5|3|1|2|720000|0|0|718327
1200000|2|1627|5|3|0|0|480000|1|7995|482943
1200000|2|1627|5|3|1|2|720000|1|7995|716961
1200000|2|1627|5|3|0|0|480000|2|15993|485361
1200000|2|1627|5|3|1|2|720000|2|15993|716883
1200000|2|1627|5|3|0|0|480000|3|23993|488520
1200000|2|1627|5|3|1|2|720000|3|23993|716924
1200000|2|1627|5|3|0|0|480000|4|31994|492186
1200000|2|1627|5|3|1|2|720000|4|31994|717003
1200000|2|1627|5|4|0|0|480000|0|0|483081
1200000|2|1627|5|4|1|2|720000|0|0|714546
1200000|2|1627|5|4|0|0|480000|1|7995|484269
1200000|2|1627|5|4|1|2|720000|1|7995|712752
1200000|2|1627|5|4|0|0|480000|2|15992|486648
1200000|2|1627|5|4|1|2|720000|2|15992|712245
1200000|2|1627|5|4|0|0|480000|3|23993|490041
1200000|2|1627|5|4|1|2|720000|3|23993|712637
1200000|2|1627|5|4|0|0|480000|4|31994|493668
1200000|2|1627|5|4|1|2|720000|4|31994|713805
1200000|2|1627|5|5|0|0|480000|0|0|456756
1200000|2|1627|5|5|1|2|720000|0|0|728582
1200000|2|1627|5|5|0|0|480000|1|7994|449325
1200000|2|1627|5|5|1|2|720000|1|7994|727452
1200000|2|1627|5|5|0|0|480000|2|15992|447531
1200000|2|1627|5|5|1|2|720000|2|15992|727728
1200000|2|1627|5|5|0|0|480000|3|23992|447609
1200000|2|1627|5|5|1|2|720000|3|23992|728352
1200000|2|1627|5|5|0|0|480000|4|31993|449676
1200000|2|1627|5|5|1|2|720000|4|31993|729245
1200000|2|1628|5|1|0|0|480000|0|0|481755
1200000|2|1628|5|1|1|2|720000|0|0|717782
1200000|2|1628|5|1|0|0|480000|1|7994|482358
1200000|2|1628|5|1|1|2|720000|1|7994|716767
1200000|2|1628|5|1|0|0|480000|2|15992|484035
1200000|2|1628|5|1|1|2|720000|2|15992|716456
1200000|2|1628|5|1|0|0|480000|3|23992|487038
1200000|2|1628|5|1|1|2|720000|3|23992|717237
1200000|2|1628|5|1|0|0|480000|4|31994|490119
1200000|2|1628|5|1|1|2|720000|4|31994|718876
1200000|2|1628|5|2|0|0|480000|0|0|482145
1200000|2|1628|5|2|1|2|720000|0|0|721757
1200000|2|1628|5|2|0|0|480000|1|7995|482787
1200000|2|1628|5|2|1|2|720000|1|7995|721369
1200000|2|1628|5|2|0|0|480000|2|15994|484893
1200000|2|1628|5|2|1|2|720000|2|15994|722540
1200000|2|1628|5|2|0|0|480000|3|23996|488013
1200000|2|1628|5|2|1|2|720000|3|23996|723983
1200000|2|1628|5|2|0|0|480000|4|31999|491445
1200000|2|1628|5|2|1|2|720000|4|31999|725310
1200000|2|1628|5|3|0|0|480000|0|0|481014
1200000|2|1628|5|3|1|2|720000|0|0|719109
1200000|2|1628|5|3|0|0|480000|1|7996|481266
1200000|2|1628|5|3|1|2|720000|1|7996|718716
1200000|2|1628|5|3|0|0|480000|2|15996|483021
1200000|2|1628|5|3|1|2|720000|2|15996|719614
1200000|2|1628|5|3|0|0|480000|3|23998|485673
1200000|2|1628|5|3|1|2|720000|3|23998|721015
1200000|2|1628|5|3|0|0|480000|4|32001|488520
1200000|2|1628|5|3|1|2|720000|4|32001|723399
1200000|2|1628|5|4|0|0|480000|0|0|481794
1200000|2|1628|5|4|1|2|720000|0|0|725812
1200000|2|1628|5|4|0|0|480000|1|7996|482397
1200000|2|1628|5|4|1|2|720000|1|7996|726673
1200000|2|1628|5|4|0|0|480000|2|15996|484386
1200000|2|1628|5|4|1|2|720000|2|15996|728431
1200000|2|1628|5|4|0|0|480000|3|23998|486063
1200000|2|1628|5|4|1|2|720000|3|23998|730102
1200000|2|1628|5|4|0|0|480000|4|32001|488598
1200000|2|1628|5|4|1|2|720000|4|32001|731896
1200000|2|1628|5|5|0|0|480000|0|0|455118
1200000|2|1628|5|5|1|2|720000|0|0|731393
1200000|2|1628|5|5|0|0|480000|1|3997|449949
1200000|2|1628|5|5|1|2|720000|1|3997|730771
1200000|2|1628|5|5|0|0|480000|2|7996|446283
1200000|2|1628|5|5|1|2|720000|2|7996|730848
1200000|2|1628|5|5|0|0|480000|3|11995|443826
1200000|2|1628|5|5|1|2|720000|3|11995|731157
1200000|2|1628|5|5|0|0|480000|4|15996|442227
1200000|2|1628|5|5|1|2|720000|4|15996|731513
1200000|2|1629|5|1|0|0|480000|0|0|481872
1200000|2|1629|5|1|1|2|720000|0|0|723241
1200000|2|1629|5|1|0|0|480000|1|7995|482514
1200000|2|1629|5|1|1|2|720000|1|7995|723438
1200000|2|1629|5|1|0|0|480000|2|15995|484698
1200000|2|1629|5|1|1|2|720000|2|15995|724997
1200000|2|1629|5|1|0|0|480000|3|23997|487194
1200000|2|1629|5|1|1|2|720000|3|23997|727529
1200000|2|1629|5|1|0|0|480000|4|32001|490275
1200000|2|1629|5|1|1|2|720000|4|32001|730497
1200000|2|1629|5|2|0|0|480000|0|0|482067
1200000|2|1629|5|2|1|2|720000|0|0|721099
1200000|2|1629|5|2|0|0|480000|1|7993|483216
1200000|2|1629|5|2|1|2|720000|1|7993|720551
1200000|2|1629|5|2|0|0|480000|2|15991|485985
1200000|2|1629|5|2|1|2|720000|2|15991|722308
1200000|2|1629|5|2|0|0|480000|3|23993|489573
1200000|2|1629|5|2|1|2|720000|3|23993|724529
1200000|2|1629|5|2|0|0|480000|4|31997|493161
1200000|2|1629|5|2|1|2|720000|4|31997|727567
1200000|2|1629|5|3|0|0|480000|0|0|457029
1200000|2|1629|5|3|1|2|720000|0|0|733535
1200000|2|1629|5|3|0|0|480000|1|7995|450027
1200000|2|1629|5|3|1|2|720000|1|7995|733614
1200000|2|1629|5|3|0|0|480000|2|15994|448389
1200000|2|1629|5|3|1|2|720000|2|15994|735254
1200000|2|1629|5|3|0|0|480000|3|23995|449832
1200000|2|1629|5|3|1|2|720000|3|23995|737476
1200000|2|1629|5|3|0|0|480000|4|31997|452913
1200000|2|1629|5|3|1|2|720000|4|31997|739817
1200000|2|1629|5|4|0|0|480000|0|0|457770
1200000|2|1629|5|4|1|2|720000|0|0|728546
1200000|2|1629|5|4|0|0|480000|1|7993|451158
1200000|2|1629|5|4|1|2|720000|1|7993|728624
1200000|2|1629|5|4|0|0|480000|2|15992|449637
1200000|2|1629|5|4|1|2|720000|2|15992|729712
1200000|2|1629|5|4|0|0|480000|3|23993|451431
1200000|2|1629|5|4|1|2|720000|3|23993|731901
1200000|2|1629|5|4|0|0|480000|4|31995|454668
1200000|2|1629|5|4|1|2|720000|4|31995|734671
1200000|2|1629|5|5|0|0|480000|0|0|469392
1200000|2|1629|5|5|1|2|720000|0|0|727571
1200000|2|1629|5|5|0|0|480000|1|7994|469137
1200000|2|1629|5|5|1|2|720000|1|7994|727064
1200000|2|1629|5|5|0|0|480000|2|15991|470970
1200000|2|1629|5|5|1|2|720000|2|15991|727963
1200000|2|1629|5|5|0|0|480000|3|23992|474636
1200000|2|1629|5|5|1|2|720000|3|23992|729441
1200000|2|1629|5|5|0|0|480000|4|31993|479043
1200000|2|1629|5|5|1|2|720000|4|31993|731158
1200000|2|1630|5|1|0|0|480000|0|0|457848
1200000|2|1630|5|1|1|2|720000|0|0|722927
1200000|2|1630|5|1|0|0|480000|1|7993|451743
1200000|2|1630|5|1|1|2|720000|1|7993|721800
1200000|2|1630|5|1|0|0|480000|2|15990|451080
1200000|2|1630|5|1|1|2|720000|2|15990|722382
1200000|2|1630|5|1|0|0|480000|3|23990|452913
1200000|2|1630|5|1|1|2|720000|3|23990|723241
1200000|2|1630|5|1|0|0|480000|4|31992|456150
1200000|2|1630|5|1|1|2|720000|4|31992|724451
1200000|2|1630|5|2|0|0|480000|0|0|457965
1200000|2|1630|5|2|1|2|720000|0|0|719652
1200000|2|1630|5|2|0|0|480000|1|7992|452094
1200000|2|1630|5|2|1|2|720000|1|7992|717781
1200000|2|1630|5|2|0|0|480000|2|15988|452133
1200000|2|1630|5|2|1|2|720000|2|15988|717156
1200000|2|1630|5|2|0|0|480000|3|23987|454863
1200000|2|1630|5|2|1|2|720000|3|23987|717509
1200000|2|1630|5|2|0|0|480000|4|31988|459036
1200000|2|1630|5|2|1|2|720000|4|31988|718564
1200000|2|1630|5|3|0|0|480000|0|0|483266
1200000|2|1630|5|3|1|2|720000|0|0|711310
1200000|2|1630|5|3|0|0|480000|1|7993|485429
1200000|2|1630|5|3|1|2|720000|1|7993|709903
1200000|2|1630|5|3|0|0|480000|2|15990|489521
1200000|2|1630|5|3|1|2|720000|2|15990|709592
1200000|2|1630|5|3|0|0|480000|3|23990|494672
1200000|2|1630|5|3|1|2|720000|3|23990|710097
1200000|2|1630|5|3|0|0|480000|4|31991|500405
1200000|2|1630|5|3|1|2|720000|4|31991|711229
1200000|2|1630|5|4|0|0|480000|0|0|485763
1200000|2|1630|5|4|1|2|720000|0|0|712440
1200000|2|1630|5|4|0|0|480000|1|7993|489407
1200000|2|1630|5|4|1|2|720000|1|7993|711423
1200000|2|1630|5|4|0|0|480000|2|15991|493816
1200000|2|1630|5|4|1|2|720000|2|15991|711853
1200000|2|1630|5|4|0|0|480000|3|23991|498963
1200000|2|1630|5|4|1|2|720000|3|23991|713216
1200000|2|1630|5|4|0|0|480000|4|31993|504657
1200000|2|1630|5|4|1|2|720000|4|31993|714780
1200000|2|1630|5|5|0|0|480000|0|0|458979
1200000|2|1630|5|5|1|2|720000|0|0|723710
1200000|2|1630|5|5|0|0|480000|1|7991|453147
1200000|2|1630|5|5|1|2|720000|1|7991|723165
1200000|2|1630|5|5|0|0|480000|2|15989|452874
1200000|2|1630|5|5|1|2|720000|2|15989|723824
1200000|2|1630|5|5|0|0|480000|3|23990|455526
1200000|2|1630|5|5|1|2|720000|3|23990|724571
1200000|2|1630|5|5|0|0|480000|4|31991|459894
1200000|2|1630|5|5|1|2|720000|4|31991|726050
1200000|2|1631|5|1|0|0|480000|0|0|487325
1200000|2|1631|5|1|1|2|720000|0|0|708344
1200000|2|1631|5|1|0|0|480000|1|7992|491669
1200000|2|1631|5|1|1|2|720000|1|7992|706586
1200000|2|1631|5|1|0|0|480000|2|15988|496505
1200000|2|1631|5|1|1|2|720000|2|15988|706000
1200000|2|1631|5|1|0|0|480000|3|23987|502470
1200000|2|1631|5|1|1|2|720000|3|23987|706511
1200000|2|1631|5|1|0|0|480000|4|31987|508437
1200000|2|1631|5|1|1|2|720000|4|31987|707172
1200000|2|1631|5|2|0|0|480000|0|0|484905
1200000|2|1631|5|2|1|2|720000|0|0|707955
1200000|2|1631|5|2|0|0|480000|1|7992|488239
1200000|2|1631|5|2|1|2|720000|1|7992|705223
1200000|2|1631|5|2|0|0|480000|2|15987|492957
1200000|2|1631|5|2|1|2|720000|2|15987|704834
1200000|2|1631|5|2|0|0|480000|3|23986|498300
1200000|2|1631|5|2|1|2|720000|3|23986|704873
1200000|2|1631|5|2|0|0|480000|4|31987|504346
1200000|2|1631|5|2|1|2|720000|4|31987|705496
1200000|2|1631|5|3|0|0|480000|0|0|484788
1200000|2|1631|5|3|1|2|720000|0|0|708229
1200000|2|1631|5|3|0|0|480000|1|7992|487771
1200000|2|1631|5|3|1|2|720000|1|7992|705652
1200000|2|1631|5|3|0|0|480000|2|15989|492101
1200000|2|1631|5|3|1|2|720000|2|15989|704639
1200000|2|1631|5|3|0|0|480000|3|23988|497442
1200000|2|1631|5|3|1|2|720000|3|23988|704602
1200000|2|1631|5|3|0|0|480000|4|31990|502704
1200000|2|1631|5|3|1|2|720000|4|31990|705576
1200000|2|1631|5|4|0|0|480000|0|0|468408
1200000|2|1631|5|4|1|2|720000|0|0|722189
1200000|2|1631|5|4|0|0|480000|1|7993|468542
1200000|2|1631|5|4|1|2|720000|1|7993|720278
1200000|2|1631|5|4|0|0|480000|2|15990|472053
1200000|2|1631|5|4|1|2|720000|2|15990|719846
1200000|2|1631|5|4|0|0|480000|3|23989|477238
1200000|2|1631|5|4|1|2|720000|3|23989|720589
1200000|2|1631|5|4|0|0|480000|4|31991|482623
1200000|2|1631|5|4|1|2|720000|4|31991|721759
1200000|2|1631|5|5|0|0|480000|0|0|484085
1200000|2|1631|5|5|1|2|720000|0|0|712830
1200000|2|1631|5|5|0|0|480000|1|7991|486990
1200000|2|1631|5|5|1|2|720000|1|7991|709749
1200000|2|1631|5|5|0|0|480000|2|15987|491318
1200000|2|1631|5|5|1|2|720000|2|15987|708499
1200000|2|1631|5|5|0|0|480000|3|23985|497092
1200000|2|1631|5|5|1|2|720000|3|23985|708186
1200000|2|1631|5|5|0|0|480000|4|31986|503253
1200000|2|1631|5|5|1|2|720000|4|31986|708499
1200000|2|1632|5|1|0|0|480000|0|0|485370
1200000|2|1632|5|1|1|2|720000|0|0|716023
1200000|2|1632|5|1|0|0|480000|1|7993|487455
1200000|2|1632|5|1|1|2|720000|1|7993|714623
1200000|2|1632|5|1|0|0|480000|2|15990|491125
1200000|2|1632|5|1|1|2|720000|2|15990|714507
1200000|2|1632|5|1|0|0|480000|3|23989|495608
1200000|2|1632|5|1|1|2|720000|3|23989|715519
1200000|2|1632|5|1|0|0|480000|4|31991|500485
1200000|2|1632|5|1|1|2|720000|4|31991|716378
1200000|2|1632|5|2|0|0|480000|0|0|481939
1200000|2|1632|5|2|1|2|720000|0|0|716496
1200000|2|1632|5|2|0|0|480000|1|7994|483012
1200000|2|1632|5|2|1|2|720000|1|7994|715478
1200000|2|1632|5|2|0|0|480000|2|15992|485353
1200000|2|1632|5|2|1|2|720000|2|15992|715558
1200000|2|1632|5|2|0|0|480000|3|23993|488668
1200000|2|1632|5|2|1|2|720000|3|23993|716417
1200000|2|1632|5|2|0|0|480000|4|31995|492178
1200000|2|1632|5|2|1|2|720000|4|31995|717939
1200000|2|1632|5|3|0|0|480000|0|0|483459
1200000|2|1632|5|3|1|2|720000|0|0|720743
1200000|2|1632|5|3|0|0|480000|1|7995|485313
1200000|2|1632|5|3|1|2|720000|1|7995|720586
1200000|2|1632|5|3|0|0|480000|2|15994|487498
1200000|2|1632|5|3|1|2|720000|2|15994|721522
1200000|2|1632|5|3|0|0|480000|3|23995|489408
1200000|2|1632|5|3|1|2|720000|3|23995|722615
1200000|2|1632|5|3|0|0|480000|4|31997|492566
1200000|2|1632|5|3|1|2|720000|4|31997|724372
1200000|2|1632|5|4|0|0|480000|0|0|481786
1200000|2|1632|5|4|1|2|720000|0|0|719302
1200000|2|1632|5|4|0|0|480000|1|7994|482307
1200000|2|1632|5|4|1|2|720000|1|7994|717779
1200000|2|1632|5|4|0|0|480000|2|15991|484140
1200000|2|1632|5|4|1|2|720000|2|15991|717780
1200000|2|1632|5|4|0|0|480000|3|23991|486872
1200000|2|1632|5|4|1|2|720000|3|23991|718794
1200000|2|1632|5|4|0|0|480000|4|31993|489955
1200000|2|1632|5|4|1|2|720000|4|31993|720552
1200000|2|1632|5|5|0|0|480000|0|0|480966
1200000|2|1632|5|5|1|2|720000|0|0|717745
1200000|2|1632|5|5|0|0|480000|1|7993|481371
1200000|2|1632|5|5|1|2|720000|1|7993|716456
1200000|2|1632|5|5|0|0|480000|2|15989|483207
1200000|2|1632|5|5|1|2|720000|2|15989|716651
1200000|2|1632|5|5|0|0|480000|3|23989|484962
1200000|2|1632|5|5|1|2|720000|3|23989|717430
1200000|2|1632|5|5|0|0|480000|4|31989|487068
1200000|2|1632|5|5|1|2|720000|4|31989|717898
1200000|2|1633|5|1|0|0|480000|0|0|481317
1200000|2|1633|5|1|1|2|720000|0|0|707603
1200000|2|1633|5|1|0|0|480000|1|7992|481490
1200000|2|1633|5|1|1|2|720000|1|7992|705809
1200000|2|1633|5|1|0|0|480000|2|15988|482540
1200000|2|1633|5|1|1|2|720000|2|15988|704715
1200000|2|1633|5|1|0|0|480000|3|23985|484181
1200000|2|1633|5|1|1|2|720000|3|23985|704168
1200000|2|1633|5|1|0|0|480000|4|31984|485663
1200000|2|1633|5|1|1|2|720000|4|31984|704093
1200000|2|1633|5|2|0|0|480000|0|0|477728
1200000|2|1633|5|2|1|2|720000|0|0|716145
1200000|2|1633|5|2|0|0|480000|1|7991|476069
1200000|2|1633|5|2|1|2|720000|1|7991|713804
1200000|2|1633|5|2|0|0|480000|2|15987|476654
1200000|2|1633|5|2|1|2|720000|2|15987|713375
1200000|2|1633|5|2|0|0|480000|3|23986|477784
1200000|2|1633|5|2|1|2|720000|3|23986|713454
1200000|2|1633|5|2|0|0|480000|4|31985|479619
1200000|2|1633|5|2|1|2|720000|4|31985|714114
1200000|2|1633|5|3|0|0|480000|0|0|464937
1200000|2|1633|5|3|1|2|720000|0|0|716767
1200000|2|1633|5|3|0|0|480000|1|7992|461601
1200000|2|1633|5|3|1|2|720000|1|7992|714192
1200000|2|1633|5|3|0|0|480000|2|15989|460743
1200000|2|1633|5|3|1|2|720000|2|15989|713022
1200000|2|1633|5|3|0|0|480000|3|23988|461951
1200000|2|1633|5|3|1|2|720000|3|23988|713180
1200000|2|1633|5|3|0|0|480000|4|31989|462965
1200000|2|1633|5|3|1|2|720000|4|31989|713533
1200000|2|1633|5|4|0|0|480000|0|0|452767
1200000|2|1633|5|4|1|2|720000|0|0|721884
1200000|2|1633|5|4|0|0|480000|1|7993|443427
1200000|2|1633|5|4|1|2|720000|1|7993|720362
1200000|2|1633|5|4|0|0|480000|2|11991|440852
1200000|2|1633|5|4|1|2|720000|2|11991|719312
1200000|2|1633|5|4|0|0|480000|3|15990|439419
1200000|2|1633|5|4|1|2|720000|3|15990|718530
1200000|2|1633|5|4|0|0|480000|4|19988|438600
1200000|2|1633|5|4|1|2|720000|4|19988|718374
1200000|2|1633|5|5|0|0|480000|0|0|464663
1200000|2|1633|5|5|1|2|720000|0|0|723331
1200000|2|1633|5|5|0|0|480000|1|7994|460625
1200000|2|1633|5|5|1|2|720000|1|7994|721849
1200000|2|1633|5|5|0|0|480000|2|15991|459220
1200000|2|1633|5|5|1|2|720000|2|15991|721652
1200000|2|1633|5|5|0|0|480000|3|23991|459533
1200000|2|1633|5|5|1|2|720000|3|23991|722510
1200000|2|1633|5|5|0|0|480000|4|31992|461016
1200000|2|1633|5|5|1|2|720000|4|31992|724345
1200000|2|1634|5|1|0|0|480000|0|0|477768
1200000|2|1634|5|1|1|2|720000|0|0|716270
1200000|2|1634|5|1|0|0|480000|1|7993|476303
1200000|2|1634|5|1|1|2|720000|1|7993|714673
1200000|2|1634|5|1|0|0|480000|2|15990|475835
1200000|2|1634|5|1|1|2|720000|2|15990|714399
1200000|2|1634|5|1|0|0|480000|3|23989|476848
1200000|2|1634|5|1|1|2|720000|3|23989|715102
1200000|2|1634|5|1|0|0|480000|4|31990|478215
1200000|2|1634|5|1|1|2|720000|4|31990|716232
1200000|2|1634|5|2|0|0|480000|0|0|453430
1200000|2|1634|5|2|1|2|720000|0|0|730037
1200000|2|1634|5|2|0|0|480000|1|3996|447170
1200000|2|1634|5|2|1|2|720000|1|3996|728673
1200000|2|1634|5|2|0|0|480000|2|7993|442500
1200000|2|1634|5|2|1|2|720000|2|7993|728047
1200000|2|1634|5|2|0|0|480000|3|11992|439458
1200000|2|1634|5|2|1|2|720000|3|11992|728359
1200000|2|1634|5|2|0|0|480000|4|15992|437235
1200000|2|1634|5|2|1|2|720000|4|15992|729023
1200000|2|1634|5|3|0|0|480000|0|0|452844
1200000|2|1634|5|3|1|2|720000|0|0|730155
1200000|2|1634|5|3|0|0|480000|1|3997|447054
1200000|2|1634|5|3|1|2|720000|1|3997|729180
1200000|2|1634|5|3|0|0|480000|2|7995|442890
1200000|2|1634|5|3|1|2|720000|2|7995|728517
1200000|2|1634|5|3|0|0|480000|3|11994|439965
1200000|2|1634|5|3|1|2|720000|3|11994|728633
1200000|2|1634|5|3|0|0|480000|4|15994|437937
1200000|2|1634|5|3|1|2|720000|4|15994|729102
1200000|2|1634|5|4|0|0|480000|0|0|466185
1200000|2|1634|5|4|1|2|720000|0|0|728048
1200000|2|1634|5|4|0|0|480000|1|7993|463316
1200000|2|1634|5|4|1|2|720000|1|7993|727581
1200000|2|1634|5|4|0|0|480000|2|15992|463551
1200000|2|1634|5|4|1|2|720000|2|15992|728010
1200000|2|1634|5|4|0|0|480000|3|23992|465774
1200000|2|1634|5|4|1|2|720000|3|23992|729259
1200000|2|1634|5|4|0|0|480000|4|31994|468504
1200000|2|1634|5|4|1|2|720000|4|31994|731130
1200000|2|1634|5|5|0|0|480000|0|0|480966
1200000|2|1634|5|5|1|2|720000|0|0|719157
1200000|2|1634|5|5|0|0|480000|1|7993|481529
1200000|2|1634|5|5|1|2|720000|1|7993|718649
1200000|2|1634|5|5|0|0|480000|2|15991|483479
1200000|2|1634|5|5|1|2|720000|2|15991|720170
1200000|2|1634|5|5|0|0|480000|3|23992|486327
1200000|2|1634|5|5|1|2|720000|3|23992|721848
1200000|2|1634|5|5|0|0|480000|4|31994|489914
1200000|2|1634|5|5|1|2|720000|4|31994|724266
1200000|2|1635|5|1|0|0|480000|0|0|466223
1200000|2|1635|5|1|1|2|720000|0|0|731285
1200000|2|1635|5|1|0|0|480000|1|7993|463162
1200000|2|1635|5|1|1|2|720000|1|7993|731559
1200000|2|1635|5|1|0|0|480000|2|15991|463823
1200000|2|1635|5|1|1|2|720000|2|15991|733353
1200000|2|1635|5|1|0|0|480000|3|23991|465928
1200000|2|1635|5|1|1|2|720000|3|23991|735420
1200000|2|1635|5|1|0|0|480000|4|31992|468619
1200000|2|1635|5|1|1|2|720000|4|31992|737369
1200000|2|1635|5|2|0|0|480000|0|0|465326
1200000|2|1635|5|2|1|2|720000|0|0|729257
1200000|2|1635|5|2|0|0|480000|1|7995|461952
1200000|2|1635|5|2|1|2|720000|1|7995|728946
1200000|2|1635|5|2|0|0|480000|2|15993|461405
1200000|2|1635|5|2|1|2|720000|2|15993|729414
1200000|2|1635|5|2|0|0|480000|3|23994|462810
1200000|2|1635|5|2|1|2|720000|3|23994|730390
1200000|2|1635|5|2|0|0|480000|4|31995|465150
1200000|2|1635|5|2|1|2|720000|4|31995|731988
1200000|2|1635|5|3|0|0|480000|0|0|481669
1200000|2|1635|5|3|1|2|720000|0|0|721340
1200000|2|1635|5|3|0|0|480000|1|7994|482699
1200000|2|1635|5|3|1|2|720000|1|7994|720950
1200000|2|1635|5|3|0|0|480000|2|15992|485156
1200000|2|1635|5|3|1|2|720000|2|15992|721809
1200000|2|1635|5|3|0|0|480000|3|23992|487769
1200000|2|1635|5|3|1|2|720000|3|23992|722938
1200000|2|1635|5|3|0|0|480000|4|31993|491553
1200000|2|1635|5|3|1|2|720000|4|31993|724228
1200000|2|1635|5|4|0|0|480000|0|0|481746
1200000|2|1635|5|4|1|2|720000|0|0|716853
1200000|2|1635|5|4|0|0|480000|1|7994|482699
1200000|2|1635|5|4|1|2|720000|1|7994|715605
1200000|2|1635|5|4|0|0|480000|2|15993|485157
1200000|2|1635|5|4|1|2|720000|2|15993|715725
1200000|2|1635|5|4|0|0|480000|3|23993|488784
1200000|2|1635|5|4|1|2|720000|3|23993|716346
1200000|2|1635|5|4|0|0|480000|4|31996|492917
1200000|2|1635|5|4|1|2|720000|4|31996|717910
1200000|2|1635|5|5|0|0|480000|0|0|456437
1200000|2|1635|5|5|1|2|720000|0|0|732650
1200000|2|1635|5|5|0|0|480000|1|7996|449473
1200000|2|1635|5|5|1|2|720000|1|7996|732495
1200000|2|1635|5|5|0|0|480000|2|11995|448223
1200000|2|1635|5|5|1|2|720000|2|11995|732184
1200000|2|1635|5|5|0|0|480000|3|15996|447755
1200000|2|1635|5|5|1|2|720000|3|15996|732339
1200000|2|1635|5|5|0|0|480000|4|19996|447792
1200000|2|1635|5|5|1|2|720000|4|19996|732728
1200000|2|1636|5|1|0|0|480000|0|0|482096
1200000|2|1636|5|1|1|2|720000|0|0|719547
1200000|2|1636|5|1|0|0|480000|1|7994|483089
1200000|2|1636|5|1|1|2|720000|1|7994|719156
1200000|2|1636|5|1|0|0|480000|2|15993|486055
1200000|2|1636|5|1|1|2|720000|2|15993|720950
1200000|2|1636|5|1|0|0|480000|3|23996|489875
1200000|2|1636|5|1|1|2|720000|3|23996|723018
1200000|2|1636|5|1|0|0|480000|4|31999|493971
1200000|2|1636|5|1|1|2|720000|4|31999|726256
1200000|2|1636|5|2|0|0|480000|0|0|467511
1200000|2|1636|5|2|1|2|720000|0|0|729999
1200000|2|1636|5|2|0|0|480000|1|7994|465930
1200000|2|1636|5|2|1|2|720000|1|7994|730233
1200000|2|1636|5|2|0|0|480000|2|15993|467448
1200000|2|1636|5|2|1|2|720000|2|15993|731324
1200000|2|1636|5|2|0|0|480000|3|23994|470885
1200000|2|1636|5|2|1|2|720000|3|23994|733353
1200000|2|1636|5|2|0|0|480000|4|31996|474860
1200000|2|1636|5|2|1|2|720000|4|31996|735848
1200000|2|1636|5|3|0|0|480000|0|0|454836
1200000|2|1636|5|3|1|2|720000|0|0|731754
1200000|2|1636|5|3|0|0|480000|1|7994|446391
1200000|2|1636|5|3|1|2|720000|1|7994|731714
1200000|2|1636|5|3|0|0|480000|2|11993|444400
1200000|2|1636|5|3|1|2|720000|2|11993|732417
1200000|2|1636|5|3|0|0|480000|3|15994|443387
1200000|2|1636|5|3|1|2|720000|3|15994|732806
1200000|2|1636|5|3|0|0|480000|4|19994|443036
1200000|2|1636|5|3|1|2|720000|4|19994|733275
1200000|2|1636|5|4|0|0|480000|0|0|455810
1200000|2|1636|5|4|1|2|720000|0|0|729765
1200000|2|1636|5|4|0|0|480000|1|7994|448341
1200000|2|1636|5|4|1|2|720000|1|7994|729415
1200000|2|1636|5|4|0|0|480000|2|11993|446390
1200000|2|1636|5|4|1|2|720000|2|11993|729143
1200000|2|1636|5|4|0|0|480000|3|15993|445338
1200000|2|1636|5|4|1|2|720000|3|15993|729296
1200000|2|1636|5|4|0|0|480000|4|19993|444986
1200000|2|1636|5|4|1|2|720000|4|19993|729723
1200000|2|1636|5|5|0|0|480000|0|0|456941
1200000|2|1636|5|5|1|2|720000|0|0|730507
1200000|2|1636|5|5|0|0|480000|1|7994|450095
1200000|2|1636|5|5|1|2|720000|1|7994|729999
1200000|2|1636|5|5|0|0|480000|2|15992|449198
1200000|2|1636|5|5|1|2|720000|2|15992|730780
1200000|2|1636|5|5|0|0|480000|3|23992|451304
1200000|2|1636|5|5|1|2|720000|3|23992|731716
1200000|2|1636|5|5|0|0|480000|4|31993|454736
1200000|2|1636|5|5|1|2|720000|4|31993|733002
1200000|2|1637|5|1|0|0|480000|0|0|485297
1200000|2|1637|5|1|1|2|720000|0|0|710692
1200000|2|1637|5|1|0|0|480000|1|7994|488237
1200000|2|1637|5|1|1|2|720000|1|7994|709055
1200000|2|1637|5|1|0|0|480000|2|15990|492566
1200000|2|1637|5|1|1|2|720000|2|15990|708626
1200000|2|1637|5|1|0|0|480000|3|23990|498222
1200000|2|1637|5|1|1|2|720000|3|23990|708353
1200000|2|1637|5|1|0|0|480000|4|31990|504423
1200000|2|1637|5|1|1|2|720000|4|31990|708821
1200000|2|1637|5|2|0|0|480000|0|0|457488
1200000|2|1637|5|2|1|2|720000|0|0|730077
1200000|2|1637|5|2|0|0|480000|1|3997|453528
1200000|2|1637|5|2|1|2|720000|1|3997|728711
1200000|2|1637|5|2|0|0|480000|2|7994|451422
1200000|2|1637|5|2|1|2|720000|2|7994|727814
1200000|2|1637|5|2|0|0|480000|3|11993|450757
1200000|2|1637|5|2|1|2|720000|3|11993|727541
1200000|2|1637|5|2|0|0|480000|4|15993|450564
1200000|2|1637|5|2|1|2|720000|4|15993|727698
1200000|2|1637|5|3|0|0|480000|0|0|485568
1200000|2|1637|5|3|1|2|720000|0|0|715801
1200000|2|1637|5|3|0|0|480000|1|7993|487652
1200000|2|1637|5|3|1|2|720000|1|7993|715176
1200000|2|1637|5|3|0|0|480000|2|15991|491709
1200000|2|1637|5|3|1|2|720000|2|15991|716582
1200000|2|1637|5|3|0|0|480000|3|23993|496816
1200000|2|1637|5|3|1|2|720000|3|23993|718217
1200000|2|1637|5|3|0|0|480000|4|31996|502473
1200000|2|1637|5|3|1|2|720000|4|31996|720596
1200000|2|1637|5|4|0|0|480000|0|0|485255
1200000|2|1637|5|4|1|2|720000|0|0|720558
1200000|2|1637|5|4|0|0|480000|1|7994|487771
1200000|2|1637|5|4|1|2|720000|1|7994|720717
1200000|2|1637|5|4|0|0|480000|2|15991|490773
1200000|2|1637|5|4|1|2|720000|2|15991|722355
1200000|2|1637|5|4|0|0|480000|3|23992|494869
1200000|2|1637|5|4|1|2|720000|3|23992|724421
1200000|2|1637|5|4|0|0|480000|4|31993|498691
1200000|2|1637|5|4|1|2|720000|4|31993|726450
1200000|2|1637|5|5|0|0|480000|0|0|481159
1200000|2|1637|5|5|1|2|720000|0|0|714200
1200000|2|1637|5|5|0|0|480000|1|7993|481451
1200000|2|1637|5|5|1|2|720000|1|7993|714398
1200000|2|1637|5|5|0|0|480000|2|15992|483325
1200000|2|1637|5|5|1|2|720000|2|15992|714944
1200000|2|1637|5|5|0|0|480000|3|23992|486133
1200000|2|1637|5|5|1|2|720000|3|23992|715843
1200000|2|1637|5|5|0|0|480000|4|31993|489367
1200000|2|1637|5|5|1|2|720000|4|31993|717246
1200000|2|1638|5|1|0|0|480000|0|0|482642
1200000|2|1638|5|1|1|2|720000|0|0|719977
1200000|2|1638|5|1|0|0|480000|1|7994|483636
1200000|2|1638|5|1|1|2|720000|1|7994|719271
1200000|2|1638|5|1|0|0|480000|2|15991|486171
1200000|2|1638|5|1|1|2|720000|2|15991|720056
1200000|2|1638|5|1|0|0|480000|3|23991|489564
1200000|2|1638|5|1|1|2|720000|3|23991|720873
1200000|2|1638|5|1|0|0|480000|4|31992|493035
1200000|2|1638|5|1|1|2|720000|4|31992|721769
1200000|2|1638|5|2|0|0|480000|0|0|453548
1200000|2|1638|5|2|1|2|720000|0|0|723176
1200000|2|1638|5|2|0|0|480000|1|7994|443739
1200000|2|1638|5|2|1|2|720000|1|7994|722471
1200000|2|1638|5|2|0|0|480000|2|15992|439255
1200000|2|1638|5|2|1|2|720000|2|15992|722511
1200000|2|1638|5|2|0|0|480000|3|23992|438473
1200000|2|1638|5|2|1|2|720000|3|23992|723565
1200000|2|1638|5|2|0|0|480000|4|31994|439489
1200000|2|1638|5|2|1|2|720000|4|31994|725397
1200000|2|1638|5|3|0|0|480000|0|0|482251
1200000|2|1638|5|3|1|2|720000|0|0|718884
1200000|2|1638|5|3|0|0|480000|1|7995|483360
1200000|2|1638|5|3|1|2|720000|1|7995|718142
1200000|2|1638|5|3|0|0|480000|2|15993|485234
1200000|2|1638|5|3|1|2|720000|2|15993|718805
1200000|2|1638|5|3|0|0|480000|3|23993|487690
1200000|2|1638|5|3|1|2|720000|3|23993|719703
1200000|2|1638|5|3|0|0|480000|4|31995|490928
1200000|2|1638|5|3|1|2|720000|4|31995|720367
1200000|2|1638|5|4|0|0|480000|0|0|481120
1200000|2|1638|5|4|1|2|720000|0|0|717363
1200000|2|1638|5|4|0|0|480000|1|7995|481921
1200000|2|1638|5|4|1|2|720000|1|7995|716075
1200000|2|1638|5|4|0|0|480000|2|15994|484455
1200000|2|1638|5|4|1|2|720000|2|15994|715647
1200000|2|1638|5|4|0|0|480000|3|23995|487536
1200000|2|1638|5|4|1|2|720000|3|23995|716271
1200000|2|1638|5|4|0|0|480000|4|31997|491240
1200000|2|1638|5|4|1|2|720000|4|31997|717908
1200000|2|1638|5|5|0|0|480000|0|0|482371
1200000|2|1638|5|5|1|2|720000|0|0|722667
1200000|2|1638|5|5|0|0|480000|1|7997|484026
1200000|2|1638|5|5|1|2|720000|1|7997|722940
1200000|2|1638|5|5|0|0|480000|2|15997|486598
1200000|2|1638|5|5|1|2|720000|2|15997|724383
1200000|2|1638|5|5|0|0|480000|3|23999|490306
1200000|2|1638|5|5|1|2|720000|3|23999|726488
1200000|2|1638|5|5|0|0|480000|4|32003|494164
1200000|2|1638|5|5|1|2|720000|4|32003|728435
1200000|2|1639|5|1|0|0|480000|0|0|482875
1200000|2|1639|5|1|1|2|720000|0|0|720014
1200000|2|1639|5|1|0|0|480000|1|7996|484104
1200000|2|1639|5|1|1|2|720000|1|7996|719819
1200000|2|1639|5|1|0|0|480000|2|15996|486599
1200000|2|1639|5|1|1|2|720000|2|15996|720601
1200000|2|1639|5|1|0|0|480000|3|23999|489486
1200000|2|1639|5|1|1|2|720000|3|23999|722277
1200000|2|1639|5|1|0|0|480000|4|32002|492993
1200000|2|1639|5|1|1|2|720000|4|32002|724540
1200000|2|1639|5|2|0|0|480000|0|0|465288
1200000|2|1639|5|2|1|2|720000|0|0|732180
1200000|2|1639|5|2|0|0|480000|1|7996|463197
1200000|2|1639|5|2|1|2|720000|1|7996|732535
1200000|2|1639|5|2|0|0|480000|2|15996|463238
1200000|2|1639|5|2|1|2|720000|2|15996|733548
1200000|2|1639|5|2|0|0|480000|3|23999|465305
1200000|2|1639|5|2|1|2|720000|3|23999|734873
1200000|2|1639|5|2|0|0|480000|4|32002|468856
1200000|2|1639|5|2|1|2|720000|4|32002|736590
1200000|2|1639|5|3|0|0|480000|0|0|455538
1200000|2|1639|5|3|1|2|720000|0|0|726681
1200000|2|1639|5|3|0|0|480000|1|3997|450291
1200000|2|1639|5|3|1|2|720000|1|3997|725825
1200000|2|1639|5|3|0|0|480000|2|7996|447014
1200000|2|1639|5|3|1|2|720000|2|7996|725435
1200000|2|1639|5|3|0|0|480000|3|11995|445257
1200000|2|1639|5|3|1|2|720000|3|11995|725162
1200000|2|1639|5|3|0|0|480000|4|15995|444519
1200000|2|1639|5|3|1|2|720000|4|15995|725046
1200000|2|1639|5|4|0|0|480000|0|0|484318
1200000|2|1639|5|4|1|2|720000|0|0|716426
1200000|2|1639|5|4|0|0|480000|1|7995|486637
1200000|2|1639|5|4|1|2|720000|1|7995|716897
1200000|2|1639|5|4|0|0|480000|2|15995|490184
1200000|2|1639|5|4|1|2|720000|2|15995|718141
1200000|2|1639|5|4|0|0|480000|3|23996|493659
1200000|2|1639|5|4|1|2|720000|3|23996|719820
1200000|2|1639|5|4|0|0|480000|4|31998|497946
1200000|2|1639|5|4|1|2|720000|4|31998|721848
1200000|2|1639|5|5|0|0|480000|0|0|464388
1200000|2|1639|5|5|1|2|720000|0|0|937196
1200000|2|1639|5|5|0|0|480000|1|8000|466318
1200000|2|1639|5|5|1|2|720000|1|8000|934973
1200000|2|1639|5|5|0|0|480000|2|16001|469985
1200000|2|1639|5|5|1|2|720000|2|16001|935361
1200000|2|1639|5|5|0|0|480000|3|24004|474120
1200000|2|1639|5|5|1|2|720000|3|24004|936961
1200000|2|1639|5|5|0|0|480000|4|32008|478643
1200000|2|1639|5|5|1|2|720000|4|32008|939183
1200000|2|1640|5|1|0|0|480000|0|0|485412
1200000|2|1640|5|1|1|2|720000|0|0|713504
1200000|2|1640|5|1|0|0|480000|1|7995|487573
1200000|2|1640|5|1|1|2|720000|1|7995|713540
1200000|2|1640|5|1|0|0|480000|2|15993|490774
1200000|2|1640|5|1|1|2|720000|2|15993|715374
1200000|2|1640|5|1|0|0|480000|3|23995|494518
1200000|2|1640|5|1|1|2|720000|3|23995|717752
1200000|2|1640|5|1|0|0|480000|4|31996|498651
1200000|2|1640|5|1|1|2|720000|4|31996|720289
1200000|2|1640|5|2|0|0|480000|0|0|455422
1200000|2|1640|5|2|1|2|720000|0|0|726722
1200000|2|1640|5|2|0|0|480000|1|7994|448069
1200000|2|1640|5|2|1|2|720000|1|7994|726447
1200000|2|1640|5|2|0|0|480000|2|15992|445845
1200000|2|1640|5|2|1|2|720000|2|15992|727424
1200000|2|1640|5|2|0|0|480000|3|23993|447402
1200000|2|1640|5|2|1|2|720000|3|23993|728906
1200000|2|1640|5|2|0|0|480000|4|31994|450720
1200000|2|1640|5|2|1|2|720000|4|31994|731053
1200000|2|1640|5|3|0|0|480000|0|0|483228
1200000|2|1640|5|3|1|2|720000|0|0|719075
1200000|2|1640|5|3|0|0|480000|1|7994|485002
1200000|2|1640|5|3|1|2|720000|1|7994|718376
1200000|2|1640|5|3|0|0|480000|2|15993|488354
1200000|2|1640|5|3|1|2|720000|2|15993|719430
1200000|2|1640|5|3|0|0|480000|3|23994|492565
1200000|2|1640|5|3|1|2|720000|3|23994|721067
1200000|2|1640|5|3|0|0|480000|4|31996|497052
1200000|2|1640|5|3|1|2|720000|4|31996|722975
1200000|2|1640|5|4|0|0|480000|0|0|453977
1200000|2|1640|5|4|1|2|720000|0|0|726294
1200000|2|1640|5|4|0|0|480000|1|7994|445103
1200000|2|1640|5|4|1|2|720000|1|7994|724812
1200000|2|1640|5|4|0|0|480000|2|15992|441594
1200000|2|1640|5|4|1|2|720000|2|15992|724423
1200000|2|1640|5|4|0|0|480000|3|23993|441319
1200000|2|1640|5|4|1|2|720000|3|23993|725199
1200000|2|1640|5|4|0|0|480000|4|31994|442957
1200000|2|1640|5|4|1|2|720000|4|31994|726332
1200000|2|1640|5|5|0|0|480000|0|0|466108
1200000|2|1640|5|5|1|2|720000|0|0|727190
1200000|2|1640|5|5|0|0|480000|1|7994|463977
1200000|2|1640|5|5|1|2|720000|1|7994|726059
1200000|2|1640|5|5|0|0|480000|2|15992|463978
1200000|2|1640|5|5|1|2|720000|2|15992|726410
1200000|2|1640|5|5|0|0|480000|3|23992|465930
1200000|2|1640|5|5|1|2|720000|3|23992|726876
1200000|2|1640|5|5|0|0|480000|4|31993|468464
1200000|2|1640|5|5|1|2|720000|4|31993|728283
1200000|2|1641|5|1|0|0|480000|0|0|483422
1200000|2|1641|5|1|1|2|720000|0|0|712410
1200000|2|1641|5|1|0|0|480000|1|7992|484920
1200000|2|1641|5|1|1|2|720000|1|7992|710067
1200000|2|1641|5|1|0|0|480000|2|15989|488080
1200000|2|1641|5|1|1|2|720000|2|15989|709289
1200000|2|1641|5|1|0|0|480000|3|23988|491515
1200000|2|1641|5|1|1|2|720000|3|23988|709329
1200000|2|1641|5|1|0|0|480000|4|31988|495258
1200000|2|1641|5|1|1|2|720000|4|31988|709797
1200000|2|1641|5|2|0|0|480000|0|0|466653
1200000|2|1641|5|2|1|2|720000|0|0|718096
1200000|2|1641|5|2|0|0|480000|1|7991|465228
1200000|2|1641|5|2|1|2|720000|1|7991|715569
1200000|2|1641|5|2|0|0|480000|2|15987|467412
1200000|2|1641|5|2|1|2|720000|2|15987|714751
1200000|2|1641|5|2|0|0|480000|3|23986|470650
1200000|2|1641|5|2|1|2|720000|3|23986|715215
1200000|2|1641|5|2|0|0|480000|4|31988|474822
1200000|2|1641|5|2|1|2|720000|4|31988|715997
1200000|2|1641|5|3|0|0|480000|0|0|467938
1200000|2|1641|5|3|1|2|720000|0|0|720628
1200000|2|1641|5|3|0|0|480000|1|7993|467021
1200000|2|1641|5|3|1|2|720000|1|7993|717901
1200000|2|1641|5|3|0|0|480000|2|15989|469553
1200000|2|1641|5|3|1|2|720000|2|15989|717588
1200000|2|1641|5|3|0|0|480000|3|23990|473301
1200000|2|1641|5|3|1|2|720000|3|23990|718169
1200000|2|1641|5|3|0|0|480000|4|31991|478449
1200000|2|1641|5|3|1|2|720000|4|31991|719071
1200000|2|1641|5|4|0|0|480000|0|0|457722
1200000|2|1641|5|4|1|2|720000|0|0|726481
1200000|2|1641|5|4|0|0|480000|1|7993|451849
1200000|2|1641|5|4|1|2|720000|1|7993|725348
1200000|2|1641|5|4|0|0|480000|2|15990|451146
1200000|2|1641|5|4|1|2|720000|2|15990|725818
1200000|2|1641|5|4|0|0|480000|3|23991|453724
1200000|2|1641|5|4|1|2|720000|3|23991|727026
1200000|2|1641|5|4|0|0|480000|4|31993|457585
1200000|2|1641|5|4|1|2|720000|4|31993|728002
1200000|2|1641|5|5|0|0|480000|0|0|486464
1200000|2|1641|5|5|1|2|720000|0|0|710608
1200000|2|1641|5|5|0|0|480000|1|7992|489991
1200000|2|1641|5|5|1|2|720000|1|7992|707720
1200000|2|1641|5|5|0|0|480000|2|15988|495258
1200000|2|1641|5|5|1|2|720000|2|15988|706468
1200000|2|1641|5|5|0|0|480000|3|23987|501107
1200000|2|1641|5|5|1|2|720000|3|23987|706044
1200000|2|1641|5|5|0|0|480000|4|31988|506840
1200000|2|1641|5|5|1|2|720000|4|31988|706003
1200000|2|1642|5|1|0|0|480000|0|0|487750
1200000|2|1642|5|1|1|2|720000|0|0|703587
1200000|2|1642|5|1|0|0|480000|1|7992|491513
1200000|2|1642|5|1|1|2|720000|1|7992|700896
1200000|2|1642|5|1|0|0|480000|2|15989|496388
1200000|2|1642|5|1|1|2|720000|2|15989|700545
1200000|2|1642|5|1|0|0|480000|3|23989|502123
1200000|2|1642|5|1|1|2|720000|3|23989|700662
1200000|2|1642|5|1|0|0|480000|4|31990|508751
1200000|2|1642|5|1|1|2|720000|4|31990|701480
1200000|2|1642|5|2|0|0|480000|0|0|487870
1200000|2|1642|5|2|1|2|720000|0|0|707487
1200000|2|1642|5|2|0|0|480000|1|7991|492527
1200000|2|1642|5|2|1|2|720000|1|7991|705068
1200000|2|1642|5|2|0|0|480000|2|15988|498260
1200000|2|1642|5|2|1|2|720000|2|15988|703937
1200000|2|1642|5|2|0|0|480000|3|23987|505085
1200000|2|1642|5|2|1|2|720000|3|23987|704248
1200000|2|1642|5|2|0|0|480000|4|31988|511364
1200000|2|1642|5|2|1|2|720000|4|31988|705184
1200000|2|1642|5|3|0|0|480000|0|0|487205
1200000|2|1642|5|3|1|2|720000|0|0|713882
1200000|2|1642|5|3|0|0|480000|1|7992|490535
1200000|2|1642|5|3|1|2|720000|1|7992|712710
1200000|2|1642|5|3|0|0|480000|2|15990|495179
1200000|2|1642|5|3|1|2|720000|2|15990|713218
1200000|2|1642|5|3|0|0|480000|3|23990|500171
1200000|2|1642|5|3|1|2|720000|3|23990|714660
1200000|2|1642|5|3|0|0|480000|4|31993|505672
1200000|2|1642|5|3|1|2|720000|4|31993|716377
1200000|2|1642|5|4|0|0|480000|0|0|486192
1200000|2|1642|5|4|1|2|720000|0|0|715013
1200000|2|1642|5|4|0|0|480000|1|7993|489405
1200000|2|1642|5|4|1|2|720000|1|7993|713843
1200000|2|1642|5|4|0|0|480000|2|15990|493853
1200000|2|1642|5|4|1|2|720000|2|15990|714349
1200000|2|1642|5|4|0|0|480000|3|23991|498845
1200000|2|1642|5|4|1|2|720000|3|23991|715325
1200000|2|1642|5|4|0|0|480000|4|31992|503873
1200000|2|1642|5|4|1|2|720000|4|31992|717041
1200000|2|1642|5|5|0|0|480000|0|0|483966
1200000|2|1642|5|5|1|2|720000|0|0|717937
1200000|2|1642|5|5|0|0|480000|1|7993|485626
1200000|2|1642|5|5|1|2|720000|1|7993|717897
1200000|2|1642|5|5|0|0|480000|2|15991|488859
1200000|2|1642|5|5|1|2|720000|2|15991|718719
1200000|2|1642|5|5|0|0|480000|3|23992|492840
1200000|2|1642|5|5|1|2|720000|3|23992|720514
1200000|2|1642|5|5|0|0|480000|4|31995|497209
1200000|2|1642|5|5|1|2|720000|4|31995|722459
1200000|2|1643|5|1|0|0|480000|0|0|483576
1200000|2|1643|5|1|1|2|720000|0|0|716340
1200000|2|1643|5|1|0|0|480000|1|7993|485546
1200000|2|1643|5|1|1|2|720000|1|7993|715130
1200000|2|1643|5|1|0|0|480000|2|15991|488821
1200000|2|1643|5|1|1|2|720000|2|15991|715520
1200000|2|1643|5|1|0|0|480000|3|23992|493192
1200000|2|1643|5|1|1|2|720000|3|23992|716927
1200000|2|1643|5|1|0|0|480000|4|31994|497520
1200000|2|1643|5|1|1|2|720000|4|31994|718874
1200000|2|1643|5|2|0|0|480000|0|0|465716
1200000|2|1643|5|2|1|2|720000|0|0|728000
1200000|2|1643|5|2|0|0|480000|1|7994|463979
1200000|2|1643|5|2|1|2|720000|1|7994|727846
1200000|2|1643|5|2|0|0|480000|2|15991|465266
1200000|2|1643|5|2|1|2|720000|2|15991|728429
1200000|2|1643|5|2|0|0|480000|3|23992|468347
1200000|2|1643|5|2|1|2|720000|3|23992|730145
1200000|2|1643|5|2|0|0|480000|4|31993|472362
1200000|2|1643|5|2|1|2|720000|4|31993|731586
1200000|2|1643|5|3|0|0|480000|0|0|465249
1200000|2|1643|5|3|1|2|720000|0|0|726399
1200000|2|1643|5|3|0|0|480000|1|7994|462771
1200000|2|1643|5|3|1|2|720000|1|7994|725388
1200000|2|1643|5|3|0|0|480000|2|15991|463393
1200000|2|1643|5|3|1|2|720000|2|15991|726245
1200000|2|1643|5|3|0|0|480000|3|23992|465540
1200000|2|1643|5|3|1|2|720000|3|23992|727064
1200000|2|1643|5|3|0|0|480000|4|31993|468308
1200000|2|1643|5|3|1|2|720000|4|31993|728894
1200000|2|1643|5|4|0|0|480000|0|0|463339
1200000|2|1643|5|4|1|2|720000|0|0|726792
1200000|2|1643|5|4|0|0|480000|1|7994|460586
1200000|2|1643|5|4|1|2|720000|1|7994|726404
1200000|2|1643|5|4|0|0|480000|2|15992|461562
1200000|2|1643|5|4|1|2|720000|2|15992|726986
1200000|2|1643|5|4|0|0|480000|3|23992|464684
1200000|2|1643|5|4|1|2|720000|3|23992|727962
1200000|2|1643|5|4|0|0|480000|4|31993|468894
1200000|2|1643|5|4|1|2|720000|4|31993|728896
1200000|2|1643|5|5|0|0|480000|0|0|464313
1200000|2|1643|5|5|1|2|720000|0|0|725465
1200000|2|1643|5|5|0|0|480000|1|7993|461796
1200000|2|1643|5|5|1|2|720000|1|7993|723945
1200000|2|1643|5|5|0|0|480000|2|15990|462300
1200000|2|1643|5|5|1|2|720000|2|15990|723790
1200000|2|1643|5|5|0|0|480000|3|23990|465029
1200000|2|1643|5|5|1|2|720000|3|23990|724645
1200000|2|1643|5|5|0|0|480000|4|31991|467956
1200000|2|1643|5|5|1|2|720000|4|31991|725973
1200000|2|1644|5|1|0|0|480000|0|0|464353
1200000|2|1644|5|1|1|2|720000|0|0|724295
1200000|2|1644|5|1|0|0|480000|1|7992|462108
1200000|2|1644|5|1|1|2|720000|1|7992|723165
1200000|2|1644|5|1|0|0|480000|2|15988|462421
1200000|2|1644|5|1|1|2|720000|2|15988|723631
1200000|2|1644|5|1|0|0|480000|3|23988|463938
1200000|2|1644|5|1|1|2|720000|3|23988|724919
1200000|2|1644|5|1|0|0|480000|4|31989|466589
1200000|2|1644|5|1|1|2|720000|4|31989|725579
1200000|2|1644|5|2|0|0|480000|0|0|482954
1200000|2|1644|5|2|1|2|720000|0|0|713686
1200000|2|1644|5|2|0|0|480000|1|7993|484181
1200000|2|1644|5|2|1|2|720000|1|7993|711818
1200000|2|1644|5|2|0|0|480000|2|15989|486597
1200000|2|1644|5|2|1|2|720000|2|15989|711386
1200000|2|1644|5|2|0|0|480000|3|23989|489215
1200000|2|1644|5|2|1|2|720000|3|23989|711894
1200000|2|1644|5|2|0|0|480000|4|31990|491826
1200000|2|1644|5|2|1|2|720000|4|31990|712632
1200000|2|1644|5|3|0|0|480000|0|0|479561
1200000|2|1644|5|3|1|2|720000|0|0|710335
1200000|2|1644|5|3|0|0|480000|1|7992|479620
1200000|2|1644|5|3|1|2|720000|1|7992|707484
1200000|2|1644|5|3|0|0|480000|2|15987|481218
1200000|2|1644|5|3|1|2|720000|2|15987|706512
1200000|2|1644|5|3|0|0|480000|3|23985|484378
1200000|2|1644|5|3|1|2|720000|3|23985|706824
1200000|2|1644|5|3|0|0|480000|4|31986|487809
1200000|2|1644|5|3|1|2|720000|4|31986|707054
1200000|2|1644|5|4|0|0|480000|0|0|482057
1200000|2|1644|5|4|1|2|720000|0|0|704054
1200000|2|1644|5|4|0|0|480000|1|7991|483009
1200000|2|1644|5|4|1|2|720000|1|7991|701169
1200000|2|1644|5|4|0|0|480000|2|15987|485585
1200000|2|1644|5|4|1|2|720000|2|15987|699609
1200000|2|1644|5|4|0|0|480000|3|23985|488707
1200000|2|1644|5|4|1|2|720000|3|23985|699023
1200000|2|1644|5|4|0|0|480000|4|31985|491593
1200000|2|1644|5|4|1|2|720000|4|31985|699101
1200000|2|1644|5|5|0|0|480000|0|0|479754
1200000|2|1644|5|5|1|2|720000|0|0|709666
1200000|2|1644|5|5|0|0|480000|1|7992|479385
1200000|2|1644|5|5|1|2|720000|1|7992|706468
1200000|2|1644|5|5|0|0|480000|2|15987|480907
1200000|2|1644|5|5|1|2|720000|2|15987|705028
1200000|2|1644|5|5|0|0|480000|3|23984|483285
1200000|2|1644|5|5|1|2|720000|3|23984|704442
1200000|2|1644|5|5|0|0|480000|4|31983|486016
1200000|2|1644|5|5|1|2|720000|4|31983|705460
1200000|2|1645|5|1|0|0|480000|0|1|481784
1200000|2|1645|5|1|1|2|720000|0|1|706316
1200000|2|1645|5|1|0|0|480000|1|7992|482350
1200000|2|1645|5|1|1|2|720000|1|7992|704719
1200000|2|1645|5|1|0|0|480000|2|15989|484184
1200000|2|1645|5|1|1|2|720000|2|15989|704367
1200000|2|1645|5|1|0|0|480000|3|23988|486912
1200000|2|1645|5|1|1|2|720000|3|23988|705143
1200000|2|1645|5|1|0|0|480000|4|31988|489291
1200000|2|1645|5|1|1|2|720000|4|31988|706083
1200000|2|1645|5|2|0|0|480000|0|0|452653
1200000|2|1645|5|2|1|2|720000|0|0|725349
1200000|2|1645|5|2|0|0|480000|1|7992|443193
1200000|2|1645|5|2|1|2|720000|1|7992|724138
1200000|2|1645|5|2|0|0|480000|2|15988|438627
1200000|2|1645|5|2|1|2|720000|2|15988|724645
1200000|2|1645|5|2|0|0|480000|3|23988|437187
1200000|2|1645|5|2|1|2|720000|3|23988|725696
1200000|2|1645|5|2|0|0|480000|4|31988|437695
1200000|2|1645|5|2|1|2|720000|4|31988|726164
1200000|2|1645|5|3|0|0|480000|0|0|481706
1200000|2|1645|5|3|1|2|720000|0|0|712829
1200000|2|1645|5|3|0|0|480000|1|7993|482114
1200000|2|1645|5|3|1|2|720000|1|7993|711152
1200000|2|1645|5|3|0|0|480000|2|15990|484025
1200000|2|1645|5|3|1|2|720000|2|15990|710723
1200000|2|1645|5|3|0|0|480000|3|23989|486091
1200000|2|1645|5|3|1|2|720000|3|23989|710836
1200000|2|1645|5|3|0|0|480000|4|31990|488629
1200000|2|1645|5|3|1|2|720000|4|31990|711580
1200000|2|1645|5|4|0|0|480000|0|0|479015
1200000|2|1645|5|4|1|2|720000|0|0|714350
1200000|2|1645|5|4|0|0|480000|1|7992|478836
1200000|2|1645|5|4|1|2|720000|1|7992|712051
1200000|2|1645|5|4|0|0|480000|2|15988|479696
1200000|2|1645|5|4|1|2|720000|2|15988|711543
1200000|2|1645|5|4|0|0|480000|3|23987|481685
1200000|2|1645|5|4|1|2|720000|3|23987|711620
1200000|2|1645|5|4|0|0|480000|4|31987|484494
1200000|2|1645|5|4|1|2|720000|4|31987|712986
1200000|2|1645|5|5|0|0|480000|0|0|481123
1200000|2|1645|5|5|1|2|720000|0|0|706197
1200000|2|1645|5|5|0|0|480000|1|7992|481492
1200000|2|1645|5|5|1|2|720000|1|7992|703505
1200000|2|1645|5|5|0|0|480000|2|15988|483166
1200000|2|1645|5|5|1|2|720000|2|15988|701752
1200000|2|1645|5|5|0|0|480000|3|23987|485820
1200000|2|1645|5|5|1|2|720000|3|23987|701170
1200000|2|1645|5|5|0|0|480000|4|31987|487889
1200000|2|1645|5|5|1|2|720000|4|31987|701320
1200000|2|1646|5|1|0|0|480000|0|0|478391
1200000|2|1646|5|1|1|2|720000|0|0|710604
1200000|2|1646|5|1|0|0|480000|1|7993|477474
1200000|2|1646|5|1|1|2|720000|1|7993|707995
1200000|2|1646|5|1|0|0|480000|2|15989|478955
1200000|2|1646|5|1|1|2|720000|2|15989|706511
1200000|2|1646|5|1|0|0|480000|3|23988|481608
1200000|2|1646|5|1|1|2|720000|3|23988|706588
1200000|2|1646|5|1|0|0|480000|4|31989|484962
1200000|2|1646|5|1|1|2|720000|4|31989|706783
1200000|2|1646|5|2|0|0|480000|0|0|482992
1200000|2|1646|5|2|1|2|720000|0|0|705693
1200000|2|1646|5|2|0|0|480000|1|7992|484338
1200000|2|1646|5|2|1|2|720000|1|7992|702697
1200000|2|1646|5|2|0|0|480000|2|15988|487147
1200000|2|1646|5|2|1|2|720000|2|15988|700982
1200000|2|1646|5|2|0|0|480000|3|23986|490462
1200000|2|1646|5|2|1|2|720000|3|23986|700087
1200000|2|1646|5|2|0|0|480000|4|31986|493538
1200000|2|1646|5|2|1|2|720000|4|31986|700007
1200000|2|1646|5|3|0|0|480000|0|0|463569
1200000|2|1646|5|3|1|2|720000|0|0|718492
1200000|2|1646|5|3|0|0|480000|1|7991|460350
1200000|2|1646|5|3|1|2|720000|1|7991|715764
1200000|2|1646|5|3|0|0|480000|2|15986|460623
1200000|2|1646|5|3|1|2|720000|2|15986|715218
1200000|2|1646|5|3|0|0|480000|3|23984|462029
1200000|2|1646|5|3|1|2|720000|3|23984|715022
1200000|2|1646|5|3|0|0|480000|4|31985|464292
1200000|2|1646|5|3|1|2|720000|4|31985|715375
1200000|2|1646|5|4|0|0|480000|0|0|463064
1200000|2|1646|5|4|1|2|720000|0|0|717557
1200000|2|1646|5|4|0|0|480000|1|7992|458481
1200000|2|1646|5|4|1|2|720000|1|7992|715840
1200000|2|1646|5|4|0|0|480000|2|15989|457038
1200000|2|1646|5|4|1|2|720000|2|15989|715295
1200000|2|1646|5|4|0|0|480000|3|23987|457661
1200000|2|1646|5|4|1|2|720000|3|23987|715686
1200000|2|1646|5|4|0|0|480000|4|31988|459300
1200000|2|1646|5|4|1|2|720000|4|31988|716583
1200000|2|1646|5|5|0|0|480000|0|0|478978
1200000|2|1646|5|5|1|2|720000|0|0|715997
1200000|2|1646|5|5|0|0|480000|1|7992|479112
1200000|2|1646|5|5|1|2|720000|1|7992|714554
1200000|2|1646|5|5|0|0|480000|2|15989|481295
1200000|2|1646|5|5|1|2|720000|2|15989|714630
1200000|2|1646|5|5|0|0|480000|3|23987|483750
1200000|2|1646|5|5|1|2|720000|3|23987|715566
1200000|2|1646|5|5|0|0|480000|4|31988|487029
1200000|2|1646|5|5|1|2|720000|4|31988|716583
1200000|2|1647|5|1|0|0|480000|0|0|480732
1200000|2|1647|5|1|1|2|720000|0|0|715214
1200000|2|1647|5|1|0|0|480000|1|7992|480905
1200000|2|1647|5|1|1|2|720000|1|7992|712761
1200000|2|1647|5|1|0|0|480000|2|15987|482504
1200000|2|1647|5|1|1|2|720000|2|15987|711630
1200000|2|1647|5|1|0|0|480000|3|23986|484608
1200000|2|1647|5|1|1|2|720000|3|23986|711670
1200000|2|1647|5|1|0|0|480000|4|31986|487104
1200000|2|1647|5|1|1|2|720000|4|31986|711904
1200000|2|1647|5|2|0|0|480000|0|0|481199
1200000|2|1647|5|2|1|2|720000|0|0|705972
1200000|2|1647|5|2|0|0|480000|1|7990|481920
1200000|2|1647|5|2|1|2|720000|1|7990|702934
1200000|2|1647|5|2|0|0|480000|2|15984|483635
1200000|2|1647|5|2|1|2|720000|2|15984|701525
1200000|2|1647|5|2|0|0|480000|3|23980|485155
1200000|2|1647|5|2|1|2|720000|3|23980|701181
1200000|2|1647|5|2|0|0|480000|4|31979|486872
1200000|2|1647|5|2|1|2|720000|4|31979|701879
1200000|2|1647|5|3|0|0|480000|0|0|480965
1200000|2|1647|5|3|1|2|720000|0|0|703636
1200000|2|1647|5|3|0|0|480000|1|7991|480672
1200000|2|1647|5|3|1|2|720000|1|7991|700594
1200000|2|1647|5|3|0|0|480000|2|15987|481725
1200000|2|1647|5|3|1|2|720000|2|15987|698720
1200000|2|1647|5|3|0|0|480000|3|23985|483831
1200000|2|1647|5|3|1|2|720000|3|23985|697591
1200000|2|1647|5|3|0|0|480000|4|31984|485700
1200000|2|1647|5|3|1|2|720000|4|31984|697280
1200000|2|1647|5|4|0|0|480000|0|0|478353
1200000|2|1647|5|4|1|2|720000|0|0|707380
1200000|2|1647|5|4|0|0|480000|1|7991|477785
1200000|2|1647|5|4|1|2|720000|1|7991|704453
1200000|2|1647|5|4|0|0|480000|2|15986|479153
1200000|2|1647|5|4|1|2|720000|2|15986|702699
1200000|2|1647|5|4|0|0|480000|3|23983|480941
1200000|2|1647|5|4|1|2|720000|3|23983|702190
1200000|2|1647|5|4|0|0|480000|4|31983|483167
1200000|2|1647|5|4|1|2|720000|4|31983|703049
1200000|2|1647|5|5|0|0|480000|0|0|452223
1200000|2|1647|5|5|1|2|720000|0|0|718764
1200000|2|1647|5|5|0|0|480000|1|7994|442062
1200000|2|1647|5|5|1|2|720000|1|7994|716930
1200000|2|1647|5|5|0|0|480000|2|15992|437460
1200000|2|1647|5|5|1|2|720000|2|15992|717284
1200000|2|1647|5|5|0|0|480000|3|23993|436173
1200000|2|1647|5|5|1|2|720000|3|23993|717830
1200000|2|1647|5|5|0|0|480000|4|31994|436759
1200000|2|1647|5|5|1|2|720000|4|31994|718886
1200000|2|1648|5|1|0|0|480000|0|0|479718
1200000|2|1648|5|1|1|2|720000|0|0|713696
1200000|2|1648|5|1|0|0|480000|1|7992|479345
1200000|2|1648|5|1|1|2|720000|1|7992|711435
1200000|2|1648|5|1|0|0|480000|2|15988|481492
1200000|2|1648|5|1|1|2|720000|2|15988|710966
1200000|2|1648|5|1|0|0|480000|3|23987|483790
1200000|2|1648|5|1|1|2|720000|3|23987|711395
1200000|2|1648|5|1|0|0|480000|4|31988|486678
1200000|2|1648|5|1|1|2|720000|4|31988|712565
1200000|2|1648|5|2|0|0|480000|0|0|453663
1200000|2|1648|5|2|1|2|720000|0|0|720288
1200000|2|1648|5|2|0|0|480000|1|7993|443971
1200000|2|1648|5|2|1|2|720000|1|7993|718415
1200000|2|1648|5|2|0|0|480000|2|15990|440269
1200000|2|1648|5|2|1|2|720000|2|15990|717793
1200000|2|1648|5|2|0|0|480000|3|23989|439877
1200000|2|1648|5|2|1|2|720000|3|23989|718064
1200000|2|1648|5|2|0|0|480000|4|31989|441243
1200000|2|1648|5|2|1|2|720000|4|31989|718767
1200000|2|1648|5|3|0|0|480000|0|0|463767
1200000|2|1648|5|3|1|2|720000|0|0|724380
1200000|2|1648|5|3|0|0|480000|1|7992|460898
1200000|2|1648|5|3|1|2|720000|1|7992|722862
1200000|2|1648|5|3|0|0|480000|2|15989|461328
1200000|2|1648|5|3|1|2|720000|2|15989|722665
1200000|2|1648|5|3|0|0|480000|3|23988|463123
1200000|2|1648|5|3|1|2|720000|3|23988|723798
1200000|2|1648|5|3|0|0|480000|4|31989|466358
1200000|2|1648|5|3|1|2|720000|4|31989|724967
1200000|2|1648|5|4|0|0|480000|0|0|483697
1200000|2|1648|5|4|1|2|720000|0|0|717011
1200000|2|1648|5|4|0|0|480000|1|7993|485236
1200000|2|1648|5|4|1|2|720000|1|7993|715686
1200000|2|1648|5|4|0|0|480000|2|15991|488081
1200000|2|1648|5|4|1|2|720000|2|15991|715647
1200000|2|1648|5|4|0|0|480000|3|23991|492292
1200000|2|1648|5|4|1|2|720000|3|23991|716113
1200000|2|1648|5|4|0|0|480000|4|31992|496310
1200000|2|1648|5|4|1|2|720000|4|31992|717477
1200000|2|1648|5|5|0|0|480000|0|0|482407
1200000|2|1648|5|5|1|2|720000|0|0|716855
1200000|2|1648|5|5|0|0|480000|1|7993|483987
1200000|2|1648|5|5|1|2|720000|1|7993|715607
1200000|2|1648|5|5|0|0|480000|2|15990|487693
1200000|2|1648|5|5|1|2|720000|2|15990|715607
1200000|2|1648|5|5|0|0|480000|3|23989|491944
1200000|2|1648|5|5|1|2|720000|3|23989|716389
1200000|2|1648|5|5|0|0|480000|4|31990|496349
1200000|2|1648|5|5|1|2|720000|4|31990|717559
1200000|2|1649|5|1|0|0|480000|0|0|454367
1200000|2|1649|5|1|1|2|720000|0|0|720291
1200000|2|1649|5|1|0|0|480000|1|7993|445336
1200000|2|1649|5|1|1|2|720000|1|7993|718454
1200000|2|1649|5|1|0|0|480000|2|15989|441828
1200000|2|1649|5|1|1|2|720000|2|15989|718259
1200000|2|1649|5|1|0|0|480000|3|23989|441866
1200000|2|1649|5|1|1|2|720000|3|23989|718530
1200000|2|1649|5|1|0|0|480000|4|31990|444558
1200000|2|1649|5|1|1|2|720000|4|31990|719430
1200000|2|1649|5|2|0|0|480000|0|0|481162
1200000|2|1649|5|2|1|2|720000|0|0|711786
1200000|2|1649|5|2|0|0|480000|1|7992|482583
1200000|2|1649|5|2|1|2|720000|1|7992|709562
1200000|2|1649|5|2|0|0|480000|2|15988|486050
1200000|2|1649|5|2|1|2|720000|2|15988|708704
1200000|2|1649|5|2|0|0|480000|3|23986|490226
1200000|2|1649|5|2|1|2|720000|3|23986|709562
1200000|2|1649|5|2|0|0|480000|4|31988|494594
1200000|2|1649|5|2|1|2|720000|4|31988|710616
1200000|2|1649|5|3|0|0|480000|0|0|483383
1200000|2|1649|5|3|1|2|720000|0|0|710264
1200000|2|1649|5|3|0|0|480000|1|7993|485002
1200000|2|1649|5|3|1|2|720000|1|7993|708862
1200000|2|1649|5|3|0|0|480000|2|15990|488199
1200000|2|1649|5|3|1|2|720000|2|15990|708978
1200000|2|1649|5|3|0|0|480000|3|23989|491827
1200000|2|1649|5|3|1|2|720000|3|23989|709876
1200000|2|1649|5|3|0|0|480000|4|31990|496194
1200000|2|1649|5|3|1|2|720000|4|31990|711473
1200000|2|1649|5|4|0|0|480000|0|0|482331
1200000|2|1649|5|4|1|2|720000|0|0|717947
1200000|2|1649|5|4|0|0|480000|1|7993|482502
1200000|2|1649|5|4|1|2|720000|1|7993|717988
1200000|2|1649|5|4|0|0|480000|2|15991|484260
1200000|2|1649|5|4|1|2|720000|2|15991|720094
1200000|2|1649|5|4|0|0|480000|3|23992|487302
1200000|2|1649|5|4|1|2|720000|3|23992|721926
1200000|2|1649|5|4|0|0|480000|4|31996|490617
1200000|2|1649|5|4|1|2|720000|4|31996|723873
1200000|2|1649|5|5|0|0|480000|0|0|483931
1200000|2|1649|5|5|1|2|720000|0|0|718609
1200000|2|1649|5|5|0|0|480000|1|7993|485547
1200000|2|1649|5|5|1|2|720000|1|7993|718766
1200000|2|1649|5|5|0|0|480000|2|15990|488315
1200000|2|1649|5|5|1|2|720000|2|15990|719742
1200000|2|1649|5|5|0|0|480000|3|23990|491121
1200000|2|1649|5|5|1|2|720000|3|23990|721184
1200000|2|1649|5|5|0|0|480000|4|31991|494556
1200000|2|1649|5|5|1|2|720000|4|31991|723094
1200000|2|1650|5|1|0|0|480000|0|0|480421
1200000|2|1650|5|1|1|2|720000|0|0|719934
1200000|2|1650|5|1|0|0|480000|1|7992|480477
1200000|2|1650|5|1|1|2|720000|1|7992|720874
1200000|2|1650|5|1|0|0|480000|2|15991|482037
1200000|2|1650|5|1|1|2|720000|2|15991|722005
1200000|2|1650|5|1|0|0|480000|3|23991|484417
1200000|2|1650|5|1|1|2|720000|3|23991|723564
1200000|2|1650|5|1|0|0|480000|4|31992|487341
1200000|2|1650|5|1|1|2|720000|4|31992|725552
1200000|2|1650|5|2|0|0|480000|0|1|453156
1200000|2|1650|5|2|1|2|720000|0|1|728048
1200000|2|1650|5|2|0|0|480000|1|7993|443582
1200000|2|1650|5|2|1|2|720000|1|7993|726878
1200000|2|1650|5|2|0|0|480000|2|15989|440113
1200000|2|1650|5|2|1|2|720000|2|15989|726995
1200000|2|1650|5|2|0|0|480000|3|23988|440186
1200000|2|1650|5|2|1|2|720000|3|23988|727970
1200000|2|1650|5|2|0|0|480000|4|31988|442061
1200000|2|1650|5|2|1|2|720000|4|31988|729024
1200000|2|1650|5|3|0|0|480000|0|1|461779
1200000|2|1650|5|3|1|2|720000|0|1|720287
1200000|2|1650|5|3|0|0|480000|1|7993|457543
1200000|2|1650|5|3|1|2|720000|1|7993|718494
1200000|2|1650|5|3|0|0|480000|2|15989|456649
1200000|2|1650|5|3|1|2|720000|2|15989|717909
1200000|2|1650|5|3|0|0|480000|3|23988|458090
1200000|2|1650|5|3|1|2|720000|3|23988|717908
1200000|2|1650|5|3|0|0|480000|4|31988|460509
1200000|2|1650|5|3|1|2|720000|4|31988|718767
1200000|2|1650|5|4|0|0|480000|0|0|483695
1200000|2|1650|5|4|1|2|720000|0|0|715140
1200000|2|1650|5|4|0|0|480000|1|7993|485625
1200000|2|1650|5|4|1|2|720000|1|7993|714047
1200000|2|1650|5|4|0|0|480000|2|15990|488198
1200000|2|1650|5|4|1|2|720000|2|15990|713812
1200000|2|1650|5|4|0|0|480000|3|23989|491008
1200000|2|1650|5|4|1|2|720000|3|23989|713656
1200000|2|1650|5|4|0|0|480000|4|31990|494596
1200000|2|1650|5|4|1|2|720000|4|31990|714399
1200000|2|1650|5|5|0|0|480000|0|0|484046
1200000|2|1650|5|5|1|2|720000|0|0|711084
1200000|2|1650|5|5|0|0|480000|1|7993|485859
1200000|2|1650|5|5|1|2|720000|1|7993|709485
1200000|2|1650|5|5|0|0|480000|2|15991|488862
1200000|2|1650|5|5|1|2|720000|2|15991|708939
1200000|2|1650|5|5|0|0|480000|3|23990|492840
1200000|2|1650|5|5|1|2|720000|3|23990|709563
1200000|2|1650|5|5|0|0|480000|4|31991|497207
1200000|2|1650|5|5|1|2|720000|4|31991|710344
1200000|2|1651|5|1|0|0|480000|0|0|484319
1200000|2|1651|5|1|1|2|720000|0|0|717559
1200000|2|1651|5|1|0|0|480000|1|7994|487027
1200000|2|1651|5|1|1|2|720000|1|7994|717052
1200000|2|1651|5|1|0|0|480000|2|15993|490499
1200000|2|1651|5|1|1|2|720000|2|15993|717404
1200000|2|1651|5|1|0|0|480000|3|23993|493972
1200000|2|1651|5|1|1|2|720000|3|23993|717753
1200000|2|1651|5|1|0|0|480000|4|31994|498535
1200000|2|1651|5|1|1|2|720000|4|31994|718649
1200000|2|1651|5|2|0|0|480000|0|0|484632
1200000|2|1651|5|2|1|2|720000|0|0|715802
1200000|2|1651|5|2|0|0|480000|1|7995|486990
1200000|2|1651|5|2|1|2|720000|1|7995|715140
1200000|2|1651|5|2|0|0|480000|2|15994|491007
1200000|2|1651|5|2|1|2|720000|2|15994|715451
1200000|2|1651|5|2|0|0|480000|3|23995|495644
1200000|2|1651|5|2|1|2|720000|3|23995|716505
1200000|2|1651|5|2|0|0|480000|4|31997|501029
1200000|2|1651|5|2|1|2|720000|4|31997|718101
1200000|2|1651|5|3|0|0|480000|0|0|465445
1200000|2|1651|5|3|1|2|720000|0|0|730854
1200000|2|1651|5|3|0|0|480000|1|7995|464604
1200000|2|1651|5|3|1|2|720000|1|7995|730934
1200000|2|1651|5|3|0|0|480000|2|15994|466906
1200000|2|1651|5|3|1|2|720000|2|15994|732184
1200000|2|1651|5|3|0|0|480000|3|23995|470921
1200000|2|1651|5|3|1|2|720000|3|23995|733665
1200000|2|1651|5|3|0|0|480000|4|31996|476105
1200000|2|1651|5|3|1|2|720000|4|31996|734560
1200000|2|1651|5|4|0|0|480000|0|0|487205
1200000|2|1651|5|4|1|2|720000|0|0|713971
1200000|2|1651|5|4|0|0|480000|1|7993|491201
1200000|2|1651|5|4|1|2|720000|1|7993|712411
1200000|2|1651|5|4|0|0|480000|2|15991|496699
1200000|2|1651|5|4|1|2|720000|2|15991|712016
1200000|2|1651|5|4|0|0|480000|3|23991|503134
1200000|2|1651|5|4|1|2|720000|3|23991|712256
1200000|2|1651|5|4|0|0|480000|4|31992|509298
1200000|2|1651|5|4|1|2|720000|4|31992|712799
1200000|2|1651|5|5|0|0|480000|0|0|456201
1200000|2|1651|5|5|1|2|720000|0|0|715727
1200000|2|1651|5|5|0|0|480000|1|7993|449472
1200000|2|1651|5|5|1|2|720000|1|7993|713344
1200000|2|1651|5|5|0|0|480000|2|15990|448846
1200000|2|1651|5|5|1|2|720000|2|15990|712604
1200000|2|1651|5|5|0|0|480000|3|23989|451461
1200000|2|1651|5|5|1|2|720000|3|23989|713463
1200000|2|1651|5|5|0|0|480000|4|31991|456295
1200000|2|1651|5|5|1|2|720000|4|31991|714709
1200000|2|1652|5|1|0|0|480000|0|0|465287
1200000|2|1652|5|1|1|2|720000|0|0|723485
1200000|2|1652|5|1|0|0|480000|1|7993|464214
1200000|2|1652|5|1|1|2|720000|1|7993|721302
1200000|2|1652|5|1|0|0|480000|2|15990|466436
1200000|2|1652|5|1|1|2|720000|2|15990|720795
1200000|2|1652|5|1|0|0|480000|3|23989|470767
1200000|2|1652|5|1|1|2|720000|3|23989|721417
1200000|2|1652|5|1|0|0|480000|4|31991|476031
1200000|2|1652|5|1|1|2|720000|4|31991|722627
1200000|2|1652|5|2|0|0|480000|0|0|487634
1200000|2|1652|5|2|1|2|720000|0|0|707263
1200000|2|1652|5|2|0|0|480000|1|7993|491048
1200000|2|1652|5|2|1|2|720000|1|7993|705894
1200000|2|1652|5|2|0|0|480000|2|15990|495609
1200000|2|1652|5|2|1|2|720000|2|15990|706755
1200000|2|1652|5|2|0|0|480000|3|23991|501068
1200000|2|1652|5|2|1|2|720000|3|23991|707223
1200000|2|1652|5|2|0|0|480000|4|31993|507190
1200000|2|1652|5|2|1|2|720000|4|31993|707807
1200000|2|1652|5|3|0|0|480000|0|0|456902
1200000|2|1652|5|3|1|2|720000|0|0|718492
1200000|2|1652|5|3|0|0|480000|1|7994|449784
1200000|2|1652|5|3|1|2|720000|1|7994|717168
1200000|2|1652|5|3|0|0|480000|2|15992|449316
1200000|2|1652|5|3|1|2|720000|2|15992|716933
1200000|2|1652|5|3|0|0|480000|3|23992|451847
1200000|2|1652|5|3|1|2|720000|3|23992|716855
1200000|2|1652|5|3|0|0|480000|4|31992|456259
1200000|2|1652|5|3|1|2|720000|4|31992|717714
1200000|2|1652|5|4|0|0|480000|0|0|456083
1200000|2|1652|5|4|1|2|720000|0|0|724811
1200000|2|1652|5|4|0|0|480000|1|7994|448496
1200000|2|1652|5|4|1|2|720000|1|7994|722549
1200000|2|1652|5|4|0|0|480000|2|15991|446820
1200000|2|1652|5|4|1|2|720000|2|15991|722277
1200000|2|1652|5|4|0|0|480000|3|23991|448809
1200000|2|1652|5|4|1|2|720000|3|23991|722900
1200000|2|1652|5|4|0|0|480000|4|31992|452202
1200000|2|1652|5|4|1|2|720000|4|31992|724303
1200000|2|1652|5|5|0|0|480000|0|0|484589
1200000|2|1652|5|5|1|2|720000|0|0|714247
1200000|2|1652|5|5|0|0|480000|1|7993|487107
1200000|2|1652|5|5|1|2|720000|1|7993|713190
1200000|2|1652|5|5|0|0|480000|2|15990|490267
1200000|2|1652|5|5|1|2|720000|2|15990|713345
1200000|2|1652|5|5|0|0|480000|3|23989|494165
1200000|2|1652|5|5|1|2|720000|3|23989|713814
1200000|2|1652|5|5|0|0|480000|4|31989|498340
1200000|2|1652|5|5|1|2|720000|4|31989|714630
1200000|2|1653|5|1|0|0|480000|0|0|481316
1200000|2|1653|5|1|1|2|720000|0|0|709719
1200000|2|1653|5|1|0|0|480000|1|7994|482115
1200000|2|1653|5|1|1|2|720000|1|7994|708043
1200000|2|1653|5|1|0|0|480000|2|15992|484143
1200000|2|1653|5|1|1|2|720000|2|15992|707259
1200000|2|1653|5|1|0|0|480000|3|23991|487068
1200000|2|1653|5|1|1|2|720000|3|23991|707340
1200000|2|1653|5|1|0|0|480000|4|31992|490384
1200000|2|1653|5|1|1|2|720000|4|31992|707885
1200000|2|1653|5|2|0|0|480000|0|0|481708
1200000|2|1653|5|2|1|2|720000|0|0|713932
1200000|2|1653|5|2|0|0|480000|1|7992|482346
1200000|2|1653|5|2|1|2|720000|1|7992|712683
1200000|2|1653|5|2|0|0|480000|2|15990|484572
1200000|2|1653|5|2|1|2|720000|2|15990|712957
1200000|2|1653|5|2|0|0|480000|3|23990|486640
1200000|2|1653|5|2|1|2|720000|3|23990|713541
1200000|2|1653|5|2|0|0|480000|4|31991|489327
1200000|2|1653|5|2|1|2|720000|4|31991|714594
1200000|2|1653|5|3|0|0|480000|0|0|479367
1200000|2|1653|5|3|1|2|720000|0|0|720874
1200000|2|1653|5|3|0|0|480000|1|7995|478370
1200000|2|1653|5|3|1|2|720000|1|7995|720405
1200000|2|1653|5|3|0|0|480000|2|15993|478799
1200000|2|1653|5|3|1|2|720000|2|15993|720948
1200000|2|1653|5|3|0|0|480000|3|23994|479852
1200000|2|1653|5|3|1|2|720000|3|23994|722314
1200000|2|1653|5|3|0|0|480000|4|31996|481527
1200000|2|1653|5|3|1|2|720000|4|31996|724657
1200000|2|1653|5|4|0|0|480000|0|0|450273
1200000|2|1653|5|4|1|2|720000|0|0|733388
1200000|2|1653|5|4|0|0|480000|1|7995|437693
1200000|2|1653|5|4|1|2|720000|1|7995|734054
1200000|2|1653|5|4|0|0|480000|2|15995|431608
1200000|2|1653|5|4|1|2|720000|2|15995|735773
1200000|2|1653|5|4|0|0|480000|3|23996|429268
1200000|2|1653|5|4|1|2|720000|3|23996|738189
1200000|2|1653|5|4|0|0|480000|4|31999|428607
1200000|2|1653|5|4|1|2|720000|4|31999|741152
1200000|2|1653|5|5|0|0|480000|0|0|459907
1200000|2|1653|5|5|1|2|720000|0|0|733119
1200000|2|1653|5|5|0|0|480000|1|7997|453877
1200000|2|1653|5|5|1|2|720000|1|7997|733507
1200000|2|1653|5|5|0|0|480000|2|15997|451812
1200000|2|1653|5|5|1|2|720000|2|15997|735577
1200000|2|1653|5|5|0|0|480000|3|24000|451657
1200000|2|1653|5|5|1|2|720000|3|24000|737955
1200000|2|1653|5|5|0|0|480000|4|32004|452085
1200000|2|1653|5|5|1|2|720000|4|32004|740413
1200000|2|1654|5|1|0|0|480000|0|0|479327
1200000|2|1654|5|1|1|2|720000|0|0|722860
1200000|2|1654|5|1|0|0|480000|1|7995|478525
1200000|2|1654|5|1|1|2|720000|1|7995|723954
1200000|2|1654|5|1|0|0|480000|2|15995|479307
1200000|2|1654|5|1|1|2|720000|2|15995|725903
1200000|2|1654|5|1|0|0|480000|3|23997|480830
1200000|2|1654|5|1|1|2|720000|3|23997|728947
1200000|2|1654|5|1|0|0|480000|4|32001|481646
1200000|2|1654|5|1|1|2|720000|4|32001|731521
1200000|2|1654|5|2|0|0|480000|0|0|459984
1200000|2|1654|5|2|1|2|720000|0|0|731675
1200000|2|1654|5|2|0|0|480000|1|7995|454072
1200000|2|1654|5|2|1|2|720000|1|7995|733002
1200000|2|1654|5|2|0|0|480000|2|15995|451501
1200000|2|1654|5|2|1|2|720000|2|15995|735225
1200000|2|1654|5|2|0|0|480000|3|23997|450876
1200000|2|1654|5|2|1|2|720000|3|23997|737292
1200000|2|1654|5|2|0|0|480000|4|32000|451618
1200000|2|1654|5|2|1|2|720000|4|32000|740490
1200000|2|1654|5|3|0|0|480000|0|0|451637
1200000|2|1654|5|3|1|2|720000|0|0|739316
1200000|2|1654|5|3|0|0|480000|1|7996|440696
1200000|2|1654|5|3|1|2|720000|1|7996|739984
1200000|2|1654|5|3|0|0|480000|2|15996|436330
1200000|2|1654|5|3|1|2|720000|2|15996|741972
1200000|2|1654|5|3|0|0|480000|3|23998|435705
1200000|2|1654|5|3|1|2|720000|3|23998|744272
1200000|2|1654|5|3|0|0|480000|4|32000|436563
1200000|2|1654|5|3|1|2|720000|4|32000|746573
1200000|2|1654|5|4|0|0|480000|0|0|479056
1200000|2|1654|5|4|1|2|720000|0|0|718454
1200000|2|1654|5|4|0|0|480000|1|7994|478723
1200000|2|1654|5|4|1|2|720000|1|7994|718726
1200000|2|1654|5|4|0|0|480000|2|15994|479850
1200000|2|1654|5|4|1|2|720000|2|15994|719898
1200000|2|1654|5|4|0|0|480000|3|23995|482076
1200000|2|1654|5|4|1|2|720000|3|23995|721145
1200000|2|1654|5|4|0|0|480000|4|31998|484608
1200000|2|1654|5|4|1|2|720000|4|31998|723135
1200000|2|1654|5|5|0|0|480000|0|0|482682
1200000|2|1654|5|5|1|2|720000|0|0|716619
1200000|2|1654|5|5|0|0|480000|1|7994|483557
1200000|2|1654|5|5|1|2|720000|1|7994|715644
1200000|2|1654|5|5|0|0|480000|2|15991|485040
1200000|2|1654|5|5|1|2|720000|2|15991|716699
1200000|2|1654|5|5|0|0|480000|3|23992|487495
1200000|2|1654|5|5|1|2|720000|3|23992|717830
1200000|2|1654|5|5|0|0|480000|4|31994|490109
1200000|2|1654|5|5|1|2|720000|4|31994|719119
1200000|2|1655|5|1|0|0|480000|0|0|451949
1200000|2|1655|5|1|1|2|720000|0|0|722940
1200000|2|1655|5|1|0|0|480000|1|7994|441164
1200000|2|1655|5|1|1|2|720000|1|7994|721458
1200000|2|1655|5|1|0|0|480000|2|15992|436056
1200000|2|1655|5|1|1|2|720000|2|15992|720834
1200000|2|1655|5|1|0|0|480000|3|23992|434105
1200000|2|1655|5|1|1|2|720000|3|23992|721064
1200000|2|1655|5|1|0|0|480000|4|31993|434222
1200000|2|1655|5|1|1|2|720000|4|31993|722276
1200000|2|1655|5|2|0|0|480000|0|0|452340
1200000|2|1655|5|2|1|2|720000|0|0|732064
1200000|2|1655|5|2|0|0|480000|1|7996|442178
1200000|2|1655|5|2|1|2|720000|1|7996|731636
1200000|2|1655|5|2|0|0|480000|2|15995|438122
1200000|2|1655|5|2|1|2|720000|2|15995|732495
1200000|2|1655|5|2|0|0|480000|3|23996|438240
1200000|2|1655|5|2|1|2|720000|3|23996|733273
1200000|2|1655|5|2|0|0|480000|4|31997|439761
1200000|2|1655|5|2|1|2|720000|4|31997|734446
1200000|2|1655|5|3|0|0|480000|0|0|482369
1200000|2|1655|5|3|1|2|720000|0|0|715142
1200000|2|1655|5|3|0|0|480000|1|7995|483908
1200000|2|1655|5|3|1|2|720000|1|7995|713930
1200000|2|1655|5|3|0|0|480000|2|15994|487146
1200000|2|1655|5|3|1|2|720000|2|15994|713931
1200000|2|1655|5|3|0|0|480000|3|23995|490928
1200000|2|1655|5|3|1|2|720000|3|23995|714594
1200000|2|1655|5|3|0|0|480000|4|31997|495334
1200000|2|1655|5|3|1|2|720000|4|31997|715958
1200000|2|1655|5|4|0|0|480000|0|0|485216
1200000|2|1655|5|4|1|2|720000|0|0|718338
1200000|2|1655|5|4|0|0|480000|1|7995|487769
1200000|2|1655|5|4|1|2|720000|1|7995|717752
1200000|2|1655|5|4|0|0|480000|2|15994|491514
1200000|2|1655|5|4|1|2|720000|2|15994|718026
1200000|2|1655|5|4|0|0|480000|3|23995|495606
1200000|2|1655|5|4|1|2|720000|3|23995|719430
1200000|2|1655|5|4|0|0|480000|4|31998|500249
1200000|2|1655|5|4|1|2|720000|4|31998|721768
1200000|2|1655|5|5|0|0|480000|0|0|455303
1200000|2|1655|5|5|1|2|720000|0|0|726839
1200000|2|1655|5|5|0|0|480000|1|7994|446780
1200000|2|1655|5|5|1|2|720000|1|7994|725201
1200000|2|1655|5|5|0|0|480000|2|15993|444129
1200000|2|1655|5|5|1|2|720000|2|15993|725240
1200000|2|1655|5|5|0|0|480000|3|23993|444949
1200000|2|1655|5|5|1|2|720000|3|23993|725786
1200000|2|1655|5|5|0|0|480000|4|31996|447324
1200000|2|1655|5|5|1|2|720000|4|31996|727346
1200000|2|1656|5|1|0|0|480000|0|0|482762
1200000|2|1656|5|1|1|2|720000|0|0|717637
1200000|2|1656|5|1|0|0|480000|1|7995|484261
1200000|2|1656|5|1|1|2|720000|1|7995|716505
1200000|2|1656|5|1|0|0|480000|2|15993|487340
1200000|2|1656|5|1|1|2|720000|2|15993|716933
1200000|2|1656|5|1|0|0|480000|3|23994|491319
1200000|2|1656|5|1|1|2|720000|3|23994|718142
1200000|2|1656|5|1|0|0|480000|4|31996|495725
1200000|2|1656|5|1|1|2|720000|4|31996|719781
1200000|2|1656|5|2|0|0|480000|0|0|484046
1200000|2|1656|5|2|1|2|720000|0|0|713346
1200000|2|1656|5|2|0|0|480000|1|7992|485859
1200000|2|1656|5|2|1|2|720000|1|7992|711357
1200000|2|1656|5|2|0|0|480000|2|15989|489136
1200000|2|1656|5|2|1|2|720000|2|15989|710461
1200000|2|1656|5|2|0|0|480000|3|23988|493307
1200000|2|1656|5|2|1|2|720000|3|23988|710576
1200000|2|1656|5|2|0|0|480000|4|31988|497403
1200000|2|1656|5|2|1|2|720000|4|31988|711006
1200000|2|1656|5|3|0|0|480000|0|0|464156
1200000|2|1656|5|3|1|2|720000|0|0|716973
1200000|2|1656|5|3|0|0|480000|1|7992|461835
1200000|2|1656|5|3|1|2|720000|1|7992|714906
1200000|2|1656|5|3|0|0|480000|2|15987|461719
1200000|2|1656|5|3|1|2|720000|2|15987|714357
1200000|2|1656|5|3|0|0|480000|3|23986|463940
1200000|2|1656|5|3|1|2|720000|3|23986|715412
1200000|2|1656|5|3|0|0|480000|4|31987|466865
1200000|2|1656|5|3|1|2|720000|4|31987|716034
1200000|2|1656|5|4|0|0|480000|0|0|463843
1200000|2|1656|5|4|1|2|720000|0|0|717558
1200000|2|1656|5|4|0|0|480000|1|7992|460626
1200000|2|1656|5|4|1|2|720000|1|7992|715803
1200000|2|1656|5|4|0|0|480000|2|15988|460783
1200000|2|1656|5|4|1|2|720000|2|15988|715297
1200000|2|1656|5|4|0|0|480000|3|23987|462767
1200000|2|1656|5|4|1|2|720000|3|23987|715527
1200000|2|1656|5|4|0|0|480000|4|31987|465656
1200000|2|1656|5|4|1|2|720000|4|31987|715842
1200000|2|1656|5|5|0|0|480000|0|0|462713
1200000|2|1656|5|5|1|2|720000|0|0|727191
1200000|2|1656|5|5|0|0|480000|1|7994|458635
1200000|2|1656|5|5|1|2|720000|1|7994|725747
1200000|2|1656|5|5|0|0|480000|2|15991|458246
1200000|2|1656|5|5|1|2|720000|2|15991|725787
1200000|2|1656|5|5|0|0|480000|3|23991|459884
1200000|2|1656|5|5|1|2|720000|3|23991|726293
1200000|2|1656|5|5|0|0|480000|4|31992|462732
1200000|2|1656|5|5|1|2|720000|4|31992|727660
1200000|2|1657|5|1|0|0|480000|0|0|452493
1200000|2|1657|5|1|1|2|720000|0|0|729491
1200000|2|1657|5|1|0|0|480000|1|7993|441868
1200000|2|1657|5|1|1|2|720000|1|7993|728553
1200000|2|1657|5|1|0|0|480000|2|15990|437656
1200000|2|1657|5|1|1|2|720000|2|15990|728828
1200000|2|1657|5|1|0|0|480000|3|23990|437656
1200000|2|1657|5|1|1|2|720000|3|23990|730078
1200000|2|1657|5|1|0|0|480000|4|31991|439216
1200000|2|1657|5|1|1|2|720000|4|31991|730973
1200000|2|1657|5|2|0|0|480000|0|0|461541
1200000|2|1657|5|2|1|2|720000|0|0|731208
1200000|2|1657|5|2|0|0|480000|1|7995|456687
1200000|2|1657|5|2|1|2|720000|1|7995|730623
1200000|2|1657|5|2|0|0|480000|2|15992|455204
1200000|2|1657|5|2|1|2|720000|2|15992|730935
1200000|2|1657|5|2|0|0|480000|3|23992|455087
1200000|2|1657|5|2|1|2|720000|3|23992|732300
1200000|2|1657|5|2|0|0|480000|4|31994|456764
1200000|2|1657|5|2|1|2|720000|4|31994|734485
1200000|2|1657|5|3|0|0|480000|0|0|479717
1200000|2|1657|5|3|1|2|720000|0|0|719743
1200000|2|1657|5|3|0|0|480000|1|7994|479190
1200000|2|1657|5|3|1|2|720000|1|7994|719469
1200000|2|1657|5|3|0|0|480000|2|15991|479853
1200000|2|1657|5|3|1|2|720000|2|15991|720444
1200000|2|1657|5|3|0|0|480000|3|23991|480825
1200000|2|1657|5|3|1|2|720000|3|23991|722473
1200000|2|1657|5|3|0|0|480000|4|31993|481802
1200000|2|1657|5|3|1|2|720000|4|31993|724695
1200000|2|1657|5|4|0|0|480000|0|0|451871
1200000|2|1657|5|4|1|2|720000|0|0|731949
1200000|2|1657|5|4|0|0|480000|1|7995|440814
1200000|2|1657|5|4|1|2|720000|1|7995|731910
1200000|2|1657|5|4|0|0|480000|2|15993|435315
1200000|2|1657|5|4|1|2|720000|2|15993|732768
1200000|2|1657|5|4|0|0|480000|3|23993|432818
1200000|2|1657|5|4|1|2|720000|3|23993|734601
1200000|2|1657|5|4|0|0|480000|4|31996|432351
1200000|2|1657|5|4|1|2|720000|4|31996|736550
1200000|2|1657|5|5|0|0|480000|0|0|478935
1200000|2|1657|5|5|1|2|720000|0|0|723642
1200000|2|1657|5|5|0|0|480000|1|7994|477628
1200000|2|1657|5|5|1|2|720000|1|7994|724463
1200000|2|1657|5|5|0|0|480000|2|15993|477982
1200000|2|1657|5|5|1|2|720000|2|15993|726451
1200000|2|1657|5|5|0|0|480000|3|23994|478679
1200000|2|1657|5|5|1|2|720000|3|23994|729490
1200000|2|1657|5|5|0|0|480000|4|31997|480125
1200000|2|1657|5|5|1|2|720000|4|31997|732807
1200000|2|1658|5|1|0|0|480000|0|0|478782
1200000|2|1658|5|1|1|2|720000|0|0|723135
1200000|2|1658|5|1|0|0|480000|1|7995|477552
1200000|2|1658|5|1|1|2|720000|1|7995|724149
1200000|2|1658|5|1|0|0|480000|2|15994|477748
1200000|2|1658|5|1|1|2|720000|2|15994|727619
1200000|2|1658|5|1|0|0|480000|3|23997|478488
1200000|2|1658|5|1|1|2|720000|3|23997|730271
1200000|2|1658|5|1|0|0|480000|4|32000|479891
1200000|2|1658|5|1|1|2|720000|4|32000|732962
1200000|2|1658|5|2|0|0|480000|0|0|451014
1200000|2|1658|5|2|1|2|720000|0|0|731247
1200000|2|1658|5|2|0|0|480000|1|7994|439643
1200000|2|1658|5|2|1|2|720000|1|7994|730933
1200000|2|1658|5|2|0|0|480000|2|15992|433911
1200000|2|1658|5|2|1|2|720000|2|15992|732456
1200000|2|1658|5|2|0|0|480000|3|23994|431728
1200000|2|1658|5|2|1|2|720000|3|23994|734796
1200000|2|1658|5|2|0|0|480000|4|31997|431765
1200000|2|1658|5|2|1|2|720000|4|31997|738071
1200000|2|1658|5|3|0|0|480000|0|0|452535
1200000|2|1658|5|3|1|2|720000|0|0|735108
1200000|2|1658|5|3|0|0|480000|1|7996|442452
1200000|2|1658|5|3|1|2|720000|1|7996|736316
1200000|2|1658|5|3|0|0|480000|2|15996|438279
1200000|2|1658|5|3|1|2|720000|2|15996|738812
1200000|2|1658|5|3|0|0|480000|3|24000|437263
1200000|2|1658|5|3|1|2|720000|3|24000|741425
1200000|2|1658|5|3|0|0|480000|4|32004|438159
1200000|2|1658|5|3|1|2|720000|4|32004|744777
1200000|2|1658|5|4|0|0|480000|0|0|482019
1200000|2|1658|5|4|1|2|720000|0|0|719743
1200000|2|1658|5|4|0|0|480000|1|7995|482856
1200000|2|1658|5|4|1|2|720000|1|7995|719509
1200000|2|1658|5|4|0|0|480000|2|15994|484883
1200000|2|1658|5|4|1|2|720000|2|15994|720756
1200000|2|1658|5|4|0|0|480000|3|23997|488044
1200000|2|1658|5|4|1|2|720000|3|23997|722550
1200000|2|1658|5|4|0|0|480000|4|32000|491044
1200000|2|1658|5|4|1|2|720000|4|32000|724968
1200000|2|1658|5|5|0|0|480000|0|0|483032
1200000|2|1658|5|5|1|2|720000|0|0|721728
1200000|2|1658|5|5|0|0|480000|1|7995|484608
1200000|2|1658|5|5|1|2|720000|1|7995|721964
1200000|2|1658|5|5|0|0|480000|2|15995|487339
1200000|2|1658|5|5|1|2|720000|2|15995|724148
1200000|2|1658|5|5|0|0|480000|3|23998|490344
1200000|2|1658|5|5|1|2|720000|3|23998|726255
1200000|2|1658|5|5|0|0|480000|4|32002|494088
1200000|2|1658|5|5|1|2|720000|4|32002|729180
1200000|2|1659|5|1|0|0|480000|0|1|483814
1200000|2|1659|5|1|1|2|720000|0|1|719739
1200000|2|1659|5|1|0|0|480000|1|7996|485782
1200000|2|1659|5|1|1|2|720000|1|7996|719508
1200000|2|1659|5|1|0|0|480000|2|15994|489487
1200000|2|1659|5|1|1|2|720000|2|15994|721027
1200000|2|1659|5|1|0|0|480000|3|23996|493270
1200000|2|1659|5|1|1|2|720000|3|23996|723212
1200000|2|1659|5|1|0|0|480000|4|32000|496936
1200000|2|1659|5|1|1|2|720000|4|32000|725515
1200000|2|1659|5|2|0|0|480000|0|0|454641
1200000|2|1659|5|2|1|2|720000|0|0|731556
1200000|2|1659|5|2|0|0|480000|1|7994|445026
1200000|2|1659|5|2|1|2|720000|1|7994|732260
1200000|2|1659|5|2|0|0|480000|2|15994|441398
1200000|2|1659|5|2|1|2|720000|2|15994|734017
1200000|2|1659|5|2|0|0|480000|3|23996|440892
1200000|2|1659|5|2|1|2|720000|3|23996|735809
1200000|2|1659|5|2|0|0|480000|4|32000|442374
1200000|2|1659|5|2|1|2|720000|4|32000|738422
1200000|2|1659|5|3|0|0|480000|0|0|463377
1200000|2|1659|5|3|1|2|720000|0|0|731599
1200000|2|1659|5|3|0|0|480000|1|7996|459846
1200000|2|1659|5|3|1|2|720000|1|7996|731754
1200000|2|1659|5|3|0|0|480000|2|15996|459533
1200000|2|1659|5|3|1|2|720000|2|15996|733156
1200000|2|1659|5|3|0|0|480000|3|23998|461210
1200000|2|1659|5|3|1|2|720000|3|23998|735069
1200000|2|1659|5|3|0|0|480000|4|32002|463940
1200000|2|1659|5|3|1|2|720000|4|32002|737292
1200000|2|1659|5|4|0|0|480000|0|0|455340
1200000|2|1659|5|4|1|2|720000|0|0|727268
1200000|2|1659|5|4|0|0|480000|1|7993|447327
1200000|2|1659|5|4|1|2|720000|1|7993|726996
1200000|2|1659|5|4|0|0|480000|2|15992|444948
1200000|2|1659|5|4|1|2|720000|2|15992|727854
1200000|2|1659|5|4|0|0|480000|3|23993|445767
1200000|2|1659|5|4|1|2|720000|3|23993|728398
1200000|2|1659|5|4|0|0|480000|4|31995|448342
1200000|2|1659|5|4|1|2|720000|4|31995|729882
1200000|2|1659|5|5|0|0|480000|0|0|483656
1200000|2|1659|5|5|1|2|720000|0|0|714439
1200000|2|1659|5|5|0|0|480000|1|7993|485975
1200000|2|1659|5|5|1|2|720000|1|7993|712488
1200000|2|1659|5|5|0|0|480000|2|15991|490186
1200000|2|1659|5|5|1|2|720000|2|15991|711551
1200000|2|1659|5|5|0|0|480000|3|23991|495181
1200000|2|1659|5|5|1|2|720000|3|23991|711785
1200000|2|1659|5|5|0|0|480000|4|31993|500525
1200000|2|1659|5|5|1|2|720000|4|31993|712372
1200000|2|1660|5|1|0|0|480000|0|0|464859
1200000|2|1660|5|1|1|2|720000|0|0|719625
1200000|2|1660|5|1|0|0|480000|1|7994|463238
1200000|2|1660|5|1|1|2|720000|1|7994|718026
1200000|2|1660|5|1|0|0|480000|2|15992|465266
1200000|2|1660|5|1|1|2|720000|2|15992|717169
1200000|2|1660|5|1|0|0|480000|3|23991|468933
1200000|2|1660|5|1|1|2|720000|3|23991|717481
1200000|2|1660|5|1|0|0|480000|4|31993|473805
1200000|2|1660|5|1|1|2|720000|4|31993|719040
1200000|2|1660|5|2|0|0|480000|0|0|456668
1200000|2|1660|5|2|1|2|720000|0|0|718378
1200000|2|1660|5|2|0|0|480000|1|7993|449862
1200000|2|1660|5|2|1|2|720000|1|7993|715841
1200000|2|1660|5|2|0|0|480000|2|15989|448379
1200000|2|1660|5|2|1|2|720000|2|15989|715023
1200000|2|1660|5|2|0|0|480000|3|23989|450290
1200000|2|1660|5|2|1|2|720000|3|23989|715138
1200000|2|1660|5|2|0|0|480000|4|31990|453178
1200000|2|1660|5|2|1|2|720000|4|31990|716073
1200000|2|1660|5|3|0|0|480000|0|0|457370
1200000|2|1660|5|3|1|2|720000|0|0|725864
1200000|2|1660|5|3|0|0|480000|1|7994|449665
1200000|2|1660|5|3|1|2|720000|1|7994|724657
1200000|2|1660|5|3|0|0|480000|2|15991|447797
1200000|2|1660|5|3|1|2|720000|2|15991|724968
1200000|2|1660|5|3|0|0|480000|3|23992|449044
1200000|2|1660|5|3|1|2|720000|3|23992|725554
1200000|2|1660|5|3|0|0|480000|4|31995|452553
1200000|2|1660|5|3|1|2|720000|4|31995|726839
1200000|2|1660|5|4|0|0|480000|0|0|485099
1200000|2|1660|5|4|1|2|720000|0|0|714710
1200000|2|1660|5|4|0|0|480000|1|7993|488118
1200000|2|1660|5|4|1|2|720000|1|7993|712721
1200000|2|1660|5|4|0|0|480000|2|15991|492605
1200000|2|1660|5|4|1|2|720000|2|15991|712526
1200000|2|1660|5|4|0|0|480000|3|23992|497984
1200000|2|1660|5|4|1|2|720000|3|23992|712916
1200000|2|1660|5|4|0|0|480000|4|31994|503681
1200000|2|1660|5|4|1|2|720000|4|31994|713697
1200000|2|1660|5|5|0|0|480000|0|0|486110
1200000|2|1660|5|5|1|2|720000|0|0|708004
1200000|2|1660|5|5|0|0|480000|1|7994|489329
1200000|2|1660|5|5|1|2|720000|1|7994|706170
1200000|2|1660|5|5|0|0|480000|2|15992|493812
1200000|2|1660|5|5|1|2|720000|2|15992|706405
1200000|2|1660|5|5|0|0|480000|3|23993|499040
1200000|2|1660|5|5|1|2|720000|3|23993|706796
1200000|2|1660|5|5|0|0|480000|4|31996|504695
1200000|2|1660|5|5|1|2|720000|4|31996|707768
1200000|2|1661|5|1|0|0|480000|0|0|466537
1200000|2|1661|5|1|1|2|720000|0|0|720404
1200000|2|1661|5|1|0|0|480000|1|7993|465618
1200000|2|1661|5|1|1|2|720000|1|7993|719391
1200000|2|1661|5|1|0|0|480000|2|15991|468191
1200000|2|1661|5|1|1|2|720000|2|15991|719781
1200000|2|1661|5|1|0|0|480000|3|23991|472364
1200000|2|1661|5|1|1|2|720000|3|23991|720987
1200000|2|1661|5|1|0|0|480000|4|31993|476612
1200000|2|1661|5|1|1|2|720000|4|31993|722936
1200000|2|1661|5|2|0|0|480000|0|0|487673
1200000|2|1661|5|2|1|2|720000|0|0|715179
1200000|2|1661|5|2|0|0|480000|1|7994|491827
1200000|2|1661|5|2|1|2|720000|1|7994|714633
1200000|2|1661|5|2|0|0|480000|2|15992|496970
1200000|2|1661|5|2|1|2|720000|2|15992|716310
1200000|2|1661|5|2|0|0|480000|3|23994|503096
1200000|2|1661|5|2|1|2|720000|3|23994|717637
1200000|2|1661|5|2|0|0|480000|4|31997|509180
1200000|2|1661|5|2|1|2|720000|4|31997|718688
1200000|2|1661|5|3|0|0|480000|0|0|488101
1200000|2|1661|5|3|1|2|720000|0|0|716660
1200000|2|1661|5|3|0|0|480000|1|7993|492722
1200000|2|1661|5|3|1|2|720000|1|7993|716349
1200000|2|1661|5|3|0|0|480000|2|15991|498418
1200000|2|1661|5|3|1|2|720000|2|15991|717362
1200000|2|1661|5|3|0|0|480000|3|23992|504773
1200000|2|1661|5|3|1|2|720000|3|23992|718689
1200000|2|1661|5|3|0|0|480000|4|31994|511367
1200000|2|1661|5|3|1|2|720000|4|31994|720560
1200000|2|1661|5|4|0|0|480000|0|0|466691
1200000|2|1661|5|4|1|2|720000|0|0|725865
1200000|2|1661|5|4|0|0|480000|1|7992|465579
1200000|2|1661|5|4|1|2|720000|1|7992|725983
1200000|2|1661|5|4|0|0|480000|2|15990|467802
1200000|2|1661|5|4|1|2|720000|2|15990|726994
1200000|2|1661|5|4|0|0|480000|3|23990|472324
1200000|2|1661|5|4|1|2|720000|3|23990|727386
1200000|2|1661|5|4|0|0|480000|4|31992|477863
1200000|2|1661|5|4|1|2|720000|4|31992|728478
1200000|2|1661|5|5|0|0|480000|0|0|485802
1200000|2|1661|5|5|1|2|720000|0|0|711471
1200000|2|1661|5|5|0|0|480000|1|7993|489211
1200000|2|1661|5|5|1|2|720000|1|7993|709524
1200000|2|1661|5|5|0|0|480000|2|15989|494010
1200000|2|1661|5|5|1|2|720000|2|15989|708863
1200000|2|1661|5|5|0|0|480000|3|23988|499351
1200000|2|1661|5|5|1|2|720000|3|23988|709169
1200000|2|1661|5|5|0|0|480000|4|31989|504224
1200000|2|1661|5|5|1|2|720000|4|31989|709914
1200000|2|1662|5|1|0|0|480000|0|0|487322
1200000|2|1662|5|1|1|2|720000|0|0|711201
1200000|2|1662|5|1|0|0|480000|1|7992|491203
1200000|2|1662|5|1|1|2|720000|1|7992|709875
1200000|2|1662|5|1|0|0|480000|2|15989|495845
1200000|2|1662|5|1|1|2|720000|2|15989|710419
1200000|2|1662|5|1|0|0|480000|3|23989|501380
1200000|2|1662|5|1|1|2|720000|3|23989|710773
1200000|2|1662|5|1|0|0|480000|4|31990|507112
1200000|2|1662|5|1|1|2|720000|4|31990|711161
1200000|2|1662|5|2|0|0|480000|0|0|457019
1200000|2|1662|5|2|1|2|720000|0|0|721223
1200000|2|1662|5|2|0|0|480000|1|7993|450447
1200000|2|1662|5|2|1|2|720000|1|7993|719821
1200000|2|1662|5|2|0|0|480000|2|15991|449822
1200000|2|1662|5|2|1|2|720000|2|15991|719898
1200000|2|1662|5|2|0|0|480000|3|23991|451733
1200000|2|1662|5|2|1|2|720000|3|23991|720485
1200000|2|1662|5|2|0|0|480000|4|31992|455751
1200000|2|1662|5|2|1|2|720000|4|31992|721692
1200000|2|1662|5|3|0|0|480000|0|0|456667
1200000|2|1662|5|3|1|2|720000|0|0|721067
1200000|2|1662|5|3|0|0|480000|1|7993|449863
1200000|2|1662|5|3|1|2|720000|1|7993|720247
1200000|2|1662|5|3|0|0|480000|2|15992|448927
1200000|2|1662|5|3|1|2|720000|2|15992|720717
1200000|2|1662|5|3|0|0|480000|3|23993|451461
1200000|2|1662|5|3|1|2|720000|3|23993|721849
1200000|2|1662|5|3|0|0|480000|4|31995|455595
1200000|2|1662|5|3|1|2|720000|4|31995|723484
1200000|2|1662|5|4|0|0|480000|0|0|457370
1200000|2|1662|5|4|1|2|720000|0|0|726683
1200000|2|1662|5|4|0|0|480000|1|7995|450914
1200000|2|1662|5|4|1|2|720000|1|7995|726411
1200000|2|1662|5|4|0|0|480000|2|15993|450252
1200000|2|1662|5|4|1|2|720000|2|15993|727582
1200000|2|1662|5|4|0|0|480000|3|23994|452904
1200000|2|1662|5|4|1|2|720000|3|23994|729063
1200000|2|1662|5|4|0|0|480000|4|31996|456999
1200000|2|1662|5|4|1|2|720000|4|31996|730976
1200000|2|1662|5|5|0|0|480000|0|0|486035
1200000|2|1662|5|5|1|2|720000|0|0|720211
1200000|2|1662|5|5|0|0|480000|1|7994|488863
1200000|2|1662|5|5|1|2|720000|1|7994|720952
1200000|2|1662|5|5|0|0|480000|2|15993|492800
1200000|2|1662|5|5|1|2|720000|2|15993|723173
1200000|2|1662|5|5|0|0|480000|3|23995|497478
1200000|2|1662|5|5|1|2|720000|3|23995|725122
1200000|2|1662|5|5|0|0|480000|4|31999|502941
1200000|2|1662|5|5|1|2|720000|4|31999|727931
1200000|2|1663|5|1|0|0|480000|0|0|456006
1200000|2|1663|5|1|1|2|720000|0|0|727776
1200000|2|1663|5|1|0|0|480000|1|7994|448418
1200000|2|1663|5|1|1|2|720000|1|7994|727151
1200000|2|1663|5|1|0|0|480000|2|15993|446625
1200000|2|1663|5|1|1|2|720000|2|15993|727776
1200000|2|1663|5|1|0|0|480000|3|23994|447990
1200000|2|1663|5|1|1|2|720000|3|23994|729024
1200000|2|1663|5|1|0|0|480000|4|31996|451072
1200000|2|1663|5|1|1|2|720000|4|31996|730931
1200000|2|1663|5|2|0|0|480000|0|0|455812
1200000|2|1663|5|2|1|2|720000|0|0|726879
1200000|2|1663|5|2|0|0|480000|1|7994|449157
1200000|2|1663|5|2|1|2|720000|1|7994|726212
1200000|2|1663|5|2|0|0|480000|2|15993|448574
1200000|2|1663|5|2|1|2|720000|2|15993|727230
1200000|2|1663|5|2|0|0|480000|3|23994|450524
1200000|2|1663|5|2|1|2|720000|3|23994|728358
1200000|2|1663|5|2|0|0|480000|4|31997|454504
1200000|2|1663|5|2|1|2|720000|4|31997|730076
1200000|2|1663|5|3|0|0|480000|0|0|485568
1200000|2|1663|5|3|1|2|720000|0|0|714126
1200000|2|1663|5|3|0|0|480000|1|7993|489526
1200000|2|1663|5|3|1|2|720000|1|7993|712526
1200000|2|1663|5|3|0|0|480000|2|15992|494987
1200000|2|1663|5|3|1|2|720000|2|15992|712644
1200000|2|1663|5|3|0|0|480000|3|23993|501456
1200000|2|1663|5|3|1|2|720000|3|23993|713968
1200000|2|1663|5|3|0|0|480000|4|31996|507737
1200000|2|1663|5|3|1|2|720000|4|31996|715565
1200000|2|1663|5|4|0|0|480000|0|0|457602
1200000|2|1663|5|4|1|2|720000|0|0|723485
1200000|2|1663|5|4|0|0|480000|1|7994|451852
1200000|2|1663|5|4|1|2|720000|1|7994|722546
1200000|2|1663|5|4|0|0|480000|2|15992|451814
1200000|2|1663|5|4|1|2|720000|2|15992|722201
1200000|2|1663|5|4|0|0|480000|3|23992|455242
1200000|2|1663|5|4|1|2|720000|3|23992|723407
1200000|2|1663|5|4|0|0|480000|4|31994|460623
1200000|2|1663|5|4|1|2|720000|4|31994|724653
1200000|2|1663|5|5|0|0|480000|0|0|487049
1200000|2|1663|5|5|1|2|720000|0|0|710264
1200000|2|1663|5|5|0|0|480000|1|7993|491397
1200000|2|1663|5|5|1|2|720000|1|7993|708391
1200000|2|1663|5|5|0|0|480000|2|15991|497168
1200000|2|1663|5|5|1|2|720000|2|15991|707728
1200000|2|1663|5|5|0|0|480000|3|23991|503643
1200000|2|1663|5|5|1|2|720000|3|23991|708237
1200000|2|1663|5|5|0|0|480000|4|31992|510545
1200000|2|1663|5|5|1|2|720000|4|31992|708822
1200000|2|1664|5|1|0|0|480000|0|0|488296
1200000|2|1664|5|1|1|2|720000|0|0|706444
1200000|2|1664|5|1|0|0|480000|1|7993|492682
1200000|2|1664|5|1|1|2|720000|1|7993|704688
1200000|2|1664|5|1|0|0|480000|2|15990|498028
1200000|2|1664|5|1|1|2|720000|2|15990|705196
1200000|2|1664|5|1|0|0|480000|3|23990|504654
1200000|2|1664|5|1|1|2|720000|3|23990|706443
1200000|2|1664|5|1|0|0|480000|4|31992|511637
1200000|2|1664|5|1|1|2|720000|4|31992|707419
1200000|2|1664|5|2|0|0|480000|0|0|487596
1200000|2|1664|5|2|1|2|720000|0|0|710147
1200000|2|1664|5|2|0|0|480000|1|7992|492058
1200000|2|1664|5|2|1|2|720000|1|7992|707690
1200000|2|1664|5|2|0|0|480000|2|15989|498419
1200000|2|1664|5|2|1|2|720000|2|15989|706635
1200000|2|1664|5|2|0|0|480000|3|23989|505748
1200000|2|1664|5|2|1|2|720000|3|23989|706717
1200000|2|1664|5|2|0|0|480000|4|31990|512807
1200000|2|1664|5|2|1|2|720000|4|31990|707457
1200000|2|1664|5|3|0|0|480000|0|0|488727
1200000|2|1664|5|3|1|2|720000|0|0|705819
1200000|2|1664|5|3|0|0|480000|1|7993|492839
1200000|2|1664|5|3|1|2|720000|1|7993|704180
1200000|2|1664|5|3|0|0|480000|2|15990|498456
1200000|2|1664|5|3|1|2|720000|2|15990|704689
1200000|2|1664|5|3|0|0|480000|3|23991|504617
1200000|2|1664|5|3|1|2|720000|3|23991|705273
1200000|2|1664|5|3|0|0|480000|4|31993|511130
1200000|2|1664|5|3|1|2|720000|4|31993|706674
1200000|2|1664|5|4|0|0|480000|0|0|487050
1200000|2|1664|5|4|1|2|720000|0|0|709679
1200000|2|1664|5|4|0|0|480000|1|7993|490928
1200000|2|1664|5|4|1|2|720000|1|7993|707573
1200000|2|1664|5|4|0|0|480000|2|15990|496858
1200000|2|1664|5|4|1|2|720000|2|15990|706638
1200000|2|1664|5|4|0|0|480000|3|23989|503093
1200000|2|1664|5|4|1|2|720000|3|23989|706754
1200000|2|1664|5|4|0|0|480000|4|31990|509260
1200000|2|1664|5|4|1|2|720000|4|31990|707691
1200000|2|1664|5|5|0|0|480000|0|0|486193
1200000|2|1664|5|5|1|2|720000|0|0|714361
1200000|2|1664|5|5|0|0|480000|1|7994|488703
1200000|2|1664|5|5|1|2|720000|1|7994|712878
1200000|2|1664|5|5|0|0|480000|2|15991|493034
1200000|2|1664|5|5|1|2|720000|2|15991|712411
1200000|2|1664|5|5|0|0|480000|3|23991|498301
1200000|2|1664|5|5|1|2|720000|3|23991|713190
1200000|2|1664|5|5|0|0|480000|4|31993|503995
1200000|2|1664|5|5|1|2|720000|4|31993|714398
1200000|2|1665|5|1|0|0|480000|0|0|455070
1200000|2|1665|5|1|1|2|720000|0|0|721691
1200000|2|1665|5|1|0|0|480000|1|7994|447090
1200000|2|1665|5|1|1|2|720000|1|7994|720363
1200000|2|1665|5|1|0|0|480000|2|15992|444714
1200000|2|1665|5|1|1|2|720000|2|15992|720442
1200000|2|1665|5|1|0|0|480000|3|23992|446349
1200000|2|1665|5|1|1|2|720000|3|23992|721301
1200000|2|1665|5|1|0|0|480000|4|31993|449200
1200000|2|1665|5|1|1|2|720000|4|31993|722511
1200000|2|1665|5|2|0|0|480000|0|0|486349
1200000|2|1665|5|2|1|2|720000|0|0|707772
1200000|2|1665|5|2|0|0|480000|1|7993|489721
1200000|2|1665|5|2|1|2|720000|1|7993|706557
1200000|2|1665|5|2|0|0|480000|2|15991|494673
1200000|2|1665|5|2|1|2|720000|2|15991|707338
1200000|2|1665|5|2|0|0|480000|3|23992|500210
1200000|2|1665|5|2|1|2|720000|3|23992|707925
1200000|2|1665|5|2|0|0|480000|4|31993|505943
1200000|2|1665|5|2|1|2|720000|4|31993|709443
1200000|2|1665|5|3|0|0|480000|0|0|486621
1200000|2|1665|5|3|1|2|720000|0|0|710457
1200000|2|1665|5|3|0|0|480000|1|7993|490538
1200000|2|1665|5|3|1|2|720000|1|7993|708239
1200000|2|1665|5|3|0|0|480000|2|15989|496076
1200000|2|1665|5|3|1|2|720000|2|15989|707769
1200000|2|1665|5|3|0|0|480000|3|23989|502004
1200000|2|1665|5|3|1|2|720000|3|23989|708003
1200000|2|1665|5|3|0|0|480000|4|31990|507934
1200000|2|1665|5|3|1|2|720000|4|31990|708860
1200000|2|1665|5|4|0|0|480000|0|0|486930
1200000|2|1665|5|4|1|2|720000|0|0|717440
1200000|2|1665|5|4|0|0|480000|1|7996|489955
1200000|2|1665|5|4|1|2|720000|1|7996|717247
1200000|2|1665|5|4|0|0|480000|2|15995|493697
1200000|2|1665|5|4|1|2|720000|2|15995|717713
1200000|2|1665|5|4|0|0|480000|3|23996|497987
1200000|2|1665|5|4|1|2|720000|3|23996|719158
1200000|2|1665|5|4|0|0|480000|4|31999|502862
1200000|2|1665|5|4|1|2|720000|4|31999|721146
1200000|2|1665|5|5|0|0|480000|0|0|465055
1200000|2|1665|5|5|1|2|720000|0|0|723446
1200000|2|1665|5|5|0|0|480000|1|7995|462967
1200000|2|1665|5|5|1|2|720000|1|7995|721887
1200000|2|1665|5|5|0|0|480000|2|15993|464565
1200000|2|1665|5|5|1|2|720000|2|15993|721965
1200000|2|1665|5|5|0|0|480000|3|23993|467958
1200000|2|1665|5|5|1|2|720000|3|23993|722627
1200000|2|1665|5|5|0|0|480000|4|31994|471975
1200000|2|1665|5|5|1|2|720000|4|31994|723719
1200000|2|1666|5|1|0|0|480000|0|0|463844
1200000|2|1666|5|1|1|2|720000|0|0|720328
1200000|2|1666|5|1|0|0|480000|1|7993|462108
1200000|2|1666|5|1|1|2|720000|1|7993|718494
1200000|2|1666|5|1|0|0|480000|2|15989|463159
1200000|2|1666|5|1|1|2|720000|2|15989|718142
1200000|2|1666|5|1|0|0|480000|3|23988|466515
1200000|2|1666|5|1|1|2|720000|3|23988|718647
1200000|2|1666|5|1|0|0|480000|4|31989|470961
1200000|2|1666|5|1|1|2|720000|4|31989|718960
1200000|2|1666|5|2|0|0|480000|0|0|485528
1200000|2|1666|5|2|1|2|720000|0|0|708081
1200000|2|1666|5|2|0|0|480000|1|7993|488705
1200000|2|1666|5|2|1|2|720000|1|7993|705625
1200000|2|1666|5|2|0|0|480000|2|15990|493579
1200000|2|1666|5|2|1|2|720000|2|15990|704688
1200000|2|1666|5|2|0|0|480000|3|23990|499430
1200000|2|1666|5|2|1|2|720000|3|23990|704571
1200000|2|1666|5|2|0|0|480000|4|31991|505670
1200000|2|1666|5|2|1|2|720000|4|31991|704454
1200000|2|1666|5|3|0|0|480000|0|0|485487
1200000|2|1666|5|3|1|2|720000|0|0|704884
1200000|2|1666|5|3|0|0|480000|1|7993|487926
1200000|2|1666|5|3|1|2|720000|1|7993|702310
1200000|2|1666|5|3|0|0|480000|2|15990|491007
1200000|2|1666|5|3|1|2|720000|2|15990|701256
1200000|2|1666|5|3|0|0|480000|3|23989|495063
1200000|2|1666|5|3|1|2|720000|3|23989|702113
1200000|2|1666|5|3|0|0|480000|4|31992|499469
1200000|2|1666|5|3|1|2|720000|4|31992|703436
1200000|2|1666|5|4|0|0|480000|0|0|464624
1200000|2|1666|5|4|1|2|720000|0|0|723017
1200000|2|1666|5|4|0|0|480000|1|7994|462421
1200000|2|1666|5|4|1|2|720000|1|7994|720950
1200000|2|1666|5|4|0|0|480000|2|15991|463627
1200000|2|1666|5|4|1|2|720000|2|15991|720834
1200000|2|1666|5|4|0|0|480000|3|23992|467060
1200000|2|1666|5|4|1|2|720000|3|23992|721536
1200000|2|1666|5|4|0|0|480000|4|31994|471114
1200000|2|1666|5|4|1|2|720000|4|31994|723174
1200000|2|1666|5|5|0|0|480000|0|0|484125
1200000|2|1666|5|5|1|2|720000|0|0|720754
1200000|2|1666|5|5|0|0|480000|1|7996|486210
1200000|2|1666|5|5|1|2|720000|1|7996|720835
1200000|2|1666|5|5|0|0|480000|2|15995|489175
1200000|2|1666|5|5|1|2|720000|2|15995|722508
1200000|2|1666|5|5|0|0|480000|3|23997|492996
1200000|2|1666|5|5|1|2|720000|3|23997|724111
1200000|2|1666|5|5|0|0|480000|4|32000|497364
1200000|2|1666|5|5|1|2|720000|4|32000|726217
1200000|2|1667|5|1|0|0|480000|0|0|484125
1200000|2|1667|5|1|1|2|720000|0|0|718806
1200000|2|1667|5|1|0|0|480000|1|7996|486248
1200000|2|1667|5|1|1|2|720000|1|7996|718533
1200000|2|1667|5|1|0|0|480000|2|15996|489603
1200000|2|1667|5|1|1|2|720000|2|15996|719547
1200000|2|1667|5|1|0|0|480000|3|23998|493425
1200000|2|1667|5|1|1|2|720000|3|23998|720834
1200000|2|1667|5|1|0|0|480000|4|32002|497949
1200000|2|1667|5|1|1|2|720000|4|32002|722629
1200000|2|1667|5|2|0|0|480000|0|0|483149
1200000|2|1667|5|2|1|2|720000|0|0|723211
1200000|2|1667|5|2|0|0|480000|1|7996|485195
1200000|2|1667|5|2|1|2|720000|1|7996|723484
1200000|2|1667|5|2|0|0|480000|2|15997|488277
1200000|2|1667|5|2|1|2|720000|2|15997|725007
1200000|2|1667|5|2|0|0|480000|3|24000|491511
1200000|2|1667|5|2|1|2|720000|3|24000|726294
1200000|2|1667|5|2|0|0|480000|4|32003|495335
1200000|2|1667|5|2|1|2|720000|4|32003|728049
1200000|2|1667|5|3|0|0|480000|0|0|482094
1200000|2|1667|5|3|1|2|720000|0|0|720442
1200000|2|1667|5|3|0|0|480000|1|7998|482893
1200000|2|1667|5|3|1|2|720000|1|7998|720717
1200000|2|1667|5|3|0|0|480000|2|15999|485154
1200000|2|1667|5|3|1|2|720000|2|15999|722277
1200000|2|1667|5|3|0|0|480000|3|24002|488238
1200000|2|1667|5|3|1|2|720000|3|24002|724890
1200000|2|1667|5|3|0|0|480000|4|32006|492060
1200000|2|1667|5|3|1|2|720000|4|32006|728047
1200000|2|1667|5|4|0|0|480000|0|0|464001
1200000|2|1667|5|4|1|2|720000|0|0|738617
1200000|2|1667|5|4|0|0|480000|1|7997|461442
1200000|2|1667|5|4|1|2|720000|1|7997|740215
1200000|2|1667|5|4|0|0|480000|2|15997|461797
1200000|2|1667|5|4|1|2|720000|2|15997|742440
1200000|2|1667|5|4|0|0|480000|3|24000|464447
1200000|2|1667|5|4|1|2|720000|3|24000|745793
1200000|2|1667|5|4|0|0|480000|4|32003|467840
1200000|2|1667|5|4|1|2|720000|4|32003|747861
1200000|2|1667|5|5|0|0|480000|0|0|484319
1200000|2|1667|5|5|1|2|720000|0|0|720909
1200000|2|1667|5|5|0|0|480000|1|7995|486522
1200000|2|1667|5|5|1|2|720000|1|7995|720327
1200000|2|1667|5|5|0|0|480000|2|15993|490186
1200000|2|1667|5|5|1|2|720000|2|15993|720989
1200000|2|1667|5|5|0|0|480000|3|23994|494400
1200000|2|1667|5|5|1|2|720000|3|23994|722471
1200000|2|1667|5|5|0|0|480000|4|31996|499000
1200000|2|1667|5|5|1|2|720000|4|31996|724226
1200000|2|1668|5|1|0|0|480000|0|0|463378
1200000|2|1668|5|1|1|2|720000|0|0|728123
1200000|2|1668|5|1|0|0|480000|1|7993|460665
1200000|2|1668|5|1|1|2|720000|1|7993|727307
1200000|2|1668|5|1|0|0|480000|2|15991|461364
1200000|2|1668|5|1|1|2|720000|2|15991|727462
1200000|2|1668|5|1|0|0|480000|3|23991|464020
1200000|2|1668|5|1|1|2|720000|3|23991|728829
1200000|2|1668|5|1|0|0|480000|4|31993|468075
1200000|2|1668|5|1|1|2|720000|4|31993|729609
1200000|2|1668|5|2|0|0|480000|0|0|483654
1200000|2|1668|5|2|1|2|720000|0|0|714518
1200000|2|1668|5|2|0|0|480000|1|7994|485859
1200000|2|1668|5|2|1|2|720000|1|7994|713735
1200000|2|1668|5|2|0|0|480000|2|15993|489486
1200000|2|1668|5|2|1|2|720000|2|15993|714203
1200000|2|1668|5|2|0|0|480000|3|23994|494322
1200000|2|1668|5|2|1|2|720000|3|23994|715217
1200000|2|1668|5|2|0|0|480000|4|31996|499821
1200000|2|1668|5|2|1|2|720000|4|31996|716658
1200000|2|1668|5|3|0|0|480000|0|0|457058
1200000|2|1668|5|3|1|2|720000|0|0|732027
1200000|2|1668|5|3|0|0|480000|1|3998|452474
1200000|2|1668|5|3|1|2|720000|1|3998|730818
1200000|2|1668|5|3|0|0|480000|2|7996|450096
1200000|2|1668|5|3|1|2|720000|2|7996|730389
1200000|2|1668|5|3|0|0|480000|3|11995|448927
1200000|2|1668|5|3|1|2|720000|3|11995|730545
1200000|2|1668|5|3|0|0|480000|4|15996|448805
1200000|2|1668|5|3|1|2|720000|4|15996|730854
1200000|2|1668|5|4|0|0|480000|0|0|486075
1200000|2|1668|5|4|1|2|720000|0|0|718575
1200000|2|1668|5|4|0|0|480000|1|7995|488628
1200000|2|1668|5|4|1|2|720000|1|7995|719195
1200000|2|1668|5|4|0|0|480000|2|15994|492529
1200000|2|1668|5|4|1|2|720000|2|15994|720327
1200000|2|1668|5|4|0|0|480000|3|23995|496893
1200000|2|1668|5|4|1|2|720000|3|23995|722121
1200000|2|1668|5|4|0|0|480000|4|31998|502433
1200000|2|1668|5|4|1|2|720000|4|31998|724033
1200000|2|1668|5|5|0|0|480000|0|0|484868
1200000|2|1668|5|5|1|2|720000|0|0|716466
1200000|2|1668|5|5|0|0|480000|1|7993|487575
1200000|2|1668|5|5|1|2|720000|1|7993|715063
1200000|2|1668|5|5|0|0|480000|2|15990|491397
1200000|2|1668|5|5|1|2|720000|2|15990|714397
1200000|2|1668|5|5|0|0|480000|3|23990|496039
1200000|2|1668|5|5|1|2|720000|3|23990|714751
1200000|2|1668|5|5|0|0|480000|4|31991|500640
1200000|2|1668|5|5|1|2|720000|4|31991|715373
1200000|2|1669|5|1|0|0|480000|0|0|462403
1200000|2|1669|5|1|1|2|720000|0|0|723487
1200000|2|1669|5|1|0|0|480000|1|3996|459962
1200000|2|1669|5|1|1|2|720000|1|3996|721575
1200000|2|1669|5|1|0|0|480000|2|7992|458872
1200000|2|1669|5|1|1|2|720000|2|7992|720093
1200000|2|1669|5|1|0|0|480000|3|11990|458909
1200000|2|1669|5|1|1|2|720000|3|11990|719274
1200000|2|1669|5|1|0|0|480000|4|15988|459689
1200000|2|1669|5|1|1|2|720000|4|15988|718649
1200000|2|1669|5|2|0|0|480000|0|0|454169
1200000|2|1669|5|2|1|2|720000|0|0|725126
1200000|2|1669|5|2|0|0|480000|1|3997|448377
1200000|2|1669|5|2|1|2|720000|1|3997|723837
1200000|2|1669|5|2|0|0|480000|2|7994|444869
1200000|2|1669|5|2|1|2|720000|2|7994|723173
1200000|2|1669|5|2|0|0|480000|3|11992|442841
1200000|2|1669|5|2|1|2|720000|3|11992|722783
1200000|2|1669|5|2|0|0|480000|4|15992|441788
1200000|2|1669|5|2|1|2|720000|4|15992|722979
1200000|2|1669|5|3|0|0|480000|0|0|453158
1200000|2|1669|5|3|1|2|720000|0|0|729024
1200000|2|1669|5|3|0|0|480000|1|3998|447363
1200000|2|1669|5|3|1|2|720000|1|3998|728479
1200000|2|1669|5|3|0|0|480000|2|7996|443428
1200000|2|1669|5|3|1|2|720000|2|7996|728087
1200000|2|1669|5|3|0|0|480000|3|11996|440933
1200000|2|1669|5|3|1|2|720000|3|11996|728010
1200000|2|1669|5|3|0|0|480000|4|15996|439605
1200000|2|1669|5|3|1|2|720000|4|15996|728166
1200000|2|1669|5|4|0|0|480000|0|0|457722
1200000|2|1669|5|4|1|2|720000|0|0|923906
1200000|2|1669|5|4|0|0|480000|1|8000|458596
1200000|2|1669|5|4|1|2|720000|1|8000|920435
1200000|2|1669|5|4|0|0|480000|2|16001|460705
1200000|2|1669|5|4|1|2|720000|2|16001|918366
1200000|2|1669|5|4|0|0|480000|3|24003|463744
1200000|2|1669|5|4|1|2|720000|3|24003|917042
1200000|2|1669|5|4|0|0|480000|4|32004|467451
1200000|2|1669|5|4|1|2|720000|4|32004|916263
1200000|2|1669|5|5|0|0|480000|0|0|480693
1200000|2|1669|5|5|1|2|720000|0|0|712374
1200000|2|1669|5|5|0|0|480000|1|7996|481336
1200000|2|1669|5|5|1|2|720000|1|7996|712211
1200000|2|1669|5|5|0|0|480000|2|15997|483793
1200000|2|1669|5|5|1|2|720000|2|15997|712605
1200000|2|1669|5|5|0|0|480000|3|23998|487106
1200000|2|1669|5|5|1|2|720000|3|23998|713696
1200000|2|1669|5|5|0|0|480000|4|32001|490735
1200000|2|1669|5|5|1|2|720000|4|32001|715607
1200000|2|1670|5|1|0|0|480000|0|0|482957
1200000|2|1670|5|1|1|2|720000|0|0|715257
1200000|2|1670|5|1|0|0|480000|1|7994|484260
1200000|2|1670|5|1|1|2|720000|1|7994|714516
1200000|2|1670|5|1|0|0|480000|2|15992|486716
1200000|2|1670|5|1|1|2|720000|2|15992|714866
1200000|2|1670|5|1|0|0|480000|3|23993|489368
1200000|2|1670|5|1|1|2|720000|3|23993|715917
1200000|2|1670|5|1|0|0|480000|4|31995|492761
1200000|2|1670|5|1|1|2|720000|4|31995|717167
1200000|2|1670|5|2|0|0|480000|0|0|453587
1200000|2|1670|5|2|1|2|720000|0|0|722276
1200000|2|1670|5|2|0|0|480000|1|7993|443583
1200000|2|1670|5|2|1|2|720000|1|7993|721849
1200000|2|1670|5|2|0|0|480000|2|15992|439641
1200000|2|1670|5|2|1|2|720000|2|15992|723016
1200000|2|1670|5|2|0|0|480000|3|23993|439372
1200000|2|1670|5|2|1|2|720000|3|23993|724109
1200000|2|1670|5|2|0|0|480000|4|31995|441361
1200000|2|1670|5|2|1|2|720000|4|31995|725202
1200000|2|1670|5|3|0|0|480000|0|0|484397
1200000|2|1670|5|3|1|2|720000|0|0|709992
1200000|2|1670|5|3|0|0|480000|1|7993|486716
1200000|2|1670|5|3|1|2|720000|1|7993|708858
1200000|2|1670|5|3|0|0|480000|2|15990|489447
1200000|2|1670|5|3|1|2|720000|2|15990|708938
1200000|2|1670|5|3|0|0|480000|3|23990|493382
1200000|2|1670|5|3|1|2|720000|3|23990|709562
1200000|2|1670|5|3|0|0|480000|4|31990|497324
1200000|2|1670|5|3|1|2|720000|4|31990|710149
1200000|2|1670|5|4|0|0|480000|0|0|481940
1200000|2|1670|5|4|1|2|720000|0|0|710495
1200000|2|1670|5|4|0|0|480000|1|7992|482818
1200000|2|1670|5|4|1|2|720000|1|7992|708549
1200000|2|1670|5|4|0|0|480000|2|15988|485313
1200000|2|1670|5|4|1|2|720000|2|15988|709017
1200000|2|1670|5|4|0|0|480000|3|23988|488512
1200000|2|1670|5|4|1|2|720000|3|23988|709057
1200000|2|1670|5|4|0|0|480000|4|31989|492098
1200000|2|1670|5|4|1|2|720000|4|31989|709447
1200000|2|1670|5|5|0|0|480000|0|0|484203
1200000|2|1670|5|5|1|2|720000|0|0|708549
1200000|2|1670|5|5|0|0|480000|1|7993|486521
1200000|2|1670|5|5|1|2|720000|1|7993|707496
1200000|2|1670|5|5|0|0|480000|2|15990|489836
1200000|2|1670|5|5|1|2|720000|2|15990|707263
1200000|2|1670|5|5|0|0|480000|3|23990|493580
1200000|2|1670|5|5|1|2|720000|3|23990|707885
1200000|2|1670|5|5|0|0|480000|4|31990|496973
1200000|2|1670|5|5|1|2|720000|4|31990|708627
1200000|2|1671|5|1|0|0|480000|0|0|481746
1200000|2|1671|5|1|1|2|720000|0|0|704881
1200000|2|1671|5|1|0|0|480000|1|7993|483130
1200000|2|1671|5|1|1|2|720000|1|7993|704337
1200000|2|1671|5|1|0|0|480000|2|15991|485586
1200000|2|1671|5|1|1|2|720000|2|15991|705780
1200000|2|1671|5|1|0|0|480000|3|23993|489097
1200000|2|1671|5|1|1|2|720000|3|23993|706833
1200000|2|1671|5|1|0|0|480000|4|31995|492566
1200000|2|1671|5|1|1|2|720000|4|31995|707496
1200000|2|1671|5|2|0|0|480000|0|0|483425
1200000|2|1671|5|2|1|2|720000|0|0|709993
1200000|2|1671|5|2|0|0|480000|1|7995|485166
1200000|2|1671|5|2|1|2|720000|1|7995|709369
1200000|2|1671|5|2|0|0|480000|2|15993|487974
1200000|2|1671|5|2|1|2|720000|2|15993|709874
1200000|2|1671|5|2|0|0|480000|3|23993|490860
1200000|2|1671|5|2|1|2|720000|3|23993|711280
1200000|2|1671|5|2|0|0|480000|4|31995|494838
1200000|2|1671|5|2|1|2|720000|4|31995|712524
1200000|2|1671|5|3|0|0|480000|0|0|461280
1200000|2|1671|5|3|1|2|720000|0|0|725943
1200000|2|1671|5|3|0|0|480000|1|7993|455643
1200000|2|1671|5|3|1|2|720000|1|7993|725825
1200000|2|1671|5|3|0|0|480000|2|15991|454278
1200000|2|1671|5|3|1|2|720000|2|15991|727189
1200000|2|1671|5|3|0|0|480000|3|23992|455487
1200000|2|1671|5|3|1|2|720000|3|23992|728556
1200000|2|1671|5|3|0|0|480000|4|31994|458100
1200000|2|1671|5|3|1|2|720000|4|31994|730584
1200000|2|1671|5|4|0|0|480000|0|0|461436
1200000|2|1671|5|4|1|2|720000|0|0|717442
1200000|2|1671|5|4|0|0|480000|1|7993|457164
1200000|2|1671|5|4|1|2|720000|1|7993|716428
1200000|2|1671|5|4|0|0|480000|2|15990|456813
1200000|2|1671|5|4|1|2|720000|2|15990|716895
1200000|2|1671|5|4|0|0|480000|3|23991|458841
1200000|2|1671|5|4|1|2|720000|3|23991|717868
1200000|2|1671|5|4|0|0|480000|4|31992|462039
1200000|2|1671|5|4|1|2|720000|4|31992|719041
1200000|2|1671|5|5|0|0|480000|0|0|482847
1200000|2|1671|5|5|1|2|720000|0|0|692090
1200000|2|1671|5|5|0|0|480000|1|7994|484152
1200000|2|1671|5|5|1|2|720000|1|7994|690531
1200000|2|1671|5|5|0|0|480000|2|15991|486531
1200000|2|1671|5|5|1|2|720000|2|15991|689982
1200000|2|1671|5|5|0|0|480000|3|23990|489768
1200000|2|1671|5|5|1|2|720000|3|23990|690335
1200000|2|1671|5|5|0|0|480000|4|31991|493278
1200000|2|1671|5|5|1|2|720000|4|31991|691194
1200000|2|1672|5|1|0|0|480000|0|0|482652
1200000|2|1672|5|1|1|2|720000|0|0|712563
1200000|2|1672|5|1|0|0|480000|1|7994|483996
1200000|2|1672|5|1|1|2|720000|1|7994|711787
1200000|2|1672|5|1|0|0|480000|2|15991|486571
1200000|2|1672|5|1|1|2|720000|2|15991|712056
1200000|2|1672|5|1|0|0|480000|3|23991|489417
1200000|2|1672|5|1|1|2|720000|3|23991|712916
1200000|2|1672|5|1|0|0|480000|4|31992|493044
1200000|2|1672|5|1|1|2|720000|4|31992|714673
1200000|2|1672|5|2|0|0|480000|0|0|460383
1200000|2|1672|5|2|1|2|720000|0|0|727855
1200000|2|1672|5|2|0|0|480000|1|7994|455175
1200000|2|1672|5|2|1|2|720000|1|7994|726526
1200000|2|1672|5|2|0|0|480000|2|15992|453810
1200000|2|1672|5|2|1|2|720000|2|15992|726723
1200000|2|1672|5|2|0|0|480000|3|23992|454941
1200000|2|1672|5|2|1|2|720000|3|23992|728320
1200000|2|1672|5|2|0|0|480000|4|31995|457086
1200000|2|1672|5|2|1|2|720000|4|31995|730350
1200000|2|1672|5|3|0|0|480000|0|0|482574
1200000|2|1672|5|3|1|2|720000|0|0|710148
1200000|2|1672|5|3|0|0|480000|1|7995|484074
1200000|2|1672|5|3|1|2|720000|1|7995|709602
1200000|2|1672|5|3|0|0|480000|2|15992|486492
1200000|2|1672|5|3|1|2|720000|2|15992|710461
1200000|2|1672|5|3|0|0|480000|3|23993|490080
1200000|2|1672|5|3|1|2|720000|3|23993|711161
1200000|2|1672|5|3|0|0|480000|4|31994|494097
1200000|2|1672|5|3|1|2|720000|4|31994|712098
1200000|2|1672|5|4|0|0|480000|0|0|482613
1200000|2|1672|5|4|1|2|720000|0|0|715139
1200000|2|1672|5|4|0|0|480000|1|7996|484542
1200000|2|1672|5|4|1|2|720000|1|7996|715413
1200000|2|1672|5|4|0|0|480000|2|15997|487623
1200000|2|1672|5|4|1|2|720000|2|15997|716777
1200000|2|1672|5|4|0|0|480000|3|24000|492069
1200000|2|1672|5|4|1|2|720000|3|24000|718375
1200000|2|1672|5|4|0|0|480000|4|32003|496749
1200000|2|1672|5|4|1|2|720000|4|32003|720055
1200000|2|1672|5|5|0|0|480000|0|0|484407
1200000|2|1672|5|5|1|2|720000|0|0|719821
1200000|2|1672|5|5|0|0|480000|1|7996|486219
1200000|2|1672|5|5|1|2|720000|1|7996|719780
1200000|2|1672|5|5|0|0|480000|2|15996|488949
1200000|2|1672|5|5|1|2|720000|2|15996|720991
1200000|2|1672|5|5|0|0|480000|3|23997|492303
1200000|2|1672|5|5|1|2|720000|3|23997|722744
1200000|2|1672|5|5|0|0|480000|4|32000|496320
1200000|2|1672|5|5|1|2|720000|4|32000|724540
1200000|2|1673|5|1|0|0|480000|0|0|454416
1200000|2|1673|5|1|1|2|720000|0|0|727502
1200000|2|1673|5|1|0|0|480000|1|7996|445269
1200000|2|1673|5|1|1|2|720000|1|7996|727075
1200000|2|1673|5|1|0|0|480000|2|15995|442305
1200000|2|1673|5|1|1|2|720000|2|15995|727698
1200000|2|1673|5|1|0|0|480000|3|23997|442695
1200000|2|1673|5|1|1|2|720000|3|23997|728905
1200000|2|1673|5|1|0|0|480000|4|32000|445074
1200000|2|1673|5|1|1|2|720000|4|32000|730775
1200000|2|1673|5|2|0|0|480000|0|0|484134
1200000|2|1673|5|2|1|2|720000|0|0|720409
1200000|2|1673|5|2|0|0|480000|1|7996|486375
1200000|2|1673|5|2|1|2|720000|1|7996|721419
1200000|2|1673|5|2|0|0|480000|2|15997|490119
1200000|2|1673|5|2|1|2|720000|2|15997|723758
1200000|2|1673|5|2|0|0|480000|3|24001|494370
1200000|2|1673|5|2|1|2|720000|3|24001|726370
1200000|2|1673|5|2|0|0|480000|4|32005|498816
1200000|2|1673|5|2|1|2|720000|4|32005|728360
1200000|2|1673|5|3|0|0|480000|0|0|482730
1200000|2|1673|5|3|1|2|720000|0|0|718613
1200000|2|1673|5|3|0|0|480000|1|7998|484581
1200000|2|1673|5|3|1|2|720000|1|7998|719349
1200000|2|1673|5|3|0|0|480000|2|16000|487701
1200000|2|1673|5|3|1|2|720000|2|16000|720987
1200000|2|1673|5|3|0|0|480000|3|24004|492030
1200000|2|1673|5|3|1|2|720000|3|24004|723642
1200000|2|1673|5|3|0|0|480000|4|32009|496983
1200000|2|1673|5|3|1|2|720000|4|32009|726137
1200000|2|1673|5|4|0|0|480000|0|0|463464
1200000|2|1673|5|4|1|2|720000|0|0|731715
1200000|2|1673|5|4|0|0|480000|1|7996|460830
1200000|2|1673|5|4|1|2|720000|1|7996|732141
1200000|2|1673|5|4|0|0|480000|2|15997|461688
1200000|2|1673|5|4|1|2|720000|2|15997|733743
1200000|2|1673|5|4|0|0|480000|3|23999|464028
1200000|2|1673|5|4|1|2|720000|3|23999|735498
1200000|2|1673|5|4|0|0|480000|4|32002|468045
1200000|2|1673|5|4|1|2|720000|4|32002|737798
1200000|2|1673|5|5|0|0|480000|0|0|463932
1200000|2|1673|5|5|1|2|720000|0|0|728714
1200000|2|1673|5|5|0|0|480000|1|7995|461220
1200000|2|1673|5|5|1|2|720000|1|7995|727698
1200000|2|1673|5|5|0|0|480000|2|15994|462468
1200000|2|1673|5|5|1|2|720000|2|15994|728089
1200000|2|1673|5|5|0|0|480000|3|23995|465393
1200000|2|1673|5|5|1|2|720000|3|23995|729337
1200000|2|1673|5|5|0|0|480000|4|31999|469683
1200000|2|1673|5|5|1|2|720000|4|31999|730738
1200000|2|1674|5|1|0|0|480000|0|0|483900
1200000|2|1674|5|1|1|2|720000|0|0|719041
1200000|2|1674|5|1|0|0|480000|1|7996|485790
1200000|2|1674|5|1|1|2|720000|1|7996|718767
1200000|2|1674|5|1|0|0|480000|2|15995|488715
1200000|2|1674|5|1|1|2|720000|2|15995|719546
1200000|2|1674|5|1|0|0|480000|3|23997|492186
1200000|2|1674|5|1|1|2|720000|3|23997|720990
1200000|2|1674|5|1|0|0|480000|4|32000|496125
1200000|2|1674|5|1|1|2|720000|4|32000|722237
1200000|2|1674|5|2|0|0|480000|0|0|453909
1200000|2|1674|5|2|1|2|720000|0|0|725944
1200000|2|1674|5|2|0|0|480000|1|7996|444138
1200000|2|1674|5|2|1|2|720000|1|7996|725279
1200000|2|1674|5|2|0|0|480000|2|15995|440472
1200000|2|1674|5|2|1|2|720000|2|15995|725630
1200000|2|1674|5|2|0|0|480000|3|23997|440394
1200000|2|1674|5|2|1|2|720000|3|23997|726760
1200000|2|1674|5|2|0|0|480000|4|32000|442305
1200000|2|1674|5|2|1|2|720000|4|32000|728361
1200000|2|1674|5|3|0|0|480000|0|0|483081
1200000|2|1674|5|3|1|2|720000|0|0|722004
1200000|2|1674|5|3|0|0|480000|1|7996|484737
1200000|2|1674|5|3|1|2|720000|1|7996|722277
1200000|2|1674|5|3|0|0|480000|2|15996|487155
1200000|2|1674|5|3|1|2|720000|2|15996|723914
1200000|2|1674|5|3|0|0|480000|3|23999|490782
1200000|2|1674|5|3|1|2|720000|3|23999|725397
1200000|2|1674|5|3|0|0|480000|4|32002|494565
1200000|2|1674|5|3|1|2|720000|4|32002|727542
1200000|2|1674|5|4|0|0|480000|0|0|481950
1200000|2|1674|5|4|1|2|720000|0|0|720796
1200000|2|1674|5|4|0|0|480000|1|7997|483138
1200000|2|1674|5|4|1|2|720000|1|7997|721029
1200000|2|1674|5|4|0|0|480000|2|15998|485829
1200000|2|1674|5|4|1|2|720000|2|15998|721965
1200000|2|1674|5|4|0|0|480000|3|24001|489378
1200000|2|1674|5|4|1|2|720000|3|24001|724461
1200000|2|1674|5|4|0|0|480000|4|32005|493239
1200000|2|1674|5|4|1|2|720000|4|32005|727348
1200000|2|1674|5|5|0|0|480000|0|0|463386
1200000|2|1674|5|5|1|2|720000|0|0|737174
1200000|2|1674|5|5|0|0|480000|1|7997|461064
1200000|2|1674|5|5|1|2|720000|1|7997|737995
1200000|2|1674|5|5|0|0|480000|2|15998|462429
1200000|2|1674|5|5|1|2|720000|2|15998|740100
1200000|2|1674|5|5|0|0|480000|3|24001|465471
1200000|2|1674|5|5|1|2|720000|3|24001|742246
1200000|2|1674|5|5|0|0|480000|4|32004|470307
1200000|2|1674|5|5|1|2|720000|4|32004|744741
1200000|2|1675|5|1|0|0|480000|0|0|484719
1200000|2|1675|5|1|1|2|720000|0|0|721498
1200000|2|1675|5|1|0|0|480000|1|7998|487389
1200000|2|1675|5|1|1|2|720000|1|7998|721927
1200000|2|1675|5|1|0|0|480000|2|15999|491484
1200000|2|1675|5|1|1|2|720000|2|15999|723641
1200000|2|1675|5|1|0|0|480000|3|24002|496398
1200000|2|1675|5|1|1|2|720000|3|24002|726021
1200000|2|1675|5|1|0|0|480000|4|32007|501819
1200000|2|1675|5|1|1|2|720000|4|32007|728594
1200000|2|1675|5|2|0|0|480000|0|0|456132
1200000|2|1675|5|2|1|2|720000|0|0|733937
1200000|2|1675|5|2|0|0|480000|1|7997|448701
1200000|2|1675|5|2|1|2|720000|1|7997|734523
1200000|2|1675|5|2|0|0|480000|2|15998|446868
1200000|2|1675|5|2|1|2|720000|2|15998|736083
1200000|2|1675|5|2|0|0|480000|3|24001|448662
1200000|2|1675|5|2|1|2|720000|3|24001|738074
1200000|2|1675|5|2|0|0|480000|4|32005|451977
1200000|2|1675|5|2|1|2|720000|4|32005|740841
1200000|2|1675|5|3|0|0|480000|0|0|485382
1200000|2|1675|5|3|1|2|720000|0|0|719079
1200000|2|1675|5|3|0|0|480000|1|7995|488520
1200000|2|1675|5|3|1|2|720000|1|7995|717711
1200000|2|1675|5|3|0|0|480000|2|15994|492693
1200000|2|1675|5|3|1|2|720000|2|15994|718221
1200000|2|1675|5|3|0|0|480000|3|23995|498153
1200000|2|1675|5|3|1|2|720000|3|23995|719703
1200000|2|1675|5|3|0|0|480000|4|31999|503691
1200000|2|1675|5|3|1|2|720000|4|31999|722351
1200000|2|1675|5|4|0|0|480000|0|0|455586
1200000|2|1675|5|4|1|2|720000|0|0|731911
1200000|2|1675|5|4|0|0|480000|1|7996|448155
1200000|2|1675|5|4|1|2|720000|1|7996|731828
1200000|2|1675|5|4|0|0|480000|2|15995|446400
1200000|2|1675|5|4|1|2|720000|2|15995|732884
1200000|2|1675|5|4|0|0|480000|3|23996|447297
1200000|2|1675|5|4|1|2|720000|3|23996|734211
1200000|2|1675|5|4|0|0|480000|4|31997|450768
1200000|2|1675|5|4|1|2|720000|4|31997|735653
1200000|2|1675|5|5|0|0|480000|0|0|483744
1200000|2|1675|5|5|1|2|720000|0|0|716271
1200000|2|1675|5|5|0|0|480000|1|7995|485439
1200000|2|1675|5|5|1|2|720000|1|7995|715724
1200000|2|1675|5|5|0|0|480000|2|15994|488559
1200000|2|1675|5|5|1|2|720000|2|15994|715880
1200000|2|1675|5|5|0|0|480000|3|23996|492771
1200000|2|1675|5|5|1|2|720000|3|23996|716972
1200000|2|1675|5|5|0|0|480000|4|31998|497412
1200000|2|1675|5|5|1|2|720000|4|31998|718495
1200000|2|1676|5|1|0|0|480000|0|0|484719
1200000|2|1676|5|1|1|2|720000|0|0|721028
1200000|2|1676|5|1|0|0|480000|1|7997|486609
1200000|2|1676|5|1|1|2|720000|1|7997|721185
1200000|2|1676|5|1|0|0|480000|2|15997|489768
1200000|2|1676|5|1|1|2|720000|2|15997|722590
1200000|2|1676|5|1|0|0|480000|3|23998|493122
1200000|2|1676|5|1|1|2|720000|3|23998|723914
1200000|2|1676|5|1|0|0|480000|4|32001|497061
1200000|2|1676|5|1|1|2|720000|4|32001|725865
1200000|2|1676|5|2|0|0|480000|0|0|453402
1200000|2|1676|5|2|1|2|720000|0|0|731091
1200000|2|1676|5|2|0|0|480000|1|7996|444372
1200000|2|1676|5|2|1|2|720000|1|7996|731248
1200000|2|1676|5|2|0|0|480000|2|15997|441252
1200000|2|1676|5|2|1|2|720000|2|15997|732496
1200000|2|1676|5|2|0|0|480000|3|23999|441642
1200000|2|1676|5|2|1|2|720000|3|23999|734600
1200000|2|1676|5|2|0|0|480000|4|32003|443787
1200000|2|1676|5|2|1|2|720000|4|32003|737489
1200000|2|1676|5|3|0|0|480000|0|0|484095
1200000|2|1676|5|3|1|2|720000|0|0|726528
1200000|2|1676|5|3|0|0|480000|1|7997|485400
1200000|2|1676|5|3|1|2|720000|1|7997|727699
1200000|2|1676|5|3|0|0|480000|2|15997|487857
1200000|2|1676|5|3|1|2|720000|2|15997|730311
1200000|2|1676|5|3|0|0|480000|3|24000|490665
1200000|2|1676|5|3|1|2|720000|3|24000|732532
1200000|2|1676|5|3|0|0|480000|4|32004|493980
1200000|2|1676|5|3|1|2|720000|4|32004|734913
1200000|2|1676|5|4|0|0|480000|0|0|461592
1200000|2|1676|5|4|1|2|720000|0|0|730662
1200000|2|1676|5|4|0|0|480000|1|7997|457320
1200000|2|1676|5|4|1|2|720000|1|7997|730817
1200000|2|1676|5|4|0|0|480000|2|15997|456813
1200000|2|1676|5|4|1|2|720000|2|15997|732106
1200000|2|1676|5|4|0|0|480000|3|24000|458178
1200000|2|1676|5|4|1|2|720000|3|24000|734055
1200000|2|1676|5|4|0|0|480000|4|32004|460674
1200000|2|1676|5|4|1|2|720000|4|32004|736743
1200000|2|1676|5|5|0|0|480000|0|0|453246
1200000|2|1676|5|5|1|2|720000|0|0|733469
1200000|2|1676|5|5|0|0|480000|1|7997|444021
1200000|2|1676|5|5|1|2|720000|1|7997|733976
1200000|2|1676|5|5|0|0|480000|2|15998|441369
1200000|2|1676|5|5|1|2|720000|2|15998|735497
1200000|2|1676|5|5|0|0|480000|3|24000|441330
1200000|2|1676|5|5|1|2|720000|3|24000|737055
1200000|2|1676|5|5|0|0|480000|4|32004|443826
1200000|2|1676|5|5|1|2|720000|4|32004|739281
1200000|2|1677|5|1|0|0|480000|0|0|454845
1200000|2|1677|5|1|1|2|720000|0|0|731711
1200000|2|1677|5|1|0|0|480000|1|7996|446205
1200000|2|1677|5|1|1|2|720000|1|7996|730970
1200000|2|1677|5|1|0|0|480000|2|15996|443475
1200000|2|1677|5|1|1|2|720000|2|15996|731989
1200000|2|1677|5|1|0|0|480000|3|23998|444333
1200000|2|1677|5|1|1|2|720000|3|23998|733703
1200000|2|1677|5|1|0|0|480000|4|32001|447258
1200000|2|1677|5|1|1|2|720000|4|32001|735929
1200000|2|1677|5|2|0|0|480000|0|0|462411
1200000|2|1677|5|2|1|2|720000|0|0|733158
1200000|2|1677|5|2|0|0|480000|1|7995|459621
1200000|2|1677|5|2|1|2|720000|1|7995|733431
1200000|2|1677|5|2|0|0|480000|2|15994|460089
1200000|2|1677|5|2|1|2|720000|2|15994|734875
1200000|2|1677|5|2|0|0|480000|3|23996|462156
1200000|2|1677|5|2|1|2|720000|3|23996|736823
1200000|2|1677|5|2|0|0|480000|4|31998|465783
1200000|2|1677|5|2|1|2|720000|4|31998|738303
1200000|2|1677|5|3|0|0|480000|0|0|454923
1200000|2|1677|5|3|1|2|720000|0|0|727193
1200000|2|1677|5|3|0|0|480000|1|7995|446166
1200000|2|1677|5|3|1|2|720000|1|7995|726333
1200000|2|1677|5|3|0|0|480000|2|15993|443436
1200000|2|1677|5|3|1|2|720000|2|15993|726759
1200000|2|1677|5|3|0|0|480000|3|23993|443982
1200000|2|1677|5|3|1|2|720000|3|23993|727814
1200000|2|1677|5|3|0|0|480000|4|31995|446829
1200000|2|1677|5|3|1|2|720000|4|31995|729138
1200000|2|1677|5|4|0|0|480000|0|0|482730
1200000|2|1677|5|4|1|2|720000|0|0|721146
1200000|2|1677|5|4|0|0|480000|1|7995|484542
1200000|2|1677|5|4|1|2|720000|1|7995|721068
1200000|2|1677|5|4|0|0|480000|2|15994|487116
1200000|2|1677|5|4|1|2|720000|2|15994|721727
1200000|2|1677|5|4|0|0|480000|3|23995|490119
1200000|2|1677|5|4|1|2|720000|3|23995|722978
1200000|2|1677|5|4|0|0|480000|4|31998|493551
1200000|2|1677|5|4|1|2|720000|4|31998|725084
1200000|2|1677|5|5|0|0|480000|0|0|483159
1200000|2|1677|5|5|1|2|720000|0|0|720090
1200000|2|1677|5|5|0|0|480000|1|7997|484659
1200000|2|1677|5|5|1|2|720000|1|7997|720017
1200000|2|1677|5|5|0|0|480000|2|15998|487545
1200000|2|1677|5|5|1|2|720000|2|15998|720598
1200000|2|1677|5|5|0|0|480000|3|24000|491406
1200000|2|1677|5|5|1|2|720000|3|24000|722317
1200000|2|1677|5|5|0|0|480000|4|32004|495852
1200000|2|1677|5|5|1|2|720000|4|32004|724657
1200000|2|1678|5|1|0|0|480000|0|0|462879
1200000|2|1678|5|1|1|2|720000|0|0|732950
1200000|2|1678|5|1|0|0|480000|1|7997|460011
1200000|2|1678|5|1|1|2|720000|1|7997|733108
1200000|2|1678|5|1|0|0|480000|2|15998|460557
1200000|2|1678|5|1|1|2|720000|2|15998|734353
1200000|2|1678|5|1|0|0|480000|3|24001|462702
1200000|2|1678|5|1|1|2|720000|3|24001|735840
1200000|2|1678|5|1|0|0|480000|4|32005|466368
1200000|2|1678|5|1|1|2|720000|4|32005|737945
1200000|2|1678|5|2|0|0|480000|0|0|461787
1200000|2|1678|5|2|1|2|720000|0|0|731512
1200000|2|1678|5|2|0|0|480000|1|7998|457242
1200000|2|1678|5|2|1|2|720000|1|7998|731472
1200000|2|1678|5|2|0|0|480000|2|15998|456618
1200000|2|1678|5|2|1|2|720000|2|15998|732953
1200000|2|1678|5|2|0|0|480000|3|24001|458217
1200000|2|1678|5|2|1|2|720000|3|24001|735292
1200000|2|1678|5|2|0|0|480000|4|32006|460869
1200000|2|1678|5|2|1|2|720000|4|32006|738449
1200000|2|1678|5|3|0|0|480000|0|0|454650
1200000|2|1678|5|3|1|2|720000|0|0|736151
1200000|2|1678|5|3|0|0|480000|1|7997|446010
1200000|2|1678|5|3|1|2|720000|1|7997|736970
1200000|2|1678|5|3|0|0|480000|2|15998|443280
1200000|2|1678|5|3|1|2|720000|2|15998|738842
1200000|2|1678|5|3|0|0|480000|3|24000|444372
1200000|2|1678|5|3|1|2|720000|3|24000|741183
1200000|2|1678|5|3|0|0|480000|4|32003|447453
1200000|2|1678|5|3|1|2|720000|4|32003|743132
1200000|2|1678|5|4|0|0|480000|0|0|455430
1200000|2|1678|5|4|1|2|720000|0|0|727339
1200000|2|1678|5|4|0|0|480000|1|7994|447414
1200000|2|1678|5|4|1|2|720000|1|7994|725736
1200000|2|1678|5|4|0|0|480000|2|15993|445659
1200000|2|1678|5|4|1|2|720000|2|15993|725464
1200000|2|1678|5|4|0|0|480000|3|23993|447141
1200000|2|1678|5|4|1|2|720000|3|23993|725893
1200000|2|1678|5|4|0|0|480000|4|31996|450105
1200000|2|1678|5|4|1|2|720000|4|31996|726674
1200000|2|1678|5|5|0|0|480000|0|0|455820
1200000|2|1678|5|5|1|2|720000|0|0|726207
1200000|2|1678|5|5|0|0|480000|1|7995|448740
1200000|2|1678|5|5|1|2|720000|1|7995|724452
1200000|2|1678|5|5|0|0|480000|2|15992|446556
1200000|2|1678|5|5|1|2|720000|2|15992|723708
1200000|2|1678|5|5|0|0|480000|3|23991|448038
1200000|2|1678|5|5|1|2|720000|3|23991|723946
1200000|2|1678|5|5|0|0|480000|4|31993|451002
1200000|2|1678|5|5|1|2|720000|4|31993|724646
1200000|2|1679|5|1|0|0|480000|0|0|455079
1200000|2|1679|5|1|1|2|720000|0|0|722577
1200000|2|1679|5|1|0|0|480000|1|7993|446439
1200000|2|1679|5|1|1|2|720000|1|7993|720902
1200000|2|1679|5|1|0|0|480000|2|11991|444723
1200000|2|1679|5|1|1|2|720000|2|11991|720162
1200000|2|1679|5|1|0|0|480000|3|15990|443904
1200000|2|1679|5|1|1|2|720000|3|15990|719967
1200000|2|1679|5|1|0|0|480000|4|19990|444099
1200000|2|1679|5|1|1|2|720000|4|19990|719888
1200000|2|1679|5|2|0|0|480000|0|0|484992
1200000|2|1679|5|2|1|2|720000|0|0|711306
1200000|2|1679|5|2|0|0|480000|1|7994|488091
1200000|2|1679|5|2|1|2|720000|1|7994|710371
1200000|2|1679|5|2|0|0|480000|2|15991|491718
1200000|2|1679|5|2|1|2|720000|2|15991|710605
1200000|2|1679|5|2|0|0|480000|3|23991|496554
1200000|2|1679|5|2|1|2|720000|3|23991|711541
1200000|2|1679|5|2|0|0|480000|4|31991|501429
1200000|2|1679|5|2|1|2|720000|4|31991|712320
1200000|2|1679|5|3|0|0|480000|0|0|453402
1200000|2|1679|5|3|1|2|720000|0|0|726714
1200000|2|1679|5|3|0|0|480000|1|3997|447609
1200000|2|1679|5|3|1|2|720000|1|3997|725932
1200000|2|1679|5|3|0|0|480000|2|7995|443865
1200000|2|1679|5|3|1|2|720000|2|7995|724997
1200000|2|1679|5|3|0|0|480000|3|11993|441486
1200000|2|1679|5|3|1|2|720000|3|11993|724373
1200000|2|1679|5|3|0|0|480000|4|15993|440355
1200000|2|1679|5|3|1|2|720000|4|15993|723979
1200000|2|1679|5|4|0|0|480000|0|0|485460
1200000|2|1679|5|4|1|2|720000|0|0|712752
1200000|2|1679|5|4|0|0|480000|1|7995|487935
1200000|2|1679|5|4|1|2|720000|1|7995|712790
1200000|2|1679|5|4|0|0|480000|2|15993|491445
1200000|2|1679|5|4|1|2|720000|2|15993|713449
1200000|2|1679|5|4|0|0|480000|3|23994|494877
1200000|2|1679|5|4|1|2|720000|3|23994|714584
1200000|2|1679|5|4|0|0|480000|4|31995|498738
1200000|2|1679|5|4|1|2|720000|4|31995|715638
1200000|2|1679|5|5|0|0|480000|0|0|483471
1200000|2|1679|5|5|1|2|720000|0|0|713337
1200000|2|1679|5|5|0|0|480000|1|7994|485517
1200000|2|1679|5|5|1|2|720000|1|7994|712401
1200000|2|1679|5|5|0|0|480000|2|15991|488949
1200000|2|1679|5|5|1|2|720000|2|15991|713298
1200000|2|1679|5|5|0|0|480000|3|23992|493122
1200000|2|1679|5|5|1|2|720000|3|23992|714426
1200000|2|1679|5|5|0|0|480000|4|31994|497646
1200000|2|1679|5|5|1|2|720000|4|31994|715363
1200000|2|1680|5|1|0|0|480000|0|0|464166
1200000|2|1680|5|1|1|2|720000|0|0|725465
1200000|2|1680|5|1|0|0|480000|1|3997|462273
1200000|2|1680|5|1|1|2|720000|1|3997|724061
1200000|2|1680|5|1|0|0|480000|2|7994|461454
1200000|2|1680|5|1|1|2|720000|2|7994|723550
1200000|2|1680|5|1|0|0|480000|3|11992|461805
1200000|2|1680|5|1|1|2|720000|3|11992|723243
1200000|2|1680|5|1|0|0|480000|4|15991|462429
1200000|2|1680|5|1|1|2|720000|4|15991|723478
1200000|2|1680|5|2|0|0|480000|0|0|484251
1200000|2|1680|5|2|1|2|720000|0|0|721801
1200000|2|1680|5|2|0|0|480000|1|7995|486921
1200000|2|1680|5|2|1|2|720000|1|7995|722306
1200000|2|1680|5|2|0|0|480000|2|15994|490275
1200000|2|1680|5|2|1|2|720000|2|15994|724335
1200000|2|1680|5|2|0|0|480000|3|23995|494526
1200000|2|1680|5|2|1|2|720000|3|23995|726440
1200000|2|1680|5|2|0|0|480000|4|31997|498543
1200000|2|1680|5|2|1|2|720000|4|31997|728470
1200000|2|1680|5|3|0|0|480000|0|0|482067
1200000|2|1680|5|3|1|2|720000|0|0|715093
1200000|2|1680|5|3|0|0|480000|1|7996|483021
1200000|2|1680|5|3|1|2|720000|1|7996|715873
1200000|2|1680|5|3|0|0|480000|2|15996|484776
1200000|2|1680|5|3|1|2|720000|2|15996|716884
1200000|2|1680|5|3|0|0|480000|3|23998|487662
1200000|2|1680|5|3|1|2|720000|3|23998|718445
1200000|2|1680|5|3|0|0|480000|4|32001|490782
1200000|2|1680|5|3|1|2|720000|4|32001|719964
1200000|2|1680|5|4|0|0|480000|0|0|482496
1200000|2|1680|5|4|1|2|720000|0|0|718715
1200000|2|1680|5|4|0|0|480000|1|7995|483723
1200000|2|1680|5|4|1|2|720000|1|7995|718408
1200000|2|1680|5|4|0|0|480000|2|15994|486414
1200000|2|1680|5|4|1|2|720000|2|15994|719536
1200000|2|1680|5|4|0|0|480000|3|23995|489573
1200000|2|1680|5|4|1|2|720000|3|23995|721058
1200000|2|1680|5|4|0|0|480000|4|31998|492771
1200000|2|1680|5|4|1|2|720000|4|31998|723437
1200000|2|1680|5|5|0|0|480000|0|0|484095
1200000|2|1680|5|5|1|2|720000|0|0|721489
1200000|2|1680|5|5|0|0|480000|1|7996|485946
1200000|2|1680|5|5|1|2|720000|1|7996|722112
1200000|2|1680|5|5|0|0|480000|2|15995|488832
1200000|2|1680|5|5|1|2|720000|2|15995|724062
1200000|2|1680|5|5|0|0|480000|3|23998|492615
1200000|2|1680|5|5|1|2|720000|3|23998|726165
1200000|2|1680|5|5|0|0|480000|4|32001|496281
1200000|2|1680|5|5|1|2|720000|4|32001|727727
1200000|2|1681|5|1|0|0|480000|0|0|443496
1200000|2|1681|5|1|1|2|720000|0|0|928537
1200000|2|1681|5|1|0|0|480000|1|8000|442500
1200000|2|1681|5|1|1|2|720000|1|8000|925264
1200000|2|1681|5|1|0|0|480000|2|16002|443397
1200000|2|1681|5|1|1|2|720000|2|16002|923663
1200000|2|1681|5|1|0|0|480000|3|24004|445464
1200000|2|1681|5|1|1|2|720000|3|24004|922766
1200000|2|1681|5|1|0|0|480000|4|32005|449091
1200000|2|1681|5|1|1|2|720000|4|32005|922649
1200000|2|1681|5|2|0|0|480000|0|0|484290
1200000|2|1681|5|2|1|2|720000|0|0|701880
1200000|2|1681|5|2|0|0|480000|1|7996|486063
1200000|2|1681|5|2|1|2|720000|1|7996|700594
1200000|2|1681|5|2|0|0|480000|2|15995|489456
1200000|2|1681|5|2|1|2|720000|2|15995|701060
1200000|2|1681|5|2|0|0|480000|3|23996|493512
1200000|2|1681|5|2|1|2|720000|3|23996|702036
1200000|2|1681|5|2|0|0|480000|4|31998|497997
1200000|2|1681|5|2|1|2|720000|4|31998|703362
1200000|2|1681|5|3|0|0|480000|0|0|481443
1200000|2|1681|5|3|1|2|720000|0|0|712019
1200000|2|1681|5|3|0|0|480000|1|7993|482553
1200000|2|1681|5|3|1|2|720000|1|7993|710538
1200000|2|1681|5|3|0|0|480000|2|15991|484893
1200000|2|1681|5|3|1|2|720000|2|15991|710537
1200000|2|1681|5|3|0|0|480000|3|23991|488130
1200000|2|1681|5|3|1|2|720000|3|23991|711200
1200000|2|1681|5|3|0|0|480000|4|31992|491211
1200000|2|1681|5|3|1|2|720000|4|31992|712919
1200000|2|1681|5|4|0|0|480000|0|0|482613
1200000|2|1681|5|4|1|2|720000|0|0|713151
1200000|2|1681|5|4|0|0|480000|1|7993|482709
1200000|2|1681|5|4|1|2|720000|1|7993|712993
1200000|2|1681|5|4|0|0|480000|2|15991|483840
1200000|2|1681|5|4|1|2|720000|2|15991|714517
1200000|2|1681|5|4|0|0|480000|3|23992|485634
1200000|2|1681|5|4|1|2|720000|3|23992|715920
1200000|2|1681|5|4|0|0|480000|4|31994|488052
1200000|2|1681|5|4|1|2|720000|4|31994|717401
1200000|2|1681|5|5|0|0|480000|0|0|479922
1200000|2|1681|5|5|1|2|720000|0|0|715958
1200000|2|1681|5|5|0|0|480000|1|7994|479511
1200000|2|1681|5|5|1|2|720000|1|7994|714202
1200000|2|1681|5|5|0|0|480000|2|15991|480642
1200000|2|1681|5|5|1|2|720000|2|15991|713812
1200000|2|1681|5|5|0|0|480000|3|23990|482631
1200000|2|1681|5|5|1|2|720000|3|23990|715064
1200000|2|1681|5|5|0|0|480000|4|31993|484971
1200000|2|1681|5|5|1|2|720000|4|31993|716544
1200000|2|1682|5|1|0|0|480000|0|1|480585
1200000|2|1682|5|1|1|2|720000|0|1|712799
1200000|2|1682|5|1|0|0|480000|1|7993|481539
1200000|2|1682|5|1|1|2|720000|1|7993|711238
1200000|2|1682|5|1|0|0|480000|2|15990|483840
1200000|2|1682|5|1|1|2|720000|2|15990|710966
1200000|2|1682|5|1|0|0|480000|3|23990|486648
1200000|2|1682|5|1|1|2|720000|3|23990|712643
1200000|2|1682|5|1|0|0|480000|4|31992|489612
1200000|2|1682|5|1|1|2|720000|4|31992|714320
1200000|2|1682|5|2|0|0|480000|0|0|463386
1200000|2|1682|5|2|1|2|720000|0|0|724496
1200000|2|1682|5|2|0|0|480000|1|7992|459816
1200000|2|1682|5|2|1|2|720000|1|7992|722705
1200000|2|1682|5|2|0|0|480000|2|15990|459933
1200000|2|1682|5|2|1|2|720000|2|15990|722316
1200000|2|1682|5|2|0|0|480000|3|23989|462039
1200000|2|1682|5|2|1|2|720000|3|23989|723095
1200000|2|1682|5|2|0|0|480000|4|31991|464730
1200000|2|1682|5|2|1|2|720000|4|31991|723954
1200000|2|1682|5|3|0|0|480000|0|0|455040
1200000|2|1682|5|3|1|2|720000|0|0|724267
1200000|2|1682|5|3|0|0|480000|1|7993|446049
1200000|2|1682|5|3|1|2|720000|1|7993|723134
1200000|2|1682|5|3|0|0|480000|2|15991|443046
1200000|2|1682|5|3|1|2|720000|2|15991|723213
1200000|2|1682|5|3|0|0|480000|3|23991|443124
1200000|2|1682|5|3|1|2|720000|3|23991|724071
1200000|2|1682|5|3|0|0|480000|4|31992|444762
1200000|2|1682|5|3|1|2|720000|4|31992|725904
1200000|2|1682|5|4|0|0|480000|0|1|483198
1200000|2|1682|5|4|1|2|720000|0|1|713500
1200000|2|1682|5|4|0|0|480000|1|7993|484893
1200000|2|1682|5|4|1|2|720000|1|7993|712058
1200000|2|1682|5|4|0|0|480000|2|15991|487857
1200000|2|1682|5|4|1|2|720000|2|15991|712294
1200000|2|1682|5|4|0|0|480000|3|23991|491835
1200000|2|1682|5|4|1|2|720000|3|23991|713540
1200000|2|1682|5|4|0|0|480000|4|31993|495540
1200000|2|1682|5|4|1|2|720000|4|31993|715139
1200000|2|1682|5|5|0|0|480000|0|0|483939
1200000|2|1682|5|5|1|2|720000|0|0|718026
1200000|2|1682|5|5|0|0|480000|1|7993|485946
1200000|2|1682|5|5|1|2|720000|1|7993|717285
1200000|2|1682|5|5|0|0|480000|2|15991|488832
1200000|2|1682|5|5|1|2|720000|2|15991|718494
1200000|2|1682|5|5|0|0|480000|3|23993|492576
1200000|2|1682|5|5|1|2|720000|3|23993|719274
1200000|2|1682|5|5|0|0|480000|4|31995|496593
1200000|2|1682|5|5|1|2|720000|4|31995|720716
1200000|2|1683|5|1|0|0|480000|0|0|484329
1200000|2|1683|5|1|1|2|720000|0|0|716347
1200000|2|1683|5|1|0|0|480000|1|7994|486804
1200000|2|1683|5|1|1|2|720000|1|7994|715842
1200000|2|1683|5|1|0|0|480000|2|15992|490665
1200000|2|1683|5|1|1|2|720000|2|15992|716306
1200000|2|1683|5|1|0|0|480000|3|23992|494916
1200000|2|1683|5|1|1|2|720000|3|23992|717596
1200000|2|1683|5|1|0|0|480000|4|31994|498894
1200000|2|1683|5|1|1|2|720000|4|31994|719234
1200000|2|1683|5|2|0|0|480000|0|0|482223
1200000|2|1683|5|2|1|2|720000|0|0|718494
1200000|2|1683|5|2|0|0|480000|1|7994|482865
1200000|2|1683|5|2|1|2|720000|1|7994|718688
1200000|2|1683|5|2|0|0|480000|2|15993|484815
1200000|2|1683|5|2|1|2|720000|2|15993|719312
1200000|2|1683|5|2|0|0|480000|3|23994|487584
1200000|2|1683|5|2|1|2|720000|3|23994|720561
1200000|2|1683|5|2|0|0|480000|4|31997|490782
1200000|2|1683|5|2|1|2|720000|4|31997|721961
1200000|2|1683|5|3|0|0|480000|0|0|482379
1200000|2|1683|5|3|1|2|720000|0|0|719470
1200000|2|1683|5|3|0|0|480000|1|7995|483606
1200000|2|1683|5|3|1|2|720000|1|7995|719739
1200000|2|1683|5|3|0|0|480000|2|15995|486687
1200000|2|1683|5|3|1|2|720000|2|15995|721535
1200000|2|1683|5|3|0|0|480000|3|23997|489378
1200000|2|1683|5|3|1|2|720000|3|23997|723875
1200000|2|1683|5|3|0|0|480000|4|32000|492420
1200000|2|1683|5|3|1|2|720000|4|32000|726528
1200000|2|1683|5|4|0|0|480000|0|0|481872
1200000|2|1683|5|4|1|2|720000|0|0|723838
1200000|2|1683|5|4|0|0|480000|1|7998|482397
1200000|2|1683|5|4|1|2|720000|1|7998|724616
1200000|2|1683|5|4|0|0|480000|2|15998|483762
1200000|2|1683|5|4|1|2|720000|2|15998|726411
1200000|2|1683|5|4|0|0|480000|3|24001|486024
1200000|2|1683|5|4|1|2|720000|3|24001|729063
1200000|2|1683|5|4|0|0|480000|4|32005|488871
1200000|2|1683|5|4|1|2|720000|4|32005|732181
1200000|2|1683|5|5|0|0|480000|0|1|462060
1200000|2|1683|5|5|1|2|720000|0|1|730545
1200000|2|1683|5|5|0|0|480000|1|7996|457203
1200000|2|1683|5|5|1|2|720000|1|7996|730502
1200000|2|1683|5|5|0|0|480000|2|15995|456150
1200000|2|1683|5|5|1|2|720000|2|15995|731872
1200000|2|1683|5|5|0|0|480000|3|23997|457086
1200000|2|1683|5|5|1|2|720000|3|23997|733665
1200000|2|1683|5|5|0|0|480000|4|32000|458529
1200000|2|1683|5|5|1|2|720000|4|32000|735927
1200000|2|1684|5|1|0|0|480000|0|0|453402
1200000|2|1684|5|1|1|2|720000|0|0|729256
1200000|2|1684|5|1|0|0|480000|1|7994|442812
1200000|2|1684|5|1|1|2|720000|1|7994|729803
1200000|2|1684|5|1|0|0|480000|2|15994|437664
1200000|2|1684|5|1|1|2|720000|2|15994|731363
1200000|2|1684|5|1|0|0|480000|3|23996|435558
1200000|2|1684|5|1|1|2|720000|3|23996|732690
1200000|2|1684|5|1|0|0|480000|4|31999|435285
1200000|2|1684|5|1|1|2|720000|4|31999|734873
1200000|2|1684|5|2|0|0|480000|0|0|480078
1200000|2|1684|5|2|1|2|720000|0|0|718338
1200000|2|1684|5|2|0|0|480000|1|7995|479784
1200000|2|1684|5|2|1|2|720000|1|7995|717519
1200000|2|1684|5|2|0|0|480000|2|15994|481383
1200000|2|1684|5|2|1|2|720000|2|15994|718339
1200000|2|1684|5|2|0|0|480000|3|23995|483762
1200000|2|1684|5|2|1|2|720000|3|23995|720054
1200000|2|1684|5|2|0|0|480000|4|31998|486063
1200000|2|1684|5|2|1|2|720000|4|31998|721966
1200000|2|1684|5|3|0|0|480000|0|0|481326
1200000|2|1684|5|3|1|2|720000|0|0|712602
1200000|2|1684|5|3|0|0|480000|1|7993|481422
1200000|2|1684|5|3|1|2|720000|1|7993|712056
1200000|2|1684|5|3|0|0|480000|2|15992|482475
1200000|2|1684|5|3|1|2|720000|2|15992|713735
1200000|2|1684|5|3|0|0|480000|3|23995|484347
1200000|2|1684|5|3|1|2|720000|3|23995|715763
1200000|2|1684|5|3|0|0|480000|4|31999|486921
1200000|2|1684|5|3|1|2|720000|4|31999|718180
1200000|2|1684|5|4|0|0|480000|0|0|480624
1200000|2|1684|5|4|1|2|720000|0|0|713111
1200000|2|1684|5|4|0|0|480000|1|7992|480798
1200000|2|1684|5|4|1|2|720000|1|7992|710148
1200000|2|1684|5|4|0|0|480000|2|15989|482436
1200000|2|1684|5|4|1|2|720000|2|15989|709134
1200000|2|1684|5|4|0|0|480000|3|23989|485010
1200000|2|1684|5|4|1|2|720000|3|23989|709404
1200000|2|1684|5|4|0|0|480000|4|31991|487272
1200000|2|1684|5|4|1|2|720000|4|31991|709874
1200000|2|1684|5|5|0|0|480000|0|0|452934
1200000|2|1684|5|5|1|2|720000|0|0|724692
1200000|2|1684|5|5|0|0|480000|1|7993|443514
1200000|2|1684|5|5|1|2|720000|1|7993|722624
1200000|2|1684|5|5|0|0|480000|2|15991|439770
1200000|2|1684|5|5|1|2|720000|2|15991|721884
1200000|2|1684|5|5|0|0|480000|3|23991|438522
1200000|2|1684|5|5|1|2|720000|3|23991|721847
1200000|2|1684|5|5|0|0|480000|4|31992|439146
1200000|2|1684|5|5|1|2|720000|4|31992|722316
1200000|2|1685|5|1|0|0|480000|0|0|481482
1200000|2|1685|5|1|1|2|720000|0|0|706403
1200000|2|1685|5|1|0|0|480000|1|7992|481617
1200000|2|1685|5|1|1|2|720000|1|7992|703478
1200000|2|1685|5|1|0|0|480000|2|15988|482982
1200000|2|1685|5|1|1|2|720000|2|15988|702426
1200000|2|1685|5|1|0|0|480000|3|23988|485400
1200000|2|1685|5|1|1|2|720000|3|23988|701764
1200000|2|1685|5|1|0|0|480000|4|31988|487506
1200000|2|1685|5|1|1|2|720000|4|31988|701996
1200000|2|1685|5|2|0|0|480000|0|0|478947
1200000|2|1685|5|2|1|2|720000|0|0|711590
1200000|2|1685|5|2|0|0|480000|1|7991|478536
1200000|2|1685|5|2|1|2|720000|1|7991|709331
1200000|2|1685|5|2|0|0|480000|2|15987|480135
1200000|2|1685|5|2|1|2|720000|2|15987|708860
1200000|2|1685|5|2|0|0|480000|3|23986|482241
1200000|2|1685|5|2|1|2|720000|3|23986|709250
1200000|2|1685|5|2|0|0|480000|4|31987|484893
1200000|2|1685|5|2|1|2|720000|4|31987|710655
1200000|2|1685|5|3|0|0|480000|0|0|453129
1200000|2|1685|5|3|1|2|720000|0|0|724734
1200000|2|1685|5|3|0|0|480000|1|7994|443904
1200000|2|1685|5|3|1|2|720000|1|7994|723174
1200000|2|1685|5|3|0|0|480000|2|15992|440043
1200000|2|1685|5|3|1|2|720000|2|15992|724072
1200000|2|1685|5|3|0|0|480000|3|23993|439302
1200000|2|1685|5|3|1|2|720000|3|23993|725396
1200000|2|1685|5|3|0|0|480000|4|31995|440667
1200000|2|1685|5|3|1|2|720000|4|31995|727816
1200000|2|1685|5|4|0|0|480000|0|0|454104
1200000|2|1685|5|4|1|2|720000|0|0|734901
1200000|2|1685|5|4|0|0|480000|1|7996|445737
1200000|2|1685|5|4|1|2|720000|1|7996|735448
1200000|2|1685|5|4|0|0|480000|2|15996|443748
1200000|2|1685|5|4|1|2|720000|2|15996|737555
1200000|2|1685|5|4|0|0|480000|3|23998|444099
1200000|2|1685|5|4|1|2|720000|3|23998|738918
1200000|2|1685|5|4|0|0|480000|4|32000|446166
1200000|2|1685|5|4|1|2|720000|4|32000|740755
1200000|2|1685|5|5|0|0|480000|0|0|483276
1200000|2|1685|5|5|1|2|720000|0|0|717368
1200000|2|1685|5|5|0|0|480000|1|7993|484659
1200000|2|1685|5|5|1|2|720000|1|7993|715842
1200000|2|1685|5|5|0|0|480000|2|15990|487584
1200000|2|1685|5|5|1|2|720000|2|15990|715800
1200000|2|1685|5|5|0|0|480000|3|23991|491328
1200000|2|1685|5|5|1|2|720000|3|23991|716465
1200000|2|1685|5|5|0|0|480000|4|31992|495813
1200000|2|1685|5|5|1|2|720000|4|31992|717948
1200000|2|1686|5|1|0|0|480000|0|0|482340
1200000|2|1686|5|1|1|2|720000|0|0|717869
1200000|2|1686|5|1|0|0|480000|1|7993|483684
1200000|2|1686|5|1|1|2|720000|1|7993|717012
1200000|2|1686|5|1|0|0|480000|2|15991|486219
1200000|2|1686|5|1|1|2|720000|2|15991|716697
1200000|2|1686|5|1|0|0|480000|3|23990|489417
1200000|2|1686|5|1|1|2|720000|3|23990|717557
1200000|2|1686|5|1|0|0|480000|4|31992|493200
1200000|2|1686|5|1|1|2|720000|4|31992|718763
1200000|2|1686|5|2|0|0|480000|0|0|481833
1200000|2|1686|5|2|1|2|720000|0|0|717247
1200000|2|1686|5|2|0|0|480000|1|7993|482124
1200000|2|1686|5|2|1|2|720000|1|7993|714944
1200000|2|1686|5|2|0|0|480000|2|15990|483996
1200000|2|1686|5|2|1|2|720000|2|15990|713893
1200000|2|1686|5|2|0|0|480000|3|23989|486570
1200000|2|1686|5|2|1|2|720000|3|23989|713656
1200000|2|1686|5|2|0|0|480000|4|31989|488793
1200000|2|1686|5|2|1|2|720000|4|31989|714166
1200000|2|1686|5|3|0|0|480000|0|0|452934
1200000|2|1686|5|3|1|2|720000|0|0|725699
1200000|2|1686|5|3|0|0|480000|1|7992|443358
1200000|2|1686|5|3|1|2|720000|1|7992|723941
1200000|2|1686|5|3|0|0|480000|2|15989|439107
1200000|2|1686|5|3|1|2|720000|2|15989|723826
1200000|2|1686|5|3|0|0|480000|3|23988|438327
1200000|2|1686|5|3|1|2|720000|3|23988|724725
1200000|2|1686|5|3|0|0|480000|4|31990|439380
1200000|2|1686|5|3|1|2|720000|4|31990|725971
1200000|2|1686|5|4|0|0|480000|0|0|464088
1200000|2|1686|5|4|1|2|720000|0|0|725695
1200000|2|1686|5|4|0|0|480000|1|7993|460791
1200000|2|1686|5|4|1|2|720000|1|7993|724023
1200000|2|1686|5|4|0|0|480000|2|15991|460908
1200000|2|1686|5|4|1|2|720000|2|15991|723437
1200000|2|1686|5|4|0|0|480000|3|23990|461727
1200000|2|1686|5|4|1|2|720000|3|23990|723983
1200000|2|1686|5|4|0|0|480000|4|31991|463911
1200000|2|1686|5|4|1|2|720000|4|31991|724997
1200000|2|1686|5|5|0|0|480000|0|0|462957
1200000|2|1686|5|5|1|2|720000|0|0|719384
1200000|2|1686|5|5|0|0|480000|1|7992|458256
1200000|2|1686|5|5|1|2|720000|1|7992|718252
1200000|2|1686|5|5|0|0|480000|2|15990|456969
1200000|2|1686|5|5|1|2|720000|2|15990|718637
1200000|2|1686|5|5|0|0|480000|3|23991|457398
1200000|2|1686|5|5|1|2|720000|3|23991|718520
1200000|2|1686|5|5|0|0|480000|4|31993|458841
1200000|2|1686|5|5|1|2|720000|4|31993|719031
1200000|2|1687|5|1|0|0|480000|0|0|481638
1200000|2|1687|5|1|1|2|720000|0|0|712204
1200000|2|1687|5|1|0|0|480000|1|7993|482163
1200000|2|1687|5|1|1|2|720000|1|7993|710840
1200000|2|1687|5|1|0|0|480000|2|15991|483372
1200000|2|1687|5|1|1|2|720000|2|15991|710648
1200000|2|1687|5|1|0|0|480000|3|23990|485634
1200000|2|1687|5|1|1|2|720000|3|23990|711382
1200000|2|1687|5|1|0|0|480000|4|31992|488247
1200000|2|1687|5|1|1|2|720000|4|31992|712203
1200000|2|1687|5|2|0|0|480000|0|0|461085
1200000|2|1687|5|2|1|2|720000|0|0|716843
1200000|2|1687|5|2|0|0|480000|1|7993|455799
1200000|2|1687|5|2|1|2|720000|1|7993|713922
1200000|2|1687|5|2|0|0|480000|2|15989|454122
1200000|2|1687|5|2|1|2|720000|2|15989|712321
1200000|2|1687|5|2|0|0|480000|3|23988|454434
1200000|2|1687|5|2|1|2|720000|3|23988|711777
1200000|2|1687|5|2|0|0|480000|4|31989|454941
1200000|2|1687|5|2|1|2|720000|4|31989|711229
1200000|2|1687|5|3|0|0|480000|0|0|480967
1200000|2|1687|5|3|1|2|720000|0|0|708110
1200000|2|1687|5|3|0|0|480000|1|7993|481219
1200000|2|1687|5|3|1|2|720000|1|7993|706081
1200000|2|1687|5|3|0|0|480000|2|15990|482506
1200000|2|1687|5|3|1|2|720000|2|15990|705652
1200000|2|1687|5|3|0|0|480000|3|23991|484336
1200000|2|1687|5|3|1|2|720000|3|23991|706200
1200000|2|1687|5|3|0|0|480000|4|31992|486714
1200000|2|1687|5|3|1|2|720000|4|31992|707332
1200000|2|1687|5|4|0|0|480000|0|1|452817
1200000|2|1687|5|4|1|2|720000|0|1|721957
1200000|2|1687|5|4|0|0|480000|1|7995|443007
1200000|2|1687|5|4|1|2|720000|1|7995|721136
1200000|2|1687|5|4|0|0|480000|2|15992|439614
1200000|2|1687|5|4|1|2|720000|2|15992|722031
1200000|2|1687|5|4|0|0|480000|3|23992|439809
1200000|2|1687|5|4|1|2|720000|3|23992|723008
1200000|2|1687|5|4|0|0|480000|4|31993|441369
1200000|2|1687|5|4|1|2|720000|4|31993|724295
1200000|2|1687|5|5|0|0|480000|0|0|480732
1200000|2|1687|5|5|1|2|720000|0|0|712827
1200000|2|1687|5|5|0|0|480000|1|7993|480672
1200000|2|1687|5|5|1|2|720000|1|7993|712515
1200000|2|1687|5|5|0|0|480000|2|15991|482232
1200000|2|1687|5|5|1|2|720000|2|15991|712712
1200000|2|1687|5|5|0|0|480000|3|23991|484768
1200000|2|1687|5|5|1|2|720000|3|23991|713024
1200000|2|1687|5|5|0|0|480000|4|31992|488121
1200000|2|1687|5|5|1|2|720000|4|31992|713917
1200000|2|1688|5|1|0|0|480000|0|0|481902
1200000|2|1688|5|1|1|2|720000|0|0|711736
1200000|2|1688|5|1|0|0|480000|1|7993|482621
1200000|2|1688|5|1|1|2|720000|1|7993|710021
1200000|2|1688|5|1|0|0|480000|2|15990|484377
1200000|2|1688|5|1|1|2|720000|2|15990|709551
1200000|2|1688|5|1|0|0|480000|3|23989|486716
1200000|2|1688|5|1|1|2|720000|3|23989|710060
1200000|2|1688|5|1|0|0|480000|4|31990|489876
1200000|2|1688|5|1|1|2|720000|4|31990|710451
1200000|2|1688|5|2|0|0|480000|0|0|462012
1200000|2|1688|5|2|1|2|720000|0|0|725974
1200000|2|1688|5|2|0|0|480000|1|7993|458127
1200000|2|1688|5|2|1|2|720000|1|7993|725661
1200000|2|1688|5|2|0|0|480000|2|15992|457662
1200000|2|1688|5|2|1|2|720000|2|15992|726400
1200000|2|1688|5|2|0|0|480000|3|23992|459531
1200000|2|1688|5|2|1|2|720000|3|23992|727300
1200000|2|1688|5|2|0|0|480000|4|31995|462264
1200000|2|1688|5|2|1|2|720000|4|31995|728663
1200000|2|1688|5|3|0|0|480000|0|1|485022
1200000|2|1688|5|3|1|2|720000|0|1|720044
1200000|2|1688|5|3|0|0|480000|1|7994|487263
1200000|2|1688|5|3|1|2|720000|1|7994|719886
1200000|2|1688|5|3|0|0|480000|2|15992|489954
1200000|2|1688|5|3|1|2|720000|2|15992|720705
1200000|2|1688|5|3|0|0|480000|3|23991|493617
1200000|2|1688|5|3|1|2|720000|3|23991|722460
1200000|2|1688|5|3|0|0|480000|4|31993|497832
1200000|2|1688|5|3|1|2|720000|4|31993|723866
1200000|2|1688|5|4|0|0|480000|0|0|481395
1200000|2|1688|5|4|1|2|720000|0|0|713376
1200000|2|1688|5|4|0|0|480000|1|7994|481761
1200000|2|1688|5|4|1|2|720000|1|7994|712946
1200000|2|1688|5|4|0|0|480000|2|15992|483867
1200000|2|1688|5|4|1|2|720000|2|15992|713140
1200000|2|1688|5|4|0|0|480000|3|23992|486755
1200000|2|1688|5|4|1|2|720000|3|23992|713607
1200000|2|1688|5|4|0|0|480000|4|31993|490536
1200000|2|1688|5|4|1|2|720000|4|31993|714544
1200000|2|1688|5|5|0|0|480000|0|0|461156
1200000|2|1688|5|5|1|2|720000|0|0|719614
1200000|2|1688|5|5|0|0|480000|1|7993|457038
1200000|2|1688|5|5|1|2|720000|1|7993|717935
1200000|2|1688|5|5|0|0|480000|2|15989|456801
1200000|2|1688|5|5|1|2|720000|2|15989|717550
1200000|2|1688|5|5|0|0|480000|3|23988|459065
1200000|2|1688|5|5|1|2|720000|3|23988|717663
1200000|2|1688|5|5|0|0|480000|4|31988|462146
1200000|2|1688|5|5|1|2|720000|4|31988|717939
1200000|2|1689|5|1|0|0|480000|0|0|452731
1200000|2|1689|5|1|1|2|720000|0|0|719497
1200000|2|1689|5|1|0|0|480000|1|7994|443036
1200000|2|1689|5|1|1|2|720000|1|7994|718445
1200000|2|1689|5|1|0|0|480000|2|15991|439251
1200000|2|1689|5|1|1|2|720000|2|15991|718094
1200000|2|1689|5|1|0|0|480000|3|23990|438941
1200000|2|1689|5|1|1|2|720000|3|23990|718717
1200000|2|1689|5|1|0|0|480000|4|31991|440425
1200000|2|1689|5|1|1|2|720000|4|31991|719929
1200000|2|1689|5|2|0|0|480000|0|0|484043
1200000|2|1689|5|2|1|2|720000|0|0|720435
1200000|2|1689|5|2|0|0|480000|1|7994|486092
1200000|2|1689|5|2|1|2|720000|1|7994|720275
1200000|2|1689|5|2|0|0|480000|2|15992|488005
1200000|2|1689|5|2|1|2|720000|2|15992|721644
1200000|2|1689|5|2|0|0|480000|3|23993|490886
1200000|2|1689|5|2|1|2|720000|3|23993|722966
1200000|2|1689|5|2|0|0|480000|4|31993|494555
1200000|2|1689|5|2|1|2|720000|4|31993|724529
1200000|2|1689|5|3|0|0|480000|0|0|453508
1200000|2|1689|5|3|1|2|720000|0|0|727609
1200000|2|1689|5|3|0|0|480000|1|7994|444127
1200000|2|1689|5|3|1|2|720000|1|7994|726558
1200000|2|1689|5|3|0|0|480000|2|15992|440851
1200000|2|1689|5|3|1|2|720000|2|15992|726674
1200000|2|1689|5|3|0|0|480000|3|23993|440776
1200000|2|1689|5|3|1|2|720000|3|23993|727649
1200000|2|1689|5|3|0|0|480000|4|31995|443114
1200000|2|1689|5|3|1|2|720000|4|31995|729014
1200000|2|1689|5|4|0|0|480000|0|0|462206
1200000|2|1689|5|4|1|2|720000|0|0|730926
1200000|2|1689|5|4|0|0|480000|1|7995|458831
1200000|2|1689|5|4|1|2|720000|1|7995|730848
1200000|2|1689|5|4|0|0|480000|2|15995|459728
1200000|2|1689|5|4|1|2|720000|2|15995|731780
1200000|2|1689|5|4|0|0|480000|3|23996|462069
1200000|2|1689|5|4|1|2|720000|3|23996|732525
1200000|2|1689|5|4|0|0|480000|4|31998|465967
1200000|2|1689|5|4|1|2|720000|4|31998|733534
1200000|2|1689|5|5|0|0|480000|0|0|461932
1200000|2|1689|5|5|1|2|720000|0|0|727807
1200000|2|1689|5|5|0|0|480000|1|7995|458247
1200000|2|1689|5|5|1|2|720000|1|7995|726322
1200000|2|1689|5|5|0|0|480000|2|15993|458090
1200000|2|1689|5|5|1|2|720000|2|15993|726478
1200000|2|1689|5|5|0|0|480000|3|23994|460315
1200000|2|1689|5|5|1|2|720000|3|23994|727063
1200000|2|1689|5|5|0|0|480000|4|31996|463240
1200000|2|1689|5|5|1|2|720000|4|31996|728233
1200000|2|1690|5|1|0|0|480000|0|0|461309
1200000|2|1690|5|1|1|2|720000|0|0|731390
1200000|2|1690|5|1|0|0|480000|1|7995|457544
1200000|2|1690|5|1|1|2|720000|1|7995|731159
1200000|2|1690|5|1|0|0|480000|2|15995|457464
1200000|2|1690|5|1|1|2|720000|2|15995|731941
1200000|2|1690|5|1|0|0|480000|3|23996|460001
1200000|2|1690|5|1|1|2|720000|3|23996|733536
1200000|2|1690|5|1|0|0|480000|4|31999|463590
1200000|2|1690|5|1|1|2|720000|4|31999|735801
1200000|2|1690|5|2|0|0|480000|0|0|461348
1200000|2|1690|5|2|1|2|720000|0|0|730029
1200000|2|1690|5|2|0|0|480000|1|7995|457507
1200000|2|1690|5|2|1|2|720000|1|7995|729401
1200000|2|1690|5|2|0|0|480000|2|15994|457775
1200000|2|1690|5|2|1|2|720000|2|15994|729911
1200000|2|1690|5|2|0|0|480000|3|23996|460158
1200000|2|1690|5|2|1|2|720000|3|23996|731511
1200000|2|1690|5|2|0|0|480000|4|31999|463628
1200000|2|1690|5|2|1|2|720000|4|31999|733656
1200000|2|1690|5|3|0|0|480000|0|0|483385
1200000|2|1690|5|3|1|2|720000|0|0|723126
1200000|2|1690|5|3|0|0|480000|1|7997|484650
1200000|2|1690|5|3|1|2|720000|1|7997|723321
1200000|2|1690|5|3|0|0|480000|2|15996|486755
1200000|2|1690|5|3|1|2|720000|2|15996|724955
1200000|2|1690|5|3|0|0|480000|3|23998|489955
1200000|2|1690|5|3|1|2|720000|3|23998|726713
1200000|2|1690|5|3|0|0|480000|4|32000|493034
1200000|2|1690|5|3|1|2|720000|4|32000|728976
1200000|2|1690|5|4|0|0|480000|0|0|480030
1200000|2|1690|5|4|1|2|720000|0|0|718055
1200000|2|1690|5|4|0|0|480000|1|7996|479814
1200000|2|1690|5|4|1|2|720000|1|7996|718405
1200000|2|1690|5|4|0|0|480000|2|15996|481531
1200000|2|1690|5|4|1|2|720000|2|15996|719304
1200000|2|1690|5|4|0|0|480000|3|23998|483831
1200000|2|1690|5|4|1|2|720000|3|23998|720393
1200000|2|1690|5|4|0|0|480000|4|32001|486870
1200000|2|1690|5|4|1|2|720000|4|32001|722267
1200000|2|1690|5|5|0|0|480000|0|0|461973
1200000|2|1690|5|5|1|2|720000|0|0|727932
1200000|2|1690|5|5|0|0|480000|1|7995|457465
1200000|2|1690|5|5|1|2|720000|1|7995|727153
1200000|2|1690|5|5|0|0|480000|2|15993|457077
1200000|2|1690|5|5|1|2|720000|2|15993|727620
1200000|2|1690|5|5|0|0|480000|3|23994|458794
1200000|2|1690|5|5|1|2|720000|3|23994|728517
1200000|2|1690|5|5|0|0|480000|4|31996|461211
1200000|2|1690|5|5|1|2|720000|4|31996|729332
1200000|2|1691|5|1|0|0|480000|0|0|451951
1200000|2|1691|5|1|1|2|720000|0|0|727153
1200000|2|1691|5|1|0|0|480000|1|7996|441594
1200000|2|1691|5|1|1|2|720000|1|7996|726022
1200000|2|1691|5|1|0|0|480000|2|15995|437383
1200000|2|1691|5|1|1|2|720000|2|15995|725981
1200000|2|1691|5|1|0|0|480000|3|23996|436601
1200000|2|1691|5|1|1|2|720000|3|23996|726761
1200000|2|1691|5|1|0|0|480000|4|31998|438238
1200000|2|1691|5|1|1|2|720000|4|31998|728400
1200000|2|1691|5|2|0|0|480000|0|0|462518
1200000|2|1691|5|2|1|2|720000|0|0|733160
1200000|2|1691|5|2|0|0|480000|1|7995|459066
1200000|2|1691|5|2|1|2|720000|1|7995|733118
1200000|2|1691|5|2|0|0|480000|2|15994|459534
1200000|2|1691|5|2|1|2|720000|2|15994|734210
1200000|2|1691|5|2|0|0|480000|3|23994|461249
1200000|2|1691|5|2|1|2|720000|3|23994|736278
1200000|2|1691|5|2|0|0|480000|4|31997|464489
1200000|2|1691|5|2|1|2|720000|4|31997|737642
1200000|2|1691|5|3|0|0|480000|0|0|483659
1200000|2|1691|5|3|1|2|720000|0|0|718493
1200000|2|1691|5|3|0|0|480000|1|7993|485703
1200000|2|1691|5|3|1|2|720000|1|7993|717438
1200000|2|1691|5|3|0|0|480000|2|15991|488822
1200000|2|1691|5|3|1|2|720000|2|15991|717363
1200000|2|1691|5|3|0|0|480000|3|23992|492917
1200000|2|1691|5|3|1|2|720000|3|23992|718337
1200000|2|1691|5|3|0|0|480000|4|31994|497871
1200000|2|1691|5|3|1|2|720000|4|31994|719547
1200000|2|1691|5|4|0|0|480000|0|0|483190
1200000|2|1691|5|4|1|2|720000|0|0|721457
1200000|2|1691|5|4|0|0|480000|1|7996|484495
1200000|2|1691|5|4|1|2|720000|1|7996|721338
1200000|2|1691|5|4|0|0|480000|2|15996|486324
1200000|2|1691|5|4|1|2|720000|2|15996|722159
1200000|2|1691|5|4|0|0|480000|3|23997|489171
1200000|2|1691|5|4|1|2|720000|3|23997|723407
1200000|2|1691|5|4|0|0|480000|4|31999|492372
1200000|2|1691|5|4|1|2|720000|4|31999|724343
1200000|2|1691|5|5|0|0|480000|0|0|479368
1200000|2|1691|5|5|1|2|720000|0|0|714632
1200000|2|1691|5|5|0|0|480000|1|7995|479228
1200000|2|1691|5|5|1|2|720000|1|7995|714476
1200000|2|1691|5|5|0|0|480000|2|15995|480670
1200000|2|1691|5|5|1|2|720000|2|15995|714632
1200000|2|1691|5|5|0|0|480000|3|23997|482818
1200000|2|1691|5|5|1|2|720000|3|23997|715489
1200000|2|1691|5|5|0|0|480000|4|32000|485430
1200000|2|1691|5|5|1|2|720000|4|32000|716737
1200000|2|1692|5|1|0|0|480000|0|0|481630
1200000|2|1692|5|1|1|2|720000|0|0|711748
1200000|2|1692|5|1|0|0|480000|1|7995|482193
1200000|2|1692|5|1|1|2|720000|1|7995|710500
1200000|2|1692|5|1|0|0|480000|2|15993|483554
1200000|2|1692|5|1|1|2|720000|2|15993|710577
1200000|2|1692|5|1|0|0|480000|3|23994|485548
1200000|2|1692|5|1|1|2|720000|3|23994|710967
1200000|2|1692|5|1|0|0|480000|4|31996|488197
1200000|2|1692|5|1|1|2|720000|4|31996|711045
1200000|2|1692|5|2|0|0|480000|0|0|450311
1200000|2|1692|5|2|1|2|720000|0|0|723524
1200000|2|1692|5|2|0|0|480000|1|3997|443193
1200000|2|1692|5|2|1|2|720000|1|3997|722274
1200000|2|1692|5|2|0|0|480000|2|7995|438003
1200000|2|1692|5|2|1|2|720000|2|7995|721147
1200000|2|1692|5|2|0|0|480000|3|11993|434184
1200000|2|1692|5|2|1|2|720000|3|11993|720714
1200000|2|1692|5|2|0|0|480000|4|15993|431727
1200000|2|1692|5|2|1|2|720000|4|15993|720405
1200000|2|1692|5|3|0|0|480000|0|0|480226
1200000|2|1692|5|3|1|2|720000|0|0|718454
1200000|2|1692|5|3|0|0|480000|1|7995|479501
1200000|2|1692|5|3|1|2|720000|1|7995|717401
1200000|2|1692|5|3|0|0|480000|2|15993|480398
1200000|2|1692|5|3|1|2|720000|2|15993|717872
1200000|2|1692|5|3|0|0|480000|3|23994|481336
1200000|2|1692|5|3|1|2|720000|3|23994|718884
1200000|2|1692|5|3|0|0|480000|4|31996|482778
1200000|2|1692|5|3|1|2|720000|4|31996|720444
1200000|2|1692|5|4|0|0|480000|0|0|480069
1200000|2|1692|5|4|1|2|720000|0|0|718104
1200000|2|1692|5|4|0|0|480000|1|7994|480125
1200000|2|1692|5|4|1|2|720000|1|7994|717868
1200000|2|1692|5|4|0|0|480000|2|15992|481686
1200000|2|1692|5|4|1|2|720000|2|15992|719546
1200000|2|1692|5|4|0|0|480000|3|23994|484178
1200000|2|1692|5|4|1|2|720000|3|23994|720836
1200000|2|1692|5|4|0|0|480000|4|31997|486988
1200000|2|1692|5|4|1|2|720000|4|31997|723094
1200000|2|1692|5|5|0|0|480000|0|0|461661
1200000|2|1692|5|5|1|2|720000|0|0|729961
1200000|2|1692|5|5|0|0|480000|1|3997|458598
1200000|2|1692|5|5|1|2|720000|1|3997|728518
1200000|2|1692|5|5|0|0|480000|2|7994|456998
1200000|2|1692|5|5|1|2|720000|2|7994|727816
1200000|2|1692|5|5|0|0|480000|3|11993|456025
1200000|2|1692|5|5|1|2|720000|3|11993|727541
1200000|2|1692|5|5|0|0|480000|4|15992|456063
1200000|2|1692|5|5|1|2|720000|4|15992|727773
1200000|2|1693|5|1|0|0|480000|0|0|453704
1200000|2|1693|5|1|1|2|720000|0|0|731325
1200000|2|1693|5|1|0|0|480000|1|3997|447792
1200000|2|1693|5|1|1|2|720000|1|3997|730701
1200000|2|1693|5|1|0|0|480000|2|7995|443857
1200000|2|1693|5|1|1|2|720000|2|7995|730622
1200000|2|1693|5|1|0|0|480000|3|11994|441320
1200000|2|1693|5|1|1|2|720000|3|11994|731011
1200000|2|1693|5|1|0|0|480000|4|15993|440229
1200000|2|1693|5|1|1|2|720000|4|15993|731677
1200000|2|1693|5|2|0|0|480000|0|0|483735
1200000|2|1693|5|2|1|2|720000|0|0|723136
1200000|2|1693|5|2|0|0|480000|1|7996|484572
1200000|2|1693|5|2|1|2|720000|1|7996|723798
1200000|2|1693|5|2|0|0|480000|2|15995|486718
1200000|2|1693|5|2|1|2|720000|2|15995|725863
1200000|2|1693|5|2|0|0|480000|3|23996|490578
1200000|2|1693|5|2|1|2|720000|3|23996|728204
1200000|2|1693|5|2|0|0|480000|4|31998|495062
1200000|2|1693|5|2|1|2|720000|4|31998|731324
1200000|2|1693|5|3|0|0|480000|0|0|481862
1200000|2|1693|5|3|1|2|720000|0|0|725980
1200000|2|1693|5|3|0|0|480000|1|7997|482778
1200000|2|1693|5|3|1|2|720000|1|7997|727074
1200000|2|1693|5|3|0|0|480000|2|15998|485079
1200000|2|1693|5|3|1|2|720000|2|15998|728945
1200000|2|1693|5|3|0|0|480000|3|24000|488434
1200000|2|1693|5|3|1|2|720000|3|24000|731402
1200000|2|1693|5|3|0|0|480000|4|32003|492020
1200000|2|1693|5|3|1|2|720000|4|32003|734446
1200000|2|1693|5|4|0|0|480000|0|0|482877
1200000|2|1693|5|4|1|2|720000|0|0|725321
1200000|2|1693|5|4|0|0|480000|1|7997|484532
1200000|2|1693|5|4|1|2|720000|1|7997|726295
1200000|2|1693|5|4|0|0|480000|2|15998|486641
1200000|2|1693|5|4|1|2|720000|2|15998|727816
1200000|2|1693|5|4|0|0|480000|3|23999|489404
1200000|2|1693|5|4|1|2|720000|3|23999|729570
1200000|2|1693|5|4|0|0|480000|4|32003|492255
1200000|2|1693|5|4|1|2|720000|4|32003|731829
1200000|2|1693|5|5|0|0|480000|0|1|460334
1200000|2|1693|5|5|1|2|720000|0|1|730116
1200000|2|1693|5|5|0|0|480000|1|4000|457428
1200000|2|1693|5|5|1|2|720000|1|4000|730194
1200000|2|1693|5|5|0|0|480000|2|8000|455906
1200000|2|1693|5|5|1|2|720000|2|8000|730545
1200000|2|1693|5|5|0|0|480000|3|12000|455010
1200000|2|1693|5|5|1|2|720000|3|12000|731091
1200000|2|1693|5|5|0|0|480000|4|16001|454853
1200000|2|1693|5|5|1|2|720000|4|16001|731711
1200000|2|1694|5|1|0|0|480000|0|1|482603
1200000|2|1694|5|1|1|2|720000|0|1|717048
1200000|2|1694|5|1|0|0|480000|1|7998|483910
1200000|2|1694|5|1|1|2|720000|1|7998|717285
1200000|2|1694|5|1|0|0|480000|2|15998|486444
1200000|2|1694|5|1|1|2|720000|2|15998|718923
1200000|2|1694|5|1|0|0|480000|3|24001|489446
1200000|2|1694|5|1|1|2|720000|3|24001|721068
1200000|2|1694|5|1|0|0|480000|4|32005|492369
1200000|2|1694|5|1|1|2|720000|4|32005|723993
1200000|2|1694|5|2|0|0|480000|0|0|483189
1200000|2|1694|5|2|1|2|720000|0|0|714711
1200000|2|1694|5|2|0|0|480000|1|7996|485546
1200000|2|1694|5|2|1|2|720000|1|7996|714867
1200000|2|1694|5|2|0|0|480000|2|15996|488123
1200000|2|1694|5|2|1|2|720000|2|15996|715685
1200000|2|1694|5|2|0|0|480000|3|23997|491514
1200000|2|1694|5|2|1|2|720000|3|23997|717559
1200000|2|1694|5|2|0|0|480000|4|32000|495258
1200000|2|1694|5|2|1|2|720000|4|32000|718806
1200000|2|1694|5|3|0|0|480000|0|0|454952
1200000|2|1694|5|3|1|2|720000|0|0|910207
1200000|2|1694|5|3|0|0|480000|1|8000|455361
1200000|2|1694|5|3|1|2|720000|1|8000|906034
1200000|2|1694|5|3|0|0|480000|2|16000|457467
1200000|2|1694|5|3|1|2|720000|2|16000|903811
1200000|2|1694|5|3|0|0|480000|3|24002|460390
1200000|2|1694|5|3|1|2|720000|3|24002|902563
1200000|2|1694|5|3|0|0|480000|4|32004|463742
1200000|2|1694|5|3|1|2|720000|4|32004|902098
1200000|2|1694|5|4|0|0|480000|0|0|482523
1200000|2|1694|5|4|1|2|720000|0|0|712361
1200000|2|1694|5|4|0|0|480000|1|7997|483635
1200000|2|1694|5|4|1|2|720000|1|7997|711583
1200000|2|1694|5|4|0|0|480000|2|15996|486013
1200000|2|1694|5|4|1|2|720000|2|15996|712244
1200000|2|1694|5|4|0|0|480000|3|23997|489253
1200000|2|1694|5|4|1|2|720000|3|23997|713840
1200000|2|1694|5|4|0|0|480000|4|32000|493031
1200000|2|1694|5|4|1|2|720000|4|32000|715482
1200000|2|1694|5|5|0|0|480000|0|0|461777
1200000|2|1694|5|5|1|2|720000|0|0|729913
1200000|2|1694|5|5|0|0|480000|1|7995|458363
1200000|2|1694|5|5|1|2|720000|1|7995|729833
1200000|2|1694|5|5|0|0|480000|2|15994|458751
1200000|2|1694|5|5|1|2|720000|2|15994|730808
1200000|2|1694|5|5|0|0|480000|3|23995|460739
1200000|2|1694|5|5|1|2|720000|3|23995|731940
1200000|2|1694|5|5|0|0|480000|4|31997|463902
1200000|2|1694|5|5|1|2|720000|4|31997|733733
1200000|2|1695|5|1|0|0|480000|0|0|483655
1200000|2|1695|5|1|1|2|720000|0|0|717784
1200000|2|1695|5|1|0|0|480000|1|7996|485741
1200000|2|1695|5|1|1|2|720000|1|7996|717159
1200000|2|1695|5|1|0|0|480000|2|15995|489718
1200000|2|1695|5|1|1|2|720000|2|15995|717862
1200000|2|1695|5|1|0|0|480000|3|23996|494867
1200000|2|1695|5|1|1|2|720000|3|23996|719772
1200000|2|1695|5|1|0|0|480000|4|32000|500054
1200000|2|1695|5|1|1|2|720000|4|32000|722071
1200000|2|1695|5|2|0|0|480000|0|0|456512
1200000|2|1695|5|2|1|2|720000|0|0|732447
1200000|2|1695|5|2|0|0|480000|1|7996|448848
1200000|2|1695|5|2|1|2|720000|1|7996|733108
1200000|2|1695|5|2|0|0|480000|2|15995|447323
1200000|2|1695|5|2|1|2|720000|2|15995|734630
1200000|2|1695|5|2|0|0|480000|3|23997|449001
1200000|2|1695|5|2|1|2|720000|3|23997|735995
1200000|2|1695|5|2|0|0|480000|4|31999|452904
1200000|2|1695|5|2|1|2|720000|4|31999|737709
1200000|2|1695|5|3|0|0|480000|0|0|463415
1200000|2|1695|5|3|1|2|720000|0|0|728858
1200000|2|1695|5|3|0|0|480000|1|7994|460665
1200000|2|1695|5|3|1|2|720000|1|7994|727998
1200000|2|1695|5|3|0|0|480000|2|15993|461988
1200000|2|1695|5|3|1|2|720000|2|15993|728273
1200000|2|1695|5|3|0|0|480000|3|23993|464956
1200000|2|1695|5|3|1|2|720000|3|23993|730027
1200000|2|1695|5|3|0|0|480000|4|31996|469479
1200000|2|1695|5|3|1|2|720000|4|31996|731782
1200000|2|1695|5|4|0|0|480000|0|0|484047
1200000|2|1695|5|4|1|2|720000|0|0|709361
1200000|2|1695|5|4|0|0|480000|1|7995|486168
1200000|2|1695|5|4|1|2|720000|1|7995|708928
1200000|2|1695|5|4|0|0|480000|2|15993|489252
1200000|2|1695|5|4|1|2|720000|2|15993|709670
1200000|2|1695|5|4|0|0|480000|3|23995|493308
1200000|2|1695|5|4|1|2|720000|3|23995|711114
1200000|2|1695|5|4|0|0|480000|4|31997|497909
1200000|2|1695|5|4|1|2|720000|4|31997|712713
1200000|2|1695|5|5|0|0|480000|0|1|461426
1200000|2|1695|5|5|1|2|720000|0|1|721059
1200000|2|1695|5|5|0|0|480000|1|7994|457428
1200000|2|1695|5|5|1|2|720000|1|7994|720083
1200000|2|1695|5|5|0|0|480000|2|15991|458130
1200000|2|1695|5|5|1|2|720000|2|15991|720436
1200000|2|1695|5|5|0|0|480000|3|23990|460898
1200000|2|1695|5|5|1|2|720000|3|23990|721292
1200000|2|1695|5|5|0|0|480000|4|31990|464254
1200000|2|1695|5|5|1|2|720000|4|31990|723165
1200000|2|1696|5|1|0|0|480000|0|0|483656
1200000|2|1696|5|1|1|2|720000|0|0|710641
1200000|2|1696|5|1|0|0|480000|1|7996|485586
1200000|2|1696|5|1|1|2|720000|1|7996|709162
1200000|2|1696|5|1|0|0|480000|2|15994|488902
1200000|2|1696|5|1|1|2|720000|2|15994|709204
1200000|2|1696|5|1|0|0|480000|3|23994|493227
1200000|2|1696|5|1|1|2|720000|3|23994|709320
1200000|2|1696|5|1|0|0|480000|4|31996|497559
1200000|2|1696|5|1|1|2|720000|4|31996|710096
1200000|2|1696|5|2|0|0|480000|0|0|484283
1200000|2|1696|5|2|1|2|720000|0|0|714780
1200000|2|1696|5|2|0|0|480000|1|7996|486792
1200000|2|1696|5|2|1|2|720000|1|7996|714311
1200000|2|1696|5|2|0|0|480000|2|15995|490304
1200000|2|1696|5|2|1|2|720000|2|15995|714779
1200000|2|1696|5|2|0|0|480000|3|23996|493971
1200000|2|1696|5|2|1|2|720000|3|23996|715248
1200000|2|1696|5|2|0|0|480000|4|31998|497987
1200000|2|1696|5|2|1|2|720000|4|31998|716064
1200000|2|1696|5|3|0|0|480000|0|0|484516
1200000|2|1696|5|3|1|2|720000|0|0|716922
1200000|2|1696|5|3|0|0|480000|1|7994|487185
1200000|2|1696|5|3|1|2|720000|1|7994|716029
1200000|2|1696|5|3|0|0|480000|2|15993|490810
1200000|2|1696|5|3|1|2|720000|2|15993|716416
1200000|2|1696|5|3|0|0|480000|3|23994|494440
1200000|2|1696|5|3|1|2|720000|3|23994|717742
1200000|2|1696|5|3|0|0|480000|4|31996|498105
1200000|2|1696|5|3|1|2|720000|4|31996|719304
1200000|2|1696|5|4|0|0|480000|0|0|484475
1200000|2|1696|5|4|1|2|720000|0|0|715558
1200000|2|1696|5|4|0|0|480000|1|7994|486600
1200000|2|1696|5|4|1|2|720000|1|7994|714820
1200000|2|1696|5|4|0|0|480000|2|15992|489990
1200000|2|1696|5|4|1|2|720000|2|15992|716725
1200000|2|1696|5|4|0|0|480000|3|23994|494009
1200000|2|1696|5|4|1|2|720000|3|23994|718834
1200000|2|1696|5|4|0|0|480000|4|31999|498531
1200000|2|1696|5|4|1|2|720000|4|31999|720707
1200000|2|1696|5|5|0|0|480000|0|0|485216
1200000|2|1696|5|5|1|2|720000|0|0|715559
1200000|2|1696|5|5|0|0|480000|1|7994|487924
1200000|2|1696|5|5|1|2|720000|1|7994|714780
1200000|2|1696|5|5|0|0|480000|2|15992|492022
1200000|2|1696|5|5|1|2|720000|2|15992|715325
1200000|2|1696|5|5|0|0|480000|3|23993|496507
1200000|2|1696|5|5|1|2|720000|3|23993|716533
1200000|2|1696|5|5|0|0|480000|4|31994|501028
1200000|2|1696|5|5|1|2|720000|4|31994|717897
1200000|2|1697|5|1|0|0|480000|0|0|482682
1200000|2|1697|5|1|1|2|720000|0|0|715170
1200000|2|1697|5|1|0|0|480000|1|7994|484103
1200000|2|1697|5|1|1|2|720000|1|7994|714700
1200000|2|1697|5|1|0|0|480000|2|15993|487496
1200000|2|1697|5|1|1|2|720000|2|15993|714895
1200000|2|1697|5|1|0|0|480000|3|23993|491433
1200000|2|1697|5|1|1|2|720000|3|23993|715873
1200000|2|1697|5|1|0|0|480000|4|31994|495725
1200000|2|1697|5|1|1|2|720000|4|31994|717471
1200000|2|1697|5|2|0|0|480000|0|0|484007
1200000|2|1697|5|2|1|2|720000|0|0|715713
1200000|2|1697|5|2|0|0|480000|1|7994|486131
1200000|2|1697|5|2|1|2|720000|1|7994|714115
1200000|2|1697|5|2|0|0|480000|2|15991|489563
1200000|2|1697|5|2|1|2|720000|2|15991|713960
1200000|2|1697|5|2|0|0|480000|3|23991|493738
1200000|2|1697|5|2|1|2|720000|3|23991|714505
1200000|2|1697|5|2|0|0|480000|4|31993|498457
1200000|2|1697|5|2|1|2|720000|4|31993|715363
1200000|2|1697|5|3|0|0|480000|0|0|484398
1200000|2|1697|5|3|1|2|720000|0|0|718484
1200000|2|1697|5|3|0|0|480000|1|7993|486522
1200000|2|1697|5|3|1|2|720000|1|7993|718368
1200000|2|1697|5|3|0|0|480000|2|15991|489407
1200000|2|1697|5|3|1|2|720000|2|15991|718836
1200000|2|1697|5|3|0|0|480000|3|23991|492567
1200000|2|1697|5|3|1|2|720000|3|23991|719656
1200000|2|1697|5|3|0|0|480000|4|31992|495998
1200000|2|1697|5|3|1|2|720000|4|31992|720235
1200000|2|1697|5|4|0|0|480000|0|0|482293
1200000|2|1697|5|4|1|2|720000|0|0|714740
1200000|2|1697|5|4|0|0|480000|1|7995|484612
1200000|2|1697|5|4|1|2|720000|1|7995|714034
1200000|2|1697|5|4|0|0|480000|2|15993|487847
1200000|2|1697|5|4|1|2|720000|2|15993|713960
1200000|2|1697|5|4|0|0|480000|3|23993|491983
1200000|2|1697|5|4|1|2|720000|3|23993|714821
1200000|2|1697|5|4|0|0|480000|4|31996|496662
1200000|2|1697|5|4|1|2|720000|4|31996|715520
1200000|2|1697|5|5|0|0|480000|0|1|478156
1200000|2|1697|5|5|1|2|720000|0|1|720866
1200000|2|1697|5|5|0|0|480000|1|7996|479189
1200000|2|1697|5|5|1|2|720000|1|7996|720083
1200000|2|1697|5|5|0|0|480000|2|15994|481881
1200000|2|1697|5|5|1|2|720000|2|15994|721331
1200000|2|1697|5|5|0|0|480000|3|23996|484533
1200000|2|1697|5|5|1|2|720000|3|23996|722539
1200000|2|1697|5|5|0|0|480000|4|31999|487925
1200000|2|1697|5|5|1|2|720000|4|31999|724060
1200000|2|1698|5|1|0|0|480000|0|0|480927
1200000|2|1698|5|1|1|2|720000|0|0|715049
1200000|2|1698|5|1|0|0|480000|1|7994|480749
1200000|2|1698|5|1|1|2|720000|1|7994|714976
1200000|2|1698|5|1|0|0|480000|2|15994|482037
1200000|2|1698|5|1|1|2|720000|2|15994|715715
1200000|2|1698|5|1|0|0|480000|3|23996|484378
1200000|2|1698|5|1|1|2|720000|3|23996|717625
1200000|2|1698|5|1|0|0|480000|4|32000|487146
1200000|2|1698|5|1|1|2|720000|4|32000|719808
1200000|2|1698|5|2|0|0|480000|0|0|477806
1200000|2|1698|5|2|1|2|720000|0|0|723594
1200000|2|1698|5|2|0|0|480000|1|7995|477941
1200000|2|1698|5|2|1|2|720000|1|7995|723904
1200000|2|1698|5|2|0|0|480000|2|15993|479421
1200000|2|1698|5|2|1|2|720000|2|15993|725465
1200000|2|1698|5|2|0|0|480000|3|23995|481878
1200000|2|1698|5|2|1|2|720000|3|23995|727376
1200000|2|1698|5|2|0|0|480000|4|31997|484844
1200000|2|1698|5|2|1|2|720000|4|31997|729364
1200000|2|1698|5|3|0|0|480000|0|0|458462
1200000|2|1698|5|3|1|2|720000|0|0|728001
1200000|2|1698|5|3|0|0|480000|1|7994|452553
1200000|2|1698|5|3|1|2|720000|1|7994|726399
1200000|2|1698|5|3|0|0|480000|2|15991|450954
1200000|2|1698|5|3|1|2|720000|2|15991|726012
1200000|2|1698|5|3|0|0|480000|3|23990|451381
1200000|2|1698|5|3|1|2|720000|3|23990|726207
1200000|2|1698|5|3|0|0|480000|4|31991|452826
1200000|2|1698|5|3|1|2|720000|4|31991|727024
1200000|2|1698|5|4|0|0|480000|0|0|482527
1200000|2|1698|5|4|1|2|720000|0|0|712869
1200000|2|1698|5|4|0|0|480000|1|7993|483714
1200000|2|1698|5|4|1|2|720000|1|7993|711503
1200000|2|1698|5|4|0|0|480000|2|15991|485937
1200000|2|1698|5|4|1|2|720000|2|15991|711696
1200000|2|1698|5|4|0|0|480000|3|23991|488940
1200000|2|1698|5|4|1|2|720000|3|23991|712202
1200000|2|1698|5|4|0|0|480000|4|31993|492527
1200000|2|1698|5|4|1|2|720000|4|31993|712904
1200000|2|1698|5|5|0|0|480000|0|0|474492
1200000|2|1698|5|5|1|2|720000|0|0|715366
1200000|2|1698|5|5|0|0|480000|1|7993|474351
1200000|2|1698|5|5|1|2|720000|1|7993|714273
1200000|2|1698|5|5|0|0|480000|2|15991|476343
1200000|2|1698|5|5|1|2|720000|2|15991|714701
1200000|2|1698|5|5|0|0|480000|3|23991|479736
1200000|2|1698|5|5|1|2|720000|3|23991|716218
1200000|2|1698|5|5|0|0|480000|4|31993|482972
1200000|2|1698|5|5|1|2|720000|4|31993|717743
1200000|2|1699|5|1|0|0|480000|0|0|473789
1200000|2|1699|5|1|1|2|720000|0|0|723869
1200000|2|1699|5|1|0|0|480000|1|7995|474472
1200000|2|1699|5|1|1|2|720000|1|7995|724255
1200000|2|1699|5|1|0|0|480000|2|15995|477005
1200000|2|1699|5|1|1|2|720000|2|15995|725539
1200000|2|1699|5|1|0|0|480000|3|23996|480867
1200000|2|1699|5|1|1|2|720000|3|23996|726828
1200000|2|1699|5|1|0|0|480000|4|31997|485039
1200000|2|1699|5|1|1|2|720000|4|31997|727728
1200000|2|1699|5|2|0|0|480000|0|0|485139
1200000|2|1699|5|2|1|2|720000|0|0|710334
1200000|2|1699|5|2|0|0|480000|1|7994|488708
1200000|2|1699|5|2|1|2|720000|1|7994|708306
1200000|2|1699|5|2|0|0|480000|2|15991|492759
1200000|2|1699|5|2|1|2|720000|2|15991|707450
1200000|2|1699|5|2|0|0|480000|3|23991|497287
1200000|2|1699|5|2|1|2|720000|3|23991|707331
1200000|2|1699|5|2|0|0|480000|4|31991|502394
1200000|2|1699|5|2|1|2|720000|4|31991|707761
1200000|2|1699|5|3|0|0|480000|0|0|458813
1200000|2|1699|5|3|1|2|720000|0|0|722629
1200000|2|1699|5|3|0|0|480000|1|7993|454075
1200000|2|1699|5|3|1|2|720000|1|7993|720755
1200000|2|1699|5|3|0|0|480000|2|15990|453802
1200000|2|1699|5|3|1|2|720000|2|15990|720133
1200000|2|1699|5|3|0|0|480000|3|23989|455479
1200000|2|1699|5|3|1|2|720000|3|23989|719976
1200000|2|1699|5|3|0|0|480000|4|31989|459027
1200000|2|1699|5|3|1|2|720000|4|31989|720485
1200000|2|1699|5|4|0|0|480000|0|0|473750
1200000|2|1699|5|4|1|2|720000|0|0|716387
1200000|2|1699|5|4|0|0|480000|1|7993|473652
1200000|2|1699|5|4|1|2|720000|1|7993|714477
1200000|2|1699|5|4|0|0|480000|2|15991|475794
1200000|2|1699|5|4|1|2|720000|2|15991|714204
1200000|2|1699|5|4|0|0|480000|3|23990|478877
1200000|2|1699|5|4|1|2|720000|3|23990|714594
1200000|2|1699|5|4|0|0|480000|4|31991|483207
1200000|2|1699|5|4|1|2|720000|4|31991|715568
1200000|2|1699|5|5|0|0|480000|0|0|481435
1200000|2|1699|5|5|1|2|720000|0|0|715374
1200000|2|1699|5|5|0|0|480000|1|7992|482348
1200000|2|1699|5|5|1|2|720000|1|7992|714556
1200000|2|1699|5|5|0|0|480000|2|15989|484143
1200000|2|1699|5|5|1|2|720000|2|15989|715218
1200000|2|1699|5|5|0|0|480000|3|23988|486483
1200000|2|1699|5|5|1|2|720000|3|23988|715725
1200000|2|1699|5|5|0|0|480000|4|31988|489721
1200000|2|1699|5|5|1|2|720000|4|31988|717286
1200000|2|1700|5|1|0|0|480000|0|0|470901
1200000|2|1700|5|1|1|2|720000|0|0|716153
1200000|2|1700|5|1|0|0|480000|1|7995|468933
1200000|2|1700|5|1|1|2|720000|1|7995|714748
1200000|2|1700|5|1|0|0|480000|2|15993|469280
1200000|2|1700|5|1|1|2|720000|2|15993|714399
1200000|2|1700|5|1|0|0|480000|3|23993|470493
1200000|2|1700|5|1|1|2|720000|3|23993|715023
1200000|2|1700|5|1|0|0|480000|4|31995|472404
1200000|2|1700|5|1|1|2|720000|4|31995|715921
1200000|2|1700|5|2|0|0|480000|0|0|470592
1200000|2|1700|5|2|1|2|720000|0|0|718065
1200000|2|1700|5|2|0|0|480000|1|7993|467489
1200000|2|1700|5|2|1|2|720000|1|7993|717398
1200000|2|1700|5|2|0|0|480000|2|15991|466983
1200000|2|1700|5|2|1|2|720000|2|15991|718298
1200000|2|1700|5|2|0|0|480000|3|23992|467841
1200000|2|1700|5|2|1|2|720000|3|23992|719313
1200000|2|1700|5|2|0|0|480000|4|31993|468113
1200000|2|1700|5|2|1|2|720000|4|31993|721107
1200000|2|1700|5|3|0|0|480000|0|1|456434
1200000|2|1700|5|3|1|2|720000|0|1|729531
1200000|2|1700|5|3|0|0|480000|1|7994|448106
1200000|2|1700|5|3|1|2|720000|1|7994|729764
1200000|2|1700|5|3|0|0|480000|2|15993|444051
1200000|2|1700|5|3|1|2|720000|2|15993|731207
1200000|2|1700|5|3|0|0|480000|3|23994|442882
1200000|2|1700|5|3|1|2|720000|3|23994|732496
1200000|2|1700|5|3|0|0|480000|4|31996|442841
1200000|2|1700|5|3|1|2|720000|4|31996|734250
1200000|2|1700|5|4|0|0|480000|0|0|479638
1200000|2|1700|5|4|1|2|720000|0|0|716818
1200000|2|1700|5|4|0|0|480000|1|7993|479031
1200000|2|1700|5|4|1|2|720000|1|7993|715375
1200000|2|1700|5|4|0|0|480000|2|15991|479774
1200000|2|1700|5|4|1|2|720000|2|15991|715607
1200000|2|1700|5|4|0|0|480000|3|23991|481413
1200000|2|1700|5|4|1|2|720000|3|23991|716657
1200000|2|1700|5|4|0|0|480000|4|31993|482544
1200000|2|1700|5|4|1|2|720000|4|31993|717869
1200000|2|1700|5|5|0|0|480000|0|0|457138
1200000|2|1700|5|5|1|2|720000|0|0|723448
1200000|2|1700|5|5|0|0|480000|1|7994|449081
1200000|2|1700|5|5|1|2|720000|1|7994|722705
1200000|2|1700|5|5|0|0|480000|2|15992|445611
1200000|2|1700|5|5|1|2|720000|2|15992|723212
1200000|2|1700|5|5|0|0|480000|3|23992|445105
1200000|2|1700|5|5|1|2|720000|3|23992|723370
1200000|2|1700|5|5|0|0|480000|4|31995|445846
1200000|2|1700|5|5|1|2|720000|4|31995|724734
