---- START ----

1200000|2|1601|13|1|0|0|960000|0|0|922484
1200000|2|1601|13|1|1|2|240000|0|0|235839
1200000|2|1601|13|1|0|0|960000|1|7997|907137
1200000|2|1601|13|1|1|2|240000|1|7997|235059
1200000|2|1601|13|1|0|0|960000|2|15997|898634
1200000|2|1601|13|1|1|2|240000|2|15997|234630
1200000|2|1601|13|1|0|0|960000|3|23998|893876
1200000|2|1601|13|1|1|2|240000|3|23998|235137
1200000|2|1601|13|1|0|0|960000|4|32000|891379
1200000|2|1601|13|1|1|2|240000|4|32000|235410
1200000|2|1601|13|2|0|0|960000|0|0|948849
1200000|2|1601|13|2|1|2|240000|0|0|228663
1200000|2|1601|13|2|0|0|960000|1|7998|943757
1200000|2|1601|13|2|1|2|240000|1|7998|228234
1200000|2|1601|13|2|0|0|960000|2|15997|941535
1200000|2|1601|13|2|1|2|240000|2|15997|228429
1200000|2|1601|13|2|0|0|960000|3|23998|940834
1200000|2|1601|13|2|1|2|240000|3|23998|229443
1200000|2|1601|13|2|0|0|960000|4|32001|940949
1200000|2|1601|13|2|1|2|240000|4|32001|230496
1200000|2|1601|13|3|0|0|960000|0|0|933952
1200000|2|1601|13|3|1|2|240000|0|0|240587
1200000|2|1601|13|3|0|0|960000|1|7999|924806
1200000|2|1601|13|3|1|2|240000|1|7999|241443
1200000|2|1601|13|3|0|0|960000|2|16000|919811
1200000|2|1601|13|3|1|2|240000|2|16000|243123
1200000|2|1601|13|3|0|0|960000|3|24003|918096
1200000|2|1601|13|3|1|2|240000|3|24003|245229
1200000|2|1601|13|3|0|0|960000|4|32006|918252
1200000|2|1601|13|3|1|2|240000|4|32006|247721
1200000|2|1601|13|4|0|0|960000|0|0|948809
1200000|2|1601|13|4|1|2|240000|0|0|236840
1200000|2|1601|13|4|0|0|960000|1|7997|944264
1200000|2|1601|13|4|1|2|240000|1|7997|238011
1200000|2|1601|13|4|0|0|960000|2|15998|942863
1200000|2|1601|13|4|1|2|240000|2|15998|239652
1200000|2|1601|13|4|0|0|960000|3|24001|943991
1200000|2|1601|13|4|1|2|240000|3|24001|241678
1200000|2|1601|13|4|0|0|960000|4|32004|945278
1200000|2|1601|13|4|1|2|240000|4|32004|243942
1200000|2|1601|13|5|0|0|960000|0|0|951813
1200000|2|1601|13|5|1|2|240000|0|0|234348
1200000|2|1601|13|5|0|0|960000|1|7996|948904
1200000|2|1601|13|5|1|2|240000|1|7996|234659
1200000|2|1601|13|5|0|0|960000|2|15996|948750
1200000|2|1601|13|5|1|2|240000|2|15996|235441
1200000|2|1601|13|5|0|0|960000|3|23997|949919
1200000|2|1601|13|5|1|2|240000|3|23997|235632
1200000|2|1601|13|5|0|0|960000|4|31999|951558
1200000|2|1601|13|5|1|2|240000|4|31999|236571
1200000|2|1602|13|1|0|0|960000|0|0|935237
1200000|2|1602|13|1|1|2|240000|0|0|239378
1200000|2|1602|13|1|0|0|960000|1|7995|928860
1200000|2|1602|13|1|1|2|240000|1|7995|239184
1200000|2|1602|13|1|0|0|960000|2|15994|926325
1200000|2|1602|13|1|1|2|240000|2|15994|239730
1200000|2|1602|13|1|0|0|960000|3|23994|926597
1200000|2|1602|13|1|1|2|240000|3|23994|240744
1200000|2|1602|13|1|0|0|960000|4|31995|927807
1200000|2|1602|13|1|1|2|240000|4|31995|241213
1200000|2|1602|13|2|0|0|960000|0|0|951852
1200000|2|1602|13|2|1|2|240000|0|0|232944
1200000|2|1602|13|2|0|0|960000|1|7997|949101
1200000|2|1602|13|2|1|2|240000|1|7997|233490
1200000|2|1602|13|2|0|0|960000|2|15997|949685
1200000|2|1602|13|2|1|2|240000|2|15997|235245
1200000|2|1602|13|2|0|0|960000|3|23998|951597
1200000|2|1602|13|2|1|2|240000|3|23998|237817
1200000|2|1602|13|2|0|0|960000|4|32001|953469
1200000|2|1602|13|2|1|2|240000|4|32001|239184
1200000|2|1602|13|3|0|0|960000|0|0|953568
1200000|2|1602|13|3|1|2|240000|0|0|232555
1200000|2|1602|13|3|0|0|960000|1|7998|951906
1200000|2|1602|13|3|1|2|240000|1|7998|232905
1200000|2|1602|13|3|0|0|960000|2|15998|952181
1200000|2|1602|13|3|1|2|240000|2|15998|232945
1200000|2|1602|13|3|0|0|960000|3|23999|954172
1200000|2|1602|13|3|1|2|240000|3|23999|233841
1200000|2|1602|13|3|0|0|960000|4|32001|957136
1200000|2|1602|13|3|1|2|240000|4|32001|235168
1200000|2|1602|13|4|0|0|960000|0|0|954698
1200000|2|1602|13|4|1|2|240000|0|0|234852
1200000|2|1602|13|4|0|0|960000|1|7999|953781
1200000|2|1602|13|4|1|2|240000|1|7999|234972
1200000|2|1602|13|4|0|0|960000|2|15999|954951
1200000|2|1602|13|4|1|2|240000|2|15999|235948
1200000|2|1602|13|4|0|0|960000|3|24001|957487
1200000|2|1602|13|4|1|2|240000|3|24001|237390
1200000|2|1602|13|4|0|0|960000|4|32004|960879
1200000|2|1602|13|4|1|2|240000|4|32004|239182
1200000|2|1602|13|5|0|0|960000|0|0|955713
1200000|2|1602|13|5|1|2|240000|0|0|236143
1200000|2|1602|13|5|0|0|960000|1|7998|955653
1200000|2|1602|13|5|1|2|240000|1|7998|237117
1200000|2|1602|13|5|0|0|960000|2|16000|957641
1200000|2|1602|13|5|1|2|240000|2|16000|238910
1200000|2|1602|13|5|0|0|960000|3|24003|961114
1200000|2|1602|13|5|1|2|240000|3|24003|241173
1200000|2|1602|13|5|0|0|960000|4|32008|964621
1200000|2|1602|13|5|1|2|240000|4|32008|242890
1200000|2|1603|13|1|0|0|960000|0|0|954542
1200000|2|1603|13|1|1|2|240000|0|0|239065
1200000|2|1603|13|1|0|0|960000|1|8000|953235
1200000|2|1603|13|1|1|2|240000|1|8000|241132
1200000|2|1603|13|1|0|0|960000|2|16003|954638
1200000|2|1603|13|1|1|2|240000|2|16003|244526
1200000|2|1603|13|1|0|0|960000|3|24007|957368
1200000|2|1603|13|1|1|2|240000|3|24007|247998
1200000|2|1603|13|1|0|0|960000|4|32012|961346
1200000|2|1603|13|1|1|2|240000|4|32012|251663
1200000|2|1603|13|2|0|0|960000|0|0|952436
1200000|2|1603|13|2|1|2|240000|0|0|240277
1200000|2|1603|13|2|0|0|960000|1|7998|950620
1200000|2|1603|13|2|1|2|240000|1|7998|241798
1200000|2|1603|13|2|0|0|960000|2|15999|951480
1200000|2|1603|13|2|1|2|240000|2|15999|243980
1200000|2|1603|13|2|0|0|960000|3|24002|953897
1200000|2|1603|13|2|1|2|240000|3|24002|246750
1200000|2|1603|13|2|0|0|960000|4|32006|956511
1200000|2|1603|13|2|1|2|240000|4|32006|249987
1200000|2|1603|13|3|0|0|960000|0|0|953139
1200000|2|1603|13|3|1|2|240000|0|0|245540
1200000|2|1603|13|3|0|0|960000|1|8000|950776
1200000|2|1603|13|3|1|2|240000|1|8000|247334
1200000|2|1603|13|3|0|0|960000|2|16002|951286
1200000|2|1603|13|3|1|2|240000|2|16002|249518
1200000|2|1603|13|3|0|0|960000|3|24006|952530
1200000|2|1603|13|3|1|2|240000|3|24006|252444
1200000|2|1603|13|3|0|0|960000|4|32009|954752
1200000|2|1603|13|3|1|2|240000|4|32009|255561
1200000|2|1603|13|4|0|0|960000|0|0|950952
1200000|2|1603|13|4|1|2|240000|0|0|242500
1200000|2|1603|13|4|0|0|960000|1|7998|948086
1200000|2|1603|13|4|1|2|240000|1|7998|244137
1200000|2|1603|13|4|0|0|960000|2|16000|947503
1200000|2|1603|13|4|1|2|240000|2|16000|246317
1200000|2|1603|13|4|0|0|960000|3|24003|949725
1200000|2|1603|13|4|1|2|240000|3|24003|249403
1200000|2|1603|13|4|0|0|960000|4|32007|952025
1200000|2|1603|13|4|1|2|240000|4|32007|252561
1200000|2|1603|13|5|0|0|960000|0|0|926579
1200000|2|1603|13|5|1|2|240000|0|0|250337
1200000|2|1603|13|5|0|0|960000|1|8000|913611
1200000|2|1603|13|5|1|2|240000|1|8000|251739
1200000|2|1603|13|5|0|0|960000|2|16002|906904
1200000|2|1603|13|5|1|2|240000|2|16002|253652
1200000|2|1603|13|5|0|0|960000|3|24004|904290
1200000|2|1603|13|5|1|2|240000|3|24004|256265
1200000|2|1603|13|5|0|0|960000|4|32008|904916
1200000|2|1603|13|5|1|2|240000|4|32008|258801
1200000|2|1604|13|1|0|0|960000|0|0|936526
1200000|2|1604|13|1|1|2|240000|0|0|244998
1200000|2|1604|13|1|0|0|960000|1|7998|930224
1200000|2|1604|13|1|1|2|240000|1|7998|245736
1200000|2|1604|13|1|0|0|960000|2|15998|928198
1200000|2|1604|13|1|1|2|240000|2|15998|247605
1200000|2|1604|13|1|0|0|960000|3|24000|928158
1200000|2|1604|13|1|1|2|240000|3|24000|249324
1200000|2|1604|13|1|0|0|960000|4|32003|929561
1200000|2|1604|13|1|1|2|240000|4|32003|251156
1200000|2|1604|13|2|0|0|960000|0|0|938203
1200000|2|1604|13|2|1|2|240000|0|0|242769
1200000|2|1604|13|2|0|0|960000|1|7998|931630
1200000|2|1604|13|2|1|2|240000|1|7998|243356
1200000|2|1604|13|2|0|0|960000|2|15998|929484
1200000|2|1604|13|2|1|2|240000|2|15998|244602
1200000|2|1604|13|2|0|0|960000|3|24000|930224
1200000|2|1604|13|2|1|2|240000|3|24000|246282
1200000|2|1604|13|2|0|0|960000|4|32002|932448
1200000|2|1604|13|2|1|2|240000|4|32002|248388
1200000|2|1604|13|3|0|0|960000|0|0|951306
1200000|2|1604|13|3|1|2|240000|0|0|231852
1200000|2|1604|13|3|0|0|960000|1|7996|947890
1200000|2|1604|13|3|1|2|240000|1|7996|232008
1200000|2|1604|13|3|0|0|960000|2|15996|947229
1200000|2|1604|13|3|1|2|240000|2|15996|232941
1200000|2|1604|13|3|0|0|960000|3|23996|947970
1200000|2|1604|13|3|1|2|240000|3|23996|233918
1200000|2|1604|13|3|0|0|960000|4|31998|949920
1200000|2|1604|13|3|1|2|240000|4|31998|234969
1200000|2|1604|13|4|0|0|960000|0|0|951343
1200000|2|1604|13|4|1|2|240000|0|0|235676
1200000|2|1604|13|4|0|0|960000|1|7998|949061
1200000|2|1604|13|4|1|2|240000|1|7998|236024
1200000|2|1604|13|4|0|0|960000|2|15998|949568
1200000|2|1604|13|4|1|2|240000|2|15998|236727
1200000|2|1604|13|4|0|0|960000|3|23999|951439
1200000|2|1604|13|4|1|2|240000|3|23999|238089
1200000|2|1604|13|4|0|0|960000|4|32001|953508
1200000|2|1604|13|4|1|2|240000|4|32001|238832
1200000|2|1604|13|5|0|0|960000|0|0|951774
1200000|2|1604|13|5|1|2|240000|0|0|233138
1200000|2|1604|13|5|0|0|960000|1|7997|949412
1200000|2|1604|13|5|1|2|240000|1|7997|233176
1200000|2|1604|13|5|0|0|960000|2|15996|949140
1200000|2|1604|13|5|1|2|240000|2|15996|234464
1200000|2|1604|13|5|0|0|960000|3|23998|950583
1200000|2|1604|13|5|1|2|240000|3|23998|235596
1200000|2|1604|13|5|0|0|960000|4|32001|953193
1200000|2|1604|13|5|1|2|240000|4|32001|237195
1200000|2|1605|13|1|0|0|960000|0|0|928451
1200000|2|1605|13|1|1|2|240000|0|0|246203
1200000|2|1605|13|1|0|0|960000|1|7999|917353
1200000|2|1605|13|1|1|2|240000|1|7999|246945
1200000|2|1605|13|1|0|0|960000|2|16000|913417
1200000|2|1605|13|1|1|2|240000|2|16000|248699
1200000|2|1605|13|1|0|0|960000|3|24002|912246
1200000|2|1605|13|1|1|2|240000|3|24002|250378
1200000|2|1605|13|1|0|0|960000|4|32004|913300
1200000|2|1605|13|1|1|2|240000|4|32004|252014
1200000|2|1605|13|2|0|0|960000|0|0|953840
1200000|2|1605|13|2|1|2|240000|0|0|234464
1200000|2|1605|13|2|0|0|960000|1|7997|952063
1200000|2|1605|13|2|1|2|240000|1|7997|235323
1200000|2|1605|13|2|0|0|960000|2|15997|953274
1200000|2|1605|13|2|1|2|240000|2|15997|236415
1200000|2|1605|13|2|0|0|960000|3|23999|956082
1200000|2|1605|13|2|1|2|240000|3|23999|237272
1200000|2|1605|13|2|0|0|960000|4|32000|959161
1200000|2|1605|13|2|1|2|240000|4|32000|239106
1200000|2|1605|13|3|0|0|960000|0|0|928062
1200000|2|1605|13|3|1|2|240000|0|0|241913
1200000|2|1605|13|3|0|0|960000|1|7997|915950
1200000|2|1605|13|3|1|2|240000|1|7997|243553
1200000|2|1605|13|3|0|0|960000|2|15999|910917
1200000|2|1605|13|3|1|2|240000|2|15999|245033
1200000|2|1605|13|3|0|0|960000|3|24001|910294
1200000|2|1605|13|3|1|2|240000|3|24001|247062
1200000|2|1605|13|3|0|0|960000|4|32004|911624
1200000|2|1605|13|3|1|2|240000|4|32004|249518
1200000|2|1605|13|4|0|0|960000|0|0|954269
1200000|2|1605|13|4|1|2|240000|0|0|238794
1200000|2|1605|13|4|0|0|960000|1|7999|953196
1200000|2|1605|13|4|1|2|240000|1|7999|240001
1200000|2|1605|13|4|0|0|960000|2|15999|954991
1200000|2|1605|13|4|1|2|240000|2|15999|242028
1200000|2|1605|13|4|0|0|960000|3|24001|957759
1200000|2|1605|13|4|1|2|240000|3|24001|243864
1200000|2|1605|13|4|0|0|960000|4|32003|961465
1200000|2|1605|13|4|1|2|240000|4|32003|245267
1200000|2|1605|13|5|0|0|960000|0|0|952789
1200000|2|1605|13|5|1|2|240000|0|0|235830
1200000|2|1605|13|5|0|0|960000|1|7998|950622
1200000|2|1605|13|5|1|2|240000|1|7998|235554
1200000|2|1605|13|5|0|0|960000|2|15999|951011
1200000|2|1605|13|5|1|2|240000|2|15999|236571
1200000|2|1605|13|5|0|0|960000|3|24000|953587
1200000|2|1605|13|5|1|2|240000|3|24000|238054
1200000|2|1605|13|5|0|0|960000|4|32003|956199
1200000|2|1605|13|5|1|2|240000|4|32003|239338
1200000|2|1606|13|1|0|0|960000|0|0|951501
1200000|2|1606|13|1|1|2|240000|0|0|236065
1200000|2|1606|13|1|0|0|960000|1|7996|949178
1200000|2|1606|13|1|1|2|240000|1|7996|236688
1200000|2|1606|13|1|0|0|960000|2|15996|949412
1200000|2|1606|13|1|1|2|240000|2|15996|238089
1200000|2|1606|13|1|0|0|960000|3|23998|950934
1200000|2|1606|13|1|1|2|240000|3|23998|238908
1200000|2|1606|13|1|0|0|960000|4|32000|954288
1200000|2|1606|13|1|1|2|240000|4|32000|239927
1200000|2|1606|13|2|0|0|960000|0|0|952593
1200000|2|1606|13|2|1|2|240000|0|0|236297
1200000|2|1606|13|2|0|0|960000|1|7997|949959
1200000|2|1606|13|2|1|2|240000|1|7997|237935
1200000|2|1606|13|2|0|0|960000|2|15999|949842
1200000|2|1606|13|2|1|2|240000|2|15999|239378
1200000|2|1606|13|2|0|0|960000|3|24000|951556
1200000|2|1606|13|2|1|2|240000|3|24000|241407
1200000|2|1606|13|2|0|0|960000|4|32003|954092
1200000|2|1606|13|2|1|2|240000|4|32003|243082
1200000|2|1606|13|3|0|0|960000|0|0|949940
1200000|2|1606|13|3|1|2|240000|0|0|235946
1200000|2|1606|13|3|0|0|960000|1|7995|947269
1200000|2|1606|13|3|1|2|240000|1|7995|236845
1200000|2|1606|13|3|0|0|960000|2|15995|946761
1200000|2|1606|13|3|1|2|240000|2|15995|238287
1200000|2|1606|13|3|0|0|960000|3|23996|947576
1200000|2|1606|13|3|1|2|240000|3|23996|239338
1200000|2|1606|13|3|0|0|960000|4|31998|949532
1200000|2|1606|13|3|1|2|240000|4|31998|240395
1200000|2|1606|13|4|0|0|960000|0|0|927985
1200000|2|1606|13|4|1|2|240000|0|0|242108
1200000|2|1606|13|4|0|0|960000|1|7998|916378
1200000|2|1606|13|4|1|2|240000|1|7998|243085
1200000|2|1606|13|4|0|0|960000|2|15999|912324
1200000|2|1606|13|4|1|2|240000|2|15999|243825
1200000|2|1606|13|4|0|0|960000|3|24000|911974
1200000|2|1606|13|4|1|2|240000|3|24000|244799
1200000|2|1606|13|4|0|0|960000|4|32002|913378
1200000|2|1606|13|4|1|2|240000|4|32002|245927
1200000|2|1606|13|5|0|0|960000|0|0|938864
1200000|2|1606|13|5|1|2|240000|0|0|232674
1200000|2|1606|13|5|0|0|960000|1|7997|932604
1200000|2|1606|13|5|1|2|240000|1|7997|232437
1200000|2|1606|13|5|0|0|960000|2|15998|930963
1200000|2|1606|13|5|1|2|240000|2|15998|231891
1200000|2|1606|13|5|0|0|960000|3|23999|931747
1200000|2|1606|13|5|1|2|240000|3|23999|231342
1200000|2|1606|13|5|0|0|960000|4|32000|933423
1200000|2|1606|13|5|1|2|240000|4|32000|230955
1200000|2|1607|13|1|0|0|960000|0|0|928760
1200000|2|1607|13|1|1|2|240000|0|0|231422
1200000|2|1607|13|1|0|0|960000|1|7997|917511
1200000|2|1607|13|1|1|2|240000|1|7997|231227
1200000|2|1607|13|1|0|0|960000|2|11997|914428
1200000|2|1607|13|1|1|2|240000|2|11997|230917
1200000|2|1607|13|1|0|0|960000|3|15997|912635
1200000|2|1607|13|1|1|2|240000|3|15997|230760
1200000|2|1607|13|1|0|0|960000|4|19998|911623
1200000|2|1607|13|1|1|2|240000|4|19998|231148
1200000|2|1607|13|2|0|0|960000|0|0|952866
1200000|2|1607|13|2|1|2|240000|0|0|226938
1200000|2|1607|13|2|0|0|960000|1|7995|951633
1200000|2|1607|13|2|1|2|240000|1|7995|226003
1200000|2|1607|13|2|0|0|960000|2|15994|953001
1200000|2|1607|13|2|1|2|240000|2|15994|225726
1200000|2|1607|13|2|0|0|960000|3|23994|956430
1200000|2|1607|13|2|1|2|240000|3|23994|226119
1200000|2|1607|13|2|0|0|960000|4|31996|959903
1200000|2|1607|13|2|1|2|240000|4|31996|227093
1200000|2|1607|13|3|0|0|960000|0|0|930477
1200000|2|1607|13|3|1|2|240000|0|0|235286
1200000|2|1607|13|3|0|0|960000|1|3998|924297
1200000|2|1607|13|3|1|2|240000|1|3998|234737
1200000|2|1607|13|3|0|0|960000|2|7997|920163
1200000|2|1607|13|3|1|2|240000|2|7997|235052
1200000|2|1607|13|3|0|0|960000|3|11996|917510
1200000|2|1607|13|3|1|2|240000|3|11996|235594
1200000|2|1607|13|3|0|0|960000|4|15997|915911
1200000|2|1607|13|3|1|2|240000|4|15997|236297
1200000|2|1607|13|4|0|0|960000|0|0|920652
1200000|2|1607|13|4|1|2|240000|0|0|732533
1200000|2|1607|13|4|0|0|960000|1|7998|912987
1200000|2|1607|13|4|1|2|240000|1|7998|726607
1200000|2|1607|13|4|0|0|960000|2|15998|910648
1200000|2|1607|13|4|1|2|240000|2|15998|724268
1200000|2|1607|13|4|0|0|960000|3|24001|911153
1200000|2|1607|13|4|1|2|240000|3|24001|723135
1200000|2|1607|13|4|0|0|960000|4|32002|913650
1200000|2|1607|13|4|1|2|240000|4|32002|722588
1200000|2|1607|13|5|0|0|960000|0|0|937772
1200000|2|1607|13|5|1|2|240000|0|0|272022
1200000|2|1607|13|5|0|0|960000|1|7993|934712
1200000|2|1607|13|5|1|2|240000|1|7993|271593
1200000|2|1607|13|5|0|0|960000|2|15990|935686
1200000|2|1607|13|5|1|2|240000|2|15990|272918
1200000|2|1607|13|5|0|0|960000|3|23991|938099
1200000|2|1607|13|5|1|2|240000|3|23991|275609
1200000|2|1607|13|5|0|0|960000|4|31994|941535
1200000|2|1607|13|5|1|2|240000|4|31994|278106
1200000|2|1608|13|1|0|0|960000|0|0|938592
1200000|2|1608|13|1|1|2|240000|0|0|251545
1200000|2|1608|13|1|0|0|960000|1|8000|933810
1200000|2|1608|13|1|1|2|240000|1|8000|253146
1200000|2|1608|13|1|0|0|960000|2|16002|933267
1200000|2|1608|13|1|1|2|240000|2|16002|254975
1200000|2|1608|13|1|0|0|960000|3|24005|935060
1200000|2|1608|13|1|1|2|240000|3|24005|257238
1200000|2|1608|13|1|0|0|960000|4|32008|938762
1200000|2|1608|13|1|1|2|240000|4|32008|259387
1200000|2|1608|13|2|0|0|960000|0|0|955752
1200000|2|1608|13|2|1|2|240000|0|0|242420
1200000|2|1608|13|2|0|0|960000|1|8000|955692
1200000|2|1608|13|2|1|2|240000|1|8000|244021
1200000|2|1608|13|2|0|0|960000|2|16002|958731
1200000|2|1608|13|2|1|2|240000|2|16002|245303
1200000|2|1608|13|2|0|0|960000|3|24004|963021
1200000|2|1608|13|2|1|2|240000|3|24004|246946
1200000|2|1608|13|2|0|0|960000|4|32007|967508
1200000|2|1608|13|2|1|2|240000|4|32007|248893
1200000|2|1608|13|3|0|0|960000|0|0|955869
1200000|2|1608|13|3|1|2|240000|0|0|235206
1200000|2|1608|13|3|0|0|960000|1|7999|955694
1200000|2|1608|13|3|1|2|240000|1|7999|236064
1200000|2|1608|13|3|0|0|960000|2|16000|958227
1200000|2|1608|13|3|1|2|240000|2|16000|237465
1200000|2|1608|13|3|0|0|960000|3|24003|962477
1200000|2|1608|13|3|1|2|240000|3|24003|239222
1200000|2|1608|13|3|0|0|960000|4|32005|966923
1200000|2|1608|13|3|1|2|240000|4|32005|241209
1200000|2|1608|13|4|0|0|960000|0|0|939020
1200000|2|1608|13|4|1|2|240000|0|0|243083
1200000|2|1608|13|4|0|0|960000|1|3999|934984
1200000|2|1608|13|4|1|2|240000|1|3999|243824
1200000|2|1608|13|4|0|0|960000|2|7999|932916
1200000|2|1608|13|4|1|2|240000|2|7999|244448
1200000|2|1608|13|4|0|0|960000|3|12000|931708
1200000|2|1608|13|4|1|2|240000|3|12000|245073
1200000|2|1608|13|4|0|0|960000|4|16000|931083
1200000|2|1608|13|4|1|2|240000|4|16000|245386
1200000|2|1608|13|5|0|0|960000|0|0|921080
1200000|2|1608|13|5|1|2|240000|0|0|739867
1200000|2|1608|13|5|0|0|960000|1|8000|914232
1200000|2|1608|13|5|1|2|240000|1|8000|733626
1200000|2|1608|13|5|0|0|960000|2|16002|912206
1200000|2|1608|13|5|1|2|240000|2|16002|731637
1200000|2|1608|13|5|0|0|960000|3|24005|912832
1200000|2|1608|13|5|1|2|240000|3|24005|732376
1200000|2|1608|13|5|0|0|960000|4|32010|914663
1200000|2|1608|13|5|1|2|240000|4|32010|734366
1200000|2|1609|13|1|0|0|960000|0|0|955947
1200000|2|1609|13|1|1|2|240000|0|0|239262
1200000|2|1609|13|1|0|0|960000|1|3996|955653
1200000|2|1609|13|1|1|2|240000|1|3996|238520
1200000|2|1609|13|1|0|0|960000|2|7993|955771
1200000|2|1609|13|1|1|2|240000|2|7993|239416
1200000|2|1609|13|1|0|0|960000|3|15991|958615
1200000|2|1609|13|1|1|2|240000|3|15991|241329
1200000|2|1609|13|1|0|0|960000|4|23991|962166
1200000|2|1609|13|1|1|2|240000|4|23991|244448
1200000|2|1609|13|2|0|0|960000|0|0|927632
1200000|2|1609|13|2|1|2|240000|0|0|251898
1200000|2|1609|13|2|0|0|960000|1|3999|921137
1200000|2|1609|13|2|1|2|240000|1|3999|252562
1200000|2|1609|13|2|0|0|960000|2|7999|917199
1200000|2|1609|13|2|1|2|240000|2|7999|253575
1200000|2|1609|13|2|0|0|960000|3|12000|914859
1200000|2|1609|13|2|1|2|240000|3|12000|254705
1200000|2|1609|13|2|0|0|960000|4|16001|913378
1200000|2|1609|13|2|1|2|240000|4|16001|255758
1200000|2|1609|13|3|0|0|960000|0|0|941438
1200000|2|1609|13|3|1|2|240000|0|0|254744
1200000|2|1609|13|3|0|0|960000|1|3999|938533
1200000|2|1609|13|3|1|2|240000|1|3999|255526
1200000|2|1609|13|3|0|0|960000|2|7998|936855
1200000|2|1609|13|3|1|2|240000|2|7998|256968
1200000|2|1609|13|3|0|0|960000|3|11999|936310
1200000|2|1609|13|3|1|2|240000|3|11999|257631
1200000|2|1609|13|3|0|0|960000|4|16000|936348
1200000|2|1609|13|3|1|2|240000|4|16000|258761
1200000|2|1609|13|4|0|0|960000|0|0|940933
1200000|2|1609|13|4|1|2|240000|0|0|249285
1200000|2|1609|13|4|0|0|960000|1|7999|936622
1200000|2|1609|13|4|1|2|240000|1|7999|250025
1200000|2|1609|13|4|0|0|960000|2|11999|936462
1200000|2|1609|13|4|1|2|240000|2|11999|250883
1200000|2|1609|13|4|0|0|960000|3|16000|936894
1200000|2|1609|13|4|1|2|240000|3|16000|251937
1200000|2|1609|13|4|0|0|960000|4|20002|937984
1200000|2|1609|13|4|1|2|240000|4|20002|252639
1200000|2|1609|13|5|0|0|960000|0|0|930403
1200000|2|1609|13|5|1|2|240000|0|0|243317
1200000|2|1609|13|5|0|0|960000|1|3999|924258
1200000|2|1609|13|5|1|2|240000|1|3999|242927
1200000|2|1609|13|5|0|0|960000|2|7999|920162
1200000|2|1609|13|5|1|2|240000|2|7999|242849
1200000|2|1609|13|5|0|0|960000|3|11999|917939
1200000|2|1609|13|5|1|2|240000|3|11999|242851
1200000|2|1609|13|5|0|0|960000|4|16000|916653
1200000|2|1609|13|5|1|2|240000|4|16000|243085
1200000|2|1610|13|1|0|0|960000|0|0|930792
1200000|2|1610|13|1|1|2|240000|0|0|243435
1200000|2|1610|13|1|0|0|960000|1|3999|924918
1200000|2|1610|13|1|1|2|240000|1|3999|243669
1200000|2|1610|13|1|0|0|960000|2|7999|921060
1200000|2|1610|13|1|1|2|240000|2|7999|244255
1200000|2|1610|13|1|0|0|960000|3|12000|918877
1200000|2|1610|13|1|1|2|240000|3|12000|244487
1200000|2|1610|13|1|0|0|960000|4|16000|917939
1200000|2|1610|13|1|1|2|240000|4|16000|245189
1200000|2|1610|13|2|0|0|960000|0|0|958479
1200000|2|1610|13|2|1|2|240000|0|0|236181
1200000|2|1610|13|2|0|0|960000|1|7999|960177
1200000|2|1610|13|2|1|2|240000|1|7999|237623
1200000|2|1610|13|2|0|0|960000|2|16001|964778
1200000|2|1610|13|2|1|2|240000|2|16001|238677
1200000|2|1610|13|2|0|0|960000|3|24002|971016
1200000|2|1610|13|2|1|2|240000|3|24002|239651
1200000|2|1610|13|2|0|0|960000|4|32004|978581
1200000|2|1610|13|2|1|2|240000|4|32004|240746
1200000|2|1610|13|3|0|0|960000|0|0|959183
1200000|2|1610|13|3|1|2|240000|0|0|697668
1200000|2|1610|13|3|0|0|960000|1|7999|963219
1200000|2|1610|13|3|1|2|240000|1|7999|690179
1200000|2|1610|13|3|0|0|960000|2|15999|968717
1200000|2|1610|13|3|1|2|240000|2|15999|685382
1200000|2|1610|13|3|0|0|960000|3|24000|974879
1200000|2|1610|13|3|1|2|240000|3|24000|683239
1200000|2|1610|13|3|0|0|960000|4|32001|981198
1200000|2|1610|13|3|1|2|240000|4|32001|682341
1200000|2|1610|13|4|0|0|960000|0|0|959963
1200000|2|1610|13|4|1|2|240000|0|0|281617
1200000|2|1610|13|4|0|0|960000|1|7994|961423
1200000|2|1610|13|4|1|2|240000|1|7994|282120
1200000|2|1610|13|4|0|0|960000|2|15993|964506
1200000|2|1610|13|4|1|2|240000|2|15993|283213
1200000|2|1610|13|4|0|0|960000|3|23994|969264
1200000|2|1610|13|4|1|2|240000|3|23994|284891
1200000|2|1610|13|4|0|0|960000|4|31996|975620
1200000|2|1610|13|4|1|2|240000|4|31996|286610
1200000|2|1610|13|5|0|0|960000|0|0|942608
1200000|2|1610|13|5|1|2|240000|0|0|255485
1200000|2|1610|13|5|0|0|960000|1|8000|939818
1200000|2|1610|13|5|1|2|240000|1|8000|256967
1200000|2|1610|13|5|0|0|960000|2|16002|941221
1200000|2|1610|13|5|1|2|240000|2|16002|258643
1200000|2|1610|13|5|0|0|960000|3|24005|944694
1200000|2|1610|13|5|1|2|240000|3|24005|260595
1200000|2|1610|13|5|0|0|960000|4|32009|948907
1200000|2|1610|13|5|1|2|240000|4|32009|263248
1200000|2|1611|13|1|0|0|960000|0|0|941438
1200000|2|1611|13|1|1|2|240000|0|0|238950
1200000|2|1611|13|1|0|0|960000|1|7999|937362
1200000|2|1611|13|1|1|2|240000|1|7999|240783
1200000|2|1611|13|1|0|0|960000|2|16002|937362
1200000|2|1611|13|1|1|2|240000|2|16002|242497
1200000|2|1611|13|1|0|0|960000|3|24005|940091
1200000|2|1611|13|1|1|2|240000|3|24005|244996
1200000|2|1611|13|1|0|0|960000|4|32009|944108
1200000|2|1611|13|1|1|2|240000|4|32009|246320
1200000|2|1611|13|2|0|0|960000|0|0|931299
1200000|2|1611|13|2|1|2|240000|0|0|245425
1200000|2|1611|13|2|0|0|960000|1|8000|921918
1200000|2|1611|13|2|1|2|240000|1|8000|246281
1200000|2|1611|13|2|0|0|960000|2|12001|920591
1200000|2|1611|13|2|1|2|240000|2|12001|247257
1200000|2|1611|13|2|0|0|960000|3|16002|920279
1200000|2|1611|13|2|1|2|240000|3|16002|248114
1200000|2|1611|13|2|0|0|960000|4|20004|920982
1200000|2|1611|13|2|1|2|240000|4|20004|249284
1200000|2|1611|13|3|0|0|960000|0|0|956609
1200000|2|1611|13|3|1|2|240000|0|0|240667
1200000|2|1611|13|3|0|0|960000|1|7999|956784
1200000|2|1611|13|3|1|2|240000|1|7999|242226
1200000|2|1611|13|3|0|0|960000|2|16000|959708
1200000|2|1611|13|3|1|2|240000|2|16000|243980
1200000|2|1611|13|3|0|0|960000|3|24003|964388
1200000|2|1611|13|3|1|2|240000|3|24003|246516
1200000|2|1611|13|3|0|0|960000|4|32007|970122
1200000|2|1611|13|3|1|2|240000|4|32007|249676
1200000|2|1611|13|4|0|0|960000|0|0|956376
1200000|2|1611|13|4|1|2|240000|0|0|239261
1200000|2|1611|13|4|0|0|960000|1|7999|957173
1200000|2|1611|13|4|1|2|240000|1|7999|240783
1200000|2|1611|13|4|0|0|960000|2|16001|960528
1200000|2|1611|13|4|1|2|240000|2|16001|243279
1200000|2|1611|13|4|0|0|960000|3|24004|964235
1200000|2|1611|13|4|1|2|240000|3|24004|245891
1200000|2|1611|13|4|0|0|960000|4|32008|969342
1200000|2|1611|13|4|1|2|240000|4|32008|249012
1200000|2|1611|13|5|0|0|960000|0|0|940309
1200000|2|1611|13|5|1|2|240000|0|0|248426
1200000|2|1611|13|5|0|0|960000|1|7999|935920
1200000|2|1611|13|5|1|2|240000|1|7999|251313
1200000|2|1611|13|5|0|0|960000|2|16002|936349
1200000|2|1611|13|5|1|2|240000|2|16002|254199
1200000|2|1611|13|5|0|0|960000|3|24006|938686
1200000|2|1611|13|5|1|2|240000|3|24006|258137
1200000|2|1611|13|5|0|0|960000|4|32011|942393
1200000|2|1611|13|5|1|2|240000|4|32011|262349
1200000|2|1612|13|1|0|0|960000|0|0|956260
1200000|2|1612|13|1|1|2|240000|0|0|247763
1200000|2|1612|13|1|0|0|960000|1|7999|956628
1200000|2|1612|13|1|1|2|240000|1|7999|250844
1200000|2|1612|13|1|0|0|960000|2|16002|959398
1200000|2|1612|13|1|1|2|240000|2|16002|255171
1200000|2|1612|13|1|0|0|960000|3|24007|963257
1200000|2|1612|13|1|1|2|240000|3|24007|259774
1200000|2|1612|13|1|0|0|960000|4|32012|967474
1200000|2|1612|13|1|1|2|240000|4|32012|263677
1200000|2|1612|13|2|0|0|960000|0|0|954933
1200000|2|1612|13|2|1|2|240000|0|0|246830
1200000|2|1612|13|2|0|0|960000|1|8001|954834
1200000|2|1612|13|2|1|2|240000|1|8001|250378
1200000|2|1612|13|2|0|0|960000|2|16003|957055
1200000|2|1612|13|2|1|2|240000|2|16003|253887
1200000|2|1612|13|2|0|0|960000|3|24008|960723
1200000|2|1612|13|2|1|2|240000|3|24008|258333
1200000|2|1612|13|2|0|0|960000|4|32012|965246
1200000|2|1612|13|2|1|2|240000|4|32012|263126
1200000|2|1612|13|3|0|0|960000|0|0|955675
1200000|2|1612|13|3|1|2|240000|0|0|248076
1200000|2|1612|13|3|0|0|960000|1|8000|955416
1200000|2|1612|13|3|1|2|240000|1|8000|251079
1200000|2|1612|13|3|0|0|960000|2|16003|958304
1200000|2|1612|13|3|1|2|240000|2|16003|255096
1200000|2|1612|13|3|0|0|960000|3|24008|962594
1200000|2|1612|13|3|1|2|240000|3|24008|260205
1200000|2|1612|13|3|0|0|960000|4|32014|967352
1200000|2|1612|13|3|1|2|240000|4|32014|264768
1200000|2|1612|13|4|0|0|960000|0|0|929271
1200000|2|1612|13|4|1|2|240000|0|0|251741
1200000|2|1612|13|4|0|0|960000|1|8001|918760
1200000|2|1612|13|4|1|2|240000|1|8001|254434
1200000|2|1612|13|4|0|0|960000|2|16004|914665
1200000|2|1612|13|4|1|2|240000|2|16004|257710
1200000|2|1612|13|4|0|0|960000|3|24007|914858
1200000|2|1612|13|4|1|2|240000|3|24007|260594
1200000|2|1612|13|4|0|0|960000|4|32011|917512
1200000|2|1612|13|4|1|2|240000|4|32011|263713
1200000|2|1612|13|5|0|0|960000|0|1|956143
1200000|2|1612|13|5|1|2|240000|0|1|240705
1200000|2|1612|13|5|0|0|960000|1|8000|956354
1200000|2|1612|13|5|1|2|240000|1|8000|243707
1200000|2|1612|13|5|0|0|960000|2|16002|959630
1200000|2|1612|13|5|1|2|240000|2|16002|246829
1200000|2|1612|13|5|0|0|960000|3|24005|963609
1200000|2|1612|13|5|1|2|240000|3|24005|249715
1200000|2|1612|13|5|0|0|960000|4|32009|967705
1200000|2|1612|13|5|1|2|240000|4|32009|252563
1200000|2|1613|13|1|0|0|960000|0|0|954464
1200000|2|1613|13|1|1|2|240000|0|0|244214
1200000|2|1613|13|1|0|0|960000|1|8001|953859
1200000|2|1613|13|1|1|2|240000|1|8001|246945
1200000|2|1613|13|1|0|0|960000|2|16004|955340
1200000|2|1613|13|1|1|2|240000|2|16004|249440
1200000|2|1613|13|1|0|0|960000|3|24008|959047
1200000|2|1613|13|1|1|2|240000|3|24008|252482
1200000|2|1613|13|1|0|0|960000|4|32014|963488
1200000|2|1613|13|1|1|2|240000|4|32014|256383
1200000|2|1613|13|2|0|0|960000|0|0|939994
1200000|2|1613|13|2|1|2|240000|0|0|246282
1200000|2|1613|13|2|0|0|960000|1|7999|934203
1200000|2|1613|13|2|1|2|240000|1|7999|248349
1200000|2|1613|13|2|0|0|960000|2|16000|932918
1200000|2|1613|13|2|1|2|240000|2|16000|251313
1200000|2|1613|13|2|0|0|960000|3|24003|934867
1200000|2|1613|13|2|1|2|240000|3|24003|254706
1200000|2|1613|13|2|0|0|960000|4|32009|937870
1200000|2|1613|13|2|1|2|240000|4|32009|258530
1200000|2|1613|13|3|0|0|960000|0|0|952278
1200000|2|1613|13|3|1|2|240000|0|0|241954
1200000|2|1613|13|3|0|0|960000|1|8000|949609
1200000|2|1613|13|3|1|2|240000|1|8000|244058
1200000|2|1613|13|3|0|0|960000|2|16002|949020
1200000|2|1613|13|3|1|2|240000|2|16002|246633
1200000|2|1613|13|3|0|0|960000|3|24005|950659
1200000|2|1613|13|3|1|2|240000|3|24005|249516
1200000|2|1613|13|3|0|0|960000|4|32009|953432
1200000|2|1613|13|3|1|2|240000|4|32009|252717
1200000|2|1613|13|4|0|0|960000|0|0|938047
1200000|2|1613|13|4|1|2|240000|0|0|249089
1200000|2|1613|13|4|0|0|960000|1|7999|931748
1200000|2|1613|13|4|1|2|240000|1|7999|251821
1200000|2|1613|13|4|0|0|960000|2|16001|929992
1200000|2|1613|13|4|1|2|240000|2|16001|254824
1200000|2|1613|13|4|0|0|960000|3|24004|931431
1200000|2|1613|13|4|1|2|240000|3|24004|258412
1200000|2|1613|13|4|0|0|960000|4|32008|933852
1200000|2|1613|13|4|1|2|240000|4|32008|261843
1200000|2|1613|13|5|0|0|960000|0|0|927985
1200000|2|1613|13|5|1|2|240000|0|0|252288
1200000|2|1613|13|5|0|0|960000|1|8000|915522
1200000|2|1613|13|5|1|2|240000|1|8000|254161
1200000|2|1613|13|5|0|0|960000|2|16002|910804
1200000|2|1613|13|5|1|2|240000|2|16002|256930
1200000|2|1613|13|5|0|0|960000|3|24006|909788
1200000|2|1613|13|5|1|2|240000|3|24006|260402
1200000|2|1613|13|5|0|0|960000|4|32010|910686
1200000|2|1613|13|5|1|2|240000|4|32010|263362
1200000|2|1614|13|1|0|0|960000|0|0|951463
1200000|2|1614|13|1|1|2|240000|0|0|240976
1200000|2|1614|13|1|0|0|960000|1|7998|948516
1200000|2|1614|13|1|1|2|240000|1|7998|241915
1200000|2|1614|13|1|0|0|960000|2|15998|948476
1200000|2|1614|13|1|1|2|240000|2|15998|243825
1200000|2|1614|13|1|0|0|960000|3|24000|950153
1200000|2|1614|13|1|1|2|240000|3|24000|247217
1200000|2|1614|13|1|0|0|960000|4|32004|952922
1200000|2|1614|13|1|1|2|240000|4|32004|250338
1200000|2|1614|13|2|0|0|960000|0|0|938474
1200000|2|1614|13|2|1|2|240000|0|0|247725
1200000|2|1614|13|2|0|0|960000|1|8000|932604
1200000|2|1614|13|2|1|2|240000|1|8000|249324
1200000|2|1614|13|2|0|0|960000|2|16001|930845
1200000|2|1614|13|2|1|2|240000|2|16001|251820
1200000|2|1614|13|2|0|0|960000|3|24004|931588
1200000|2|1614|13|2|1|2|240000|3|24004|254510
1200000|2|1614|13|2|0|0|960000|4|32008|933814
1200000|2|1614|13|2|1|2|240000|4|32008|257553
1200000|2|1614|13|3|0|0|960000|0|0|952008
1200000|2|1614|13|3|1|2|240000|0|0|242729
1200000|2|1614|13|3|0|0|960000|1|7999|949569
1200000|2|1614|13|3|1|2|240000|1|7999|245384
1200000|2|1614|13|3|0|0|960000|2|15999|950583
1200000|2|1614|13|3|1|2|240000|2|15999|247919
1200000|2|1614|13|3|0|0|960000|3|24002|953391
1200000|2|1614|13|3|1|2|240000|3|24002|251194
1200000|2|1614|13|3|0|0|960000|4|32005|955848
1200000|2|1614|13|3|1|2|240000|4|32005|254162
1200000|2|1614|13|4|0|0|960000|0|0|952162
1200000|2|1614|13|4|1|2|240000|0|0|242733
1200000|2|1614|13|4|0|0|960000|1|7998|949529
1200000|2|1614|13|4|1|2|240000|1|7998|244333
1200000|2|1614|13|4|0|0|960000|2|15999|949296
1200000|2|1614|13|4|1|2|240000|2|15999|246828
1200000|2|1614|13|4|0|0|960000|3|24002|951671
1200000|2|1614|13|4|1|2|240000|3|24002|249089
1200000|2|1614|13|4|0|0|960000|4|32005|953354
1200000|2|1614|13|4|1|2|240000|4|32005|251861
1200000|2|1614|13|5|0|0|960000|0|0|950875
1200000|2|1614|13|5|1|2|240000|0|0|238447
1200000|2|1614|13|5|0|0|960000|1|7998|948516
1200000|2|1614|13|5|1|2|240000|1|7998|239610
1200000|2|1614|13|5|0|0|960000|2|15997|948047
1200000|2|1614|13|5|1|2|240000|2|15997|241599
1200000|2|1614|13|5|0|0|960000|3|23999|948829
1200000|2|1614|13|5|1|2|240000|3|23999|243396
1200000|2|1614|13|5|0|0|960000|4|32001|950698
1200000|2|1614|13|5|1|2|240000|4|32001|246242
1200000|2|1615|13|1|0|0|960000|0|0|951969
1200000|2|1615|13|1|1|2|240000|0|0|240511
1200000|2|1615|13|1|0|0|960000|1|7999|948788
1200000|2|1615|13|1|1|2|240000|1|7999|241832
1200000|2|1615|13|1|0|0|960000|2|16000|948945
1200000|2|1615|13|1|1|2|240000|2|16000|243549
1200000|2|1615|13|1|0|0|960000|3|24002|950700
1200000|2|1615|13|1|1|2|240000|3|24002|246320
1200000|2|1615|13|1|0|0|960000|4|32006|953275
1200000|2|1615|13|1|1|2|240000|4|32006|249519
1200000|2|1615|13|2|0|0|960000|0|0|939603
1200000|2|1615|13|2|1|2|240000|0|0|245895
1200000|2|1615|13|2|0|0|960000|1|7998|932993
1200000|2|1615|13|2|1|2|240000|1|7998|247568
1200000|2|1615|13|2|0|0|960000|2|15999|931395
1200000|2|1615|13|2|1|2|240000|2|15999|249362
1200000|2|1615|13|2|0|0|960000|3|24001|932446
1200000|2|1615|13|2|1|2|240000|3|24001|252093
1200000|2|1615|13|2|0|0|960000|4|32003|934358
1200000|2|1615|13|2|1|2|240000|4|32003|255018
1200000|2|1615|13|3|0|0|960000|0|0|939839
1200000|2|1615|13|3|1|2|240000|0|0|249246
1200000|2|1615|13|3|0|0|960000|1|7999|934555
1200000|2|1615|13|3|1|2|240000|1|7999|251309
1200000|2|1615|13|3|0|0|960000|2|15999|934358
1200000|2|1615|13|3|1|2|240000|2|15999|254237
1200000|2|1615|13|3|0|0|960000|3|24002|936232
1200000|2|1615|13|3|1|2|240000|3|24002|256539
1200000|2|1615|13|3|0|0|960000|4|32004|939781
1200000|2|1615|13|3|1|2|240000|4|32004|259773
1200000|2|1615|13|4|0|0|960000|0|0|940191
1200000|2|1615|13|4|1|2|240000|0|0|245460
1200000|2|1615|13|4|0|0|960000|1|7998|935841
1200000|2|1615|13|4|1|2|240000|1|7998|247491
1200000|2|1615|13|4|0|0|960000|2|15999|935256
1200000|2|1615|13|4|1|2|240000|2|15999|249828
1200000|2|1615|13|4|0|0|960000|3|24002|936971
1200000|2|1615|13|4|1|2|240000|3|24002|252210
1200000|2|1615|13|4|0|0|960000|4|32006|940170
1200000|2|1615|13|4|1|2|240000|4|32006|254745
1200000|2|1615|13|5|0|0|960000|0|0|929428
1200000|2|1615|13|5|1|2|240000|0|0|246713
1200000|2|1615|13|5|0|0|960000|1|7999|919734
1200000|2|1615|13|5|1|2|240000|1|7999|248426
1200000|2|1615|13|5|0|0|960000|2|16000|916381
1200000|2|1615|13|5|1|2|240000|2|16000|249867
1200000|2|1615|13|5|0|0|960000|3|24002|916612
1200000|2|1615|13|5|1|2|240000|3|24002|251431
1200000|2|1615|13|5|0|0|960000|4|32003|918680
1200000|2|1615|13|5|1|2|240000|4|32003|252561
1200000|2|1616|13|1|0|0|960000|0|0|941869
1200000|2|1616|13|1|1|2|240000|0|0|241641
1200000|2|1616|13|1|0|0|960000|1|7997|938532
1200000|2|1616|13|1|1|2|240000|1|7997|242421
1200000|2|1616|13|1|0|0|960000|2|15997|938764
1200000|2|1616|13|1|1|2|240000|2|15997|243280
1200000|2|1616|13|1|0|0|960000|3|23998|941729
1200000|2|1616|13|1|1|2|240000|3|23998|244567
1200000|2|1616|13|1|0|0|960000|4|32000|945511
1200000|2|1616|13|1|1|2|240000|4|32000|247061
1200000|2|1616|13|2|0|0|960000|0|0|931220
1200000|2|1616|13|2|1|2|240000|0|0|246243
1200000|2|1616|13|2|0|0|960000|1|7998|921683
1200000|2|1616|13|2|1|2|240000|1|7998|247763
1200000|2|1616|13|2|0|0|960000|2|16000|918444
1200000|2|1616|13|2|1|2|240000|2|16000|249287
1200000|2|1616|13|2|0|0|960000|3|24001|919306
1200000|2|1616|13|2|1|2|240000|3|24001|251507
1200000|2|1616|13|2|0|0|960000|4|32004|922231
1200000|2|1616|13|2|1|2|240000|4|32004|254239
1200000|2|1616|13|3|0|0|960000|0|0|941438
1200000|2|1616|13|3|1|2|240000|0|0|245073
1200000|2|1616|13|3|0|0|960000|1|7999|937753
1200000|2|1616|13|3|1|2|240000|1|7999|246748
1200000|2|1616|13|3|0|0|960000|2|16000|938492
1200000|2|1616|13|3|1|2|240000|2|16000|248621
1200000|2|1616|13|3|0|0|960000|3|24002|940910
1200000|2|1616|13|3|1|2|240000|3|24002|251000
1200000|2|1616|13|3|0|0|960000|4|32006|944420
1200000|2|1616|13|3|1|2|240000|4|32006|254005
1200000|2|1616|13|4|0|0|960000|0|0|941086
1200000|2|1616|13|4|1|2|240000|0|0|247257
1200000|2|1616|13|4|0|0|960000|1|7999|935959
1200000|2|1616|13|4|1|2|240000|1|7999|249008
1200000|2|1616|13|4|0|0|960000|2|15999|935335
1200000|2|1616|13|4|1|2|240000|2|15999|250923
1200000|2|1616|13|4|0|0|960000|3|24001|936738
1200000|2|1616|13|4|1|2|240000|3|24001|253653
1200000|2|1616|13|4|0|0|960000|4|32003|940596
1200000|2|1616|13|4|1|2|240000|4|32003|256500
1200000|2|1616|13|5|0|0|960000|0|0|939878
1200000|2|1616|13|5|1|2|240000|0|0|250141
1200000|2|1616|13|5|0|0|960000|1|7998|935412
1200000|2|1616|13|5|1|2|240000|1|7998|252601
1200000|2|1616|13|5|0|0|960000|2|15998|935295
1200000|2|1616|13|5|1|2|240000|2|15998|255875
1200000|2|1616|13|5|0|0|960000|3|24001|938024
1200000|2|1616|13|5|1|2|240000|3|24001|259970
1200000|2|1616|13|5|0|0|960000|4|32005|941535
1200000|2|1616|13|5|1|2|240000|4|32005|263051
1200000|2|1617|13|1|0|0|960000|0|0|929191
1200000|2|1617|13|1|1|2|240000|0|0|250962
1200000|2|1617|13|1|0|0|960000|1|8000|918951
1200000|2|1617|13|1|1|2|240000|1|8000|253303
1200000|2|1617|13|1|0|0|960000|2|16001|914663
1200000|2|1617|13|1|1|2|240000|2|16001|255954
1200000|2|1617|13|1|0|0|960000|3|24004|914781
1200000|2|1617|13|1|1|2|240000|3|24004|259113
1200000|2|1617|13|1|0|0|960000|4|32008|916769
1200000|2|1617|13|1|1|2|240000|4|32008|262387
1200000|2|1617|13|2|0|0|960000|0|0|953176
1200000|2|1617|13|2|1|2|240000|0|0|238832
1200000|2|1617|13|2|0|0|960000|1|7998|950972
1200000|2|1617|13|2|1|2|240000|1|7998|240275
1200000|2|1617|13|2|0|0|960000|2|15998|952222
1200000|2|1617|13|2|1|2|240000|2|15998|242383
1200000|2|1617|13|2|0|0|960000|3|24000|954560
1200000|2|1617|13|2|1|2|240000|3|24000|244763
1200000|2|1617|13|2|0|0|960000|4|32003|957369
1200000|2|1617|13|2|1|2|240000|4|32003|246863
1200000|2|1617|13|3|0|0|960000|0|0|952398
1200000|2|1617|13|3|1|2|240000|0|0|240745
1200000|2|1617|13|3|0|0|960000|1|7999|949839
1200000|2|1617|13|3|1|2|240000|1|7999|242577
1200000|2|1617|13|3|0|0|960000|2|15999|949685
1200000|2|1617|13|3|1|2|240000|2|15999|243787
1200000|2|1617|13|3|0|0|960000|3|24001|951675
1200000|2|1617|13|3|1|2|240000|3|24001|245892
1200000|2|1617|13|3|0|0|960000|4|32003|954562
1200000|2|1617|13|3|1|2|240000|4|32003|248777
1200000|2|1617|13|4|0|0|960000|0|0|951659
1200000|2|1617|13|4|1|2|240000|0|0|243047
1200000|2|1617|13|4|0|0|960000|1|7998|949139
1200000|2|1617|13|4|1|2|240000|1|7998|244723
1200000|2|1617|13|4|0|0|960000|2|15998|949724
1200000|2|1617|13|4|1|2|240000|2|15998|246947
1200000|2|1617|13|4|0|0|960000|3|24001|950350
1200000|2|1617|13|4|1|2|240000|3|24001|250023
1200000|2|1617|13|4|0|0|960000|4|32003|952416
1200000|2|1617|13|4|1|2|240000|4|32003|253299
1200000|2|1617|13|5|0|0|960000|0|0|950135
1200000|2|1617|13|5|1|2|240000|0|0|240714
1200000|2|1617|13|5|0|0|960000|1|7997|946604
1200000|2|1617|13|5|1|2|240000|1|7997|244107
1200000|2|1617|13|5|0|0|960000|2|16000|945512
1200000|2|1617|13|5|1|2|240000|2|16000|246876
1200000|2|1617|13|5|0|0|960000|3|24003|945903
1200000|2|1617|13|5|1|2|240000|3|24003|249801
1200000|2|1617|13|5|0|0|960000|4|32007|946917
1200000|2|1617|13|5|1|2|240000|4|32007|252675
1200000|2|1618|13|1|0|0|960000|0|0|951228
1200000|2|1618|13|1|1|2|240000|0|0|243249
1200000|2|1618|13|1|0|0|960000|1|7998|948204
1200000|2|1618|13|1|1|2|240000|1|7998|246369
1200000|2|1618|13|1|0|0|960000|2|16000|947892
1200000|2|1618|13|1|1|2|240000|2|16000|249684
1200000|2|1618|13|1|0|0|960000|3|24003|949448
1200000|2|1618|13|1|1|2|240000|3|24003|252921
1200000|2|1618|13|1|0|0|960000|4|32007|951753
1200000|2|1618|13|1|1|2|240000|4|32007|256665
1200000|2|1618|13|2|0|0|960000|0|1|951811
1200000|2|1618|13|2|1|2|240000|0|1|247773
1200000|2|1618|13|2|0|0|960000|1|8000|949569
1200000|2|1618|13|2|1|2|240000|1|8000|250425
1200000|2|1618|13|2|0|0|960000|2|16002|949490
1200000|2|1618|13|2|1|2|240000|2|16002|253038
1200000|2|1618|13|2|0|0|960000|3|24004|950817
1200000|2|1618|13|2|1|2|240000|3|24004|255807
1200000|2|1618|13|2|0|0|960000|4|32007|953391
1200000|2|1618|13|2|1|2|240000|4|32007|258771
1200000|2|1618|13|3|0|0|960000|0|0|951342
1200000|2|1618|13|3|1|2|240000|0|0|243561
1200000|2|1618|13|3|0|0|960000|1|7997|949101
1200000|2|1618|13|3|1|2|240000|1|7997|245316
1200000|2|1618|13|3|0|0|960000|2|15998|950232
1200000|2|1618|13|3|1|2|240000|2|15998|248787
1200000|2|1618|13|3|0|0|960000|3|24001|952532
1200000|2|1618|13|3|1|2|240000|3|24001|252336
1200000|2|1618|13|3|0|0|960000|4|32005|954835
1200000|2|1618|13|3|1|2|240000|4|32005|256509
1200000|2|1618|13|4|0|0|960000|0|0|928959
1200000|2|1618|13|4|1|2|240000|0|0|258069
1200000|2|1618|13|4|0|0|960000|1|7998|917550
1200000|2|1618|13|4|1|2|240000|1|7998|261189
1200000|2|1618|13|4|0|0|960000|2|16000|913142
1200000|2|1618|13|4|1|2|240000|2|16000|265401
1200000|2|1618|13|4|0|0|960000|3|24004|912401
1200000|2|1618|13|4|1|2|240000|3|24004|268560
1200000|2|1618|13|4|0|0|960000|4|32009|913767
1200000|2|1618|13|4|1|2|240000|4|32009|273123
1200000|2|1618|13|5|0|0|960000|0|0|953608
1200000|2|1618|13|5|1|2|240000|0|0|246096
1200000|2|1618|13|5|0|0|960000|1|7998|952300
1200000|2|1618|13|5|1|2|240000|1|7998|248280
1200000|2|1618|13|5|0|0|960000|2|15999|953898
1200000|2|1618|13|5|1|2|240000|2|15999|251283
1200000|2|1618|13|5|0|0|960000|3|24001|956313
1200000|2|1618|13|5|1|2|240000|3|24001|254949
1200000|2|1618|13|5|0|0|960000|4|32004|959903
1200000|2|1618|13|5|1|2|240000|4|32004|258732
1200000|2|1619|13|1|0|0|960000|0|0|928956
1200000|2|1619|13|1|1|2|240000|0|0|251166
1200000|2|1619|13|1|0|0|960000|1|7998|917902
1200000|2|1619|13|1|1|2|240000|1|7998|253740
1200000|2|1619|13|1|0|0|960000|2|16000|913688
1200000|2|1619|13|1|1|2|240000|2|16000|256743
1200000|2|1619|13|1|0|0|960000|3|24002|912752
1200000|2|1619|13|1|1|2|240000|3|24002|259668
1200000|2|1619|13|1|0|0|960000|4|32005|914508
1200000|2|1619|13|1|1|2|240000|4|32005|263022
1200000|2|1619|13|2|0|0|960000|0|0|939957
1200000|2|1619|13|2|1|2|240000|0|0|245823
1200000|2|1619|13|2|0|0|960000|1|7999|935489
1200000|2|1619|13|2|1|2|240000|1|7999|247851
1200000|2|1619|13|2|0|0|960000|2|15999|935333
1200000|2|1619|13|2|1|2|240000|2|15999|249684
1200000|2|1619|13|2|0|0|960000|3|24002|936619
1200000|2|1619|13|2|1|2|240000|3|24002|252219
1200000|2|1619|13|2|0|0|960000|4|32005|939507
1200000|2|1619|13|2|1|2|240000|4|32005|255183
1200000|2|1619|13|3|0|0|960000|0|0|930088
1200000|2|1619|13|3|1|2|240000|0|0|248553
1200000|2|1619|13|3|0|0|960000|1|7999|919579
1200000|2|1619|13|3|1|2|240000|1|7999|250581
1200000|2|1619|13|3|0|0|960000|2|16001|916107
1200000|2|1619|13|3|1|2|240000|2|16001|252804
1200000|2|1619|13|3|0|0|960000|3|24003|915485
1200000|2|1619|13|3|1|2|240000|3|24003|255846
1200000|2|1619|13|3|0|0|960000|4|32006|917395
1200000|2|1619|13|3|1|2|240000|4|32006|258771
1200000|2|1619|13|4|0|0|960000|0|0|939291
1200000|2|1619|13|4|1|2|240000|0|0|245667
1200000|2|1619|13|4|0|0|960000|1|7998|934356
1200000|2|1619|13|4|1|2|240000|1|7998|247071
1200000|2|1619|13|4|0|0|960000|2|15999|934083
1200000|2|1619|13|4|1|2|240000|2|15999|248982
1200000|2|1619|13|4|0|0|960000|3|24001|935685
1200000|2|1619|13|4|1|2|240000|3|24001|251595
1200000|2|1619|13|4|0|0|960000|4|32004|938532
1200000|2|1619|13|4|1|2|240000|4|32004|254598
1200000|2|1619|13|5|0|0|960000|0|0|954661
1200000|2|1619|13|5|1|2|240000|0|0|239427
1200000|2|1619|13|5|0|0|960000|1|7998|953858
1200000|2|1619|13|5|1|2|240000|1|7998|241104
1200000|2|1619|13|5|0|0|960000|2|15998|955848
1200000|2|1619|13|5|1|2|240000|2|15998|243561
1200000|2|1619|13|5|0|0|960000|3|24000|959321
1200000|2|1619|13|5|1|2|240000|3|24000|245667
1200000|2|1619|13|5|0|0|960000|4|32003|963530
1200000|2|1619|13|5|1|2|240000|4|32003|247266
1200000|2|1620|13|1|0|0|960000|0|0|941087
1200000|2|1620|13|1|1|2|240000|0|0|245277
1200000|2|1620|13|1|0|0|960000|1|7998|937166
1200000|2|1620|13|1|1|2|240000|1|7998|246837
1200000|2|1620|13|1|0|0|960000|2|15998|937555
1200000|2|1620|13|1|1|2|240000|2|15998|249606
1200000|2|1620|13|1|0|0|960000|3|24001|940443
1200000|2|1620|13|1|1|2|240000|3|24001|252570
1200000|2|1620|13|1|0|0|960000|4|32005|943679
1200000|2|1620|13|1|1|2|240000|4|32005|255027
1200000|2|1620|13|2|0|0|960000|0|0|956532
1200000|2|1620|13|2|1|2|240000|0|0|239622
1200000|2|1620|13|2|0|0|960000|1|7998|956159
1200000|2|1620|13|2|1|2|240000|1|7998|241572
1200000|2|1620|13|2|0|0|960000|2|15999|958811
1200000|2|1620|13|2|1|2|240000|2|15999|243327
1200000|2|1620|13|2|0|0|960000|3|24002|962437
1200000|2|1620|13|2|1|2|240000|3|24002|245394
1200000|2|1620|13|2|0|0|960000|4|32005|966924
1200000|2|1620|13|2|1|2|240000|4|32005|248046
1200000|2|1620|13|3|0|0|960000|0|0|930089
1200000|2|1620|13|3|1|2|240000|0|0|251208
1200000|2|1620|13|3|0|0|960000|1|8000|920513
1200000|2|1620|13|3|1|2|240000|1|8000|253662
1200000|2|1620|13|3|0|0|960000|2|16003|918097
1200000|2|1620|13|3|1|2|240000|2|16003|256002
1200000|2|1620|13|3|0|0|960000|3|24006|918954
1200000|2|1620|13|3|1|2|240000|3|24006|258069
1200000|2|1620|13|3|0|0|960000|4|32009|922191
1200000|2|1620|13|3|1|2|240000|4|32009|260526
1200000|2|1620|13|4|0|0|960000|0|0|954424
1200000|2|1620|13|4|1|2|240000|0|0|240285
1200000|2|1620|13|4|0|0|960000|1|7998|954092
1200000|2|1620|13|4|1|2|240000|1|7998|241338
1200000|2|1620|13|4|0|0|960000|2|16000|956352
1200000|2|1620|13|4|1|2|240000|2|16000|243288
1200000|2|1620|13|4|0|0|960000|3|24004|960335
1200000|2|1620|13|4|1|2|240000|3|24004|246408
1200000|2|1620|13|4|0|0|960000|4|32010|965597
1200000|2|1620|13|4|1|2|240000|4|32010|249489
1200000|2|1620|13|5|0|0|960000|0|0|957234
1200000|2|1620|13|5|1|2|240000|0|0|246564
1200000|2|1620|13|5|0|0|960000|1|8000|958032
1200000|2|1620|13|5|1|2|240000|1|8000|249723
1200000|2|1620|13|5|0|0|960000|2|16004|960644
1200000|2|1620|13|5|1|2|240000|2|16004|252609
1200000|2|1620|13|5|0|0|960000|3|24008|965051
1200000|2|1620|13|5|1|2|240000|3|24008|255612
1200000|2|1620|13|5|0|0|960000|4|32012|970513
1200000|2|1620|13|5|1|2|240000|4|32012|258225
1200000|2|1621|13|1|0|0|960000|0|0|955208
1200000|2|1621|13|1|1|2|240000|0|0|237750
1200000|2|1621|13|1|0|0|960000|1|7999|954951
1200000|2|1621|13|1|1|2|240000|1|7999|238725
1200000|2|1621|13|1|0|0|960000|2|16002|957875
1200000|2|1621|13|1|1|2|240000|2|16002|240714
1200000|2|1621|13|1|0|0|960000|3|24006|962631
1200000|2|1621|13|1|1|2|240000|3|24006|243093
1200000|2|1621|13|1|0|0|960000|4|32011|967584
1200000|2|1621|13|1|1|2|240000|4|32011|245979
1200000|2|1621|13|2|0|0|960000|0|0|941673
1200000|2|1621|13|2|1|2|240000|0|0|243873
1200000|2|1621|13|2|0|0|960000|1|8000|938804
1200000|2|1621|13|2|1|2|240000|1|8000|244965
1200000|2|1621|13|2|0|0|960000|2|16002|940053
1200000|2|1621|13|2|1|2|240000|2|16002|247071
1200000|2|1621|13|2|0|0|960000|3|24005|943406
1200000|2|1621|13|2|1|2|240000|3|24005|249177
1200000|2|1621|13|2|0|0|960000|4|32009|948166
1200000|2|1621|13|2|1|2|240000|4|32009|251439
1200000|2|1621|13|3|0|0|960000|0|0|942569
1200000|2|1621|13|3|1|2|240000|0|0|242235
1200000|2|1621|13|3|0|0|960000|1|7998|939741
1200000|2|1621|13|3|1|2|240000|1|7998|242703
1200000|2|1621|13|3|0|0|960000|2|15998|941378
1200000|2|1621|13|3|1|2|240000|2|15998|243522
1200000|2|1621|13|3|0|0|960000|3|23999|945553
1200000|2|1621|13|3|1|2|240000|3|23999|245472
1200000|2|1621|13|3|0|0|960000|4|32003|949998
1200000|2|1621|13|3|1|2|240000|4|32003|248007
1200000|2|1621|13|4|0|0|960000|0|0|942335
1200000|2|1621|13|4|1|2|240000|0|0|246174
1200000|2|1621|13|4|0|0|960000|1|7998|940325
1200000|2|1621|13|4|1|2|240000|1|7998|248007
1200000|2|1621|13|4|0|0|960000|2|15999|942665
1200000|2|1621|13|4|1|2|240000|2|15999|250347
1200000|2|1621|13|4|0|0|960000|3|24002|947150
1200000|2|1621|13|4|1|2|240000|3|24002|252804
1200000|2|1621|13|4|0|0|960000|4|32004|953002
1200000|2|1621|13|4|1|2|240000|4|32004|254520
1200000|2|1621|13|5|0|0|960000|0|0|956569
1200000|2|1621|13|5|1|2|240000|0|0|235605
1200000|2|1621|13|5|0|0|960000|1|7998|957018
1200000|2|1621|13|5|1|2|240000|1|7998|236151
1200000|2|1621|13|5|0|0|960000|2|15998|959944
1200000|2|1621|13|5|1|2|240000|2|15998|237828
1200000|2|1621|13|5|0|0|960000|3|24000|964389
1200000|2|1621|13|5|1|2|240000|3|24000|239856
1200000|2|1621|13|5|0|0|960000|4|32003|969535
1200000|2|1621|13|5|1|2|240000|4|32003|242274
1200000|2|1622|13|1|0|0|960000|0|0|956572
1200000|2|1622|13|1|1|2|240000|0|0|239739
1200000|2|1622|13|1|0|0|960000|1|7998|955653
1200000|2|1622|13|1|1|2|240000|1|7998|241065
1200000|2|1622|13|1|0|0|960000|2|15998|958031
1200000|2|1622|13|1|1|2|240000|2|15998|242274
1200000|2|1622|13|1|0|0|960000|3|23999|962128
1200000|2|1622|13|1|1|2|240000|3|23999|244263
1200000|2|1622|13|1|0|0|960000|4|32002|966730
1200000|2|1622|13|1|1|2|240000|4|32002|246720
1200000|2|1622|13|2|0|0|960000|0|0|955982
1200000|2|1622|13|2|1|2|240000|0|0|239739
1200000|2|1622|13|2|0|0|960000|1|7998|956042
1200000|2|1622|13|2|1|2|240000|1|7998|241650
1200000|2|1622|13|2|0|0|960000|2|15999|958033
1200000|2|1622|13|2|1|2|240000|2|15999|243327
1200000|2|1622|13|2|0|0|960000|3|24001|961697
1200000|2|1622|13|2|1|2|240000|3|24001|246018
1200000|2|1622|13|2|0|0|960000|4|32004|966806
1200000|2|1622|13|2|1|2|240000|4|32004|249294
1200000|2|1622|13|3|0|0|960000|0|0|929545
1200000|2|1622|13|3|1|2|240000|0|0|251166
1200000|2|1622|13|3|0|0|960000|1|8000|919033
1200000|2|1622|13|3|1|2|240000|1|8000|252960
1200000|2|1622|13|3|0|0|960000|2|16002|915444
1200000|2|1622|13|3|1|2|240000|2|16002|255495
1200000|2|1622|13|3|0|0|960000|3|24005|915483
1200000|2|1622|13|3|1|2|240000|3|24005|258342
1200000|2|1622|13|3|0|0|960000|4|32009|917668
1200000|2|1622|13|3|1|2|240000|4|32009|261306
1200000|2|1622|13|4|0|0|960000|0|0|928803
1200000|2|1622|13|4|1|2|240000|0|0|248514
1200000|2|1622|13|4|0|0|960000|1|7998|917783
1200000|2|1622|13|4|1|2|240000|1|7998|250191
1200000|2|1622|13|4|0|0|960000|2|15999|913568
1200000|2|1622|13|4|1|2|240000|2|15999|252570
1200000|2|1622|13|4|0|0|960000|3|24002|914117
1200000|2|1622|13|4|1|2|240000|3|24002|255534
1200000|2|1622|13|4|0|0|960000|4|32006|916613
1200000|2|1622|13|4|1|2|240000|4|32006|258303
1200000|2|1622|13|5|0|0|960000|0|0|955124
1200000|2|1622|13|5|1|2|240000|0|0|243210
1200000|2|1622|13|5|0|0|960000|1|8000|954248
1200000|2|1622|13|5|1|2|240000|1|8000|245121
1200000|2|1622|13|5|0|0|960000|2|16002|956432
1200000|2|1622|13|5|1|2|240000|2|16002|247032
1200000|2|1622|13|5|0|0|960000|3|24005|959903
1200000|2|1622|13|5|1|2|240000|3|24005|249801
1200000|2|1622|13|5|0|0|960000|4|32009|964233
1200000|2|1622|13|5|1|2|240000|4|32009|252882
1200000|2|1623|13|1|0|0|960000|0|0|929855
1200000|2|1623|13|1|1|2|240000|0|0|251088
1200000|2|1623|13|1|0|0|960000|1|7999|918952
1200000|2|1623|13|1|1|2|240000|1|7999|253623
1200000|2|1623|13|1|0|0|960000|2|16000|915716
1200000|2|1623|13|1|1|2|240000|2|16000|257094
1200000|2|1623|13|1|0|0|960000|3|24004|916808
1200000|2|1623|13|1|1|2|240000|3|24004|261072
1200000|2|1623|13|1|0|0|960000|4|32009|918876
1200000|2|1623|13|1|1|2|240000|4|32009|264543
1200000|2|1623|13|2|0|0|960000|0|0|953373
1200000|2|1623|13|2|1|2|240000|0|0|241689
1200000|2|1623|13|2|0|0|960000|1|7998|951793
1200000|2|1623|13|2|1|2|240000|1|7998|242391
1200000|2|1623|13|2|0|0|960000|2|15997|952143
1200000|2|1623|13|2|1|2|240000|2|15997|244107
1200000|2|1623|13|2|0|0|960000|3|23999|954366
1200000|2|1623|13|2|1|2|240000|3|23999|245511
1200000|2|1623|13|2|0|0|960000|4|32001|957095
1200000|2|1623|13|2|1|2|240000|4|32001|247032
1200000|2|1623|13|3|0|0|960000|0|0|939333
1200000|2|1623|13|3|1|2|240000|0|0|239856
1200000|2|1623|13|3|0|0|960000|1|7996|934866
1200000|2|1623|13|3|1|2|240000|1|7996|239856
1200000|2|1623|13|3|0|0|960000|2|15996|933111
1200000|2|1623|13|3|1|2|240000|2|15996|241299
1200000|2|1623|13|3|0|0|960000|3|23998|933307
1200000|2|1623|13|3|1|2|240000|3|23998|242859
1200000|2|1623|13|3|0|0|960000|4|32001|934670
1200000|2|1623|13|3|1|2|240000|4|32001|243678
1200000|2|1623|13|4|0|0|960000|0|0|953841
1200000|2|1623|13|4|1|2|240000|0|0|237126
1200000|2|1623|13|4|0|0|960000|1|7998|952260
1200000|2|1623|13|4|1|2|240000|1|7998|238803
1200000|2|1623|13|4|0|0|960000|2|15999|953080
1200000|2|1623|13|4|1|2|240000|2|15999|241260
1200000|2|1623|13|4|0|0|960000|3|24002|955341
1200000|2|1623|13|4|1|2|240000|3|24002|243873
1200000|2|1623|13|4|0|0|960000|4|32005|958189
1200000|2|1623|13|4|1|2|240000|4|32005|246252
1200000|2|1623|13|5|0|0|960000|0|0|927359
1200000|2|1623|13|5|1|2|240000|0|0|247812
1200000|2|1623|13|5|0|0|960000|1|7999|915714
1200000|2|1623|13|5|1|2|240000|1|7999|249450
1200000|2|1623|13|5|0|0|960000|2|16001|910451
1200000|2|1623|13|5|1|2|240000|2|16001|251127
1200000|2|1623|13|5|0|0|960000|3|24005|907875
1200000|2|1623|13|5|1|2|240000|3|24005|253389
1200000|2|1623|13|5|0|0|960000|4|32009|908424
1200000|2|1623|13|5|1|2|240000|4|32009|256431
1200000|2|1624|13|1|0|0|960000|0|0|927903
1200000|2|1624|13|1|1|2|240000|0|0|251283
1200000|2|1624|13|1|0|0|960000|1|8001|917239
1200000|2|1624|13|1|1|2|240000|1|8001|253428
1200000|2|1624|13|1|0|0|960000|2|16003|913220
1200000|2|1624|13|1|1|2|240000|2|16003|256236
1200000|2|1624|13|1|0|0|960000|3|24007|912402
1200000|2|1624|13|1|1|2|240000|3|24007|258108
1200000|2|1624|13|1|0|0|960000|4|32010|913689
1200000|2|1624|13|1|1|2|240000|4|32010|259902
1200000|2|1624|13|2|0|0|960000|0|0|953724
1200000|2|1624|13|2|1|2|240000|0|0|239700
1200000|2|1624|13|2|0|0|960000|1|7997|952337
1200000|2|1624|13|2|1|2|240000|1|7997|240129
1200000|2|1624|13|2|0|0|960000|2|15998|953625
1200000|2|1624|13|2|1|2|240000|2|15998|241533
1200000|2|1624|13|2|0|0|960000|3|24000|956201
1200000|2|1624|13|2|1|2|240000|3|24000|243834
1200000|2|1624|13|2|0|0|960000|4|32004|959785
1200000|2|1624|13|2|1|2|240000|4|32004|246135
1200000|2|1624|13|3|0|0|960000|0|0|930362
1200000|2|1624|13|3|1|2|240000|0|0|245472
1200000|2|1624|13|3|0|0|960000|1|7999|920358
1200000|2|1624|13|3|1|2|240000|1|7999|246642
1200000|2|1624|13|3|0|0|960000|2|16000|916691
1200000|2|1624|13|3|1|2|240000|2|16000|247227
1200000|2|1624|13|3|0|0|960000|3|24001|916067
1200000|2|1624|13|3|1|2|240000|3|24001|248358
1200000|2|1624|13|3|0|0|960000|4|32003|917588
1200000|2|1624|13|3|1|2|240000|4|32003|250269
1200000|2|1624|13|4|0|0|960000|0|0|954426
1200000|2|1624|13|4|1|2|240000|0|0|234084
1200000|2|1624|13|4|0|0|960000|1|7997|953041
1200000|2|1624|13|4|1|2|240000|1|7997|234045
1200000|2|1624|13|4|0|0|960000|2|15997|954872
1200000|2|1624|13|4|1|2|240000|2|15997|235644
1200000|2|1624|13|4|0|0|960000|3|23999|957370
1200000|2|1624|13|4|1|2|240000|3|23999|237360
1200000|2|1624|13|4|0|0|960000|4|32002|960490
1200000|2|1624|13|4|1|2|240000|4|32002|239193
1200000|2|1624|13|5|0|0|960000|0|0|928023
1200000|2|1624|13|5|1|2|240000|0|0|240948
1200000|2|1624|13|5|0|0|960000|1|7998|916732
1200000|2|1624|13|5|1|2|240000|1|7998|240987
1200000|2|1624|13|5|0|0|960000|2|15998|911817
1200000|2|1624|13|5|1|2|240000|2|15998|241767
1200000|2|1624|13|5|0|0|960000|3|23999|910218
1200000|2|1624|13|5|1|2|240000|3|23999|243600
1200000|2|1624|13|5|0|0|960000|4|32002|911192
1200000|2|1624|13|5|1|2|240000|4|32002|245433
1200000|2|1625|13|1|0|0|960000|0|0|941555
1200000|2|1625|13|1|1|2|240000|0|0|242391
1200000|2|1625|13|1|0|0|960000|1|7998|936890
1200000|2|1625|13|1|1|2|240000|1|7998|243795
1200000|2|1625|13|1|0|0|960000|2|15998|935996
1200000|2|1625|13|1|1|2|240000|2|15998|245121
1200000|2|1625|13|1|0|0|960000|3|23999|937363
1200000|2|1625|13|1|1|2|240000|3|23999|246876
1200000|2|1625|13|1|0|0|960000|4|32001|940013
1200000|2|1625|13|1|1|2|240000|4|32001|248514
1200000|2|1625|13|2|0|0|960000|0|0|952437
1200000|2|1625|13|2|1|2|240000|0|0|234123
1200000|2|1625|13|2|0|0|960000|1|7998|950310
1200000|2|1625|13|2|1|2|240000|1|7998|234045
1200000|2|1625|13|2|0|0|960000|2|15997|950697
1200000|2|1625|13|2|1|2|240000|2|15997|234981
1200000|2|1625|13|2|0|0|960000|3|23999|952530
1200000|2|1625|13|2|1|2|240000|3|23999|236307
1200000|2|1625|13|2|0|0|960000|4|32002|954830
1200000|2|1625|13|2|1|2|240000|4|32002|237672
1200000|2|1625|13|3|0|0|960000|0|0|939721
1200000|2|1625|13|3|1|2|240000|0|0|237048
1200000|2|1625|13|3|0|0|960000|1|7997|934162
1200000|2|1625|13|3|1|2|240000|1|7997|236892
1200000|2|1625|13|3|0|0|960000|2|15996|933303
1200000|2|1625|13|3|1|2|240000|2|15996|237477
1200000|2|1625|13|3|0|0|960000|3|23998|934787
1200000|2|1625|13|3|1|2|240000|3|23998|238140
1200000|2|1625|13|3|0|0|960000|4|32000|937245
1200000|2|1625|13|3|1|2|240000|4|32000|238920
1200000|2|1625|13|4|0|0|960000|0|0|953644
1200000|2|1625|13|4|1|2|240000|0|0|229326
1200000|2|1625|13|4|0|0|960000|1|7996|951519
1200000|2|1625|13|4|1|2|240000|1|7996|228468
1200000|2|1625|13|4|0|0|960000|2|15994|952377
1200000|2|1625|13|4|1|2|240000|2|15994|228468
1200000|2|1625|13|4|0|0|960000|3|23995|954094
1200000|2|1625|13|4|1|2|240000|3|23995|229677
1200000|2|1625|13|4|0|0|960000|4|31997|956238
1200000|2|1625|13|4|1|2|240000|4|31997|230847
1200000|2|1625|13|5|0|0|960000|0|0|952241
1200000|2|1625|13|5|1|2|240000|0|0|233772
1200000|2|1625|13|5|0|0|960000|1|7996|948945
1200000|2|1625|13|5|1|2|240000|1|7996|234396
1200000|2|1625|13|5|0|0|960000|2|15996|948709
1200000|2|1625|13|5|1|2|240000|2|15996|235800
1200000|2|1625|13|5|0|0|960000|3|23998|950272
1200000|2|1625|13|5|1|2|240000|3|23998|236424
1200000|2|1625|13|5|0|0|960000|4|32000|953079
1200000|2|1625|13|5|1|2|240000|4|32000|237867
1200000|2|1626|13|1|0|0|960000|0|0|952788
1200000|2|1626|13|1|1|2|240000|0|0|236073
1200000|2|1626|13|1|0|0|960000|1|7998|950738
1200000|2|1626|13|1|1|2|240000|1|7998|237477
1200000|2|1626|13|1|0|0|960000|2|15998|951091
1200000|2|1626|13|1|1|2|240000|2|15998|239154
1200000|2|1626|13|1|0|0|960000|3|24000|953546
1200000|2|1626|13|1|1|2|240000|3|24000|240675
1200000|2|1626|13|1|0|0|960000|4|32003|956707
1200000|2|1626|13|1|1|2|240000|4|32003|242235
1200000|2|1626|13|2|0|0|960000|0|0|928920
1200000|2|1626|13|2|1|2|240000|0|0|241611
1200000|2|1626|13|2|0|0|960000|1|7998|917394
1200000|2|1626|13|2|1|2|240000|1|7998|241845
1200000|2|1626|13|2|0|0|960000|2|15998|911970
1200000|2|1626|13|2|1|2|240000|2|15998|243444
1200000|2|1626|13|2|0|0|960000|3|24000|909867
1200000|2|1626|13|2|1|2|240000|3|24000|245735
1200000|2|1626|13|2|0|0|960000|4|32004|910062
1200000|2|1626|13|2|1|2|240000|4|32004|248390
1200000|2|1626|13|3|0|0|960000|0|0|928960
1200000|2|1626|13|3|1|2|240000|0|0|243981
1200000|2|1626|13|3|0|0|960000|1|7999|918524
1200000|2|1626|13|3|1|2|240000|1|7999|245306
1200000|2|1626|13|3|0|0|960000|2|16001|914156
1200000|2|1626|13|3|1|2|240000|2|16001|247218
1200000|2|1626|13|3|0|0|960000|3|24004|912752
1200000|2|1626|13|3|1|2|240000|3|24004|248113
1200000|2|1626|13|3|0|0|960000|4|32006|913533
1200000|2|1626|13|3|1|2|240000|4|32006|249752
1200000|2|1626|13|4|0|0|960000|0|0|952554
1200000|2|1626|13|4|1|2|240000|0|0|236103
1200000|2|1626|13|4|0|0|960000|1|7998|950465
1200000|2|1626|13|4|1|2|240000|1|7998|237118
1200000|2|1626|13|4|0|0|960000|2|16000|951165
1200000|2|1626|13|4|1|2|240000|2|16000|238600
1200000|2|1626|13|4|0|0|960000|3|24004|953819
1200000|2|1626|13|4|1|2|240000|3|24004|240705
1200000|2|1626|13|4|0|0|960000|4|32008|956472
1200000|2|1626|13|4|1|2|240000|4|32008|243122
1200000|2|1626|13|5|0|0|960000|0|0|952865
1200000|2|1626|13|5|1|2|240000|0|0|245542
1200000|2|1626|13|5|0|0|960000|1|8001|950271
1200000|2|1626|13|5|1|2|240000|1|8001|248349
1200000|2|1626|13|5|0|0|960000|2|16004|950974
1200000|2|1626|13|5|1|2|240000|2|16004|251274
1200000|2|1626|13|5|0|0|960000|3|24009|953119
1200000|2|1626|13|5|1|2|240000|3|24009|253653
1200000|2|1626|13|5|0|0|960000|4|32013|956082
1200000|2|1626|13|5|1|2|240000|4|32013|256808
1200000|2|1627|13|1|0|0|960000|0|0|942531
1200000|2|1627|13|1|1|2|240000|0|0|244407
1200000|2|1627|13|1|0|0|960000|1|7998|939039
1200000|2|1627|13|1|1|2|240000|1|7998|246436
1200000|2|1627|13|1|0|0|960000|2|16000|938378
1200000|2|1627|13|1|1|2|240000|2|16000|248817
1200000|2|1627|13|1|0|0|960000|3|24003|940050
1200000|2|1627|13|1|1|2|240000|3|24003|251860
1200000|2|1627|13|1|0|0|960000|4|32008|942937
1200000|2|1627|13|1|1|2|240000|4|32008|254512
1200000|2|1627|13|2|0|0|960000|0|0|953993
1200000|2|1627|13|2|1|2|240000|0|0|242265
1200000|2|1627|13|2|0|0|960000|1|8000|952026
1200000|2|1627|13|2|1|2|240000|1|8000|244409
1200000|2|1627|13|2|0|0|960000|2|16003|952844
1200000|2|1627|13|2|1|2|240000|2|16003|247100
1200000|2|1627|13|2|0|0|960000|3|24006|954951
1200000|2|1627|13|2|1|2|240000|3|24006|249791
1200000|2|1627|13|2|0|0|960000|4|32010|957837
1200000|2|1627|13|2|1|2|240000|4|32010|253614
1200000|2|1627|13|3|0|0|960000|0|0|929504
1200000|2|1627|13|3|1|2|240000|0|0|248345
1200000|2|1627|13|3|0|0|960000|1|7998|918328
1200000|2|1627|13|3|1|2|240000|1|7998|250025
1200000|2|1627|13|3|0|0|960000|2|16000|914077
1200000|2|1627|13|3|1|2|240000|2|16000|252405
1200000|2|1627|13|3|0|0|960000|3|24003|914666
1200000|2|1627|13|3|1|2|240000|3|24003|255249
1200000|2|1627|13|3|0|0|960000|4|32007|916067
1200000|2|1627|13|3|1|2|240000|4|32007|258683
1200000|2|1627|13|4|0|0|960000|0|0|953997
1200000|2|1627|13|4|1|2|240000|0|0|244526
1200000|2|1627|13|4|0|0|960000|1|8000|952805
1200000|2|1627|13|4|1|2|240000|1|8000|245579
1200000|2|1627|13|4|0|0|960000|2|16001|953118
1200000|2|1627|13|4|1|2|240000|2|16001|247295
1200000|2|1627|13|4|0|0|960000|3|24003|955145
1200000|2|1627|13|4|1|2|240000|3|24003|250415
1200000|2|1627|13|4|0|0|960000|4|32008|957872
1200000|2|1627|13|4|1|2|240000|4|32008|253965
1200000|2|1627|13|5|0|0|960000|0|0|951930
1200000|2|1627|13|5|1|2|240000|0|0|241095
1200000|2|1627|13|5|0|0|960000|1|7998|948905
1200000|2|1627|13|5|1|2|240000|1|7998|242457
1200000|2|1627|13|5|0|0|960000|2|15998|949334
1200000|2|1627|13|5|1|2|240000|2|15998|244719
1200000|2|1627|13|5|0|0|960000|3|24001|951478
1200000|2|1627|13|5|1|2|240000|3|24001|247959
1200000|2|1627|13|5|0|0|960000|4|32005|954016
1200000|2|1627|13|5|1|2|240000|4|32005|251235
1200000|2|1628|13|1|0|0|960000|0|0|951890
1200000|2|1628|13|1|1|2|240000|0|0|241991
1200000|2|1628|13|1|0|0|960000|1|8000|947776
1200000|2|1628|13|1|1|2|240000|1|8000|244526
1200000|2|1628|13|1|0|0|960000|2|16002|947581
1200000|2|1628|13|1|1|2|240000|2|16002|248583
1200000|2|1628|13|1|0|0|960000|3|24006|948943
1200000|2|1628|13|1|1|2|240000|3|24006|252014
1200000|2|1628|13|1|0|0|960000|4|32010|950466
1200000|2|1628|13|1|1|2|240000|4|32010|256306
1200000|2|1628|13|2|0|0|960000|0|0|949823
1200000|2|1628|13|2|1|2|240000|0|0|242422
1200000|2|1628|13|2|0|0|960000|1|7999|945864
1200000|2|1628|13|2|1|2|240000|1|7999|245149
1200000|2|1628|13|2|0|0|960000|2|16000|944653
1200000|2|1628|13|2|1|2|240000|2|16000|248154
1200000|2|1628|13|2|0|0|960000|3|24003|945473
1200000|2|1628|13|2|1|2|240000|3|24003|251273
1200000|2|1628|13|2|0|0|960000|4|32007|947461
1200000|2|1628|13|2|1|2|240000|4|32007|255214
1200000|2|1628|13|3|0|0|960000|0|0|941361
1200000|2|1628|13|3|1|2|240000|0|0|252247
1200000|2|1628|13|3|0|0|960000|1|7998|934282
1200000|2|1628|13|3|1|2|240000|1|7998|254666
1200000|2|1628|13|3|0|0|960000|2|15999|931592
1200000|2|1628|13|3|1|2|240000|2|15999|257357
1200000|2|1628|13|3|0|0|960000|3|24001|931238
1200000|2|1628|13|3|1|2|240000|3|24001|260479
1200000|2|1628|13|3|0|0|960000|4|32004|931784
1200000|2|1628|13|3|1|2|240000|4|32004|264612
1200000|2|1628|13|4|0|0|960000|0|0|927981
1200000|2|1628|13|4|1|2|240000|0|0|254715
1200000|2|1628|13|4|0|0|960000|1|7997|915951
1200000|2|1628|13|4|1|2|240000|1|7997|257874
1200000|2|1628|13|4|0|0|960000|2|15999|910062
1200000|2|1628|13|4|1|2|240000|2|15999|262359
1200000|2|1628|13|4|0|0|960000|3|24003|908540
1200000|2|1628|13|4|1|2|240000|3|24003|267195
1200000|2|1628|13|4|0|0|960000|4|32008|910024
1200000|2|1628|13|4|1|2|240000|4|32008|272217
1200000|2|1628|13|5|0|0|960000|0|0|951851
1200000|2|1628|13|5|1|2|240000|0|0|244419
1200000|2|1628|13|5|0|0|960000|1|7999|948122
1200000|2|1628|13|5|1|2|240000|1|7999|246915
1200000|2|1628|13|5|0|0|960000|2|16000|947072
1200000|2|1628|13|5|1|2|240000|2|16000|250113
1200000|2|1628|13|5|0|0|960000|3|24003|947852
1200000|2|1628|13|5|1|2|240000|3|24003|252921
1200000|2|1628|13|5|0|0|960000|4|32007|949920
1200000|2|1628|13|5|1|2|240000|4|32007|256119
1200000|2|1629|13|1|0|0|960000|0|0|942219
1200000|2|1629|13|1|1|2|240000|0|0|245940
1200000|2|1629|13|1|0|0|960000|1|7998|936231
1200000|2|1629|13|1|1|2|240000|1|7998|248475
1200000|2|1629|13|1|0|0|960000|2|15999|933849
1200000|2|1629|13|1|1|2|240000|2|15999|251283
1200000|2|1629|13|1|0|0|960000|3|24002|934203
1200000|2|1629|13|1|1|2|240000|3|24002|254832
1200000|2|1629|13|1|0|0|960000|4|32005|934867
1200000|2|1629|13|1|1|2|240000|4|32005|257835
1200000|2|1629|13|2|0|0|960000|0|0|951189
1200000|2|1629|13|2|1|2|240000|0|0|244812
1200000|2|1629|13|2|0|0|960000|1|8000|947073
1200000|2|1629|13|2|1|2|240000|1|8000|247578
1200000|2|1629|13|2|0|0|960000|2|16001|945746
1200000|2|1629|13|2|1|2|240000|2|16001|250620
1200000|2|1629|13|2|0|0|960000|3|24005|945394
1200000|2|1629|13|2|1|2|240000|3|24005|253818
1200000|2|1629|13|2|0|0|960000|4|32009|945903
1200000|2|1629|13|2|1|2|240000|4|32009|257523
1200000|2|1629|13|3|0|0|960000|0|0|947873
1200000|2|1629|13|3|1|2|240000|0|0|244965
1200000|2|1629|13|3|0|0|960000|1|7998|942939
1200000|2|1629|13|3|1|2|240000|1|7998|246954
1200000|2|1629|13|3|0|0|960000|2|15998|940833
1200000|2|1629|13|3|1|2|240000|2|15998|249684
1200000|2|1629|13|3|0|0|960000|3|24000|940094
1200000|2|1629|13|3|1|2|240000|3|24000|253467
1200000|2|1629|13|3|0|0|960000|4|32003|941454
1200000|2|1629|13|3|1|2|240000|4|32003|257055
1200000|2|1629|13|4|0|0|960000|0|0|928062
1200000|2|1629|13|4|1|2|240000|0|0|260370
1200000|2|1629|13|4|0|0|960000|1|8000|917238
1200000|2|1629|13|4|1|2|240000|1|8000|263529
1200000|2|1629|13|4|0|0|960000|2|16002|912636
1200000|2|1629|13|4|1|2|240000|2|16002|267039
1200000|2|1629|13|4|0|0|960000|3|24005|910998
1200000|2|1629|13|4|1|2|240000|3|24005|270510
1200000|2|1629|13|4|0|0|960000|4|32008|910919
1200000|2|1629|13|4|1|2|240000|4|32008|274176
1200000|2|1629|13|5|0|0|960000|0|0|951695
1200000|2|1629|13|5|1|2|240000|0|0|248241
1200000|2|1629|13|5|0|0|960000|1|7998|949103
1200000|2|1629|13|5|1|2|240000|1|7998|251010
1200000|2|1629|13|5|0|0|960000|2|16000|949764
1200000|2|1629|13|5|1|2|240000|2|16000|254715
1200000|2|1629|13|5|0|0|960000|3|24003|951869
1200000|2|1629|13|5|1|2|240000|3|24003|259083
1200000|2|1629|13|5|0|0|960000|4|32008|953158
1200000|2|1629|13|5|1|2|240000|4|32008|263139
1200000|2|1630|13|1|0|0|960000|0|0|952124
1200000|2|1630|13|1|1|2|240000|0|0|255417
1200000|2|1630|13|1|0|0|960000|1|8000|949764
1200000|2|1630|13|1|1|2|240000|1|8000|258810
1200000|2|1630|13|1|0|0|960000|2|16002|949021
1200000|2|1630|13|1|1|2|240000|2|16002|262203
1200000|2|1630|13|1|0|0|960000|3|24005|949414
1200000|2|1630|13|1|1|2|240000|3|24005|265947
1200000|2|1630|13|1|0|0|960000|4|32010|951127
1200000|2|1630|13|1|1|2|240000|4|32010|269769
1200000|2|1630|13|2|0|0|960000|0|0|929231
1200000|2|1630|13|2|1|2|240000|0|0|257484
1200000|2|1630|13|2|0|0|960000|1|7999|918214
1200000|2|1630|13|2|1|2|240000|1|7999|260253
1200000|2|1630|13|2|0|0|960000|2|16001|913300
1200000|2|1630|13|2|1|2|240000|2|16001|263490
1200000|2|1630|13|2|0|0|960000|3|24004|911386
1200000|2|1630|13|2|1|2|240000|3|24004|266844
1200000|2|1630|13|2|0|0|960000|4|32008|912752
1200000|2|1630|13|2|1|2|240000|4|32008|270900
1200000|2|1630|13|3|0|0|960000|0|0|952433
1200000|2|1630|13|3|1|2|240000|0|0|251205
1200000|2|1630|13|3|0|0|960000|1|8000|950306
1200000|2|1630|13|3|1|2|240000|1|8000|253974
1200000|2|1630|13|3|0|0|960000|2|16001|951128
1200000|2|1630|13|3|1|2|240000|2|16001|257094
1200000|2|1630|13|3|0|0|960000|3|24003|952885
1200000|2|1630|13|3|1|2|240000|3|24003|259356
1200000|2|1630|13|3|0|0|960000|4|32005|955380
1200000|2|1630|13|3|1|2|240000|4|32005|262320
1200000|2|1630|13|4|0|0|960000|0|0|942413
1200000|2|1630|13|4|1|2|240000|0|0|247266
1200000|2|1630|13|4|0|0|960000|1|7998|938026
1200000|2|1630|13|4|1|2|240000|1|7998|249255
1200000|2|1630|13|4|0|0|960000|2|15999|937987
1200000|2|1630|13|4|1|2|240000|2|15999|251439
1200000|2|1630|13|4|0|0|960000|3|24001|938957
1200000|2|1630|13|4|1|2|240000|3|24001|254559
1200000|2|1630|13|4|0|0|960000|4|32005|940716
1200000|2|1630|13|4|1|2|240000|4|32005|257991
1200000|2|1630|13|5|0|0|960000|0|0|952827
1200000|2|1630|13|5|1|2|240000|0|0|241107
1200000|2|1630|13|5|0|0|960000|1|7998|950426
1200000|2|1630|13|5|1|2|240000|1|7998|243015
1200000|2|1630|13|5|0|0|960000|2|15999|951052
1200000|2|1630|13|5|1|2|240000|2|15999|244731
1200000|2|1630|13|5|0|0|960000|3|24000|953075
1200000|2|1630|13|5|1|2|240000|3|24000|247071
1200000|2|1630|13|5|0|0|960000|4|32003|955614
1200000|2|1630|13|5|1|2|240000|4|32003|250074
1200000|2|1631|13|1|0|0|960000|0|0|953373
1200000|2|1631|13|1|1|2|240000|0|0|241767
1200000|2|1631|13|1|0|0|960000|1|7998|950934
1200000|2|1631|13|1|1|2|240000|1|7998|244380
1200000|2|1631|13|1|0|0|960000|2|15999|952102
1200000|2|1631|13|1|1|2|240000|2|15999|246681
1200000|2|1631|13|1|0|0|960000|3|24001|954445
1200000|2|1631|13|1|1|2|240000|3|24001|249255
1200000|2|1631|13|1|0|0|960000|4|32003|957524
1200000|2|1631|13|1|1|2|240000|4|32003|252219
1200000|2|1631|13|2|0|0|960000|0|0|951305
1200000|2|1631|13|2|1|2|240000|0|0|243327
1200000|2|1631|13|2|0|0|960000|1|7998|948514
1200000|2|1631|13|2|1|2|240000|1|7998|245745
1200000|2|1631|13|2|0|0|960000|2|16000|948789
1200000|2|1631|13|2|1|2|240000|2|16000|248280
1200000|2|1631|13|2|0|0|960000|3|24003|950267
1200000|2|1631|13|2|1|2|240000|3|24003|251322
1200000|2|1631|13|2|0|0|960000|4|32007|952725
1200000|2|1631|13|2|1|2|240000|4|32007|254793
1200000|2|1631|13|3|0|0|960000|0|1|953608
1200000|2|1631|13|3|1|2|240000|0|1|244263
1200000|2|1631|13|3|0|0|960000|1|7998|951440
1200000|2|1631|13|3|1|2|240000|1|7998|247032
1200000|2|1631|13|3|0|0|960000|2|16000|952143
1200000|2|1631|13|3|1|2|240000|2|16000|250464
1200000|2|1631|13|3|0|0|960000|3|24004|953974
1200000|2|1631|13|3|1|2|240000|3|24004|254169
1200000|2|1631|13|3|0|0|960000|4|32009|956549
1200000|2|1631|13|3|1|2|240000|4|32009|258420
1200000|2|1631|13|4|0|0|960000|0|0|944090
1200000|2|1631|13|4|1|2|240000|0|0|254637
1200000|2|1631|13|4|0|0|960000|1|7998|939545
1200000|2|1631|13|4|1|2|240000|1|7998|258420
1200000|2|1631|13|4|0|0|960000|2|16001|938650
1200000|2|1631|13|4|1|2|240000|2|16001|261657
1200000|2|1631|13|4|0|0|960000|3|24005|939586
1200000|2|1631|13|4|1|2|240000|3|24005|264036
1200000|2|1631|13|4|0|0|960000|4|32008|941964
1200000|2|1631|13|4|1|2|240000|4|32008|267585
1200000|2|1631|13|5|0|0|960000|0|0|930713
1200000|2|1631|13|5|1|2|240000|0|0|255885
1200000|2|1631|13|5|0|0|960000|1|7999|920475
1200000|2|1631|13|5|1|2|240000|1|7999|257952
1200000|2|1631|13|5|0|0|960000|2|16000|916068
1200000|2|1631|13|5|1|2|240000|2|16000|261072
1200000|2|1631|13|5|0|0|960000|3|24003|916187
1200000|2|1631|13|5|1|2|240000|3|24003|265089
1200000|2|1631|13|5|0|0|960000|4|32007|918602
1200000|2|1631|13|5|1|2|240000|4|32007|269262
1200000|2|1632|13|1|0|0|960000|0|0|931609
1200000|2|1632|13|1|1|2|240000|0|0|254598
1200000|2|1632|13|1|0|0|960000|1|8000|921529
1200000|2|1632|13|1|1|2|240000|1|8000|257640
1200000|2|1632|13|1|0|0|960000|2|16003|917941
1200000|2|1632|13|1|1|2|240000|2|16003|260136
1200000|2|1632|13|1|0|0|960000|3|24005|917822
1200000|2|1632|13|1|1|2|240000|3|24005|263841
1200000|2|1632|13|1|0|0|960000|4|32009|920203
1200000|2|1632|13|1|1|2|240000|4|32009|267273
1200000|2|1632|13|2|0|0|960000|0|0|955635
1200000|2|1632|13|2|1|2|240000|0|0|243015
1200000|2|1632|13|2|0|0|960000|1|7997|955145
1200000|2|1632|13|2|1|2|240000|1|7997|244653
1200000|2|1632|13|2|0|0|960000|2|15997|957330
1200000|2|1632|13|2|1|2|240000|2|15997|246993
1200000|2|1632|13|2|0|0|960000|3|23999|960332
1200000|2|1632|13|2|1|2|240000|3|23999|250191
1200000|2|1632|13|2|0|0|960000|4|32003|964427
1200000|2|1632|13|2|1|2|240000|4|32003|253779
1200000|2|1632|13|3|0|0|960000|0|0|945417
1200000|2|1632|13|3|1|2|240000|0|0|244188
1200000|2|1632|13|3|0|0|960000|1|7997|941809
1200000|2|1632|13|3|1|2|240000|1|7997|246369
1200000|2|1632|13|3|0|0|960000|2|15998|941652
1200000|2|1632|13|3|1|2|240000|2|15998|247929
1200000|2|1632|13|3|0|0|960000|3|23999|943757
1200000|2|1632|13|3|1|2|240000|3|23999|249567
1200000|2|1632|13|3|0|0|960000|4|32002|947384
1200000|2|1632|13|3|1|2|240000|4|32002|251985
1200000|2|1632|13|4|0|0|960000|0|0|931532
1200000|2|1632|13|4|1|2|240000|0|0|247110
1200000|2|1632|13|4|0|0|960000|1|7997|921995
1200000|2|1632|13|4|1|2|240000|1|7997|249177
1200000|2|1632|13|4|0|0|960000|2|15998|918989
1200000|2|1632|13|4|1|2|240000|2|15998|251439
1200000|2|1632|13|4|0|0|960000|3|24000|919150
1200000|2|1632|13|4|1|2|240000|3|24000|253935
1200000|2|1632|13|4|0|0|960000|4|32003|921450
1200000|2|1632|13|4|1|2|240000|4|32003|256470
1200000|2|1632|13|5|0|0|960000|0|0|954348
1200000|2|1632|13|5|1|2|240000|0|0|232212
1200000|2|1632|13|5|0|0|960000|1|7998|952845
1200000|2|1632|13|5|1|2|240000|1|7998|235137
1200000|2|1632|13|5|0|0|960000|2|16000|953624
1200000|2|1632|13|5|1|2|240000|2|16000|237672
1200000|2|1632|13|5|0|0|960000|3|24003|956081
1200000|2|1632|13|5|1|2|240000|3|24003|240480
1200000|2|1632|13|5|0|0|960000|4|32007|959164
1200000|2|1632|13|5|1|2|240000|4|32007|244107
1200000|2|1633|13|1|0|0|960000|0|0|955557
1200000|2|1633|13|1|1|2|240000|0|0|229638
1200000|2|1633|13|1|0|0|960000|1|7997|955300
1200000|2|1633|13|1|1|2|240000|1|7997|230496
1200000|2|1633|13|1|0|0|960000|2|15997|956976
1200000|2|1633|13|1|1|2|240000|2|15997|232953
1200000|2|1633|13|1|0|0|960000|3|24000|959982
1200000|2|1633|13|1|1|2|240000|3|24000|236229
1200000|2|1633|13|1|0|0|960000|4|32003|963723
1200000|2|1633|13|1|1|2|240000|4|32003|239466
1200000|2|1633|13|2|0|0|960000|0|0|953606
1200000|2|1633|13|2|1|2|240000|0|0|237945
1200000|2|1633|13|2|0|0|960000|1|7999|951948
1200000|2|1633|13|2|1|2|240000|1|7999|240363
1200000|2|1633|13|2|0|0|960000|2|16002|953235
1200000|2|1633|13|2|1|2|240000|2|16002|242976
1200000|2|1633|13|2|0|0|960000|3|24005|955728
1200000|2|1633|13|2|1|2|240000|3|24005|246759
1200000|2|1633|13|2|0|0|960000|4|32010|959243
1200000|2|1633|13|2|1|2|240000|4|32010|250191
1200000|2|1633|13|3|0|0|960000|0|0|930206
1200000|2|1633|13|3|1|2|240000|0|0|256158
1200000|2|1633|13|3|0|0|960000|1|7999|919852
1200000|2|1633|13|3|1|2|240000|1|7999|258771
1200000|2|1633|13|3|0|0|960000|2|16001|915836
1200000|2|1633|13|3|1|2|240000|2|16001|262164
1200000|2|1633|13|3|0|0|960000|3|24004|916185
1200000|2|1633|13|3|1|2|240000|3|24004|265908
1200000|2|1633|13|3|0|0|960000|4|32009|918643
1200000|2|1633|13|3|1|2|240000|4|32009|270198
1200000|2|1633|13|4|0|0|960000|0|0|956180
1200000|2|1633|13|4|1|2|240000|0|0|229482
1200000|2|1633|13|4|0|0|960000|1|8001|955808
1200000|2|1633|13|4|1|2|240000|1|8001|232446
1200000|2|1633|13|4|0|0|960000|2|16004|957721
1200000|2|1633|13|4|1|2|240000|2|16004|235644
1200000|2|1633|13|4|0|0|960000|3|24008|961308
1200000|2|1633|13|4|1|2|240000|3|24008|239700
1200000|2|1633|13|4|0|0|960000|4|32013|965716
1200000|2|1633|13|4|1|2|240000|4|32013|243834
1200000|2|1633|13|5|0|0|960000|0|0|943350
1200000|2|1633|13|5|1|2|240000|0|0|252297
1200000|2|1633|13|5|0|0|960000|1|7999|939468
1200000|2|1633|13|5|1|2|240000|1|7999|254637
1200000|2|1633|13|5|0|0|960000|2|16000|939038
1200000|2|1633|13|5|1|2|240000|2|16000|257562
1200000|2|1633|13|5|0|0|960000|3|24004|941298
1200000|2|1633|13|5|1|2|240000|3|24004|261423
1200000|2|1633|13|5|0|0|960000|4|32008|944769
1200000|2|1633|13|5|1|2|240000|4|32008|265557
1200000|2|1634|13|1|0|0|960000|0|0|930011
1200000|2|1634|13|1|1|2|240000|0|0|260877
1200000|2|1634|13|1|0|0|960000|1|8000|919927
1200000|2|1634|13|1|1|2|240000|1|8000|263139
1200000|2|1634|13|1|0|0|960000|2|16002|915989
1200000|2|1634|13|1|1|2|240000|2|16002|266259
1200000|2|1634|13|1|0|0|960000|3|24005|915208
1200000|2|1634|13|1|1|2|240000|3|24005|269574
1200000|2|1634|13|1|0|0|960000|4|32010|916731
1200000|2|1634|13|1|1|2|240000|4|32010|273669
1200000|2|1634|13|2|0|0|960000|0|0|952944
1200000|2|1634|13|2|1|2|240000|0|0|232758
1200000|2|1634|13|2|0|0|960000|1|7998|950700
1200000|2|1634|13|2|1|2|240000|1|7998|234318
1200000|2|1634|13|2|0|0|960000|2|15999|951206
1200000|2|1634|13|2|1|2|240000|2|15999|236853
1200000|2|1634|13|2|0|0|960000|3|24002|953235
1200000|2|1634|13|2|1|2|240000|3|24002|239778
1200000|2|1634|13|2|0|0|960000|4|32005|955067
1200000|2|1634|13|2|1|2|240000|4|32005|242352
1200000|2|1634|13|3|0|0|960000|0|0|928843
1200000|2|1634|13|3|1|2|240000|0|0|254403
1200000|2|1634|13|3|0|0|960000|1|7999|917706
1200000|2|1634|13|3|1|2|240000|1|7999|256119
1200000|2|1634|13|3|0|0|960000|2|16000|912481
1200000|2|1634|13|3|1|2|240000|2|16000|258186
1200000|2|1634|13|3|0|0|960000|3|24003|909946
1200000|2|1634|13|3|1|2|240000|3|24003|260760
1200000|2|1634|13|3|0|0|960000|4|32007|909905
1200000|2|1634|13|3|1|2|240000|4|32007|264036
1200000|2|1634|13|4|0|0|960000|0|0|948771
1200000|2|1634|13|4|1|2|240000|0|0|229872
1200000|2|1634|13|4|0|0|960000|1|7996|944149
1200000|2|1634|13|4|1|2|240000|1|7996|231510
1200000|2|1634|13|4|0|0|960000|2|15997|942627
1200000|2|1634|13|4|1|2|240000|2|15997|233967
1200000|2|1634|13|4|0|0|960000|3|23999|942238
1200000|2|1634|13|4|1|2|240000|3|23999|236112
1200000|2|1634|13|4|0|0|960000|4|32001|942821
1200000|2|1634|13|4|1|2|240000|4|32001|239076
1200000|2|1634|13|5|0|0|960000|0|0|950448
1200000|2|1634|13|5|1|2|240000|0|0|237048
1200000|2|1634|13|5|0|0|960000|1|7998|944888
1200000|2|1634|13|5|1|2|240000|1|7998|238920
1200000|2|1634|13|5|0|0|960000|2|15999|942471
1200000|2|1634|13|5|1|2|240000|2|15999|241143
1200000|2|1634|13|5|0|0|960000|3|24001|941690
1200000|2|1634|13|5|1|2|240000|3|24001|243444
1200000|2|1634|13|5|0|0|960000|4|32004|941692
1200000|2|1634|13|5|1|2|240000|4|32004|246525
1200000|2|1635|13|1|0|0|960000|0|0|947408
1200000|2|1635|13|1|1|2|240000|0|0|232914
1200000|2|1635|13|1|0|0|960000|1|7997|942393
1200000|2|1635|13|1|1|2|240000|1|7997|233577
1200000|2|1635|13|1|0|0|960000|2|15997|939937
1200000|2|1635|13|1|1|2|240000|2|15997|234942
1200000|2|1635|13|1|0|0|960000|3|23998|939585
1200000|2|1635|13|1|1|2|240000|3|23998|237165
1200000|2|1635|13|1|0|0|960000|4|32000|939273
1200000|2|1635|13|1|1|2|240000|4|32000|240168
1200000|2|1635|13|2|0|0|960000|0|1|939608
1200000|2|1635|13|2|1|2|240000|0|1|243405
1200000|2|1635|13|2|0|0|960000|1|7999|933150
1200000|2|1635|13|2|1|2|240000|1|7999|244302
1200000|2|1635|13|2|0|0|960000|2|15999|931005
1200000|2|1635|13|2|1|2|240000|2|15999|246603
1200000|2|1635|13|2|0|0|960000|3|24001|930377
1200000|2|1635|13|2|1|2|240000|3|24001|248670
1200000|2|1635|13|2|0|0|960000|4|32003|930573
1200000|2|1635|13|2|1|2|240000|4|32003|251049
1200000|2|1635|13|3|0|0|960000|0|0|949785
1200000|2|1635|13|3|1|2|240000|0|0|228429
1200000|2|1635|13|3|0|0|960000|1|7997|946097
1200000|2|1635|13|3|1|2|240000|1|7997|228624
1200000|2|1635|13|3|0|0|960000|2|15997|945045
1200000|2|1635|13|3|1|2|240000|2|15997|230028
1200000|2|1635|13|3|0|0|960000|3|23999|945239
1200000|2|1635|13|3|1|2|240000|3|23999|232524
1200000|2|1635|13|3|0|0|960000|4|32003|946332
1200000|2|1635|13|3|1|2|240000|4|32003|235878
1200000|2|1635|13|4|0|0|960000|0|0|953177
1200000|2|1635|13|4|1|2|240000|0|0|239622
1200000|2|1635|13|4|0|0|960000|1|7997|950894
1200000|2|1635|13|4|1|2|240000|1|7997|240636
1200000|2|1635|13|4|0|0|960000|2|15997|950815
1200000|2|1635|13|4|1|2|240000|2|15997|242820
1200000|2|1635|13|4|0|0|960000|3|24000|951558
1200000|2|1635|13|4|1|2|240000|3|24000|244731
1200000|2|1635|13|4|0|0|960000|4|32003|953037
1200000|2|1635|13|4|1|2|240000|4|32003|246525
1200000|2|1635|13|5|0|0|960000|0|0|928724
1200000|2|1635|13|5|1|2|240000|0|0|247149
1200000|2|1635|13|5|0|0|960000|1|7997|917781
1200000|2|1635|13|5|1|2|240000|1|7997|248748
1200000|2|1635|13|5|0|0|960000|2|15998|912908
1200000|2|1635|13|5|1|2|240000|2|15998|250152
1200000|2|1635|13|5|0|0|960000|3|24000|911580
1200000|2|1635|13|5|1|2|240000|3|24000|252531
1200000|2|1635|13|5|0|0|960000|4|32003|913259
1200000|2|1635|13|5|1|2|240000|4|32003|255222
1200000|2|1636|13|1|0|0|960000|0|0|930440
1200000|2|1636|13|1|1|2|240000|0|0|248085
1200000|2|1636|13|1|0|0|960000|1|7998|919419
1200000|2|1636|13|1|1|2|240000|1|7998|249489
1200000|2|1636|13|1|0|0|960000|2|15999|914545
1200000|2|1636|13|1|1|2|240000|2|15999|251127
1200000|2|1636|13|1|0|0|960000|3|24001|913259
1200000|2|1636|13|1|1|2|240000|3|24001|252960
1200000|2|1636|13|1|0|0|960000|4|32003|913727
1200000|2|1636|13|1|1|2|240000|4|32003|254715
1200000|2|1636|13|2|0|0|960000|0|0|952358
1200000|2|1636|13|2|1|2|240000|0|0|229599
1200000|2|1636|13|2|0|0|960000|1|7998|950154
1200000|2|1636|13|2|1|2|240000|1|7998|229209
1200000|2|1636|13|2|0|0|960000|2|15997|950153
1200000|2|1636|13|2|1|2|240000|2|15997|230691
1200000|2|1636|13|2|0|0|960000|3|23999|951012
1200000|2|1636|13|2|1|2|240000|3|23999|232875
1200000|2|1636|13|2|0|0|960000|4|32002|952573
1200000|2|1636|13|2|1|2|240000|4|32002|234942
1200000|2|1636|13|3|0|0|960000|0|0|952632
1200000|2|1636|13|3|1|2|240000|0|0|229014
1200000|2|1636|13|3|0|0|960000|1|7997|950193
1200000|2|1636|13|3|1|2|240000|1|7997|230340
1200000|2|1636|13|3|0|0|960000|2|15998|950153
1200000|2|1636|13|3|1|2|240000|2|15998|232446
1200000|2|1636|13|3|0|0|960000|3|24000|951714
1200000|2|1636|13|3|1|2|240000|3|24000|233850
1200000|2|1636|13|3|0|0|960000|4|32003|954443
1200000|2|1636|13|3|1|2|240000|4|32003|235722
1200000|2|1636|13|4|0|0|960000|0|0|928102
1200000|2|1636|13|4|1|2|240000|0|0|245901
1200000|2|1636|13|4|0|0|960000|1|7997|916689
1200000|2|1636|13|4|1|2|240000|1|7997|245823
1200000|2|1636|13|4|0|0|960000|2|15997|912207
1200000|2|1636|13|4|1|2|240000|2|15997|247383
1200000|2|1636|13|4|0|0|960000|3|23998|911738
1200000|2|1636|13|4|1|2|240000|3|23998|249918
1200000|2|1636|13|4|0|0|960000|4|32002|913727
1200000|2|1636|13|4|1|2|240000|4|32002|252141
1200000|2|1636|13|5|0|0|960000|0|0|953878
1200000|2|1636|13|5|1|2|240000|0|0|222267
1200000|2|1636|13|5|0|0|960000|1|8000|951949
1200000|2|1636|13|5|1|2|240000|1|8000|223437
1200000|2|1636|13|5|0|0|960000|2|16000|952182
1200000|2|1636|13|5|1|2|240000|2|16000|225699
1200000|2|1636|13|5|0|0|960000|3|24002|954483
1200000|2|1636|13|5|1|2|240000|3|24002|228624
1200000|2|1636|13|5|0|0|960000|4|32005|957682
1200000|2|1636|13|5|1|2|240000|4|32005|231666
1200000|2|1637|13|1|0|0|960000|0|0|928179
1200000|2|1637|13|1|1|2|240000|0|0|247890
1200000|2|1637|13|1|0|0|960000|1|7997|916886
1200000|2|1637|13|1|1|2|240000|1|7997|250269
1200000|2|1637|13|1|0|0|960000|2|15997|912324
1200000|2|1637|13|1|1|2|240000|2|15997|253389
1200000|2|1637|13|1|0|0|960000|3|24000|911856
1200000|2|1637|13|1|1|2|240000|3|24000|257328
1200000|2|1637|13|1|0|0|960000|4|32004|912599
1200000|2|1637|13|1|1|2|240000|4|32004|261384
1200000|2|1637|13|2|0|0|960000|0|0|952981
1200000|2|1637|13|2|1|2|240000|0|0|224451
1200000|2|1637|13|2|0|0|960000|1|7998|950971
1200000|2|1637|13|2|1|2|240000|1|7998|226713
1200000|2|1637|13|2|0|0|960000|2|16000|951089
1200000|2|1637|13|2|1|2|240000|2|16000|229755
1200000|2|1637|13|2|0|0|960000|3|24002|953039
1200000|2|1637|13|2|1|2|240000|3|24002|232836
1200000|2|1637|13|2|0|0|960000|4|32005|955886
1200000|2|1637|13|2|1|2|240000|4|32005|235878
1200000|2|1637|13|3|0|0|960000|0|0|951229
1200000|2|1637|13|3|1|2|240000|0|0|233850
1200000|2|1637|13|3|0|0|960000|1|7998|948828
1200000|2|1637|13|3|1|2|240000|1|7998|236346
1200000|2|1637|13|3|0|0|960000|2|15998|948477
1200000|2|1637|13|3|1|2|240000|2|15998|239310
1200000|2|1637|13|3|0|0|960000|3|24000|950112
1200000|2|1637|13|3|1|2|240000|3|24000|242586
1200000|2|1637|13|3|0|0|960000|4|32002|952923
1200000|2|1637|13|3|1|2|240000|4|32002|246174
1200000|2|1637|13|4|0|0|960000|0|0|951149
1200000|2|1637|13|4|1|2|240000|0|0|239232
1200000|2|1637|13|4|0|0|960000|1|8000|947268
1200000|2|1637|13|4|1|2|240000|1|8000|242079
1200000|2|1637|13|4|0|0|960000|2|16003|946096
1200000|2|1637|13|4|1|2|240000|2|16003|245901
1200000|2|1637|13|4|0|0|960000|3|24007|946761
1200000|2|1637|13|4|1|2|240000|3|24007|249567
1200000|2|1637|13|4|0|0|960000|4|32012|948360
1200000|2|1637|13|4|1|2|240000|4|32012|253974
1200000|2|1637|13|5|0|0|960000|0|0|948342
1200000|2|1637|13|5|1|2|240000|0|0|236931
1200000|2|1637|13|5|0|0|960000|1|7998|943836
1200000|2|1637|13|5|1|2|240000|1|7998|238920
1200000|2|1637|13|5|0|0|960000|2|15998|942586
1200000|2|1637|13|5|1|2|240000|2|15998|242118
1200000|2|1637|13|5|0|0|960000|3|24002|942783
1200000|2|1637|13|5|1|2|240000|3|24002|245784
1200000|2|1637|13|5|0|0|960000|4|32005|944265
1200000|2|1637|13|5|1|2|240000|4|32005|249528
1200000|2|1638|13|1|0|0|960000|0|0|949512
1200000|2|1638|13|1|1|2|240000|0|0|236502
1200000|2|1638|13|1|0|0|960000|1|8000|944888
1200000|2|1638|13|1|1|2|240000|1|8000|239154
1200000|2|1638|13|1|0|0|960000|2|16001|942547
1200000|2|1638|13|1|1|2|240000|2|16001|242391
1200000|2|1638|13|1|0|0|960000|3|24004|941691
1200000|2|1638|13|1|1|2|240000|3|24004|245550
1200000|2|1638|13|1|0|0|960000|4|32007|941573
1200000|2|1638|13|1|1|2|240000|4|32007|248982
1200000|2|1638|13|2|0|0|960000|0|1|924901
1200000|2|1638|13|2|1|2|240000|0|1|244419
1200000|2|1638|13|2|0|0|960000|1|7999|911351
1200000|2|1638|13|2|1|2|240000|1|7999|245940
1200000|2|1638|13|2|0|0|960000|2|16000|904135
1200000|2|1638|13|2|1|2|240000|2|16000|247695
1200000|2|1638|13|2|0|0|960000|3|24003|901638
1200000|2|1638|13|2|1|2|240000|3|24003|251400
1200000|2|1638|13|2|0|0|960000|4|32007|901131
1200000|2|1638|13|2|1|2|240000|4|32007|254637
1200000|2|1638|13|3|0|0|960000|0|0|949082
1200000|2|1638|13|3|1|2|240000|0|0|225855
1200000|2|1638|13|3|0|0|960000|1|7999|944420
1200000|2|1638|13|3|1|2|240000|1|7999|226674
1200000|2|1638|13|3|0|0|960000|2|15999|942781
1200000|2|1638|13|3|1|2|240000|2|15999|228117
1200000|2|1638|13|3|0|0|960000|3|24002|942587
1200000|2|1638|13|3|1|2|240000|3|24002|231120
1200000|2|1638|13|3|0|0|960000|4|32005|943369
1200000|2|1638|13|3|1|2|240000|4|32005|234552
1200000|2|1638|13|4|0|0|960000|0|0|938474
1200000|2|1638|13|4|1|2|240000|0|0|244497
1200000|2|1638|13|4|0|0|960000|1|7998|932096
1200000|2|1638|13|4|1|2|240000|1|7998|246915
1200000|2|1638|13|4|0|0|960000|2|16000|929367
1200000|2|1638|13|4|1|2|240000|2|16000|250542
1200000|2|1638|13|4|0|0|960000|3|24004|930108
1200000|2|1638|13|4|1|2|240000|3|24004|254286
1200000|2|1638|13|4|0|0|960000|4|32009|932020
1200000|2|1638|13|4|1|2|240000|4|32009|258459
1200000|2|1638|13|5|0|0|960000|0|0|951853
1200000|2|1638|13|5|1|2|240000|0|0|234942
1200000|2|1638|13|5|0|0|960000|1|8001|948906
1200000|2|1638|13|5|1|2|240000|1|8001|237399
1200000|2|1638|13|5|0|0|960000|2|16004|948124
1200000|2|1638|13|5|1|2|240000|2|16004|239973
1200000|2|1638|13|5|0|0|960000|3|24007|949491
1200000|2|1638|13|5|1|2|240000|3|24007|243327
1200000|2|1638|13|5|0|0|960000|4|32011|952338
1200000|2|1638|13|5|1|2|240000|4|32011|246252
1200000|2|1639|13|1|0|0|960000|0|0|937850
1200000|2|1639|13|1|1|2|240000|0|0|249723
1200000|2|1639|13|1|0|0|960000|1|7999|931122
1200000|2|1639|13|1|1|2|240000|1|7999|252024
1200000|2|1639|13|1|0|0|960000|2|16000|928508
1200000|2|1639|13|1|1|2|240000|2|16000|255222
1200000|2|1639|13|1|0|0|960000|3|24002|929406
1200000|2|1639|13|1|1|2|240000|3|24002|258381
1200000|2|1639|13|1|0|0|960000|4|32006|931161
1200000|2|1639|13|1|1|2|240000|4|32006|261891
1200000|2|1639|13|2|0|0|960000|0|0|939411
1200000|2|1639|13|2|1|2|240000|0|0|247620
1200000|2|1639|13|2|0|0|960000|1|8000|932916
1200000|2|1639|13|2|1|2|240000|1|8000|249840
1200000|2|1639|13|2|0|0|960000|2|16002|930926
1200000|2|1639|13|2|1|2|240000|2|16002|252765
1200000|2|1639|13|2|0|0|960000|3|24006|931082
1200000|2|1639|13|2|1|2|240000|3|24006|256470
1200000|2|1639|13|2|0|0|960000|4|32011|932527
1200000|2|1639|13|2|1|2|240000|4|32011|260526
1200000|2|1639|13|3|0|0|960000|0|0|938359
1200000|2|1639|13|3|1|2|240000|0|0|247110
1200000|2|1639|13|3|0|0|960000|1|7998|931235
1200000|2|1639|13|3|1|2|240000|1|7998|249645
1200000|2|1639|13|3|0|0|960000|2|15999|928583
1200000|2|1639|13|3|1|2|240000|2|15999|253194
1200000|2|1639|13|3|0|0|960000|3|24003|929055
1200000|2|1639|13|3|1|2|240000|3|24003|257055
1200000|2|1639|13|3|0|0|960000|4|32007|930342
1200000|2|1639|13|3|1|2|240000|4|32007|261540
1200000|2|1639|13|4|0|0|960000|0|0|950643
1200000|2|1639|13|4|1|2|240000|0|0|244536
1200000|2|1639|13|4|0|0|960000|1|8000|946915
1200000|2|1639|13|4|1|2|240000|1|8000|247461
1200000|2|1639|13|4|0|0|960000|2|16002|945824
1200000|2|1639|13|4|1|2|240000|2|16002|250815
1200000|2|1639|13|4|0|0|960000|3|24006|945746
1200000|2|1639|13|4|1|2|240000|3|24006|254325
1200000|2|1639|13|4|0|0|960000|4|32010|947034
1200000|2|1639|13|4|1|2|240000|4|32010|258030
1200000|2|1639|13|5|0|0|960000|0|0|949006
1200000|2|1639|13|5|1|2|240000|0|0|242625
1200000|2|1639|13|5|0|0|960000|1|7999|944304
1200000|2|1639|13|5|1|2|240000|1|7999|245550
1200000|2|1639|13|5|0|0|960000|2|16001|941808
1200000|2|1639|13|5|1|2|240000|2|16001|249489
1200000|2|1639|13|5|0|0|960000|3|24004|941925
1200000|2|1639|13|5|1|2|240000|3|24004|253779
1200000|2|1639|13|5|0|0|960000|4|32009|941652
1200000|2|1639|13|5|1|2|240000|4|32009|257679
1200000|2|1640|13|1|0|0|960000|0|0|938786
1200000|2|1640|13|1|1|2|240000|0|0|243249
1200000|2|1640|13|1|0|0|960000|1|7997|930965
1200000|2|1640|13|1|1|2|240000|1|7997|244653
1200000|2|1640|13|1|0|0|960000|2|15998|927260
1200000|2|1640|13|1|1|2|240000|2|15998|247110
1200000|2|1640|13|1|0|0|960000|3|24000|925506
1200000|2|1640|13|1|1|2|240000|3|24000|249294
1200000|2|1640|13|1|0|0|960000|4|32003|925388
1200000|2|1640|13|1|1|2|240000|4|32003|251712
1200000|2|1640|13|2|0|0|960000|0|0|948262
1200000|2|1640|13|2|1|2|240000|0|0|229404
1200000|2|1640|13|2|0|0|960000|1|7997|943212
1200000|2|1640|13|2|1|2|240000|1|7997|230769
1200000|2|1640|13|2|0|0|960000|2|15997|941069
1200000|2|1640|13|2|1|2|240000|2|15997|232329
1200000|2|1640|13|2|0|0|960000|3|23998|941574
1200000|2|1640|13|2|1|2|240000|3|23998|233967
1200000|2|1640|13|2|0|0|960000|4|32000|942665
1200000|2|1640|13|2|1|2|240000|4|32000|236697
1200000|2|1640|13|3|0|0|960000|0|0|925994
1200000|2|1640|13|3|1|2|240000|0|0|248163
1200000|2|1640|13|3|0|0|960000|1|8000|912713
1200000|2|1640|13|3|1|2|240000|1|8000|250464
1200000|2|1640|13|3|0|0|960000|2|16002|906280
1200000|2|1640|13|3|1|2|240000|2|16002|253233
1200000|2|1640|13|3|0|0|960000|3|24006|903470
1200000|2|1640|13|3|1|2|240000|3|24006|256977
1200000|2|1640|13|3|0|0|960000|4|32009|902770
1200000|2|1640|13|3|1|2|240000|4|32009|259941
1200000|2|1640|13|4|0|0|960000|0|0|948653
1200000|2|1640|13|4|1|2|240000|0|0|224607
1200000|2|1640|13|4|0|0|960000|1|7996|944811
1200000|2|1640|13|4|1|2|240000|1|7996|226674
1200000|2|1640|13|4|0|0|960000|2|15996|943446
1200000|2|1640|13|4|1|2|240000|2|15996|229794
1200000|2|1640|13|4|0|0|960000|3|23998|943836
1200000|2|1640|13|4|1|2|240000|3|23998|233421
1200000|2|1640|13|4|0|0|960000|4|32002|945514
1200000|2|1640|13|4|1|2|240000|4|32002|237204
1200000|2|1640|13|5|0|0|960000|0|0|925682
1200000|2|1640|13|5|1|2|240000|0|0|250194
1200000|2|1640|13|5|0|0|960000|1|7997|912713
1200000|2|1640|13|5|1|2|240000|1|7997|251751
1200000|2|1640|13|5|0|0|960000|2|15998|905769
1200000|2|1640|13|5|1|2|240000|2|15998|253467
1200000|2|1640|13|5|0|0|960000|3|24000|902770
1200000|2|1640|13|5|1|2|240000|3|24000|255261
1200000|2|1640|13|5|0|0|960000|4|32003|901912
1200000|2|1640|13|5|1|2|240000|4|32003|257991
1200000|2|1641|13|1|0|0|960000|0|0|950289
1200000|2|1641|13|1|1|2|240000|0|0|230535
1200000|2|1641|13|1|0|0|960000|1|7996|946722
1200000|2|1641|13|1|1|2|240000|1|7996|230691
1200000|2|1641|13|1|0|0|960000|2|15995|946138
1200000|2|1641|13|1|1|2|240000|2|15995|232329
1200000|2|1641|13|1|0|0|960000|3|23997|948049
1200000|2|1641|13|1|1|2|240000|3|23997|234903
1200000|2|1641|13|1|0|0|960000|4|31999|949413
1200000|2|1641|13|1|1|2|240000|4|31999|237204
1200000|2|1641|13|2|0|0|960000|0|0|928257
1200000|2|1641|13|2|1|2|240000|0|0|245355
1200000|2|1641|13|2|0|0|960000|1|7997|916613
1200000|2|1641|13|2|1|2|240000|1|7997|245940
1200000|2|1641|13|2|0|0|960000|2|15996|911857
1200000|2|1641|13|2|1|2|240000|2|15996|247539
1200000|2|1641|13|2|0|0|960000|3|23997|910258
1200000|2|1641|13|2|1|2|240000|3|23997|248514
1200000|2|1641|13|2|0|0|960000|4|31999|911661
1200000|2|1641|13|2|1|2|240000|4|31999|249762
1200000|2|1641|13|3|0|0|960000|0|0|927126
1200000|2|1641|13|3|1|2|240000|0|0|243639
1200000|2|1641|13|3|0|0|960000|1|7996|915913
1200000|2|1641|13|3|1|2|240000|1|7996|243444
1200000|2|1641|13|3|0|0|960000|2|15994|912323
1200000|2|1641|13|3|1|2|240000|2|15994|244692
1200000|2|1641|13|3|0|0|960000|3|23995|912558
1200000|2|1641|13|3|1|2|240000|3|23995|246057
1200000|2|1641|13|3|0|0|960000|4|31996|915209
1200000|2|1641|13|3|1|2|240000|4|31996|246759
1200000|2|1641|13|4|0|0|960000|0|0|954620
1200000|2|1641|13|4|1|2|240000|0|0|235800
1200000|2|1641|13|4|0|0|960000|1|7997|953430
1200000|2|1641|13|4|1|2|240000|1|7997|236385
1200000|2|1641|13|4|0|0|960000|2|15995|955417
1200000|2|1641|13|4|1|2|240000|2|15995|237594
1200000|2|1641|13|4|0|0|960000|3|23995|957916
1200000|2|1641|13|4|1|2|240000|3|23995|238842
1200000|2|1641|13|4|0|0|960000|4|31997|961266
1200000|2|1641|13|4|1|2|240000|4|31997|240402
1200000|2|1641|13|5|0|0|960000|0|0|951032
1200000|2|1641|13|5|1|2|240000|0|0|231666
1200000|2|1641|13|5|0|0|960000|1|7995|948242
1200000|2|1641|13|5|1|2|240000|1|7995|232680
1200000|2|1641|13|5|0|0|960000|2|15994|947035
1200000|2|1641|13|5|1|2|240000|2|15994|233343
1200000|2|1641|13|5|0|0|960000|3|23994|947853
1200000|2|1641|13|5|1|2|240000|3|23994|235332
1200000|2|1641|13|5|0|0|960000|4|31995|949607
1200000|2|1641|13|5|1|2|240000|4|31995|237789
1200000|2|1642|13|1|0|0|960000|0|0|927474
1200000|2|1642|13|1|1|2|240000|0|0|242976
1200000|2|1642|13|1|0|0|960000|1|7997|916379
1200000|2|1642|13|1|1|2|240000|1|7997|244731
1200000|2|1642|13|1|0|0|960000|2|15996|911738
1200000|2|1642|13|1|1|2|240000|2|15996|247344
1200000|2|1642|13|1|0|0|960000|3|23998|910451
1200000|2|1642|13|1|1|2|240000|3|23998|249723
1200000|2|1642|13|1|0|0|960000|4|32000|911194
1200000|2|1642|13|1|1|2|240000|4|32000|251868
1200000|2|1642|13|2|0|0|960000|0|0|940229
1200000|2|1642|13|2|1|2|240000|0|0|226752
1200000|2|1642|13|2|0|0|960000|1|7996|935102
1200000|2|1642|13|2|1|2|240000|1|7996|227454
1200000|2|1642|13|2|0|0|960000|2|15995|934398
1200000|2|1642|13|2|1|2|240000|2|15995|228624
1200000|2|1642|13|2|0|0|960000|3|23996|936659
1200000|2|1642|13|2|1|2|240000|3|23996|229755
1200000|2|1642|13|2|0|0|960000|4|31997|939230
1200000|2|1642|13|2|1|2|240000|4|31997|231978
1200000|2|1642|13|3|0|0|960000|0|0|954427
1200000|2|1642|13|3|1|2|240000|0|0|228585
1200000|2|1642|13|3|0|0|960000|1|7997|952845
1200000|2|1642|13|3|1|2|240000|1|7997|229287
1200000|2|1642|13|3|0|0|960000|2|15997|953703
1200000|2|1642|13|3|1|2|240000|2|15997|230652
1200000|2|1642|13|3|0|0|960000|3|23999|956549
1200000|2|1642|13|3|1|2|240000|3|23999|232563
1200000|2|1642|13|3|0|0|960000|4|32002|960020
1200000|2|1642|13|3|1|2|240000|4|32002|234747
1200000|2|1642|13|4|0|0|960000|0|0|955362
1200000|2|1642|13|4|1|2|240000|0|0|237633
1200000|2|1642|13|4|0|0|960000|1|7998|954795
1200000|2|1642|13|4|1|2|240000|1|7998|239193
1200000|2|1642|13|4|0|0|960000|2|15998|956160
1200000|2|1642|13|4|1|2|240000|2|15998|241416
1200000|2|1642|13|4|0|0|960000|3|24000|959240
1200000|2|1642|13|4|1|2|240000|3|24000|243951
1200000|2|1642|13|4|0|0|960000|4|32003|962828
1200000|2|1642|13|4|1|2|240000|4|32003|245823
1200000|2|1642|13|5|0|0|960000|0|1|940191
1200000|2|1642|13|5|1|2|240000|0|1|247227
1200000|2|1642|13|5|0|0|960000|1|7998|934514
1200000|2|1642|13|5|1|2|240000|1|7998|248670
1200000|2|1642|13|5|0|0|960000|2|15998|933537
1200000|2|1642|13|5|1|2|240000|2|15998|250308
1200000|2|1642|13|5|0|0|960000|3|24000|934242
1200000|2|1642|13|5|1|2|240000|3|24000|252765
1200000|2|1642|13|5|0|0|960000|4|32002|936661
1200000|2|1642|13|5|1|2|240000|4|32002|255261
1200000|2|1643|13|1|0|0|960000|0|0|952786
1200000|2|1643|13|1|1|2|240000|0|0|225465
1200000|2|1643|13|1|0|0|960000|1|7996|950855
1200000|2|1643|13|1|1|2|240000|1|7996|226323
1200000|2|1643|13|1|0|0|960000|2|15995|951360
1200000|2|1643|13|1|1|2|240000|2|15995|228234
1200000|2|1643|13|1|0|0|960000|3|23996|953469
1200000|2|1643|13|1|1|2|240000|3|23996|230145
1200000|2|1643|13|1|0|0|960000|4|31998|956160
1200000|2|1643|13|1|1|2|240000|4|31998|231627
1200000|2|1643|13|2|0|0|960000|0|0|941162
1200000|2|1643|13|2|1|2|240000|0|0|245511
1200000|2|1643|13|2|0|0|960000|1|7998|937050
1200000|2|1643|13|2|1|2|240000|1|7998|248046
1200000|2|1643|13|2|0|0|960000|2|15999|937206
1200000|2|1643|13|2|1|2|240000|2|15999|250581
1200000|2|1643|13|2|0|0|960000|3|24001|940560
1200000|2|1643|13|2|1|2|240000|3|24001|253779
1200000|2|1643|13|2|0|0|960000|4|32004|943989
1200000|2|1643|13|2|1|2|240000|4|32004|256119
1200000|2|1643|13|3|0|0|960000|0|0|941203
1200000|2|1643|13|3|1|2|240000|0|0|232329
1200000|2|1643|13|3|0|0|960000|1|7998|936893
1200000|2|1643|13|3|1|2|240000|1|7998|233616
1200000|2|1643|13|3|0|0|960000|2|15998|935997
1200000|2|1643|13|3|1|2|240000|2|15998|235800
1200000|2|1643|13|3|0|0|960000|3|24001|937866
1200000|2|1643|13|3|1|2|240000|3|24001|238296
1200000|2|1643|13|3|0|0|960000|4|32004|941300
1200000|2|1643|13|3|1|2|240000|4|32004|241377
1200000|2|1643|13|4|0|0|960000|0|0|941633
1200000|2|1643|13|4|1|2|240000|0|0|241923
1200000|2|1643|13|4|0|0|960000|1|7998|938417
1200000|2|1643|13|4|1|2|240000|1|7998|244497
1200000|2|1643|13|4|0|0|960000|2|16001|939038
1200000|2|1643|13|4|1|2|240000|2|16001|248514
1200000|2|1643|13|4|0|0|960000|3|24005|941729
1200000|2|1643|13|4|1|2|240000|3|24005|252492
1200000|2|1643|13|4|0|0|960000|4|32010|945669
1200000|2|1643|13|4|1|2|240000|4|32010|255924
1200000|2|1643|13|5|0|0|960000|0|0|942452
1200000|2|1643|13|5|1|2|240000|0|0|242313
1200000|2|1643|13|5|0|0|960000|1|7999|938999
1200000|2|1643|13|5|1|2|240000|1|7999|244146
1200000|2|1643|13|5|0|0|960000|2|16000|939897
1200000|2|1643|13|5|1|2|240000|2|16000|246564
1200000|2|1643|13|5|0|0|960000|3|24003|942822
1200000|2|1643|13|5|1|2|240000|3|24003|249918
1200000|2|1643|13|5|0|0|960000|4|32007|947267
1200000|2|1643|13|5|1|2|240000|4|32007|253779
1200000|2|1644|13|1|0|0|960000|0|0|956727
1200000|2|1644|13|1|1|2|240000|0|0|235917
1200000|2|1644|13|1|0|0|960000|1|7999|957174
1200000|2|1644|13|1|1|2|240000|1|7999|238062
1200000|2|1644|13|1|0|0|960000|2|16000|959904
1200000|2|1644|13|1|1|2|240000|2|16000|240597
1200000|2|1644|13|1|0|0|960000|3|24004|963878
1200000|2|1644|13|1|1|2|240000|3|24004|242976
1200000|2|1644|13|1|0|0|960000|4|32007|968678
1200000|2|1644|13|1|1|2|240000|4|32007|245160
1200000|2|1644|13|2|0|0|960000|0|0|957662
1200000|2|1644|13|2|1|2|240000|0|0|238296
1200000|2|1644|13|2|0|0|960000|1|7999|958343
1200000|2|1644|13|2|1|2|240000|1|7999|238803
1200000|2|1644|13|2|0|0|960000|2|16000|961269
1200000|2|1644|13|2|1|2|240000|2|16000|240168
1200000|2|1644|13|2|0|0|960000|3|24003|965404
1200000|2|1644|13|2|1|2|240000|3|24003|242001
1200000|2|1644|13|2|0|0|960000|4|32006|969850
1200000|2|1644|13|2|1|2|240000|4|32006|243600
1200000|2|1644|13|3|0|0|960000|0|0|956844
1200000|2|1644|13|3|1|2|240000|0|0|237789
1200000|2|1644|13|3|0|0|960000|1|7998|955729
1200000|2|1644|13|3|1|2|240000|1|7998|238569
1200000|2|1644|13|3|0|0|960000|2|15999|957407
1200000|2|1644|13|3|1|2|240000|2|15999|239466
1200000|2|1644|13|3|0|0|960000|3|24002|960723
1200000|2|1644|13|3|1|2|240000|3|24002|240909
1200000|2|1644|13|3|0|0|960000|4|32005|964739
1200000|2|1644|13|3|1|2|240000|4|32005|242898
1200000|2|1644|13|4|0|0|960000|0|0|943191
1200000|2|1644|13|4|1|2|240000|0|0|241845
1200000|2|1644|13|4|0|0|960000|1|7998|939699
1200000|2|1644|13|4|1|2|240000|1|7998|242001
1200000|2|1644|13|4|0|0|960000|2|15998|939934
1200000|2|1644|13|4|1|2|240000|2|15998|243600
1200000|2|1644|13|4|0|0|960000|3|24001|941337
1200000|2|1644|13|4|1|2|240000|3|24001|246291
1200000|2|1644|13|4|0|0|960000|4|32006|944459
1200000|2|1644|13|4|1|2|240000|4|32006|249021
1200000|2|1644|13|5|0|0|960000|0|0|953725
1200000|2|1644|13|5|1|2|240000|0|0|239037
1200000|2|1644|13|5|0|0|960000|1|7998|952610
1200000|2|1644|13|5|1|2|240000|1|7998|240597
1200000|2|1644|13|5|0|0|960000|2|15999|954792
1200000|2|1644|13|5|1|2|240000|2|15999|242001
1200000|2|1644|13|5|0|0|960000|3|24001|957837
1200000|2|1644|13|5|1|2|240000|3|24001|243054
1200000|2|1644|13|5|0|0|960000|4|32004|961697
1200000|2|1644|13|5|1|2|240000|4|32004|245472
1200000|2|1645|13|1|0|0|960000|0|0|942879
1200000|2|1645|13|1|1|2|240000|0|0|244926
1200000|2|1645|13|1|0|0|960000|1|8000|939425
1200000|2|1645|13|1|1|2|240000|1|8000|245901
1200000|2|1645|13|1|0|0|960000|2|16001|940052
1200000|2|1645|13|1|1|2|240000|2|16001|248397
1200000|2|1645|13|1|0|0|960000|3|24004|942313
1200000|2|1645|13|1|1|2|240000|3|24004|251322
1200000|2|1645|13|1|0|0|960000|4|32008|946021
1200000|2|1645|13|1|1|2|240000|4|32008|254481
1200000|2|1645|13|2|0|0|960000|0|0|932273
1200000|2|1645|13|2|1|2|240000|0|0|246876
1200000|2|1645|13|2|0|0|960000|1|7998|923088
1200000|2|1645|13|2|1|2|240000|1|7998|248085
1200000|2|1645|13|2|0|0|960000|2|16000|920123
1200000|2|1645|13|2|1|2|240000|2|16000|249723
1200000|2|1645|13|2|0|0|960000|3|24002|921604
1200000|2|1645|13|2|1|2|240000|3|24002|252375
1200000|2|1645|13|2|0|0|960000|4|32006|924727
1200000|2|1645|13|2|1|2|240000|4|32006|254832
1200000|2|1645|13|3|0|0|960000|0|0|955476
1200000|2|1645|13|3|1|2|240000|0|0|238959
1200000|2|1645|13|3|0|0|960000|1|7998|955343
1200000|2|1645|13|3|1|2|240000|1|7998|239973
1200000|2|1645|13|3|0|0|960000|2|15998|957872
1200000|2|1645|13|3|1|2|240000|2|15998|241845
1200000|2|1645|13|3|0|0|960000|3|24001|961542
1200000|2|1645|13|3|1|2|240000|3|24001|244653
1200000|2|1645|13|3|0|0|960000|4|32005|966182
1200000|2|1645|13|3|1|2|240000|4|32005|247773
1200000|2|1645|13|4|0|0|960000|0|0|955710
1200000|2|1645|13|4|1|2|240000|0|0|242703
1200000|2|1645|13|4|0|0|960000|1|7998|954601
1200000|2|1645|13|4|1|2|240000|1|7998|244575
1200000|2|1645|13|4|0|0|960000|2|15999|955766
1200000|2|1645|13|4|1|2|240000|2|15999|247071
1200000|2|1645|13|4|0|0|960000|3|24002|958070
1200000|2|1645|13|4|1|2|240000|3|24002|249801
1200000|2|1645|13|4|0|0|960000|4|32006|961697
1200000|2|1645|13|4|1|2|240000|4|32006|252492
1200000|2|1645|13|5|0|0|960000|0|0|928843
1200000|2|1645|13|5|1|2|240000|0|0|246954
1200000|2|1645|13|5|0|0|960000|1|7998|918291
1200000|2|1645|13|5|1|2|240000|1|7998|248943
1200000|2|1645|13|5|0|0|960000|2|16000|914119
1200000|2|1645|13|5|1|2|240000|2|16000|250815
1200000|2|1645|13|5|0|0|960000|3|24002|913455
1200000|2|1645|13|5|1|2|240000|3|24002|253389
1200000|2|1645|13|5|0|0|960000|4|32006|915324
1200000|2|1645|13|5|1|2|240000|4|32006|256860
1200000|2|1646|13|1|0|0|960000|0|0|954463
1200000|2|1646|13|1|1|2|240000|0|0|241572
1200000|2|1646|13|1|0|0|960000|1|7998|953586
1200000|2|1646|13|1|1|2|240000|1|7998|243249
1200000|2|1646|13|1|0|0|960000|2|15999|955184
1200000|2|1646|13|1|1|2|240000|2|15999|245667
1200000|2|1646|13|1|0|0|960000|3|24002|958262
1200000|2|1646|13|1|1|2|240000|3|24002|247812
1200000|2|1646|13|1|0|0|960000|4|32005|962011
1200000|2|1646|13|1|1|2|240000|4|32005|250269
1200000|2|1646|13|2|0|0|960000|0|0|930090
1200000|2|1646|13|2|1|2|240000|0|0|247851
1200000|2|1646|13|2|0|0|960000|1|7998|920474
1200000|2|1646|13|2|1|2|240000|1|7998|249450
1200000|2|1646|13|2|0|0|960000|2|15999|917784
1200000|2|1646|13|2|1|2|240000|2|15999|251790
1200000|2|1646|13|2|0|0|960000|3|24002|918602
1200000|2|1646|13|2|1|2|240000|3|24002|254676
1200000|2|1646|13|2|0|0|960000|4|32006|921488
1200000|2|1646|13|2|1|2|240000|4|32006|257406
1200000|2|1646|13|3|0|0|960000|0|0|942141
1200000|2|1646|13|3|1|2|240000|0|0|239895
1200000|2|1646|13|3|0|0|960000|1|7998|939195
1200000|2|1646|13|3|1|2|240000|1|7998|242508
1200000|2|1646|13|3|0|0|960000|2|16000|939819
1200000|2|1646|13|3|1|2|240000|2|16000|244770
1200000|2|1646|13|3|0|0|960000|3|24002|942588
1200000|2|1646|13|3|1|2|240000|3|24002|246759
1200000|2|1646|13|3|0|0|960000|4|32005|946955
1200000|2|1646|13|3|1|2|240000|4|32005|249450
1200000|2|1646|13|4|0|0|960000|0|0|931103
1200000|2|1646|13|4|1|2|240000|0|0|241689
1200000|2|1646|13|4|0|0|960000|1|7998|922891
1200000|2|1646|13|4|1|2|240000|1|7998|243054
1200000|2|1646|13|4|0|0|960000|2|15999|920747
1200000|2|1646|13|4|1|2|240000|2|15999|245511
1200000|2|1646|13|4|0|0|960000|3|24003|922387
1200000|2|1646|13|4|1|2|240000|3|24003|248514
1200000|2|1646|13|4|0|0|960000|4|32007|926245
1200000|2|1646|13|4|1|2|240000|4|32007|252258
1200000|2|1646|13|5|0|0|960000|0|0|957936
1200000|2|1646|13|5|1|2|240000|0|0|229131
1200000|2|1646|13|5|0|0|960000|1|7998|958382
1200000|2|1646|13|5|1|2|240000|1|7998|230574
1200000|2|1646|13|5|0|0|960000|2|15999|961813
1200000|2|1646|13|5|1|2|240000|2|15999|232290
1200000|2|1646|13|5|0|0|960000|3|24001|966924
1200000|2|1646|13|5|1|2|240000|3|24001|234045
1200000|2|1646|13|5|0|0|960000|4|32004|972268
1200000|2|1646|13|5|1|2|240000|4|32004|236892
1200000|2|1647|13|1|0|0|960000|0|0|957820
1200000|2|1647|13|1|1|2|240000|0|0|237594
1200000|2|1647|13|1|0|0|960000|1|7998|958617
1200000|2|1647|13|1|1|2|240000|1|7998|238803
1200000|2|1647|13|1|0|0|960000|2|15999|962126
1200000|2|1647|13|1|1|2|240000|2|15999|240792
1200000|2|1647|13|1|0|0|960000|3|24001|967002
1200000|2|1647|13|1|1|2|240000|3|24001|243210
1200000|2|1647|13|1|0|0|960000|4|32004|972736
1200000|2|1647|13|1|1|2|240000|4|32004|246057
1200000|2|1647|13|2|0|0|960000|0|0|943624
1200000|2|1647|13|2|1|2|240000|0|0|246291
1200000|2|1647|13|2|0|0|960000|1|7999|940366
1200000|2|1647|13|2|1|2|240000|1|7999|248982
1200000|2|1647|13|2|0|0|960000|2|16001|941535
1200000|2|1647|13|2|1|2|240000|2|16001|251010
1200000|2|1647|13|2|0|0|960000|3|24003|945278
1200000|2|1647|13|2|1|2|240000|3|24003|253857
1200000|2|1647|13|2|0|0|960000|4|32006|949842
1200000|2|1647|13|2|1|2|240000|4|32006|256782
1200000|2|1647|13|3|0|0|960000|0|0|932274
1200000|2|1647|13|3|1|2|240000|0|0|247656
1200000|2|1647|13|3|0|0|960000|1|7998|923478
1200000|2|1647|13|3|1|2|240000|1|7998|249099
1200000|2|1647|13|3|0|0|960000|2|15998|921060
1200000|2|1647|13|3|1|2|240000|2|15998|251829
1200000|2|1647|13|3|0|0|960000|3|24000|922579
1200000|2|1647|13|3|1|2|240000|3|24000|254520
1200000|2|1647|13|3|0|0|960000|4|32003|926792
1200000|2|1647|13|3|1|2|240000|4|32003|257913
1200000|2|1647|13|4|0|0|960000|0|0|931141
1200000|2|1647|13|4|1|2|240000|0|0|236580
1200000|2|1647|13|4|0|0|960000|1|7999|921684
1200000|2|1647|13|4|1|2|240000|1|7999|238491
1200000|2|1647|13|4|0|0|960000|2|16001|918564
1200000|2|1647|13|4|1|2|240000|2|16001|241260
1200000|2|1647|13|4|0|0|960000|3|24003|919969
1200000|2|1647|13|4|1|2|240000|3|24003|243756
1200000|2|1647|13|4|0|0|960000|4|32006|923633
1200000|2|1647|13|4|1|2|240000|4|32006|246837
1200000|2|1647|13|5|0|0|960000|0|0|957038
1200000|2|1647|13|5|1|2|240000|0|0|221019
1200000|2|1647|13|5|0|0|960000|1|7997|957409
1200000|2|1647|13|5|1|2|240000|1|7997|222852
1200000|2|1647|13|5|0|0|960000|2|15997|960567
1200000|2|1647|13|5|1|2|240000|2|15997|226011
1200000|2|1647|13|5|0|0|960000|3|23999|964350
1200000|2|1647|13|5|1|2|240000|3|23999|229989
1200000|2|1647|13|5|0|0|960000|4|32003|969652
1200000|2|1647|13|5|1|2|240000|4|32003|234591
1200000|2|1648|13|1|0|0|960000|0|0|929933
1200000|2|1648|13|1|1|2|240000|0|0|249528
1200000|2|1648|13|1|0|0|960000|1|8001|920436
1200000|2|1648|13|1|1|2|240000|1|8001|252921
1200000|2|1648|13|1|0|0|960000|2|16005|917547
1200000|2|1648|13|1|1|2|240000|2|16005|256509
1200000|2|1648|13|1|0|0|960000|3|24010|918135
1200000|2|1648|13|1|1|2|240000|3|24010|260019
1200000|2|1648|13|1|0|0|960000|4|32014|921606
1200000|2|1648|13|1|1|2|240000|4|32014|263724
1200000|2|1648|13|2|0|0|960000|0|0|941126
1200000|2|1648|13|2|1|2|240000|0|0|242040
1200000|2|1648|13|2|0|0|960000|1|7998|937088
1200000|2|1648|13|2|1|2|240000|1|7998|243795
1200000|2|1648|13|2|0|0|960000|2|15998|937284
1200000|2|1648|13|2|1|2|240000|2|15998|245667
1200000|2|1648|13|2|0|0|960000|3|24000|939390
1200000|2|1648|13|2|1|2|240000|3|24000|248592
1200000|2|1648|13|2|0|0|960000|4|32003|943329
1200000|2|1648|13|2|1|2|240000|4|32003|252024
1200000|2|1648|13|3|0|0|960000|0|0|929309
1200000|2|1648|13|3|1|2|240000|0|0|251751
1200000|2|1648|13|3|0|0|960000|1|8000|918602
1200000|2|1648|13|3|1|2|240000|1|8000|253857
1200000|2|1648|13|3|0|0|960000|2|16002|914821
1200000|2|1648|13|3|1|2|240000|2|16002|256899
1200000|2|1648|13|3|0|0|960000|3|24005|914273
1200000|2|1648|13|3|1|2|240000|3|24005|260058
1200000|2|1648|13|3|0|0|960000|4|32009|916457
1200000|2|1648|13|3|1|2|240000|4|32009|263607
1200000|2|1648|13|4|0|0|960000|0|0|952983
1200000|2|1648|13|4|1|2|240000|0|0|227922
1200000|2|1648|13|4|0|0|960000|1|7997|950661
1200000|2|1648|13|4|1|2|240000|1|7997|229716
1200000|2|1648|13|4|0|0|960000|2|15997|951051
1200000|2|1648|13|4|1|2|240000|2|15997|232212
1200000|2|1648|13|4|0|0|960000|3|24000|954053
1200000|2|1648|13|4|1|2|240000|3|24000|235761
1200000|2|1648|13|4|0|0|960000|4|32004|956355
1200000|2|1648|13|4|1|2|240000|4|32004|239271
1200000|2|1648|13|5|0|0|960000|0|0|938434
1200000|2|1648|13|5|1|2|240000|0|0|246489
1200000|2|1648|13|5|0|0|960000|1|7998|932331
1200000|2|1648|13|5|1|2|240000|1|7998|248202
1200000|2|1648|13|5|0|0|960000|2|15998|930067
1200000|2|1648|13|5|1|2|240000|2|15998|250464
1200000|2|1648|13|5|0|0|960000|3|24001|929952
1200000|2|1648|13|5|1|2|240000|3|24001|252687
1200000|2|1648|13|5|0|0|960000|4|32004|931005
1200000|2|1648|13|5|1|2|240000|4|32004|255300
1200000|2|1649|13|1|0|0|960000|0|0|950644
1200000|2|1649|13|1|1|2|240000|0|0|226362
1200000|2|1649|13|1|0|0|960000|1|7997|946956
1200000|2|1649|13|1|1|2|240000|1|7997|227493
1200000|2|1649|13|1|0|0|960000|2|15997|946173
1200000|2|1649|13|1|1|2|240000|2|15997|229326
1200000|2|1649|13|1|0|0|960000|3|23999|948008
1200000|2|1649|13|1|1|2|240000|3|23999|231900
1200000|2|1649|13|1|0|0|960000|4|32002|949607
1200000|2|1649|13|1|1|2|240000|4|32002|234357
1200000|2|1649|13|2|0|0|960000|0|0|953023
1200000|2|1649|13|2|1|2|240000|0|0|231276
1200000|2|1649|13|2|0|0|960000|1|7997|950077
1200000|2|1649|13|2|1|2|240000|1|7997|231783
1200000|2|1649|13|2|0|0|960000|2|15997|949880
1200000|2|1649|13|2|1|2|240000|2|15997|232329
1200000|2|1649|13|2|0|0|960000|3|23998|951129
1200000|2|1649|13|2|1|2|240000|3|23998|233226
1200000|2|1649|13|2|0|0|960000|4|32000|952687
1200000|2|1649|13|2|1|2|240000|4|32000|234591
1200000|2|1649|13|3|0|0|960000|0|0|926113
1200000|2|1649|13|3|1|2|240000|0|0|239934
1200000|2|1649|13|3|0|0|960000|1|7997|914548
1200000|2|1649|13|3|1|2|240000|1|7997|239232
1200000|2|1649|13|3|0|0|960000|2|15996|909749
1200000|2|1649|13|3|1|2|240000|2|15996|239739
1200000|2|1649|13|3|0|0|960000|3|23997|908070
1200000|2|1649|13|3|1|2|240000|3|23997|240597
1200000|2|1649|13|3|0|0|960000|4|31998|908385
1200000|2|1649|13|3|1|2|240000|4|31998|240909
1200000|2|1649|13|4|0|0|960000|0|0|928175
1200000|2|1649|13|4|1|2|240000|0|0|241602
1200000|2|1649|13|4|0|0|960000|1|7998|917121
1200000|2|1649|13|4|1|2|240000|1|7998|241720
1200000|2|1649|13|4|0|0|960000|2|15999|912869
1200000|2|1649|13|4|1|2|240000|2|15999|242344
1200000|2|1649|13|4|0|0|960000|3|24000|912676
1200000|2|1649|13|4|1|2|240000|3|24000|243668
1200000|2|1649|13|4|0|0|960000|4|32003|915131
1200000|2|1649|13|4|1|2|240000|4|32003|244603
1200000|2|1649|13|5|0|0|960000|0|0|939527
1200000|2|1649|13|5|1|2|240000|0|0|237429
1200000|2|1649|13|5|0|0|960000|1|7998|934162
1200000|2|1649|13|5|1|2|240000|1|7998|238364
1200000|2|1649|13|5|0|0|960000|2|15999|932758
1200000|2|1649|13|5|1|2|240000|2|15999|239336
1200000|2|1649|13|5|0|0|960000|3|24001|934357
1200000|2|1649|13|5|1|2|240000|3|24001|240665
1200000|2|1649|13|5|0|0|960000|4|32003|937437
1200000|2|1649|13|5|1|2|240000|4|32003|242223
1200000|2|1650|13|1|0|0|960000|0|1|955556
1200000|2|1650|13|1|1|2|240000|0|1|240003
1200000|2|1650|13|1|0|0|960000|1|8000|954128
1200000|2|1650|13|1|1|2|240000|1|8000|241719
1200000|2|1650|13|1|0|0|960000|2|16002|954871
1200000|2|1650|13|1|1|2|240000|2|16002|243825
1200000|2|1650|13|1|0|0|960000|3|24005|957758
1200000|2|1650|13|1|1|2|240000|3|24005|246359
1200000|2|1650|13|1|0|0|960000|4|32009|961619
1200000|2|1650|13|1|1|2|240000|4|32009|249284
1200000|2|1650|13|2|0|0|960000|0|0|955479
1200000|2|1650|13|2|1|2|240000|0|0|241096
1200000|2|1650|13|2|0|0|960000|1|8000|954560
1200000|2|1650|13|2|1|2|240000|1|8000|243279
1200000|2|1650|13|2|0|0|960000|2|16002|956234
1200000|2|1650|13|2|1|2|240000|2|16002|245188
1200000|2|1650|13|2|0|0|960000|3|24005|959162
1200000|2|1650|13|2|1|2|240000|3|24005|248465
1200000|2|1650|13|2|0|0|960000|4|32009|962595
1200000|2|1650|13|2|1|2|240000|4|32009|252949
1200000|2|1650|13|3|0|0|960000|0|0|953061
1200000|2|1650|13|3|1|2|240000|0|0|243552
1200000|2|1650|13|3|0|0|960000|1|8000|950427
1200000|2|1650|13|3|1|2|240000|1|8000|245190
1200000|2|1650|13|3|0|0|960000|2|16001|950233
1200000|2|1650|13|3|1|2|240000|2|16001|246942
1200000|2|1650|13|3|0|0|960000|3|24003|951949
1200000|2|1650|13|3|1|2|240000|3|24003|249478
1200000|2|1650|13|3|0|0|960000|4|32007|954872
1200000|2|1650|13|3|1|2|240000|4|32007|252401
1200000|2|1650|13|4|0|0|960000|0|0|953763
1200000|2|1650|13|4|1|2|240000|0|0|243669
1200000|2|1650|13|4|0|0|960000|1|7999|952340
1200000|2|1650|13|4|1|2|240000|1|7999|246010
1200000|2|1650|13|4|0|0|960000|2|16001|953314
1200000|2|1650|13|4|1|2|240000|2|16001|248388
1200000|2|1650|13|4|0|0|960000|3|24003|955184
1200000|2|1650|13|4|1|2|240000|3|24003|251819
1200000|2|1650|13|4|0|0|960000|4|32007|958304
1200000|2|1650|13|4|1|2|240000|4|32007|255215
1200000|2|1650|13|5|0|0|960000|0|0|954542
1200000|2|1650|13|5|1|2|240000|0|0|244839
1200000|2|1650|13|5|0|0|960000|1|8000|953350
1200000|2|1650|13|5|1|2|240000|1|8000|246555
1200000|2|1650|13|5|0|0|960000|2|16002|954873
1200000|2|1650|13|5|1|2|240000|2|16002|249832
1200000|2|1650|13|5|0|0|960000|3|24005|957524
1200000|2|1650|13|5|1|2|240000|3|24005|253571
1200000|2|1650|13|5|0|0|960000|4|32011|960878
1200000|2|1650|13|5|1|2|240000|4|32011|257085
1200000|2|1651|13|1|0|0|960000|0|0|952867
1200000|2|1651|13|1|1|2|240000|0|0|245540
1200000|2|1651|13|1|0|0|960000|1|7999|950738
1200000|2|1651|13|1|1|2|240000|1|7999|248659
1200000|2|1651|13|1|0|0|960000|2|16001|952143
1200000|2|1651|13|1|1|2|240000|2|16001|252366
1200000|2|1651|13|1|0|0|960000|3|24005|954872
1200000|2|1651|13|1|1|2|240000|3|24005|256656
1200000|2|1651|13|1|0|0|960000|4|32011|957913
1200000|2|1651|13|1|1|2|240000|4|32011|260360
1200000|2|1651|13|2|0|0|960000|0|0|939216
1200000|2|1651|13|2|1|2|240000|0|0|249479
1200000|2|1651|13|2|0|0|960000|1|7999|933032
1200000|2|1651|13|2|1|2|240000|1|7999|252172
1200000|2|1651|13|2|0|0|960000|2|16001|930927
1200000|2|1651|13|2|1|2|240000|2|16001|255135
1200000|2|1651|13|2|0|0|960000|3|24006|930967
1200000|2|1651|13|2|1|2|240000|3|24006|258956
1200000|2|1651|13|2|0|0|960000|4|32011|932605
1200000|2|1651|13|2|1|2|240000|4|32011|263248
1200000|2|1651|13|3|0|0|960000|0|0|927868
1200000|2|1651|13|3|1|2|240000|0|0|260750
1200000|2|1651|13|3|0|0|960000|1|8001|916418
1200000|2|1651|13|3|1|2|240000|1|8001|263129
1200000|2|1651|13|3|0|0|960000|2|16004|911543
1200000|2|1651|13|3|1|2|240000|2|16004|266327
1200000|2|1651|13|3|0|0|960000|3|24008|910218
1200000|2|1651|13|3|1|2|240000|3|24008|269057
1200000|2|1651|13|3|0|0|960000|4|32011|910569
1200000|2|1651|13|3|1|2|240000|4|32011|271905
1200000|2|1651|13|4|0|0|960000|0|0|951112
1200000|2|1651|13|4|1|2|240000|0|0|244217
1200000|2|1651|13|4|0|0|960000|1|7999|949022
1200000|2|1651|13|4|1|2|240000|1|7999|245229
1200000|2|1651|13|4|0|0|960000|2|16001|949101
1200000|2|1651|13|4|1|2|240000|2|16001|247179
1200000|2|1651|13|4|0|0|960000|3|24005|950740
1200000|2|1651|13|4|1|2|240000|3|24005|249828
1200000|2|1651|13|4|0|0|960000|4|32010|953741
1200000|2|1651|13|4|1|2|240000|4|32010|253457
1200000|2|1651|13|5|0|0|960000|0|0|941516
1200000|2|1651|13|5|1|2|240000|0|0|255330
1200000|2|1651|13|5|0|0|960000|1|8002|937592
1200000|2|1651|13|5|1|2|240000|1|8002|258527
1200000|2|1651|13|5|0|0|960000|2|16007|937596
1200000|2|1651|13|5|1|2|240000|2|16007|261920
1200000|2|1651|13|5|0|0|960000|3|24013|940208
1200000|2|1651|13|5|1|2|240000|3|24013|264962
1200000|2|1651|13|5|0|0|960000|4|32019|943991
1200000|2|1651|13|5|1|2|240000|4|32019|268317
1200000|2|1652|13|1|0|0|960000|0|0|954892
1200000|2|1652|13|1|1|2|240000|0|0|241134
1200000|2|1652|13|1|0|0|960000|1|8000|954326
1200000|2|1652|13|1|1|2|240000|1|8000|242148
1200000|2|1652|13|1|0|0|960000|2|16002|956588
1200000|2|1652|13|1|1|2|240000|2|16002|243669
1200000|2|1652|13|1|0|0|960000|3|24006|959980
1200000|2|1652|13|1|1|2|240000|3|24006|246361
1200000|2|1652|13|1|0|0|960000|4|32012|963726
1200000|2|1652|13|1|1|2|240000|4|32012|250064
1200000|2|1652|13|2|0|0|960000|0|0|954113
1200000|2|1652|13|2|1|2|240000|0|0|240979
1200000|2|1652|13|2|0|0|960000|1|7999|953937
1200000|2|1652|13|2|1|2|240000|1|7999|242265
1200000|2|1652|13|2|0|0|960000|2|16002|955497
1200000|2|1652|13|2|1|2|240000|2|16002|244721
1200000|2|1652|13|2|0|0|960000|3|24007|958304
1200000|2|1652|13|2|1|2|240000|3|24007|247644
1200000|2|1652|13|2|0|0|960000|4|32012|962281
1200000|2|1652|13|2|1|2|240000|4|32012|249947
1200000|2|1652|13|3|0|0|960000|0|0|942218
1200000|2|1652|13|3|1|2|240000|0|0|241718
1200000|2|1652|13|3|0|0|960000|1|7999|938299
1200000|2|1652|13|3|1|2|240000|1|7999|242734
1200000|2|1652|13|3|0|0|960000|2|16001|938454
1200000|2|1652|13|3|1|2|240000|2|16001|245147
1200000|2|1652|13|3|0|0|960000|3|24005|940053
1200000|2|1652|13|3|1|2|240000|3|24005|247452
1200000|2|1652|13|3|0|0|960000|4|32009|943055
1200000|2|1652|13|3|1|2|240000|4|32009|249246
1200000|2|1652|13|4|0|0|960000|0|0|954774
1200000|2|1652|13|4|1|2|240000|0|0|239847
1200000|2|1652|13|4|0|0|960000|1|7999|954288
1200000|2|1652|13|4|1|2|240000|1|7999|240470
1200000|2|1652|13|4|0|0|960000|2|16001|956161
1200000|2|1652|13|4|1|2|240000|2|16001|241914
1200000|2|1652|13|4|0|0|960000|3|24003|958813
1200000|2|1652|13|4|1|2|240000|3|24003|243280
1200000|2|1652|13|4|0|0|960000|4|32006|962555
1200000|2|1652|13|4|1|2|240000|4|32006|245190
1200000|2|1652|13|5|0|0|960000|0|0|956022
1200000|2|1652|13|5|1|2|240000|0|0|237663
1200000|2|1652|13|5|0|0|960000|1|7999|956083
1200000|2|1652|13|5|1|2|240000|1|7999|238832
1200000|2|1652|13|5|0|0|960000|2|16000|958889
1200000|2|1652|13|5|1|2|240000|2|16000|241248
1200000|2|1652|13|5|0|0|960000|3|24003|962674
1200000|2|1652|13|5|1|2|240000|3|24003|243158
1200000|2|1652|13|5|0|0|960000|4|32006|967042
1200000|2|1652|13|5|1|2|240000|4|32006|245502
1200000|2|1653|13|1|0|0|960000|0|0|929621
1200000|2|1653|13|1|1|2|240000|0|0|248307
1200000|2|1653|13|1|0|0|960000|1|8000|919150
1200000|2|1653|13|1|1|2|240000|1|8000|250219
1200000|2|1653|13|1|0|0|960000|2|16002|915328
1200000|2|1653|13|1|1|2|240000|2|16002|253107
1200000|2|1653|13|1|0|0|960000|3|24006|915131
1200000|2|1653|13|1|1|2|240000|3|24006|256187
1200000|2|1653|13|1|0|0|960000|4|32011|917040
1200000|2|1653|13|1|1|2|240000|4|32011|259695
1200000|2|1653|13|2|0|0|960000|0|0|952124
1200000|2|1653|13|2|1|2|240000|0|0|239492
1200000|2|1653|13|2|0|0|960000|1|7999|949294
1200000|2|1653|13|2|1|2|240000|1|7999|241679
1200000|2|1653|13|2|0|0|960000|2|16001|949415
1200000|2|1653|13|2|1|2|240000|2|16001|245034
1200000|2|1653|13|2|0|0|960000|3|24004|952103
1200000|2|1653|13|2|1|2|240000|3|24004|247805
1200000|2|1653|13|2|0|0|960000|4|32009|955654
1200000|2|1653|13|2|1|2|240000|4|32009|250689
1200000|2|1653|13|3|0|0|960000|0|0|952866
1200000|2|1653|13|3|1|2|240000|0|0|244137
1200000|2|1653|13|3|0|0|960000|1|8000|950271
1200000|2|1653|13|3|1|2|240000|1|8000|245774
1200000|2|1653|13|3|0|0|960000|2|16001|950779
1200000|2|1653|13|3|1|2|240000|2|16001|247686
1200000|2|1653|13|3|0|0|960000|3|24004|952414
1200000|2|1653|13|3|1|2|240000|3|24004|250767
1200000|2|1653|13|3|0|0|960000|4|32008|955067
1200000|2|1653|13|3|1|2|240000|4|32008|253613
1200000|2|1653|13|4|0|0|960000|0|0|927438
1200000|2|1653|13|4|1|2|240000|0|0|250534
1200000|2|1653|13|4|0|0|960000|1|7999|915484
1200000|2|1653|13|4|1|2|240000|1|7999|252989
1200000|2|1653|13|4|0|0|960000|2|16000|910763
1200000|2|1653|13|4|1|2|240000|2|16000|256421
1200000|2|1653|13|4|0|0|960000|3|24004|910061
1200000|2|1653|13|4|1|2|240000|3|24004|259893
1200000|2|1653|13|4|0|0|960000|4|32009|910452
1200000|2|1653|13|4|1|2|240000|4|32009|262623
1200000|2|1653|13|5|0|0|960000|0|0|927010
1200000|2|1653|13|5|1|2|240000|0|0|249518
1200000|2|1653|13|5|0|0|960000|1|8000|914975
1200000|2|1653|13|5|1|2|240000|1|8000|251430
1200000|2|1653|13|5|0|0|960000|2|16002|909595
1200000|2|1653|13|5|1|2|240000|2|16002|253575
1200000|2|1653|13|5|0|0|960000|3|24004|907527
1200000|2|1653|13|5|1|2|240000|3|24004|255719
1200000|2|1653|13|5|0|0|960000|4|32008|907917
1200000|2|1653|13|5|1|2|240000|4|32008|258332
1200000|2|1654|13|1|0|0|960000|0|0|926423
1200000|2|1654|13|1|1|2|240000|0|0|251117
1200000|2|1654|13|1|0|0|960000|1|7999|913843
1200000|2|1654|13|1|1|2|240000|1|7999|253341
1200000|2|1654|13|1|0|0|960000|2|16000|907758
1200000|2|1654|13|1|1|2|240000|2|16000|256422
1200000|2|1654|13|1|0|0|960000|3|24003|906125
1200000|2|1654|13|1|1|2|240000|3|24003|259074
1200000|2|1654|13|1|0|0|960000|4|32007|907059
1200000|2|1654|13|1|1|2|240000|4|32007|261688
1200000|2|1654|13|2|0|0|960000|0|0|926503
1200000|2|1654|13|2|1|2|240000|0|0|250806
1200000|2|1654|13|2|0|0|960000|1|8000|913766
1200000|2|1654|13|2|1|2|240000|1|8000|252873
1200000|2|1654|13|2|0|0|960000|2|16002|907292
1200000|2|1654|13|2|1|2|240000|2|16002|254898
1200000|2|1654|13|2|0|0|960000|3|24005|904914
1200000|2|1654|13|2|1|2|240000|3|24005|257864
1200000|2|1654|13|2|0|0|960000|4|32010|904289
1200000|2|1654|13|2|1|2|240000|4|32010|261452
1200000|2|1654|13|3|0|0|960000|0|0|949824
1200000|2|1654|13|3|1|2|240000|0|0|242110
1200000|2|1654|13|3|0|0|960000|1|7998|945592
1200000|2|1654|13|3|1|2|240000|1|7998|244056
1200000|2|1654|13|3|0|0|960000|2|15999|944420
1200000|2|1654|13|3|1|2|240000|2|15999|246087
1200000|2|1654|13|3|0|0|960000|3|24001|945319
1200000|2|1654|13|3|1|2|240000|3|24001|248544
1200000|2|1654|13|3|0|0|960000|4|32004|946138
1200000|2|1654|13|3|1|2|240000|4|32004|251700
1200000|2|1654|13|4|0|0|960000|0|0|926229
1200000|2|1654|13|4|1|2|240000|0|0|251586
1200000|2|1654|13|4|0|0|960000|1|8000|913611
1200000|2|1654|13|4|1|2|240000|1|8000|253651
1200000|2|1654|13|4|0|0|960000|2|16003|907409
1200000|2|1654|13|4|1|2|240000|2|16003|256850
1200000|2|1654|13|4|0|0|960000|3|24006|904407
1200000|2|1654|13|4|1|2|240000|3|24006|260945
1200000|2|1654|13|4|0|0|960000|4|32011|903510
1200000|2|1654|13|4|1|2|240000|4|32011|264846
1200000|2|1654|13|5|0|0|960000|0|0|937579
1200000|2|1654|13|5|1|2|240000|0|0|247726
1200000|2|1654|13|5|0|0|960000|1|7998|929952
1200000|2|1654|13|5|1|2|240000|1|7998|249830
1200000|2|1654|13|5|0|0|960000|2|15999|926404
1200000|2|1654|13|5|1|2|240000|2|15999|252367
1200000|2|1654|13|5|0|0|960000|3|24002|926051
1200000|2|1654|13|5|1|2|240000|3|24002|255876
1200000|2|1654|13|5|0|0|960000|4|32005|927300
1200000|2|1654|13|5|1|2|240000|4|32005|258998
1200000|2|1655|13|1|0|0|960000|0|0|951813
1200000|2|1655|13|1|1|2|240000|0|0|244056
1200000|2|1655|13|1|0|0|960000|1|7998|948983
1200000|2|1655|13|1|1|2|240000|1|7998|246242
1200000|2|1655|13|1|0|0|960000|2|16000|948165
1200000|2|1655|13|1|1|2|240000|2|16000|248466
1200000|2|1655|13|1|0|0|960000|3|24003|948866
1200000|2|1655|13|1|1|2|240000|3|24003|251937
1200000|2|1655|13|1|0|0|960000|4|32007|950933
1200000|2|1655|13|1|1|2|240000|4|32007|255564
1200000|2|1655|13|2|0|0|960000|0|0|926931
1200000|2|1655|13|2|1|2|240000|0|0|247844
1200000|2|1655|13|2|0|0|960000|1|7997|914158
1200000|2|1655|13|2|1|2|240000|1|7997|249209
1200000|2|1655|13|2|0|0|960000|2|15998|907839
1200000|2|1655|13|2|1|2|240000|2|15998|251390
1200000|2|1655|13|2|0|0|960000|3|24000|905654
1200000|2|1655|13|2|1|2|240000|3|24000|253690
1200000|2|1655|13|2|0|0|960000|4|32004|906395
1200000|2|1655|13|2|1|2|240000|4|32004|256461
1200000|2|1655|13|3|0|0|960000|0|0|939137
1200000|2|1655|13|3|1|2|240000|0|0|249402
1200000|2|1655|13|3|0|0|960000|1|8000|932681
1200000|2|1655|13|3|1|2|240000|1|8000|251390
1200000|2|1655|13|3|0|0|960000|2|16002|930264
1200000|2|1655|13|3|1|2|240000|2|16002|254432
1200000|2|1655|13|3|0|0|960000|3|24005|929797
1200000|2|1655|13|3|1|2|240000|3|24005|257594
1200000|2|1655|13|3|0|0|960000|4|32009|930417
1200000|2|1655|13|3|1|2|240000|4|32009|260829
1200000|2|1655|13|4|0|0|960000|0|0|937695
1200000|2|1655|13|4|1|2|240000|0|0|248116
1200000|2|1655|13|4|0|0|960000|1|7998|930068
1200000|2|1655|13|4|1|2|240000|1|7998|249830
1200000|2|1655|13|4|0|0|960000|2|15999|926792
1200000|2|1655|13|4|1|2|240000|2|15999|252871
1200000|2|1655|13|4|0|0|960000|3|24002|926207
1200000|2|1655|13|4|1|2|240000|3|24002|255991
1200000|2|1655|13|4|0|0|960000|4|32006|927143
1200000|2|1655|13|4|1|2|240000|4|32006|259307
1200000|2|1655|13|5|0|0|960000|0|0|926929
1200000|2|1655|13|5|1|2|240000|0|0|251898
1200000|2|1655|13|5|0|0|960000|1|7998|914469
1200000|2|1655|13|5|1|2|240000|1|7998|254157
1200000|2|1655|13|5|0|0|960000|2|16000|908229
1200000|2|1655|13|5|1|2|240000|2|16000|256890
1200000|2|1655|13|5|0|0|960000|3|24002|905733
1200000|2|1655|13|5|1|2|240000|3|24002|260360
1200000|2|1655|13|5|0|0|960000|4|32006|905189
1200000|2|1655|13|5|1|2|240000|4|32006|264026
1200000|2|1656|13|1|0|0|960000|0|0|927673
1200000|2|1656|13|1|1|2|240000|0|0|253809
1200000|2|1656|13|1|0|0|960000|1|7998|915446
1200000|2|1656|13|1|1|2|240000|1|7998|256614
1200000|2|1656|13|1|0|0|960000|2|15999|909515
1200000|2|1656|13|1|1|2|240000|2|15999|259855
1200000|2|1656|13|1|0|0|960000|3|24002|908424
1200000|2|1656|13|1|1|2|240000|3|24002|263676
1200000|2|1656|13|1|0|0|960000|4|32006|909048
1200000|2|1656|13|1|1|2|240000|4|32006|268118
1200000|2|1656|13|2|0|0|960000|0|0|951772
1200000|2|1656|13|2|1|2|240000|0|0|241328
1200000|2|1656|13|2|0|0|960000|1|7998|948942
1200000|2|1656|13|2|1|2|240000|1|7998|243590
1200000|2|1656|13|2|0|0|960000|2|16000|949373
1200000|2|1656|13|2|1|2|240000|2|16000|246555
1200000|2|1656|13|2|0|0|960000|3|24003|951364
1200000|2|1656|13|2|1|2|240000|3|24003|249091
1200000|2|1656|13|2|0|0|960000|4|32005|954248
1200000|2|1656|13|2|1|2|240000|4|32005|252911
1200000|2|1656|13|3|0|0|960000|0|0|929505
1200000|2|1656|13|3|1|2|240000|0|0|248385
1200000|2|1656|13|3|0|0|960000|1|7998|918992
1200000|2|1656|13|3|1|2|240000|1|7998|249987
1200000|2|1656|13|3|0|0|960000|2|15999|914237
1200000|2|1656|13|3|1|2|240000|2|15999|252717
1200000|2|1656|13|3|0|0|960000|3|24002|913689
1200000|2|1656|13|3|1|2|240000|3|24002|256460
1200000|2|1656|13|3|0|0|960000|4|32006|915171
1200000|2|1656|13|3|1|2|240000|4|32006|260400
1200000|2|1656|13|4|0|0|960000|0|1|942803
1200000|2|1656|13|4|1|2|240000|0|1|246759
1200000|2|1656|13|4|0|0|960000|1|7999|938610
1200000|2|1656|13|4|1|2|240000|1|7999|248826
1200000|2|1656|13|4|0|0|960000|2|16000|938453
1200000|2|1656|13|4|1|2|240000|2|16000|251157
1200000|2|1656|13|4|0|0|960000|3|24002|940248
1200000|2|1656|13|4|1|2|240000|3|24002|253418
1200000|2|1656|13|4|0|0|960000|4|32005|943757
1200000|2|1656|13|4|1|2|240000|4|32005|255722
1200000|2|1656|13|5|0|0|960000|0|0|954074
1200000|2|1656|13|5|1|2|240000|0|0|237399
1200000|2|1656|13|5|0|0|960000|1|7997|952845
1200000|2|1656|13|5|1|2|240000|1|7997|237945
1200000|2|1656|13|5|0|0|960000|2|15997|954210
1200000|2|1656|13|5|1|2|240000|2|15997|239427
1200000|2|1656|13|5|0|0|960000|3|24000|957408
1200000|2|1656|13|5|1|2|240000|3|24000|241962
1200000|2|1656|13|5|0|0|960000|4|32004|960841
1200000|2|1656|13|5|1|2|240000|4|32004|244692
1200000|2|1657|13|1|0|0|960000|0|0|943700
1200000|2|1657|13|1|1|2|240000|0|0|247256
1200000|2|1657|13|1|0|0|960000|1|7998|939897
1200000|2|1657|13|1|1|2|240000|1|7998|249168
1200000|2|1657|13|1|0|0|960000|2|16001|940053
1200000|2|1657|13|1|1|2|240000|2|16001|250688
1200000|2|1657|13|1|0|0|960000|3|24003|941768
1200000|2|1657|13|1|1|2|240000|3|24003|253262
1200000|2|1657|13|1|0|0|960000|4|32007|945241
1200000|2|1657|13|1|1|2|240000|4|32007|256226
1200000|2|1657|13|2|0|0|960000|0|0|954540
1200000|2|1657|13|2|1|2|240000|0|0|242001
1200000|2|1657|13|2|0|0|960000|1|8000|953469
1200000|2|1657|13|2|1|2|240000|1|8000|244068
1200000|2|1657|13|2|0|0|960000|2|16001|955497
1200000|2|1657|13|2|1|2|240000|2|16001|246321
1200000|2|1657|13|2|0|0|960000|3|24004|958150
1200000|2|1657|13|2|1|2|240000|3|24004|249169
1200000|2|1657|13|2|0|0|960000|4|32009|961423
1200000|2|1657|13|2|1|2|240000|4|32009|252755
1200000|2|1657|13|3|0|0|960000|0|0|954696
1200000|2|1657|13|3|1|2|240000|0|0|250844
1200000|2|1657|13|3|0|0|960000|1|7999|953197
1200000|2|1657|13|3|1|2|240000|1|7999|254122
1200000|2|1657|13|3|0|0|960000|2|16002|954367
1200000|2|1657|13|3|1|2|240000|2|16002|257201
1200000|2|1657|13|3|0|0|960000|3|24005|956863
1200000|2|1657|13|3|1|2|240000|3|24005|259307
1200000|2|1657|13|3|0|0|960000|4|32008|960488
1200000|2|1657|13|3|1|2|240000|4|32008|261766
1200000|2|1657|13|4|0|0|960000|0|0|953879
1200000|2|1657|13|4|1|2|240000|0|0|241104
1200000|2|1657|13|4|0|0|960000|1|7998|952338
1200000|2|1657|13|4|1|2|240000|1|7998|242937
1200000|2|1657|13|4|0|0|960000|2|16000|953429
1200000|2|1657|13|4|1|2|240000|2|16000|246525
1200000|2|1657|13|4|0|0|960000|3|24003|955652
1200000|2|1657|13|4|1|2|240000|3|24003|249684
1200000|2|1657|13|4|0|0|960000|4|32008|958654
1200000|2|1657|13|4|1|2|240000|4|32008|253467
1200000|2|1657|13|5|0|0|960000|0|0|930754
1200000|2|1657|13|5|1|2|240000|0|0|255681
1200000|2|1657|13|5|0|0|960000|1|8000|921879
1200000|2|1657|13|5|1|2|240000|1|8000|258254
1200000|2|1657|13|5|0|0|960000|2|16003|919031
1200000|2|1657|13|5|1|2|240000|2|16003|260596
1200000|2|1657|13|5|0|0|960000|3|24006|919538
1200000|2|1657|13|5|1|2|240000|3|24006|263443
1200000|2|1657|13|5|0|0|960000|4|32009|922620
1200000|2|1657|13|5|1|2|240000|4|32009|266679
1200000|2|1658|13|1|0|0|960000|0|0|954347
1200000|2|1658|13|1|1|2|240000|0|0|225777
1200000|2|1658|13|1|0|0|960000|1|7998|953467
1200000|2|1658|13|1|1|2|240000|1|7998|226674
1200000|2|1658|13|1|0|0|960000|2|15999|955380
1200000|2|1658|13|1|1|2|240000|2|15999|228897
1200000|2|1658|13|1|0|0|960000|3|24001|959006
1200000|2|1658|13|1|1|2|240000|3|24001|231159
1200000|2|1658|13|1|0|0|960000|4|32004|963062
1200000|2|1658|13|1|1|2|240000|4|32004|234006
1200000|2|1658|13|2|0|0|960000|0|0|957737
1200000|2|1658|13|2|1|2|240000|0|0|240948
1200000|2|1658|13|2|0|0|960000|1|7999|958889
1200000|2|1658|13|2|1|2|240000|1|7999|243171
1200000|2|1658|13|2|0|0|960000|2|16001|962009
1200000|2|1658|13|2|1|2|240000|2|16001|245191
1200000|2|1658|13|2|0|0|960000|3|24004|965985
1200000|2|1658|13|2|1|2|240000|3|24004|247334
1200000|2|1658|13|2|0|0|960000|4|32007|971329
1200000|2|1658|13|2|1|2|240000|4|32007|250415
1200000|2|1658|13|3|0|0|960000|0|0|945845
1200000|2|1658|13|3|1|2|240000|0|0|246242
1200000|2|1658|13|3|0|0|960000|1|7999|944110
1200000|2|1658|13|3|1|2|240000|1|7999|248740
1200000|2|1658|13|3|0|0|960000|2|16002|946331
1200000|2|1658|13|3|1|2|240000|2|16002|252132
1200000|2|1658|13|3|0|0|960000|3|24006|950311
1200000|2|1658|13|3|1|2|240000|3|24006|256384
1200000|2|1658|13|3|0|0|960000|4|32012|955106
1200000|2|1658|13|3|1|2|240000|4|32012|260712
1200000|2|1658|13|4|0|0|960000|0|0|956765
1200000|2|1658|13|4|1|2|240000|0|0|250074
1200000|2|1658|13|4|0|0|960000|1|7999|956473
1200000|2|1658|13|4|1|2|240000|1|7999|252324
1200000|2|1658|13|4|0|0|960000|2|16001|958852
1200000|2|1658|13|4|1|2|240000|2|16001|254354
1200000|2|1658|13|4|0|0|960000|3|24003|962867
1200000|2|1658|13|4|1|2|240000|3|24003|256774
1200000|2|1658|13|4|0|0|960000|4|32007|967510
1200000|2|1658|13|4|1|2|240000|4|32007|260085
1200000|2|1658|13|5|0|0|960000|0|0|955128
1200000|2|1658|13|5|1|2|240000|0|0|236502
1200000|2|1658|13|5|0|0|960000|1|7999|954561
1200000|2|1658|13|5|1|2|240000|1|7999|238647
1200000|2|1658|13|5|0|0|960000|2|16000|956745
1200000|2|1658|13|5|1|2|240000|2|16000|241143
1200000|2|1658|13|5|0|0|960000|3|24003|959864
1200000|2|1658|13|5|1|2|240000|3|24003|244848
1200000|2|1658|13|5|0|0|960000|4|32009|963804
1200000|2|1658|13|5|1|2|240000|4|32009|249088
1200000|2|1659|13|1|0|0|960000|0|0|955205
1200000|2|1659|13|1|1|2|240000|0|0|241419
1200000|2|1659|13|1|0|0|960000|1|7999|954366
1200000|2|1659|13|1|1|2|240000|1|7999|244099
1200000|2|1659|13|1|0|0|960000|2|16001|955925
1200000|2|1659|13|1|1|2|240000|2|16001|247414
1200000|2|1659|13|1|0|0|960000|3|24005|959397
1200000|2|1659|13|1|1|2|240000|3|24005|251429
1200000|2|1659|13|1|0|0|960000|4|32010|963685
1200000|2|1659|13|1|1|2|240000|4|32010|255213
1200000|2|1659|13|2|0|0|960000|0|0|956026
1200000|2|1659|13|2|1|2|240000|0|0|244487
1200000|2|1659|13|2|0|0|960000|1|8001|956004
1200000|2|1659|13|2|1|2|240000|1|8001|247842
1200000|2|1659|13|2|0|0|960000|2|16004|958110
1200000|2|1659|13|2|1|2|240000|2|16004|252014
1200000|2|1659|13|2|0|0|960000|3|24009|961385
1200000|2|1659|13|2|1|2|240000|3|24009|256616
1200000|2|1659|13|2|0|0|960000|4|32014|964932
1200000|2|1659|13|2|1|2|240000|4|32014|260672
1200000|2|1659|13|3|0|0|960000|0|1|956454
1200000|2|1659|13|3|1|2|240000|0|1|243249
1200000|2|1659|13|3|0|0|960000|1|8001|955495
1200000|2|1659|13|3|1|2|240000|1|8001|245542
1200000|2|1659|13|3|0|0|960000|2|16003|957366
1200000|2|1659|13|3|1|2|240000|2|16003|248934
1200000|2|1659|13|3|0|0|960000|3|24007|960217
1200000|2|1659|13|3|1|2|240000|3|24007|252753
1200000|2|1659|13|3|0|0|960000|4|32013|963805
1200000|2|1659|13|3|1|2|240000|4|32013|257007
1200000|2|1659|13|4|0|0|960000|0|0|953331
1200000|2|1659|13|4|1|2|240000|0|0|244302
1200000|2|1659|13|4|0|0|960000|1|7999|950971
1200000|2|1659|13|4|1|2|240000|1|7999|246954
1200000|2|1659|13|4|0|0|960000|2|16001|952529
1200000|2|1659|13|4|1|2|240000|2|16001|250532
1200000|2|1659|13|4|0|0|960000|3|24005|955263
1200000|2|1659|13|4|1|2|240000|3|24005|254746
1200000|2|1659|13|4|0|0|960000|4|32011|958772
1200000|2|1659|13|4|1|2|240000|4|32011|258995
1200000|2|1659|13|5|0|0|960000|0|1|941479
1200000|2|1659|13|5|1|2|240000|0|1|255174
1200000|2|1659|13|5|0|0|960000|1|8000|936190
1200000|2|1659|13|5|1|2|240000|1|8000|257045
1200000|2|1659|13|5|0|0|960000|2|16001|935019
1200000|2|1659|13|5|1|2|240000|2|16001|259851
1200000|2|1659|13|5|0|0|960000|3|24005|935763
1200000|2|1659|13|5|1|2|240000|3|24005|263284
1200000|2|1659|13|5|0|0|960000|4|32010|937596
1200000|2|1659|13|5|1|2|240000|4|32010|266288
1200000|2|1660|13|1|0|0|960000|0|0|950330
1200000|2|1660|13|1|1|2|240000|0|0|243132
1200000|2|1660|13|1|0|0|960000|1|7998|946333
1200000|2|1660|13|1|1|2|240000|1|7998|244965
1200000|2|1660|13|1|0|0|960000|2|15999|945865
1200000|2|1660|13|1|1|2|240000|2|15999|247812
1200000|2|1660|13|1|0|0|960000|3|24002|947306
1200000|2|1660|13|1|1|2|240000|3|24002|251517
1200000|2|1660|13|1|0|0|960000|4|32006|949333
1200000|2|1660|13|1|1|2|240000|4|32006|255300
1200000|2|1660|13|2|0|0|960000|0|0|950565
1200000|2|1660|13|2|1|2|240000|0|0|244341
1200000|2|1660|13|2|0|0|960000|1|7999|947189
1200000|2|1660|13|2|1|2|240000|1|7999|245628
1200000|2|1660|13|2|0|0|960000|2|15999|945514
1200000|2|1660|13|2|1|2|240000|2|15999|247305
1200000|2|1660|13|2|0|0|960000|3|24001|945824
1200000|2|1660|13|2|1|2|240000|3|24001|249762
1200000|2|1660|13|2|0|0|960000|4|32004|947306
1200000|2|1660|13|2|1|2|240000|4|32004|252258
1200000|2|1660|13|3|0|0|960000|0|0|948341
1200000|2|1660|13|3|1|2|240000|0|0|242820
1200000|2|1660|13|3|0|0|960000|1|7997|943797
1200000|2|1660|13|3|1|2|240000|1|7997|244224
1200000|2|1660|13|3|0|0|960000|2|15997|942119
1200000|2|1660|13|3|1|2|240000|2|15997|246681
1200000|2|1660|13|3|0|0|960000|3|23999|942431
1200000|2|1660|13|3|1|2|240000|3|23999|249801
1200000|2|1660|13|3|0|0|960000|4|32002|943173
1200000|2|1660|13|3|1|2|240000|4|32002|252804
1200000|2|1660|13|4|0|0|960000|0|0|951150
1200000|2|1660|13|4|1|2|240000|0|0|229443
1200000|2|1660|13|4|0|0|960000|1|7998|947382
1200000|2|1660|13|4|1|2|240000|1|7998|230847
1200000|2|1660|13|4|0|0|960000|2|15999|945903
1200000|2|1660|13|4|1|2|240000|2|15999|233538
1200000|2|1660|13|4|0|0|960000|3|24001|945590
1200000|2|1660|13|4|1|2|240000|3|24001|237243
1200000|2|1660|13|4|0|0|960000|4|32004|947035
1200000|2|1660|13|4|1|2|240000|4|32004|240558
1200000|2|1660|13|5|0|0|960000|0|0|947171
1200000|2|1660|13|5|1|2|240000|0|0|230340
1200000|2|1660|13|5|0|0|960000|1|7996|941690
1200000|2|1660|13|5|1|2|240000|1|7996|232095
1200000|2|1660|13|5|0|0|960000|2|15996|939038
1200000|2|1660|13|5|1|2|240000|2|15996|235059
1200000|2|1660|13|5|0|0|960000|3|23999|938765
1200000|2|1660|13|5|1|2|240000|3|23999|238101
1200000|2|1660|13|5|0|0|960000|4|32002|939468
1200000|2|1660|13|5|1|2|240000|4|32002|241689
1200000|2|1661|13|1|0|0|960000|0|0|949356
1200000|2|1661|13|1|1|2|240000|0|0|231120
1200000|2|1661|13|1|0|0|960000|1|7998|944499
1200000|2|1661|13|1|1|2|240000|1|7998|232992
1200000|2|1661|13|1|0|0|960000|2|15998|943017
1200000|2|1661|13|1|1|2|240000|2|15998|236112
1200000|2|1661|13|1|0|0|960000|3|24000|942392
1200000|2|1661|13|1|1|2|240000|3|24000|238959
1200000|2|1661|13|1|0|0|960000|4|32003|943016
1200000|2|1661|13|1|1|2|240000|4|32003|243210
1200000|2|1661|13|2|0|0|960000|0|0|948340
1200000|2|1661|13|2|1|2|240000|0|0|230652
1200000|2|1661|13|2|0|0|960000|1|7997|944146
1200000|2|1661|13|2|1|2|240000|1|7997|232056
1200000|2|1661|13|2|0|0|960000|2|15998|942664
1200000|2|1661|13|2|1|2|240000|2|15998|233928
1200000|2|1661|13|2|0|0|960000|3|23999|942706
1200000|2|1661|13|2|1|2|240000|3|23999|237009
1200000|2|1661|13|2|0|0|960000|4|32002|944223
1200000|2|1661|13|2|1|2|240000|4|32002|240324
1200000|2|1661|13|3|0|0|960000|0|0|950721
1200000|2|1661|13|3|1|2|240000|0|0|240051
1200000|2|1661|13|3|0|0|960000|1|7999|947345
1200000|2|1661|13|3|1|2|240000|1|7999|242586
1200000|2|1661|13|3|0|0|960000|2|16000|946254
1200000|2|1661|13|3|1|2|240000|2|16000|245511
1200000|2|1661|13|3|0|0|960000|3|24003|946604
1200000|2|1661|13|3|1|2|240000|3|24003|248631
1200000|2|1661|13|3|0|0|960000|4|32007|948008
1200000|2|1661|13|3|1|2|240000|4|32007|252015
1200000|2|1661|13|4|0|0|960000|0|0|925488
1200000|2|1661|13|4|1|2|240000|0|0|253810
1200000|2|1661|13|4|0|0|960000|1|7999|912441
1200000|2|1661|13|4|1|2|240000|1|7999|256580
1200000|2|1661|13|4|0|0|960000|2|16002|906237
1200000|2|1661|13|4|1|2|240000|2|16002|260517
1200000|2|1661|13|4|0|0|960000|3|24006|903897
1200000|2|1661|13|4|1|2|240000|3|24006|264027
1200000|2|1661|13|4|0|0|960000|4|32011|903939
1200000|2|1661|13|4|1|2|240000|4|32011|267887
1200000|2|1661|13|5|0|0|960000|0|0|951927
1200000|2|1661|13|5|1|2|240000|0|0|229521
1200000|2|1661|13|5|0|0|960000|1|7999|948867
1200000|2|1661|13|5|1|2|240000|1|7999|232563
1200000|2|1661|13|5|0|0|960000|2|16001|948634
1200000|2|1661|13|5|1|2|240000|2|16001|236502
1200000|2|1661|13|5|0|0|960000|3|24006|950113
1200000|2|1661|13|5|1|2|240000|3|24006|240090
1200000|2|1661|13|5|0|0|960000|4|32011|951948
1200000|2|1661|13|5|1|2|240000|4|32011|244263
1200000|2|1662|13|1|0|0|960000|0|0|939332
1200000|2|1662|13|1|1|2|240000|0|0|242186
1200000|2|1662|13|1|0|0|960000|1|7999|933852
1200000|2|1662|13|1|1|2|240000|1|7999|244330
1200000|2|1662|13|1|0|0|960000|2|16001|932448
1200000|2|1662|13|1|1|2|240000|2|16001|248000
1200000|2|1662|13|1|0|0|960000|3|24005|933112
1200000|2|1662|13|1|1|2|240000|3|24005|251899
1200000|2|1662|13|1|0|0|960000|4|32011|935333
1200000|2|1662|13|1|1|2|240000|4|32011|256265
1200000|2|1662|13|2|0|0|960000|0|1|928760
1200000|2|1662|13|2|1|2|240000|0|1|247649
1200000|2|1662|13|2|0|0|960000|1|8000|917822
1200000|2|1662|13|2|1|2|240000|1|8000|249516
1200000|2|1662|13|2|0|0|960000|2|16003|913183
1200000|2|1662|13|2|1|2|240000|2|16003|252015
1200000|2|1662|13|2|0|0|960000|3|24006|912247
1200000|2|1662|13|2|1|2|240000|3|24006|254900
1200000|2|1662|13|2|0|0|960000|4|32010|913260
1200000|2|1662|13|2|1|2|240000|4|32010|257866
1200000|2|1662|13|3|0|0|960000|0|0|928218
1200000|2|1662|13|3|1|2|240000|0|0|250532
1200000|2|1662|13|3|0|0|960000|1|8000|917082
1200000|2|1662|13|3|1|2|240000|1|8000|253106
1200000|2|1662|13|3|0|0|960000|2|16003|912908
1200000|2|1662|13|3|1|2|240000|2|16003|256500
1200000|2|1662|13|3|0|0|960000|3|24007|912440
1200000|2|1662|13|3|1|2|240000|3|24007|260439
1200000|2|1662|13|3|0|0|960000|4|32012|914196
1200000|2|1662|13|3|1|2|240000|4|32012|264104
1200000|2|1662|13|4|0|0|960000|0|0|953686
1200000|2|1662|13|4|1|2|240000|0|0|229473
1200000|2|1662|13|4|0|0|960000|1|8001|951402
1200000|2|1662|13|4|1|2|240000|1|8001|232241
1200000|2|1662|13|4|0|0|960000|2|16004|952298
1200000|2|1662|13|4|1|2|240000|2|16004|235712
1200000|2|1662|13|4|0|0|960000|3|24008|954792
1200000|2|1662|13|4|1|2|240000|3|24008|239497
1200000|2|1662|13|4|0|0|960000|4|32013|957993
1200000|2|1662|13|4|1|2|240000|4|32013|243280
1200000|2|1662|13|5|0|0|960000|0|0|927204
1200000|2|1662|13|5|1|2|240000|0|0|252443
1200000|2|1662|13|5|0|0|960000|1|8000|915209
1200000|2|1662|13|5|1|2|240000|1|8000|255213
1200000|2|1662|13|5|0|0|960000|2|16002|909829
1200000|2|1662|13|5|1|2|240000|2|16002|258369
1200000|2|1662|13|5|0|0|960000|3|24006|909128
1200000|2|1662|13|5|1|2|240000|3|24006|262272
1200000|2|1662|13|5|0|0|960000|4|32011|911153
1200000|2|1662|13|5|1|2|240000|4|32011|266091
1200000|2|1663|13|1|0|0|960000|0|0|953491
1200000|2|1663|13|1|1|2|240000|0|0|234539
1200000|2|1663|13|1|0|0|960000|1|8001|951207
1200000|2|1663|13|1|1|2|240000|1|8001|237467
1200000|2|1663|13|1|0|0|960000|2|16004|951517
1200000|2|1663|13|1|1|2|240000|2|16004|240938
1200000|2|1663|13|1|0|0|960000|3|24008|953585
1200000|2|1663|13|1|1|2|240000|3|24008|245073
1200000|2|1663|13|1|0|0|960000|4|32013|956589
1200000|2|1663|13|1|1|2|240000|4|32013|249556
1200000|2|1663|13|2|0|0|960000|0|0|926852
1200000|2|1663|13|2|1|2|240000|0|0|258489
1200000|2|1663|13|2|0|0|960000|1|8000|914662
1200000|2|1663|13|2|1|2|240000|1|8000|262115
1200000|2|1663|13|2|0|0|960000|2|16003|908970
1200000|2|1663|13|2|1|2|240000|2|16003|266207
1200000|2|1663|13|2|0|0|960000|3|24008|908150
1200000|2|1663|13|2|1|2|240000|3|24008|270580
1200000|2|1663|13|2|0|0|960000|4|32013|908811
1200000|2|1663|13|2|1|2|240000|4|32013|274791
1200000|2|1663|13|3|0|0|960000|0|0|950410
1200000|2|1663|13|3|1|2|240000|0|0|235244
1200000|2|1663|13|3|0|0|960000|1|8001|945942
1200000|2|1663|13|3|1|2|240000|1|8001|237701
1200000|2|1663|13|3|0|0|960000|2|16004|944535
1200000|2|1663|13|3|1|2|240000|2|16004|240665
1200000|2|1663|13|3|0|0|960000|3|24008|944734
1200000|2|1663|13|3|1|2|240000|3|24008|243864
1200000|2|1663|13|3|0|0|960000|4|32012|946176
1200000|2|1663|13|3|1|2|240000|4|32012|247297
1200000|2|1663|13|4|0|0|960000|0|0|951227
1200000|2|1663|13|4|1|2|240000|0|0|235047
1200000|2|1663|13|4|0|0|960000|1|7999|948087
1200000|2|1663|13|4|1|2|240000|1|7999|237938
1200000|2|1663|13|4|0|0|960000|2|16000|948243
1200000|2|1663|13|4|1|2|240000|2|16000|241562
1200000|2|1663|13|4|0|0|960000|3|24004|949725
1200000|2|1663|13|4|1|2|240000|3|24004|245498
1200000|2|1663|13|4|0|0|960000|4|32009|951753
1200000|2|1663|13|4|1|2|240000|4|32009|250065
1200000|2|1663|13|5|0|0|960000|0|0|951541
1200000|2|1663|13|5|1|2|240000|0|0|242890
1200000|2|1663|13|5|0|0|960000|1|8001|948594
1200000|2|1663|13|5|1|2|240000|1|8001|246242
1200000|2|1663|13|5|0|0|960000|2|16004|948826
1200000|2|1663|13|5|1|2|240000|2|16004|249248
1200000|2|1663|13|5|0|0|960000|3|24008|949958
1200000|2|1663|13|5|1|2|240000|3|24008|253577
1200000|2|1663|13|5|0|0|960000|4|32014|952417
1200000|2|1663|13|5|1|2|240000|4|32014|258257
1200000|2|1664|13|1|0|0|960000|0|0|950059
1200000|2|1664|13|1|1|2|240000|0|0|241718
1200000|2|1664|13|1|0|0|960000|1|8000|946721
1200000|2|1664|13|1|1|2|240000|1|8000|244605
1200000|2|1664|13|1|0|0|960000|2|16003|945824
1200000|2|1664|13|1|1|2|240000|2|16003|247842
1200000|2|1664|13|1|0|0|960000|3|24007|946721
1200000|2|1664|13|1|1|2|240000|3|24007|251777
1200000|2|1664|13|1|0|0|960000|4|32012|948242
1200000|2|1664|13|1|1|2|240000|4|32012|256538
1200000|2|1664|13|2|0|0|960000|0|1|926151
1200000|2|1664|13|2|1|2|240000|0|1|259775
1200000|2|1664|13|2|0|0|960000|1|8000|913453
1200000|2|1664|13|2|1|2|240000|1|8000|262230
1200000|2|1664|13|2|0|0|960000|2|16003|907254
1200000|2|1664|13|2|1|2|240000|2|16003|265315
1200000|2|1664|13|2|0|0|960000|3|24007|904173
1200000|2|1664|13|2|1|2|240000|3|24007|268941
1200000|2|1664|13|2|0|0|960000|4|32012|903900
1200000|2|1664|13|2|1|2|240000|4|32012|273115
1200000|2|1664|13|3|0|0|960000|0|0|950487
1200000|2|1664|13|3|1|2|240000|0|0|227641
1200000|2|1664|13|3|0|0|960000|1|7998|946918
1200000|2|1664|13|3|1|2|240000|1|7998|229786
1200000|2|1664|13|3|0|0|960000|2|15999|946409
1200000|2|1664|13|3|1|2|240000|2|15999|232515
1200000|2|1664|13|3|0|0|960000|3|24002|946841
1200000|2|1664|13|3|1|2|240000|3|24002|235324
1200000|2|1664|13|3|0|0|960000|4|32006|948515
1200000|2|1664|13|3|1|2|240000|4|32006|238560
1200000|2|1664|13|4|0|0|960000|0|0|927474
1200000|2|1664|13|4|1|2|240000|0|0|251468
1200000|2|1664|13|4|0|0|960000|1|7998|916182
1200000|2|1664|13|4|1|2|240000|1|7998|253613
1200000|2|1664|13|4|0|0|960000|2|16000|911661
1200000|2|1664|13|4|1|2|240000|2|16000|256422
1200000|2|1664|13|4|0|0|960000|3|24003|910100
1200000|2|1664|13|4|1|2|240000|3|24003|258295
1200000|2|1664|13|4|0|0|960000|4|32006|910685
1200000|2|1664|13|4|1|2|240000|4|32006|260128
1200000|2|1664|13|5|0|0|960000|0|1|927750
1200000|2|1664|13|5|1|2|240000|0|1|249871
1200000|2|1664|13|5|0|0|960000|1|8000|916497
1200000|2|1664|13|5|1|2|240000|1|8000|251739
1200000|2|1664|13|5|0|0|960000|2|16000|912130
1200000|2|1664|13|5|1|2|240000|2|16000|254627
1200000|2|1664|13|5|0|0|960000|3|24003|911427
1200000|2|1664|13|5|1|2|240000|3|24003|257435
1200000|2|1664|13|5|0|0|960000|4|32007|913301
1200000|2|1664|13|5|1|2|240000|4|32007|260400
1200000|2|1665|13|1|0|0|960000|0|0|954270
1200000|2|1665|13|1|1|2|240000|0|0|227676
1200000|2|1665|13|1|0|0|960000|1|8000|952611
1200000|2|1665|13|1|1|2|240000|1|8000|229823
1200000|2|1665|13|1|0|0|960000|2|16002|953274
1200000|2|1665|13|1|1|2|240000|2|16002|232203
1200000|2|1665|13|1|0|0|960000|3|24005|955536
1200000|2|1665|13|1|1|2|240000|3|24005|235514
1200000|2|1665|13|1|0|0|960000|4|32009|958851
1200000|2|1665|13|1|1|2|240000|4|32009|239301
1200000|2|1665|13|2|0|0|960000|0|0|952083
1200000|2|1665|13|2|1|2|240000|0|0|236143
1200000|2|1665|13|2|0|0|960000|1|7997|949568
1200000|2|1665|13|2|1|2|240000|1|7997|238562
1200000|2|1665|13|2|0|0|960000|2|15998|949842
1200000|2|1665|13|2|1|2|240000|2|15998|241640
1200000|2|1665|13|2|0|0|960000|3|24001|951831
1200000|2|1665|13|2|1|2|240000|3|24001|245541
1200000|2|1665|13|2|0|0|960000|4|32005|954443
1200000|2|1665|13|2|1|2|240000|4|32005|249010
1200000|2|1665|13|3|0|0|960000|0|0|952582
1200000|2|1665|13|3|1|2|240000|0|0|232164
1200000|2|1665|13|3|0|0|960000|1|8000|950661
1200000|2|1665|13|3|1|2|240000|1|8000|234969
1200000|2|1665|13|3|0|0|960000|2|16002|951517
1200000|2|1665|13|3|1|2|240000|2|16002|237975
1200000|2|1665|13|3|0|0|960000|3|24005|953263
1200000|2|1665|13|3|1|2|240000|3|24005|241563
1200000|2|1665|13|3|0|0|960000|4|32009|956113
1200000|2|1665|13|3|1|2|240000|4|32009|245384
1200000|2|1665|13|4|0|0|960000|0|0|951267
1200000|2|1665|13|4|1|2|240000|0|0|235166
1200000|2|1665|13|4|0|0|960000|1|7998|948440
1200000|2|1665|13|4|1|2|240000|1|7998|238010
1200000|2|1665|13|4|0|0|960000|2|15999|948828
1200000|2|1665|13|4|1|2|240000|2|15999|241485
1200000|2|1665|13|4|0|0|960000|3|24002|951363
1200000|2|1665|13|4|1|2|240000|3|24002|245931
1200000|2|1665|13|4|0|0|960000|4|32007|953655
1200000|2|1665|13|4|1|2|240000|4|32007|249948
1200000|2|1665|13|5|0|0|960000|0|0|951965
1200000|2|1665|13|5|1|2|240000|0|0|237545
1200000|2|1665|13|5|0|0|960000|1|8000|948907
1200000|2|1665|13|5|1|2|240000|1|8000|240041
1200000|2|1665|13|5|0|0|960000|2|16002|947620
1200000|2|1665|13|5|1|2|240000|2|16002|243474
1200000|2|1665|13|5|0|0|960000|3|24006|948671
1200000|2|1665|13|5|1|2|240000|3|24006|247373
1200000|2|1665|13|5|0|0|960000|4|32011|950700
1200000|2|1665|13|5|1|2|240000|4|32011|251313
1200000|2|1666|13|1|0|0|960000|0|0|949161
1200000|2|1666|13|1|1|2|240000|0|0|233216
1200000|2|1666|13|1|0|0|960000|1|7998|945473
1200000|2|1666|13|1|1|2|240000|1|7998|236415
1200000|2|1666|13|1|0|0|960000|2|15999|944264
1200000|2|1666|13|1|1|2|240000|2|15999|239925
1200000|2|1666|13|1|0|0|960000|3|24003|945746
1200000|2|1666|13|1|1|2|240000|3|24003|244485
1200000|2|1666|13|1|0|0|960000|4|32007|947853
1200000|2|1666|13|1|1|2|240000|4|32007|248855
1200000|2|1666|13|2|0|0|960000|0|0|928295
1200000|2|1666|13|2|1|2|240000|0|0|249715
1200000|2|1666|13|2|0|0|960000|1|7999|915909
1200000|2|1666|13|2|1|2|240000|1|7999|251505
1200000|2|1666|13|2|0|0|960000|2|15999|910491
1200000|2|1666|13|2|1|2|240000|2|15999|254473
1200000|2|1666|13|2|0|0|960000|3|24002|908580
1200000|2|1666|13|2|1|2|240000|3|24002|258059
1200000|2|1666|13|2|0|0|960000|4|32006|909049
1200000|2|1666|13|2|1|2|240000|4|32006|261688
1200000|2|1666|13|3|0|0|960000|0|0|926500
1200000|2|1666|13|3|1|2|240000|0|0|246631
1200000|2|1666|13|3|0|0|960000|1|7998|913534
1200000|2|1666|13|3|1|2|240000|1|7998|248583
1200000|2|1666|13|3|0|0|960000|2|16000|907060
1200000|2|1666|13|3|1|2|240000|2|16000|251664
1200000|2|1666|13|3|0|0|960000|3|24003|905694
1200000|2|1666|13|3|1|2|240000|3|24003|255057
1200000|2|1666|13|3|0|0|960000|4|32007|906083
1200000|2|1666|13|3|1|2|240000|4|32007|259190
1200000|2|1666|13|4|0|0|960000|0|0|952515
1200000|2|1666|13|4|1|2|240000|0|0|235947
1200000|2|1666|13|4|0|0|960000|1|7999|950192
1200000|2|1666|13|4|1|2|240000|1|7999|237894
1200000|2|1666|13|4|0|0|960000|2|16000|949998
1200000|2|1666|13|4|1|2|240000|2|16000|241134
1200000|2|1666|13|4|0|0|960000|3|24004|951050
1200000|2|1666|13|4|1|2|240000|3|24004|244799
1200000|2|1666|13|4|0|0|960000|4|32008|953625
1200000|2|1666|13|4|1|2|240000|4|32008|248348
1200000|2|1666|13|5|0|0|960000|0|0|951110
1200000|2|1666|13|5|1|2|240000|0|0|245501
1200000|2|1666|13|5|0|0|960000|1|7999|947618
1200000|2|1666|13|5|1|2|240000|1|7999|248467
1200000|2|1666|13|5|0|0|960000|2|15999|948204
1200000|2|1666|13|5|1|2|240000|2|15999|252520
1200000|2|1666|13|5|0|0|960000|3|24003|950855
1200000|2|1666|13|5|1|2|240000|3|24003|256769
1200000|2|1666|13|5|0|0|960000|4|32007|953080
1200000|2|1666|13|5|1|2|240000|4|32007|261297
1200000|2|1667|13|1|0|0|960000|0|0|951773
1200000|2|1667|13|1|1|2|240000|0|0|242539
1200000|2|1667|13|1|0|0|960000|1|7998|948164
1200000|2|1667|13|1|1|2|240000|1|7998|243552
1200000|2|1667|13|1|0|0|960000|2|15998|947542
1200000|2|1667|13|1|1|2|240000|2|15998|246126
1200000|2|1667|13|1|0|0|960000|3|24000|948673
1200000|2|1667|13|1|1|2|240000|3|24000|249203
1200000|2|1667|13|1|0|0|960000|4|32004|950270
1200000|2|1667|13|1|1|2|240000|4|32004|252246
1200000|2|1667|13|2|0|0|960000|0|0|948381
1200000|2|1667|13|2|1|2|240000|0|0|241680
1200000|2|1667|13|2|0|0|960000|1|7996|943485
1200000|2|1667|13|2|1|2|240000|1|7996|243356
1200000|2|1667|13|2|0|0|960000|2|15997|942198
1200000|2|1667|13|2|1|2|240000|2|15997|246321
1200000|2|1667|13|2|0|0|960000|3|23999|942550
1200000|2|1667|13|2|1|2|240000|3|23999|249481
1200000|2|1667|13|2|0|0|960000|4|32003|944225
1200000|2|1667|13|2|1|2|240000|4|32003|252482
1200000|2|1667|13|3|0|0|960000|0|0|926265
1200000|2|1667|13|3|1|2|240000|0|0|247452
1200000|2|1667|13|3|0|0|960000|1|7997|912869
1200000|2|1667|13|3|1|2|240000|1|7997|249245
1200000|2|1667|13|3|0|0|960000|2|15998|905889
1200000|2|1667|13|3|1|2|240000|2|15998|251235
1200000|2|1667|13|3|0|0|960000|3|23999|902808
1200000|2|1667|13|3|1|2|240000|3|23999|253183
1200000|2|1667|13|3|0|0|960000|4|32002|901990
1200000|2|1667|13|3|1|2|240000|4|32002|255409
1200000|2|1667|13|4|0|0|960000|0|0|948885
1200000|2|1667|13|4|1|2|240000|0|0|235556
1200000|2|1667|13|4|0|0|960000|1|7997|945317
1200000|2|1667|13|4|1|2|240000|1|7997|237389
1200000|2|1667|13|4|0|0|960000|2|15997|943953
1200000|2|1667|13|4|1|2|240000|2|15997|239886
1200000|2|1667|13|4|0|0|960000|3|23998|944339
1200000|2|1667|13|4|1|2|240000|3|23998|243317
1200000|2|1667|13|4|0|0|960000|4|32002|945864
1200000|2|1667|13|4|1|2|240000|4|32002|246165
1200000|2|1667|13|5|0|0|960000|0|0|950330
1200000|2|1667|13|5|1|2|240000|0|0|230956
1200000|2|1667|13|5|0|0|960000|1|7998|946564
1200000|2|1667|13|5|1|2|240000|1|7998|232356
1200000|2|1667|13|5|0|0|960000|2|15997|945005
1200000|2|1667|13|5|1|2|240000|2|15997|234348
1200000|2|1667|13|5|0|0|960000|3|23998|945475
1200000|2|1667|13|5|1|2|240000|3|23998|237040
1200000|2|1667|13|5|0|0|960000|4|32000|946840
1200000|2|1667|13|5|1|2|240000|4|32000|240196
1200000|2|1668|13|1|0|0|960000|0|0|950603
1200000|2|1668|13|1|1|2|240000|0|0|227368
1200000|2|1668|13|1|0|0|960000|1|7997|947424
1200000|2|1668|13|1|1|2|240000|1|7997|229200
1200000|2|1668|13|1|0|0|960000|2|15995|946293
1200000|2|1668|13|1|1|2|240000|2|15995|231888
1200000|2|1668|13|1|0|0|960000|3|23997|947581
1200000|2|1668|13|1|1|2|240000|3|23997|235245
1200000|2|1668|13|1|0|0|960000|4|31999|949803
1200000|2|1668|13|1|1|2|240000|4|31999|238520
1200000|2|1668|13|2|0|0|960000|0|0|950564
1200000|2|1668|13|2|1|2|240000|0|0|228420
1200000|2|1668|13|2|0|0|960000|1|7998|947504
1200000|2|1668|13|2|1|2|240000|1|7998|230252
1200000|2|1668|13|2|0|0|960000|2|15999|946643
1200000|2|1668|13|2|1|2|240000|2|15999|232592
1200000|2|1668|13|2|0|0|960000|3|24001|947268
1200000|2|1668|13|2|1|2|240000|3|24001|235907
1200000|2|1668|13|2|0|0|960000|4|32004|949139
1200000|2|1668|13|2|1|2|240000|4|32004|239575
1200000|2|1668|13|3|0|0|960000|0|0|937617
1200000|2|1668|13|3|1|2|240000|0|0|239106
1200000|2|1668|13|3|0|0|960000|1|7996|930498
1200000|2|1668|13|3|1|2|240000|1|7996|240627
1200000|2|1668|13|3|0|0|960000|2|15996|927649
1200000|2|1668|13|3|1|2|240000|2|15996|243474
1200000|2|1668|13|3|0|0|960000|3|23998|927690
1200000|2|1668|13|3|1|2|240000|3|23998|247295
1200000|2|1668|13|3|0|0|960000|4|32001|929483
1200000|2|1668|13|3|1|2|240000|4|32001|250923
1200000|2|1668|13|4|0|0|960000|0|0|927047
1200000|2|1668|13|4|1|2|240000|0|0|241172
1200000|2|1668|13|4|0|0|960000|1|7999|914625
1200000|2|1668|13|4|1|2|240000|1|7999|242888
1200000|2|1668|13|4|0|0|960000|2|16000|908229
1200000|2|1668|13|4|1|2|240000|2|16000|245111
1200000|2|1668|13|4|0|0|960000|3|24002|906512
1200000|2|1668|13|4|1|2|240000|3|24002|247023
1200000|2|1668|13|4|0|0|960000|4|32005|906237
1200000|2|1668|13|4|1|2|240000|4|32005|249595
1200000|2|1668|13|5|0|0|960000|0|0|949902
1200000|2|1668|13|5|1|2|240000|0|0|235400
1200000|2|1668|13|5|0|0|960000|1|7997|945435
1200000|2|1668|13|5|1|2|240000|1|7997|236102
1200000|2|1668|13|5|0|0|960000|2|15997|944692
1200000|2|1668|13|5|1|2|240000|2|15997|237740
1200000|2|1668|13|5|0|0|960000|3|23999|945278
1200000|2|1668|13|5|1|2|240000|3|23999|240120
1200000|2|1668|13|5|0|0|960000|4|32002|946801
1200000|2|1668|13|5|1|2|240000|4|32002|242458
1200000|2|1669|13|1|0|0|960000|0|0|926578
1200000|2|1669|13|1|1|2|240000|0|0|246554
1200000|2|1669|13|1|0|0|960000|1|7999|914003
1200000|2|1669|13|1|1|2|240000|1|7999|248077
1200000|2|1669|13|1|0|0|960000|2|16001|907489
1200000|2|1669|13|1|1|2|240000|2|16001|249988
1200000|2|1669|13|1|0|0|960000|3|24004|905382
1200000|2|1669|13|1|1|2|240000|3|24004|252757
1200000|2|1669|13|1|0|0|960000|4|32008|905029
1200000|2|1669|13|1|1|2|240000|4|32008|255526
1200000|2|1669|13|2|0|0|960000|0|0|937965
1200000|2|1669|13|2|1|2|240000|0|0|241796
1200000|2|1669|13|2|0|0|960000|1|7998|930809
1200000|2|1669|13|2|1|2|240000|1|7998|242733
1200000|2|1669|13|2|0|0|960000|2|15998|928546
1200000|2|1669|13|2|1|2|240000|2|15998|244410
1200000|2|1669|13|2|0|0|960000|3|24000|929093
1200000|2|1669|13|2|1|2|240000|3|24000|246400
1200000|2|1669|13|2|0|0|960000|4|32003|929834
1200000|2|1669|13|2|1|2|240000|4|32003|248818
1200000|2|1669|13|3|0|0|960000|0|0|952863
1200000|2|1669|13|3|1|2|240000|0|0|237038
1200000|2|1669|13|3|0|0|960000|1|7997|950699
1200000|2|1669|13|3|1|2|240000|1|7997|236415
1200000|2|1669|13|3|0|0|960000|2|15996|951089
1200000|2|1669|13|3|1|2|240000|2|15996|236881
1200000|2|1669|13|3|0|0|960000|3|23997|952842
1200000|2|1669|13|3|1|2|240000|3|23997|238246
1200000|2|1669|13|3|0|0|960000|4|32000|955260
1200000|2|1669|13|3|1|2|240000|4|32000|239418
1200000|2|1669|13|4|0|0|960000|0|0|927321
1200000|2|1669|13|4|1|2|240000|0|0|242890
1200000|2|1669|13|4|0|0|960000|1|7997|916067
1200000|2|1669|13|4|1|2|240000|1|7997|243279
1200000|2|1669|13|4|0|0|960000|2|15997|911622
1200000|2|1669|13|4|1|2|240000|2|15997|243902
1200000|2|1669|13|4|0|0|960000|3|23998|910217
1200000|2|1669|13|4|1|2|240000|3|23998|245541
1200000|2|1669|13|4|0|0|960000|4|32001|911466
1200000|2|1669|13|4|1|2|240000|4|32001|247527
1200000|2|1669|13|5|0|0|960000|0|0|952944
1200000|2|1669|13|5|1|2|240000|0|0|237075
1200000|2|1669|13|5|0|0|960000|1|7998|950816
1200000|2|1669|13|5|1|2|240000|1|7998|237820
1200000|2|1669|13|5|0|0|960000|2|15998|950933
1200000|2|1669|13|5|1|2|240000|2|15998|239418
1200000|2|1669|13|5|0|0|960000|3|24000|952221
1200000|2|1669|13|5|1|2|240000|3|24000|241368
1200000|2|1669|13|5|0|0|960000|4|32002|955069
1200000|2|1669|13|5|1|2|240000|4|32002|243045
1200000|2|1670|13|1|0|0|960000|0|0|951850
1200000|2|1670|13|1|1|2|240000|0|0|237781
1200000|2|1670|13|1|0|0|960000|1|7997|949101
1200000|2|1670|13|1|1|2|240000|1|7997|238639
1200000|2|1670|13|1|0|0|960000|2|15996|948711
1200000|2|1670|13|1|1|2|240000|2|15996|239768
1200000|2|1670|13|1|0|0|960000|3|23997|950037
1200000|2|1670|13|1|1|2|240000|3|23997|240978
1200000|2|1670|13|1|0|0|960000|4|31998|952688
1200000|2|1670|13|1|1|2|240000|4|31998|242691
1200000|2|1670|13|2|0|0|960000|0|0|927632
1200000|2|1670|13|2|1|2|240000|0|0|248389
1200000|2|1670|13|2|0|0|960000|1|7998|916655
1200000|2|1670|13|2|1|2|240000|1|7998|250257
1200000|2|1670|13|2|0|0|960000|2|16000|912752
1200000|2|1670|13|2|1|2|240000|2|16000|252014
1200000|2|1670|13|2|0|0|960000|3|24002|912125
1200000|2|1670|13|2|1|2|240000|3|24002|253887
1200000|2|1670|13|2|0|0|960000|4|32004|913727
1200000|2|1670|13|2|1|2|240000|4|32004|255407
1200000|2|1670|13|3|0|0|960000|0|0|942101
1200000|2|1670|13|3|1|2|240000|0|0|242655
1200000|2|1670|13|3|0|0|960000|1|7998|938143
1200000|2|1670|13|3|1|2|240000|1|7998|242967
1200000|2|1670|13|3|0|0|960000|2|15998|937867
1200000|2|1670|13|3|1|2|240000|2|15998|243628
1200000|2|1670|13|3|0|0|960000|3|24000|939820
1200000|2|1670|13|3|1|2|240000|3|24000|244879
1200000|2|1670|13|3|0|0|960000|4|32003|942704
1200000|2|1670|13|3|1|2|240000|4|32003|246669
1200000|2|1670|13|4|0|0|960000|0|1|956258
1200000|2|1670|13|4|1|2|240000|0|1|234971
1200000|2|1670|13|4|0|0|960000|1|7998|955965
1200000|2|1670|13|4|1|2|240000|1|7998|236180
1200000|2|1670|13|4|0|0|960000|2|15999|958461
1200000|2|1670|13|4|1|2|240000|2|15999|237272
1200000|2|1670|13|4|0|0|960000|3|24001|962673
1200000|2|1670|13|4|1|2|240000|3|24001|237664
1200000|2|1670|13|4|0|0|960000|4|32002|966885
1200000|2|1670|13|4|1|2|240000|4|32002|239537
1200000|2|1670|13|5|0|0|960000|0|0|931104
1200000|2|1670|13|5|1|2|240000|0|0|244371
1200000|2|1670|13|5|0|0|960000|1|7997|922075
1200000|2|1670|13|5|1|2|240000|1|7997|245580
1200000|2|1670|13|5|0|0|960000|2|15998|919888
1200000|2|1670|13|5|1|2|240000|2|15998|247139
1200000|2|1670|13|5|0|0|960000|3|23999|921408
1200000|2|1670|13|5|1|2|240000|3|23999|249243
1200000|2|1670|13|5|0|0|960000|4|32002|924961
1200000|2|1670|13|5|1|2|240000|4|32002|251664
1200000|2|1671|13|1|0|0|960000|0|0|956571
1200000|2|1671|13|1|1|2|240000|0|0|237197
1200000|2|1671|13|1|0|0|960000|1|7998|956821
1200000|2|1671|13|1|1|2|240000|1|7998|238947
1200000|2|1671|13|1|0|0|960000|2|16000|959241
1200000|2|1671|13|1|1|2|240000|2|16000|240628
1200000|2|1671|13|1|0|0|960000|3|24002|963844
1200000|2|1671|13|1|1|2|240000|3|24002|242225
1200000|2|1671|13|1|0|0|960000|4|32005|969068
1200000|2|1671|13|1|1|2|240000|4|32005|244294
1200000|2|1671|13|2|0|0|960000|0|0|957624
1200000|2|1671|13|2|1|2|240000|0|0|239612
1200000|2|1671|13|2|0|0|960000|1|7998|958380
1200000|2|1671|13|2|1|2|240000|1|7998|241875
1200000|2|1671|13|2|0|0|960000|2|15999|962010
1200000|2|1671|13|2|1|2|240000|2|15999|244723
1200000|2|1671|13|2|0|0|960000|3|24001|966066
1200000|2|1671|13|2|1|2|240000|3|24001|247491
1200000|2|1671|13|2|0|0|960000|4|32004|970043
1200000|2|1671|13|2|1|2|240000|4|32004|250414
1200000|2|1671|13|3|0|0|960000|0|0|955947
1200000|2|1671|13|3|1|2|240000|0|0|243514
1200000|2|1671|13|3|0|0|960000|1|7999|955264
1200000|2|1671|13|3|1|2|240000|1|7999|244875
1200000|2|1671|13|3|0|0|960000|2|15999|956783
1200000|2|1671|13|3|1|2|240000|2|15999|248037
1200000|2|1671|13|3|0|0|960000|3|24003|960137
1200000|2|1671|13|3|1|2|240000|3|24003|251858
1200000|2|1671|13|3|0|0|960000|4|32008|963958
1200000|2|1671|13|3|1|2|240000|4|32008|256423
1200000|2|1671|13|4|0|0|960000|0|1|928919
1200000|2|1671|13|4|1|2|240000|0|1|257317
1200000|2|1671|13|4|0|0|960000|1|8000|917978
1200000|2|1671|13|4|1|2|240000|1|8000|260437
1200000|2|1671|13|4|0|0|960000|2|16001|913572
1200000|2|1671|13|4|1|2|240000|2|16001|263754
1200000|2|1671|13|4|0|0|960000|3|24005|913338
1200000|2|1671|13|4|1|2|240000|3|24005|267536
1200000|2|1671|13|4|0|0|960000|4|32009|915207
1200000|2|1671|13|4|1|2|240000|4|32009|271437
1200000|2|1671|13|5|0|0|960000|0|0|940930
1200000|2|1671|13|5|1|2|240000|0|0|247062
1200000|2|1671|13|5|0|0|960000|1|7998|935333
1200000|2|1671|13|5|1|2|240000|1|7998|248856
1200000|2|1671|13|5|0|0|960000|2|15999|934241
1200000|2|1671|13|5|1|2|240000|2|15999|251391
1200000|2|1671|13|5|0|0|960000|3|24001|935528
1200000|2|1671|13|5|1|2|240000|3|24001|253732
1200000|2|1671|13|5|0|0|960000|4|32005|938142
1200000|2|1671|13|5|1|2|240000|4|32005|256928
1200000|2|1672|13|1|0|0|960000|0|0|952044
1200000|2|1672|13|1|1|2|240000|0|0|242615
1200000|2|1672|13|1|0|0|960000|1|7998|949682
1200000|2|1672|13|1|1|2|240000|1|7998|244215
1200000|2|1672|13|1|0|0|960000|2|15997|949178
1200000|2|1672|13|1|1|2|240000|2|15997|247100
1200000|2|1672|13|1|0|0|960000|3|23999|950543
1200000|2|1672|13|1|1|2|240000|3|23999|250768
1200000|2|1672|13|1|0|0|960000|4|32003|953003
1200000|2|1672|13|1|1|2|240000|4|32003|254120
1200000|2|1672|13|2|0|0|960000|0|0|952905
1200000|2|1672|13|2|1|2|240000|0|0|236688
1200000|2|1672|13|2|0|0|960000|1|7999|951208
1200000|2|1672|13|2|1|2|240000|1|7999|238639
1200000|2|1672|13|2|0|0|960000|2|16000|951713
1200000|2|1672|13|2|1|2|240000|2|16000|240665
1200000|2|1672|13|2|0|0|960000|3|24001|953393
1200000|2|1672|13|2|1|2|240000|3|24001|243081
1200000|2|1672|13|2|0|0|960000|4|32004|955967
1200000|2|1672|13|2|1|2|240000|4|32004|246476
1200000|2|1672|13|3|0|0|960000|0|0|928258
1200000|2|1672|13|3|1|2|240000|0|0|250959
1200000|2|1672|13|3|0|0|960000|1|7998|916767
1200000|2|1672|13|3|1|2|240000|1|7998|253142
1200000|2|1672|13|3|0|0|960000|2|15999|912323
1200000|2|1672|13|3|1|2|240000|2|15999|256072
1200000|2|1672|13|3|0|0|960000|3|24001|911972
1200000|2|1672|13|3|1|2|240000|3|24001|259074
1200000|2|1672|13|3|0|0|960000|4|32004|912675
1200000|2|1672|13|3|1|2|240000|4|32004|261766
1200000|2|1672|13|4|0|0|960000|0|0|940152
1200000|2|1672|13|4|1|2|240000|0|0|240819
1200000|2|1672|13|4|0|0|960000|1|7998|934202
1200000|2|1672|13|4|1|2|240000|1|7998|242186
1200000|2|1672|13|4|0|0|960000|2|15999|932292
1200000|2|1672|13|4|1|2|240000|2|15999|244995
1200000|2|1672|13|4|0|0|960000|3|24002|932874
1200000|2|1672|13|4|1|2|240000|3|24002|247413
1200000|2|1672|13|4|0|0|960000|4|32005|934512
1200000|2|1672|13|4|1|2|240000|4|32005|250062
1200000|2|1672|13|5|0|0|960000|0|0|938983
1200000|2|1672|13|5|1|2|240000|0|0|238288
1200000|2|1672|13|5|0|0|960000|1|7997|932877
1200000|2|1672|13|5|1|2|240000|1|7997|239769
1200000|2|1672|13|5|0|0|960000|2|15998|930924
1200000|2|1672|13|5|1|2|240000|2|15998|242070
1200000|2|1672|13|5|0|0|960000|3|24000|932760
1200000|2|1672|13|5|1|2|240000|3|24000|244956
1200000|2|1672|13|5|0|0|960000|4|32003|934005
1200000|2|1672|13|5|1|2|240000|4|32003|247998
1200000|2|1673|13|1|0|0|960000|0|0|952047
1200000|2|1673|13|1|1|2|240000|0|0|229629
1200000|2|1673|13|1|0|0|960000|1|7999|948515
1200000|2|1673|13|1|1|2|240000|1|7999|231618
1200000|2|1673|13|1|0|0|960000|2|16001|947698
1200000|2|1673|13|1|1|2|240000|2|16001|233606
1200000|2|1673|13|1|0|0|960000|3|24003|948945
1200000|2|1673|13|1|1|2|240000|3|24003|235907
1200000|2|1673|13|1|0|0|960000|4|32007|951128
1200000|2|1673|13|1|1|2|240000|4|32007|239146
1200000|2|1673|13|2|0|0|960000|0|0|949902
1200000|2|1673|13|2|1|2|240000|0|0|241563
1200000|2|1673|13|2|0|0|960000|1|7998|945980
1200000|2|1673|13|2|1|2|240000|1|7998|244214
1200000|2|1673|13|2|0|0|960000|2|16000|944734
1200000|2|1673|13|2|1|2|240000|2|16000|246788
1200000|2|1673|13|2|0|0|960000|3|24003|945395
1200000|2|1673|13|2|1|2|240000|3|24003|249752
1200000|2|1673|13|2|0|0|960000|4|32007|947112
1200000|2|1673|13|2|1|2|240000|4|32007|253614
1200000|2|1673|13|3|0|0|960000|0|0|926971
1200000|2|1673|13|3|1|2|240000|0|0|258217
1200000|2|1673|13|3|0|0|960000|1|7999|914232
1200000|2|1673|13|3|1|2|240000|1|7999|260984
1200000|2|1673|13|3|0|0|960000|2|16001|908346
1200000|2|1673|13|3|1|2|240000|2|16001|263990
1200000|2|1673|13|3|0|0|960000|3|24005|906398
1200000|2|1673|13|3|1|2|240000|3|24005|267343
1200000|2|1673|13|3|0|0|960000|4|32009|905770
1200000|2|1673|13|3|1|2|240000|4|32009|271474
1200000|2|1673|13|4|0|0|960000|0|0|948888
1200000|2|1673|13|4|1|2|240000|0|0|234073
1200000|2|1673|13|4|0|0|960000|1|7998|944499
1200000|2|1673|13|4|1|2|240000|1|7998|235479
1200000|2|1673|13|4|0|0|960000|2|15999|943252
1200000|2|1673|13|4|1|2|240000|2|15999|237972
1200000|2|1673|13|4|0|0|960000|3|24002|943486
1200000|2|1673|13|4|1|2|240000|3|24002|240979
1200000|2|1673|13|4|0|0|960000|4|32005|944615
1200000|2|1673|13|4|1|2|240000|4|32005|243904
1200000|2|1673|13|5|0|0|960000|0|0|938475
1200000|2|1673|13|5|1|2|240000|0|0|249440
1200000|2|1673|13|5|0|0|960000|1|7999|931397
1200000|2|1673|13|5|1|2|240000|1|7999|251312
1200000|2|1673|13|5|0|0|960000|2|16000|928314
1200000|2|1673|13|5|1|2|240000|2|16000|253731
1200000|2|1673|13|5|0|0|960000|3|24002|927224
1200000|2|1673|13|5|1|2|240000|3|24002|256422
1200000|2|1673|13|5|0|0|960000|4|32005|927612
1200000|2|1673|13|5|1|2|240000|4|32005|259465
1200000|2|1674|13|1|0|0|960000|0|0|949746
1200000|2|1674|13|1|1|2|240000|0|0|237272
1200000|2|1674|13|1|0|0|960000|1|7998|945825
1200000|2|1674|13|1|1|2|240000|1|7998|239068
1200000|2|1674|13|1|0|0|960000|2|15999|945045
1200000|2|1674|13|1|1|2|240000|2|15999|241720
1200000|2|1674|13|1|0|0|960000|3|24001|945704
1200000|2|1674|13|1|1|2|240000|3|24001|244643
1200000|2|1674|13|1|0|0|960000|4|32005|947345
1200000|2|1674|13|1|1|2|240000|4|32005|248153
1200000|2|1674|13|2|0|0|960000|0|0|950836
1200000|2|1674|13|2|1|2|240000|0|0|237547
1200000|2|1674|13|2|0|0|960000|1|8000|947734
1200000|2|1674|13|2|1|2|240000|1|8000|239688
1200000|2|1674|13|2|0|0|960000|2|16002|946525
1200000|2|1674|13|2|1|2|240000|2|16002|242460
1200000|2|1674|13|2|0|0|960000|3|24005|947306
1200000|2|1674|13|2|1|2|240000|3|24005|245228
1200000|2|1674|13|2|0|0|960000|4|32009|948905
1200000|2|1674|13|2|1|2|240000|4|32009|248774
1200000|2|1674|13|3|0|0|960000|0|0|926305
1200000|2|1674|13|3|1|2|240000|0|0|252718
1200000|2|1674|13|3|0|0|960000|1|7998|913455
1200000|2|1674|13|3|1|2|240000|1|7998|255290
1200000|2|1674|13|3|0|0|960000|2|15999|907214
1200000|2|1674|13|3|1|2|240000|2|15999|259036
1200000|2|1674|13|3|0|0|960000|3|24003|905928
1200000|2|1674|13|3|1|2|240000|3|24003|263520
1200000|2|1674|13|3|0|0|960000|4|32008|905109
1200000|2|1674|13|3|1|2|240000|4|32008|267850
1200000|2|1674|13|4|0|0|960000|0|0|951501
1200000|2|1674|13|4|1|2|240000|0|0|237976
1200000|2|1674|13|4|0|0|960000|1|7998|948321
1200000|2|1674|13|4|1|2|240000|1|7998|240002
1200000|2|1674|13|4|0|0|960000|2|15999|946994
1200000|2|1674|13|4|1|2|240000|2|15999|242499
1200000|2|1674|13|4|0|0|960000|3|24001|947655
1200000|2|1674|13|4|1|2|240000|3|24001|244917
1200000|2|1674|13|4|0|0|960000|4|32005|949765
1200000|2|1674|13|4|1|2|240000|4|32005|247881
1200000|2|1674|13|5|0|0|960000|0|1|948381
1200000|2|1674|13|5|1|2|240000|0|1|241874
1200000|2|1674|13|5|0|0|960000|1|7999|943641
1200000|2|1674|13|5|1|2|240000|1|7999|244176
1200000|2|1674|13|5|0|0|960000|2|16000|941379
1200000|2|1674|13|5|1|2|240000|2|16000|246321
1200000|2|1674|13|5|0|0|960000|3|24002|942005
1200000|2|1674|13|5|1|2|240000|3|24002|249052
1200000|2|1674|13|5|0|0|960000|4|32005|943134
1200000|2|1674|13|5|1|2|240000|4|32005|252404
1200000|2|1675|13|1|0|0|960000|0|0|937460
1200000|2|1675|13|1|1|2|240000|0|0|252599
1200000|2|1675|13|1|0|0|960000|1|8001|930108
1200000|2|1675|13|1|1|2|240000|1|8001|255330
1200000|2|1675|13|1|0|0|960000|2|16004|926637
1200000|2|1675|13|1|1|2|240000|2|16004|258407
1200000|2|1675|13|1|0|0|960000|3|24007|926012
1200000|2|1675|13|1|1|2|240000|3|24007|261299
1200000|2|1675|13|1|0|0|960000|4|32011|926165
1200000|2|1675|13|1|1|2|240000|4|32011|264962
1200000|2|1675|13|2|0|0|960000|0|0|948923
1200000|2|1675|13|2|1|2|240000|0|0|236814
1200000|2|1675|13|2|0|0|960000|1|7998|944810
1200000|2|1675|13|2|1|2|240000|1|7998|239505
1200000|2|1675|13|2|0|0|960000|2|15999|943056
1200000|2|1675|13|2|1|2|240000|2|15999|242859
1200000|2|1675|13|2|0|0|960000|3|24002|944225
1200000|2|1675|13|2|1|2|240000|3|24002|246018
1200000|2|1675|13|2|0|0|960000|4|32005|945669
1200000|2|1675|13|2|1|2|240000|4|32005|250152
1200000|2|1675|13|3|0|0|960000|0|0|951032
1200000|2|1675|13|3|1|2|240000|0|0|241143
1200000|2|1675|13|3|0|0|960000|1|7998|946918
1200000|2|1675|13|3|1|2|240000|1|7998|242820
1200000|2|1675|13|3|0|0|960000|2|15998|946331
1200000|2|1675|13|3|1|2|240000|2|15998|245160
1200000|2|1675|13|3|0|0|960000|3|24001|946721
1200000|2|1675|13|3|1|2|240000|3|24001|248553
1200000|2|1675|13|3|0|0|960000|4|32004|948204
1200000|2|1675|13|3|1|2|240000|4|32004|251985
1200000|2|1675|13|4|0|0|960000|0|0|926541
1200000|2|1675|13|4|1|2|240000|0|0|251595
1200000|2|1675|13|4|0|0|960000|1|7998|913804
1200000|2|1675|13|4|1|2|240000|1|7998|253896
1200000|2|1675|13|4|0|0|960000|2|15999|907952
1200000|2|1675|13|4|1|2|240000|2|15999|257094
1200000|2|1675|13|4|0|0|960000|3|24002|906199
1200000|2|1675|13|4|1|2|240000|3|24002|260916
1200000|2|1675|13|4|0|0|960000|4|32005|906317
1200000|2|1675|13|4|1|2|240000|4|32005|263751
1200000|2|1675|13|5|0|0|960000|0|0|951929
1200000|2|1675|13|5|1|2|240000|0|0|232173
1200000|2|1675|13|5|0|0|960000|1|7999|948359
1200000|2|1675|13|5|1|2|240000|1|7999|233694
1200000|2|1675|13|5|0|0|960000|2|16000|948047
1200000|2|1675|13|5|1|2|240000|2|16000|235332
1200000|2|1675|13|5|0|0|960000|3|24003|949023
1200000|2|1675|13|5|1|2|240000|3|24003|237048
1200000|2|1675|13|5|0|0|960000|4|32006|950817
1200000|2|1675|13|5|1|2|240000|4|32006|239544
1200000|2|1676|13|1|0|0|960000|0|0|927049
1200000|2|1676|13|1|1|2|240000|0|0|243561
1200000|2|1676|13|1|0|0|960000|1|7998|914663
1200000|2|1676|13|1|1|2|240000|1|7998|244380
1200000|2|1676|13|1|0|0|960000|2|15999|909906
1200000|2|1676|13|1|1|2|240000|2|15999|246135
1200000|2|1676|13|1|0|0|960000|3|24002|908580
1200000|2|1676|13|1|1|2|240000|3|24002|247851
1200000|2|1676|13|1|0|0|960000|4|32005|908542
1200000|2|1676|13|1|1|2|240000|4|32005|250035
1200000|2|1676|13|2|0|0|960000|0|0|953137
1200000|2|1676|13|2|1|2|240000|0|0|234123
1200000|2|1676|13|2|0|0|960000|1|7997|950815
1200000|2|1676|13|2|1|2|240000|1|7997|233811
1200000|2|1676|13|2|0|0|960000|2|15997|950777
1200000|2|1676|13|2|1|2|240000|2|15997|234318
1200000|2|1676|13|2|0|0|960000|3|23998|952689
1200000|2|1676|13|2|1|2|240000|3|23998|235761
1200000|2|1676|13|2|0|0|960000|4|32001|955146
1200000|2|1676|13|2|1|2|240000|4|32001|237516
1200000|2|1676|13|3|0|0|960000|0|0|950837
1200000|2|1676|13|3|1|2|240000|0|0|233424
1200000|2|1676|13|3|0|0|960000|1|7996|947580
1200000|2|1676|13|3|1|2|240000|1|7996|233226
1200000|2|1676|13|3|0|0|960000|2|15995|947773
1200000|2|1676|13|3|1|2|240000|2|15995|233772
1200000|2|1676|13|3|0|0|960000|3|23996|949842
1200000|2|1676|13|3|1|2|240000|3|23996|235441
1200000|2|1676|13|3|0|0|960000|4|31999|953197
1200000|2|1676|13|3|1|2|240000|4|31999|236259
1200000|2|1676|13|4|0|0|960000|0|0|952436
1200000|2|1676|13|4|1|2|240000|0|0|229315
1200000|2|1676|13|4|0|0|960000|1|7997|950151
1200000|2|1676|13|4|1|2|240000|1|7997|228109
1200000|2|1676|13|4|0|0|960000|2|15995|950816
1200000|2|1676|13|4|1|2|240000|2|15995|227756
1200000|2|1676|13|4|0|0|960000|3|23996|952300
1200000|2|1676|13|4|1|2|240000|3|23996|228341
1200000|2|1676|13|4|0|0|960000|4|31998|954171
1200000|2|1676|13|4|1|2|240000|4|31998|228965
1200000|2|1676|13|5|0|0|960000|0|0|927827
1200000|2|1676|13|5|1|2|240000|0|0|237780
1200000|2|1676|13|5|0|0|960000|1|7996|917117
1200000|2|1676|13|5|1|2|240000|1|7996|236528
1200000|2|1676|13|5|0|0|960000|2|15994|911739
1200000|2|1676|13|5|1|2|240000|2|15994|236766
1200000|2|1676|13|5|0|0|960000|3|23994|909828
1200000|2|1676|13|5|1|2|240000|3|23994|237389
1200000|2|1676|13|5|0|0|960000|4|31996|909906
1200000|2|1676|13|5|1|2|240000|4|31996|238599
1200000|2|1677|13|1|0|0|960000|0|0|953412
1200000|2|1677|13|1|1|2|240000|0|0|233373
1200000|2|1677|13|1|0|0|960000|1|7997|951674
1200000|2|1677|13|1|1|2|240000|1|7997|233917
1200000|2|1677|13|1|0|0|960000|2|15996|952105
1200000|2|1677|13|1|1|2|240000|2|15996|235791
1200000|2|1677|13|1|0|0|960000|3|23998|954250
1200000|2|1677|13|1|1|2|240000|3|23998|237664
1200000|2|1677|13|1|0|0|960000|4|32001|957172
1200000|2|1677|13|1|1|2|240000|4|32001|239107
1200000|2|1677|13|2|0|0|960000|0|0|951190
1200000|2|1677|13|2|1|2|240000|0|0|238520
1200000|2|1677|13|2|0|0|960000|1|7996|948555
1200000|2|1677|13|2|1|2|240000|1|7996|239847
1200000|2|1677|13|2|0|0|960000|2|15996|948594
1200000|2|1677|13|2|1|2|240000|2|15996|241603
1200000|2|1677|13|2|0|0|960000|3|23997|949530
1200000|2|1677|13|2|1|2|240000|3|23997|243162
1200000|2|1677|13|2|0|0|960000|4|32000|951480
1200000|2|1677|13|2|1|2|240000|4|32000|244914
1200000|2|1677|13|3|0|0|960000|0|0|953607
1200000|2|1677|13|3|1|2|240000|0|0|241638
1200000|2|1677|13|3|0|0|960000|1|7998|952258
1200000|2|1677|13|3|1|2|240000|1|7998|244645
1200000|2|1677|13|3|0|0|960000|2|16000|954015
1200000|2|1677|13|3|1|2|240000|2|16000|246983
1200000|2|1677|13|3|0|0|960000|3|24002|956353
1200000|2|1677|13|3|1|2|240000|3|24002|249050
1200000|2|1677|13|3|0|0|960000|4|32004|960290
1200000|2|1677|13|3|1|2|240000|4|32004|251544
1200000|2|1677|13|4|0|0|960000|0|0|930013
1200000|2|1677|13|4|1|2|240000|0|0|245499
1200000|2|1677|13|4|0|0|960000|1|7999|920243
1200000|2|1677|13|4|1|2|240000|1|7999|246513
1200000|2|1677|13|4|0|0|960000|2|15999|916615
1200000|2|1677|13|4|1|2|240000|2|15999|247919
1200000|2|1677|13|4|0|0|960000|3|24001|916691
1200000|2|1677|13|4|1|2|240000|3|24001|249597
1200000|2|1677|13|4|0|0|960000|4|32004|918331
1200000|2|1677|13|4|1|2|240000|4|32004|251937
1200000|2|1677|13|5|0|0|960000|0|1|953880
1200000|2|1677|13|5|1|2|240000|0|1|238170
1200000|2|1677|13|5|0|0|960000|1|7999|953392
1200000|2|1677|13|5|1|2|240000|1|7999|239146
1200000|2|1677|13|5|0|0|960000|2|15999|955576
1200000|2|1677|13|5|1|2|240000|2|15999|241287
1200000|2|1677|13|5|0|0|960000|3|24002|959006
1200000|2|1677|13|5|1|2|240000|3|24002|243588
1200000|2|1677|13|5|0|0|960000|4|32006|963102
1200000|2|1677|13|5|1|2|240000|4|32006|246438
1200000|2|1678|13|1|0|0|960000|0|0|955831
1200000|2|1678|13|1|1|2|240000|0|0|235479
1200000|2|1678|13|1|0|0|960000|1|7997|955650
1200000|2|1678|13|1|1|2|240000|1|7997|236532
1200000|2|1678|13|1|0|0|960000|2|15997|957874
1200000|2|1678|13|1|1|2|240000|2|15997|238209
1200000|2|1678|13|1|0|0|960000|3|23999|961113
1200000|2|1678|13|1|1|2|240000|3|23999|240197
1200000|2|1678|13|1|0|0|960000|4|32003|965014
1200000|2|1678|13|1|1|2|240000|4|32003|242498
1200000|2|1678|13|2|0|0|960000|0|0|931493
1200000|2|1678|13|2|1|2|240000|0|0|246244
1200000|2|1678|13|2|0|0|960000|1|7998|922619
1200000|2|1678|13|2|1|2|240000|1|7998|247570
1200000|2|1678|13|2|0|0|960000|2|15998|920981
1200000|2|1678|13|2|1|2|240000|2|15998|248658
1200000|2|1678|13|2|0|0|960000|3|23999|922187
1200000|2|1678|13|2|1|2|240000|3|23999|250534
1200000|2|1678|13|2|0|0|960000|4|32001|925818
1200000|2|1678|13|2|1|2|240000|4|32001|253380
1200000|2|1678|13|3|0|0|960000|0|0|956492
1200000|2|1678|13|3|1|2|240000|0|0|238559
1200000|2|1678|13|3|0|0|960000|1|7998|956783
1200000|2|1678|13|3|1|2|240000|1|7998|240237
1200000|2|1678|13|3|0|0|960000|2|15998|960293
1200000|2|1678|13|3|1|2|240000|2|15998|242422
1200000|2|1678|13|3|0|0|960000|3|23999|964386
1200000|2|1678|13|3|1|2|240000|3|23999|244644
1200000|2|1678|13|3|0|0|960000|4|32002|969653
1200000|2|1678|13|3|1|2|240000|4|32002|247687
1200000|2|1678|13|4|0|0|960000|0|0|956651
1200000|2|1678|13|4|1|2|240000|0|0|239027
1200000|2|1678|13|4|0|0|960000|1|7997|956044
1200000|2|1678|13|4|1|2|240000|1|7997|241758
1200000|2|1678|13|4|0|0|960000|2|15999|958264
1200000|2|1678|13|4|1|2|240000|2|15999|244137
1200000|2|1678|13|4|0|0|960000|3|24001|962204
1200000|2|1678|13|4|1|2|240000|3|24001|246283
1200000|2|1678|13|4|0|0|960000|4|32004|966842
1200000|2|1678|13|4|1|2|240000|4|32004|248465
1200000|2|1678|13|5|0|0|960000|0|0|942647
1200000|2|1678|13|5|1|2|240000|0|0|247373
1200000|2|1678|13|5|0|0|960000|1|7998|939153
1200000|2|1678|13|5|1|2|240000|1|7998|250103
1200000|2|1678|13|5|0|0|960000|2|16000|940171
1200000|2|1678|13|5|1|2|240000|2|16000|253458
1200000|2|1678|13|5|0|0|960000|3|24004|943407
1200000|2|1678|13|5|1|2|240000|3|24004|256850
1200000|2|1678|13|5|0|0|960000|4|32008|947267
1200000|2|1678|13|5|1|2|240000|4|32008|259383
1200000|2|1679|13|1|0|0|960000|0|0|930286
1200000|2|1679|13|1|1|2|240000|0|0|250727
1200000|2|1679|13|1|0|0|960000|1|8001|920631
1200000|2|1679|13|1|1|2|240000|1|8001|252911
1200000|2|1679|13|1|0|0|960000|2|16003|918251
1200000|2|1679|13|1|1|2|240000|2|16003|255406
1200000|2|1679|13|1|0|0|960000|3|24006|918720
1200000|2|1679|13|1|1|2|240000|3|24006|258177
1200000|2|1679|13|1|0|0|960000|4|32010|921215
1200000|2|1679|13|1|1|2|240000|4|32010|261140
1200000|2|1679|13|2|0|0|960000|0|0|953252
1200000|2|1679|13|2|1|2|240000|0|0|238716
1200000|2|1679|13|2|0|0|960000|1|7997|951908
1200000|2|1679|13|2|1|2|240000|1|7997|239846
1200000|2|1679|13|2|0|0|960000|2|15998|953273
1200000|2|1679|13|2|1|2|240000|2|15998|242459
1200000|2|1679|13|2|0|0|960000|3|24001|956199
1200000|2|1679|13|2|1|2|240000|3|24001|245345
1200000|2|1679|13|2|0|0|960000|4|32005|959553
1200000|2|1679|13|2|1|2|240000|4|32005|248076
1200000|2|1679|13|3|0|0|960000|0|0|953605
1200000|2|1679|13|3|1|2|240000|0|0|242615
1200000|2|1679|13|3|0|0|960000|1|7999|951911
1200000|2|1679|13|3|1|2|240000|1|7999|245268
1200000|2|1679|13|3|0|0|960000|2|16000|952962
1200000|2|1679|13|3|1|2|240000|2|16000|247063
1200000|2|1679|13|3|0|0|960000|3|24002|955611
1200000|2|1679|13|3|1|2|240000|3|24002|249871
1200000|2|1679|13|3|0|0|960000|4|32005|958578
1200000|2|1679|13|3|1|2|240000|4|32005|252600
1200000|2|1679|13|4|0|0|960000|0|0|930012
1200000|2|1679|13|4|1|2|240000|0|0|250767
1200000|2|1679|13|4|0|0|960000|1|7997|919732
1200000|2|1679|13|4|1|2|240000|1|7997|253220
1200000|2|1679|13|4|0|0|960000|2|15998|915795
1200000|2|1679|13|4|1|2|240000|2|15998|256302
1200000|2|1679|13|4|0|0|960000|3|24000|916221
1200000|2|1679|13|4|1|2|240000|3|24000|259619
1200000|2|1679|13|4|0|0|960000|4|32004|918252
1200000|2|1679|13|4|1|2|240000|4|32004|263012
1200000|2|1679|13|5|0|0|960000|0|0|952671
1200000|2|1679|13|5|1|2|240000|0|0|241611
1200000|2|1679|13|5|0|0|960000|1|7999|950387
1200000|2|1679|13|5|1|2|240000|1|7999|243717
1200000|2|1679|13|5|0|0|960000|2|16000|950971
1200000|2|1679|13|5|1|2|240000|2|16000|246018
1200000|2|1679|13|5|0|0|960000|3|24002|953273
1200000|2|1679|13|5|1|2|240000|3|24002|249372
1200000|2|1679|13|5|0|0|960000|4|32006|956200
1200000|2|1679|13|5|1|2|240000|4|32006|252960
1200000|2|1680|13|1|0|0|960000|0|0|954696
1200000|2|1680|13|1|1|2|240000|0|0|231081
1200000|2|1680|13|1|0|0|960000|1|7997|953155
1200000|2|1680|13|1|1|2|240000|1|7997|233343
1200000|2|1680|13|1|0|0|960000|2|15998|954363
1200000|2|1680|13|1|1|2|240000|2|15998|235839
1200000|2|1680|13|1|0|0|960000|3|24000|957174
1200000|2|1680|13|1|1|2|240000|3|24000|239232
1200000|2|1680|13|1|0|0|960000|4|32003|960177
1200000|2|1680|13|1|1|2|240000|4|32003|242430
1200000|2|1680|13|2|0|0|960000|0|1|928763
1200000|2|1680|13|2|1|2|240000|0|1|250698
1200000|2|1680|13|2|0|0|960000|1|8000|917858
1200000|2|1680|13|2|1|2|240000|1|8000|252687
1200000|2|1680|13|2|0|0|960000|2|16002|912946
1200000|2|1680|13|2|1|2|240000|2|16002|254949
1200000|2|1680|13|2|0|0|960000|3|24005|911697
1200000|2|1680|13|2|1|2|240000|3|24005|257747
1200000|2|1680|13|2|0|0|960000|4|32009|913066
1200000|2|1680|13|2|1|2|240000|4|32009|261180
1200000|2|1680|13|3|0|0|960000|0|0|939840
1200000|2|1680|13|3|1|2|240000|0|0|245784
1200000|2|1680|13|3|0|0|960000|1|7997|933619
1200000|2|1680|13|3|1|2|240000|1|7997|247968
1200000|2|1680|13|3|0|0|960000|2|15998|931665
1200000|2|1680|13|3|1|2|240000|2|15998|250191
1200000|2|1680|13|3|0|0|960000|3|24001|932526
1200000|2|1680|13|3|1|2|240000|3|24001|252921
1200000|2|1680|13|3|0|0|960000|4|32005|934434
1200000|2|1680|13|3|1|2|240000|4|32005|256041
1200000|2|1680|13|4|0|0|960000|0|0|950603
1200000|2|1680|13|4|1|2|240000|0|0|238179
1200000|2|1680|13|4|0|0|960000|1|7998|946290
1200000|2|1680|13|4|1|2|240000|1|7998|239973
1200000|2|1680|13|4|0|0|960000|2|15999|945199
1200000|2|1680|13|4|1|2|240000|2|15999|241689
1200000|2|1680|13|4|0|0|960000|3|24001|944809
1200000|2|1680|13|4|1|2|240000|3|24001|244575
1200000|2|1680|13|4|0|0|960000|4|32004|945392
1200000|2|1680|13|4|1|2|240000|4|32004|248163
1200000|2|1680|13|5|0|0|960000|0|0|938746
1200000|2|1680|13|5|1|2|240000|0|0|248280
1200000|2|1680|13|5|0|0|960000|1|7998|932096
1200000|2|1680|13|5|1|2|240000|1|7998|250230
1200000|2|1680|13|5|0|0|960000|2|15999|929678
1200000|2|1680|13|5|1|2|240000|2|15999|253311
1200000|2|1680|13|5|0|0|960000|3|24002|930147
1200000|2|1680|13|5|1|2|240000|3|24002|256509
1200000|2|1680|13|5|0|0|960000|4|32005|931552
1200000|2|1680|13|5|1|2|240000|4|32005|259083
1200000|2|1681|13|1|0|0|960000|0|0|952552
1200000|2|1681|13|1|1|2|240000|0|0|228663
1200000|2|1681|13|1|0|0|960000|1|8000|949881
1200000|2|1681|13|1|1|2|240000|1|8000|230691
1200000|2|1681|13|1|0|0|960000|2|16001|949803
1200000|2|1681|13|1|1|2|240000|2|16001|232602
1200000|2|1681|13|1|0|0|960000|3|24003|951012
1200000|2|1681|13|1|1|2|240000|3|24003|235683
1200000|2|1681|13|1|0|0|960000|4|32007|953235
1200000|2|1681|13|1|1|2|240000|4|32007|239076
1200000|2|1681|13|2|0|0|960000|0|0|939060
1200000|2|1681|13|2|1|2|240000|0|0|247812
1200000|2|1681|13|2|0|0|960000|1|7998|932486
1200000|2|1681|13|2|1|2|240000|1|7998|249684
1200000|2|1681|13|2|0|0|960000|2|15998|930459
1200000|2|1681|13|2|1|2|240000|2|15998|252765
1200000|2|1681|13|2|0|0|960000|3|24000|931356
1200000|2|1681|13|2|1|2|240000|3|24000|255846
1200000|2|1681|13|2|0|0|960000|4|32004|931980
1200000|2|1681|13|2|1|2|240000|4|32004|259278
1200000|2|1681|13|3|0|0|960000|0|0|939957
1200000|2|1681|13|3|1|2|240000|0|0|252843
1200000|2|1681|13|3|0|0|960000|1|7999|934164
1200000|2|1681|13|3|1|2|240000|1|7999|255612
1200000|2|1681|13|3|0|0|960000|2|16001|932136
1200000|2|1681|13|3|1|2|240000|2|16001|258732
1200000|2|1681|13|3|0|0|960000|3|24005|932604
1200000|2|1681|13|3|1|2|240000|3|24005|261735
1200000|2|1681|13|3|0|0|960000|4|32008|934125
1200000|2|1681|13|3|1|2|240000|4|32008|265518
1200000|2|1681|13|4|0|0|960000|0|0|926737
1200000|2|1681|13|4|1|2|240000|0|0|246486
1200000|2|1681|13|4|0|0|960000|1|7998|914507
1200000|2|1681|13|4|1|2|240000|1|7998|247851
1200000|2|1681|13|4|0|0|960000|2|15999|908190
1200000|2|1681|13|4|1|2|240000|2|15999|250503
1200000|2|1681|13|4|0|0|960000|3|24002|906317
1200000|2|1681|13|4|1|2|240000|3|24002|253584
1200000|2|1681|13|4|0|0|960000|4|32006|907448
1200000|2|1681|13|4|1|2|240000|4|32006|257133
1200000|2|1681|13|5|0|0|960000|0|0|926538
1200000|2|1681|13|5|1|2|240000|0|0|249879
1200000|2|1681|13|5|0|0|960000|1|8000|913727
1200000|2|1681|13|5|1|2|240000|1|8000|251985
1200000|2|1681|13|5|0|0|960000|2|16002|907565
1200000|2|1681|13|5|1|2|240000|2|16002|255105
1200000|2|1681|13|5|0|0|960000|3|24006|904642
1200000|2|1681|13|5|1|2|240000|3|24006|258537
1200000|2|1681|13|5|0|0|960000|4|32010|904250
1200000|2|1681|13|5|1|2|240000|4|32010|261891
1200000|2|1682|13|1|0|0|960000|0|0|948695
1200000|2|1682|13|1|1|2|240000|0|0|237672
1200000|2|1682|13|1|0|0|960000|1|7998|944342
1200000|2|1682|13|1|1|2|240000|1|7998|239349
1200000|2|1682|13|1|0|0|960000|2|15998|943170
1200000|2|1682|13|1|1|2|240000|2|15998|241650
1200000|2|1682|13|1|0|0|960000|3|24001|942783
1200000|2|1682|13|1|1|2|240000|3|24001|244926
1200000|2|1682|13|1|0|0|960000|4|32005|944575
1200000|2|1682|13|1|1|2|240000|4|32005|248475
1200000|2|1682|13|2|0|0|960000|0|0|928258
1200000|2|1682|13|2|1|2|240000|0|0|252336
1200000|2|1682|13|2|0|0|960000|1|7999|916106
1200000|2|1682|13|2|1|2|240000|1|7999|255105
1200000|2|1682|13|2|0|0|960000|2|16000|910686
1200000|2|1682|13|2|1|2|240000|2|16000|257523
1200000|2|1682|13|2|0|0|960000|3|24002|909046
1200000|2|1682|13|2|1|2|240000|3|24002|260253
1200000|2|1682|13|2|0|0|960000|4|32005|909203
1200000|2|1682|13|2|1|2|240000|4|32005|264465
1200000|2|1682|13|3|0|0|960000|0|0|939685
1200000|2|1682|13|3|1|2|240000|0|0|245511
1200000|2|1682|13|3|0|0|960000|1|7999|933774
1200000|2|1682|13|3|1|2|240000|1|7999|247656
1200000|2|1682|13|3|0|0|960000|2|15999|932953
1200000|2|1682|13|3|1|2|240000|2|15999|249723
1200000|2|1682|13|3|0|0|960000|3|24001|933813
1200000|2|1682|13|3|1|2|240000|3|24001|253428
1200000|2|1682|13|3|0|0|960000|4|32004|935022
1200000|2|1682|13|3|1|2|240000|4|32004|257055
1200000|2|1682|13|4|0|0|960000|0|0|952204
1200000|2|1682|13|4|1|2|240000|0|0|235413
1200000|2|1682|13|4|0|0|960000|1|7999|949764
1200000|2|1682|13|4|1|2|240000|1|7999|238335
1200000|2|1682|13|4|0|0|960000|2|16001|949374
1200000|2|1682|13|4|1|2|240000|2|16001|241806
1200000|2|1682|13|4|0|0|960000|3|24004|949916
1200000|2|1682|13|4|1|2|240000|3|24004|244575
1200000|2|1682|13|4|0|0|960000|4|32007|951754
1200000|2|1682|13|4|1|2|240000|4|32007|246993
1200000|2|1682|13|5|0|0|960000|0|0|927009
1200000|2|1682|13|5|1|2|240000|0|0|250971
1200000|2|1682|13|5|0|0|960000|1|7999|914817
1200000|2|1682|13|5|1|2|240000|1|7999|253506
1200000|2|1682|13|5|0|0|960000|2|16001|909518
1200000|2|1682|13|5|1|2|240000|2|16001|256977
1200000|2|1682|13|5|0|0|960000|3|24006|907528
1200000|2|1682|13|5|1|2|240000|3|24006|260409
1200000|2|1682|13|5|0|0|960000|4|32010|908228
1200000|2|1682|13|5|1|2|240000|4|32010|263646
1200000|2|1683|13|1|0|0|960000|0|0|940619
1200000|2|1683|13|1|1|2|240000|0|0|243405
1200000|2|1683|13|1|0|0|960000|1|7999|935177
1200000|2|1683|13|1|1|2|240000|1|7999|245316
1200000|2|1683|13|1|0|0|960000|2|16001|934320
1200000|2|1683|13|1|1|2|240000|2|16001|247617
1200000|2|1683|13|1|0|0|960000|3|24004|935568
1200000|2|1683|13|1|1|2|240000|3|24004|250659
1200000|2|1683|13|1|0|0|960000|4|32008|938102
1200000|2|1683|13|1|1|2|240000|4|32008|253896
1200000|2|1683|13|2|0|0|960000|0|0|940815
1200000|2|1683|13|2|1|2|240000|0|0|242118
1200000|2|1683|13|2|0|0|960000|1|7999|936660
1200000|2|1683|13|2|1|2|240000|1|7999|244302
1200000|2|1683|13|2|0|0|960000|2|16001|936738
1200000|2|1683|13|2|1|2|240000|2|16001|246486
1200000|2|1683|13|2|0|0|960000|3|24004|938802
1200000|2|1683|13|2|1|2|240000|3|24004|249450
1200000|2|1683|13|2|0|0|960000|4|32008|941924
1200000|2|1683|13|2|1|2|240000|4|32008|253038
1200000|2|1683|13|3|0|0|960000|0|0|930246
1200000|2|1683|13|3|1|2|240000|0|0|249918
1200000|2|1683|13|3|0|0|960000|1|7999|919928
1200000|2|1683|13|3|1|2|240000|1|7999|252219
1200000|2|1683|13|3|0|0|960000|2|16002|916185
1200000|2|1683|13|3|1|2|240000|2|16002|254832
1200000|2|1683|13|3|0|0|960000|3|24006|916067
1200000|2|1683|13|3|1|2|240000|3|24006|258186
1200000|2|1683|13|3|0|0|960000|4|32010|917979
1200000|2|1683|13|3|1|2|240000|4|32010|261306
1200000|2|1683|13|4|0|0|960000|0|0|941397
1200000|2|1683|13|4|1|2|240000|0|0|239154
1200000|2|1683|13|4|0|0|960000|1|8000|936738
1200000|2|1683|13|4|1|2|240000|1|8000|241104
1200000|2|1683|13|4|0|0|960000|2|16001|935919
1200000|2|1683|13|4|1|2|240000|2|16001|244185
1200000|2|1683|13|4|0|0|960000|3|24005|937556
1200000|2|1683|13|4|1|2|240000|3|24005|247227
1200000|2|1683|13|4|0|0|960000|4|32009|941458
1200000|2|1683|13|4|1|2|240000|4|32009|250308
1200000|2|1683|13|5|0|0|960000|0|0|956258
1200000|2|1683|13|5|1|2|240000|0|0|231159
1200000|2|1683|13|5|0|0|960000|1|8000|955809
1200000|2|1683|13|5|1|2|240000|1|8000|233265
1200000|2|1683|13|5|0|0|960000|2|16002|957643
1200000|2|1683|13|5|1|2|240000|2|16002|235995
1200000|2|1683|13|5|0|0|960000|3|24005|961424
1200000|2|1683|13|5|1|2|240000|3|24005|239271
1200000|2|1683|13|5|0|0|960000|4|32010|965870
1200000|2|1683|13|5|1|2|240000|4|32010|242469
1200000|2|1684|13|1|0|0|960000|0|0|941008
1200000|2|1684|13|1|1|2|240000|0|0|248826
1200000|2|1684|13|1|0|0|960000|1|7999|936036
1200000|2|1684|13|1|1|2|240000|1|7999|251634
1200000|2|1684|13|1|0|0|960000|2|16001|935683
1200000|2|1684|13|1|1|2|240000|2|16001|255183
1200000|2|1684|13|1|0|0|960000|3|24004|938143
1200000|2|1684|13|1|1|2|240000|3|24004|259005
1200000|2|1684|13|1|0|0|960000|4|32009|940482
1200000|2|1684|13|1|1|2|240000|4|32009|262858
1200000|2|1684|13|2|0|0|960000|0|0|954542
1200000|2|1684|13|2|1|2|240000|0|0|243327
1200000|2|1684|13|2|0|0|960000|1|8001|953079
1200000|2|1684|13|2|1|2|240000|1|8001|246564
1200000|2|1684|13|2|0|0|960000|2|16003|954092
1200000|2|1684|13|2|1|2|240000|2|16003|250035
1200000|2|1684|13|2|0|0|960000|3|24007|956160
1200000|2|1684|13|2|1|2|240000|3|24007|253857
1200000|2|1684|13|2|0|0|960000|4|32012|959008
1200000|2|1684|13|2|1|2|240000|4|32012|257796
1200000|2|1684|13|3|0|0|960000|0|1|950525
1200000|2|1684|13|3|1|2|240000|0|1|240831
1200000|2|1684|13|3|0|0|960000|1|7999|947735
1200000|2|1684|13|3|1|2|240000|1|7999|243912
1200000|2|1684|13|3|0|0|960000|2|16000|947852
1200000|2|1684|13|3|1|2|240000|2|16000|248046
1200000|2|1684|13|3|0|0|960000|3|24004|949295
1200000|2|1684|13|3|1|2|240000|3|24004|252843
1200000|2|1684|13|3|0|0|960000|4|32009|952180
1200000|2|1684|13|3|1|2|240000|4|32009|257562
1200000|2|1684|13|4|0|0|960000|0|0|951264
1200000|2|1684|13|4|1|2|240000|0|0|243444
1200000|2|1684|13|4|0|0|960000|1|8001|947501
1200000|2|1684|13|4|1|2|240000|1|8001|247656
1200000|2|1684|13|4|0|0|960000|2|16005|947270
1200000|2|1684|13|4|1|2|240000|2|16005|251595
1200000|2|1684|13|4|0|0|960000|3|24009|947811
1200000|2|1684|13|4|1|2|240000|3|24009|256821
1200000|2|1684|13|4|0|0|960000|4|32015|949530
1200000|2|1684|13|4|1|2|240000|4|32015|262359
1200000|2|1684|13|5|0|0|960000|0|0|949470
1200000|2|1684|13|5|1|2|240000|0|0|245511
1200000|2|1684|13|5|0|0|960000|1|8000|945746
1200000|2|1684|13|5|1|2|240000|1|8000|248748
1200000|2|1684|13|5|0|0|960000|2|16002|944537
1200000|2|1684|13|5|1|2|240000|2|16002|252843
1200000|2|1684|13|5|0|0|960000|3|24006|945941
1200000|2|1684|13|5|1|2|240000|3|24006|257679
1200000|2|1684|13|5|0|0|960000|4|32011|947385
1200000|2|1684|13|5|1|2|240000|4|32011|261813
1200000|2|1685|13|1|0|0|960000|0|0|926463
1200000|2|1685|13|1|1|2|240000|0|0|257874
1200000|2|1685|13|1|0|0|960000|1|8002|913767
1200000|2|1685|13|1|1|2|240000|1|8002|260916
1200000|2|1685|13|1|0|0|960000|2|16005|907176
1200000|2|1685|13|1|1|2|240000|2|16005|264582
1200000|2|1685|13|1|0|0|960000|3|24010|904252
1200000|2|1685|13|1|1|2|240000|3|24010|268482
1200000|2|1685|13|1|0|0|960000|4|32015|903510
1200000|2|1685|13|1|1|2|240000|4|32015|272421
1200000|2|1685|13|2|0|0|960000|0|0|949862
1200000|2|1685|13|2|1|2|240000|0|0|230613
1200000|2|1685|13|2|0|0|960000|1|7998|945474
1200000|2|1685|13|2|1|2|240000|1|7998|233577
1200000|2|1685|13|2|0|0|960000|2|16000|944149
1200000|2|1685|13|2|1|2|240000|2|16000|237360
1200000|2|1685|13|2|0|0|960000|3|24004|945392
1200000|2|1685|13|2|1|2|240000|3|24004|241533
1200000|2|1685|13|2|0|0|960000|4|32009|947658
1200000|2|1685|13|2|1|2|240000|4|32009|245511
1200000|2|1685|13|3|0|0|960000|0|0|949977
1200000|2|1685|13|3|1|2|240000|0|0|237087
1200000|2|1685|13|3|0|0|960000|1|7999|946836
1200000|2|1685|13|3|1|2|240000|1|7999|239037
1200000|2|1685|13|3|0|0|960000|2|16001|945589
1200000|2|1685|13|3|1|2|240000|2|16001|241884
1200000|2|1685|13|3|0|0|960000|3|24005|946486
1200000|2|1685|13|3|1|2|240000|3|24005|244965
1200000|2|1685|13|3|0|0|960000|4|32009|948359
1200000|2|1685|13|3|1|2|240000|4|32009|248514
1200000|2|1685|13|4|0|0|960000|0|0|927671
1200000|2|1685|13|4|1|2|240000|0|0|257913
1200000|2|1685|13|4|0|0|960000|1|8000|916225
1200000|2|1685|13|4|1|2|240000|1|8000|260838
1200000|2|1685|13|4|0|0|960000|2|16002|910843
1200000|2|1685|13|4|1|2|240000|2|16002|264660
1200000|2|1685|13|4|0|0|960000|3|24006|910140
1200000|2|1685|13|4|1|2|240000|3|24006|268794
1200000|2|1685|13|4|0|0|960000|4|32012|911583
1200000|2|1685|13|4|1|2|240000|4|32012|273513
1200000|2|1685|13|5|0|0|960000|0|0|927551
1200000|2|1685|13|5|1|2|240000|0|0|252999
1200000|2|1685|13|5|0|0|960000|1|8000|915601
1200000|2|1685|13|5|1|2|240000|1|8000|255222
1200000|2|1685|13|5|0|0|960000|2|16002|910842
1200000|2|1685|13|5|1|2|240000|2|16002|258654
1200000|2|1685|13|5|0|0|960000|3|24006|909983
1200000|2|1685|13|5|1|2|240000|3|24006|262788
1200000|2|1685|13|5|0|0|960000|4|32011|910881
1200000|2|1685|13|5|1|2|240000|4|32011|266688
1200000|2|1686|13|1|0|0|960000|0|0|938124
1200000|2|1686|13|1|1|2|240000|0|0|241104
1200000|2|1686|13|1|0|0|960000|1|7998|931199
1200000|2|1686|13|1|1|2|240000|1|7998|242859
1200000|2|1686|13|1|0|0|960000|2|15999|928821
1200000|2|1686|13|1|1|2|240000|2|15999|245355
1200000|2|1686|13|1|0|0|960000|3|24002|929952
1200000|2|1686|13|1|1|2|240000|3|24002|248904
1200000|2|1686|13|1|0|0|960000|4|32006|932643
1200000|2|1686|13|1|1|2|240000|4|32006|252687
1200000|2|1686|13|2|0|0|960000|0|0|928219
1200000|2|1686|13|2|1|2|240000|0|0|251439
1200000|2|1686|13|2|0|0|960000|1|7999|916575
1200000|2|1686|13|2|1|2|240000|1|7999|254052
1200000|2|1686|13|2|0|0|960000|2|16000|911506
1200000|2|1686|13|2|1|2|240000|2|16000|256509
1200000|2|1686|13|2|0|0|960000|3|24002|909790
1200000|2|1686|13|2|1|2|240000|3|24002|259161
1200000|2|1686|13|2|0|0|960000|4|32005|910724
1200000|2|1686|13|2|1|2|240000|4|32005|262749
1200000|2|1686|13|3|0|0|960000|0|0|951930
1200000|2|1686|13|3|1|2|240000|0|0|227064
1200000|2|1686|13|3|0|0|960000|1|7998|949803
1200000|2|1686|13|3|1|2|240000|1|7998|228507
1200000|2|1686|13|3|0|0|960000|2|15999|950426
1200000|2|1686|13|3|1|2|240000|2|15999|230457
1200000|2|1686|13|3|0|0|960000|3|24001|952532
1200000|2|1686|13|3|1|2|240000|3|24001|233304
1200000|2|1686|13|3|0|0|960000|4|32005|955303
1200000|2|1686|13|3|1|2|240000|4|32005|236697
1200000|2|1686|13|4|0|0|960000|0|1|953374
1200000|2|1686|13|4|1|2|240000|0|1|242508
1200000|2|1686|13|4|0|0|960000|1|8000|952690
1200000|2|1686|13|4|1|2|240000|1|8000|244341
1200000|2|1686|13|4|0|0|960000|2|16001|953742
1200000|2|1686|13|4|1|2|240000|2|16001|246798
1200000|2|1686|13|4|0|0|960000|3|24004|956940
1200000|2|1686|13|4|1|2|240000|3|24004|249723
1200000|2|1686|13|4|0|0|960000|4|32008|960215
1200000|2|1686|13|4|1|2|240000|4|32008|252882
1200000|2|1686|13|5|0|0|960000|0|0|953957
1200000|2|1686|13|5|1|2|240000|0|0|239505
1200000|2|1686|13|5|0|0|960000|1|7997|952612
1200000|2|1686|13|5|1|2|240000|1|7997|240870
1200000|2|1686|13|5|0|0|960000|2|15998|954094
1200000|2|1686|13|5|1|2|240000|2|15998|243093
1200000|2|1686|13|5|0|0|960000|3|24001|957253
1200000|2|1686|13|5|1|2|240000|3|24001|246486
1200000|2|1686|13|5|0|0|960000|4|32005|960372
1200000|2|1686|13|5|1|2|240000|4|32005|250269
1200000|2|1687|13|1|0|0|960000|0|0|940855
1200000|2|1687|13|1|1|2|240000|0|0|245433
1200000|2|1687|13|1|0|0|960000|1|7998|937440
1200000|2|1687|13|1|1|2|240000|1|7998|246252
1200000|2|1687|13|1|0|0|960000|2|15999|936696
1200000|2|1687|13|1|1|2|240000|2|15999|248553
1200000|2|1687|13|1|0|0|960000|3|24002|938493
1200000|2|1687|13|1|1|2|240000|3|24002|251322
1200000|2|1687|13|1|0|0|960000|4|32006|942159
1200000|2|1687|13|1|1|2|240000|4|32006|253701
1200000|2|1687|13|2|0|0|960000|0|0|956218
1200000|2|1687|13|2|1|2|240000|0|0|239505
1200000|2|1687|13|2|0|0|960000|1|7999|956043
1200000|2|1687|13|2|1|2|240000|1|7999|241572
1200000|2|1687|13|2|0|0|960000|2|16001|958734
1200000|2|1687|13|2|1|2|240000|2|16001|244419
1200000|2|1687|13|2|0|0|960000|3|24004|962555
1200000|2|1687|13|2|1|2|240000|3|24004|247110
1200000|2|1687|13|2|0|0|960000|4|32008|966886
1200000|2|1687|13|2|1|2|240000|4|32008|249879
1200000|2|1687|13|3|0|0|960000|0|0|930559
1200000|2|1687|13|3|1|2|240000|0|0|247851
1200000|2|1687|13|3|0|0|960000|1|7999|920748
1200000|2|1687|13|3|1|2|240000|1|7999|250191
1200000|2|1687|13|3|0|0|960000|2|16001|917117
1200000|2|1687|13|3|1|2|240000|2|16001|252492
1200000|2|1687|13|3|0|0|960000|3|24005|917081
1200000|2|1687|13|3|1|2|240000|3|24005|255534
1200000|2|1687|13|3|0|0|960000|4|32008|919538
1200000|2|1687|13|3|1|2|240000|4|32008|259122
1200000|2|1687|13|4|0|0|960000|0|0|954270
1200000|2|1687|13|4|1|2|240000|0|0|243483
1200000|2|1687|13|4|0|0|960000|1|7999|953158
1200000|2|1687|13|4|1|2|240000|1|7999|244926
1200000|2|1687|13|4|0|0|960000|2|16000|955495
1200000|2|1687|13|4|1|2|240000|2|16000|246954
1200000|2|1687|13|4|0|0|960000|3|24002|958110
1200000|2|1687|13|4|1|2|240000|3|24002|250152
1200000|2|1687|13|4|0|0|960000|4|32006|961736
1200000|2|1687|13|4|1|2|240000|4|32006|253233
1200000|2|1687|13|5|0|0|960000|0|0|952632
1200000|2|1687|13|5|1|2|240000|0|0|239973
1200000|2|1687|13|5|0|0|960000|1|7999|950271
1200000|2|1687|13|5|1|2|240000|1|7999|241845
1200000|2|1687|13|5|0|0|960000|2|16000|951632
1200000|2|1687|13|5|1|2|240000|2|16000|243912
1200000|2|1687|13|5|0|0|960000|3|24003|954403
1200000|2|1687|13|5|1|2|240000|3|24003|246720
1200000|2|1687|13|5|0|0|960000|4|32007|957721
1200000|2|1687|13|5|1|2|240000|4|32007|249567
1200000|2|1688|13|1|0|0|960000|0|0|953723
1200000|2|1688|13|1|1|2|240000|0|0|236622
1200000|2|1688|13|1|0|0|960000|1|7998|952182
1200000|2|1688|13|1|1|2|240000|1|7998|238803
1200000|2|1688|13|1|0|0|960000|2|15999|953235
1200000|2|1688|13|1|1|2|240000|2|15999|241689
1200000|2|1688|13|1|0|0|960000|3|24002|955418
1200000|2|1688|13|1|1|2|240000|3|24002|244614
1200000|2|1688|13|1|0|0|960000|4|32005|958383
1200000|2|1688|13|1|1|2|240000|4|32005|247422
1200000|2|1688|13|2|0|0|960000|0|0|953567
1200000|2|1688|13|2|1|2|240000|0|0|235293
1200000|2|1688|13|2|0|0|960000|1|8000|951088
1200000|2|1688|13|2|1|2|240000|1|8000|237906
1200000|2|1688|13|2|0|0|960000|2|16002|951477
1200000|2|1688|13|2|1|2|240000|2|16002|241767
1200000|2|1688|13|2|0|0|960000|3|24005|953391
1200000|2|1688|13|2|1|2|240000|3|24005|245550
1200000|2|1688|13|2|0|0|960000|4|32010|956392
1200000|2|1688|13|2|1|2|240000|4|32010|249216
1200000|2|1688|13|3|0|0|960000|0|0|950799
1200000|2|1688|13|3|1|2|240000|0|0|231978
1200000|2|1688|13|3|0|0|960000|1|7998|947034
1200000|2|1688|13|3|1|2|240000|1|7998|234045
1200000|2|1688|13|3|0|0|960000|2|15999|946058
1200000|2|1688|13|3|1|2|240000|2|15999|236697
1200000|2|1688|13|3|0|0|960000|3|24001|947617
1200000|2|1688|13|3|1|2|240000|3|24001|240441
1200000|2|1688|13|3|0|0|960000|4|32005|950116
1200000|2|1688|13|3|1|2|240000|4|32005|243873
1200000|2|1688|13|4|0|0|960000|0|0|926814
1200000|2|1688|13|4|1|2|240000|0|0|248007
1200000|2|1688|13|4|0|0|960000|1|7998|913416
1200000|2|1688|13|4|1|2|240000|1|7998|249762
1200000|2|1688|13|4|0|0|960000|2|15999|907019
1200000|2|1688|13|4|1|2|240000|2|15999|251868
1200000|2|1688|13|4|0|0|960000|3|24002|904640
1200000|2|1688|13|4|1|2|240000|3|24002|254208
1200000|2|1688|13|4|0|0|960000|4|32005|904054
1200000|2|1688|13|4|1|2|240000|4|32005|257289
1200000|2|1688|13|5|0|0|960000|0|0|950135
1200000|2|1688|13|5|1|2|240000|0|0|231510
1200000|2|1688|13|5|0|0|960000|1|7997|946529
1200000|2|1688|13|5|1|2|240000|1|7997|233343
1200000|2|1688|13|5|0|0|960000|2|15997|945825
1200000|2|1688|13|5|1|2|240000|2|15997|235995
1200000|2|1688|13|5|0|0|960000|3|23999|947540
1200000|2|1688|13|5|1|2|240000|3|23999|238374
1200000|2|1688|13|5|0|0|960000|4|32002|949179
1200000|2|1688|13|5|1|2|240000|4|32002|241182
1200000|2|1689|13|1|0|0|960000|0|0|950172
1200000|2|1689|13|1|1|2|240000|0|0|234981
1200000|2|1689|13|1|0|0|960000|1|7997|946563
1200000|2|1689|13|1|1|2|240000|1|7997|237009
1200000|2|1689|13|1|0|0|960000|2|15997|945788
1200000|2|1689|13|1|1|2|240000|2|15997|239115
1200000|2|1689|13|1|0|0|960000|3|23999|946097
1200000|2|1689|13|1|1|2|240000|3|23999|241650
1200000|2|1689|13|1|0|0|960000|4|32001|947267
1200000|2|1689|13|1|1|2|240000|4|32001|244224
1200000|2|1689|13|2|0|0|960000|0|0|950252
1200000|2|1689|13|2|1|2|240000|0|0|228000
1200000|2|1689|13|2|0|0|960000|1|7996|946800
1200000|2|1689|13|2|1|2|240000|1|7996|228741
1200000|2|1689|13|2|0|0|960000|2|15995|946333
1200000|2|1689|13|2|1|2|240000|2|15995|231081
1200000|2|1689|13|2|0|0|960000|3|23997|947113
1200000|2|1689|13|2|1|2|240000|3|23997|234513
1200000|2|1689|13|2|0|0|960000|4|31999|948556
1200000|2|1689|13|2|1|2|240000|4|31999|237477
1200000|2|1689|13|3|0|0|960000|0|0|936954
1200000|2|1689|13|3|1|2|240000|0|0|240012
1200000|2|1689|13|3|0|0|960000|1|7999|929328
1200000|2|1689|13|3|1|2|240000|1|7999|242469
1200000|2|1689|13|3|0|0|960000|2|16000|926091
1200000|2|1689|13|3|1|2|240000|2|16000|244926
1200000|2|1689|13|3|0|0|960000|3|24003|925698
1200000|2|1689|13|3|1|2|240000|3|24003|247656
1200000|2|1689|13|3|0|0|960000|4|32005|926364
1200000|2|1689|13|3|1|2|240000|4|32005|251244
1200000|2|1689|13|4|0|0|960000|0|0|949395
1200000|2|1689|13|4|1|2|240000|0|0|226206
1200000|2|1689|13|4|0|0|960000|1|7996|944304
1200000|2|1689|13|4|1|2|240000|1|7996|227688
1200000|2|1689|13|4|0|0|960000|2|15996|942549
1200000|2|1689|13|4|1|2|240000|2|15996|230418
1200000|2|1689|13|4|0|0|960000|3|23997|943015
1200000|2|1689|13|4|1|2|240000|3|23997|232680
1200000|2|1689|13|4|0|0|960000|4|32000|943915
1200000|2|1689|13|4|1|2|240000|4|32000|234903
1200000|2|1689|13|5|0|0|960000|0|0|925528
1200000|2|1689|13|5|1|2|240000|0|0|251907
1200000|2|1689|13|5|0|0|960000|1|7999|911856
1200000|2|1689|13|5|1|2|240000|1|7999|254637
1200000|2|1689|13|5|0|0|960000|2|16002|904095
1200000|2|1689|13|5|1|2|240000|2|16002|257679
1200000|2|1689|13|5|0|0|960000|3|24005|900311
1200000|2|1689|13|5|1|2|240000|3|24005|260487
1200000|2|1689|13|5|0|0|960000|4|32009|899572
1200000|2|1689|13|5|1|2|240000|4|32009|263763
1200000|2|1690|13|1|0|0|960000|0|0|935938
1200000|2|1690|13|1|1|2|240000|0|0|246564
1200000|2|1690|13|1|0|0|960000|1|7998|927145
1200000|2|1690|13|1|1|2|240000|1|7998|249294
1200000|2|1690|13|1|0|0|960000|2|15999|923284
1200000|2|1690|13|1|1|2|240000|2|15999|252531
1200000|2|1690|13|1|0|0|960000|3|24002|923281
1200000|2|1690|13|1|1|2|240000|3|24002|256275
1200000|2|1690|13|1|0|0|960000|4|32006|922973
1200000|2|1690|13|1|1|2|240000|4|32006|260565
1200000|2|1690|13|2|0|0|960000|0|0|949278
1200000|2|1690|13|2|1|2|240000|0|0|230418
1200000|2|1690|13|2|0|0|960000|1|7998|944888
1200000|2|1690|13|2|1|2|240000|1|7998|232602
1200000|2|1690|13|2|0|0|960000|2|15999|943716
1200000|2|1690|13|2|1|2|240000|2|15999|235176
1200000|2|1690|13|2|0|0|960000|3|24002|943679
1200000|2|1690|13|2|1|2|240000|3|24002|238374
1200000|2|1690|13|2|0|0|960000|4|32005|944418
1200000|2|1690|13|2|1|2|240000|4|32005|241884
1200000|2|1690|13|3|0|0|960000|0|0|950448
1200000|2|1690|13|3|1|2|240000|0|0|228741
1200000|2|1690|13|3|0|0|960000|1|7999|946914
1200000|2|1690|13|3|1|2|240000|1|7999|230691
1200000|2|1690|13|3|0|0|960000|2|16000|945824
1200000|2|1690|13|3|1|2|240000|2|16000|233148
1200000|2|1690|13|3|0|0|960000|3|24002|946411
1200000|2|1690|13|3|1|2|240000|3|24002|236892
1200000|2|1690|13|3|0|0|960000|4|32006|948517
1200000|2|1690|13|3|1|2|240000|4|32006|240168
1200000|2|1690|13|4|0|0|960000|0|0|937344
1200000|2|1690|13|4|1|2|240000|0|0|244614
1200000|2|1690|13|4|0|0|960000|1|7999|929367
1200000|2|1690|13|4|1|2|240000|1|7999|246954
1200000|2|1690|13|4|0|0|960000|2|16001|925817
1200000|2|1690|13|4|1|2|240000|2|16001|250932
1200000|2|1690|13|4|0|0|960000|3|24004|925113
1200000|2|1690|13|4|1|2|240000|3|24004|254559
1200000|2|1690|13|4|0|0|960000|4|32009|926013
1200000|2|1690|13|4|1|2|240000|4|32009|258303
1200000|2|1690|13|5|0|0|960000|0|0|947601
1200000|2|1690|13|5|1|2|240000|0|0|229755
1200000|2|1690|13|5|0|0|960000|1|7997|943095
1200000|2|1690|13|5|1|2|240000|1|7997|231744
1200000|2|1690|13|5|0|0|960000|2|15998|941142
1200000|2|1690|13|5|1|2|240000|2|15998|233655
1200000|2|1690|13|5|0|0|960000|3|24000|941651
1200000|2|1690|13|5|1|2|240000|3|24000|236619
1200000|2|1690|13|5|0|0|960000|4|32003|943445
1200000|2|1690|13|5|1|2|240000|4|32003|240129
1200000|2|1691|13|1|0|0|960000|0|0|926736
1200000|2|1691|13|1|1|2|240000|0|0|245511
1200000|2|1691|13|1|0|0|960000|1|7996|913769
1200000|2|1691|13|1|1|2|240000|1|7996|247734
1200000|2|1691|13|1|0|0|960000|2|15996|907604
1200000|2|1691|13|1|1|2|240000|2|15996|250113
1200000|2|1691|13|1|0|0|960000|3|23997|905069
1200000|2|1691|13|1|1|2|240000|3|23997|252414
1200000|2|1691|13|1|0|0|960000|4|31999|905461
1200000|2|1691|13|1|1|2|240000|4|31999|255729
1200000|2|1691|13|2|0|0|960000|0|0|952905
1200000|2|1691|13|2|1|2|240000|0|0|223632
1200000|2|1691|13|2|0|0|960000|1|7997|950700
1200000|2|1691|13|2|1|2|240000|1|7997|224958
1200000|2|1691|13|2|0|0|960000|2|15997|951635
1200000|2|1691|13|2|1|2|240000|2|15997|227610
1200000|2|1691|13|2|0|0|960000|3|23999|954130
1200000|2|1691|13|2|1|2|240000|3|23999|229716
1200000|2|1691|13|2|0|0|960000|4|32001|957446
1200000|2|1691|13|2|1|2|240000|4|32001|231198
1200000|2|1691|13|3|0|0|960000|0|0|939879
1200000|2|1691|13|3|1|2|240000|0|0|244107
1200000|2|1691|13|3|0|0|960000|1|7997|935022
1200000|2|1691|13|3|1|2|240000|1|7997|244341
1200000|2|1691|13|3|0|0|960000|2|15998|934672
1200000|2|1691|13|3|1|2|240000|2|15998|245667
1200000|2|1691|13|3|0|0|960000|3|23999|937128
1200000|2|1691|13|3|1|2|240000|3|23999|247032
1200000|2|1691|13|3|0|0|960000|4|32002|940053
1200000|2|1691|13|3|1|2|240000|4|32002|248358
1200000|2|1691|13|4|0|0|960000|0|0|939451
1200000|2|1691|13|4|1|2|240000|0|0|242976
1200000|2|1691|13|4|0|0|960000|1|7998|935490
1200000|2|1691|13|4|1|2|240000|1|7998|243678
1200000|2|1691|13|4|0|0|960000|2|15997|934398
1200000|2|1691|13|4|1|2|240000|2|15997|244341
1200000|2|1691|13|4|0|0|960000|3|23998|935917
1200000|2|1691|13|4|1|2|240000|3|23998|245433
1200000|2|1691|13|4|0|0|960000|4|32000|939585
1200000|2|1691|13|4|1|2|240000|4|32000|246993
1200000|2|1691|13|5|0|0|960000|0|0|955127
1200000|2|1691|13|5|1|2|240000|0|0|230496
1200000|2|1691|13|5|0|0|960000|1|7996|954327
1200000|2|1691|13|5|1|2|240000|1|7996|230223
1200000|2|1691|13|5|0|0|960000|2|15995|956666
1200000|2|1691|13|5|1|2|240000|2|15995|230457
1200000|2|1691|13|5|0|0|960000|3|23996|960137
1200000|2|1691|13|5|1|2|240000|3|23996|231120
1200000|2|1691|13|5|0|0|960000|4|31997|964545
1200000|2|1691|13|5|1|2|240000|4|31997|232017
1200000|2|1692|13|1|0|0|960000|0|1|940696
1200000|2|1692|13|1|1|2|240000|0|1|237750
1200000|2|1692|13|1|0|0|960000|1|7998|936661
1200000|2|1692|13|1|1|2|240000|1|7998|237672
1200000|2|1692|13|1|0|0|960000|2|15998|937753
1200000|2|1692|13|1|1|2|240000|2|15998|237828
1200000|2|1692|13|1|0|0|960000|3|23998|940753
1200000|2|1692|13|1|1|2|240000|3|23998|238374
1200000|2|1692|13|1|0|0|960000|4|31999|945319
1200000|2|1692|13|1|1|2|240000|4|31999|239466
1200000|2|1692|13|2|0|0|960000|0|0|956765
1200000|2|1692|13|2|1|2|240000|0|0|235020
1200000|2|1692|13|2|0|0|960000|1|7997|957524
1200000|2|1692|13|2|1|2|240000|1|7997|235917
1200000|2|1692|13|2|0|0|960000|2|15997|960295
1200000|2|1692|13|2|1|2|240000|2|15997|237633
1200000|2|1692|13|2|0|0|960000|3|23998|963998
1200000|2|1692|13|2|1|2|240000|3|23998|239739
1200000|2|1692|13|2|0|0|960000|4|32001|969030
1200000|2|1692|13|2|1|2|240000|4|32001|241260
1200000|2|1692|13|3|0|0|960000|0|0|956141
1200000|2|1692|13|3|1|2|240000|0|0|235020
1200000|2|1692|13|3|0|0|960000|1|7999|955964
1200000|2|1692|13|3|1|2|240000|1|7999|235956
1200000|2|1692|13|3|0|0|960000|2|15999|958383
1200000|2|1692|13|3|1|2|240000|2|15999|237399
1200000|2|1692|13|3|0|0|960000|3|24001|962085
1200000|2|1692|13|3|1|2|240000|3|24001|238959
1200000|2|1692|13|3|0|0|960000|4|32004|966613
1200000|2|1692|13|3|1|2|240000|4|32004|240948
1200000|2|1692|13|4|0|0|960000|0|0|954075
1200000|2|1692|13|4|1|2|240000|0|0|237984
1200000|2|1692|13|4|0|0|960000|1|7997|953315
1200000|2|1692|13|4|1|2|240000|1|7997|238647
1200000|2|1692|13|4|0|0|960000|2|15997|955769
1200000|2|1692|13|4|1|2|240000|2|15997|240753
1200000|2|1692|13|4|0|0|960000|3|23999|959276
1200000|2|1692|13|4|1|2|240000|3|23999|242898
1200000|2|1692|13|4|0|0|960000|4|32002|963180
1200000|2|1692|13|4|1|2|240000|4|32002|244731
1200000|2|1692|13|5|0|0|960000|0|0|952827
1200000|2|1692|13|5|1|2|240000|0|0|235878
1200000|2|1692|13|5|0|0|960000|1|7997|950973
1200000|2|1692|13|5|1|2|240000|1|7997|235332
1200000|2|1692|13|5|0|0|960000|2|15996|952064
1200000|2|1692|13|5|1|2|240000|2|15996|235956
1200000|2|1692|13|5|0|0|960000|3|23997|954600
1200000|2|1692|13|5|1|2|240000|3|23997|237477
1200000|2|1692|13|5|0|0|960000|4|31999|957683
1200000|2|1692|13|5|1|2|240000|4|31999|239076
1200000|2|1693|13|1|0|0|960000|0|0|938397
1200000|2|1693|13|1|1|2|240000|0|0|238023
1200000|2|1693|13|1|0|0|960000|1|7995|933381
1200000|2|1693|13|1|1|2|240000|1|7995|237555
1200000|2|1693|13|1|0|0|960000|2|15994|932367
1200000|2|1693|13|1|1|2|240000|2|15994|237789
1200000|2|1693|13|1|0|0|960000|3|23994|932721
1200000|2|1693|13|1|1|2|240000|3|23994|239037
1200000|2|1693|13|1|0|0|960000|4|31996|934748
1200000|2|1693|13|1|1|2|240000|4|31996|239661
1200000|2|1693|13|2|0|0|960000|0|0|927478
1200000|2|1693|13|2|1|2|240000|0|0|239148
1200000|2|1693|13|2|0|0|960000|1|7997|915444
1200000|2|1693|13|2|1|2|240000|1|7997|239340
1200000|2|1693|13|2|0|0|960000|2|15997|910568
1200000|2|1693|13|2|1|2|240000|2|15997|240278
1200000|2|1693|13|2|0|0|960000|3|23998|909788
1200000|2|1693|13|2|1|2|240000|3|23998|241602
1200000|2|1693|13|2|0|0|960000|4|32000|911153
1200000|2|1693|13|2|1|2|240000|4|32000|242890
1200000|2|1693|13|3|0|0|960000|0|1|939566
1200000|2|1693|13|3|1|2|240000|0|1|236261
1200000|2|1693|13|3|0|0|960000|1|7996|933929
1200000|2|1693|13|3|1|2|240000|1|7996|236414
1200000|2|1693|13|3|0|0|960000|2|15996|933540
1200000|2|1693|13|3|1|2|240000|2|15996|237585
1200000|2|1693|13|3|0|0|960000|3|23997|935489
1200000|2|1693|13|3|1|2|240000|3|23997|238283
1200000|2|1693|13|3|0|0|960000|4|32000|938570
1200000|2|1693|13|3|1|2|240000|4|32000|239416
1200000|2|1693|13|4|0|0|960000|0|0|940892
1200000|2|1693|13|4|1|2|240000|0|0|240430
1200000|2|1693|13|4|0|0|960000|1|7999|937400
1200000|2|1693|13|4|1|2|240000|1|7999|241367
1200000|2|1693|13|4|0|0|960000|2|16000|939001
1200000|2|1693|13|4|1|2|240000|2|16000|242266
1200000|2|1693|13|4|0|0|960000|3|24001|942666
1200000|2|1693|13|4|1|2|240000|3|24001|243357
1200000|2|1693|13|4|0|0|960000|4|32004|947737
1200000|2|1693|13|4|1|2|240000|4|32004|244605
1200000|2|1693|13|5|0|0|960000|0|0|941439
1200000|2|1693|13|5|1|2|240000|0|0|242537
1200000|2|1693|13|5|0|0|960000|1|7999|937322
1200000|2|1693|13|5|1|2|240000|1|7999|242850
1200000|2|1693|13|5|0|0|960000|2|16000|937870
1200000|2|1693|13|5|1|2|240000|2|16000|244565
1200000|2|1693|13|5|0|0|960000|3|24003|941067
1200000|2|1693|13|5|1|2|240000|3|24003|247568
1200000|2|1693|13|5|0|0|960000|4|32007|944851
1200000|2|1693|13|5|1|2|240000|4|32007|250495
1200000|2|1694|13|1|0|0|960000|0|0|956571
1200000|2|1694|13|1|1|2|240000|0|0|237352
1200000|2|1694|13|1|0|0|960000|1|7999|957018
1200000|2|1694|13|1|1|2|240000|1|7999|238756
1200000|2|1694|13|1|0|0|960000|2|16001|959864
1200000|2|1694|13|1|1|2|240000|2|16001|241054
1200000|2|1694|13|1|0|0|960000|3|24004|964506
1200000|2|1694|13|1|1|2|240000|3|24004|243163
1200000|2|1694|13|1|0|0|960000|4|32008|969887
1200000|2|1694|13|1|1|2|240000|4|32008|245385
1200000|2|1694|13|2|0|0|960000|0|0|942723
1200000|2|1694|13|2|1|2|240000|0|0|242733
1200000|2|1694|13|2|0|0|960000|1|7998|939622
1200000|2|1694|13|2|1|2|240000|1|7998|242890
1200000|2|1694|13|2|0|0|960000|2|15998|941221
1200000|2|1694|13|2|1|2|240000|2|15998|244370
1200000|2|1694|13|2|0|0|960000|3|24001|944694
1200000|2|1694|13|2|1|2|240000|3|24001|247025
1200000|2|1694|13|2|0|0|960000|4|32005|949258
1200000|2|1694|13|2|1|2|240000|4|32005|249831
1200000|2|1694|13|3|0|0|960000|0|0|931766
1200000|2|1694|13|3|1|2|240000|0|0|247218
1200000|2|1694|13|3|0|0|960000|1|8000|922970
1200000|2|1694|13|3|1|2|240000|1|8000|248661
1200000|2|1694|13|3|0|0|960000|2|16002|920904
1200000|2|1694|13|3|1|2|240000|2|16002|250141
1200000|2|1694|13|3|0|0|960000|3|24004|922151
1200000|2|1694|13|3|1|2|240000|3|24004|252128
1200000|2|1694|13|3|0|0|960000|4|32007|925270
1200000|2|1694|13|3|1|2|240000|4|32007|254472
1200000|2|1694|13|4|0|0|960000|0|0|941361
1200000|2|1694|13|4|1|2|240000|0|0|247297
1200000|2|1694|13|4|0|0|960000|1|7999|938179
1200000|2|1694|13|4|1|2|240000|1|7999|249013
1200000|2|1694|13|4|0|0|960000|2|16000|939546
1200000|2|1694|13|4|1|2|240000|2|16000|252170
1200000|2|1694|13|4|0|0|960000|3|24002|943291
1200000|2|1694|13|4|1|2|240000|3|24002|255369
1200000|2|1694|13|4|0|0|960000|4|32006|948750
1200000|2|1694|13|4|1|2|240000|4|32006|258645
1200000|2|1694|13|5|0|0|960000|0|0|956687
1200000|2|1694|13|5|1|2|240000|0|0|242497
1200000|2|1694|13|5|0|0|960000|1|8000|956628
1200000|2|1694|13|5|1|2|240000|1|8000|244449
1200000|2|1694|13|5|0|0|960000|2|16001|959396
1200000|2|1694|13|5|1|2|240000|2|16001|247529
1200000|2|1694|13|5|0|0|960000|3|24005|963568
1200000|2|1694|13|5|1|2|240000|3|24005|251157
1200000|2|1694|13|5|0|0|960000|4|32009|969107
1200000|2|1694|13|5|1|2|240000|4|32009|254393
1200000|2|1695|13|1|0|0|960000|0|1|954894
1200000|2|1695|13|1|1|2|240000|0|1|240313
1200000|2|1695|13|1|0|0|960000|1|7998|954752
1200000|2|1695|13|1|1|2|240000|1|7998|242967
1200000|2|1695|13|1|0|0|960000|2|16000|956200
1200000|2|1695|13|1|1|2|240000|2|16000|245852
1200000|2|1695|13|1|0|0|960000|3|24002|959280
1200000|2|1695|13|1|1|2|240000|3|24002|249052
1200000|2|1695|13|1|0|0|960000|4|32006|963725
1200000|2|1695|13|1|1|2|240000|4|32006|252796
1200000|2|1695|13|2|0|0|960000|0|0|940697
1200000|2|1695|13|2|1|2|240000|0|0|249909
1200000|2|1695|13|2|0|0|960000|1|8000|935723
1200000|2|1695|13|2|1|2|240000|1|8000|251508
1200000|2|1695|13|2|0|0|960000|2|16001|934787
1200000|2|1695|13|2|1|2|240000|2|16001|254121
1200000|2|1695|13|2|0|0|960000|3|24003|937088
1200000|2|1695|13|2|1|2|240000|3|24003|256773
1200000|2|1695|13|2|0|0|960000|4|32007|940326
1200000|2|1695|13|2|1|2|240000|4|32007|260477
1200000|2|1695|13|3|0|0|960000|0|0|927554
1200000|2|1695|13|3|1|2|240000|0|0|246946
1200000|2|1695|13|3|0|0|960000|1|7998|915405
1200000|2|1695|13|3|1|2|240000|1|7998|248231
1200000|2|1695|13|3|0|0|960000|2|15998|910373
1200000|2|1695|13|3|1|2|240000|2|15998|250221
1200000|2|1695|13|3|0|0|960000|3|24001|910919
1200000|2|1695|13|3|1|2|240000|3|24001|252483
1200000|2|1695|13|3|0|0|960000|4|32004|913143
1200000|2|1695|13|3|1|2|240000|4|32004|255251
1200000|2|1695|13|4|0|0|960000|0|0|928295
1200000|2|1695|13|4|1|2|240000|0|0|248273
1200000|2|1695|13|4|0|0|960000|1|8000|916809
1200000|2|1695|13|4|1|2|240000|1|8000|249750
1200000|2|1695|13|4|0|0|960000|2|16001|911817
1200000|2|1695|13|4|1|2|240000|2|16001|252288
1200000|2|1695|13|4|0|0|960000|3|24003|910724
1200000|2|1695|13|4|1|2|240000|3|24003|255292
1200000|2|1695|13|4|0|0|960000|4|32007|912362
1200000|2|1695|13|4|1|2|240000|4|32007|258527
1200000|2|1695|13|5|0|0|960000|0|0|927162
1200000|2|1695|13|5|1|2|240000|0|0|248700
1200000|2|1695|13|5|0|0|960000|1|7997|914897
1200000|2|1695|13|5|1|2|240000|1|7997|251040
1200000|2|1695|13|5|0|0|960000|2|15998|909828
1200000|2|1695|13|5|1|2|240000|2|15998|253767
1200000|2|1695|13|5|0|0|960000|3|24001|909515
1200000|2|1695|13|5|1|2|240000|3|24001|257358
1200000|2|1695|13|5|0|0|960000|4|32005|910412
1200000|2|1695|13|5|1|2|240000|4|32005|260439
1200000|2|1696|13|1|0|0|960000|0|0|938905
1200000|2|1696|13|1|1|2|240000|0|0|247851
1200000|2|1696|13|1|0|0|960000|1|7997|933148
1200000|2|1696|13|1|1|2|240000|1|7997|248592
1200000|2|1696|13|1|0|0|960000|2|15996|931590
1200000|2|1696|13|1|1|2|240000|2|15996|250191
1200000|2|1696|13|1|0|0|960000|3|23997|932329
1200000|2|1696|13|1|1|2|240000|3|23997|252687
1200000|2|1696|13|1|0|0|960000|4|32000|934984
1200000|2|1696|13|1|1|2|240000|4|32000|255291
1200000|2|1696|13|2|0|0|960000|0|0|952473
1200000|2|1696|13|2|1|2|240000|0|0|241065
1200000|2|1696|13|2|0|0|960000|1|7996|950701
1200000|2|1696|13|2|1|2|240000|1|7996|242469
1200000|2|1696|13|2|0|0|960000|2|15995|951246
1200000|2|1696|13|2|1|2|240000|2|15995|244887
1200000|2|1696|13|2|0|0|960000|3|23996|952924
1200000|2|1696|13|2|1|2|240000|3|23996|247344
1200000|2|1696|13|2|0|0|960000|4|31999|955184
1200000|2|1696|13|2|1|2|240000|4|31999|249177
1200000|2|1696|13|3|0|0|960000|0|1|938787
1200000|2|1696|13|3|1|2|240000|0|1|248202
1200000|2|1696|13|3|0|0|960000|1|7999|933187
1200000|2|1696|13|3|1|2|240000|1|7999|250269
1200000|2|1696|13|3|0|0|960000|2|16000|931317
1200000|2|1696|13|3|1|2|240000|2|16000|252531
1200000|2|1696|13|3|0|0|960000|3|24001|933228
1200000|2|1696|13|3|1|2|240000|3|24001|255183
1200000|2|1696|13|3|0|0|960000|4|32003|936346
1200000|2|1696|13|3|1|2|240000|4|32003|258381
1200000|2|1696|13|4|0|0|960000|0|0|938824
1200000|2|1696|13|4|1|2|240000|0|0|245082
1200000|2|1696|13|4|0|0|960000|1|7996|934593
1200000|2|1696|13|4|1|2|240000|1|7996|246642
1200000|2|1696|13|4|0|0|960000|2|15995|934944
1200000|2|1696|13|4|1|2|240000|2|15995|248280
1200000|2|1696|13|4|0|0|960000|3|23996|937091
1200000|2|1696|13|4|1|2|240000|3|23996|249918
1200000|2|1696|13|4|0|0|960000|4|31998|940559
1200000|2|1696|13|4|1|2|240000|4|31998|252024
1200000|2|1696|13|5|0|0|960000|0|0|956844
1200000|2|1696|13|5|1|2|240000|0|0|238725
1200000|2|1696|13|5|0|0|960000|1|7998|957641
1200000|2|1696|13|5|1|2|240000|1|7998|240870
1200000|2|1696|13|5|0|0|960000|2|15998|961697
1200000|2|1696|13|5|1|2|240000|2|15998|243522
1200000|2|1696|13|5|0|0|960000|3|23999|967079
1200000|2|1696|13|5|1|2|240000|3|23999|245745
1200000|2|1696|13|5|0|0|960000|4|32001|973320
1200000|2|1696|13|5|1|2|240000|4|32001|248163
1200000|2|1697|13|1|0|0|960000|0|0|956610
1200000|2|1697|13|1|1|2|240000|0|0|229443
1200000|2|1697|13|1|0|0|960000|1|7997|956901
1200000|2|1697|13|1|1|2|240000|1|7997|229911
1200000|2|1697|13|1|0|0|960000|2|15996|960095
1200000|2|1697|13|1|1|2|240000|2|15996|230340
1200000|2|1697|13|1|0|0|960000|3|23996|964895
1200000|2|1697|13|1|1|2|240000|3|23996|231900
1200000|2|1697|13|1|0|0|960000|4|31997|970082
1200000|2|1697|13|1|1|2|240000|4|31997|233967
1200000|2|1697|13|2|0|0|960000|0|0|930909
1200000|2|1697|13|2|1|2|240000|0|0|242355
1200000|2|1697|13|2|0|0|960000|1|7997|922539
1200000|2|1697|13|2|1|2|240000|1|7997|243171
1200000|2|1697|13|2|0|0|960000|2|15996|920709
1200000|2|1697|13|2|1|2|240000|2|15996|245277
1200000|2|1697|13|2|0|0|960000|3|23998|922814
1200000|2|1697|13|2|1|2|240000|3|23998|246564
1200000|2|1697|13|2|0|0|960000|4|31999|926867
1200000|2|1697|13|2|1|2|240000|4|31999|247578
1200000|2|1697|13|3|0|0|960000|0|0|932119
1200000|2|1697|13|3|1|2|240000|0|0|240480
1200000|2|1697|13|3|0|0|960000|1|7997|924374
1200000|2|1697|13|3|1|2|240000|1|7997|240558
1200000|2|1697|13|3|0|0|960000|2|15996|922270
1200000|2|1697|13|3|1|2|240000|2|15996|241416
1200000|2|1697|13|3|0|0|960000|3|23996|924063
1200000|2|1697|13|3|1|2|240000|3|23996|243132
1200000|2|1697|13|3|0|0|960000|4|31999|928196
1200000|2|1697|13|3|1|2|240000|4|31999|245199
1200000|2|1697|13|4|0|0|960000|0|0|931961
1200000|2|1697|13|4|1|2|240000|0|0|237555
1200000|2|1697|13|4|0|0|960000|1|7995|923322
1200000|2|1697|13|4|1|2|240000|1|7995|238062
1200000|2|1697|13|4|0|0|960000|2|15995|921291
1200000|2|1697|13|4|1|2|240000|2|15995|238647
1200000|2|1697|13|4|0|0|960000|3|23996|923204
1200000|2|1697|13|4|1|2|240000|3|23996|239778
1200000|2|1697|13|4|0|0|960000|4|31997|927495
1200000|2|1697|13|4|1|2|240000|4|31997|240987
1200000|2|1697|13|5|0|0|960000|0|0|957661
1200000|2|1697|13|5|1|2|240000|0|0|232095
1200000|2|1697|13|5|0|0|960000|1|7997|957993
1200000|2|1697|13|5|1|2|240000|1|7997|232251
1200000|2|1697|13|5|0|0|960000|2|15997|961345
1200000|2|1697|13|5|1|2|240000|2|15997|232836
1200000|2|1697|13|5|0|0|960000|3|23998|965481
1200000|2|1697|13|5|1|2|240000|3|23998|234708
1200000|2|1697|13|5|0|0|960000|4|32000|970822
1200000|2|1697|13|5|1|2|240000|4|32000|236463
1200000|2|1698|13|1|0|0|960000|0|0|956570
1200000|2|1698|13|1|1|2|240000|0|0|236073
1200000|2|1698|13|1|0|0|960000|1|7999|956394
1200000|2|1698|13|1|1|2|240000|1|7999|237789
1200000|2|1698|13|1|0|0|960000|2|16000|959434
1200000|2|1698|13|1|1|2|240000|2|16000|239076
1200000|2|1698|13|1|0|0|960000|3|24002|963922
1200000|2|1698|13|1|1|2|240000|3|24002|240558
1200000|2|1698|13|1|0|0|960000|4|32005|968796
1200000|2|1698|13|1|1|2|240000|4|32005|242469
1200000|2|1698|13|2|0|0|960000|0|0|932038
1200000|2|1698|13|2|1|2|240000|0|0|247461
1200000|2|1698|13|2|0|0|960000|1|7998|923826
1200000|2|1698|13|2|1|2|240000|1|7998|249528
1200000|2|1698|13|2|0|0|960000|2|15999|922656
1200000|2|1698|13|2|1|2|240000|2|15999|252102
1200000|2|1698|13|2|0|0|960000|3|24002|925037
1200000|2|1698|13|2|1|2|240000|3|24002|255222
1200000|2|1698|13|2|0|0|960000|4|32005|928783
1200000|2|1698|13|2|1|2|240000|4|32005|258030
1200000|2|1698|13|3|0|0|960000|0|0|958209
1200000|2|1698|13|3|1|2|240000|0|0|239196
1200000|2|1698|13|3|0|0|960000|1|8000|959201
1200000|2|1698|13|3|1|2|240000|1|8000|241143
1200000|2|1698|13|3|0|0|960000|2|16002|962362
1200000|2|1698|13|3|1|2|240000|2|16002|243756
1200000|2|1698|13|3|0|0|960000|3|24006|967041
1200000|2|1698|13|3|1|2|240000|3|24006|246486
1200000|2|1698|13|3|0|0|960000|4|32010|972968
1200000|2|1698|13|3|1|2|240000|4|32010|249333
1200000|2|1698|13|4|0|0|960000|0|1|954737
1200000|2|1698|13|4|1|2|240000|0|1|236463
1200000|2|1698|13|4|0|0|960000|1|7998|953625
1200000|2|1698|13|4|1|2|240000|1|7998|238374
1200000|2|1698|13|4|0|0|960000|2|15999|956160
1200000|2|1698|13|4|1|2|240000|2|15999|240870
1200000|2|1698|13|4|0|0|960000|3|24002|959748
1200000|2|1698|13|4|1|2|240000|3|24002|244185
1200000|2|1698|13|4|0|0|960000|4|32006|964074
1200000|2|1698|13|4|1|2|240000|4|32006|247539
1200000|2|1698|13|5|0|0|960000|0|0|929815
1200000|2|1698|13|5|1|2|240000|0|0|248202
1200000|2|1698|13|5|0|0|960000|1|7999|920279
1200000|2|1698|13|5|1|2|240000|1|7999|250620
1200000|2|1698|13|5|0|0|960000|2|16000|916650
1200000|2|1698|13|5|1|2|240000|2|16000|252921
1200000|2|1698|13|5|0|0|960000|3|24003|916965
1200000|2|1698|13|5|1|2|240000|3|24003|255339
1200000|2|1698|13|5|0|0|960000|4|32006|919500
1200000|2|1698|13|5|1|2|240000|4|32006|258147
1200000|2|1699|13|1|0|0|960000|0|0|955595
1200000|2|1699|13|1|1|2|240000|0|0|236931
1200000|2|1699|13|1|0|0|960000|1|7997|955301
1200000|2|1699|13|1|1|2|240000|1|7997|238296
1200000|2|1699|13|1|0|0|960000|2|15997|957874
1200000|2|1699|13|1|1|2|240000|2|15997|240285
1200000|2|1699|13|1|0|0|960000|3|23999|961461
1200000|2|1699|13|1|1|2|240000|3|23999|242625
1200000|2|1699|13|1|0|0|960000|4|32002|965480
1200000|2|1699|13|1|1|2|240000|4|32002|245511
1200000|2|1699|13|2|0|0|960000|0|0|955010
1200000|2|1699|13|2|1|2|240000|0|0|240558
1200000|2|1699|13|2|0|0|960000|1|7998|953858
1200000|2|1699|13|2|1|2|240000|1|7998|242625
1200000|2|1699|13|2|0|0|960000|2|16000|954795
1200000|2|1699|13|2|1|2|240000|2|16000|245082
1200000|2|1699|13|2|0|0|960000|3|24003|957563
1200000|2|1699|13|2|1|2|240000|3|24003|248592
1200000|2|1699|13|2|0|0|960000|4|32006|961542
1200000|2|1699|13|2|1|2|240000|4|32006|252375
1200000|2|1699|13|3|0|0|960000|0|0|954072
1200000|2|1699|13|3|1|2|240000|0|0|243249
1200000|2|1699|13|3|0|0|960000|1|7998|952493
1200000|2|1699|13|3|1|2|240000|1|7998|246174
1200000|2|1699|13|3|0|0|960000|2|16000|953977
1200000|2|1699|13|3|1|2|240000|2|16000|250113
1200000|2|1699|13|3|0|0|960000|3|24004|956277
1200000|2|1699|13|3|1|2|240000|3|24004|254247
1200000|2|1699|13|3|0|0|960000|4|32008|959590
1200000|2|1699|13|3|1|2|240000|4|32008|258654
1200000|2|1699|13|4|0|0|960000|0|0|953567
1200000|2|1699|13|4|1|2|240000|0|0|243912
1200000|2|1699|13|4|0|0|960000|1|8001|951910
1200000|2|1699|13|4|1|2|240000|1|8001|246525
1200000|2|1699|13|4|0|0|960000|2|16003|952724
1200000|2|1699|13|4|1|2|240000|2|16003|250035
1200000|2|1699|13|4|0|0|960000|3|24007|954484
1200000|2|1699|13|4|1|2|240000|3|24007|254052
1200000|2|1699|13|4|0|0|960000|4|32012|957329
1200000|2|1699|13|4|1|2|240000|4|32012|258108
1200000|2|1699|13|5|0|0|960000|0|0|928254
1200000|2|1699|13|5|1|2|240000|0|0|253428
1200000|2|1699|13|5|0|0|960000|1|7999|916539
1200000|2|1699|13|5|1|2|240000|1|7999|255963
1200000|2|1699|13|5|0|0|960000|2|16000|911541
1200000|2|1699|13|5|1|2|240000|2|16000|258849
1200000|2|1699|13|5|0|0|960000|3|24004|911662
1200000|2|1699|13|5|1|2|240000|3|24004|262476
1200000|2|1699|13|5|0|0|960000|4|32008|911853
1200000|2|1699|13|5|1|2|240000|4|32008|266415
1200000|2|1700|13|1|0|0|960000|0|0|950213
1200000|2|1700|13|1|1|2|240000|0|0|241107
1200000|2|1700|13|1|0|0|960000|1|8000|947073
1200000|2|1700|13|1|1|2|240000|1|8000|243210
1200000|2|1700|13|1|0|0|960000|2|16001|946917
1200000|2|1700|13|1|1|2|240000|2|16001|246057
1200000|2|1700|13|1|0|0|960000|3|24004|947618
1200000|2|1700|13|1|1|2|240000|3|24004|250191
1200000|2|1700|13|1|0|0|960000|4|32008|949139
1200000|2|1700|13|1|1|2|240000|4|32008|254286
1200000|2|1700|13|2|0|0|960000|0|0|926774
1200000|2|1700|13|2|1|2|240000|0|0|249996
1200000|2|1700|13|2|0|0|960000|1|8000|914387
1200000|2|1700|13|2|1|2|240000|1|8000|252180
1200000|2|1700|13|2|0|0|960000|2|16001|908775
1200000|2|1700|13|2|1|2|240000|2|16001|255222
1200000|2|1700|13|2|0|0|960000|3|24004|907643
1200000|2|1700|13|2|1|2|240000|3|24004|258342
1200000|2|1700|13|2|0|0|960000|4|32008|908385
1200000|2|1700|13|2|1|2|240000|4|32008|262164
1200000|2|1700|13|3|0|0|960000|0|0|951696
1200000|2|1700|13|3|1|2|240000|0|0|232563
1200000|2|1700|13|3|0|0|960000|1|8001|948398
1200000|2|1700|13|3|1|2|240000|1|8001|235020
1200000|2|1700|13|3|0|0|960000|2|16003|948554
1200000|2|1700|13|3|1|2|240000|2|16003|238062
1200000|2|1700|13|3|0|0|960000|3|24006|949922
1200000|2|1700|13|3|1|2|240000|3|24006|242508
1200000|2|1700|13|3|0|0|960000|4|32011|951947
1200000|2|1700|13|3|1|2|240000|4|32011|245979
1200000|2|1700|13|4|0|0|960000|0|0|926503
1200000|2|1700|13|4|1|2|240000|0|0|251673
1200000|2|1700|13|4|0|0|960000|1|7999|914349
1200000|2|1700|13|4|1|2|240000|1|7999|255222
1200000|2|1700|13|4|0|0|960000|2|16001|909163
1200000|2|1700|13|4|1|2|240000|2|16001|258693
1200000|2|1700|13|4|0|0|960000|3|24004|908774
1200000|2|1700|13|4|1|2|240000|3|24004|262983
1200000|2|1700|13|4|0|0|960000|4|32009|908933
1200000|2|1700|13|4|1|2|240000|4|32009|267390
1200000|2|1700|13|5|0|0|960000|0|0|949783
1200000|2|1700|13|5|1|2|240000|0|0|229833
1200000|2|1700|13|5|0|0|960000|1|7999|946060
1200000|2|1700|13|5|1|2|240000|1|7999|231978
1200000|2|1700|13|5|0|0|960000|2|16001|945356
1200000|2|1700|13|5|1|2|240000|2|16001|235293
1200000|2|1700|13|5|0|0|960000|3|24004|945943
1200000|2|1700|13|5|1|2|240000|3|24004|238998
1200000|2|1700|13|5|0|0|960000|4|32008|947424
1200000|2|1700|13|5|1|2|240000|4|32008|243444
