---- START ----

1200000|1|5951|1|1|0|0|240000|0|0|211602
1200000|1|5951|1|1|1|2|240000|0|0|210177
1200000|1|5951|1|1|0|0|240000|1|7991|210684
1200000|1|5951|1|1|1|2|240000|1|7991|210021
1200000|1|5951|1|1|0|0|240000|2|15987|209865
1200000|1|5951|1|1|1|2|240000|2|15987|210216
1200000|1|5951|1|1|0|0|240000|3|23986|209475
1200000|1|5951|1|1|1|2|240000|3|23986|210567
1200000|1|5951|1|1|0|0|240000|4|31987|209280
1200000|1|5951|1|1|1|2|240000|4|31987|210723
1200000|1|5951|1|2|0|0|240000|0|0|212538
1200000|1|5951|1|2|1|2|240000|0|0|212283
1200000|1|5951|1|2|0|0|240000|1|7991|211854
1200000|1|5951|1|2|1|2|240000|1|7991|212985
1200000|1|5951|1|2|0|0|240000|2|15989|211659
1200000|1|5951|1|2|1|2|240000|2|15989|213999
1200000|1|5951|1|2|0|0|240000|3|23990|212517
1200000|1|5951|1|2|1|2|240000|3|23990|214818
1200000|1|5951|1|2|0|0|240000|4|31992|213297
1200000|1|5951|1|2|1|2|240000|4|31992|215871
1200000|1|5951|1|3|0|0|240000|0|0|237225
1200000|1|5951|1|3|1|2|240000|0|0|233304
1200000|1|5951|1|3|0|0|240000|1|7996|237516
1200000|1|5951|1|3|1|2|240000|1|7996|234006
1200000|1|5951|1|3|0|0|240000|2|15997|238335
1200000|1|5951|1|3|1|2|240000|2|15997|234591
1200000|1|5951|1|3|0|0|240000|3|24000|239856
1200000|1|5951|1|3|1|2|240000|3|24000|235566
1200000|1|5951|1|3|0|0|240000|4|32004|241806
1200000|1|5951|1|3|1|2|240000|4|32004|236853
1200000|1|5951|1|4|0|0|240000|0|0|200214
1200000|1|5951|1|4|1|2|240000|0|0|194421
1200000|1|5951|1|4|0|0|240000|1|7972|202299
1200000|1|5951|1|4|1|2|240000|1|7972|196878
1200000|1|5951|1|4|0|0|240000|2|15958|204444
1200000|1|5951|1|4|1|2|240000|2|15958|199764
1200000|1|5951|1|4|0|0|240000|3|23953|207603
1200000|1|5951|1|4|1|2|240000|3|23953|203040
1200000|1|5951|1|4|0|0|240000|4|31953|210333
1200000|1|5951|1|4|1|2|240000|4|31953|205887
1200000|1|5951|1|5|0|0|240000|0|0|248964
1200000|1|5951|1|5|1|2|240000|0|0|245589
1200000|1|5951|1|5|0|0|240000|1|7999|250815
1200000|1|5951|1|5|1|2|240000|1|7999|247695
1200000|1|5951|1|5|0|0|240000|2|16002|253077
1200000|1|5951|1|5|1|2|240000|2|16002|250035
1200000|1|5951|1|5|0|0|240000|3|24007|255534
1200000|1|5951|1|5|1|2|240000|3|24007|252258
1200000|1|5951|1|5|0|0|240000|4|32013|258030
1200000|1|5951|1|5|1|2|240000|4|32013|254286
1200000|1|5952|1|1|0|0|240000|0|1|248652
1200000|1|5952|1|1|1|2|240000|0|1|242469
1200000|1|5952|1|1|0|0|240000|1|7999|252453
1200000|1|5952|1|1|1|2|240000|1|7999|243132
1200000|1|5952|1|1|0|0|240000|2|16002|255924
1200000|1|5952|1|1|1|2|240000|2|16002|244926
1200000|1|5952|1|1|0|0|240000|3|24006|259005
1200000|1|5952|1|1|1|2|240000|3|24006|246837
1200000|1|5952|1|1|0|0|240000|4|32012|261618
1200000|1|5952|1|1|1|2|240000|4|32012|248865
1200000|1|5952|1|2|0|0|240000|0|0|249042
1200000|1|5952|1|2|1|2|240000|0|0|243366
1200000|1|5952|1|2|0|0|240000|1|7995|250893
1200000|1|5952|1|2|1|2|240000|1|7995|245316
1200000|1|5952|1|2|0|0|240000|2|15995|253467
1200000|1|5952|1|2|1|2|240000|2|15995|247305
1200000|1|5952|1|2|0|0|240000|3|23998|255729
1200000|1|5952|1|2|1|2|240000|3|23998|249255
1200000|1|5952|1|2|0|0|240000|4|32003|257406
1200000|1|5952|1|2|1|2|240000|4|32003|251322
1200000|1|5952|1|3|0|0|240000|0|0|226227
1200000|1|5952|1|3|1|2|240000|0|0|188610
1200000|1|5952|1|3|0|0|240000|1|7991|228741
1200000|1|5952|1|3|1|2|240000|1|7991|186114
1200000|1|5952|1|3|0|0|240000|2|15990|231822
1200000|1|5952|1|3|1|2|240000|2|15990|185217
1200000|1|5952|1|3|0|0|240000|3|23993|235254
1200000|1|5952|1|3|1|2|240000|3|23993|185334
1200000|1|5952|1|3|0|0|240000|4|31997|237945
1200000|1|5952|1|3|1|2|240000|4|31997|186192
1200000|1|5952|1|4|0|0|240000|0|0|224162
1200000|1|5952|1|4|1|2|240000|0|0|222189
1200000|1|5952|1|4|0|0|240000|1|7996|224607
1200000|1|5952|1|4|1|2|240000|1|7996|224412
1200000|1|5952|1|4|0|0|240000|2|15995|226206
1200000|1|5952|1|4|1|2|240000|2|15995|226284
1200000|1|5952|1|4|0|0|240000|3|23998|228195
1200000|1|5952|1|4|1|2|240000|3|23998|228624
1200000|1|5952|1|4|0|0|240000|4|32003|230379
1200000|1|5952|1|4|1|2|240000|4|32003|230808
1200000|1|5952|1|5|0|0|240000|0|0|255750
1200000|1|5952|1|5|1|2|240000|0|0|249645
1200000|1|5952|1|5|0|0|240000|1|7993|259590
1200000|1|5952|1|5|1|2|240000|1|7993|251673
1200000|1|5952|1|5|0|0|240000|2|15992|263100
1200000|1|5952|1|5|1|2|240000|2|15992|254325
1200000|1|5952|1|5|0|0|240000|3|23996|266415
1200000|1|5952|1|5|1|2|240000|3|23996|257016
1200000|1|5952|1|5|0|0|240000|4|32001|268755
1200000|1|5952|1|5|1|2|240000|4|32001|260448
1200000|1|5953|1|1|0|0|240000|0|0|231063
1200000|1|5953|1|1|1|2|240000|0|0|225348
1200000|1|5953|1|1|0|0|240000|1|7993|233577
1200000|1|5953|1|1|1|2|240000|1|7993|228234
1200000|1|5953|1|1|0|0|240000|2|15992|235956
1200000|1|5953|1|1|1|2|240000|2|15992|231783
1200000|1|5953|1|1|0|0|240000|3|23996|238686
1200000|1|5953|1|1|1|2|240000|3|23996|234942
1200000|1|5953|1|1|0|0|240000|4|32001|241416
1200000|1|5953|1|1|1|2|240000|4|32001|237984
1200000|1|5953|1|2|0|0|240000|0|0|204114
1200000|1|5953|1|2|1|2|240000|0|0|212127
1200000|1|5953|1|2|0|0|240000|1|7998|203547
1200000|1|5953|1|2|1|2|240000|1|7998|214779
1200000|1|5953|1|2|0|0|240000|2|16000|204795
1200000|1|5953|1|2|1|2|240000|2|16000|217431
1200000|1|5953|1|2|0|0|240000|3|24005|206472
1200000|1|5953|1|2|1|2|240000|3|24005|219732
1200000|1|5953|1|2|0|0|240000|4|32011|208422
1200000|1|5953|1|2|1|2|240000|4|32011|221565
1200000|1|5953|1|3|0|0|240000|0|1|263394
1200000|1|5953|1|3|1|2|240000|0|1|257796
1200000|1|5953|1|3|0|0|240000|1|7996|265830
1200000|1|5953|1|3|1|2|240000|1|7996|255963
1200000|1|5953|1|3|0|0|240000|2|15997|270315
1200000|1|5953|1|3|1|2|240000|2|15997|254325
1200000|1|5953|1|3|0|0|240000|3|24001|274683
1200000|1|5953|1|3|1|2|240000|3|24001|255066
1200000|1|5953|1|3|0|0|240000|4|32006|278778
1200000|1|5953|1|3|1|2|240000|4|32006|256977
1200000|1|5953|1|4|0|0|240000|0|0|225993
1200000|1|5953|1|4|1|2|240000|0|0|224880
1200000|1|5953|1|4|0|0|240000|1|7996|228507
1200000|1|5953|1|4|1|2|240000|1|7996|227337
1200000|1|5953|1|4|0|0|240000|2|15997|231393
1200000|1|5953|1|4|1|2|240000|2|15997|229833
1200000|1|5953|1|4|0|0|240000|3|24001|234045
1200000|1|5953|1|4|1|2|240000|3|24001|232446
1200000|1|5953|1|4|0|0|240000|4|32007|237438
1200000|1|5953|1|4|1|2|240000|4|32007|234279
1200000|1|5953|1|5|0|0|240000|0|0|227163
1200000|1|5953|1|5|1|2|240000|0|0|226092
1200000|1|5953|1|5|0|0|240000|1|7995|230028
1200000|1|5953|1|5|1|2|240000|1|7995|227220
1200000|1|5953|1|5|0|0|240000|2|15994|233421
1200000|1|5953|1|5|1|2|240000|2|15994|228819
1200000|1|5953|1|5|0|0|240000|3|23997|237048
1200000|1|5953|1|5|1|2|240000|3|23997|230223
1200000|1|5953|1|5|0|0|240000|4|32001|240246
1200000|1|5953|1|5|1|2|240000|4|32001|231783
1200000|1|5954|1|1|0|0|240000|0|0|255009
1200000|1|5954|1|1|1|2|240000|0|0|245238
1200000|1|5954|1|1|0|0|240000|1|7991|259317
1200000|1|5954|1|1|1|2|240000|1|7991|246057
1200000|1|5954|1|1|0|0|240000|2|15988|263685
1200000|1|5954|1|1|1|2|240000|2|15988|247383
1200000|1|5954|1|1|0|0|240000|3|23989|267312
1200000|1|5954|1|1|1|2|240000|3|23989|248553
1200000|1|5954|1|1|0|0|240000|4|31992|270471
1200000|1|5954|1|1|1|2|240000|4|31992|249138
1200000|1|5954|1|2|0|0|240000|0|0|258870
1200000|1|5954|1|2|1|2|240000|0|0|248787
1200000|1|5954|1|2|0|0|240000|1|7990|261579
1200000|1|5954|1|2|1|2|240000|1|7990|249606
1200000|1|5954|1|2|0|0|240000|2|15987|263958
1200000|1|5954|1|2|1|2|240000|2|15987|250893
1200000|1|5954|1|2|0|0|240000|3|23987|266337
1200000|1|5954|1|2|1|2|240000|3|23987|251985
1200000|1|5954|1|2|0|0|240000|4|31989|269223
1200000|1|5954|1|2|1|2|240000|4|31989|252804
1200000|1|5954|1|3|0|0|240000|0|0|206376
1200000|1|5954|1|3|1|2|240000|0|0|208734
1200000|1|5954|1|3|0|0|240000|1|7998|205419
1200000|1|5954|1|3|1|2|240000|1|7998|211425
1200000|1|5954|1|3|0|0|240000|2|16000|206550
1200000|1|5954|1|3|1|2|240000|2|16000|214038
1200000|1|5954|1|3|0|0|240000|3|24004|208305
1200000|1|5954|1|3|1|2|240000|3|24004|216339
1200000|1|5954|1|3|0|0|240000|4|32009|210567
1200000|1|5954|1|3|1|2|240000|4|32009|217704
1200000|1|5954|1|4|0|0|240000|0|1|264369
1200000|1|5954|1|4|1|2|240000|0|1|265635
1200000|1|5954|1|4|0|0|240000|1|8000|269730
1200000|1|5954|1|4|1|2|240000|1|8000|266883
1200000|1|5954|1|4|0|0|240000|2|16001|274254
1200000|1|5954|1|4|1|2|240000|2|16001|267741
1200000|1|5954|1|4|0|0|240000|3|24003|277920
1200000|1|5954|1|4|1|2|240000|3|24003|267624
1200000|1|5954|1|4|0|0|240000|4|32005|281508
1200000|1|5954|1|4|1|2|240000|4|32005|267702
1200000|1|5954|1|5|0|0|240000|0|0|250368
1200000|1|5954|1|5|1|2|240000|0|0|242781
1200000|1|5954|1|5|0|0|240000|1|7990|254910
1200000|1|5954|1|5|1|2|240000|1|7990|242937
1200000|1|5954|1|5|0|0|240000|2|15986|259824
1200000|1|5954|1|5|1|2|240000|2|15986|243912
1200000|1|5954|1|5|0|0|240000|3|23986|264426
1200000|1|5954|1|5|1|2|240000|3|23986|244380
1200000|1|5954|1|5|0|0|240000|4|31987|268248
1200000|1|5954|1|5|1|2|240000|4|31987|244887
1200000|1|5955|1|1|0|0|240000|0|0|233208
1200000|1|5955|1|1|1|2|240000|0|0|222267
1200000|1|5955|1|1|0|0|240000|1|7994|238335
1200000|1|5955|1|1|1|2|240000|1|7994|220239
1200000|1|5955|1|1|0|0|240000|2|15991|243483
1200000|1|5955|1|1|1|2|240000|2|15991|219186
1200000|1|5955|1|1|0|0|240000|3|23990|248826
1200000|1|5955|1|1|1|2|240000|3|23990|218406
1200000|1|5955|1|1|0|0|240000|4|31990|253701
1200000|1|5955|1|1|1|2|240000|4|31990|217509
1200000|1|5955|1|2|0|0|240000|0|0|230244
1200000|1|5955|1|2|1|2|240000|0|0|217902
1200000|1|5955|1|2|0|0|240000|1|7987|234279
1200000|1|5955|1|2|1|2|240000|1|7987|215520
1200000|1|5955|1|2|0|0|240000|2|15980|237945
1200000|1|5955|1|2|1|2|240000|2|15980|213882
1200000|1|5955|1|2|0|0|240000|3|23976|241377
1200000|1|5955|1|2|1|2|240000|3|23976|213063
1200000|1|5955|1|2|0|0|240000|4|31974|245706
1200000|1|5955|1|2|1|2|240000|4|31974|212322
1200000|1|5955|1|3|0|0|240000|0|0|209691
1200000|1|5955|1|3|1|2|240000|0|0|201285
1200000|1|5955|1|3|0|0|240000|1|7994|212244
1200000|1|5955|1|3|1|2|240000|1|7994|199959
1200000|1|5955|1|3|0|0|240000|2|15992|215169
1200000|1|5955|1|3|1|2|240000|2|15992|198750
1200000|1|5955|1|3|0|0|240000|3|23991|218055
1200000|1|5955|1|3|1|2|240000|3|23991|198399
1200000|1|5955|1|3|0|0|240000|4|31992|221682
1200000|1|5955|1|3|1|2|240000|4|31992|198165
1200000|1|5955|1|4|0|0|240000|0|0|229737
1200000|1|5955|1|4|1|2|240000|0|0|217860
1200000|1|5955|1|4|0|0|240000|1|7996|232329
1200000|1|5955|1|4|1|2|240000|1|7996|216300
1200000|1|5955|1|4|0|0|240000|2|15995|235293
1200000|1|5955|1|4|1|2|240000|2|15995|215247
1200000|1|5955|1|4|0|0|240000|3|23995|237984
1200000|1|5955|1|4|1|2|240000|3|23995|214467
1200000|1|5955|1|4|0|0|240000|4|31997|241143
1200000|1|5955|1|4|1|2|240000|4|31997|213726
1200000|1|5955|1|5|0|0|240000|0|0|256920
1200000|1|5955|1|5|1|2|240000|0|0|244731
1200000|1|5955|1|5|0|0|240000|1|7996|260175
1200000|1|5955|1|5|1|2|240000|1|7996|242781
1200000|1|5955|1|5|0|0|240000|2|15996|262788
1200000|1|5955|1|5|1|2|240000|2|15996|242001
1200000|1|5955|1|5|0|0|240000|3|23997|265908
1200000|1|5955|1|5|1|2|240000|3|23997|241494
1200000|1|5955|1|5|0|0|240000|4|31998|269457
1200000|1|5955|1|5|1|2|240000|4|31998|241962
1200000|1|5956|1|1|0|0|240000|0|0|226812
1200000|1|5956|1|1|1|2|240000|0|0|216495
1200000|1|5956|1|1|0|0|240000|1|7996|228780
1200000|1|5956|1|1|1|2|240000|1|7996|214506
1200000|1|5956|1|1|0|0|240000|2|15994|230886
1200000|1|5956|1|1|1|2|240000|2|15994|213414
1200000|1|5956|1|1|0|0|240000|3|23994|233733
1200000|1|5956|1|1|1|2|240000|3|23994|213882
1200000|1|5956|1|1|0|0|240000|4|31996|237048
1200000|1|5956|1|1|1|2|240000|4|31996|214857
1200000|1|5956|1|2|0|0|240000|0|0|255048
1200000|1|5956|1|2|1|2|240000|0|0|246447
1200000|1|5956|1|2|0|0|240000|1|7997|258303
1200000|1|5956|1|2|1|2|240000|1|7997|245862
1200000|1|5956|1|2|0|0|240000|2|15998|261774
1200000|1|5956|1|2|1|2|240000|2|15998|246759
1200000|1|5956|1|2|0|0|240000|3|24000|265947
1200000|1|5956|1|2|1|2|240000|3|24000|248085
1200000|1|5956|1|2|0|0|240000|4|32004|270354
1200000|1|5956|1|2|1|2|240000|4|32004|250308
1200000|1|5956|1|3|0|0|240000|0|0|252396
1200000|1|5956|1|3|1|2|240000|0|0|244575
1200000|1|5956|1|3|0|0|240000|1|7998|256158
1200000|1|5956|1|3|1|2|240000|1|7998|244653
1200000|1|5956|1|3|0|0|240000|2|15999|259317
1200000|1|5956|1|3|1|2|240000|2|15999|244731
1200000|1|5956|1|3|0|0|240000|3|24000|263178
1200000|1|5956|1|3|1|2|240000|3|24000|246369
1200000|1|5956|1|3|0|0|240000|4|32003|267351
1200000|1|5956|1|3|1|2|240000|4|32003|248592
1200000|1|5956|1|4|0|0|240000|0|0|253488
1200000|1|5956|1|4|1|2|240000|0|0|249489
1200000|1|5956|1|4|0|0|240000|1|8000|256704
1200000|1|5956|1|4|1|2|240000|1|8000|253116
1200000|1|5956|1|4|0|0|240000|2|16002|259122
1200000|1|5956|1|4|1|2|240000|2|16002|256626
1200000|1|5956|1|4|0|0|240000|3|24004|262827
1200000|1|5956|1|4|1|2|240000|3|24004|259785
1200000|1|5956|1|4|0|0|240000|4|32007|266610
1200000|1|5956|1|4|1|2|240000|4|32007|263178
1200000|1|5956|1|5|0|0|240000|0|0|223146
1200000|1|5956|1|5|1|2|240000|0|0|224841
1200000|1|5956|1|5|0|0|240000|1|7992|225075
1200000|1|5956|1|5|1|2|240000|1|7992|229053
1200000|1|5956|1|5|0|0|240000|2|15989|227337
1200000|1|5956|1|5|1|2|240000|2|15989|233187
1200000|1|5956|1|5|0|0|240000|3|23990|229404
1200000|1|5956|1|5|1|2|240000|3|23990|236736
1200000|1|5956|1|5|0|0|240000|4|31991|232368
1200000|1|5956|1|5|1|2|240000|4|31991|240090
1200000|1|5957|1|1|0|0|240000|0|0|251928
1200000|1|5957|1|1|1|2|240000|0|0|251595
1200000|1|5957|1|1|0|0|240000|1|7992|256119
1200000|1|5957|1|1|1|2|240000|1|7992|255378
1200000|1|5957|1|1|0|0|240000|2|15990|259356
1200000|1|5957|1|1|1|2|240000|2|15990|259434
1200000|1|5957|1|1|0|0|240000|3|23991|263295
1200000|1|5957|1|1|1|2|240000|3|23991|263490
1200000|1|5957|1|1|0|0|240000|4|31993|267390
1200000|1|5957|1|1|1|2|240000|4|31993|266922
1200000|1|5957|1|2|0|0|240000|0|0|203256
1200000|1|5957|1|2|1|2|240000|0|0|205341
1200000|1|5957|1|2|0|0|240000|1|7991|204249
1200000|1|5957|1|2|1|2|240000|1|7991|208149
1200000|1|5957|1|2|0|0|240000|2|15987|206784
1200000|1|5957|1|2|1|2|240000|2|15987|210606
1200000|1|5957|1|2|0|0|240000|3|23986|209709
1200000|1|5957|1|2|1|2|240000|3|23986|213531
1200000|1|5957|1|2|0|0|240000|4|31988|212517
1200000|1|5957|1|2|1|2|240000|4|31988|216378
1200000|1|5957|1|3|0|0|240000|0|0|224511
1200000|1|5957|1|3|1|2|240000|0|0|222774
1200000|1|5957|1|3|0|0|240000|1|7990|226986
1200000|1|5957|1|3|1|2|240000|1|7990|224373
1200000|1|5957|1|3|0|0|240000|2|15986|231003
1200000|1|5957|1|3|1|2|240000|2|15986|226596
1200000|1|5957|1|3|0|0|240000|3|23984|235020
1200000|1|5957|1|3|1|2|240000|3|23984|229131
1200000|1|5957|1|3|0|0|240000|4|31986|238452
1200000|1|5957|1|3|1|2|240000|4|31986|231237
1200000|1|5957|1|4|0|0|240000|0|0|251382
1200000|1|5957|1|4|1|2|240000|0|0|243600
1200000|1|5957|1|4|0|0|240000|1|7999|254793
1200000|1|5957|1|4|1|2|240000|1|7999|243171
1200000|1|5957|1|4|0|0|240000|2|16000|258147
1200000|1|5957|1|4|1|2|240000|2|16000|242976
1200000|1|5957|1|4|0|0|240000|3|24002|261774
1200000|1|5957|1|4|1|2|240000|3|24002|242937
1200000|1|5957|1|4|0|0|240000|4|32004|264465
1200000|1|5957|1|4|1|2|240000|4|32004|243132
1200000|1|5957|1|5|0|0|240000|0|0|192297
1200000|1|5957|1|5|1|2|240000|0|0|159555
1200000|1|5957|1|5|0|0|240000|1|7987|191808
1200000|1|5957|1|5|1|2|240000|1|7987|154914
1200000|1|5957|1|5|0|0|240000|2|15982|192744
1200000|1|5957|1|5|1|2|240000|2|15982|151989
1200000|1|5957|1|5|0|0|240000|3|23980|193680
1200000|1|5957|1|5|1|2|240000|3|23980|150390
1200000|1|5957|1|5|0|0|240000|4|31980|194499
1200000|1|5957|1|5|1|2|240000|4|31980|149571
1200000|1|5958|1|1|0|0|240000|0|0|210822
1200000|1|5958|1|1|1|2|240000|0|0|202572
1200000|1|5958|1|1|0|0|240000|1|7994|211464
1200000|1|5958|1|1|1|2|240000|1|7994|200583
1200000|1|5958|1|1|0|0|240000|2|15992|213024
1200000|1|5958|1|1|1|2|240000|2|15992|200037
1200000|1|5958|1|1|0|0|240000|3|23993|214545
1200000|1|5958|1|1|1|2|240000|3|23993|199569
1200000|1|5958|1|1|0|0|240000|4|31994|216690
1200000|1|5958|1|1|1|2|240000|4|31994|199530
1200000|1|5958|1|2|0|0|240000|0|0|197367
1200000|1|5958|1|2|1|2|240000|0|0|167940
1200000|1|5958|1|2|0|0|240000|1|7988|198243
1200000|1|5958|1|2|1|2|240000|1|7988|164859
1200000|1|5958|1|2|0|0|240000|2|15984|200037
1200000|1|5958|1|2|1|2|240000|2|15984|163689
1200000|1|5958|1|2|0|0|240000|3|23983|203079
1200000|1|5958|1|2|1|2|240000|3|23983|163611
1200000|1|5958|1|2|0|0|240000|4|31985|205536
1200000|1|5958|1|2|1|2|240000|4|31985|164313
1200000|1|5958|1|3|0|0|240000|0|0|250437
1200000|1|5958|1|3|1|2|240000|0|0|240431
1200000|1|5958|1|3|0|0|240000|1|7997|254004
1200000|1|5958|1|3|1|2|240000|1|7997|239964
1200000|1|5958|1|3|0|0|240000|2|15998|257436
1200000|1|5958|1|3|1|2|240000|2|15998|240510
1200000|1|5958|1|3|0|0|240000|3|24000|260673
1200000|1|5958|1|3|1|2|240000|3|24000|241679
1200000|1|5958|1|3|0|0|240000|4|32003|263246
1200000|1|5958|1|3|1|2|240000|4|32003|243357
1200000|1|5958|1|4|0|0|240000|0|0|219753
1200000|1|5958|1|4|1|2|240000|0|0|182877
1200000|1|5958|1|4|0|0|240000|1|7989|222267
1200000|1|5958|1|4|1|2|240000|1|7989|181863
1200000|1|5958|1|4|0|0|240000|2|15988|225933
1200000|1|5958|1|4|1|2|240000|2|15988|182097
1200000|1|5958|1|4|0|0|240000|3|23990|229092
1200000|1|5958|1|4|1|2|240000|3|23990|182994
1200000|1|5958|1|4|0|0|240000|4|31992|231939
1200000|1|5958|1|4|1|2|240000|4|31992|183930
1200000|1|5958|1|5|0|0|240000|0|0|249696
1200000|1|5958|1|5|1|2|240000|0|0|240628
1200000|1|5958|1|5|0|0|240000|1|7997|252600
1200000|1|5958|1|5|1|2|240000|1|7997|239418
1200000|1|5958|1|5|0|0|240000|2|15998|255643
1200000|1|5958|1|5|1|2|240000|2|15998|239185
1200000|1|5958|1|5|0|0|240000|3|23999|258683
1200000|1|5958|1|5|1|2|240000|3|23999|239574
1200000|1|5958|1|5|0|0|240000|4|32002|260984
1200000|1|5958|1|5|1|2|240000|4|32002|240314
1200000|1|5959|1|1|0|0|240000|0|0|216945
1200000|1|5959|1|1|1|2|240000|0|0|208617
1200000|1|5959|1|1|0|0|240000|1|7997|219147
1200000|1|5959|1|1|1|2|240000|1|7997|206979
1200000|1|5959|1|1|0|0|240000|2|15997|221243
1200000|1|5959|1|1|1|2|240000|2|15997|206550
1200000|1|5959|1|1|0|0|240000|3|23999|222996
1200000|1|5959|1|1|1|2|240000|3|23999|207057
1200000|1|5959|1|1|0|0|240000|4|32002|225299
1200000|1|5959|1|1|1|2|240000|4|32002|207798
1200000|1|5959|1|2|0|0|240000|0|0|213934
1200000|1|5959|1|2|1|2|240000|0|0|206151
1200000|1|5959|1|2|0|0|240000|1|7997|216173
1200000|1|5959|1|2|1|2|240000|1|7997|205566
1200000|1|5959|1|2|0|0|240000|2|15998|219139
1200000|1|5959|1|2|1|2|240000|2|15998|206111
1200000|1|5959|1|2|0|0|240000|3|24000|222608
1200000|1|5959|1|2|1|2|240000|3|24000|207282
1200000|1|5959|1|2|0|0|240000|4|32002|225572
1200000|1|5959|1|2|1|2|240000|4|32002|208765
1200000|1|5959|1|3|0|0|240000|0|0|221184
1200000|1|5959|1|3|1|2|240000|0|0|214454
1200000|1|5959|1|3|0|0|240000|1|7998|224168
1200000|1|5959|1|3|1|2|240000|1|7998|214340
1200000|1|5959|1|3|0|0|240000|2|15998|227446
1200000|1|5959|1|3|1|2|240000|2|15998|215276
1200000|1|5959|1|3|0|0|240000|3|24000|230839
1200000|1|5959|1|3|1|2|240000|3|24000|216911
1200000|1|5959|1|3|0|0|240000|4|32002|233840
1200000|1|5959|1|3|1|2|240000|4|32002|219176
1200000|1|5959|1|4|0|0|240000|0|0|217716
1200000|1|5959|1|4|1|2|240000|0|0|214030
1200000|1|5959|1|4|0|0|240000|1|7990|220502
1200000|1|5959|1|4|1|2|240000|1|7990|216836
1200000|1|5959|1|4|0|0|240000|2|15988|222766
1200000|1|5959|1|4|1|2|240000|2|15988|220229
1200000|1|5959|1|4|0|0|240000|3|23989|224831
1200000|1|5959|1|4|1|2|240000|3|23989|223739
1200000|1|5959|1|4|0|0|240000|4|31991|226818
1200000|1|5959|1|4|1|2|240000|4|31991|226857
1200000|1|5959|1|5|0|0|240000|0|0|215648
1200000|1|5959|1|5|1|2|240000|0|0|215706
1200000|1|5959|1|5|0|0|240000|1|7990|216642
1200000|1|5959|1|5|1|2|240000|1|7990|217073
1200000|1|5959|1|5|0|0|240000|2|15986|218123
1200000|1|5959|1|5|1|2|240000|2|15986|218863
1200000|1|5959|1|5|0|0|240000|3|23985|219412
1200000|1|5959|1|5|1|2|240000|3|23985|220736
1200000|1|5959|1|5|0|0|240000|4|31986|221241
1200000|1|5959|1|5|1|2|240000|4|31986|222688
1200000|1|5960|1|1|0|0|240000|0|0|257612
1200000|1|5960|1|1|1|2|240000|0|0|248270
1200000|1|5960|1|1|0|0|240000|1|7996|260751
1200000|1|5960|1|1|1|2|240000|1|7996|248349
1200000|1|5960|1|1|0|0|240000|2|15996|263676
1200000|1|5960|1|1|1|2|240000|2|15996|248894
1200000|1|5960|1|1|0|0|240000|3|23998|266169
1200000|1|5960|1|1|1|2|240000|3|23998|249242
1200000|1|5960|1|1|0|0|240000|4|32000|269136
1200000|1|5960|1|1|1|2|240000|4|32000|250023
1200000|1|5960|1|2|0|0|240000|0|0|255546
1200000|1|5960|1|2|1|2|240000|0|0|248973
1200000|1|5960|1|2|0|0|240000|1|7991|258449
1200000|1|5960|1|2|1|2|240000|1|7991|250611
1200000|1|5960|1|2|0|0|240000|2|15987|261685
1200000|1|5960|1|2|1|2|240000|2|15987|252406
1200000|1|5960|1|2|0|0|240000|3|23988|265001
1200000|1|5960|1|2|1|2|240000|3|23988|254237
1200000|1|5960|1|2|0|0|240000|4|31990|268551
1200000|1|5960|1|2|1|2|240000|4|31990|256461
1200000|1|5960|1|3|0|0|240000|0|0|245991
1200000|1|5960|1|3|1|2|240000|0|0|246281
1200000|1|5960|1|3|0|0|240000|1|7999|247959
1200000|1|5960|1|3|1|2|240000|1|7999|248739
1200000|1|5960|1|3|0|0|240000|2|16002|250416
1200000|1|5960|1|3|1|2|240000|2|16002|251195
1200000|1|5960|1|3|0|0|240000|3|24007|252872
1200000|1|5960|1|3|1|2|240000|3|24007|253965
1200000|1|5960|1|3|0|0|240000|4|32012|255213
1200000|1|5960|1|3|1|2|240000|4|32012|256891
1200000|1|5960|1|4|0|0|240000|0|0|247433
1200000|1|5960|1|4|1|2|240000|0|0|248817
1200000|1|5960|1|4|0|0|240000|1|8001|250338
1200000|1|5960|1|4|1|2|240000|1|8001|251900
1200000|1|5960|1|4|0|0|240000|2|16004|253302
1200000|1|5960|1|4|1|2|240000|2|16004|255212
1200000|1|5960|1|4|0|0|240000|3|24010|256382
1200000|1|5960|1|4|1|2|240000|3|24010|258994
1200000|1|5960|1|4|0|0|240000|4|32017|257747
1200000|1|5960|1|4|1|2|240000|4|32017|264065
1200000|1|5960|1|5|0|0|240000|0|0|217366
1200000|1|5960|1|5|1|2|240000|0|0|192424
1200000|1|5960|1|5|0|0|240000|1|7994|219372
1200000|1|5960|1|5|1|2|240000|1|7994|193359
1200000|1|5960|1|5|0|0|240000|2|15996|221906
1200000|1|5960|1|5|1|2|240000|2|15996|196127
1200000|1|5960|1|5|0|0|240000|3|24001|224792
1200000|1|5960|1|5|1|2|240000|3|24001|199871
1200000|1|5960|1|5|0|0|240000|4|32008|227405
1200000|1|5960|1|5|1|2|240000|4|32008|203926
1200000|1|5961|1|1|0|0|240000|0|0|220094
1200000|1|5961|1|1|1|2|240000|0|0|196284
1200000|1|5961|1|1|0|0|240000|1|7993|221672
1200000|1|5961|1|1|1|2|240000|1|7993|197298
1200000|1|5961|1|1|0|0|240000|2|15995|223896
1200000|1|5961|1|1|1|2|240000|2|15995|200457
1200000|1|5961|1|1|0|0|240000|3|24000|225571
1200000|1|5961|1|1|1|2|240000|3|24000|204629
1200000|1|5961|1|1|0|0|240000|4|32006|227251
1200000|1|5961|1|1|1|2|240000|4|32006|210167
1200000|1|5961|1|2|0|0|240000|0|0|241116
1200000|1|5961|1|2|1|2|240000|0|0|212585
1200000|1|5961|1|2|0|0|240000|1|7996|242886
1200000|1|5961|1|2|1|2|240000|1|7996|214065
1200000|1|5961|1|2|0|0|240000|2|15999|244917
1200000|1|5961|1|2|1|2|240000|2|15999|217384
1200000|1|5961|1|2|0|0|240000|3|24005|246790
1200000|1|5961|1|2|1|2|240000|3|24005|221439
1200000|1|5961|1|2|0|0|240000|4|32013|248427
1200000|1|5961|1|2|1|2|240000|4|32013|225808
1200000|1|5961|1|3|0|0|240000|0|0|247319
1200000|1|5961|1|3|1|2|240000|0|0|218124
1200000|1|5961|1|3|0|0|240000|1|7995|249558
1200000|1|5961|1|3|1|2|240000|1|7995|219994
1200000|1|5961|1|3|0|0|240000|2|15998|252171
1200000|1|5961|1|3|1|2|240000|2|15998|223230
1200000|1|5961|1|3|0|0|240000|3|24003|254391
1200000|1|5961|1|3|1|2|240000|3|24003|227757
1200000|1|5961|1|3|0|0|240000|4|32010|255993
1200000|1|5961|1|3|1|2|240000|4|32010|232982
1200000|1|5961|1|4|0|0|240000|0|0|242714
1200000|1|5961|1|4|1|2|240000|0|0|243005
1200000|1|5961|1|4|0|0|240000|1|7995|244800
1200000|1|5961|1|4|1|2|240000|1|7995|247843
1200000|1|5961|1|4|0|0|240000|2|15996|246712
1200000|1|5961|1|4|1|2|240000|2|15996|253495
1200000|1|5961|1|4|0|0|240000|3|24002|248895
1200000|1|5961|1|4|1|2|240000|3|24002|259541
1200000|1|5961|1|4|0|0|240000|4|32009|250885
1200000|1|5961|1|4|1|2|240000|4|32009|265783
1200000|1|5961|1|5|0|0|240000|0|0|214088
1200000|1|5961|1|5|1|2|240000|0|0|220619
1200000|1|5961|1|5|0|0|240000|1|7996|214653
1200000|1|5961|1|5|1|2|240000|1|7996|225690
1200000|1|5961|1|5|0|0|240000|2|15997|215862
1200000|1|5961|1|5|1|2|240000|2|15997|230605
1200000|1|5961|1|5|0|0|240000|3|24001|218199
1200000|1|5961|1|5|1|2|240000|3|24001|236181
1200000|1|5961|1|5|0|0|240000|4|32008|220541
1200000|1|5961|1|5|1|2|240000|4|32008|243159
1200000|1|5962|1|1|0|0|240000|0|0|241075
1200000|1|5962|1|1|1|2|240000|0|0|246204
1200000|1|5962|1|1|0|0|240000|1|7996|242733
1200000|1|5962|1|1|1|2|240000|1|7996|252210
1200000|1|5962|1|1|0|0|240000|2|15998|243786
1200000|1|5962|1|1|1|2|240000|2|15998|257940
1200000|1|5962|1|1|0|0|240000|3|24003|245892
1200000|1|5962|1|1|1|2|240000|3|24003|263637
1200000|1|5962|1|1|0|0|240000|4|32010|248427
1200000|1|5962|1|1|1|2|240000|4|32010|269876
1200000|1|5962|1|2|0|0|240000|0|0|245562
1200000|1|5962|1|2|1|2|240000|0|0|251663
1200000|1|5962|1|2|0|0|240000|1|7997|247022
1200000|1|5962|1|2|1|2|240000|1|7997|257787
1200000|1|5962|1|2|0|0|240000|2|15999|248502
1200000|1|5962|1|2|1|2|240000|2|15999|264887
1200000|1|5962|1|2|0|0|240000|3|24006|250767
1200000|1|5962|1|2|1|2|240000|3|24006|271087
1200000|1|5962|1|2|0|0|240000|4|32014|252715
1200000|1|5962|1|2|1|2|240000|4|32014|278025
1200000|1|5962|1|3|0|0|240000|0|0|189443
1200000|1|5962|1|3|1|2|240000|0|0|168954
1200000|1|5962|1|3|0|0|240000|1|7977|190278
1200000|1|5962|1|3|1|2|240000|1|7977|165093
1200000|1|5962|1|3|0|0|240000|2|15968|191603
1200000|1|5962|1|3|1|2|240000|2|15968|165288
1200000|1|5962|1|3|0|0|240000|3|23967|192850
1200000|1|5962|1|3|1|2|240000|3|23967|167901
1200000|1|5962|1|3|0|0|240000|4|31971|193945
1200000|1|5962|1|3|1|2|240000|4|31971|171294
1200000|1|5962|1|4|0|0|240000|0|0|220251
1200000|1|5962|1|4|1|2|240000|0|0|225729
1200000|1|5962|1|4|0|0|240000|1|7996|221438
1200000|1|5962|1|4|1|2|240000|1|7996|231110
1200000|1|5962|1|4|0|0|240000|2|15999|223039
1200000|1|5962|1|4|1|2|240000|2|15999|236766
1200000|1|5962|1|4|0|0|240000|3|24004|224870
1200000|1|5962|1|4|1|2|240000|3|24004|241797
1200000|1|5962|1|4|0|0|240000|4|32011|227757
1200000|1|5962|1|4|1|2|240000|4|32011|246165
1200000|1|5962|1|5|0|0|240000|0|0|223137
1200000|1|5962|1|5|1|2|240000|0|0|222258
1200000|1|5962|1|5|0|0|240000|1|7996|225335
1200000|1|5962|1|5|1|2|240000|1|7996|223505
1200000|1|5962|1|5|0|0|240000|2|15997|227133
1200000|1|5962|1|5|1|2|240000|2|15997|225652
1200000|1|5962|1|5|0|0|240000|3|24001|229631
1200000|1|5962|1|5|1|2|240000|3|24001|228185
1200000|1|5962|1|5|0|0|240000|4|32006|232435
1200000|1|5962|1|5|1|2|240000|4|32006|231695
1200000|1|5963|1|1|0|0|240000|0|0|259133
1200000|1|5963|1|1|1|2|240000|0|0|253730
1200000|1|5963|1|1|0|0|240000|1|8000|263247
1200000|1|5963|1|1|1|2|240000|1|8000|254820
1200000|1|5963|1|1|0|0|240000|2|16004|267225
1200000|1|5963|1|1|1|2|240000|2|16004|257125
1200000|1|5963|1|1|0|0|240000|3|24010|270578
1200000|1|5963|1|1|1|2|240000|3|24010|259815
1200000|1|5963|1|1|0|0|240000|4|32018|273699
1200000|1|5963|1|1|1|2|240000|4|32018|262780
1200000|1|5963|1|2|0|0|240000|0|0|247235
1200000|1|5963|1|2|1|2|240000|0|0|245307
1200000|1|5963|1|2|0|0|240000|1|8002|250143
1200000|1|5963|1|2|1|2|240000|1|8002|247567
1200000|1|5963|1|2|0|0|240000|2|16008|253457
1200000|1|5963|1|2|1|2|240000|2|16008|252913
1200000|1|5963|1|2|0|0|240000|3|24018|256695
1200000|1|5963|1|2|1|2|240000|3|24018|257437
1200000|1|5963|1|2|0|0|240000|4|32026|259775
1200000|1|5963|1|2|1|2|240000|4|32026|261567
1200000|1|5963|1|3|0|0|240000|0|0|245132
1200000|1|5963|1|3|1|2|240000|0|0|214653
1200000|1|5963|1|3|0|0|240000|1|7994|247022
1200000|1|5963|1|3|1|2|240000|1|7994|215317
1200000|1|5963|1|3|0|0|240000|2|15996|249908
1200000|1|5963|1|3|1|2|240000|2|15996|218436
1200000|1|5963|1|3|0|0|240000|3|24001|252714
1200000|1|5963|1|3|1|2|240000|3|24001|222101
1200000|1|5963|1|3|0|0|240000|4|32008|254473
1200000|1|5963|1|3|1|2|240000|4|32008|226897
1200000|1|5963|1|4|0|0|240000|0|0|235773
1200000|1|5963|1|4|1|2|240000|0|0|206813
1200000|1|5963|1|4|0|0|240000|1|7994|236650
1200000|1|5963|1|4|1|2|240000|1|7994|206970
1200000|1|5963|1|4|0|0|240000|2|15996|237936
1200000|1|5963|1|4|1|2|240000|2|15996|209543
1200000|1|5963|1|4|0|0|240000|3|24001|239574
1200000|1|5963|1|4|1|2|240000|3|24001|213326
1200000|1|5963|1|4|0|0|240000|4|32009|241250
1200000|1|5963|1|4|1|2|240000|4|32009|217967
1200000|1|5963|1|5|0|0|240000|0|0|216702
1200000|1|5963|1|5|1|2|240000|0|0|219138
1200000|1|5963|1|5|0|0|240000|1|8002|217226
1200000|1|5963|1|5|1|2|240000|1|8002|221127
1200000|1|5963|1|5|0|0|240000|2|16007|218825
1200000|1|5963|1|5|1|2|240000|2|16007|225418
1200000|1|5963|1|5|0|0|240000|3|24015|220073
1200000|1|5963|1|5|1|2|240000|3|24015|231110
1200000|1|5963|1|5|0|0|240000|4|32025|221439
1200000|1|5963|1|5|1|2|240000|4|32025|237039
1200000|1|5964|1|1|0|0|240000|0|0|242598
1200000|1|5964|1|1|1|2|240000|0|0|243163
1200000|1|5964|1|1|0|0|240000|1|8002|244761
1200000|1|5964|1|1|1|2|240000|1|8002|247179
1200000|1|5964|1|1|0|0|240000|2|16007|247607
1200000|1|5964|1|1|1|2|240000|2|16007|252054
1200000|1|5964|1|1|0|0|240000|3|24014|251351
1200000|1|5964|1|1|1|2|240000|3|24014|257437
1200000|1|5964|1|1|0|0|240000|4|32023|255681
1200000|1|5964|1|1|1|2|240000|4|32023|263712
1200000|1|5964|1|2|0|0|240000|0|0|249150
1200000|1|5964|1|2|1|2|240000|0|0|254707
1200000|1|5964|1|2|0|0|240000|1|7999|253221
1200000|1|5964|1|2|1|2|240000|1|7999|262232
1200000|1|5964|1|2|0|0|240000|2|16003|257396
1200000|1|5964|1|2|1|2|240000|2|16003|269214
1200000|1|5964|1|2|0|0|240000|3|24010|262039
1200000|1|5964|1|2|1|2|240000|3|24010|276075
1200000|1|5964|1|2|0|0|240000|4|32019|266288
1200000|1|5964|1|2|1|2|240000|4|32019|283449
1200000|1|5964|1|3|0|0|240000|0|0|201805
1200000|1|5964|1|3|1|2|240000|0|0|180176
1200000|1|5964|1|3|0|0|240000|1|7979|205603
1200000|1|5964|1|3|1|2|240000|1|7979|178967
1200000|1|5964|1|3|0|0|240000|2|15973|209817
1200000|1|5964|1|3|1|2|240000|2|15973|181465
1200000|1|5964|1|3|0|0|240000|3|23974|214731
1200000|1|5964|1|3|1|2|240000|3|23974|185599
1200000|1|5964|1|3|0|0|240000|4|31980|219605
1200000|1|5964|1|3|1|2|240000|4|31980|192306
1200000|1|5964|1|4|0|0|240000|0|0|254844
1200000|1|5964|1|4|1|2|240000|0|0|260947
1200000|1|5964|1|4|0|0|240000|1|8002|259386
1200000|1|5964|1|4|1|2|240000|1|8002|269760
1200000|1|5964|1|4|0|0|240000|2|16009|264530
1200000|1|5964|1|4|1|2|240000|2|16009|277911
1200000|1|5964|1|4|0|0|240000|3|24019|270423
1200000|1|5964|1|4|1|2|240000|3|24019|286608
1200000|1|5964|1|4|0|0|240000|4|32031|275182
1200000|1|5964|1|4|1|2|240000|4|32031|296593
1200000|1|5964|1|5|0|0|240000|0|0|249267
1200000|1|5964|1|5|1|2|240000|0|0|226743
1200000|1|5964|1|5|0|0|240000|1|7999|251155
1200000|1|5964|1|5|1|2|240000|1|7999|233763
1200000|1|5964|1|5|0|0|240000|2|16006|254278
1200000|1|5964|1|5|1|2|240000|2|16006|240861
1200000|1|5964|1|5|0|0|240000|3|24016|257477
1200000|1|5964|1|5|1|2|240000|3|24016|248660
1200000|1|5964|1|5|0|0|240000|4|32029|260711
1200000|1|5964|1|5|1|2|240000|4|32029|256967
1200000|1|5965|1|1|0|0|240000|0|0|254648
1200000|1|5965|1|1|1|2|240000|0|0|233255
1200000|1|5965|1|1|0|0|240000|1|8000|257983
1200000|1|5965|1|1|1|2|240000|1|8000|239921
1200000|1|5965|1|1|0|0|240000|2|16009|261957
1200000|1|5965|1|1|1|2|240000|2|16009|248151
1200000|1|5965|1|1|0|0|240000|3|24022|265937
1200000|1|5965|1|1|1|2|240000|3|24022|256928
1200000|1|5965|1|1|0|0|240000|4|32036|268825
1200000|1|5965|1|1|1|2|240000|4|32036|265899
1200000|1|5965|1|2|0|0|240000|0|0|225981
1200000|1|5965|1|2|1|2|240000|0|0|226742
1200000|1|5965|1|2|0|0|240000|1|7981|230216
1200000|1|5965|1|2|1|2|240000|1|7981|235205
1200000|1|5965|1|2|0|0|240000|2|15976|234739
1200000|1|5965|1|2|1|2|240000|2|15976|244448
1200000|1|5965|1|2|0|0|240000|3|23980|239340
1200000|1|5965|1|2|1|2|240000|3|23980|254043
1200000|1|5965|1|2|0|0|240000|4|31990|243551
1200000|1|5965|1|2|1|2|240000|4|31990|263755
1200000|1|5965|1|3|0|0|240000|0|0|252037
1200000|1|5965|1|3|1|2|240000|0|0|235437
1200000|1|5965|1|3|0|0|240000|1|8003|255758
1200000|1|5965|1|3|1|2|240000|1|8003|241796
1200000|1|5965|1|3|0|0|240000|2|16013|260087
1200000|1|5965|1|3|1|2|240000|2|16013|247413
1200000|1|5965|1|3|0|0|240000|3|24025|264182
1200000|1|5965|1|3|1|2|240000|3|24025|255291
1200000|1|5965|1|3|0|0|240000|4|32040|268238
1200000|1|5965|1|3|1|2|240000|4|32040|263754
1200000|1|5965|1|4|0|0|240000|0|0|243223
1200000|1|5965|1|4|1|2|240000|0|0|215940
1200000|1|5965|1|4|0|0|240000|1|8002|245190
1200000|1|5965|1|4|1|2|240000|1|8002|225570
1200000|1|5965|1|4|0|0|240000|2|16013|246788
1200000|1|5965|1|4|1|2|240000|2|16013|234856
1200000|1|5965|1|4|0|0|240000|3|24026|248816
1200000|1|5965|1|4|1|2|240000|3|24026|244329
1200000|1|5965|1|4|0|0|240000|4|32042|250414
1200000|1|5965|1|4|1|2|240000|4|32042|252991
1200000|1|5965|1|5|0|0|240000|0|0|195173
1200000|1|5965|1|5|1|2|240000|0|0|200729
1200000|1|5965|1|5|0|0|240000|1|7983|195700
1200000|1|5965|1|5|1|2|240000|1|7983|209309
1200000|1|5965|1|5|0|0|240000|2|15979|196752
1200000|1|5965|1|5|1|2|240000|2|15979|218671
1200000|1|5965|1|5|0|0|240000|3|23984|198506
1200000|1|5965|1|5|1|2|240000|3|23984|228068
1200000|1|5965|1|5|0|0|240000|4|31994|200027
1200000|1|5965|1|5|1|2|240000|4|31994|237429
1200000|1|5966|1|1|0|0|240000|0|0|196929
1200000|1|5966|1|1|1|2|240000|0|0|202288
1200000|1|5966|1|1|0|0|240000|1|7982|198389
1200000|1|5966|1|1|1|2|240000|1|7982|210908
1200000|1|5966|1|1|0|0|240000|2|15979|200572
1200000|1|5966|1|1|1|2|240000|2|15979|220227
1200000|1|5966|1|1|0|0|240000|3|23984|203188
1200000|1|5966|1|1|1|2|240000|3|23984|229786
1200000|1|5966|1|1|0|0|240000|4|31994|205333
1200000|1|5966|1|1|1|2|240000|4|31994|239222
1200000|1|5966|1|2|0|0|240000|0|0|200244
1200000|1|5966|1|2|1|2|240000|0|0|205955
1200000|1|5966|1|2|0|0|240000|1|7982|201590
1200000|1|5966|1|2|1|2|240000|1|7982|214653
1200000|1|5966|1|2|0|0|240000|2|15979|203734
1200000|1|5966|1|2|1|2|240000|2|15979|223973
1200000|1|5966|1|2|0|0|240000|3|23984|206346
1200000|1|5966|1|2|1|2|240000|3|23984|233529
1200000|1|5966|1|2|0|0|240000|4|31995|208178
1200000|1|5966|1|2|1|2|240000|4|31995|243085
1200000|1|5966|1|3|0|0|240000|0|0|241506
1200000|1|5966|1|3|1|2|240000|0|0|224832
1200000|1|5966|1|3|0|0|240000|1|8000|243903
1200000|1|5966|1|3|1|2|240000|1|8000|231849
1200000|1|5966|1|3|0|0|240000|2|16010|245659
1200000|1|5966|1|3|1|2|240000|2|16010|238988
1200000|1|5966|1|3|0|0|240000|3|24022|247648
1200000|1|5966|1|3|1|2|240000|3|24022|246009
1200000|1|5966|1|3|0|0|240000|4|32037|251622
1200000|1|5966|1|3|1|2|240000|4|32037|253653
1200000|1|5966|1|4|0|0|240000|0|0|249033
1200000|1|5966|1|4|1|2|240000|0|0|229317
1200000|1|5966|1|4|0|0|240000|1|8001|251235
1200000|1|5966|1|4|1|2|240000|1|8001|233604
1200000|1|5966|1|4|0|0|240000|2|16009|254160
1200000|1|5966|1|4|1|2|240000|2|16009|239338
1200000|1|5966|1|4|0|0|240000|3|24021|256929
1200000|1|5966|1|4|1|2|240000|3|24021|246358
1200000|1|5966|1|4|0|0|240000|4|32034|260673
1200000|1|5966|1|4|1|2|240000|4|32034|254978
1200000|1|5966|1|5|0|0|240000|0|0|245406
1200000|1|5966|1|5|1|2|240000|0|0|221441
1200000|1|5966|1|5|0|0|240000|1|7998|247721
1200000|1|5966|1|5|1|2|240000|1|7998|224555
1200000|1|5966|1|5|0|0|240000|2|16005|249871
1200000|1|5966|1|5|1|2|240000|2|16005|229473
1200000|1|5966|1|5|0|0|240000|3|24015|252013
1200000|1|5966|1|5|1|2|240000|3|24015|235479
1200000|1|5966|1|5|0|0|240000|4|32027|254823
1200000|1|5966|1|5|1|2|240000|4|32027|241952
1200000|1|5967|1|1|0|0|240000|0|0|249814
1200000|1|5967|1|1|1|2|240000|0|0|224287
1200000|1|5967|1|1|0|0|240000|1|7997|252288
1200000|1|5967|1|1|1|2|240000|1|7997|226588
1200000|1|5967|1|1|0|0|240000|2|16002|254821
1200000|1|5967|1|1|1|2|240000|2|16002|230408
1200000|1|5967|1|1|0|0|240000|3|24009|256889
1200000|1|5967|1|1|1|2|240000|3|24009|234737
1200000|1|5967|1|1|0|0|240000|4|32019|259229
1200000|1|5967|1|1|1|2|240000|4|32019|240118
1200000|1|5967|1|2|0|0|240000|0|0|222239
1200000|1|5967|1|2|1|2|240000|0|0|195155
1200000|1|5967|1|2|0|0|240000|1|7993|224482
1200000|1|5967|1|2|1|2|240000|1|7993|195152
1200000|1|5967|1|2|0|0|240000|2|15996|226859
1200000|1|5967|1|2|1|2|240000|2|15996|197375
1200000|1|5967|1|2|0|0|240000|3|24001|228926
1200000|1|5967|1|2|1|2|240000|3|24001|200496
1200000|1|5967|1|2|0|0|240000|4|32008|231109
1200000|1|5967|1|2|1|2|240000|4|32008|204941
1200000|1|5967|1|3|0|0|240000|0|0|203829
1200000|1|5967|1|3|1|2|240000|0|0|195072
1200000|1|5967|1|3|0|0|240000|1|7972|206112
1200000|1|5967|1|3|1|2|240000|1|7972|196800
1200000|1|5967|1|3|0|0|240000|2|15958|208726
1200000|1|5967|1|3|1|2|240000|2|15958|200544
1200000|1|5967|1|3|0|0|240000|3|23954|212196
1200000|1|5967|1|3|1|2|240000|3|23954|205224
1200000|1|5967|1|3|0|0|240000|4|31956|215706
1200000|1|5967|1|3|1|2|240000|4|31956|209241
1200000|1|5967|1|4|0|0|240000|0|0|206834
1200000|1|5967|1|4|1|2|240000|0|0|210791
1200000|1|5967|1|4|0|0|240000|1|7994|209038
1200000|1|5967|1|4|1|2|240000|1|7994|215901
1200000|1|5967|1|4|0|0|240000|2|15995|212039
1200000|1|5967|1|4|1|2|240000|2|15995|221634
1200000|1|5967|1|4|0|0|240000|3|23999|215237
1200000|1|5967|1|4|1|2|240000|3|23999|227247
1200000|1|5967|1|4|0|0|240000|4|32005|218904
1200000|1|5967|1|4|1|2|240000|4|32005|232825
1200000|1|5967|1|5|0|0|240000|0|0|230819
1200000|1|5967|1|5|1|2|240000|0|0|230875
1200000|1|5967|1|5|0|0|240000|1|8000|233802
1200000|1|5967|1|5|1|2|240000|1|8000|235128
1200000|1|5967|1|5|0|0|240000|2|16003|237117
1200000|1|5967|1|5|1|2|240000|2|16003|240003
1200000|1|5967|1|5|0|0|240000|3|24008|240548
1200000|1|5967|1|5|1|2|240000|3|24008|244643
1200000|1|5967|1|5|0|0|240000|4|32015|243783
1200000|1|5967|1|5|1|2|240000|4|32015|249206
1200000|1|5968|1|1|0|0|240000|0|0|204883
1200000|1|5968|1|1|1|2|240000|0|0|202760
1200000|1|5968|1|1|0|0|240000|1|7998|206343
1200000|1|5968|1|1|1|2|240000|1|7998|204747
1200000|1|5968|1|1|0|0|240000|2|15999|208020
1200000|1|5968|1|1|1|2|240000|2|15999|206892
1200000|1|5968|1|1|0|0|240000|3|24002|209429
1200000|1|5968|1|1|1|2|240000|3|24002|209817
1200000|1|5968|1|1|0|0|240000|4|32006|211649
1200000|1|5968|1|1|1|2|240000|4|32006|212509
1200000|1|5968|1|2|0|0|240000|0|0|209565
1200000|1|5968|1|2|1|2|240000|0|0|206577
1200000|1|5968|1|2|0|0|240000|1|7998|209894
1200000|1|5968|1|2|1|2|240000|1|7998|208609
1200000|1|5968|1|2|0|0|240000|2|15998|211299
1200000|1|5968|1|2|1|2|240000|2|15998|210677
1200000|1|5968|1|2|0|0|240000|3|24000|212780
1200000|1|5968|1|2|1|2|240000|3|24000|212274
1200000|1|5968|1|2|0|0|240000|4|32003|215237
1200000|1|5968|1|2|1|2|240000|4|32003|214342
1200000|1|5968|1|3|0|0|240000|0|0|205119
1200000|1|5968|1|3|1|2|240000|0|0|202094
1200000|1|5968|1|3|0|0|240000|1|7996|205993
1200000|1|5968|1|3|1|2|240000|1|7996|203733
1200000|1|5968|1|3|0|0|240000|2|15997|207243
1200000|1|5968|1|3|1|2|240000|2|15997|205526
1200000|1|5968|1|3|0|0|240000|3|23999|208959
1200000|1|5968|1|3|1|2|240000|3|23999|207244
1200000|1|5968|1|3|0|0|240000|4|32001|210948
1200000|1|5968|1|3|1|2|240000|4|32001|208841
1200000|1|5968|1|4|0|0|240000|0|0|252462
1200000|1|5968|1|4|1|2|240000|0|0|248427
1200000|1|5968|1|4|0|0|240000|1|7997|254624
1200000|1|5968|1|4|1|2|240000|1|7997|250686
1200000|1|5968|1|4|0|0|240000|2|15998|257047
1200000|1|5968|1|4|1|2|240000|2|15998|253533
1200000|1|5968|1|4|0|0|240000|3|24001|259660
1200000|1|5968|1|4|1|2|240000|3|24001|255407
1200000|1|5968|1|4|0|0|240000|4|32003|263169
1200000|1|5968|1|4|1|2|240000|4|32003|257823
1200000|1|5968|1|5|0|0|240000|0|0|222943
1200000|1|5968|1|5|1|2|240000|0|0|221088
1200000|1|5968|1|5|0|0|240000|1|7991|225418
1200000|1|5968|1|5|1|2|240000|1|7991|222723
1200000|1|5968|1|5|0|0|240000|2|15987|228459
1200000|1|5968|1|5|1|2|240000|2|15987|224557
1200000|1|5968|1|5|0|0|240000|3|23986|231501
1200000|1|5968|1|5|1|2|240000|3|23986|226782
1200000|1|5968|1|5|0|0|240000|4|31988|234154
1200000|1|5968|1|5|1|2|240000|4|31988|228928
1200000|1|5969|1|1|0|0|240000|0|0|225709
1200000|1|5969|1|1|1|2|240000|0|0|223505
1200000|1|5969|1|1|0|0|240000|1|7991|228693
1200000|1|5969|1|1|1|2|240000|1|7991|225377
1200000|1|5969|1|1|0|0|240000|2|15987|232242
1200000|1|5969|1|1|1|2|240000|2|15987|226899
1200000|1|5969|1|1|0|0|240000|3|23987|235870
1200000|1|5969|1|1|1|2|240000|3|23987|228299
1200000|1|5969|1|1|0|0|240000|4|31989|239610
1200000|1|5969|1|1|1|2|240000|4|31989|229901
1200000|1|5969|1|2|0|0|240000|0|0|254803
1200000|1|5969|1|2|1|2|240000|0|0|248270
1200000|1|5969|1|2|0|0|240000|1|7992|258138
1200000|1|5969|1|2|1|2|240000|1|7992|251547
1200000|1|5969|1|2|0|0|240000|2|15991|262270
1200000|1|5969|1|2|1|2|240000|2|15991|253967
1200000|1|5969|1|2|0|0|240000|3|23993|266793
1200000|1|5969|1|2|1|2|240000|3|23993|256306
1200000|1|5969|1|2|0|0|240000|4|31997|271398
1200000|1|5969|1|2|1|2|240000|4|31997|258605
1200000|1|5969|1|3|0|0|240000|0|0|255118
1200000|1|5969|1|3|1|2|240000|0|0|224052
1200000|1|5969|1|3|0|0|240000|1|7992|258759
1200000|1|5969|1|3|1|2|240000|1|7992|223155
1200000|1|5969|1|3|0|0|240000|2|15992|262817
1200000|1|5969|1|3|1|2|240000|2|15992|224481
1200000|1|5969|1|3|0|0|240000|3|23996|266795
1200000|1|5969|1|3|1|2|240000|3|23996|227171
1200000|1|5969|1|3|0|0|240000|4|32002|270736
1200000|1|5969|1|3|1|2|240000|4|32002|230292
1200000|1|5969|1|4|0|0|240000|0|0|248484
1200000|1|5969|1|4|1|2|240000|0|0|221985
1200000|1|5969|1|4|0|0|240000|1|7994|252368
1200000|1|5969|1|4|1|2|240000|1|7994|223232
1200000|1|5969|1|4|0|0|240000|2|15995|255719
1200000|1|5969|1|4|1|2|240000|2|15995|225847
1200000|1|5969|1|4|0|0|240000|3|24000|259190
1200000|1|5969|1|4|1|2|240000|3|24000|229898
1200000|1|5969|1|4|0|0|240000|4|32007|262895
1200000|1|5969|1|4|1|2|240000|4|32007|234854
1200000|1|5969|1|5|0|0|240000|0|0|205233
1200000|1|5969|1|5|1|2|240000|0|0|198157
1200000|1|5969|1|5|0|0|240000|1|7975|208022
1200000|1|5969|1|5|1|2|240000|1|7975|201936
1200000|1|5969|1|5|0|0|240000|2|15964|211103
1200000|1|5969|1|5|1|2|240000|2|15964|207555
1200000|1|5969|1|5|0|0|240000|3|23963|215082
1200000|1|5969|1|5|1|2|240000|3|23963|213677
1200000|1|5969|1|5|0|0|240000|4|31967|219137
1200000|1|5969|1|5|1|2|240000|4|31967|219875
1200000|1|5970|1|1|0|0|240000|0|0|237604
1200000|1|5970|1|1|1|2|240000|0|0|214615
1200000|1|5970|1|1|0|0|240000|1|7996|240315
1200000|1|5970|1|1|1|2|240000|1|7996|219490
1200000|1|5970|1|1|0|0|240000|2|16001|243437
1200000|1|5970|1|1|1|2|240000|2|16001|224519
1200000|1|5970|1|1|0|0|240000|3|24007|247062
1200000|1|5970|1|1|1|2|240000|3|24007|230252
1200000|1|5970|1|1|0|0|240000|4|32016|251116
1200000|1|5970|1|1|1|2|240000|4|32016|237038
1200000|1|5970|1|2|0|0|240000|0|0|256951
1200000|1|5970|1|2|1|2|240000|0|0|257864
1200000|1|5970|1|2|0|0|240000|1|8003|261764
1200000|1|5970|1|2|1|2|240000|1|8003|263985
1200000|1|5970|1|2|0|0|240000|2|16009|266248
1200000|1|5970|1|2|1|2|240000|2|16009|270110
1200000|1|5970|1|2|0|0|240000|3|24018|271047
1200000|1|5970|1|2|1|2|240000|3|24018|276310
1200000|1|5970|1|2|0|0|240000|4|32028|276506
1200000|1|5970|1|2|1|2|240000|4|32028|281734
1200000|1|5970|1|3|0|0|240000|0|0|215375
1200000|1|5970|1|3|1|2|240000|0|0|209738
1200000|1|5970|1|3|0|0|240000|1|7973|219176
1200000|1|5970|1|3|1|2|240000|1|7973|214301
1200000|1|5970|1|3|0|0|240000|2|15961|223387
1200000|1|5970|1|3|1|2|240000|2|15961|219332
1200000|1|5970|1|3|0|0|240000|3|23957|226859
1200000|1|5970|1|3|1|2|240000|3|23957|225221
1200000|1|5970|1|3|0|0|240000|4|31960|231385
1200000|1|5970|1|3|1|2|240000|4|31960|230409
1200000|1|5970|1|4|0|0|240000|0|0|257337
1200000|1|5970|1|4|1|2|240000|0|0|220856
1200000|1|5970|1|4|0|0|240000|1|7996|262038
1200000|1|5970|1|4|1|2|240000|1|7996|225143
1200000|1|5970|1|4|0|0|240000|2|15999|266681
1200000|1|5970|1|4|1|2|240000|2|15999|229744
1200000|1|5970|1|4|0|0|240000|3|24005|270852
1200000|1|5970|1|4|1|2|240000|3|24005|234463
1200000|1|5970|1|4|0|0|240000|4|32013|274907
1200000|1|5970|1|4|1|2|240000|4|32013|238794
1200000|1|5970|1|5|0|0|240000|0|0|209523
1200000|1|5970|1|5|1|2|240000|0|0|203458
1200000|1|5970|1|5|0|0|240000|1|7972|212352
1200000|1|5970|1|5|1|2|240000|1|7972|206940
1200000|1|5970|1|5|0|0|240000|2|15957|215434
1200000|1|5970|1|5|1|2|240000|2|15957|211035
1200000|1|5970|1|5|0|0|240000|3|23951|218473
1200000|1|5970|1|5|1|2|240000|3|23951|215442
1200000|1|5970|1|5|0|0|240000|4|31950|222336
1200000|1|5970|1|5|1|2|240000|4|31950|219576
1200000|1|5971|1|1|0|0|240000|0|0|202856
1200000|1|5971|1|1|1|2|240000|0|0|203931
1200000|1|5971|1|1|0|0|240000|1|7991|203851
1200000|1|5971|1|1|1|2|240000|1|7991|206150
1200000|1|5971|1|1|0|0|240000|2|15989|206304
1200000|1|5971|1|1|1|2|240000|2|15989|208570
1200000|1|5971|1|1|0|0|240000|3|23990|208997
1200000|1|5971|1|1|1|2|240000|3|23990|211259
1200000|1|5971|1|1|0|0|240000|4|31993|211807
1200000|1|5971|1|1|1|2|240000|4|31993|214340
1200000|1|5971|1|2|0|0|240000|0|0|227661
1200000|1|5971|1|2|1|2|240000|0|0|224326
1200000|1|5971|1|2|0|0|240000|1|7991|229898
1200000|1|5971|1|2|1|2|240000|1|7991|225650
1200000|1|5971|1|2|0|0|240000|2|15988|232554
1200000|1|5971|1|2|1|2|240000|2|15988|227563
1200000|1|5971|1|2|0|0|240000|3|23988|235322
1200000|1|5971|1|2|1|2|240000|3|23988|229940
1200000|1|5971|1|2|0|0|240000|4|31991|237819
1200000|1|5971|1|2|1|2|240000|4|31991|232280
1200000|1|5971|1|3|0|0|240000|0|0|245601
1200000|1|5971|1|3|1|2|240000|0|0|237820
1200000|1|5971|1|3|0|0|240000|1|7994|247453
1200000|1|5971|1|3|1|2|240000|1|7994|235126
1200000|1|5971|1|3|0|0|240000|2|15992|251000
1200000|1|5971|1|3|1|2|240000|2|15992|231968
1200000|1|5971|1|3|0|0|240000|3|23993|254745
1200000|1|5971|1|3|1|2|240000|3|23993|231383
1200000|1|5971|1|3|0|0|240000|4|31995|258295
1200000|1|5971|1|3|1|2|240000|4|31995|232008
1200000|1|5971|1|4|0|0|240000|0|0|228010
1200000|1|5971|1|4|1|2|240000|0|0|220658
1200000|1|5971|1|4|0|0|240000|1|7997|231149
1200000|1|5971|1|4|1|2|240000|1|7997|220893
1200000|1|5971|1|4|0|0|240000|2|15997|234893
1200000|1|5971|1|4|1|2|240000|2|15997|222648
1200000|1|5971|1|4|0|0|240000|3|24000|238676
1200000|1|5971|1|4|1|2|240000|3|24000|225261
1200000|1|5971|1|4|0|0|240000|4|32004|242421
1200000|1|5971|1|4|1|2|240000|4|32004|227758
1200000|1|5971|1|5|0|0|240000|0|0|247901
1200000|1|5971|1|5|1|2|240000|0|0|241524
1200000|1|5971|1|5|0|0|240000|1|7998|251157
1200000|1|5971|1|5|1|2|240000|1|7998|241950
1200000|1|5971|1|5|0|0|240000|2|15999|254162
1200000|1|5971|1|5|1|2|240000|2|15999|243356
1200000|1|5971|1|5|0|0|240000|3|24002|257437
1200000|1|5971|1|5|1|2|240000|3|24002|245384
1200000|1|5971|1|5|0|0|240000|4|32005|260515
1200000|1|5971|1|5|1|2|240000|4|32005|247841
1200000|1|5972|1|1|0|0|240000|0|0|251686
1200000|1|5972|1|1|1|2|240000|0|0|246398
1200000|1|5972|1|1|0|0|240000|1|7999|255368
1200000|1|5972|1|1|1|2|240000|1|7999|247685
1200000|1|5972|1|1|0|0|240000|2|16002|259110
1200000|1|5972|1|1|1|2|240000|2|16002|250260
1200000|1|5972|1|1|0|0|240000|3|24006|262545
1200000|1|5972|1|1|1|2|240000|3|24006|253534
1200000|1|5972|1|1|0|0|240000|4|32011|265783
1200000|1|5972|1|1|1|2|240000|4|32011|257397
1200000|1|5972|1|2|0|0|240000|0|0|245405
1200000|1|5972|1|2|1|2|240000|0|0|239258
1200000|1|5972|1|2|0|0|240000|1|8000|249052
1200000|1|5972|1|2|1|2|240000|1|8000|240315
1200000|1|5972|1|2|0|0|240000|2|16002|252444
1200000|1|5972|1|2|1|2|240000|2|16002|242733
1200000|1|5972|1|2|0|0|240000|3|24007|255797
1200000|1|5972|1|2|1|2|240000|3|24007|245737
1200000|1|5972|1|2|0|0|240000|4|32013|258839
1200000|1|5972|1|2|1|2|240000|4|32013|248584
1200000|1|5972|1|3|0|0|240000|0|0|245522
1200000|1|5972|1|3|1|2|240000|0|0|218241
1200000|1|5972|1|3|0|0|240000|1|7992|247488
1200000|1|5972|1|3|1|2|240000|1|7992|218280
1200000|1|5972|1|3|0|0|240000|2|15993|249908
1200000|1|5972|1|3|1|2|240000|2|15993|220154
1200000|1|5972|1|3|0|0|240000|3|23997|251975
1200000|1|5972|1|3|1|2|240000|3|23997|222999
1200000|1|5972|1|3|0|0|240000|4|32003|253772
1200000|1|5972|1|3|1|2|240000|4|32003|226549
1200000|1|5972|1|4|0|0|240000|0|0|238697
1200000|1|5972|1|4|1|2|240000|0|0|236104
1200000|1|5972|1|4|0|0|240000|1|8001|240587
1200000|1|5972|1|4|1|2|240000|1|8001|237819
1200000|1|5972|1|4|0|0|240000|2|16004|242343
1200000|1|5972|1|4|1|2|240000|2|16004|242109
1200000|1|5972|1|4|0|0|240000|3|24012|244566
1200000|1|5972|1|4|1|2|240000|3|24012|245345
1200000|1|5972|1|4|0|0|240000|4|32018|246478
1200000|1|5972|1|4|1|2|240000|4|32018|249013
1200000|1|5972|1|5|0|0|240000|0|0|247472
1200000|1|5972|1|5|1|2|240000|0|0|221319
1200000|1|5972|1|5|0|0|240000|1|7993|249830
1200000|1|5972|1|5|1|2|240000|1|7993|221986
1200000|1|5972|1|5|0|0|240000|2|15994|253028
1200000|1|5972|1|5|1|2|240000|2|15994|224286
1200000|1|5972|1|5|0|0|240000|3|23997|256265
1200000|1|5972|1|5|1|2|240000|3|23997|228026
1200000|1|5972|1|5|0|0|240000|4|32003|259192
1200000|1|5972|1|5|1|2|240000|4|32003|232555
1200000|1|5973|1|1|0|0|240000|0|0|226529
1200000|1|5973|1|1|1|2|240000|0|0|215393
1200000|1|5973|1|1|0|0|240000|1|7974|229198
1200000|1|5973|1|1|1|2|240000|1|7974|218982
1200000|1|5973|1|1|0|0|240000|2|15963|232672
1200000|1|5973|1|1|1|2|240000|2|15963|223700
1200000|1|5973|1|1|0|0|240000|3|23961|236766
1200000|1|5973|1|1|1|2|240000|3|23961|229161
1200000|1|5973|1|1|0|0|240000|4|31963|240705
1200000|1|5973|1|1|1|2|240000|4|31963|234581
1200000|1|5973|1|2|0|0|240000|0|0|230663
1200000|1|5973|1|2|1|2|240000|0|0|209856
1200000|1|5973|1|2|0|0|240000|1|7994|233997
1200000|1|5973|1|2|1|2|240000|1|7994|214107
1200000|1|5973|1|2|0|0|240000|2|15997|238558
1200000|1|5973|1|2|1|2|240000|2|15997|218627
1200000|1|5973|1|2|0|0|240000|3|24004|243201
1200000|1|5973|1|2|1|2|240000|3|24004|223428
1200000|1|5973|1|2|0|0|240000|4|32012|247569
1200000|1|5973|1|2|1|2|240000|4|32012|229162
1200000|1|5973|1|3|0|0|240000|0|0|231367
1200000|1|5973|1|3|1|2|240000|0|0|209349
1200000|1|5973|1|3|0|0|240000|1|7995|234892
1200000|1|5973|1|3|1|2|240000|1|7995|213718
1200000|1|5973|1|3|0|0|240000|2|15999|237545
1200000|1|5973|1|3|1|2|240000|2|15999|218477
1200000|1|5973|1|3|0|0|240000|3|24006|241524
1200000|1|5973|1|3|1|2|240000|3|24006|223897
1200000|1|5973|1|3|0|0|240000|4|32015|245892
1200000|1|5973|1|3|1|2|240000|4|32015|229158
1200000|1|5973|1|4|0|0|240000|0|0|212373
1200000|1|5973|1|4|1|2|240000|0|0|202718
1200000|1|5973|1|4|0|0|240000|1|7975|215589
1200000|1|5973|1|4|1|2|240000|1|7975|205914
1200000|1|5973|1|4|0|0|240000|2|15965|219489
1200000|1|5973|1|4|1|2|240000|2|15965|210909
1200000|1|5973|1|4|0|0|240000|3|23964|224481
1200000|1|5973|1|4|1|2|240000|3|23964|215549
1200000|1|5973|1|4|0|0|240000|4|31968|229200
1200000|1|5973|1|4|1|2|240000|4|31968|220812
1200000|1|5973|1|5|0|0|240000|0|0|233666
1200000|1|5973|1|5|1|2|240000|0|0|233567
1200000|1|5973|1|5|0|0|240000|1|8003|239418
1200000|1|5973|1|5|1|2|240000|1|8003|236336
1200000|1|5973|1|5|0|0|240000|2|16009|244604
1200000|1|5973|1|5|1|2|240000|2|16009|240979
1200000|1|5973|1|5|0|0|240000|3|24018|249909
1200000|1|5973|1|5|1|2|240000|3|24018|245424
1200000|1|5973|1|5|0|0|240000|4|32027|255564
1200000|1|5973|1|5|1|2|240000|4|32027|250182
1200000|1|5974|1|1|0|0|240000|0|0|260889
1200000|1|5974|1|1|1|2|240000|0|0|256617
1200000|1|5974|1|1|0|0|240000|1|7996|264376
1200000|1|5974|1|1|1|2|240000|1|7996|260086
1200000|1|5974|1|1|0|0|240000|2|15998|267889
1200000|1|5974|1|1|1|2|240000|2|15998|263986
1200000|1|5974|1|1|0|0|240000|3|24003|271319
1200000|1|5974|1|1|1|2|240000|3|24003|268355
1200000|1|5974|1|1|0|0|240000|4|32010|274868
1200000|1|5974|1|1|1|2|240000|4|32010|272217
1200000|1|5974|1|2|0|0|240000|0|0|251139
1200000|1|5974|1|2|1|2|240000|0|0|248389
1200000|1|5974|1|2|0|0|240000|1|8000|253420
1200000|1|5974|1|2|1|2|240000|1|8000|251158
1200000|1|5974|1|2|0|0|240000|2|16003|256187
1200000|1|5974|1|2|1|2|240000|2|16003|254004
1200000|1|5974|1|2|0|0|240000|3|24008|259542
1200000|1|5974|1|2|1|2|240000|3|24008|257007
1200000|1|5974|1|2|0|0|240000|4|32015|262738
1200000|1|5974|1|2|1|2|240000|4|32015|259502
1200000|1|5974|1|3|0|0|240000|0|1|234993
1200000|1|5974|1|3|1|2|240000|0|1|230678
1200000|1|5974|1|3|0|0|240000|1|7998|238832
1200000|1|5974|1|3|1|2|240000|1|7998|233178
1200000|1|5974|1|3|0|0|240000|2|16000|241874
1200000|1|5974|1|3|1|2|240000|2|16000|236182
1200000|1|5974|1|3|0|0|240000|3|24004|245306
1200000|1|5974|1|3|1|2|240000|3|24004|238403
1200000|1|5974|1|3|0|0|240000|4|32007|249130
1200000|1|5974|1|3|1|2|240000|4|32007|240626
1200000|1|5974|1|4|0|0|240000|0|0|211594
1200000|1|5974|1|4|1|2|240000|0|0|205644
1200000|1|5974|1|4|0|0|240000|1|7997|215939
1200000|1|5974|1|4|1|2|240000|1|7997|206776
1200000|1|5974|1|4|0|0|240000|2|15998|220192
1200000|1|5974|1|4|1|2|240000|2|15998|208920
1200000|1|5974|1|4|0|0|240000|3|24001|224442
1200000|1|5974|1|4|1|2|240000|3|24001|211062
1200000|1|5974|1|4|0|0|240000|4|32004|228772
1200000|1|5974|1|4|1|2|240000|4|32004|212859
1200000|1|5974|1|5|0|0|240000|0|0|263112
1200000|1|5974|1|5|1|2|240000|0|0|251040
1200000|1|5974|1|5|0|0|240000|1|7997|268162
1200000|1|5974|1|5|1|2|240000|1|7997|250260
1200000|1|5974|1|5|0|0|240000|2|15997|273231
1200000|1|5974|1|5|1|2|240000|2|15997|250259
1200000|1|5974|1|5|0|0|240000|3|23999|278145
1200000|1|5974|1|5|1|2|240000|3|23999|250142
1200000|1|5974|1|5|0|0|240000|4|32001|283488
1200000|1|5974|1|5|1|2|240000|4|32001|250883
1200000|1|5975|1|1|0|0|240000|0|0|253011
1200000|1|5975|1|1|1|2|240000|0|0|242889
1200000|1|5975|1|1|0|0|240000|1|7997|256655
1200000|1|5975|1|1|1|2|240000|1|7997|241407
1200000|1|5975|1|1|0|0|240000|2|15997|260399
1200000|1|5975|1|1|1|2|240000|2|15997|240861
1200000|1|5975|1|1|0|0|240000|3|23998|264221
1200000|1|5975|1|1|1|2|240000|3|23998|240156
1200000|1|5975|1|1|0|0|240000|4|32000|268083
1200000|1|5975|1|1|1|2|240000|4|32000|240080
1200000|1|5975|1|2|0|0|240000|0|0|254998
1200000|1|5975|1|2|1|2|240000|0|0|243787
1200000|1|5975|1|2|0|0|240000|1|7996|257749
1200000|1|5975|1|2|1|2|240000|1|7996|241640
1200000|1|5975|1|2|0|0|240000|2|15994|260517
1200000|1|5975|1|2|1|2|240000|2|15994|241058
1200000|1|5975|1|2|0|0|240000|3|23996|263402
1200000|1|5975|1|2|1|2|240000|3|23996|240859
1200000|1|5975|1|2|0|0|240000|4|31997|267107
1200000|1|5975|1|2|1|2|240000|4|31997|241795
1200000|1|5975|1|3|0|0|240000|0|0|228011
1200000|1|5975|1|3|1|2|240000|0|0|217848
1200000|1|5975|1|3|0|0|240000|1|7997|230564
1200000|1|5975|1|3|1|2|240000|1|7997|216210
1200000|1|5975|1|3|0|0|240000|2|15997|233372
1200000|1|5975|1|3|1|2|240000|2|15997|216015
1200000|1|5975|1|3|0|0|240000|3|23999|235946
1200000|1|5975|1|3|1|2|240000|3|23999|215745
1200000|1|5975|1|3|0|0|240000|4|32000|239145
1200000|1|5975|1|3|1|2|240000|4|32000|215900
1200000|1|5975|1|4|0|0|240000|0|0|253711
1200000|1|5975|1|4|1|2|240000|0|0|242107
1200000|1|5975|1|4|0|0|240000|1|7997|256384
1200000|1|5975|1|4|1|2|240000|1|7997|240355
1200000|1|5975|1|4|0|0|240000|2|15996|259463
1200000|1|5975|1|4|1|2|240000|2|15996|240156
1200000|1|5975|1|4|0|0|240000|3|23997|262429
1200000|1|5975|1|4|1|2|240000|3|23997|239885
1200000|1|5975|1|4|0|0|240000|4|31999|265584
1200000|1|5975|1|4|1|2|240000|4|31999|240352
1200000|1|5975|1|5|0|0|240000|0|0|250478
1200000|1|5975|1|5|1|2|240000|0|0|239183
1200000|1|5975|1|5|0|0|240000|1|7996|253770
1200000|1|5975|1|5|1|2|240000|1|7996|237508
1200000|1|5975|1|5|0|0|240000|2|15996|257120
1200000|1|5975|1|5|1|2|240000|2|15996|236961
1200000|1|5975|1|5|0|0|240000|3|23997|260243
1200000|1|5975|1|5|1|2|240000|3|23997|236610
1200000|1|5975|1|5|0|0|240000|4|31998|263948
1200000|1|5975|1|5|1|2|240000|4|31998|236841
1200000|1|5976|1|1|0|0|240000|0|0|205859
1200000|1|5976|1|1|1|2|240000|0|0|192425
1200000|1|5976|1|1|0|0|240000|1|7968|208334
1200000|1|5976|1|1|1|2|240000|1|7968|190862
1200000|1|5976|1|1|0|0|240000|2|15951|211884
1200000|1|5976|1|1|1|2|240000|2|15951|191839
1200000|1|5976|1|1|0|0|240000|3|23943|215861
1200000|1|5976|1|1|1|2|240000|3|23943|193358
1200000|1|5976|1|1|0|0|240000|4|31941|220035
1200000|1|5976|1|1|1|2|240000|4|31941|194059
1200000|1|5976|1|2|0|0|240000|0|0|234331
1200000|1|5976|1|2|1|2|240000|0|0|227680
1200000|1|5976|1|2|0|0|240000|1|7996|237816
1200000|1|5976|1|2|1|2|240000|1|7996|228458
1200000|1|5976|1|2|0|0|240000|2|15996|241950
1200000|1|5976|1|2|1|2|240000|2|15996|229082
1200000|1|5976|1|2|0|0|240000|3|23997|246867
1200000|1|5976|1|2|1|2|240000|3|23997|229235
1200000|1|5976|1|2|0|0|240000|4|31999|252168
1200000|1|5976|1|2|1|2|240000|4|31999|230526
1200000|1|5976|1|3|0|0|240000|0|0|261902
1200000|1|5976|1|3|1|2|240000|0|0|256654
1200000|1|5976|1|3|0|0|240000|1|7994|268275
1200000|1|5976|1|3|1|2|240000|1|7994|258644
1200000|1|5976|1|3|0|0|240000|2|15992|274323
1200000|1|5976|1|3|1|2|240000|2|15992|261062
1200000|1|5976|1|3|0|0|240000|3|23993|280759
1200000|1|5976|1|3|1|2|240000|3|23993|263401
1200000|1|5976|1|3|0|0|240000|4|31996|287934
1200000|1|5976|1|3|1|2|240000|4|31996|265623
1200000|1|5976|1|4|0|0|240000|0|0|237177
1200000|1|5976|1|4|1|2|240000|0|0|227680
1200000|1|5976|1|4|0|0|240000|1|7996|243240
1200000|1|5976|1|4|1|2|240000|1|7996|227559
1200000|1|5976|1|4|0|0|240000|2|15996|249168
1200000|1|5976|1|4|1|2|240000|2|15996|228576
1200000|1|5976|1|4|0|0|240000|3|23997|254784
1200000|1|5976|1|4|1|2|240000|3|23997|229472
1200000|1|5976|1|4|0|0|240000|4|32000|261101
1200000|1|5976|1|4|1|2|240000|4|32000|230136
1200000|1|5976|1|5|0|0|240000|0|0|233315
1200000|1|5976|1|5|1|2|240000|0|0|221399
1200000|1|5976|1|5|0|0|240000|1|7996|237352
1200000|1|5976|1|5|1|2|240000|1|7996|219372
1200000|1|5976|1|5|0|0|240000|2|15994|241680
1200000|1|5976|1|5|1|2|240000|2|15994|218593
1200000|1|5976|1|5|0|0|240000|3|23995|245931
1200000|1|5976|1|5|1|2|240000|3|23995|218043
1200000|1|5976|1|5|0|0|240000|4|31996|251041
1200000|1|5976|1|5|1|2|240000|4|31996|218942
1200000|1|5977|1|1|0|0|240000|0|0|227699
1200000|1|5977|1|1|1|2|240000|0|0|226824
1200000|1|5977|1|1|0|0|240000|1|7994|230565
1200000|1|5977|1|1|1|2|240000|1|7994|226858
1200000|1|5977|1|1|0|0|240000|2|15992|233180
1200000|1|5977|1|1|1|2|240000|2|15992|227913
1200000|1|5977|1|1|0|0|240000|3|23993|237545
1200000|1|5977|1|1|1|2|240000|3|23993|229043
1200000|1|5977|1|1|0|0|240000|4|31994|241442
1200000|1|5977|1|1|1|2|240000|4|31994|230096
1200000|1|5977|1|2|0|0|240000|0|0|256871
1200000|1|5977|1|2|1|2|240000|0|0|252756
1200000|1|5977|1|2|0|0|240000|1|7992|261960
1200000|1|5977|1|2|1|2|240000|1|7992|255564
1200000|1|5977|1|2|0|0|240000|2|15990|266796
1200000|1|5977|1|2|1|2|240000|2|15990|258450
1200000|1|5977|1|2|0|0|240000|3|23990|271280
1200000|1|5977|1|2|1|2|240000|3|23990|261297
1200000|1|5977|1|2|0|0|240000|4|31991|275688
1200000|1|5977|1|2|1|2|240000|4|31991|263559
1200000|1|5977|1|3|0|0|240000|0|0|210264
1200000|1|5977|1|3|1|2|240000|0|0|203186
1200000|1|5977|1|3|0|0|240000|1|7993|213444
1200000|1|5977|1|3|1|2|240000|1|7993|203379
1200000|1|5977|1|3|0|0|240000|2|15990|216721
1200000|1|5977|1|3|1|2|240000|2|15990|204003
1200000|1|5977|1|3|0|0|240000|3|23990|220502
1200000|1|5977|1|3|1|2|240000|3|23990|205059
1200000|1|5977|1|3|0|0|240000|4|31991|224988
1200000|1|5977|1|3|1|2|240000|4|31991|205606
1200000|1|5977|1|4|0|0|240000|0|0|230507
1200000|1|5977|1|4|1|2|240000|0|0|225339
1200000|1|5977|1|4|0|0|240000|1|7996|232984
1200000|1|5977|1|4|1|2|240000|1|7996|226197
1200000|1|5977|1|4|0|0|240000|2|15994|236455
1200000|1|5977|1|4|1|2|240000|2|15994|227990
1200000|1|5977|1|4|0|0|240000|3|23995|240276
1200000|1|5977|1|4|1|2|240000|3|23995|229787
1200000|1|5977|1|4|0|0|240000|4|31997|244836
1200000|1|5977|1|4|1|2|240000|4|31997|230643
1200000|1|5977|1|5|0|0|240000|0|0|255386
1200000|1|5977|1|5|1|2|240000|0|0|249519
1200000|1|5977|1|5|0|0|240000|1|7996|257944
1200000|1|5977|1|5|1|2|240000|1|7996|250959
1200000|1|5977|1|5|0|0|240000|2|15996|261415
1200000|1|5977|1|5|1|2|240000|2|15996|252872
1200000|1|5977|1|5|0|0|240000|3|23998|265781
1200000|1|5977|1|5|1|2|240000|3|23998|254197
1200000|1|5977|1|5|0|0|240000|4|32001|270149
1200000|1|5977|1|5|1|2|240000|4|32001|255563
1200000|1|5978|1|1|0|0|240000|0|0|261747
1200000|1|5978|1|1|1|2|240000|0|0|255641
1200000|1|5978|1|1|0|0|240000|1|7996|266524
1200000|1|5978|1|1|1|2|240000|1|7996|257240
1200000|1|5978|1|1|0|0|240000|2|15997|271748
1200000|1|5978|1|1|1|2|240000|2|15997|257473
1200000|1|5978|1|1|0|0|240000|3|24000|277286
1200000|1|5978|1|1|1|2|240000|3|24000|259112
1200000|1|5978|1|1|0|0|240000|4|32004|282825
1200000|1|5978|1|1|1|2|240000|4|32004|261689
1200000|1|5978|1|2|0|0|240000|0|0|225867
1200000|1|5978|1|2|1|2|240000|0|0|219059
1200000|1|5978|1|2|0|0|240000|1|7998|229901
1200000|1|5978|1|2|1|2|240000|1|7998|218941
1200000|1|5978|1|2|0|0|240000|2|15999|233684
1200000|1|5978|1|2|1|2|240000|2|15999|219371
1200000|1|5978|1|2|0|0|240000|3|24001|237936
1200000|1|5978|1|2|1|2|240000|3|24001|220386
1200000|1|5978|1|2|0|0|240000|4|32004|242457
1200000|1|5978|1|2|1|2|240000|4|32004|222491
1200000|1|5978|1|3|0|0|240000|0|0|228832
1200000|1|5978|1|3|1|2|240000|0|0|221320
1200000|1|5978|1|3|0|0|240000|1|7999|234115
1200000|1|5978|1|3|1|2|240000|1|7999|222998
1200000|1|5978|1|3|0|0|240000|2|16001|239495
1200000|1|5978|1|3|1|2|240000|2|16001|224833
1200000|1|5978|1|3|0|0|240000|3|24005|245344
1200000|1|5978|1|3|1|2|240000|3|24005|227756
1200000|1|5978|1|3|0|0|240000|4|32011|251274
1200000|1|5978|1|3|1|2|240000|4|32011|231189
1200000|1|5978|1|4|0|0|240000|0|0|212022
1200000|1|5978|1|4|1|2|240000|0|0|201000
1200000|1|5978|1|4|0|0|240000|1|7977|217462
1200000|1|5978|1|4|1|2|240000|1|7977|203929
1200000|1|5978|1|4|0|0|240000|2|15966|223973
1200000|1|5978|1|4|1|2|240000|2|15966|207317
1200000|1|5978|1|4|0|0|240000|3|23963|230446
1200000|1|5978|1|4|1|2|240000|3|23963|211572
1200000|1|5978|1|4|0|0|240000|4|31965|237349
1200000|1|5978|1|4|1|2|240000|4|31965|216213
1200000|1|5978|1|5|0|0|240000|0|0|244978
1200000|1|5978|1|5|1|2|240000|0|0|241640
1200000|1|5978|1|5|0|0|240000|1|8003|252911
1200000|1|5978|1|5|1|2|240000|1|8003|246710
1200000|1|5978|1|5|0|0|240000|2|16010|260751
1200000|1|5978|1|5|1|2|240000|2|16010|252011
1200000|1|5978|1|5|0|0|240000|3|24018|268591
1200000|1|5978|1|5|1|2|240000|3|24018|258021
1200000|1|5978|1|5|0|0|240000|4|32028|275921
1200000|1|5978|1|5|1|2|240000|4|32028|264144
1200000|1|5979|1|1|0|0|240000|0|0|258821
1200000|1|5979|1|1|1|2|240000|0|0|257199
1200000|1|5979|1|1|0|0|240000|1|8005|264690
1200000|1|5979|1|1|1|2|240000|1|8005|260907
1200000|1|5979|1|1|0|0|240000|2|16012|272214
1200000|1|5979|1|1|1|2|240000|2|16012|266093
1200000|1|5979|1|1|0|0|240000|3|24021|279159
1200000|1|5979|1|1|1|2|240000|3|24021|271554
1200000|1|5979|1|1|0|0|240000|4|32031|286061
1200000|1|5979|1|1|1|2|240000|4|32031|277443
1200000|1|5979|1|2|0|0|240000|0|0|210424
1200000|1|5979|1|2|1|2|240000|0|0|204786
1200000|1|5979|1|2|0|0|240000|1|7979|214067
1200000|1|5979|1|2|1|2|240000|1|7979|208449
1200000|1|5979|1|2|0|0|240000|2|15970|218904
1200000|1|5979|1|2|1|2|240000|2|15970|213441
1200000|1|5979|1|2|0|0|240000|3|23969|223779
1200000|1|5979|1|2|1|2|240000|3|23969|219099
1200000|1|5979|1|2|0|0|240000|4|31973|227678
1200000|1|5979|1|2|1|2|240000|4|31973|224986
1200000|1|5979|1|3|0|0|240000|0|0|248876
1200000|1|5979|1|3|1|2|240000|0|0|247179
1200000|1|5979|1|3|0|0|240000|1|8002|253574
1200000|1|5979|1|3|1|2|240000|1|8002|252210
1200000|1|5979|1|3|0|0|240000|2|16010|257123
1200000|1|5979|1|3|1|2|240000|2|16010|257396
1200000|1|5979|1|3|0|0|240000|3|24019|260829
1200000|1|5979|1|3|1|2|240000|3|24019|262039
1200000|1|5979|1|3|0|0|240000|4|32028|265002
1200000|1|5979|1|3|1|2|240000|4|32028|266873
1200000|1|5979|1|4|0|0|240000|0|0|205978
1200000|1|5979|1|4|1|2|240000|0|0|206620
1200000|1|5979|1|4|0|0|240000|1|7975|209193
1200000|1|5979|1|4|1|2|240000|1|7975|210909
1200000|1|5979|1|4|0|0|240000|2|15964|213367
1200000|1|5979|1|4|1|2|240000|2|15964|215666
1200000|1|5979|1|4|0|0|240000|3|23962|217068
1200000|1|5979|1|4|1|2|240000|3|23962|220735
1200000|1|5979|1|4|0|0|240000|4|31965|220462
1200000|1|5979|1|4|1|2|240000|4|31965|225689
1200000|1|5979|1|5|0|0|240000|0|0|221968
1200000|1|5979|1|5|1|2|240000|0|0|217617
1200000|1|5979|1|5|0|0|240000|1|8001|225689
1200000|1|5979|1|5|1|2|240000|1|8001|219762
1200000|1|5979|1|5|0|0|240000|2|16006|229821
1200000|1|5979|1|5|1|2|240000|2|16006|222683
1200000|1|5979|1|5|0|0|240000|3|24014|233841
1200000|1|5979|1|5|1|2|240000|3|24014|226275
1200000|1|5979|1|5|0|0|240000|4|32022|237546
1200000|1|5979|1|5|1|2|240000|4|32022|229941
1200000|1|5980|1|1|0|0|240000|0|0|225516
1200000|1|5980|1|1|1|2|240000|0|0|205175
1200000|1|5980|1|1|0|0|240000|1|7996|228731
1200000|1|5980|1|1|1|2|240000|1|7996|204825
1200000|1|5980|1|1|0|0|240000|2|16000|232397
1200000|1|5980|1|1|1|2|240000|2|16000|207903
1200000|1|5980|1|1|0|0|240000|3|24010|236181
1200000|1|5980|1|1|1|2|240000|3|24010|211063
1200000|1|5980|1|1|0|0|240000|4|32019|240042
1200000|1|5980|1|1|1|2|240000|4|32019|214691
1200000|1|5980|1|2|0|0|240000|0|0|258195
1200000|1|5980|1|2|1|2|240000|0|0|255679
1200000|1|5980|1|2|0|0|240000|1|7998|262585
1200000|1|5980|1|2|1|2|240000|1|7998|259074
1200000|1|5980|1|2|0|0|240000|2|16001|266289
1200000|1|5980|1|2|1|2|240000|2|16001|263171
1200000|1|5980|1|2|0|0|240000|3|24008|269954
1200000|1|5980|1|2|1|2|240000|3|24008|267769
1200000|1|5980|1|2|0|0|240000|4|32017|273270
1200000|1|5980|1|2|1|2|240000|4|32017|271591
1200000|1|5980|1|3|0|0|240000|0|0|257767
1200000|1|5980|1|3|1|2|240000|0|0|256224
1200000|1|5980|1|3|0|0|240000|1|7997|261374
1200000|1|5980|1|3|1|2|240000|1|7997|261102
1200000|1|5980|1|3|0|0|240000|2|16000|265509
1200000|1|5980|1|3|1|2|240000|2|16000|265978
1200000|1|5980|1|3|0|0|240000|3|24006|269565
1200000|1|5980|1|3|1|2|240000|3|24006|270345
1200000|1|5980|1|3|0|0|240000|4|32015|273621
1200000|1|5980|1|3|1|2|240000|4|32015|274710
1200000|1|5980|1|4|0|0|240000|0|0|252347
1200000|1|5980|1|4|1|2|240000|0|0|249792
1200000|1|5980|1|4|0|0|240000|1|7996|256033
1200000|1|5980|1|4|1|2|240000|1|7996|253810
1200000|1|5980|1|4|0|0|240000|2|15999|259776
1200000|1|5980|1|4|1|2|240000|2|15999|258567
1200000|1|5980|1|4|0|0|240000|3|24006|263715
1200000|1|5980|1|4|1|2|240000|3|24006|263633
1200000|1|5980|1|4|0|0|240000|4|32015|267342
1200000|1|5980|1|4|1|2|240000|4|32015|268705
1200000|1|5980|1|5|0|0|240000|0|0|220952
1200000|1|5980|1|5|1|2|240000|0|0|226586
1200000|1|5980|1|5|0|0|240000|1|8000|223855
1200000|1|5980|1|5|1|2|240000|1|8000|231421
1200000|1|5980|1|5|0|0|240000|2|16004|227951
1200000|1|5980|1|5|1|2|240000|2|16004|235636
1200000|1|5980|1|5|0|0|240000|3|24011|232630
1200000|1|5980|1|5|1|2|240000|3|24011|239806
1200000|1|5980|1|5|0|0|240000|4|32020|236336
1200000|1|5980|1|5|1|2|240000|4|32020|245384
1200000|1|5981|1|1|0|0|240000|0|0|312953
1200000|1|5981|1|1|1|2|240000|0|0|298074
1200000|1|5981|1|1|0|0|240000|1|7997|315349
1200000|1|5981|1|1|1|2|240000|1|7997|296553
1200000|1|5981|1|1|0|0|240000|2|16001|317106
1200000|1|5981|1|1|1|2|240000|2|16001|297333
1200000|1|5981|1|1|0|0|240000|3|24009|319874
1200000|1|5981|1|1|1|2|240000|3|24009|298815
1200000|1|5981|1|1|0|0|240000|4|32019|321395
1200000|1|5981|1|1|1|2|240000|4|32019|302595
1200000|1|5981|1|2|0|0|240000|0|0|215610
1200000|1|5981|1|2|1|2|240000|0|0|211221
1200000|1|5981|1|2|0|0|240000|1|7976|215824
1200000|1|5981|1|2|1|2|240000|1|7976|212820
1200000|1|5981|1|2|0|0|240000|2|15967|216955
1200000|1|5981|1|2|1|2|240000|2|15967|216213
1200000|1|5981|1|2|0|0|240000|3|23966|218436
1200000|1|5981|1|2|1|2|240000|3|23966|219215
1200000|1|5981|1|2|0|0|240000|4|31971|219761
1200000|1|5981|1|2|1|2|240000|4|31971|223156
1200000|1|5981|1|3|0|0|240000|0|0|240647
1200000|1|5981|1|3|1|2|240000|0|0|239144
1200000|1|5981|1|3|0|0|240000|1|7996|241991
1200000|1|5981|1|3|1|2|240000|1|7996|243471
1200000|1|5981|1|3|0|0|240000|2|15999|243357
1200000|1|5981|1|3|1|2|240000|2|15999|248036
1200000|1|5981|1|3|0|0|240000|3|24006|244956
1200000|1|5981|1|3|1|2|240000|3|24006|252950
1200000|1|5981|1|3|0|0|240000|4|32015|247761
1200000|1|5981|1|3|1|2|240000|4|32015|259853
1200000|1|5981|1|4|0|0|240000|0|0|245913
1200000|1|5981|1|4|1|2|240000|0|0|252404
1200000|1|5981|1|4|0|0|240000|1|8000|248465
1200000|1|5981|1|4|1|2|240000|1|8000|258880
1200000|1|5981|1|4|0|0|240000|2|16005|252404
1200000|1|5981|1|4|1|2|240000|2|16005|266522
1200000|1|5981|1|4|0|0|240000|3|24015|256500
1200000|1|5981|1|4|1|2|240000|3|24015|273816
1200000|1|5981|1|4|0|0|240000|4|32026|259618
1200000|1|5981|1|4|1|2|240000|4|32026|279507
1200000|1|5981|1|5|0|0|240000|0|0|201687
1200000|1|5981|1|5|1|2|240000|0|0|194529
1200000|1|5981|1|5|0|0|240000|1|7993|203344
1200000|1|5981|1|5|1|2|240000|1|7993|195112
1200000|1|5981|1|5|0|0|240000|2|15993|205371
1200000|1|5981|1|5|1|2|240000|2|15993|197920
1200000|1|5981|1|5|0|0|240000|3|23998|207399
1200000|1|5981|1|5|1|2|240000|3|23998|201507
1200000|1|5981|1|5|0|0|240000|4|32004|209971
1200000|1|5981|1|5|1|2|240000|4|32004|205293
1200000|1|5982|1|1|0|0|240000|0|0|253675
1200000|1|5982|1|1|1|2|240000|0|0|249247
1200000|1|5982|1|1|0|0|240000|1|8002|258412
1200000|1|5982|1|1|1|2|240000|1|8002|251819
1200000|1|5982|1|1|0|0|240000|2|16007|264026
1200000|1|5982|1|1|1|2|240000|2|16007|255056
1200000|1|5982|1|1|0|0|240000|3|24014|269214
1200000|1|5982|1|1|1|2|240000|3|24014|258760
1200000|1|5982|1|1|0|0|240000|4|32021|274363
1200000|1|5982|1|1|1|2|240000|4|32021|263518
1200000|1|5982|1|2|0|0|240000|0|0|221537
1200000|1|5982|1|2|1|2|240000|0|0|213247
1200000|1|5982|1|2|0|0|240000|1|7990|222999
1200000|1|5982|1|2|1|2|240000|1|7990|214691
1200000|1|5982|1|2|0|0|240000|2|15989|225261
1200000|1|5982|1|2|1|2|240000|2|15989|217695
1200000|1|5982|1|2|0|0|240000|3|23992|227756
1200000|1|5982|1|2|1|2|240000|3|23992|220892
1200000|1|5982|1|2|0|0|240000|4|31996|230411
1200000|1|5982|1|2|1|2|240000|4|31996|224558
1200000|1|5982|1|3|0|0|240000|0|0|246497
1200000|1|5982|1|3|1|2|240000|0|0|246829
1200000|1|5982|1|3|0|0|240000|1|7994|248816
1200000|1|5982|1|3|1|2|240000|1|7994|251898
1200000|1|5982|1|3|0|0|240000|2|15995|251198
1200000|1|5982|1|3|1|2|240000|2|15995|256501
1200000|1|5982|1|3|0|0|240000|3|23997|254743
1200000|1|5982|1|3|1|2|240000|3|23997|260243
1200000|1|5982|1|3|0|0|240000|4|32000|258411
1200000|1|5982|1|3|1|2|240000|4|32000|263793
1200000|1|5982|1|4|0|0|240000|0|0|204222
1200000|1|5982|1|4|1|2|240000|0|0|198937
1200000|1|5982|1|4|0|0|240000|1|7996|207046
1200000|1|5982|1|4|1|2|240000|1|7996|198893
1200000|1|5982|1|4|0|0|240000|2|15996|209855
1200000|1|5982|1|4|1|2|240000|2|15996|200065
1200000|1|5982|1|4|0|0|240000|3|23998|212626
1200000|1|5982|1|4|1|2|240000|3|23998|201236
1200000|1|5982|1|4|0|0|240000|4|32000|215628
1200000|1|5982|1|4|1|2|240000|4|32000|202485
1200000|1|5982|1|5|0|0|240000|0|0|226997
1200000|1|5982|1|5|1|2|240000|0|0|228613
1200000|1|5982|1|5|0|0|240000|1|7995|229005
1200000|1|5982|1|5|1|2|240000|1|7995|229316
1200000|1|5982|1|5|0|0|240000|2|15993|231578
1200000|1|5982|1|5|1|2|240000|2|15993|230603
1200000|1|5982|1|5|0|0|240000|3|23994|234076
1200000|1|5982|1|5|1|2|240000|3|23994|231969
1200000|1|5982|1|5|0|0|240000|4|31995|237664
1200000|1|5982|1|5|1|2|240000|4|31995|232982
1200000|1|5983|1|1|0|0|240000|0|0|223333
1200000|1|5983|1|1|1|2|240000|0|0|224909
1200000|1|5983|1|1|0|0|240000|1|7991|225648
1200000|1|5983|1|1|1|2|240000|1|7991|227133
1200000|1|5983|1|1|0|0|240000|2|15987|228069
1200000|1|5983|1|1|1|2|240000|2|15987|229706
1200000|1|5983|1|1|0|0|240000|3|23987|230291
1200000|1|5983|1|1|1|2|240000|3|23987|232165
1200000|1|5983|1|1|0|0|240000|4|31988|233880
1200000|1|5983|1|1|1|2|240000|4|31988|234854
1200000|1|5983|1|2|0|0|240000|0|0|200635
1200000|1|5983|1|2|1|2|240000|0|0|204785
1200000|1|5983|1|2|0|0|240000|1|7990|201234
1200000|1|5983|1|2|1|2|240000|1|7990|206618
1200000|1|5983|1|2|0|0|240000|2|15985|202953
1200000|1|5983|1|2|1|2|240000|2|15985|208920
1200000|1|5983|1|2|0|0|240000|3|23983|205020
1200000|1|5983|1|2|1|2|240000|3|23983|211377
1200000|1|5983|1|2|0|0|240000|4|31983|207517
1200000|1|5983|1|2|1|2|240000|4|31983|213794
1200000|1|5983|1|3|0|0|240000|0|0|197515
1200000|1|5983|1|3|1|2|240000|0|0|199715
1200000|1|5983|1|3|0|0|240000|1|7989|196557
1200000|1|5983|1|3|1|2|240000|1|7989|199910
1200000|1|5983|1|3|0|0|240000|2|15982|197455
1200000|1|5983|1|3|1|2|240000|2|15982|200613
1200000|1|5983|1|3|0|0|240000|3|23980|198897
1200000|1|5983|1|3|1|2|240000|3|23980|201783
1200000|1|5983|1|3|0|0|240000|4|31979|200027
1200000|1|5983|1|3|1|2|240000|4|31979|202991
1200000|1|5983|1|4|0|0|240000|0|0|254767
1200000|1|5983|1|4|1|2|240000|0|0|245070
1200000|1|5983|1|4|0|0|240000|1|7990|257240
1200000|1|5983|1|4|1|2|240000|1|7990|243237
1200000|1|5983|1|4|0|0|240000|2|15985|259346
1200000|1|5983|1|4|1|2|240000|2|15985|242925
1200000|1|5983|1|4|0|0|240000|3|23984|262194
1200000|1|5983|1|4|1|2|240000|3|23984|243513
1200000|1|5983|1|4|0|0|240000|4|31984|265702
1200000|1|5983|1|4|1|2|240000|4|31984|243982
1200000|1|5983|1|5|0|0|240000|0|1|199659
1200000|1|5983|1|5|1|2|240000|0|1|202406
1200000|1|5983|1|5|0|0|240000|1|7990|200496
1200000|1|5983|1|5|1|2|240000|1|7990|203498
1200000|1|5983|1|5|0|0|240000|2|15985|202641
1200000|1|5983|1|5|1|2|240000|2|15985|205098
1200000|1|5983|1|5|0|0|240000|3|23983|204748
1200000|1|5983|1|5|1|2|240000|3|23983|206814
1200000|1|5983|1|5|0|0|240000|4|31983|207086
1200000|1|5983|1|5|1|2|240000|4|31983|208453
1200000|1|5984|1|1|0|0|240000|0|0|223449
1200000|1|5984|1|1|1|2|240000|0|0|217072
1200000|1|5984|1|1|0|0|240000|1|7994|226548
1200000|1|5984|1|1|1|2|240000|1|7994|216758
1200000|1|5984|1|1|0|0|240000|2|15991|227717
1200000|1|5984|1|1|1|2|240000|2|15991|217109
1200000|1|5984|1|1|0|0|240000|3|23991|230446
1200000|1|5984|1|1|1|2|240000|3|23991|217886
1200000|1|5984|1|1|0|0|240000|4|31992|232828
1200000|1|5984|1|1|1|2|240000|4|31992|218864
1200000|1|5984|1|2|0|0|240000|0|0|200010
1200000|1|5984|1|2|1|2|240000|0|0|183454
1200000|1|5984|1|2|0|0|240000|1|7986|202330
1200000|1|5984|1|2|1|2|240000|1|7986|181034
1200000|1|5984|1|2|0|0|240000|2|15981|205059
1200000|1|5984|1|2|1|2|240000|2|15981|179593
1200000|1|5984|1|2|0|0|240000|3|23978|207906
1200000|1|5984|1|2|1|2|240000|3|23978|179591
1200000|1|5984|1|2|0|0|240000|4|31979|211572
1200000|1|5984|1|2|1|2|240000|4|31979|180607
1200000|1|5984|1|3|0|0|240000|0|0|228830
1200000|1|5984|1|3|1|2|240000|0|0|219256
1200000|1|5984|1|3|0|0|240000|1|7997|232945
1200000|1|5984|1|3|1|2|240000|1|7997|219332
1200000|1|5984|1|3|0|0|240000|2|15998|237623
1200000|1|5984|1|3|1|2|240000|2|15998|220190
1200000|1|5984|1|3|0|0|240000|3|24000|242382
1200000|1|5984|1|3|1|2|240000|3|24000|222178
1200000|1|5984|1|3|0|0|240000|4|32003|247528
1200000|1|5984|1|3|1|2|240000|4|32003|224440
1200000|1|5984|1|4|0|0|240000|0|0|255586
1200000|1|5984|1|4|1|2|240000|0|0|246008
1200000|1|5984|1|4|0|0|240000|1|7998|260282
1200000|1|5984|1|4|1|2|240000|1|7998|246399
1200000|1|5984|1|4|0|0|240000|2|16000|265352
1200000|1|5984|1|4|1|2|240000|2|16000|248114
1200000|1|5984|1|4|0|0|240000|3|24003|270657
1200000|1|5984|1|4|1|2|240000|3|24003|250806
1200000|1|5984|1|4|0|0|240000|4|32007|275724
1200000|1|5984|1|4|1|2|240000|4|32007|254121
1200000|1|5984|1|5|0|0|240000|0|0|259798
1200000|1|5984|1|5|1|2|240000|0|0|253263
1200000|1|5984|1|5|0|0|240000|1|8001|264767
1200000|1|5984|1|5|1|2|240000|1|8001|255638
1200000|1|5984|1|5|0|0|240000|2|16005|270033
1200000|1|5984|1|5|1|2|240000|2|16005|259500
1200000|1|5984|1|5|0|0|240000|3|24010|274946
1200000|1|5984|1|5|1|2|240000|3|24010|264262
1200000|1|5984|1|5|0|0|240000|4|32017|279745
1200000|1|5984|1|5|1|2|240000|4|32017|269252
1200000|1|5985|1|1|0|0|240000|0|0|250203
1200000|1|5985|1|1|1|2|240000|0|0|250686
1200000|1|5985|1|1|0|0|240000|1|7997|253575
1200000|1|5985|1|1|1|2|240000|1|7997|255876
1200000|1|5985|1|1|0|0|240000|2|15998|257162
1200000|1|5985|1|1|1|2|240000|2|15998|261414
1200000|1|5985|1|1|0|0|240000|3|24002|260674
1200000|1|5985|1|1|1|2|240000|3|24002|266524
1200000|1|5985|1|1|0|0|240000|4|32008|263910
1200000|1|5985|1|1|1|2|240000|4|32008|271748
1200000|1|5985|1|2|0|0|240000|0|0|247706
1200000|1|5985|1|2|1|2|240000|0|0|244723
1200000|1|5985|1|2|0|0|240000|1|7998|249869
1200000|1|5985|1|2|1|2|240000|1|7998|248033
1200000|1|5985|1|2|0|0|240000|2|16001|253104
1200000|1|5985|1|2|1|2|240000|2|16001|251662
1200000|1|5985|1|2|0|0|240000|3|24005|256145
1200000|1|5985|1|2|1|2|240000|3|24005|255602
1200000|1|5985|1|2|0|0|240000|4|32010|258527
1200000|1|5985|1|2|1|2|240000|4|32010|259112
1200000|1|5985|1|3|0|0|240000|0|0|212723
1200000|1|5985|1|3|1|2|240000|0|0|216759
1200000|1|5985|1|3|0|0|240000|1|7993|213404
1200000|1|5985|1|3|1|2|240000|1|7993|219020
1200000|1|5985|1|3|0|0|240000|2|15990|214575
1200000|1|5985|1|3|1|2|240000|2|15990|221243
1200000|1|5985|1|3|0|0|240000|3|23991|215276
1200000|1|5985|1|3|1|2|240000|3|23991|224012
1200000|1|5985|1|3|0|0|240000|4|31994|216604
1200000|1|5985|1|3|1|2|240000|4|31994|226431
1200000|1|5985|1|4|0|0|240000|0|0|189528
1200000|1|5985|1|4|1|2|240000|0|0|193163
1200000|1|5985|1|4|0|0|240000|1|7990|187479
1200000|1|5985|1|4|1|2|240000|1|7990|194139
1200000|1|5985|1|4|0|0|240000|2|15986|186816
1200000|1|5985|1|4|1|2|240000|2|15986|195387
1200000|1|5985|1|4|0|0|240000|3|23985|186933
1200000|1|5985|1|4|1|2|240000|3|23985|196479
1200000|1|5985|1|4|0|0|240000|4|31986|186582
1200000|1|5985|1|4|1|2|240000|4|31986|198038
1200000|1|5985|1|5|0|0|240000|0|0|242139
1200000|1|5985|1|5|1|2|240000|0|0|239037
1200000|1|5985|1|5|0|0|240000|1|7992|244302
1200000|1|5985|1|5|1|2|240000|1|7992|239895
1200000|1|5985|1|5|0|0|240000|2|15988|246408
1200000|1|5985|1|5|1|2|240000|2|15988|241143
1200000|1|5985|1|5|0|0|240000|3|23988|247890
1200000|1|5985|1|5|1|2|240000|3|23988|242586
1200000|1|5985|1|5|0|0|240000|4|31990|248670
1200000|1|5985|1|5|1|2|240000|4|31990|244224
1200000|1|5986|1|1|0|0|240000|0|0|207897
1200000|1|5986|1|1|1|2|240000|0|0|201051
1200000|1|5986|1|1|0|0|240000|1|7995|209865
1200000|1|5986|1|1|1|2|240000|1|7995|199725
1200000|1|5986|1|1|0|0|240000|2|15994|212205
1200000|1|5986|1|1|1|2|240000|2|15994|199491
1200000|1|5986|1|1|0|0|240000|3|23994|214740
1200000|1|5986|1|1|1|2|240000|3|23994|200037
1200000|1|5986|1|1|0|0|240000|4|31997|216456
1200000|1|5986|1|1|1|2|240000|4|31997|201168
1200000|1|5986|1|2|0|0|240000|0|0|210783
1200000|1|5986|1|2|1|2|240000|0|0|192744
1200000|1|5986|1|2|0|0|240000|1|7988|211893
1200000|1|5986|1|2|1|2|240000|1|7988|188922
1200000|1|5986|1|2|0|0|240000|2|15983|212790
1200000|1|5986|1|2|1|2|240000|2|15983|186738
1200000|1|5986|1|2|0|0|240000|3|23982|213843
1200000|1|5986|1|2|1|2|240000|3|23982|185100
1200000|1|5986|1|2|0|0|240000|4|31982|214506
1200000|1|5986|1|2|1|2|240000|4|31982|184866
1200000|1|5986|1|3|0|0|240000|0|0|187110
1200000|1|5986|1|3|1|2|240000|0|0|182253
1200000|1|5986|1|3|0|0|240000|1|7973|186660
1200000|1|5986|1|3|1|2|240000|1|7973|181122
1200000|1|5986|1|3|0|0|240000|2|15957|187167
1200000|1|5986|1|3|1|2|240000|2|15957|181083
1200000|1|5986|1|3|0|0|240000|3|23950|186348
1200000|1|5986|1|3|1|2|240000|3|23950|181512
1200000|1|5986|1|3|0|0|240000|4|31946|186231
1200000|1|5986|1|3|1|2|240000|4|31946|182487
1200000|1|5986|1|4|0|0|240000|0|0|241476
1200000|1|5986|1|4|1|2|240000|0|0|244809
1200000|1|5986|1|4|0|0|240000|1|8001|243912
1200000|1|5986|1|4|1|2|240000|1|8001|247188
1200000|1|5986|1|4|0|0|240000|2|16002|245940
1200000|1|5986|1|4|1|2|240000|2|16002|249138
1200000|1|5986|1|4|0|0|240000|3|24005|247071
1200000|1|5986|1|4|1|2|240000|3|24005|250620
1200000|1|5986|1|4|0|0|240000|4|32009|247968
1200000|1|5986|1|4|1|2|240000|4|32009|251985
1200000|1|5986|1|5|0|0|240000|0|0|246858
1200000|1|5986|1|5|1|2|240000|0|0|237477
1200000|1|5986|1|5|0|0|240000|1|7996|249567
1200000|1|5986|1|5|1|2|240000|1|7996|236268
1200000|1|5986|1|5|0|0|240000|2|15995|252141
1200000|1|5986|1|5|1|2|240000|2|15995|235722
1200000|1|5986|1|5|0|0|240000|3|23996|254325
1200000|1|5986|1|5|1|2|240000|3|23996|235449
1200000|1|5986|1|5|0|0|240000|4|31998|255924
1200000|1|5986|1|5|1|2|240000|4|31998|235332
1200000|1|5987|1|1|0|0|240000|0|0|209730
1200000|1|5987|1|1|1|2|240000|0|0|195279
1200000|1|5987|1|1|0|0|240000|1|7973|211191
1200000|1|5987|1|1|1|2|240000|1|7973|193602
1200000|1|5987|1|1|0|0|240000|2|15957|212361
1200000|1|5987|1|1|1|2|240000|2|15957|192783
1200000|1|5987|1|1|0|0|240000|3|23949|213492
1200000|1|5987|1|1|1|2|240000|3|23949|192744
1200000|1|5987|1|1|0|0|240000|4|31945|214467
1200000|1|5987|1|1|1|2|240000|4|31945|193719
1200000|1|5987|1|2|0|0|240000|0|0|208404
1200000|1|5987|1|2|1|2|240000|0|0|201792
1200000|1|5987|1|2|0|0|240000|1|7996|210060
1200000|1|5987|1|2|1|2|240000|1|7996|200349
1200000|1|5987|1|2|0|0|240000|2|15995|211620
1200000|1|5987|1|2|1|2|240000|2|15995|199842
1200000|1|5987|1|2|0|0|240000|3|23997|212712
1200000|1|5987|1|2|1|2|240000|3|23997|200037
1200000|1|5987|1|2|0|0|240000|4|32000|214077
1200000|1|5987|1|2|1|2|240000|4|32000|200037
1200000|1|5987|1|3|0|0|240000|0|1|248184
1200000|1|5987|1|3|1|2|240000|0|1|238998
1200000|1|5987|1|3|0|0|240000|1|7999|250854
1200000|1|5987|1|3|1|2|240000|1|7999|237516
1200000|1|5987|1|3|0|0|240000|2|16000|253545
1200000|1|5987|1|3|1|2|240000|2|16000|237321
1200000|1|5987|1|3|0|0|240000|3|24004|255807
1200000|1|5987|1|3|1|2|240000|3|24004|237672
1200000|1|5987|1|3|0|0|240000|4|32008|257328
1200000|1|5987|1|3|1|2|240000|4|32008|238140
1200000|1|5987|1|4|0|0|240000|0|0|239994
1200000|1|5987|1|4|1|2|240000|0|0|230730
1200000|1|5987|1|4|0|0|240000|1|7998|242859
1200000|1|5987|1|4|1|2|240000|1|7998|228936
1200000|1|5987|1|4|0|0|240000|2|15999|245511
1200000|1|5987|1|4|1|2|240000|2|15999|228078
1200000|1|5987|1|4|0|0|240000|3|24001|247578
1200000|1|5987|1|4|1|2|240000|3|24001|227727
1200000|1|5987|1|4|0|0|240000|4|32004|249099
1200000|1|5987|1|4|1|2|240000|4|32004|227688
1200000|1|5987|1|5|0|0|240000|0|0|240150
1200000|1|5987|1|5|1|2|240000|0|0|230340
1200000|1|5987|1|5|0|0|240000|1|7997|242508
1200000|1|5987|1|5|1|2|240000|1|7997|228273
1200000|1|5987|1|5|0|0|240000|2|15997|245199
1200000|1|5987|1|5|1|2|240000|2|15997|227493
1200000|1|5987|1|5|0|0|240000|3|24000|247344
1200000|1|5987|1|5|1|2|240000|3|24000|227181
1200000|1|5987|1|5|0|0|240000|4|32002|249723
1200000|1|5987|1|5|1|2|240000|4|32002|227454
1200000|1|5988|1|1|0|0|240000|0|0|243777
1200000|1|5988|1|1|1|2|240000|0|0|233148
1200000|1|5988|1|1|0|0|240000|1|7997|246564
1200000|1|5988|1|1|1|2|240000|1|7997|230574
1200000|1|5988|1|1|0|0|240000|2|15996|248943
1200000|1|5988|1|1|1|2|240000|2|15996|228975
1200000|1|5988|1|1|0|0|240000|3|23997|251010
1200000|1|5988|1|1|1|2|240000|3|23997|227922
1200000|1|5988|1|1|0|0|240000|4|31999|252882
1200000|1|5988|1|1|1|2|240000|4|31999|227727
1200000|1|5988|1|2|0|0|240000|0|0|212577
1200000|1|5988|1|2|1|2|240000|0|0|202455
1200000|1|5988|1|2|0|0|240000|1|7995|214584
1200000|1|5988|1|2|1|2|240000|1|7995|199140
1200000|1|5988|1|2|0|0|240000|2|15993|216417
1200000|1|5988|1|2|1|2|240000|2|15993|196956
1200000|1|5988|1|2|0|0|240000|3|23993|218406
1200000|1|5988|1|2|1|2|240000|3|23993|195474
1200000|1|5988|1|2|0|0|240000|4|31994|219693
1200000|1|5988|1|2|1|2|240000|4|31994|194070
1200000|1|5988|1|3|0|0|240000|0|0|253761
1200000|1|5988|1|3|1|2|240000|0|0|243054
1200000|1|5988|1|3|0|0|240000|1|7996|256041
1200000|1|5988|1|3|1|2|240000|1|7996|240909
1200000|1|5988|1|3|0|0|240000|2|15995|257601
1200000|1|5988|1|3|1|2|240000|2|15995|238881
1200000|1|5988|1|3|0|0|240000|3|23995|259044
1200000|1|5988|1|3|1|2|240000|3|23995|237984
1200000|1|5988|1|3|0|0|240000|4|31997|260955
1200000|1|5988|1|3|1|2|240000|4|31997|238062
1200000|1|5988|1|4|0|0|240000|0|0|248808
1200000|1|5988|1|4|1|2|240000|0|0|240285
1200000|1|5988|1|4|0|0|240000|1|7997|250269
1200000|1|5988|1|4|1|2|240000|1|7997|238998
1200000|1|5988|1|4|0|0|240000|2|15997|252453
1200000|1|5988|1|4|1|2|240000|2|15997|239154
1200000|1|5988|1|4|0|0|240000|3|23999|254325
1200000|1|5988|1|4|1|2|240000|3|23999|239427
1200000|1|5988|1|4|0|0|240000|4|32002|256431
1200000|1|5988|1|4|1|2|240000|4|32002|240675
1200000|1|5988|1|5|0|0|240000|0|0|249315
1200000|1|5988|1|5|1|2|240000|0|0|253818
1200000|1|5988|1|5|0|0|240000|1|7996|250503
1200000|1|5988|1|5|1|2|240000|1|7996|256626
1200000|1|5988|1|5|0|0|240000|2|15997|251595
1200000|1|5988|1|5|1|2|240000|2|15997|259590
1200000|1|5988|1|5|0|0|240000|3|23999|253155
1200000|1|5988|1|5|1|2|240000|3|23999|262164
1200000|1|5988|1|5|0|0|240000|4|32003|255105
1200000|1|5988|1|5|1|2|240000|4|32003|264933
1200000|1|5989|1|1|0|0|240000|0|0|211992
1200000|1|5989|1|1|1|2|240000|0|0|217665
1200000|1|5989|1|1|0|0|240000|1|7994|213102
1200000|1|5989|1|1|1|2|240000|1|7994|222189
1200000|1|5989|1|1|0|0|240000|2|15993|214623
1200000|1|5989|1|1|1|2|240000|2|15993|227532
1200000|1|5989|1|1|0|0|240000|3|23995|217041
1200000|1|5989|1|1|1|2|240000|3|23995|231939
1200000|1|5989|1|1|0|0|240000|4|32000|219888
1200000|1|5989|1|1|1|2|240000|4|32000|236424
1200000|1|5989|1|2|0|0|240000|0|0|252747
1200000|1|5989|1|2|1|2|240000|0|0|255417
1200000|1|5989|1|2|0|0|240000|1|7996|255807
1200000|1|5989|1|2|1|2|240000|1|7996|260604
1200000|1|5989|1|2|0|0|240000|2|15996|258381
1200000|1|5989|1|2|1|2|240000|2|15996|265206
1200000|1|5989|1|2|0|0|240000|3|23999|261189
1200000|1|5989|1|2|1|2|240000|3|23999|270042
1200000|1|5989|1|2|0|0|240000|4|32003|264348
1200000|1|5989|1|2|1|2|240000|4|32003|273942
1200000|1|5989|1|3|0|0|240000|0|0|211680
1200000|1|5989|1|3|1|2|240000|0|0|217743
1200000|1|5989|1|3|0|0|240000|1|7996|213297
1200000|1|5989|1|3|1|2|240000|1|7996|222462
1200000|1|5989|1|3|0|0|240000|2|15997|215676
1200000|1|5989|1|3|1|2|240000|2|15997|227415
1200000|1|5989|1|3|0|0|240000|3|24000|218055
1200000|1|5989|1|3|1|2|240000|3|24000|231744
1200000|1|5989|1|3|0|0|240000|4|32005|220824
1200000|1|5989|1|3|1|2|240000|4|32005|235878
1200000|1|5989|1|4|0|0|240000|0|0|262419
1200000|1|5989|1|4|1|2|240000|0|0|262632
1200000|1|5989|1|4|0|0|240000|1|7997|266493
1200000|1|5989|1|4|1|2|240000|1|7997|264816
1200000|1|5989|1|4|0|0|240000|2|16000|270471
1200000|1|5989|1|4|1|2|240000|2|16000|267975
1200000|1|5989|1|4|0|0|240000|3|24005|274488
1200000|1|5989|1|4|1|2|240000|3|24005|271485
1200000|1|5989|1|4|0|0|240000|4|32011|278583
1200000|1|5989|1|4|1|2|240000|4|32011|275268
1200000|1|5989|1|5|0|0|240000|0|0|254424
1200000|1|5989|1|5|1|2|240000|0|0|252024
1200000|1|5989|1|5|0|0|240000|1|8003|259473
1200000|1|5989|1|5|1|2|240000|1|8003|255378
1200000|1|5989|1|5|0|0|240000|2|16008|264270
1200000|1|5989|1|5|1|2|240000|2|16008|259239
1200000|1|5989|1|5|0|0|240000|3|24016|269574
1200000|1|5989|1|5|1|2|240000|3|24016|263724
1200000|1|5989|1|5|0|0|240000|4|32024|275229
1200000|1|5989|1|5|1|2|240000|4|32024|268131
1200000|1|5990|1|1|0|0|240000|0|0|253722
1200000|1|5990|1|1|1|2|240000|0|0|237516
1200000|1|5990|1|1|0|0|240000|1|7996|256782
1200000|1|5990|1|1|1|2|240000|1|7996|239115
1200000|1|5990|1|1|0|0|240000|2|15999|260058
1200000|1|5990|1|1|1|2|240000|2|15999|242235
1200000|1|5990|1|1|0|0|240000|3|24004|262983
1200000|1|5990|1|1|1|2|240000|3|24004|246291
1200000|1|5990|1|1|0|0|240000|4|32012|265986
1200000|1|5990|1|1|1|2|240000|4|32012|250971
1200000|1|5990|1|2|0|0|240000|0|0|249042
1200000|1|5990|1|2|1|2|240000|0|0|233343
1200000|1|5990|1|2|0|0|240000|1|7995|251439
1200000|1|5990|1|2|1|2|240000|1|7995|235527
1200000|1|5990|1|2|0|0|240000|2|15999|254364
1200000|1|5990|1|2|1|2|240000|2|15999|239076
1200000|1|5990|1|2|0|0|240000|3|24005|257172
1200000|1|5990|1|2|1|2|240000|3|24005|243795
1200000|1|5990|1|2|0|0|240000|4|32012|259200
1200000|1|5990|1|2|1|2|240000|4|32012|248553
1200000|1|5990|1|3|0|0|240000|0|0|247287
1200000|1|5990|1|3|1|2|240000|0|0|232251
1200000|1|5990|1|3|0|0|240000|1|7995|249528
1200000|1|5990|1|3|1|2|240000|1|7995|233733
1200000|1|5990|1|3|0|0|240000|2|15998|251946
1200000|1|5990|1|3|1|2|240000|2|15998|237243
1200000|1|5990|1|3|0|0|240000|3|24004|254637
1200000|1|5990|1|3|1|2|240000|3|24004|241455
1200000|1|5990|1|3|0|0|240000|4|32011|256977
1200000|1|5990|1|3|1|2|240000|4|32011|247227
1200000|1|5990|1|4|0|0|240000|0|0|246234
1200000|1|5990|1|4|1|2|240000|0|0|231198
1200000|1|5990|1|4|0|0|240000|1|7995|248358
1200000|1|5990|1|4|1|2|240000|1|7995|232875
1200000|1|5990|1|4|0|0|240000|2|15998|250542
1200000|1|5990|1|4|1|2|240000|2|15998|236346
1200000|1|5990|1|4|0|0|240000|3|24004|252570
1200000|1|5990|1|4|1|2|240000|3|24004|240519
1200000|1|5990|1|4|0|0|240000|4|32012|254325
1200000|1|5990|1|4|1|2|240000|4|32012|244731
1200000|1|5990|1|5|0|0|240000|0|0|237576
1200000|1|5990|1|5|1|2|240000|0|0|232953
1200000|1|5990|1|5|0|0|240000|1|7998|238101
1200000|1|5990|1|5|1|2|240000|1|7998|237516
1200000|1|5990|1|5|0|0|240000|2|16002|240285
1200000|1|5990|1|5|1|2|240000|2|16002|242313
1200000|1|5990|1|5|0|0|240000|3|24008|242469
1200000|1|5990|1|5|1|2|240000|3|24008|247968
1200000|1|5990|1|5|0|0|240000|4|32016|245004
1200000|1|5990|1|5|1|2|240000|4|32016|254208
1200000|1|5991|1|1|0|0|240000|0|0|210744
1200000|1|5991|1|1|1|2|240000|0|0|215910
1200000|1|5991|1|1|0|0|240000|1|7975|213843
1200000|1|5991|1|1|1|2|240000|1|7975|223476
1200000|1|5991|1|1|0|0|240000|2|15965|217821
1200000|1|5991|1|1|1|2|240000|2|15965|231159
1200000|1|5991|1|1|0|0|240000|3|23964|221565
1200000|1|5991|1|1|1|2|240000|3|23964|238920
1200000|1|5991|1|1|0|0|240000|4|31968|225738
1200000|1|5991|1|1|1|2|240000|4|31968|247071
1200000|1|5991|1|2|0|0|240000|0|0|244596
1200000|1|5991|1|2|1|2|240000|0|0|233421
1200000|1|5991|1|2|0|0|240000|1|7997|249762
1200000|1|5991|1|2|1|2|240000|1|7997|236697
1200000|1|5991|1|2|0|0|240000|2|16002|255456
1200000|1|5991|1|2|1|2|240000|2|16002|241377
1200000|1|5991|1|2|0|0|240000|3|24010|261150
1200000|1|5991|1|2|1|2|240000|3|24010|247110
1200000|1|5991|1|2|0|0|240000|4|32020|266493
1200000|1|5991|1|2|1|2|240000|4|32020|253428
1200000|1|5991|1|3|0|0|240000|0|0|260820
1200000|1|5991|1|3|1|2|240000|0|0|245901
1200000|1|5991|1|3|0|0|240000|1|7999|266064
1200000|1|5991|1|3|1|2|240000|1|7999|248709
1200000|1|5991|1|3|0|0|240000|2|16005|271446
1200000|1|5991|1|3|1|2|240000|2|16005|253311
1200000|1|5991|1|3|0|0|240000|3|24013|276672
1200000|1|5991|1|3|1|2|240000|3|24013|259551
1200000|1|5991|1|3|0|0|240000|4|32024|281937
1200000|1|5991|1|3|1|2|240000|4|32024|266376
1200000|1|5991|1|4|0|0|240000|0|0|222015
1200000|1|5991|1|4|1|2|240000|0|0|223281
1200000|1|5991|1|4|0|0|240000|1|7982|225972
1200000|1|5991|1|4|1|2|240000|1|7982|230067
1200000|1|5991|1|4|0|0|240000|2|15977|230262
1200000|1|5991|1|4|1|2|240000|2|15977|237750
1200000|1|5991|1|4|0|0|240000|3|23980|235605
1200000|1|5991|1|4|1|2|240000|3|23980|245277
1200000|1|5991|1|4|0|0|240000|4|31986|240987
1200000|1|5991|1|4|1|2|240000|4|31986|252999
1200000|1|5991|1|5|0|0|240000|0|0|252825
1200000|1|5991|1|5|1|2|240000|0|0|246681
1200000|1|5991|1|5|0|0|240000|1|8003|257094
1200000|1|5991|1|5|1|2|240000|1|8003|254832
1200000|1|5991|1|5|0|0|240000|2|16012|262086
1200000|1|5991|1|5|1|2|240000|2|16012|263334
1200000|1|5991|1|5|0|0|240000|3|24023|266688
1200000|1|5991|1|5|1|2|240000|3|24023|270783
1200000|1|5991|1|5|0|0|240000|4|32034|271641
1200000|1|5991|1|5|1|2|240000|4|32034|278232
1200000|1|5992|1|1|0|0|240000|0|0|216828
1200000|1|5992|1|1|1|2|240000|0|0|201519
1200000|1|5992|1|1|0|0|240000|1|7981|220629
1200000|1|5992|1|1|1|2|240000|1|7981|200037
1200000|1|5992|1|1|0|0|240000|2|15975|223788
1200000|1|5992|1|1|1|2|240000|2|15975|201909
1200000|1|5992|1|1|0|0|240000|3|23976|227220
1200000|1|5992|1|1|1|2|240000|3|23976|205614
1200000|1|5992|1|1|0|0|240000|4|31981|231393
1200000|1|5992|1|1|1|2|240000|4|31981|210294
1200000|1|5992|1|2|0|0|240000|0|0|218583
1200000|1|5992|1|2|1|2|240000|0|0|221643
1200000|1|5992|1|2|0|0|240000|1|7977|221292
1200000|1|5992|1|2|1|2|240000|1|7977|227688
1200000|1|5992|1|2|0|0|240000|2|15968|223749
1200000|1|5992|1|2|1|2|240000|2|15968|234630
1200000|1|5992|1|2|0|0|240000|3|23968|226830
1200000|1|5992|1|2|1|2|240000|3|23968|241026
1200000|1|5992|1|2|0|0|240000|4|31971|230145
1200000|1|5992|1|2|1|2|240000|4|31971|246330
1200000|1|5992|1|3|0|0|240000|0|0|219441
1200000|1|5992|1|3|1|2|240000|0|0|219849
1200000|1|5992|1|3|0|0|240000|1|7976|222540
1200000|1|5992|1|3|1|2|240000|1|7976|224490
1200000|1|5992|1|3|0|0|240000|2|15966|225582
1200000|1|5992|1|3|1|2|240000|2|15966|229872
1200000|1|5992|1|3|0|0|240000|3|23965|228117
1200000|1|5992|1|3|1|2|240000|3|23965|234864
1200000|1|5992|1|3|0|0|240000|4|31967|231237
1200000|1|5992|1|3|1|2|240000|4|31967|239622
1200000|1|5992|1|4|0|0|240000|0|0|219909
1200000|1|5992|1|4|1|2|240000|0|0|221334
1200000|1|5992|1|4|0|0|240000|1|7977|222384
1200000|1|5992|1|4|1|2|240000|1|7977|225504
1200000|1|5992|1|4|0|0|240000|2|15966|224958
1200000|1|5992|1|4|1|2|240000|2|15966|230886
1200000|1|5992|1|4|0|0|240000|3|23965|227961
1200000|1|5992|1|4|1|2|240000|3|23965|236697
1200000|1|5992|1|4|0|0|240000|4|31970|231237
1200000|1|5992|1|4|1|2|240000|4|31970|241338
1200000|1|5992|1|5|0|0|240000|0|0|215463
1200000|1|5992|1|5|1|2|240000|0|0|218679
1200000|1|5992|1|5|0|0|240000|1|7978|218367
1200000|1|5992|1|5|1|2|240000|1|7978|223866
1200000|1|5992|1|5|0|0|240000|2|15969|221370
1200000|1|5992|1|5|1|2|240000|2|15969|229911
1200000|1|5992|1|5|0|0|240000|3|23970|224802
1200000|1|5992|1|5|1|2|240000|3|23970|235722
1200000|1|5992|1|5|0|0|240000|4|31976|228663
1200000|1|5992|1|5|1|2|240000|4|31976|241611
1200000|1|5993|1|1|0|0|240000|0|0|246585
1200000|1|5993|1|1|1|2|240000|0|0|249294
1200000|1|5993|1|1|0|0|240000|1|7979|249762
1200000|1|5993|1|1|1|2|240000|1|7979|255729
1200000|1|5993|1|1|0|0|240000|2|15973|253272
1200000|1|5993|1|1|1|2|240000|2|15973|262944
1200000|1|5993|1|1|0|0|240000|3|23976|257406
1200000|1|5993|1|1|1|2|240000|3|23976|269925
1200000|1|5993|1|1|0|0|240000|4|31984|261852
1200000|1|5993|1|1|1|2|240000|4|31984|277101
1200000|1|5993|1|2|0|0|240000|0|0|215580
1200000|1|5993|1|2|1|2|240000|0|0|221643
1200000|1|5993|1|2|0|0|240000|1|7981|217899
1200000|1|5993|1|2|1|2|240000|1|7981|229950
1200000|1|5993|1|2|0|0|240000|2|15978|220824
1200000|1|5993|1|2|1|2|240000|2|15978|239271
1200000|1|5993|1|2|0|0|240000|3|23983|224529
1200000|1|5993|1|2|1|2|240000|3|23983|247968
1200000|1|5993|1|2|0|0|240000|4|31993|228312
1200000|1|5993|1|2|1|2|240000|4|31993|256665
1200000|1|5993|1|3|0|0|240000|0|0|257856
1200000|1|5993|1|3|1|2|240000|0|0|253389
1200000|1|5993|1|3|0|0|240000|1|8004|262086
1200000|1|5993|1|3|1|2|240000|1|8004|258810
1200000|1|5993|1|3|0|0|240000|2|16014|267468
1200000|1|5993|1|3|1|2|240000|2|16014|267390
1200000|1|5993|1|3|0|0|240000|3|24029|271407
1200000|1|5993|1|3|1|2|240000|3|24029|276711
1200000|1|5993|1|3|0|0|240000|4|32046|275736
1200000|1|5993|1|3|1|2|240000|4|32046|286305
1200000|1|5993|1|4|0|0|240000|0|0|248925
1200000|1|5993|1|4|1|2|240000|0|0|249879
1200000|1|5993|1|4|0|0|240000|1|7984|253194
1200000|1|5993|1|4|1|2|240000|1|7984|257328
1200000|1|5993|1|4|0|0|240000|2|15981|257328
1200000|1|5993|1|4|1|2|240000|2|15981|265440
1200000|1|5993|1|4|0|0|240000|3|23986|262047
1200000|1|5993|1|4|1|2|240000|3|23986|273786
1200000|1|5993|1|4|0|0|240000|4|31994|266883
1200000|1|5993|1|4|1|2|240000|4|31994|281625
1200000|1|5993|1|5|0|0|240000|0|0|258831
1200000|1|5993|1|5|1|2|240000|0|0|246954
1200000|1|5993|1|5|0|0|240000|1|8001|263568
1200000|1|5993|1|5|1|2|240000|1|8001|252999
1200000|1|5993|1|5|0|0|240000|2|16010|268170
1200000|1|5993|1|5|1|2|240000|2|16010|260331
1200000|1|5993|1|5|0|0|240000|3|24023|272265
1200000|1|5993|1|5|1|2|240000|3|24023|267819
1200000|1|5993|1|5|0|0|240000|4|32036|277179
1200000|1|5993|1|5|1|2|240000|4|32036|276984
1200000|1|5994|1|1|0|0|240000|0|0|247482
1200000|1|5994|1|1|1|2|240000|0|0|245979
1200000|1|5994|1|1|0|0|240000|1|7981|252024
1200000|1|5994|1|1|1|2|240000|1|7981|252063
1200000|1|5994|1|1|0|0|240000|2|15977|256119
1200000|1|5994|1|1|1|2|240000|2|15977|259590
1200000|1|5994|1|1|0|0|240000|3|23981|259941
1200000|1|5994|1|1|1|2|240000|3|23981|268092
1200000|1|5994|1|1|0|0|240000|4|31990|263919
1200000|1|5994|1|1|1|2|240000|4|31990|276126
1200000|1|5994|1|2|0|0|240000|0|0|247560
1200000|1|5994|1|2|1|2|240000|0|0|235101
1200000|1|5994|1|2|0|0|240000|1|7998|250932
1200000|1|5994|1|2|1|2|240000|1|7998|237906
1200000|1|5994|1|2|0|0|240000|2|16005|253935
1200000|1|5994|1|2|1|2|240000|2|16005|242196
1200000|1|5994|1|2|0|0|240000|3|24015|256509
1200000|1|5994|1|2|1|2|240000|3|24015|247344
1200000|1|5994|1|2|0|0|240000|4|32027|259863
1200000|1|5994|1|2|1|2|240000|4|32027|253038
1200000|1|5994|1|3|0|0|240000|0|1|244050
1200000|1|5994|1|3|1|2|240000|0|1|230613
1200000|1|5994|1|3|0|0|240000|1|8000|246057
1200000|1|5994|1|3|1|2|240000|1|8000|231042
1200000|1|5994|1|3|0|0|240000|2|16006|247929
1200000|1|5994|1|3|1|2|240000|2|16006|233226
1200000|1|5994|1|3|0|0|240000|3|24015|249177
1200000|1|5994|1|3|1|2|240000|3|24015|236658
1200000|1|5994|1|3|0|0|240000|4|32026|251244
1200000|1|5994|1|3|1|2|240000|4|32026|241806
1200000|1|5994|1|4|0|0|240000|0|0|245025
1200000|1|5994|1|4|1|2|240000|0|0|232017
1200000|1|5994|1|4|0|0|240000|1|7998|246603
1200000|1|5994|1|4|1|2|240000|1|7998|231705
1200000|1|5994|1|4|0|0|240000|2|16004|248553
1200000|1|5994|1|4|1|2|240000|2|16004|233460
1200000|1|5994|1|4|0|0|240000|3|24012|250035
1200000|1|5994|1|4|1|2|240000|3|24012|236034
1200000|1|5994|1|4|0|0|240000|4|32022|251322
1200000|1|5994|1|4|1|2|240000|4|32022|240168
1200000|1|5994|1|5|0|0|240000|0|0|205167
1200000|1|5994|1|5|1|2|240000|0|0|203937
1200000|1|5994|1|5|0|0|240000|1|7982|206667
1200000|1|5994|1|5|1|2|240000|1|7982|206277
1200000|1|5994|1|5|0|0|240000|2|15976|208812
1200000|1|5994|1|5|1|2|240000|2|15976|210138
1200000|1|5994|1|5|0|0|240000|3|23977|210216
1200000|1|5994|1|5|1|2|240000|3|23977|214116
1200000|1|5994|1|5|0|0|240000|4|31982|211425
1200000|1|5994|1|5|1|2|240000|4|31982|217977
1200000|1|5995|1|1|0|0|240000|0|0|251499
1200000|1|5995|1|1|1|2|240000|0|0|248787
1200000|1|5995|1|1|0|0|240000|1|8003|255183
1200000|1|5995|1|1|1|2|240000|1|8003|250932
1200000|1|5995|1|1|0|0|240000|2|16009|257406
1200000|1|5995|1|1|1|2|240000|2|16009|254871
1200000|1|5995|1|1|0|0|240000|3|24019|258927
1200000|1|5995|1|1|1|2|240000|3|24019|258264
1200000|1|5995|1|1|0|0|240000|4|32028|260370
1200000|1|5995|1|1|1|2|240000|4|32028|261540
1200000|1|5995|1|2|0|0|240000|0|0|240540
1200000|1|5995|1|2|1|2|240000|0|0|223008
1200000|1|5995|1|2|0|0|240000|1|7993|243327
1200000|1|5995|1|2|1|2|240000|1|7993|220200
1200000|1|5995|1|2|0|0|240000|2|15994|246447
1200000|1|5995|1|2|1|2|240000|2|15994|219888
1200000|1|5995|1|2|0|0|240000|3|23998|249411
1200000|1|5995|1|2|1|2|240000|3|23998|221331
1200000|1|5995|1|2|0|0|240000|4|32004|252765
1200000|1|5995|1|2|1|2|240000|4|32004|222969
1200000|1|5995|1|3|0|0|240000|0|0|213942
1200000|1|5995|1|3|1|2|240000|0|0|210294
1200000|1|5995|1|3|0|0|240000|1|7980|217782
1200000|1|5995|1|3|1|2|240000|1|7980|211815
1200000|1|5995|1|3|0|0|240000|2|15972|222072
1200000|1|5995|1|3|1|2|240000|2|15972|214623
1200000|1|5995|1|3|0|0|240000|3|23971|226557
1200000|1|5995|1|3|1|2|240000|3|23971|218289
1200000|1|5995|1|3|0|0|240000|4|31975|230847
1200000|1|5995|1|3|1|2|240000|4|31975|222423
1200000|1|5995|1|4|0|0|240000|0|0|258090
1200000|1|5995|1|4|1|2|240000|0|0|245121
1200000|1|5995|1|4|0|0|240000|1|7997|262710
1200000|1|5995|1|4|1|2|240000|1|7997|247773
1200000|1|5995|1|4|0|0|240000|2|16002|267624
1200000|1|5995|1|4|1|2|240000|2|16002|251478
1200000|1|5995|1|4|0|0|240000|3|24011|272655
1200000|1|5995|1|4|1|2|240000|3|24011|256119
1200000|1|5995|1|4|0|0|240000|4|32021|277881
1200000|1|5995|1|4|1|2|240000|4|32021|261228
1200000|1|5995|1|5|0|0|240000|0|1|252006
1200000|1|5995|1|5|1|2|240000|0|1|237948
1200000|1|5995|1|5|0|0|240000|1|7997|256392
1200000|1|5995|1|5|1|2|240000|1|7997|237828
1200000|1|5995|1|5|0|0|240000|2|16000|260604
1200000|1|5995|1|5|1|2|240000|2|16000|239661
1200000|1|5995|1|5|0|0|240000|3|24006|264426
1200000|1|5995|1|5|1|2|240000|3|24006|242586
1200000|1|5995|1|5|0|0|240000|4|32014|267858
1200000|1|5995|1|5|1|2|240000|4|32014|246369
1200000|1|5996|1|1|0|0|240000|0|0|241788
1200000|1|5996|1|1|1|2|240000|0|0|232329
1200000|1|5996|1|1|0|0|240000|1|7997|244770
1200000|1|5996|1|1|1|2|240000|1|7997|233928
1200000|1|5996|1|1|0|0|240000|2|16001|248514
1200000|1|5996|1|1|1|2|240000|2|16001|237906
1200000|1|5996|1|1|0|0|240000|3|24008|251907
1200000|1|5996|1|1|1|2|240000|3|24008|242196
1200000|1|5996|1|1|0|0|240000|4|32016|255105
1200000|1|5996|1|1|1|2|240000|4|32016|247149
1200000|1|5996|1|2|0|0|240000|0|0|247833
1200000|1|5996|1|2|1|2|240000|0|0|237243
1200000|1|5996|1|2|0|0|240000|1|7997|249879
1200000|1|5996|1|2|1|2|240000|1|7997|239427
1200000|1|5996|1|2|0|0|240000|2|16001|252180
1200000|1|5996|1|2|1|2|240000|2|16001|243171
1200000|1|5996|1|2|0|0|240000|3|24008|254559
1200000|1|5996|1|2|1|2|240000|3|24008|247656
1200000|1|5996|1|2|0|0|240000|4|32016|256782
1200000|1|5996|1|2|1|2|240000|4|32016|252765
1200000|1|5996|1|3|0|0|240000|0|0|243231
1200000|1|5996|1|3|1|2|240000|0|0|234435
1200000|1|5996|1|3|0|0|240000|1|7996|244497
1200000|1|5996|1|3|1|2|240000|1|7996|236229
1200000|1|5996|1|3|0|0|240000|2|16001|245940
1200000|1|5996|1|3|1|2|240000|2|16001|239505
1200000|1|5996|1|3|0|0|240000|3|24007|247929
1200000|1|5996|1|3|1|2|240000|3|24007|243717
1200000|1|5996|1|3|0|0|240000|4|32015|250152
1200000|1|5996|1|3|1|2|240000|4|32015|248865
1200000|1|5996|1|4|0|0|240000|0|0|239877
1200000|1|5996|1|4|1|2|240000|0|0|217821
1200000|1|5996|1|4|0|0|240000|1|7977|239778
1200000|1|5996|1|4|1|2|240000|1|7977|215754
1200000|1|5996|1|4|0|0|240000|2|15968|241143
1200000|1|5996|1|4|1|2|240000|2|15968|217977
1200000|1|5996|1|4|0|0|240000|3|23966|242274
1200000|1|5996|1|4|1|2|240000|3|23966|222423
1200000|1|5996|1|4|0|0|240000|4|31970|243561
1200000|1|5996|1|4|1|2|240000|4|31970|228000
1200000|1|5996|1|5|0|0|240000|0|0|241281
1200000|1|5996|1|5|1|2|240000|0|0|242196
1200000|1|5996|1|5|0|0|240000|1|7996|243015
1200000|1|5996|1|5|1|2|240000|1|7996|247578
1200000|1|5996|1|5|0|0|240000|2|16001|245121
1200000|1|5996|1|5|1|2|240000|2|16001|255378
1200000|1|5996|1|5|0|0|240000|3|24011|245901
1200000|1|5996|1|5|1|2|240000|3|24011|262866
1200000|1|5996|1|5|0|0|240000|4|32022|246291
1200000|1|5996|1|5|1|2|240000|4|32022|270315
1200000|1|5997|1|1|0|0|240000|0|0|241671
1200000|1|5997|1|1|1|2|240000|0|0|243561
1200000|1|5997|1|1|0|0|240000|1|7997|241572
1200000|1|5997|1|1|1|2|240000|1|7997|250035
1200000|1|5997|1|1|0|0|240000|2|16006|242079
1200000|1|5997|1|1|1|2|240000|2|16006|256197
1200000|1|5997|1|1|0|0|240000|3|24015|242742
1200000|1|5997|1|1|1|2|240000|3|24015|263334
1200000|1|5997|1|1|0|0|240000|4|32026|243015
1200000|1|5997|1|1|1|2|240000|4|32026|270432
1200000|1|5997|1|2|0|0|240000|0|0|202671
1200000|1|5997|1|2|1|2|240000|0|0|209592
1200000|1|5997|1|2|0|0|240000|1|7978|203430
1200000|1|5997|1|2|1|2|240000|1|7978|215637
1200000|1|5997|1|2|0|0|240000|2|15970|204600
1200000|1|5997|1|2|1|2|240000|2|15970|222813
1200000|1|5997|1|2|0|0|240000|3|23970|206043
1200000|1|5997|1|2|1|2|240000|3|23970|229989
1200000|1|5997|1|2|0|0|240000|4|31975|207408
1200000|1|5997|1|2|1|2|240000|4|31975|237360
1200000|1|5997|1|3|0|0|240000|0|0|240969
1200000|1|5997|1|3|1|2|240000|0|0|234981
1200000|1|5997|1|3|0|0|240000|1|7997|243015
1200000|1|5997|1|3|1|2|240000|1|7997|237789
1200000|1|5997|1|3|0|0|240000|2|16002|246057
1200000|1|5997|1|3|1|2|240000|2|16002|242157
1200000|1|5997|1|3|0|0|240000|3|24010|248904
1200000|1|5997|1|3|1|2|240000|3|24010|248085
1200000|1|5997|1|3|0|0|240000|4|32021|250932
1200000|1|5997|1|3|1|2|240000|4|32021|253506
1200000|1|5997|1|4|0|0|240000|0|0|240579
1200000|1|5997|1|4|1|2|240000|0|0|243132
1200000|1|5997|1|4|0|0|240000|1|7983|240831
1200000|1|5997|1|4|1|2|240000|1|7983|246954
1200000|1|5997|1|4|0|0|240000|2|15978|241026
1200000|1|5997|1|4|1|2|240000|2|15978|252219
1200000|1|5997|1|4|0|0|240000|3|23980|240792
1200000|1|5997|1|4|1|2|240000|3|23980|258459
1200000|1|5997|1|4|0|0|240000|4|31987|241221
1200000|1|5997|1|4|1|2|240000|4|31987|265089
1200000|1|5997|1|5|0|0|240000|0|0|204192
1200000|1|5997|1|5|1|2|240000|0|0|212400
1200000|1|5997|1|5|0|0|240000|1|7979|205029
1200000|1|5997|1|5|1|2|240000|1|7979|218991
1200000|1|5997|1|5|0|0|240000|2|15972|206784
1200000|1|5997|1|5|1|2|240000|2|15972|226323
1200000|1|5997|1|5|0|0|240000|3|23975|208188
1200000|1|5997|1|5|1|2|240000|3|23975|234279
1200000|1|5997|1|5|0|0|240000|4|31982|210138
1200000|1|5997|1|5|1|2|240000|4|31982|242625
1200000|1|5998|1|1|0|0|240000|0|0|251187
1200000|1|5998|1|1|1|2|240000|0|0|256668
1200000|1|5998|1|1|0|0|240000|1|7982|254091
1200000|1|5998|1|1|1|2|240000|1|7982|264816
1200000|1|5998|1|1|0|0|240000|2|15979|256626
1200000|1|5998|1|1|1|2|240000|2|15979|274020
1200000|1|5998|1|1|0|0|240000|3|23984|258810
1200000|1|5998|1|1|1|2|240000|3|23984|283731
1200000|1|5998|1|1|0|0|240000|4|31994|260175
1200000|1|5998|1|1|1|2|240000|4|31994|292740
1200000|1|5998|1|2|0|0|240000|0|0|210705
1200000|1|5998|1|2|1|2|240000|0|0|218094
1200000|1|5998|1|2|0|0|240000|1|7981|211815
1200000|1|5998|1|2|1|2|240000|1|7981|225933
1200000|1|5998|1|2|0|0|240000|2|15977|213609
1200000|1|5998|1|2|1|2|240000|2|15977|234513
1200000|1|5998|1|2|0|0|240000|3|23981|214935
1200000|1|5998|1|2|1|2|240000|3|23981|242976
1200000|1|5998|1|2|0|0|240000|4|31989|216222
1200000|1|5998|1|2|1|2|240000|4|31989|251751
1200000|1|5998|1|3|0|0|240000|0|0|242919
1200000|1|5998|1|3|1|2|240000|0|0|239349
1200000|1|5998|1|3|0|0|240000|1|7999|245355
1200000|1|5998|1|3|1|2|240000|1|7999|242781
1200000|1|5998|1|3|0|0|240000|2|16007|246408
1200000|1|5998|1|3|1|2|240000|2|16007|249021
1200000|1|5998|1|3|0|0|240000|3|24019|246993
1200000|1|5998|1|3|1|2|240000|3|24019|255300
1200000|1|5998|1|3|0|0|240000|4|32032|248124
1200000|1|5998|1|3|1|2|240000|4|32032|261501
1200000|1|5998|1|4|0|0|240000|0|0|239838
1200000|1|5998|1|4|1|2|240000|0|0|241884
1200000|1|5998|1|4|0|0|240000|1|7997|240168
1200000|1|5998|1|4|1|2|240000|1|7997|245433
1200000|1|5998|1|4|0|0|240000|2|16001|240792
1200000|1|5998|1|4|1|2|240000|2|16001|249294
1200000|1|5998|1|4|0|0|240000|3|24008|242547
1200000|1|5998|1|4|1|2|240000|3|24008|254871
1200000|1|5998|1|4|0|0|240000|4|32018|243249
1200000|1|5998|1|4|1|2|240000|4|32018|260604
1200000|1|5998|1|5|0|0|240000|0|0|207351
1200000|1|5998|1|5|1|2|240000|0|0|205419
1200000|1|5998|1|5|0|0|240000|1|7993|209631
1200000|1|5998|1|5|1|2|240000|1|7993|208773
1200000|1|5998|1|5|0|0|240000|2|15993|212010
1200000|1|5998|1|5|1|2|240000|2|15993|213219
1200000|1|5998|1|5|0|0|240000|3|23997|214584
1200000|1|5998|1|5|1|2|240000|3|23997|217899
1200000|1|5998|1|5|0|0|240000|4|32004|216846
1200000|1|5998|1|5|1|2|240000|4|32004|222696
1200000|1|5999|1|1|0|0|240000|0|0|244674
1200000|1|5999|1|1|1|2|240000|0|0|240090
1200000|1|5999|1|1|0|0|240000|1|7995|247344
1200000|1|5999|1|1|1|2|240000|1|7995|241767
1200000|1|5999|1|1|0|0|240000|2|15999|249957
1200000|1|5999|1|1|1|2|240000|2|15999|244809
1200000|1|5999|1|1|0|0|240000|3|24005|253701
1200000|1|5999|1|1|1|2|240000|3|24005|248826
1200000|1|5999|1|1|0|0|240000|4|32013|256392
1200000|1|5999|1|1|1|2|240000|4|32013|254598
1200000|1|5999|1|2|0|0|240000|0|0|196353
1200000|1|5999|1|2|1|2|240000|0|0|198321
1200000|1|5999|1|2|0|0|240000|1|7981|197853
1200000|1|5999|1|2|1|2|240000|1|7981|202494
1200000|1|5999|1|2|0|0|240000|2|15975|200076
1200000|1|5999|1|2|1|2|240000|2|15975|207759
1200000|1|5999|1|2|0|0|240000|3|23976|202143
1200000|1|5999|1|2|1|2|240000|3|23976|214077
1200000|1|5999|1|2|0|0|240000|4|31981|203976
1200000|1|5999|1|2|1|2|240000|4|31981|220785
1200000|1|5999|1|3|0|0|240000|0|0|209925
1200000|1|5999|1|3|1|2|240000|0|0|213375
1200000|1|5999|1|3|0|0|240000|1|7977|211698
1200000|1|5999|1|3|1|2|240000|1|7977|217977
1200000|1|5999|1|3|0|0|240000|2|15967|213960
1200000|1|5999|1|3|1|2|240000|2|15967|223281
1200000|1|5999|1|3|0|0|240000|3|23966|216378
1200000|1|5999|1|3|1|2|240000|3|23966|228702
1200000|1|5999|1|3|0|0|240000|4|31970|218211
1200000|1|5999|1|3|1|2|240000|4|31970|234630
1200000|1|5999|1|4|0|0|240000|0|0|209847
1200000|1|5999|1|4|1|2|240000|0|0|213024
1200000|1|5999|1|4|0|0|240000|1|7978|210996
1200000|1|5999|1|4|1|2|240000|1|7978|217392
1200000|1|5999|1|4|0|0|240000|2|15969|213141
1200000|1|5999|1|4|1|2|240000|2|15969|222618
1200000|1|5999|1|4|0|0|240000|3|23968|215286
1200000|1|5999|1|4|1|2|240000|3|23968|228390
1200000|1|5999|1|4|0|0|240000|4|31973|216807
1200000|1|5999|1|4|1|2|240000|4|31973|234006
1200000|1|5999|1|5|0|0|240000|0|0|211251
1200000|1|5999|1|5|1|2|240000|0|0|213336
1200000|1|5999|1|5|0|0|240000|1|7977|213609
1200000|1|5999|1|5|1|2|240000|1|7977|217860
1200000|1|5999|1|5|0|0|240000|2|15969|216807
1200000|1|5999|1|5|1|2|240000|2|15969|223164
1200000|1|5999|1|5|0|0|240000|3|23968|219888
1200000|1|5999|1|5|1|2|240000|3|23968|228273
1200000|1|5999|1|5|0|0|240000|4|31973|222501
1200000|1|5999|1|5|1|2|240000|4|31973|233772
1200000|1|6000|1|1|0|0|240000|0|0|214722
1200000|1|6000|1|1|1|2|240000|0|0|216927
1200000|1|6000|1|1|0|0|240000|1|7977|217197
1200000|1|6000|1|1|1|2|240000|1|7977|221721
1200000|1|6000|1|1|0|0|240000|2|15967|219615
1200000|1|6000|1|1|1|2|240000|2|15967|227064
1200000|1|6000|1|1|0|0|240000|3|23966|221760
1200000|1|6000|1|1|1|2|240000|3|23966|232329
1200000|1|6000|1|1|0|0|240000|4|31970|224139
1200000|1|6000|1|1|1|2|240000|4|31970|237594
1200000|1|6000|1|2|0|0|240000|0|0|208482
1200000|1|6000|1|2|1|2|240000|0|0|204054
1200000|1|6000|1|2|0|0|240000|1|7995|211035
1200000|1|6000|1|2|1|2|240000|1|7995|204795
1200000|1|6000|1|2|0|0|240000|2|15998|213921
1200000|1|6000|1|2|1|2|240000|2|15998|207486
1200000|1|6000|1|2|0|0|240000|3|24004|217236
1200000|1|6000|1|2|1|2|240000|3|24004|211191
1200000|1|6000|1|2|0|0|240000|4|32013|219732
1200000|1|6000|1|2|1|2|240000|4|32013|216300
1200000|1|6000|1|3|0|0|240000|0|0|193818
1200000|1|6000|1|3|1|2|240000|0|0|194265
1200000|1|6000|1|3|0|0|240000|1|7981|194850
1200000|1|6000|1|3|1|2|240000|1|7981|197229
1200000|1|6000|1|3|0|0|240000|2|15974|196566
1200000|1|6000|1|3|1|2|240000|2|15974|201285
1200000|1|6000|1|3|0|0|240000|3|23974|198282
1200000|1|6000|1|3|1|2|240000|3|23974|205614
1200000|1|6000|1|3|0|0|240000|4|31979|200895
1200000|1|6000|1|3|1|2|240000|4|31979|209709
1200000|1|6000|1|4|0|0|240000|0|0|210978
1200000|1|6000|1|4|1|2|240000|0|0|216222
1200000|1|6000|1|4|0|0|240000|1|7997|212166
1200000|1|6000|1|4|1|2|240000|1|7997|220317
1200000|1|6000|1|4|0|0|240000|2|16000|214155
1200000|1|6000|1|4|1|2|240000|2|16000|224880
1200000|1|6000|1|4|0|0|240000|3|24006|217158
1200000|1|6000|1|4|1|2|240000|3|24006|230028
1200000|1|6000|1|4|0|0|240000|4|32014|219615
1200000|1|6000|1|4|1|2|240000|4|32014|236453
1200000|1|6000|1|5|0|0|240000|0|0|249774
1200000|1|6000|1|5|1|2|240000|0|0|242110
1200000|1|6000|1|5|0|0|240000|1|8001|252405
1200000|1|6000|1|5|1|2|240000|1|8001|243475
1200000|1|6000|1|5|0|0|240000|2|16005|253615
1200000|1|6000|1|5|1|2|240000|2|16005|245655
1200000|1|6000|1|5|0|0|240000|3|24011|255175
1200000|1|6000|1|5|1|2|240000|3|24011|248114
1200000|1|6000|1|5|0|0|240000|4|32019|257278
1200000|1|6000|1|5|1|2|240000|4|32019|250959
1200000|1|6001|1|1|0|0|240000|0|0|239672
1200000|1|6001|1|1|1|2|240000|0|0|238443
1200000|1|6001|1|1|0|0|240000|1|7993|240158
1200000|1|6001|1|1|1|2|240000|1|7993|239614
1200000|1|6001|1|1|0|0|240000|2|15993|240977
1200000|1|6001|1|1|1|2|240000|2|15993|241522
1200000|1|6001|1|1|0|0|240000|3|23995|242033
1200000|1|6001|1|1|1|2|240000|3|23995|243667
1200000|1|6001|1|1|0|0|240000|4|32000|242771
1200000|1|6001|1|1|1|2|240000|4|32000|246750
1200000|1|6001|1|2|0|0|240000|0|1|201101
1200000|1|6001|1|2|1|2|240000|0|1|202836
1200000|1|6001|1|2|0|0|240000|1|7973|201626
1200000|1|6001|1|2|1|2|240000|1|7973|204162
1200000|1|6001|1|2|0|0|240000|2|15961|202641
1200000|1|6001|1|2|1|2|240000|2|15961|208608
1200000|1|6001|1|2|0|0|240000|3|23958|204081
1200000|1|6001|1|2|1|2|240000|3|23958|212391
1200000|1|6001|1|2|0|0|240000|4|31959|205683
1200000|1|6001|1|2|1|2|240000|4|31959|216173
1200000|1|6001|1|3|0|0|240000|0|0|249228
1200000|1|6001|1|3|1|2|240000|0|0|248194
1200000|1|6001|1|3|0|0|240000|1|8004|251664
1200000|1|6001|1|3|1|2|240000|1|8004|250922
1200000|1|6001|1|3|0|0|240000|2|16011|253769
1200000|1|6001|1|3|1|2|240000|2|16011|252484
1200000|1|6001|1|3|0|0|240000|3|24017|256227
1200000|1|6001|1|3|1|2|240000|3|24017|254862
1200000|1|6001|1|3|0|0|240000|4|32024|258489
1200000|1|6001|1|3|1|2|240000|4|32024|257827
1200000|1|6001|1|4|0|0|240000|0|0|241662
1200000|1|6001|1|4|1|2|240000|0|0|231540
1200000|1|6001|1|4|0|0|240000|1|7994|243708
1200000|1|6001|1|4|1|2|240000|1|7994|230760
1200000|1|6001|1|4|0|0|240000|2|15996|245541
1200000|1|6001|1|4|1|2|240000|2|15996|231032
1200000|1|6001|1|4|0|0|240000|3|24001|247647
1200000|1|6001|1|4|1|2|240000|3|24001|232320
1200000|1|6001|1|4|0|0|240000|4|32007|250104
1200000|1|6001|1|4|1|2|240000|4|32007|234852
1200000|1|6001|1|5|0|0|240000|0|0|245132
1200000|1|6001|1|5|1|2|240000|0|0|236101
1200000|1|6001|1|5|0|0|240000|1|7993|246749
1200000|1|6001|1|5|1|2|240000|1|7993|235359
1200000|1|6001|1|5|0|0|240000|2|15994|248462
1200000|1|6001|1|5|1|2|240000|2|15994|236454
1200000|1|6001|1|5|0|0|240000|3|23998|250689
1200000|1|6001|1|5|1|2|240000|3|23998|238326
1200000|1|6001|1|5|0|0|240000|4|32003|252831
1200000|1|6001|1|5|1|2|240000|4|32003|241016
1200000|1|6002|1|1|0|0|240000|0|0|248916
1200000|1|6002|1|1|1|2|240000|0|0|251703
1200000|1|6002|1|1|0|0|240000|1|7996|251116
1200000|1|6002|1|1|1|2|240000|1|7996|255524
1200000|1|6002|1|1|0|0|240000|2|15997|253536
1200000|1|6002|1|1|1|2|240000|2|15997|259735
1200000|1|6002|1|1|0|0|240000|3|24001|256305
1200000|1|6002|1|1|1|2|240000|3|24001|264261
1200000|1|6002|1|1|0|0|240000|4|32007|258839
1200000|1|6002|1|1|1|2|240000|4|32007|269060
1200000|1|6002|1|2|0|0|240000|0|0|210774
1200000|1|6002|1|2|1|2|240000|0|0|213987
1200000|1|6002|1|2|0|0|240000|1|7977|212390
1200000|1|6002|1|2|1|2|240000|1|7977|218863
1200000|1|6002|1|2|0|0|240000|2|15966|215080
1200000|1|6002|1|2|1|2|240000|2|15966|223230
1200000|1|6002|1|2|0|0|240000|3|23965|217575
1200000|1|6002|1|2|1|2|240000|3|23965|225180
1200000|1|6002|1|2|0|0|240000|4|31969|219720
1200000|1|6002|1|2|1|2|240000|4|31969|228224
1200000|1|6002|1|3|0|0|240000|0|0|247549
1200000|1|6002|1|3|1|2|240000|0|0|243668
1200000|1|6002|1|3|0|0|240000|1|7996|251586
1200000|1|6002|1|3|1|2|240000|1|7996|246123
1200000|1|6002|1|3|0|0|240000|2|16001|255758
1200000|1|6002|1|3|1|2|240000|2|16001|249948
1200000|1|6002|1|3|0|0|240000|3|24008|260010
1200000|1|6002|1|3|1|2|240000|3|24008|255527
1200000|1|6002|1|3|0|0|240000|4|32019|261843
1200000|1|6002|1|3|1|2|240000|4|32019|261219
1200000|1|6002|1|4|0|0|240000|0|0|247316
1200000|1|6002|1|4|1|2|240000|0|0|245424
1200000|1|6002|1|4|0|0|240000|1|7981|249557
1200000|1|6002|1|4|1|2|240000|1|7981|248464
1200000|1|6002|1|4|0|0|240000|2|15974|251937
1200000|1|6002|1|4|1|2|240000|2|15974|252990
1200000|1|6002|1|4|0|0|240000|3|23975|253769
1200000|1|6002|1|4|1|2|240000|3|23975|258371
1200000|1|6002|1|4|0|0|240000|4|31980|255448
1200000|1|6002|1|4|1|2|240000|4|31980|264065
1200000|1|6002|1|5|0|0|240000|0|0|203247
1200000|1|6002|1|5|1|2|240000|0|0|207281
1200000|1|6002|1|5|0|0|240000|1|7981|204709
1200000|1|6002|1|5|1|2|240000|1|7981|212351
1200000|1|6002|1|5|0|0|240000|2|15973|206425
1200000|1|6002|1|5|1|2|240000|2|15973|218241
1200000|1|6002|1|5|0|0|240000|3|23973|208412
1200000|1|6002|1|5|1|2|240000|3|23973|224558
1200000|1|6002|1|5|0|0|240000|4|31977|209779
1200000|1|6002|1|5|1|2|240000|4|31977|231266
1200000|1|6003|1|1|0|0|240000|0|0|208005
1200000|1|6003|1|1|1|2|240000|0|0|212157
1200000|1|6003|1|1|0|0|240000|1|7977|208920
1200000|1|6003|1|1|1|2|240000|1|7977|217306
1200000|1|6003|1|1|0|0|240000|2|15967|210281
1200000|1|6003|1|1|1|2|240000|2|15967|223428
1200000|1|6003|1|1|0|0|240000|3|23966|212118
1200000|1|6003|1|1|1|2|240000|3|23966|229783
1200000|1|6003|1|1|0|0|240000|4|31970|213404
1200000|1|6003|1|1|1|2|240000|4|31970|236337
1200000|1|6003|1|2|0|0|240000|0|0|243689
1200000|1|6003|1|2|1|2|240000|0|0|240702
1200000|1|6003|1|2|0|0|240000|1|7996|246008
1200000|1|6003|1|2|1|2|240000|1|7996|242890
1200000|1|6003|1|2|0|0|240000|2|16001|247646
1200000|1|6003|1|2|1|2|240000|2|16001|247881
1200000|1|6003|1|2|0|0|240000|3|24011|248698
1200000|1|6003|1|2|1|2|240000|3|24011|252326
1200000|1|6003|1|2|0|0|240000|4|32022|249323
1200000|1|6003|1|2|1|2|240000|4|32022|256850
1200000|1|6003|1|3|0|0|240000|0|0|244353
1200000|1|6003|1|3|1|2|240000|0|0|242500
1200000|1|6003|1|3|0|0|240000|1|7982|246127
1200000|1|6003|1|3|1|2|240000|1|7982|245542
1200000|1|6003|1|3|0|0|240000|2|15976|248311
1200000|1|6003|1|3|1|2|240000|2|15976|249481
1200000|1|6003|1|3|0|0|240000|3|23977|249908
1200000|1|6003|1|3|1|2|240000|3|23977|254434
1200000|1|6003|1|3|0|0|240000|4|31983|250646
1200000|1|6003|1|3|1|2|240000|4|31983|259190
1200000|1|6003|1|4|0|0|240000|0|1|205157
1200000|1|6003|1|4|1|2|240000|0|1|208566
1200000|1|6003|1|4|0|0|240000|1|7977|205644
1200000|1|6003|1|4|1|2|240000|1|7977|212508
1200000|1|6003|1|4|0|0|240000|2|15966|206929
1200000|1|6003|1|4|1|2|240000|2|15966|217188
1200000|1|6003|1|4|0|0|240000|3|23964|207556
1200000|1|6003|1|4|1|2|240000|3|23964|222373
1200000|1|6003|1|4|0|0|240000|4|31967|208372
1200000|1|6003|1|4|1|2|240000|4|31967|227249
1200000|1|6003|1|5|0|0|240000|0|0|240765
1200000|1|6003|1|5|1|2|240000|0|0|235478
1200000|1|6003|1|5|0|0|240000|1|7995|242849
1200000|1|6003|1|5|1|2|240000|1|7995|236104
1200000|1|6003|1|5|0|0|240000|2|15997|245112
1200000|1|6003|1|5|1|2|240000|2|15997|238637
1200000|1|6003|1|5|0|0|240000|3|24004|247881
1200000|1|6003|1|5|1|2|240000|3|24004|242070
1200000|1|6003|1|5|0|0|240000|4|32012|248855
1200000|1|6003|1|5|1|2|240000|4|32012|247529
1200000|1|6004|1|1|0|0|240000|0|0|237488
1200000|1|6004|1|1|1|2|240000|0|0|234660
1200000|1|6004|1|1|0|0|240000|1|7980|239768
1200000|1|6004|1|1|1|2|240000|1|7980|236804
1200000|1|6004|1|1|0|0|240000|2|15973|241638
1200000|1|6004|1|1|1|2|240000|2|15973|240278
1200000|1|6004|1|1|0|0|240000|3|23973|243238
1200000|1|6004|1|1|1|2|240000|3|23973|244488
1200000|1|6004|1|1|0|0|240000|4|31977|244877
1200000|1|6004|1|1|1|2|240000|4|31977|248660
1200000|1|6004|1|2|0|0|240000|0|0|238854
1200000|1|6004|1|2|1|2|240000|0|0|233919
1200000|1|6004|1|2|0|0|240000|1|7994|240587
1200000|1|6004|1|2|1|2|240000|1|7994|234309
1200000|1|6004|1|2|0|0|240000|2|15996|241602
1200000|1|6004|1|2|1|2|240000|2|15996|236416
1200000|1|6004|1|2|0|0|240000|3|24002|243276
1200000|1|6004|1|2|1|2|240000|3|24002|239458
1200000|1|6004|1|2|0|0|240000|4|32009|244254
1200000|1|6004|1|2|1|2|240000|4|32009|243591
1200000|1|6004|1|3|0|0|240000|0|1|245132
1200000|1|6004|1|3|1|2|240000|0|1|239067
1200000|1|6004|1|3|0|0|240000|1|7994|248151
1200000|1|6004|1|3|1|2|240000|1|7994|238364
1200000|1|6004|1|3|0|0|240000|2|15996|249793
1200000|1|6004|1|3|1|2|240000|2|15996|239614
1200000|1|6004|1|3|0|0|240000|3|24001|251157
1200000|1|6004|1|3|1|2|240000|3|24001|242422
1200000|1|6004|1|3|0|0|240000|4|32009|250688
1200000|1|6004|1|3|1|2|240000|4|32009|245034
1200000|1|6004|1|4|0|0|240000|0|0|244977
1200000|1|6004|1|4|1|2|240000|0|0|237781
1200000|1|6004|1|4|0|0|240000|1|7992|246943
1200000|1|6004|1|4|1|2|240000|1|7992|236337
1200000|1|6004|1|4|0|0|240000|2|15992|247683
1200000|1|6004|1|4|1|2|240000|2|15992|236650
1200000|1|6004|1|4|0|0|240000|3|23995|248698
1200000|1|6004|1|4|1|2|240000|3|23995|237429
1200000|1|6004|1|4|0|0|240000|4|31999|250376
1200000|1|6004|1|4|1|2|240000|4|31999|239651
1200000|1|6004|1|5|0|0|240000|0|0|201297
1200000|1|6004|1|5|1|2|240000|0|0|198466
1200000|1|6004|1|5|0|0|240000|1|7975|200964
1200000|1|6004|1|5|1|2|240000|1|7975|198624
1200000|1|6004|1|5|0|0|240000|2|15963|202016
1200000|1|6004|1|5|1|2|240000|2|15963|202056
1200000|1|6004|1|5|0|0|240000|3|23959|203460
1200000|1|6004|1|5|1|2|240000|3|23959|205019
1200000|1|6004|1|5|0|0|240000|4|31960|204707
1200000|1|6004|1|5|1|2|240000|4|31960|208332
1200000|1|6005|1|1|0|0|240000|0|0|243495
1200000|1|6005|1|1|1|2|240000|0|0|251000
1200000|1|6005|1|1|0|0|240000|1|8001|244371
1200000|1|6005|1|1|1|2|240000|1|8001|256227
1200000|1|6005|1|1|0|0|240000|2|16006|245775
1200000|1|6005|1|1|1|2|240000|2|16006|260905
1200000|1|6005|1|1|0|0|240000|3|24011|247022
1200000|1|6005|1|1|1|2|240000|3|24011|265041
1200000|1|6005|1|1|0|0|240000|4|32018|248505
1200000|1|6005|1|1|1|2|240000|4|32018|269211
1200000|1|6005|1|2|0|0|240000|0|0|251958
1200000|1|6005|1|2|1|2|240000|0|0|248075
1200000|1|6005|1|2|0|0|240000|1|7999|254784
1200000|1|6005|1|2|1|2|240000|1|7999|249399
1200000|1|6005|1|2|0|0|240000|2|16002|256693
1200000|1|6005|1|2|1|2|240000|2|16002|250961
1200000|1|6005|1|2|0|0|240000|3|24006|258841
1200000|1|6005|1|2|1|2|240000|3|24006|252717
1200000|1|6005|1|2|0|0|240000|4|32010|261454
1200000|1|6005|1|2|1|2|240000|4|32010|254783
1200000|1|6005|1|3|0|0|240000|0|0|212763
1200000|1|6005|1|3|1|2|240000|0|0|209466
1200000|1|6005|1|3|0|0|240000|1|7975|215276
1200000|1|6005|1|3|1|2|240000|1|7975|211806
1200000|1|6005|1|3|0|0|240000|2|15964|217887
1200000|1|6005|1|3|1|2|240000|2|15964|214768
1200000|1|6005|1|3|0|0|240000|3|23961|220932
1200000|1|6005|1|3|1|2|240000|3|23961|217655
1200000|1|6005|1|3|0|0|240000|4|31961|223934
1200000|1|6005|1|3|1|2|240000|4|31961|221282
1200000|1|6005|1|4|0|0|240000|0|0|242949
1200000|1|6005|1|4|1|2|240000|0|0|238168
1200000|1|6005|1|4|0|0|240000|1|7998|245853
1200000|1|6005|1|4|1|2|240000|1|7998|242966
1200000|1|6005|1|4|0|0|240000|2|16001|250181
1200000|1|6005|1|4|1|2|240000|2|16001|246983
1200000|1|6005|1|4|0|0|240000|3|24007|254276
1200000|1|6005|1|4|1|2|240000|3|24007|251001
1200000|1|6005|1|4|0|0|240000|4|32013|258254
1200000|1|6005|1|4|1|2|240000|4|32013|255330
1200000|1|6005|1|5|0|0|240000|0|1|219119
1200000|1|6005|1|5|1|2|240000|0|1|219802
1200000|1|6005|1|5|0|0|240000|1|7976|223623
1200000|1|6005|1|5|1|2|240000|1|7976|223894
1200000|1|6005|1|5|0|0|240000|2|15965|228810
1200000|1|6005|1|5|1|2|240000|2|15965|229005
1200000|1|6005|1|5|0|0|240000|3|23963|234465
1200000|1|6005|1|5|1|2|240000|3|23963|234308
1200000|1|6005|1|5|0|0|240000|4|31966|240236
1200000|1|6005|1|5|1|2|240000|4|31966|240005
1200000|1|6006|1|1|0|0|240000|0|0|219587
1200000|1|6006|1|1|1|2|240000|0|0|219567
1200000|1|6006|1|1|0|0|240000|1|7976|223503
1200000|1|6006|1|1|1|2|240000|1|7976|225376
1200000|1|6006|1|1|0|0|240000|2|15967|228068
1200000|1|6006|1|1|1|2|240000|2|15967|230917
1200000|1|6006|1|1|0|0|240000|3|23966|232867
1200000|1|6006|1|1|1|2|240000|3|23966|236840
1200000|1|6006|1|1|0|0|240000|4|31970|237782
1200000|1|6006|1|1|1|2|240000|4|31970|242655
1200000|1|6006|1|2|0|0|240000|0|0|262136
1200000|1|6006|1|2|1|2|240000|0|0|257202
1200000|1|6006|1|2|0|0|240000|1|7998|266991
1200000|1|6006|1|2|1|2|240000|1|7998|259698
1200000|1|6006|1|2|0|0|240000|2|16003|272061
1200000|1|6006|1|2|1|2|240000|2|16003|263871
1200000|1|6006|1|2|0|0|240000|3|24011|277361
1200000|1|6006|1|2|1|2|240000|3|24011|269877
1200000|1|6006|1|2|0|0|240000|4|32021|282980
1200000|1|6006|1|2|1|2|240000|4|32021|276155
1200000|1|6006|1|3|0|0|240000|0|0|263345
1200000|1|6006|1|3|1|2|240000|0|0|257398
1200000|1|6006|1|3|0|0|240000|1|7997|268435
1200000|1|6006|1|3|1|2|240000|1|7997|259736
1200000|1|6006|1|3|0|0|240000|2|16002|273347
1200000|1|6006|1|3|1|2|240000|2|16002|263987
1200000|1|6006|1|3|0|0|240000|3|24010|278415
1200000|1|6006|1|3|1|2|240000|3|24010|268469
1200000|1|6006|1|3|0|0|240000|4|32019|283955
1200000|1|6006|1|3|1|2|240000|4|32019|273777
1200000|1|6006|1|4|0|0|240000|0|0|253751
1200000|1|6006|1|4|1|2|240000|0|0|262739
1200000|1|6006|1|4|0|0|240000|1|8004|258955
1200000|1|6006|1|4|1|2|240000|1|8004|265974
1200000|1|6006|1|4|0|0|240000|2|16010|264338
1200000|1|6006|1|4|1|2|240000|2|16010|270540
1200000|1|6006|1|4|0|0|240000|3|24017|269604
1200000|1|6006|1|4|1|2|240000|3|24017|275414
1200000|1|6006|1|4|0|0|240000|4|32026|275414
1200000|1|6006|1|4|1|2|240000|4|32026|281146
1200000|1|6006|1|5|0|0|240000|0|0|253206
1200000|1|6006|1|5|1|2|240000|0|0|246164
1200000|1|6006|1|5|0|0|240000|1|7997|258060
1200000|1|6006|1|5|1|2|240000|1|7997|248192
1200000|1|6006|1|5|0|0|240000|2|16000|263052
1200000|1|6006|1|5|1|2|240000|2|16000|251466
1200000|1|6006|1|5|0|0|240000|3|24006|268590
1200000|1|6006|1|5|1|2|240000|3|24006|255838
1200000|1|6006|1|5|0|0|240000|4|32013|274049
1200000|1|6006|1|5|1|2|240000|4|32013|261180
1200000|1|6007|1|1|0|0|240000|0|0|253438
1200000|1|6007|1|1|1|2|240000|0|0|246906
1200000|1|6007|1|1|0|0|240000|1|7997|258642
1200000|1|6007|1|1|1|2|240000|1|7997|248428
1200000|1|6007|1|1|0|0|240000|2|16000|264218
1200000|1|6007|1|1|1|2|240000|2|16000|251430
1200000|1|6007|1|1|0|0|240000|3|24005|270072
1200000|1|6007|1|1|1|2|240000|3|24005|255836
1200000|1|6007|1|1|0|0|240000|4|32013|275922
1200000|1|6007|1|1|1|2|240000|4|32013|261570
1200000|1|6007|1|2|0|0|240000|0|0|265920
1200000|1|6007|1|2|1|2|240000|0|0|259542
1200000|1|6007|1|2|0|0|240000|1|7997|272061
1200000|1|6007|1|2|1|2|240000|1|7997|261765
1200000|1|6007|1|2|0|0|240000|2|16000|278261
1200000|1|6007|1|2|1|2|240000|2|16000|265315
1200000|1|6007|1|2|0|0|240000|3|24006|284930
1200000|1|6007|1|2|1|2|240000|3|24006|270618
1200000|1|6007|1|2|0|0|240000|4|32014|291288
1200000|1|6007|1|2|1|2|240000|4|32014|276662
1200000|1|6007|1|3|0|0|240000|0|0|226218
1200000|1|6007|1|3|1|2|240000|0|0|225804
1200000|1|6007|1|3|0|0|240000|1|7982|231345
1200000|1|6007|1|3|1|2|240000|1|7982|231888
1200000|1|6007|1|3|0|0|240000|2|15976|236919
1200000|1|6007|1|3|1|2|240000|2|15976|238832
1200000|1|6007|1|3|0|0|240000|3|23978|243007
1200000|1|6007|1|3|1|2|240000|3|23978|245931
1200000|1|6007|1|3|0|0|240000|4|31983|249596
1200000|1|6007|1|3|1|2|240000|4|31983|253575
1200000|1|6007|1|4|0|0|240000|0|0|260264
1200000|1|6007|1|4|1|2|240000|0|0|258800
1200000|1|6007|1|4|0|0|240000|1|8002|265080
1200000|1|6007|1|4|1|2|240000|1|8002|264651
1200000|1|6007|1|4|0|0|240000|2|16010|270696
1200000|1|6007|1|4|1|2|240000|2|16010|270578
1200000|1|6007|1|4|0|0|240000|3|24019|276310
1200000|1|6007|1|4|1|2|240000|3|24019|277755
1200000|1|6007|1|4|0|0|240000|4|32031|281965
1200000|1|6007|1|4|1|2|240000|4|32031|285009
1200000|1|6007|1|5|0|0|240000|0|0|266154
1200000|1|6007|1|5|1|2|240000|0|0|268043
1200000|1|6007|1|5|0|0|240000|1|8003|271280
1200000|1|6007|1|5|1|2|240000|1|8003|273971
1200000|1|6007|1|5|0|0|240000|2|16011|276662
1200000|1|6007|1|5|1|2|240000|2|16011|279354
1200000|1|6007|1|5|0|0|240000|3|24019|282356
1200000|1|6007|1|5|1|2|240000|3|24019|284385
1200000|1|6007|1|5|0|0|240000|4|32027|288635
1200000|1|6007|1|5|1|2|240000|4|32027|289571
1200000|1|6008|1|1|0|0|240000|0|0|267441
1200000|1|6008|1|1|1|2|240000|0|0|264221
1200000|1|6008|1|1|0|0|240000|1|8003|274557
1200000|1|6008|1|1|1|2|240000|1|8003|267537
1200000|1|6008|1|1|0|0|240000|2|16008|281071
1200000|1|6008|1|1|1|2|240000|2|16008|271358
1200000|1|6008|1|1|0|0|240000|3|24015|287541
1200000|1|6008|1|1|1|2|240000|3|24015|275923
1200000|1|6008|1|1|0|0|240000|4|32023|294290
1200000|1|6008|1|1|1|2|240000|4|32023|280406
1200000|1|6008|1|2|0|0|240000|0|0|263541
1200000|1|6008|1|2|1|2|240000|0|0|268862
1200000|1|6008|1|2|0|0|240000|1|7999|269797
1200000|1|6008|1|2|1|2|240000|1|7999|276545
1200000|1|6008|1|2|0|0|240000|2|16006|276584
1200000|1|6008|1|2|1|2|240000|2|16006|282590
1200000|1|6008|1|2|0|0|240000|3|24015|283294
1200000|1|6008|1|2|1|2|240000|3|24015|288477
1200000|1|6008|1|2|0|0|240000|4|32026|289416
1200000|1|6008|1|2|1|2|240000|4|32026|294758
1200000|1|6008|1|3|0|0|240000|0|0|224540
1200000|1|6008|1|3|1|2|240000|0|0|227249
1200000|1|6008|1|3|0|0|240000|1|7979|228731
1200000|1|6008|1|3|1|2|240000|1|7979|233686
1200000|1|6008|1|3|0|0|240000|2|15971|233646
1200000|1|6008|1|3|1|2|240000|2|15971|240353
1200000|1|6008|1|3|0|0|240000|3|23970|238012
1200000|1|6008|1|3|1|2|240000|3|23970|247451
1200000|1|6008|1|3|0|0|240000|4|31975|241874
1200000|1|6008|1|3|1|2|240000|4|31975|254433
1200000|1|6008|1|4|0|0|240000|0|0|220836
1200000|1|6008|1|4|1|2|240000|0|0|222413
1200000|1|6008|1|4|0|0|240000|1|7977|224949
1200000|1|6008|1|4|1|2|240000|1|7977|227875
1200000|1|6008|1|4|0|0|240000|2|15969|229901
1200000|1|6008|1|4|1|2|240000|2|15969|233763
1200000|1|6008|1|4|0|0|240000|3|23968|234657
1200000|1|6008|1|4|1|2|240000|3|23968|239378
1200000|1|6008|1|4|0|0|240000|4|31973|238716
1200000|1|6008|1|4|1|2|240000|4|31973|245034
1200000|1|6008|1|5|0|0|240000|0|0|259755
1200000|1|6008|1|5|1|2|240000|0|0|254161
1200000|1|6008|1|5|0|0|240000|1|8003|265938
1200000|1|6008|1|5|1|2|240000|1|8003|257358
1200000|1|6008|1|5|0|0|240000|2|16010|271087
1200000|1|6008|1|5|1|2|240000|2|16010|260866
1200000|1|6008|1|5|0|0|240000|3|24018|275687
1200000|1|6008|1|5|1|2|240000|3|24018|264690
1200000|1|6008|1|5|0|0|240000|4|32028|280523
1200000|1|6008|1|5|1|2|240000|4|32028|268901
1200000|1|6009|1|1|0|0|240000|0|0|253206
1200000|1|6009|1|1|1|2|240000|0|0|246278
1200000|1|6009|1|1|0|0|240000|1|7997|257514
1200000|1|6009|1|1|1|2|240000|1|7997|246359
1200000|1|6009|1|1|0|0|240000|2|16002|261647
1200000|1|6009|1|1|1|2|240000|2|16002|248192
1200000|1|6009|1|1|0|0|240000|3|24010|265664
1200000|1|6009|1|1|1|2|240000|3|24010|251079
1200000|1|6009|1|1|0|0|240000|4|32019|269681
1200000|1|6009|1|1|1|2|240000|4|32019|254590
1200000|1|6009|1|2|0|0|240000|0|0|212412
1200000|1|6009|1|2|1|2|240000|0|0|209077
1200000|1|6009|1|2|0|0|240000|1|7982|214887
1200000|1|6009|1|2|1|2|240000|1|7982|211611
1200000|1|6009|1|2|0|0|240000|2|15974|217423
1200000|1|6009|1|2|1|2|240000|2|15974|215473
1200000|1|6009|1|2|0|0|240000|3|23975|219762
1200000|1|6009|1|2|1|2|240000|3|23975|219721
1200000|1|6009|1|2|0|0|240000|4|31979|222335
1200000|1|6009|1|2|1|2|240000|4|31979|223506
1200000|1|6009|1|3|0|0|240000|0|0|214988
1200000|1|6009|1|3|1|2|240000|0|0|213364
1200000|1|6009|1|3|0|0|240000|1|7994|217421
1200000|1|6009|1|3|1|2|240000|1|7994|214418
1200000|1|6009|1|3|0|0|240000|2|15995|219486
1200000|1|6009|1|3|1|2|240000|2|15995|216642
1200000|1|6009|1|3|0|0|240000|3|24000|221711
1200000|1|6009|1|3|1|2|240000|3|24000|219451
1200000|1|6009|1|3|0|0|240000|4|32007|224481
1200000|1|6009|1|3|1|2|240000|4|32007|222375
1200000|1|6009|1|4|0|0|240000|0|0|216155
1200000|1|6009|1|4|1|2|240000|0|0|216015
1200000|1|6009|1|4|0|0|240000|1|7975|218124
1200000|1|6009|1|4|1|2|240000|1|7975|219608
1200000|1|6009|1|4|0|0|240000|2|15964|220422
1200000|1|6009|1|4|1|2|240000|2|15964|224130
1200000|1|6009|1|4|0|0|240000|3|23961|223466
1200000|1|6009|1|4|1|2|240000|3|23961|229083
1200000|1|6009|1|4|0|0|240000|4|31964|227052
1200000|1|6009|1|4|1|2|240000|4|31964|233450
1200000|1|6009|1|5|0|0|240000|0|0|222515
1200000|1|6009|1|5|1|2|240000|0|0|220737
1200000|1|6009|1|5|0|0|240000|1|7996|225024
1200000|1|6009|1|5|1|2|240000|1|7996|222258
1200000|1|6009|1|5|0|0|240000|2|15997|228186
1200000|1|6009|1|5|1|2|240000|2|15997|225261
1200000|1|6009|1|5|0|0|240000|3|24003|231459
1200000|1|6009|1|5|1|2|240000|3|24003|229278
1200000|1|6009|1|5|0|0|240000|4|32010|234386
1200000|1|6009|1|5|1|2|240000|4|32010|233606
1200000|1|6010|1|1|0|0|240000|0|0|256872
1200000|1|6010|1|1|1|2|240000|0|0|246243
1200000|1|6010|1|1|0|0|240000|1|7999|260046
1200000|1|6010|1|1|1|2|240000|1|7999|246281
1200000|1|6010|1|1|0|0|240000|2|16003|263716
1200000|1|6010|1|1|1|2|240000|2|16003|248972
1200000|1|6010|1|1|0|0|240000|3|24012|267265
1200000|1|6010|1|1|1|2|240000|3|24012|252873
1200000|1|6010|1|1|0|0|240000|4|32022|270422
1200000|1|6010|1|1|1|2|240000|4|32022|258291
1200000|1|6010|1|2|0|0|240000|0|0|211513
1200000|1|6010|1|2|1|2|240000|0|0|199484
1200000|1|6010|1|2|0|0|240000|1|7984|212391
1200000|1|6010|1|2|1|2|240000|1|7984|201042
1200000|1|6010|1|2|0|0|240000|2|15980|214340
1200000|1|6010|1|2|1|2|240000|2|15980|204668
1200000|1|6010|1|2|0|0|240000|3|23984|217736
1200000|1|6010|1|2|1|2|240000|3|23984|209622
1200000|1|6010|1|2|0|0|240000|4|31991|221129
1200000|1|6010|1|2|1|2|240000|4|31991|215356
1200000|1|6010|1|3|0|0|240000|0|0|247627
1200000|1|6010|1|3|1|2|240000|0|0|246593
1200000|1|6010|1|3|0|0|240000|1|7998|250844
1200000|1|6010|1|3|1|2|240000|1|7998|251856
1200000|1|6010|1|3|0|0|240000|2|16006|254001
1200000|1|6010|1|3|1|2|240000|2|16006|256929
1200000|1|6010|1|3|0|0|240000|3|24015|257396
1200000|1|6010|1|3|1|2|240000|3|24015|262388
1200000|1|6010|1|3|0|0|240000|4|32026|260907
1200000|1|6010|1|3|1|2|240000|4|32026|268707
1200000|1|6010|1|4|0|0|240000|0|0|220836
1200000|1|6010|1|4|1|2|240000|0|0|221553
1200000|1|6010|1|4|0|0|240000|1|7983|223975
1200000|1|6010|1|4|1|2|240000|1|7983|226859
1200000|1|6010|1|4|0|0|240000|2|15979|227405
1200000|1|6010|1|4|1|2|240000|2|15979|233608
1200000|1|6010|1|4|0|0|240000|3|23982|230175
1200000|1|6010|1|4|1|2|240000|3|23982|240782
1200000|1|6010|1|4|0|0|240000|4|31990|232865
1200000|1|6010|1|4|1|2|240000|4|31990|248154
1200000|1|6010|1|5|0|0|240000|0|0|247707
1200000|1|6010|1|5|1|2|240000|0|0|248347
1200000|1|6010|1|5|0|0|240000|1|7998|252599
1200000|1|6010|1|5|1|2|240000|1|7998|252677
1200000|1|6010|1|5|0|0|240000|2|16004|257514
1200000|1|6010|1|5|1|2|240000|2|16004|257747
1200000|1|6010|1|5|0|0|240000|3|24013|261804
1200000|1|6010|1|5|1|2|240000|3|24013|262583
1200000|1|6010|1|5|0|0|240000|4|32026|264495
1200000|1|6010|1|5|1|2|240000|4|32026|268473
1200000|1|6011|1|1|0|0|240000|0|1|215182
1200000|1|6011|1|1|1|2|240000|0|1|215627
1200000|1|6011|1|1|0|0|240000|1|7984|217773
1200000|1|6011|1|1|1|2|240000|1|7984|219723
1200000|1|6011|1|1|0|0|240000|2|15980|220270
1200000|1|6011|1|1|1|2|240000|2|15980|225027
1200000|1|6011|1|1|0|0|240000|3|23983|222492
1200000|1|6011|1|1|1|2|240000|3|23983|230994
1200000|1|6011|1|1|0|0|240000|4|31990|224871
1200000|1|6011|1|1|1|2|240000|4|31990|237156
1200000|1|6011|1|2|0|0|240000|0|0|192093
1200000|1|6011|1|2|1|2|240000|0|0|197297
1200000|1|6011|1|2|0|0|240000|1|7983|193476
1200000|1|6011|1|2|1|2|240000|1|7983|202875
1200000|1|6011|1|2|0|0|240000|2|15977|195464
1200000|1|6011|1|2|1|2|240000|2|15977|209346
1200000|1|6011|1|2|0|0|240000|3|23979|197025
1200000|1|6011|1|2|1|2|240000|3|23979|215978
1200000|1|6011|1|2|0|0|240000|4|31986|199206
1200000|1|6011|1|2|1|2|240000|4|31986|222687
1200000|1|6011|1|3|0|0|240000|0|0|249500
1200000|1|6011|1|3|1|2|240000|0|0|246282
1200000|1|6011|1|3|0|0|240000|1|7997|254082
1200000|1|6011|1|3|1|2|240000|1|7997|248660
1200000|1|6011|1|3|0|0|240000|2|16003|258567
1200000|1|6011|1|3|1|2|240000|2|16003|252794
1200000|1|6011|1|3|0|0|240000|3|24013|262195
1200000|1|6011|1|3|1|2|240000|3|24013|258526
1200000|1|6011|1|3|0|0|240000|4|32026|264379
1200000|1|6011|1|3|1|2|240000|4|32026|263559
1200000|1|6011|1|4|0|0|240000|0|0|197203
1200000|1|6011|1|4|1|2|240000|0|0|197258
1200000|1|6011|1|4|0|0|240000|1|7983|198859
1200000|1|6011|1|4|1|2|240000|1|7983|200457
1200000|1|6011|1|4|0|0|240000|2|15977|201353
1200000|1|6011|1|4|1|2|240000|2|15977|205175
1200000|1|6011|1|4|0|0|240000|3|23980|203458
1200000|1|6011|1|4|1|2|240000|3|23980|210363
1200000|1|6011|1|4|0|0|240000|4|31986|205721
1200000|1|6011|1|4|1|2|240000|4|31986|215863
1200000|1|6011|1|5|0|0|240000|0|0|244233
1200000|1|6011|1|5|1|2|240000|0|0|241523
1200000|1|6011|1|5|0|0|240000|1|7997|247022
1200000|1|6011|1|5|1|2|240000|1|7997|243054
1200000|1|6011|1|5|0|0|240000|2|16002|249402
1200000|1|6011|1|5|1|2|240000|2|16002|247344
1200000|1|6011|1|5|0|0|240000|3|24012|250764
1200000|1|6011|1|5|1|2|240000|3|24012|252102
1200000|1|6011|1|5|0|0|240000|4|32023|253068
1200000|1|6011|1|5|1|2|240000|4|32023|256275
1200000|1|6012|1|1|0|0|240000|0|0|188553
1200000|1|6012|1|1|1|2|240000|0|0|165132
1200000|1|6012|1|1|0|0|240000|1|7978|187947
1200000|1|6012|1|1|1|2|240000|1|7978|158814
1200000|1|6012|1|1|0|0|240000|2|15969|188493
1200000|1|6012|1|1|1|2|240000|2|15969|157176
1200000|1|6012|1|1|0|0|240000|3|23968|189663
1200000|1|6012|1|1|1|2|240000|3|23968|158346
1200000|1|6012|1|1|0|0|240000|4|31973|190365
1200000|1|6012|1|1|1|2|240000|4|31973|161505
1200000|1|6012|1|2|0|0|240000|0|0|207000
1200000|1|6012|1|2|1|2|240000|0|0|181902
1200000|1|6012|1|2|0|0|240000|1|7978|206940
1200000|1|6012|1|2|1|2|240000|1|7978|175467
1200000|1|6012|1|2|0|0|240000|2|15970|207759
1200000|1|6012|1|2|1|2|240000|2|15970|173556
1200000|1|6012|1|2|0|0|240000|3|23969|208578
1200000|1|6012|1|2|1|2|240000|3|23969|174921
1200000|1|6012|1|2|0|0|240000|4|31974|209124
1200000|1|6012|1|2|1|2|240000|4|31974|177729
1200000|1|6012|1|3|0|0|240000|0|0|239643
1200000|1|6012|1|3|1|2|240000|0|0|263256
1200000|1|6012|1|3|0|0|240000|1|8004|240714
1200000|1|6012|1|3|1|2|240000|1|8004|270198
1200000|1|6012|1|3|0|0|240000|2|16011|241884
1200000|1|6012|1|3|1|2|240000|2|16011|276516
1200000|1|6012|1|3|0|0|240000|3|24019|242703
1200000|1|6012|1|3|1|2|240000|3|24019|282717
1200000|1|6012|1|3|0|0|240000|4|32028|243678
1200000|1|6012|1|3|1|2|240000|4|32028|288801
1200000|1|6012|1|4|0|0|240000|0|0|240579
1200000|1|6012|1|4|1|2|240000|0|0|246720
1200000|1|6012|1|4|0|0|240000|1|7998|242586
1200000|1|6012|1|4|1|2|240000|1|7998|252960
1200000|1|6012|1|4|0|0|240000|2|16002|244419
1200000|1|6012|1|4|1|2|240000|2|16002|258342
1200000|1|6012|1|4|0|0|240000|3|24010|247266
1200000|1|6012|1|4|1|2|240000|3|24010|264075
1200000|1|6012|1|4|0|0|240000|4|32019|249099
1200000|1|6012|1|4|1|2|240000|4|32019|270939
1200000|1|6012|1|5|0|0|240000|0|0|212031
1200000|1|6012|1|5|1|2|240000|0|0|216846
1200000|1|6012|1|5|0|0|240000|1|7979|214662
1200000|1|6012|1|5|1|2|240000|1|7979|222696
1200000|1|6012|1|5|0|0|240000|2|15973|218250
1200000|1|6012|1|5|1|2|240000|2|15973|229209
1200000|1|6012|1|5|0|0|240000|3|23974|221916
1200000|1|6012|1|5|1|2|240000|3|23974|235956
1200000|1|6012|1|5|0|0|240000|4|31980|225621
1200000|1|6012|1|5|1|2|240000|4|31980|243132
1200000|1|6013|1|1|0|0|240000|0|0|250290
1200000|1|6013|1|1|1|2|240000|0|0|250503
1200000|1|6013|1|1|0|0|240000|1|8003|253155
1200000|1|6013|1|1|1|2|240000|1|8003|256119
1200000|1|6013|1|1|0|0|240000|2|16013|256782
1200000|1|6013|1|1|1|2|240000|2|16013|263256
1200000|1|6013|1|1|0|0|240000|3|24025|260019
1200000|1|6013|1|1|1|2|240000|3|24025|270705
1200000|1|6013|1|1|0|0|240000|4|32039|263100
1200000|1|6013|1|1|1|2|240000|4|32039|278349
1200000|1|6013|1|2|0|0|240000|0|0|213630
1200000|1|6013|1|2|1|2|240000|0|0|217314
1200000|1|6013|1|2|0|0|240000|1|7986|215715
1200000|1|6013|1|2|1|2|240000|1|7986|223437
1200000|1|6013|1|2|0|0|240000|2|15985|218406
1200000|1|6013|1|2|1|2|240000|2|15985|230574
1200000|1|6013|1|2|0|0|240000|3|23990|220863
1200000|1|6013|1|2|1|2|240000|3|23990|238140
1200000|1|6013|1|2|0|0|240000|4|31999|222930
1200000|1|6013|1|2|1|2|240000|4|31999|246252
1200000|1|6013|1|3|0|0|240000|0|0|204387
1200000|1|6013|1|3|1|2|240000|0|0|211893
1200000|1|6013|1|3|0|0|240000|1|7982|205653
1200000|1|6013|1|3|1|2|240000|1|7982|218367
1200000|1|6013|1|3|0|0|240000|2|15976|207486
1200000|1|6013|1|3|1|2|240000|2|15976|227103
1200000|1|6013|1|3|0|0|240000|3|23979|208812
1200000|1|6013|1|3|1|2|240000|3|23979|236073
1200000|1|6013|1|3|0|0|240000|4|31988|209670
1200000|1|6013|1|3|1|2|240000|4|31988|244965
1200000|1|6013|1|4|0|0|240000|0|1|207741
1200000|1|6013|1|4|1|2|240000|0|1|216027
1200000|1|6013|1|4|0|0|240000|1|7983|208617
1200000|1|6013|1|4|1|2|240000|1|7983|223983
1200000|1|6013|1|4|0|0|240000|2|15979|210138
1200000|1|6013|1|4|1|2|240000|2|15979|232173
1200000|1|6013|1|4|0|0|240000|3|23983|211386
1200000|1|6013|1|4|1|2|240000|3|23983|240597
1200000|1|6013|1|4|0|0|240000|4|31992|212166
1200000|1|6013|1|4|1|2|240000|4|31992|249021
1200000|1|6013|1|5|0|0|240000|0|0|205440
1200000|1|6013|1|5|1|2|240000|0|0|212868
1200000|1|6013|1|5|0|0|240000|1|7982|206628
1200000|1|6013|1|5|1|2|240000|1|7982|219927
1200000|1|6013|1|5|0|0|240000|2|15978|208227
1200000|1|6013|1|5|1|2|240000|2|15978|227883
1200000|1|6013|1|5|0|0|240000|3|23981|209943
1200000|1|6013|1|5|1|2|240000|3|23981|236034
1200000|1|6013|1|5|0|0|240000|4|31990|211230
1200000|1|6013|1|5|1|2|240000|4|31990|244536
1200000|1|6014|1|1|0|0|240000|0|0|247404
1200000|1|6014|1|1|1|2|240000|0|0|252336
1200000|1|6014|1|1|0|0|240000|1|7982|249606
1200000|1|6014|1|1|1|2|240000|1|7982|259083
1200000|1|6014|1|1|0|0|240000|2|15977|251829
1200000|1|6014|1|1|1|2|240000|2|15977|266844
1200000|1|6014|1|1|0|0|240000|3|23980|253350
1200000|1|6014|1|1|1|2|240000|3|23980|274800
1200000|1|6014|1|1|0|0|240000|4|31989|255222
1200000|1|6014|1|1|1|2|240000|4|31989|282834
1200000|1|6014|1|2|0|0|240000|0|0|244674
1200000|1|6014|1|2|1|2|240000|0|0|249723
1200000|1|6014|1|2|0|0|240000|1|7981|246447
1200000|1|6014|1|2|1|2|240000|1|7981|256860
1200000|1|6014|1|2|0|0|240000|2|15975|248046
1200000|1|6014|1|2|1|2|240000|2|15975|264816
1200000|1|6014|1|2|0|0|240000|3|23978|248826
1200000|1|6014|1|2|1|2|240000|3|23978|273006
1200000|1|6014|1|2|0|0|240000|4|31986|250152
1200000|1|6014|1|2|1|2|240000|4|31986|280221
1200000|1|6014|1|3|0|0|240000|0|0|245298
1200000|1|6014|1|3|1|2|240000|0|0|249099
1200000|1|6014|1|3|0|0|240000|1|7978|246837
1200000|1|6014|1|3|1|2|240000|1|7978|255027
1200000|1|6014|1|3|0|0|240000|2|15971|247929
1200000|1|6014|1|3|1|2|240000|2|15971|261852
1200000|1|6014|1|3|0|0|240000|3|23972|248514
1200000|1|6014|1|3|1|2|240000|3|23972|268599
1200000|1|6014|1|3|0|0|240000|4|31978|249801
1200000|1|6014|1|3|1|2|240000|4|31978|274683
1200000|1|6014|1|4|0|0|240000|0|0|238902
1200000|1|6014|1|4|1|2|240000|0|0|240948
1200000|1|6014|1|4|0|0|240000|1|7977|241104
1200000|1|6014|1|4|1|2|240000|1|7977|246096
1200000|1|6014|1|4|0|0|240000|2|15968|243249
1200000|1|6014|1|4|1|2|240000|2|15968|252297
1200000|1|6014|1|4|0|0|240000|3|23967|244887
1200000|1|6014|1|4|1|2|240000|3|23967|258576
1200000|1|6014|1|4|0|0|240000|4|31972|246291
1200000|1|6014|1|4|1|2|240000|4|31972|264192
1200000|1|6014|1|5|0|0|240000|0|0|235587
1200000|1|6014|1|5|1|2|240000|0|0|249918
1200000|1|6014|1|5|0|0|240000|1|8003|237633
1200000|1|6014|1|5|1|2|240000|1|8003|259707
1200000|1|6014|1|5|0|0|240000|2|16010|239544
1200000|1|6014|1|5|1|2|240000|2|16010|267273
1200000|1|6014|1|5|0|0|240000|3|24019|240558
1200000|1|6014|1|5|1|2|240000|3|24019|273591
1200000|1|6014|1|5|0|0|240000|4|32029|242469
1200000|1|6014|1|5|1|2|240000|4|32029|278778
1200000|1|6015|1|1|0|0|240000|0|0|203919
1200000|1|6015|1|1|1|2|240000|0|0|204522
1200000|1|6015|1|1|0|0|240000|1|7974|204483
1200000|1|6015|1|1|1|2|240000|1|7974|207096
1200000|1|6015|1|1|0|0|240000|2|15962|205614
1200000|1|6015|1|1|1|2|240000|2|15962|210684
1200000|1|6015|1|1|0|0|240000|3|23959|206316
1200000|1|6015|1|1|1|2|240000|3|23959|214194
1200000|1|6015|1|1|0|0|240000|4|31961|207213
1200000|1|6015|1|1|1|2|240000|4|31961|217665
1200000|1|6015|1|2|0|0|240000|0|0|204543
1200000|1|6015|1|2|1|2|240000|0|0|204054
1200000|1|6015|1|2|0|0|240000|1|7973|205185
1200000|1|6015|1|2|1|2|240000|1|7973|205731
1200000|1|6015|1|2|0|0|240000|2|15959|206511
1200000|1|6015|1|2|1|2|240000|2|15959|208071
1200000|1|6015|1|2|0|0|240000|3|23954|207252
1200000|1|6015|1|2|1|2|240000|3|23954|210762
1200000|1|6015|1|2|0|0|240000|4|31954|207993
1200000|1|6015|1|2|1|2|240000|4|31954|213531
1200000|1|6015|1|3|0|0|240000|0|0|200331
1200000|1|6015|1|3|1|2|240000|0|0|199530
1200000|1|6015|1|3|0|0|240000|1|7973|200310
1200000|1|6015|1|3|1|2|240000|1|7973|200817
1200000|1|6015|1|3|0|0|240000|2|15961|201207
1200000|1|6015|1|3|1|2|240000|2|15961|202260
1200000|1|6015|1|3|0|0|240000|3|23955|202065
1200000|1|6015|1|3|1|2|240000|3|23955|204561
1200000|1|6015|1|3|0|0|240000|4|31956|202494
1200000|1|6015|1|3|1|2|240000|4|31956|206823
1200000|1|6015|1|4|0|0|240000|0|0|244362
1200000|1|6015|1|4|1|2|240000|0|0|259941
1200000|1|6015|1|4|0|0|240000|1|8000|246291
1200000|1|6015|1|4|1|2|240000|1|8000|260448
1200000|1|6015|1|4|0|0|240000|2|16002|248397
1200000|1|6015|1|4|1|2|240000|2|16002|261735
1200000|1|6015|1|4|0|0|240000|3|24007|249450
1200000|1|6015|1|4|1|2|240000|3|24007|263256
1200000|1|6015|1|4|0|0|240000|4|32013|250269
1200000|1|6015|1|4|1|2|240000|4|32013|264933
1200000|1|6015|1|5|0|0|240000|0|0|202281
1200000|1|6015|1|5|1|2|240000|0|0|197541
1200000|1|6015|1|5|0|0|240000|1|7977|202533
1200000|1|6015|1|5|1|2|240000|1|7977|197073
1200000|1|6015|1|5|0|0|240000|2|15966|203469
1200000|1|6015|1|5|1|2|240000|2|15966|198048
1200000|1|6015|1|5|0|0|240000|3|23962|204249
1200000|1|6015|1|5|1|2|240000|3|23962|199764
1200000|1|6015|1|5|0|0|240000|4|31963|204873
1200000|1|6015|1|5|1|2|240000|4|31963|201480
1200000|1|6016|1|1|0|0|240000|0|0|239370
1200000|1|6016|1|1|1|2|240000|0|0|240090
1200000|1|6016|1|1|0|0|240000|1|7993|239778
1200000|1|6016|1|1|1|2|240000|1|7993|241650
1200000|1|6016|1|1|0|0|240000|2|15992|240051
1200000|1|6016|1|1|1|2|240000|2|15992|243600
1200000|1|6016|1|1|0|0|240000|3|23994|239662
1200000|1|6016|1|1|1|2|240000|3|23994|245511
1200000|1|6016|1|1|0|0|240000|4|31997|240285
1200000|1|6016|1|1|1|2|240000|4|31997|246915
1200000|1|6016|1|2|0|0|240000|0|0|232662
1200000|1|6016|1|2|1|2|240000|0|0|233967
1200000|1|6016|1|2|0|0|240000|1|7993|233538
1200000|1|6016|1|2|1|2|240000|1|7993|235800
1200000|1|6016|1|2|0|0|240000|2|15991|234786
1200000|1|6016|1|2|1|2|240000|2|15991|238101
1200000|1|6016|1|2|0|0|240000|3|23993|235137
1200000|1|6016|1|2|1|2|240000|3|23993|240129
1200000|1|6016|1|2|0|0|240000|4|31996|235878
1200000|1|6016|1|2|1|2|240000|4|31996|242118
1200000|1|6016|1|3|0|0|240000|0|0|205089
1200000|1|6016|1|3|1|2|240000|0|0|203352
1200000|1|6016|1|3|0|0|240000|1|7970|205692
1200000|1|6016|1|3|1|2|240000|1|7970|203820
1200000|1|6016|1|3|0|0|240000|2|15952|206589
1200000|1|6016|1|3|1|2|240000|2|15952|204756
1200000|1|6016|1|3|0|0|240000|3|23944|207252
1200000|1|6016|1|3|1|2|240000|3|23944|206121
1200000|1|6016|1|3|0|0|240000|4|31939|208383
1200000|1|6016|1|3|1|2|240000|4|31939|207798
1200000|1|6016|1|4|0|0|240000|0|0|207624
1200000|1|6016|1|4|1|2|240000|0|0|205926
1200000|1|6016|1|4|0|0|240000|1|7971|209436
1200000|1|6016|1|4|1|2|240000|1|7971|207252
1200000|1|6016|1|4|0|0|240000|2|15955|211347
1200000|1|6016|1|4|1|2|240000|2|15955|209319
1200000|1|6016|1|4|0|0|240000|3|23947|213570
1200000|1|6016|1|4|1|2|240000|3|23947|211893
1200000|1|6016|1|4|0|0|240000|4|31945|216222
1200000|1|6016|1|4|1|2|240000|4|31945|213843
1200000|1|6016|1|5|0|0|240000|0|0|213162
1200000|1|6016|1|5|1|2|240000|0|0|211971
1200000|1|6016|1|5|0|0|240000|1|7972|215169
1200000|1|6016|1|5|1|2|240000|1|7972|214311
1200000|1|6016|1|5|0|0|240000|2|15958|217899
1200000|1|6016|1|5|1|2|240000|2|15958|217548
1200000|1|6016|1|5|0|0|240000|3|23954|220707
1200000|1|6016|1|5|1|2|240000|3|23954|220707
1200000|1|6016|1|5|0|0|240000|4|31954|223632
1200000|1|6016|1|5|1|2|240000|4|31954|223437
1200000|1|6017|1|1|0|0|240000|0|0|254034
1200000|1|6017|1|1|1|2|240000|0|0|253740
1200000|1|6017|1|1|0|0|240000|1|7999|256392
1200000|1|6017|1|1|1|2|240000|1|7999|257640
1200000|1|6017|1|1|0|0|240000|2|16004|259863
1200000|1|6017|1|1|1|2|240000|2|16004|260760
1200000|1|6017|1|1|0|0|240000|3|24010|263295
1200000|1|6017|1|1|1|2|240000|3|24010|263997
1200000|1|6017|1|1|0|0|240000|4|32017|266883
1200000|1|6017|1|1|1|2|240000|4|32017|267741
1200000|1|6017|1|2|0|0|240000|0|0|216360
1200000|1|6017|1|2|1|2|240000|0|0|215715
1200000|1|6017|1|2|0|0|240000|1|7975|220590
1200000|1|6017|1|2|1|2|240000|1|7975|219927
1200000|1|6017|1|2|0|0|240000|2|15964|225582
1200000|1|6017|1|2|1|2|240000|2|15964|224100
1200000|1|6017|1|2|0|0|240000|3|23961|231042
1200000|1|6017|1|2|1|2|240000|3|23961|228585
1200000|1|6017|1|2|0|0|240000|4|31964|236580
1200000|1|6017|1|2|1|2|240000|4|31964|233226
1200000|1|6017|1|3|0|0|240000|0|0|250329
1200000|1|6017|1|3|1|2|240000|0|0|244419
1200000|1|6017|1|3|0|0|240000|1|7996|257250
1200000|1|6017|1|3|1|2|240000|1|7996|247695
1200000|1|6017|1|3|0|0|240000|2|16001|264387
1200000|1|6017|1|3|1|2|240000|2|16001|252063
1200000|1|6017|1|3|0|0|240000|3|24009|271368
1200000|1|6017|1|3|1|2|240000|3|24009|257367
1200000|1|6017|1|3|0|0|240000|4|32019|277686
1200000|1|6017|1|3|1|2|240000|4|32019|263100
1200000|1|6017|1|4|0|0|240000|0|0|263628
1200000|1|6017|1|4|1|2|240000|0|0|258771
1200000|1|6017|1|4|0|0|240000|1|7999|271134
1200000|1|6017|1|4|1|2|240000|1|7999|261423
1200000|1|6017|1|4|0|0|240000|2|16004|277998
1200000|1|6017|1|4|1|2|240000|2|16004|265752
1200000|1|6017|1|4|0|0|240000|3|24013|284628
1200000|1|6017|1|4|1|2|240000|3|24013|271524
1200000|1|6017|1|4|0|0|240000|4|32023|291453
1200000|1|6017|1|4|1|2|240000|4|32023|278115
1200000|1|6017|1|5|0|0|240000|0|0|267099
1200000|1|6017|1|5|1|2|240000|0|0|261423
1200000|1|6017|1|5|0|0|240000|1|7998|272694
1200000|1|6017|1|5|1|2|240000|1|7998|264660
1200000|1|6017|1|5|0|0|240000|2|16003|278154
1200000|1|6017|1|5|1|2|240000|2|16003|269262
1200000|1|6017|1|5|0|0|240000|3|24010|284316
1200000|1|6017|1|5|1|2|240000|3|24010|274137
1200000|1|6017|1|5|0|0|240000|4|32019|290400
1200000|1|6017|1|5|1|2|240000|4|32019|279792
1200000|1|6018|1|1|0|0|240000|0|0|228177
1200000|1|6018|1|1|1|2|240000|0|0|227259
1200000|1|6018|1|1|0|0|240000|1|7982|233655
1200000|1|6018|1|1|1|2|240000|1|7982|232914
1200000|1|6018|1|1|0|0|240000|2|15975|240129
1200000|1|6018|1|1|1|2|240000|2|15975|239076
1200000|1|6018|1|1|0|0|240000|3|23977|247344
1200000|1|6018|1|1|1|2|240000|3|23977|246174
1200000|1|6018|1|1|0|0|240000|4|31982|254715
1200000|1|6018|1|1|1|2|240000|4|31982|253506
1200000|1|6018|1|2|0|0|240000|0|0|255360
1200000|1|6018|1|2|1|2|240000|0|0|255261
1200000|1|6018|1|2|0|0|240000|1|8003|261384
1200000|1|6018|1|2|1|2|240000|1|8003|263256
1200000|1|6018|1|2|0|0|240000|2|16010|268365
1200000|1|6018|1|2|1|2|240000|2|16010|270705
1200000|1|6018|1|2|0|0|240000|3|24020|275697
1200000|1|6018|1|2|1|2|240000|3|24020|278115
1200000|1|6018|1|2|0|0|240000|4|32031|282912
1200000|1|6018|1|2|1|2|240000|4|32031|285720
1200000|1|6018|1|3|0|0|240000|0|0|261951
1200000|1|6018|1|3|1|2|240000|0|0|258537
1200000|1|6018|1|3|0|0|240000|1|7996|268638
1200000|1|6018|1|3|1|2|240000|1|7996|262632
1200000|1|6018|1|3|0|0|240000|2|16001|276048
1200000|1|6018|1|3|1|2|240000|2|16001|266727
1200000|1|6018|1|3|0|0|240000|3|24008|283965
1200000|1|6018|1|3|1|2|240000|3|24008|270159
1200000|1|6018|1|3|0|0|240000|4|32016|291921
1200000|1|6018|1|3|1|2|240000|4|32016|275385
1200000|1|6018|1|4|0|0|240000|0|0|236640
1200000|1|6018|1|4|1|2|240000|0|0|231237
1200000|1|6018|1|4|0|0|240000|1|7982|244497
1200000|1|6018|1|4|1|2|240000|1|7982|235761
1200000|1|6018|1|4|0|0|240000|2|15976|252726
1200000|1|6018|1|4|1|2|240000|2|15976|241143
1200000|1|6018|1|4|0|0|240000|3|23978|261384
1200000|1|6018|1|4|1|2|240000|3|23978|247812
1200000|1|6018|1|4|0|0|240000|4|31984|269886
1200000|1|6018|1|4|1|2|240000|4|31984|254637
1200000|1|6018|1|5|0|0|240000|0|0|272988
1200000|1|6018|1|5|1|2|240000|0|0|270315
1200000|1|6018|1|5|0|0|240000|1|7998|280845
1200000|1|6018|1|5|1|2|240000|1|7998|273864
1200000|1|6018|1|5|0|0|240000|2|16003|288957
1200000|1|6018|1|5|1|2|240000|2|16003|279207
1200000|1|6018|1|5|0|0|240000|3|24011|297186
1200000|1|6018|1|5|1|2|240000|3|24011|285291
1200000|1|6018|1|5|0|0|240000|4|32022|305181
1200000|1|6018|1|5|1|2|240000|4|32022|292077
1200000|1|6019|1|1|0|0|240000|0|0|219987
1200000|1|6019|1|1|1|2|240000|0|0|219888
1200000|1|6019|1|1|0|0|240000|1|7985|225777
1200000|1|6019|1|1|1|2|240000|1|7985|225894
1200000|1|6019|1|1|0|0|240000|2|15982|232524
1200000|1|6019|1|1|1|2|240000|2|15982|233109
1200000|1|6019|1|1|0|0|240000|3|23986|238998
1200000|1|6019|1|1|1|2|240000|3|23986|240753
1200000|1|6019|1|1|0|0|240000|4|31994|245511
1200000|1|6019|1|1|1|2|240000|4|31994|249021
1200000|1|6019|1|2|0|0|240000|0|0|232545
1200000|1|6019|1|2|1|2|240000|0|0|247968
1200000|1|6019|1|2|0|0|240000|1|8007|238296
1200000|1|6019|1|2|1|2|240000|1|8007|252882
1200000|1|6019|1|2|0|0|240000|2|16016|244419
1200000|1|6019|1|2|1|2|240000|2|16016|258693
1200000|1|6019|1|2|0|0|240000|3|24027|250191
1200000|1|6019|1|2|1|2|240000|3|24027|265206
1200000|1|6019|1|2|0|0|240000|4|32040|255729
1200000|1|6019|1|2|1|2|240000|4|32040|271992
1200000|1|6019|1|3|0|0|240000|0|0|206805
1200000|1|6019|1|3|1|2|240000|0|0|206979
1200000|1|6019|1|3|0|0|240000|1|7984|210450
1200000|1|6019|1|3|1|2|240000|1|7984|211308
1200000|1|6019|1|3|0|0|240000|2|15980|214116
1200000|1|6019|1|3|1|2|240000|2|15980|216729
1200000|1|6019|1|3|0|0|240000|3|23983|217782
1200000|1|6019|1|3|1|2|240000|3|23983|222813
1200000|1|6019|1|3|0|0|240000|4|31990|222267
1200000|1|6019|1|3|1|2|240000|4|31990|229248
1200000|1|6019|1|4|0|0|240000|0|0|255477
1200000|1|6019|1|4|1|2|240000|0|0|251010
1200000|1|6019|1|4|0|0|240000|1|7998|260448
1200000|1|6019|1|4|1|2|240000|1|7998|253233
1200000|1|6019|1|4|0|0|240000|2|16004|265479
1200000|1|6019|1|4|1|2|240000|2|16004|257523
1200000|1|6019|1|4|0|0|240000|3|24014|270198
1200000|1|6019|1|4|1|2|240000|3|24014|263256
1200000|1|6019|1|4|0|0|240000|4|32026|274956
1200000|1|6019|1|4|1|2|240000|4|32026|269691
1200000|1|6019|1|5|0|0|240000|0|0|207117
1200000|1|6019|1|5|1|2|240000|0|0|206589
1200000|1|6019|1|5|0|0|240000|1|7984|210645
1200000|1|6019|1|5|1|2|240000|1|7984|211074
1200000|1|6019|1|5|0|0|240000|2|15980|214506
1200000|1|6019|1|5|1|2|240000|2|15980|216573
1200000|1|6019|1|5|0|0|240000|3|23983|218640
1200000|1|6019|1|5|1|2|240000|3|23983|223164
1200000|1|6019|1|5|0|0|240000|4|31990|222423
1200000|1|6019|1|5|1|2|240000|4|31990|229521
1200000|1|6020|1|1|0|0|240000|0|0|260586
1200000|1|6020|1|1|1|2|240000|0|0|255729
1200000|1|6020|1|1|0|0|240000|1|7998|266571
1200000|1|6020|1|1|1|2|240000|1|7998|258966
1200000|1|6020|1|1|0|0|240000|2|16005|272421
1200000|1|6020|1|1|1|2|240000|2|16005|263646
1200000|1|6020|1|1|0|0|240000|3|24014|278349
1200000|1|6020|1|1|1|2|240000|3|24014|269379
1200000|1|6020|1|1|0|0|240000|4|32026|284004
1200000|1|6020|1|1|1|2|240000|4|32026|275463
1200000|1|6020|1|2|0|0|240000|0|0|222288
1200000|1|6020|1|2|1|2|240000|0|0|196254
1200000|1|6020|1|2|0|0|240000|1|7980|225114
1200000|1|6020|1|2|1|2|240000|1|7980|191847
1200000|1|6020|1|2|0|0|240000|2|15974|228741
1200000|1|6020|1|2|1|2|240000|2|15974|191964
1200000|1|6020|1|2|0|0|240000|3|23976|232446
1200000|1|6020|1|2|1|2|240000|3|23976|194694
1200000|1|6020|1|2|0|0|240000|4|31983|236034
1200000|1|6020|1|2|1|2|240000|4|31983|199218
1200000|1|6020|1|3|0|0|240000|0|0|201189
1200000|1|6020|1|3|1|2|240000|0|0|202416
1200000|1|6020|1|3|0|0|240000|1|7984|204288
1200000|1|6020|1|3|1|2|240000|1|7984|207330
1200000|1|6020|1|3|0|0|240000|2|15980|208539
1200000|1|6020|1|3|1|2|240000|2|15980|213219
1200000|1|6020|1|3|0|0|240000|3|23983|212907
1200000|1|6020|1|3|1|2|240000|3|23983|219888
1200000|1|6020|1|3|0|0|240000|4|31990|216690
1200000|1|6020|1|3|1|2|240000|4|31990|226830
1200000|1|6020|1|4|0|0|240000|0|0|254775
1200000|1|6020|1|4|1|2|240000|0|0|252141
1200000|1|6020|1|4|0|0|240000|1|7999|260292
1200000|1|6020|1|4|1|2|240000|1|7999|255690
1200000|1|6020|1|4|0|0|240000|2|16006|266025
1200000|1|6020|1|4|1|2|240000|2|16006|260565
1200000|1|6020|1|4|0|0|240000|3|24015|270471
1200000|1|6020|1|4|1|2|240000|3|24015|267507
1200000|1|6020|1|4|0|0|240000|4|32029|273825
1200000|1|6020|1|4|1|2|240000|4|32029|273981
1200000|1|6020|1|5|0|0|240000|0|1|215619
1200000|1|6020|1|5|1|2|240000|0|1|216261
1200000|1|6020|1|5|0|0|240000|1|7985|218094
1200000|1|6020|1|5|1|2|240000|1|7985|220629
1200000|1|6020|1|5|0|0|240000|2|15981|221331
1200000|1|6020|1|5|1|2|240000|2|15981|226050
1200000|1|6020|1|5|0|0|240000|3|23984|224100
1200000|1|6020|1|5|1|2|240000|3|23984|232290
1200000|1|6020|1|5|0|0|240000|4|31991|226713
1200000|1|6020|1|5|1|2|240000|4|31991|239076
1200000|1|6021|1|1|0|0|240000|0|0|249315
1200000|1|6021|1|1|1|2|240000|0|0|247266
1200000|1|6021|1|1|0|0|240000|1|7998|253038
1200000|1|6021|1|1|1|2|240000|1|7998|249918
1200000|1|6021|1|1|0|0|240000|2|16005|257211
1200000|1|6021|1|1|1|2|240000|2|16005|254715
1200000|1|6021|1|1|0|0|240000|3|24015|259317
1200000|1|6021|1|1|1|2|240000|3|24015|260994
1200000|1|6021|1|1|0|0|240000|4|32028|261228
1200000|1|6021|1|1|1|2|240000|4|32028|267078
1200000|1|6021|1|2|0|0|240000|0|0|246078
1200000|1|6021|1|2|1|2|240000|0|0|245238
1200000|1|6021|1|2|0|0|240000|1|7985|248631
1200000|1|6021|1|2|1|2|240000|1|7985|249489
1200000|1|6021|1|2|0|0|240000|2|15981|251517
1200000|1|6021|1|2|1|2|240000|2|15981|255300
1200000|1|6021|1|2|0|0|240000|3|23984|253701
1200000|1|6021|1|2|1|2|240000|3|23984|261384
1200000|1|6021|1|2|0|0|240000|4|31992|255339
1200000|1|6021|1|2|1|2|240000|4|31992|268326
1200000|1|6021|1|3|0|0|240000|0|0|208326
1200000|1|6021|1|3|1|2|240000|0|0|212907
1200000|1|6021|1|3|0|0|240000|1|7980|209865
1200000|1|6021|1|3|1|2|240000|1|7980|217314
1200000|1|6021|1|3|0|0|240000|2|15973|212010
1200000|1|6021|1|3|1|2|240000|2|15973|219654
1200000|1|6021|1|3|0|0|240000|3|23974|214155
1200000|1|6021|1|3|1|2|240000|3|23974|223125
1200000|1|6021|1|3|0|0|240000|4|31980|215715
1200000|1|6021|1|3|1|2|240000|4|31980|228507
1200000|1|6021|1|4|0|0|240000|0|0|242451
1200000|1|6021|1|4|1|2|240000|0|0|239544
1200000|1|6021|1|4|0|0|240000|1|7998|244809
1200000|1|6021|1|4|1|2|240000|1|7998|242469
1200000|1|6021|1|4|0|0|240000|2|16005|247422
1200000|1|6021|1|4|1|2|240000|2|16005|247851
1200000|1|6021|1|4|0|0|240000|3|24017|249840
1200000|1|6021|1|4|1|2|240000|3|24017|253155
1200000|1|6021|1|4|0|0|240000|4|32028|251283
1200000|1|6021|1|4|1|2|240000|4|32028|258810
1200000|1|6021|1|5|0|0|240000|0|0|248418
1200000|1|6021|1|5|1|2|240000|0|0|246954
1200000|1|6021|1|5|0|0|240000|1|7984|251517
1200000|1|6021|1|5|1|2|240000|1|7984|250737
1200000|1|6021|1|5|0|0|240000|2|15981|254364
1200000|1|6021|1|5|1|2|240000|2|15981|255651
1200000|1|6021|1|5|0|0|240000|3|23984|256977
1200000|1|6021|1|5|1|2|240000|3|23984|261072
1200000|1|6021|1|5|0|0|240000|4|31992|258810
1200000|1|6021|1|5|1|2|240000|4|31992|266844
1200000|1|6022|1|1|0|0|240000|0|0|239916
1200000|1|6022|1|1|1|2|240000|0|0|241026
1200000|1|6022|1|1|0|0|240000|1|7979|242820
1200000|1|6022|1|1|1|2|240000|1|7979|245979
1200000|1|6022|1|1|0|0|240000|2|15972|246096
1200000|1|6022|1|1|1|2|240000|2|15972|251712
1200000|1|6022|1|1|0|0|240000|3|23973|248670
1200000|1|6022|1|1|1|2|240000|3|23973|257640
1200000|1|6022|1|1|0|0|240000|4|31978|250776
1200000|1|6022|1|1|1|2|240000|4|31978|263607
1200000|1|6022|1|2|0|0|240000|0|0|243387
1200000|1|6022|1|2|1|2|240000|0|0|246525
1200000|1|6022|1|2|0|0|240000|1|7997|244692
1200000|1|6022|1|2|1|2|240000|1|7997|251634
1200000|1|6022|1|2|0|0|240000|2|16001|246096
1200000|1|6022|1|2|1|2|240000|2|16001|256353
1200000|1|6022|1|2|0|0|240000|3|24007|247344
1200000|1|6022|1|2|1|2|240000|3|24007|261228
1200000|1|6022|1|2|0|0|240000|4|32015|249138
1200000|1|6022|1|2|1|2|240000|4|32015|266883
1200000|1|6022|1|3|0|0|240000|0|0|201852
1200000|1|6022|1|3|1|2|240000|0|0|205185
1200000|1|6022|1|3|0|0|240000|1|7981|203391
1200000|1|6022|1|3|1|2|240000|1|7981|210177
1200000|1|6022|1|3|0|0|240000|2|15974|205497
1200000|1|6022|1|3|1|2|240000|2|15974|215208
1200000|1|6022|1|3|0|0|240000|3|23975|207642
1200000|1|6022|1|3|1|2|240000|3|23975|220005
1200000|1|6022|1|3|0|0|240000|4|31980|209670
1200000|1|6022|1|3|1|2|240000|4|31980|224685
1200000|1|6022|1|4|0|0|240000|0|0|213786
1200000|1|6022|1|4|1|2|240000|0|0|215559
1200000|1|6022|1|4|0|0|240000|1|7982|216963
1200000|1|6022|1|4|1|2|240000|1|7982|220980
1200000|1|6022|1|4|0|0|240000|2|15976|221175
1200000|1|6022|1|4|1|2|240000|2|15976|226362
1200000|1|6022|1|4|0|0|240000|3|23978|225621
1200000|1|6022|1|4|1|2|240000|3|23978|232212
1200000|1|6022|1|4|0|0|240000|4|31985|230262
1200000|1|6022|1|4|1|2|240000|4|31985|238023
1200000|1|6022|1|5|0|0|240000|0|0|259845
1200000|1|6022|1|5|1|2|240000|0|0|277491
1200000|1|6022|1|5|0|0|240000|1|8005|264114
1200000|1|6022|1|5|1|2|240000|1|8005|281664
1200000|1|6022|1|5|0|0|240000|2|16013|269028
1200000|1|6022|1|5|1|2|240000|2|16013|286539
1200000|1|6022|1|5|0|0|240000|3|24023|273903
1200000|1|6022|1|5|1|2|240000|3|24023|292068
1200000|1|6022|1|5|0|0|240000|4|32034|279012
1200000|1|6022|1|5|1|2|240000|4|32034|298188
1200000|1|6023|1|1|0|0|240000|0|0|260430
1200000|1|6023|1|1|1|2|240000|0|0|259668
1200000|1|6023|1|1|0|0|240000|1|7986|265206
1200000|1|6023|1|1|1|2|240000|1|7986|264582
1200000|1|6023|1|1|0|0|240000|2|15983|269964
1200000|1|6023|1|1|1|2|240000|2|15983|270900
1200000|1|6023|1|1|0|0|240000|3|23986|274527
1200000|1|6023|1|1|1|2|240000|3|23986|278115
1200000|1|6023|1|1|0|0|240000|4|31995|278817
1200000|1|6023|1|1|1|2|240000|4|31995|285447
1200000|1|6023|1|2|0|0|240000|0|1|213747
1200000|1|6023|1|2|1|2|240000|0|1|220710
1200000|1|6023|1|2|0|0|240000|1|7983|216534
1200000|1|6023|1|2|1|2|240000|1|7983|228585
1200000|1|6023|1|2|0|0|240000|2|15979|219810
1200000|1|6023|1|2|1|2|240000|2|15979|237477
1200000|1|6023|1|2|0|0|240000|3|23984|223281
1200000|1|6023|1|2|1|2|240000|3|23984|246720
1200000|1|6023|1|2|0|0|240000|4|31994|227337
1200000|1|6023|1|2|1|2|240000|4|31994|255495
1200000|1|6023|1|3|0|0|240000|0|0|216048
1200000|1|6023|1|3|1|2|240000|0|0|224139
1200000|1|6023|1|3|0|0|240000|1|7984|219342
1200000|1|6023|1|3|1|2|240000|1|7984|232446
1200000|1|6023|1|3|0|0|240000|2|15982|223359
1200000|1|6023|1|3|1|2|240000|2|15982|240168
1200000|1|6023|1|3|0|0|240000|3|23988|227571
1200000|1|6023|1|3|1|2|240000|3|23988|250386
1200000|1|6023|1|3|0|0|240000|4|31999|231861
1200000|1|6023|1|3|1|2|240000|4|31999|260643
1200000|1|6023|1|4|0|0|240000|0|0|222444
1200000|1|6023|1|4|1|2|240000|0|0|230145
1200000|1|6023|1|4|0|0|240000|1|7986|226440
1200000|1|6023|1|4|1|2|240000|1|7986|240402
1200000|1|6023|1|4|0|0|240000|2|15987|231003
1200000|1|6023|1|4|1|2|240000|2|15987|251556
1200000|1|6023|1|4|0|0|240000|3|23995|235527
1200000|1|6023|1|4|1|2|240000|3|23995|262905
1200000|1|6023|1|4|0|0|240000|4|32009|239544
1200000|1|6023|1|4|1|2|240000|4|32009|274722
1200000|1|6023|1|5|0|0|240000|0|0|254307
1200000|1|6023|1|5|1|2|240000|0|0|260136
1200000|1|6023|1|5|0|0|240000|1|7986|258499
1200000|1|6023|1|5|1|2|240000|1|7986|270627
1200000|1|6023|1|5|0|0|240000|2|15987|262983
1200000|1|6023|1|5|1|2|240000|2|15987|281196
1200000|1|6023|1|5|0|0|240000|3|23996|267741
1200000|1|6023|1|5|1|2|240000|3|23996|292389
1200000|1|6023|1|5|0|0|240000|4|32010|272343
1200000|1|6023|1|5|1|2|240000|4|32010|303582
1200000|1|6024|1|1|0|0|240000|0|0|249978
1200000|1|6024|1|1|1|2|240000|0|0|260292
1200000|1|6024|1|1|0|0|240000|1|7989|252726
1200000|1|6024|1|1|1|2|240000|1|7989|271524
1200000|1|6024|1|1|0|0|240000|2|15991|255612
1200000|1|6024|1|1|1|2|240000|2|15991|283419
1200000|1|6024|1|1|0|0|240000|3|24001|258303
1200000|1|6024|1|1|1|2|240000|3|24001|296094
1200000|1|6024|1|1|0|0|240000|4|32018|260448
1200000|1|6024|1|1|1|2|240000|4|32018|309120
1200000|1|6024|1|2|0|0|240000|0|0|212382
1200000|1|6024|1|2|1|2|240000|0|0|225621
1200000|1|6024|1|2|0|0|240000|1|7990|213609
1200000|1|6024|1|2|1|2|240000|1|7990|237321
1200000|1|6024|1|2|0|0|240000|2|15993|216066
1200000|1|6024|1|2|1|2|240000|2|15993|249684
1200000|1|6024|1|2|0|0|240000|3|24004|218094
1200000|1|6024|1|2|1|2|240000|3|24004|262398
1200000|1|6024|1|2|0|0|240000|4|32020|219849
1200000|1|6024|1|2|1|2|240000|4|32020|276321
1200000|1|6024|1|3|0|0|240000|0|0|250329
1200000|1|6024|1|3|1|2|240000|0|0|260721
1200000|1|6024|1|3|0|0|240000|1|7989|253116
1200000|1|6024|1|3|1|2|240000|1|7989|272148
1200000|1|6024|1|3|0|0|240000|2|15992|256041
1200000|1|6024|1|3|1|2|240000|2|15992|284433
1200000|1|6024|1|3|0|0|240000|3|24003|257952
1200000|1|6024|1|3|1|2|240000|3|24003|297030
1200000|1|6024|1|3|0|0|240000|4|32019|260760
1200000|1|6024|1|3|1|2|240000|4|32019|310212
1200000|1|6024|1|4|0|0|240000|0|0|243933
1200000|1|6024|1|4|1|2|240000|0|0|253545
1200000|1|6024|1|4|0|0|240000|1|7988|246720
1200000|1|6024|1|4|1|2|240000|1|7988|264660
1200000|1|6024|1|4|0|0|240000|2|15990|248943
1200000|1|6024|1|4|1|2|240000|2|15990|276828
1200000|1|6024|1|4|0|0|240000|3|24001|250620
1200000|1|6024|1|4|1|2|240000|3|24001|289191
1200000|1|6024|1|4|0|0|240000|4|32016|252258
1200000|1|6024|1|4|1|2|240000|4|32016|302685
1200000|1|6024|1|5|0|0|240000|0|0|245493
1200000|1|6024|1|5|1|2|240000|0|0|256119
1200000|1|6024|1|5|0|0|240000|1|7988|247656
1200000|1|6024|1|5|1|2|240000|1|7988|267429
1200000|1|6024|1|5|0|0|240000|2|15989|249060
1200000|1|6024|1|5|1|2|240000|2|15989|279558
1200000|1|6024|1|5|0|0|240000|3|23999|250074
1200000|1|6024|1|5|1|2|240000|3|23999|292155
1200000|1|6024|1|5|0|0|240000|4|32014|251985
1200000|1|6024|1|5|1|2|240000|4|32014|305337
1200000|1|6025|1|1|0|0|240000|0|0|239331
1200000|1|6025|1|1|1|2|240000|0|0|250425
1200000|1|6025|1|1|0|0|240000|1|7987|240558
1200000|1|6025|1|1|1|2|240000|1|7987|260643
1200000|1|6025|1|1|0|0|240000|2|15987|241572
1200000|1|6025|1|1|1|2|240000|2|15987|272538
1200000|1|6025|1|1|0|0|240000|3|23997|242040
1200000|1|6025|1|1|1|2|240000|3|23997|284823
1200000|1|6025|1|1|0|0|240000|4|32011|243210
1200000|1|6025|1|1|1|2|240000|4|32011|296757
1200000|1|6025|1|2|0|0|240000|0|0|201735
1200000|1|6025|1|2|1|2|240000|0|0|208461
1200000|1|6025|1|2|0|0|240000|1|8002|202767
1200000|1|6025|1|2|1|2|240000|1|8002|218562
1200000|1|6025|1|2|0|0|240000|2|16011|204834
1200000|1|6025|1|2|1|2|240000|2|16011|229950
1200000|1|6025|1|2|0|0|240000|3|24027|206511
1200000|1|6025|1|2|1|2|240000|3|24027|240168
1200000|1|6025|1|2|0|0|240000|4|32044|208032
1200000|1|6025|1|2|1|2|240000|4|32044|251205
1200000|1|6025|1|3|0|0|240000|0|0|235782
1200000|1|6025|1|3|1|2|240000|0|0|244887
1200000|1|6025|1|3|0|0|240000|1|7985|238179
1200000|1|6025|1|3|1|2|240000|1|7985|254403
1200000|1|6025|1|3|0|0|240000|2|15986|240870
1200000|1|6025|1|3|1|2|240000|2|15986|265557
1200000|1|6025|1|3|0|0|240000|3|23994|243483
1200000|1|6025|1|3|1|2|240000|3|23994|276594
1200000|1|6025|1|3|0|0|240000|4|32008|246447
1200000|1|6025|1|3|1|2|240000|4|32008|287943
1200000|1|6025|1|4|0|0|240000|0|0|247209
1200000|1|6025|1|4|1|2|240000|0|0|254637
1200000|1|6025|1|4|0|0|240000|1|7987|249411
1200000|1|6025|1|4|1|2|240000|1|7987|265869
1200000|1|6025|1|4|0|0|240000|2|15988|251829
1200000|1|6025|1|4|1|2|240000|2|15988|278076
1200000|1|6025|1|4|0|0|240000|3|23999|253662
1200000|1|6025|1|4|1|2|240000|3|23999|290010
1200000|1|6025|1|4|0|0|240000|4|32013|255768
1200000|1|6025|1|4|1|2|240000|4|32013|302178
1200000|1|6025|1|5|0|0|240000|0|0|213084
1200000|1|6025|1|5|1|2|240000|0|0|223203
1200000|1|6025|1|5|0|0|240000|1|7987|213921
1200000|1|6025|1|5|1|2|240000|1|7987|233577
1200000|1|6025|1|5|0|0|240000|2|15986|214935
1200000|1|6025|1|5|1|2|240000|2|15986|244302
1200000|1|6025|1|5|0|0|240000|3|23994|216066
1200000|1|6025|1|5|1|2|240000|3|23994|254520
1200000|1|6025|1|5|0|0|240000|4|32006|217938
1200000|1|6025|1|5|1|2|240000|4|32006|264036
1200000|1|6026|1|1|0|0|240000|0|0|248808
1200000|1|6026|1|1|1|2|240000|0|0|253272
1200000|1|6026|1|1|0|0|240000|1|7983|251790
1200000|1|6026|1|1|1|2|240000|1|7983|261618
1200000|1|6026|1|1|0|0|240000|2|15981|254676
1200000|1|6026|1|1|1|2|240000|2|15981|271095
1200000|1|6026|1|1|0|0|240000|3|23987|256587
1200000|1|6026|1|1|1|2|240000|3|23987|280962
1200000|1|6026|1|1|0|0|240000|4|31999|259083
1200000|1|6026|1|1|1|2|240000|4|31999|290439
1200000|1|6026|1|2|0|0|240000|0|0|247638
1200000|1|6026|1|2|1|2|240000|0|0|252024
1200000|1|6026|1|2|0|0|240000|1|7983|250035
1200000|1|6026|1|2|1|2|240000|1|7983|259161
1200000|1|6026|1|2|0|0|240000|2|15979|251673
1200000|1|6026|1|2|1|2|240000|2|15979|267351
1200000|1|6026|1|2|0|0|240000|3|23984|253428
1200000|1|6026|1|2|1|2|240000|3|23984|275697
1200000|1|6026|1|2|0|0|240000|4|31993|255963
1200000|1|6026|1|2|1|2|240000|4|31993|283653
1200000|1|6026|1|3|0|0|240000|0|0|205401
1200000|1|6026|1|3|1|2|240000|0|0|211035
1200000|1|6026|1|3|0|0|240000|1|7986|206823
1200000|1|6026|1|3|1|2|240000|1|7986|217782
1200000|1|6026|1|3|0|0|240000|2|15984|208851
1200000|1|6026|1|3|1|2|240000|2|15984|225075
1200000|1|6026|1|3|0|0|240000|3|23990|210450
1200000|1|6026|1|3|1|2|240000|3|23990|232953
1200000|1|6026|1|3|0|0|240000|4|32000|211620
1200000|1|6026|1|3|1|2|240000|4|32000|240597
1200000|1|6026|1|4|0|0|240000|0|0|245571
1200000|1|6026|1|4|1|2|240000|0|0|246798
1200000|1|6026|1|4|0|0|240000|1|7981|248046
1200000|1|6026|1|4|1|2|240000|1|7981|252726
1200000|1|6026|1|4|0|0|240000|2|15976|250230
1200000|1|6026|1|4|1|2|240000|2|15976|258810
1200000|1|6026|1|4|0|0|240000|3|23980|251829
1200000|1|6026|1|4|1|2|240000|3|23980|265479
1200000|1|6026|1|4|0|0|240000|4|31988|253935
1200000|1|6026|1|4|1|2|240000|4|31988|271914
1200000|1|6026|1|5|0|0|240000|0|0|244713
1200000|1|6026|1|5|1|2|240000|0|0|246642
1200000|1|6026|1|5|0|0|240000|1|7998|247071
1200000|1|6026|1|5|1|2|240000|1|7998|251127
1200000|1|6026|1|5|0|0|240000|2|16002|248660
1200000|1|6026|1|5|1|2|240000|2|16002|255729
1200000|1|6026|1|5|0|0|240000|3|24010|250802
1200000|1|6026|1|5|1|2|240000|3|24010|261374
1200000|1|6026|1|5|0|0|240000|4|32021|252678
1200000|1|6026|1|5|1|2|240000|4|32021|266364
1200000|1|6027|1|1|0|0|240000|0|0|243223
1200000|1|6027|1|1|1|2|240000|0|0|244497
1200000|1|6027|1|1|0|0|240000|1|7978|245034
1200000|1|6027|1|1|1|2|240000|1|7978|248670
1200000|1|6027|1|1|0|0|240000|2|15971|245970
1200000|1|6027|1|1|1|2|240000|2|15971|253350
1200000|1|6027|1|1|0|0|240000|3|23971|247140
1200000|1|6027|1|1|1|2|240000|3|23971|258420
1200000|1|6027|1|1|0|0|240000|4|31976|249402
1200000|1|6027|1|1|1|2|240000|4|31976|262281
1200000|1|6027|1|2|0|0|240000|0|0|244273
1200000|1|6027|1|2|1|2|240000|0|0|254198
1200000|1|6027|1|2|0|0|240000|1|8000|248466
1200000|1|6027|1|2|1|2|240000|1|8000|263168
1200000|1|6027|1|2|0|0|240000|2|16006|252367
1200000|1|6027|1|2|1|2|240000|2|16006|272762
1200000|1|6027|1|2|0|0|240000|3|24018|254588
1200000|1|6027|1|2|1|2|240000|3|24018|280911
1200000|1|6027|1|2|0|0|240000|4|32030|256613
1200000|1|6027|1|2|1|2|240000|4|32030|288012
1200000|1|6027|1|3|0|0|240000|0|0|245327
1200000|1|6027|1|3|1|2|240000|0|0|247139
1200000|1|6027|1|3|0|0|240000|1|7997|246944
1200000|1|6027|1|3|1|2|240000|1|7997|251702
1200000|1|6027|1|3|0|0|240000|2|16000|247607
1200000|1|6027|1|3|1|2|240000|2|16000|256345
1200000|1|6027|1|3|0|0|240000|3|24005|249715
1200000|1|6027|1|3|1|2|240000|3|24005|261140
1200000|1|6027|1|3|0|0|240000|4|32013|252718
1200000|1|6027|1|3|1|2|240000|4|32013|265118
1200000|1|6027|1|4|0|0|240000|0|0|210696
1200000|1|6027|1|4|1|2|240000|0|0|213804
1200000|1|6027|1|4|0|0|240000|1|7981|212470
1200000|1|6027|1|4|1|2|240000|1|7981|218913
1200000|1|6027|1|4|0|0|240000|2|15974|215511
1200000|1|6027|1|4|1|2|240000|2|15974|224295
1200000|1|6027|1|4|0|0|240000|3|23975|218476
1200000|1|6027|1|4|1|2|240000|3|23975|229092
1200000|1|6027|1|4|0|0|240000|4|31979|221789
1200000|1|6027|1|4|1|2|240000|4|31979|233616
1200000|1|6027|1|5|0|0|240000|0|0|251918
1200000|1|6027|1|5|1|2|240000|0|0|272023
1200000|1|6027|1|5|0|0|240000|1|8004|254978
1200000|1|6027|1|5|1|2|240000|1|8004|275531
1200000|1|6027|1|5|0|0|240000|2|16010|258332
1200000|1|6027|1|5|1|2|240000|2|16010|279081
1200000|1|6027|1|5|0|0|240000|3|24018|261684
1200000|1|6027|1|5|1|2|240000|3|24018|283411
1200000|1|6027|1|5|0|0|240000|4|32028|265118
1200000|1|6027|1|5|1|2|240000|4|32028|287658
1200000|1|6028|1|1|0|0|240000|0|0|215805
1200000|1|6028|1|1|1|2|240000|0|0|214272
1200000|1|6028|1|1|0|0|240000|1|7982|219878
1200000|1|6028|1|1|1|2|240000|1|7982|218562
1200000|1|6028|1|1|0|0|240000|2|15977|224520
1200000|1|6028|1|1|1|2|240000|2|15977|223554
1200000|1|6028|1|1|0|0|240000|3|23979|229161
1200000|1|6028|1|1|1|2|240000|3|23979|228936
1200000|1|6028|1|1|0|0|240000|4|31985|234581
1200000|1|6028|1|1|1|2|240000|4|31985|234669
1200000|1|6028|1|2|0|0|240000|0|0|261084
1200000|1|6028|1|2|1|2|240000|0|0|282474
1200000|1|6028|1|2|0|0|240000|1|8005|266600
1200000|1|6028|1|2|1|2|240000|1|8005|287778
1200000|1|6028|1|2|0|0|240000|2|16013|272138
1200000|1|6028|1|2|1|2|240000|2|16013|294409
1200000|1|6028|1|2|0|0|240000|3|24025|277286
1200000|1|6028|1|2|1|2|240000|3|24025|301582
1200000|1|6028|1|2|0|0|240000|4|32037|282707
1200000|1|6028|1|2|1|2|240000|4|32037|308721
1200000|1|6028|1|3|0|0|240000|0|0|251491
1200000|1|6028|1|3|1|2|240000|0|0|252300
1200000|1|6028|1|3|0|0|240000|1|7986|256927
1200000|1|6028|1|3|1|2|240000|1|7986|258342
1200000|1|6028|1|3|0|0|240000|2|15983|262155
1200000|1|6028|1|3|1|2|240000|2|15983|265323
1200000|1|6028|1|3|0|0|240000|3|23987|267341
1200000|1|6028|1|3|1|2|240000|3|23987|273581
1200000|1|6028|1|3|0|0|240000|4|31996|272802
1200000|1|6028|1|3|1|2|240000|4|31996|281889
1200000|1|6028|1|4|0|0|240000|0|0|222444
1200000|1|6028|1|4|1|2|240000|0|0|230691
1200000|1|6028|1|4|0|0|240000|1|7983|226713
1200000|1|6028|1|4|1|2|240000|1|7983|239934
1200000|1|6028|1|4|0|0|240000|2|15979|231471
1200000|1|6028|1|4|1|2|240000|2|15979|249333
1200000|1|6028|1|4|0|0|240000|3|23983|236736
1200000|1|6028|1|4|1|2|240000|3|23983|259200
1200000|1|6028|1|4|0|0|240000|4|31993|241884
1200000|1|6028|1|4|1|2|240000|4|31993|269964
1200000|1|6028|1|5|0|0|240000|0|0|220650
1200000|1|6028|1|5|1|2|240000|0|0|229014
1200000|1|6028|1|5|0|0|240000|1|7983|223593
1200000|1|6028|1|5|1|2|240000|1|7983|238530
1200000|1|6028|1|5|0|0|240000|2|15981|226713
1200000|1|6028|1|5|1|2|240000|2|15981|248475
1200000|1|6028|1|5|0|0|240000|3|23987|228897
1200000|1|6028|1|5|1|2|240000|3|23987|258420
1200000|1|6028|1|5|0|0|240000|4|31998|230964
1200000|1|6028|1|5|1|2|240000|4|31998|268482
1200000|1|6029|1|1|0|0|240000|0|0|209769
1200000|1|6029|1|1|1|2|240000|0|0|217626
1200000|1|6029|1|1|0|0|240000|1|7983|211074
1200000|1|6029|1|1|1|2|240000|1|7983|225153
1200000|1|6029|1|1|0|0|240000|2|15979|212322
1200000|1|6029|1|1|1|2|240000|2|15979|233265
1200000|1|6029|1|1|0|0|240000|3|23984|213531
1200000|1|6029|1|1|1|2|240000|3|23984|241728
1200000|1|6029|1|1|0|0|240000|4|31994|215481
1200000|1|6029|1|1|1|2|240000|4|31994|250035
1200000|1|6029|1|2|0|0|240000|0|0|191127
1200000|1|6029|1|2|1|2|240000|0|0|198285
1200000|1|6029|1|2|0|0|240000|1|7982|191418
1200000|1|6029|1|2|1|2|240000|1|7982|205302
1200000|1|6029|1|2|0|0|240000|2|15977|193173
1200000|1|6029|1|2|1|2|240000|2|15977|212790
1200000|1|6029|1|2|0|0|240000|3|23981|194304
1200000|1|6029|1|2|1|2|240000|3|23981|220668
1200000|1|6029|1|2|0|0|240000|4|31989|195513
1200000|1|6029|1|2|1|2|240000|4|31989|228975
1200000|1|6029|1|3|0|0|240000|0|0|212070
1200000|1|6029|1|3|1|2|240000|0|0|217782
1200000|1|6029|1|3|0|0|240000|1|7980|213609
1200000|1|6029|1|3|1|2|240000|1|7980|224256
1200000|1|6029|1|3|0|0|240000|2|15975|214935
1200000|1|6029|1|3|1|2|240000|2|15975|231510
1200000|1|6029|1|3|0|0|240000|3|23978|215949
1200000|1|6029|1|3|1|2|240000|3|23978|238959
1200000|1|6029|1|3|0|0|240000|4|31986|217353
1200000|1|6029|1|3|1|2|240000|4|31986|245979
1200000|1|6029|1|4|0|0|240000|0|0|246187
1200000|1|6029|1|4|1|2|240000|0|0|249519
1200000|1|6029|1|4|0|0|240000|1|8000|248778
1200000|1|6029|1|4|1|2|240000|1|8000|255092
1200000|1|6029|1|4|0|0|240000|2|16006|251041
1200000|1|6029|1|4|1|2|240000|2|16006|261023
1200000|1|6029|1|4|0|0|240000|3|24016|252326
1200000|1|6029|1|4|1|2|240000|3|24016|267928
1200000|1|6029|1|4|0|0|240000|4|32029|254315
1200000|1|6029|1|4|1|2|240000|4|32029|273656
1200000|1|6029|1|5|0|0|240000|0|0|249735
1200000|1|6029|1|5|1|2|240000|0|0|251817
1200000|1|6029|1|5|0|0|240000|1|8006|252678
1200000|1|6029|1|5|1|2|240000|1|8006|256500
1200000|1|6029|1|5|0|0|240000|2|16013|255873
1200000|1|6029|1|5|1|2|240000|2|16013|261764
1200000|1|6029|1|5|0|0|240000|3|24023|258880
1200000|1|6029|1|5|1|2|240000|3|24023|267420
1200000|1|6029|1|5|0|0|240000|4|32035|261024
1200000|1|6029|1|5|1|2|240000|4|32035|273037
1200000|1|6030|1|1|0|0|240000|0|0|217023
1200000|1|6030|1|1|1|2|240000|0|0|204717
1200000|1|6030|1|1|0|0|240000|1|7984|219108
1200000|1|6030|1|1|1|2|240000|1|7984|204717
1200000|1|6030|1|1|0|0|240000|2|15979|222141
1200000|1|6030|1|1|1|2|240000|2|15979|206316
1200000|1|6030|1|1|0|0|240000|3|23981|225728
1200000|1|6030|1|1|1|2|240000|3|23981|209085
1200000|1|6030|1|1|0|0|240000|4|31987|228031
1200000|1|6030|1|1|1|2|240000|4|31987|212907
1200000|1|6030|1|2|0|0|240000|0|0|214683
1200000|1|6030|1|2|1|2|240000|0|0|213609
1200000|1|6030|1|2|0|0|240000|1|7983|217236
1200000|1|6030|1|2|1|2|240000|1|7983|216066
1200000|1|6030|1|2|0|0|240000|2|15979|220239
1200000|1|6030|1|2|1|2|240000|2|15979|219264
1200000|1|6030|1|2|0|0|240000|3|23981|223359
1200000|1|6030|1|2|1|2|240000|3|23981|223905
1200000|1|6030|1|2|0|0|240000|4|31988|226947
1200000|1|6030|1|2|1|2|240000|4|31988|229092
1200000|1|6030|1|3|0|0|240000|0|0|196002
1200000|1|6030|1|3|1|2|240000|0|0|200700
1200000|1|6030|1|3|0|0|240000|1|7981|197151
1200000|1|6030|1|3|1|2|240000|1|7981|205536
1200000|1|6030|1|3|0|0|240000|2|15975|199374
1200000|1|6030|1|3|1|2|240000|2|15975|211230
1200000|1|6030|1|3|0|0|240000|3|23977|201714
1200000|1|6030|1|3|1|2|240000|3|23977|217119
1200000|1|6030|1|3|0|0|240000|4|31983|203547
1200000|1|6030|1|3|1|2|240000|4|31983|223086
1200000|1|6030|1|4|0|0|240000|0|0|248252
1200000|1|6030|1|4|1|2|240000|0|0|246633
1200000|1|6030|1|4|0|0|240000|1|7998|251625
1200000|1|6030|1|4|1|2|240000|1|7998|251274
1200000|1|6030|1|4|0|0|240000|2|16007|254937
1200000|1|6030|1|4|1|2|240000|2|16007|255797
1200000|1|6030|1|4|0|0|240000|3|24017|257437
1200000|1|6030|1|4|1|2|240000|3|24017|260747
1200000|1|6030|1|4|0|0|240000|4|32029|259659
1200000|1|6030|1|4|1|2|240000|4|32029|266289
1200000|1|6030|1|5|0|0|240000|0|0|247706
1200000|1|6030|1|5|1|2|240000|0|0|245472
1200000|1|6030|1|5|0|0|240000|1|7983|249479
1200000|1|6030|1|5|1|2|240000|1|7983|248553
1200000|1|6030|1|5|0|0|240000|2|15978|251274
1200000|1|6030|1|5|1|2|240000|2|15978|252726
1200000|1|6030|1|5|0|0|240000|3|23980|253497
1200000|1|6030|1|5|1|2|240000|3|23980|257172
1200000|1|6030|1|5|0|0|240000|4|31986|255213
1200000|1|6030|1|5|1|2|240000|4|31986|261462
1200000|1|6031|1|1|0|0|240000|0|0|245991
1200000|1|6031|1|1|1|2|240000|0|0|241953
1200000|1|6031|1|1|0|0|240000|1|7996|249945
1200000|1|6031|1|1|1|2|240000|1|7996|243900
1200000|1|6031|1|1|0|0|240000|2|16000|252794
1200000|1|6031|1|1|1|2|240000|2|16000|246903
1200000|1|6031|1|1|0|0|240000|3|24008|254120
1200000|1|6031|1|1|1|2|240000|3|24008|251624
1200000|1|6031|1|1|0|0|240000|4|32019|255133
1200000|1|6031|1|1|1|2|240000|4|32019|255487
1200000|1|6031|1|2|0|0|240000|0|0|253247
1200000|1|6031|1|2|1|2|240000|0|0|253260
1200000|1|6031|1|2|0|0|240000|1|7996|254433
1200000|1|6031|1|2|1|2|240000|1|7996|255368
1200000|1|6031|1|2|0|0|240000|2|16000|255836
1200000|1|6031|1|2|1|2|240000|2|16000|258138
1200000|1|6031|1|2|0|0|240000|3|24005|257866
1200000|1|6031|1|2|1|2|240000|3|24005|261960
1200000|1|6031|1|2|0|0|240000|4|32013|260128
1200000|1|6031|1|2|1|2|240000|4|32013|266172
1200000|1|6031|1|3|0|0|240000|0|0|196197
1200000|1|6031|1|3|1|2|240000|0|0|195786
1200000|1|6031|1|3|0|0|240000|1|7983|198945
1200000|1|6031|1|3|1|2|240000|1|7983|198204
1200000|1|6031|1|3|0|0|240000|2|15977|202689
1200000|1|6031|1|3|1|2|240000|2|15977|201831
1200000|1|6031|1|3|0|0|240000|3|23978|206550
1200000|1|6031|1|3|1|2|240000|3|23978|206394
1200000|1|6031|1|3|0|0|240000|4|31984|210840
1200000|1|6031|1|3|1|2|240000|4|31984|211542
1200000|1|6031|1|4|0|0|240000|0|0|261436
1200000|1|6031|1|4|1|2|240000|0|0|263598
1200000|1|6031|1|4|0|0|240000|1|7999|265080
1200000|1|6031|1|4|1|2|240000|1|7999|269759
1200000|1|6031|1|4|0|0|240000|2|16005|268940
1200000|1|6031|1|4|1|2|240000|2|16005|276351
1200000|1|6031|1|4|0|0|240000|3|24014|272448
1200000|1|6031|1|4|1|2|240000|3|24014|283956
1200000|1|6031|1|4|0|0|240000|4|32027|275570
1200000|1|6031|1|4|1|2|240000|4|32027|290624
1200000|1|6031|1|5|0|0|240000|0|0|242178
1200000|1|6031|1|5|1|2|240000|0|0|266678
1200000|1|6031|1|5|0|0|240000|1|8006|244887
1200000|1|6031|1|5|1|2|240000|1|8006|271711
1200000|1|6031|1|5|0|0|240000|2|16015|247335
1200000|1|6031|1|5|1|2|240000|2|16015|277599
1200000|1|6031|1|5|0|0|240000|3|24026|249441
1200000|1|6031|1|5|1|2|240000|3|24026|284268
1200000|1|6031|1|5|0|0|240000|4|32039|250533
1200000|1|6031|1|5|1|2|240000|4|32039|289960
1200000|1|6032|1|1|0|0|240000|0|0|192960
1200000|1|6032|1|1|1|2|240000|0|0|195240
1200000|1|6032|1|1|0|0|240000|1|7983|193641
1200000|1|6032|1|1|1|2|240000|1|7983|199335
1200000|1|6032|1|1|0|0|240000|2|15977|194577
1200000|1|6032|1|1|1|2|240000|2|15977|204873
1200000|1|6032|1|1|0|0|240000|3|23979|196020
1200000|1|6032|1|1|1|2|240000|3|23979|209553
1200000|1|6032|1|1|0|0|240000|4|31983|198048
1200000|1|6032|1|1|1|2|240000|4|31983|214584
1200000|1|6032|1|2|0|0|240000|0|0|245251
1200000|1|6032|1|2|1|2|240000|0|0|243123
1200000|1|6032|1|2|0|0|240000|1|8002|250064
1200000|1|6032|1|2|1|2|240000|1|8002|245618
1200000|1|6032|1|2|0|0|240000|2|16008|253533
1200000|1|6032|1|2|1|2|240000|2|16008|249398
1200000|1|6032|1|2|0|0|240000|3|24016|256032
1200000|1|6032|1|2|1|2|240000|3|24016|254237
1200000|1|6032|1|2|0|0|240000|4|32027|258528
1200000|1|6032|1|2|1|2|240000|4|32027|258567
1200000|1|6032|1|3|0|0|240000|0|1|197640
1200000|1|6032|1|3|1|2|240000|0|1|196137
1200000|1|6032|1|3|0|0|240000|1|7980|198711
1200000|1|6032|1|3|1|2|240000|1|7980|198516
1200000|1|6032|1|3|0|0|240000|2|15972|200466
1200000|1|6032|1|3|1|2|240000|2|15972|202377
1200000|1|6032|1|3|0|0|240000|3|23972|202962
1200000|1|6032|1|3|1|2|240000|3|23972|206121
1200000|1|6032|1|3|0|0|240000|4|31976|206043
1200000|1|6032|1|3|1|2|240000|4|31976|209709
1200000|1|6032|1|4|0|0|240000|0|0|253128
1200000|1|6032|1|4|1|2|240000|0|0|271162
1200000|1|6032|1|4|0|0|240000|1|8002|256187
1200000|1|6032|1|4|1|2|240000|1|8002|272880
1200000|1|6032|1|4|0|0|240000|2|16008|258683
1200000|1|6032|1|4|1|2|240000|2|16008|274907
1200000|1|6032|1|4|0|0|240000|3|24015|261258
1200000|1|6032|1|4|1|2|240000|3|24015|277325
1200000|1|6032|1|4|0|0|240000|4|32023|264650
1200000|1|6032|1|4|1|2|240000|4|32023|280950
1200000|1|6032|1|5|0|0|240000|0|0|250163
1200000|1|6032|1|5|1|2|240000|0|0|241407
1200000|1|6032|1|5|0|0|240000|1|7994|254083
1200000|1|6032|1|5|1|2|240000|1|7994|240470
1200000|1|6032|1|5|0|0|240000|2|15997|258137
1200000|1|6032|1|5|1|2|240000|2|15997|241407
1200000|1|6032|1|5|0|0|240000|3|24002|261995
1200000|1|6032|1|5|1|2|240000|3|24002|243825
1200000|1|6032|1|5|0|0|240000|4|32009|265665
1200000|1|6032|1|5|1|2|240000|4|32009|246945
1200000|1|6033|1|1|0|0|240000|0|0|222278
1200000|1|6033|1|1|1|2|240000|0|0|218367
1200000|1|6033|1|1|0|0|240000|1|7981|227639
1200000|1|6033|1|1|1|2|240000|1|7981|220434
1200000|1|6033|1|1|0|0|240000|2|15973|233607
1200000|1|6033|1|1|1|2|240000|2|15973|223983
1200000|1|6033|1|1|0|0|240000|3|23973|240314
1200000|1|6033|1|1|1|2|240000|3|23973|228078
1200000|1|6033|1|1|0|0|240000|4|31976|246790
1200000|1|6033|1|1|1|2|240000|4|31976|232641
1200000|1|6033|1|2|0|0|240000|0|1|262643
1200000|1|6033|1|2|1|2|240000|0|1|257633
1200000|1|6033|1|2|0|0|240000|1|7998|268551
1200000|1|6033|1|2|1|2|240000|1|7998|260946
1200000|1|6033|1|2|0|0|240000|2|16003|274556
1200000|1|6033|1|2|1|2|240000|2|16003|266133
1200000|1|6033|1|2|0|0|240000|3|24012|280133
1200000|1|6033|1|2|1|2|240000|3|24012|272216
1200000|1|6033|1|2|0|0|240000|4|32023|285906
1200000|1|6033|1|2|1|2|240000|4|32023|278611
1200000|1|6033|1|3|0|0|240000|0|0|200643
1200000|1|6033|1|3|1|2|240000|0|0|201090
1200000|1|6033|1|3|0|0|240000|1|7983|203079
1200000|1|6033|1|3|1|2|240000|1|7983|205224
1200000|1|6033|1|3|0|0|240000|2|15978|206628
1200000|1|6033|1|3|1|2|240000|2|15978|210801
1200000|1|6033|1|3|0|0|240000|3|23980|210294
1200000|1|6033|1|3|1|2|240000|3|23980|217080
1200000|1|6033|1|3|0|0|240000|4|31987|214272
1200000|1|6033|1|3|1|2|240000|4|31987|223515
1200000|1|6033|1|4|0|0|240000|0|0|252270
1200000|1|6033|1|4|1|2|240000|0|0|275921
1200000|1|6033|1|4|0|0|240000|1|8005|255643
1200000|1|6033|1|4|1|2|240000|1|8005|280445
1200000|1|6033|1|4|0|0|240000|2|16014|259151
1200000|1|6033|1|4|1|2|240000|2|16014|286063
1200000|1|6033|1|4|0|0|240000|3|24025|262039
1200000|1|6033|1|4|1|2|240000|3|24025|292026
1200000|1|6033|1|4|0|0|240000|4|32038|264417
1200000|1|6033|1|4|1|2|240000|4|32038|298347
1200000|1|6033|1|5|0|0|240000|0|0|193389
1200000|1|6033|1|5|1|2|240000|0|0|194187
1200000|1|6033|1|5|0|0|240000|1|7984|194421
1200000|1|6033|1|5|1|2|240000|1|7984|197346
1200000|1|6033|1|5|0|0|240000|2|15978|196371
1200000|1|6033|1|5|1|2|240000|2|15978|202143
1200000|1|6033|1|5|0|0|240000|3|23980|198165
1200000|1|6033|1|5|1|2|240000|3|23980|207486
1200000|1|6033|1|5|0|0|240000|4|31986|199803
1200000|1|6033|1|5|1|2|240000|4|31986|212829
1200000|1|6034|1|1|0|0|240000|0|0|215805
1200000|1|6034|1|1|1|2|240000|0|0|217860
1200000|1|6034|1|1|0|0|240000|1|7978|217812
1200000|1|6034|1|1|1|2|240000|1|7978|222228
1200000|1|6034|1|1|0|0|240000|2|15968|219918
1200000|1|6034|1|1|1|2|240000|2|15968|227337
1200000|1|6034|1|1|0|0|240000|3|23968|221908
1200000|1|6034|1|1|1|2|240000|3|23968|233187
1200000|1|6034|1|1|0|0|240000|4|31972|224012
1200000|1|6034|1|1|1|2|240000|4|31972|238647
1200000|1|6034|1|2|0|0|240000|0|0|191741
1200000|1|6034|1|2|1|2|240000|0|0|195942
1200000|1|6034|1|2|0|0|240000|1|7981|192929
1200000|1|6034|1|2|1|2|240000|1|7981|200544
1200000|1|6034|1|2|0|0|240000|2|15974|194491
1200000|1|6034|1|2|1|2|240000|2|15974|205731
1200000|1|6034|1|2|0|0|240000|3|23974|195699
1200000|1|6034|1|2|1|2|240000|3|23974|210996
1200000|1|6034|1|2|0|0|240000|4|31979|196985
1200000|1|6034|1|2|1|2|240000|4|31979|216057
1200000|1|6034|1|3|0|0|240000|0|0|212647
1200000|1|6034|1|3|1|2|240000|0|0|215043
1200000|1|6034|1|3|0|0|240000|1|7979|214535
1200000|1|6034|1|3|1|2|240000|1|7979|219056
1200000|1|6034|1|3|0|0|240000|2|15971|216679
1200000|1|6034|1|3|1|2|240000|2|15971|223195
1200000|1|6034|1|3|0|0|240000|3|23970|218631
1200000|1|6034|1|3|1|2|240000|3|23970|226896
1200000|1|6034|1|3|0|0|240000|4|31972|220814
1200000|1|6034|1|3|1|2|240000|4|31972|230446
1200000|1|6034|1|4|0|0|240000|0|1|190611
1200000|1|6034|1|4|1|2|240000|0|1|192930
1200000|1|6034|1|4|0|0|240000|1|7979|191799
1200000|1|6034|1|4|1|2|240000|1|7979|196361
1200000|1|6034|1|4|0|0|240000|2|15969|192848
1200000|1|6034|1|4|1|2|240000|2|15969|199950
1200000|1|6034|1|4|0|0|240000|3|23967|194333
1200000|1|6034|1|4|1|2|240000|3|23967|203422
1200000|1|6034|1|4|0|0|240000|4|31969|196517
1200000|1|6034|1|4|1|2|240000|4|31969|206579
1200000|1|6034|1|5|0|0|240000|0|0|250823
1200000|1|6034|1|5|1|2|240000|0|0|269838
1200000|1|6034|1|5|0|0|240000|1|8000|254121
1200000|1|6034|1|5|1|2|240000|1|8000|271280
1200000|1|6034|1|5|0|0|240000|2|16004|256539
1200000|1|6034|1|5|1|2|240000|2|16004|273856
1200000|1|6034|1|5|0|0|240000|3|24010|258841
1200000|1|6034|1|5|1|2|240000|3|24010|276543
1200000|1|6034|1|5|0|0|240000|4|32016|261606
1200000|1|6034|1|5|1|2|240000|4|32016|278729
1200000|1|6035|1|1|0|0|240000|0|0|199073
1200000|1|6035|1|1|1|2|240000|0|0|193670
1200000|1|6035|1|1|0|0|240000|1|7978|201393
1200000|1|6035|1|1|1|2|240000|1|7978|193478
1200000|1|6035|1|1|0|0|240000|2|15967|204236
1200000|1|6035|1|1|1|2|240000|2|15967|194919
1200000|1|6035|1|1|0|0|240000|3|23964|207906
1200000|1|6035|1|1|1|2|240000|3|23964|197142
1200000|1|6035|1|1|0|0|240000|4|31966|211806
1200000|1|6035|1|1|1|2|240000|4|31966|199948
1200000|1|6035|1|2|0|0|240000|0|0|221031
1200000|1|6035|1|2|1|2|240000|0|0|214222
1200000|1|6035|1|2|0|0|240000|1|7993|224325
1200000|1|6035|1|2|1|2|240000|1|7993|213872
1200000|1|6035|1|2|0|0|240000|2|15994|228147
1200000|1|6035|1|2|1|2|240000|2|15994|214496
1200000|1|6035|1|2|0|0|240000|3|23998|232787
1200000|1|6035|1|2|1|2|240000|3|23998|217188
1200000|1|6035|1|2|0|0|240000|4|32004|237935
1200000|1|6035|1|2|1|2|240000|4|32004|220349
1200000|1|6035|1|3|0|0|240000|0|0|257691
1200000|1|6035|1|3|1|2|240000|0|0|248934
1200000|1|6035|1|3|0|0|240000|1|7995|261726
1200000|1|6035|1|3|1|2|240000|1|7995|249169
1200000|1|6035|1|3|0|0|240000|2|15998|265782
1200000|1|6035|1|3|1|2|240000|2|15998|250298
1200000|1|6035|1|3|0|0|240000|3|24002|270423
1200000|1|6035|1|3|1|2|240000|3|24002|252561
1200000|1|6035|1|3|0|0|240000|4|32008|275260
1200000|1|6035|1|3|1|2|240000|4|32008|255914
1200000|1|6035|1|4|0|0|240000|0|0|256677
1200000|1|6035|1|4|1|2|240000|0|0|274361
1200000|1|6035|1|4|0|0|240000|1|8001|261336
1200000|1|6035|1|4|1|2|240000|1|8001|276545
1200000|1|6035|1|4|0|0|240000|2|16006|265976
1200000|1|6035|1|4|1|2|240000|2|16006|279313
1200000|1|6035|1|4|0|0|240000|3|24013|270228
1200000|1|6035|1|4|1|2|240000|3|24013|283173
1200000|1|6035|1|4|0|0|240000|4|32020|274672
1200000|1|6035|1|4|1|2|240000|4|32020|287661
1200000|1|6035|1|5|0|0|240000|0|1|251060
1200000|1|6035|1|5|1|2|240000|0|1|244449
1200000|1|6035|1|5|0|0|240000|1|7995|254628
1200000|1|6035|1|5|1|2|240000|1|7995|245618
1200000|1|6035|1|5|0|0|240000|2|15998|257863
1200000|1|6035|1|5|1|2|240000|2|15998|248739
1200000|1|6035|1|5|0|0|240000|3|24003|261883
1200000|1|6035|1|5|1|2|240000|3|24003|253535
1200000|1|6035|1|5|0|0|240000|4|32011|265780
1200000|1|6035|1|5|1|2|240000|4|32011|258996
1200000|1|6036|1|1|0|0|240000|0|0|224852
1200000|1|6036|1|1|1|2|240000|0|0|224051
1200000|1|6036|1|1|0|0|240000|1|7980|229240
1200000|1|6036|1|1|1|2|240000|1|7980|228927
1200000|1|6036|1|1|0|0|240000|2|15974|233842
1200000|1|6036|1|1|1|2|240000|2|15974|234505
1200000|1|6036|1|1|0|0|240000|3|23974|239067
1200000|1|6036|1|1|1|2|240000|3|23974|240901
1200000|1|6036|1|1|0|0|240000|4|31979|244488
1200000|1|6036|1|1|1|2|240000|4|31979|247373
1200000|1|6036|1|2|0|0|240000|0|0|256872
1200000|1|6036|1|2|1|2|240000|0|0|283450
1200000|1|6036|1|2|0|0|240000|1|8005|261258
1200000|1|6036|1|2|1|2|240000|1|8005|289299
1200000|1|6036|1|2|0|0|240000|2|16014|265860
1200000|1|6036|1|2|1|2|240000|2|16014|296241
1200000|1|6036|1|2|0|0|240000|3|24025|270462
1200000|1|6036|1|2|1|2|240000|3|24025|303534
1200000|1|6036|1|2|0|0|240000|4|32038|274907
1200000|1|6036|1|2|1|2|240000|4|32038|310788
1200000|1|6036|1|3|0|0|240000|0|0|199970
1200000|1|6036|1|3|1|2|240000|0|0|201783
1200000|1|6036|1|3|0|0|240000|1|7984|201549
1200000|1|6036|1|3|1|2|240000|1|7984|206775
1200000|1|6036|1|3|0|0|240000|2|15979|203811
1200000|1|6036|1|3|1|2|240000|2|15979|212548
1200000|1|6036|1|3|0|0|240000|3|23980|206111
1200000|1|6036|1|3|1|2|240000|3|23980|219216
1200000|1|6036|1|3|0|0|240000|4|31987|208452
1200000|1|6036|1|3|1|2|240000|4|31987|226196
1200000|1|6036|1|4|0|0|240000|0|0|214127
1200000|1|6036|1|4|1|2|240000|0|0|218787
1200000|1|6036|1|4|0|0|240000|1|7982|216095
1200000|1|6036|1|4|1|2|240000|1|7982|224401
1200000|1|6036|1|4|0|0|240000|2|15976|218631
1200000|1|6036|1|4|1|2|240000|2|15976|230407
1200000|1|6036|1|4|0|0|240000|3|23977|220385
1200000|1|6036|1|4|1|2|240000|3|23977|235791
1200000|1|6036|1|4|0|0|240000|4|31982|222375
1200000|1|6036|1|4|1|2|240000|4|31982|240589
1200000|1|6036|1|5|0|0|240000|0|0|249110
1200000|1|6036|1|5|1|2|240000|0|0|246478
1200000|1|6036|1|5|0|0|240000|1|7995|251976
1200000|1|6036|1|5|1|2|240000|1|7995|249167
1200000|1|6036|1|5|0|0|240000|2|15999|253107
1200000|1|6036|1|5|1|2|240000|2|15999|252911
1200000|1|6036|1|5|0|0|240000|3|24006|254978
1200000|1|6036|1|5|1|2|240000|3|24006|257200
1200000|1|6036|1|5|0|0|240000|4|32014|258568
1200000|1|6036|1|5|1|2|240000|4|32014|261492
1200000|1|6037|1|1|0|0|240000|0|0|254142
1200000|1|6037|1|1|1|2|240000|0|0|250729
1200000|1|6037|1|1|0|0|240000|1|7996|258216
1200000|1|6037|1|1|1|2|240000|1|7996|252638
1200000|1|6037|1|1|0|0|240000|2|15999|261296
1200000|1|6037|1|1|1|2|240000|2|15999|255600
1200000|1|6037|1|1|0|0|240000|3|24004|264766
1200000|1|6037|1|1|1|2|240000|3|24004|258801
1200000|1|6037|1|1|0|0|240000|4|32010|269214
1200000|1|6037|1|1|1|2|240000|4|32010|262973
1200000|1|6037|1|2|0|0|240000|0|1|217052
1200000|1|6037|1|2|1|2|240000|0|1|215395
1200000|1|6037|1|2|0|0|240000|1|7980|219450
1200000|1|6037|1|2|1|2|240000|1|7980|218552
1200000|1|6037|1|2|0|0|240000|2|15971|221788
1200000|1|6037|1|2|1|2|240000|2|15971|223351
1200000|1|6037|1|2|0|0|240000|3|23970|224442
1200000|1|6037|1|2|1|2|240000|3|23970|227757
1200000|1|6037|1|2|0|0|240000|4|31974|227173
1200000|1|6037|1|2|1|2|240000|4|31974|232279
1200000|1|6037|1|3|0|0|240000|0|0|201921
1200000|1|6037|1|3|1|2|240000|0|0|205648
1200000|1|6037|1|3|0|0|240000|1|7982|205837
1200000|1|6037|1|3|1|2|240000|1|7982|211023
1200000|1|6037|1|3|0|0|240000|2|15975|210245
1200000|1|6037|1|3|1|2|240000|2|15975|216876
1200000|1|6037|1|3|0|0|240000|3|23975|214884
1200000|1|6037|1|3|1|2|240000|3|23975|222764
1200000|1|6037|1|3|0|0|240000|4|31980|219564
1200000|1|6037|1|3|1|2|240000|4|31980|229084
1200000|1|6037|1|4|0|0|240000|0|0|220560
1200000|1|6037|1|4|1|2|240000|0|0|216833
1200000|1|6037|1|4|0|0|240000|1|7996|225377
1200000|1|6037|1|4|1|2|240000|1|7996|218594
1200000|1|6037|1|4|0|0|240000|2|15999|230017
1200000|1|6037|1|4|1|2|240000|2|15999|222336
1200000|1|6037|1|4|0|0|240000|3|24006|235284
1200000|1|6037|1|4|1|2|240000|3|24006|227290
1200000|1|6037|1|4|0|0|240000|4|32016|240860
1200000|1|6037|1|4|1|2|240000|4|32016|232826
1200000|1|6037|1|5|0|0|240000|0|0|209682
1200000|1|6037|1|5|1|2|240000|0|0|209623
1200000|1|6037|1|5|0|0|240000|1|7984|213833
1200000|1|6037|1|5|1|2|240000|1|7984|214458
1200000|1|6037|1|5|0|0|240000|2|15980|218356
1200000|1|6037|1|5|1|2|240000|2|15980|220776
1200000|1|6037|1|5|0|0|240000|3|23984|222723
1200000|1|6037|1|5|1|2|240000|3|23984|227756
1200000|1|6037|1|5|0|0|240000|4|31992|227640
1200000|1|6037|1|5|1|2|240000|4|31992|234699
1200000|1|6038|1|1|0|0|240000|0|0|259757
1200000|1|6038|1|1|1|2|240000|0|0|282669
1200000|1|6038|1|1|0|0|240000|1|8006|265198
1200000|1|6038|1|1|1|2|240000|1|8006|287544
1200000|1|6038|1|1|0|0|240000|2|16015|270771
1200000|1|6038|1|1|1|2|240000|2|16015|293667
1200000|1|6038|1|1|0|0|240000|3|24028|276352
1200000|1|6038|1|1|1|2|240000|3|24028|300024
1200000|1|6038|1|1|0|0|240000|4|32041|281340
1200000|1|6038|1|1|1|2|240000|4|32041|307239
1200000|1|6038|1|2|0|0|240000|0|0|259211
1200000|1|6038|1|2|1|2|240000|0|0|254472
1200000|1|6038|1|2|0|0|240000|1|8000|265197
1200000|1|6038|1|2|1|2|240000|1|8000|257161
1200000|1|6038|1|2|0|0|240000|2|16008|270657
1200000|1|6038|1|2|1|2|240000|2|16008|261766
1200000|1|6038|1|2|0|0|240000|3|24019|276312
1200000|1|6038|1|2|1|2|240000|3|24019|267614
1200000|1|6038|1|2|0|0|240000|4|32032|281109
1200000|1|6038|1|2|1|2|240000|4|32032|274829
1200000|1|6038|1|3|0|0|240000|0|0|252736
1200000|1|6038|1|3|1|2|240000|0|0|249557
1200000|1|6038|1|3|0|0|240000|1|8001|258567
1200000|1|6038|1|3|1|2|240000|1|8001|253458
1200000|1|6038|1|3|0|0|240000|2|16009|264533
1200000|1|6038|1|3|1|2|240000|2|16009|259308
1200000|1|6038|1|3|0|0|240000|3|24020|270771
1200000|1|6038|1|3|1|2|240000|3|24020|265936
1200000|1|6038|1|3|0|0|240000|4|32032|276698
1200000|1|6038|1|3|1|2|240000|4|32032|273855
1200000|1|6038|1|4|0|0|240000|0|0|262528
1200000|1|6038|1|4|1|2|240000|0|0|258838
1200000|1|6038|1|4|0|0|240000|1|8000|269054
1200000|1|6038|1|4|1|2|240000|1|8000|262856
1200000|1|6038|1|4|0|0|240000|2|16008|275414
1200000|1|6038|1|4|1|2|240000|2|16008|269019
1200000|1|6038|1|4|0|0|240000|3|24019|281692
1200000|1|6038|1|4|1|2|240000|3|24019|276158
1200000|1|6038|1|4|0|0|240000|4|32032|287150
1200000|1|6038|1|4|1|2|240000|4|32032|284660
1200000|1|6038|1|5|0|0|240000|0|0|224190
1200000|1|6038|1|5|1|2|240000|0|0|225299
1200000|1|6038|1|5|0|0|240000|1|7985|228107
1200000|1|6038|1|5|1|2|240000|1|7985|231110
1200000|1|6038|1|5|0|0|240000|2|15982|233099
1200000|1|6038|1|5|1|2|240000|2|15982|237818
1200000|1|6038|1|5|0|0|240000|3|23985|238247
1200000|1|6038|1|5|1|2|240000|3|23985|244995
1200000|1|6038|1|5|0|0|240000|4|31992|242928
1200000|1|6038|1|5|1|2|240000|4|31992|252599
1200000|1|6039|1|1|0|0|240000|0|0|257691
1200000|1|6039|1|1|1|2|240000|0|0|254979
1200000|1|6039|1|1|0|0|240000|1|7998|263285
1200000|1|6039|1|1|1|2|240000|1|7998|258645
1200000|1|6039|1|1|0|0|240000|2|16006|268511
1200000|1|6039|1|1|1|2|240000|2|16006|263871
1200000|1|6039|1|1|0|0|240000|3|24015|274206
1200000|1|6039|1|1|1|2|240000|3|24015|270345
1200000|1|6039|1|1|0|0|240000|4|32028|278727
1200000|1|6039|1|1|1|2|240000|4|32028|278105
1200000|1|6039|1|2|0|0|240000|0|0|248913
1200000|1|6039|1|2|1|2|240000|0|0|245150
1200000|1|6039|1|2|0|0|240000|1|7999|254003
1200000|1|6039|1|2|1|2|240000|1|7999|248618
1200000|1|6039|1|2|0|0|240000|2|16007|259697
1200000|1|6039|1|2|1|2|240000|2|16007|254239
1200000|1|6039|1|2|0|0|240000|3|24018|265355
1200000|1|6039|1|2|1|2|240000|3|24018|260711
1200000|1|6039|1|2|0|0|240000|4|32030|269603
1200000|1|6039|1|2|1|2|240000|4|32030|269331
1200000|1|6039|1|3|0|0|240000|0|0|202155
1200000|1|6039|1|3|1|2|240000|0|0|179783
1200000|1|6039|1|3|0|0|240000|1|7980|204005
1200000|1|6039|1|3|1|2|240000|1|7980|175926
1200000|1|6039|1|3|0|0|240000|2|15973|207125
1200000|1|6039|1|3|1|2|240000|2|15973|176980
1200000|1|6039|1|3|0|0|240000|3|23975|210323
1200000|1|6039|1|3|1|2|240000|3|23975|180254
1200000|1|6039|1|3|0|0|240000|4|31982|213795
1200000|1|6039|1|3|1|2|240000|4|31982|186220
1200000|1|6039|1|4|0|0|240000|0|0|250554
1200000|1|6039|1|4|1|2|240000|0|0|224675
1200000|1|6039|1|4|0|0|240000|1|7981|254277
1200000|1|6039|1|4|1|2|240000|1|7981|221359
1200000|1|6039|1|4|0|0|240000|2|15975|258218
1200000|1|6039|1|4|1|2|240000|2|15975|222257
1200000|1|6039|1|4|0|0|240000|3|23977|261962
1200000|1|6039|1|4|1|2|240000|3|23977|225808
1200000|1|6039|1|4|0|0|240000|4|31984|264767
1200000|1|6039|1|4|1|2|240000|4|31984|231110
1200000|1|6039|1|5|0|0|240000|0|0|253166
1200000|1|6039|1|5|1|2|240000|0|0|253652
1200000|1|6039|1|5|0|0|240000|1|7984|257240
1200000|1|6039|1|5|1|2|240000|1|7984|259892
1200000|1|6039|1|5|0|0|240000|2|15981|261336
1200000|1|6039|1|5|1|2|240000|2|15981|267534
1200000|1|6039|1|5|0|0|240000|3|23984|264417
1200000|1|6039|1|5|1|2|240000|3|23984|275533
1200000|1|6039|1|5|0|0|240000|4|31992|267460
1200000|1|6039|1|5|1|2|240000|4|31992|284190
1200000|1|6040|1|1|0|0|240000|0|0|197004
1200000|1|6040|1|1|1|2|240000|0|0|202756
1200000|1|6040|1|1|0|0|240000|1|7982|199211
1200000|1|6040|1|1|1|2|240000|1|7982|208998
1200000|1|6040|1|1|0|0|240000|2|15976|202057
1200000|1|6040|1|1|1|2|240000|2|15976|215703
1200000|1|6040|1|1|0|0|240000|3|23978|204278
1200000|1|6040|1|1|1|2|240000|3|23978|222491
1200000|1|6040|1|1|0|0|240000|4|31984|206383
1200000|1|6040|1|1|1|2|240000|4|31984|229356
1200000|1|6040|1|2|0|0|240000|0|0|193418
1200000|1|6040|1|2|1|2|240000|0|0|198234
1200000|1|6040|1|2|0|0|240000|1|7982|194336
1200000|1|6040|1|2|1|2|240000|1|7982|203420
1200000|1|6040|1|2|0|0|240000|2|15976|195930
1200000|1|6040|1|2|1|2|240000|2|15976|209192
1200000|1|6040|1|2|0|0|240000|3|23977|197143
1200000|1|6040|1|2|1|2|240000|3|23977|214770
1200000|1|6040|1|2|0|0|240000|4|31982|199014
1200000|1|6040|1|2|1|2|240000|4|31982|220229
1200000|1|6040|1|3|0|0|240000|0|0|244352
1200000|1|6040|1|3|1|2|240000|0|0|239496
1200000|1|6040|1|3|0|0|240000|1|7996|247258
1200000|1|6040|1|3|1|2|240000|1|7996|240823
1200000|1|6040|1|3|0|0|240000|2|15999|250181
1200000|1|6040|1|3|1|2|240000|2|15999|243670
1200000|1|6040|1|3|0|0|240000|3|24006|253497
1200000|1|6040|1|3|1|2|240000|3|24006|247803
1200000|1|6040|1|3|0|0|240000|4|32015|256226
1200000|1|6040|1|3|1|2|240000|4|32015|253614
1200000|1|6040|1|4|0|0|240000|0|0|214556
1200000|1|6040|1|4|1|2|240000|0|0|212586
1200000|1|6040|1|4|0|0|240000|1|7982|216602
1200000|1|6040|1|4|1|2|240000|1|7982|215277
1200000|1|6040|1|4|0|0|240000|2|15975|218747
1200000|1|6040|1|4|1|2|240000|2|15975|219253
1200000|1|6040|1|4|0|0|240000|3|23976|220580
1200000|1|6040|1|4|1|2|240000|3|23976|223659
1200000|1|6040|1|4|0|0|240000|4|31981|222959
1200000|1|6040|1|4|1|2|240000|4|31981|228183
1200000|1|6040|1|5|0|0|240000|0|0|244236
1200000|1|6040|1|5|1|2|240000|0|0|238716
1200000|1|6040|1|5|0|0|240000|1|7995|247451
1200000|1|6040|1|5|1|2|240000|1|7995|240392
1200000|1|6040|1|5|0|0|240000|2|15999|250494
1200000|1|6040|1|5|1|2|240000|2|15999|243357
1200000|1|6040|1|5|0|0|240000|3|24006|253848
1200000|1|6040|1|5|1|2|240000|3|24006|247452
1200000|1|6040|1|5|0|0|240000|4|32015|257122
1200000|1|6040|1|5|1|2|240000|4|32015|252600
1200000|1|6041|1|1|0|0|240000|0|0|249227
1200000|1|6041|1|1|1|2|240000|0|0|243863
1200000|1|6041|1|1|0|0|240000|1|7997|253381
1200000|1|6041|1|1|1|2|240000|1|7997|244718
1200000|1|6041|1|1|0|0|240000|2|16002|257436
1200000|1|6041|1|1|1|2|240000|2|16002|247178
1200000|1|6041|1|1|0|0|240000|3|24010|260673
1200000|1|6041|1|1|1|2|240000|3|24010|252171
1200000|1|6041|1|1|0|0|240000|4|32022|262388
1200000|1|6041|1|1|1|2|240000|4|32022|256771
1200000|1|6041|1|2|0|0|240000|0|0|250905
1200000|1|6041|1|2|1|2|240000|0|0|251975
1200000|1|6041|1|2|0|0|240000|1|7997|253497
1200000|1|6041|1|2|1|2|240000|1|7997|256072
1200000|1|6041|1|2|0|0|240000|2|16000|255331
1200000|1|6041|1|2|1|2|240000|2|16000|261141
1200000|1|6041|1|2|0|0|240000|3|24007|256773
1200000|1|6041|1|2|1|2|240000|3|24007|266483
1200000|1|6041|1|2|0|0|240000|4|32015|259543
1200000|1|6041|1|2|1|2|240000|4|32015|271437
1200000|1|6041|1|3|0|0|240000|0|0|194200
1200000|1|6041|1|3|1|2|240000|0|0|199481
1200000|1|6041|1|3|0|0|240000|1|7981|195271
1200000|1|6041|1|3|1|2|240000|1|7981|204513
1200000|1|6041|1|3|0|0|240000|2|15972|196129
1200000|1|6041|1|3|1|2|240000|2|15972|210831
1200000|1|6041|1|3|0|0|240000|3|23973|197610
1200000|1|6041|1|3|1|2|240000|3|23973|216953
1200000|1|6041|1|3|0|0|240000|4|31977|199755
1200000|1|6041|1|3|1|2|240000|4|31977|222488
1200000|1|6041|1|4|0|0|240000|0|0|211199
1200000|1|6041|1|4|1|2|240000|0|0|214144
1200000|1|6041|1|4|0|0|240000|1|7977|212234
1200000|1|6041|1|4|1|2|240000|1|7977|219334
1200000|1|6041|1|4|0|0|240000|2|15967|213484
1200000|1|6041|1|4|1|2|240000|2|15967|225300
1200000|1|6041|1|4|0|0|240000|3|23966|215091
1200000|1|6041|1|4|1|2|240000|3|23966|231344
1200000|1|6041|1|4|0|0|240000|4|31970|217236
1200000|1|6041|1|4|1|2|240000|4|31970|236960
1200000|1|6041|1|5|0|0|240000|0|0|252825
1200000|1|6041|1|5|1|2|240000|0|0|252141
1200000|1|6041|1|5|0|0|240000|1|7995|254676
1200000|1|6041|1|5|1|2|240000|1|7995|256080
1200000|1|6041|1|5|0|0|240000|2|15998|257640
1200000|1|6041|1|5|1|2|240000|2|15998|260448
1200000|1|6041|1|5|0|0|240000|3|24004|260916
1200000|1|6041|1|5|1|2|240000|3|24004|265167
1200000|1|6041|1|5|0|0|240000|4|32012|265128
1200000|1|6041|1|5|1|2|240000|4|32012|270315
1200000|1|6042|1|1|0|0|240000|0|0|253332
1200000|1|6042|1|1|1|2|240000|0|0|251556
1200000|1|6042|1|1|0|0|240000|1|7995|256080
1200000|1|6042|1|1|1|2|240000|1|7995|255378
1200000|1|6042|1|1|0|0|240000|2|15998|258849
1200000|1|6042|1|1|1|2|240000|2|15998|260331
1200000|1|6042|1|1|0|0|240000|3|24004|261540
1200000|1|6042|1|1|1|2|240000|3|24004|265440
1200000|1|6042|1|1|0|0|240000|4|32012|265674
1200000|1|6042|1|1|1|2|240000|4|32012|270861
1200000|1|6042|1|2|0|0|240000|0|0|214059
1200000|1|6042|1|2|1|2|240000|0|0|216680
1200000|1|6042|1|2|0|0|240000|1|7976|215520
1200000|1|6042|1|2|1|2|240000|1|7976|220659
1200000|1|6042|1|2|0|0|240000|2|15964|217548
1200000|1|6042|1|2|1|2|240000|2|15964|225648
1200000|1|6042|1|2|0|0|240000|3|23960|220629
1200000|1|6042|1|2|1|2|240000|3|23960|231694
1200000|1|6042|1|2|0|0|240000|4|31963|223710
1200000|1|6042|1|2|1|2|240000|4|31963|236883
1200000|1|6042|1|3|0|0|240000|0|0|260469
1200000|1|6042|1|3|1|2|240000|0|0|262320
1200000|1|6042|1|3|0|0|240000|1|7997|263841
1200000|1|6042|1|3|1|2|240000|1|7997|266025
1200000|1|6042|1|3|0|0|240000|2|15998|266649
1200000|1|6042|1|3|1|2|240000|2|15998|270042
1200000|1|6042|1|3|0|0|240000|3|24002|269730
1200000|1|6042|1|3|1|2|240000|3|24002|273630
1200000|1|6042|1|3|0|0|240000|4|32007|273201
1200000|1|6042|1|3|1|2|240000|4|32007|277257
1200000|1|6042|1|4|0|0|240000|0|1|251109
1200000|1|6042|1|4|1|2|240000|0|1|246642
1200000|1|6042|1|4|0|0|240000|1|7994|254988
1200000|1|6042|1|4|1|2|240000|1|7994|247968
1200000|1|6042|1|4|0|0|240000|2|15997|258459
1200000|1|6042|1|4|1|2|240000|2|15997|250932
1200000|1|6042|1|4|0|0|240000|3|24002|262164
1200000|1|6042|1|4|1|2|240000|3|24002|255183
1200000|1|6042|1|4|0|0|240000|4|32010|266103
1200000|1|6042|1|4|1|2|240000|4|32010|259980
1200000|1|6042|1|5|0|0|240000|0|0|202671
1200000|1|6042|1|5|1|2|240000|0|0|203888
1200000|1|6042|1|5|0|0|240000|1|7983|206043
1200000|1|6042|1|5|1|2|240000|1|7983|207866
1200000|1|6042|1|5|0|0|240000|2|15976|210060
1200000|1|6042|1|5|1|2|240000|2|15976|213402
1200000|1|6042|1|5|0|0|240000|3|23977|214506
1200000|1|6042|1|5|1|2|240000|3|23977|219449
1200000|1|6042|1|5|0|0|240000|4|31982|219147
1200000|1|6042|1|5|1|2|240000|4|31982|225765
1200000|1|6043|1|1|0|0|240000|0|0|260313
1200000|1|6043|1|1|1|2|240000|0|0|261540
1200000|1|6043|1|1|0|0|240000|1|7998|264621
1200000|1|6043|1|1|1|2|240000|1|7998|267780
1200000|1|6043|1|1|0|0|240000|2|16004|268638
1200000|1|6043|1|1|1|2|240000|2|16004|274761
1200000|1|6043|1|1|0|0|240000|3|24012|272109
1200000|1|6043|1|1|1|2|240000|3|24012|281313
1200000|1|6043|1|1|0|0|240000|4|32022|277062
1200000|1|6043|1|1|1|2|240000|4|32022|287514
1200000|1|6043|1|2|0|0|240000|0|0|261639
1200000|1|6043|1|2|1|2|240000|0|0|251166
1200000|1|6043|1|2|0|0|240000|1|7993|266064
1200000|1|6043|1|2|1|2|240000|1|7993|250464
1200000|1|6043|1|2|0|0|240000|2|15995|269847
1200000|1|6043|1|2|1|2|240000|2|15995|251790
1200000|1|6043|1|2|0|0|240000|3|24000|273708
1200000|1|6043|1|2|1|2|240000|3|24000|253896
1200000|1|6043|1|2|0|0|240000|4|32006|277647
1200000|1|6043|1|2|1|2|240000|4|32006|256899
1200000|1|6043|1|3|0|0|240000|0|0|258587
1200000|1|6043|1|3|1|2|240000|0|0|252093
1200000|1|6043|1|3|0|0|240000|1|7996|262856
1200000|1|6043|1|3|1|2|240000|1|7996|252404
1200000|1|6043|1|3|0|0|240000|2|15999|266445
1200000|1|6043|1|3|1|2|240000|2|15999|253808
1200000|1|6043|1|3|0|0|240000|3|24004|270540
1200000|1|6043|1|3|1|2|240000|3|24004|256119
1200000|1|6043|1|3|0|0|240000|4|32010|274868
1200000|1|6043|1|3|1|2|240000|4|32010|259512
1200000|1|6043|1|4|0|0|240000|0|0|253791
1200000|1|6043|1|4|1|2|240000|0|0|246478
1200000|1|6043|1|4|0|0|240000|1|7995|257435
1200000|1|6043|1|4|1|2|240000|1|7995|247648
1200000|1|6043|1|4|0|0|240000|2|15997|260282
1200000|1|6043|1|4|1|2|240000|2|15997|249557
1200000|1|6043|1|4|0|0|240000|3|24001|263754
1200000|1|6043|1|4|1|2|240000|3|24001|252560
1200000|1|6043|1|4|0|0|240000|4|32007|267186
1200000|1|6043|1|4|1|2|240000|4|32007|256774
1200000|1|6043|1|5|0|0|240000|0|0|218145
1200000|1|6043|1|5|1|2|240000|0|0|216719
1200000|1|6043|1|5|0|0|240000|1|7980|221243
1200000|1|6043|1|5|1|2|240000|1|7980|219606
1200000|1|6043|1|5|0|0|240000|2|15972|224597
1200000|1|6043|1|5|1|2|240000|2|15972|223077
1200000|1|6043|1|5|0|0|240000|3|23970|228185
1200000|1|6043|1|5|1|2|240000|3|23970|227132
1200000|1|6043|1|5|0|0|240000|4|31972|231423
1200000|1|6043|1|5|1|2|240000|4|31972|231383
1200000|1|6044|1|1|0|0|240000|0|0|248332
1200000|1|6044|1|1|1|2|240000|0|0|263246
1200000|1|6044|1|1|0|0|240000|1|8002|251271
1200000|1|6044|1|1|1|2|240000|1|8002|272921
1200000|1|6044|1|1|0|0|240000|2|16009|254003
1200000|1|6044|1|1|1|2|240000|2|16009|280486
1200000|1|6044|1|1|0|0|240000|3|24018|256851
1200000|1|6044|1|1|1|2|240000|3|24018|286764
1200000|1|6044|1|1|0|0|240000|4|32027|258957
1200000|1|6044|1|1|1|2|240000|4|32027|292692
1200000|1|6044|1|2|0|0|240000|0|0|250319
1200000|1|6044|1|2|1|2|240000|0|0|246603
1200000|1|6044|1|2|0|0|240000|1|7996|255095
1200000|1|6044|1|2|1|2|240000|1|7996|248436
1200000|1|6044|1|2|0|0|240000|2|16000|259541
1200000|1|6044|1|2|1|2|240000|2|16000|252024
1200000|1|6044|1|2|0|0|240000|3|24007|263716
1200000|1|6044|1|2|1|2|240000|3|24007|256314
1200000|1|6044|1|2|0|0|240000|4|32017|266132
1200000|1|6044|1|2|1|2|240000|4|32017|261306
1200000|1|6044|1|3|0|0|240000|0|0|214713
1200000|1|6044|1|3|1|2|240000|0|0|213015
1200000|1|6044|1|3|0|0|240000|1|7982|216562
1200000|1|6044|1|3|1|2|240000|1|7982|215472
1200000|1|6044|1|3|0|0|240000|2|15975|218943
1200000|1|6044|1|3|1|2|240000|2|15975|219176
1200000|1|6044|1|3|0|0|240000|3|23975|220893
1200000|1|6044|1|3|1|2|240000|3|23975|223740
1200000|1|6044|1|3|0|0|240000|4|31980|222725
1200000|1|6044|1|3|1|2|240000|4|31980|228343
1200000|1|6044|1|4|0|0|240000|0|0|193779
1200000|1|6044|1|4|1|2|240000|0|0|196712
1200000|1|6044|1|4|0|0|240000|1|7977|194382
1200000|1|6044|1|4|1|2|240000|1|7977|200498
1200000|1|6044|1|4|0|0|240000|2|15967|195903
1200000|1|6044|1|4|1|2|240000|2|15967|204942
1200000|1|6044|1|4|0|0|240000|3|23965|197424
1200000|1|6044|1|4|1|2|240000|3|23965|209895
1200000|1|6044|1|4|0|0|240000|4|31968|199296
1200000|1|6044|1|4|1|2|240000|4|31968|214302
1200000|1|6044|1|5|0|0|240000|0|0|193116
1200000|1|6044|1|5|1|2|240000|0|0|193673
1200000|1|6044|1|5|0|0|240000|1|7975|194343
1200000|1|6044|1|5|1|2|240000|1|7975|196635
1200000|1|6044|1|5|0|0|240000|2|15964|196761
1200000|1|6044|1|5|1|2|240000|2|15964|200184
1200000|1|6044|1|5|0|0|240000|3|23961|198711
1200000|1|6044|1|5|1|2|240000|3|23961|203810
1200000|1|6044|1|5|0|0|240000|4|31962|200466
1200000|1|6044|1|5|1|2|240000|4|31962|207944
1200000|1|6045|1|1|0|0|240000|0|0|256881
1200000|1|6045|1|1|1|2|240000|0|0|254403
1200000|1|6045|1|1|0|0|240000|1|7994|259941
1200000|1|6045|1|1|1|2|240000|1|7994|256548
1200000|1|6045|1|1|0|0|240000|2|15994|262671
1200000|1|6045|1|1|1|2|240000|2|15994|259083
1200000|1|6045|1|1|0|0|240000|3|23998|265206
1200000|1|6045|1|1|1|2|240000|3|23998|261852
1200000|1|6045|1|1|0|0|240000|4|32003|267897
1200000|1|6045|1|1|1|2|240000|4|32003|263841
1200000|1|6045|1|2|0|0|240000|0|0|221937
1200000|1|6045|1|2|1|2|240000|0|0|210138
1200000|1|6045|1|2|0|0|240000|1|7991|224490
1200000|1|6045|1|2|1|2|240000|1|7991|207018
1200000|1|6045|1|2|0|0|240000|2|15989|226752
1200000|1|6045|1|2|1|2|240000|2|15989|206043
1200000|1|6045|1|2|0|0|240000|3|23992|228819
1200000|1|6045|1|2|1|2|240000|3|23992|206667
1200000|1|6045|1|2|0|0|240000|4|31997|231003
1200000|1|6045|1|2|1|2|240000|4|31997|208344
1200000|1|6045|1|3|0|0|240000|0|0|217842
1200000|1|6045|1|3|1|2|240000|0|0|214584
1200000|1|6045|1|3|0|0|240000|1|7980|219966
1200000|1|6045|1|3|1|2|240000|1|7980|216690
1200000|1|6045|1|3|0|0|240000|2|15973|222969
1200000|1|6045|1|3|1|2|240000|2|15973|219995
1200000|1|6045|1|3|0|0|240000|3|23972|226323
1200000|1|6045|1|3|1|2|240000|3|23972|222647
1200000|1|6045|1|3|0|0|240000|4|31976|230028
1200000|1|6045|1|3|1|2|240000|4|31976|226040
1200000|1|6045|1|4|0|0|240000|0|0|247053
1200000|1|6045|1|4|1|2|240000|0|0|277452
1200000|1|6045|1|4|0|0|240000|1|8003|249684
1200000|1|6045|1|4|1|2|240000|1|8003|281508
1200000|1|6045|1|4|0|0|240000|2|16008|251049
1200000|1|6045|1|4|1|2|240000|2|16008|285330
1200000|1|6045|1|4|0|0|240000|3|24015|253194
1200000|1|6045|1|4|1|2|240000|3|24015|289191
1200000|1|6045|1|4|0|0|240000|4|32024|254949
1200000|1|6045|1|4|1|2|240000|4|32024|293949
1200000|1|6045|1|5|0|0|240000|0|0|249042
1200000|1|6045|1|5|1|2|240000|0|0|248397
1200000|1|6045|1|5|0|0|240000|1|7995|250269
1200000|1|6045|1|5|1|2|240000|1|7995|251127
1200000|1|6045|1|5|0|0|240000|2|15997|252960
1200000|1|6045|1|5|1|2|240000|2|15997|253662
1200000|1|6045|1|5|0|0|240000|3|24003|255690
1200000|1|6045|1|5|1|2|240000|3|24003|256743
1200000|1|6045|1|5|0|0|240000|4|32010|258381
1200000|1|6045|1|5|1|2|240000|4|32010|260565
1200000|1|6046|1|1|0|0|240000|0|0|199161
1200000|1|6046|1|1|1|2|240000|0|0|202029
1200000|1|6046|1|1|0|0|240000|1|7978|202065
1200000|1|6046|1|1|1|2|240000|1|7978|206784
1200000|1|6046|1|1|0|0|240000|2|15968|206277
1200000|1|6046|1|1|1|2|240000|2|15968|211776
1200000|1|6046|1|1|0|0|240000|3|23968|210918
1200000|1|6046|1|1|1|2|240000|3|23968|217236
1200000|1|6046|1|1|0|0|240000|4|31971|215520
1200000|1|6046|1|1|1|2|240000|4|31971|223359
1200000|1|6046|1|2|0|0|240000|0|0|225681
1200000|1|6046|1|2|1|2|240000|0|0|226713
1200000|1|6046|1|2|0|0|240000|1|7979|230067
1200000|1|6046|1|2|1|2|240000|1|7979|232134
1200000|1|6046|1|2|0|0|240000|2|15971|234825
1200000|1|6046|1|2|1|2|240000|2|15971|238335
1200000|1|6046|1|2|0|0|240000|3|23971|238998
1200000|1|6046|1|2|1|2|240000|3|23971|244575
1200000|1|6046|1|2|0|0|240000|4|31976|242898
1200000|1|6046|1|2|1|2|240000|4|31976|250854
1200000|1|6046|1|3|0|0|240000|0|0|197445
1200000|1|6046|1|3|1|2|240000|0|0|199335
1200000|1|6046|1|3|0|0|240000|1|7977|199413
1200000|1|6046|1|3|1|2|240000|1|7977|202884
1200000|1|6046|1|3|0|0|240000|2|15967|202221
1200000|1|6046|1|3|1|2|240000|2|15967|207720
1200000|1|6046|1|3|0|0|240000|3|23966|204990
1200000|1|6046|1|3|1|2|240000|3|23966|212361
1200000|1|6046|1|3|0|0|240000|4|31970|207681
1200000|1|6046|1|3|1|2|240000|4|31970|216963
1200000|1|6046|1|4|0|0|240000|0|0|215151
1200000|1|6046|1|4|1|2|240000|0|0|216339
1200000|1|6046|1|4|0|0|240000|1|7977|217041
1200000|1|6046|1|4|1|2|240000|1|7977|220083
1200000|1|6046|1|4|0|0|240000|2|15967|219108
1200000|1|6046|1|4|1|2|240000|2|15967|224256
1200000|1|6046|1|4|0|0|240000|3|23964|221370
1200000|1|6046|1|4|1|2|240000|3|23964|228936
1200000|1|6046|1|4|0|0|240000|4|31968|224295
1200000|1|6046|1|4|1|2|240000|4|31968|233070
1200000|1|6046|1|5|0|0|240000|0|0|250797
1200000|1|6046|1|5|1|2|240000|0|0|261618
1200000|1|6046|1|5|0|0|240000|1|7999|253350
1200000|1|6046|1|5|1|2|240000|1|7999|271056
1200000|1|6046|1|5|0|0|240000|2|16006|256314
1200000|1|6046|1|5|1|2|240000|2|16006|278544
1200000|1|6046|1|5|0|0|240000|3|24015|258966
1200000|1|6046|1|5|1|2|240000|3|24015|283536
1200000|1|6046|1|5|0|0|240000|4|32023|261657
1200000|1|6046|1|5|1|2|240000|4|32023|288021
1200000|1|6047|1|1|0|0|240000|0|0|254073
1200000|1|6047|1|1|1|2|240000|0|0|248085
1200000|1|6047|1|1|0|0|240000|1|7993|256977
1200000|1|6047|1|1|1|2|240000|1|7993|247929
1200000|1|6047|1|1|0|0|240000|2|15994|259941
1200000|1|6047|1|1|1|2|240000|2|15994|248904
1200000|1|6047|1|1|0|0|240000|3|23998|262788
1200000|1|6047|1|1|1|2|240000|3|23998|251244
1200000|1|6047|1|1|0|0|240000|4|32003|266220
1200000|1|6047|1|1|1|2|240000|4|32003|253701
1200000|1|6047|1|2|0|0|240000|0|0|211290
1200000|1|6047|1|2|1|2|240000|0|0|206901
1200000|1|6047|1|2|0|0|240000|1|7979|213141
1200000|1|6047|1|2|1|2|240000|1|7979|207486
1200000|1|6047|1|2|0|0|240000|2|15968|215013
1200000|1|6047|1|2|1|2|240000|2|15968|209904
1200000|1|6047|1|2|0|0|240000|3|23966|216690
1200000|1|6047|1|2|1|2|240000|3|23966|212946
1200000|1|6047|1|2|0|0|240000|4|31968|219225
1200000|1|6047|1|2|1|2|240000|4|31968|215988
1200000|1|6047|1|3|0|0|240000|0|0|248691
1200000|1|6047|1|3|1|2|240000|0|0|242742
1200000|1|6047|1|3|0|0|240000|1|7995|250698
1200000|1|6047|1|3|1|2|240000|1|7995|241728
1200000|1|6047|1|3|0|0|240000|2|15997|253155
1200000|1|6047|1|3|1|2|240000|2|15997|241728
1200000|1|6047|1|3|0|0|240000|3|24001|255261
1200000|1|6047|1|3|1|2|240000|3|24001|243834
1200000|1|6047|1|3|0|0|240000|4|32007|258069
1200000|1|6047|1|3|1|2|240000|4|32007|246447
1200000|1|6047|1|4|0|0|240000|0|0|251304
1200000|1|6047|1|4|1|2|240000|0|0|243522
1200000|1|6047|1|4|0|0|240000|1|7996|254130
1200000|1|6047|1|4|1|2|240000|1|7996|242859
1200000|1|6047|1|4|0|0|240000|2|16000|256548
1200000|1|6047|1|4|1|2|240000|2|16000|243639
1200000|1|6047|1|4|0|0|240000|3|24006|259512
1200000|1|6047|1|4|1|2|240000|3|24006|245628
1200000|1|6047|1|4|0|0|240000|4|32013|262593
1200000|1|6047|1|4|1|2|240000|4|32013|248202
1200000|1|6047|1|5|0|0|240000|0|0|250563
1200000|1|6047|1|5|1|2|240000|0|0|243132
1200000|1|6047|1|5|0|0|240000|1|7995|253935
1200000|1|6047|1|5|1|2|240000|1|7995|243639
1200000|1|6047|1|5|0|0|240000|2|15998|257289
1200000|1|6047|1|5|1|2|240000|2|15998|246330
1200000|1|6047|1|5|0|0|240000|3|24004|260799
1200000|1|6047|1|5|1|2|240000|3|24004|250113
1200000|1|6047|1|5|0|0|240000|4|32012|264972
1200000|1|6047|1|5|1|2|240000|4|32012|254442
1200000|1|6048|1|1|0|0|240000|0|0|217959
1200000|1|6048|1|1|1|2|240000|0|0|217431
1200000|1|6048|1|1|0|0|240000|1|7983|221565
1200000|1|6048|1|1|1|2|240000|1|7983|222228
1200000|1|6048|1|1|0|0|240000|2|15977|226050
1200000|1|6048|1|1|1|2|240000|2|15977|228078
1200000|1|6048|1|1|0|0|240000|3|23978|230418
1200000|1|6048|1|1|1|2|240000|3|23978|234630
1200000|1|6048|1|1|0|0|240000|4|31984|234123
1200000|1|6048|1|1|1|2|240000|4|31984|241455
1200000|1|6048|1|2|0|0|240000|0|0|248067
1200000|1|6048|1|2|1|2|240000|0|0|244068
1200000|1|6048|1|2|0|0|240000|1|7998|253077
1200000|1|6048|1|2|1|2|240000|1|7998|246603
1200000|1|6048|1|2|0|0|240000|2|16003|257796
1200000|1|6048|1|2|1|2|240000|2|16003|250737
1200000|1|6048|1|2|0|0|240000|3|24011|262008
1200000|1|6048|1|2|1|2|240000|3|24011|255651
1200000|1|6048|1|2|0|0|240000|4|32021|266922
1200000|1|6048|1|2|1|2|240000|4|32021|260682
1200000|1|6048|1|3|0|0|240000|0|0|256686
1200000|1|6048|1|3|1|2|240000|0|0|283497
1200000|1|6048|1|3|0|0|240000|1|8003|260604
1200000|1|6048|1|3|1|2|240000|1|8003|285486
1200000|1|6048|1|3|0|0|240000|2|16009|263997
1200000|1|6048|1|3|1|2|240000|2|16009|288567
1200000|1|6048|1|3|0|0|240000|3|24017|267195
1200000|1|6048|1|3|1|2|240000|3|24017|292506
1200000|1|6048|1|3|0|0|240000|4|32026|270588
1200000|1|6048|1|3|1|2|240000|4|32026|296367
1200000|1|6048|1|4|0|0|240000|0|0|248769
1200000|1|6048|1|4|1|2|240000|0|0|274254
1200000|1|6048|1|4|0|0|240000|1|8001|252063
1200000|1|6048|1|4|1|2|240000|1|8001|274995
1200000|1|6048|1|4|0|0|240000|2|16004|255027
1200000|1|6048|1|4|1|2|240000|2|16004|276945
1200000|1|6048|1|4|0|0|240000|3|24010|257913
1200000|1|6048|1|4|1|2|240000|3|24010|279090
1200000|1|6048|1|4|0|0|240000|4|32016|261540
1200000|1|6048|1|4|1|2|240000|4|32016|281976
1200000|1|6048|1|5|0|0|240000|0|0|252903
1200000|1|6048|1|5|1|2|240000|0|0|279246
1200000|1|6048|1|5|0|0|240000|1|8001|255456
1200000|1|6048|1|5|1|2|240000|1|8001|280884
1200000|1|6048|1|5|0|0|240000|2|16005|258108
1200000|1|6048|1|5|1|2|240000|2|16005|282561
1200000|1|6048|1|5|0|0|240000|3|24009|260721
1200000|1|6048|1|5|1|2|240000|3|24009|285174
1200000|1|6048|1|5|0|0|240000|4|32015|263529
1200000|1|6048|1|5|1|2|240000|4|32015|288606
1200000|1|6049|1|1|0|0|240000|0|0|236445
1200000|1|6049|1|1|1|2|240000|0|0|264582
1200000|1|6049|1|1|0|0|240000|1|8000|239037
1200000|1|6049|1|1|1|2|240000|1|8000|265557
1200000|1|6049|1|1|0|0|240000|2|16003|241962
1200000|1|6049|1|1|1|2|240000|2|16003|268755
1200000|1|6049|1|1|0|0|240000|3|24009|245433
1200000|1|6049|1|1|1|2|240000|3|24009|273630
1200000|1|6049|1|1|0|0|240000|4|32017|248787
1200000|1|6049|1|1|1|2|240000|4|32017|278154
1200000|1|6049|1|2|0|0|240000|0|0|253371
1200000|1|6049|1|2|1|2|240000|0|0|282561
1200000|1|6049|1|2|0|0|240000|1|8001|256860
1200000|1|6049|1|2|1|2|240000|1|8001|284745
1200000|1|6049|1|2|0|0|240000|2|16005|260760
1200000|1|6049|1|2|1|2|240000|2|16005|287865
1200000|1|6049|1|2|0|0|240000|3|24010|264309
1200000|1|6049|1|2|1|2|240000|3|24010|292155
1200000|1|6049|1|2|0|0|240000|4|32017|267936
1200000|1|6049|1|2|1|2|240000|4|32017|297069
1200000|1|6049|1|3|0|0|240000|0|0|257349
1200000|1|6049|1|3|1|2|240000|0|0|252492
1200000|1|6049|1|3|0|0|240000|1|7994|262554
1200000|1|6049|1|3|1|2|240000|1|7994|255417
1200000|1|6049|1|3|0|0|240000|2|15998|267429
1200000|1|6049|1|3|1|2|240000|2|15998|259044
1200000|1|6049|1|3|0|0|240000|3|24004|272265
1200000|1|6049|1|3|1|2|240000|3|24004|264114
1200000|1|6049|1|3|0|0|240000|4|32011|277569
1200000|1|6049|1|3|1|2|240000|4|32011|269769
1200000|1|6049|1|4|0|0|240000|0|0|221079
1200000|1|6049|1|4|1|2|240000|0|0|220941
1200000|1|6049|1|4|0|0|240000|1|7981|224568
1200000|1|6049|1|4|1|2|240000|1|7981|226479
1200000|1|6049|1|4|0|0|240000|2|15975|230067
1200000|1|6049|1|4|1|2|240000|2|15975|233070
1200000|1|6049|1|4|0|0|240000|3|23976|235683
1200000|1|6049|1|4|1|2|240000|3|23976|240324
1200000|1|6049|1|4|0|0|240000|4|31981|241767
1200000|1|6049|1|4|1|2|240000|4|31981|248241
1200000|1|6049|1|5|0|0|240000|0|0|226344
1200000|1|6049|1|5|1|2|240000|0|0|230457
1200000|1|6049|1|5|0|0|240000|1|7979|230964
1200000|1|6049|1|5|1|2|240000|1|7979|238764
1200000|1|6049|1|5|0|0|240000|2|15973|236112
1200000|1|6049|1|5|1|2|240000|2|15973|247266
1200000|1|6049|1|5|0|0|240000|3|23976|241377
1200000|1|6049|1|5|1|2|240000|3|23976|256002
1200000|1|6049|1|5|0|0|240000|4|31983|247032
1200000|1|6049|1|5|1|2|240000|4|31983|265011
1200000|1|6050|1|1|0|0|240000|0|0|261639
1200000|1|6050|1|1|1|2|240000|0|0|261696
1200000|1|6050|1|1|0|0|240000|1|8003|267702
1200000|1|6050|1|1|1|2|240000|1|8003|267702
1200000|1|6050|1|1|0|0|240000|2|16014|273045
1200000|1|6050|1|1|1|2|240000|2|16014|276984
1200000|1|6050|1|1|0|0|240000|3|24030|277998
1200000|1|6050|1|1|1|2|240000|3|24030|285759
1200000|1|6050|1|1|0|0|240000|4|32046|282717
1200000|1|6050|1|1|1|2|240000|4|32046|294768
1200000|1|6050|1|2|0|0|240000|0|0|222327
1200000|1|6050|1|2|1|2|240000|0|0|226713
1200000|1|6050|1|2|0|0|240000|1|7990|226245
1200000|1|6050|1|2|1|2|240000|1|7990|234825
1200000|1|6050|1|2|0|0|240000|2|15990|230379
1200000|1|6050|1|2|1|2|240000|2|15990|244068
1200000|1|6050|1|2|0|0|240000|3|23997|234591
1200000|1|6050|1|2|1|2|240000|3|23997|253740
1200000|1|6050|1|2|0|0|240000|4|32009|238569
1200000|1|6050|1|2|1|2|240000|4|32009|264270
1200000|1|6050|1|3|0|0|240000|0|0|217491
1200000|1|6050|1|3|1|2|240000|0|0|224880
1200000|1|6050|1|3|0|0|240000|1|7984|221058
1200000|1|6050|1|3|1|2|240000|1|7984|233538
1200000|1|6050|1|3|0|0|240000|2|15981|225621
1200000|1|6050|1|3|1|2|240000|2|15981|243132
1200000|1|6050|1|3|0|0|240000|3|23986|230067
1200000|1|6050|1|3|1|2|240000|3|23986|253077
1200000|1|6050|1|3|0|0|240000|4|31997|234006
1200000|1|6050|1|3|1|2|240000|4|31997|263178
1200000|1|6050|1|4|0|0|240000|0|0|253956
1200000|1|6050|1|4|1|2|240000|0|0|289776
1200000|1|6050|1|4|0|0|240000|1|8010|258654
1200000|1|6050|1|4|1|2|240000|1|8010|297420
1200000|1|6050|1|4|0|0|240000|2|16024|262827
1200000|1|6050|1|4|1|2|240000|2|16024|305532
1200000|1|6050|1|4|0|0|240000|3|24040|267039
1200000|1|6050|1|4|1|2|240000|3|24040|314385
1200000|1|6050|1|4|0|0|240000|4|32057|270510
1200000|1|6050|1|4|1|2|240000|4|32057|323277
1200000|1|6050|1|5|0|0|240000|0|0|249042
1200000|1|6050|1|5|1|2|240000|0|0|251634
1200000|1|6050|1|5|0|0|240000|1|7989|251790
1200000|1|6050|1|5|1|2|240000|1|7989|257913
1200000|1|6050|1|5|0|0|240000|2|15990|254793
1200000|1|6050|1|5|1|2|240000|2|15990|265323
1200000|1|6050|1|5|0|0|240000|3|23997|257835
1200000|1|6050|1|5|1|2|240000|3|23997|273084
1200000|1|6050|1|5|0|0|240000|4|32008|260136
1200000|1|6050|1|5|1|2|240000|4|32008|281469
