---- START ----

1200000|4|8001|6|1|0|0|120000|0|0|89454
1200000|4|8001|6|1|1|1|960000|0|0|897025
1200000|4|8001|6|1|2|2|840000|0|0|773590
1200000|4|8001|6|1|0|0|120000|1|11993|71571
1200000|4|8001|6|1|1|1|960000|1|11993|884819
1200000|4|8001|6|1|2|2|840000|1|11993|764388
1200000|4|8001|6|1|0|0|120000|2|23992|62913
1200000|4|8001|6|1|1|1|960000|2|23992|877756
1200000|4|8001|6|1|2|2|840000|2|23992|759747
1200000|4|8001|6|1|0|0|120000|3|35994|59091
1200000|4|8001|6|1|1|1|960000|3|35994|873508
1200000|4|8001|6|1|2|2|840000|3|35994|757413
1200000|4|8001|6|1|0|0|120000|4|47996|58272
1200000|4|8001|6|1|1|1|960000|4|47996|870818
1200000|4|8001|6|1|2|2|840000|4|47996|756088
1200000|4|8001|6|2|0|0|120000|0|0|166272
1200000|4|8001|6|2|1|1|960000|0|0|888599
1200000|4|8001|6|2|2|2|840000|0|0|760730
1200000|4|8001|6|2|0|0|120000|1|11994|173703
1200000|4|8001|6|2|1|1|960000|1|11994|883529
1200000|4|8001|6|2|2|2|840000|1|11994|766112
1200000|4|8001|6|2|0|0|120000|2|23995|176510
1200000|4|8001|6|2|1|1|960000|2|23995|881428
1200000|4|8001|6|2|2|2|840000|2|23995|769895
1200000|4|8001|6|2|0|0|120000|3|35998|178187
1200000|4|8001|6|2|1|1|960000|3|35998|880798
1200000|4|8001|6|2|2|2|840000|3|35998|772158
1200000|4|8001|6|2|0|0|120000|4|48001|179162
1200000|4|8001|6|2|1|1|960000|4|48001|880799
1200000|4|8001|6|2|2|2|840000|4|48001|774186
1200000|4|8001|6|3|0|0|120000|0|0|136439
1200000|4|8001|6|3|1|1|960000|0|0|892267
1200000|4|8001|6|3|2|2|840000|0|0|790059
1200000|4|8001|6|3|0|0|120000|1|11993|142034
1200000|4|8001|6|3|1|1|960000|1|11993|889500
1200000|4|8001|6|3|2|2|840000|1|11993|794658
1200000|4|8001|6|3|0|0|120000|2|23992|145233
1200000|4|8001|6|3|1|1|960000|2|23992|889651
1200000|4|8001|6|3|2|2|840000|2|23992|797819
1200000|4|8001|6|3|0|0|120000|3|35994|146871
1200000|4|8001|6|3|1|1|960000|3|35994|890393
1200000|4|8001|6|3|2|2|840000|3|35994|798951
1200000|4|8001|6|3|0|0|120000|4|47998|147496
1200000|4|8001|6|3|1|1|960000|4|47998|891097
1200000|4|8001|6|3|2|2|840000|4|47998|799304
1200000|4|8001|6|4|0|0|120000|0|0|139481
1200000|4|8001|6|4|1|1|960000|0|0|898042
1200000|4|8001|6|4|2|2|840000|0|0|789081
1200000|4|8001|6|4|0|0|120000|1|11992|146205
1200000|4|8001|6|4|1|1|960000|1|11992|896401
1200000|4|8001|6|4|2|2|840000|1|11992|793530
1200000|4|8001|6|4|0|0|120000|2|23992|150265
1200000|4|8001|6|4|1|1|960000|2|23992|896868
1200000|4|8001|6|4|2|2|840000|2|23992|795284
1200000|4|8001|6|4|0|0|120000|3|35996|152058
1200000|4|8001|6|4|1|1|960000|3|35996|897339
1200000|4|8001|6|4|2|2|840000|3|35996|795714
1200000|4|8001|6|4|0|0|120000|4|47999|153424
1200000|4|8001|6|4|1|1|960000|4|47999|898118
1200000|4|8001|6|4|2|2|840000|4|47999|795752
1200000|4|8001|6|5|0|0|120000|0|0|81954
1200000|4|8001|6|5|1|1|960000|0|0|912512
1200000|4|8001|6|5|2|2|840000|0|0|787058
1200000|4|8001|6|5|0|0|120000|1|11993|61379
1200000|4|8001|6|5|1|1|960000|1|11993|906660
1200000|4|8001|6|5|2|2|840000|1|11993|777111
1200000|4|8001|6|5|0|0|120000|2|23993|52997
1200000|4|8001|6|5|1|1|960000|2|23993|906815
1200000|4|8001|6|5|2|2|840000|2|23993|773132
1200000|4|8001|6|5|0|0|120000|3|35995|49450
1200000|4|8001|6|5|1|1|960000|3|35995|909039
1200000|4|8001|6|5|2|2|840000|3|35995|771066
1200000|4|8001|6|5|0|0|120000|4|47998|49409
1200000|4|8001|6|5|1|1|960000|4|47998|912431
1200000|4|8001|6|5|2|2|840000|4|47998|769273
1200000|4|8002|6|1|0|0|120000|0|0|71624
1200000|4|8002|6|1|1|1|960000|0|0|910676
1200000|4|8002|6|1|2|2|840000|0|0|799884
1200000|4|8002|6|1|0|0|120000|1|11993|54489
1200000|4|8002|6|1|1|1|960000|1|11993|905762
1200000|4|8002|6|1|2|2|840000|1|11993|792672
1200000|4|8002|6|1|0|0|120000|2|23993|45597
1200000|4|8002|6|1|1|1|960000|2|23993|905489
1200000|4|8002|6|1|2|2|840000|2|23993|793571
1200000|4|8002|6|1|0|0|120000|3|35995|43101
1200000|4|8002|6|1|1|1|960000|3|35995|907908
1200000|4|8002|6|1|2|2|840000|3|35995|796142
1200000|4|8002|6|1|0|0|120000|4|47998|43257
1200000|4|8002|6|1|1|1|960000|4|47998|911103
1200000|4|8002|6|1|2|2|840000|4|47998|799575
1200000|4|8002|6|2|0|0|120000|0|0|91200
1200000|4|8002|6|2|1|1|960000|0|0|906463
1200000|4|8002|6|2|2|2|840000|0|0|779528
1200000|4|8002|6|2|0|0|120000|1|11993|74886
1200000|4|8002|6|2|1|1|960000|1|11993|900302
1200000|4|8002|6|2|2|2|840000|1|11993|773132
1200000|4|8002|6|2|0|0|120000|2|23993|69270
1200000|4|8002|6|2|1|1|960000|2|23993|899054
1200000|4|8002|6|2|2|2|840000|2|23993|774926
1200000|4|8002|6|2|0|0|120000|3|35995|68256
1200000|4|8002|6|2|1|1|960000|3|35995|899953
1200000|4|8002|6|2|2|2|840000|3|35995|778632
1200000|4|8002|6|2|0|0|120000|4|47997|69621
1200000|4|8002|6|2|1|1|960000|4|47997|901667
1200000|4|8002|6|2|2|2|840000|4|47997|783270
1200000|4|8002|6|3|0|0|120000|0|0|73035
1200000|4|8002|6|3|1|1|960000|0|0|903614
1200000|4|8002|6|3|2|2|840000|0|0|813771
1200000|4|8002|6|3|0|0|120000|1|11979|55659
1200000|4|8002|6|3|1|1|960000|1|11979|906464
1200000|4|8002|6|3|2|2|840000|1|11979|809596
1200000|4|8002|6|3|0|0|120000|2|23973|49107
1200000|4|8002|6|3|1|1|960000|2|23973|906971
1200000|4|8002|6|3|2|2|840000|2|23973|810649
1200000|4|8002|6|3|0|0|120000|3|35972|47352
1200000|4|8002|6|3|1|1|960000|3|35972|909662
1200000|4|8002|6|3|2|2|840000|3|35972|814072
1200000|4|8002|6|3|0|0|120000|4|47973|47118
1200000|4|8002|6|3|1|1|960000|4|47973|914030
1200000|4|8002|6|3|2|2|840000|4|47973|814694
1200000|4|8002|6|4|0|0|120000|0|0|100248
1200000|4|8002|6|4|1|1|960000|0|0|912977
1200000|4|8002|6|4|2|2|840000|0|0|775589
1200000|4|8002|6|4|0|0|120000|1|11994|87210
1200000|4|8002|6|4|1|1|960000|1|11994|908295
1200000|4|8002|6|4|2|2|840000|1|11994|767592
1200000|4|8002|6|4|0|0|120000|2|23992|83739
1200000|4|8002|6|4|1|1|960000|2|23992|909157
1200000|4|8002|6|4|2|2|840000|2|23992|764162
1200000|4|8002|6|4|0|0|120000|3|35993|85065
1200000|4|8002|6|4|1|1|960000|3|35993|911731
1200000|4|8002|6|4|2|2|840000|3|35993|762369
1200000|4|8002|6|4|0|0|120000|4|47993|87756
1200000|4|8002|6|4|1|1|960000|4|47993|915861
1200000|4|8002|6|4|2|2|840000|4|47993|762291
1200000|4|8002|6|5|0|0|120000|0|0|100725
1200000|4|8002|6|5|1|1|960000|0|0|907167
1200000|4|8002|6|5|2|2|840000|0|0|776756
1200000|4|8002|6|5|0|0|120000|1|11992|88497
1200000|4|8002|6|5|1|1|960000|1|11992|900261
1200000|4|8002|6|5|2|2|840000|1|11992|769427
1200000|4|8002|6|5|0|0|120000|2|23990|85962
1200000|4|8002|6|5|1|1|960000|2|23990|899637
1200000|4|8002|6|5|2|2|840000|2|23990|766578
1200000|4|8002|6|5|0|0|120000|3|35990|87756
1200000|4|8002|6|5|1|1|960000|3|35990|901121
1200000|4|8002|6|5|2|2|840000|3|35990|765212
1200000|4|8002|6|5|0|0|120000|4|47989|91344
1200000|4|8002|6|5|1|1|960000|4|47989|904316
1200000|4|8002|6|5|2|2|840000|4|47989|764086
1200000|4|8003|6|1|0|0|120000|0|0|188585
1200000|4|8003|6|1|1|1|960000|0|0|905491
1200000|4|8003|6|1|2|2|840000|0|0|826592
1200000|4|8003|6|1|0|0|120000|1|11989|214849
1200000|4|8003|6|1|1|1|960000|1|11989|908101
1200000|4|8003|6|1|2|2|840000|1|11989|850771
1200000|4|8003|6|1|0|0|120000|2|23989|230135
1200000|4|8003|6|1|1|1|960000|2|23989|912393
1200000|4|8003|6|1|2|2|840000|2|23989|861030
1200000|4|8003|6|1|0|0|120000|3|35987|239963
1200000|4|8003|6|1|1|1|960000|3|35987|917306
1200000|4|8003|6|1|2|2|840000|3|35987|866017
1200000|4|8003|6|1|0|0|120000|4|47987|247254
1200000|4|8003|6|1|1|1|960000|4|47987|922141
1200000|4|8003|6|1|2|2|840000|4|47987|868049
1200000|4|8003|6|2|0|0|120000|0|0|155161
1200000|4|8003|6|2|1|1|960000|0|0|912898
1200000|4|8003|6|2|2|2|840000|0|0|836807
1200000|4|8003|6|2|0|0|120000|1|11992|172182
1200000|4|8003|6|2|1|1|960000|1|11992|910985
1200000|4|8003|6|2|2|2|840000|1|11992|850500
1200000|4|8003|6|2|0|0|120000|2|23989|182205
1200000|4|8003|6|2|1|1|960000|2|23989|912823
1200000|4|8003|6|2|2|2|840000|2|23989|858413
1200000|4|8003|6|2|0|0|120000|3|35992|188249
1200000|4|8003|6|2|1|1|960000|3|35992|917615
1200000|4|8003|6|2|2|2|840000|3|35992|863291
1200000|4|8003|6|2|0|0|120000|4|47997|192341
1200000|4|8003|6|2|1|1|960000|4|47997|922023
1200000|4|8003|6|2|2|2|840000|4|47997|865163
1200000|4|8003|6|3|0|0|120000|0|0|65703
1200000|4|8003|6|3|1|1|960000|0|0|917149
1200000|4|8003|6|3|2|2|840000|0|0|801394
1200000|4|8003|6|3|0|0|120000|1|11992|43998
1200000|4|8003|6|3|1|1|960000|1|11992|914614
1200000|4|8003|6|3|2|2|840000|1|11992|791930
1200000|4|8003|6|3|0|0|120000|2|23991|35964
1200000|4|8003|6|3|1|1|960000|2|23991|917380
1200000|4|8003|6|3|2|2|840000|2|23991|787913
1200000|4|8003|6|3|0|0|120000|3|35993|33390
1200000|4|8003|6|3|1|1|960000|3|35993|922726
1200000|4|8003|6|3|2|2|840000|3|35993|787444
1200000|4|8003|6|3|0|0|120000|4|47997|33585
1200000|4|8003|6|3|1|1|960000|4|47997|929047
1200000|4|8003|6|3|2|2|840000|4|47997|788772
1200000|4|8003|6|4|0|0|120000|0|0|72372
1200000|4|8003|6|4|1|1|960000|0|0|917500
1200000|4|8003|6|4|2|2|840000|0|0|802258
1200000|4|8003|6|4|0|0|120000|1|11993|55308
1200000|4|8003|6|4|1|1|960000|1|11993|914302
1200000|4|8003|6|4|2|2|840000|1|11993|794686
1200000|4|8003|6|4|0|0|120000|2|23992|49653
1200000|4|8003|6|4|1|1|960000|2|23992|916836
1200000|4|8003|6|4|2|2|840000|2|23992|792583
1200000|4|8003|6|4|0|0|120000|3|35993|48834
1200000|4|8003|6|4|1|1|960000|3|35993|921519
1200000|4|8003|6|4|2|2|840000|3|35993|793637
1200000|4|8003|6|4|0|0|120000|4|47996|50238
1200000|4|8003|6|4|1|1|960000|4|47996|927370
1200000|4|8003|6|4|2|2|840000|4|47996|796952
1200000|4|8003|6|5|0|0|120000|0|0|121395
1200000|4|8003|6|5|1|1|960000|0|0|913912
1200000|4|8003|6|5|2|2|840000|0|0|758508
1200000|4|8003|6|5|0|0|120000|1|11993|105774
1200000|4|8003|6|5|1|1|960000|1|11993|910170
1200000|4|8003|6|5|2|2|840000|1|11993|755934
1200000|4|8003|6|5|0|0|120000|2|23992|100509
1200000|4|8003|6|5|1|1|960000|2|23992|912004
1200000|4|8003|6|5|2|2|840000|2|23992|755273
1200000|4|8003|6|5|0|0|120000|3|35994|99768
1200000|4|8003|6|5|1|1|960000|3|35994|916447
1200000|4|8003|6|5|2|2|840000|3|35994|755584
1200000|4|8003|6|5|0|0|120000|4|47997|99612
1200000|4|8003|6|5|1|1|960000|4|47997|921008
1200000|4|8003|6|5|2|2|840000|4|47997|758505
1200000|4|8004|6|1|0|0|120000|0|0|114843
1200000|4|8004|6|1|1|1|960000|0|0|910206
1200000|4|8004|6|1|2|2|840000|0|0|765009
1200000|4|8004|6|1|0|0|120000|1|11993|99339
1200000|4|8004|6|1|1|1|960000|1|11993|904592
1200000|4|8004|6|1|2|2|840000|1|11993|760993
1200000|4|8004|6|1|0|0|120000|2|23991|92514
1200000|4|8004|6|1|1|1|960000|2|23991|904360
1200000|4|8004|6|1|2|2|840000|2|23991|759589
1200000|4|8004|6|1|0|0|120000|3|35992|89940
1200000|4|8004|6|1|1|1|960000|3|35992|905763
1200000|4|8004|6|1|2|2|840000|3|35992|760718
1200000|4|8004|6|1|0|0|120000|4|47995|88653
1200000|4|8004|6|1|1|1|960000|4|47995|908842
1200000|4|8004|6|1|2|2|840000|4|47995|764776
1200000|4|8004|6|2|0|0|120000|0|0|158864
1200000|4|8004|6|2|1|1|960000|0|0|914381
1200000|4|8004|6|2|2|2|840000|0|0|795468
1200000|4|8004|6|2|0|0|120000|1|11998|166488
1200000|4|8004|6|2|1|1|960000|1|11998|919960
1200000|4|8004|6|2|2|2|840000|1|11998|806973
1200000|4|8004|6|2|0|0|120000|2|24002|170699
1200000|4|8004|6|2|1|1|960000|2|24002|926507
1200000|4|8004|6|2|2|2|840000|2|24002|815439
1200000|4|8004|6|2|0|0|120000|3|36008|172923
1200000|4|8004|6|2|1|1|960000|3|36008|932552
1200000|4|8004|6|2|2|2|840000|3|36008|822964
1200000|4|8004|6|2|0|0|120000|4|48016|173819
1200000|4|8004|6|2|1|1|960000|4|48016|935912
1200000|4|8004|6|2|2|2|840000|4|48016|829480
1200000|4|8004|6|3|0|0|120000|0|0|114375
1200000|4|8004|6|3|1|1|960000|0|0|916680
1200000|4|8004|6|3|2|2|840000|0|0|770825
1200000|4|8004|6|3|0|0|120000|1|11995|98715
1200000|4|8004|6|3|1|1|960000|1|11995|911885
1200000|4|8004|6|3|2|2|840000|1|11995|768403
1200000|4|8004|6|3|0|0|120000|2|23995|92514
1200000|4|8004|6|3|1|1|960000|2|23995|911885
1200000|4|8004|6|3|2|2|840000|2|23995|771447
1200000|4|8004|6|3|0|0|120000|3|35997|91110
1200000|4|8004|6|3|1|1|960000|3|35997|913680
1200000|4|8004|6|3|2|2|840000|3|35997|776554
1200000|4|8004|6|3|0|0|120000|4|48001|92553
1200000|4|8004|6|3|1|1|960000|4|48001|915786
1200000|4|8004|6|3|2|2|840000|4|48001|782016
1200000|4|8004|6|4|0|0|120000|0|0|79041
1200000|4|8004|6|4|1|1|960000|0|0|914654
1200000|4|8004|6|4|2|2|840000|0|0|803424
1200000|4|8004|6|4|0|0|120000|1|11995|63303
1200000|4|8004|6|4|1|1|960000|1|11995|910677
1200000|4|8004|6|4|2|2|840000|1|11995|801554
1200000|4|8004|6|4|0|0|120000|2|23995|58389
1200000|4|8004|6|4|1|1|960000|2|23995|912000
1200000|4|8004|6|4|2|2|840000|2|23995|805220
1200000|4|8004|6|4|0|0|120000|3|35997|59325
1200000|4|8004|6|4|1|1|960000|3|35997|915707
1200000|4|8004|6|4|2|2|840000|3|35997|810288
1200000|4|8004|6|4|0|0|120000|4|48000|62133
1200000|4|8004|6|4|1|1|960000|4|48000|919020
1200000|4|8004|6|4|2|2|840000|4|48000|815556
1200000|4|8004|6|5|0|0|120000|0|0|155247
1200000|4|8004|6|5|1|1|960000|0|0|914420
1200000|4|8004|6|5|2|2|840000|0|0|847690
1200000|4|8004|6|5|0|0|120000|1|11994|174921
1200000|4|8004|6|5|1|1|960000|1|11994|910872
1200000|4|8004|6|5|2|2|840000|1|11994|867036
1200000|4|8004|6|5|0|0|120000|2|23994|187271
1200000|4|8004|6|5|1|1|960000|2|23994|912584
1200000|4|8004|6|5|2|2|840000|2|23994|877916
1200000|4|8004|6|5|0|0|120000|3|35997|195426
1200000|4|8004|6|5|1|1|960000|3|35997|916213
1200000|4|8004|6|5|2|2|840000|3|35997|884470
1200000|4|8004|6|5|0|0|120000|4|47999|201587
1200000|4|8004|6|5|1|1|960000|4|47999|919880
1200000|4|8004|6|5|2|2|840000|4|47999|889889
1200000|4|8005|6|1|0|0|120000|0|0|155988
1200000|4|8005|6|1|1|1|960000|0|0|910287
1200000|4|8005|6|1|2|2|840000|0|0|842934
1200000|4|8005|6|1|0|0|120000|1|11998|174609
1200000|4|8005|6|1|1|1|960000|1|11998|903775
1200000|4|8005|6|1|2|2|840000|1|11998|859587
1200000|4|8005|6|1|0|0|120000|2|24000|184623
1200000|4|8005|6|1|1|1|960000|2|24000|902135
1200000|4|8005|6|1|2|2|840000|2|24000|869414
1200000|4|8005|6|1|0|0|120000|3|36004|190511
1200000|4|8005|6|1|1|1|960000|3|36004|902171
1200000|4|8005|6|1|2|2|840000|3|36004|876005
1200000|4|8005|6|1|0|0|120000|4|48009|194841
1200000|4|8005|6|1|1|1|960000|4|48009|903577
1200000|4|8005|6|1|2|2|840000|4|48009|880643
1200000|4|8005|6|2|0|0|120000|0|0|127713
1200000|4|8005|6|2|1|1|960000|0|0|906851
1200000|4|8005|6|2|2|2|840000|0|0|861809
1200000|4|8005|6|2|0|0|120000|1|11997|142668
1200000|4|8005|6|2|1|1|960000|1|11997|899366
1200000|4|8005|6|2|2|2|840000|1|11997|878697
1200000|4|8005|6|2|0|0|120000|2|23999|150390
1200000|4|8005|6|2|1|1|960000|2|23999|897803
1200000|4|8005|6|2|2|2|840000|2|23999|888290
1200000|4|8005|6|2|0|0|120000|3|36002|155382
1200000|4|8005|6|2|1|1|960000|3|36002|900262
1200000|4|8005|6|2|2|2|840000|3|36002|893985
1200000|4|8005|6|2|0|0|120000|4|48007|159945
1200000|4|8005|6|2|1|1|960000|4|48007|902873
1200000|4|8005|6|2|2|2|840000|4|48007|897455
1200000|4|8005|6|3|0|0|120000|0|0|128688
1200000|4|8005|6|3|1|1|960000|0|0|910013
1200000|4|8005|6|3|2|2|840000|0|0|861773
1200000|4|8005|6|3|0|0|120000|1|11996|144774
1200000|4|8005|6|3|1|1|960000|1|11996|905413
1200000|4|8005|6|3|2|2|840000|1|11996|877135
1200000|4|8005|6|3|0|0|120000|2|23995|154290
1200000|4|8005|6|3|1|1|960000|2|23995|905412
1200000|4|8005|6|3|2|2|840000|2|23995|884389
1200000|4|8005|6|3|0|0|120000|3|35997|161457
1200000|4|8005|6|3|1|1|960000|3|35997|907513
1200000|4|8005|6|3|2|2|840000|3|35997|887318
1200000|4|8005|6|3|0|0|120000|4|48000|166644
1200000|4|8005|6|3|1|1|960000|4|48000|911107
1200000|4|8005|6|3|2|2|840000|4|48000|888953
1200000|4|8005|6|4|0|0|120000|0|1|127128
1200000|4|8005|6|4|1|1|960000|0|1|910518
1200000|4|8005|6|4|2|2|840000|0|1|860832
1200000|4|8005|6|4|0|0|120000|1|11994|142434
1200000|4|8005|6|4|1|1|960000|1|11994|906540
1200000|4|8005|6|4|2|2|840000|1|11994|874406
1200000|4|8005|6|4|0|0|120000|2|23992|152106
1200000|4|8005|6|4|1|1|960000|2|23992|905996
1200000|4|8005|6|4|2|2|840000|2|23992|881541
1200000|4|8005|6|4|0|0|120000|3|35994|159165
1200000|4|8005|6|4|1|1|960000|3|35994|908338
1200000|4|8005|6|4|2|2|840000|3|35994|884271
1200000|4|8005|6|4|0|0|120000|4|47996|163991
1200000|4|8005|6|4|1|1|960000|4|47996|912198
1200000|4|8005|6|4|2|2|840000|4|47996|885404
1200000|4|8005|6|5|0|0|120000|0|1|128727
1200000|4|8005|6|5|1|1|960000|0|1|912161
1200000|4|8005|6|5|2|2|840000|0|1|858259
1200000|4|8005|6|5|0|0|120000|1|11993|145281
1200000|4|8005|6|5|1|1|960000|1|11993|908026
1200000|4|8005|6|5|2|2|840000|1|11993|871288
1200000|4|8005|6|5|0|0|120000|2|23992|155109
1200000|4|8005|6|5|1|1|960000|2|23992|909113
1200000|4|8005|6|5|2|2|840000|2|23992|876121
1200000|4|8005|6|5|0|0|120000|3|35993|161184
1200000|4|8005|6|5|1|1|960000|3|35993|912120
1200000|4|8005|6|5|2|2|840000|3|35993|877877
1200000|4|8005|6|5|0|0|120000|4|47995|165473
1200000|4|8005|6|5|1|1|960000|4|47995|916447
1200000|4|8005|6|5|2|2|840000|4|47995|878579
1200000|4|8006|6|1|0|0|120000|0|0|128493
1200000|4|8006|6|1|1|1|960000|0|0|913170
1200000|4|8006|6|1|2|2|840000|0|0|860718
1200000|4|8006|6|1|0|0|120000|1|11994|144423
1200000|4|8006|6|1|1|1|960000|1|11994|908921
1200000|4|8006|6|1|2|2|840000|1|11994|873899
1200000|4|8006|6|1|0|0|120000|2|23994|153822
1200000|4|8006|6|1|1|1|960000|2|23994|909973
1200000|4|8006|6|1|2|2|840000|2|23994|878578
1200000|4|8006|6|1|0|0|120000|3|35995|159165
1200000|4|8006|6|1|1|1|960000|3|35995|912817
1200000|4|8006|6|1|2|2|840000|3|35995|880486
1200000|4|8006|6|1|0|0|120000|4|47997|161730
1200000|4|8006|6|1|1|1|960000|4|47997|915550
1200000|4|8006|6|1|2|2|840000|4|47997|880493
1200000|4|8006|6|2|0|0|120000|0|0|111606
1200000|4|8006|6|2|1|1|960000|0|0|908299
1200000|4|8006|6|2|2|2|840000|0|0|873395
1200000|4|8006|6|2|0|0|120000|1|11998|123363
1200000|4|8006|6|2|1|1|960000|1|11998|901394
1200000|4|8006|6|2|2|2|840000|1|11998|886653
1200000|4|8006|6|2|0|0|120000|2|23999|129330
1200000|4|8006|6|2|1|1|960000|2|23999|899561
1200000|4|8006|6|2|2|2|840000|2|23999|893553
1200000|4|8006|6|2|0|0|120000|3|36003|131436
1200000|4|8006|6|2|1|1|960000|3|36003|899874
1200000|4|8006|6|2|2|2|840000|3|36003|897341
1200000|4|8006|6|2|0|0|120000|4|48007|132645
1200000|4|8006|6|2|1|1|960000|4|48007|901393
1200000|4|8006|6|2|2|2|840000|4|48007|898040
1200000|4|8006|6|3|0|0|120000|0|1|111138
1200000|4|8006|6|3|1|1|960000|0|1|908297
1200000|4|8006|6|3|2|2|840000|0|1|872221
1200000|4|8006|6|3|0|0|120000|1|11998|121257
1200000|4|8006|6|3|1|1|960000|1|11998|902409
1200000|4|8006|6|3|2|2|840000|1|11998|886067
1200000|4|8006|6|3|0|0|120000|2|23999|125040
1200000|4|8006|6|3|1|1|960000|2|23999|901859
1200000|4|8006|6|3|2|2|840000|2|23999|892735
1200000|4|8006|6|3|0|0|120000|3|36003|126366
1200000|4|8006|6|3|1|1|960000|3|36003|904282
1200000|4|8006|6|3|2|2|840000|3|36003|895855
1200000|4|8006|6|3|0|0|120000|4|48007|127614
1200000|4|8006|6|3|1|1|960000|4|48007|907204
1200000|4|8006|6|3|2|2|840000|4|48007|896086
1200000|4|8006|6|4|0|0|120000|0|0|150830
1200000|4|8006|6|4|1|1|960000|0|0|908259
1200000|4|8006|6|4|2|2|840000|0|0|835524
1200000|4|8006|6|4|0|0|120000|1|11994|165123
1200000|4|8006|6|4|1|1|960000|1|11994|902681
1200000|4|8006|6|4|2|2|840000|1|11994|848078
1200000|4|8006|6|4|0|0|120000|2|23992|171168
1200000|4|8006|6|4|1|1|960000|2|23992|901824
1200000|4|8006|6|4|2|2|840000|2|23992|853776
1200000|4|8006|6|4|0|0|120000|3|35993|174519
1200000|4|8006|6|4|1|1|960000|3|35993|903422
1200000|4|8006|6|4|2|2|840000|3|35993|855374
1200000|4|8006|6|4|0|0|120000|4|47995|176664
1200000|4|8006|6|4|1|1|960000|4|47995|906461
1200000|4|8006|6|4|2|2|840000|4|47995|856657
1200000|4|8006|6|5|0|0|120000|0|0|122635
1200000|4|8006|6|5|1|1|960000|0|0|909429
1200000|4|8006|6|5|2|2|840000|0|0|863214
1200000|4|8006|6|5|0|0|120000|1|11993|134662
1200000|4|8006|6|5|1|1|960000|1|11993|905252
1200000|4|8006|6|5|2|2|840000|1|11993|876787
1200000|4|8006|6|5|0|0|120000|2|23990|140982
1200000|4|8006|6|5|1|1|960000|2|23990|905609
1200000|4|8006|6|5|2|2|840000|2|23990|884542
1200000|4|8006|6|5|0|0|120000|3|35992|144218
1200000|4|8006|6|5|1|1|960000|3|35992|908180
1200000|4|8006|6|5|2|2|840000|3|35992|888755
1200000|4|8006|6|5|0|0|120000|4|47998|145312
1200000|4|8006|6|5|1|1|960000|4|47998|911806
1200000|4|8006|6|5|2|2|840000|4|47998|890200
1200000|4|8007|6|1|0|0|120000|0|0|122204
1200000|4|8007|6|1|1|1|960000|0|0|913799
1200000|4|8007|6|1|2|2|840000|0|0|861536
1200000|4|8007|6|1|0|0|120000|1|11991|134625
1200000|4|8007|6|1|1|1|960000|1|11991|913213
1200000|4|8007|6|1|2|2|840000|1|11991|874091
1200000|4|8007|6|1|0|0|120000|2|23987|141020
1200000|4|8007|6|1|1|1|960000|2|23987|915863
1200000|4|8007|6|1|2|2|840000|2|23987|880175
1200000|4|8007|6|1|0|0|120000|3|35987|144333
1200000|4|8007|6|1|1|1|960000|3|35987|920932
1200000|4|8007|6|1|2|2|840000|3|35987|881660
1200000|4|8007|6|1|0|0|120000|4|47988|145663
1200000|4|8007|6|1|1|1|960000|4|47988|926041
1200000|4|8007|6|1|2|2|840000|4|47988|881192
1200000|4|8007|6|2|0|0|120000|0|0|121972
1200000|4|8007|6|2|1|1|960000|0|0|916993
1200000|4|8007|6|2|2|2|840000|0|0|863407
1200000|4|8007|6|2|0|0|120000|1|11990|135172
1200000|4|8007|6|2|1|1|960000|1|11990|914926
1200000|4|8007|6|2|2|2|840000|1|11990|876941
1200000|4|8007|6|2|0|0|120000|2|23990|142151
1200000|4|8007|6|2|1|1|960000|2|23990|918631
1200000|4|8007|6|2|2|2|840000|2|23990|881426
1200000|4|8007|6|2|0|0|120000|3|35990|145385
1200000|4|8007|6|2|1|1|960000|3|35990|924754
1200000|4|8007|6|2|2|2|840000|3|35990|882364
1200000|4|8007|6|2|0|0|120000|4|47990|147335
1200000|4|8007|6|2|1|1|960000|4|47990|929515
1200000|4|8007|6|2|2|2|840000|4|47990|881661
1200000|4|8007|6|3|0|0|120000|0|0|74010
1200000|4|8007|6|3|1|1|960000|0|0|919724
1200000|4|8007|6|3|2|2|840000|0|0|794504
1200000|4|8007|6|3|0|0|120000|1|11996|50160
1200000|4|8007|6|3|1|1|960000|1|11996|919492
1200000|4|8007|6|3|2|2|840000|1|11996|784989
1200000|4|8007|6|3|0|0|120000|2|23995|39669
1200000|4|8007|6|3|1|1|960000|2|23995|924287
1200000|4|8007|6|3|2|2|840000|2|23995|780543
1200000|4|8007|6|3|0|0|120000|3|35997|35847
1200000|4|8007|6|3|1|1|960000|3|35997|931541
1200000|4|8007|6|3|2|2|840000|3|35997|779139
1200000|4|8007|6|3|0|0|120000|4|48001|35535
1200000|4|8007|6|3|1|1|960000|4|48001|939069
1200000|4|8007|6|3|2|2|840000|4|48001|779332
1200000|4|8007|6|4|0|0|120000|0|1|72879
1200000|4|8007|6|4|1|1|960000|0|1|916136
1200000|4|8007|6|4|2|2|840000|0|1|802227
1200000|4|8007|6|4|0|0|120000|1|11995|56439
1200000|4|8007|6|4|1|1|960000|1|11995|912547
1200000|4|8007|6|4|2|2|840000|1|11995|795091
1200000|4|8007|6|4|0|0|120000|2|23995|50199
1200000|4|8007|6|4|1|1|960000|2|23995|913796
1200000|4|8007|6|4|2|2|840000|2|23995|792516
1200000|4|8007|6|4|0|0|120000|3|35997|49419
1200000|4|8007|6|4|1|1|960000|3|35997|917423
1200000|4|8007|6|4|2|2|840000|3|35997|793375
1200000|4|8007|6|4|0|0|120000|4|48003|50472
1200000|4|8007|6|4|1|1|960000|4|48003|920892
1200000|4|8007|6|4|2|2|840000|4|48003|795438
1200000|4|8007|6|5|0|0|120000|0|0|145139
1200000|4|8007|6|5|1|1|960000|0|0|904904
1200000|4|8007|6|5|2|2|840000|0|0|793412
1200000|4|8007|6|5|0|0|120000|1|11994|153579
1200000|4|8007|6|5|1|1|960000|1|11994|905725
1200000|4|8007|6|5|2|2|840000|1|11994|800744
1200000|4|8007|6|5|0|0|120000|2|23995|158375
1200000|4|8007|6|5|1|1|960000|2|23995|908612
1200000|4|8007|6|5|2|2|840000|2|23995|806595
1200000|4|8007|6|5|0|0|120000|3|35999|161925
1200000|4|8007|6|5|1|1|960000|3|35999|911496
1200000|4|8007|6|5|2|2|840000|3|35999|811392
1200000|4|8007|6|5|0|0|120000|4|48003|165201
1200000|4|8007|6|5|1|1|960000|4|48003|914848
1200000|4|8007|6|5|2|2|840000|4|48003|816110
1200000|4|8008|6|1|0|0|120000|0|0|128912
1200000|4|8008|6|1|1|1|960000|0|0|902679
1200000|4|8008|6|1|2|2|840000|0|0|804605
1200000|4|8008|6|1|0|0|120000|1|11991|137316
1200000|4|8008|6|1|1|1|960000|1|11991|903851
1200000|4|8008|6|1|2|2|840000|1|11991|811662
1200000|4|8008|6|1|0|0|120000|2|23993|143596
1200000|4|8008|6|1|1|1|960000|2|23993|907245
1200000|4|8008|6|1|2|2|840000|2|23993|815994
1200000|4|8008|6|1|0|0|120000|3|35998|147806
1200000|4|8008|6|1|1|1|960000|3|35998|911144
1200000|4|8008|6|1|2|2|840000|3|35998|819504
1200000|4|8008|6|1|0|0|120000|4|48004|151706
1200000|4|8008|6|1|1|1|960000|4|48004|914888
1200000|4|8008|6|1|2|2|840000|4|48004|822624
1200000|4|8008|6|2|0|0|120000|0|0|154730
1200000|4|8008|6|2|1|1|960000|0|0|912427
1200000|4|8008|6|2|2|2|840000|0|0|838877
1200000|4|8008|6|2|0|0|120000|1|11995|173196
1200000|4|8008|6|2|1|1|960000|1|11995|908061
1200000|4|8008|6|2|2|2|840000|1|11995|852838
1200000|4|8008|6|2|0|0|120000|2|23994|183568
1200000|4|8008|6|2|1|1|960000|2|23994|909585
1200000|4|8008|6|2|2|2|840000|2|23994|859469
1200000|4|8008|6|2|0|0|120000|3|35995|189419
1200000|4|8008|6|2|1|1|960000|3|35995|913366
1200000|4|8008|6|2|2|2|840000|3|35995|862979
1200000|4|8008|6|2|0|0|120000|4|47998|192461
1200000|4|8008|6|2|1|1|960000|4|47998|916683
1200000|4|8008|6|2|2|2|840000|4|47998|865513
1200000|4|8008|6|3|0|0|120000|0|0|126651
1200000|4|8008|6|3|1|1|960000|0|0|909973
1200000|4|8008|6|3|2|2|840000|0|0|862939
1200000|4|8008|6|3|0|0|120000|1|11995|141488
1200000|4|8008|6|3|1|1|960000|1|11995|904202
1200000|4|8008|6|3|2|2|840000|1|11995|878653
1200000|4|8008|6|3|0|0|120000|2|23997|150147
1200000|4|8008|6|3|1|1|960000|2|23997|903382
1200000|4|8008|6|3|2|2|840000|2|23997|886457
1200000|4|8008|6|3|0|0|120000|3|36001|154435
1200000|4|8008|6|3|1|1|960000|3|36001|904786
1200000|4|8008|6|3|2|2|840000|3|36001|891371
1200000|4|8008|6|3|0|0|120000|4|48005|158338
1200000|4|8008|6|3|1|1|960000|4|48005|905999
1200000|4|8008|6|3|2|2|840000|4|48005|894219
1200000|4|8008|6|4|0|0|120000|0|0|113078
1200000|4|8008|6|4|1|1|960000|0|0|909037
1200000|4|8008|6|4|2|2|840000|0|0|874561
1200000|4|8008|6|4|0|0|120000|1|11998|126552
1200000|4|8008|6|4|1|1|960000|1|11998|903072
1200000|4|8008|6|4|2|2|840000|1|11998|889534
1200000|4|8008|6|4|0|0|120000|2|24000|134271
1200000|4|8008|6|4|1|1|960000|2|24000|902292
1200000|4|8008|6|4|2|2|840000|2|24000|897729
1200000|4|8008|6|4|0|0|120000|3|36004|138408
1200000|4|8008|6|4|1|1|960000|3|36004|903851
1200000|4|8008|6|4|2|2|840000|3|36004|902759
1200000|4|8008|6|4|0|0|120000|4|48008|141643
1200000|4|8008|6|4|1|1|960000|4|48008|905721
1200000|4|8008|6|4|2|2|840000|4|48008|905446
1200000|4|8008|6|5|0|0|120000|0|0|156173
1200000|4|8008|6|5|1|1|960000|0|0|908921
1200000|4|8008|6|5|2|2|840000|0|0|834167
1200000|4|8008|6|5|0|0|120000|1|11996|172922
1200000|4|8008|6|5|1|1|960000|1|11996|902059
1200000|4|8008|6|5|2|2|840000|1|11996|848276
1200000|4|8008|6|5|0|0|120000|2|23997|181035
1200000|4|8008|6|5|1|1|960000|2|23997|900729
1200000|4|8008|6|5|2|2|840000|2|23997|855374
1200000|4|8008|6|5|0|0|120000|3|36001|185438
1200000|4|8008|6|5|1|1|960000|3|36001|901861
1200000|4|8008|6|5|2|2|840000|3|36001|858102
1200000|4|8008|6|5|0|0|120000|4|48004|189226
1200000|4|8008|6|5|1|1|960000|4|48004|903578
1200000|4|8008|6|5|2|2|840000|4|48004|858494
1200000|4|8009|6|1|0|0|120000|0|0|127353
1200000|4|8009|6|1|1|1|960000|0|0|907360
1200000|4|8009|6|1|2|2|840000|0|0|858919
1200000|4|8009|6|1|0|0|120000|1|11994|142543
1200000|4|8009|6|1|1|1|960000|1|11994|901821
1200000|4|8009|6|1|2|2|840000|1|11994|872534
1200000|4|8009|6|1|0|0|120000|2|23993|152254
1200000|4|8009|6|1|1|1|960000|2|23993|900578
1200000|4|8009|6|1|2|2|840000|2|23993|879632
1200000|4|8009|6|1|0|0|120000|3|35995|159116
1200000|4|8009|6|1|1|1|960000|3|35995|902215
1200000|4|8009|6|1|2|2|840000|3|35995|882092
1200000|4|8009|6|1|0|0|120000|4|47997|163601
1200000|4|8009|6|1|1|1|960000|4|47997|904670
1200000|4|8009|6|1|2|2|840000|4|47997|882518
1200000|4|8009|6|2|0|0|120000|0|0|113820
1200000|4|8009|6|2|1|1|960000|0|0|910325
1200000|4|8009|6|2|2|2|840000|0|0|870545
1200000|4|8009|6|2|0|0|120000|1|11992|127255
1200000|4|8009|6|2|1|1|960000|1|11992|905605
1200000|4|8009|6|2|2|2|840000|1|11992|882831
1200000|4|8009|6|2|0|0|120000|2|23988|135327
1200000|4|8009|6|2|1|1|960000|2|23988|904320
1200000|4|8009|6|2|2|2|840000|2|23988|889070
1200000|4|8009|6|2|0|0|120000|3|35989|141215
1200000|4|8009|6|2|1|1|960000|3|35989|906308
1200000|4|8009|6|2|2|2|840000|3|35989|891216
1200000|4|8009|6|2|0|0|120000|4|47991|144919
1200000|4|8009|6|2|1|1|960000|4|47991|910053
1200000|4|8009|6|2|2|2|840000|4|47991|893517
1200000|4|8009|6|3|0|0|120000|0|0|150246
1200000|4|8009|6|3|1|1|960000|0|0|909115
1200000|4|8009|6|3|2|2|840000|0|0|834558
1200000|4|8009|6|3|0|0|120000|1|11992|165981
1200000|4|8009|6|3|1|1|960000|1|11992|905291
1200000|4|8009|6|3|2|2|840000|1|11992|846063
1200000|4|8009|6|3|0|0|120000|2|23989|174132
1200000|4|8009|6|3|1|1|960000|2|23989|905374
1200000|4|8009|6|3|2|2|840000|2|23989|852107
1200000|4|8009|6|3|0|0|120000|3|35991|178733
1200000|4|8009|6|3|1|1|960000|3|35991|908490
1200000|4|8009|6|3|2|2|840000|3|35991|854096
1200000|4|8009|6|3|0|0|120000|4|47994|181034
1200000|4|8009|6|3|1|1|960000|4|47994|912627
1200000|4|8009|6|3|2|2|840000|4|47994|855579
1200000|4|8009|6|4|0|0|120000|0|0|107423
1200000|4|8009|6|4|1|1|960000|0|0|910052
1200000|4|8009|6|4|2|2|840000|0|0|872536
1200000|4|8009|6|4|0|0|120000|1|11992|118166
1200000|4|8009|6|4|1|1|960000|1|11992|906035
1200000|4|8009|6|4|2|2|840000|1|11992|884466
1200000|4|8009|6|4|0|0|120000|2|23989|123900
1200000|4|8009|6|4|1|1|960000|2|23989|905954
1200000|4|8009|6|4|2|2|840000|2|23989|890513
1200000|4|8009|6|4|0|0|120000|3|35990|127839
1200000|4|8009|6|4|1|1|960000|3|35990|908882
1200000|4|8009|6|4|2|2|840000|3|35990|891758
1200000|4|8009|6|4|0|0|120000|4|47993|129398
1200000|4|8009|6|4|1|1|960000|4|47993|912272
1200000|4|8009|6|4|2|2|840000|4|47993|893285
1200000|4|8009|6|5|0|0|120000|0|0|109490
1200000|4|8009|6|5|1|1|960000|0|0|910169
1200000|4|8009|6|5|2|2|840000|0|0|870788
1200000|4|8009|6|5|0|0|120000|1|11992|121011
1200000|4|8009|6|5|1|1|960000|1|11992|906658
1200000|4|8009|6|5|2|2|840000|1|11992|881777
1200000|4|8009|6|5|0|0|120000|2|23988|127722
1200000|4|8009|6|5|1|1|960000|2|23988|907320
1200000|4|8009|6|5|2|2|840000|2|23988|887664
1200000|4|8009|6|5|0|0|120000|3|35990|132089
1200000|4|8009|6|5|1|1|960000|3|35990|910402
1200000|4|8009|6|5|2|2|840000|3|35990|889926
1200000|4|8009|6|5|0|0|120000|4|47994|134546
1200000|4|8009|6|5|1|1|960000|4|47994|913287
1200000|4|8009|6|5|2|2|840000|4|47994|891723
1200000|4|8010|6|1|0|0|120000|0|0|110932
1200000|4|8010|6|1|1|1|960000|0|0|911455
1200000|4|8010|6|1|2|2|840000|0|0|870867
1200000|4|8010|6|1|0|0|120000|1|11994|123861
1200000|4|8010|6|1|1|1|960000|1|11994|908140
1200000|4|8010|6|1|2|2|840000|1|11994|883970
1200000|4|8010|6|1|0|0|120000|2|23993|132129
1200000|4|8010|6|1|1|1|960000|2|23993|910712
1200000|4|8010|6|1|2|2|840000|2|23993|888495
1200000|4|8010|6|1|0|0|120000|3|35994|137200
1200000|4|8010|6|1|1|1|960000|3|35994|915240
1200000|4|8010|6|1|2|2|840000|3|35994|889665
1200000|4|8010|6|1|0|0|120000|4|47996|140709
1200000|4|8010|6|1|1|1|960000|4|47996|919061
1200000|4|8010|6|1|2|2|840000|4|47996|890054
1200000|4|8010|6|2|0|0|120000|0|0|70530
1200000|4|8010|6|2|1|1|960000|0|0|916607
1200000|4|8010|6|2|2|2|840000|0|0|796728
1200000|4|8010|6|2|0|0|120000|1|11995|47574
1200000|4|8010|6|2|1|1|960000|1|11995|914732
1200000|4|8010|6|2|2|2|840000|1|11995|786783
1200000|4|8010|6|2|0|0|120000|2|23995|38059
1200000|4|8010|6|2|1|1|960000|2|23995|918007
1200000|4|8010|6|2|2|2|840000|2|23995|781479
1200000|4|8010|6|2|0|0|120000|3|35997|35329
1200000|4|8010|6|2|1|1|960000|3|35997|924245
1200000|4|8010|6|2|2|2|840000|3|35997|778358
1200000|4|8010|6|2|0|0|120000|4|47999|36150
1200000|4|8010|6|2|1|1|960000|4|47999|930412
1200000|4|8010|6|2|2|2|840000|4|47999|776447
1200000|4|8010|6|3|0|0|120000|0|0|60584
1200000|4|8010|6|3|1|1|960000|0|0|912895
1200000|4|8010|6|3|2|2|840000|0|0|807962
1200000|4|8010|6|3|0|0|120000|1|11994|42672
1200000|4|8010|6|3|1|1|960000|1|11994|908531
1200000|4|8010|6|3|2|2|840000|1|11994|799224
1200000|4|8010|6|3|0|0|120000|2|23993|36159
1200000|4|8010|6|3|1|1|960000|2|23993|910010
1200000|4|8010|6|3|2|2|840000|2|23993|795749
1200000|4|8010|6|3|0|0|120000|3|35995|35925
1200000|4|8010|6|3|1|1|960000|3|35995|913135
1200000|4|8010|6|3|2|2|840000|3|35995|794971
1200000|4|8010|6|3|0|0|120000|4|47998|38421
1200000|4|8010|6|3|1|1|960000|4|47998|916565
1200000|4|8010|6|3|2|2|840000|4|47998|795752
1200000|4|8010|6|4|0|0|120000|0|0|174308
1200000|4|8010|6|4|1|1|960000|0|0|907946
1200000|4|8010|6|4|2|2|840000|0|0|769116
1200000|4|8010|6|4|0|0|120000|1|11993|185052
1200000|4|8010|6|4|1|1|960000|1|11993|909820
1200000|4|8010|6|4|2|2|840000|1|11993|775239
1200000|4|8010|6|4|0|0|120000|2|23994|191213
1200000|4|8010|6|4|1|1|960000|2|23994|913484
1200000|4|8010|6|4|2|2|840000|2|23994|779955
1200000|4|8010|6|4|0|0|120000|3|35998|196206
1200000|4|8010|6|4|1|1|960000|3|35998|916449
1200000|4|8010|6|4|2|2|840000|3|35998|783897
1200000|4|8010|6|4|0|0|120000|4|48002|200339
1200000|4|8010|6|4|1|1|960000|4|48002|920505
1200000|4|8010|6|4|2|2|840000|4|48002|788341
1200000|4|8010|6|5|0|0|120000|0|0|145134
1200000|4|8010|6|5|1|1|960000|0|0|900577
1200000|4|8010|6|5|2|2|840000|0|0|788186
1200000|4|8010|6|5|0|0|120000|1|11990|152682
1200000|4|8010|6|5|1|1|960000|1|11990|901199
1200000|4|8010|6|5|2|2|840000|1|11990|794154
1200000|4|8010|6|5|0|0|120000|2|23989|157675
1200000|4|8010|6|5|1|1|960000|2|23989|905296
1200000|4|8010|6|5|2|2|840000|2|23989|798328
1200000|4|8010|6|5|0|0|120000|3|35992|161337
1200000|4|8010|6|5|1|1|960000|3|35992|911414
1200000|4|8010|6|5|2|2|840000|3|35992|797508
1200000|4|8010|6|5|0|0|120000|4|47991|163443
1200000|4|8010|6|5|1|1|960000|4|47991|915396
1200000|4|8010|6|5|2|2|840000|4|47991|796378
1200000|4|8011|6|1|0|0|120000|0|0|147281
1200000|4|8011|6|1|1|1|960000|0|0|914536
1200000|4|8011|6|1|2|2|840000|0|0|838770
1200000|4|8011|6|1|0|0|120000|1|11989|162744
1200000|4|8011|6|1|1|1|960000|1|11989|913444
1200000|4|8011|6|1|2|2|840000|1|11989|850548
1200000|4|8011|6|1|0|0|120000|2|23982|170465
1200000|4|8011|6|1|1|1|960000|2|23982|914693
1200000|4|8011|6|1|2|2|840000|2|23982|856592
1200000|4|8011|6|1|0|0|120000|3|35981|175029
1200000|4|8011|6|1|1|1|960000|3|35981|918864
1200000|4|8011|6|1|2|2|840000|3|35981|858034
1200000|4|8011|6|1|0|0|120000|4|47979|177448
1200000|4|8011|6|1|1|1|960000|4|47979|923548
1200000|4|8011|6|1|2|2|840000|4|47979|857841
1200000|4|8011|6|2|0|0|120000|0|0|122244
1200000|4|8011|6|2|1|1|960000|0|0|914733
1200000|4|8011|6|2|2|2|840000|0|0|862012
1200000|4|8011|6|2|0|0|120000|1|11988|135560
1200000|4|8011|6|2|1|1|960000|1|11988|914147
1200000|4|8011|6|2|2|2|840000|1|11988|873555
1200000|4|8011|6|2|0|0|120000|2|23982|142889
1200000|4|8011|6|2|1|1|960000|2|23982|915081
1200000|4|8011|6|2|2|2|840000|2|23982|879356
1200000|4|8011|6|2|0|0|120000|3|35981|147609
1200000|4|8011|6|2|1|1|960000|3|35981|919140
1200000|4|8011|6|2|2|2|840000|3|35981|880333
1200000|4|8011|6|2|0|0|120000|4|47979|150498
1200000|4|8011|6|2|1|1|960000|4|47979|924054
1200000|4|8011|6|2|2|2|840000|4|47979|879672
1200000|4|8011|6|3|0|0|120000|0|0|147165
1200000|4|8011|6|3|1|1|960000|0|0|912741
1200000|4|8011|6|3|2|2|840000|0|0|837833
1200000|4|8011|6|3|0|0|120000|1|11990|161028
1200000|4|8011|6|3|1|1|960000|1|11990|909937
1200000|4|8011|6|3|2|2|840000|1|11990|850119
1200000|4|8011|6|3|0|0|120000|2|23985|167580
1200000|4|8011|6|3|1|1|960000|2|23985|912311
1200000|4|8011|6|3|2|2|840000|2|23985|855033
1200000|4|8011|6|3|0|0|120000|3|35983|170779
1200000|4|8011|6|3|1|1|960000|3|35983|916253
1200000|4|8011|6|3|2|2|840000|3|35983|855578
1200000|4|8011|6|3|0|0|120000|4|47983|172338
1200000|4|8011|6|3|1|1|960000|4|47983|920896
1200000|4|8011|6|3|2|2|840000|4|47983|854486
1200000|4|8011|6|4|0|0|120000|0|0|109842
1200000|4|8011|6|4|1|1|960000|0|0|915397
1200000|4|8011|6|4|2|2|840000|0|0|871648
1200000|4|8011|6|4|0|0|120000|1|11988|120778
1200000|4|8011|6|4|1|1|960000|1|11988|913599
1200000|4|8011|6|4|2|2|840000|1|11988|884167
1200000|4|8011|6|4|0|0|120000|2|23984|127409
1200000|4|8011|6|4|1|1|960000|2|23984|916020
1200000|4|8011|6|4|2|2|840000|2|23984|888379
1200000|4|8011|6|4|0|0|120000|3|35982|130839
1200000|4|8011|6|4|1|1|960000|3|35982|920346
1200000|4|8011|6|4|2|2|840000|3|35982|889626
1200000|4|8011|6|4|0|0|120000|4|47981|132830
1200000|4|8011|6|4|1|1|960000|4|47981|925148
1200000|4|8011|6|4|2|2|840000|4|47981|889081
1200000|4|8011|6|5|0|0|120000|0|0|124349
1200000|4|8011|6|5|1|1|960000|0|0|912199
1200000|4|8011|6|5|2|2|840000|0|0|861896
1200000|4|8011|6|5|0|0|120000|1|11993|138329
1200000|4|8011|6|5|1|1|960000|1|11993|908686
1200000|4|8011|6|5|2|2|840000|1|11993|875040
1200000|4|8011|6|5|0|0|120000|2|23990|145155
1200000|4|8011|6|5|1|1|960000|2|23990|910165
1200000|4|8011|6|5|2|2|840000|2|23990|880616
1200000|4|8011|6|5|0|0|120000|3|35990|148314
1200000|4|8011|6|5|1|1|960000|3|35990|914539
1200000|4|8011|6|5|2|2|840000|3|35990|883582
1200000|4|8011|6|5|0|0|120000|4|47991|150849
1200000|4|8011|6|5|1|1|960000|4|47991|918162
1200000|4|8011|6|5|2|2|840000|4|47991|886388
1200000|4|8012|6|1|0|0|120000|0|0|112649
1200000|4|8012|6|1|1|1|960000|0|0|909934
1200000|4|8012|6|1|2|2|840000|0|0|873207
1200000|4|8012|6|1|0|0|120000|1|11993|125420
1200000|4|8012|6|1|1|1|960000|1|11993|903268
1200000|4|8012|6|1|2|2|840000|1|11993|886273
1200000|4|8012|6|1|0|0|120000|2|23991|132247
1200000|4|8012|6|1|1|1|960000|2|23991|902019
1200000|4|8012|6|1|2|2|840000|2|23991|892044
1200000|4|8012|6|1|0|0|120000|3|35990|135208
1200000|4|8012|6|1|1|1|960000|3|35990|903306
1200000|4|8012|6|1|2|2|840000|3|35990|894151
1200000|4|8012|6|1|0|0|120000|4|47990|137391
1200000|4|8012|6|1|1|1|960000|4|47990|905840
1200000|4|8012|6|1|2|2|840000|4|47990|894188
1200000|4|8012|6|2|0|0|120000|0|0|124271
1200000|4|8012|6|2|1|1|960000|0|0|908177
1200000|4|8012|6|2|2|2|840000|0|0|861741
1200000|4|8012|6|2|0|0|120000|1|11994|138878
1200000|4|8012|6|2|1|1|960000|1|11994|901395
1200000|4|8012|6|2|2|2|840000|1|11994|873949
1200000|4|8012|6|2|0|0|120000|2|23992|146404
1200000|4|8012|6|2|1|1|960000|2|23992|899328
1200000|4|8012|6|2|2|2|840000|2|23992|879563
1200000|4|8012|6|2|0|0|120000|3|35992|149367
1200000|4|8012|6|2|1|1|960000|3|35992|900220
1200000|4|8012|6|2|2|2|840000|3|35992|881630
1200000|4|8012|6|2|0|0|120000|4|47993|151746
1200000|4|8012|6|2|1|1|960000|4|47993|901937
1200000|4|8012|6|2|2|2|840000|4|47993|881394
1200000|4|8012|6|3|0|0|120000|0|0|124698
1200000|4|8012|6|3|1|1|960000|0|0|906930
1200000|4|8012|6|3|2|2|840000|0|0|861585
1200000|4|8012|6|3|0|0|120000|1|11994|138525
1200000|4|8012|6|3|1|1|960000|1|11994|899405
1200000|4|8012|6|3|2|2|840000|1|11994|873208
1200000|4|8012|6|3|0|0|120000|2|23993|145233
1200000|4|8012|6|3|1|1|960000|2|23993|897141
1200000|4|8012|6|3|2|2|840000|2|23993|878549
1200000|4|8012|6|3|0|0|120000|3|35994|147691
1200000|4|8012|6|3|1|1|960000|3|35994|897571
1200000|4|8012|6|3|2|2|840000|3|35994|880929
1200000|4|8012|6|3|0|0|120000|4|47995|149560
1200000|4|8012|6|3|1|1|960000|4|47995|898780
1200000|4|8012|6|3|2|2|840000|4|47995|880460
1200000|4|8012|6|4|0|0|120000|0|0|125715
1200000|4|8012|6|4|1|1|960000|0|0|906461
1200000|4|8012|6|4|2|2|840000|0|0|858464
1200000|4|8012|6|4|0|0|120000|1|11992|138989
1200000|4|8012|6|4|1|1|960000|1|11992|898899
1200000|4|8012|6|4|2|2|840000|1|11992|870554
1200000|4|8012|6|4|0|0|120000|2|23989|144723
1200000|4|8012|6|4|1|1|960000|2|23989|897961
1200000|4|8012|6|4|2|2|840000|2|23989|875703
1200000|4|8012|6|4|0|0|120000|3|35988|148276
1200000|4|8012|6|4|1|1|960000|3|35988|899521
1200000|4|8012|6|4|2|2|840000|3|35988|877263
1200000|4|8012|6|4|0|0|120000|4|47987|150420
1200000|4|8012|6|4|1|1|960000|4|47987|901704
1200000|4|8012|6|4|2|2|840000|4|47987|877222
1200000|4|8012|6|5|0|0|120000|0|0|123189
1200000|4|8012|6|5|1|1|960000|0|0|907018
1200000|4|8012|6|5|2|2|840000|0|0|860453
1200000|4|8012|6|5|0|0|120000|1|11992|136536
1200000|4|8012|6|5|1|1|960000|1|11992|902223
1200000|4|8012|6|5|2|2|840000|1|11992|872933
1200000|4|8012|6|5|0|0|120000|2|23988|144181
1200000|4|8012|6|5|1|1|960000|2|23988|901286
1200000|4|8012|6|5|2|2|840000|2|23988|879058
1200000|4|8012|6|5|0|0|120000|3|35989|149013
1200000|4|8012|6|5|1|1|960000|3|35989|902846
1200000|4|8012|6|5|2|2|840000|3|35989|881473
1200000|4|8012|6|5|0|0|120000|4|47991|151474
1200000|4|8012|6|5|1|1|960000|4|47991|905418
1200000|4|8012|6|5|2|2|840000|4|47991|882568
1200000|4|8013|6|1|0|0|120000|0|0|151035
1200000|4|8013|6|1|1|1|960000|0|0|911584
1200000|4|8013|6|1|2|2|840000|0|0|834519
1200000|4|8013|6|1|0|0|120000|1|11993|166575
1200000|4|8013|6|1|1|1|960000|1|11993|906630
1200000|4|8013|6|1|2|2|840000|1|11993|847311
1200000|4|8013|6|1|0|0|120000|2|23991|174336
1200000|4|8013|6|1|1|1|960000|2|23991|907058
1200000|4|8013|6|1|2|2|840000|2|23991|853081
1200000|4|8013|6|1|0|0|120000|3|35993|178626
1200000|4|8013|6|1|1|1|960000|3|35993|909907
1200000|4|8013|6|1|2|2|840000|3|35993|855033
1200000|4|8013|6|1|0|0|120000|4|47995|180732
1200000|4|8013|6|1|1|1|960000|4|47995|914119
1200000|4|8013|6|1|2|2|840000|4|47995|856984
1200000|4|8013|6|2|0|0|120000|0|0|106185
1200000|4|8013|6|2|1|1|960000|0|0|909478
1200000|4|8013|6|2|2|2|840000|0|0|875820
1200000|4|8013|6|2|0|0|120000|1|11994|117006
1200000|4|8013|6|2|1|1|960000|1|11994|904523
1200000|4|8013|6|2|2|2|840000|1|11994|889544
1200000|4|8013|6|2|0|0|120000|2|23994|122154
1200000|4|8013|6|2|1|1|960000|2|23994|904604
1200000|4|8013|6|2|2|2|840000|2|23994|895789
1200000|4|8013|6|2|0|0|120000|3|35996|124533
1200000|4|8013|6|2|1|1|960000|3|35996|906591
1200000|4|8013|6|2|2|2|840000|3|35996|898401
1200000|4|8013|6|2|0|0|120000|4|47999|125352
1200000|4|8013|6|2|1|1|960000|4|47999|909708
1200000|4|8013|6|2|2|2|840000|4|47999|899220
1200000|4|8013|6|3|0|0|120000|0|0|148617
1200000|4|8013|6|3|1|1|960000|0|0|912519
1200000|4|8013|6|3|2|2|840000|0|0|840408
1200000|4|8013|6|3|0|0|120000|1|11996|163494
1200000|4|8013|6|3|1|1|960000|1|11996|908579
1200000|4|8013|6|3|2|2|840000|1|11996|854175
1200000|4|8013|6|3|0|0|120000|2|23997|170475
1200000|4|8013|6|3|1|1|960000|2|23997|909711
1200000|4|8013|6|3|2|2|840000|2|23997|860336
1200000|4|8013|6|3|0|0|120000|3|36000|173166
1200000|4|8013|6|3|1|1|960000|3|36000|913336
1200000|4|8013|6|3|2|2|840000|3|36000|863339
1200000|4|8013|6|3|0|0|120000|4|48004|173400
1200000|4|8013|6|3|1|1|960000|4|48004|916611
1200000|4|8013|6|3|2|2|840000|4|48004|864939
1200000|4|8013|6|4|0|0|120000|0|0|123189
1200000|4|8013|6|4|1|1|960000|0|0|910765
1200000|4|8013|6|4|2|2|840000|0|0|864081
1200000|4|8013|6|4|0|0|120000|1|11996|136077
1200000|4|8013|6|4|1|1|960000|1|11996|905304
1200000|4|8013|6|4|2|2|840000|1|11996|877341
1200000|4|8013|6|4|0|0|120000|2|23995|141732
1200000|4|8013|6|4|1|1|960000|2|23995|905847
1200000|4|8013|6|4|2|2|840000|2|23995|884088
1200000|4|8013|6|4|0|0|120000|3|35998|144384
1200000|4|8013|6|4|1|1|960000|3|35998|908503
1200000|4|8013|6|4|2|2|840000|3|35998|886817
1200000|4|8013|6|4|0|0|120000|4|48001|145476
1200000|4|8013|6|4|1|1|960000|4|48001|911971
1200000|4|8013|6|4|2|2|840000|4|48001|888144
1200000|4|8013|6|5|0|0|120000|0|0|122916
1200000|4|8013|6|5|1|1|960000|0|0|907723
1200000|4|8013|6|5|2|2|840000|0|0|864393
1200000|4|8013|6|5|0|0|120000|1|11996|135960
1200000|4|8013|6|5|1|1|960000|1|11996|901091
1200000|4|8013|6|5|2|2|840000|1|11996|876913
1200000|4|8013|6|5|0|0|120000|2|23996|141498
1200000|4|8013|6|5|1|1|960000|2|23996|899762
1200000|4|8013|6|5|2|2|840000|2|23996|882918
1200000|4|8013|6|5|0|0|120000|3|35998|142785
1200000|4|8013|6|5|1|1|960000|3|35998|900857
1200000|4|8013|6|5|2|2|840000|3|35998|885453
1200000|4|8013|6|5|0|0|120000|4|48000|143292
1200000|4|8013|6|5|1|1|960000|4|48000|903626
1200000|4|8013|6|5|2|2|840000|4|48000|885219
1200000|4|8014|6|1|0|0|120000|0|0|109890
1200000|4|8014|6|1|1|1|960000|0|0|908500
1200000|4|8014|6|1|2|2|840000|0|0|874180
1200000|4|8014|6|1|0|0|120000|1|11994|119697
1200000|4|8014|6|1|1|1|960000|1|11994|902300
1200000|4|8014|6|1|2|2|840000|1|11994|886779
1200000|4|8014|6|1|0|0|120000|2|23992|123402
1200000|4|8014|6|1|1|1|960000|2|23992|900897
1200000|4|8014|6|1|2|2|840000|2|23992|892785
1200000|4|8014|6|1|0|0|120000|3|35992|124962
1200000|4|8014|6|1|1|1|960000|3|35992|902298
1200000|4|8014|6|1|2|2|840000|3|35992|894892
1200000|4|8014|6|1|0|0|120000|4|47992|126054
1200000|4|8014|6|1|1|1|960000|4|47992|904676
1200000|4|8014|6|1|2|2|840000|4|47992|895281
1200000|4|8014|6|2|0|0|120000|0|0|111372
1200000|4|8014|6|2|1|1|960000|0|0|907449
1200000|4|8014|6|2|2|2|840000|0|0|870866
1200000|4|8014|6|2|0|0|120000|1|11994|123246
1200000|4|8014|6|2|1|1|960000|1|11994|902263
1200000|4|8014|6|2|2|2|840000|1|11994|884670
1200000|4|8014|6|2|0|0|120000|2|23992|130071
1200000|4|8014|6|2|1|1|960000|2|23992|901637
1200000|4|8014|6|2|2|2|840000|2|23992|891340
1200000|4|8014|6|2|0|0|120000|3|35992|134283
1200000|4|8014|6|2|1|1|960000|3|35992|903897
1200000|4|8014|6|2|2|2|840000|3|35992|893252
1200000|4|8014|6|2|0|0|120000|4|47993|136740
1200000|4|8014|6|2|1|1|960000|4|47993|906513
1200000|4|8014|6|2|2|2|840000|4|47993|893603
1200000|4|8014|6|3|0|0|120000|0|0|152127
1200000|4|8014|6|3|1|1|960000|0|0|912909
1200000|4|8014|6|3|2|2|840000|0|0|836858
1200000|4|8014|6|3|0|0|120000|1|11993|167472
1200000|4|8014|6|3|1|1|960000|1|11993|908657
1200000|4|8014|6|3|2|2|840000|1|11993|849998
1200000|4|8014|6|3|0|0|120000|2|23992|175701
1200000|4|8014|6|3|1|1|960000|2|23992|910297
1200000|4|8014|6|3|2|2|840000|2|23992|855969
1200000|4|8014|6|3|0|0|120000|3|35994|179913
1200000|4|8014|6|3|1|1|960000|3|35994|913611
1200000|4|8014|6|3|2|2|840000|3|35994|858270
1200000|4|8014|6|3|0|0|120000|4|47998|182019
1200000|4|8014|6|3|1|1|960000|4|47998|918135
1200000|4|8014|6|3|2|2|840000|4|47998|861194
1200000|4|8014|6|4|0|0|120000|0|0|146823
1200000|4|8014|6|4|1|1|960000|0|0|917472
1200000|4|8014|6|4|2|2|840000|0|0|840717
1200000|4|8014|6|4|0|0|120000|1|11992|161505
1200000|4|8014|6|4|1|1|960000|1|11992|916575
1200000|4|8014|6|4|2|2|840000|1|11992|853708
1200000|4|8014|6|4|0|0|120000|2|23990|168369
1200000|4|8014|6|4|1|1|960000|2|23990|918563
1200000|4|8014|6|4|2|2|840000|2|23990|860259
1200000|4|8014|6|4|0|0|120000|3|35992|171450
1200000|4|8014|6|4|1|1|960000|3|35992|922035
1200000|4|8014|6|4|2|2|840000|3|35992|862404
1200000|4|8014|6|4|0|0|120000|4|47994|172698
1200000|4|8014|6|4|1|1|960000|4|47994|926481
1200000|4|8014|6|4|2|2|840000|4|47994|862909
1200000|4|8014|6|5|0|0|120000|0|0|145614
1200000|4|8014|6|5|1|1|960000|0|0|915328
1200000|4|8014|6|5|2|2|840000|0|0|840175
1200000|4|8014|6|5|0|0|120000|1|11991|159906
1200000|4|8014|6|5|1|1|960000|1|11991|914001
1200000|4|8014|6|5|2|2|840000|1|11991|853199
1200000|4|8014|6|5|0|0|120000|2|23990|166419
1200000|4|8014|6|5|1|1|960000|2|23990|916497
1200000|4|8014|6|5|2|2|840000|2|23990|858192
1200000|4|8014|6|5|0|0|120000|3|35990|169344
1200000|4|8014|6|5|1|1|960000|3|35990|919733
1200000|4|8014|6|5|2|2|840000|3|35990|859206
1200000|4|8014|6|5|0|0|120000|4|47990|169812
1200000|4|8014|6|5|1|1|960000|4|47990|923984
1200000|4|8014|6|5|2|2|840000|4|47990|858778
1200000|4|8015|6|1|0|0|120000|0|0|106770
1200000|4|8015|6|1|1|1|960000|0|0|912908
1200000|4|8015|6|1|2|2|840000|0|0|877532
1200000|4|8015|6|1|0|0|120000|1|11995|117006
1200000|4|8015|6|1|1|1|960000|1|11995|908580
1200000|4|8015|6|1|2|2|840000|1|11995|890990
1200000|4|8015|6|1|0|0|120000|2|23994|121686
1200000|4|8015|6|1|1|1|960000|2|23994|910217
1200000|4|8015|6|1|2|2|840000|2|23994|896803
1200000|4|8015|6|1|0|0|120000|3|35996|123090
1200000|4|8015|6|1|1|1|960000|3|35996|914042
1200000|4|8015|6|1|2|2|840000|3|35996|899998
1200000|4|8015|6|1|0|0|120000|4|47999|123402
1200000|4|8015|6|1|1|1|960000|4|47999|917628
1200000|4|8015|6|1|2|2|840000|4|47999|902417
1200000|4|8015|6|2|0|0|120000|0|0|146862
1200000|4|8015|6|2|1|1|960000|0|0|912245
1200000|4|8015|6|2|2|2|840000|0|0|840487
1200000|4|8015|6|2|0|0|120000|1|11995|161076
1200000|4|8015|6|2|1|1|960000|1|11995|908035
1200000|4|8015|6|2|2|2|840000|1|11995|853316
1200000|4|8015|6|2|0|0|120000|2|23994|167823
1200000|4|8015|6|2|1|1|960000|2|23994|908969
1200000|4|8015|6|2|2|2|840000|2|23994|858424
1200000|4|8015|6|2|0|0|120000|3|35996|170358
1200000|4|8015|6|2|1|1|960000|3|35996|912635
1200000|4|8015|6|2|2|2|840000|3|35996|860530
1200000|4|8015|6|2|0|0|120000|4|47998|170709
1200000|4|8015|6|2|1|1|960000|4|47998|916494
1200000|4|8015|6|2|2|2|840000|4|47998|861857
1200000|4|8015|6|3|0|0|120000|0|0|147564
1200000|4|8015|6|3|1|1|960000|0|0|910529
1200000|4|8015|6|3|2|2|840000|0|0|842042
1200000|4|8015|6|3|0|0|120000|1|11997|161934
1200000|4|8015|6|3|1|1|960000|1|11997|905226
1200000|4|8015|6|3|2|2|840000|1|11997|855736
1200000|4|8015|6|3|0|0|120000|2|23998|167238
1200000|4|8015|6|3|1|1|960000|2|23998|905069
1200000|4|8015|6|3|2|2|840000|2|23998|862365
1200000|4|8015|6|3|0|0|120000|3|36000|169227
1200000|4|8015|6|3|1|1|960000|3|36000|907800
1200000|4|8015|6|3|2|2|840000|3|36000|866070
1200000|4|8015|6|3|0|0|120000|4|48004|169851
1200000|4|8015|6|3|1|1|960000|4|48004|911350
1200000|4|8015|6|3|2|2|840000|4|48004|867476
1200000|4|8015|6|4|0|0|120000|0|0|109539
1200000|4|8015|6|4|1|1|960000|0|0|907566
1200000|4|8015|6|4|2|2|840000|0|0|875193
1200000|4|8015|6|4|0|0|120000|1|11997|118527
1200000|4|8015|6|4|1|1|960000|1|11997|900894
1200000|4|8015|6|4|2|2|840000|1|11997|889821
1200000|4|8015|6|4|0|0|120000|2|23999|121140
1200000|4|8015|6|4|1|1|960000|2|23999|900547
1200000|4|8015|6|4|2|2|840000|2|23999|897426
1200000|4|8015|6|4|0|0|120000|3|36002|121998
1200000|4|8015|6|4|1|1|960000|3|36002|901871
1200000|4|8015|6|4|2|2|840000|3|36002|900897
1200000|4|8015|6|4|0|0|120000|4|48005|122037
1200000|4|8015|6|4|1|1|960000|4|48005|903745
1200000|4|8015|6|4|2|2|840000|4|48005|902339
1200000|4|8015|6|5|0|0|120000|0|0|148383
1200000|4|8015|6|5|1|1|960000|0|0|906744
1200000|4|8015|6|5|2|2|840000|0|0|836974
1200000|4|8015|6|5|0|0|120000|1|11996|161856
1200000|4|8015|6|5|1|1|960000|1|11996|901557
1200000|4|8015|6|5|2|2|840000|1|11996|849845
1200000|4|8015|6|5|0|0|120000|2|23995|167979
1200000|4|8015|6|5|1|1|960000|2|23995|900001
1200000|4|8015|6|5|2|2|840000|2|23995|854799
1200000|4|8015|6|5|0|0|120000|3|35995|171723
1200000|4|8015|6|5|1|1|960000|3|35995|901209
1200000|4|8015|6|5|2|2|840000|3|35995|855501
1200000|4|8015|6|5|0|0|120000|4|47996|173049
1200000|4|8015|6|5|1|1|960000|4|47996|903353
1200000|4|8015|6|5|2|2|840000|4|47996|854098
1200000|4|8016|6|1|0|0|120000|0|0|121200
1200000|4|8016|6|1|1|1|960000|0|0|908540
1200000|4|8016|6|1|2|2|840000|0|0|860650
1200000|4|8016|6|1|0|0|120000|1|11992|132918
1200000|4|8016|6|1|1|1|960000|1|11992|903820
1200000|4|8016|6|1|2|2|840000|1|11992|872270
1200000|4|8016|6|1|0|0|120000|2|23988|138573
1200000|4|8016|6|1|1|1|960000|2|23988|904757
1200000|4|8016|6|1|2|2|840000|2|23988|877533
1200000|4|8016|6|1|0|0|120000|3|35989|141693
1200000|4|8016|6|1|1|1|960000|3|35989|907722
1200000|4|8016|6|1|2|2|840000|3|35989|878628
1200000|4|8016|6|1|0|0|120000|4|47992|142356
1200000|4|8016|6|1|1|1|960000|4|47992|911621
1200000|4|8016|6|1|2|2|840000|4|47992|878979
1200000|4|8016|6|2|0|0|120000|0|0|119874
1200000|4|8016|6|2|1|1|960000|0|0|911076
1200000|4|8016|6|2|2|2|840000|0|0|861703
1200000|4|8016|6|2|0|0|120000|1|11993|131007
1200000|4|8016|6|2|1|1|960000|1|11993|908112
1200000|4|8016|6|2|2|2|840000|1|11993|873165
1200000|4|8016|6|2|0|0|120000|2|23989|136350
1200000|4|8016|6|2|1|1|960000|2|23989|909280
1200000|4|8016|6|2|2|2|840000|2|23989|878666
1200000|4|8016|6|2|0|0|120000|3|35990|139119
1200000|4|8016|6|2|1|1|960000|3|35990|913337
1200000|4|8016|6|2|2|2|840000|3|35990|880618
1200000|4|8016|6|2|0|0|120000|4|47994|139704
1200000|4|8016|6|2|1|1|960000|4|47994|917352
1200000|4|8016|6|2|2|2|840000|4|47994|881591
1200000|4|8016|6|3|0|0|120000|0|0|145068
1200000|4|8016|6|3|1|1|960000|0|0|912090
1200000|4|8016|6|3|2|2|840000|0|0|838108
1200000|4|8016|6|3|0|0|120000|1|11992|158346
1200000|4|8016|6|3|1|1|960000|1|11992|910334
1200000|4|8016|6|3|2|2|840000|1|11992|849377
1200000|4|8016|6|3|0|0|120000|2|23989|164430
1200000|4|8016|6|3|1|1|960000|2|23989|911700
1200000|4|8016|6|3|2|2|840000|2|23989|854954
1200000|4|8016|6|3|0|0|120000|3|35991|167238
1200000|4|8016|6|3|1|1|960000|3|35991|916381
1200000|4|8016|6|3|2|2|840000|3|35991|857022
1200000|4|8016|6|3|0|0|120000|4|47996|167667
1200000|4|8016|6|3|1|1|960000|4|47996|920748
1200000|4|8016|6|3|2|2|840000|4|47996|856631
1200000|4|8016|6|4|0|0|120000|0|0|147135
1200000|4|8016|6|4|1|1|960000|0|0|914703
1200000|4|8016|6|4|2|2|840000|0|0|839784
1200000|4|8016|6|4|0|0|120000|1|11993|161661
1200000|4|8016|6|4|1|1|960000|1|11993|910762
1200000|4|8016|6|4|2|2|840000|1|11993|851367
1200000|4|8016|6|4|0|0|120000|2|23991|168486
1200000|4|8016|6|4|1|1|960000|2|23991|912557
1200000|4|8016|6|4|2|2|840000|2|23991|856199
1200000|4|8016|6|4|0|0|120000|3|35992|171957
1200000|4|8016|6|4|1|1|960000|3|35992|916536
1200000|4|8016|6|4|2|2|840000|3|35992|857022
1200000|4|8016|6|4|0|0|120000|4|47995|172659
1200000|4|8016|6|4|1|1|960000|4|47995|921723
1200000|4|8016|6|4|2|2|840000|4|47995|858310
1200000|4|8016|6|5|0|0|120000|0|0|146628
1200000|4|8016|6|5|1|1|960000|0|0|914081
1200000|4|8016|6|5|2|2|840000|0|0|838961
1200000|4|8016|6|5|0|0|120000|1|11993|161622
1200000|4|8016|6|5|1|1|960000|1|11993|912203
1200000|4|8016|6|5|2|2|840000|1|11993|852459
1200000|4|8016|6|5|0|0|120000|2|23994|168954
1200000|4|8016|6|5|1|1|960000|2|23994|915443
1200000|4|8016|6|5|2|2|840000|2|23994|856709
1200000|4|8016|6|5|0|0|120000|3|35996|171957
1200000|4|8016|6|5|1|1|960000|3|35996|920359
1200000|4|8016|6|5|2|2|840000|3|35996|858192
1200000|4|8016|6|5|0|0|120000|4|48000|173478
1200000|4|8016|6|5|1|1|960000|4|48000|925155
1200000|4|8016|6|5|2|2|840000|4|48000|859636
1200000|4|8017|6|1|0|0|120000|0|0|147135
1200000|4|8017|6|1|1|1|960000|0|0|914001
1200000|4|8017|6|1|2|2|840000|0|0|840290
1200000|4|8017|6|1|0|0|120000|1|11994|162324
1200000|4|8017|6|1|1|1|960000|1|11994|911892
1200000|4|8017|6|1|2|2|840000|1|11994|852733
1200000|4|8017|6|1|0|0|120000|2|23994|169734
1200000|4|8017|6|1|1|1|960000|2|23994|915094
1200000|4|8017|6|1|2|2|840000|2|23994|857099
1200000|4|8017|6|1|0|0|120000|3|35996|172893
1200000|4|8017|6|1|1|1|960000|3|35996|919969
1200000|4|8017|6|1|2|2|840000|3|35996|858230
1200000|4|8017|6|1|0|0|120000|4|47999|174219
1200000|4|8017|6|1|1|1|960000|4|47999|925155
1200000|4|8017|6|1|2|2|840000|4|47999|858971
1200000|4|8017|6|2|0|0|120000|0|0|121278
1200000|4|8017|6|2|1|1|960000|0|0|914195
1200000|4|8017|6|2|2|2|840000|0|0|864233
1200000|4|8017|6|2|0|0|120000|1|11994|134244
1200000|4|8017|6|2|1|1|960000|1|11994|911738
1200000|4|8017|6|2|2|2|840000|1|11994|877925
1200000|4|8017|6|2|0|0|120000|2|23995|141030
1200000|4|8017|6|2|1|1|960000|2|23995|914508
1200000|4|8017|6|2|2|2|840000|2|23995|883386
1200000|4|8017|6|2|0|0|120000|3|35998|143643
1200000|4|8017|6|2|1|1|960000|3|35998|919031
1200000|4|8017|6|2|2|2|840000|3|35998|885372
1200000|4|8017|6|2|0|0|120000|4|48002|144930
1200000|4|8017|6|2|1|1|960000|4|48002|924102
1200000|4|8017|6|2|2|2|840000|4|48002|885684
1200000|4|8017|6|3|0|0|120000|0|0|122019
1200000|4|8017|6|3|1|1|960000|0|0|912830
1200000|4|8017|6|3|2|2|840000|0|0|864509
1200000|4|8017|6|3|0|0|120000|1|11995|134556
1200000|4|8017|6|3|1|1|960000|1|11995|909165
1200000|4|8017|6|3|2|2|840000|1|11995|877615
1200000|4|8017|6|3|0|0|120000|2|23996|140250
1200000|4|8017|6|3|1|1|960000|2|23996|911073
1200000|4|8017|6|3|2|2|840000|2|23996|882957
1200000|4|8017|6|3|0|0|120000|3|35999|141966
1200000|4|8017|6|3|1|1|960000|3|35999|915171
1200000|4|8017|6|3|2|2|840000|3|35999|885372
1200000|4|8017|6|3|0|0|120000|4|48004|141147
1200000|4|8017|6|3|1|1|960000|4|48004|918953
1200000|4|8017|6|3|2|2|840000|4|48004|886234
1200000|4|8017|6|4|0|0|120000|0|0|107160
1200000|4|8017|6|4|1|1|960000|0|0|908541
1200000|4|8017|6|4|2|2|840000|0|0|875156
1200000|4|8017|6|4|0|0|120000|1|11997|116187
1200000|4|8017|6|4|1|1|960000|1|11997|902299
1200000|4|8017|6|4|2|2|840000|1|11997|888106
1200000|4|8017|6|4|0|0|120000|2|23998|118722
1200000|4|8017|6|4|1|1|960000|2|23998|900974
1200000|4|8017|6|4|2|2|840000|2|23998|893721
1200000|4|8017|6|4|0|0|120000|3|36001|118020
1200000|4|8017|6|4|1|1|960000|3|36001|902223
1200000|4|8017|6|4|2|2|840000|3|36001|896608
1200000|4|8017|6|4|0|0|120000|4|48005|115758
1200000|4|8017|6|4|1|1|960000|4|48005|904484
1200000|4|8017|6|4|2|2|840000|4|48005|897505
1200000|4|8017|6|5|0|0|120000|0|0|106185
1200000|4|8017|6|5|1|1|960000|0|0|907565
1200000|4|8017|6|5|2|2|840000|0|0|873830
1200000|4|8017|6|5|0|0|120000|1|11995|112950
1200000|4|8017|6|5|1|1|960000|1|11995|900467
1200000|4|8017|6|5|2|2|840000|1|11995|886389
1200000|4|8017|6|5|0|0|120000|2|23995|114315
1200000|4|8017|6|5|1|1|960000|2|23995|899414
1200000|4|8017|6|5|2|2|840000|2|23995|892472
1200000|4|8017|6|5|0|0|120000|3|35997|113340
1200000|4|8017|6|5|1|1|960000|3|35997|901443
1200000|4|8017|6|5|2|2|840000|3|35997|894539
1200000|4|8017|6|5|0|0|120000|4|47999|111858
1200000|4|8017|6|5|1|1|960000|4|47999|903431
1200000|4|8017|6|5|2|2|840000|4|47999|894302
1200000|4|8018|6|1|0|0|120000|0|0|118548
1200000|4|8018|6|1|1|1|960000|0|0|908345
1200000|4|8018|6|1|2|2|840000|0|0|865055
1200000|4|8018|6|1|0|0|120000|1|11994|129213
1200000|4|8018|6|1|1|1|960000|1|11994|904172
1200000|4|8018|6|1|2|2|840000|1|11994|878274
1200000|4|8018|6|1|0|0|120000|2|23992|134556
1200000|4|8018|6|1|1|1|960000|2|23992|904133
1200000|4|8018|6|1|2|2|840000|2|23992|885415
1200000|4|8018|6|1|0|0|120000|3|35993|136662
1200000|4|8018|6|1|1|1|960000|3|35993|906825
1200000|4|8018|6|1|2|2|840000|3|35993|887909
1200000|4|8018|6|1|0|0|120000|4|47995|136662
1200000|4|8018|6|1|1|1|960000|4|47995|909904
1200000|4|8018|6|1|2|2|840000|4|47995|889118
1200000|4|8018|6|2|0|0|120000|0|0|105717
1200000|4|8018|6|2|1|1|960000|0|0|909593
1200000|4|8018|6|2|2|2|840000|0|0|874842
1200000|4|8018|6|2|0|0|120000|1|11994|114861
1200000|4|8018|6|2|1|1|960000|1|11994|905187
1200000|4|8018|6|2|2|2|840000|1|11994|888258
1200000|4|8018|6|2|0|0|120000|2|23992|119268
1200000|4|8018|6|2|1|1|960000|2|23992|904757
1200000|4|8018|6|2|2|2|840000|2|23992|895789
1200000|4|8018|6|2|0|0|120000|3|35994|121140
1200000|4|8018|6|2|1|1|960000|3|35994|907020
1200000|4|8018|6|2|2|2|840000|3|35994|898751
1200000|4|8018|6|2|0|0|120000|4|47997|121647
1200000|4|8018|6|2|1|1|960000|4|47997|910102
1200000|4|8018|6|2|2|2|840000|4|47997|899961
1200000|4|8018|6|3|0|0|120000|0|0|117573
1200000|4|8018|6|3|1|1|960000|0|0|909710
1200000|4|8018|6|3|2|2|840000|0|0|864315
1200000|4|8018|6|3|0|0|120000|1|11993|128277
1200000|4|8018|6|3|1|1|960000|1|11993|905615
1200000|4|8018|6|3|2|2|840000|1|11993|876560
1200000|4|8018|6|3|0|0|120000|2|23991|133152
1200000|4|8018|6|3|1|1|960000|2|23991|905304
1200000|4|8018|6|3|2|2|840000|2|23991|882839
1200000|4|8018|6|3|0|0|120000|3|35992|135492
1200000|4|8018|6|3|1|1|960000|3|35992|907640
1200000|4|8018|6|3|2|2|840000|3|35992|884633
1200000|4|8018|6|3|0|0|120000|4|47995|135531
1200000|4|8018|6|3|1|1|960000|4|47995|910294
1200000|4|8018|6|3|2|2|840000|4|47995|885296
1200000|4|8018|6|4|0|0|120000|0|0|119211
1200000|4|8018|6|4|1|1|960000|0|0|910022
1200000|4|8018|6|4|2|2|840000|0|0|863340
1200000|4|8018|6|4|0|0|120000|1|11993|131358
1200000|4|8018|6|4|1|1|960000|1|11993|905810
1200000|4|8018|6|4|2|2|840000|1|11993|877066
1200000|4|8018|6|4|0|0|120000|2|23993|137247
1200000|4|8018|6|4|1|1|960000|2|23993|907177
1200000|4|8018|6|4|2|2|840000|2|23993|882332
1200000|4|8018|6|4|0|0|120000|3|35995|138963
1200000|4|8018|6|4|1|1|960000|3|35995|910489
1200000|4|8018|6|4|2|2|840000|3|35995|884284
1200000|4|8018|6|4|0|0|120000|4|47997|139236
1200000|4|8018|6|4|1|1|960000|4|47997|913416
1200000|4|8018|6|4|2|2|840000|4|47997|885336
1200000|4|8018|6|5|0|0|120000|0|0|144288
1200000|4|8018|6|5|1|1|960000|0|0|910724
1200000|4|8018|6|5|2|2|840000|0|0|840368
1200000|4|8018|6|5|0|0|120000|1|11994|157917
1200000|4|8018|6|5|1|1|960000|1|11994|906903
1200000|4|8018|6|5|2|2|840000|1|11994|854838
1200000|4|8018|6|5|0|0|120000|2|23996|163494
1200000|4|8018|6|5|1|1|960000|2|23996|908462
1200000|4|8018|6|5|2|2|840000|2|23996|860960
1200000|4|8018|6|5|0|0|120000|3|35998|165600
1200000|4|8018|6|5|1|1|960000|3|35998|912284
1200000|4|8018|6|5|2|2|840000|3|35998|863337
1200000|4|8018|6|5|0|0|120000|4|48002|166887
1200000|4|8018|6|5|1|1|960000|4|48002|916340
1200000|4|8018|6|5|2|2|840000|4|48002|864548
1200000|4|8019|6|1|0|0|120000|0|0|148500
1200000|4|8019|6|1|1|1|960000|0|0|913103
1200000|4|8019|6|1|2|2|840000|0|0|841814
1200000|4|8019|6|1|0|0|120000|1|11995|163650
1200000|4|8019|6|1|1|1|960000|1|11995|909086
1200000|4|8019|6|1|2|2|840000|1|11995|855930
1200000|4|8019|6|1|0|0|120000|2|23996|170865
1200000|4|8019|6|1|1|1|960000|2|23996|910023
1200000|4|8019|6|1|2|2|840000|2|23996|862013
1200000|4|8019|6|1|0|0|120000|3|35999|173634
1200000|4|8019|6|1|1|1|960000|3|35999|913454
1200000|4|8019|6|1|2|2|840000|3|35999|865251
1200000|4|8019|6|1|0|0|120000|4|48004|174180
1200000|4|8019|6|1|1|1|960000|4|48004|916849
1200000|4|8019|6|1|2|2|840000|4|48004|866771
1200000|4|8019|6|2|0|0|120000|0|0|149436
1200000|4|8019|6|2|1|1|960000|0|0|911934
1200000|4|8019|6|2|2|2|840000|0|0|841422
1200000|4|8019|6|2|0|0|120000|1|11996|165132
1200000|4|8019|6|2|1|1|960000|1|11996|906904
1200000|4|8019|6|2|2|2|840000|1|11996|855502
1200000|4|8019|6|2|0|0|120000|2|23997|172581
1200000|4|8019|6|2|1|1|960000|2|23997|906548
1200000|4|8019|6|2|2|2|840000|2|23997|861857
1200000|4|8019|6|2|0|0|120000|3|36000|176052
1200000|4|8019|6|2|1|1|960000|3|36000|908501
1200000|4|8019|6|2|2|2|840000|3|36000|865250
1200000|4|8019|6|2|0|0|120000|4|48004|177495
1200000|4|8019|6|2|1|1|960000|4|48004|910178
1200000|4|8019|6|2|2|2|840000|4|48004|866968
1200000|4|8019|6|3|0|0|120000|0|0|109422
1200000|4|8019|6|3|1|1|960000|0|0|908186
1200000|4|8019|6|3|2|2|840000|0|0|875274
1200000|4|8019|6|3|0|0|120000|1|11998|120399
1200000|4|8019|6|3|1|1|960000|1|11998|901634
1200000|4|8019|6|3|2|2|840000|1|11998|889469
1200000|4|8019|6|3|0|0|120000|2|24000|125703
1200000|4|8019|6|3|1|1|960000|2|24000|900702
1200000|4|8019|6|3|2|2|840000|2|24000|897620
1200000|4|8019|6|3|0|0|120000|3|36004|126990
1200000|4|8019|6|3|1|1|960000|3|36004|901521
1200000|4|8019|6|3|2|2|840000|3|36004|902687
1200000|4|8019|6|3|0|0|120000|4|48010|126873
1200000|4|8019|6|3|1|1|960000|4|48010|904680
1200000|4|8019|6|3|2|2|840000|4|48010|905379
1200000|4|8019|6|4|0|0|120000|0|0|122292
1200000|4|8019|6|4|1|1|960000|0|0|907955
1200000|4|8019|6|4|2|2|840000|0|0|863690
1200000|4|8019|6|4|0|0|120000|1|11998|135141
1200000|4|8019|6|4|1|1|960000|1|11998|901910
1200000|4|8019|6|4|2|2|840000|1|11998|877107
1200000|4|8019|6|4|0|0|120000|2|24000|140406
1200000|4|8019|6|4|1|1|960000|2|24000|901482
1200000|4|8019|6|4|2|2|840000|2|24000|884595
1200000|4|8019|6|4|0|0|120000|3|36005|142356
1200000|4|8019|6|4|1|1|960000|3|36005|903354
1200000|4|8019|6|4|2|2|840000|3|36005|888067
1200000|4|8019|6|4|0|0|120000|4|48010|143448
1200000|4|8019|6|4|1|1|960000|4|48010|907214
1200000|4|8019|6|4|2|2|840000|4|48010|889468
1200000|4|8019|6|5|0|0|120000|0|0|125022
1200000|4|8019|6|5|1|1|960000|0|0|910099
1200000|4|8019|6|5|2|2|840000|0|0|862637
1200000|4|8019|6|5|0|0|120000|1|11998|137091
1200000|4|8019|6|5|1|1|960000|1|11998|904602
1200000|4|8019|6|5|2|2|840000|1|11998|876249
1200000|4|8019|6|5|0|0|120000|2|24000|141771
1200000|4|8019|6|5|1|1|960000|2|24000|905029
1200000|4|8019|6|5|2|2|840000|2|24000|883346
1200000|4|8019|6|5|0|0|120000|3|36005|144228
1200000|4|8019|6|5|1|1|960000|3|36005|908499
1200000|4|8019|6|5|2|2|840000|3|36005|886740
1200000|4|8019|6|5|0|0|120000|4|48010|145749
1200000|4|8019|6|5|1|1|960000|4|48010|911933
1200000|4|8019|6|5|2|2|840000|4|48010|887286
1200000|4|8020|6|1|0|0|120000|0|0|124437
1200000|4|8020|6|1|1|1|960000|0|0|910646
1200000|4|8020|6|1|2|2|840000|0|0|863379
1200000|4|8020|6|1|0|0|120000|1|11997|136701
1200000|4|8020|6|1|1|1|960000|1|11997|906044
1200000|4|8020|6|1|2|2|840000|1|11997|877341
1200000|4|8020|6|1|0|0|120000|2|23998|141849
1200000|4|8020|6|1|1|1|960000|2|23998|906474
1200000|4|8020|6|1|2|2|840000|2|23998|883577
1200000|4|8020|6|1|0|0|120000|3|36001|144969
1200000|4|8020|6|1|1|1|960000|3|36001|910100
1200000|4|8020|6|1|2|2|840000|3|36001|885803
1200000|4|8020|6|1|0|0|120000|4|48004|146568
1200000|4|8020|6|1|1|1|960000|4|48004|914352
1200000|4|8020|6|1|2|2|840000|4|48004|887558
1200000|4|8020|6|2|0|0|120000|0|0|150294
1200000|4|8020|6|2|1|1|960000|0|0|912635
1200000|4|8020|6|2|2|2|840000|0|0|839978
1200000|4|8020|6|2|0|0|120000|1|11994|165834
1200000|4|8020|6|2|1|1|960000|1|11994|909204
1200000|4|8020|6|2|2|2|840000|1|11994|853862
1200000|4|8020|6|2|0|0|120000|2|23993|173829
1200000|4|8020|6|2|1|1|960000|2|23993|910374
1200000|4|8020|6|2|2|2|840000|2|23993|860104
1200000|4|8020|6|2|0|0|120000|3|35994|178665
1200000|4|8020|6|2|1|1|960000|3|35994|914232
1200000|4|8020|6|2|2|2|840000|3|35994|863260
1200000|4|8020|6|2|0|0|120000|4|47998|180732
1200000|4|8020|6|2|1|1|960000|4|47998|919070
1200000|4|8020|6|2|2|2|840000|4|47998|866305
1200000|4|8020|6|3|0|0|120000|0|0|125100
1200000|4|8020|6|3|1|1|960000|0|0|916223
1200000|4|8020|6|3|2|2|840000|0|0|864740
1200000|4|8020|6|3|0|0|120000|1|11995|138807
1200000|4|8020|6|3|1|1|960000|1|11995|913298
1200000|4|8020|6|3|2|2|840000|1|11995|878627
1200000|4|8020|6|3|0|0|120000|2|23994|146178
1200000|4|8020|6|3|1|1|960000|2|23994|916223
1200000|4|8020|6|3|2|2|840000|2|23994|885141
1200000|4|8020|6|3|0|0|120000|3|35996|148986
1200000|4|8020|6|3|1|1|960000|3|35996|920981
1200000|4|8020|6|3|2|2|840000|3|35996|888297
1200000|4|8020|6|3|0|0|120000|4|48000|149922
1200000|4|8020|6|3|1|1|960000|4|48000|926403
1200000|4|8020|6|3|2|2|840000|4|48000|890678
1200000|4|8020|6|4|0|0|120000|0|0|107043
1200000|4|8020|6|4|1|1|960000|0|0|912555
1200000|4|8020|6|4|2|2|840000|0|0|877810
1200000|4|8020|6|4|0|0|120000|1|11995|116850
1200000|4|8020|6|4|1|1|960000|1|11995|908540
1200000|4|8020|6|4|2|2|840000|1|11995|891578
1200000|4|8020|6|4|0|0|120000|2|23995|121413
1200000|4|8020|6|4|1|1|960000|2|23995|909552
1200000|4|8020|6|4|2|2|840000|2|23995|898088
1200000|4|8020|6|4|0|0|120000|3|35998|122544
1200000|4|8020|6|4|1|1|960000|3|35998|913221
1200000|4|8020|6|4|2|2|840000|3|35998|901248
1200000|4|8020|6|4|0|0|120000|4|48002|121374
1200000|4|8020|6|4|1|1|960000|4|48002|916847
1200000|4|8020|6|4|2|2|840000|4|48002|903119
1200000|4|8020|6|5|0|0|120000|0|0|145809
1200000|4|8020|6|5|1|1|960000|0|0|914041
1200000|4|8020|6|5|2|2|840000|0|0|842827
1200000|4|8020|6|5|0|0|120000|1|11996|159243
1200000|4|8020|6|5|1|1|960000|1|11996|910101
1200000|4|8020|6|5|2|2|840000|1|11996|856477
1200000|4|8020|6|5|0|0|120000|2|23997|164469
1200000|4|8020|6|5|1|1|960000|2|23997|911463
1200000|4|8020|6|5|2|2|840000|2|23997|862289
1200000|4|8020|6|5|0|0|120000|3|36000|165561
1200000|4|8020|6|5|1|1|960000|3|36000|915952
1200000|4|8020|6|5|2|2|840000|3|36000|865169
1200000|4|8020|6|5|0|0|120000|4|48004|164937
1200000|4|8020|6|5|1|1|960000|4|48004|920513
1200000|4|8020|6|5|2|2|840000|4|48004|867356
1200000|4|8021|6|1|0|0|120000|0|0|117963
1200000|4|8021|6|1|1|1|960000|0|0|908971
1200000|4|8021|6|1|2|2|840000|0|0|866691
1200000|4|8021|6|1|0|0|120000|1|11997|129486
1200000|4|8021|6|1|1|1|960000|1|11997|902769
1200000|4|8021|6|1|2|2|840000|1|11997|880341
1200000|4|8021|6|1|0|0|120000|2|23998|133035
1200000|4|8021|6|1|1|1|960000|2|23998|902807
1200000|4|8021|6|1|2|2|840000|2|23998|887012
1200000|4|8021|6|1|0|0|120000|3|36001|134244
1200000|4|8021|6|1|1|1|960000|3|36001|904406
1200000|4|8021|6|1|2|2|840000|3|36001|890212
1200000|4|8021|6|1|0|0|120000|4|48005|133386
1200000|4|8021|6|1|1|1|960000|4|48005|907996
1200000|4|8021|6|1|2|2|840000|4|48005|891459
1200000|4|8021|6|2|0|0|120000|0|0|148695
1200000|4|8021|6|2|1|1|960000|0|0|909554
1200000|4|8021|6|2|2|2|840000|0|0|838535
1200000|4|8021|6|2|0|0|120000|1|11997|161232
1200000|4|8021|6|2|1|1|960000|1|11997|904599
1200000|4|8021|6|2|2|2|840000|1|11997|852420
1200000|4|8021|6|2|0|0|120000|2|23998|165210
1200000|4|8021|6|2|1|1|960000|2|23998|905343
1200000|4|8021|6|2|2|2|840000|2|23998|858582
1200000|4|8021|6|2|0|0|120000|3|36000|166458
1200000|4|8021|6|2|1|1|960000|3|36000|907956
1200000|4|8021|6|2|2|2|840000|3|36000|861390
1200000|4|8021|6|2|0|0|120000|4|48004|166185
1200000|4|8021|6|2|1|1|960000|4|48004|911116
1200000|4|8021|6|2|2|2|840000|4|48004|861386
1200000|4|8021|6|3|0|0|120000|0|0|146862
1200000|4|8021|6|3|1|1|960000|0|0|908735
1200000|4|8021|6|3|2|2|840000|0|0|839667
1200000|4|8021|6|3|0|0|120000|1|11995|160920
1200000|4|8021|6|3|1|1|960000|1|11995|904757
1200000|4|8021|6|3|2|2|840000|1|11995|853202
1200000|4|8021|6|3|0|0|120000|2|23994|167589
1200000|4|8021|6|3|1|1|960000|2|23994|904993
1200000|4|8021|6|3|2|2|840000|2|23994|860334
1200000|4|8021|6|3|0|0|120000|3|35996|171294
1200000|4|8021|6|3|1|1|960000|3|35996|908308
1200000|4|8021|6|3|2|2|840000|3|35996|862404
1200000|4|8021|6|3|0|0|120000|4|47998|172776
1200000|4|8021|6|3|1|1|960000|4|47998|911818
1200000|4|8021|6|3|2|2|840000|4|47998|863534
1200000|4|8021|6|4|0|0|120000|0|0|107979
1200000|4|8021|6|4|1|1|960000|0|0|912987
1200000|4|8021|6|4|2|2|840000|0|0|875040
1200000|4|8021|6|4|0|0|120000|1|11994|118995
1200000|4|8021|6|4|1|1|960000|1|11994|909479
1200000|4|8021|6|4|2|2|840000|1|11994|889471
1200000|4|8021|6|4|0|0|120000|2|23994|124572
1200000|4|8021|6|4|1|1|960000|2|23994|912011
1200000|4|8021|6|4|2|2|840000|2|23994|895203
1200000|4|8021|6|4|0|0|120000|3|35995|126444
1200000|4|8021|6|4|1|1|960000|3|35995|916847
1200000|4|8021|6|4|2|2|840000|3|35995|898206
1200000|4|8021|6|4|0|0|120000|4|47999|127458
1200000|4|8021|6|4|1|1|960000|4|47999|921957
1200000|4|8021|6|4|2|2|840000|4|47999|901092
1200000|4|8021|6|5|0|0|120000|0|0|125217
1200000|4|8021|6|5|1|1|960000|0|0|912516
1200000|4|8021|6|5|2|2|840000|0|0|864043
1200000|4|8021|6|5|0|0|120000|1|11995|139158
1200000|4|8021|6|5|1|1|960000|1|11995|908150
1200000|4|8021|6|5|2|2|840000|1|11995|878277
1200000|4|8021|6|5|0|0|120000|2|23996|146334
1200000|4|8021|6|5|1|1|960000|2|23996|909243
1200000|4|8021|6|5|2|2|840000|2|23996|884478
1200000|4|8021|6|5|0|0|120000|3|35999|149493
1200000|4|8021|6|5|1|1|960000|3|35999|912518
1200000|4|8021|6|5|2|2|840000|3|35999|887715
1200000|4|8021|6|5|0|0|120000|4|48002|150156
1200000|4|8021|6|5|1|1|960000|4|48002|915912
1200000|4|8021|6|5|2|2|840000|4|48002|889354
1200000|4|8022|6|1|0|0|120000|0|0|150840
1200000|4|8022|6|1|1|1|960000|0|0|908969
1200000|4|8022|6|1|2|2|840000|0|0|837833
1200000|4|8022|6|1|0|0|120000|1|11997|166731
1200000|4|8022|6|1|1|1|960000|1|11997|901947
1200000|4|8022|6|1|2|2|840000|1|11997|851328
1200000|4|8022|6|1|0|0|120000|2|23998|173751
1200000|4|8022|6|1|1|1|960000|2|23998|900116
1200000|4|8022|6|1|2|2|840000|2|23998|857452
1200000|4|8022|6|1|0|0|120000|3|36000|177183
1200000|4|8022|6|1|1|1|960000|3|36000|900625
1200000|4|8022|6|1|2|2|840000|3|36000|860921
1200000|4|8022|6|1|0|0|120000|4|48004|178548
1200000|4|8022|6|1|1|1|960000|4|48004|902186
1200000|4|8022|6|1|2|2|840000|4|48004|862676
1200000|4|8022|6|2|0|0|120000|0|0|150489
1200000|4|8022|6|2|1|1|960000|0|0|906942
1200000|4|8022|6|2|2|2|840000|0|0|837677
1200000|4|8022|6|2|0|0|120000|1|11996|164859
1200000|4|8022|6|2|1|1|960000|1|11996|898832
1200000|4|8022|6|2|2|2|840000|1|11996|851363
1200000|4|8022|6|2|0|0|120000|2|23997|170631
1200000|4|8022|6|2|1|1|960000|2|23997|897072
1200000|4|8022|6|2|2|2|840000|2|23997|858502
1200000|4|8022|6|2|0|0|120000|3|36001|173322
1200000|4|8022|6|2|1|1|960000|3|36001|898481
1200000|4|8022|6|2|2|2|840000|3|36001|861742
1200000|4|8022|6|2|0|0|120000|4|48005|174687
1200000|4|8022|6|2|1|1|960000|4|48005|900273
1200000|4|8022|6|2|2|2|840000|4|48005|862480
1200000|4|8022|6|3|0|0|120000|0|0|149397
1200000|4|8022|6|3|1|1|960000|0|0|907995
1200000|4|8022|6|3|2|2|840000|0|0|838145
1200000|4|8022|6|3|0|0|120000|1|11995|164742
1200000|4|8022|6|3|1|1|960000|1|11995|902846
1200000|4|8022|6|3|2|2|840000|1|11995|850704
1200000|4|8022|6|3|0|0|120000|2|23994|173049
1200000|4|8022|6|3|1|1|960000|2|23994|902263
1200000|4|8022|6|3|2|2|840000|2|23994|856397
1200000|4|8022|6|3|0|0|120000|3|35996|177846
1200000|4|8022|6|3|1|1|960000|3|35996|904174
1200000|4|8022|6|3|2|2|840000|3|35996|857880
1200000|4|8022|6|3|0|0|120000|4|47998|180576
1200000|4|8022|6|3|1|1|960000|4|47998|906825
1200000|4|8022|6|3|2|2|840000|4|47998|857138
1200000|4|8022|6|4|0|0|120000|0|0|123384
1200000|4|8022|6|4|1|1|960000|0|0|909790
1200000|4|8022|6|4|2|2|840000|0|0|860844
1200000|4|8022|6|4|0|0|120000|1|11993|136701
1200000|4|8022|6|4|1|1|960000|1|11993|906081
1200000|4|8022|6|4|2|2|840000|1|11993|873051
1200000|4|8022|6|4|0|0|120000|2|23991|143760
1200000|4|8022|6|4|1|1|960000|2|23991|907722
1200000|4|8022|6|4|2|2|840000|2|23991|879291
1200000|4|8022|6|4|0|0|120000|3|35993|147816
1200000|4|8022|6|4|1|1|960000|3|35993|911545
1200000|4|8022|6|4|2|2|840000|3|35993|881163
1200000|4|8022|6|4|0|0|120000|4|47997|149337
1200000|4|8022|6|4|1|1|960000|4|47997|915873
1200000|4|8022|6|4|2|2|840000|4|47997|882568
1200000|4|8022|6|5|0|0|120000|0|0|149826
1200000|4|8022|6|5|1|1|960000|0|0|913610
1200000|4|8022|6|5|2|2|840000|0|0|838691
1200000|4|8022|6|5|0|0|120000|1|11994|165678
1200000|4|8022|6|5|1|1|960000|1|11994|909984
1200000|4|8022|6|5|2|2|840000|1|11994|851054
1200000|4|8022|6|5|0|0|120000|2|23993|173634
1200000|4|8022|6|5|1|1|960000|2|23993|911306
1200000|4|8022|6|5|2|2|840000|2|23993|856163
1200000|4|8022|6|5|0|0|120000|3|35994|178158
1200000|4|8022|6|5|1|1|960000|3|35994|914938
1200000|4|8022|6|5|2|2|840000|3|35994|857257
1200000|4|8022|6|5|0|0|120000|4|47996|179523
1200000|4|8022|6|5|1|1|960000|4|47996|919733
1200000|4|8022|6|5|2|2|840000|4|47996|858230
1200000|4|8023|6|1|0|0|120000|0|0|121707
1200000|4|8023|6|1|1|1|960000|0|0|911774
1200000|4|8023|6|1|2|2|840000|0|0|863727
1200000|4|8023|6|1|0|0|120000|1|11995|135492
1200000|4|8023|6|1|1|1|960000|1|11995|908384
1200000|4|8023|6|1|2|2|840000|1|11995|877732
1200000|4|8023|6|1|0|0|120000|2|23995|142785
1200000|4|8023|6|1|1|1|960000|2|23995|910218
1200000|4|8023|6|1|2|2|840000|2|23995|883815
1200000|4|8023|6|1|0|0|120000|3|35999|146022
1200000|4|8023|6|1|1|1|960000|3|35999|914273
1200000|4|8023|6|1|2|2|840000|3|35999|886078
1200000|4|8023|6|1|0|0|120000|4|48003|147543
1200000|4|8023|6|1|1|1|960000|4|48003|919422
1200000|4|8023|6|1|2|2|840000|4|48003|886776
1200000|4|8023|6|2|0|0|120000|0|0|123579
1200000|4|8023|6|2|1|1|960000|0|0|914274
1200000|4|8023|6|2|2|2|840000|0|0|865914
1200000|4|8023|6|2|0|0|120000|1|11996|136857
1200000|4|8023|6|2|1|1|960000|1|11996|910218
1200000|4|8023|6|2|2|2|840000|1|11996|879368
1200000|4|8023|6|2|0|0|120000|2|23997|143097
1200000|4|8023|6|2|1|1|960000|2|23997|911699
1200000|4|8023|6|2|2|2|840000|2|23997|884750
1200000|4|8023|6|2|0|0|120000|3|35999|145671
1200000|4|8023|6|2|1|1|960000|3|35999|915913
1200000|4|8023|6|2|2|2|840000|3|35999|887051
1200000|4|8023|6|2|0|0|120000|4|48003|145632
1200000|4|8023|6|2|1|1|960000|4|48003|919616
1200000|4|8023|6|2|2|2|840000|4|48003|887520
1200000|4|8023|6|3|0|0|120000|0|0|122058
1200000|4|8023|6|3|1|1|960000|0|0|910530
1200000|4|8023|6|3|2|2|840000|0|0|864237
1200000|4|8023|6|3|0|0|120000|1|11996|135297
1200000|4|8023|6|3|1|1|960000|1|11996|905382
1200000|4|8023|6|3|2|2|840000|1|11996|878122
1200000|4|8023|6|3|0|0|120000|2|23998|141381
1200000|4|8023|6|3|1|1|960000|2|23998|904950
1200000|4|8023|6|3|2|2|840000|2|23998|884205
1200000|4|8023|6|3|0|0|120000|3|36002|143409
1200000|4|8023|6|3|1|1|960000|3|36002|907214
1200000|4|8023|6|3|2|2|840000|3|36002|886582
1200000|4|8023|6|3|0|0|120000|4|48007|144033
1200000|4|8023|6|3|1|1|960000|4|48007|909166
1200000|4|8023|6|3|2|2|840000|4|48007|887637
1200000|4|8023|6|4|0|0|120000|0|0|148968
1200000|4|8023|6|4|1|1|960000|0|0|908541
1200000|4|8023|6|4|2|2|840000|0|0|839509
1200000|4|8023|6|4|0|0|120000|1|11999|163845
1200000|4|8023|6|4|1|1|960000|1|11999|901404
1200000|4|8023|6|4|2|2|840000|1|11999|853512
1200000|4|8023|6|4|0|0|120000|2|24003|169617
1200000|4|8023|6|4|1|1|960000|2|24003|899844
1200000|4|8023|6|4|2|2|840000|2|24003|860571
1200000|4|8023|6|4|0|0|120000|3|36009|172347
1200000|4|8023|6|4|1|1|960000|3|36009|900897
1200000|4|8023|6|4|2|2|840000|3|36009|864548
1200000|4|8023|6|4|0|0|120000|4|48015|173712
1200000|4|8023|6|4|1|1|960000|4|48015|903160
1200000|4|8023|6|4|2|2|840000|4|48015|866732
1200000|4|8023|6|5|0|0|120000|0|0|148929
1200000|4|8023|6|5|1|1|960000|0|0|908658
1200000|4|8023|6|5|2|2|840000|0|0|840134
1200000|4|8023|6|5|0|0|120000|1|11998|163104
1200000|4|8023|6|5|1|1|960000|1|11998|901834
1200000|4|8023|6|5|2|2|840000|1|11998|855188
1200000|4|8023|6|5|0|0|120000|2|24002|168174
1200000|4|8023|6|5|1|1|960000|2|24002|901092
1200000|4|8023|6|5|2|2|840000|2|24002|863068
1200000|4|8023|6|5|0|0|120000|3|36008|170046
1200000|4|8023|6|5|1|1|960000|3|36008|902810
1200000|4|8023|6|5|2|2|840000|3|36008|867084
1200000|4|8023|6|5|0|0|120000|4|48014|170124
1200000|4|8023|6|5|1|1|960000|4|48014|905187
1200000|4|8023|6|5|2|2|840000|4|48014|869152
1200000|4|8024|6|1|0|0|120000|0|0|148383
1200000|4|8024|6|1|1|1|960000|0|0|909594
1200000|4|8024|6|1|2|2|840000|0|0|839355
1200000|4|8024|6|1|0|0|120000|1|11996|163065
1200000|4|8024|6|1|1|1|960000|1|11996|905578
1200000|4|8024|6|1|2|2|840000|1|11996|853394
1200000|4|8024|6|1|0|0|120000|2|23997|170241
1200000|4|8024|6|1|1|1|960000|2|23997|905693
1200000|4|8024|6|1|2|2|840000|2|23997|859712
1200000|4|8024|6|1|0|0|120000|3|35999|174297
1200000|4|8024|6|1|1|1|960000|3|35999|908816
1200000|4|8024|6|1|2|2|840000|3|35999|860727
1200000|4|8024|6|1|0|0|120000|4|48000|176013
1200000|4|8024|6|1|1|1|960000|4|48000|912362
1200000|4|8024|6|1|2|2|840000|4|48000|859948
1200000|4|8024|6|2|0|0|120000|0|0|147603
1200000|4|8024|6|2|1|1|960000|0|0|912323
1200000|4|8024|6|2|2|2|840000|0|0|837445
1200000|4|8024|6|2|0|0|120000|1|11993|162285
1200000|4|8024|6|2|1|1|960000|1|11993|908071
1200000|4|8024|6|2|2|2|840000|1|11993|849729
1200000|4|8024|6|2|0|0|120000|2|23991|169734
1200000|4|8024|6|2|1|1|960000|2|23991|909165
1200000|4|8024|6|2|2|2|840000|2|23991|854800
1200000|4|8024|6|2|0|0|120000|3|35993|173283
1200000|4|8024|6|2|1|1|960000|3|35993|911934
1200000|4|8024|6|2|2|2|840000|3|35993|856202
1200000|4|8024|6|2|0|0|120000|4|47996|174492
1200000|4|8024|6|2|1|1|960000|4|47996|913651
1200000|4|8024|6|2|2|2|840000|4|47996|855850
1200000|4|8024|6|3|0|0|120000|0|0|66522
1200000|4|8024|6|3|1|1|960000|0|0|916147
1200000|4|8024|6|3|2|2|840000|0|0|795675
1200000|4|8024|6|3|0|0|120000|1|11993|42360
1200000|4|8024|6|3|1|1|960000|1|11993|911934
1200000|4|8024|6|3|2|2|840000|1|11993|785300
1200000|4|8024|6|3|0|0|120000|2|23993|31167
1200000|4|8024|6|3|1|1|960000|2|23993|913415
1200000|4|8024|6|3|2|2|840000|2|23993|780426
1200000|4|8024|6|3|0|0|120000|3|35996|24966
1200000|4|8024|6|3|1|1|960000|3|35996|916766
1200000|4|8024|6|3|2|2|840000|3|35996|778125
1200000|4|8024|6|3|0|0|120000|4|47999|22548
1200000|4|8024|6|3|1|1|960000|4|47999|921411
1200000|4|8024|6|3|2|2|840000|4|47999|776328
1200000|4|8024|6|4|0|0|120000|0|0|68082
1200000|4|8024|6|4|1|1|960000|0|0|912012
1200000|4|8024|6|4|2|2|840000|0|0|799732
1200000|4|8024|6|4|0|0|120000|1|11995|48522
1200000|4|8024|6|4|1|1|960000|1|11995|906902
1200000|4|8024|6|4|2|2|840000|1|11995|791540
1200000|4|8024|6|4|0|0|120000|2|23995|41190
1200000|4|8024|6|4|1|1|960000|2|23995|907605
1200000|4|8024|6|4|2|2|840000|2|23995|788499
1200000|4|8024|6|4|0|0|120000|3|35998|38967
1200000|4|8024|6|4|1|1|960000|3|35998|910724
1200000|4|8024|6|4|2|2|840000|3|35998|787680
1200000|4|8024|6|4|0|0|120000|4|48002|39981
1200000|4|8024|6|4|1|1|960000|4|48002|915833
1200000|4|8024|6|4|2|2|840000|4|48002|787326
1200000|4|8024|6|5|0|0|120000|0|0|60282
1200000|4|8024|6|5|1|1|960000|0|0|912984
1200000|4|8024|6|5|2|2|840000|0|0|808584
1200000|4|8024|6|5|0|0|120000|1|11993|39162
1200000|4|8024|6|5|1|1|960000|1|11993|909010
1200000|4|8024|6|5|2|2|840000|1|11993|802734
1200000|4|8024|6|5|0|0|120000|2|23994|32181
1200000|4|8024|6|5|1|1|960000|2|23994|910570
1200000|4|8024|6|5|2|2|840000|2|23994|801953
1200000|4|8024|6|5|0|0|120000|3|35997|30582
1200000|4|8024|6|5|1|1|960000|3|35997|914351
1200000|4|8024|6|5|2|2|840000|3|35997|803278
1200000|4|8024|6|5|0|0|120000|4|48001|31089
1200000|4|8024|6|5|1|1|960000|4|48001|918914
1200000|4|8024|6|5|2|2|840000|4|48001|804646
1200000|4|8025|6|1|0|0|120000|0|0|59034
1200000|4|8025|6|1|1|1|960000|0|0|913846
1200000|4|8025|6|1|2|2|840000|0|0|812485
1200000|4|8025|6|1|0|0|120000|1|11993|37875
1200000|4|8025|6|1|1|1|960000|1|11993|909163
1200000|4|8025|6|1|2|2|840000|1|11993|808193
1200000|4|8025|6|1|0|0|120000|2|23994|30036
1200000|4|8025|6|1|1|1|960000|2|23994|909749
1200000|4|8025|6|1|2|2|840000|2|23994|811003
1200000|4|8025|6|1|0|0|120000|3|35997|27384
1200000|4|8025|6|1|1|1|960000|3|35997|912713
1200000|4|8025|6|1|2|2|840000|3|35997|815760
1200000|4|8025|6|1|0|0|120000|4|48001|28671
1200000|4|8025|6|1|1|1|960000|4|48001|916575
1200000|4|8025|6|1|2|2|840000|4|48001|821649
1200000|4|8025|6|2|0|0|120000|0|0|96669
1200000|4|8025|6|2|1|1|960000|0|0|914353
1200000|4|8025|6|2|2|2|840000|0|0|782843
1200000|4|8025|6|2|0|0|120000|1|11995|80463
1200000|4|8025|6|2|1|1|960000|1|11995|910061
1200000|4|8025|6|2|2|2|840000|1|11995|778320
1200000|4|8025|6|2|0|0|120000|2|23995|74301
1200000|4|8025|6|2|1|1|960000|2|23995|911544
1200000|4|8025|6|2|2|2|840000|2|23995|781712
1200000|4|8025|6|2|0|0|120000|3|35998|72897
1200000|4|8025|6|2|1|1|960000|3|35998|915365
1200000|4|8025|6|2|2|2|840000|3|35998|786508
1200000|4|8025|6|2|0|0|120000|4|48002|74340
1200000|4|8025|6|2|1|1|960000|4|48002|920240
1200000|4|8025|6|2|2|2|840000|4|48002|792086
1200000|4|8025|6|3|0|0|120000|0|0|72294
1200000|4|8025|6|3|1|1|960000|0|0|915092
1200000|4|8025|6|3|2|2|840000|0|0|804684
1200000|4|8025|6|3|0|0|120000|1|11993|53982
1200000|4|8025|6|3|1|1|960000|1|11993|911778
1200000|4|8025|6|3|2|2|840000|1|11993|799691
1200000|4|8025|6|3|0|0|120000|2|23993|47781
1200000|4|8025|6|3|1|1|960000|2|23993|913845
1200000|4|8025|6|3|2|2|840000|2|23993|802189
1200000|4|8025|6|3|0|0|120000|3|35996|46884
1200000|4|8025|6|3|1|1|960000|3|35996|918875
1200000|4|8025|6|3|2|2|840000|3|35996|806633
1200000|4|8025|6|3|0|0|120000|4|47998|47508
1200000|4|8025|6|3|1|1|960000|4|47998|924491
1200000|4|8025|6|3|2|2|840000|4|47998|811392
1200000|4|8025|6|4|0|0|120000|0|0|96552
1200000|4|8025|6|4|1|1|960000|0|0|916031
1200000|4|8025|6|4|2|2|840000|0|0|782261
1200000|4|8025|6|4|0|0|120000|1|11993|80346
1200000|4|8025|6|4|1|1|960000|1|11993|912283
1200000|4|8025|6|4|2|2|840000|1|11993|777656
1200000|4|8025|6|4|0|0|120000|2|23994|74301
1200000|4|8025|6|4|1|1|960000|2|23994|913689
1200000|4|8025|6|4|2|2|840000|2|23994|780231
1200000|4|8025|6|4|0|0|120000|3|35996|72741
1200000|4|8025|6|4|1|1|960000|3|35996|917707
1200000|4|8025|6|4|2|2|840000|3|35996|784714
1200000|4|8025|6|4|0|0|120000|4|48000|73989
1200000|4|8025|6|4|1|1|960000|4|48000|922344
1200000|4|8025|6|4|2|2|840000|4|48000|790057
1200000|4|8025|6|5|0|0|120000|0|0|95031
1200000|4|8025|6|5|1|1|960000|0|0|912986
1200000|4|8025|6|5|2|2|840000|0|0|781047
1200000|4|8025|6|5|0|0|120000|1|11994|77772
1200000|4|8025|6|5|1|1|960000|1|11994|908773
1200000|4|8025|6|5|2|2|840000|1|11994|775006
1200000|4|8025|6|5|0|0|120000|2|23993|70947
1200000|4|8025|6|5|1|1|960000|2|23993|910648
1200000|4|8025|6|5|2|2|840000|2|23993|777189
1200000|4|8025|6|5|0|0|120000|3|35997|68139
1200000|4|8025|6|5|1|1|960000|3|35997|914469
1200000|4|8025|6|5|2|2|840000|3|35997|781478
1200000|4|8025|6|5|0|0|120000|4|48000|67437
1200000|4|8025|6|5|1|1|960000|4|48000|919070
1200000|4|8025|6|5|2|2|840000|4|48000|786589
1200000|4|8026|6|1|0|0|120000|0|0|118938
1200000|4|8026|6|1|1|1|960000|0|0|913455
1200000|4|8026|6|1|2|2|840000|0|0|758701
1200000|4|8026|6|1|0|0|120000|1|11996|101211
1200000|4|8026|6|1|1|1|960000|1|11996|909282
1200000|4|8026|6|1|2|2|840000|1|11996|752931
1200000|4|8026|6|1|0|0|120000|2|23996|94971
1200000|4|8026|6|1|1|1|960000|2|23996|910724
1200000|4|8026|6|1|2|2|840000|2|23996|754139
1200000|4|8026|6|1|0|0|120000|3|35998|92241
1200000|4|8026|6|1|1|1|960000|3|35998|914313
1200000|4|8026|6|1|2|2|840000|3|35998|757766
1200000|4|8026|6|1|0|0|120000|4|48001|91500
1200000|4|8026|6|1|1|1|960000|4|48001|918758
1200000|4|8026|6|1|2|2|840000|4|48001|762641
1200000|4|8026|6|2|0|0|120000|0|0|87465
1200000|4|8026|6|2|1|1|960000|0|0|907175
1200000|4|8026|6|2|2|2|840000|0|0|784871
1200000|4|8026|6|2|0|0|120000|1|11994|70518
1200000|4|8026|6|2|1|1|960000|1|11994|901168
1200000|4|8026|6|2|2|2|840000|1|11994|779139
1200000|4|8026|6|2|0|0|120000|2|23994|64629
1200000|4|8026|6|2|1|1|960000|2|23994|901170
1200000|4|8026|6|2|2|2|840000|2|23994|777383
1200000|4|8026|6|2|0|0|120000|3|35996|63537
1200000|4|8026|6|2|1|1|960000|3|35996|902613
1200000|4|8026|6|2|2|2|840000|3|35996|780114
1200000|4|8026|6|2|0|0|120000|4|47997|64200
1200000|4|8026|6|2|1|1|960000|4|47997|905225
1200000|4|8026|6|2|2|2|840000|4|47997|783937
1200000|4|8026|6|3|0|0|120000|0|0|212109
1200000|4|8026|6|3|1|1|960000|0|0|915052
1200000|4|8026|6|3|2|2|840000|0|0|748325
1200000|4|8026|6|3|0|0|120000|1|12002|222267
1200000|4|8026|6|3|1|1|960000|1|12002|922461
1200000|4|8026|6|3|2|2|840000|1|12002|761783
1200000|4|8026|6|3|0|0|120000|2|24009|227493
1200000|4|8026|6|3|1|1|960000|2|24009|929133
1200000|4|8026|6|3|2|2|840000|2|24009|771258
1200000|4|8026|6|3|0|0|120000|3|36017|230886
1200000|4|8026|6|3|1|1|960000|3|36017|935529
1200000|4|8026|6|3|2|2|840000|3|36017|777771
1200000|4|8026|6|3|0|0|120000|4|48024|234162
1200000|4|8026|6|3|1|1|960000|4|48024|941497
1200000|4|8026|6|3|2|2|840000|4|48024|779997
1200000|4|8026|6|4|0|0|120000|0|0|110085
1200000|4|8026|6|4|1|1|960000|0|0|918446
1200000|4|8026|6|4|2|2|840000|0|0|765800
1200000|4|8026|6|4|0|0|120000|1|11992|94542
1200000|4|8026|6|4|1|1|960000|1|11992|916142
1200000|4|8026|6|4|2|2|840000|1|11992|756675
1200000|4|8026|6|4|0|0|120000|2|23990|90135
1200000|4|8026|6|4|1|1|960000|2|23990|919969
1200000|4|8026|6|4|2|2|840000|2|23990|753594
1200000|4|8026|6|4|0|0|120000|3|35992|89550
1200000|4|8026|6|4|1|1|960000|3|35992|924724
1200000|4|8026|6|4|2|2|840000|3|35992|753439
1200000|4|8026|6|4|0|0|120000|4|47997|90720
1200000|4|8026|6|4|1|1|960000|4|47997|931823
1200000|4|8026|6|4|2|2|840000|4|47997|750783
1200000|4|8026|6|5|0|0|120000|0|0|67029
1200000|4|8026|6|5|1|1|960000|0|0|917664
1200000|4|8026|6|5|2|2|840000|0|0|803709
1200000|4|8026|6|5|0|0|120000|1|11989|50745
1200000|4|8026|6|5|1|1|960000|1|11989|915558
1200000|4|8026|6|5|2|2|840000|1|11989|792593
1200000|4|8026|6|5|0|0|120000|2|23983|47274
1200000|4|8026|6|5|1|1|960000|2|23983|917745
1200000|4|8026|6|5|2|2|840000|2|23983|787055
1200000|4|8026|6|5|0|0|120000|3|35981|48834
1200000|4|8026|6|5|1|1|960000|3|35981|921527
1200000|4|8026|6|5|2|2|840000|3|35981|784206
1200000|4|8026|6|5|0|0|120000|4|47980|52812
1200000|4|8026|6|5|1|1|960000|4|47980|926715
1200000|4|8026|6|5|2|2|840000|4|47980|782415
1200000|4|8027|6|1|0|0|120000|0|0|158445
1200000|4|8027|6|1|1|1|960000|0|0|918134
1200000|4|8027|6|1|2|2|840000|0|0|836937
1200000|4|8027|6|1|0|0|120000|1|11990|179250
1200000|4|8027|6|1|1|1|960000|1|11990|919422
1200000|4|8027|6|1|2|2|840000|1|11990|851094
1200000|4|8027|6|1|0|0|120000|2|23986|192627
1200000|4|8027|6|1|1|1|960000|2|23986|923206
1200000|4|8027|6|1|2|2|840000|2|23986|858699
1200000|4|8027|6|1|0|0|120000|3|35986|202338
1200000|4|8027|6|1|1|1|960000|3|35986|929445
1200000|4|8027|6|1|2|2|840000|3|35986|862129
1200000|4|8027|6|1|0|0|120000|4|47987|209787
1200000|4|8027|6|1|1|1|960000|4|47987|935841
1200000|4|8027|6|1|2|2|840000|4|47987|863337
1200000|4|8027|6|2|0|0|120000|0|0|131613
1200000|4|8027|6|2|1|1|960000|0|0|915327
1200000|4|8027|6|2|2|2|840000|0|0|861000
1200000|4|8027|6|2|0|0|120000|1|11993|149961
1200000|4|8027|6|2|1|1|960000|1|11993|914119
1200000|4|8027|6|2|2|2|840000|1|11993|875858
1200000|4|8027|6|2|0|0|120000|2|23991|161856
1200000|4|8027|6|2|1|1|960000|2|23991|916888
1200000|4|8027|6|2|2|2|840000|2|23991|884983
1200000|4|8027|6|2|0|0|120000|3|35994|170826
1200000|4|8027|6|2|1|1|960000|3|35994|923555
1200000|4|8027|6|2|2|2|840000|3|35994|887246
1200000|4|8027|6|2|0|0|120000|4|47995|177885
1200000|4|8027|6|2|1|1|960000|4|47995|929950
1200000|4|8027|6|2|2|2|840000|4|47995|887753
1200000|4|8027|6|3|0|0|120000|0|0|119406
1200000|4|8027|6|3|1|1|960000|0|0|915251
1200000|4|8027|6|3|2|2|840000|0|0|869501
1200000|4|8027|6|3|0|0|120000|1|11991|135453
1200000|4|8027|6|3|1|1|960000|1|11991|914117
1200000|4|8027|6|3|2|2|840000|1|11991|883970
1200000|4|8027|6|3|0|0|120000|2|23990|146919
1200000|4|8027|6|3|1|1|960000|2|23990|916576
1200000|4|8027|6|3|2|2|840000|2|23990|890171
1200000|4|8027|6|3|0|0|120000|3|35989|156318
1200000|4|8027|6|3|1|1|960000|3|35989|923282
1200000|4|8027|6|3|2|2|840000|3|35989|890601
1200000|4|8027|6|3|0|0|120000|4|47986|163845
1200000|4|8027|6|3|1|1|960000|4|47986|929678
1200000|4|8027|6|3|2|2|840000|4|47986|889236
1200000|4|8027|6|4|0|0|120000|0|0|119055
1200000|4|8027|6|4|1|1|960000|0|0|916498
1200000|4|8027|6|4|2|2|840000|0|0|865601
1200000|4|8027|6|4|0|0|120000|1|11987|136272
1200000|4|8027|6|4|1|1|960000|1|11987|915561
1200000|4|8027|6|4|2|2|840000|1|11987|876951
1200000|4|8027|6|4|0|0|120000|2|23981|148284
1200000|4|8027|6|4|1|1|960000|2|23981|918057
1200000|4|8027|6|4|2|2|840000|2|23981|881825
1200000|4|8027|6|4|0|0|120000|3|35978|157917
1200000|4|8027|6|4|1|1|960000|3|35978|923165
1200000|4|8027|6|4|2|2|840000|3|35978|882371
1200000|4|8027|6|4|0|0|120000|4|47977|165561
1200000|4|8027|6|4|1|1|960000|4|47977|928857
1200000|4|8027|6|4|2|2|840000|4|47977|881042
1200000|4|8027|6|5|0|0|120000|0|0|131418
1200000|4|8027|6|5|1|1|960000|0|0|917005
1200000|4|8027|6|5|2|2|840000|0|0|856512
1200000|4|8027|6|5|0|0|120000|1|11987|149376
1200000|4|8027|6|5|1|1|960000|1|11987|916106
1200000|4|8027|6|5|2|2|840000|1|11987|867004
1200000|4|8027|6|5|0|0|120000|2|23980|161583
1200000|4|8027|6|5|1|1|960000|2|23980|918289
1200000|4|8027|6|5|2|2|840000|2|23980|871724
1200000|4|8027|6|5|0|0|120000|3|35978|171177
1200000|4|8027|6|5|1|1|960000|3|35978|923165
1200000|4|8027|6|5|2|2|840000|3|35978|871762
1200000|4|8027|6|5|0|0|120000|4|47976|178665
1200000|4|8027|6|5|1|1|960000|4|47976|928817
1200000|4|8027|6|5|2|2|840000|4|47976|870048
1200000|4|8028|6|1|0|0|120000|0|0|118275
1200000|4|8028|6|1|1|1|960000|0|0|916691
1200000|4|8028|6|1|2|2|840000|0|0|867239
1200000|4|8028|6|1|0|0|120000|1|11988|134205
1200000|4|8028|6|1|1|1|960000|1|11988|915557
1200000|4|8028|6|1|2|2|840000|1|11988|878118
1200000|4|8028|6|1|0|0|120000|2|23981|145008
1200000|4|8028|6|1|1|1|960000|2|23981|917937
1200000|4|8028|6|1|2|2|840000|2|23981|883737
1200000|4|8028|6|1|0|0|120000|3|35980|153276
1200000|4|8028|6|1|1|1|960000|3|35980|922460
1200000|4|8028|6|1|2|2|840000|3|35980|883578
1200000|4|8028|6|1|0|0|120000|4|47977|160062
1200000|4|8028|6|1|1|1|960000|4|47977|927572
1200000|4|8028|6|1|2|2|840000|4|47977|882177
1200000|4|8028|6|2|0|0|120000|0|0|157782
1200000|4|8028|6|2|1|1|960000|0|0|919031
1200000|4|8028|6|2|2|2|840000|0|0|832606
1200000|4|8028|6|2|0|0|120000|1|11987|177222
1200000|4|8028|6|2|1|1|960000|1|11987|916535
1200000|4|8028|6|2|2|2|840000|1|11987|843840
1200000|4|8028|6|2|0|0|120000|2|23981|188571
1200000|4|8028|6|2|1|1|960000|2|23981|919383
1200000|4|8028|6|2|2|2|840000|2|23981|847897
1200000|4|8028|6|2|0|0|120000|3|35979|196215
1200000|4|8028|6|2|1|1|960000|3|35979|924259
1200000|4|8028|6|2|2|2|840000|3|35979|847975
1200000|4|8028|6|2|0|0|120000|4|47978|202182
1200000|4|8028|6|2|1|1|960000|4|47978|929874
1200000|4|8028|6|2|2|2|840000|4|47978|846294
1200000|4|8028|6|3|0|0|120000|0|0|112464
1200000|4|8028|6|3|1|1|960000|0|0|917588
1200000|4|8028|6|3|2|2|840000|0|0|873986
1200000|4|8028|6|3|0|0|120000|1|11990|126171
1200000|4|8028|6|3|1|1|960000|1|11990|917238
1200000|4|8028|6|3|2|2|840000|1|11990|886155
1200000|4|8028|6|3|0|0|120000|2|23986|134205
1200000|4|8028|6|3|1|1|960000|2|23986|919850
1200000|4|8028|6|3|2|2|840000|2|23986|890795
1200000|4|8028|6|3|0|0|120000|3|35985|139275
1200000|4|8028|6|3|1|1|960000|3|35985|924255
1200000|4|8028|6|3|2|2|840000|3|35985|892511
1200000|4|8028|6|3|0|0|120000|4|47984|142824
1200000|4|8028|6|3|1|1|960000|4|47984|928939
1200000|4|8028|6|3|2|2|840000|4|47984|892590
1200000|4|8028|6|4|0|0|120000|0|0|152205
1200000|4|8028|6|4|1|1|960000|0|0|917629
1200000|4|8028|6|4|2|2|840000|0|0|839197
1200000|4|8028|6|4|0|0|120000|1|11992|169539
1200000|4|8028|6|4|1|1|960000|1|11992|914352
1200000|4|8028|6|4|2|2|840000|1|11992|854562
1200000|4|8028|6|4|0|0|120000|2|23995|178548
1200000|4|8028|6|4|1|1|960000|2|23995|916185
1200000|4|8028|6|4|2|2|840000|2|23995|862482
1200000|4|8028|6|4|0|0|120000|3|36000|183267
1200000|4|8028|6|4|1|1|960000|3|36000|920512
1200000|4|8028|6|4|2|2|840000|3|36000|867900
1200000|4|8028|6|4|0|0|120000|4|48007|187557
1200000|4|8028|6|4|1|1|960000|4|48007|924764
1200000|4|8028|6|4|2|2|840000|4|48007|871376
1200000|4|8028|6|5|0|0|120000|0|0|126504
1200000|4|8028|6|5|1|1|960000|0|0|911856
1200000|4|8028|6|5|2|2|840000|0|0|863261
1200000|4|8028|6|5|0|0|120000|1|11996|141849
1200000|4|8028|6|5|1|1|960000|1|11996|907058
1200000|4|8028|6|5|2|2|840000|1|11996|876285
1200000|4|8028|6|5|0|0|120000|2|23995|149259
1200000|4|8028|6|5|1|1|960000|2|23995|907371
1200000|4|8028|6|5|2|2|840000|2|23995|882098
1200000|4|8028|6|5|0|0|120000|3|35996|153042
1200000|4|8028|6|5|1|1|960000|3|35996|909281
1200000|4|8028|6|5|2|2|840000|3|35996|885142
1200000|4|8028|6|5|0|0|120000|4|47999|155811
1200000|4|8028|6|5|1|1|960000|4|47999|912130
1200000|4|8028|6|5|2|2|840000|4|47999|885765
1200000|4|8029|6|1|0|0|120000|0|0|127089
1200000|4|8029|6|1|1|1|960000|0|0|910100
1200000|4|8029|6|1|2|2|840000|0|0|861116
1200000|4|8029|6|1|0|0|120000|1|11994|140640
1200000|4|8029|6|1|1|1|960000|1|11994|903588
1200000|4|8029|6|1|2|2|840000|1|11994|874105
1200000|4|8029|6|1|0|0|120000|2|23993|146997
1200000|4|8029|6|1|1|1|960000|2|23993|902925
1200000|4|8029|6|1|2|2|840000|2|23993|879874
1200000|4|8029|6|1|0|0|120000|3|35993|150390
1200000|4|8029|6|1|1|1|960000|3|35993|905187
1200000|4|8029|6|1|2|2|840000|3|35993|881162
1200000|4|8029|6|1|0|0|120000|4|47994|152652
1200000|4|8029|6|1|1|1|960000|4|47994|908930
1200000|4|8029|6|1|2|2|840000|4|47994|881200
1200000|4|8029|6|2|0|0|120000|0|0|152751
1200000|4|8029|6|2|1|1|960000|0|0|910999
1200000|4|8029|6|2|2|2|840000|0|0|836430
1200000|4|8029|6|2|0|0|120000|1|11993|170319
1200000|4|8029|6|2|1|1|960000|1|11993|907136
1200000|4|8029|6|2|2|2|840000|1|11993|848754
1200000|4|8029|6|2|0|0|120000|2|23990|180147
1200000|4|8029|6|2|1|1|960000|2|23990|907489
1200000|4|8029|6|2|2|2|840000|2|23990|855966
1200000|4|8029|6|2|0|0|120000|3|35991|187011
1200000|4|8029|6|2|1|1|960000|3|35991|910727
1200000|4|8029|6|2|2|2|840000|3|35991|859245
1200000|4|8029|6|2|0|0|120000|4|47996|191457
1200000|4|8029|6|2|1|1|960000|4|47996|914626
1200000|4|8029|6|2|2|2|840000|4|47996|862210
1200000|4|8029|6|3|0|0|120000|0|0|128376
1200000|4|8029|6|3|1|1|960000|0|0|914275
1200000|4|8029|6|3|2|2|840000|0|0|861195
1200000|4|8029|6|3|0|0|120000|1|11992|143877
1200000|4|8029|6|3|1|1|960000|1|11992|910335
1200000|4|8029|6|3|2|2|840000|1|11992|874923
1200000|4|8029|6|3|0|0|120000|2|23991|152886
1200000|4|8029|6|3|1|1|960000|2|23991|911856
1200000|4|8029|6|3|2|2|840000|2|23991|880459
1200000|4|8029|6|3|0|0|120000|3|35992|157644
1200000|4|8029|6|3|1|1|960000|3|35992|915210
1200000|4|8029|6|3|2|2|840000|3|35992|883190
1200000|4|8029|6|3|0|0|120000|4|47996|160881
1200000|4|8029|6|3|1|1|960000|4|47996|920006
1200000|4|8029|6|3|2|2|840000|4|47996|886155
1200000|4|8029|6|4|0|0|120000|0|0|152634
1200000|4|8029|6|4|1|1|960000|0|0|914586
1200000|4|8029|6|4|2|2|840000|0|0|839237
1200000|4|8029|6|4|0|0|120000|1|11995|169812
1200000|4|8029|6|4|1|1|960000|1|11995|910996
1200000|4|8029|6|4|2|2|840000|1|11995|852109
1200000|4|8029|6|4|0|0|120000|2|23994|179055
1200000|4|8029|6|4|1|1|960000|2|23994|912596
1200000|4|8029|6|4|2|2|840000|2|23994|857138
1200000|4|8029|6|4|0|0|120000|3|35995|183072
1200000|4|8029|6|4|1|1|960000|3|35995|916379
1200000|4|8029|6|4|2|2|840000|3|35995|859909
1200000|4|8029|6|4|0|0|120000|4|47998|185334
1200000|4|8029|6|4|1|1|960000|4|47998|920865
1200000|4|8029|6|4|2|2|840000|4|47998|861975
1200000|4|8029|6|5|0|0|120000|0|0|126192
1200000|4|8029|6|5|1|1|960000|0|0|909905
1200000|4|8029|6|5|2|2|840000|0|0|861584
1200000|4|8029|6|5|0|0|120000|1|11995|140289
1200000|4|8029|6|5|1|1|960000|1|11995|903820
1200000|4|8029|6|5|2|2|840000|1|11995|874142
1200000|4|8029|6|5|0|0|120000|2|23994|147114
1200000|4|8029|6|5|1|1|960000|2|23994|903238
1200000|4|8029|6|5|2|2|840000|2|23994|879954
1200000|4|8029|6|5|0|0|120000|3|35995|150858
1200000|4|8029|6|5|1|1|960000|3|35995|904681
1200000|4|8029|6|5|2|2|840000|3|35995|882605
1200000|4|8029|6|5|0|0|120000|4|47998|153432
1200000|4|8029|6|5|1|1|960000|4|47998|908269
1200000|4|8029|6|5|2|2|840000|4|47998|883425
1200000|4|8030|6|1|0|0|120000|0|0|153804
1200000|4|8030|6|1|1|1|960000|0|0|909282
1200000|4|8030|6|1|2|2|840000|0|0|834638
1200000|4|8030|6|1|0|0|120000|1|11995|170982
1200000|4|8030|6|1|1|1|960000|1|11995|903470
1200000|4|8030|6|1|2|2|840000|1|11995|846918
1200000|4|8030|6|1|0|0|120000|2|23994|179523
1200000|4|8030|6|1|1|1|960000|2|23994|902614
1200000|4|8030|6|1|2|2|840000|2|23994|852576
1200000|4|8030|6|1|0|0|120000|3|35996|182916
1200000|4|8030|6|1|1|1|960000|3|35996|903782
1200000|4|8030|6|1|2|2|840000|3|35996|855617
1200000|4|8030|6|1|0|0|120000|4|47999|185295
1200000|4|8030|6|1|1|1|960000|4|47999|906901
1200000|4|8030|6|1|2|2|840000|4|47999|855929
1200000|4|8030|6|2|0|0|120000|0|0|112620
1200000|4|8030|6|2|1|1|960000|0|0|909670
1200000|4|8030|6|2|2|2|840000|0|0|872114
1200000|4|8030|6|2|0|0|120000|1|11994|124065
1200000|4|8030|6|2|1|1|960000|1|11994|903628
1200000|4|8030|6|2|2|2|840000|1|11994|885258
1200000|4|8030|6|2|0|0|120000|2|23991|129135
1200000|4|8030|6|2|1|1|960000|2|23991|902846
1200000|4|8030|6|2|2|2|840000|2|23991|891069
1200000|4|8030|6|2|0|0|120000|3|35992|132528
1200000|4|8030|6|2|1|1|960000|3|35992|905030
1200000|4|8030|6|2|2|2|840000|3|35992|893215
1200000|4|8030|6|2|0|0|120000|4|47992|135063
1200000|4|8030|6|2|1|1|960000|4|47992|907760
1200000|4|8030|6|2|2|2|840000|4|47992|893291
1200000|4|8030|6|3|0|0|120000|0|0|152829
1200000|4|8030|6|3|1|1|960000|0|0|910409
1200000|4|8030|6|3|2|2|840000|0|0|834401
1200000|4|8030|6|3|0|0|120000|1|11992|169305
1200000|4|8030|6|3|1|1|960000|1|11992|906082
1200000|4|8030|6|3|2|2|840000|1|11992|846142
1200000|4|8030|6|3|0|0|120000|2|23989|178509
1200000|4|8030|6|3|1|1|960000|2|23989|906474
1200000|4|8030|6|3|2|2|840000|2|23989|850859
1200000|4|8030|6|3|0|0|120000|3|35989|184242
1200000|4|8030|6|3|1|1|960000|3|35989|909164
1200000|4|8030|6|3|2|2|840000|3|35989|852691
1200000|4|8030|6|3|0|0|120000|4|47992|187596
1200000|4|8030|6|3|1|1|960000|4|47992|912362
1200000|4|8030|6|3|2|2|840000|4|47992|852617
1200000|4|8030|6|4|0|0|120000|0|0|111216
1200000|4|8030|6|4|1|1|960000|0|0|911814
1200000|4|8030|6|4|2|2|840000|0|0|871529
1200000|4|8030|6|4|0|0|120000|1|11992|123012
1200000|4|8030|6|4|1|1|960000|1|11992|907645
1200000|4|8030|6|4|2|2|840000|1|11992|882490
1200000|4|8030|6|4|0|0|120000|2|23988|130071
1200000|4|8030|6|4|1|1|960000|2|23988|907409
1200000|4|8030|6|4|2|2|840000|2|23988|887987
1200000|4|8030|6|4|0|0|120000|3|35989|134790
1200000|4|8030|6|4|1|1|960000|3|35989|909826
1200000|4|8030|6|4|2|2|840000|3|35989|889510
1200000|4|8030|6|4|0|0|120000|4|47992|137247
1200000|4|8030|6|4|1|1|960000|4|47992|913338
1200000|4|8030|6|4|2|2|840000|4|47992|887987
1200000|4|8030|6|5|0|0|120000|0|0|150762
1200000|4|8030|6|5|1|1|960000|0|0|911234
1200000|4|8030|6|5|2|2|840000|0|0|833583
1200000|4|8030|6|5|0|0|120000|1|11990|166497
1200000|4|8030|6|5|1|1|960000|1|11990|907060
1200000|4|8030|6|5|2|2|840000|1|11990|845048
1200000|4|8030|6|5|0|0|120000|2|23988|174687
1200000|4|8030|6|5|1|1|960000|2|23988|906861
1200000|4|8030|6|5|2|2|840000|2|23988|850744
1200000|4|8030|6|5|0|0|120000|3|35991|179445
1200000|4|8030|6|5|1|1|960000|3|35991|908892
1200000|4|8030|6|5|2|2|840000|3|35991|852262
1200000|4|8030|6|5|0|0|120000|4|47994|181941
1200000|4|8030|6|5|1|1|960000|4|47994|911973
1200000|4|8030|6|5|2|2|840000|4|47994|851832
1200000|4|8031|6|1|0|0|120000|0|0|150840
1200000|4|8031|6|1|1|1|960000|0|0|915443
1200000|4|8031|6|1|2|2|840000|0|0|834362
1200000|4|8031|6|1|0|0|120000|1|11988|166575
1200000|4|8031|6|1|1|1|960000|1|11988|912323
1200000|4|8031|6|1|2|2|840000|1|11988|845049
1200000|4|8031|6|1|0|0|120000|2|23984|174804
1200000|4|8031|6|1|1|1|960000|2|23984|913220
1200000|4|8031|6|1|2|2|840000|2|23984|848482
1200000|4|8031|6|1|0|0|120000|3|35983|179289
1200000|4|8031|6|1|1|1|960000|3|35983|915756
1200000|4|8031|6|1|2|2|840000|3|35983|847702
1200000|4|8031|6|1|0|0|120000|4|47983|181200
1200000|4|8031|6|1|1|1|960000|4|47983|919733
1200000|4|8031|6|1|2|2|840000|4|47983|845321
1200000|4|8031|6|2|0|0|120000|0|0|147525
1200000|4|8031|6|2|1|1|960000|0|0|912247
1200000|4|8031|6|2|2|2|840000|0|0|837561
1200000|4|8031|6|2|0|0|120000|1|11992|161895
1200000|4|8031|6|2|1|1|960000|1|11992|906979
1200000|4|8031|6|2|2|2|840000|1|11992|849884
1200000|4|8031|6|2|0|0|120000|2|23990|168837
1200000|4|8031|6|2|1|1|960000|2|23990|907447
1200000|4|8031|6|2|2|2|840000|2|23990|854601
1200000|4|8031|6|2|0|0|120000|3|35991|172269
1200000|4|8031|6|2|1|1|960000|3|35991|909825
1200000|4|8031|6|2|2|2|840000|3|35991|855656
1200000|4|8031|6|2|0|0|120000|4|47995|173907
1200000|4|8031|6|2|1|1|960000|4|47995|913296
1200000|4|8031|6|2|2|2|840000|4|47995|856671
1200000|4|8031|6|3|0|0|120000|0|0|147915
1200000|4|8031|6|3|1|1|960000|0|0|913025
1200000|4|8031|6|3|2|2|840000|0|0|839471
1200000|4|8031|6|3|0|0|120000|1|11993|162909
1200000|4|8031|6|3|1|1|960000|1|11993|908577
1200000|4|8031|6|3|2|2|840000|1|11993|852068
1200000|4|8031|6|3|0|0|120000|2|23992|169617
1200000|4|8031|6|3|1|1|960000|2|23992|910023
1200000|4|8031|6|3|2|2|840000|2|23992|855931
1200000|4|8031|6|3|0|0|120000|3|35993|172269
1200000|4|8031|6|3|1|1|960000|3|35993|913259
1200000|4|8031|6|3|2|2|840000|3|35993|857567
1200000|4|8031|6|3|0|0|120000|4|47996|173283
1200000|4|8031|6|3|1|1|960000|4|47996|917745
1200000|4|8031|6|3|2|2|840000|4|47996|858462
1200000|4|8031|6|4|0|0|120000|0|0|123267
1200000|4|8031|6|4|1|1|960000|0|0|909790
1200000|4|8031|6|4|2|2|840000|0|0|861038
1200000|4|8031|6|4|0|0|120000|1|11993|136428
1200000|4|8031|6|4|1|1|960000|1|11993|904365
1200000|4|8031|6|4|2|2|840000|1|11993|873674
1200000|4|8031|6|4|0|0|120000|2|23992|143097
1200000|4|8031|6|4|1|1|960000|2|23992|904055
1200000|4|8031|6|4|2|2|840000|2|23992|878041
1200000|4|8031|6|4|0|0|120000|3|35994|145242
1200000|4|8031|6|4|1|1|960000|3|35994|905656
1200000|4|8031|6|4|2|2|840000|3|35994|879408
1200000|4|8031|6|4|0|0|120000|4|47995|145125
1200000|4|8031|6|4|1|1|960000|4|47995|908034
1200000|4|8031|6|4|2|2|840000|4|47995|879251
1200000|4|8031|6|5|0|0|120000|0|0|148266
1200000|4|8031|6|5|1|1|960000|0|0|908425
1200000|4|8031|6|5|2|2|840000|0|0|838575
1200000|4|8031|6|5|0|0|120000|1|11995|162714
1200000|4|8031|6|5|1|1|960000|1|11995|901365
1200000|4|8031|6|5|2|2|840000|1|11995|851641
1200000|4|8031|6|5|0|0|120000|2|23996|169929
1200000|4|8031|6|5|1|1|960000|2|23996|898905
1200000|4|8031|6|5|2|2|840000|2|23996|857059
1200000|4|8031|6|5|0|0|120000|3|35999|172191
1200000|4|8031|6|5|1|1|960000|3|35999|899140
1200000|4|8031|6|5|2|2|840000|3|35999|859597
1200000|4|8031|6|5|0|0|120000|4|48003|173205
1200000|4|8031|6|5|1|1|960000|4|48003|899648
1200000|4|8031|6|5|2|2|840000|4|48003|860884
1200000|4|8032|6|1|0|0|120000|0|0|120849
1200000|4|8032|6|1|1|1|960000|0|0|907177
1200000|4|8032|6|1|2|2|840000|0|0|865368
1200000|4|8032|6|1|0|0|120000|1|11999|133269
1200000|4|8032|6|1|1|1|960000|1|11999|899804
1200000|4|8032|6|1|2|2|840000|1|11999|879017
1200000|4|8032|6|1|0|0|120000|2|24001|138261
1200000|4|8032|6|1|1|1|960000|2|24001|898167
1200000|4|8032|6|1|2|2|840000|2|24001|886039
1200000|4|8032|6|1|0|0|120000|3|36006|140289
1200000|4|8032|6|1|1|1|960000|3|36006|898437
1200000|4|8032|6|1|2|2|840000|3|36006|889935
1200000|4|8032|6|1|0|0|120000|4|48012|140913
1200000|4|8032|6|1|1|1|960000|4|48012|900467
1200000|4|8032|6|1|2|2|840000|4|48012|891460
1200000|4|8032|6|2|0|0|120000|0|0|150606
1200000|4|8032|6|2|1|1|960000|0|0|907954
1200000|4|8032|6|2|2|2|840000|0|0|837248
1200000|4|8032|6|2|0|0|120000|1|11998|164313
1200000|4|8032|6|2|1|1|960000|1|11998|901053
1200000|4|8032|6|2|2|2|840000|1|11998|851093
1200000|4|8032|6|2|0|0|120000|2|24000|169500
1200000|4|8032|6|2|1|1|960000|2|24000|899844
1200000|4|8032|6|2|2|2|840000|2|24000|858026
1200000|4|8032|6|2|0|0|120000|3|36006|171879
1200000|4|8032|6|2|1|1|960000|3|36006|901989
1200000|4|8032|6|2|2|2|840000|3|36006|861303
1200000|4|8032|6|2|0|0|120000|4|48011|173088
1200000|4|8032|6|2|1|1|960000|4|48011|904524
1200000|4|8032|6|2|2|2|840000|4|48011|862040
1200000|4|8032|6|3|0|0|120000|0|0|149046
1200000|4|8032|6|3|1|1|960000|0|0|909937
1200000|4|8032|6|3|2|2|840000|0|0|839386
1200000|4|8032|6|3|0|0|120000|1|11996|163143
1200000|4|8032|6|3|1|1|960000|1|11996|904593
1200000|4|8032|6|3|2|2|840000|1|11996|852446
1200000|4|8032|6|3|0|0|120000|2|23996|168837
1200000|4|8032|6|3|1|1|960000|2|23996|904983
1200000|4|8032|6|3|2|2|840000|2|23996|858611
1200000|4|8032|6|3|0|0|120000|3|35997|171411
1200000|4|8032|6|3|1|1|960000|3|35997|907400
1200000|4|8032|6|3|2|2|840000|3|35997|860284
1200000|4|8032|6|3|0|0|120000|4|48000|172581
1200000|4|8032|6|3|1|1|960000|4|48000|910717
1200000|4|8032|6|3|2|2|840000|4|48000|861459
1200000|4|8032|6|4|0|0|120000|0|0|122526
1200000|4|8032|6|4|1|1|960000|0|0|911416
1200000|4|8032|6|4|2|2|840000|0|0|864460
1200000|4|8032|6|4|0|0|120000|1|11994|134673
1200000|4|8032|6|4|1|1|960000|1|11994|907986
1200000|4|8032|6|4|2|2|840000|1|11994|878577
1200000|4|8032|6|4|0|0|120000|2|23992|140835
1200000|4|8032|6|4|1|1|960000|2|23992|909079
1200000|4|8032|6|4|2|2|840000|2|23992|886183
1200000|4|8032|6|4|0|0|120000|3|35994|143916
1200000|4|8032|6|4|1|1|960000|3|35994|912079
1200000|4|8032|6|4|2|2|840000|3|35994|890511
1200000|4|8032|6|4|0|0|120000|4|47999|144813
1200000|4|8032|6|4|1|1|960000|4|47999|917189
1200000|4|8032|6|4|2|2|840000|4|47999|890789
1200000|4|8032|6|5|0|0|120000|0|0|110202
1200000|4|8032|6|5|1|1|960000|0|0|917111
1200000|4|8032|6|5|2|2|840000|0|0|873784
1200000|4|8032|6|5|0|0|120000|1|11990|120828
1200000|4|8032|6|5|1|1|960000|1|11990|916996
1200000|4|8032|6|5|2|2|840000|1|11990|887548
1200000|4|8032|6|5|0|0|120000|2|23988|126210
1200000|4|8032|6|5|1|1|960000|2|23988|920385
1200000|4|8032|6|5|2|2|840000|2|23988|892774
1200000|4|8032|6|5|0|0|120000|3|35988|128628
1200000|4|8032|6|5|1|1|960000|3|35988|925537
1200000|4|8032|6|5|2|2|840000|3|35988|894530
1200000|4|8032|6|5|0|0|120000|4|47989|129096
1200000|4|8032|6|5|1|1|960000|4|47989|931226
1200000|4|8032|6|5|2|2|840000|4|47989|894568
1200000|4|8033|6|1|0|0|120000|0|0|150489
1200000|4|8033|6|1|1|1|960000|0|0|917969
1200000|4|8033|6|1|2|2|840000|0|0|839971
1200000|4|8033|6|1|0|0|120000|1|11994|165873
1200000|4|8033|6|1|1|1|960000|1|11994|915549
1200000|4|8033|6|1|2|2|840000|1|11994|854125
1200000|4|8033|6|1|0|0|120000|2|23995|173283
1200000|4|8033|6|1|1|1|960000|2|23995|918281
1200000|4|8033|6|1|2|2|840000|2|23995|860753
1200000|4|8033|6|1|0|0|120000|3|35999|175974
1200000|4|8033|6|1|1|1|960000|3|35999|923430
1200000|4|8033|6|1|2|2|840000|3|35999|864887
1200000|4|8033|6|1|0|0|120000|4|48004|176949
1200000|4|8033|6|1|1|1|960000|4|48004|928536
1200000|4|8033|6|1|2|2|840000|4|48004|868011
1200000|4|8033|6|2|0|0|120000|0|0|110436
1200000|4|8033|6|2|1|1|960000|0|0|911615
1200000|4|8033|6|2|2|2|840000|0|0|875303
1200000|4|8033|6|2|0|0|120000|1|11995|121452
1200000|4|8033|6|2|1|1|960000|1|11995|906814
1200000|4|8033|6|2|2|2|840000|1|11995|888523
1200000|4|8033|6|2|0|0|120000|2|23995|126600
1200000|4|8033|6|2|1|1|960000|2|23995|906855
1200000|4|8033|6|2|2|2|840000|2|23995|894882
1200000|4|8033|6|2|0|0|120000|3|35997|128550
1200000|4|8033|6|2|1|1|960000|3|35997|909350
1200000|4|8033|6|2|2|2|840000|3|35997|897417
1200000|4|8033|6|2|0|0|120000|4|47999|129486
1200000|4|8033|6|2|1|1|960000|4|47999|913211
1200000|4|8033|6|2|2|2|840000|4|47999|898159
1200000|4|8033|6|3|0|0|120000|0|0|150645
1200000|4|8033|6|3|1|1|960000|0|0|909155
1200000|4|8033|6|3|2|2|840000|0|0|838373
1200000|4|8033|6|3|0|0|120000|1|11995|166068
1200000|4|8033|6|3|1|1|960000|1|11995|903029
1200000|4|8033|6|3|2|2|840000|1|11995|851007
1200000|4|8033|6|3|0|0|120000|2|23995|172659
1200000|4|8033|6|3|1|1|960000|2|23995|902407
1200000|4|8033|6|3|2|2|840000|2|23995|857011
1200000|4|8033|6|3|0|0|120000|3|35996|174648
1200000|4|8033|6|3|1|1|960000|3|35996|903732
1200000|4|8033|6|3|2|2|840000|3|35996|859351
1200000|4|8033|6|3|0|0|120000|4|47998|175623
1200000|4|8033|6|3|1|1|960000|4|47998|906501
1200000|4|8033|6|3|2|2|840000|4|47998|859427
1200000|4|8033|6|4|0|0|120000|0|0|109929
1200000|4|8033|6|4|1|1|960000|0|0|908177
1200000|4|8033|6|4|2|2|840000|0|0|873392
1200000|4|8033|6|4|0|0|120000|1|11996|119775
1200000|4|8033|6|4|1|1|960000|1|11996|902483
1200000|4|8033|6|4|2|2|840000|1|11996|886574
1200000|4|8033|6|4|0|0|120000|2|23994|123948
1200000|4|8033|6|4|1|1|960000|2|23994|901277
1200000|4|8033|6|4|2|2|840000|2|23994|892735
1200000|4|8033|6|4|0|0|120000|3|35995|125625
1200000|4|8033|6|4|1|1|960000|3|35995|903305
1200000|4|8033|6|4|2|2|840000|3|35995|895077
1200000|4|8033|6|4|0|0|120000|4|47997|126912
1200000|4|8033|6|4|1|1|960000|4|47997|906072
1200000|4|8033|6|4|2|2|840000|4|47997|895387
1200000|4|8033|6|5|0|0|120000|0|0|111606
1200000|4|8033|6|5|1|1|960000|0|0|909077
1200000|4|8033|6|5|2|2|840000|0|0|871520
1200000|4|8033|6|5|0|0|120000|1|11994|123363
1200000|4|8033|6|5|1|1|960000|1|11994|904942
1200000|4|8033|6|5|2|2|840000|1|11994|884118
1200000|4|8033|6|5|0|0|120000|2|23991|129564
1200000|4|8033|6|5|1|1|960000|2|23991|905528
1200000|4|8033|6|5|2|2|840000|2|23991|890552
1200000|4|8033|6|5|0|0|120000|3|35992|134088
1200000|4|8033|6|5|1|1|960000|3|35992|908449
1200000|4|8033|6|5|2|2|840000|3|35992|893205
1200000|4|8033|6|5|0|0|120000|4|47996|136857
1200000|4|8033|6|5|1|1|960000|4|47996|912393
1200000|4|8033|6|5|2|2|840000|4|47996|895621
1200000|4|8034|6|1|0|0|120000|0|0|126270
1200000|4|8034|6|1|1|1|960000|0|0|912041
1200000|4|8034|6|1|2|2|840000|0|0|860874
1200000|4|8034|6|1|0|0|120000|1|11994|141108
1200000|4|8034|6|1|1|1|960000|1|11994|907477
1200000|4|8034|6|1|2|2|840000|1|11994|874408
1200000|4|8034|6|1|0|0|120000|2|23995|149337
1200000|4|8034|6|1|1|1|960000|2|23995|908299
1200000|4|8034|6|1|2|2|840000|2|23995|879240
1200000|4|8034|6|1|0|0|120000|3|35996|153432
1200000|4|8034|6|1|1|1|960000|3|35996|911221
1200000|4|8034|6|1|2|2|840000|3|35996|880214
1200000|4|8034|6|1|0|0|120000|4|47999|156201
1200000|4|8034|6|1|1|1|960000|4|47999|914889
1200000|4|8034|6|1|2|2|840000|4|47999|880492
1200000|4|8034|6|2|0|0|120000|0|0|125139
1200000|4|8034|6|2|1|1|960000|0|0|913134
1200000|4|8034|6|2|2|2|840000|0|0|864774
1200000|4|8034|6|2|0|0|120000|1|11996|139353
1200000|4|8034|6|2|1|1|960000|1|11996|908298
1200000|4|8034|6|2|2|2|840000|1|11996|879044
1200000|4|8034|6|2|0|0|120000|2|23997|146685
1200000|4|8034|6|2|1|1|960000|2|23997|908527
1200000|4|8034|6|2|2|2|840000|2|23997|885404
1200000|4|8034|6|2|0|0|120000|3|36001|149922
1200000|4|8034|6|2|1|1|960000|3|36001|911378
1200000|4|8034|6|2|2|2|840000|3|36001|888056
1200000|4|8034|6|2|0|0|120000|4|48004|151170
1200000|4|8034|6|2|1|1|960000|4|48004|915469
1200000|4|8034|6|2|2|2|840000|4|48004|889654
1200000|4|8034|6|3|0|0|120000|0|0|123033
1200000|4|8034|6|3|1|1|960000|0|0|909506
1200000|4|8034|6|3|2|2|840000|0|0|862864
1200000|4|8034|6|3|0|0|120000|1|11997|136116
1200000|4|8034|6|3|1|1|960000|1|11997|902990
1200000|4|8034|6|3|2|2|840000|1|11997|875303
1200000|4|8034|6|3|0|0|120000|2|23998|141108
1200000|4|8034|6|3|1|1|960000|2|23998|902098
1200000|4|8034|6|3|2|2|840000|2|23998|881427
1200000|4|8034|6|3|0|0|120000|3|36001|143760
1200000|4|8034|6|3|1|1|960000|3|36001|903460
1200000|4|8034|6|3|2|2|840000|3|36001|884506
1200000|4|8034|6|3|0|0|120000|4|48005|145164
1200000|4|8034|6|3|1|1|960000|4|48005|905687
1200000|4|8034|6|3|2|2|840000|4|48005|885327
1200000|4|8034|6|4|0|0|120000|0|0|123657
1200000|4|8034|6|4|1|1|960000|0|0|907049
1200000|4|8034|6|4|2|2|840000|0|0|861030
1200000|4|8034|6|4|0|0|120000|1|11995|135999
1200000|4|8034|6|4|1|1|960000|1|11995|899441
1200000|4|8034|6|4|2|2|840000|1|11995|873980
1200000|4|8034|6|4|0|0|120000|2|23994|140679
1200000|4|8034|6|4|1|1|960000|2|23994|897962
1200000|4|8034|6|4|2|2|840000|2|23994|879671
1200000|4|8034|6|4|0|0|120000|3|35995|142863
1200000|4|8034|6|4|1|1|960000|3|35995|900031
1200000|4|8034|6|4|2|2|840000|3|35995|881229
1200000|4|8034|6|4|0|0|120000|4|47996|144033
1200000|4|8034|6|4|1|1|960000|4|47996|902371
1200000|4|8034|6|4|2|2|840000|4|47996|882363
1200000|4|8034|6|5|0|0|120000|0|0|109734
1200000|4|8034|6|5|1|1|960000|0|0|908024
1200000|4|8034|6|5|2|2|840000|0|0|873277
1200000|4|8034|6|5|0|0|120000|1|11994|121179
1200000|4|8034|6|5|1|1|960000|1|11994|902796
1200000|4|8034|6|5|2|2|840000|1|11994|887586
1200000|4|8034|6|5|0|0|120000|2|23993|127146
1200000|4|8034|6|5|1|1|960000|2|23993|902367
1200000|4|8034|6|5|2|2|840000|2|23993|895934
1200000|4|8034|6|5|0|0|120000|3|35996|131163
1200000|4|8034|6|5|1|1|960000|3|35996|904633
1200000|4|8034|6|5|2|2|840000|3|35996|899599
1200000|4|8034|6|5|0|0|120000|4|47999|133425
1200000|4|8034|6|5|1|1|960000|4|47999|907714
1200000|4|8034|6|5|2|2|840000|4|47999|901546
1200000|4|8035|6|1|0|0|120000|0|0|150801
1200000|4|8035|6|1|1|1|960000|0|0|911651
1200000|4|8035|6|1|2|2|840000|0|0|839191
1200000|4|8035|6|1|0|0|120000|1|11995|166029
1200000|4|8035|6|1|1|1|960000|1|11995|907556
1200000|4|8035|6|1|2|2|840000|1|11995|853464
1200000|4|8035|6|1|0|0|120000|2|23994|173439
1200000|4|8035|6|1|1|1|960000|2|23994|907828
1200000|4|8035|6|1|2|2|840000|2|23994|861147
1200000|4|8035|6|1|0|0|120000|3|35997|176988
1200000|4|8035|6|1|1|1|960000|3|35997|910832
1200000|4|8035|6|1|2|2|840000|3|35997|864537
1200000|4|8035|6|1|0|0|120000|4|48001|178548
1200000|4|8035|6|1|1|1|960000|4|48001|914378
1200000|4|8035|6|1|2|2|840000|4|48001|866137
1200000|4|8035|6|2|0|0|120000|0|0|119445
1200000|4|8035|6|2|1|1|960000|0|0|911729
1200000|4|8035|6|2|2|2|840000|0|0|866606
1200000|4|8035|6|2|0|0|120000|1|11995|131592
1200000|4|8035|6|2|1|1|960000|1|11995|909389
1200000|4|8035|6|2|2|2|840000|1|11995|881505
1200000|4|8035|6|2|0|0|120000|2|23996|137793
1200000|4|8035|6|2|1|1|960000|2|23996|912041
1200000|4|8035|6|2|2|2|840000|2|23996|887823
1200000|4|8035|6|2|0|0|120000|3|35998|140328
1200000|4|8035|6|2|1|1|960000|3|35998|915901
1200000|4|8035|6|2|2|2|840000|3|35998|890709
1200000|4|8035|6|2|0|0|120000|4|48002|141147
1200000|4|8035|6|2|1|1|960000|4|48002|919687
1200000|4|8035|6|2|2|2|840000|4|48002|892462
1200000|4|8035|6|3|0|0|120000|0|0|120381
1200000|4|8035|6|3|1|1|960000|0|0|913753
1200000|4|8035|6|3|2|2|840000|0|0|865553
1200000|4|8035|6|3|0|0|120000|1|11995|132918
1200000|4|8035|6|3|1|1|960000|1|11995|910910
1200000|4|8035|6|3|2|2|840000|1|11995|880139
1200000|4|8035|6|3|0|0|120000|2|23995|139041
1200000|4|8035|6|3|1|1|960000|2|23995|913757
1200000|4|8035|6|3|2|2|840000|2|23995|886843
1200000|4|8035|6|3|0|0|120000|3|35999|140835
1200000|4|8035|6|3|1|1|960000|3|35999|917346
1200000|4|8035|6|3|2|2|840000|3|35999|890122
1200000|4|8035|6|3|0|0|120000|4|48003|141420
1200000|4|8035|6|3|1|1|960000|4|48003|921207
1200000|4|8035|6|3|2|2|840000|4|48003|891881
1200000|4|8035|6|4|0|0|120000|0|0|86295
1200000|4|8035|6|4|1|1|960000|0|0|918200
1200000|4|8035|6|4|2|2|840000|0|0|783650
1200000|4|8035|6|4|0|0|120000|1|11996|65058
1200000|4|8035|6|4|1|1|960000|1|11996|914966
1200000|4|8035|6|4|2|2|840000|1|11996|775270
1200000|4|8035|6|4|0|0|120000|2|23998|55737
1200000|4|8035|6|4|1|1|960000|2|23998|918515
1200000|4|8035|6|4|2|2|840000|2|23998|771991
1200000|4|8035|6|4|0|0|120000|3|36002|51330
1200000|4|8035|6|4|1|1|960000|3|36002|924132
1200000|4|8035|6|4|2|2|840000|3|36002|771445
1200000|4|8035|6|4|0|0|120000|4|48006|50238
1200000|4|8035|6|4|1|1|960000|4|48006|930759
1200000|4|8035|6|4|2|2|840000|4|48006|771329
1200000|4|8035|6|5|0|0|120000|0|0|69993
1200000|4|8035|6|5|1|1|960000|0|0|915005
1200000|4|8035|6|5|2|2|840000|0|0|801983
1200000|4|8035|6|5|0|0|120000|1|11995|51564
1200000|4|8035|6|5|1|1|960000|1|11995|912355
1200000|4|8035|6|5|2|2|840000|1|11995|794845
1200000|4|8035|6|5|0|0|120000|2|23997|44856
1200000|4|8035|6|5|1|1|960000|2|23997|915435
1200000|4|8035|6|5|2|2|840000|2|23997|792933
1200000|4|8035|6|5|0|0|120000|3|35999|43179
1200000|4|8035|6|5|1|1|960000|3|35999|921711
1200000|4|8035|6|5|2|2|840000|3|35999|793091
1200000|4|8035|6|5|0|0|120000|4|48003|44544
1200000|4|8035|6|5|1|1|960000|4|48003|928813
1200000|4|8035|6|5|2|2|840000|4|48003|794842
1200000|4|8036|6|1|0|0|120000|0|0|92418
1200000|4|8036|6|1|1|1|960000|0|0|915551
1200000|4|8036|6|1|2|2|840000|0|0|783419
1200000|4|8036|6|1|0|0|120000|1|11994|75783
1200000|4|8036|6|1|1|1|960000|1|11994|913211
1200000|4|8036|6|1|2|2|840000|1|11994|777453
1200000|4|8036|6|1|0|0|120000|2|23994|69933
1200000|4|8036|6|1|1|1|960000|2|23994|916722
1200000|4|8036|6|1|2|2|840000|2|23994|778852
1200000|4|8036|6|1|0|0|120000|3|35997|67944
1200000|4|8036|6|1|1|1|960000|3|35997|922453
1200000|4|8036|6|1|2|2|840000|3|35997|784080
1200000|4|8036|6|1|0|0|120000|4|48002|67398
1200000|4|8036|6|1|1|1|960000|4|48002|928966
1200000|4|8036|6|1|2|2|840000|4|48002|792581
1200000|4|8036|6|2|0|0|120000|0|0|58059
1200000|4|8036|6|2|1|1|960000|0|0|916408
1200000|4|8036|6|2|2|2|840000|0|0|815088
1200000|4|8036|6|2|0|0|120000|1|11996|35613
1200000|4|8036|6|2|1|1|960000|1|11996|914225
1200000|4|8036|6|2|2|2|840000|1|11996|810448
1200000|4|8036|6|2|0|0|120000|2|23998|25824
1200000|4|8036|6|2|1|1|960000|2|23998|916990
1200000|4|8036|6|2|2|2|840000|2|23998|813489
1200000|4|8036|6|2|0|0|120000|3|36001|21729
1200000|4|8036|6|2|1|1|960000|3|36001|921907
1200000|4|8036|6|2|2|2|840000|3|36001|818555
1200000|4|8036|6|2|0|0|120000|4|48006|21066
1200000|4|8036|6|2|1|1|960000|4|48006|928032
1200000|4|8036|6|2|2|2|840000|4|48006|825422
1200000|4|8036|6|3|0|0|120000|0|0|92652
1200000|4|8036|6|3|1|1|960000|0|0|910521
1200000|4|8036|6|3|2|2|840000|0|0|781701
1200000|4|8036|6|3|0|0|120000|1|11995|75393
1200000|4|8036|6|3|1|1|960000|1|11995|906617
1200000|4|8036|6|3|2|2|840000|1|11995|776751
1200000|4|8036|6|3|0|0|120000|2|23997|68919
1200000|4|8036|6|3|1|1|960000|2|23997|907088
1200000|4|8036|6|3|2|2|840000|2|23997|779168
1200000|4|8036|6|3|0|0|120000|3|36000|67398
1200000|4|8036|6|3|1|1|960000|3|36000|910364
1200000|4|8036|6|3|2|2|840000|3|36000|784195
1200000|4|8036|6|3|0|0|120000|4|48003|67554
1200000|4|8036|6|3|1|1|960000|4|48003|913952
1200000|4|8036|6|3|2|2|840000|4|48003|790829
1200000|4|8036|6|4|0|0|120000|0|0|91365
1200000|4|8036|6|4|1|1|960000|0|0|921440
1200000|4|8036|6|4|2|2|840000|0|0|863018
1200000|4|8036|6|4|0|0|120000|1|11986|97935
1200000|4|8036|6|4|1|1|960000|1|11986|929588
1200000|4|8036|6|4|2|2|840000|1|11986|877098
1200000|4|8036|6|4|0|0|120000|2|23983|102186
1200000|4|8036|6|4|1|1|960000|2|23983|937548
1200000|4|8036|6|4|2|2|840000|2|23983|887821
1200000|4|8036|6|4|0|0|120000|3|35984|105345
1200000|4|8036|6|4|1|1|960000|3|35984|943474
1200000|4|8036|6|4|2|2|840000|3|35984|896478
1200000|4|8036|6|4|0|0|120000|4|47985|108114
1200000|4|8036|6|4|1|1|960000|4|47985|948428
1200000|4|8036|6|4|2|2|840000|4|47985|902993
1200000|4|8036|6|5|0|0|120000|0|0|124554
1200000|4|8036|6|5|1|1|960000|0|0|918284
1200000|4|8036|6|5|2|2|840000|0|0|756511
1200000|4|8036|6|5|0|0|120000|1|11995|111624
1200000|4|8036|6|5|1|1|960000|1|11995|917420
1200000|4|8036|6|5|2|2|840000|1|11995|749683
1200000|4|8036|6|5|0|0|120000|2|23994|109167
1200000|4|8036|6|5|1|1|960000|2|23994|922060
1200000|4|8036|6|5|2|2|840000|2|23994|747190
1200000|4|8036|6|5|0|0|120000|3|35995|111039
1200000|4|8036|6|5|1|1|960000|3|35995|927992
1200000|4|8036|6|5|2|2|840000|3|35995|748513
1200000|4|8036|6|5|0|0|120000|4|48000|114354
1200000|4|8036|6|5|1|1|960000|4|48000|934819
1200000|4|8036|6|5|2|2|840000|4|48000|749173
1200000|4|8037|6|1|0|0|120000|0|0|101700
1200000|4|8037|6|1|1|1|960000|0|0|915121
1200000|4|8037|6|1|2|2|840000|0|0|778857
1200000|4|8037|6|1|0|0|120000|1|11993|90096
1200000|4|8037|6|1|1|1|960000|1|11993|912077
1200000|4|8037|6|1|2|2|840000|1|11993|773786
1200000|4|8037|6|1|0|0|120000|2|23994|87678
1200000|4|8037|6|1|1|1|960000|2|23994|915163
1200000|4|8037|6|1|2|2|840000|2|23994|773593
1200000|4|8037|6|1|0|0|120000|3|35999|89628
1200000|4|8037|6|1|1|1|960000|3|35999|921788
1200000|4|8037|6|1|2|2|840000|3|35999|772424
1200000|4|8037|6|1|0|0|120000|4|47999|93684
1200000|4|8037|6|1|1|1|960000|4|47999|928889
1200000|4|8037|6|1|2|2|840000|4|47999|771448
1200000|4|8037|6|2|0|0|120000|0|0|189606
1200000|4|8037|6|2|1|1|960000|0|0|914223
1200000|4|8037|6|2|2|2|840000|0|0|845624
1200000|4|8037|6|2|0|0|120000|1|11989|217236
1200000|4|8037|6|2|1|1|960000|1|11989|919486
1200000|4|8037|6|2|2|2|840000|1|11989|867425
1200000|4|8037|6|2|0|0|120000|2|23985|233811
1200000|4|8037|6|2|1|1|960000|2|23985|925183
1200000|4|8037|6|2|2|2|840000|2|23985|880411
1200000|4|8037|6|2|0|0|120000|3|35987|244653
1200000|4|8037|6|2|1|1|960000|3|35987|932010
1200000|4|8037|6|2|2|2|840000|3|35987|886925
1200000|4|8037|6|2|0|0|120000|4|47990|252258
1200000|4|8037|6|2|1|1|960000|4|47990|940550
1200000|4|8037|6|2|2|2|840000|4|47990|889462
1200000|4|8037|6|3|0|0|120000|0|0|118236
1200000|4|8037|6|3|1|1|960000|0|0|919566
1200000|4|8037|6|3|2|2|840000|0|0|870546
1200000|4|8037|6|3|0|0|120000|1|11989|134283
1200000|4|8037|6|3|1|1|960000|1|11989|919375
1200000|4|8037|6|3|2|2|840000|1|11989|884705
1200000|4|8037|6|3|0|0|120000|2|23987|144657
1200000|4|8037|6|3|1|1|960000|2|23987|923820
1200000|4|8037|6|3|2|2|840000|2|23987|890826
1200000|4|8037|6|3|0|0|120000|3|35987|152145
1200000|4|8037|6|3|1|1|960000|3|35987|930330
1200000|4|8037|6|3|2|2|840000|3|35987|892970
1200000|4|8037|6|3|0|0|120000|4|47987|157176
1200000|4|8037|6|3|1|1|960000|4|47987|937621
1200000|4|8037|6|3|2|2|840000|4|47987|893595
1200000|4|8037|6|4|0|0|120000|0|0|114180
1200000|4|8037|6|4|1|1|960000|0|0|915512
1200000|4|8037|6|4|2|2|840000|0|0|873821
1200000|4|8037|6|4|0|0|120000|1|11995|129525
1200000|4|8037|6|4|1|1|960000|1|11995|913678
1200000|4|8037|6|4|2|2|840000|1|11995|888329
1200000|4|8037|6|4|0|0|120000|2|23995|139392
1200000|4|8037|6|4|1|1|960000|2|23995|916718
1200000|4|8037|6|4|2|2|840000|2|23995|895736
1200000|4|8037|6|4|0|0|120000|3|35998|145671
1200000|4|8037|6|4|1|1|960000|3|35998|921638
1200000|4|8037|6|4|2|2|840000|3|35998|900107
1200000|4|8037|6|4|0|0|120000|4|48002|150234
1200000|4|8037|6|4|1|1|960000|4|48002|926705
1200000|4|8037|6|4|2|2|840000|4|48002|903811
1200000|4|8037|6|5|0|0|120000|0|0|154194
1200000|4|8037|6|5|1|1|960000|0|0|911690
1200000|4|8037|6|5|2|2|840000|0|0|836886
1200000|4|8037|6|5|0|0|120000|1|11995|172308
1200000|4|8037|6|5|1|1|960000|1|11995|907556
1200000|4|8037|6|5|2|2|840000|1|11995|850770
1200000|4|8037|6|5|0|0|120000|2|23995|182214
1200000|4|8037|6|5|1|1|960000|2|23995|908924
1200000|4|8037|6|5|2|2|840000|2|23995|857203
1200000|4|8037|6|5|0|0|120000|3|35996|188571
1200000|4|8037|6|5|1|1|960000|3|35996|912313
1200000|4|8037|6|5|2|2|840000|3|35996|860872
1200000|4|8037|6|5|0|0|120000|4|47999|192588
1200000|4|8037|6|5|1|1|960000|4|47999|916526
1200000|4|8037|6|5|2|2|840000|4|47999|862395
1200000|4|8038|6|1|0|0|120000|0|0|129117
1200000|4|8038|6|1|1|1|960000|0|0|910361
1200000|4|8038|6|1|2|2|840000|0|0|861495
1200000|4|8038|6|1|0|0|120000|1|11996|145827
1200000|4|8038|6|1|1|1|960000|1|11996|905177
1200000|4|8038|6|1|2|2|840000|1|11996|874797
1200000|4|8038|6|1|0|0|120000|2|23995|154602
1200000|4|8038|6|1|1|1|960000|2|23995|904669
1200000|4|8038|6|1|2|2|840000|2|23995|880917
1200000|4|8038|6|1|0|0|120000|3|35996|159438
1200000|4|8038|6|1|1|1|960000|3|35996|906383
1200000|4|8038|6|1|2|2|840000|3|35996|883806
1200000|4|8038|6|1|0|0|120000|4|47999|162987
1200000|4|8038|6|1|1|1|960000|4|47999|909390
1200000|4|8038|6|1|2|2|840000|4|47999|884039
1200000|4|8038|6|2|0|0|120000|0|0|115701
1200000|4|8038|6|2|1|1|960000|0|0|911106
1200000|4|8038|6|2|2|2|840000|0|0|871636
1200000|4|8038|6|2|0|0|120000|1|11997|128433
1200000|4|8038|6|2|1|1|960000|1|11997|905450
1200000|4|8038|6|2|2|2|840000|1|11997|885755
1200000|4|8038|6|2|0|0|120000|2|23997|135414
1200000|4|8038|6|2|1|1|960000|2|23997|904942
1200000|4|8038|6|2|2|2|840000|2|23997|893439
1200000|4|8038|6|2|0|0|120000|3|36001|140250
1200000|4|8038|6|2|1|1|960000|3|36001|907710
1200000|4|8038|6|2|2|2|840000|3|36001|896561
1200000|4|8038|6|2|0|0|120000|4|48004|144072
1200000|4|8038|6|2|1|1|960000|4|48004|911301
1200000|4|8038|6|2|2|2|840000|4|48004|897179
1200000|4|8038|6|3|0|0|120000|0|0|127947
1200000|4|8038|6|3|1|1|960000|0|0|909816
1200000|4|8038|6|3|2|2|840000|0|0|860172
1200000|4|8038|6|3|0|0|120000|1|11994|142746
1200000|4|8038|6|3|1|1|960000|1|11994|904471
1200000|4|8038|6|3|2|2|840000|1|11994|873742
1200000|4|8038|6|3|0|0|120000|2|23993|150351
1200000|4|8038|6|3|1|1|960000|2|23993|905294
1200000|4|8038|6|3|2|2|840000|2|23993|880490
1200000|4|8038|6|3|0|0|120000|3|35994|155733
1200000|4|8038|6|3|1|1|960000|3|35994|908099
1200000|4|8038|6|3|2|2|840000|3|35994|882671
1200000|4|8038|6|3|0|0|120000|4|47995|160140
1200000|4|8038|6|3|1|1|960000|4|47995|912198
1200000|4|8038|6|3|2|2|840000|4|47995|883412
1200000|4|8038|6|4|0|0|120000|0|0|155910
1200000|4|8038|6|4|1|1|960000|0|0|911262
1200000|4|8038|6|4|2|2|840000|0|0|833729
1200000|4|8038|6|4|0|0|120000|1|11993|172854
1200000|4|8038|6|4|1|1|960000|1|11993|908376
1200000|4|8038|6|4|2|2|840000|1|11993|845624
1200000|4|8038|6|4|0|0|120000|2|23991|182487
1200000|4|8038|6|4|1|1|960000|2|23991|910052
1200000|4|8038|6|4|2|2|840000|2|23991|850731
1200000|4|8038|6|4|0|0|120000|3|35992|188454
1200000|4|8038|6|4|1|1|960000|3|35992|914185
1200000|4|8038|6|4|2|2|840000|3|35992|852956
1200000|4|8038|6|4|0|0|120000|4|47996|192666
1200000|4|8038|6|4|1|1|960000|4|47996|919686
1200000|4|8038|6|4|2|2|840000|4|47996|852724
1200000|4|8038|6|5|0|0|120000|0|0|151581
1200000|4|8038|6|5|1|1|960000|0|0|915746
1200000|4|8038|6|5|2|2|840000|0|0|833648
1200000|4|8038|6|5|0|0|120000|1|11990|166770
1200000|4|8038|6|5|1|1|960000|1|11990|913485
1200000|4|8038|6|5|2|2|840000|1|11990|844883
1200000|4|8038|6|5|0|0|120000|2|23986|174297
1200000|4|8038|6|5|1|1|960000|2|23986|914887
1200000|4|8038|6|5|2|2|840000|2|23986|848395
1200000|4|8038|6|5|0|0|120000|3|35985|178314
1200000|4|8038|6|5|1|1|960000|3|35985|918242
1200000|4|8038|6|5|2|2|840000|3|35985|848199
1200000|4|8038|6|5|0|0|120000|4|47986|180069
1200000|4|8038|6|5|1|1|960000|4|47986|922378
1200000|4|8038|6|5|2|2|840000|4|47986|846598
1200000|4|8039|6|1|0|0|120000|0|0|106029
1200000|4|8039|6|1|1|1|960000|0|0|914339
1200000|4|8039|6|1|2|2|840000|0|0|877564
1200000|4|8039|6|1|0|0|120000|1|11994|115641
1200000|4|8039|6|1|1|1|960000|1|11994|910909
1200000|4|8039|6|1|2|2|840000|1|11994|890393
1200000|4|8039|6|1|0|0|120000|2|23994|119892
1200000|4|8039|6|1|1|1|960000|2|23994|912393
1200000|4|8039|6|1|2|2|840000|2|23994|895816
1200000|4|8039|6|1|0|0|120000|3|35996|121023
1200000|4|8039|6|1|1|1|960000|3|35996|916447
1200000|4|8039|6|1|2|2|840000|3|35996|899366
1200000|4|8039|6|1|0|0|120000|4|48001|121530
1200000|4|8039|6|1|1|1|960000|4|48001|920152
1200000|4|8039|6|1|2|2|840000|4|48001|901742
1200000|4|8039|6|2|0|0|120000|0|0|121278
1200000|4|8039|6|2|1|1|960000|0|0|910285
1200000|4|8039|6|2|2|2|840000|0|0|864968
1200000|4|8039|6|2|0|0|120000|1|11995|134010
1200000|4|8039|6|2|1|1|960000|1|11995|905140
1200000|4|8039|6|2|2|2|840000|1|11995|876320
1200000|4|8039|6|2|0|0|120000|2|23994|138768
1200000|4|8039|6|2|1|1|960000|2|23994|904707
1200000|4|8039|6|2|2|2|840000|2|23994|881035
1200000|4|8039|6|2|0|0|120000|3|35995|139821
1200000|4|8039|6|2|1|1|960000|3|35995|906931
1200000|4|8039|6|2|2|2|840000|3|35995|882443
1200000|4|8039|6|2|0|0|120000|4|47996|139899
1200000|4|8039|6|2|1|1|960000|4|47996|910911
1200000|4|8039|6|2|2|2|840000|4|47996|882166
1200000|4|8039|6|3|0|0|120000|0|0|149319
1200000|4|8039|6|3|1|1|960000|0|0|908961
1200000|4|8039|6|3|2|2|840000|0|0|837471
1200000|4|8039|6|3|0|0|120000|1|11995|163923
1200000|4|8039|6|3|1|1|960000|1|11995|903071
1200000|4|8039|6|3|2|2|840000|1|11995|848898
1200000|4|8039|6|3|0|0|120000|2|23994|169461
1200000|4|8039|6|3|1|1|960000|2|23994|902681
1200000|4|8039|6|3|2|2|840000|2|23994|853580
1200000|4|8039|6|3|0|0|120000|3|35995|171723
1200000|4|8039|6|3|1|1|960000|3|35995|904202
1200000|4|8039|6|3|2|2|840000|3|35995|855023
1200000|4|8039|6|3|0|0|120000|4|47998|172620
1200000|4|8039|6|3|1|1|960000|4|47998|907240
1200000|4|8039|6|3|2|2|840000|4|47998|854595
1200000|4|8039|6|4|0|0|120000|0|0|123501
1200000|4|8039|6|4|1|1|960000|0|0|909702
1200000|4|8039|6|4|2|2|840000|0|0|861143
1200000|4|8039|6|4|0|0|120000|1|11994|135336
1200000|4|8039|6|4|1|1|960000|1|11994|903813
1200000|4|8039|6|4|2|2|840000|1|11994|873470
1200000|4|8039|6|4|0|0|120000|2|23991|139470
1200000|4|8039|6|4|1|1|960000|2|23991|902678
1200000|4|8039|6|4|2|2|840000|2|23991|878694
1200000|4|8039|6|4|0|0|120000|3|35992|141498
1200000|4|8039|6|4|1|1|960000|3|35992|904321
1200000|4|8039|6|4|2|2|840000|3|35992|880215
1200000|4|8039|6|4|0|0|120000|4|47992|142161
1200000|4|8039|6|4|1|1|960000|4|47992|906540
1200000|4|8039|6|4|2|2|840000|4|47992|878577
1200000|4|8039|6|5|0|0|120000|0|0|122175
1200000|4|8039|6|5|1|1|960000|0|0|908451
1200000|4|8039|6|5|2|2|840000|0|0|862508
1200000|4|8039|6|5|0|0|120000|1|11993|134751
1200000|4|8039|6|5|1|1|960000|1|11993|903263
1200000|4|8039|6|5|2|2|840000|1|11993|875614
1200000|4|8039|6|5|0|0|120000|2|23991|141615
1200000|4|8039|6|5|1|1|960000|2|23991|902799
1200000|4|8039|6|5|2|2|840000|2|23991|881505
1200000|4|8039|6|5|0|0|120000|3|35991|146256
1200000|4|8039|6|5|1|1|960000|3|35991|904749
1200000|4|8039|6|5|2|2|840000|3|35991|882982
1200000|4|8039|6|5|0|0|120000|4|47992|148401
1200000|4|8039|6|5|1|1|960000|4|47992|907633
1200000|4|8039|6|5|2|2|840000|4|47992|882436
1200000|4|8040|6|1|0|0|120000|0|0|122838
1200000|4|8040|6|1|1|1|960000|0|0|910558
1200000|4|8040|6|1|2|2|840000|0|0|861847
1200000|4|8040|6|1|0|0|120000|1|11992|135492
1200000|4|8040|6|1|1|1|960000|1|11992|906544
1200000|4|8040|6|1|2|2|840000|1|11992|873936
1200000|4|8040|6|1|0|0|120000|2|23988|141927
1200000|4|8040|6|1|1|1|960000|2|23988|906660
1200000|4|8040|6|1|2|2|840000|2|23988|880411
1200000|4|8040|6|1|0|0|120000|3|35989|145359
1200000|4|8040|6|1|1|1|960000|3|35989|909506
1200000|4|8040|6|1|2|2|840000|3|35989|882787
1200000|4|8040|6|1|0|0|120000|4|47992|146412
1200000|4|8040|6|1|1|1|960000|4|47992|913367
1200000|4|8040|6|1|2|2|840000|4|47992|884742
1200000|4|8040|6|2|0|0|120000|0|0|148305
1200000|4|8040|6|2|1|1|960000|0|0|916056
1200000|4|8040|6|2|2|2|840000|0|0|836890
1200000|4|8040|6|2|0|0|120000|1|11990|162207
1200000|4|8040|6|2|1|1|960000|1|11990|914148
1200000|4|8040|6|2|2|2|840000|1|11990|849486
1200000|4|8040|6|2|0|0|120000|2|23987|168525
1200000|4|8040|6|2|1|1|960000|2|23987|915787
1200000|4|8040|6|2|2|2|840000|2|23987|854904
1200000|4|8040|6|2|0|0|120000|3|35988|170982
1200000|4|8040|6|2|1|1|960000|3|35988|919061
1200000|4|8040|6|2|2|2|840000|3|35988|855723
1200000|4|8040|6|2|0|0|120000|4|47988|171177
1200000|4|8040|6|2|1|1|960000|4|47988|923975
1200000|4|8040|6|2|2|2|840000|4|47988|854864
1200000|4|8040|6|3|0|0|120000|0|0|105873
1200000|4|8040|6|3|1|1|960000|0|0|911105
1200000|4|8040|6|3|2|2|840000|0|0|877095
1200000|4|8040|6|3|0|0|120000|1|11993|116226
1200000|4|8040|6|3|1|1|960000|1|11993|906503
1200000|4|8040|6|3|2|2|840000|1|11993|890587
1200000|4|8040|6|3|0|0|120000|2|23992|120906
1200000|4|8040|6|3|1|1|960000|2|23992|907166
1200000|4|8040|6|3|2|2|840000|2|23992|896710
1200000|4|8040|6|3|0|0|120000|3|35994|123402
1200000|4|8040|6|3|1|1|960000|3|35994|910285
1200000|4|8040|6|3|2|2|840000|3|35994|899948
1200000|4|8040|6|3|0|0|120000|4|47996|124650
1200000|4|8040|6|3|1|1|960000|4|47996|913794
1200000|4|8040|6|3|2|2|840000|4|47996|901550
1200000|4|8040|6|4|0|0|120000|0|0|149163
1200000|4|8040|6|4|1|1|960000|0|0|911105
1200000|4|8040|6|4|2|2|840000|0|0|839850
1200000|4|8040|6|4|0|0|120000|1|11995|165171
1200000|4|8040|6|4|1|1|960000|1|11995|906115
1200000|4|8040|6|4|2|2|840000|1|11995|854478
1200000|4|8040|6|4|0|0|120000|2|23996|173127
1200000|4|8040|6|4|1|1|960000|2|23996|906894
1200000|4|8040|6|4|2|2|840000|2|23996|861066
1200000|4|8040|6|4|0|0|120000|3|35999|176637
1200000|4|8040|6|4|1|1|960000|3|35999|910091
1200000|4|8040|6|4|2|2|840000|3|35999|864108
1200000|4|8040|6|4|0|0|120000|4|48003|178899
1200000|4|8040|6|4|1|1|960000|4|48003|912936
1200000|4|8040|6|4|2|2|840000|4|48003|865709
1200000|4|8040|6|5|0|0|120000|0|0|150255
1200000|4|8040|6|5|1|1|960000|0|0|909348
1200000|4|8040|6|5|2|2|840000|0|0|841374
1200000|4|8040|6|5|0|0|120000|1|11998|165990
1200000|4|8040|6|5|1|1|960000|1|11998|903070
1200000|4|8040|6|5|2|2|840000|1|11998|856312
1200000|4|8040|6|5|0|0|120000|2|24000|172815
1200000|4|8040|6|5|1|1|960000|2|24000|902019
1200000|4|8040|6|5|2|2|840000|2|24000|863877
1200000|4|8040|6|5|0|0|120000|3|36004|175311
1200000|4|8040|6|5|1|1|960000|3|36004|902992
1200000|4|8040|6|5|2|2|840000|3|36004|868869
1200000|4|8040|6|5|0|0|120000|4|48010|176832
1200000|4|8040|6|5|1|1|960000|4|48010|904165
1200000|4|8040|6|5|2|2|840000|4|48010|871169
1200000|4|8041|6|1|0|0|120000|0|0|150528
1200000|4|8041|6|1|1|1|960000|0|0|905879
1200000|4|8041|6|1|2|2|840000|0|0|838017
1200000|4|8041|6|1|0|0|120000|1|11997|165951
1200000|4|8041|6|1|1|1|960000|1|11997|898043
1200000|4|8041|6|1|2|2|840000|1|11997|851827
1200000|4|8041|6|1|0|0|120000|2|23998|171840
1200000|4|8041|6|1|1|1|960000|2|23998|895346
1200000|4|8041|6|1|2|2|840000|2|23998|858530
1200000|4|8041|6|1|0|0|120000|3|36001|174804
1200000|4|8041|6|1|1|1|960000|3|36001|894961
1200000|4|8041|6|1|2|2|840000|3|36001|862004
1200000|4|8041|6|1|0|0|120000|4|48005|176364
1200000|4|8041|6|1|1|1|960000|4|48005|896129
1200000|4|8041|6|1|2|2|840000|4|48005|863916
1200000|4|8041|6|2|0|0|120000|0|0|151425
1200000|4|8041|6|2|1|1|960000|0|0|905371
1200000|4|8041|6|2|2|2|840000|0|0|836849
1200000|4|8041|6|2|0|0|120000|1|11997|167043
1200000|4|8041|6|2|1|1|960000|1|11997|897921
1200000|4|8041|6|2|2|2|840000|1|11997|850382
1200000|4|8041|6|2|0|0|120000|2|23998|174024
1200000|4|8041|6|2|1|1|960000|2|23998|895699
1200000|4|8041|6|2|2|2|840000|2|23998|857166
1200000|4|8041|6|2|0|0|120000|3|36001|176286
1200000|4|8041|6|2|1|1|960000|3|36001|895309
1200000|4|8041|6|2|2|2|840000|3|36001|860873
1200000|4|8041|6|2|0|0|120000|4|48005|177846
1200000|4|8041|6|2|1|1|960000|4|48005|896636
1200000|4|8041|6|2|2|2|840000|4|48005|862316
1200000|4|8041|6|3|0|0|120000|0|0|124827
1200000|4|8041|6|3|1|1|960000|0|0|906658
1200000|4|8041|6|3|2|2|840000|0|0|861497
1200000|4|8041|6|3|0|0|120000|1|11995|136935
1200000|4|8041|6|3|1|1|960000|1|11995|898937
1200000|4|8041|6|3|2|2|840000|1|11995|875534
1200000|4|8041|6|3|0|0|120000|2|23994|142434
1200000|4|8041|6|3|1|1|960000|2|23994|897418
1200000|4|8041|6|3|2|2|840000|2|23994|882754
1200000|4|8041|6|3|0|0|120000|3|35996|144852
1200000|4|8041|6|3|1|1|960000|3|35996|899129
1200000|4|8041|6|3|2|2|840000|3|35996|885639
1200000|4|8041|6|3|0|0|120000|4|47997|146061
1200000|4|8041|6|3|1|1|960000|4|47997|900692
1200000|4|8041|6|3|2|2|840000|4|47997|885869
1200000|4|8041|6|4|0|0|120000|0|0|122877
1200000|4|8041|6|4|1|1|960000|0|0|909466
1200000|4|8041|6|4|2|2|840000|0|0|863487
1200000|4|8041|6|4|0|0|120000|1|11993|135297
1200000|4|8041|6|4|1|1|960000|1|11993|904397
1200000|4|8041|6|4|2|2|840000|1|11993|877682
1200000|4|8041|6|4|0|0|120000|2|23991|142122
1200000|4|8041|6|4|1|1|960000|2|23991|904475
1200000|4|8041|6|4|2|2|840000|2|23991|884195
1200000|4|8041|6|4|0|0|120000|3|35991|146295
1200000|4|8041|6|4|1|1|960000|3|35991|906856
1200000|4|8041|6|4|2|2|840000|3|35991|886770
1200000|4|8041|6|4|0|0|120000|4|47993|148479
1200000|4|8041|6|4|1|1|960000|4|47993|910483
1200000|4|8041|6|4|2|2|840000|4|47993|889106
1200000|4|8041|6|5|0|0|120000|0|0|112464
1200000|4|8041|6|5|1|1|960000|0|0|915203
1200000|4|8041|6|5|2|2|840000|0|0|871168
1200000|4|8041|6|5|0|0|120000|1|11990|124923
1200000|4|8041|6|5|1|1|960000|1|11990|914184
1200000|4|8041|6|5|2|2|840000|1|11990|884701
1200000|4|8041|6|5|0|0|120000|2|23988|132177
1200000|4|8041|6|5|1|1|960000|2|23988|916332
1200000|4|8041|6|5|2|2|840000|2|23988|889811
1200000|4|8041|6|5|0|0|120000|3|35986|136116
1200000|4|8041|6|5|1|1|960000|3|35986|919994
1200000|4|8041|6|5|2|2|840000|3|35986|891098
1200000|4|8041|6|5|0|0|120000|4|47986|138768
1200000|4|8041|6|5|1|1|960000|4|47986|924559
1200000|4|8041|6|5|2|2|840000|4|47986|891097
1200000|4|8042|6|1|0|0|120000|0|0|152634
1200000|4|8042|6|1|1|1|960000|0|0|913171
1200000|4|8042|6|1|2|2|840000|0|0|838761
1200000|4|8042|6|1|0|0|120000|1|11994|169383
1200000|4|8042|6|1|1|1|960000|1|11994|908258
1200000|4|8042|6|1|2|2|840000|1|11994|852213
1200000|4|8042|6|1|0|0|120000|2|23993|177924
1200000|4|8042|6|1|1|1|960000|2|23993|909001
1200000|4|8042|6|1|2|2|840000|2|23993|858028
1200000|4|8042|6|1|0|0|120000|3|35994|181746
1200000|4|8042|6|1|1|1|960000|3|35994|911298
1200000|4|8042|6|1|2|2|840000|3|35994|861223
1200000|4|8042|6|1|0|0|120000|4|47997|183852
1200000|4|8042|6|1|1|1|960000|4|47997|914183
1200000|4|8042|6|1|2|2|840000|4|47997|862782
1200000|4|8042|6|2|0|0|120000|0|0|151269
1200000|4|8042|6|2|1|1|960000|0|0|907987
1200000|4|8042|6|2|2|2|840000|0|0|835913
1200000|4|8042|6|2|0|0|120000|1|11995|168174
1200000|4|8042|6|2|1|1|960000|1|11995|901200
1200000|4|8042|6|2|2|2|840000|1|11995|848238
1200000|4|8042|6|2|0|0|120000|2|23993|176091
1200000|4|8042|6|2|1|1|960000|2|23993|899169
1200000|4|8042|6|2|2|2|840000|2|23993|853933
1200000|4|8042|6|2|0|0|120000|3|35994|179523
1200000|4|8042|6|2|1|1|960000|3|35994|899054
1200000|4|8042|6|2|2|2|840000|3|35994|856035
1200000|4|8042|6|2|0|0|120000|4|47995|181473
1200000|4|8042|6|2|1|1|960000|4|47995|901083
1200000|4|8042|6|2|2|2|840000|4|47995|856506
1200000|4|8042|6|3|0|0|120000|0|0|124593
1200000|4|8042|6|3|1|1|960000|0|0|907089
1200000|4|8042|6|3|2|2|840000|0|0|859158
1200000|4|8042|6|3|0|0|120000|1|11994|136818
1200000|4|8042|6|3|1|1|960000|1|11994|900303
1200000|4|8042|6|3|2|2|840000|1|11994|871830
1200000|4|8042|6|3|0|0|120000|2|23991|142278
1200000|4|8042|6|3|1|1|960000|2|23991|898703
1200000|4|8042|6|3|2|2|840000|2|23991|877373
1200000|4|8042|6|3|0|0|120000|3|35990|144891
1200000|4|8042|6|3|1|1|960000|3|35990|900185
1200000|4|8042|6|3|2|2|840000|3|35990|878813
1200000|4|8042|6|3|0|0|120000|4|47990|146919
1200000|4|8042|6|3|1|1|960000|4|47990|902014
1200000|4|8042|6|3|2|2|840000|4|47990|879397
1200000|4|8042|6|4|0|0|120000|0|0|111879
1200000|4|8042|6|4|1|1|960000|0|0|907363
1200000|4|8042|6|4|2|2|840000|0|0|870892
1200000|4|8042|6|4|0|0|120000|1|11993|123714
1200000|4|8042|6|4|1|1|960000|1|11993|902134
1200000|4|8042|6|4|2|2|840000|1|11993|884390
1200000|4|8042|6|4|0|0|120000|2|23990|130773
1200000|4|8042|6|4|1|1|960000|2|23990|900885
1200000|4|8042|6|4|2|2|840000|2|23990|891567
1200000|4|8042|6|4|0|0|120000|3|35991|135375
1200000|4|8042|6|4|1|1|960000|3|35991|902253
1200000|4|8042|6|4|2|2|840000|3|35991|893786
1200000|4|8042|6|4|0|0|120000|4|47992|138456
1200000|4|8042|6|4|1|1|960000|4|47992|905216
1200000|4|8042|6|4|2|2|840000|4|47992|895155
1200000|4|8042|6|5|0|0|120000|0|0|125607
1200000|4|8042|6|5|1|1|960000|0|0|912899
1200000|4|8042|6|5|2|2|840000|0|0|860016
1200000|4|8042|6|5|0|0|120000|1|11992|139938
1200000|4|8042|6|5|1|1|960000|1|11992|907752
1200000|4|8042|6|5|2|2|840000|1|11992|873785
1200000|4|8042|6|5|0|0|120000|2|23992|148518
1200000|4|8042|6|5|1|1|960000|2|23992|907749
1200000|4|8042|6|5|2|2|840000|2|23992|878853
1200000|4|8042|6|5|0|0|120000|3|35993|152535
1200000|4|8042|6|5|1|1|960000|3|35993|910287
1200000|4|8042|6|5|2|2|840000|3|35993|880294
1200000|4|8042|6|5|0|0|120000|4|47995|155109
1200000|4|8042|6|5|1|1|960000|4|47995|913405
1200000|4|8042|6|5|2|2|840000|4|47995|880726
1200000|4|8043|6|1|0|0|120000|0|0|123306
1200000|4|8043|6|1|1|1|960000|0|0|912115
1200000|4|8043|6|1|2|2|840000|0|0|863720
1200000|4|8043|6|1|0|0|120000|1|11995|137247
1200000|4|8043|6|1|1|1|960000|1|11995|907284
1200000|4|8043|6|1|2|2|840000|1|11995|877291
1200000|4|8043|6|1|0|0|120000|2|23997|144306
1200000|4|8043|6|1|1|1|960000|2|23997|907709
1200000|4|8043|6|1|2|2|840000|2|23997|883065
1200000|4|8043|6|1|0|0|120000|3|36000|148011
1200000|4|8043|6|1|1|1|960000|3|36000|910010
1200000|4|8043|6|1|2|2|840000|3|36000|885089
1200000|4|8043|6|1|0|0|120000|4|48002|150195
1200000|4|8043|6|1|1|1|960000|4|48002|913363
1200000|4|8043|6|1|2|2|840000|4|48002|885792
1200000|4|8043|6|2|0|0|120000|0|0|150949
1200000|4|8043|6|2|1|1|960000|0|0|907673
1200000|4|8043|6|2|2|2|840000|0|0|837279
1200000|4|8043|6|2|0|0|120000|1|11998|166955
1200000|4|8043|6|2|1|1|960000|1|11998|900146
1200000|4|8043|6|2|2|2|840000|1|11998|850306
1200000|4|8043|6|2|0|0|120000|2|23999|173819
1200000|4|8043|6|2|1|1|960000|2|23999|897688
1200000|4|8043|6|2|2|2|840000|2|23999|857014
1200000|4|8043|6|2|0|0|120000|3|36003|176901
1200000|4|8043|6|2|1|1|960000|3|36003|897261
1200000|4|8043|6|2|2|2|840000|3|36003|860250
1200000|4|8043|6|2|0|0|120000|4|48008|178420
1200000|4|8043|6|2|1|1|960000|4|48008|898273
1200000|4|8043|6|2|2|2|840000|4|48008|861615
1200000|4|8043|6|3|0|0|120000|0|0|123735
1200000|4|8043|6|3|1|1|960000|0|0|906346
1200000|4|8043|6|3|2|2|840000|0|0|861614
1200000|4|8043|6|3|0|0|120000|1|11996|136233
1200000|4|8043|6|3|1|1|960000|1|11996|898156
1200000|4|8043|6|3|2|2|840000|1|11996|875694
1200000|4|8043|6|3|0|0|120000|2|23996|141450
1200000|4|8043|6|3|1|1|960000|2|23996|895658
1200000|4|8043|6|3|2|2|840000|2|23996|882518
1200000|4|8043|6|3|0|0|120000|3|35999|144492
1200000|4|8043|6|3|1|1|960000|3|35999|896557
1200000|4|8043|6|3|2|2|840000|3|35999|885322
1200000|4|8043|6|3|0|0|120000|4|48001|146130
1200000|4|8043|6|3|1|1|960000|4|48001|899133
1200000|4|8043|6|3|2|2|840000|4|48001|885757
1200000|4|8043|6|4|0|0|120000|0|1|111684
1200000|4|8043|6|4|1|1|960000|0|1|908216
1200000|4|8043|6|4|2|2|840000|0|1|871287
1200000|4|8043|6|4|0|0|120000|1|11994|123168
1200000|4|8043|6|4|1|1|960000|1|11994|903031
1200000|4|8043|6|4|2|2|840000|1|11994|883768
1200000|4|8043|6|4|0|0|120000|2|23992|129869
1200000|4|8043|6|4|1|1|960000|2|23992|902483
1200000|4|8043|6|4|2|2|840000|2|23992|888716
1200000|4|8043|6|4|0|0|120000|3|35991|134741
1200000|4|8043|6|4|1|1|960000|3|35991|904472
1200000|4|8043|6|4|2|2|840000|3|35991|888951
1200000|4|8043|6|4|0|0|120000|4|47992|137160
1200000|4|8043|6|4|1|1|960000|4|47992|907947
1200000|4|8043|6|4|2|2|840000|4|47992|888329
1200000|4|8043|6|5|0|0|120000|0|0|148373
1200000|4|8043|6|5|1|1|960000|0|0|912355
1200000|4|8043|6|5|2|2|840000|0|0|835913
1200000|4|8043|6|5|0|0|120000|1|11992|162276
1200000|4|8043|6|5|1|1|960000|1|11992|908882
1200000|4|8043|6|5|2|2|840000|1|11992|848276
1200000|4|8043|6|5|0|0|120000|2|23990|168944
1200000|4|8043|6|5|1|1|960000|2|23990|910051
1200000|4|8043|6|5|2|2|840000|2|23990|854518
1200000|4|8043|6|5|0|0|120000|3|35992|172223
1200000|4|8043|6|5|1|1|960000|3|35992|913602
1200000|4|8043|6|5|2|2|840000|3|35992|856936
1200000|4|8043|6|5|0|0|120000|4|47997|173508
1200000|4|8043|6|5|1|1|960000|4|47997|918594
1200000|4|8043|6|5|2|2|840000|4|47997|858220
1200000|4|8044|6|1|0|0|120000|0|0|90624
1200000|4|8044|6|1|1|1|960000|0|0|922298
1200000|4|8044|6|1|2|2|840000|0|0|777111
1200000|4|8044|6|1|0|0|120000|1|11990|71532
1200000|4|8044|6|1|1|1|960000|1|11990|921714
1200000|4|8044|6|1|2|2|840000|1|11990|764631
1200000|4|8044|6|1|0|0|120000|2|23987|62601
1200000|4|8044|6|1|1|1|960000|2|23987|925457
1200000|4|8044|6|1|2|2|840000|2|23987|757376
1200000|4|8044|6|1|0|0|120000|3|35987|57921
1200000|4|8044|6|1|1|1|960000|3|35987|931930
1200000|4|8044|6|1|2|2|840000|3|35987|752502
1200000|4|8044|6|1|0|0|120000|4|47987|55776
1200000|4|8044|6|1|1|1|960000|4|47987|939380
1200000|4|8044|6|1|2|2|840000|4|47987|748446
1200000|4|8044|6|2|0|0|120000|0|0|56187
1200000|4|8044|6|2|1|1|960000|0|0|916214
1200000|4|8044|6|2|2|2|840000|0|0|809941
1200000|4|8044|6|2|0|0|120000|1|11991|34833
1200000|4|8044|6|2|1|1|960000|1|11991|914535
1200000|4|8044|6|2|2|2|840000|1|11991|800382
1200000|4|8044|6|2|0|0|120000|2|23989|25824
1200000|4|8044|6|2|1|1|960000|2|23989|915588
1200000|4|8044|6|2|2|2|840000|2|23989|796483
1200000|4|8044|6|2|0|0|120000|3|35989|22626
1200000|4|8044|6|2|1|1|960000|3|35989|918671
1200000|4|8044|6|2|2|2|840000|3|35989|794495
1200000|4|8044|6|2|0|0|120000|4|47990|21885
1200000|4|8044|6|2|1|1|960000|4|47990|923158
1200000|4|8044|6|2|2|2|840000|4|47990|793249
1200000|4|8044|6|3|0|0|120000|0|0|149076
1200000|4|8044|6|3|1|1|960000|0|0|919760
1200000|4|8044|6|3|2|2|840000|0|0|844880
1200000|4|8044|6|3|0|0|120000|1|11993|165473
1200000|4|8044|6|3|1|1|960000|1|11993|921520
1200000|4|8044|6|3|2|2|840000|1|11993|861693
1200000|4|8044|6|3|0|0|120000|2|23993|174210
1200000|4|8044|6|3|1|1|960000|2|23993|926706
1200000|4|8044|6|3|2|2|840000|2|23993|870664
1200000|4|8044|6|3|0|0|120000|3|35996|179280
1200000|4|8044|6|3|1|1|960000|3|35996|933959
1200000|4|8044|6|3|2|2|840000|3|35996|876162
1200000|4|8044|6|3|0|0|120000|4|47999|182558
1200000|4|8044|6|3|1|1|960000|4|47999|941406
1200000|4|8044|6|3|2|2|840000|4|47999|880062
1200000|4|8044|6|4|0|0|120000|0|0|70500
1200000|4|8044|6|4|1|1|960000|0|0|918825
1200000|4|8044|6|4|2|2|840000|0|0|802140
1200000|4|8044|6|4|0|0|120000|1|11996|49029
1200000|4|8044|6|4|1|1|960000|1|11996|915433
1200000|4|8044|6|4|2|2|840000|1|11996|795520
1200000|4|8044|6|4|0|0|120000|2|23997|39630
1200000|4|8044|6|4|1|1|960000|2|23997|916644
1200000|4|8044|6|4|2|2|840000|2|23997|793999
1200000|4|8044|6|4|0|0|120000|3|36001|36627
1200000|4|8044|6|4|1|1|960000|3|36001|920232
1200000|4|8044|6|4|2|2|840000|3|36001|796377
1200000|4|8044|6|4|0|0|120000|4|48007|36315
1200000|4|8044|6|4|1|1|960000|4|48007|924404
1200000|4|8044|6|4|2|2|840000|4|48007|800159
1200000|4|8044|6|5|0|0|120000|0|1|90897
1200000|4|8044|6|5|1|1|960000|0|1|918123
1200000|4|8044|6|5|2|2|840000|0|1|790175
1200000|4|8044|6|5|0|0|120000|1|11996|75159
1200000|4|8044|6|5|1|1|960000|1|11996|915356
1200000|4|8044|6|5|2|2|840000|1|11996|787797
1200000|4|8044|6|5|0|0|120000|2|23998|70674
1200000|4|8044|6|5|1|1|960000|2|23998|917539
1200000|4|8044|6|5|2|2|840000|2|23998|791033
1200000|4|8044|6|5|0|0|120000|3|36001|71142
1200000|4|8044|6|5|1|1|960000|3|36001|921518
1200000|4|8044|6|5|2|2|840000|3|36001|797894
1200000|4|8044|6|5|0|0|120000|4|48007|73638
1200000|4|8044|6|5|1|1|960000|4|48007|925808
1200000|4|8044|6|5|2|2|840000|4|48007|806039
1200000|4|8045|6|1|0|0|120000|0|0|152508
1200000|4|8045|6|1|1|1|960000|0|0|910637
1200000|4|8045|6|1|2|2|840000|0|0|892658
1200000|4|8045|6|1|0|0|120000|1|11994|178345
1200000|4|8045|6|1|1|1|960000|1|11994|914496
1200000|4|8045|6|1|2|2|840000|1|11994|918242
1200000|4|8045|6|1|0|0|120000|2|23995|192695
1200000|4|8045|6|1|1|1|960000|2|23995|920816
1200000|4|8045|6|1|2|2|840000|2|23995|932632
1200000|4|8045|6|1|0|0|120000|3|35997|201624
1200000|4|8045|6|1|1|1|960000|3|35997|926316
1200000|4|8045|6|1|2|2|840000|3|35997|941487
1200000|4|8045|6|1|0|0|120000|4|48001|208762
1200000|4|8045|6|1|1|1|960000|4|48001|930841
1200000|4|8045|6|1|2|2|840000|4|48001|945426
1200000|4|8045|6|2|0|0|120000|0|0|159139
1200000|4|8045|6|2|1|1|960000|0|0|913328
1200000|4|8045|6|2|2|2|840000|0|0|838332
1200000|4|8045|6|2|0|0|120000|1|11996|179397
1200000|4|8045|6|2|1|1|960000|1|11996|908570
1200000|4|8045|6|2|2|2|840000|1|11996|854278
1200000|4|8045|6|2|0|0|120000|2|23996|191098
1200000|4|8045|6|2|1|1|960000|2|23996|909231
1200000|4|8045|6|2|2|2|840000|2|23996|863601
1200000|4|8045|6|2|0|0|120000|3|35998|197960
1200000|4|8045|6|2|1|1|960000|3|35998|911223
1200000|4|8045|6|2|2|2|840000|3|35998|869061
1200000|4|8045|6|2|0|0|120000|4|48001|203343
1200000|4|8045|6|2|1|1|960000|4|48001|914186
1200000|4|8045|6|2|2|2|840000|4|48001|872613
1200000|4|8045|6|3|0|0|120000|0|0|158632
1200000|4|8045|6|3|1|1|960000|0|0|909544
1200000|4|8045|6|3|2|2|840000|0|0|835718
1200000|4|8045|6|3|0|0|120000|1|11998|176902
1200000|4|8045|6|3|1|1|960000|1|11998|903344
1200000|4|8045|6|3|2|2|840000|1|11998|852099
1200000|4|8045|6|3|0|0|120000|2|23998|187080
1200000|4|8045|6|3|1|1|960000|2|23998|903069
1200000|4|8045|6|3|2|2|840000|2|23998|861029
1200000|4|8045|6|3|0|0|120000|3|36001|193749
1200000|4|8045|6|3|1|1|960000|3|36001|904944
1200000|4|8045|6|3|2|2|840000|3|36001|866371
1200000|4|8045|6|3|0|0|120000|4|48004|199831
1200000|4|8045|6|3|1|1|960000|4|48004|907168
1200000|4|8045|6|3|2|2|840000|4|48004|869294
1200000|4|8045|6|4|0|0|120000|0|0|131371
1200000|4|8045|6|4|1|1|960000|0|0|909546
1200000|4|8045|6|4|2|2|840000|0|0|859741
1200000|4|8045|6|4|0|0|120000|1|11994|149015
1200000|4|8045|6|4|1|1|960000|1|11994|905134
1200000|4|8045|6|4|2|2|840000|1|11994|874520
1200000|4|8045|6|4|0|0|120000|2|23993|160561
1200000|4|8045|6|4|1|1|960000|2|23993|905836
1200000|4|8045|6|4|2|2|840000|2|23993|882126
1200000|4|8045|6|4|0|0|120000|3|35994|169569
1200000|4|8045|6|4|1|1|960000|3|35994|908763
1200000|4|8045|6|4|2|2|840000|3|35994|885129
1200000|4|8045|6|4|0|0|120000|4|47997|176432
1200000|4|8045|6|4|1|1|960000|4|47997|912236
1200000|4|8045|6|4|2|2|840000|4|47997|888056
1200000|4|8045|6|5|0|0|120000|0|0|118460
1200000|4|8045|6|5|1|1|960000|0|0|911028
1200000|4|8045|6|5|2|2|840000|0|0|868124
1200000|4|8045|6|5|0|0|120000|1|11993|133922
1200000|4|8045|6|5|1|1|960000|1|11993|907086
1200000|4|8045|6|5|2|2|840000|1|11993|880723
1200000|4|8045|6|5|0|0|120000|2|23990|144141
1200000|4|8045|6|5|1|1|960000|2|23990|907712
1200000|4|8045|6|5|2|2|840000|2|23990|887938
1200000|4|8045|6|5|0|0|120000|3|35993|151549
1200000|4|8045|6|5|1|1|960000|3|35993|910910
1200000|4|8045|6|5|2|2|840000|3|35993|890826
1200000|4|8045|6|5|0|0|120000|4|47996|157752
1200000|4|8045|6|5|1|1|960000|4|47996|914692
1200000|4|8045|6|5|2|2|840000|4|47996|892815
1200000|4|8046|6|1|0|0|120000|0|0|154185
1200000|4|8046|6|1|1|1|960000|0|0|913213
1200000|4|8046|6|1|2|2|840000|0|0|835208
1200000|4|8046|6|1|0|0|120000|1|11994|171402
1200000|4|8046|6|1|1|1|960000|1|11994|910870
1200000|4|8046|6|1|2|2|840000|1|11994|847927
1200000|4|8046|6|1|0|0|120000|2|23992|181425
1200000|4|8046|6|1|1|1|960000|2|23992|912665
1200000|4|8046|6|1|2|2|840000|2|23992|854204
1200000|4|8046|6|1|0|0|120000|3|35994|188832
1200000|4|8046|6|1|1|1|960000|3|35994|916994
1200000|4|8046|6|1|2|2|840000|3|35994|857168
1200000|4|8046|6|1|0|0|120000|4|47999|193865
1200000|4|8046|6|1|1|1|960000|4|47999|923504
1200000|4|8046|6|1|2|2|840000|4|47999|856155
1200000|4|8046|6|2|0|0|120000|0|0|127275
1200000|4|8046|6|2|1|1|960000|0|0|917150
1200000|4|8046|6|2|2|2|840000|0|0|859236
1200000|4|8046|6|2|0|0|120000|1|11990|143398
1200000|4|8046|6|2|1|1|960000|1|11990|917071
1200000|4|8046|6|2|2|2|840000|1|11990|871989
1200000|4|8046|6|2|0|0|120000|2|23988|153110
1200000|4|8046|6|2|1|1|960000|2|23988|920584
1200000|4|8046|6|2|2|2|840000|2|23988|875731
1200000|4|8046|6|2|0|0|120000|3|35986|158766
1200000|4|8046|6|2|1|1|960000|3|35986|925885
1200000|4|8046|6|2|2|2|840000|3|35986|875963
1200000|4|8046|6|2|0|0|120000|4|47986|163017
1200000|4|8046|6|2|1|1|960000|4|47986|931968
1200000|4|8046|6|2|2|2|840000|4|47986|874445
1200000|4|8046|6|3|0|0|120000|0|0|126847
1200000|4|8046|6|3|1|1|960000|0|0|913095
1200000|4|8046|6|3|2|2|840000|0|0|861923
1200000|4|8046|6|3|0|0|120000|1|11993|142269
1200000|4|8046|6|3|1|1|960000|1|11993|908882
1200000|4|8046|6|3|2|2|840000|1|11993|874094
1200000|4|8046|6|3|0|0|120000|2|23992|151434
1200000|4|8046|6|3|1|1|960000|2|23992|909818
1200000|4|8046|6|3|2|2|840000|2|23992|878108
1200000|4|8046|6|3|0|0|120000|3|35992|156737
1200000|4|8046|6|3|1|1|960000|3|35992|913718
1200000|4|8046|6|3|2|2|840000|3|35992|879942
1200000|4|8046|6|3|0|0|120000|4|47994|159972
1200000|4|8046|6|3|1|1|960000|4|47994|917772
1200000|4|8046|6|3|2|2|840000|4|47994|881073
1200000|4|8046|6|4|0|0|120000|0|0|113508
1200000|4|8046|6|4|1|1|960000|0|0|909157
1200000|4|8046|6|4|2|2|840000|0|0|872181
1200000|4|8046|6|4|0|0|120000|1|11996|126591
1200000|4|8046|6|4|1|1|960000|1|11996|902446
1200000|4|8046|6|4|2|2|840000|1|11996|884272
1200000|4|8046|6|4|0|0|120000|2|23995|133416
1200000|4|8046|6|4|1|1|960000|2|23995|901042
1200000|4|8046|6|4|2|2|840000|2|23995|890513
1200000|4|8046|6|4|0|0|120000|3|35997|137120
1200000|4|8046|6|4|1|1|960000|3|35997|901588
1200000|4|8046|6|4|2|2|840000|3|35997|893441
1200000|4|8046|6|4|0|0|120000|4|48000|139733
1200000|4|8046|6|4|1|1|960000|4|48000|903928
1200000|4|8046|6|4|2|2|840000|4|48000|894337
1200000|4|8046|6|5|0|0|120000|0|0|154066
1200000|4|8046|6|5|1|1|960000|0|0|908644
1200000|4|8046|6|5|2|2|840000|0|0|833690
1200000|4|8046|6|5|0|0|120000|1|11996|169804
1200000|4|8046|6|5|1|1|960000|1|11996|901900
1200000|4|8046|6|5|2|2|840000|1|11996|846599
1200000|4|8046|6|5|0|0|120000|2|23996|176824
1200000|4|8046|6|5|1|1|960000|2|23996|901121
1200000|4|8046|6|5|2|2|840000|2|23996|853190
1200000|4|8046|6|5|0|0|120000|3|35999|181229
1200000|4|8046|6|5|1|1|960000|3|35999|903500
1200000|4|8046|6|5|2|2|840000|3|35999|855571
1200000|4|8046|6|5|0|0|120000|4|48002|184622
1200000|4|8046|6|5|1|1|960000|4|48002|906544
1200000|4|8046|6|5|2|2|840000|4|48002|855764
1200000|4|8047|6|1|0|0|120000|0|0|151763
1200000|4|8047|6|1|1|1|960000|0|0|909817
1200000|4|8047|6|1|2|2|840000|0|0|836457
1200000|4|8047|6|1|0|0|120000|1|11994|167971
1200000|4|8047|6|1|1|1|960000|1|11994|905297
1200000|4|8047|6|1|2|2|840000|1|11994|848706
1200000|4|8047|6|1|0|0|120000|2|23992|176861
1200000|4|8047|6|1|1|1|960000|2|23992|905920
1200000|4|8047|6|1|2|2|840000|2|23992|854048
1200000|4|8047|6|1|0|0|120000|3|35993|182791
1200000|4|8047|6|1|1|1|960000|3|35993|908764
1200000|4|8047|6|1|2|2|840000|3|35993|854635
1200000|4|8047|6|1|0|0|120000|4|47995|186262
1200000|4|8047|6|1|1|1|960000|4|47995|912159
1200000|4|8047|6|1|2|2|840000|4|47995|855101
1200000|4|8047|6|2|0|0|120000|0|0|125481
1200000|4|8047|6|2|1|1|960000|0|0|910675
1200000|4|8047|6|2|2|2|840000|0|0|860251
1200000|4|8047|6|2|0|0|120000|1|11993|139226
1200000|4|8047|6|2|1|1|960000|1|11993|906971
1200000|4|8047|6|2|2|2|840000|1|11993|871481
1200000|4|8047|6|2|0|0|120000|2|23990|146950
1200000|4|8047|6|2|1|1|960000|2|23990|907985
1200000|4|8047|6|2|2|2|840000|2|23990|876355
1200000|4|8047|6|2|0|0|120000|3|35991|151902
1200000|4|8047|6|2|1|1|960000|3|35991|911806
1200000|4|8047|6|2|2|2|840000|3|35991|877877
1200000|4|8047|6|2|0|0|120000|4|47994|154320
1200000|4|8047|6|2|1|1|960000|4|47994|916175
1200000|4|8047|6|2|2|2|840000|4|47994|877255
1200000|4|8047|6|3|0|0|120000|0|0|110739
1200000|4|8047|6|3|1|1|960000|0|0|909899
1200000|4|8047|6|3|2|2|840000|0|0|869882
1200000|4|8047|6|3|0|0|120000|1|11992|122612
1200000|4|8047|6|3|1|1|960000|1|11992|905995
1200000|4|8047|6|3|2|2|840000|1|11992|880799
1200000|4|8047|6|3|0|0|120000|2|23988|129045
1200000|4|8047|6|3|1|1|960000|2|23988|906193
1200000|4|8047|6|3|2|2|840000|2|23988|886067
1200000|4|8047|6|3|0|0|120000|3|35989|132947
1200000|4|8047|6|3|1|1|960000|3|35989|909117
1200000|4|8047|6|3|2|2|840000|3|35989|888289
1200000|4|8047|6|3|0|0|120000|4|47993|134780
1200000|4|8047|6|3|1|1|960000|4|47993|912782
1200000|4|8047|6|3|2|2|840000|4|47993|887198
1200000|4|8047|6|4|0|0|120000|0|1|122126
1200000|4|8047|6|4|1|1|960000|0|1|910248
1200000|4|8047|6|4|2|2|840000|0|1|860484
1200000|4|8047|6|4|0|0|120000|1|11993|135130
1200000|4|8047|6|4|1|1|960000|1|11993|906777
1200000|4|8047|6|4|2|2|840000|1|11993|871363
1200000|4|8047|6|4|0|0|120000|2|23989|141996
1200000|4|8047|6|4|1|1|960000|2|23989|907085
1200000|4|8047|6|4|2|2|840000|2|23989|876744
1200000|4|8047|6|4|0|0|120000|3|35991|146753
1200000|4|8047|6|4|1|1|960000|3|35991|910088
1200000|4|8047|6|4|2|2|840000|3|35991|878695
1200000|4|8047|6|4|0|0|120000|4|47995|148508
1200000|4|8047|6|4|1|1|960000|4|47995|915356
1200000|4|8047|6|4|2|2|840000|4|47995|876588
1200000|4|8047|6|5|0|0|120000|0|0|146228
1200000|4|8047|6|5|1|1|960000|0|0|909389
1200000|4|8047|6|5|2|2|840000|0|0|836041
1200000|4|8047|6|5|0|0|120000|1|11993|159546
1200000|4|8047|6|5|1|1|960000|1|11993|905723
1200000|4|8047|6|5|2|2|840000|1|11993|847116
1200000|4|8047|6|5|0|0|120000|2|23990|165939
1200000|4|8047|6|5|1|1|960000|2|23990|905759
1200000|4|8047|6|5|2|2|840000|2|23990|852613
1200000|4|8047|6|5|0|0|120000|3|35992|169141
1200000|4|8047|6|5|1|1|960000|3|35992|908376
1200000|4|8047|6|5|2|2|840000|3|35992|854721
1200000|4|8047|6|5|0|0|120000|4|47997|170662
1200000|4|8047|6|5|1|1|960000|4|47997|912157
1200000|4|8047|6|5|2|2|840000|4|47997|854487
1200000|4|8048|6|1|0|0|120000|0|0|118577
1200000|4|8048|6|1|1|1|960000|0|0|909156
1200000|4|8048|6|1|2|2|840000|0|0|861857
1200000|4|8048|6|1|0|0|120000|1|11991|129552
1200000|4|8048|6|1|1|1|960000|1|11991|905297
1200000|4|8048|6|1|2|2|840000|1|11991|873158
1200000|4|8048|6|1|0|0|120000|2|23988|134195
1200000|4|8048|6|1|1|1|960000|2|23988|906658
1200000|4|8048|6|1|2|2|840000|2|23988|878696
1200000|4|8048|6|1|0|0|120000|3|35990|136926
1200000|4|8048|6|1|1|1|960000|3|35990|910755
1200000|4|8048|6|1|2|2|840000|3|35990|880412
1200000|4|8048|6|1|0|0|120000|4|47994|137355
1200000|4|8048|6|1|1|1|960000|4|47994|914071
1200000|4|8048|6|1|2|2|840000|4|47994|881073
1200000|4|8048|6|2|0|0|120000|0|0|105785
1200000|4|8048|6|2|1|1|960000|0|0|910716
1200000|4|8048|6|2|2|2|840000|0|0|872271
1200000|4|8048|6|2|0|0|120000|1|11992|116139
1200000|4|8048|6|2|1|1|960000|1|11992|907322
1200000|4|8048|6|2|2|2|840000|1|11992|883102
1200000|4|8048|6|2|0|0|120000|2|23988|121208
1200000|4|8048|6|2|1|1|960000|2|23988|908059
1200000|4|8048|6|2|2|2|840000|2|23988|888603
1200000|4|8048|6|2|0|0|120000|3|35990|124327
1200000|4|8048|6|2|1|1|960000|3|35990|911378
1200000|4|8048|6|2|2|2|840000|3|35990|890318
1200000|4|8048|6|2|0|0|120000|4|47994|125576
1200000|4|8048|6|2|1|1|960000|4|47994|914966
1200000|4|8048|6|2|2|2|840000|4|47994|889694
1200000|4|8048|6|3|0|0|120000|0|0|120173
1200000|4|8048|6|3|1|1|960000|0|0|910909
1200000|4|8048|6|3|2|2|840000|0|0|862092
1200000|4|8048|6|3|0|0|120000|1|11993|133024
1200000|4|8048|6|3|1|1|960000|1|11993|907829
1200000|4|8048|6|3|2|2|840000|1|11993|873323
1200000|4|8048|6|3|0|0|120000|2|23989|139265
1200000|4|8048|6|3|1|1|960000|2|23989|909039
1200000|4|8048|6|3|2|2|840000|2|23989|878704
1200000|4|8048|6|3|0|0|120000|3|35991|143165
1200000|4|8048|6|3|1|1|960000|3|35991|913015
1200000|4|8048|6|3|2|2|840000|3|35991|880422
1200000|4|8048|6|3|0|0|120000|4|47995|143907
1200000|4|8048|6|3|1|1|960000|4|47995|916682
1200000|4|8048|6|3|2|2|840000|4|47995|878901
1200000|4|8048|6|4|0|0|120000|0|0|145369
1200000|4|8048|6|4|1|1|960000|0|0|910402
1200000|4|8048|6|4|2|2|840000|0|0|837170
1200000|4|8048|6|4|0|0|120000|1|11993|159192
1200000|4|8048|6|4|1|1|960000|1|11993|907281
1200000|4|8048|6|4|2|2|840000|1|11993|848208
1200000|4|8048|6|4|0|0|120000|2|23989|165278
1200000|4|8048|6|4|1|1|960000|2|23989|907947
1200000|4|8048|6|4|2|2|840000|2|23989|853629
1200000|4|8048|6|4|0|0|120000|3|35991|168283
1200000|4|8048|6|4|1|1|960000|3|35991|911299
1200000|4|8048|6|4|2|2|840000|3|35991|855032
1200000|4|8048|6|4|0|0|120000|4|47996|169256
1200000|4|8048|6|4|1|1|960000|4|47996|914852
1200000|4|8048|6|4|2|2|840000|4|47996|855501
1200000|4|8048|6|5|0|0|120000|0|0|121071
1200000|4|8048|6|5|1|1|960000|0|0|914890
1200000|4|8048|6|5|2|2|840000|0|0|859634
1200000|4|8048|6|5|0|0|120000|1|11990|134351
1200000|4|8048|6|5|1|1|960000|1|11990|914455
1200000|4|8048|6|5|2|2|840000|1|11990|870594
1200000|4|8048|6|5|0|0|120000|2|23986|141685
1200000|4|8048|6|5|1|1|960000|2|23986|917269
1200000|4|8048|6|5|2|2|840000|2|23986|872856
1200000|4|8048|6|5|0|0|120000|3|35985|144335
1200000|4|8048|6|5|1|1|960000|3|35985|921401
1200000|4|8048|6|5|2|2|840000|3|35985|871610
1200000|4|8048|6|5|0|0|120000|4|47984|145974
1200000|4|8048|6|5|1|1|960000|4|47984|925849
1200000|4|8048|6|5|2|2|840000|4|47984|868758
1200000|4|8049|6|1|0|0|120000|0|0|146658
1200000|4|8049|6|1|1|1|960000|0|0|915276
1200000|4|8049|6|1|2|2|840000|0|0|836898
1200000|4|8049|6|1|0|0|120000|1|11991|161651
1200000|4|8049|6|1|1|1|960000|1|11991|912665
1200000|4|8049|6|1|2|2|840000|1|11991|849963
1200000|4|8049|6|1|0|0|120000|2|23991|168905
1200000|4|8049|6|1|1|1|960000|2|23991|915432
1200000|4|8049|6|1|2|2|840000|2|23991|855224
1200000|4|8049|6|1|0|0|120000|3|35995|172222
1200000|4|8049|6|1|1|1|960000|3|35995|919763
1200000|4|8049|6|1|2|2|840000|3|35995|857213
1200000|4|8049|6|1|0|0|120000|4|48000|173431
1200000|4|8049|6|1|1|1|960000|4|48000|923269
1200000|4|8049|6|1|2|2|840000|4|48000|858622
1200000|4|8049|6|2|0|0|120000|0|1|76382
1200000|4|8049|6|2|1|1|960000|0|1|917464
1200000|4|8049|6|2|2|2|840000|0|1|792242
1200000|4|8049|6|2|0|0|120000|1|11995|54675
1200000|4|8049|6|2|1|1|960000|1|11995|915939
1200000|4|8049|6|2|2|2|840000|1|11995|781634
1200000|4|8049|6|2|0|0|120000|2|23995|45197
1200000|4|8049|6|2|1|1|960000|2|23995|919530
1200000|4|8049|6|2|2|2|840000|2|23995|776798
1200000|4|8049|6|2|0|0|120000|3|35998|41026
1200000|4|8049|6|2|1|1|960000|3|35998|925262
1200000|4|8049|6|2|2|2|840000|3|35998|774146
1200000|4|8049|6|2|0|0|120000|4|48002|40128
1200000|4|8049|6|2|1|1|960000|4|48002|931424
1200000|4|8049|6|2|2|2|840000|4|48002|772194
1200000|4|8049|6|3|0|0|120000|0|0|96077
1200000|4|8049|6|3|1|1|960000|0|0|912316
1200000|4|8049|6|3|2|2|840000|0|0|780738
1200000|4|8049|6|3|0|0|120000|1|11994|82325
1200000|4|8049|6|3|1|1|960000|1|11994|907869
1200000|4|8049|6|3|2|2|840000|1|11994|773016
1200000|4|8049|6|3|0|0|120000|2|23995|77139
1200000|4|8049|6|3|1|1|960000|2|23995|909389
1200000|4|8049|6|3|2|2|840000|2|23995|769661
1200000|4|8049|6|3|0|0|120000|3|35998|76709
1200000|4|8049|6|3|1|1|960000|3|35998|913095
1200000|4|8049|6|3|2|2|840000|3|35998|768571
1200000|4|8049|6|3|0|0|120000|4|48001|78309
1200000|4|8049|6|3|1|1|960000|4|48001|916411
1200000|4|8049|6|3|2|2|840000|4|48001|768649
1200000|4|8049|6|4|0|0|120000|0|0|178834
1200000|4|8049|6|4|1|1|960000|0|0|906229
1200000|4|8049|6|4|2|2|840000|0|0|787169
1200000|4|8049|6|4|0|0|120000|1|11994|189963
1200000|4|8049|6|4|1|1|960000|1|11994|907594
1200000|4|8049|6|4|2|2|840000|1|11994|793100
1200000|4|8049|6|4|0|0|120000|2|23994|196907
1200000|4|8049|6|4|1|1|960000|2|23994|910987
1200000|4|8049|6|4|2|2|840000|2|23994|797194
1200000|4|8049|6|4|0|0|120000|3|35996|203108
1200000|4|8049|6|4|1|1|960000|3|35996|913676
1200000|4|8049|6|4|2|2|840000|3|35996|799886
1200000|4|8049|6|4|0|0|120000|4|47999|208959
1200000|4|8049|6|4|1|1|960000|4|47999|916488
1200000|4|8049|6|4|2|2|840000|4|47999|801953
1200000|4|8049|6|5|0|0|120000|0|0|167093
1200000|4|8049|6|5|1|1|960000|0|0|902017
1200000|4|8049|6|5|2|2|840000|0|0|874104
1200000|4|8049|6|5|0|0|120000|1|11992|193633
1200000|4|8049|6|5|1|1|960000|1|11992|902755
1200000|4|8049|6|5|2|2|840000|1|11992|897971
1200000|4|8049|6|5|0|0|120000|2|23992|209428
1200000|4|8049|6|5|1|1|960000|2|23992|905137
1200000|4|8049|6|5|2|2|840000|2|23992|910023
1200000|4|8049|6|5|0|0|120000|3|35994|219139
1200000|4|8049|6|5|1|1|960000|3|35994|908176
1200000|4|8049|6|5|2|2|840000|3|35994|916693
1200000|4|8049|6|5|0|0|120000|4|47997|226704
1200000|4|8049|6|5|1|1|960000|4|47997|911805
1200000|4|8049|6|5|2|2|840000|4|47997|921293
1200000|4|8050|6|1|0|0|120000|0|0|155006
1200000|4|8050|6|1|1|1|960000|0|0|911885
1200000|4|8050|6|1|2|2|840000|0|0|838224
1200000|4|8050|6|1|0|0|120000|1|11995|172843
1200000|4|8050|6|1|1|1|960000|1|11995|908024
1200000|4|8050|6|1|2|2|840000|1|11995|853937
1200000|4|8050|6|1|0|0|120000|2|23996|183336
1200000|4|8050|6|1|1|1|960000|2|23996|910207
1200000|4|8050|6|1|2|2|840000|2|23996|861662
1200000|4|8050|6|1|0|0|120000|3|35998|190121
1200000|4|8050|6|1|1|1|960000|3|35998|913754
1200000|4|8050|6|1|2|2|840000|3|35998|866344
1200000|4|8050|6|1|0|0|120000|4|48002|195270
1200000|4|8050|6|1|1|1|960000|4|48002|918358
1200000|4|8050|6|1|2|2|840000|4|48002|869112
1200000|4|8050|6|2|0|0|120000|0|0|153054
1200000|4|8050|6|2|1|1|960000|0|0|914693
1200000|4|8050|6|2|2|2|840000|0|0|840057
1200000|4|8050|6|2|0|0|120000|1|11995|170621
1200000|4|8050|6|2|1|1|960000|1|11995|911806
1200000|4|8050|6|2|2|2|840000|1|11995|855931
1200000|4|8050|6|2|0|0|120000|2|23996|180490
1200000|4|8050|6|2|1|1|960000|2|23996|914420
1200000|4|8050|6|2|2|2|840000|2|23996|863494
1200000|4|8050|6|2|0|0|120000|3|35998|186416
1200000|4|8050|6|2|1|1|960000|3|35998|919804
1200000|4|8050|6|2|2|2|840000|3|35998|868055
1200000|4|8050|6|2|0|0|120000|4|48002|190316
1200000|4|8050|6|2|1|1|960000|4|48002|925029
1200000|4|8050|6|2|2|2|840000|4|48002|871646
1200000|4|8050|6|3|0|0|120000|0|0|113975
1200000|4|8050|6|3|1|1|960000|0|0|911888
1200000|4|8050|6|3|2|2|840000|0|0|875195
1200000|4|8050|6|3|0|0|120000|1|11995|127719
1200000|4|8050|6|3|1|1|960000|1|11995|907126
1200000|4|8050|6|3|2|2|840000|1|11995|891107
1200000|4|8050|6|3|0|0|120000|2|23996|135638
1200000|4|8050|6|3|1|1|960000|2|23996|907712
1200000|4|8050|6|3|2|2|840000|2|23996|899531
1200000|4|8050|6|3|0|0|120000|3|35999|140510
1200000|4|8050|6|3|1|1|960000|3|35999|910792
1200000|4|8050|6|3|2|2|840000|3|35999|904408
1200000|4|8050|6|3|0|0|120000|4|48003|142854
1200000|4|8050|6|3|1|1|960000|4|48003|913912
1200000|4|8050|6|3|2|2|840000|4|48003|907527
1200000|4|8050|6|4|0|0|120000|0|0|125283
1200000|4|8050|6|4|1|1|960000|0|0|909270
1200000|4|8050|6|4|2|2|840000|0|0|863964
1200000|4|8050|6|4|0|0|120000|1|11996|140202
1200000|4|8050|6|4|1|1|960000|1|11996|903149
1200000|4|8050|6|4|2|2|840000|1|11996|878706
1200000|4|8050|6|4|0|0|120000|2|23996|147920
1200000|4|8050|6|4|1|1|960000|2|23996|902132
1200000|4|8050|6|4|2|2|840000|2|23996|886934
1200000|4|8050|6|4|0|0|120000|3|35999|151625
1200000|4|8050|6|4|1|1|960000|3|35999|904003
1200000|4|8050|6|4|2|2|840000|3|35999|891226
1200000|4|8050|6|4|0|0|120000|4|48002|154278
1200000|4|8050|6|4|1|1|960000|4|48002|907792
1200000|4|8050|6|4|2|2|840000|4|48002|893369
1200000|4|8050|6|5|0|0|120000|0|0|153482
1200000|4|8050|6|5|1|1|960000|0|0|909309
1200000|4|8050|6|5|2|2|840000|0|0|837674
1200000|4|8050|6|5|0|0|120000|1|11997|169451
1200000|4|8050|6|5|1|1|960000|1|11997|903071
1200000|4|8050|6|5|2|2|840000|1|11997|851951
1200000|4|8050|6|5|0|0|120000|2|23997|176120
1200000|4|8050|6|5|1|1|960000|2|23997|901507
1200000|4|8050|6|5|2|2|840000|2|23997|858505
1200000|4|8050|6|5|0|0|120000|3|35999|179826
1200000|4|8050|6|5|1|1|960000|3|35999|903497
1200000|4|8050|6|5|2|2|840000|3|35999|861781
1200000|4|8050|6|5|0|0|120000|4|48002|182319
1200000|4|8050|6|5|1|1|960000|4|48002|905802
1200000|4|8050|6|5|2|2|840000|4|48002|862950
1200000|4|8051|6|1|0|0|120000|0|1|150244
1200000|4|8051|6|1|1|1|960000|0|1|908306
1200000|4|8051|6|1|2|2|840000|0|1|836782
1200000|4|8051|6|1|0|0|120000|1|11995|166056
1200000|4|8051|6|1|1|1|960000|1|11995|903197
1200000|4|8051|6|1|2|2|840000|1|11995|849690
1200000|4|8051|6|1|0|0|120000|2|23993|175027
1200000|4|8051|6|1|1|1|960000|2|23993|903120
1200000|4|8051|6|1|2|2|840000|2|23993|856320
1200000|4|8051|6|1|0|0|120000|3|35995|180722
1200000|4|8051|6|1|1|1|960000|3|35995|905069
1200000|4|8051|6|1|2|2|840000|3|35995|858971
1200000|4|8051|6|1|0|0|120000|4|47999|183998
1200000|4|8051|6|1|1|1|960000|4|47999|907917
1200000|4|8051|6|1|2|2|840000|4|47999|859869
1200000|4|8051|6|2|0|0|120000|0|0|147564
1200000|4|8051|6|2|1|1|960000|0|0|909086
1200000|4|8051|6|2|2|2|840000|0|0|838026
1200000|4|8051|6|2|0|0|120000|1|11995|161232
1200000|4|8051|6|2|1|1|960000|1|11995|904486
1200000|4|8051|6|2|2|2|840000|1|11995|851406
1200000|4|8051|6|2|0|0|120000|2|23994|167433
1200000|4|8051|6|2|1|1|960000|2|23994|904095
1200000|4|8051|6|2|2|2|840000|2|23994|856906
1200000|4|8051|6|2|0|0|120000|3|35995|170007
1200000|4|8051|6|2|1|1|960000|3|35995|906317
1200000|4|8051|6|2|2|2|840000|3|35995|857606
1200000|4|8051|6|2|0|0|120000|4|47997|170592
1200000|4|8051|6|2|1|1|960000|4|47997|909126
1200000|4|8051|6|2|2|2|840000|4|47997|857724
1200000|4|8051|6|3|0|0|120000|0|0|143196
1200000|4|8051|6|3|1|1|960000|0|0|909673
1200000|4|8051|6|3|2|2|840000|0|0|840174
1200000|4|8051|6|3|0|0|120000|1|11993|156318
1200000|4|8051|6|3|1|1|960000|1|11993|906162
1200000|4|8051|6|3|2|2|840000|1|11993|852616
1200000|4|8051|6|3|0|0|120000|2|23991|162051
1200000|4|8051|6|3|1|1|960000|2|23991|906904
1200000|4|8051|6|3|2|2|840000|2|23991|858815
1200000|4|8051|6|3|0|0|120000|3|35993|163923
1200000|4|8051|6|3|1|1|960000|3|35993|910063
1200000|4|8051|6|3|2|2|840000|3|35993|861116
1200000|4|8051|6|3|0|0|120000|4|47998|163923
1200000|4|8051|6|3|1|1|960000|4|47998|912791
1200000|4|8051|6|3|2|2|840000|4|47998|862911
1200000|4|8051|6|4|0|0|120000|0|0|84462
1200000|4|8051|6|4|1|1|960000|0|0|915366
1200000|4|8051|6|4|2|2|840000|0|0|784247
1200000|4|8051|6|4|0|0|120000|1|11993|65097
1200000|4|8051|6|4|1|1|960000|1|11993|912869
1200000|4|8051|6|4|2|2|840000|1|11993|772662
1200000|4|8051|6|4|0|0|120000|2|23991|55386
1200000|4|8051|6|4|1|1|960000|2|23991|913922
1200000|4|8051|6|4|2|2|840000|2|23991|766386
1200000|4|8051|6|4|0|0|120000|3|35992|50238
1200000|4|8051|6|4|1|1|960000|3|35992|917783
1200000|4|8051|6|4|2|2|840000|3|35992|763773
1200000|4|8051|6|4|0|0|120000|4|47995|46065
1200000|4|8051|6|4|1|1|960000|4|47995|923123
1200000|4|8051|6|4|2|2|840000|4|47995|762526
1200000|4|8051|6|5|0|0|120000|0|0|91833
1200000|4|8051|6|5|1|1|960000|0|0|909672
1200000|4|8051|6|5|2|2|840000|0|0|781633
1200000|4|8051|6|5|0|0|120000|1|11992|74925
1200000|4|8051|6|5|1|1|960000|1|11992|903158
1200000|4|8051|6|5|2|2|840000|1|11992|772703
1200000|4|8051|6|5|0|0|120000|2|23990|67359
1200000|4|8051|6|5|1|1|960000|2|23990|902729
1200000|4|8051|6|5|2|2|840000|2|23990|768103
1200000|4|8051|6|5|0|0|120000|3|35990|64044
1200000|4|8051|6|5|1|1|960000|3|35990|904446
1200000|4|8051|6|5|2|2|840000|3|35990|766928
1200000|4|8051|6|5|0|0|120000|4|47993|62562
1200000|4|8051|6|5|1|1|960000|4|47993|906318
1200000|4|8051|6|5|2|2|840000|4|47993|768413
1200000|4|8052|6|1|0|0|120000|0|0|139959
1200000|4|8052|6|1|1|1|960000|0|0|906785
1200000|4|8052|6|1|2|2|840000|0|0|898205
1200000|4|8052|6|1|0|0|120000|1|11991|161622
1200000|4|8052|6|1|1|1|960000|1|11991|909439
1200000|4|8052|6|1|2|2|840000|1|11991|921917
1200000|4|8052|6|1|0|0|120000|2|23990|172776
1200000|4|8052|6|1|1|1|960000|2|23990|914861
1200000|4|8052|6|1|2|2|840000|2|23990|934124
1200000|4|8052|6|1|0|0|120000|3|35992|178275
1200000|4|8052|6|1|1|1|960000|3|35992|920630
1200000|4|8052|6|1|2|2|840000|3|35992|940286
1200000|4|8052|6|1|0|0|120000|4|47994|181590
1200000|4|8052|6|1|1|1|960000|4|47994|925973
1200000|4|8052|6|1|2|2|840000|4|47994|942626
1200000|4|8052|6|2|0|0|120000|0|0|97488
1200000|4|8052|6|2|1|1|960000|0|0|913726
1200000|4|8052|6|2|2|2|840000|0|0|778904
1200000|4|8052|6|2|0|0|120000|1|11994|80814
1200000|4|8052|6|2|1|1|960000|1|11994|907880
1200000|4|8052|6|2|2|2|840000|1|11994|771338
1200000|4|8052|6|2|0|0|120000|2|23994|73560
1200000|4|8052|6|2|1|1|960000|2|23994|906747
1200000|4|8052|6|2|2|2|840000|2|23994|769273
1200000|4|8052|6|2|0|0|120000|3|35996|70908
1200000|4|8052|6|2|1|1|960000|3|35996|908190
1200000|4|8052|6|2|2|2|840000|3|35996|769273
1200000|4|8052|6|2|0|0|120000|4|47999|70674
1200000|4|8052|6|2|1|1|960000|4|47999|910062
1200000|4|8052|6|2|2|2|840000|4|47999|771340
1200000|4|8052|6|3|0|0|120000|0|0|175995
1200000|4|8052|6|3|1|1|960000|0|0|905460
1200000|4|8052|6|3|2|2|840000|0|0|792906
1200000|4|8052|6|3|0|0|120000|1|11994|185919
1200000|4|8052|6|3|1|1|960000|1|11994|905926
1200000|4|8052|6|3|2|2|840000|1|11994|800901
1200000|4|8052|6|3|0|0|120000|2|23995|191457
1200000|4|8052|6|3|1|1|960000|2|23995|908307
1200000|4|8052|6|3|2|2|840000|2|23995|806984
1200000|4|8052|6|3|0|0|120000|3|35999|195708
1200000|4|8052|6|3|1|1|960000|3|35999|911623
1200000|4|8052|6|3|2|2|840000|3|35999|810846
1200000|4|8052|6|3|0|0|120000|4|48002|200076
1200000|4|8052|6|3|1|1|960000|4|48002|915834
1200000|4|8052|6|3|2|2|840000|4|48002|813343
1200000|4|8052|6|4|0|0|120000|0|0|195222
1200000|4|8052|6|4|1|1|960000|0|0|903352
1200000|4|8052|6|4|2|2|840000|0|0|764943
1200000|4|8052|6|4|0|0|120000|1|11994|214896
1200000|4|8052|6|4|1|1|960000|1|11994|908112
1200000|4|8052|6|4|2|2|840000|1|11994|778555
1200000|4|8052|6|4|0|0|120000|2|23993|226362
1200000|4|8052|6|4|1|1|960000|2|23993|913026
1200000|4|8052|6|4|2|2|840000|2|23993|785497
1200000|4|8052|6|4|0|0|120000|3|35995|233889
1200000|4|8052|6|4|1|1|960000|3|35995|917628
1200000|4|8052|6|4|2|2|840000|3|35995|788928
1200000|4|8052|6|4|0|0|120000|4|47997|239271
1200000|4|8052|6|4|1|1|960000|4|47997|922073
1200000|4|8052|6|4|2|2|840000|4|47997|790602
1200000|4|8052|6|5|0|0|120000|0|0|164607
1200000|4|8052|6|5|1|1|960000|0|0|903080
1200000|4|8052|6|5|2|2|840000|0|0|876795
1200000|4|8052|6|5|0|0|120000|1|11994|189000
1200000|4|8052|6|5|1|1|960000|1|11994|903431
1200000|4|8052|6|5|2|2|840000|1|11994|898946
1200000|4|8052|6|5|0|0|120000|2|23994|201480
1200000|4|8052|6|5|1|1|960000|2|23994|905968
1200000|4|8052|6|5|2|2|840000|2|23994|910100
1200000|4|8052|6|5|0|0|120000|3|35997|209670
1200000|4|8052|6|5|1|1|960000|3|35997|909555
1200000|4|8052|6|5|2|2|840000|3|35997|915171
1200000|4|8052|6|5|0|0|120000|4|48000|216222
1200000|4|8052|6|5|1|1|960000|4|48000|913222
1200000|4|8052|6|5|2|2|840000|4|48000|916770
1200000|4|8053|6|1|0|0|120000|0|0|131028
1200000|4|8053|6|1|1|1|960000|0|0|910335
1200000|4|8053|6|1|2|2|840000|0|0|858660
1200000|4|8053|6|1|0|0|120000|1|11995|148557
1200000|4|8053|6|1|1|1|960000|1|11995|906435
1200000|4|8053|6|1|2|2|840000|1|11995|871960
1200000|4|8053|6|1|0|0|120000|2|23994|159945
1200000|4|8053|6|1|1|1|960000|2|23994|908074
1200000|4|8053|6|1|2|2|840000|2|23994|877887
1200000|4|8053|6|1|0|0|120000|3|35995|168720
1200000|4|8053|6|1|1|1|960000|3|35995|911621
1200000|4|8053|6|1|2|2|840000|3|35995|879486
1200000|4|8053|6|1|0|0|120000|4|47998|175350
1200000|4|8053|6|1|1|1|960000|4|47998|915558
1200000|4|8053|6|1|2|2|840000|4|47998|881396
1200000|4|8053|6|2|0|0|120000|0|1|156963
1200000|4|8053|6|2|1|1|960000|0|1|913650
1200000|4|8053|6|2|2|2|840000|0|1|833076
1200000|4|8053|6|2|0|0|120000|1|11994|175662
1200000|4|8053|6|2|1|1|960000|1|11994|910024
1200000|4|8053|6|2|2|2|840000|1|11994|846532
1200000|4|8053|6|2|0|0|120000|2|23994|187245
1200000|4|8053|6|2|1|1|960000|2|23994|911973
1200000|4|8053|6|2|2|2|840000|2|23994|852068
1200000|4|8053|6|2|0|0|120000|3|35996|194343
1200000|4|8053|6|2|1|1|960000|3|35996|915989
1200000|4|8053|6|2|2|2|840000|3|35996|855071
1200000|4|8053|6|2|0|0|120000|4|48001|199335
1200000|4|8053|6|2|1|1|960000|4|48001|921057
1200000|4|8053|6|2|2|2|840000|4|48001|857725
1200000|4|8053|6|3|0|0|120000|0|0|148695
1200000|4|8053|6|3|1|1|960000|0|0|918522
1200000|4|8053|6|3|2|2|840000|0|0|838731
1200000|4|8053|6|3|0|0|120000|1|11992|165405
1200000|4|8053|6|3|1|1|960000|1|11992|919499
1200000|4|8053|6|3|2|2|840000|1|11992|851525
1200000|4|8053|6|3|0|0|120000|2|23990|174687
1200000|4|8053|6|3|1|1|960000|2|23990|923828
1200000|4|8053|6|3|2|2|840000|2|23990|856865
1200000|4|8053|6|3|0|0|120000|3|35991|179835
1200000|4|8053|6|3|1|1|960000|3|35991|928080
1200000|4|8053|6|3|2|2|840000|3|35991|858309
1200000|4|8053|6|3|0|0|120000|4|47993|182604
1200000|4|8053|6|3|1|1|960000|4|47993|932176
1200000|4|8053|6|3|2|2|840000|4|47993|857955
1200000|4|8053|6|4|0|0|120000|0|0|74634
1200000|4|8053|6|4|1|1|960000|0|0|924726
1200000|4|8053|6|4|2|2|840000|0|0|791697
1200000|4|8053|6|4|0|0|120000|1|11992|52266
1200000|4|8053|6|4|1|1|960000|1|11992|926519
1200000|4|8053|6|4|2|2|840000|1|11992|780580
1200000|4|8053|6|4|0|0|120000|2|23990|42399
1200000|4|8053|6|4|1|1|960000|2|23990|931781
1200000|4|8053|6|4|2|2|840000|2|23990|775279
1200000|4|8053|6|4|0|0|120000|3|35991|38226
1200000|4|8053|6|4|1|1|960000|3|35991|938687
1200000|4|8053|6|4|2|2|840000|3|35991|771766
1200000|4|8053|6|4|0|0|120000|4|47992|37251
1200000|4|8053|6|4|1|1|960000|4|47992|946874
1200000|4|8053|6|4|2|2|840000|4|47992|769781
1200000|4|8053|6|5|0|0|120000|0|0|72099
1200000|4|8053|6|5|1|1|960000|0|0|923437
1200000|4|8053|6|5|2|2|840000|0|0|801252
1200000|4|8053|6|5|0|0|120000|1|11991|54489
1200000|4|8053|6|5|1|1|960000|1|11991|925193
1200000|4|8053|6|5|2|2|840000|1|11991|793217
1200000|4|8053|6|5|0|0|120000|2|23990|48678
1200000|4|8053|6|5|1|1|960000|2|23990|930498
1200000|4|8053|6|5|2|2|840000|2|23990|790135
1200000|4|8053|6|5|0|0|120000|3|35991|47742
1200000|4|8053|6|5|1|1|960000|3|35991|937518
1200000|4|8053|6|5|2|2|840000|3|35991|788693
1200000|4|8053|6|5|0|0|120000|4|47992|48327
1200000|4|8053|6|5|1|1|960000|4|47992|945007
1200000|4|8053|6|5|2|2|840000|4|47992|788262
1200000|4|8054|6|1|0|0|120000|0|0|73113
1200000|4|8054|6|1|1|1|960000|0|0|920201
1200000|4|8054|6|1|2|2|840000|0|0|801210
1200000|4|8054|6|1|0|0|120000|1|11990|55113
1200000|4|8054|6|1|1|1|960000|1|11990|920827
1200000|4|8054|6|1|2|2|840000|1|11990|794232
1200000|4|8054|6|1|0|0|120000|2|23989|48678
1200000|4|8054|6|1|1|1|960000|2|23989|924844
1200000|4|8054|6|1|2|2|840000|2|23989|795949
1200000|4|8054|6|1|0|0|120000|3|35990|47625
1200000|4|8054|6|1|1|1|960000|3|35990|930106
1200000|4|8054|6|1|2|2|840000|3|35990|799730
1200000|4|8054|6|1|0|0|120000|4|47992|48522
1200000|4|8054|6|1|1|1|960000|4|47992|936387
1200000|4|8054|6|1|2|2|840000|4|47992|804373
1200000|4|8054|6|2|0|0|120000|0|0|119124
1200000|4|8054|6|2|1|1|960000|0|0|915718
1200000|4|8054|6|2|2|2|840000|0|0|758040
1200000|4|8054|6|2|0|0|120000|1|11991|104985
1200000|4|8054|6|2|1|1|960000|1|11991|915363
1200000|4|8054|6|2|2|2|840000|1|11991|751605
1200000|4|8054|6|2|0|0|120000|2|23989|99913
1200000|4|8054|6|2|1|1|960000|2|23989|917706
1200000|4|8054|6|2|2|2|840000|2|23989|753942
1200000|4|8054|6|2|0|0|120000|3|35989|98783
1200000|4|8054|6|2|1|1|960000|3|35989|921566
1200000|4|8054|6|2|2|2|840000|3|35989|757806
1200000|4|8054|6|2|0|0|120000|4|47990|100578
1200000|4|8054|6|2|1|1|960000|4|47990|926521
1200000|4|8054|6|2|2|2|840000|4|47990|762721
1200000|4|8054|6|3|0|0|120000|0|0|91989
1200000|4|8054|6|3|1|1|960000|0|0|921761
1200000|4|8054|6|3|2|2|840000|0|0|858933
1200000|4|8054|6|3|0|0|120000|1|11983|97380
1200000|4|8054|6|3|1|1|960000|1|11983|928896
1200000|4|8054|6|3|2|2|840000|1|11983|869112
1200000|4|8054|6|3|0|0|120000|2|23978|101825
1200000|4|8054|6|3|1|1|960000|2|23978|935950
1200000|4|8054|6|3|2|2|840000|2|23978|877303
1200000|4|8054|6|3|0|0|120000|3|35980|105141
1200000|4|8054|6|3|1|1|960000|3|35980|942539
1200000|4|8054|6|3|2|2|840000|3|35980|883151
1200000|4|8054|6|3|0|0|120000|4|47983|107365
1200000|4|8054|6|3|1|1|960000|4|47983|947414
1200000|4|8054|6|3|2|2|840000|4|47983|887831
1200000|4|8054|6|4|0|0|120000|0|0|97674
1200000|4|8054|6|4|1|1|960000|0|0|918712
1200000|4|8054|6|4|2|2|840000|0|0|779099
1200000|4|8054|6|4|0|0|120000|1|11995|80412
1200000|4|8054|6|4|1|1|960000|1|11995|915863
1200000|4|8054|6|4|2|2|840000|1|11995|771765
1200000|4|8054|6|4|0|0|120000|2|23994|72390
1200000|4|8054|6|4|1|1|960000|2|23994|918086
1200000|4|8054|6|4|2|2|840000|2|23994|770287
1200000|4|8054|6|4|0|0|120000|3|35996|68568
1200000|4|8054|6|4|1|1|960000|3|35996|923197
1200000|4|8054|6|4|2|2|840000|3|35996|770483
1200000|4|8054|6|4|0|0|120000|4|48000|66774
1200000|4|8054|6|4|1|1|960000|4|48000|930411
1200000|4|8054|6|4|2|2|840000|4|48000|773990
1200000|4|8054|6|5|0|0|120000|0|0|69242
1200000|4|8054|6|5|1|1|960000|0|0|915512
1200000|4|8054|6|5|2|2|840000|0|0|805578
1200000|4|8054|6|5|0|0|120000|1|11995|48826
1200000|4|8054|6|5|1|1|960000|1|11995|912040
1200000|4|8054|6|5|2|2|840000|1|11995|799809
1200000|4|8054|6|5|0|0|120000|2|23995|40633
1200000|4|8054|6|5|1|1|960000|2|23995|913444
1200000|4|8054|6|5|2|2|840000|2|23995|799532
1200000|4|8054|6|5|0|0|120000|3|35998|37553
1200000|4|8054|6|5|1|1|960000|3|35998|916994
1200000|4|8054|6|5|2|2|840000|3|35998|801096
1200000|4|8054|6|5|0|0|120000|4|48002|37238
1200000|4|8054|6|5|1|1|960000|4|48002|921323
1200000|4|8054|6|5|2|2|840000|4|48002|803627
1200000|4|8055|6|1|0|0|120000|0|0|83985
1200000|4|8055|6|1|1|1|960000|0|0|913716
1200000|4|8055|6|1|2|2|840000|0|0|792165
1200000|4|8055|6|1|0|0|120000|1|11994|63527
1200000|4|8055|6|1|1|1|960000|1|11994|910638
1200000|4|8055|6|1|2|2|840000|1|11994|790955
1200000|4|8055|6|1|0|0|120000|2|23995|54597
1200000|4|8055|6|1|1|1|960000|2|23995|913680
1200000|4|8055|6|1|2|2|840000|2|23995|794036
1200000|4|8055|6|1|0|0|120000|3|35998|52453
1200000|4|8055|6|1|1|1|960000|3|35998|918241
1200000|4|8055|6|1|2|2|840000|3|35998|798443
1200000|4|8055|6|1|0|0|120000|4|48001|52843
1200000|4|8055|6|1|1|1|960000|4|48001|923780
1200000|4|8055|6|1|2|2|840000|4|48001|804956
1200000|4|8055|6|2|0|0|120000|0|0|84723
1200000|4|8055|6|2|1|1|960000|0|0|913054
1200000|4|8055|6|2|2|2|840000|0|0|790996
1200000|4|8055|6|2|0|0|120000|1|11994|65010
1200000|4|8055|6|2|1|1|960000|1|11994|908491
1200000|4|8055|6|2|2|2|840000|1|11994|788850
1200000|4|8055|6|2|0|0|120000|2|23995|57327
1200000|4|8055|6|2|1|1|960000|2|23995|909700
1200000|4|8055|6|2|2|2|840000|2|23995|789044
1200000|4|8055|6|2|0|0|120000|3|35998|55142
1200000|4|8055|6|2|1|1|960000|3|35998|912314
1200000|4|8055|6|2|2|2|840000|3|35998|790952
1200000|4|8055|6|2|0|0|120000|4|48002|56196
1200000|4|8055|6|2|1|1|960000|4|48002|916135
1200000|4|8055|6|2|2|2|840000|4|48002|793919
1200000|4|8055|6|3|0|0|120000|0|0|92799
1200000|4|8055|6|3|1|1|960000|0|0|917229
1200000|4|8055|6|3|2|2|840000|0|0|859011
1200000|4|8055|6|3|0|0|120000|1|11987|99522
1200000|4|8055|6|3|1|1|960000|1|11987|924520
1200000|4|8055|6|3|2|2|840000|1|11987|873507
1200000|4|8055|6|3|0|0|120000|2|23984|104516
1200000|4|8055|6|3|1|1|960000|2|23984|931193
1200000|4|8055|6|3|2|2|840000|2|23984|884819
1200000|4|8055|6|3|0|0|120000|3|35986|108221
1200000|4|8055|6|3|1|1|960000|3|35986|936611
1200000|4|8055|6|3|2|2|840000|3|35986|894062
1200000|4|8055|6|3|0|0|120000|4|47988|112121
1200000|4|8055|6|3|1|1|960000|4|47988|940784
1200000|4|8055|6|3|2|2|840000|4|47988|901238
1200000|4|8055|6|4|0|0|120000|0|0|155160
1200000|4|8055|6|4|1|1|960000|0|0|911534
1200000|4|8055|6|4|2|2|840000|0|0|840837
1200000|4|8055|6|4|0|0|120000|1|11996|174988
1200000|4|8055|6|4|1|1|960000|1|11996|909391
1200000|4|8055|6|4|2|2|840000|1|11996|858854
1200000|4|8055|6|4|0|0|120000|2|23997|187897
1200000|4|8055|6|4|1|1|960000|2|23997|911030
1200000|4|8055|6|4|2|2|840000|2|23997|869072
1200000|4|8055|6|4|0|0|120000|3|35998|196984
1200000|4|8055|6|4|1|1|960000|3|35998|914963
1200000|4|8055|6|4|2|2|840000|3|35998|874960
1200000|4|8055|6|4|0|0|120000|4|47999|204357
1200000|4|8055|6|4|1|1|960000|4|47999|919879
1200000|4|8055|6|4|2|2|840000|4|47999|879834
1200000|4|8055|6|5|0|0|120000|0|0|154380
1200000|4|8055|6|5|1|1|960000|0|0|916370
1200000|4|8055|6|5|2|2|840000|0|0|835728
1200000|4|8055|6|5|0|0|120000|1|11991|172495
1200000|4|8055|6|5|1|1|960000|1|11991|915393
1200000|4|8055|6|5|2|2|840000|1|11991|850818
1200000|4|8055|6|5|0|0|120000|2|23988|183102
1200000|4|8055|6|5|1|1|960000|2|23988|918164
1200000|4|8055|6|5|2|2|840000|2|23988|858895
1200000|4|8055|6|5|0|0|120000|3|35989|189966
1200000|4|8055|6|5|1|1|960000|3|35989|923037
1200000|4|8055|6|5|2|2|840000|3|35989|862990
1200000|4|8055|6|5|0|0|120000|4|47991|194724
1200000|4|8055|6|5|1|1|960000|4|47991|928735
1200000|4|8055|6|5|2|2|840000|4|47991|865445
1200000|4|8056|6|1|0|0|120000|0|0|111363
1200000|4|8056|6|1|1|1|960000|0|0|914459
1200000|4|8056|6|1|2|2|840000|0|0|874686
1200000|4|8056|6|1|0|0|120000|1|11993|124407
1200000|4|8056|6|1|1|1|960000|1|11993|911768
1200000|4|8056|6|1|2|2|840000|1|11993|891573
1200000|4|8056|6|1|0|0|120000|2|23995|132788
1200000|4|8056|6|1|1|1|960000|2|23995|915043
1200000|4|8056|6|1|2|2|840000|2|23995|900342
1200000|4|8056|6|1|0|0|120000|3|35998|138056
1200000|4|8056|6|1|1|1|960000|3|35998|920311
1200000|4|8056|6|1|2|2|840000|3|35998|907516
1200000|4|8056|6|1|0|0|120000|4|48004|141604
1200000|4|8056|6|1|1|1|960000|4|48004|924756
1200000|4|8056|6|1|2|2|840000|4|48004|913445
1200000|4|8056|6|2|0|0|120000|0|0|81177
1200000|4|8056|6|2|1|1|960000|0|0|920426
1200000|4|8056|6|2|2|2|840000|0|0|791269
1200000|4|8056|6|2|0|0|120000|1|11996|62240
1200000|4|8056|6|2|1|1|960000|1|11996|919724
1200000|4|8056|6|2|2|2|840000|1|11996|783234
1200000|4|8056|6|2|0|0|120000|2|23996|54130
1200000|4|8056|6|2|1|1|960000|2|23996|924129
1200000|4|8056|6|2|2|2|840000|2|23996|780466
1200000|4|8056|6|2|0|0|120000|3|35999|51476
1200000|4|8056|6|2|1|1|960000|3|35999|931072
1200000|4|8056|6|2|2|2|840000|3|35999|780231
1200000|4|8056|6|2|0|0|120000|4|48003|51865
1200000|4|8056|6|2|1|1|960000|4|48003|938053
1200000|4|8056|6|2|2|2|840000|4|48003|780815
1200000|4|8056|6|3|0|0|120000|0|0|62458
1200000|4|8056|6|3|1|1|960000|0|0|914695
1200000|4|8056|6|3|2|2|840000|0|0|811428
1200000|4|8056|6|3|0|0|120000|1|11995|44700
1200000|4|8056|6|3|1|1|960000|1|11995|910677
1200000|4|8056|6|3|2|2|840000|1|11995|805190
1200000|4|8056|6|3|0|0|120000|2|23996|38772
1200000|4|8056|6|3|1|1|960000|2|23996|911532
1200000|4|8056|6|3|2|2|840000|2|23996|804333
1200000|4|8056|6|3|0|0|120000|3|36000|39201
1200000|4|8056|6|3|1|1|960000|3|36000|914693
1200000|4|8056|6|3|2|2|840000|3|36000|805309
1200000|4|8056|6|3|0|0|120000|4|48003|41892
1200000|4|8056|6|3|1|1|960000|4|48003|917968
1200000|4|8056|6|3|2|2|840000|4|48003|807219
1200000|4|8056|6|4|0|0|120000|0|0|157771
1200000|4|8056|6|4|1|1|960000|0|0|914923
1200000|4|8056|6|4|2|2|840000|0|0|841266
1200000|4|8056|6|4|0|0|120000|1|11996|178149
1200000|4|8056|6|4|1|1|960000|1|11996|911378
1200000|4|8056|6|4|2|2|840000|1|11996|859358
1200000|4|8056|6|4|0|0|120000|2|23997|190279
1200000|4|8056|6|4|1|1|960000|2|23997|913602
1200000|4|8056|6|4|2|2|840000|2|23997|870242
1200000|4|8056|6|4|0|0|120000|3|36001|197533
1200000|4|8056|6|4|1|1|960000|3|36001|917383
1200000|4|8056|6|4|2|2|840000|3|36001|878081
1200000|4|8056|6|4|0|0|120000|4|48006|202094
1200000|4|8056|6|4|1|1|960000|4|48006|921246
1200000|4|8056|6|4|2|2|840000|4|48006|884671
1200000|4|8056|6|5|0|0|120000|0|0|154029
1200000|4|8056|6|5|1|1|960000|0|0|910480
1200000|4|8056|6|5|2|2|840000|0|0|840095
1200000|4|8056|6|5|0|0|120000|1|11995|172027
1200000|4|8056|6|5|1|1|960000|1|11995|905098
1200000|4|8056|6|5|2|2|840000|1|11995|855579
1200000|4|8056|6|5|0|0|120000|2|23995|181427
1200000|4|8056|6|5|1|1|960000|2|23995|904748
1200000|4|8056|6|5|2|2|840000|2|23995|864546
1200000|4|8056|6|5|0|0|120000|3|35998|186376
1200000|4|8056|6|5|1|1|960000|3|35998|906308
1200000|4|8056|6|5|2|2|840000|3|35998|870086
1200000|4|8056|6|5|0|0|120000|4|48001|189850
1200000|4|8056|6|5|1|1|960000|4|48001|909664
1200000|4|8056|6|5|2|2|840000|4|48001|873052
1200000|4|8057|6|1|0|0|120000|0|0|127587
1200000|4|8057|6|1|1|1|960000|0|0|910128
1200000|4|8057|6|1|2|2|840000|0|0|863261
1200000|4|8057|6|1|0|0|120000|1|11997|141057
1200000|4|8057|6|1|1|1|960000|1|11997|905022
1200000|4|8057|6|1|2|2|840000|1|11997|878902
1200000|4|8057|6|1|0|0|120000|2|23997|147299
1200000|4|8057|6|1|1|1|960000|2|23997|904864
1200000|4|8057|6|1|2|2|840000|2|23997|887521
1200000|4|8057|6|1|0|0|120000|3|35999|151590
1200000|4|8057|6|1|1|1|960000|3|35999|907947
1200000|4|8057|6|1|2|2|840000|3|35999|891458
1200000|4|8057|6|1|0|0|120000|4|48001|155178
1200000|4|8057|6|1|1|1|960000|4|48001|911806
1200000|4|8057|6|1|2|2|840000|4|48001|893253
1200000|4|8057|6|2|0|0|120000|0|0|124624
1200000|4|8057|6|2|1|1|960000|0|0|909156
1200000|4|8057|6|2|2|2|840000|0|0|862053
1200000|4|8057|6|2|0|0|120000|1|11994|137707
1200000|4|8057|6|2|1|1|960000|1|11994|903540
1200000|4|8057|6|2|2|2|840000|1|11994|875391
1200000|4|8057|6|2|0|0|120000|2|23992|144648
1200000|4|8057|6|2|1|1|960000|2|23992|904357
1200000|4|8057|6|2|2|2|840000|2|23992|881630
1200000|4|8057|6|2|0|0|120000|3|35993|149133
1200000|4|8057|6|2|1|1|960000|3|35993|907009
1200000|4|8057|6|2|2|2|840000|3|35993|884008
1200000|4|8057|6|2|0|0|120000|4|47994|152253
1200000|4|8057|6|2|1|1|960000|4|47994|910949
1200000|4|8057|6|2|2|2|840000|4|47994|884709
1200000|4|8057|6|3|0|0|120000|0|0|152586
1200000|4|8057|6|3|1|1|960000|0|0|912940
1200000|4|8057|6|3|2|2|840000|0|0|836742
1200000|4|8057|6|3|0|0|120000|1|11993|169059
1200000|4|8057|6|3|1|1|960000|1|11993|910167
1200000|4|8057|6|3|2|2|840000|1|11993|848714
1200000|4|8057|6|3|0|0|120000|2|23990|178617
1200000|4|8057|6|3|1|1|960000|2|23990|912002
1200000|4|8057|6|3|2|2|840000|2|23990|855423
1200000|4|8057|6|3|0|0|120000|3|35993|184974
1200000|4|8057|6|3|1|1|960000|3|35993|916253
1200000|4|8057|6|3|2|2|840000|3|35993|858462
1200000|4|8057|6|3|0|0|120000|4|47999|188991
1200000|4|8057|6|3|1|1|960000|4|47999|921050
1200000|4|8057|6|3|2|2|840000|4|47999|857880
1200000|4|8057|6|4|0|0|120000|0|0|150594
1200000|4|8057|6|4|1|1|960000|0|0|918124
1200000|4|8057|6|4|2|2|840000|0|0|836353
1200000|4|8057|6|4|0|0|120000|1|11991|166331
1200000|4|8057|6|4|1|1|960000|1|11991|916760
1200000|4|8057|6|4|2|2|840000|1|11991|848168
1200000|4|8057|6|4|0|0|120000|2|23989|174990
1200000|4|8057|6|4|1|1|960000|2|23989|919023
1200000|4|8057|6|4|2|2|840000|2|23989|852926
1200000|4|8057|6|4|0|0|120000|3|35991|179437
1200000|4|8057|6|4|1|1|960000|3|35991|923078
1200000|4|8057|6|4|2|2|840000|3|35991|852928
1200000|4|8057|6|4|0|0|120000|4|47993|181890
1200000|4|8057|6|4|1|1|960000|4|47993|928225
1200000|4|8057|6|4|2|2|840000|4|47993|851990
1200000|4|8057|6|5|0|0|120000|0|0|145372
1200000|4|8057|6|5|1|1|960000|0|0|915707
1200000|4|8057|6|5|2|2|840000|0|0|839277
1200000|4|8057|6|5|0|0|120000|1|11992|159194
1200000|4|8057|6|5|1|1|960000|1|11992|916019
1200000|4|8057|6|5|2|2|840000|1|11992|851485
1200000|4|8057|6|5|0|0|120000|2|23990|165513
1200000|4|8057|6|5|1|1|960000|2|23990|918668
1200000|4|8057|6|5|2|2|840000|2|23990|856475
1200000|4|8057|6|5|0|0|120000|3|35991|168437
1200000|4|8057|6|5|1|1|960000|3|35991|922609
1200000|4|8057|6|5|2|2|840000|3|35991|857373
1200000|4|8057|6|5|0|0|120000|4|47994|169296
1200000|4|8057|6|5|1|1|960000|4|47994|927526
1200000|4|8057|6|5|2|2|840000|4|47994|857256
1200000|4|8058|6|1|0|0|120000|0|0|48417
1200000|4|8058|6|1|1|1|960000|0|0|912783
1200000|4|8058|6|1|2|2|840000|0|0|815447
1200000|4|8058|6|1|0|0|120000|1|11995|24216
1200000|4|8058|6|1|1|1|960000|1|11995|907046
1200000|4|8058|6|1|2|2|840000|1|11995|805385
1200000|4|8058|6|1|0|0|120000|2|23995|13100
1200000|4|8058|6|1|1|1|960000|2|23995|906621
1200000|4|8058|6|1|2|2|840000|2|23995|799689
1200000|4|8058|6|1|0|0|120000|3|35997|8575
1200000|4|8058|6|1|1|1|960000|3|35997|908112
1200000|4|8058|6|1|2|2|840000|3|35997|796572
1200000|4|8058|6|1|0|0|120000|4|48001|6636
1200000|4|8058|6|1|1|1|960000|4|48001|910336
1200000|4|8058|6|1|2|2|840000|4|48001|794856
1200000|4|8058|6|2|0|0|120000|0|0|74595
1200000|4|8058|6|2|1|1|960000|0|0|912988
1200000|4|8058|6|2|2|2|840000|0|0|797624
1200000|4|8058|6|2|0|0|120000|1|11995|57492
1200000|4|8058|6|2|1|1|960000|1|11995|907952
1200000|4|8058|6|2|2|2|840000|1|11995|789513
1200000|4|8058|6|2|0|0|120000|2|23995|50706
1200000|4|8058|6|2|1|1|960000|2|23995|908070
1200000|4|8058|6|2|2|2|840000|2|23995|786081
1200000|4|8058|6|2|0|0|120000|3|35998|49614
1200000|4|8058|6|2|1|1|960000|3|35998|910607
1200000|4|8058|6|2|2|2|840000|3|35998|784831
1200000|4|8058|6|2|0|0|120000|4|48001|50628
1200000|4|8058|6|2|1|1|960000|4|48001|913414
1200000|4|8058|6|2|2|2|840000|4|48001|784599
1200000|4|8058|6|3|0|0|120000|0|0|117963
1200000|4|8058|6|3|1|1|960000|0|0|914391
1200000|4|8058|6|3|2|2|840000|0|0|823908
1200000|4|8058|6|3|0|0|120000|1|11986|125235
1200000|4|8058|6|3|1|1|960000|1|11986|920591
1200000|4|8058|6|3|2|2|840000|1|11986|831554
1200000|4|8058|6|3|0|0|120000|2|23982|131358
1200000|4|8058|6|3|1|1|960000|2|23982|926205
1200000|4|8058|6|3|2|2|840000|2|23982|837290
1200000|4|8058|6|3|0|0|120000|3|35983|136389
1200000|4|8058|6|3|1|1|960000|3|35983|931940
1200000|4|8058|6|3|2|2|840000|3|35983|840485
1200000|4|8058|6|3|0|0|120000|4|47987|139938
1200000|4|8058|6|3|1|1|960000|4|47987|937558
1200000|4|8058|6|3|2|2|840000|4|47987|842786
1200000|4|8058|6|4|0|0|120000|0|0|128532
1200000|4|8058|6|4|1|1|960000|0|0|911463
1200000|4|8058|6|4|2|2|840000|0|0|861780
1200000|4|8058|6|4|0|0|120000|1|11995|144735
1200000|4|8058|6|4|1|1|960000|1|11995|907565
1200000|4|8058|6|4|2|2|840000|1|11995|877106
1200000|4|8058|6|4|0|0|120000|2|23996|155148
1200000|4|8058|6|4|1|1|960000|2|23996|907606
1200000|4|8058|6|4|2|2|840000|2|23996|884321
1200000|4|8058|6|4|0|0|120000|3|35997|162831
1200000|4|8058|6|4|1|1|960000|3|35997|910492
1200000|4|8058|6|4|2|2|840000|3|35997|887207
1200000|4|8058|6|4|0|0|120000|4|48000|168369
1200000|4|8058|6|4|1|1|960000|4|48000|914274
1200000|4|8058|6|4|2|2|840000|4|48000|887989
1200000|4|8058|6|5|0|0|120000|0|0|116676
1200000|4|8058|6|5|1|1|960000|0|0|913923
1200000|4|8058|6|5|2|2|840000|0|0|869814
1200000|4|8058|6|5|0|0|120000|1|11993|131748
1200000|4|8058|6|5|1|1|960000|1|11993|909477
1200000|4|8058|6|5|2|2|840000|1|11993|884244
1200000|4|8058|6|5|0|0|120000|2|23992|141264
1200000|4|8058|6|5|1|1|960000|2|23992|910336
1200000|4|8058|6|5|2|2|840000|2|23992|890756
1200000|4|8058|6|5|0|0|120000|3|35994|147621
1200000|4|8058|6|5|1|1|960000|3|35994|913141
1200000|4|8058|6|5|2|2|840000|3|35994|893564
1200000|4|8058|6|5|0|0|120000|4|47997|152535
1200000|4|8058|6|5|1|1|960000|4|47997|916457
1200000|4|8058|6|5|2|2|840000|4|47997|895555
1200000|4|8059|6|1|0|0|120000|0|0|127245
1200000|4|8059|6|1|1|1|960000|0|0|912128
1200000|4|8059|6|1|2|2|840000|0|0|860414
1200000|4|8059|6|1|0|0|120000|1|11995|143760
1200000|4|8059|6|1|1|1|960000|1|11995|907838
1200000|4|8059|6|1|2|2|840000|1|11995|874104
1200000|4|8059|6|1|0|0|120000|2|23995|154368
1200000|4|8059|6|1|1|1|960000|2|23995|908695
1200000|4|8059|6|1|2|2|840000|2|23995|879915
1200000|4|8059|6|1|0|0|120000|3|35998|161154
1200000|4|8059|6|1|1|1|960000|3|35998|911426
1200000|4|8059|6|1|2|2|840000|3|35998|882217
1200000|4|8059|6|1|0|0|120000|4|48001|166380
1200000|4|8059|6|1|1|1|960000|4|48001|914937
1200000|4|8059|6|1|2|2|840000|4|48001|883309
1200000|4|8059|6|2|0|0|120000|0|0|125061
1200000|4|8059|6|2|1|1|960000|0|0|911934
1200000|4|8059|6|2|2|2|840000|0|0|862600
1200000|4|8059|6|2|0|0|120000|1|11995|140094
1200000|4|8059|6|2|1|1|960000|1|11995|907995
1200000|4|8059|6|2|2|2|840000|1|11995|876678
1200000|4|8059|6|2|0|0|120000|2|23996|148479
1200000|4|8059|6|2|1|1|960000|2|23996|908772
1200000|4|8059|6|2|2|2|840000|2|23996|881669
1200000|4|8059|6|2|0|0|120000|3|35998|153198
1200000|4|8059|6|2|1|1|960000|3|35998|911700
1200000|4|8059|6|2|2|2|840000|3|35998|884047
1200000|4|8059|6|2|0|0|120000|4|48001|155889
1200000|4|8059|6|2|1|1|960000|4|48001|914977
1200000|4|8059|6|2|2|2|840000|4|48001|884556
1200000|4|8059|6|3|0|0|120000|0|0|152166
1200000|4|8059|6|3|1|1|960000|0|0|908969
1200000|4|8059|6|3|2|2|840000|0|0|836779
1200000|4|8059|6|3|0|0|120000|1|11997|169773
1200000|4|8059|6|3|1|1|960000|1|11997|902379
1200000|4|8059|6|3|2|2|840000|1|11997|850276
1200000|4|8059|6|3|0|0|120000|2|23999|178431
1200000|4|8059|6|3|1|1|960000|2|23999|901053
1200000|4|8059|6|3|2|2|840000|2|23999|857687
1200000|4|8059|6|3|0|0|120000|3|36003|182916
1200000|4|8059|6|3|1|1|960000|3|36003|901327
1200000|4|8059|6|3|2|2|840000|3|36003|861194
1200000|4|8059|6|3|0|0|120000|4|48007|185802
1200000|4|8059|6|3|1|1|960000|4|48007|903549
1200000|4|8059|6|3|2|2|840000|4|48007|862637
1200000|4|8059|6|4|0|0|120000|0|0|111762
1200000|4|8059|6|4|1|1|960000|0|0|907879
1200000|4|8059|6|4|2|2|840000|0|0|872697
1200000|4|8059|6|4|0|0|120000|1|11997|122388
1200000|4|8059|6|4|1|1|960000|1|11997|900508
1200000|4|8059|6|4|2|2|840000|1|11997|887248
1200000|4|8059|6|4|0|0|120000|2|23999|127458
1200000|4|8059|6|4|1|1|960000|2|23999|898829
1200000|4|8059|6|4|2|2|840000|2|23999|894697
1200000|4|8059|6|4|0|0|120000|3|36002|130656
1200000|4|8059|6|4|1|1|960000|3|36002|899844
1200000|4|8059|6|4|2|2|840000|3|36002|898281
1200000|4|8059|6|4|0|0|120000|4|48007|133230
1200000|4|8059|6|4|1|1|960000|4|48007|901558
1200000|4|8059|6|4|2|2|840000|4|48007|899646
1200000|4|8059|6|5|0|0|120000|0|0|151737
1200000|4|8059|6|5|1|1|960000|0|0|908931
1200000|4|8059|6|5|2|2|840000|0|0|835961
1200000|4|8059|6|5|0|0|120000|1|11996|168408
1200000|4|8059|6|5|1|1|960000|1|11996|903389
1200000|4|8059|6|5|2|2|840000|1|11996|849183
1200000|4|8059|6|5|0|0|120000|2|23996|177417
1200000|4|8059|6|5|1|1|960000|2|23996|902262
1200000|4|8059|6|5|2|2|840000|2|23996|854408
1200000|4|8059|6|5|0|0|120000|3|35997|183423
1200000|4|8059|6|5|1|1|960000|3|35997|903822
1200000|4|8059|6|5|2|2|840000|3|35997|854799
1200000|4|8059|6|5|0|0|120000|4|47998|186816
1200000|4|8059|6|5|1|1|960000|4|47998|906397
1200000|4|8059|6|5|2|2|840000|4|47998|854212
1200000|4|8060|6|1|0|0|120000|0|0|112698
1200000|4|8060|6|1|1|1|960000|0|0|911623
1200000|4|8060|6|1|2|2|840000|0|0|870748
1200000|4|8060|6|1|0|0|120000|1|11993|125625
1200000|4|8060|6|1|1|1|960000|1|11993|905771
1200000|4|8060|6|1|2|2|840000|1|11993|883972
1200000|4|8060|6|1|0|0|120000|2|23992|133269
1200000|4|8060|6|1|1|1|960000|2|23992|905575
1200000|4|8060|6|1|2|2|840000|2|23992|888300
1200000|4|8060|6|1|0|0|120000|3|35993|137715
1200000|4|8060|6|1|1|1|960000|3|35993|907563
1200000|4|8060|6|1|2|2|840000|3|35993|888768
1200000|4|8060|6|1|0|0|120000|4|47994|140991
1200000|4|8060|6|1|1|1|960000|4|47994|910414
1200000|4|8060|6|1|2|2|840000|4|47994|888690
1200000|4|8060|6|2|0|0|120000|0|0|109656
1200000|4|8060|6|2|1|1|960000|0|0|911347
1200000|4|8060|6|2|2|2|840000|0|0|873518
1200000|4|8060|6|2|0|0|120000|1|11995|121725
1200000|4|8060|6|2|1|1|960000|1|11995|905773
1200000|4|8060|6|2|2|2|840000|1|11995|885530
1200000|4|8060|6|2|0|0|120000|2|23995|128238
1200000|4|8060|6|2|1|1|960000|2|23995|906006
1200000|4|8060|6|2|2|2|840000|2|23995|889976
1200000|4|8060|6|2|0|0|120000|3|35996|131592
1200000|4|8060|6|2|1|1|960000|3|35996|908620
1200000|4|8060|6|2|2|2|840000|3|35996|891382
1200000|4|8060|6|2|0|0|120000|4|47999|133152
1200000|4|8060|6|2|1|1|960000|4|47999|911505
1200000|4|8060|6|2|2|2|840000|4|47999|891731
1200000|4|8060|6|3|0|0|120000|0|0|123969
1200000|4|8060|6|3|1|1|960000|0|0|911543
1200000|4|8060|6|3|2|2|840000|0|0|864626
1200000|4|8060|6|3|0|0|120000|1|11998|138027
1200000|4|8060|6|3|1|1|960000|1|11998|906709
1200000|4|8060|6|3|2|2|840000|1|11998|877070
1200000|4|8060|6|3|0|0|120000|2|23999|144969
1200000|4|8060|6|3|1|1|960000|2|23999|907410
1200000|4|8060|6|3|2|2|840000|2|23999|883189
1200000|4|8060|6|3|0|0|120000|3|36003|148557
1200000|4|8060|6|3|1|1|960000|3|36003|910178
1200000|4|8060|6|3|2|2|840000|3|36003|885725
1200000|4|8060|6|3|0|0|120000|4|48007|150819
1200000|4|8060|6|3|1|1|960000|4|48007|914000
1200000|4|8060|6|3|2|2|840000|4|48007|886312
1200000|4|8060|6|4|0|0|120000|0|0|125724
1200000|4|8060|6|4|1|1|960000|0|0|910686
1200000|4|8060|6|4|2|2|840000|0|0|862520
1200000|4|8060|6|4|0|0|120000|1|11997|139236
1200000|4|8060|6|4|1|1|960000|1|11997|904561
1200000|4|8060|6|4|2|2|840000|1|11997|875468
1200000|4|8060|6|4|0|0|120000|2|23996|145281
1200000|4|8060|6|4|1|1|960000|2|23996|903627
1200000|4|8060|6|4|2|2|840000|2|23996|881865
1200000|4|8060|6|4|0|0|120000|3|35998|148440
1200000|4|8060|6|4|1|1|960000|3|35998|905928
1200000|4|8060|6|4|2|2|840000|3|35998|884008
1200000|4|8060|6|4|0|0|120000|4|48001|150936
1200000|4|8060|6|4|1|1|960000|4|48001|909125
1200000|4|8060|6|4|2|2|840000|4|48001|884437
1200000|4|8060|6|5|0|0|120000|0|0|152868
1200000|4|8060|6|5|1|1|960000|0|0|907447
1200000|4|8060|6|5|2|2|840000|0|0|835454
1200000|4|8060|6|5|0|0|120000|1|11994|168915
1200000|4|8060|6|5|1|1|960000|1|11994|901910
1200000|4|8060|6|5|2|2|840000|1|11994|849221
1200000|4|8060|6|5|0|0|120000|2|23993|178080
1200000|4|8060|6|5|1|1|960000|2|23993|901401
1200000|4|8060|6|5|2|2|840000|2|23993|855345
1200000|4|8060|6|5|0|0|120000|3|35994|184047
1200000|4|8060|6|5|1|1|960000|3|35994|902612
1200000|4|8060|6|5|2|2|840000|3|35994|857140
1200000|4|8060|6|5|0|0|120000|4|47996|187128
1200000|4|8060|6|5|1|1|960000|4|47996|905030
1200000|4|8060|6|5|2|2|840000|4|47996|856829
1200000|4|8061|6|1|0|0|120000|0|0|149007
1200000|4|8061|6|1|1|1|960000|0|0|911037
1200000|4|8061|6|1|2|2|840000|0|0|838691
1200000|4|8061|6|1|0|0|120000|1|11993|163533
1200000|4|8061|6|1|1|1|960000|1|11993|906748
1200000|4|8061|6|1|2|2|840000|1|11993|850934
1200000|4|8061|6|1|0|0|120000|2|23990|170592
1200000|4|8061|6|1|1|1|960000|2|23990|906592
1200000|4|8061|6|1|2|2|840000|2|23990|855501
1200000|4|8061|6|1|0|0|120000|3|35990|174063
1200000|4|8061|6|1|1|1|960000|3|35990|908931
1200000|4|8061|6|1|2|2|840000|3|35990|856164
1200000|4|8061|6|1|0|0|120000|4|47991|175896
1200000|4|8061|6|1|1|1|960000|4|47991|913377
1200000|4|8061|6|1|2|2|840000|4|47991|856945
1200000|4|8061|6|2|0|0|120000|0|0|109851
1200000|4|8061|6|2|1|1|960000|0|0|915443
1200000|4|8061|6|2|2|2|840000|0|0|871256
1200000|4|8061|6|2|0|0|120000|1|11990|121803
1200000|4|8061|6|2|1|1|960000|1|11990|914155
1200000|4|8061|6|2|2|2|840000|1|11990|883188
1200000|4|8061|6|2|0|0|120000|2|23987|128511
1200000|4|8061|6|2|1|1|960000|2|23987|916730
1200000|4|8061|6|2|2|2|840000|2|23987|887087
1200000|4|8061|6|2|0|0|120000|3|35987|131982
1200000|4|8061|6|2|1|1|960000|3|35987|920591
1200000|4|8061|6|2|2|2|840000|3|35987|887129
1200000|4|8061|6|2|0|0|120000|4|47986|134088
1200000|4|8061|6|2|1|1|960000|4|47986|924996
1200000|4|8061|6|2|2|2|840000|4|47986|885649
1200000|4|8061|6|3|0|0|120000|0|0|150060
1200000|4|8061|6|3|1|1|960000|0|0|914232
1200000|4|8061|6|3|2|2|840000|0|0|837054
1200000|4|8061|6|3|0|0|120000|1|11992|165639
1200000|4|8061|6|3|1|1|960000|1|11992|910722
1200000|4|8061|6|3|2|2|840000|1|11992|848675
1200000|4|8061|6|3|0|0|120000|2|23991|172932
1200000|4|8061|6|3|1|1|960000|2|23991|912165
1200000|4|8061|6|3|2|2|840000|2|23991|852576
1200000|4|8061|6|3|0|0|120000|3|35993|176559
1200000|4|8061|6|3|1|1|960000|3|35993|915754
1200000|4|8061|6|3|2|2|840000|3|35993|854214
1200000|4|8061|6|3|0|0|120000|4|47996|178587
1200000|4|8061|6|3|1|1|960000|4|47996|919187
1200000|4|8061|6|3|2|2|840000|4|47996|854681
1200000|4|8061|6|4|0|0|120000|0|0|120186
1200000|4|8061|6|4|1|1|960000|0|0|910569
1200000|4|8061|6|4|2|2|840000|0|0|863770
1200000|4|8061|6|4|0|0|120000|1|11993|133269
1200000|4|8061|6|4|1|1|960000|1|11993|904952
1200000|4|8061|6|4|2|2|840000|1|11993|876366
1200000|4|8061|6|4|0|0|120000|2|23992|139704
1200000|4|8061|6|4|1|1|960000|2|23992|904172
1200000|4|8061|6|4|2|2|840000|2|23992|880809
1200000|4|8061|6|4|0|0|120000|3|35992|142434
1200000|4|8061|6|4|1|1|960000|3|35992|905770
1200000|4|8061|6|4|2|2|840000|3|35992|882099
1200000|4|8061|6|4|0|0|120000|4|47993|143643
1200000|4|8061|6|4|1|1|960000|4|47993|907487
1200000|4|8061|6|4|2|2|840000|4|47993|881787
1200000|4|8061|6|5|0|0|120000|0|0|121902
1200000|4|8061|6|5|1|1|960000|0|0|908229
1200000|4|8061|6|5|2|2|840000|0|0|863769
1200000|4|8061|6|5|0|0|120000|1|11995|135063
1200000|4|8061|6|5|1|1|960000|1|11995|901169
1200000|4|8061|6|5|2|2|840000|1|11995|875857
1200000|4|8061|6|5|0|0|120000|2|23995|141030
1200000|4|8061|6|5|1|1|960000|2|23995|899687
1200000|4|8061|6|5|2|2|840000|2|23995|881007
1200000|4|8061|6|5|0|0|120000|3|35996|142746
1200000|4|8061|6|5|1|1|960000|3|35996|900040
1200000|4|8061|6|5|2|2|840000|3|35996|883385
1200000|4|8061|6|5|0|0|120000|4|47999|143682
1200000|4|8061|6|5|1|1|960000|4|47999|902068
1200000|4|8061|6|5|2|2|840000|4|47999|884009
1200000|4|8062|6|1|0|0|120000|0|0|149046
1200000|4|8062|6|1|1|1|960000|0|0|909125
1200000|4|8062|6|1|2|2|840000|0|0|836898
1200000|4|8062|6|1|0|0|120000|1|11996|163026
1200000|4|8062|6|1|1|1|960000|1|11996|902574
1200000|4|8062|6|1|2|2|840000|1|11996|849065
1200000|4|8062|6|1|0|0|120000|2|23995|167940
1200000|4|8062|6|1|1|1|960000|2|23995|901286
1200000|4|8062|6|1|2|2|840000|2|23995|854994
1200000|4|8062|6|1|0|0|120000|3|35997|169695
1200000|4|8062|6|1|1|1|960000|3|35997|903002
1200000|4|8062|6|1|2|2|840000|3|35997|856435
1200000|4|8062|6|1|0|0|120000|4|47999|170358
1200000|4|8062|6|1|1|1|960000|4|47999|906240
1200000|4|8062|6|1|2|2|840000|4|47999|855970
1200000|4|8062|6|2|0|0|120000|0|0|147408
1200000|4|8062|6|2|1|1|960000|0|0|910023
1200000|4|8062|6|2|2|2|840000|0|0|839860
1200000|4|8062|6|2|0|0|120000|1|11994|162129
1200000|4|8062|6|2|1|1|960000|1|11994|905927
1200000|4|8062|6|2|2|2|840000|1|11994|852693
1200000|4|8062|6|2|0|0|120000|2|23993|169890
1200000|4|8062|6|2|1|1|960000|2|23993|906356
1200000|4|8062|6|2|2|2|840000|2|23993|857841
1200000|4|8062|6|2|0|0|120000|3|35994|174102
1200000|4|8062|6|2|1|1|960000|3|35994|909359
1200000|4|8062|6|2|2|2|840000|3|35994|858074
1200000|4|8062|6|2|0|0|120000|4|47995|175701
1200000|4|8062|6|2|1|1|960000|4|47995|913299
1200000|4|8062|6|2|2|2|840000|4|47995|857215
1200000|4|8062|6|3|0|0|120000|0|0|122643
1200000|4|8062|6|3|1|1|960000|0|0|913026
1200000|4|8062|6|3|2|2|840000|0|0|862557
1200000|4|8062|6|3|0|0|120000|1|11993|135960
1200000|4|8062|6|3|1|1|960000|1|11993|910178
1200000|4|8062|6|3|2|2|840000|1|11993|875702
1200000|4|8062|6|3|0|0|120000|2|23992|142707
1200000|4|8062|6|3|1|1|960000|2|23992|912168
1200000|4|8062|6|3|2|2|840000|2|23992|880110
1200000|4|8062|6|3|0|0|120000|3|35993|145554
1200000|4|8062|6|3|1|1|960000|3|35993|915833
1200000|4|8062|6|3|2|2|840000|3|35993|881705
1200000|4|8062|6|3|0|0|120000|4|47995|146802
1200000|4|8062|6|3|1|1|960000|4|47995|919460
1200000|4|8062|6|3|2|2|840000|4|47995|882801
1200000|4|8062|6|4|0|0|120000|0|1|120069
1200000|4|8062|6|4|1|1|960000|0|1|913611
1200000|4|8062|6|4|2|2|840000|0|1|864782
1200000|4|8062|6|4|0|0|120000|1|11995|133815
1200000|4|8062|6|4|1|1|960000|1|11995|911076
1200000|4|8062|6|4|2|2|840000|1|11995|878043
1200000|4|8062|6|4|0|0|120000|2|23995|141186
1200000|4|8062|6|4|1|1|960000|2|23995|913454
1200000|4|8062|6|4|2|2|840000|2|23995|882529
1200000|4|8062|6|4|0|0|120000|3|35997|144657
1200000|4|8062|6|4|1|1|960000|3|35997|917937
1200000|4|8062|6|4|2|2|840000|3|35997|884322
1200000|4|8062|6|4|0|0|120000|4|48001|146334
1200000|4|8062|6|4|1|1|960000|4|48001|922464
1200000|4|8062|6|4|2|2|840000|4|48001|885219
1200000|4|8062|6|5|0|0|120000|0|0|150528
1200000|4|8062|6|5|1|1|960000|0|0|914353
1200000|4|8062|6|5|2|2|840000|0|0|838615
1200000|4|8062|6|5|0|0|120000|1|11994|166809
1200000|4|8062|6|5|1|1|960000|1|11994|911387
1200000|4|8062|6|5|2|2|840000|1|11994|852455
1200000|4|8062|6|5|0|0|120000|2|23995|175272
1200000|4|8062|6|5|1|1|960000|2|23995|913881
1200000|4|8062|6|5|2|2|840000|2|23995|857216
1200000|4|8062|6|5|0|0|120000|3|35997|179328
1200000|4|8062|6|5|1|1|960000|3|35997|918252
1200000|4|8062|6|5|2|2|840000|3|35997|859244
1200000|4|8062|6|5|0|0|120000|4|48001|181473
1200000|4|8062|6|5|1|1|960000|4|48001|923438
1200000|4|8062|6|5|2|2|840000|4|48001|859554
1200000|4|8063|6|1|0|0|120000|0|0|153024
1200000|4|8063|6|1|1|1|960000|0|0|914001
1200000|4|8063|6|1|2|2|840000|0|0|839663
1200000|4|8063|6|1|0|0|120000|1|11996|169929
1200000|4|8063|6|1|1|1|960000|1|11996|910179
1200000|4|8063|6|1|2|2|840000|1|11996|853278
1200000|4|8063|6|1|0|0|120000|2|23997|178509
1200000|4|8063|6|1|1|1|960000|2|23997|912011
1200000|4|8063|6|1|2|2|840000|2|23997|859596
1200000|4|8063|6|1|0|0|120000|3|36001|182565
1200000|4|8063|6|1|1|1|960000|3|36001|915872
1200000|4|8063|6|1|2|2|840000|3|36001|862716
1200000|4|8063|6|1|0|0|120000|4|48005|185217
1200000|4|8063|6|1|1|1|960000|4|48005|920007
1200000|4|8063|6|1|2|2|840000|4|48005|864237
1200000|4|8063|6|2|0|0|120000|0|0|111489
1200000|4|8063|6|2|1|1|960000|0|0|911388
1200000|4|8063|6|2|2|2|840000|0|0|876561
1200000|4|8063|6|2|0|0|120000|1|12000|124494
1200000|4|8063|6|2|1|1|960000|1|12000|905966
1200000|4|8063|6|2|2|2|840000|1|12000|890953
1200000|4|8063|6|2|0|0|120000|2|24003|131124
1200000|4|8063|6|2|1|1|960000|2|24003|905694
1200000|4|8063|6|2|2|2|840000|2|24003|898713
1200000|4|8063|6|2|0|0|120000|3|36009|133386
1200000|4|8063|6|2|1|1|960000|3|36009|907097
1200000|4|8063|6|2|2|2|840000|3|36009|903589
1200000|4|8063|6|2|0|0|120000|4|48016|134868
1200000|4|8063|6|2|1|1|960000|4|48016|910763
1200000|4|8063|6|2|2|2|840000|4|48016|905459
1200000|4|8063|6|3|0|0|120000|0|0|152517
1200000|4|8063|6|3|1|1|960000|0|0|910216
1200000|4|8063|6|3|2|2|840000|0|0|837482
1200000|4|8063|6|3|0|0|120000|1|11999|168057
1200000|4|8063|6|3|1|1|960000|1|11999|905380
1200000|4|8063|6|3|2|2|840000|1|11999|851756
1200000|4|8063|6|3|0|0|120000|2|24002|174687
1200000|4|8063|6|3|1|1|960000|2|24002|905381
1200000|4|8063|6|3|2|2|840000|2|24002|859245
1200000|4|8063|6|3|0|0|120000|3|36008|178548
1200000|4|8063|6|3|1|1|960000|3|36008|908462
1200000|4|8063|6|3|2|2|840000|3|36008|862638
1200000|4|8063|6|3|0|0|120000|4|48013|180966
1200000|4|8063|6|3|1|1|960000|4|48013|911818
1200000|4|8063|6|3|2|2|840000|4|48013|864081
1200000|4|8063|6|4|0|0|120000|0|0|124710
1200000|4|8063|6|4|1|1|960000|0|0|910918
1200000|4|8063|6|4|2|2|840000|0|0|864940
1200000|4|8063|6|4|0|0|120000|1|11997|137676
1200000|4|8063|6|4|1|1|960000|1|11997|906084
1200000|4|8063|6|4|2|2|840000|1|11997|879602
1200000|4|8063|6|4|0|0|120000|2|23998|143058
1200000|4|8063|6|4|1|1|960000|2|23998|907137
1200000|4|8063|6|4|2|2|840000|2|23998|887170
1200000|4|8063|6|4|0|0|120000|3|36001|146685
1200000|4|8063|6|4|1|1|960000|3|36001|910919
1200000|4|8063|6|4|2|2|840000|3|36001|890678
1200000|4|8063|6|4|0|0|120000|4|48005|148830
1200000|4|8063|6|4|1|1|960000|4|48005|915326
1200000|4|8063|6|4|2|2|840000|4|48005|891965
1200000|4|8063|6|5|0|0|120000|0|0|111528
1200000|4|8063|6|5|1|1|960000|0|0|912520
1200000|4|8063|6|5|2|2|840000|0|0|873247
1200000|4|8063|6|5|0|0|120000|1|11993|123129
1200000|4|8063|6|5|1|1|960000|1|11993|909751
1200000|4|8063|6|5|2|2|840000|1|11993|886272
1200000|4|8063|6|5|0|0|120000|2|23991|129876
1200000|4|8063|6|5|1|1|960000|2|23991|911465
1200000|4|8063|6|5|2|2|840000|2|23991|893566
1200000|4|8063|6|5|0|0|120000|3|35994|134205
1200000|4|8063|6|5|1|1|960000|3|35994|916107
1200000|4|8063|6|5|2|2|840000|3|35994|897269
1200000|4|8063|6|5|0|0|120000|4|48000|136623
1200000|4|8063|6|5|1|1|960000|4|48000|921178
1200000|4|8063|6|5|2|2|840000|4|48000|900274
1200000|4|8064|6|1|0|0|120000|0|0|124242
1200000|4|8064|6|1|1|1|960000|0|0|915678
1200000|4|8064|6|1|2|2|840000|0|0|864745
1200000|4|8064|6|1|0|0|120000|1|11995|138417
1200000|4|8064|6|1|1|1|960000|1|11995|913026
1200000|4|8064|6|1|2|2|840000|1|11995|878471
1200000|4|8064|6|1|0|0|120000|2|23995|145944
1200000|4|8064|6|1|1|1|960000|2|23995|915562
1200000|4|8064|6|1|2|2|840000|2|23995|884243
1200000|4|8064|6|1|0|0|120000|3|35998|149805
1200000|4|8064|6|1|1|1|960000|3|35998|920825
1200000|4|8064|6|1|2|2|840000|3|35998|887794
1200000|4|8064|6|1|0|0|120000|4|48003|151833
1200000|4|8064|6|1|1|1|960000|4|48003|926363
1200000|4|8064|6|1|2|2|840000|4|48003|891069
1200000|4|8064|6|2|0|0|120000|0|1|123930
1200000|4|8064|6|2|1|1|960000|0|1|915636
1200000|4|8064|6|2|2|2|840000|0|1|863846
1200000|4|8064|6|2|0|0|120000|1|11996|138300
1200000|4|8064|6|2|1|1|960000|1|11996|913142
1200000|4|8064|6|2|2|2|840000|1|11996|877259
1200000|4|8064|6|2|0|0|120000|2|23996|146139
1200000|4|8064|6|2|1|1|960000|2|23996|916067
1200000|4|8064|6|2|2|2|840000|2|23996|882995
1200000|4|8064|6|2|0|0|120000|3|35999|149493
1200000|4|8064|6|2|1|1|960000|3|35999|920747
1200000|4|8064|6|2|2|2|840000|3|35999|886585
1200000|4|8064|6|2|0|0|120000|4|48005|151794
1200000|4|8064|6|2|1|1|960000|4|48005|926286
1200000|4|8064|6|2|2|2|840000|4|48005|888728
1200000|4|8064|6|3|0|0|120000|0|0|107511
1200000|4|8064|6|3|1|1|960000|0|0|914544
1200000|4|8064|6|3|2|2|840000|0|0|877653
1200000|4|8064|6|3|0|0|120000|1|11995|118800
1200000|4|8064|6|3|1|1|960000|1|11995|911699
1200000|4|8064|6|3|2|2|840000|1|11995|891068
1200000|4|8064|6|3|0|0|120000|2|23995|124338
1200000|4|8064|6|3|1|1|960000|2|23995|913924
1200000|4|8064|6|3|2|2|840000|2|23995|896955
1200000|4|8064|6|3|0|0|120000|3|35997|126912
1200000|4|8064|6|3|1|1|960000|3|35997|918603
1200000|4|8064|6|3|2|2|840000|3|35997|900000
1200000|4|8064|6|3|0|0|120000|4|48002|127731
1200000|4|8064|6|3|1|1|960000|4|48002|923360
1200000|4|8064|6|3|2|2|840000|4|48002|902770
1200000|4|8064|6|4|0|0|120000|0|0|147915
1200000|4|8064|6|4|1|1|960000|0|0|915795
1200000|4|8064|6|4|2|2|840000|0|0|840837
1200000|4|8064|6|4|0|0|120000|1|11995|162753
1200000|4|8064|6|4|1|1|960000|1|11995|913647
1200000|4|8064|6|4|2|2|840000|1|11995|854215
1200000|4|8064|6|4|0|0|120000|2|23996|169461
1200000|4|8064|6|4|1|1|960000|2|23996|916691
1200000|4|8064|6|4|2|2|840000|2|23996|860260
1200000|4|8064|6|4|0|0|120000|3|35999|171411
1200000|4|8064|6|4|1|1|960000|3|35999|921956
1200000|4|8064|6|4|2|2|840000|3|35999|863846
1200000|4|8064|6|4|0|0|120000|4|48004|171684
1200000|4|8064|6|4|1|1|960000|4|48004|926169
1200000|4|8064|6|4|2|2|840000|4|48004|866109
1200000|4|8064|6|5|0|0|120000|0|0|121473
1200000|4|8064|6|5|1|1|960000|0|0|911816
1200000|4|8064|6|5|2|2|840000|0|0|864744
1200000|4|8064|6|5|0|0|120000|1|11996|134205
1200000|4|8064|6|5|1|1|960000|1|11996|907643
1200000|4|8064|6|5|2|2|840000|1|11996|877887
1200000|4|8064|6|5|0|0|120000|2|23996|139587
1200000|4|8064|6|5|1|1|960000|2|23996|908462
1200000|4|8064|6|5|2|2|840000|2|23996|883658
1200000|4|8064|6|5|0|0|120000|3|35998|141381
1200000|4|8064|6|5|1|1|960000|3|35998|911934
1200000|4|8064|6|5|2|2|840000|3|35998|886193
1200000|4|8064|6|5|0|0|120000|4|48001|141849
1200000|4|8064|6|5|1|1|960000|4|48001|916223
1200000|4|8064|6|5|2|2|840000|4|48001|886780
1200000|4|8065|6|1|0|0|120000|0|0|148968
1200000|4|8065|6|1|1|1|960000|0|0|911816
1200000|4|8065|6|1|2|2|840000|0|0|839004
1200000|4|8065|6|1|0|0|120000|1|11996|164469
1200000|4|8065|6|1|1|1|960000|1|11996|906980
1200000|4|8065|6|1|2|2|840000|1|11996|851052
1200000|4|8065|6|1|0|0|120000|2|23996|170904
1200000|4|8065|6|1|1|1|960000|2|23996|907333
1200000|4|8065|6|1|2|2|840000|2|23996|856709
1200000|4|8065|6|1|0|0|120000|3|35998|172776
1200000|4|8065|6|1|1|1|960000|3|35998|909712
1200000|4|8065|6|1|2|2|840000|3|35998|858738
1200000|4|8065|6|1|0|0|120000|4|48002|173400
1200000|4|8065|6|1|1|1|960000|4|48002|913491
1200000|4|8065|6|1|2|2|840000|4|48002|858385
1200000|4|8065|6|2|0|0|120000|0|0|150684
1200000|4|8065|6|2|1|1|960000|0|0|910878
1200000|4|8065|6|2|2|2|840000|0|0|836782
1200000|4|8065|6|2|0|0|120000|1|11994|164469
1200000|4|8065|6|2|1|1|960000|1|11994|906475
1200000|4|8065|6|2|2|2|840000|1|11994|848555
1200000|4|8065|6|2|0|0|120000|2|23994|169617
1200000|4|8065|6|2|1|1|960000|2|23994|906707
1200000|4|8065|6|2|2|2|840000|2|23994|853587
1200000|4|8065|6|2|0|0|120000|3|35995|172152
1200000|4|8065|6|2|1|1|960000|3|35995|909322
1200000|4|8065|6|2|2|2|840000|3|35995|854642
1200000|4|8065|6|2|0|0|120000|4|47998|173205
1200000|4|8065|6|2|1|1|960000|4|47998|913183
1200000|4|8065|6|2|2|2|840000|4|47998|853981
1200000|4|8065|6|3|0|0|120000|0|0|148344
1200000|4|8065|6|3|1|1|960000|0|0|911661
1200000|4|8065|6|3|2|2|840000|0|0|839236
1200000|4|8065|6|3|0|0|120000|1|11994|163572
1200000|4|8065|6|3|1|1|960000|1|11994|908579
1200000|4|8065|6|3|2|2|840000|1|11994|851911
1200000|4|8065|6|3|0|0|120000|2|23992|171489
1200000|4|8065|6|3|1|1|960000|2|23992|910022
1200000|4|8065|6|3|2|2|840000|2|23992|857803
1200000|4|8065|6|3|0|0|120000|3|35994|175662
1200000|4|8065|6|3|1|1|960000|3|35994|913100
1200000|4|8065|6|3|2|2|840000|3|35994|859554
1200000|4|8065|6|3|0|0|120000|4|47996|178275
1200000|4|8065|6|3|1|1|960000|4|47996|917199
1200000|4|8065|6|3|2|2|840000|4|47996|861232
1200000|4|8065|6|4|0|0|120000|0|0|147837
1200000|4|8065|6|4|1|1|960000|0|0|912518
1200000|4|8065|6|4|2|2|840000|0|0|838380
1200000|4|8065|6|4|0|0|120000|1|11993|161973
1200000|4|8065|6|4|1|1|960000|1|11993|909515
1200000|4|8065|6|4|2|2|840000|1|11993|850470
1200000|4|8065|6|4|0|0|120000|2|23991|168213
1200000|4|8065|6|4|1|1|960000|2|23991|911192
1200000|4|8065|6|4|2|2|840000|2|23991|856202
1200000|4|8065|6|4|0|0|120000|3|35993|170592
1200000|4|8065|6|4|1|1|960000|3|35993|915328
1200000|4|8065|6|4|2|2|840000|3|35993|858075
1200000|4|8065|6|4|0|0|120000|4|47997|171294
1200000|4|8065|6|4|1|1|960000|4|47997|918914
1200000|4|8065|6|4|2|2|840000|4|47997|859909
1200000|4|8065|6|5|0|0|120000|0|0|61959
1200000|4|8065|6|5|1|1|960000|0|0|917978
1200000|4|8065|6|5|2|2|840000|0|0|804333
1200000|4|8065|6|5|0|0|120000|1|11993|38070
1200000|4|8065|6|5|1|1|960000|1|11993|914703
1200000|4|8065|6|5|2|2|840000|1|11993|793410
1200000|4|8065|6|5|0|0|120000|2|23991|28125
1200000|4|8065|6|5|1|1|960000|2|23991|917313
1200000|4|8065|6|5|2|2|840000|2|23991|787797
1200000|4|8065|6|5|0|0|120000|3|35992|23718
1200000|4|8065|6|5|1|1|960000|3|35992|922502
1200000|4|8065|6|5|2|2|840000|3|35992|785809
1200000|4|8065|6|5|0|0|120000|4|47995|23133
1200000|4|8065|6|5|1|1|960000|4|47995|928938
1200000|4|8065|6|5|2|2|840000|4|47995|786039
1200000|4|8066|6|1|0|0|120000|0|0|70149
1200000|4|8066|6|1|1|1|960000|0|0|915638
1200000|4|8066|6|1|2|2|840000|0|0|802109
1200000|4|8066|6|1|0|0|120000|1|11993|51486
1200000|4|8066|6|1|1|1|960000|1|11993|912322
1200000|4|8066|6|1|2|2|840000|1|11993|793609
1200000|4|8066|6|1|0|0|120000|2|23993|43959
1200000|4|8066|6|1|1|1|960000|2|23993|914348
1200000|4|8066|6|1|2|2|840000|2|23993|790563
1200000|4|8066|6|1|0|0|120000|3|35995|42009
1200000|4|8066|6|1|1|1|960000|3|35995|918641
1200000|4|8066|6|1|2|2|840000|3|35995|790565
1200000|4|8066|6|1|0|0|120000|4|47999|42360
1200000|4|8066|6|1|1|1|960000|4|47999|923673
1200000|4|8066|6|1|2|2|840000|4|47999|792205
1200000|4|8066|6|2|0|0|120000|0|0|113244
1200000|4|8066|6|2|1|1|960000|0|0|911855
1200000|4|8066|6|2|2|2|840000|0|0|763578
1200000|4|8066|6|2|0|0|120000|1|11994|98208
1200000|4|8066|6|2|1|1|960000|1|11994|908150
1200000|4|8066|6|2|2|2|840000|1|11994|757025
1200000|4|8066|6|2|0|0|120000|2|23994|92436
1200000|4|8066|6|2|1|1|960000|2|23994|908930
1200000|4|8066|6|2|2|2|840000|2|23994|755623
1200000|4|8066|6|2|0|0|120000|3|35997|90603
1200000|4|8066|6|2|1|1|960000|3|35997|911427
1200000|4|8066|6|2|2|2|840000|3|35997|756518
1200000|4|8066|6|2|0|0|120000|4|48000|92007
1200000|4|8066|6|2|1|1|960000|4|48000|914936
1200000|4|8066|6|2|2|2|840000|4|48000|759834
1200000|4|8066|6|3|0|0|120000|0|0|93666
1200000|4|8066|6|3|1|1|960000|0|0|920789
1200000|4|8066|6|3|2|2|840000|0|0|861077
1200000|4|8066|6|3|0|0|120000|1|11986|100860
1200000|4|8066|6|3|1|1|960000|1|11986|928740
1200000|4|8066|6|3|2|2|840000|1|11986|875117
1200000|4|8066|6|3|0|0|120000|2|23983|105969
1200000|4|8066|6|3|1|1|960000|2|23983|936113
1200000|4|8066|6|3|2|2|840000|2|23983|886232
1200000|4|8066|6|3|0|0|120000|3|35984|110220
1200000|4|8066|6|3|1|1|960000|3|35984|940986
1200000|4|8066|6|3|2|2|840000|3|35984|895085
1200000|4|8066|6|3|0|0|120000|4|47986|114198
1200000|4|8066|6|3|1|1|960000|4|47986|947385
1200000|4|8066|6|3|2|2|840000|4|47986|902379
1200000|4|8066|6|4|0|0|120000|0|0|100491
1200000|4|8066|6|4|1|1|960000|0|0|917979
1200000|4|8066|6|4|2|2|840000|0|0|780074
1200000|4|8066|6|4|0|0|120000|1|11995|88068
1200000|4|8066|6|4|1|1|960000|1|11995|917161
1200000|4|8066|6|4|2|2|840000|1|11995|773093
1200000|4|8066|6|4|0|0|120000|2|23994|85494
1200000|4|8066|6|4|1|1|960000|2|23994|922072
1200000|4|8066|6|4|2|2|840000|2|23994|770715
1200000|4|8066|6|4|0|0|120000|3|35995|87093
1200000|4|8066|6|4|1|1|960000|3|35995|928236
1200000|4|8066|6|4|2|2|840000|3|35995|770832
1200000|4|8066|6|4|0|0|120000|4|47996|90525
1200000|4|8066|6|4|1|1|960000|4|47996|935763
1200000|4|8066|6|4|2|2|840000|4|47996|775508
1200000|4|8066|6|5|0|0|120000|0|0|106965
1200000|4|8066|6|5|1|1|960000|0|0|917354
1200000|4|8066|6|5|2|2|840000|0|0|776836
1200000|4|8066|6|5|0|0|120000|1|11993|97935
1200000|4|8066|6|5|1|1|960000|1|11993|914351
1200000|4|8066|6|5|2|2|840000|1|11993|770987
1200000|4|8066|6|5|0|0|120000|2|23994|98442
1200000|4|8066|6|5|1|1|960000|2|23994|917392
1200000|4|8066|6|5|2|2|840000|2|23994|769000
1200000|4|8066|6|5|0|0|120000|3|35996|102342
1200000|4|8066|6|5|1|1|960000|3|35996|925271
1200000|4|8066|6|5|2|2|840000|3|35996|768841
1200000|4|8066|6|5|0|0|120000|4|47996|107724
1200000|4|8066|6|5|1|1|960000|4|47996|935139
1200000|4|8066|6|5|2|2|840000|4|47996|771923
1200000|4|8067|6|1|0|0|120000|0|0|122058
1200000|4|8067|6|1|1|1|960000|0|0|924335
1200000|4|8067|6|1|2|2|840000|0|0|763262
1200000|4|8067|6|1|0|0|120000|1|11991|112209
1200000|4|8067|6|1|1|1|960000|1|11991|923085
1200000|4|8067|6|1|2|2|840000|1|11991|755934
1200000|4|8067|6|1|0|0|120000|2|23988|112131
1200000|4|8067|6|1|1|1|960000|2|23988|927728
1200000|4|8067|6|1|2|2|840000|2|23988|753711
1200000|4|8067|6|1|0|0|120000|3|35988|115719
1200000|4|8067|6|1|1|1|960000|3|35988|934125
1200000|4|8067|6|1|2|2|840000|3|35988|754998
1200000|4|8067|6|1|0|0|120000|4|47989|120867
1200000|4|8067|6|1|1|1|960000|4|47989|942782
1200000|4|8067|6|1|2|2|840000|4|47989|759248
1200000|4|8067|6|2|0|0|120000|0|0|114336
1200000|4|8067|6|2|1|1|960000|0|0|923945
1200000|4|8067|6|2|2|2|840000|0|0|768843
1200000|4|8067|6|2|0|0|120000|1|11992|105423
1200000|4|8067|6|2|1|1|960000|1|11992|924021
1200000|4|8067|6|2|2|2|840000|1|11992|759987
1200000|4|8067|6|2|0|0|120000|2|23989|103980
1200000|4|8067|6|2|1|1|960000|2|23989|926325
1200000|4|8067|6|2|2|2|840000|2|23989|756831
1200000|4|8067|6|2|0|0|120000|3|35990|107295
1200000|4|8067|6|2|1|1|960000|3|35990|932838
1200000|4|8067|6|2|2|2|840000|3|35990|755036
1200000|4|8067|6|2|0|0|120000|4|47991|111156
1200000|4|8067|6|2|1|1|960000|4|47991|941808
1200000|4|8067|6|2|2|2|840000|4|47991|756480
1200000|4|8067|6|3|0|0|120000|0|0|108642
1200000|4|8067|6|3|1|1|960000|0|0|922502
1200000|4|8067|6|3|2|2|840000|0|0|774031
1200000|4|8067|6|3|0|0|120000|1|11990|98325
1200000|4|8067|6|3|1|1|960000|1|11990|921644
1200000|4|8067|6|3|2|2|840000|1|11990|765956
1200000|4|8067|6|3|0|0|120000|2|23987|98676
1200000|4|8067|6|3|1|1|960000|2|23987|925544
1200000|4|8067|6|3|2|2|840000|2|23987|762213
1200000|4|8067|6|3|0|0|120000|3|35986|103863
1200000|4|8067|6|3|1|1|960000|3|35986|931396
1200000|4|8067|6|3|2|2|840000|3|35986|763306
1200000|4|8067|6|3|0|0|120000|4|47987|111273
1200000|4|8067|6|3|1|1|960000|4|47987|939624
1200000|4|8067|6|3|2|2|840000|4|47987|766697
1200000|4|8067|6|4|0|0|120000|0|0|162384
1200000|4|8067|6|4|1|1|960000|0|0|925037
1200000|4|8067|6|4|2|2|840000|0|0|839979
1200000|4|8067|6|4|0|0|120000|1|11992|185100
1200000|4|8067|6|4|1|1|960000|1|11992|928154
1200000|4|8067|6|4|2|2|840000|1|11992|855771
1200000|4|8067|6|4|0|0|120000|2|23990|199140
1200000|4|8067|6|4|1|1|960000|2|23990|933970
1200000|4|8067|6|4|2|2|840000|2|23990|864354
1200000|4|8067|6|4|0|0|120000|3|35990|209787
1200000|4|8067|6|4|1|1|960000|3|35990|939898
1200000|4|8067|6|4|2|2|840000|3|35990|868957
1200000|4|8067|6|4|0|0|120000|4|47991|219147
1200000|4|8067|6|4|1|1|960000|4|47991|946137
1200000|4|8067|6|4|2|2|840000|4|47991|872154
1200000|4|8067|6|5|0|0|120000|0|0|135435
1200000|4|8067|6|5|1|1|960000|0|0|920397
1200000|4|8067|6|5|2|2|840000|0|0|858738
1200000|4|8067|6|5|0|0|120000|1|11990|155382
1200000|4|8067|6|5|1|1|960000|1|11990|922306
1200000|4|8067|6|5|2|2|840000|1|11990|873127
1200000|4|8067|6|5|0|0|120000|2|23988|169305
1200000|4|8067|6|5|1|1|960000|2|23988|927690
1200000|4|8067|6|5|2|2|840000|2|23988|880733
1200000|4|8067|6|5|0|0|120000|3|35988|180693
1200000|4|8067|6|5|1|1|960000|3|35988|935724
1200000|4|8067|6|5|2|2|840000|3|35988|883504
1200000|4|8067|6|5|0|0|120000|4|47989|189507
1200000|4|8067|6|5|1|1|960000|4|47989|943836
1200000|4|8067|6|5|2|2|840000|4|47989|884713
1200000|4|8068|6|1|0|0|120000|0|0|161214
1200000|4|8068|6|1|1|1|960000|0|0|924723
1200000|4|8068|6|1|2|2|840000|0|0|835415
1200000|4|8068|6|1|0|0|120000|1|11991|183150
1200000|4|8068|6|1|1|1|960000|1|11991|925154
1200000|4|8068|6|1|2|2|840000|1|11991|848793
1200000|4|8068|6|1|0|0|120000|2|23989|197619
1200000|4|8068|6|1|1|1|960000|2|23989|930537
1200000|4|8068|6|1|2|2|840000|2|23989|854644
1200000|4|8068|6|1|0|0|120000|3|35989|208617
1200000|4|8068|6|1|1|1|960000|3|35989|938377
1200000|4|8068|6|1|2|2|840000|3|35989|856125
1200000|4|8068|6|1|0|0|120000|4|47990|216885
1200000|4|8068|6|1|1|1|960000|4|47990|946644
1200000|4|8068|6|1|2|2|840000|4|47990|856399
1200000|4|8068|6|2|0|0|120000|0|0|117300
1200000|4|8068|6|2|1|1|960000|0|0|921450
1200000|4|8068|6|2|2|2|840000|0|0|873286
1200000|4|8068|6|2|0|0|120000|1|11992|132762
1200000|4|8068|6|2|1|1|960000|1|11992|923673
1200000|4|8068|6|2|2|2|840000|1|11992|887092
1200000|4|8068|6|2|0|0|120000|2|23992|142551
1200000|4|8068|6|2|1|1|960000|2|23992|929600
1200000|4|8068|6|2|2|2|840000|2|23992|893018
1200000|4|8068|6|2|0|0|120000|3|35993|149454
1200000|4|8068|6|2|1|1|960000|3|35993|937323
1200000|4|8068|6|2|2|2|840000|3|35993|896099
1200000|4|8068|6|2|0|0|120000|4|47996|155499
1200000|4|8068|6|2|1|1|960000|4|47996|943952
1200000|4|8068|6|2|2|2|840000|4|47996|896997
1200000|4|8068|6|3|0|0|120000|0|0|116559
1200000|4|8068|6|3|1|1|960000|0|0|916341
1200000|4|8068|6|3|2|2|840000|0|0|875430
1200000|4|8068|6|3|0|0|120000|1|11998|131670
1200000|4|8068|6|3|1|1|960000|1|11998|914390
1200000|4|8068|6|3|2|2|840000|1|11998|889586
1200000|4|8068|6|3|0|0|120000|2|23999|140133
1200000|4|8068|6|3|1|1|960000|2|23999|917939
1200000|4|8068|6|3|2|2|840000|2|23999|897388
1200000|4|8068|6|3|0|0|120000|3|36003|145437
1200000|4|8068|6|3|1|1|960000|3|36003|922970
1200000|4|8068|6|3|2|2|840000|3|36003|901209
1200000|4|8068|6|3|0|0|120000|4|48007|149844
1200000|4|8068|6|3|1|1|960000|4|48007|928856
1200000|4|8068|6|3|2|2|840000|4|48007|903001
1200000|4|8068|6|4|0|0|120000|0|0|156612
1200000|4|8068|6|4|1|1|960000|0|0|914703
1200000|4|8068|6|4|2|2|840000|0|0|836546
1200000|4|8068|6|4|0|0|120000|1|11995|175974
1200000|4|8068|6|4|1|1|960000|1|11995|911623
1200000|4|8068|6|4|2|2|840000|1|11995|849418
1200000|4|8068|6|4|0|0|120000|2|23995|185802
1200000|4|8068|6|4|1|1|960000|2|23995|914118
1200000|4|8068|6|4|2|2|840000|2|23995|855540
1200000|4|8068|6|4|0|0|120000|3|35997|192120
1200000|4|8068|6|4|1|1|960000|3|35997|917941
1200000|4|8068|6|4|2|2|840000|3|35997|858037
1200000|4|8068|6|4|0|0|120000|4|48000|197736
1200000|4|8068|6|4|1|1|960000|4|48000|921840
1200000|4|8068|6|4|2|2|840000|4|48000|858930
1200000|4|8068|6|5|0|0|120000|0|0|118470
1200000|4|8068|6|5|1|1|960000|0|0|912013
1200000|4|8068|6|5|2|2|840000|0|0|869462
1200000|4|8068|6|5|0|0|120000|1|11995|132684
1200000|4|8068|6|5|1|1|960000|1|11995|907955
1200000|4|8068|6|5|2|2|840000|1|11995|882956
1200000|4|8068|6|5|0|0|120000|2|23995|141108
1200000|4|8068|6|5|1|1|960000|2|23995|909086
1200000|4|8068|6|5|2|2|840000|2|23995|889313
1200000|4|8068|6|5|0|0|120000|3|35997|147699
1200000|4|8068|6|5|1|1|960000|3|35997|912792
1200000|4|8068|6|5|2|2|840000|3|35997|891849
1200000|4|8068|6|5|0|0|120000|4|47999|153120
1200000|4|8068|6|5|1|1|960000|4|47999|916964
1200000|4|8068|6|5|2|2|840000|4|47999|892510
1200000|4|8069|6|1|0|0|120000|0|0|158211
1200000|4|8069|6|1|1|1|960000|0|0|912713
1200000|4|8069|6|1|2|2|840000|0|0|834129
1200000|4|8069|6|1|0|0|120000|1|11994|178002
1200000|4|8069|6|1|1|1|960000|1|11994|909941
1200000|4|8069|6|1|2|2|840000|1|11994|846960
1200000|4|8069|6|1|0|0|120000|2|23992|190404
1200000|4|8069|6|1|1|1|960000|2|23992|911231
1200000|4|8069|6|1|2|2|840000|2|23992|853396
1200000|4|8069|6|1|0|0|120000|3|35993|199179
1200000|4|8069|6|1|1|1|960000|3|35993|915248
1200000|4|8069|6|1|2|2|840000|3|35993|856242
1200000|4|8069|6|1|0|0|120000|4|47997|205536
1200000|4|8069|6|1|1|1|960000|4|47997|919773
1200000|4|8069|6|1|2|2|840000|4|47997|858660
1200000|4|8069|6|2|0|0|120000|0|0|152673
1200000|4|8069|6|2|1|1|960000|0|0|913221
1200000|4|8069|6|2|2|2|840000|0|0|833659
1200000|4|8069|6|2|0|0|120000|1|11991|169851
1200000|4|8069|6|2|1|1|960000|1|11991|913764
1200000|4|8069|6|2|2|2|840000|1|11991|845517
1200000|4|8069|6|2|0|0|120000|2|23987|178938
1200000|4|8069|6|2|1|1|960000|2|23987|916457
1200000|4|8069|6|2|2|2|840000|2|23987|851094
1200000|4|8069|6|2|0|0|120000|3|35988|184827
1200000|4|8069|6|2|1|1|960000|3|35988|922033
1200000|4|8069|6|2|2|2|840000|3|35988|851758
1200000|4|8069|6|2|0|0|120000|4|47989|188493
1200000|4|8069|6|2|1|1|960000|4|47989|926322
1200000|4|8069|6|2|2|2|840000|4|47989|850742
1200000|4|8069|6|3|0|0|120000|0|0|97605
1200000|4|8069|6|3|1|1|960000|0|0|920512
1200000|4|8069|6|3|2|2|840000|0|0|772467
1200000|4|8069|6|3|0|0|120000|1|11991|80580
1200000|4|8069|6|3|1|1|960000|1|11991|917668
1200000|4|8069|6|3|2|2|840000|1|11991|763342
1200000|4|8069|6|3|0|0|120000|2|23992|72858
1200000|4|8069|6|3|1|1|960000|2|23992|919851
1200000|4|8069|6|3|2|2|840000|2|23992|758585
1200000|4|8069|6|3|0|0|120000|3|35994|69777
1200000|4|8069|6|3|1|1|960000|3|35994|925077
1200000|4|8069|6|3|2|2|840000|3|35994|757416
1200000|4|8069|6|3|0|0|120000|4|47999|68295
1200000|4|8069|6|3|1|1|960000|4|47999|931201
1200000|4|8069|6|3|2|2|840000|4|47999|755192
1200000|4|8069|6|4|0|0|120000|0|0|90195
1200000|4|8069|6|4|1|1|960000|0|0|913144
1200000|4|8069|6|4|2|2|840000|0|0|780734
1200000|4|8069|6|4|0|0|120000|1|11990|72819
1200000|4|8069|6|4|1|1|960000|1|11990|910334
1200000|4|8069|6|4|2|2|840000|1|11990|771143
1200000|4|8069|6|4|0|0|120000|2|23986|64980
1200000|4|8069|6|4|1|1|960000|2|23986|912986
1200000|4|8069|6|4|2|2|840000|2|23986|766971
1200000|4|8069|6|4|0|0|120000|3|35986|59520
1200000|4|8069|6|4|1|1|960000|3|35986|918018
1200000|4|8069|6|4|2|2|840000|3|35986|765060
1200000|4|8069|6|4|0|0|120000|4|47987|56790
1200000|4|8069|6|4|1|1|960000|4|47987|923946
1200000|4|8069|6|4|2|2|840000|4|47987|763617
1200000|4|8069|6|5|0|0|120000|0|0|68082
1200000|4|8069|6|5|1|1|960000|0|0|910024
1200000|4|8069|6|5|2|2|840000|0|0|802266
1200000|4|8069|6|5|0|0|120000|1|11993|48522
1200000|4|8069|6|5|1|1|960000|1|11993|906552
1200000|4|8069|6|5|2|2|840000|1|11993|794817
1200000|4|8069|6|5|0|0|120000|2|23991|40683
1200000|4|8069|6|5|1|1|960000|2|23991|907761
1200000|4|8069|6|5|2|2|840000|2|23991|793256
1200000|4|8069|6|5|0|0|120000|3|35993|37992
1200000|4|8069|6|5|1|1|960000|3|35993|911153
1200000|4|8069|6|5|2|2|840000|3|35993|794465
1200000|4|8069|6|5|0|0|120000|4|47997|36120
1200000|4|8069|6|5|1|1|960000|4|47997|915327
1200000|4|8069|6|5|2|2|840000|4|47997|796963
1200000|4|8070|6|1|0|0|120000|0|0|77637
1200000|4|8070|6|1|1|1|960000|0|0|907332
1200000|4|8070|6|1|2|2|840000|0|0|792398
1200000|4|8070|6|1|0|0|120000|1|11995|57687
1200000|4|8070|6|1|1|1|960000|1|11995|902926
1200000|4|8070|6|1|2|2|840000|1|11995|786355
1200000|4|8070|6|1|0|0|120000|2|23994|49848
1200000|4|8070|6|1|1|1|960000|2|23994|902768
1200000|4|8070|6|1|2|2|840000|2|23994|784832
1200000|4|8070|6|1|0|0|120000|3|35995|47196
1200000|4|8070|6|1|1|1|960000|3|35995|904562
1200000|4|8070|6|1|2|2|840000|3|35995|786003
1200000|4|8070|6|1|0|0|120000|4|47998|47118
1200000|4|8070|6|1|1|1|960000|4|47998|907485
1200000|4|8070|6|1|2|2|840000|4|47998|788810
1200000|4|8070|6|2|0|0|120000|0|0|152400
1200000|4|8070|6|2|1|1|960000|0|0|912714
1200000|4|8070|6|2|2|2|840000|0|0|848325
1200000|4|8070|6|2|0|0|120000|1|11995|169890
1200000|4|8070|6|2|1|1|960000|1|11995|909517
1200000|4|8070|6|2|2|2|840000|1|11995|869110
1200000|4|8070|6|2|0|0|120000|2|23994|179601
1200000|4|8070|6|2|1|1|960000|2|23994|909943
1200000|4|8070|6|2|2|2|840000|2|23994|882490
1200000|4|8070|6|2|0|0|120000|3|35996|185919
1200000|4|8070|6|2|1|1|960000|3|35996|913260
1200000|4|8070|6|2|2|2|840000|3|35996|890368
1200000|4|8070|6|2|0|0|120000|4|48001|189624
1200000|4|8070|6|2|1|1|960000|4|48001|917860
1200000|4|8070|6|2|2|2|840000|4|48001|897778
1200000|4|8070|6|3|0|0|120000|0|0|112932
1200000|4|8070|6|3|1|1|960000|0|0|915833
1200000|4|8070|6|3|2|2|840000|0|0|877499
1200000|4|8070|6|3|0|0|120000|1|11995|125625
1200000|4|8070|6|3|1|1|960000|1|11995|912284
1200000|4|8070|6|3|2|2|840000|1|11995|894968
1200000|4|8070|6|3|0|0|120000|2|23995|133074
1200000|4|8070|6|3|1|1|960000|2|23995|914701
1200000|4|8070|6|3|2|2|840000|2|23995|904759
1200000|4|8070|6|3|0|0|120000|3|35998|137286
1200000|4|8070|6|3|1|1|960000|3|35998|919070
1200000|4|8070|6|3|2|2|840000|3|35998|912090
1200000|4|8070|6|3|0|0|120000|4|48004|139860
1200000|4|8070|6|3|1|1|960000|4|48004|924101
1200000|4|8070|6|3|2|2|840000|4|48004|918174
1200000|4|8070|6|4|0|0|120000|0|0|125022
1200000|4|8070|6|4|1|1|960000|0|0|912869
1200000|4|8070|6|4|2|2|840000|0|0|867083
1200000|4|8070|6|4|0|0|120000|1|11995|140016
1200000|4|8070|6|4|1|1|960000|1|11995|908384
1200000|4|8070|6|4|2|2|840000|1|11995|883152
1200000|4|8070|6|4|0|0|120000|2|23995|148362
1200000|4|8070|6|4|1|1|960000|2|23995|908734
1200000|4|8070|6|4|2|2|840000|2|23995|890795
1200000|4|8070|6|4|0|0|120000|3|35997|152340
1200000|4|8070|6|4|1|1|960000|3|35997|911697
1200000|4|8070|6|4|2|2|840000|3|35997|894968
1200000|4|8070|6|4|0|0|120000|4|48000|153822
1200000|4|8070|6|4|1|1|960000|4|48000|915054
1200000|4|8070|6|4|2|2|840000|4|48000|898673
1200000|4|8070|6|5|0|0|120000|0|0|151542
1200000|4|8070|6|5|1|1|960000|0|0|909517
1200000|4|8070|6|5|2|2|840000|0|0|840640
1200000|4|8070|6|5|0|0|120000|1|11998|167433
1200000|4|8070|6|5|1|1|960000|1|11998|902731
1200000|4|8070|6|5|2|2|840000|1|11998|855890
1200000|4|8070|6|5|0|0|120000|2|23999|174843
1200000|4|8070|6|5|1|1|960000|2|23999|901559
1200000|4|8070|6|5|2|2|840000|2|23999|864315
1200000|4|8070|6|5|0|0|120000|3|36003|177495
1200000|4|8070|6|5|1|1|960000|3|36003|902184
1200000|4|8070|6|5|2|2|840000|3|36003|868953
1200000|4|8070|6|5|0|0|120000|4|48008|178899
1200000|4|8070|6|5|1|1|960000|4|48008|904797
1200000|4|8070|6|5|2|2|840000|4|48008|871802
1200000|4|8071|6|1|0|0|120000|0|0|150684
1200000|4|8071|6|1|1|1|960000|0|0|908735
1200000|4|8071|6|1|2|2|840000|0|0|837482
1200000|4|8071|6|1|0|0|120000|1|11996|166731
1200000|4|8071|6|1|1|1|960000|1|11996|903155
1200000|4|8071|6|1|2|2|840000|1|11996|850979
1200000|4|8071|6|1|0|0|120000|2|23996|173517
1200000|4|8071|6|1|1|1|960000|2|23996|902341
1200000|4|8071|6|1|2|2|840000|2|23996|857681
1200000|4|8071|6|1|0|0|120000|3|35998|176637
1200000|4|8071|6|1|1|1|960000|3|35998|903861
1200000|4|8071|6|1|2|2|840000|3|35998|860412
1200000|4|8071|6|1|0|0|120000|4|48001|179055
1200000|4|8071|6|1|1|1|960000|4|48001|906900
1200000|4|8071|6|1|2|2|840000|4|48001|862209
1200000|4|8071|6|2|0|0|120000|0|1|127596
1200000|4|8071|6|2|1|1|960000|0|1|910373
1200000|4|8071|6|2|2|2|840000|0|1|862755
1200000|4|8071|6|2|0|0|120000|1|11996|141576
1200000|4|8071|6|2|1|1|960000|1|11996|904953
1200000|4|8071|6|2|2|2|840000|1|11996|877262
1200000|4|8071|6|2|0|0|120000|2|23996|147153
1200000|4|8071|6|2|1|1|960000|2|23996|904875
1200000|4|8071|6|2|2|2|840000|2|23996|884437
1200000|4|8071|6|2|0|0|120000|3|35998|150702
1200000|4|8071|6|2|1|1|960000|3|35998|906786
1200000|4|8071|6|2|2|2|840000|3|35998|887832
1200000|4|8071|6|2|0|0|120000|4|48001|153042
1200000|4|8071|6|2|1|1|960000|4|48001|909203
1200000|4|8071|6|2|2|2|840000|4|48001|888533
1200000|4|8071|6|3|0|0|120000|0|0|153063
1200000|4|8071|6|3|1|1|960000|0|0|911037
1200000|4|8071|6|3|2|2|840000|0|0|837872
1200000|4|8071|6|3|0|0|120000|1|11994|169578
1200000|4|8071|6|3|1|1|960000|1|11994|907097
1200000|4|8071|6|3|2|2|840000|1|11994|850896
1200000|4|8071|6|3|0|0|120000|2|23991|178587
1200000|4|8071|6|3|1|1|960000|2|23991|907173
1200000|4|8071|6|3|2|2|840000|2|23991|857685
1200000|4|8071|6|3|0|0|120000|3|35993|184515
1200000|4|8071|6|3|1|1|960000|3|35993|909361
1200000|4|8071|6|3|2|2|840000|3|35993|860219
1200000|4|8071|6|3|0|0|120000|4|47996|188220
1200000|4|8071|6|3|1|1|960000|4|47996|912676
1200000|4|8071|6|3|2|2|840000|4|47996|861036
1200000|4|8071|6|4|0|0|120000|0|0|126816
1200000|4|8071|6|4|1|1|960000|0|0|913104
1200000|4|8071|6|4|2|2|840000|0|0|861584
1200000|4|8071|6|4|0|0|120000|1|11993|142083
1200000|4|8071|6|4|1|1|960000|1|11993|908503
1200000|4|8071|6|4|2|2|840000|1|11993|875352
1200000|4|8071|6|4|0|0|120000|2|23991|151287
1200000|4|8071|6|4|1|1|960000|2|23991|909595
1200000|4|8071|6|4|2|2|840000|2|23991|880926
1200000|4|8071|6|4|0|0|120000|3|35993|156318
1200000|4|8071|6|4|1|1|960000|3|35993|912830
1200000|4|8071|6|4|2|2|840000|3|35993|883463
1200000|4|8071|6|4|0|0|120000|4|47996|159477
1200000|4|8071|6|4|1|1|960000|4|47996|916418
1200000|4|8071|6|4|2|2|840000|4|47996|884048
1200000|4|8071|6|5|0|0|120000|0|0|152088
1200000|4|8071|6|5|1|1|960000|0|0|913377
1200000|4|8071|6|5|2|2|840000|0|0|840720
1200000|4|8071|6|5|0|0|120000|1|11996|168915
1200000|4|8071|6|5|1|1|960000|1|11996|908813
1200000|4|8071|6|5|2|2|840000|1|11996|854914
1200000|4|8071|6|5|0|0|120000|2|23998|177534
1200000|4|8071|6|5|1|1|960000|2|23998|909516
1200000|4|8071|6|5|2|2|840000|2|23998|861077
1200000|4|8071|6|5|0|0|120000|3|36001|182019
1200000|4|8071|6|5|1|1|960000|3|36001|912167
1200000|4|8071|6|5|2|2|840000|3|36001|863846
1200000|4|8071|6|5|0|0|120000|4|48004|184866
1200000|4|8071|6|5|1|1|960000|4|48004|914702
1200000|4|8071|6|5|2|2|840000|4|48004|865486
1200000|4|8072|6|1|0|0|120000|0|0|124827
1200000|4|8072|6|1|1|1|960000|0|0|910063
1200000|4|8072|6|1|2|2|840000|0|0|864898
1200000|4|8072|6|1|0|0|120000|1|11999|138963
1200000|4|8072|6|1|1|1|960000|1|11999|904134
1200000|4|8072|6|1|2|2|840000|1|11999|879486
1200000|4|8072|6|1|0|0|120000|2|24002|145320
1200000|4|8072|6|1|1|1|960000|2|24002|903706
1200000|4|8072|6|1|2|2|840000|2|24002|887009
1200000|4|8072|6|1|0|0|120000|3|36007|148206
1200000|4|8072|6|1|1|1|960000|3|36007|905343
1200000|4|8072|6|1|2|2|840000|3|36007|891771
1200000|4|8072|6|1|0|0|120000|4|48013|149805
1200000|4|8072|6|1|1|1|960000|4|48013|908229
1200000|4|8072|6|1|2|2|840000|4|48013|894149
1200000|4|8072|6|2|0|0|120000|0|0|151659
1200000|4|8072|6|2|1|1|960000|0|0|910491
1200000|4|8072|6|2|2|2|840000|0|0|839237
1200000|4|8072|6|2|0|0|120000|1|11999|166302
1200000|4|8072|6|2|1|1|960000|1|11999|904835
1200000|4|8072|6|2|2|2|840000|1|11999|854448
1200000|4|8072|6|2|0|0|120000|2|24002|172386
1200000|4|8072|6|2|1|1|960000|2|24002|904057
1200000|4|8072|6|2|2|2|840000|2|24002|861856
1200000|4|8072|6|2|0|0|120000|3|36006|175896
1200000|4|8072|6|2|1|1|960000|3|36006|905890
1200000|4|8072|6|2|2|2|840000|3|36006|866227
1200000|4|8072|6|2|0|0|120000|4|48011|177963
1200000|4|8072|6|2|1|1|960000|4|48011|907762
1200000|4|8072|6|2|2|2|840000|4|48011|868212
1200000|4|8072|6|3|0|0|120000|0|0|111099
1200000|4|8072|6|3|1|1|960000|0|0|906666
1200000|4|8072|6|3|2|2|840000|0|0|872545
1200000|4|8072|6|3|0|0|120000|1|11995|122505
1200000|4|8072|6|3|1|1|960000|1|11995|900937
1200000|4|8072|6|3|2|2|840000|1|11995|886857
1200000|4|8072|6|3|0|0|120000|2|23995|129096
1200000|4|8072|6|3|1|1|960000|2|23995|899455
1200000|4|8072|6|3|2|2|840000|2|23995|893487
1200000|4|8072|6|3|0|0|120000|3|35995|133308
1200000|4|8072|6|3|1|1|960000|3|35995|900352
1200000|4|8072|6|3|2|2|840000|3|35995|895397
1200000|4|8072|6|3|0|0|120000|4|47996|136428
1200000|4|8072|6|3|1|1|960000|4|47996|902573
1200000|4|8072|6|3|2|2|840000|4|47996|895631
1200000|4|8072|6|4|0|0|120000|0|0|126270
1200000|4|8072|6|4|1|1|960000|0|0|910566
1200000|4|8072|6|4|2|2|840000|0|0|859087
1200000|4|8072|6|4|0|0|120000|1|11994|141147
1200000|4|8072|6|4|1|1|960000|1|11994|905811
1200000|4|8072|6|4|2|2|840000|1|11994|871761
1200000|4|8072|6|4|0|0|120000|2|23992|149883
1200000|4|8072|6|4|1|1|960000|2|23992|906630
1200000|4|8072|6|4|2|2|840000|2|23992|876055
1200000|4|8072|6|4|0|0|120000|3|35992|154836
1200000|4|8072|6|4|1|1|960000|3|35992|909945
1200000|4|8072|6|4|2|2|840000|3|35992|877030
1200000|4|8072|6|4|0|0|120000|4|47994|158112
1200000|4|8072|6|4|1|1|960000|4|47994|913609
1200000|4|8072|6|4|2|2|840000|4|47994|877653
1200000|4|8072|6|5|0|0|120000|0|0|114375
1200000|4|8072|6|5|1|1|960000|0|0|912636
1200000|4|8072|6|5|2|2|840000|0|0|872736
1200000|4|8072|6|5|0|0|120000|1|11995|127458
1200000|4|8072|6|5|1|1|960000|1|11995|908659
1200000|4|8072|6|5|2|2|840000|1|11995|885063
1200000|4|8072|6|5|0|0|120000|2|23994|134985
1200000|4|8072|6|5|1|1|960000|2|23994|909399
1200000|4|8072|6|5|2|2|840000|2|23994|889665
1200000|4|8072|6|5|0|0|120000|3|35996|138690
1200000|4|8072|6|5|1|1|960000|3|35996|912713
1200000|4|8072|6|5|2|2|840000|3|35996|891185
1200000|4|8072|6|5|0|0|120000|4|47998|139743
1200000|4|8072|6|5|1|1|960000|4|47998|916652
1200000|4|8072|6|5|2|2|840000|4|47998|890795
1200000|4|8073|6|1|0|0|120000|0|0|152517
1200000|4|8073|6|1|1|1|960000|0|0|911622
1200000|4|8073|6|1|2|2|840000|0|0|837483
1200000|4|8073|6|1|0|0|120000|1|11997|168837
1200000|4|8073|6|1|1|1|960000|1|11997|906434
1200000|4|8073|6|1|2|2|840000|1|11997|850041
1200000|4|8073|6|1|0|0|120000|2|23998|176442
1200000|4|8073|6|1|1|1|960000|2|23998|906553
1200000|4|8073|6|1|2|2|840000|2|23998|855930
1200000|4|8073|6|1|0|0|120000|3|36002|179367
1200000|4|8073|6|1|1|1|960000|3|36002|908694
1200000|4|8073|6|1|2|2|840000|3|36002|858462
1200000|4|8073|6|1|0|0|120000|4|48006|180927
1200000|4|8073|6|1|1|1|960000|4|48006|911309
1200000|4|8073|6|1|2|2|840000|4|48006|858503
1200000|4|8073|6|2|0|0|120000|0|0|151737
1200000|4|8073|6|2|1|1|960000|0|0|909243
1200000|4|8073|6|2|2|2|840000|0|0|837287
1200000|4|8073|6|2|0|0|120000|1|11997|166536
1200000|4|8073|6|2|1|1|960000|1|11997|902925
1200000|4|8073|6|2|2|2|840000|1|11997|850940
1200000|4|8073|6|2|0|0|120000|2|23999|173049
1200000|4|8073|6|2|1|1|960000|2|23999|901248
1200000|4|8073|6|2|2|2|840000|2|23999|857294
1200000|4|8073|6|2|0|0|120000|3|36002|176520
1200000|4|8073|6|2|1|1|960000|3|36002|902769
1200000|4|8073|6|2|2|2|840000|3|36002|859675
1200000|4|8073|6|2|0|0|120000|4|48006|179016
1200000|4|8073|6|2|1|1|960000|4|48006|904446
1200000|4|8073|6|2|2|2|840000|4|48006|859829
1200000|4|8073|6|3|0|0|120000|0|1|110787
1200000|4|8073|6|3|1|1|960000|0|1|908659
1200000|4|8073|6|3|2|2|840000|0|1|872116
1200000|4|8073|6|3|0|0|120000|1|11996|122895
1200000|4|8073|6|3|1|1|960000|1|11996|903589
1200000|4|8073|6|3|2|2|840000|1|11996|884946
1200000|4|8073|6|3|0|0|120000|2|23995|129876
1200000|4|8073|6|3|1|1|960000|2|23995|903039
1200000|4|8073|6|3|2|2|840000|2|23995|890875
1200000|4|8073|6|3|0|0|120000|3|35996|134322
1200000|4|8073|6|3|1|1|960000|3|35996|905187
1200000|4|8073|6|3|2|2|840000|3|35996|891923
1200000|4|8073|6|3|0|0|120000|4|47999|136974
1200000|4|8073|6|3|1|1|960000|4|47999|907995
1200000|4|8073|6|3|2|2|840000|4|47999|891890
1200000|4|8073|6|4|0|0|120000|0|0|148539
1200000|4|8073|6|4|1|1|960000|0|0|911193
1200000|4|8073|6|4|2|2|840000|0|0|837483
1200000|4|8073|6|4|0|0|120000|1|11994|162831
1200000|4|8073|6|4|1|1|960000|1|11994|907098
1200000|4|8073|6|4|2|2|840000|1|11994|849534
1200000|4|8073|6|4|0|0|120000|2|23992|169383
1200000|4|8073|6|4|1|1|960000|2|23992|906981
1200000|4|8073|6|4|2|2|840000|2|23992|855306
1200000|4|8073|6|4|0|0|120000|3|35994|172581
1200000|4|8073|6|4|1|1|960000|3|35994|909865
1200000|4|8073|6|4|2|2|840000|3|35994|856591
1200000|4|8073|6|4|0|0|120000|4|47997|173829
1200000|4|8073|6|4|1|1|960000|4|47997|913689
1200000|4|8073|6|4|2|2|840000|4|47997|857255
1200000|4|8073|6|5|0|0|120000|0|0|119718
1200000|4|8073|6|5|1|1|960000|0|0|910683
1200000|4|8073|6|5|2|2|840000|0|0|864082
1200000|4|8073|6|5|0|0|120000|1|11993|130929
1200000|4|8073|6|5|1|1|960000|1|11993|907565
1200000|4|8073|6|5|2|2|840000|1|11993|876444
1200000|4|8073|6|5|0|0|120000|2|23992|135726
1200000|4|8073|6|5|1|1|960000|2|23992|908813
1200000|4|8073|6|5|2|2|840000|2|23992|882486
1200000|4|8073|6|5|0|0|120000|3|35995|137598
1200000|4|8073|6|5|1|1|960000|3|35995|912281
1200000|4|8073|6|5|2|2|840000|3|35995|883968
1200000|4|8073|6|5|0|0|120000|4|47998|137988
1200000|4|8073|6|5|1|1|960000|4|47998|915951
1200000|4|8073|6|5|2|2|840000|4|47998|884206
1200000|4|8074|6|1|0|0|120000|0|0|87309
1200000|4|8074|6|1|1|1|960000|0|0|916224
1200000|4|8074|6|1|2|2|840000|0|0|782181
1200000|4|8074|6|1|0|0|120000|1|11995|67944
1200000|4|8074|6|1|1|1|960000|1|11995|913646
1200000|4|8074|6|1|2|2|840000|1|11995|770715
1200000|4|8074|6|1|0|0|120000|2|23993|58623
1200000|4|8074|6|1|1|1|960000|2|23993|915131
1200000|4|8074|6|1|2|2|840000|2|23993|764085
1200000|4|8074|6|1|0|0|120000|3|35995|53358
1200000|4|8074|6|1|1|1|960000|3|35995|918916
1200000|4|8074|6|1|2|2|840000|3|35995|760848
1200000|4|8074|6|1|0|0|120000|4|47998|49653
1200000|4|8074|6|1|1|1|960000|4|47998|923907
1200000|4|8074|6|1|2|2|840000|4|47998|759054
1200000|4|8074|6|2|0|0|120000|0|0|89337
1200000|4|8074|6|2|1|1|960000|0|0|908618
1200000|4|8074|6|2|2|2|840000|0|0|783545
1200000|4|8074|6|2|0|0|120000|1|11997|72663
1200000|4|8074|6|2|1|1|960000|1|11997|902029
1200000|4|8074|6|2|2|2|840000|1|11997|775590
1200000|4|8074|6|2|0|0|120000|2|23998|65526
1200000|4|8074|6|2|1|1|960000|2|23998|901986
1200000|4|8074|6|2|2|2|840000|2|23998|772428
1200000|4|8074|6|2|0|0|120000|3|36002|62094
1200000|4|8074|6|2|1|1|960000|3|36002|903704
1200000|4|8074|6|2|2|2|840000|3|36002|770130
1200000|4|8074|6|2|0|0|120000|4|48004|60768
1200000|4|8074|6|2|1|1|960000|4|48004|905888
1200000|4|8074|6|2|2|2|840000|4|48004|769658
1200000|4|8074|6|3|0|0|120000|0|0|153765
1200000|4|8074|6|3|1|1|960000|0|0|905886
1200000|4|8074|6|3|2|2|840000|0|0|901013
1200000|4|8074|6|3|0|0|120000|1|11994|175428
1200000|4|8074|6|3|1|1|960000|1|11994|908892
1200000|4|8074|6|3|2|2|840000|1|11994|923827
1200000|4|8074|6|3|0|0|120000|2|23993|186660
1200000|4|8074|6|3|1|1|960000|2|23993|912948
1200000|4|8074|6|3|2|2|840000|2|23993|935919
1200000|4|8074|6|3|0|0|120000|3|35995|193524
1200000|4|8074|6|3|1|1|960000|3|35995|918330
1200000|4|8074|6|3|2|2|840000|3|35995|942119
1200000|4|8074|6|3|0|0|120000|4|47998|196683
1200000|4|8074|6|3|1|1|960000|4|47998|923866
1200000|4|8074|6|3|2|2|840000|4|47998|945200
1200000|4|8074|6|4|0|0|120000|0|1|60321
1200000|4|8074|6|4|1|1|960000|0|1|915367
1200000|4|8074|6|4|2|2|840000|0|1|803826
1200000|4|8074|6|4|0|0|120000|1|11994|37758
1200000|4|8074|6|4|1|1|960000|1|11994|913025
1200000|4|8074|6|4|2|2|840000|1|11994|793608
1200000|4|8074|6|4|0|0|120000|2|23993|28164
1200000|4|8074|6|4|1|1|960000|2|23993|914000
1200000|4|8074|6|4|2|2|840000|2|23993|788461
1200000|4|8074|6|4|0|0|120000|3|35995|24069
1200000|4|8074|6|4|1|1|960000|3|35995|917746
1200000|4|8074|6|4|2|2|840000|3|35995|786935
1200000|4|8074|6|4|0|0|120000|4|47998|22080
1200000|4|8074|6|4|1|1|960000|4|47998|922698
1200000|4|8074|6|4|2|2|840000|4|47998|786861
1200000|4|8074|6|5|0|0|120000|0|0|93744
1200000|4|8074|6|5|1|1|960000|0|0|909983
1200000|4|8074|6|5|2|2|840000|0|0|783274
1200000|4|8074|6|5|0|0|120000|1|11996|78318
1200000|4|8074|6|5|1|1|960000|1|11996|903508
1200000|4|8074|6|5|2|2|840000|1|11996|776019
1200000|4|8074|6|5|0|0|120000|2|23997|72390
1200000|4|8074|6|5|1|1|960000|2|23997|902963
1200000|4|8074|6|5|2|2|840000|2|23997|773329
1200000|4|8074|6|5|0|0|120000|3|36001|70245
1200000|4|8074|6|5|1|1|960000|3|36001|904213
1200000|4|8074|6|5|2|2|840000|3|36001|771689
1200000|4|8074|6|5|0|0|120000|4|48003|69582
1200000|4|8074|6|5|1|1|960000|4|48003|905927
1200000|4|8074|6|5|2|2|840000|4|48003|772002
1200000|4|8075|6|1|0|0|120000|0|0|179856
1200000|4|8075|6|1|1|1|960000|0|0|905031
1200000|4|8075|6|1|2|2|840000|0|0|875312
1200000|4|8075|6|1|0|0|120000|1|11992|203157
1200000|4|8075|6|1|1|1|960000|1|11992|908618
1200000|4|8075|6|1|2|2|840000|1|11992|898908
1200000|4|8075|6|1|0|0|120000|2|23991|215442
1200000|4|8075|6|1|1|1|960000|2|23991|912986
1200000|4|8075|6|1|2|2|840000|2|23991|910879
1200000|4|8075|6|1|0|0|120000|3|35991|222657
1200000|4|8075|6|1|1|1|960000|3|35991|918330
1200000|4|8075|6|1|2|2|840000|3|35991|915951
1200000|4|8075|6|1|0|0|120000|4|47991|226635
1200000|4|8075|6|1|1|1|960000|4|47991|924218
1200000|4|8075|6|1|2|2|840000|4|47991|919069
1200000|4|8075|6|2|0|0|120000|0|0|150762
1200000|4|8075|6|2|1|1|960000|0|0|917664
1200000|4|8075|6|2|2|2|840000|0|0|838494
1200000|4|8075|6|2|0|0|120000|1|11990|165951
1200000|4|8075|6|2|1|1|960000|1|11990|915210
1200000|4|8075|6|2|2|2|840000|1|11990|852108
1200000|4|8075|6|2|0|0|120000|2|23986|173556
1200000|4|8075|6|2|1|1|960000|2|23986|917706
1200000|4|8075|6|2|2|2|840000|2|23986|858856
1200000|4|8075|6|2|0|0|120000|3|35986|177105
1200000|4|8075|6|2|1|1|960000|3|35986|922075
1200000|4|8075|6|2|2|2|840000|3|35986|861624
1200000|4|8075|6|2|0|0|120000|4|47986|178509
1200000|4|8075|6|2|1|1|960000|4|47986|927885
1200000|4|8075|6|2|2|2|840000|4|47986|862482
1200000|4|8075|6|3|0|0|120000|0|0|119211
1200000|4|8075|6|3|1|1|960000|0|0|912635
1200000|4|8075|6|3|2|2|840000|0|0|868409
1200000|4|8075|6|3|0|0|120000|1|11995|131553
1200000|4|8075|6|3|1|1|960000|1|11995|909167
1200000|4|8075|6|3|2|2|840000|1|11995|882684
1200000|4|8075|6|3|0|0|120000|2|23992|137169
1200000|4|8075|6|3|1|1|960000|2|23992|910803
1200000|4|8075|6|3|2|2|840000|2|23992|890134
1200000|4|8075|6|3|0|0|120000|3|35994|138963
1200000|4|8075|6|3|1|1|960000|3|35994|914819
1200000|4|8075|6|3|2|2|840000|3|35994|896371
1200000|4|8075|6|3|0|0|120000|4|47999|139587
1200000|4|8075|6|3|1|1|960000|4|47999|918720
1200000|4|8075|6|3|2|2|840000|4|47999|901598
1200000|4|8075|6|4|0|0|120000|0|0|121746
1200000|4|8075|6|4|1|1|960000|0|0|910452
1200000|4|8075|6|4|2|2|840000|0|0|865874
1200000|4|8075|6|4|0|0|120000|1|11995|133854
1200000|4|8075|6|4|1|1|960000|1|11995|905225
1200000|4|8075|6|4|2|2|840000|1|11995|878820
1200000|4|8075|6|4|0|0|120000|2|23992|138300
1200000|4|8075|6|4|1|1|960000|2|23992|905304
1200000|4|8075|6|4|2|2|840000|2|23992|885414
1200000|4|8075|6|4|0|0|120000|3|35992|138963
1200000|4|8075|6|4|1|1|960000|3|35992|907683
1200000|4|8075|6|4|2|2|840000|3|35992|888847
1200000|4|8075|6|4|0|0|120000|4|47994|138729
1200000|4|8075|6|4|1|1|960000|4|47994|910607
1200000|4|8075|6|4|2|2|840000|4|47994|890173
1200000|4|8075|6|5|0|0|120000|0|0|121317
1200000|4|8075|6|5|1|1|960000|0|0|908226
1200000|4|8075|6|5|2|2|840000|0|0|862286
1200000|4|8075|6|5|0|0|120000|1|11994|132138
1200000|4|8075|6|5|1|1|960000|1|11994|901833
1200000|4|8075|6|5|2|2|840000|1|11994|874884
1200000|4|8075|6|5|0|0|120000|2|23992|135921
1200000|4|8075|6|5|1|1|960000|2|23992|900428
1200000|4|8075|6|5|2|2|840000|2|23992|880731
1200000|4|8075|6|5|0|0|120000|3|35992|137091
1200000|4|8075|6|5|1|1|960000|3|35992|901987
1200000|4|8075|6|5|2|2|840000|3|35992|882330
1200000|4|8075|6|5|0|0|120000|4|47993|137286
1200000|4|8075|6|5|1|1|960000|4|47993|904251
1200000|4|8075|6|5|2|2|840000|4|47993|882138
1200000|4|8076|6|1|0|0|120000|0|0|107394
1200000|4|8076|6|1|1|1|960000|0|0|907058
1200000|4|8076|6|1|2|2|840000|0|0|872229
1200000|4|8076|6|1|0|0|120000|1|11993|117825
1200000|4|8076|6|1|1|1|960000|1|11993|901990
1200000|4|8076|6|1|2|2|840000|1|11993|885023
1200000|4|8076|6|1|0|0|120000|2|23989|123285
1200000|4|8076|6|1|1|1|960000|2|23989|901366
1200000|4|8076|6|1|2|2|840000|2|23989|891420
1200000|4|8076|6|1|0|0|120000|3|35990|126600
1200000|4|8076|6|1|1|1|960000|3|35990|903861
1200000|4|8076|6|1|2|2|840000|3|35990|893719
1200000|4|8076|6|1|0|0|120000|4|47991|128199
1200000|4|8076|6|1|1|1|960000|4|47991|906863
1200000|4|8076|6|1|2|2|840000|4|47991|894891
1200000|4|8076|6|2|0|0|120000|0|0|146433
1200000|4|8076|6|2|1|1|960000|0|0|912050
1200000|4|8076|6|2|2|2|840000|0|0|839901
1200000|4|8076|6|2|0|0|120000|1|11993|160530
1200000|4|8076|6|2|1|1|960000|1|11993|908034
1200000|4|8076|6|2|2|2|840000|1|11993|853084
1200000|4|8076|6|2|0|0|120000|2|23991|167238
1200000|4|8076|6|2|1|1|960000|2|23991|909438
1200000|4|8076|6|2|2|2|840000|2|23991|858933
1200000|4|8076|6|2|0|0|120000|3|35993|170514
1200000|4|8076|6|2|1|1|960000|3|35993|913102
1200000|4|8076|6|2|2|2|840000|3|35993|861313
1200000|4|8076|6|2|0|0|120000|4|47996|171372
1200000|4|8076|6|2|1|1|960000|4|47996|917591
1200000|4|8076|6|2|2|2|840000|4|47996|863846
1200000|4|8076|6|3|0|0|120000|0|0|91794
1200000|4|8076|6|3|1|1|960000|0|0|916105
1200000|4|8076|6|3|2|2|840000|0|0|776759
1200000|4|8076|6|3|0|0|120000|1|11994|71220
1200000|4|8076|6|3|1|1|960000|1|11994|912714
1200000|4|8076|6|3|2|2|840000|1|11994|766268
1200000|4|8076|6|3|0|0|120000|2|23993|61041
1200000|4|8076|6|3|1|1|960000|2|23993|915249
1200000|4|8076|6|3|2|2|840000|2|23993|761589
1200000|4|8076|6|3|0|0|120000|3|35995|54918
1200000|4|8076|6|3|1|1|960000|3|35995|919733
1200000|4|8076|6|3|2|2|840000|3|35995|759948
1200000|4|8076|6|3|0|0|120000|4|47998|51564
1200000|4|8076|6|3|1|1|960000|4|47998|925464
1200000|4|8076|6|3|2|2|840000|4|47998|760185
1200000|4|8076|6|4|0|0|120000|0|1|66327
1200000|4|8076|6|4|1|1|960000|0|1|914704
1200000|4|8076|6|4|2|2|840000|0|1|805541
1200000|4|8076|6|4|0|0|120000|1|11995|45519
1200000|4|8076|6|4|1|1|960000|1|11995|910958
1200000|4|8076|6|4|2|2|840000|1|11995|798909
1200000|4|8076|6|4|0|0|120000|2|23996|35340
1200000|4|8076|6|4|1|1|960000|2|23996|912636
1200000|4|8076|6|4|2|2|840000|2|23996|797431
1200000|4|8076|6|4|0|0|120000|3|36000|30504
1200000|4|8076|6|4|1|1|960000|3|36000|916496
1200000|4|8076|6|4|2|2|840000|3|36000|797624
1200000|4|8076|6|4|0|0|120000|4|48004|28944
1200000|4|8076|6|4|1|1|960000|4|48004|921057
1200000|4|8076|6|4|2|2|840000|4|48004|798364
1200000|4|8076|6|5|0|0|120000|0|0|112776
1200000|4|8076|6|5|1|1|960000|0|0|909048
1200000|4|8076|6|5|2|2|840000|0|0|762602
1200000|4|8076|6|5|0|0|120000|1|11994|97272
1200000|4|8076|6|5|1|1|960000|1|11994|903666
1200000|4|8076|6|5|2|2|840000|1|11994|756479
1200000|4|8076|6|5|0|0|120000|2|23994|90837
1200000|4|8076|6|5|1|1|960000|2|23994|903860
1200000|4|8076|6|5|2|2|840000|2|23994|755895
1200000|4|8076|6|5|0|0|120000|3|35996|88341
1200000|4|8076|6|5|1|1|960000|3|35996|906123
1200000|4|8076|6|5|2|2|840000|3|35996|757026
1200000|4|8076|6|5|0|0|120000|4|47999|88653
1200000|4|8076|6|5|1|1|960000|4|47999|909515
1200000|4|8076|6|5|2|2|840000|4|47999|760225
1200000|4|8077|6|1|0|0|120000|0|0|106770
1200000|4|8077|6|1|1|1|960000|0|0|913610
1200000|4|8077|6|1|2|2|840000|0|0|840135
1200000|4|8077|6|1|0|0|120000|1|11986|112326
1200000|4|8077|6|1|1|1|960000|1|11986|919809
1200000|4|8077|6|1|2|2|840000|1|11986|853431
1200000|4|8077|6|1|0|0|120000|2|23981|115797
1200000|4|8077|6|1|1|1|960000|2|23981|925230
1200000|4|8077|6|1|2|2|840000|2|23981|863847
1200000|4|8077|6|1|0|0|120000|3|35982|117981
1200000|4|8077|6|1|1|1|960000|3|35982|929990
1200000|4|8077|6|1|2|2|840000|3|35982|872076
1200000|4|8077|6|1|0|0|120000|4|47983|119697
1200000|4|8077|6|1|1|1|960000|4|47983|934787
1200000|4|8077|6|1|2|2|840000|4|47983|878627
1200000|4|8077|6|2|0|0|120000|0|0|152478
1200000|4|8077|6|2|1|1|960000|0|0|910568
1200000|4|8077|6|2|2|2|840000|0|0|839589
1200000|4|8077|6|2|0|0|120000|1|11994|169071
1200000|4|8077|6|2|1|1|960000|1|11994|906901
1200000|4|8077|6|2|2|2|840000|1|11994|855540
1200000|4|8077|6|2|0|0|120000|2|23992|178509
1200000|4|8077|6|2|1|1|960000|2|23992|907525
1200000|4|8077|6|2|2|2|840000|2|23992|865287
1200000|4|8077|6|2|0|0|120000|3|35994|184827
1200000|4|8077|6|2|1|1|960000|3|35994|910688
1200000|4|8077|6|2|2|2|840000|3|35994|870944
1200000|4|8077|6|2|0|0|120000|4|47996|189117
1200000|4|8077|6|2|1|1|960000|4|47996|913729
1200000|4|8077|6|2|2|2|840000|4|47996|875939
1200000|4|8077|6|3|0|0|120000|0|0|125100
1200000|4|8077|6|3|1|1|960000|0|0|911114
1200000|4|8077|6|3|2|2|840000|0|0|863301
1200000|4|8077|6|3|0|0|120000|1|11993|139353
1200000|4|8077|6|3|1|1|960000|1|11993|907685
1200000|4|8077|6|3|2|2|840000|1|11993|878316
1200000|4|8077|6|3|0|0|120000|2|23991|148245
1200000|4|8077|6|3|1|1|960000|2|23991|909010
1200000|4|8077|6|3|2|2|840000|2|23991|887712
1200000|4|8077|6|3|0|0|120000|3|35994|153861
1200000|4|8077|6|3|1|1|960000|3|35994|913102
1200000|4|8077|6|3|2|2|840000|3|35994|893721
1200000|4|8077|6|3|0|0|120000|4|47999|157215
1200000|4|8077|6|3|1|1|960000|4|47999|917588
1200000|4|8077|6|3|2|2|840000|4|47999|896491
1200000|4|8077|6|4|0|0|120000|0|0|112698
1200000|4|8077|6|4|1|1|960000|0|0|912091
1200000|4|8077|6|4|2|2|840000|0|0|872973
1200000|4|8077|6|4|0|0|120000|1|11994|125664
1200000|4|8077|6|4|1|1|960000|1|11994|909279
1200000|4|8077|6|4|2|2|840000|1|11994|887403
1200000|4|8077|6|4|0|0|120000|2|23992|133503
1200000|4|8077|6|4|1|1|960000|2|23992|910842
1200000|4|8077|6|4|2|2|840000|2|23992|895710
1200000|4|8077|6|4|0|0|120000|3|35994|139470
1200000|4|8077|6|4|1|1|960000|3|35994|915092
1200000|4|8077|6|4|2|2|840000|3|35994|898518
1200000|4|8077|6|4|0|0|120000|4|47995|143409
1200000|4|8077|6|4|1|1|960000|4|47995|921566
1200000|4|8077|6|4|2|2|840000|4|47995|899063
1200000|4|8077|6|5|0|0|120000|0|0|152595
1200000|4|8077|6|5|1|1|960000|0|0|917082
1200000|4|8077|6|5|2|2|840000|0|0|834715
1200000|4|8077|6|5|0|0|120000|1|11989|169383
1200000|4|8077|6|5|1|1|960000|1|11989|916185
1200000|4|8077|6|5|2|2|840000|1|11989|847115
1200000|4|8077|6|5|0|0|120000|2|23985|178782
1200000|4|8077|6|5|1|1|960000|2|23985|918954
1200000|4|8077|6|5|2|2|840000|2|23985|852342
1200000|4|8077|6|5|0|0|120000|3|35985|184008
1200000|4|8077|6|5|1|1|960000|3|35985|923868
1200000|4|8077|6|5|2|2|840000|3|35985|853629
1200000|4|8077|6|5|0|0|120000|4|47985|187206
1200000|4|8077|6|5|1|1|960000|4|47985|928860
1200000|4|8077|6|5|2|2|840000|4|47985|853589
1200000|4|8078|6|1|0|0|120000|0|0|2370284
1200000|4|8078|6|1|1|1|960000|0|0|924187
1200000|4|8078|6|1|2|2|840000|0|0|938022
1200000|4|8078|6|1|0|0|120000|1|11984|2376958
1200000|4|8078|6|1|1|1|960000|1|11984|931781
1200000|4|8078|6|1|2|2|840000|1|11984|943408
1200000|4|8078|6|1|0|0|120000|2|23978|2380256
1200000|4|8078|6|1|1|1|960000|2|23978|939270
1200000|4|8078|6|1|2|2|840000|2|23978|945903
1200000|4|8078|6|1|0|0|120000|3|35976|2382484
1200000|4|8078|6|1|1|1|960000|3|35976|944374
1200000|4|8078|6|1|2|2|840000|3|35976|946565
1200000|4|8078|6|1|0|0|120000|4|47976|2384149
1200000|4|8078|6|1|1|1|960000|4|47976|948318
1200000|4|8078|6|1|2|2|840000|4|47976|945863
1200000|4|8078|6|2|0|0|120000|0|1|92106
1200000|4|8078|6|2|1|1|960000|0|1|916225
1200000|4|8078|6|2|2|2|840000|0|1|777111
1200000|4|8078|6|2|0|0|120000|1|11994|74925
1200000|4|8078|6|2|1|1|960000|1|11994|914585
1200000|4|8078|6|2|2|2|840000|1|11994|765136
1200000|4|8078|6|2|0|0|120000|2|23991|70596
1200000|4|8078|6|2|1|1|960000|2|23991|917980
1200000|4|8078|6|2|2|2|840000|2|23991|758626
1200000|4|8078|6|2|0|0|120000|3|35992|70869
1200000|4|8078|6|2|1|1|960000|3|35992|922698
1200000|4|8078|6|2|2|2|840000|3|35992|754724
1200000|4|8078|6|2|0|0|120000|4|47995|73521
1200000|4|8078|6|2|1|1|960000|4|47995|928744
1200000|4|8078|6|2|2|2|840000|4|47995|752657
1200000|4|8078|6|3|0|0|120000|0|0|104274
1200000|4|8078|6|3|1|1|960000|0|0|910020
1200000|4|8078|6|3|2|2|840000|0|0|771066
1200000|4|8078|6|3|0|0|120000|1|11992|95439
1200000|4|8078|6|3|1|1|960000|1|11992|905539
1200000|4|8078|6|3|2|2|840000|1|11992|760809
1200000|4|8078|6|3|0|0|120000|2|23990|96141
1200000|4|8078|6|3|1|1|960000|2|23990|907486
1200000|4|8078|6|3|2|2|840000|2|23990|756050
1200000|4|8078|6|3|0|0|120000|3|35991|101289
1200000|4|8078|6|3|1|1|960000|3|35991|911504
1200000|4|8078|6|3|2|2|840000|3|35991|752304
1200000|4|8078|6|3|0|0|120000|4|47992|108231
1200000|4|8078|6|3|1|1|960000|4|47992|917860
1200000|4|8078|6|3|2|2|840000|4|47992|749734
1200000|4|8078|6|4|0|0|120000|0|0|163320
1200000|4|8078|6|4|1|1|960000|0|0|910998
1200000|4|8078|6|4|2|2|840000|0|0|899251
1200000|4|8078|6|4|0|0|120000|1|11991|194265
1200000|4|8078|6|4|1|1|960000|1|11991|914976
1200000|4|8078|6|4|2|2|840000|1|11991|922064
1200000|4|8078|6|4|0|0|120000|2|23990|215364
1200000|4|8078|6|4|1|1|960000|2|23990|920787
1200000|4|8078|6|4|2|2|840000|2|23990|932282
1200000|4|8078|6|4|0|0|120000|3|35991|231276
1200000|4|8078|6|4|1|1|960000|3|35991|927807
1200000|4|8078|6|4|2|2|840000|3|35991|937120
1200000|4|8078|6|4|0|0|120000|4|47993|244185
1200000|4|8078|6|4|1|1|960000|4|47993|934438
1200000|4|8078|6|4|2|2|840000|4|47993|939457
1200000|4|8078|6|5|0|0|120000|0|0|125490
1200000|4|8078|6|5|1|1|960000|0|0|915912
1200000|4|8078|6|5|2|2|840000|0|0|868021
1200000|4|8078|6|5|0|0|120000|1|11995|144813
1200000|4|8078|6|5|1|1|960000|1|11995|913026
1200000|4|8078|6|5|2|2|840000|1|11995|883150
1200000|4|8078|6|5|0|0|120000|2|23996|159048
1200000|4|8078|6|5|1|1|960000|2|23996|916068
1200000|4|8078|6|5|2|2|840000|2|23996|890676
1200000|4|8078|6|5|0|0|120000|3|35999|169383
1200000|4|8078|6|5|1|1|960000|3|35999|921487
1200000|4|8078|6|5|2|2|840000|3|35999|896448
1200000|4|8078|6|5|0|0|120000|4|48006|178041
1200000|4|8078|6|5|1|1|960000|4|48006|926988
1200000|4|8078|6|5|2|2|840000|4|48006|901638
1200000|4|8079|6|1|0|0|120000|0|0|160512
1200000|4|8079|6|1|1|1|960000|0|0|912832
1200000|4|8079|6|1|2|2|840000|0|0|833779
1200000|4|8079|6|1|0|0|120000|1|11996|181239
1200000|4|8079|6|1|1|1|960000|1|11996|908033
1200000|4|8079|6|1|2|2|840000|1|11996|847154
1200000|4|8079|6|1|0|0|120000|2|23996|193602
1200000|4|8079|6|1|1|1|960000|2|23996|908853
1200000|4|8079|6|1|2|2|840000|2|23996|853938
1200000|4|8079|6|1|0|0|120000|3|35999|202299
1200000|4|8079|6|1|1|1|960000|3|35999|911038
1200000|4|8079|6|1|2|2|840000|3|35999|856747
1200000|4|8079|6|1|0|0|120000|4|48002|209124
1200000|4|8079|6|1|1|1|960000|4|48002|914275
1200000|4|8079|6|1|2|2|840000|4|48002|857879
1200000|4|8079|6|2|0|0|120000|0|0|118431
1200000|4|8079|6|2|1|1|960000|0|0|909595
1200000|4|8079|6|2|2|2|840000|0|0|868953
1200000|4|8079|6|2|0|0|120000|1|11996|133581
1200000|4|8079|6|2|1|1|960000|1|11996|904094
1200000|4|8079|6|2|2|2|840000|1|11996|882720
1200000|4|8079|6|2|0|0|120000|2|23996|142746
1200000|4|8079|6|2|1|1|960000|2|23996|903628
1200000|4|8079|6|2|2|2|840000|2|23996|889236
1200000|4|8079|6|2|0|0|120000|3|35999|149649
1200000|4|8079|6|2|1|1|960000|3|35999|905928
1200000|4|8079|6|2|2|2|840000|3|35999|891769
1200000|4|8079|6|2|0|0|120000|4|48001|155850
1200000|4|8079|6|2|1|1|960000|4|48001|908464
1200000|4|8079|6|2|2|2|840000|4|48001|892705
1200000|4|8079|6|3|0|0|120000|0|0|160668
1200000|4|8079|6|3|1|1|960000|0|0|909205
1200000|4|8079|6|3|2|2|840000|0|0|829787
1200000|4|8079|6|3|0|0|120000|1|11994|181902
1200000|4|8079|6|3|1|1|960000|1|11994|904484
1200000|4|8079|6|3|2|2|840000|1|11994|842309
1200000|4|8079|6|3|0|0|120000|2|23992|195903
1200000|4|8079|6|3|1|1|960000|2|23992|905731
1200000|4|8079|6|3|2|2|840000|2|23992|847536
1200000|4|8079|6|3|0|0|120000|3|35993|206355
1200000|4|8079|6|3|1|1|960000|3|35993|909233
1200000|4|8079|6|3|2|2|840000|3|35993|849330
1200000|4|8079|6|3|0|0|120000|4|47996|214545
1200000|4|8079|6|3|1|1|960000|4|47996|913406
1200000|4|8079|6|3|2|2|840000|4|47996|851241
1200000|4|8079|6|4|0|0|120000|0|0|160863
1200000|4|8079|6|4|1|1|960000|0|0|914538
1200000|4|8079|6|4|2|2|840000|0|0|830529
1200000|4|8079|6|4|0|0|120000|1|11993|181473
1200000|4|8079|6|4|1|1|960000|1|11993|910054
1200000|4|8079|6|4|2|2|840000|1|11993|842973
1200000|4|8079|6|4|0|0|120000|2|23992|194460
1200000|4|8079|6|4|1|1|960000|2|23992|911102
1200000|4|8079|6|4|2|2|840000|2|23992|848510
1200000|4|8079|6|4|0|0|120000|3|35995|203625
1200000|4|8079|6|4|1|1|960000|3|35995|914497
1200000|4|8079|6|4|2|2|840000|3|35995|850693
1200000|4|8079|6|4|0|0|120000|4|47999|211308
1200000|4|8079|6|4|1|1|960000|4|47999|919057
1200000|4|8079|6|4|2|2|840000|4|47999|852527
1200000|4|8079|6|5|0|0|120000|0|0|129117
1200000|4|8079|6|5|1|1|960000|0|0|912703
1200000|4|8079|6|5|2|2|840000|0|0|860951
1200000|4|8079|6|5|0|0|120000|1|11995|145983
1200000|4|8079|6|5|1|1|960000|1|11995|908063
1200000|4|8079|6|5|2|2|840000|1|11995|873507
1200000|4|8079|6|5|0|0|120000|2|23994|155928
1200000|4|8079|6|5|1|1|960000|2|23994|908922
1200000|4|8079|6|5|2|2|840000|2|23994|878891
1200000|4|8079|6|5|0|0|120000|3|35996|162441
1200000|4|8079|6|5|1|1|960000|3|35996|911884
1200000|4|8079|6|5|2|2|840000|3|35996|881232
1200000|4|8079|6|5|0|0|120000|4|47999|167823
1200000|4|8079|6|5|1|1|960000|4|47999|915317
1200000|4|8079|6|5|2|2|840000|4|47999|882871
1200000|4|8080|6|1|0|0|120000|0|0|151737
1200000|4|8080|6|1|1|1|960000|0|0|912432
1200000|4|8080|6|1|2|2|840000|0|0|838759
1200000|4|8080|6|1|0|0|120000|1|11995|169461
1200000|4|8080|6|1|1|1|960000|1|11995|907518
1200000|4|8080|6|1|2|2|840000|1|11995|851393
1200000|4|8080|6|1|0|0|120000|2|23995|178938
1200000|4|8080|6|1|1|1|960000|2|23995|908531
1200000|4|8080|6|1|2|2|840000|2|23995|856702
1200000|4|8080|6|1|0|0|120000|3|35998|184086
1200000|4|8080|6|1|1|1|960000|3|35998|911573
1200000|4|8080|6|1|2|2|840000|3|35998|859157
1200000|4|8080|6|1|0|0|120000|4|48001|187557
1200000|4|8080|6|1|1|1|960000|4|48001|914576
1200000|4|8080|6|1|2|2|840000|4|48001|861186
1200000|4|8080|6|2|0|0|120000|0|0|151971
1200000|4|8080|6|2|1|1|960000|0|0|913716
1200000|4|8080|6|2|2|2|840000|0|0|838640
1200000|4|8080|6|2|0|0|120000|1|11995|169578
1200000|4|8080|6|2|1|1|960000|1|11995|909230
1200000|4|8080|6|2|2|2|840000|1|11995|851396
1200000|4|8080|6|2|0|0|120000|2|23996|178743
1200000|4|8080|6|2|1|1|960000|2|23996|910321
1200000|4|8080|6|2|2|2|840000|2|23996|856814
1200000|4|8080|6|2|0|0|120000|3|35998|183579
1200000|4|8080|6|2|1|1|960000|3|35998|913445
1200000|4|8080|6|2|2|2|840000|3|35998|860210
1200000|4|8080|6|2|0|0|120000|4|48003|185802
1200000|4|8080|6|2|1|1|960000|4|48003|917265
1200000|4|8080|6|2|2|2|840000|4|48003|862313
1200000|4|8080|6|3|0|0|120000|0|0|152088
1200000|4|8080|6|3|1|1|960000|0|0|912390
1200000|4|8080|6|3|2|2|840000|0|0|838487
1200000|4|8080|6|3|0|0|120000|1|11996|168876
1200000|4|8080|6|3|1|1|960000|1|11996|908062
1200000|4|8080|6|3|2|2|840000|1|11996|851434
1200000|4|8080|6|3|0|0|120000|2|23996|177651
1200000|4|8080|6|3|1|1|960000|2|23996|909348
1200000|4|8080|6|3|2|2|840000|2|23996|855922
1200000|4|8080|6|3|0|0|120000|3|35998|181356
1200000|4|8080|6|3|1|1|960000|3|35998|912935
1200000|4|8080|6|3|2|2|840000|3|35998|858806
1200000|4|8080|6|3|0|0|120000|4|48002|183579
1200000|4|8080|6|3|1|1|960000|4|48002|916292
1200000|4|8080|6|3|2|2|840000|4|48002|861028
1200000|4|8080|6|4|0|0|120000|0|0|151581
1200000|4|8080|6|4|1|1|960000|0|0|909932
1200000|4|8080|6|4|2|2|840000|0|0|836340
1200000|4|8080|6|4|0|0|120000|1|11995|168486
1200000|4|8080|6|4|1|1|960000|1|11995|903931
1200000|4|8080|6|4|2|2|840000|1|11995|848078
1200000|4|8080|6|4|0|0|120000|2|23995|176013
1200000|4|8080|6|4|1|1|960000|2|23995|903306
1200000|4|8080|6|4|2|2|840000|2|23995|853578
1200000|4|8080|6|4|0|0|120000|3|35997|179952
1200000|4|8080|6|4|1|1|960000|3|35997|904631
1200000|4|8080|6|4|2|2|840000|3|35997|855686
1200000|4|8080|6|4|0|0|120000|4|48000|181785
1200000|4|8080|6|4|1|1|960000|4|48000|906892
1200000|4|8080|6|4|2|2|840000|4|48000|855570
1200000|4|8080|6|5|0|0|120000|0|0|125139
1200000|4|8080|6|5|1|1|960000|0|0|906307
1200000|4|8080|6|5|2|2|840000|0|0|860521
1200000|4|8080|6|5|0|0|120000|1|11995|139119
1200000|4|8080|6|5|1|1|960000|1|11995|899171
1200000|4|8080|6|5|2|2|840000|1|11995|872767
1200000|4|8080|6|5|0|0|120000|2|23995|145866
1200000|4|8080|6|5|1|1|960000|2|23995|897454
1200000|4|8080|6|5|2|2|840000|2|23995|878386
1200000|4|8080|6|5|0|0|120000|3|35997|148635
1200000|4|8080|6|5|1|1|960000|3|35997|897726
1200000|4|8080|6|5|2|2|840000|3|35997|880838
1200000|4|8080|6|5|0|0|120000|4|48001|150897
1200000|4|8080|6|5|1|1|960000|4|48001|900144
1200000|4|8080|6|5|2|2|840000|4|48001|881035
1200000|4|8081|6|1|0|0|120000|0|0|151659
1200000|4|8081|6|1|1|1|960000|0|0|906385
1200000|4|8081|6|1|2|2|840000|0|0|834781
1200000|4|8081|6|1|0|0|120000|1|11996|167940
1200000|4|8081|6|1|1|1|960000|1|11996|898821
1200000|4|8081|6|1|2|2|840000|1|11996|846675
1200000|4|8081|6|1|0|0|120000|2|23996|175038
1200000|4|8081|6|1|1|1|960000|2|23996|896911
1200000|4|8081|6|1|2|2|840000|2|23996|851591
1200000|4|8081|6|1|0|0|120000|3|35998|177612
1200000|4|8081|6|1|1|1|960000|3|35998|897572
1200000|4|8081|6|1|2|2|840000|3|35998|853112
1200000|4|8081|6|1|0|0|120000|4|48000|179328
1200000|4|8081|6|1|1|1|960000|4|48000|899559
1200000|4|8081|6|1|2|2|840000|4|48000|853034
1200000|4|8081|6|2|0|0|120000|0|0|124671
1200000|4|8081|6|2|1|1|960000|0|0|905801
1200000|4|8081|6|2|2|2|840000|0|0|861261
1200000|4|8081|6|2|0|0|120000|1|11998|138300
1200000|4|8081|6|2|1|1|960000|1|11998|898706
1200000|4|8081|6|2|2|2|840000|1|11998|875070
1200000|4|8081|6|2|0|0|120000|2|24000|144540
1200000|4|8081|6|2|1|1|960000|2|24000|896870
1200000|4|8081|6|2|2|2|840000|2|24000|881971
1200000|4|8081|6|2|0|0|120000|3|36004|146802
1200000|4|8081|6|2|1|1|960000|3|36004|897258
1200000|4|8081|6|2|2|2|840000|3|36004|885482
1200000|4|8081|6|2|0|0|120000|4|48009|148518
1200000|4|8081|6|2|1|1|960000|4|48009|900026
1200000|4|8081|6|2|2|2|840000|4|48009|886303
1200000|4|8081|6|3|0|0|120000|0|0|152829
1200000|4|8081|6|3|1|1|960000|0|0|908103
1200000|4|8081|6|3|2|2|840000|0|0|834741
1200000|4|8081|6|3|0|0|120000|1|11997|168681
1200000|4|8081|6|3|1|1|960000|1|11997|900846
1200000|4|8081|6|3|2|2|840000|1|11997|848392
1200000|4|8081|6|3|0|0|120000|2|23998|175896
1200000|4|8081|6|3|1|1|960000|2|23998|898582
1200000|4|8081|6|3|2|2|840000|2|23998|855102
1200000|4|8081|6|3|0|0|120000|3|36002|179874
1200000|4|8081|6|3|1|1|960000|3|36002|899248
1200000|4|8081|6|3|2|2|840000|3|36002|857558
1200000|4|8081|6|3|0|0|120000|4|48005|182682
1200000|4|8081|6|3|1|1|960000|4|48005|900729
1200000|4|8081|6|3|2|2|840000|4|48005|857830
1200000|4|8081|6|4|0|0|120000|0|0|124086
1200000|4|8081|6|4|1|1|960000|0|0|905492
1200000|4|8081|6|4|2|2|840000|0|0|861887
1200000|4|8081|6|4|0|0|120000|1|11996|137871
1200000|4|8081|6|4|1|1|960000|1|11996|899364
1200000|4|8081|6|4|2|2|840000|1|11996|875692
1200000|4|8081|6|4|0|0|120000|2|23995|146061
1200000|4|8081|6|4|1|1|960000|2|23995|898351
1200000|4|8081|6|4|2|2|840000|2|23995|881426
1200000|4|8081|6|4|0|0|120000|3|35995|151911
1200000|4|8081|6|4|1|1|960000|3|35995|899874
1200000|4|8081|6|4|2|2|840000|3|35995|882753
1200000|4|8081|6|4|0|0|120000|4|47996|155499
1200000|4|8081|6|4|1|1|960000|4|47996|902058
1200000|4|8081|6|4|2|2|840000|4|47996|882321
1200000|4|8081|6|5|0|0|120000|0|0|125802
1200000|4|8081|6|5|1|1|960000|0|0|911260
1200000|4|8081|6|5|2|2|840000|0|0|860483
1200000|4|8081|6|5|0|0|120000|1|11993|140601
1200000|4|8081|6|5|1|1|960000|1|11993|908338
1200000|4|8081|6|5|2|2|840000|1|11993|873862
1200000|4|8081|6|5|0|0|120000|2|23991|149103
1200000|4|8081|6|5|1|1|960000|2|23991|909620
1200000|4|8081|6|5|2|2|840000|2|23991|881699
1200000|4|8081|6|5|0|0|120000|3|35995|154641
1200000|4|8081|6|5|1|1|960000|3|35995|912315
1200000|4|8081|6|5|2|2|840000|3|35995|885129
1200000|4|8081|6|5|0|0|120000|4|47999|158736
1200000|4|8081|6|5|1|1|960000|4|47999|917579
1200000|4|8081|6|5|2|2|840000|4|47999|884081
1200000|4|8082|6|1|0|0|120000|0|0|151854
1200000|4|8082|6|1|1|1|960000|0|0|913681
1200000|4|8082|6|1|2|2|840000|0|0|836926
1200000|4|8082|6|1|0|0|120000|1|11992|167979
1200000|4|8082|6|1|1|1|960000|1|11992|909467
1200000|4|8082|6|1|2|2|840000|1|11992|850418
1200000|4|8082|6|1|0|0|120000|2|23990|176715
1200000|4|8082|6|1|1|1|960000|2|23990|911573
1200000|4|8082|6|1|2|2|840000|2|23990|857208
1200000|4|8082|6|1|0|0|120000|3|35993|181356
1200000|4|8082|6|1|1|1|960000|3|35993|916447
1200000|4|8082|6|1|2|2|840000|3|35993|859936
1200000|4|8082|6|1|0|0|120000|4|47997|183728
1200000|4|8082|6|1|1|1|960000|4|47997|923504
1200000|4|8082|6|1|2|2|840000|4|47997|859002
1200000|4|8082|6|2|0|0|120000|0|0|146745
1200000|4|8082|6|2|1|1|960000|0|0|916485
1200000|4|8082|6|2|2|2|840000|0|0|839810
1200000|4|8082|6|2|0|0|120000|1|11991|161115
1200000|4|8082|6|2|1|1|960000|1|11991|914968
1200000|4|8082|6|2|2|2|840000|1|11991|852527
1200000|4|8082|6|2|0|0|120000|2|23988|167550
1200000|4|8082|6|2|1|1|960000|2|23988|916760
1200000|4|8082|6|2|2|2|840000|2|23988|857674
1200000|4|8082|6|2|0|0|120000|3|35988|171021
1200000|4|8082|6|2|1|1|960000|3|35988|920075
1200000|4|8082|6|2|2|2|840000|3|35988|859120
1200000|4|8082|6|2|0|0|120000|4|47989|172259
1200000|4|8082|6|2|1|1|960000|4|47989|924518
1200000|4|8082|6|2|2|2|840000|4|47989|858884
1200000|4|8082|6|3|0|0|120000|0|0|145068
1200000|4|8082|6|3|1|1|960000|0|0|911301
1200000|4|8082|6|3|2|2|840000|0|0|841840
1200000|4|8082|6|3|0|0|120000|1|11994|158931
1200000|4|8082|6|3|1|1|960000|1|11994|907166
1200000|4|8082|6|3|2|2|840000|1|11994|855996
1200000|4|8082|6|3|0|0|120000|2|23994|165433
1200000|4|8082|6|3|1|1|960000|2|23994|908842
1200000|4|8082|6|3|2|2|840000|2|23994|861844
1200000|4|8082|6|3|0|0|120000|3|35996|167658
1200000|4|8082|6|3|1|1|960000|3|35996|912585
1200000|4|8082|6|3|2|2|840000|3|35996|864812
1200000|4|8082|6|3|0|0|120000|4|47999|168282
1200000|4|8082|6|3|1|1|960000|4|47999|916681
1200000|4|8082|6|3|2|2|840000|4|47999|866564
1200000|4|8082|6|4|0|0|120000|0|1|120966
1200000|4|8082|6|4|1|1|960000|0|1|912821
1200000|4|8082|6|4|2|2|840000|0|1|866801
1200000|4|8082|6|4|0|0|120000|1|11995|133932
1200000|4|8082|6|4|1|1|960000|1|11995|908684
1200000|4|8082|6|4|2|2|840000|1|11995|880882
1200000|4|8082|6|4|0|0|120000|2|23996|140523
1200000|4|8082|6|4|1|1|960000|2|23996|910208
1200000|4|8082|6|4|2|2|840000|2|23996|886846
1200000|4|8082|6|4|0|0|120000|3|35998|142902
1200000|4|8082|6|4|1|1|960000|3|35998|914030
1200000|4|8082|6|4|2|2|840000|3|35998|890125
1200000|4|8082|6|4|0|0|120000|4|48002|143760
1200000|4|8082|6|4|1|1|960000|4|48002|918281
1200000|4|8082|6|4|2|2|840000|4|48002|891878
1200000|4|8082|6|5|0|0|120000|0|0|108837
1200000|4|8082|6|5|1|1|960000|0|0|911692
1200000|4|8082|6|5|2|2|840000|0|0|877447
1200000|4|8082|6|5|0|0|120000|1|11997|119775
1200000|4|8082|6|5|1|1|960000|1|11997|906894
1200000|4|8082|6|5|2|2|840000|1|11997|891839
1200000|4|8082|6|5|0|0|120000|2|24000|124533
1200000|4|8082|6|5|1|1|960000|2|24000|907400
1200000|4|8082|6|5|2|2|840000|2|24000|899366
1200000|4|8082|6|5|0|0|120000|3|36003|126639
1200000|4|8082|6|5|1|1|960000|3|36003|910282
1200000|4|8082|6|5|2|2|840000|3|36003|903382
1200000|4|8082|6|5|0|0|120000|4|48008|127185
1200000|4|8082|6|5|1|1|960000|4|48008|914069
1200000|4|8082|6|5|2|2|840000|4|48008|905177
1200000|4|8083|6|1|0|0|120000|0|0|123423
1200000|4|8083|6|1|1|1|960000|0|0|911572
1200000|4|8083|6|1|2|2|840000|0|0|864538
1200000|4|8083|6|1|0|0|120000|1|11998|135492
1200000|4|8083|6|1|1|1|960000|1|11998|906499
1200000|4|8083|6|1|2|2|840000|1|11998|878580
1200000|4|8083|6|1|0|0|120000|2|24000|140094
1200000|4|8083|6|1|1|1|960000|2|24000|906581
1200000|4|8083|6|1|2|2|840000|2|24000|884663
1200000|4|8083|6|1|0|0|120000|3|36003|142122
1200000|4|8083|6|1|1|1|960000|3|36003|909623
1200000|4|8083|6|1|2|2|840000|3|36003|887161
1200000|4|8083|6|1|0|0|120000|4|48006|143448
1200000|4|8083|6|1|1|1|960000|4|48006|913213
1200000|4|8083|6|1|2|2|840000|4|48006|887396
1200000|4|8083|6|2|0|0|120000|0|0|123774
1200000|4|8083|6|2|1|1|960000|0|0|910366
1200000|4|8083|6|2|2|2|840000|0|0|863406
1200000|4|8083|6|2|0|0|120000|1|11995|137325
1200000|4|8083|6|2|1|1|960000|1|11995|906543
1200000|4|8083|6|2|2|2|840000|1|11995|877293
1200000|4|8083|6|2|0|0|120000|2|23994|144930
1200000|4|8083|6|2|1|1|960000|2|23994|907478
1200000|4|8083|6|2|2|2|840000|2|23994|883886
1200000|4|8083|6|2|0|0|120000|3|35996|149766
1200000|4|8083|6|2|1|1|960000|3|35996|910520
1200000|4|8083|6|2|2|2|840000|3|35996|886456
1200000|4|8083|6|2|0|0|120000|4|47999|152769
1200000|4|8083|6|2|1|1|960000|4|47999|914850
1200000|4|8083|6|2|2|2|840000|4|47999|888447
1200000|4|8083|6|3|0|0|120000|0|0|124476
1200000|4|8083|6|3|1|1|960000|0|0|911653
1200000|4|8083|6|3|2|2|840000|0|0|862472
1200000|4|8083|6|3|0|0|120000|1|11994|137481
1200000|4|8083|6|3|1|1|960000|1|11994|908298
1200000|4|8083|6|3|2|2|840000|1|11994|875341
1200000|4|8083|6|3|0|0|120000|2|23991|144306
1200000|4|8083|6|3|1|1|960000|2|23991|909739
1200000|4|8083|6|3|2|2|840000|2|23991|882363
1200000|4|8083|6|3|0|0|120000|3|35993|148167
1200000|4|8083|6|3|1|1|960000|3|35993|913796
1200000|4|8083|6|3|2|2|840000|3|35993|884858
1200000|4|8083|6|3|0|0|120000|4|47997|149883
1200000|4|8083|6|3|1|1|960000|4|47997|919099
1200000|4|8083|6|3|2|2|840000|4|47997|887239
1200000|4|8083|6|4|0|0|120000|0|1|110475
1200000|4|8083|6|4|1|1|960000|0|1|912121
1200000|4|8083|6|4|2|2|840000|0|1|872651
1200000|4|8083|6|4|0|0|120000|1|11994|121257
1200000|4|8083|6|4|1|1|960000|1|11994|909429
1200000|4|8083|6|4|2|2|840000|1|11994|885249
1200000|4|8083|6|4|0|0|120000|2|23991|126639
1200000|4|8083|6|4|1|1|960000|2|23991|910600
1200000|4|8083|6|4|2|2|840000|2|23991|891684
1200000|4|8083|6|4|0|0|120000|3|35994|129954
1200000|4|8083|6|4|1|1|960000|3|35994|914537
1200000|4|8083|6|4|2|2|840000|3|35994|894452
1200000|4|8083|6|4|0|0|120000|4|47999|131631
1200000|4|8083|6|4|1|1|960000|4|47999|919532
1200000|4|8083|6|4|2|2|840000|4|47999|896090
1200000|4|8083|6|5|0|0|120000|0|0|110007
1200000|4|8083|6|5|1|1|960000|0|0|912002
1200000|4|8083|6|5|2|2|840000|0|0|872727
1200000|4|8083|6|5|0|0|120000|1|11993|121569
1200000|4|8083|6|5|1|1|960000|1|11993|909895
1200000|4|8083|6|5|2|2|840000|1|11993|885014
1200000|4|8083|6|5|0|0|120000|2|23991|128628
1200000|4|8083|6|5|1|1|960000|2|23991|911770
1200000|4|8083|6|5|2|2|840000|2|23991|890786
1200000|4|8083|6|5|0|0|120000|3|35992|133269
1200000|4|8083|6|5|1|1|960000|3|35992|916139
1200000|4|8083|6|5|2|2|840000|3|35992|892892
1200000|4|8083|6|5|0|0|120000|4|47996|135960
1200000|4|8083|6|5|1|1|960000|4|47996|921281
1200000|4|8083|6|5|2|2|840000|4|47996|894608
1200000|4|8084|6|1|0|0|120000|0|0|150645
1200000|4|8084|6|1|1|1|960000|0|0|915782
1200000|4|8084|6|1|2|2|840000|0|0|835055
1200000|4|8084|6|1|0|0|120000|1|11990|166448
1200000|4|8084|6|1|1|1|960000|1|11990|911570
1200000|4|8084|6|1|2|2|840000|1|11990|848121
1200000|4|8084|6|1|0|0|120000|2|23990|174328
1200000|4|8084|6|1|1|1|960000|2|23990|912394
1200000|4|8084|6|1|2|2|840000|2|23990|853856
1200000|4|8084|6|1|0|0|120000|3|35993|178345
1200000|4|8084|6|1|1|1|960000|3|35993|916059
1200000|4|8084|6|1|2|2|840000|3|35993|856389
1200000|4|8084|6|1|0|0|120000|4|47998|180683
1200000|4|8084|6|1|1|1|960000|4|47998|921167
1200000|4|8084|6|1|2|2|840000|4|47998|855296
1200000|4|8084|6|2|0|0|120000|0|1|145536
1200000|4|8084|6|2|1|1|960000|0|1|914654
1200000|4|8084|6|2|2|2|840000|0|1|837863
1200000|4|8084|6|2|0|0|120000|1|11991|160403
1200000|4|8084|6|2|1|1|960000|1|11991|915706
1200000|4|8084|6|2|2|2|840000|1|11991|849604
1200000|4|8084|6|2|0|0|120000|2|23989|167033
1200000|4|8084|6|2|1|1|960000|2|23989|919451
1200000|4|8084|6|2|2|2|840000|2|23989|853034
1200000|4|8084|6|2|0|0|120000|3|35988|169569
1200000|4|8084|6|2|1|1|960000|3|35988|923778
1200000|4|8084|6|2|2|2|840000|3|35988|853542
1200000|4|8084|6|2|0|0|120000|4|47989|170388
1200000|4|8084|6|2|1|1|960000|4|47989|928110
1200000|4|8084|6|2|2|2|840000|4|47989|852680
1200000|4|8084|6|3|0|0|120000|0|0|120966
1200000|4|8084|6|3|1|1|960000|0|0|915553
1200000|4|8084|6|3|2|2|840000|0|0|865086
1200000|4|8084|6|3|0|0|120000|1|11994|134088
1200000|4|8084|6|3|1|1|960000|1|11994|913015
1200000|4|8084|6|3|2|2|840000|1|11994|877757
1200000|4|8084|6|3|0|0|120000|2|23993|139860
1200000|4|8084|6|3|1|1|960000|2|23993|915942
1200000|4|8084|6|3|2|2|840000|2|23993|882322
1200000|4|8084|6|3|0|0|120000|3|35994|141888
1200000|4|8084|6|3|1|1|960000|3|35994|920933
1200000|4|8084|6|3|2|2|840000|3|35994|884546
1200000|4|8084|6|3|0|0|120000|4|47998|142785
1200000|4|8084|6|3|1|1|960000|4|47998|925730
1200000|4|8084|6|3|2|2|840000|4|47998|886184
1200000|4|8084|6|4|0|0|120000|0|0|107550
1200000|4|8084|6|4|1|1|960000|0|0|910912
1200000|4|8084|6|4|2|2|840000|0|0|873781
1200000|4|8084|6|4|0|0|120000|1|11994|117786
1200000|4|8084|6|4|1|1|960000|1|11994|906621
1200000|4|8084|6|4|2|2|840000|1|11994|884698
1200000|4|8084|6|4|0|0|120000|2|23991|121725
1200000|4|8084|6|4|1|1|960000|2|23991|907126
1200000|4|8084|6|4|2|2|840000|2|23991|889068
1200000|4|8084|6|4|0|0|120000|3|35991|122856
1200000|4|8084|6|4|1|1|960000|3|35991|909662
1200000|4|8084|6|4|2|2|840000|3|35991|890158
1200000|4|8084|6|4|0|0|120000|4|47993|122934
1200000|4|8084|6|4|1|1|960000|4|47993|913056
1200000|4|8084|6|4|2|2|840000|4|47993|890162
1200000|4|8084|6|5|0|0|120000|0|0|149778
1200000|4|8084|6|5|1|1|960000|0|0|911064
1200000|4|8084|6|5|2|2|840000|0|0|835952
1200000|4|8084|6|5|0|0|120000|1|11993|163212
1200000|4|8084|6|5|1|1|960000|1|11993|905567
1200000|4|8084|6|5|2|2|840000|1|11993|847183
1200000|4|8084|6|5|0|0|120000|2|23991|168242
1200000|4|8084|6|5|1|1|960000|2|23991|904748
1200000|4|8084|6|5|2|2|840000|2|23991|852215
1200000|4|8084|6|5|0|0|120000|3|35992|170349
1200000|4|8084|6|5|1|1|960000|3|35992|907281
1200000|4|8084|6|5|2|2|840000|3|35992|853186
1200000|4|8084|6|5|0|0|120000|4|47993|171011
1200000|4|8084|6|5|1|1|960000|4|47993|909779
1200000|4|8084|6|5|2|2|840000|4|47993|852606
1200000|4|8085|6|1|0|0|120000|0|0|109773
1200000|4|8085|6|1|1|1|960000|0|0|909895
1200000|4|8085|6|1|2|2|840000|0|0|872573
1200000|4|8085|6|1|0|0|120000|1|11992|120360
1200000|4|8085|6|1|1|1|960000|1|11992|905136
1200000|4|8085|6|1|2|2|840000|1|11992|884584
1200000|4|8085|6|1|0|0|120000|2|23989|126288
1200000|4|8085|6|1|1|1|960000|2|23989|905099
1200000|4|8085|6|1|2|2|840000|2|23989|889811
1200000|4|8085|6|1|0|0|120000|3|35990|129564
1200000|4|8085|6|1|1|1|960000|3|35990|907518
1200000|4|8085|6|1|2|2|840000|3|35990|891254
1200000|4|8085|6|1|0|0|120000|4|47993|131007
1200000|4|8085|6|1|1|1|960000|4|47993|910911
1200000|4|8085|6|1|2|2|840000|4|47993|892697
1200000|4|8085|6|2|0|0|120000|0|0|146970
1200000|4|8085|6|2|1|1|960000|0|0|914266
1200000|4|8085|6|2|2|2|840000|0|0|839774
1200000|4|8085|6|2|0|0|120000|1|11993|161065
1200000|4|8085|6|2|1|1|960000|1|11993|910676
1200000|4|8085|6|2|2|2|840000|1|11993|853033
1200000|4|8085|6|2|0|0|120000|2|23993|167345
1200000|4|8085|6|2|1|1|960000|2|23993|912899
1200000|4|8085|6|2|2|2|840000|2|23993|858574
1200000|4|8085|6|2|0|0|120000|3|35996|169957
1200000|4|8085|6|2|1|1|960000|3|35996|917423
1200000|4|8085|6|2|2|2|840000|3|35996|861695
1200000|4|8085|6|2|0|0|120000|4|48002|170388
1200000|4|8085|6|2|1|1|960000|4|48002|922884
1200000|4|8085|6|2|2|2|840000|4|48002|861028
1200000|4|8085|6|3|0|0|120000|0|0|105678
1200000|4|8085|6|3|1|1|960000|0|0|915786
1200000|4|8085|6|3|2|2|840000|0|0|874719
1200000|4|8085|6|3|0|0|120000|1|11991|115797
1200000|4|8085|6|3|1|1|960000|1|11991|915436
1200000|4|8085|6|3|2|2|840000|1|11991|887822
1200000|4|8085|6|3|0|0|120000|2|23989|121062
1200000|4|8085|6|3|1|1|960000|2|23989|918633
1200000|4|8085|6|3|2|2|840000|2|23989|892655
1200000|4|8085|6|3|0|0|120000|3|35991|122973
1200000|4|8085|6|3|1|1|960000|3|35991|923233
1200000|4|8085|6|3|2|2|840000|3|35991|893985
1200000|4|8085|6|3|0|0|120000|4|47993|124572
1200000|4|8085|6|3|1|1|960000|4|47993|928576
1200000|4|8085|6|3|2|2|840000|4|47993|893594
1200000|4|8085|6|4|0|0|120000|0|0|109305
1200000|4|8085|6|4|1|1|960000|0|0|912705
1200000|4|8085|6|4|2|2|840000|0|0|874952
1200000|4|8085|6|4|0|0|120000|1|11995|119775
1200000|4|8085|6|4|1|1|960000|1|11995|909000
1200000|4|8085|6|4|2|2|840000|1|11995|887473
1200000|4|8085|6|4|0|0|120000|2|23995|125196
1200000|4|8085|6|4|1|1|960000|2|23995|910087
1200000|4|8085|6|4|2|2|840000|2|23995|892114
1200000|4|8085|6|4|0|0|120000|3|35997|126982
1200000|4|8085|6|4|1|1|960000|3|35997|913095
1200000|4|8085|6|4|2|2|840000|3|35997|893479
1200000|4|8085|6|4|0|0|120000|4|47999|127370
1200000|4|8085|6|4|1|1|960000|4|47999|916800
1200000|4|8085|6|4|2|2|840000|4|47999|894454
1200000|4|8085|6|5|0|0|120000|0|0|123999
1200000|4|8085|6|5|1|1|960000|0|0|908377
1200000|4|8085|6|5|2|2|840000|0|0|862353
1200000|4|8085|6|5|0|0|120000|1|11996|137313
1200000|4|8085|6|5|1|1|960000|1|11996|901429
1200000|4|8085|6|5|2|2|840000|1|11996|874717
1200000|4|8085|6|5|0|0|120000|2|23997|143007
1200000|4|8085|6|5|1|1|960000|2|23997|900537
1200000|4|8085|6|5|2|2|840000|2|23997|880528
1200000|4|8085|6|5|0|0|120000|3|35999|144649
1200000|4|8085|6|5|1|1|960000|3|35999|902367
1200000|4|8085|6|5|2|2|840000|3|35999|883144
1200000|4|8085|6|5|0|0|120000|4|48003|144725
1200000|4|8085|6|5|1|1|960000|4|48003|904512
1200000|4|8085|6|5|2|2|840000|4|48003|883220
1200000|4|8086|6|1|0|0|120000|0|0|149504
1200000|4|8086|6|1|1|1|960000|0|0|906115
1200000|4|8086|6|1|2|2|840000|0|0|834665
1200000|4|8086|6|1|0|0|120000|1|11997|163642
1200000|4|8086|6|1|1|1|960000|1|11997|898974
1200000|4|8086|6|1|2|2|840000|1|11997|846757
1200000|4|8086|6|1|0|0|120000|2|23996|168205
1200000|4|8086|6|1|1|1|960000|2|23996|897769
1200000|4|8086|6|1|2|2|840000|2|23996|852409
1200000|4|8086|6|1|0|0|120000|3|35998|170036
1200000|4|8086|6|1|1|1|960000|3|35998|899990
1200000|4|8086|6|1|2|2|840000|3|35998|853930
1200000|4|8086|6|1|0|0|120000|4|48001|170894
1200000|4|8086|6|1|1|1|960000|4|48001|901860
1200000|4|8086|6|1|2|2|840000|4|48001|853071
1200000|4|8086|6|2|0|0|120000|0|0|109100
1200000|4|8086|6|2|1|1|960000|0|0|909035
1200000|4|8086|6|2|2|2|840000|0|0|873506
1200000|4|8086|6|2|0|0|120000|1|11994|119024
1200000|4|8086|6|2|1|1|960000|1|11994|904475
1200000|4|8086|6|2|2|2|840000|1|11994|886612
1200000|4|8086|6|2|0|0|120000|2|23991|124367
1200000|4|8086|6|2|1|1|960000|2|23991|904161
1200000|4|8086|6|2|2|2|840000|2|23991|893243
1200000|4|8086|6|2|0|0|120000|3|35993|127449
1200000|4|8086|6|2|1|1|960000|3|35993|906152
1200000|4|8086|6|2|2|2|840000|3|35993|895310
1200000|4|8086|6|2|0|0|120000|4|47995|128538
1200000|4|8086|6|2|1|1|960000|4|47995|908689
1200000|4|8086|6|2|2|2|840000|4|47995|896867
1200000|4|8086|6|3|0|0|120000|0|0|151612
1200000|4|8086|6|3|1|1|960000|0|0|912508
1200000|4|8086|6|3|2|2|840000|0|0|837124
1200000|4|8086|6|3|0|0|120000|1|11993|166798
1200000|4|8086|6|3|1|1|960000|1|11993|907245
1200000|4|8086|6|3|2|2|840000|1|11993|849836
1200000|4|8086|6|3|0|0|120000|2|23992|174328
1200000|4|8086|6|3|1|1|960000|2|23992|907672
1200000|4|8086|6|3|2|2|840000|2|23992|855765
1200000|4|8086|6|3|0|0|120000|3|35993|178499
1200000|4|8086|6|3|1|1|960000|3|35993|910405
1200000|4|8086|6|3|2|2|840000|3|35993|857481
1200000|4|8086|6|3|0|0|120000|4|47997|179747
1200000|4|8086|6|3|1|1|960000|4|47997|914537
1200000|4|8086|6|3|2|2|840000|4|47997|858886
1200000|4|8086|6|4|0|0|120000|0|0|147242
1200000|4|8086|6|4|1|1|960000|0|0|916173
1200000|4|8086|6|4|2|2|840000|0|0|838760
1200000|4|8086|6|4|0|0|120000|1|11993|161375
1200000|4|8086|6|4|1|1|960000|1|11993|914962
1200000|4|8086|6|4|2|2|840000|1|11993|851120
1200000|4|8086|6|4|0|0|120000|2|23992|168395
1200000|4|8086|6|4|1|1|960000|2|23992|917386
1200000|4|8086|6|4|2|2|840000|2|23992|856036
1200000|4|8086|6|4|0|0|120000|3|35993|171362
1200000|4|8086|6|4|1|1|960000|3|35993|921322
1200000|4|8086|6|4|2|2|840000|3|35993|857049
1200000|4|8086|6|4|0|0|120000|4|47996|172180
1200000|4|8086|6|4|1|1|960000|4|47996|926200
1200000|4|8086|6|4|2|2|840000|4|47996|857171
1200000|4|8086|6|5|0|0|120000|0|0|108671
1200000|4|8086|6|5|1|1|960000|0|0|912626
1200000|4|8086|6|5|2|2|840000|0|0|876859
1200000|4|8086|6|5|0|0|120000|1|11996|118596
1200000|4|8086|6|5|1|1|960000|1|11996|908491
1200000|4|8086|6|5|2|2|840000|1|11996|890236
1200000|4|8086|6|5|0|0|120000|2|23997|122807
1200000|4|8086|6|5|1|1|960000|2|23997|908960
1200000|4|8086|6|5|2|2|840000|2|23997|896636
1200000|4|8086|6|5|0|0|120000|3|36000|123510
1200000|4|8086|6|5|1|1|960000|3|36000|912470
1200000|4|8086|6|5|2|2|840000|3|36000|899092
1200000|4|8086|6|5|0|0|120000|4|48004|123041
1200000|4|8086|6|5|1|1|960000|4|48004|916096
1200000|4|8086|6|5|2|2|840000|4|48004|900498
1200000|4|8087|6|1|0|0|120000|0|0|148335
1200000|4|8087|6|1|1|1|960000|0|0|909428
1200000|4|8087|6|1|2|2|840000|0|0|839043
1200000|4|8087|6|1|0|0|120000|1|11997|162940
1200000|4|8087|6|1|1|1|960000|1|11997|903382
1200000|4|8087|6|1|2|2|840000|1|11997|851523
1200000|4|8087|6|1|0|0|120000|2|23998|168359
1200000|4|8087|6|1|1|1|960000|2|23998|902683
1200000|4|8087|6|1|2|2|840000|2|23998|857791
1200000|4|8087|6|1|0|0|120000|3|36002|170661
1200000|4|8087|6|1|1|1|960000|3|36002|904437
1200000|4|8087|6|1|2|2|840000|3|36002|860792
1200000|4|8087|6|1|0|0|120000|4|48006|171208
1200000|4|8087|6|1|1|1|960000|4|48006|907554
1200000|4|8087|6|1|2|2|840000|4|48006|862002
1200000|4|8087|6|2|0|0|120000|0|0|121856
1200000|4|8087|6|2|1|1|960000|0|0|908488
1200000|4|8087|6|2|2|2|840000|0|0|863756
1200000|4|8087|6|2|0|0|120000|1|11997|134898
1200000|4|8087|6|2|1|1|960000|1|11997|902016
1200000|4|8087|6|2|2|2|840000|1|11997|876707
1200000|4|8087|6|2|0|0|120000|2|23998|139539
1200000|4|8087|6|2|1|1|960000|2|23998|901044
1200000|4|8087|6|2|2|2|840000|2|23998|882674
1200000|4|8087|6|2|0|0|120000|3|36001|140515
1200000|4|8087|6|2|1|1|960000|3|36001|901863
1200000|4|8087|6|2|2|2|840000|3|36001|885677
1200000|4|8087|6|2|0|0|120000|4|48005|141253
1200000|4|8087|6|2|1|1|960000|4|48005|904242
1200000|4|8087|6|2|2|2|840000|4|48005|886691
1200000|4|8087|6|3|0|0|120000|0|0|149350
1200000|4|8087|6|3|1|1|960000|0|0|907361
1200000|4|8087|6|3|2|2|840000|0|0|838728
1200000|4|8087|6|3|0|0|120000|1|11997|163953
1200000|4|8087|6|3|1|1|960000|1|11997|900223
1200000|4|8087|6|3|2|2|840000|1|11997|850781
1200000|4|8087|6|3|0|0|120000|2|23997|169492
1200000|4|8087|6|3|1|1|960000|2|23997|898741
1200000|4|8087|6|3|2|2|840000|2|23997|857452
1200000|4|8087|6|3|0|0|120000|3|36000|170973
1200000|4|8087|6|3|1|1|960000|3|36000|899011
1200000|4|8087|6|3|2|2|840000|3|36000|860181
1200000|4|8087|6|3|0|0|120000|4|48004|171168
1200000|4|8087|6|3|1|1|960000|4|48004|900692
1200000|4|8087|6|3|2|2|840000|4|48004|861308
1200000|4|8087|6|4|0|0|120000|0|0|109452
1200000|4|8087|6|4|1|1|960000|0|0|907204
1200000|4|8087|6|4|2|2|840000|0|0|872817
1200000|4|8087|6|4|0|0|120000|1|11995|118245
1200000|4|8087|6|4|1|1|960000|1|11995|900379
1200000|4|8087|6|4|2|2|840000|1|11995|886455
1200000|4|8087|6|4|0|0|120000|2|23994|121286
1200000|4|8087|6|4|1|1|960000|2|23994|898350
1200000|4|8087|6|4|2|2|840000|2|23994|892776
1200000|4|8087|6|4|0|0|120000|3|35995|122223
1200000|4|8087|6|4|1|1|960000|3|35995|899017
1200000|4|8087|6|4|2|2|840000|3|35995|895308
1200000|4|8087|6|4|0|0|120000|4|47997|122689
1200000|4|8087|6|4|1|1|960000|4|47997|900690
1200000|4|8087|6|4|2|2|840000|4|47997|895271
1200000|4|8087|6|5|0|0|120000|0|0|121697
1200000|4|8087|6|5|1|1|960000|0|0|906733
1200000|4|8087|6|5|2|2|840000|0|0|862209
1200000|4|8087|6|5|0|0|120000|1|11994|134270
1200000|4|8087|6|5|1|1|960000|1|11994|900769
1200000|4|8087|6|5|2|2|840000|1|11994|875665
1200000|4|8087|6|5|0|0|120000|2|23991|141410
1200000|4|8087|6|5|1|1|960000|2|23991|899323
1200000|4|8087|6|5|2|2|840000|2|23991|881904
1200000|4|8087|6|5|0|0|120000|3|35990|145584
1200000|4|8087|6|5|1|1|960000|3|35990|900497
1200000|4|8087|6|5|2|2|840000|3|35990|883192
1200000|4|8087|6|5|0|0|120000|4|47991|147302
1200000|4|8087|6|5|1|1|960000|4|47991|902602
1200000|4|8087|6|5|2|2|840000|4|47991|884400
1200000|4|8088|6|1|0|0|120000|0|0|121464
1200000|4|8088|6|1|1|1|960000|0|0|909387
1200000|4|8088|6|1|2|2|840000|0|0|862712
1200000|4|8088|6|1|0|0|120000|1|11992|134001
1200000|4|8088|6|1|1|1|960000|1|11992|904823
1200000|4|8088|6|1|2|2|840000|1|11992|875155
1200000|4|8088|6|1|0|0|120000|2|23989|139577
1200000|4|8088|6|1|1|1|960000|2|23989|904863
1200000|4|8088|6|1|2|2|840000|2|23989|881905
1200000|4|8088|6|1|0|0|120000|3|35990|142501
1200000|4|8088|6|1|1|1|960000|3|35990|907909
1200000|4|8088|6|1|2|2|840000|3|35990|884904
1200000|4|8088|6|1|0|0|120000|4|47994|143478
1200000|4|8088|6|1|1|1|960000|4|47994|911806
1200000|4|8088|6|1|2|2|840000|4|47994|887598
1200000|4|8088|6|2|0|0|120000|0|0|107109
1200000|4|8088|6|2|1|1|960000|0|0|910322
1200000|4|8088|6|2|2|2|840000|0|0|874065
1200000|4|8088|6|2|0|0|120000|1|11993|116842
1200000|4|8088|6|2|1|1|960000|1|11993|907127
1200000|4|8088|6|2|2|2|840000|1|11993|887014
1200000|4|8088|6|2|0|0|120000|2|23990|122027
1200000|4|8088|6|2|1|1|960000|2|23990|907987
1200000|4|8088|6|2|2|2|840000|2|23990|894540
1200000|4|8088|6|2|0|0|120000|3|35992|125068
1200000|4|8088|6|2|1|1|960000|3|35992|911455
1200000|4|8088|6|2|2|2|840000|3|35992|898325
1200000|4|8088|6|2|0|0|120000|4|47997|125888
1200000|4|8088|6|2|1|1|960000|4|47997|916448
1200000|4|8088|6|2|2|2|840000|4|47997|900779
1200000|4|8088|6|3|0|0|120000|0|1|108203
1200000|4|8088|6|3|1|1|960000|0|1|910490
1200000|4|8088|6|3|2|2|840000|0|1|873090
1200000|4|8088|6|3|0|0|120000|1|11993|118440
1200000|4|8088|6|3|1|1|960000|1|11993|907321
1200000|4|8088|6|3|2|2|840000|1|11993|885219
1200000|4|8088|6|3|0|0|120000|2|23990|124093
1200000|4|8088|6|3|1|1|960000|2|23990|907683
1200000|4|8088|6|3|2|2|840000|2|23990|891497
1200000|4|8088|6|3|0|0|120000|3|35991|126980
1200000|4|8088|6|3|1|1|960000|3|35991|910568
1200000|4|8088|6|3|2|2|840000|3|35991|893681
1200000|4|8088|6|3|0|0|120000|4|47995|127954
1200000|4|8088|6|3|1|1|960000|4|47995|914821
1200000|4|8088|6|3|2|2|840000|4|47995|895631
1200000|4|8088|6|4|0|0|120000|0|0|146238
1200000|4|8088|6|4|1|1|960000|0|0|911232
1200000|4|8088|6|4|2|2|840000|0|0|837129
1200000|4|8088|6|4|0|0|120000|1|11992|159428
1200000|4|8088|6|4|1|1|960000|1|11992|908775
1200000|4|8088|6|4|2|2|840000|1|11992|849846
1200000|4|8088|6|4|0|0|120000|2|23991|165512
1200000|4|8088|6|4|1|1|960000|2|23991|909400
1200000|4|8088|6|4|2|2|840000|2|23991|856044
1200000|4|8088|6|4|0|0|120000|3|35993|168126
1200000|4|8088|6|4|1|1|960000|3|35993|912950
1200000|4|8088|6|4|2|2|840000|3|35993|858037
1200000|4|8088|6|4|0|0|120000|4|47997|168631
1200000|4|8088|6|4|1|1|960000|4|47997|918133
1200000|4|8088|6|4|2|2|840000|4|47997|856085
1200000|4|8088|6|5|0|0|120000|0|0|105717
1200000|4|8088|6|5|1|1|960000|0|0|910530
1200000|4|8088|6|5|2|2|840000|0|0|874844
1200000|4|8088|6|5|0|0|120000|1|11992|115953
1200000|4|8088|6|5|1|1|960000|1|11992|907020
1200000|4|8088|6|5|2|2|840000|1|11992|886468
1200000|4|8088|6|5|0|0|120000|2|23989|120828
1200000|4|8088|6|5|1|1|960000|2|23989|907760
1200000|4|8088|6|5|2|2|840000|2|23989|892941
1200000|4|8088|6|5|0|0|120000|3|35991|123792
1200000|4|8088|6|5|1|1|960000|3|35991|911310
1200000|4|8088|6|5|2|2|840000|3|35991|894926
1200000|4|8088|6|5|0|0|120000|4|47994|124221
1200000|4|8088|6|5|1|1|960000|4|47994|916691
1200000|4|8088|6|5|2|2|840000|4|47994|893058
1200000|4|8089|6|1|0|0|120000|0|0|118392
1200000|4|8089|6|1|1|1|960000|0|0|910530
1200000|4|8089|6|1|2|2|840000|0|0|863223
1200000|4|8089|6|1|0|0|120000|1|11992|129759
1200000|4|8089|6|1|1|1|960000|1|11992|907060
1200000|4|8089|6|1|2|2|840000|1|11992|874572
1200000|4|8089|6|1|0|0|120000|2|23989|135141
1200000|4|8089|6|1|1|1|960000|2|23989|907605
1200000|4|8089|6|1|2|2|840000|2|23989|880575
1200000|4|8089|6|1|0|0|120000|3|35990|137754
1200000|4|8089|6|1|1|1|960000|3|35990|910960
1200000|4|8089|6|1|2|2|840000|3|35990|883112
1200000|4|8089|6|1|0|0|120000|4|47995|138417
1200000|4|8089|6|1|1|1|960000|4|47995|916613
1200000|4|8089|6|1|2|2|840000|4|47995|881045
1200000|4|8089|6|2|0|0|120000|0|0|149280
1200000|4|8089|6|2|1|1|960000|0|0|916923
1200000|4|8089|6|2|2|2|840000|0|0|835729
1200000|4|8089|6|2|0|0|120000|1|11988|164040
1200000|4|8089|6|2|1|1|960000|1|11988|914665
1200000|4|8089|6|2|2|2|840000|1|11988|846298
1200000|4|8089|6|2|0|0|120000|2|23983|170982
1200000|4|8089|6|2|1|1|960000|2|23983|916769
1200000|4|8089|6|2|2|2|840000|2|23983|849963
1200000|4|8089|6|2|0|0|120000|3|35982|174141
1200000|4|8089|6|2|1|1|960000|3|35982|920670
1200000|4|8089|6|2|2|2|840000|3|35982|849105
1200000|4|8089|6|2|0|0|120000|4|47981|174999
1200000|4|8089|6|2|1|1|960000|4|47981|925778
1200000|4|8089|6|2|2|2|840000|4|47981|846802
1200000|4|8089|6|3|0|0|120000|0|0|146901
1200000|4|8089|6|3|1|1|960000|0|0|915912
1200000|4|8089|6|3|2|2|840000|0|0|838105
1200000|4|8089|6|3|0|0|120000|1|11989|161154
1200000|4|8089|6|3|1|1|960000|1|11989|914781
1200000|4|8089|6|3|2|2|840000|1|11989|849963
1200000|4|8089|6|3|0|0|120000|2|23986|167784
1200000|4|8089|6|3|1|1|960000|2|23986|917511
1200000|4|8089|6|3|2|2|840000|2|23986|854253
1200000|4|8089|6|3|0|0|120000|3|35986|171372
1200000|4|8089|6|3|1|1|960000|3|35986|921956
1200000|4|8089|6|3|2|2|840000|3|35986|854800
1200000|4|8089|6|3|0|0|120000|4|47988|172425
1200000|4|8089|6|3|1|1|960000|4|47988|927455
1200000|4|8089|6|3|2|2|840000|4|47988|853316
1200000|4|8089|6|4|0|0|120000|0|0|91755
1200000|4|8089|6|4|1|1|960000|0|0|920747
1200000|4|8089|6|4|2|2|840000|0|0|775239
1200000|4|8089|6|4|0|0|120000|1|11991|72624
1200000|4|8089|6|4|1|1|960000|1|11991|920553
1200000|4|8089|6|4|2|2|840000|1|11991|762992
1200000|4|8089|6|4|0|0|120000|2|23988|63654
1200000|4|8089|6|4|1|1|960000|2|23988|923399
1200000|4|8089|6|4|2|2|840000|2|23988|756126
1200000|4|8089|6|4|0|0|120000|3|35988|58935
1200000|4|8089|6|4|1|1|960000|3|35988|928586
1200000|4|8089|6|4|2|2|840000|3|35988|752034
1200000|4|8089|6|4|0|0|120000|4|47989|56829
1200000|4|8089|6|4|1|1|960000|4|47989|935373
1200000|4|8089|6|4|2|2|840000|4|47989|748953
1200000|4|8089|6|5|0|0|120000|0|0|90312
1200000|4|8089|6|5|1|1|960000|0|0|907877
1200000|4|8089|6|5|2|2|840000|0|0|780192
1200000|4|8089|6|5|0|0|120000|1|11992|73872
1200000|4|8089|6|5|1|1|960000|1|11992|900859
1200000|4|8089|6|5|2|2|840000|1|11992|770521
1200000|4|8089|6|5|0|0|120000|2|23990|66462
1200000|4|8089|6|5|1|1|960000|2|23990|898358
1200000|4|8089|6|5|2|2|840000|2|23990|765488
1200000|4|8089|6|5|0|0|120000|3|35990|63576
1200000|4|8089|6|5|1|1|960000|3|35990|897579
1200000|4|8089|6|5|2|2|840000|3|35990|763032
1200000|4|8089|6|5|0|0|120000|4|47991|62913
1200000|4|8089|6|5|1|1|960000|4|47991|898085
1200000|4|8089|6|5|2|2|840000|4|47991|762409
1200000|4|8090|6|1|0|0|120000|0|0|177048
1200000|4|8090|6|1|1|1|960000|0|0|903743
1200000|4|8090|6|1|2|2|840000|0|0|887049
1200000|4|8090|6|1|0|0|120000|1|11993|197853
1200000|4|8090|6|1|1|1|960000|1|11993|904681
1200000|4|8090|6|1|2|2|840000|1|11993|910607
1200000|4|8090|6|1|0|0|120000|2|23993|208149
1200000|4|8090|6|1|1|1|960000|2|23993|907643
1200000|4|8090|6|1|2|2|840000|2|23993|923284
1200000|4|8090|6|1|0|0|120000|3|35996|212244
1200000|4|8090|6|1|1|1|960000|3|35996|911778
1200000|4|8090|6|1|2|2|840000|3|35996|931083
1200000|4|8090|6|1|0|0|120000|4|47999|213609
1200000|4|8090|6|1|1|1|960000|4|47999|915015
1200000|4|8090|6|1|2|2|840000|4|47999|936777
1200000|4|8090|6|2|0|0|120000|0|0|59190
1200000|4|8090|6|2|1|1|960000|0|0|907762
1200000|4|8090|6|2|2|2|840000|0|0|811351
1200000|4|8090|6|2|0|0|120000|1|11997|37992
1200000|4|8090|6|2|1|1|960000|1|11997|899143
1200000|4|8090|6|2|2|2|840000|1|11997|805580
1200000|4|8090|6|2|0|0|120000|2|23998|28515
1200000|4|8090|6|2|1|1|960000|2|23998|895398
1200000|4|8090|6|2|2|2|840000|2|23998|804293
1200000|4|8090|6|2|0|0|120000|3|36002|24576
1200000|4|8090|6|2|1|1|960000|3|36002|893797
1200000|4|8090|6|2|2|2|840000|3|36002|804995
1200000|4|8090|6|2|0|0|120000|4|48006|23250
1200000|4|8090|6|2|1|1|960000|4|48006|894151
1200000|4|8090|6|2|2|2|840000|4|48006|805892
1200000|4|8090|6|3|0|0|120000|0|0|63324
1200000|4|8090|6|3|1|1|960000|0|0|907410
1200000|4|8090|6|3|2|2|840000|0|0|807921
1200000|4|8090|6|3|0|0|120000|1|11997|43413
1200000|4|8090|6|3|1|1|960000|1|11997|900194
1200000|4|8090|6|3|2|2|840000|1|11997|802930
1200000|4|8090|6|3|0|0|120000|2|23998|36159
1200000|4|8090|6|3|1|1|960000|2|23998|898245
1200000|4|8090|6|3|2|2|840000|2|23998|802150
1200000|4|8090|6|3|0|0|120000|3|36001|34950
1200000|4|8090|6|3|1|1|960000|3|36001|898243
1200000|4|8090|6|3|2|2|840000|3|36001|803982
1200000|4|8090|6|3|0|0|120000|4|48005|36276
1200000|4|8090|6|3|1|1|960000|4|48005|899924
1200000|4|8090|6|3|2|2|840000|4|48005|806359
1200000|4|8090|6|4|0|0|120000|0|0|156261
1200000|4|8090|6|4|1|1|960000|0|0|909047
1200000|4|8090|6|4|2|2|840000|0|0|840482
1200000|4|8090|6|4|0|0|120000|1|11997|176442
1200000|4|8090|6|4|1|1|960000|1|11997|903702
1200000|4|8090|6|4|2|2|840000|1|11997|857957
1200000|4|8090|6|4|0|0|120000|2|23998|188298
1200000|4|8090|6|4|1|1|960000|2|23998|903159
1200000|4|8090|6|4|2|2|840000|2|23998|868372
1200000|4|8090|6|4|0|0|120000|3|36001|194889
1200000|4|8090|6|4|1|1|960000|3|36001|905615
1200000|4|8090|6|4|2|2|840000|3|36001|875311
1200000|4|8090|6|4|0|0|120000|4|48005|200583
1200000|4|8090|6|4|1|1|960000|4|48005|908032
1200000|4|8090|6|4|2|2|840000|4|48005|880070
1200000|4|8090|6|5|0|0|120000|0|0|131145
1200000|4|8090|6|5|1|1|960000|0|0|909281
1200000|4|8090|6|5|2|2|840000|0|0|860727
1200000|4|8090|6|5|0|0|120000|1|11995|148089
1200000|4|8090|6|5|1|1|960000|1|11995|902806
1200000|4|8090|6|5|2|2|840000|1|11995|876445
1200000|4|8090|6|5|0|0|120000|2|23995|157020
1200000|4|8090|6|5|1|1|960000|2|23995|901950
1200000|4|8090|6|5|2|2|840000|2|23995|885259
1200000|4|8090|6|5|0|0|120000|3|35997|163533
1200000|4|8090|6|5|1|1|960000|3|35997|904563
1200000|4|8090|6|5|2|2|840000|3|35997|889899
1200000|4|8090|6|5|0|0|120000|4|47999|168876
1200000|4|8090|6|5|1|1|960000|4|47999|907722
1200000|4|8090|6|5|2|2|840000|4|47999|892200
1200000|4|8091|6|1|0|0|120000|0|0|116598
1200000|4|8091|6|1|1|1|960000|0|0|910335
1200000|4|8091|6|1|2|2|840000|0|0|870476
1200000|4|8091|6|1|0|0|120000|1|11994|130929
1200000|4|8091|6|1|1|1|960000|1|11994|906200
1200000|4|8091|6|1|2|2|840000|1|11994|884010
1200000|4|8091|6|1|0|0|120000|2|23992|140679
1200000|4|8091|6|1|1|1|960000|2|23992|905889
1200000|4|8091|6|1|2|2|840000|2|23992|891420
1200000|4|8091|6|1|0|0|120000|3|35994|148011
1200000|4|8091|6|1|1|1|960000|3|35994|908189
1200000|4|8091|6|1|2|2|840000|3|35994|893956
1200000|4|8091|6|1|0|0|120000|4|47996|153510
1200000|4|8091|6|1|1|1|960000|4|47996|911232
1200000|4|8091|6|1|2|2|840000|4|47996|895162
1200000|4|8091|6|2|0|0|120000|0|0|155130
1200000|4|8091|6|2|1|1|960000|0|0|910721
1200000|4|8091|6|2|2|2|840000|0|0|832490
1200000|4|8091|6|2|0|0|120000|1|11994|172698
1200000|4|8091|6|2|1|1|960000|1|11994|906591
1200000|4|8091|6|2|2|2|840000|1|11994|844970
1200000|4|8091|6|2|0|0|120000|2|23992|182214
1200000|4|8091|6|2|1|1|960000|2|23992|907018
1200000|4|8091|6|2|2|2|840000|2|23992|851640
1200000|4|8091|6|2|0|0|120000|3|35994|189078
1200000|4|8091|6|2|1|1|960000|3|35994|910257
1200000|4|8091|6|2|2|2|840000|3|35994|853903
1200000|4|8091|6|2|0|0|120000|4|47997|193524
1200000|4|8091|6|2|1|1|960000|4|47997|913768
1200000|4|8091|6|2|2|2|840000|4|47997|855073
1200000|4|8091|6|3|0|0|120000|0|0|125451
1200000|4|8091|6|3|1|1|960000|0|0|911623
1200000|4|8091|6|3|2|2|840000|0|0|861078
1200000|4|8091|6|3|0|0|120000|1|11994|139587
1200000|4|8091|6|3|1|1|960000|1|11994|908928
1200000|4|8091|6|3|2|2|840000|1|11994|874142
1200000|4|8091|6|3|0|0|120000|2|23992|147894
1200000|4|8091|6|3|1|1|960000|2|23992|909048
1200000|4|8091|6|3|2|2|840000|2|23992|878938
1200000|4|8091|6|3|0|0|120000|3|35993|153315
1200000|4|8091|6|3|1|1|960000|3|35993|911856
1200000|4|8091|6|3|2|2|840000|3|35993|880384
1200000|4|8091|6|3|0|0|120000|4|47995|156045
1200000|4|8091|6|3|1|1|960000|4|47995|915481
1200000|4|8091|6|3|2|2|840000|4|47995|881513
1200000|4|8091|6|4|0|0|120000|0|0|125139
1200000|4|8091|6|4|1|1|960000|0|0|911658
1200000|4|8091|6|4|2|2|840000|0|0|860414
1200000|4|8091|6|4|0|0|120000|1|11992|139821
1200000|4|8091|6|4|1|1|960000|1|11992|907916
1200000|4|8091|6|4|2|2|840000|1|11992|872075
1200000|4|8091|6|4|0|0|120000|2|23988|148206
1200000|4|8091|6|4|1|1|960000|2|23988|908073
1200000|4|8091|6|4|2|2|840000|2|23988|877886
1200000|4|8091|6|4|0|0|120000|3|35989|153822
1200000|4|8091|6|4|1|1|960000|3|35989|910803
1200000|4|8091|6|4|2|2|840000|3|35989|880070
1200000|4|8091|6|4|0|0|120000|4|47993|157371
1200000|4|8091|6|4|1|1|960000|4|47993|914427
1200000|4|8091|6|4|2|2|840000|4|47993|881592
1200000|4|8091|6|5|0|0|120000|0|0|152088
1200000|4|8091|6|5|1|1|960000|0|0|913728
1200000|4|8091|6|5|2|2|840000|0|0|833777
1200000|4|8091|6|5|0|0|120000|1|11990|168564
1200000|4|8091|6|5|1|1|960000|1|11990|909164
1200000|4|8091|6|5|2|2|840000|1|11990|845633
1200000|4|8091|6|5|0|0|120000|2|23988|177183
1200000|4|8091|6|5|1|1|960000|2|23988|909984
1200000|4|8091|6|5|2|2|840000|2|23988|850588
1200000|4|8091|6|5|0|0|120000|3|35990|181863
1200000|4|8091|6|5|1|1|960000|3|35990|913688
1200000|4|8091|6|5|2|2|840000|3|35990|852966
1200000|4|8091|6|5|0|0|120000|4|47995|184320
1200000|4|8091|6|5|1|1|960000|4|47995|918331
1200000|4|8091|6|5|2|2|840000|4|47995|853239
1200000|4|8092|6|1|0|0|120000|0|0|147408
1200000|4|8092|6|1|1|1|960000|0|0|913845
1200000|4|8092|6|1|2|2|840000|0|0|840291
1200000|4|8092|6|1|0|0|120000|1|11993|162246
1200000|4|8092|6|1|1|1|960000|1|11993|910258
1200000|4|8092|6|1|2|2|840000|1|11993|852848
1200000|4|8092|6|1|0|0|120000|2|23990|169734
1200000|4|8092|6|1|1|1|960000|2|23990|912832
1200000|4|8092|6|1|2|2|840000|2|23990|857606
1200000|4|8092|6|1|0|0|120000|3|35991|173673
1200000|4|8092|6|1|1|1|960000|3|35991|916772
1200000|4|8092|6|1|2|2|840000|3|35991|859440
1200000|4|8092|6|1|0|0|120000|4|47995|174843
1200000|4|8092|6|1|1|1|960000|4|47995|920746
1200000|4|8092|6|1|2|2|840000|4|47995|861117
1200000|4|8092|6|2|0|0|120000|0|0|60243
1200000|4|8092|6|2|1|1|960000|0|0|913100
1200000|4|8092|6|2|2|2|840000|0|0|804838
1200000|4|8092|6|2|0|0|120000|1|11994|37095
1200000|4|8092|6|2|1|1|960000|1|11994|907604
1200000|4|8092|6|2|2|2|840000|1|11994|794427
1200000|4|8092|6|2|0|0|120000|2|23993|26760
1200000|4|8092|6|2|1|1|960000|2|23993|907020
1200000|4|8092|6|2|2|2|840000|2|23993|789904
1200000|4|8092|6|2|0|0|120000|3|35995|22509
1200000|4|8092|6|2|1|1|960000|3|35995|908111
1200000|4|8092|6|2|2|2|840000|3|35995|786978
1200000|4|8092|6|2|0|0|120000|4|47997|20988
1200000|4|8092|6|2|1|1|960000|4|47997|909867
1200000|4|8092|6|2|2|2|840000|4|47997|785769
1200000|4|8092|6|3|0|0|120000|0|0|127362
1200000|4|8092|6|3|1|1|960000|0|0|904487
1200000|4|8092|6|3|2|2|840000|0|0|858153
1200000|4|8092|6|3|0|0|120000|1|11994|133932
1200000|4|8092|6|3|1|1|960000|1|11994|905732
1200000|4|8092|6|3|2|2|840000|1|11994|862754
1200000|4|8092|6|3|0|0|120000|2|23994|136506
1200000|4|8092|6|3|1|1|960000|2|23994|908617
1200000|4|8092|6|3|2|2|840000|2|23994|865953
1200000|4|8092|6|3|0|0|120000|3|35996|138573
1200000|4|8092|6|3|1|1|960000|3|35996|912166
1200000|4|8092|6|3|2|2|840000|3|35996|867512
1200000|4|8092|6|3|0|0|120000|4|47999|140757
1200000|4|8092|6|3|1|1|960000|4|47999|915834
1200000|4|8092|6|3|2|2|840000|4|47999|867903
1200000|4|8092|6|4|0|0|120000|0|0|158289
1200000|4|8092|6|4|1|1|960000|0|0|899220
1200000|4|8092|6|4|2|2|840000|0|0|903548
1200000|4|8092|6|4|0|0|120000|1|11993|181122
1200000|4|8092|6|4|1|1|960000|1|11993|899414
1200000|4|8092|6|4|2|2|840000|1|11993|924727
1200000|4|8092|6|4|0|0|120000|2|23991|193485
1200000|4|8092|6|4|1|1|960000|2|23991|900663
1200000|4|8092|6|4|2|2|840000|2|23991|935373
1200000|4|8092|6|4|0|0|120000|3|35993|200856
1200000|4|8092|6|4|1|1|960000|3|35993|903276
1200000|4|8092|6|4|2|2|840000|3|35993|939001
1200000|4|8092|6|4|0|0|120000|4|47994|206004
1200000|4|8092|6|4|1|1|960000|4|47994|906357
1200000|4|8092|6|4|2|2|840000|4|47994|940481
1200000|4|8092|6|5|0|0|120000|0|0|151581
1200000|4|8092|6|5|1|1|960000|0|0|910255
1200000|4|8092|6|5|2|2|840000|0|0|834831
1200000|4|8092|6|5|0|0|120000|1|11993|167277
1200000|4|8092|6|5|1|1|960000|1|11993|905615
1200000|4|8092|6|5|2|2|840000|1|11993|847270
1200000|4|8092|6|5|0|0|120000|2|23991|175155
1200000|4|8092|6|5|1|1|960000|2|23991|906121
1200000|4|8092|6|5|2|2|840000|2|23991|852343
1200000|4|8092|6|5|0|0|120000|3|35992|179367
1200000|4|8092|6|5|1|1|960000|3|35992|909010
1200000|4|8092|6|5|2|2|840000|3|35992|853587
1200000|4|8092|6|5|0|0|120000|4|47994|181356
1200000|4|8092|6|5|1|1|960000|4|47994|912712
1200000|4|8092|6|5|2|2|840000|4|47994|854720
1200000|4|8093|6|1|0|0|120000|0|0|148578
1200000|4|8093|6|1|1|1|960000|0|0|912481
1200000|4|8093|6|1|2|2|840000|0|0|838925
1200000|4|8093|6|1|0|0|120000|1|11993|163884
1200000|4|8093|6|1|1|1|960000|1|11993|908462
1200000|4|8093|6|1|2|2|840000|1|11993|852419
1200000|4|8093|6|1|0|0|120000|2|23993|171606
1200000|4|8093|6|1|1|1|960000|2|23993|909906
1200000|4|8093|6|1|2|2|840000|2|23993|857529
1200000|4|8093|6|1|0|0|120000|3|35995|174882
1200000|4|8093|6|1|1|1|960000|3|35995|912908
1200000|4|8093|6|1|2|2|840000|3|35995|859792
1200000|4|8093|6|1|0|0|120000|4|47998|176988
1200000|4|8093|6|1|1|1|960000|4|47998|916965
1200000|4|8093|6|1|2|2|840000|4|47998|860492
1200000|4|8093|6|2|0|0|120000|0|0|149319
1200000|4|8093|6|2|1|1|960000|0|0|910880
1200000|4|8093|6|2|2|2|840000|0|0|839664
1200000|4|8093|6|2|0|0|120000|1|11995|165522
1200000|4|8093|6|2|1|1|960000|1|11995|906005
1200000|4|8093|6|2|2|2|840000|1|11995|853668
1200000|4|8093|6|2|0|0|120000|2|23997|173946
1200000|4|8093|6|2|1|1|960000|2|23997|906045
1200000|4|8093|6|2|2|2|840000|2|23997|860221
1200000|4|8093|6|2|0|0|120000|3|36000|177144
1200000|4|8093|6|2|1|1|960000|3|36000|908538
1200000|4|8093|6|2|2|2|840000|3|36000|862949
1200000|4|8093|6|2|0|0|120000|4|48004|178587
1200000|4|8093|6|2|1|1|960000|4|48004|911778
1200000|4|8093|6|2|2|2|840000|4|48004|864277
1200000|4|8093|6|3|0|0|120000|0|0|148773
1200000|4|8093|6|3|1|1|960000|0|0|911193
1200000|4|8093|6|3|2|2|840000|0|0|841422
1200000|4|8093|6|3|0|0|120000|1|11997|164196
1200000|4|8093|6|3|1|1|960000|1|11997|905616
1200000|4|8093|6|3|2|2|840000|1|11997|855422
1200000|4|8093|6|3|0|0|120000|2|23999|171333
1200000|4|8093|6|3|1|1|960000|2|23999|905732
1200000|4|8093|6|3|2|2|840000|2|23999|862287
1200000|4|8093|6|3|0|0|120000|3|36004|173946
1200000|4|8093|6|3|1|1|960000|3|36004|907682
1200000|4|8093|6|3|2|2|840000|3|36004|865834
1200000|4|8093|6|3|0|0|120000|4|48010|175077
1200000|4|8093|6|3|1|1|960000|4|48010|910218
1200000|4|8093|6|3|2|2|840000|4|48010|868097
1200000|4|8093|6|4|0|0|120000|0|0|123267
1200000|4|8093|6|4|1|1|960000|0|0|908541
1200000|4|8093|6|4|2|2|840000|0|0|865055
1200000|4|8093|6|4|0|0|120000|1|12000|136428
1200000|4|8093|6|4|1|1|960000|1|12000|901756
1200000|4|8093|6|4|2|2|840000|1|12000|879405
1200000|4|8093|6|4|0|0|120000|2|24003|141693
1200000|4|8093|6|4|1|1|960000|2|24003|900740
1200000|4|8093|6|4|2|2|840000|2|24003|886622
1200000|4|8093|6|4|0|0|120000|3|36007|143487
1200000|4|8093|6|4|1|1|960000|3|36007|901443
1200000|4|8093|6|4|2|2|840000|3|36007|890480
1200000|4|8093|6|4|0|0|120000|4|48012|143838
1200000|4|8093|6|4|1|1|960000|4|48012|904172
1200000|4|8093|6|4|2|2|840000|4|48012|892433
1200000|4|8093|6|5|0|0|120000|0|0|109188
1200000|4|8093|6|5|1|1|960000|0|0|909438
1200000|4|8093|6|5|2|2|840000|0|0|874727
1200000|4|8093|6|5|0|0|120000|1|11999|118254
1200000|4|8093|6|5|1|1|960000|1|11999|903002
1200000|4|8093|6|5|2|2|840000|1|11999|889042
1200000|4|8093|6|5|0|0|120000|2|24001|121296
1200000|4|8093|6|5|1|1|960000|2|24001|902732
1200000|4|8093|6|5|2|2|840000|2|24001|896255
1200000|4|8093|6|5|0|0|120000|3|36005|122349
1200000|4|8093|6|5|1|1|960000|3|36005|905964
1200000|4|8093|6|5|2|2|840000|3|36005|899685
1200000|4|8093|6|5|0|0|120000|4|48009|122700
1200000|4|8093|6|5|1|1|960000|4|48009|909399
1200000|4|8093|6|5|2|2|840000|4|48009|900975
1200000|4|8094|6|1|0|0|120000|0|0|108213
1200000|4|8094|6|1|1|1|960000|0|0|910958
1200000|4|8094|6|1|2|2|840000|0|0|875390
1200000|4|8094|6|1|0|0|120000|1|11996|118605
1200000|4|8094|6|1|1|1|960000|1|11996|907098
1200000|4|8094|6|1|2|2|840000|1|11996|888729
1200000|4|8094|6|1|0|0|120000|2|23995|123909
1200000|4|8094|6|1|1|1|960000|2|23995|908034
1200000|4|8094|6|1|2|2|840000|2|23995|894734
1200000|4|8094|6|1|0|0|120000|3|35995|127224
1200000|4|8094|6|1|1|1|960000|3|35995|910450
1200000|4|8094|6|1|2|2|840000|3|35995|895906
1200000|4|8094|6|1|0|0|120000|4|47997|128862
1200000|4|8094|6|1|1|1|960000|4|47997|914235
1200000|4|8094|6|1|2|2|840000|4|47997|897774
1200000|4|8094|6|2|0|0|120000|0|0|108915
1200000|4|8094|6|2|1|1|960000|0|0|913611
1200000|4|8094|6|2|2|2|840000|0|0|872973
1200000|4|8094|6|2|0|0|120000|1|11992|120204
1200000|4|8094|6|2|1|1|960000|1|11992|909671
1200000|4|8094|6|2|2|2|840000|1|11992|886545
1200000|4|8094|6|2|0|0|120000|2|23992|125859
1200000|4|8094|6|2|1|1|960000|2|23992|910920
1200000|4|8094|6|2|2|2|840000|2|23992|891575
1200000|4|8094|6|2|0|0|120000|3|35994|128160
1200000|4|8094|6|2|1|1|960000|3|35994|915131
1200000|4|8094|6|2|2|2|840000|3|35994|894735
1200000|4|8094|6|2|0|0|120000|4|47998|129330
1200000|4|8094|6|2|1|1|960000|4|47998|919969
1200000|4|8094|6|2|2|2|840000|4|47998|896842
1200000|4|8094|6|3|0|0|120000|0|0|146745
1200000|4|8094|6|3|1|1|960000|0|0|912634
1200000|4|8094|6|3|2|2|840000|0|0|839823
1200000|4|8094|6|3|0|0|120000|1|11995|162051
1200000|4|8094|6|3|1|1|960000|1|11995|909593
1200000|4|8094|6|3|2|2|840000|1|11995|852145
1200000|4|8094|6|3|0|0|120000|2|23993|169422
1200000|4|8094|6|3|1|1|960000|2|23993|911505
1200000|4|8094|6|3|2|2|840000|2|23993|856785
1200000|4|8094|6|3|0|0|120000|3|35994|172347
1200000|4|8094|6|3|1|1|960000|3|35994|915676
1200000|4|8094|6|3|2|2|840000|3|35994|859635
1200000|4|8094|6|3|0|0|120000|4|47998|173439
1200000|4|8094|6|3|1|1|960000|4|47998|920435
1200000|4|8094|6|3|2|2|840000|4|47998|861975
1200000|4|8094|6|4|0|0|120000|0|0|148539
1200000|4|8094|6|4|1|1|960000|0|0|914664
1200000|4|8094|6|4|2|2|840000|0|0|842203
1200000|4|8094|6|4|0|0|120000|1|11996|163572
1200000|4|8094|6|4|1|1|960000|1|11996|911272
1200000|4|8094|6|4|2|2|840000|1|11996|856750
1200000|4|8094|6|4|0|0|120000|2|23998|170709
1200000|4|8094|6|4|1|1|960000|2|23998|913023
1200000|4|8094|6|4|2|2|840000|2|23998|863731
1200000|4|8094|6|4|0|0|120000|3|36002|173517
1200000|4|8094|6|4|1|1|960000|3|36002|917512
1200000|4|8094|6|4|2|2|840000|3|36002|867200
1200000|4|8094|6|4|0|0|120000|4|48007|174492
1200000|4|8094|6|4|1|1|960000|4|48007|922344
1200000|4|8094|6|4|2|2|840000|4|48007|868877
1200000|4|8094|6|5|0|0|120000|0|0|122487
1200000|4|8094|6|5|1|1|960000|0|0|911504
1200000|4|8094|6|5|2|2|840000|0|0|868955
1200000|4|8094|6|5|0|0|120000|1|12000|135531
1200000|4|8094|6|5|1|1|960000|1|12000|906510
1200000|4|8094|6|5|2|2|840000|1|12000|883929
1200000|4|8094|6|5|0|0|120000|2|24004|141342
1200000|4|8094|6|5|1|1|960000|2|24004|906747
1200000|4|8094|6|5|2|2|840000|2|24004|892044
1200000|4|8094|6|5|0|0|120000|3|36009|143565
1200000|4|8094|6|5|1|1|960000|3|36009|909204
1200000|4|8094|6|5|2|2|840000|3|36009|897073
1200000|4|8094|6|5|0|0|120000|4|48016|144345
1200000|4|8094|6|5|1|1|960000|4|48016|912283
1200000|4|8094|6|5|2|2|840000|4|48016|899609
1200000|4|8095|6|1|0|0|120000|0|0|150528
1200000|4|8095|6|1|1|1|960000|0|0|909361
1200000|4|8095|6|1|2|2|840000|0|0|839980
1200000|4|8095|6|1|0|0|120000|1|12000|165015
1200000|4|8095|6|1|1|1|960000|1|12000|903237
1200000|4|8095|6|1|2|2|840000|1|12000|855383
1200000|4|8095|6|1|0|0|120000|2|24003|171021
1200000|4|8095|6|1|1|1|960000|2|24003|901792
1200000|4|8095|6|1|2|2|840000|2|24003|863847
1200000|4|8095|6|1|0|0|120000|3|36009|173907
1200000|4|8095|6|1|1|1|960000|3|36009|903042
1200000|4|8095|6|1|2|2|840000|3|36009|868604
1200000|4|8095|6|1|0|0|120000|4|48014|175077
1200000|4|8095|6|1|1|1|960000|4|48014|904913
1200000|4|8095|6|1|2|2|840000|4|48014|871335
1200000|4|8095|6|2|0|0|120000|0|0|148032
1200000|4|8095|6|2|1|1|960000|0|0|907253
1200000|4|8095|6|2|2|2|840000|0|0|838848
1200000|4|8095|6|2|0|0|120000|1|11996|161388
1200000|4|8095|6|2|1|1|960000|1|11996|900195
1200000|4|8095|6|2|2|2|840000|1|11996|852107
1200000|4|8095|6|2|0|0|120000|2|23997|166497
1200000|4|8095|6|2|1|1|960000|2|23997|899141
1200000|4|8095|6|2|2|2|840000|2|23997|858388
1200000|4|8095|6|2|0|0|120000|3|35999|168720
1200000|4|8095|6|2|1|1|960000|3|35999|901677
1200000|4|8095|6|2|2|2|840000|3|35999|860454
1200000|4|8095|6|2|0|0|120000|4|48003|169656
1200000|4|8095|6|2|1|1|960000|4|48003|906119
1200000|4|8095|6|2|2|2|840000|4|48003|860648
1200000|4|8095|6|3|0|0|120000|0|0|121317
1200000|4|8095|6|3|1|1|960000|0|0|912207
1200000|4|8095|6|3|2|2|840000|0|0|866343
1200000|4|8095|6|3|0|0|120000|1|11995|133152
1200000|4|8095|6|3|1|1|960000|1|11995|909708
1200000|4|8095|6|3|2|2|840000|1|11995|880929
1200000|4|8095|6|3|0|0|120000|2|23995|138963
1200000|4|8095|6|3|1|1|960000|2|23995|911855
1200000|4|8095|6|3|2|2|840000|2|23995|888963
1200000|4|8095|6|3|0|0|120000|3|35998|141966
1200000|4|8095|6|3|1|1|960000|3|35998|916497
1200000|4|8095|6|3|2|2|840000|3|35998|894462
1200000|4|8095|6|3|0|0|120000|4|48005|142317
1200000|4|8095|6|3|1|1|960000|4|48005|922074
1200000|4|8095|6|3|2|2|840000|4|48005|896684
1200000|4|8095|6|4|0|0|120000|0|0|148344
1200000|4|8095|6|4|1|1|960000|0|0|918447
1200000|4|8095|6|4|2|2|840000|0|0|840212
1200000|4|8095|6|4|0|0|120000|1|11992|162636
1200000|4|8095|6|4|1|1|960000|1|11992|918643
1200000|4|8095|6|4|2|2|840000|1|11992|853589
1200000|4|8095|6|4|0|0|120000|2|23991|169110
1200000|4|8095|6|4|1|1|960000|2|23991|922347
1200000|4|8095|6|4|2|2|840000|2|23991|859790
1200000|4|8095|6|4|0|0|120000|3|35993|172074
1200000|4|8095|6|4|1|1|960000|3|35993|927768
1200000|4|8095|6|4|2|2|840000|3|35993|861817
1200000|4|8095|6|4|0|0|120000|4|47995|172386
1200000|4|8095|6|4|1|1|960000|4|47995|934164
1200000|4|8095|6|4|2|2|840000|4|47995|861937
1200000|4|8095|6|5|0|0|120000|0|0|147291
1200000|4|8095|6|5|1|1|960000|0|0|918057
1200000|4|8095|6|5|2|2|840000|0|0|839119
1200000|4|8095|6|5|0|0|120000|1|11992|162480
1200000|4|8095|6|5|1|1|960000|1|11992|918836
1200000|4|8095|6|5|2|2|840000|1|11992|852690
1200000|4|8095|6|5|0|0|120000|2|23991|170007
1200000|4|8095|6|5|1|1|960000|2|23991|923439
1200000|4|8095|6|5|2|2|840000|2|23991|858072
1200000|4|8095|6|5|0|0|120000|3|35993|173400
1200000|4|8095|6|5|1|1|960000|3|35993|930612
1200000|4|8095|6|5|2|2|840000|3|35993|859947
1200000|4|8095|6|5|0|0|120000|4|47996|174999
1200000|4|8095|6|5|1|1|960000|4|47996|937244
1200000|4|8095|6|5|2|2|840000|4|47996|860296
1200000|4|8096|6|1|0|0|120000|0|0|120732
1200000|4|8096|6|1|1|1|960000|0|0|917937
1200000|4|8096|6|1|2|2|840000|0|0|863847
1200000|4|8096|6|1|0|0|120000|1|11991|134010
1200000|4|8096|6|1|1|1|960000|1|11991|918680
1200000|4|8096|6|1|2|2|840000|1|11991|876833
1200000|4|8096|6|1|0|0|120000|2|23990|140484
1200000|4|8096|6|1|1|1|960000|2|23990|923436
1200000|4|8096|6|1|2|2|840000|2|23990|881514
1200000|4|8096|6|1|0|0|120000|3|35991|142824
1200000|4|8096|6|1|1|1|960000|3|35991|930146
1200000|4|8096|6|1|2|2|840000|3|35991|882684
1200000|4|8096|6|1|0|0|120000|4|47993|143760
1200000|4|8096|6|1|1|1|960000|4|47993|937089
1200000|4|8096|6|1|2|2|840000|4|47993|882566
1200000|4|8096|6|2|0|0|120000|0|0|74634
1200000|4|8096|6|2|1|1|960000|0|0|915092
1200000|4|8096|6|2|2|2|840000|0|0|797548
1200000|4|8096|6|2|0|0|120000|1|11996|55035
1200000|4|8096|6|2|1|1|960000|1|11996|911268
1200000|4|8096|6|2|2|2|840000|1|11996|788499
1200000|4|8096|6|2|0|0|120000|2|23996|46689
1200000|4|8096|6|2|1|1|960000|2|23996|912752
1200000|4|8096|6|2|2|2|840000|2|23996|784286
1200000|4|8096|6|2|0|0|120000|3|35999|43140
1200000|4|8096|6|2|1|1|960000|3|35999|915716
1200000|4|8096|6|2|2|2|840000|3|35999|782415
1200000|4|8096|6|2|0|0|120000|4|48003|42282
1200000|4|8096|6|2|1|1|960000|4|48003|919303
1200000|4|8096|6|2|2|2|840000|4|48003|782180
1200000|4|8096|6|3|0|0|120000|0|0|77247
1200000|4|8096|6|3|1|1|960000|0|0|914821
1200000|4|8096|6|3|2|2|840000|0|0|797973
1200000|4|8096|6|3|0|0|120000|1|11995|60261
1200000|4|8096|6|3|1|1|960000|1|11995|910919
1200000|4|8096|6|3|2|2|840000|1|11995|790643
1200000|4|8096|6|3|0|0|120000|2|23996|53514
1200000|4|8096|6|3|1|1|960000|2|23996|912051
1200000|4|8096|6|3|2|2|840000|2|23996|788499
1200000|4|8096|6|3|0|0|120000|3|35998|52305
1200000|4|8096|6|3|1|1|960000|3|35998|915286
1200000|4|8096|6|3|2|2|840000|3|35998|788461
1200000|4|8096|6|3|0|0|120000|4|48001|53631
1200000|4|8096|6|3|1|1|960000|4|48001|919189
1200000|4|8096|6|3|2|2|840000|4|48001|789942
1200000|4|8096|6|4|0|0|120000|0|0|178413
1200000|4|8096|6|4|1|1|960000|0|0|906007
1200000|4|8096|6|4|2|2|840000|0|0|819270
1200000|4|8096|6|4|0|0|120000|1|11996|189585
1200000|4|8096|6|4|1|1|960000|1|11996|907018
1200000|4|8096|6|4|2|2|840000|1|11996|826446
1200000|4|8096|6|4|0|0|120000|2|23997|196137
1200000|4|8096|6|4|1|1|960000|2|23997|909708
1200000|4|8096|6|4|2|2|840000|2|23997|832216
1200000|4|8096|6|4|0|0|120000|3|36001|201285
1200000|4|8096|6|4|1|1|960000|3|36001|913026
1200000|4|8096|6|4|2|2|840000|3|36001|836782
1200000|4|8096|6|4|0|0|120000|4|48004|205848
1200000|4|8096|6|4|1|1|960000|4|48004|916848
1200000|4|8096|6|4|2|2|840000|4|48004|839277
1200000|4|8096|6|5|0|0|120000|0|0|150333
1200000|4|8096|6|5|1|1|960000|0|0|902301
1200000|4|8096|6|5|2|2|840000|0|0|916381
1200000|4|8096|6|5|0|0|120000|1|11992|174609
1200000|4|8096|6|5|1|1|960000|1|11992|903819
1200000|4|8096|6|5|2|2|840000|1|11992|939231
1200000|4|8096|6|5|0|0|120000|2|23990|188961
1200000|4|8096|6|5|1|1|960000|2|23990|906902
1200000|4|8096|6|5|2|2|840000|2|23990|951245
1200000|4|8096|6|5|0|0|120000|3|35992|198750
1200000|4|8096|6|5|1|1|960000|3|35992|911036
1200000|4|8096|6|5|2|2|840000|3|35992|955652
1200000|4|8096|6|5|0|0|120000|4|47993|205926
1200000|4|8096|6|5|1|1|960000|4|47993|915872
1200000|4|8096|6|5|2|2|840000|4|47993|955653
1200000|4|8097|6|1|0|0|120000|0|0|127362
1200000|4|8097|6|1|1|1|960000|0|0|911583
1200000|4|8097|6|1|2|2|840000|0|0|861348
1200000|4|8097|6|1|0|0|120000|1|11993|142668
1200000|4|8097|6|1|1|1|960000|1|11993|907957
1200000|4|8097|6|1|2|2|840000|1|11993|875507
1200000|4|8097|6|1|0|0|120000|2|23990|152028
1200000|4|8097|6|1|1|1|960000|2|23990|909945
1200000|4|8097|6|1|2|2|840000|2|23990|883971
1200000|4|8097|6|1|0|0|120000|3|35993|158541
1200000|4|8097|6|1|1|1|960000|3|35993|914820
1200000|4|8097|6|1|2|2|840000|3|35993|889470
1200000|4|8097|6|1|0|0|120000|4|47998|162753
1200000|4|8097|6|1|1|1|960000|4|47998|921527
1200000|4|8097|6|1|2|2|840000|4|47998|890445
1200000|4|8097|6|2|0|0|120000|0|0|150879
1200000|4|8097|6|2|1|1|960000|0|0|913494
1200000|4|8097|6|2|2|2|840000|0|0|837950
1200000|4|8097|6|2|0|0|120000|1|11993|166146
1200000|4|8097|6|2|1|1|960000|1|11993|911076
1200000|4|8097|6|2|2|2|840000|1|11993|852536
1200000|4|8097|6|2|0|0|120000|2|23993|173946
1200000|4|8097|6|2|1|1|960000|2|23993|912597
1200000|4|8097|6|2|2|2|840000|2|23993|860570
1200000|4|8097|6|2|0|0|120000|3|35996|178782
1200000|4|8097|6|2|1|1|960000|3|35996|916653
1200000|4|8097|6|2|2|2|840000|3|35996|864002
1200000|4|8097|6|2|0|0|120000|4|47999|181746
1200000|4|8097|6|2|1|1|960000|4|47999|923438
1200000|4|8097|6|2|2|2|840000|4|47999|863068
1200000|4|8097|6|3|0|0|120000|0|0|148383
1200000|4|8097|6|3|1|1|960000|0|0|917119
1200000|4|8097|6|3|2|2|840000|0|0|838767
1200000|4|8097|6|3|0|0|120000|1|11989|162870
1200000|4|8097|6|3|1|1|960000|1|11989|915055
1200000|4|8097|6|3|2|2|840000|1|11989|850743
1200000|4|8097|6|3|0|0|120000|2|23985|169539
1200000|4|8097|6|3|1|1|960000|2|23985|917433
1200000|4|8097|6|3|2|2|840000|2|23985|856283
1200000|4|8097|6|3|0|0|120000|3|35984|173244
1200000|4|8097|6|3|1|1|960000|3|35984|922075
1200000|4|8097|6|3|2|2|840000|3|35984|856712
1200000|4|8097|6|3|0|0|120000|4|47983|174570
1200000|4|8097|6|3|1|1|960000|4|47983|927221
1200000|4|8097|6|3|2|2|840000|4|47983|856358
1200000|4|8097|6|4|0|0|120000|0|0|147291
1200000|4|8097|6|4|1|1|960000|0|0|915676
1200000|4|8097|6|4|2|2|840000|0|0|839510
1200000|4|8097|6|4|0|0|120000|1|11990|162675
1200000|4|8097|6|4|1|1|960000|1|11990|915986
1200000|4|8097|6|4|2|2|840000|1|11990|852692
1200000|4|8097|6|4|0|0|120000|2|23987|170202
1200000|4|8097|6|4|1|1|960000|2|23987|920008
1200000|4|8097|6|4|2|2|840000|2|23987|857725
1200000|4|8097|6|4|0|0|120000|3|35988|173634
1200000|4|8097|6|4|1|1|960000|3|35988|925624
1200000|4|8097|6|4|2|2|840000|3|35988|859441
1200000|4|8097|6|4|0|0|120000|4|47988|175233
1200000|4|8097|6|4|1|1|960000|4|47988|931241
1200000|4|8097|6|4|2|2|840000|4|47988|859090
1200000|4|8097|6|5|0|0|120000|0|1|147993
1200000|4|8097|6|5|1|1|960000|0|1|917200
1200000|4|8097|6|5|2|2|840000|0|1|840485
1200000|4|8097|6|5|0|0|120000|1|11992|163026
1200000|4|8097|6|5|1|1|960000|1|11992|917898
1200000|4|8097|6|5|2|2|840000|1|11992|854718
1200000|4|8097|6|5|0|0|120000|2|23991|170553
1200000|4|8097|6|5|1|1|960000|2|23991|921137
1200000|4|8097|6|5|2|2|840000|2|23991|860687
1200000|4|8097|6|5|0|0|120000|3|35992|173361
1200000|4|8097|6|5|1|1|960000|3|35992|926090
1200000|4|8097|6|5|2|2|840000|3|35992|862911
1200000|4|8097|6|5|0|0|120000|4|47994|174765
1200000|4|8097|6|5|1|1|960000|4|47994|931474
1200000|4|8097|6|5|2|2|840000|4|47994|863961
1200000|4|8098|6|1|0|0|120000|0|0|123462
1200000|4|8098|6|1|1|1|960000|0|0|911934
1200000|4|8098|6|1|2|2|840000|0|0|865796
1200000|4|8098|6|1|0|0|120000|1|11995|136818
1200000|4|8098|6|1|1|1|960000|1|11995|907566
1200000|4|8098|6|1|2|2|840000|1|11995|880539
1200000|4|8098|6|1|0|0|120000|2|23995|143604
1200000|4|8098|6|1|1|1|960000|2|23995|908384
1200000|4|8098|6|1|2|2|840000|2|23995|886857
1200000|4|8098|6|1|0|0|120000|3|35996|146061
1200000|4|8098|6|1|1|1|960000|3|35996|911855
1200000|4|8098|6|1|2|2|840000|3|35996|890251
1200000|4|8098|6|1|0|0|120000|4|47998|146061
1200000|4|8098|6|1|1|1|960000|4|47998|915521
1200000|4|8098|6|1|2|2|840000|4|47998|892587
1200000|4|8098|6|2|0|0|120000|0|0|149007
1200000|4|8098|6|2|1|1|960000|0|0|910960
1200000|4|8098|6|2|2|2|840000|0|0|841110
1200000|4|8098|6|2|0|0|120000|1|11996|164157
1200000|4|8098|6|2|1|1|960000|1|11996|904991
1200000|4|8098|6|2|2|2|840000|1|11996|856554
1200000|4|8098|6|2|0|0|120000|2|23998|171138
1200000|4|8098|6|2|1|1|960000|2|23998|904095
1200000|4|8098|6|2|2|2|840000|2|23998|863340
1200000|4|8098|6|2|0|0|120000|3|36001|173556
1200000|4|8098|6|2|1|1|960000|3|36001|905460
1200000|4|8098|6|2|2|2|840000|3|36001|866927
1200000|4|8098|6|2|0|0|120000|4|48005|174102
1200000|4|8098|6|2|1|1|960000|4|48005|906708
1200000|4|8098|6|2|2|2|840000|4|48005|868721
1200000|4|8098|6|3|0|0|120000|0|0|122916
1200000|4|8098|6|3|1|1|960000|0|0|906551
1200000|4|8098|6|3|2|2|840000|0|0|864236
1200000|4|8098|6|3|0|0|120000|1|11998|135531
1200000|4|8098|6|3|1|1|960000|1|11998|899180
1200000|4|8098|6|3|2|2|840000|1|11998|879057
1200000|4|8098|6|3|0|0|120000|2|24001|140718
1200000|4|8098|6|3|1|1|960000|2|24001|897271
1200000|4|8098|6|3|2|2|840000|2|24001|887092
1200000|4|8098|6|3|0|0|120000|3|36005|141888
1200000|4|8098|6|3|1|1|960000|3|36005|897972
1200000|4|8098|6|3|2|2|840000|3|36005|891731
1200000|4|8098|6|3|0|0|120000|4|48011|141459
1200000|4|8098|6|3|1|1|960000|4|48011|900273
1200000|4|8098|6|3|2|2|840000|4|48011|893991
1200000|4|8098|6|4|0|0|120000|0|0|120186
1200000|4|8098|6|4|1|1|960000|0|0|906944
1200000|4|8098|6|4|2|2|840000|0|0|864158
1200000|4|8098|6|4|0|0|120000|1|11997|132177
1200000|4|8098|6|4|1|1|960000|1|11997|899377
1200000|4|8098|6|4|2|2|840000|1|11997|876991
1200000|4|8098|6|4|0|0|120000|2|23997|136896
1200000|4|8098|6|4|1|1|960000|2|23997|897622
1200000|4|8098|6|4|2|2|840000|2|23997|883698
1200000|4|8098|6|4|0|0|120000|3|36000|138105
1200000|4|8098|6|4|1|1|960000|3|36000|897659
1200000|4|8098|6|4|2|2|840000|3|36000|887635
1200000|4|8098|6|4|0|0|120000|4|48005|138300
1200000|4|8098|6|4|1|1|960000|4|48005|899220
1200000|4|8098|6|4|2|2|840000|4|48005|889622
1200000|4|8098|6|5|0|0|120000|0|0|122058
1200000|4|8098|6|5|1|1|960000|0|0|907838
1200000|4|8098|6|5|2|2|840000|0|0|863613
1200000|4|8098|6|5|0|0|120000|1|11997|133698
1200000|4|8098|6|5|1|1|960000|1|11997|900546
1200000|4|8098|6|5|2|2|840000|1|11997|878003
1200000|4|8098|6|5|0|0|120000|2|23997|138339
1200000|4|8098|6|5|1|1|960000|2|23997|899183
1200000|4|8098|6|5|2|2|840000|2|23997|884942
1200000|4|8098|6|5|0|0|120000|3|36000|140601
1200000|4|8098|6|5|1|1|960000|3|36000|900663
1200000|4|8098|6|5|2|2|840000|3|36000|888105
1200000|4|8098|6|5|0|0|120000|4|48003|141186
1200000|4|8098|6|5|1|1|960000|4|48003|902807
1200000|4|8098|6|5|2|2|840000|4|48003|888963
1200000|4|8099|6|1|0|0|120000|0|0|148929
1200000|4|8099|6|1|1|1|960000|0|0|909515
1200000|4|8099|6|1|2|2|840000|0|0|838693
1200000|4|8099|6|1|0|0|120000|1|11996|163338
1200000|4|8099|6|1|1|1|960000|1|11996|905031
1200000|4|8099|6|1|2|2|840000|1|11996|851637
1200000|4|8099|6|1|0|0|120000|2|23995|170124
1200000|4|8099|6|1|1|1|960000|2|23995|904914
1200000|4|8099|6|1|2|2|840000|2|23995|856981
1200000|4|8099|6|1|0|0|120000|3|35996|173517
1200000|4|8099|6|1|1|1|960000|3|35996|907524
1200000|4|8099|6|1|2|2|840000|3|35996|858075
1200000|4|8099|6|1|0|0|120000|4|47998|174804
1200000|4|8099|6|1|1|1|960000|4|47998|910764
1200000|4|8099|6|1|2|2|840000|4|47998|857765
1200000|4|8099|6|2|0|0|120000|0|0|148422
1200000|4|8099|6|2|1|1|960000|0|0|911388
1200000|4|8099|6|2|2|2|840000|0|0|838614
1200000|4|8099|6|2|0|0|120000|1|11993|162831
1200000|4|8099|6|2|1|1|960000|1|11993|906239
1200000|4|8099|6|2|2|2|840000|1|11993|850627
1200000|4|8099|6|2|0|0|120000|2|23992|169851
1200000|4|8099|6|2|1|1|960000|2|23992|906861
1200000|4|8099|6|2|2|2|840000|2|23992|855851
1200000|4|8099|6|2|0|0|120000|3|35995|173361
1200000|4|8099|6|2|1|1|960000|3|35995|909944
1200000|4|8099|6|2|2|2|840000|3|35995|856505
1200000|4|8099|6|2|0|0|120000|4|47997|174570
1200000|4|8099|6|2|1|1|960000|4|47997|913842
1200000|4|8099|6|2|2|2|840000|4|47997|856778
1200000|4|8099|6|3|0|0|120000|0|0|145380
1200000|4|8099|6|3|1|1|960000|0|0|912782
1200000|4|8099|6|3|2|2|840000|0|0|839307
1200000|4|8099|6|3|0|0|120000|1|11994|159360
1200000|4|8099|6|3|1|1|960000|1|11994|908658
1200000|4|8099|6|3|2|2|840000|1|11994|852449
1200000|4|8099|6|3|0|0|120000|2|23994|165795
1200000|4|8099|6|3|1|1|960000|2|23994|910374
1200000|4|8099|6|3|2|2|840000|2|23994|858144
1200000|4|8099|6|3|0|0|120000|3|35997|168564
1200000|4|8099|6|3|1|1|960000|3|35997|914143
1200000|4|8099|6|3|2|2|840000|3|35997|859856
1200000|4|8099|6|3|0|0|120000|4|48001|168993
1200000|4|8099|6|3|1|1|960000|4|48001|918126
1200000|4|8099|6|3|2|2|840000|4|48001|860600
1200000|4|8099|6|4|0|0|120000|0|0|68862
1200000|4|8099|6|4|1|1|960000|0|0|912349
1200000|4|8099|6|4|2|2|840000|0|0|799293
1200000|4|8099|6|4|0|0|120000|1|11996|48288
1200000|4|8099|6|4|1|1|960000|1|11996|905996
1200000|4|8099|6|4|2|2|840000|1|11996|789852
1200000|4|8099|6|4|0|0|120000|2|23997|38811
1200000|4|8099|6|4|1|1|960000|2|23997|904867
1200000|4|8099|6|4|2|2|840000|2|23997|784823
1200000|4|8099|6|4|0|0|120000|3|36000|34443
1200000|4|8099|6|4|1|1|960000|3|36000|905762
1200000|4|8099|6|4|2|2|840000|3|36000|781821
1200000|4|8099|6|4|0|0|120000|4|48003|33351
1200000|4|8099|6|4|1|1|960000|4|48003|907440
1200000|4|8099|6|4|2|2|840000|4|48003|779830
1200000|4|8099|6|5|0|0|120000|0|0|183015
1200000|4|8099|6|5|1|1|960000|0|0|905216
1200000|4|8099|6|5|2|2|840000|0|0|887861
1200000|4|8099|6|5|0|0|120000|1|11995|207135
1200000|4|8099|6|5|1|1|960000|1|11995|906503
1200000|4|8099|6|5|2|2|840000|1|11995|909894
1200000|4|8099|6|5|0|0|120000|2|23996|218679
1200000|4|8099|6|5|1|1|960000|2|23996|910132
1200000|4|8099|6|5|2|2|840000|2|23996|920973
1200000|4|8099|6|5|0|0|120000|3|35999|224373
1200000|4|8099|6|5|1|1|960000|3|35999|913757
1200000|4|8099|6|5|2|2|840000|3|35999|926980
1200000|4|8099|6|5|0|0|120000|4|48003|228780
1200000|4|8099|6|5|1|1|960000|4|48003|916994
1200000|4|8099|6|5|2|2|840000|4|48003|929471
1200000|4|8100|6|1|0|0|120000|0|0|125256
1200000|4|8100|6|1|1|1|960000|0|0|909349
1200000|4|8100|6|1|2|2|840000|0|0|862396
1200000|4|8100|6|1|0|0|120000|1|11997|139392
1200000|4|8100|6|1|1|1|960000|1|11997|903340
1200000|4|8100|6|1|2|2|840000|1|11997|876669
1200000|4|8100|6|1|0|0|120000|2|23998|145944
1200000|4|8100|6|1|1|1|960000|2|23998|902797
1200000|4|8100|6|1|2|2|840000|2|23998|884041
1200000|4|8100|6|1|0|0|120000|3|36002|150156
1200000|4|8100|6|1|1|1|960000|3|36002|904787
1200000|4|8100|6|1|2|2|840000|3|36002|887821
1200000|4|8100|6|1|0|0|120000|4|48006|153120
1200000|4|8100|6|1|1|1|960000|4|48006|907985
1200000|4|8100|6|1|2|2|840000|4|48006|889029
1200000|4|8100|6|2|0|0|120000|0|0|112464
1200000|4|8100|6|2|1|1|960000|0|0|907712
1200000|4|8100|6|2|2|2|840000|0|0|869961
1200000|4|8100|6|2|0|0|120000|1|11994|125547
1200000|4|8100|6|2|1|1|960000|1|11994|902680
1200000|4|8100|6|2|2|2|840000|1|11994|883647
1200000|4|8100|6|2|0|0|120000|2|23993|133737
1200000|4|8100|6|2|1|1|960000|2|23993|902912
1200000|4|8100|6|2|2|2|840000|2|23993|890084
1200000|4|8100|6|2|0|0|120000|3|35995|139626
1200000|4|8100|6|2|1|1|960000|3|35995|905489
1200000|4|8100|6|2|2|2|840000|3|35995|891877
1200000|4|8100|6|2|0|0|120000|4|47997|143682
1200000|4|8100|6|2|1|1|960000|4|47997|908649
1200000|4|8100|6|2|2|2|840000|4|47997|893050
1200000|4|8100|6|3|0|0|120000|0|0|113088
1200000|4|8100|6|3|1|1|960000|0|0|911768
1200000|4|8100|6|3|2|2|840000|0|0|872183
1200000|4|8100|6|3|0|0|120000|1|11993|126288
1200000|4|8100|6|3|1|1|960000|1|11993|907908
1200000|4|8100|6|3|2|2|840000|1|11993|884897
1200000|4|8100|6|3|0|0|120000|2|23991|134010
1200000|4|8100|6|3|1|1|960000|2|23991|908882
1200000|4|8100|6|3|2|2|840000|2|23991|891839
1200000|4|8100|6|3|0|0|120000|3|35993|139509
1200000|4|8100|6|3|1|1|960000|3|35993|912781
1200000|4|8100|6|3|2|2|840000|3|35993|894723
1200000|4|8100|6|3|0|0|120000|4|47997|142668
1200000|4|8100|6|3|1|1|960000|4|47997|917620
1200000|4|8100|6|3|2|2|840000|4|47997|898119
1200000|4|8100|6|4|0|0|120000|0|0|148461
1200000|4|8100|6|4|1|1|960000|0|0|911534
1200000|4|8100|6|4|2|2|840000|0|0|837708
1200000|4|8100|6|4|0|0|120000|1|11994|162831
1200000|4|8100|6|4|1|1|960000|1|11994|908881
1200000|4|8100|6|4|2|2|840000|1|11994|849837
1200000|4|8100|6|4|0|0|120000|2|23992|169812
1200000|4|8100|6|4|1|1|960000|2|23992|909662
1200000|4|8100|6|4|2|2|840000|2|23992|856544
1200000|4|8100|6|4|0|0|120000|3|35994|173595
1200000|4|8100|6|4|1|1|960000|3|35994|914072
1200000|4|8100|6|4|2|2|840000|3|35994|859816
1200000|4|8100|6|4|0|0|120000|4|48000|175077
1200000|4|8100|6|4|1|1|960000|4|48000|918398
1200000|4|8100|6|4|2|2|840000|4|48000|859352
1200000|4|8100|6|5|0|0|120000|0|0|120771
1200000|4|8100|6|5|1|1|960000|0|0|916135
1200000|4|8100|6|5|2|2|840000|0|0|863565
1200000|4|8100|6|5|0|0|120000|1|11991|133932
1200000|4|8100|6|5|1|1|960000|1|11991|916955
1200000|4|8100|6|5|2|2|840000|1|11991|876825
1200000|4|8100|6|5|0|0|120000|2|23989|140796
1200000|4|8100|6|5|1|1|960000|2|23989|921478
1200000|4|8100|6|5|2|2|840000|2|23989|881659
1200000|4|8100|6|5|0|0|120000|3|35989|143760
1200000|4|8100|6|5|1|1|960000|3|35989|927017
1200000|4|8100|6|5|2|2|840000|3|35989|883142
1200000|4|8100|6|5|0|0|120000|4|47990|145398
1200000|4|8100|6|5|1|1|960000|4|47990|932204
1200000|4|8100|6|5|2|2|840000|4|47990|882909
