---- START ----

1200000|4|8001|16|1|0|0|360000|0|0|346776
1200000|4|8001|16|1|1|1|840000|0|0|792672
1200000|4|8001|16|1|2|2|480000|0|0|508947
1200000|4|8001|16|1|0|0|360000|1|11991|354984
1200000|4|8001|16|1|1|1|840000|1|11991|784752
1200000|4|8001|16|1|2|2|480000|1|11991|521153
1200000|4|8001|16|1|0|0|360000|2|23991|356466
1200000|4|8001|16|1|1|1|840000|2|23991|780540
1200000|4|8001|16|1|2|2|480000|2|23991|526301
1200000|4|8001|16|1|0|0|360000|3|35992|355725
1200000|4|8001|16|1|1|1|840000|3|35992|778162
1200000|4|8001|16|1|2|2|480000|3|35992|527628
1200000|4|8001|16|1|0|0|360000|4|47994|353736
1200000|4|8001|16|1|1|1|840000|4|47994|777891
1200000|4|8001|16|1|2|2|480000|4|47994|527236
1200000|4|8001|16|2|0|0|360000|0|0|348219
1200000|4|8001|16|2|1|1|840000|0|0|796805
1200000|4|8001|16|2|2|2|480000|0|0|510310
1200000|4|8001|16|2|0|0|360000|1|11989|358104
1200000|4|8001|16|2|1|1|840000|1|11989|794154
1200000|4|8001|16|2|2|2|480000|1|11989|522599
1200000|4|8001|16|2|0|0|360000|2|23986|361926
1200000|4|8001|16|2|1|1|840000|2|23986|794777
1200000|4|8001|16|2|2|2|480000|2|23986|527979
1200000|4|8001|16|2|0|0|360000|3|35987|363057
1200000|4|8001|16|2|1|1|840000|3|35987|796764
1200000|4|8001|16|2|2|2|480000|3|35987|529070
1200000|4|8001|16|2|0|0|360000|4|47988|362121
1200000|4|8001|16|2|1|1|840000|4|47988|799457
1200000|4|8001|16|2|2|2|480000|4|47988|529420
1200000|4|8001|16|3|0|0|360000|0|0|331566
1200000|4|8001|16|3|1|1|840000|0|0|795325
1200000|4|8001|16|3|2|2|480000|0|0|526653
1200000|4|8001|16|3|0|0|360000|1|11992|339150
1200000|4|8001|16|3|1|1|840000|1|11992|792165
1200000|4|8001|16|3|2|2|480000|1|11992|539718
1200000|4|8001|16|3|0|0|360000|2|23991|342114
1200000|4|8001|16|3|1|1|840000|2|23991|791072
1200000|4|8001|16|3|2|2|480000|2|23991|545724
1200000|4|8001|16|3|0|0|360000|3|35992|342777
1200000|4|8001|16|3|1|1|840000|3|35992|792513
1200000|4|8001|16|3|2|2|480000|3|35992|547245
1200000|4|8001|16|3|0|0|360000|4|47995|342387
1200000|4|8001|16|3|1|1|840000|4|47995|794504
1200000|4|8001|16|3|2|2|480000|4|47995|547517
1200000|4|8001|16|4|0|0|360000|0|0|296349
1200000|4|8001|16|4|1|1|840000|0|0|801836
1200000|4|8001|16|4|2|2|480000|0|0|446313
1200000|4|8001|16|4|0|0|360000|1|11988|273747
1200000|4|8001|16|4|1|1|840000|1|11988|801173
1200000|4|8001|16|4|2|2|480000|1|11988|433404
1200000|4|8001|16|4|0|0|360000|2|23985|262944
1200000|4|8001|16|4|1|1|840000|2|23985|801289
1200000|4|8001|16|4|2|2|480000|2|23985|426657
1200000|4|8001|16|4|0|0|360000|3|35986|257211
1200000|4|8001|16|4|1|1|840000|3|35986|803941
1200000|4|8001|16|4|2|2|480000|3|35986|423107
1200000|4|8001|16|4|0|0|360000|4|47989|254520
1200000|4|8001|16|4|1|1|840000|4|47989|806946
1200000|4|8001|16|4|2|2|480000|4|47989|420767
1200000|4|8001|16|5|0|0|360000|0|0|302940
1200000|4|8001|16|5|1|1|840000|0|0|800510
1200000|4|8001|16|5|2|2|480000|0|0|451071
1200000|4|8001|16|5|0|0|360000|1|11992|284004
1200000|4|8001|16|5|1|1|840000|1|11992|798990
1200000|4|8001|16|5|2|2|480000|1|11992|442920
1200000|4|8001|16|5|0|0|360000|2|23992|276477
1200000|4|8001|16|5|1|1|840000|2|23992|800394
1200000|4|8001|16|5|2|2|480000|2|23992|440541
1200000|4|8001|16|5|0|0|360000|3|35996|273630
1200000|4|8001|16|5|1|1|840000|3|35996|801994
1200000|4|8001|16|5|2|2|480000|3|35996|440737
1200000|4|8001|16|5|0|0|360000|4|48001|272460
1200000|4|8001|16|5|1|1|840000|4|48001|803749
1200000|4|8001|16|5|2|2|480000|4|48001|441595
1200000|4|8002|16|1|0|0|360000|0|0|206688
1200000|4|8002|16|1|1|1|840000|0|0|812913
1200000|4|8002|16|1|2|2|480000|0|0|634293
1200000|4|8002|16|1|0|0|360000|1|11986|214857
1200000|4|8002|16|1|1|1|840000|1|11986|818765
1200000|4|8002|16|1|2|2|480000|1|11986|646616
1200000|4|8002|16|1|0|0|360000|2|23985|219303
1200000|4|8002|16|1|1|1|840000|2|23985|823482
1200000|4|8002|16|1|2|2|480000|2|23985|655198
1200000|4|8002|16|1|0|0|360000|3|35990|223086
1200000|4|8002|16|1|1|1|840000|3|35990|825899
1200000|4|8002|16|1|2|2|480000|3|35990|661358
1200000|4|8002|16|1|0|0|360000|4|47995|225699
1200000|4|8002|16|1|1|1|840000|4|47995|827186
1200000|4|8002|16|1|2|2|480000|4|47995|665220
1200000|4|8002|16|2|0|0|360000|0|0|338118
1200000|4|8002|16|2|1|1|840000|0|0|794505
1200000|4|8002|16|2|2|2|480000|0|0|523221
1200000|4|8002|16|2|0|0|360000|1|11995|350070
1200000|4|8002|16|2|1|1|840000|1|11995|790488
1200000|4|8002|16|2|2|2|480000|1|11995|537725
1200000|4|8002|16|2|0|0|360000|2|23995|358299
1200000|4|8002|16|2|1|1|840000|2|23995|788851
1200000|4|8002|16|2|2|2|480000|2|23995|544827
1200000|4|8002|16|2|0|0|360000|3|35997|364812
1200000|4|8002|16|2|1|1|840000|3|35997|789708
1200000|4|8002|16|2|2|2|480000|3|35997|548026
1200000|4|8002|16|2|0|0|360000|4|48000|369531
1200000|4|8002|16|2|1|1|840000|4|48000|791541
1200000|4|8002|16|2|2|2|480000|4|48000|549274
1200000|4|8002|16|3|0|0|360000|0|0|383046
1200000|4|8002|16|3|1|1|840000|0|0|798986
1200000|4|8002|16|3|2|2|480000|0|0|483947
1200000|4|8002|16|3|0|0|360000|1|11990|401121
1200000|4|8002|16|3|1|1|840000|1|11990|796961
1200000|4|8002|16|3|2|2|480000|1|11990|497480
1200000|4|8002|16|3|0|0|360000|2|23988|412002
1200000|4|8002|16|3|1|1|840000|2|23988|798561
1200000|4|8002|16|3|2|2|480000|2|23988|504268
1200000|4|8002|16|3|0|0|360000|3|35990|418944
1200000|4|8002|16|3|1|1|840000|3|35990|801135
1200000|4|8002|16|3|2|2|480000|3|35990|506528
1200000|4|8002|16|3|0|0|360000|4|47993|423702
1200000|4|8002|16|3|1|1|840000|4|47993|804021
1200000|4|8002|16|3|2|2|480000|4|47993|507621
1200000|4|8002|16|4|0|0|360000|0|0|358671
1200000|4|8002|16|4|1|1|840000|0|0|798872
1200000|4|8002|16|4|2|2|480000|0|0|505827
1200000|4|8002|16|4|0|0|360000|1|11990|374718
1200000|4|8002|16|4|1|1|840000|1|11990|797276
1200000|4|8002|16|4|2|2|480000|1|11990|519828
1200000|4|8002|16|4|0|0|360000|2|23989|384702
1200000|4|8002|16|4|1|1|840000|2|23989|799613
1200000|4|8002|16|4|2|2|480000|2|23989|526068
1200000|4|8002|16|4|0|0|360000|3|35991|391215
1200000|4|8002|16|4|1|1|840000|3|35991|802929
1200000|4|8002|16|4|2|2|480000|3|35991|528835
1200000|4|8002|16|4|0|0|360000|4|47993|396129
1200000|4|8002|16|4|1|1|840000|4|47993|806243
1200000|4|8002|16|4|2|2|480000|4|47993|529773
1200000|4|8002|16|5|0|0|360000|0|0|339600
1200000|4|8002|16|5|1|1|840000|0|0|799654
1200000|4|8002|16|5|2|2|480000|0|0|520804
1200000|4|8002|16|5|0|0|360000|1|11990|352566
1200000|4|8002|16|5|1|1|840000|1|11990|798133
1200000|4|8002|16|5|2|2|480000|1|11990|534336
1200000|4|8002|16|5|0|0|360000|2|23988|360327
1200000|4|8002|16|5|1|1|840000|2|23988|800394
1200000|4|8002|16|5|2|2|480000|2|23988|540187
1200000|4|8002|16|5|0|0|360000|3|35988|365358
1200000|4|8002|16|5|1|1|840000|3|35988|803437
1200000|4|8002|16|5|2|2|480000|3|35988|542916
1200000|4|8002|16|5|0|0|360000|4|47990|369531
1200000|4|8002|16|5|1|1|840000|4|47990|806322
1200000|4|8002|16|5|2|2|480000|4|47990|544048
1200000|4|8003|16|1|0|0|360000|0|1|383085
1200000|4|8003|16|1|1|1|840000|0|1|801484
1200000|4|8003|16|1|2|2|480000|0|1|484650
1200000|4|8003|16|1|0|0|360000|1|11989|400575
1200000|4|8003|16|1|1|1|840000|1|11989|800508
1200000|4|8003|16|1|2|2|480000|1|11989|499003
1200000|4|8003|16|1|0|0|360000|2|23989|411300
1200000|4|8003|16|1|1|1|840000|2|23989|803476
1200000|4|8003|16|1|2|2|480000|2|23989|506020
1200000|4|8003|16|1|0|0|360000|3|35991|417618
1200000|4|8003|16|1|1|1|840000|3|35991|807570
1200000|4|8003|16|1|2|2|480000|3|35991|509570
1200000|4|8003|16|1|0|0|360000|4|47995|422298
1200000|4|8003|16|1|1|1|840000|4|47995|811588
1200000|4|8003|16|1|2|2|480000|4|47995|511678
1200000|4|8003|16|2|0|0|360000|0|0|384606
1200000|4|8003|16|2|1|1|840000|0|0|799967
1200000|4|8003|16|2|2|2|480000|0|0|485700
1200000|4|8003|16|2|0|0|360000|1|11990|403461
1200000|4|8003|16|2|1|1|840000|1|11990|799143
1200000|4|8003|16|2|2|2|480000|1|11990|499822
1200000|4|8003|16|2|0|0|360000|2|23990|414849
1200000|4|8003|16|2|1|1|840000|2|23990|801954
1200000|4|8003|16|2|2|2|480000|2|23990|506958
1200000|4|8003|16|2|0|0|360000|3|35993|421440
1200000|4|8003|16|2|1|1|840000|3|35993|806010
1200000|4|8003|16|2|2|2|480000|3|35993|510117
1200000|4|8003|16|2|0|0|360000|4|47996|426120
1200000|4|8003|16|2|1|1|840000|4|47996|809130
1200000|4|8003|16|2|2|2|480000|4|47996|512106
1200000|4|8003|16|3|0|0|360000|0|0|385191
1200000|4|8003|16|3|1|1|840000|0|0|794466
1200000|4|8003|16|3|2|2|480000|0|0|485625
1200000|4|8003|16|3|0|0|360000|1|11994|403695
1200000|4|8003|16|3|1|1|840000|1|11994|788264
1200000|4|8003|16|3|2|2|480000|1|11994|499548
1200000|4|8003|16|3|0|0|360000|2|23994|414225
1200000|4|8003|16|3|1|1|840000|2|23994|786391
1200000|4|8003|16|3|2|2|480000|2|23994|506877
1200000|4|8003|16|3|0|0|360000|3|35997|420699
1200000|4|8003|16|3|1|1|840000|3|35997|784795
1200000|4|8003|16|3|2|2|480000|3|35997|511366
1200000|4|8003|16|3|0|0|360000|4|48001|425808
1200000|4|8003|16|3|1|1|840000|4|48001|783545
1200000|4|8003|16|3|2|2|480000|4|48001|513782
1200000|4|8003|16|4|0|0|360000|0|1|361206
1200000|4|8003|16|4|1|1|840000|0|1|792357
1200000|4|8003|16|4|2|2|480000|0|1|504071
1200000|4|8003|16|4|0|0|360000|1|11993|376941
1200000|4|8003|16|4|1|1|840000|1|11993|784950
1200000|4|8003|16|4|2|2|480000|1|11993|517916
1200000|4|8003|16|4|0|0|360000|2|23991|385560
1200000|4|8003|16|4|1|1|840000|2|23991|782806
1200000|4|8003|16|4|2|2|480000|2|23991|524780
1200000|4|8003|16|4|0|0|360000|3|35992|391761
1200000|4|8003|16|4|1|1|840000|3|35992|783157
1200000|4|8003|16|4|2|2|480000|3|35992|527901
1200000|4|8003|16|4|0|0|360000|4|47994|397143
1200000|4|8003|16|4|1|1|840000|4|47994|783935
1200000|4|8003|16|4|2|2|480000|4|47994|528798
1200000|4|8003|16|5|0|0|360000|0|0|361830
1200000|4|8003|16|5|1|1|840000|0|0|796609
1200000|4|8003|16|5|2|2|480000|0|0|505983
1200000|4|8003|16|5|0|0|360000|1|11992|378540
1200000|4|8003|16|5|1|1|840000|1|11992|792633
1200000|4|8003|16|5|2|2|480000|1|11992|520062
1200000|4|8003|16|5|0|0|360000|2|23992|390396
1200000|4|8003|16|5|1|1|840000|2|23992|792787
1200000|4|8003|16|5|2|2|480000|2|23992|527391
1200000|4|8003|16|5|0|0|360000|3|35995|399327
1200000|4|8003|16|5|1|1|840000|3|35995|794855
1200000|4|8003|16|5|2|2|480000|3|35995|529928
1200000|4|8003|16|5|0|0|360000|4|47998|406386
1200000|4|8003|16|5|1|1|840000|4|47998|797898
1200000|4|8003|16|5|2|2|480000|4|47998|531527
1200000|4|8004|16|1|0|0|360000|0|0|383514
1200000|4|8004|16|1|1|1|840000|0|0|801798
1200000|4|8004|16|1|2|2|480000|0|0|485934
1200000|4|8004|16|1|0|0|360000|1|11991|401667
1200000|4|8004|16|1|1|1|840000|1|11991|801057
1200000|4|8004|16|1|2|2|480000|1|11991|500016
1200000|4|8004|16|1|0|0|360000|2|23991|413094
1200000|4|8004|16|1|1|1|840000|2|23991|803630
1200000|4|8004|16|1|2|2|480000|2|23991|507076
1200000|4|8004|16|1|0|0|360000|3|35994|421077
1200000|4|8004|16|1|1|1|840000|3|35994|807686
1200000|4|8004|16|1|2|2|480000|3|35994|509804
1200000|4|8004|16|1|0|0|360000|4|47998|426734
1200000|4|8004|16|1|1|1|840000|4|47998|812018
1200000|4|8004|16|1|2|2|480000|4|47998|511128
1200000|4|8004|16|2|0|0|360000|0|0|380199
1200000|4|8004|16|2|1|1|840000|0|0|802030
1200000|4|8004|16|2|2|2|480000|0|0|488472
1200000|4|8004|16|2|0|0|360000|1|11991|398079
1200000|4|8004|16|2|1|1|840000|1|11991|801524
1200000|4|8004|16|2|2|2|480000|1|11991|503215
1200000|4|8004|16|2|0|0|360000|2|23991|408921
1200000|4|8004|16|2|1|1|840000|2|23991|804644
1200000|4|8004|16|2|2|2|480000|2|23991|509841
1200000|4|8004|16|2|0|0|360000|3|35994|416487
1200000|4|8004|16|2|1|1|840000|3|35994|808703
1200000|4|8004|16|2|2|2|480000|3|35994|513041
1200000|4|8004|16|2|0|0|360000|4|47998|421276
1200000|4|8004|16|2|1|1|840000|4|47998|812597
1200000|4|8004|16|2|2|2|480000|4|47998|514640
1200000|4|8004|16|3|0|0|360000|0|0|359412
1200000|4|8004|16|3|1|1|840000|0|0|801250
1200000|4|8004|16|3|2|2|480000|0|0|506840
1200000|4|8004|16|3|0|0|360000|1|11990|375576
1200000|4|8004|16|3|1|1|840000|1|11990|800119
1200000|4|8004|16|3|2|2|480000|1|11990|521115
1200000|4|8004|16|3|0|0|360000|2|23991|385521
1200000|4|8004|16|3|1|1|840000|2|23991|803123
1200000|4|8004|16|3|2|2|480000|2|23991|526769
1200000|4|8004|16|3|0|0|360000|3|35993|391566
1200000|4|8004|16|3|1|1|840000|3|35993|806595
1200000|4|8004|16|3|2|2|480000|3|35993|530046
1200000|4|8004|16|3|0|0|360000|4|47998|396090
1200000|4|8004|16|3|1|1|840000|4|47998|810727
1200000|4|8004|16|3|2|2|480000|4|47998|531490
1200000|4|8004|16|4|0|0|360000|0|0|379341
1200000|4|8004|16|4|1|1|840000|0|0|802305
1200000|4|8004|16|4|2|2|480000|0|0|487809
1200000|4|8004|16|4|0|0|360000|1|11990|395466
1200000|4|8004|16|4|1|1|840000|1|11990|801370
1200000|4|8004|16|4|2|2|480000|1|11990|501693
1200000|4|8004|16|4|0|0|360000|2|23990|404592
1200000|4|8004|16|4|1|1|840000|2|23990|804411
1200000|4|8004|16|4|2|2|480000|2|23990|508050
1200000|4|8004|16|4|0|0|360000|3|35993|410052
1200000|4|8004|16|4|1|1|840000|3|35993|808507
1200000|4|8004|16|4|2|2|480000|3|35993|511052
1200000|4|8004|16|4|0|0|360000|4|47996|413445
1200000|4|8004|16|4|1|1|840000|4|47996|812834
1200000|4|8004|16|4|2|2|480000|4|47996|512028
1200000|4|8004|16|5|0|0|360000|0|0|342525
1200000|4|8004|16|5|1|1|840000|0|0|801096
1200000|4|8004|16|5|2|2|480000|0|0|522832
1200000|4|8004|16|5|0|0|360000|1|11992|355023
1200000|4|8004|16|5|1|1|840000|1|11992|800395
1200000|4|8004|16|5|2|2|480000|1|11992|536246
1200000|4|8004|16|5|0|0|360000|2|23992|362511
1200000|4|8004|16|5|1|1|840000|2|23992|802148
1200000|4|8004|16|5|2|2|480000|2|23992|542604
1200000|4|8004|16|5|0|0|360000|3|35994|366801
1200000|4|8004|16|5|1|1|840000|3|35994|804956
1200000|4|8004|16|5|2|2|480000|3|35994|544943
1200000|4|8004|16|5|0|0|360000|4|47997|369726
1200000|4|8004|16|5|1|1|840000|4|47997|807335
1200000|4|8004|16|5|2|2|480000|4|47997|546270
1200000|4|8005|16|1|0|0|360000|0|0|357033
1200000|4|8005|16|1|1|1|840000|0|0|794699
1200000|4|8005|16|1|2|2|480000|0|0|510662
1200000|4|8005|16|1|0|0|360000|1|11995|371715
1200000|4|8005|16|1|1|1|840000|1|11995|788732
1200000|4|8005|16|1|2|2|480000|1|11995|523845
1200000|4|8005|16|1|0|0|360000|2|23995|379554
1200000|4|8005|16|1|1|1|840000|2|23995|787484
1200000|4|8005|16|1|2|2|480000|2|23995|530357
1200000|4|8005|16|1|0|0|360000|3|35998|383103
1200000|4|8005|16|1|1|1|840000|3|35998|787213
1200000|4|8005|16|1|2|2|480000|3|35998|533868
1200000|4|8005|16|1|0|0|360000|4|48002|385716
1200000|4|8005|16|1|1|1|840000|4|48002|788188
1200000|4|8005|16|1|2|2|480000|4|48002|535389
1200000|4|8005|16|2|0|0|360000|0|0|357111
1200000|4|8005|16|2|1|1|840000|0|0|795323
1200000|4|8005|16|2|2|2|480000|0|0|508167
1200000|4|8005|16|2|0|0|360000|1|11995|370350
1200000|4|8005|16|2|1|1|840000|1|11995|789242
1200000|4|8005|16|2|2|2|480000|1|11995|521779
1200000|4|8005|16|2|0|0|360000|2|23995|376629
1200000|4|8005|16|2|1|1|840000|2|23995|788457
1200000|4|8005|16|2|2|2|480000|2|23995|528292
1200000|4|8005|16|2|0|0|360000|3|35997|380919
1200000|4|8005|16|2|1|1|840000|3|35997|788732
1200000|4|8005|16|2|2|2|480000|3|35997|530864
1200000|4|8005|16|2|0|0|360000|4|48000|384390
1200000|4|8005|16|2|1|1|840000|4|48000|789590
1200000|4|8005|16|2|2|2|480000|4|48000|531451
1200000|4|8005|16|3|0|0|360000|0|0|341667
1200000|4|8005|16|3|1|1|840000|0|0|797508
1200000|4|8005|16|3|2|2|480000|0|0|524391
1200000|4|8005|16|3|0|0|360000|1|11993|354399
1200000|4|8005|16|3|1|1|840000|1|11993|793646
1200000|4|8005|16|3|2|2|480000|1|11993|539950
1200000|4|8005|16|3|0|0|360000|2|23994|362589
1200000|4|8005|16|3|1|1|840000|2|23994|793256
1200000|4|8005|16|3|2|2|480000|2|23994|547596
1200000|4|8005|16|3|0|0|360000|3|35995|368517
1200000|4|8005|16|3|1|1|840000|3|35995|795324
1200000|4|8005|16|3|2|2|480000|3|35995|551027
1200000|4|8005|16|3|0|0|360000|4|47999|372768
1200000|4|8005|16|3|1|1|840000|4|47999|798051
1200000|4|8005|16|3|2|2|480000|4|47999|553485
1200000|4|8005|16|4|0|0|360000|0|0|339795
1200000|4|8005|16|4|1|1|840000|0|0|799614
1200000|4|8005|16|4|2|2|480000|0|0|522284
1200000|4|8005|16|4|0|0|360000|1|11991|351942
1200000|4|8005|16|4|1|1|840000|1|11991|799028
1200000|4|8005|16|4|2|2|480000|1|11991|535818
1200000|4|8005|16|4|0|0|360000|2|23988|359313
1200000|4|8005|16|4|1|1|840000|2|23988|798950
1200000|4|8005|16|4|2|2|480000|2|23988|543461
1200000|4|8005|16|4|0|0|360000|3|35990|364071
1200000|4|8005|16|4|1|1|840000|3|35990|801135
1200000|4|8005|16|4|2|2|480000|3|35990|545919
1200000|4|8005|16|4|0|0|360000|4|47992|367776
1200000|4|8005|16|4|1|1|840000|4|47992|804411
1200000|4|8005|16|4|2|2|480000|4|47992|547362
1200000|4|8005|16|5|0|0|360000|0|0|381633
1200000|4|8005|16|5|1|1|840000|0|0|802227
1200000|4|8005|16|5|2|2|480000|0|0|487731
1200000|4|8005|16|5|0|0|360000|1|11990|397172
1200000|4|8005|16|5|1|1|840000|1|11990|800391
1200000|4|8005|16|5|2|2|480000|1|11990|501265
1200000|4|8005|16|5|0|0|360000|2|23988|406532
1200000|4|8005|16|5|1|1|840000|2|23988|802225
1200000|4|8005|16|5|2|2|480000|2|23988|507348
1200000|4|8005|16|5|0|0|360000|3|35989|412422
1200000|4|8005|16|5|1|1|840000|3|35989|805619
1200000|4|8005|16|5|2|2|480000|3|35989|509883
1200000|4|8005|16|5|0|0|360000|4|47992|415464
1200000|4|8005|16|5|1|1|840000|4|47992|809828
1200000|4|8005|16|5|2|2|480000|4|47992|510975
1200000|4|8006|16|1|0|0|360000|0|0|338196
1200000|4|8006|16|1|1|1|840000|0|0|800861
1200000|4|8006|16|1|2|2|480000|0|0|525288
1200000|4|8006|16|1|0|0|360000|1|11991|350031
1200000|4|8006|16|1|1|1|840000|1|11991|801720
1200000|4|8006|16|1|2|2|480000|1|11991|539874
1200000|4|8006|16|1|0|0|360000|2|23990|356973
1200000|4|8006|16|1|1|1|840000|2|23990|805699
1200000|4|8006|16|1|2|2|480000|2|23990|547323
1200000|4|8006|16|1|0|0|360000|3|35992|361146
1200000|4|8006|16|1|1|1|840000|3|35992|810377
1200000|4|8006|16|1|2|2|480000|3|35992|551340
1200000|4|8006|16|1|0|0|360000|4|47995|363681
1200000|4|8006|16|1|1|1|840000|4|47995|813887
1200000|4|8006|16|1|2|2|480000|4|47995|553797
1200000|4|8006|16|2|0|0|360000|0|0|339132
1200000|4|8006|16|2|1|1|840000|0|0|797975
1200000|4|8006|16|2|2|2|480000|0|0|527120
1200000|4|8006|16|2|0|0|360000|1|11995|350850
1200000|4|8006|16|2|1|1|840000|1|11995|794777
1200000|4|8006|16|2|2|2|480000|1|11995|542444
1200000|4|8006|16|2|0|0|360000|2|23997|356934
1200000|4|8006|16|2|1|1|840000|2|23997|796377
1200000|4|8006|16|2|2|2|480000|2|23997|551496
1200000|4|8006|16|2|0|0|360000|3|36001|359508
1200000|4|8006|16|2|1|1|840000|3|36001|799341
1200000|4|8006|16|2|2|2|480000|3|36001|557424
1200000|4|8006|16|2|0|0|360000|4|48006|361419
1200000|4|8006|16|2|1|1|840000|4|48006|801837
1200000|4|8006|16|2|2|2|480000|4|48006|561285
1200000|4|8006|16|3|0|0|360000|0|0|338508
1200000|4|8006|16|3|1|1|840000|0|0|798716
1200000|4|8006|16|3|2|2|480000|0|0|527082
1200000|4|8006|16|3|0|0|360000|1|11997|348627
1200000|4|8006|16|3|1|1|840000|1|11997|796180
1200000|4|8006|16|3|2|2|480000|1|11997|542799
1200000|4|8006|16|3|0|0|360000|2|23998|352722
1200000|4|8006|16|3|1|1|840000|2|23998|797977
1200000|4|8006|16|3|2|2|480000|2|23998|552314
1200000|4|8006|16|3|0|0|360000|3|36003|354867
1200000|4|8006|16|3|1|1|840000|3|36003|800121
1200000|4|8006|16|3|2|2|480000|3|36003|557929
1200000|4|8006|16|3|0|0|360000|4|48007|356895
1200000|4|8006|16|3|1|1|840000|4|48007|802188
1200000|4|8006|16|3|2|2|480000|4|48007|560739
1200000|4|8006|16|4|0|0|360000|0|0|376445
1200000|4|8006|16|4|1|1|840000|0|0|800706
1200000|4|8006|16|4|2|2|480000|0|0|493386
1200000|4|8006|16|4|0|0|360000|1|11996|391986
1200000|4|8006|16|4|1|1|840000|1|11996|799262
1200000|4|8006|16|4|2|2|480000|1|11996|509065
1200000|4|8006|16|4|0|0|360000|2|23998|401345
1200000|4|8006|16|4|1|1|840000|2|23998|800902
1200000|4|8006|16|4|2|2|480000|2|23998|516551
1200000|4|8006|16|4|0|0|360000|3|36001|407352
1200000|4|8006|16|4|1|1|840000|3|36001|805188
1200000|4|8006|16|4|2|2|480000|3|36001|519827
1200000|4|8006|16|4|0|0|360000|4|48006|411093
1200000|4|8006|16|4|1|1|840000|4|48006|809052
1200000|4|8006|16|4|2|2|480000|4|48006|521974
1200000|4|8006|16|5|0|0|360000|0|0|380422
1200000|4|8006|16|5|1|1|840000|0|0|804450
1200000|4|8006|16|5|2|2|480000|0|0|488589
1200000|4|8006|16|5|0|0|360000|1|11991|397133
1200000|4|8006|16|5|1|1|840000|1|11991|803981
1200000|4|8006|16|5|2|2|480000|1|11991|501264
1200000|4|8006|16|5|0|0|360000|2|23990|407000
1200000|4|8006|16|5|1|1|840000|2|23990|806750
1200000|4|8006|16|5|2|2|480000|2|23990|506684
1200000|4|8006|16|5|0|0|360000|3|35992|413163
1200000|4|8006|16|5|1|1|840000|3|35992|811081
1200000|4|8006|16|5|2|2|480000|3|35992|508401
1200000|4|8006|16|5|0|0|360000|4|47996|417179
1200000|4|8006|16|5|1|1|840000|4|47996|816811
1200000|4|8006|16|5|2|2|480000|4|47996|509102
1200000|4|8007|16|1|0|0|360000|0|0|379173
1200000|4|8007|16|1|1|1|840000|0|0|803903
1200000|4|8007|16|1|2|2|480000|0|0|489524
1200000|4|8007|16|1|0|0|360000|1|11991|395299
1200000|4|8007|16|1|1|1|840000|1|11991|803824
1200000|4|8007|16|1|2|2|480000|1|11991|502979
1200000|4|8007|16|1|0|0|360000|2|23990|405245
1200000|4|8007|16|1|1|1|840000|2|23990|807336
1200000|4|8007|16|1|2|2|480000|2|23990|508285
1200000|4|8007|16|1|0|0|360000|3|35993|411019
1200000|4|8007|16|1|1|1|840000|3|35993|811547
1200000|4|8007|16|1|2|2|480000|3|35993|510274
1200000|4|8007|16|1|0|0|360000|4|47996|414839
1200000|4|8007|16|1|1|1|840000|4|47996|816656
1200000|4|8007|16|1|2|2|480000|4|47996|510817
1200000|4|8007|16|2|0|0|360000|0|0|343422
1200000|4|8007|16|2|1|1|840000|0|0|802695
1200000|4|8007|16|2|2|2|480000|0|0|522792
1200000|4|8007|16|2|0|0|360000|1|11991|356466
1200000|4|8007|16|2|1|1|840000|1|11991|802187
1200000|4|8007|16|2|2|2|480000|1|11991|536246
1200000|4|8007|16|2|0|0|360000|2|23991|364461
1200000|4|8007|16|2|1|1|840000|2|23991|804839
1200000|4|8007|16|2|2|2|480000|2|23991|541940
1200000|4|8007|16|2|0|0|360000|3|35993|368868
1200000|4|8007|16|2|1|1|840000|3|35993|809050
1200000|4|8007|16|2|2|2|480000|3|35993|544905
1200000|4|8007|16|2|0|0|360000|4|47997|371559
1200000|4|8007|16|2|1|1|840000|4|47997|812678
1200000|4|8007|16|2|2|2|480000|4|47997|546271
1200000|4|8007|16|3|0|0|360000|0|0|342564
1200000|4|8007|16|3|1|1|840000|0|0|798872
1200000|4|8007|16|3|2|2|480000|0|0|522750
1200000|4|8007|16|3|0|0|360000|1|11994|354984
1200000|4|8007|16|3|1|1|840000|1|11994|794699
1200000|4|8007|16|3|2|2|480000|1|11994|535622
1200000|4|8007|16|3|0|0|360000|2|23994|361770
1200000|4|8007|16|3|1|1|840000|2|23994|794621
1200000|4|8007|16|3|2|2|480000|2|23994|541352
1200000|4|8007|16|3|0|0|360000|3|35996|364734
1200000|4|8007|16|3|1|1|840000|3|35996|796220
1200000|4|8007|16|3|2|2|480000|3|35996|543578
1200000|4|8007|16|3|0|0|360000|4|47999|367425
1200000|4|8007|16|3|1|1|840000|4|47999|798093
1200000|4|8007|16|3|2|2|480000|4|47999|544008
1200000|4|8007|16|4|0|0|360000|0|0|341511
1200000|4|8007|16|4|1|1|840000|0|0|795832
1200000|4|8007|16|4|2|2|480000|0|0|520765
1200000|4|8007|16|4|0|0|360000|1|11994|352215
1200000|4|8007|16|4|1|1|840000|1|11994|790526
1200000|4|8007|16|4|2|2|480000|1|11994|534294
1200000|4|8007|16|4|0|0|360000|2|23993|357168
1200000|4|8007|16|4|1|1|840000|2|23993|790177
1200000|4|8007|16|4|2|2|480000|2|23993|540537
1200000|4|8007|16|4|0|0|360000|3|35995|360512
1200000|4|8007|16|4|1|1|840000|3|35995|791500
1200000|4|8007|16|4|2|2|480000|3|35995|542798
1200000|4|8007|16|4|0|0|360000|4|47997|362736
1200000|4|8007|16|4|1|1|840000|4|47997|793609
1200000|4|8007|16|4|2|2|480000|4|47997|542720
1200000|4|8007|16|5|0|0|360000|0|0|355073
1200000|4|8007|16|5|1|1|840000|0|0|799340
1200000|4|8007|16|5|2|2|480000|0|0|511284
1200000|4|8007|16|5|0|0|360000|1|11991|369287
1200000|4|8007|16|5|1|1|840000|1|11991|800510
1200000|4|8007|16|5|2|2|480000|1|11991|524508
1200000|4|8007|16|5|0|0|360000|2|23989|377984
1200000|4|8007|16|5|1|1|840000|2|23989|801837
1200000|4|8007|16|5|2|2|480000|2|23989|531294
1200000|4|8007|16|5|0|0|360000|3|35990|384302
1200000|4|8007|16|5|1|1|840000|3|35990|805070
1200000|4|8007|16|5|2|2|480000|3|35990|534102
1200000|4|8007|16|5|0|0|360000|4|47993|388514
1200000|4|8007|16|5|1|1|840000|4|47993|808971
1200000|4|8007|16|5|2|2|480000|4|47993|534842
1200000|4|8008|16|1|0|0|360000|0|0|380813
1200000|4|8008|16|1|1|1|840000|0|0|802538
1200000|4|8008|16|1|2|2|480000|0|0|487652
1200000|4|8008|16|1|0|0|360000|1|11991|396745
1200000|4|8008|16|1|1|1|840000|1|11991|800316
1200000|4|8008|16|1|2|2|480000|1|11991|501576
1200000|4|8008|16|1|0|0|360000|2|23990|405713
1200000|4|8008|16|1|1|1|840000|2|23990|802033
1200000|4|8008|16|1|2|2|480000|2|23990|508790
1200000|4|8008|16|1|0|0|360000|3|35993|411448
1200000|4|8008|16|1|1|1|840000|3|35993|805579
1200000|4|8008|16|1|2|2|480000|3|35993|511483
1200000|4|8008|16|1|0|0|360000|4|47996|414527
1200000|4|8008|16|1|1|1|840000|4|47996|810026
1200000|4|8008|16|1|2|2|480000|4|47996|513002
1200000|4|8008|16|2|0|0|360000|0|0|340566
1200000|4|8008|16|2|1|1|840000|0|0|800161
1200000|4|8008|16|2|2|2|480000|0|0|521892
1200000|4|8008|16|2|0|0|360000|1|11991|353336
1200000|4|8008|16|2|1|1|840000|1|11991|800510
1200000|4|8008|16|2|2|2|480000|1|11991|536989
1200000|4|8008|16|2|0|0|360000|2|23992|361292
1200000|4|8008|16|2|1|1|840000|2|23992|804256
1200000|4|8008|16|2|2|2|480000|2|23992|543735
1200000|4|8008|16|2|0|0|360000|3|35995|365818
1200000|4|8008|16|2|1|1|840000|3|35995|808934
1200000|4|8008|16|2|2|2|480000|3|35995|547284
1200000|4|8008|16|2|0|0|360000|4|48000|369054
1200000|4|8008|16|2|1|1|840000|4|48000|814043
1200000|4|8008|16|2|2|2|480000|4|48000|549507
1200000|4|8008|16|3|0|0|360000|0|0|339864
1200000|4|8008|16|3|1|1|840000|0|0|802188
1200000|4|8008|16|3|2|2|480000|0|0|524820
1200000|4|8008|16|3|0|0|360000|1|11992|351815
1200000|4|8008|16|3|1|1|840000|1|11992|803359
1200000|4|8008|16|3|2|2|480000|1|11992|539601
1200000|4|8008|16|3|0|0|360000|2|23993|358289
1200000|4|8008|16|3|1|1|840000|2|23993|807414
1200000|4|8008|16|3|2|2|480000|2|23993|546894
1200000|4|8008|16|3|0|0|360000|3|35996|361643
1200000|4|8008|16|3|1|1|840000|3|35996|812444
1200000|4|8008|16|3|2|2|480000|3|35996|551028
1200000|4|8008|16|3|0|0|360000|4|48001|364373
1200000|4|8008|16|3|1|1|840000|4|48001|816461
1200000|4|8008|16|3|2|2|480000|4|48001|552861
1200000|4|8008|16|4|0|0|360000|0|0|339470
1200000|4|8008|16|4|1|1|840000|0|0|797665
1200000|4|8008|16|4|2|2|480000|0|0|526613
1200000|4|8008|16|4|0|0|360000|1|11996|351034
1200000|4|8008|16|4|1|1|840000|1|11996|793256
1200000|4|8008|16|4|2|2|480000|1|11996|541549
1200000|4|8008|16|4|0|0|360000|2|23998|356378
1200000|4|8008|16|4|1|1|840000|2|23998|793254
1200000|4|8008|16|4|2|2|480000|2|23998|549898
1200000|4|8008|16|4|0|0|360000|3|36003|358718
1200000|4|8008|16|4|1|1|840000|3|36003|795168
1200000|4|8008|16|4|2|2|480000|3|36003|554773
1200000|4|8008|16|4|0|0|360000|4|48009|360046
1200000|4|8008|16|4|1|1|840000|4|48009|797470
1200000|4|8008|16|4|2|2|480000|4|48009|557854
1200000|4|8008|16|5|0|0|360000|0|0|377966
1200000|4|8008|16|5|1|1|840000|0|0|793688
1200000|4|8008|16|5|2|2|480000|0|0|489563
1200000|4|8008|16|5|0|0|360000|1|11997|391128
1200000|4|8008|16|5|1|1|840000|1|11997|786198
1200000|4|8008|16|5|2|2|480000|1|11997|504932
1200000|4|8008|16|5|0|0|360000|2|24000|397055
1200000|4|8008|16|5|1|1|840000|2|24000|784674
1200000|4|8008|16|5|2|2|480000|2|24000|513624
1200000|4|8008|16|5|0|0|360000|3|36006|399784
1200000|4|8008|16|5|1|1|840000|3|36006|786040
1200000|4|8008|16|5|2|2|480000|3|36006|518735
1200000|4|8008|16|5|0|0|360000|4|48012|401931
1200000|4|8008|16|5|1|1|840000|4|48012|786822
1200000|4|8008|16|5|2|2|480000|4|48012|521503
1200000|4|8009|16|1|0|0|360000|0|0|356751
1200000|4|8009|16|1|1|1|840000|0|0|794584
1200000|4|8009|16|1|2|2|480000|0|0|511755
1200000|4|8009|16|1|0|0|360000|1|11996|370535
1200000|4|8009|16|1|1|1|840000|1|11996|789668
1200000|4|8009|16|1|2|2|480000|1|11996|528095
1200000|4|8009|16|1|0|0|360000|2|23998|378998
1200000|4|8009|16|1|1|1|840000|2|23998|788929
1200000|4|8009|16|1|2|2|480000|2|23998|536129
1200000|4|8009|16|1|0|0|360000|3|36001|384381
1200000|4|8009|16|1|1|1|840000|3|36001|790057
1200000|4|8009|16|1|2|2|480000|3|36001|539170
1200000|4|8009|16|1|0|0|360000|4|48005|388203
1200000|4|8009|16|1|1|1|840000|4|48005|791776
1200000|4|8009|16|1|2|2|480000|4|48005|541276
1200000|4|8009|16|2|0|0|360000|0|0|379606
1200000|4|8009|16|2|1|1|840000|0|0|801054
1200000|4|8009|16|2|2|2|480000|0|0|488403
1200000|4|8009|16|2|0|0|360000|1|11992|394911
1200000|4|8009|16|2|1|1|840000|1|11992|799772
1200000|4|8009|16|2|2|2|480000|1|11992|502755
1200000|4|8009|16|2|0|0|360000|2|23992|404036
1200000|4|8009|16|2|1|1|840000|2|23992|801795
1200000|4|8009|16|2|2|2|480000|2|23992|510087
1200000|4|8009|16|2|0|0|360000|3|35995|410159
1200000|4|8009|16|2|1|1|840000|3|35995|805113
1200000|4|8009|16|2|2|2|480000|3|35995|512856
1200000|4|8009|16|2|0|0|360000|4|47999|413941
1200000|4|8009|16|2|1|1|840000|4|47999|808467
1200000|4|8009|16|2|2|2|480000|4|47999|514377
1200000|4|8009|16|3|0|0|360000|0|0|375432
1200000|4|8009|16|3|1|1|840000|0|0|800355
1200000|4|8009|16|3|2|2|480000|0|0|491796
1200000|4|8009|16|3|0|0|360000|1|11993|390233
1200000|4|8009|16|3|1|1|840000|1|11993|799926
1200000|4|8009|16|3|2|2|480000|1|11993|507006
1200000|4|8009|16|3|0|0|360000|2|23994|398382
1200000|4|8009|16|3|1|1|840000|2|23994|802382
1200000|4|8009|16|3|2|2|480000|2|23994|513909
1200000|4|8009|16|3|0|0|360000|3|35998|402749
1200000|4|8009|16|3|1|1|840000|3|35998|806011
1200000|4|8009|16|3|2|2|480000|3|35998|517146
1200000|4|8009|16|3|0|0|360000|4|48003|404973
1200000|4|8009|16|3|1|1|840000|4|48003|809521
1200000|4|8009|16|3|2|2|480000|4|48003|518628
1200000|4|8009|16|4|0|0|360000|0|1|375510
1200000|4|8009|16|4|1|1|840000|0|1|801173
1200000|4|8009|16|4|2|2|480000|0|1|490821
1200000|4|8009|16|4|0|0|360000|1|11992|389918
1200000|4|8009|16|4|1|1|840000|1|11992|799263
1200000|4|8009|16|4|2|2|480000|1|11992|504861
1200000|4|8009|16|4|0|0|360000|2|23992|397952
1200000|4|8009|16|4|1|1|840000|2|23992|801760
1200000|4|8009|16|4|2|2|480000|2|23992|512037
1200000|4|8009|16|4|0|0|360000|3|35995|402672
1200000|4|8009|16|4|1|1|840000|3|35995|805659
1200000|4|8009|16|4|2|2|480000|3|35995|515820
1200000|4|8009|16|4|0|0|360000|4|48001|404541
1200000|4|8009|16|4|1|1|840000|4|48001|810065
1200000|4|8009|16|4|2|2|480000|4|48001|518004
1200000|4|8009|16|5|0|0|360000|0|0|376330
1200000|4|8009|16|5|1|1|840000|0|0|800120
1200000|4|8009|16|5|2|2|480000|0|0|489495
1200000|4|8009|16|5|0|0|360000|1|11991|390894
1200000|4|8009|16|5|1|1|840000|1|11991|800003
1200000|4|8009|16|5|2|2|480000|1|11991|504237
1200000|4|8009|16|5|0|0|360000|2|23991|398733
1200000|4|8009|16|5|1|1|840000|2|23991|803202
1200000|4|8009|16|5|2|2|480000|2|23991|511023
1200000|4|8009|16|5|0|0|360000|3|35995|401893
1200000|4|8009|16|5|1|1|840000|3|35995|807259
1200000|4|8009|16|5|2|2|480000|3|35995|514533
1200000|4|8009|16|5|0|0|360000|4|47999|403764
1200000|4|8009|16|5|1|1|840000|4|47999|811039
1200000|4|8009|16|5|2|2|480000|4|47999|516639
1200000|4|8010|16|1|0|0|360000|0|0|378592
1200000|4|8010|16|1|1|1|840000|0|0|802967
1200000|4|8010|16|1|2|2|480000|0|0|491484
1200000|4|8010|16|1|0|0|360000|1|11993|394947
1200000|4|8010|16|1|1|1|840000|1|11993|803786
1200000|4|8010|16|1|2|2|480000|1|11993|505368
1200000|4|8010|16|1|0|0|360000|2|23993|403802
1200000|4|8010|16|1|1|1|840000|2|23993|807103
1200000|4|8010|16|1|2|2|480000|2|23993|512154
1200000|4|8010|16|1|0|0|360000|3|35997|408559
1200000|4|8010|16|1|1|1|840000|3|35997|811588
1200000|4|8010|16|1|2|2|480000|3|35997|515586
1200000|4|8010|16|1|0|0|360000|4|48001|411643
1200000|4|8010|16|1|1|1|840000|4|48001|815291
1200000|4|8010|16|1|2|2|480000|4|48001|517575
1200000|4|8010|16|2|0|0|360000|0|0|356127
1200000|4|8010|16|2|1|1|840000|0|0|801757
1200000|4|8010|16|2|2|2|480000|0|0|510906
1200000|4|8010|16|2|0|0|360000|1|11992|370614
1200000|4|8010|16|2|1|1|840000|1|11992|802772
1200000|4|8010|16|2|2|2|480000|1|11992|525024
1200000|4|8010|16|2|0|0|360000|2|23992|379039
1200000|4|8010|16|2|1|1|840000|2|23992|806360
1200000|4|8010|16|2|2|2|480000|2|23992|531381
1200000|4|8010|16|2|0|0|360000|3|35995|383601
1200000|4|8010|16|2|1|1|840000|3|35995|810533
1200000|4|8010|16|2|2|2|480000|3|35995|534891
1200000|4|8010|16|2|0|0|360000|4|48000|385668
1200000|4|8010|16|2|1|1|840000|4|48000|813927
1200000|4|8010|16|2|2|2|480000|4|48000|537153
1200000|4|8010|16|3|0|0|360000|0|0|339861
1200000|4|8010|16|3|1|1|840000|0|0|796611
1200000|4|8010|16|3|2|2|480000|0|0|524712
1200000|4|8010|16|3|0|0|360000|1|11995|351272
1200000|4|8010|16|3|1|1|840000|1|11995|792282
1200000|4|8010|16|3|2|2|480000|1|11995|538830
1200000|4|8010|16|3|0|0|360000|2|23996|357546
1200000|4|8010|16|3|1|1|840000|2|23996|791931
1200000|4|8010|16|3|2|2|480000|2|23996|546747
1200000|4|8010|16|3|0|0|360000|3|35999|361328
1200000|4|8010|16|3|1|1|840000|3|35999|794232
1200000|4|8010|16|3|2|2|480000|3|35999|551115
1200000|4|8010|16|3|0|0|360000|4|48004|364414
1200000|4|8010|16|3|1|1|840000|4|48004|796025
1200000|4|8010|16|3|2|2|480000|4|48004|553416
1200000|4|8010|16|4|0|0|360000|0|1|380579
1200000|4|8010|16|4|1|1|840000|0|1|797157
1200000|4|8010|16|4|2|2|480000|0|1|487935
1200000|4|8010|16|4|0|0|360000|1|11994|395493
1200000|4|8010|16|4|1|1|840000|1|11994|792088
1200000|4|8010|16|4|2|2|480000|1|11994|501858
1200000|4|8010|16|4|0|0|360000|2|23993|402477
1200000|4|8010|16|4|1|1|840000|2|23993|791615
1200000|4|8010|16|4|2|2|480000|2|23993|509424
1200000|4|8010|16|4|0|0|360000|3|35996|406649
1200000|4|8010|16|4|1|1|840000|3|35996|792008
1200000|4|8010|16|4|2|2|480000|3|35996|513051
1200000|4|8010|16|4|0|0|360000|4|47999|409769
1200000|4|8010|16|4|1|1|840000|4|47999|792556
1200000|4|8010|16|4|2|2|480000|4|47999|514221
1200000|4|8010|16|5|0|0|360000|0|0|381006
1200000|4|8010|16|5|1|1|840000|0|0|796651
1200000|4|8010|16|5|2|2|480000|0|0|490782
1200000|4|8010|16|5|0|0|360000|1|11994|397209
1200000|4|8010|16|5|1|1|840000|1|11994|793413
1200000|4|8010|16|5|2|2|480000|1|11994|505758
1200000|4|8010|16|5|0|0|360000|2|23993|407353
1200000|4|8010|16|5|1|1|840000|2|23993|793374
1200000|4|8010|16|5|2|2|480000|2|23993|512973
1200000|4|8010|16|5|0|0|360000|3|35994|414564
1200000|4|8010|16|5|1|1|840000|3|35994|795599
1200000|4|8010|16|5|2|2|480000|3|35994|515586
1200000|4|8010|16|5|0|0|360000|4|47997|418779
1200000|4|8010|16|5|1|1|840000|4|47997|798951
1200000|4|8010|16|5|2|2|480000|4|47997|517497
1200000|4|8011|16|1|0|0|360000|0|0|359520
1200000|4|8011|16|1|1|1|840000|0|0|802850
1200000|4|8011|16|1|2|2|480000|0|0|507281
1200000|4|8011|16|1|0|0|360000|1|11989|374827
1200000|4|8011|16|1|1|1|840000|1|11989|801214
1200000|4|8011|16|1|2|2|480000|1|11989|521319
1200000|4|8011|16|1|0|0|360000|2|23988|384265
1200000|4|8011|16|1|1|1|840000|2|23988|804604
1200000|4|8011|16|1|2|2|480000|2|23988|527442
1200000|4|8011|16|1|0|0|360000|3|35990|389371
1200000|4|8011|16|1|1|1|840000|3|35990|809714
1200000|4|8011|16|1|2|2|480000|3|35990|530367
1200000|4|8011|16|1|0|0|360000|4|47993|393347
1200000|4|8011|16|1|1|1|840000|4|47993|815523
1200000|4|8011|16|1|2|2|480000|4|47993|531537
1200000|4|8011|16|2|0|0|360000|0|0|356516
1200000|4|8011|16|2|1|1|840000|0|0|800824
1200000|4|8011|16|2|2|2|480000|0|0|508059
1200000|4|8011|16|2|0|0|360000|1|11991|371434
1200000|4|8011|16|2|1|1|840000|1|11991|799888
1200000|4|8011|16|2|2|2|480000|1|11991|522216
1200000|4|8011|16|2|0|0|360000|2|23990|380441
1200000|4|8011|16|2|1|1|840000|2|23990|802539
1200000|4|8011|16|2|2|2|480000|2|23990|528417
1200000|4|8011|16|2|0|0|360000|3|35992|385395
1200000|4|8011|16|2|1|1|840000|3|35992|806399
1200000|4|8011|16|2|2|2|480000|3|35992|531732
1200000|4|8011|16|2|0|0|360000|4|47996|389489
1200000|4|8011|16|2|1|1|840000|4|47996|810494
1200000|4|8011|16|2|2|2|480000|4|47996|533643
1200000|4|8011|16|3|0|0|360000|0|0|376404
1200000|4|8011|16|3|1|1|840000|0|0|801057
1200000|4|8011|16|3|2|2|480000|0|0|489456
1200000|4|8011|16|3|0|0|360000|1|11991|391636
1200000|4|8011|16|3|1|1|840000|1|11991|799964
1200000|4|8011|16|3|2|2|480000|1|11991|503964
1200000|4|8011|16|3|0|0|360000|2|23991|400214
1200000|4|8011|16|3|1|1|840000|2|23991|803319
1200000|4|8011|16|3|2|2|480000|2|23991|510516
1200000|4|8011|16|3|0|0|360000|3|35994|404698
1200000|4|8011|16|3|1|1|840000|3|35994|807608
1200000|4|8011|16|3|2|2|480000|3|35994|513324
1200000|4|8011|16|3|0|0|360000|4|47998|407900
1200000|4|8011|16|3|1|1|840000|4|47998|812172
1200000|4|8011|16|3|2|2|480000|4|47998|514728
1200000|4|8011|16|4|0|0|360000|0|0|378043
1200000|4|8011|16|4|1|1|840000|0|0|802382
1200000|4|8011|16|4|2|2|480000|0|0|488559
1200000|4|8011|16|4|0|0|360000|1|11989|393859
1200000|4|8011|16|4|1|1|840000|1|11989|800589
1200000|4|8011|16|4|2|2|480000|1|11989|502131
1200000|4|8011|16|4|0|0|360000|2|23988|402945
1200000|4|8011|16|4|1|1|840000|2|23988|803202
1200000|4|8011|16|4|2|2|480000|2|23988|508410
1200000|4|8011|16|4|0|0|360000|3|35991|407859
1200000|4|8011|16|4|1|1|840000|3|35991|806791
1200000|4|8011|16|4|2|2|480000|3|35991|510945
1200000|4|8011|16|4|0|0|360000|4|47994|410902
1200000|4|8011|16|4|1|1|840000|4|47994|810962
1200000|4|8011|16|4|2|2|480000|4|47994|511803
1200000|4|8011|16|5|0|0|360000|0|0|378473
1200000|4|8011|16|5|1|1|840000|0|0|801836
1200000|4|8011|16|5|2|2|480000|0|0|489261
1200000|4|8011|16|5|0|0|360000|1|11990|394521
1200000|4|8011|16|5|1|1|840000|1|11990|800627
1200000|4|8011|16|5|2|2|480000|1|11990|503535
1200000|4|8011|16|5|0|0|360000|2|23990|403842
1200000|4|8011|16|5|1|1|840000|2|23990|803085
1200000|4|8011|16|5|2|2|480000|2|23990|509892
1200000|4|8011|16|5|0|0|360000|3|35993|408872
1200000|4|8011|16|5|1|1|840000|3|35993|807024
1200000|4|8011|16|5|2|2|480000|3|35993|512661
1200000|4|8011|16|5|0|0|360000|4|47996|411993
1200000|4|8011|16|5|1|1|840000|4|47996|811236
1200000|4|8011|16|5|2|2|480000|4|47996|514455
1200000|4|8012|16|1|0|0|360000|0|0|379058
1200000|4|8012|16|1|1|1|840000|0|0|803788
1200000|4|8012|16|1|2|2|480000|0|0|491796
1200000|4|8012|16|1|0|0|360000|1|11992|395066
1200000|4|8012|16|1|1|1|840000|1|11992|803828
1200000|4|8012|16|1|2|2|480000|1|11992|506265
1200000|4|8012|16|1|0|0|360000|2|23993|404036
1200000|4|8012|16|1|1|1|840000|2|23993|807142
1200000|4|8012|16|1|2|2|480000|2|23993|513207
1200000|4|8012|16|1|0|0|360000|3|35997|408250
1200000|4|8012|16|1|1|1|840000|3|35997|811703
1200000|4|8012|16|1|2|2|480000|3|35997|517419
1200000|4|8012|16|1|0|0|360000|4|48003|410550
1200000|4|8012|16|1|1|1|840000|4|48003|815330
1200000|4|8012|16|1|2|2|480000|4|48003|520110
1200000|4|8012|16|2|0|0|360000|0|0|378942
1200000|4|8012|16|2|1|1|840000|0|0|801407
1200000|4|8012|16|2|2|2|480000|0|0|491640
1200000|4|8012|16|2|0|0|360000|1|11994|394949
1200000|4|8012|16|2|1|1|840000|1|11994|800824
1200000|4|8012|16|2|2|2|480000|1|11994|506538
1200000|4|8012|16|2|0|0|360000|2|23995|403801
1200000|4|8012|16|2|1|1|840000|2|23995|802265
1200000|4|8012|16|2|2|2|480000|2|23995|513792
1200000|4|8012|16|2|0|0|360000|3|35999|408366
1200000|4|8012|16|2|1|1|840000|3|35999|805034
1200000|4|8012|16|2|2|2|480000|3|35999|517731
1200000|4|8012|16|2|0|0|360000|4|48004|411175
1200000|4|8012|16|2|1|1|840000|4|48004|807335
1200000|4|8012|16|2|2|2|480000|4|48004|519954
1200000|4|8012|16|3|0|0|360000|0|0|378278
1200000|4|8012|16|3|1|1|840000|0|0|800551
1200000|4|8012|16|3|2|2|480000|0|0|491016
1200000|4|8012|16|3|0|0|360000|1|11993|393780
1200000|4|8012|16|3|1|1|840000|1|11993|799847
1200000|4|8012|16|3|2|2|480000|1|11993|505836
1200000|4|8012|16|3|0|0|360000|2|23994|402243
1200000|4|8012|16|3|1|1|840000|2|23994|802423
1200000|4|8012|16|3|2|2|480000|2|23994|513129
1200000|4|8012|16|3|0|0|360000|3|35998|406417
1200000|4|8012|16|3|1|1|840000|3|35998|805931
1200000|4|8012|16|3|2|2|480000|3|35998|517185
1200000|4|8012|16|3|0|0|360000|4|48004|408795
1200000|4|8012|16|3|1|1|840000|4|48004|809247
1200000|4|8012|16|3|2|2|480000|4|48004|519993
1200000|4|8012|16|4|0|0|360000|0|0|378007
1200000|4|8012|16|4|1|1|840000|0|0|801369
1200000|4|8012|16|4|2|2|480000|0|0|491484
1200000|4|8012|16|4|0|0|360000|1|11994|393742
1200000|4|8012|16|4|1|1|840000|1|11994|801095
1200000|4|8012|16|4|2|2|480000|1|11994|506850
1200000|4|8012|16|4|0|0|360000|2|23996|402126
1200000|4|8012|16|4|1|1|840000|2|23996|803787
1200000|4|8012|16|4|2|2|480000|2|23996|514533
1200000|4|8012|16|4|0|0|360000|3|36000|406412
1200000|4|8012|16|4|1|1|840000|3|36000|807180
1200000|4|8012|16|4|2|2|480000|3|36000|518550
1200000|4|8012|16|4|0|0|360000|4|48005|408796
1200000|4|8012|16|4|1|1|840000|4|48005|809667
1200000|4|8012|16|4|2|2|480000|4|48005|521280
1200000|4|8012|16|5|0|0|360000|0|0|358389
1200000|4|8012|16|5|1|1|840000|0|0|795362
1200000|4|8012|16|5|2|2|480000|0|0|509892
1200000|4|8012|16|5|0|0|360000|1|11995|372370
1200000|4|8012|16|5|1|1|840000|1|11995|789746
1200000|4|8012|16|5|2|2|480000|1|11995|524439
1200000|4|8012|16|5|0|0|360000|2|23996|379351
1200000|4|8012|16|5|1|1|840000|2|23996|788692
1200000|4|8012|16|5|2|2|480000|2|23996|532425
1200000|4|8012|16|5|0|0|360000|3|36000|382857
1200000|4|8012|16|5|1|1|840000|3|36000|789044
1200000|4|8012|16|5|2|2|480000|3|36000|537144
1200000|4|8012|16|5|0|0|360000|4|48006|384964
1200000|4|8012|16|5|1|1|840000|4|48006|789942
1200000|4|8012|16|5|2|2|480000|4|48006|540108
1200000|4|8013|16|1|0|0|360000|0|0|340957
1200000|4|8013|16|1|1|1|840000|0|0|795666
1200000|4|8013|16|1|2|2|480000|0|0|523104
1200000|4|8013|16|1|0|0|360000|1|11994|351230
1200000|4|8013|16|1|1|1|840000|1|11994|789707
1200000|4|8013|16|1|2|2|480000|1|11994|537455
1200000|4|8013|16|1|0|0|360000|2|23993|356029
1200000|4|8013|16|1|1|1|840000|2|23993|789240
1200000|4|8013|16|1|2|2|480000|2|23993|545333
1200000|4|8013|16|1|0|0|360000|3|35996|359228
1200000|4|8013|16|1|1|1|840000|3|35996|790254
1200000|4|8013|16|1|2|2|480000|3|35996|548493
1200000|4|8013|16|1|0|0|360000|4|47999|361682
1200000|4|8013|16|1|1|1|840000|4|47999|792476
1200000|4|8013|16|1|2|2|480000|4|47999|549156
1200000|4|8013|16|2|0|0|360000|0|0|377615
1200000|4|8013|16|2|1|1|840000|0|0|800188
1200000|4|8013|16|2|2|2|480000|0|0|489955
1200000|4|8013|16|2|0|0|360000|1|11992|392261
1200000|4|8013|16|2|1|1|840000|1|11992|800931
1200000|4|8013|16|2|2|2|480000|1|11992|504305
1200000|4|8013|16|2|0|0|360000|2|23991|400487
1200000|4|8013|16|2|1|1|840000|2|23991|803423
1200000|4|8013|16|2|2|2|480000|2|23991|510742
1200000|4|8013|16|2|0|0|360000|3|35991|406065
1200000|4|8013|16|2|1|1|840000|3|35991|807206
1200000|4|8013|16|2|2|2|480000|3|35991|512571
1200000|4|8013|16|2|0|0|360000|4|47993|409340
1200000|4|8013|16|2|1|1|840000|4|47993|811694
1200000|4|8013|16|2|2|2|480000|4|47993|513003
1200000|4|8013|16|3|0|0|360000|0|0|355581
1200000|4|8013|16|3|1|1|840000|0|0|799956
1200000|4|8013|16|3|2|2|480000|0|0|507428
1200000|4|8013|16|3|0|0|360000|1|11989|368897
1200000|4|8013|16|3|1|1|840000|1|11989|799877
1200000|4|8013|16|3|2|2|480000|1|11989|519829
1200000|4|8013|16|3|0|0|360000|2|23985|376814
1200000|4|8013|16|3|1|1|840000|2|23985|801788
1200000|4|8013|16|3|2|2|480000|2|23985|526770
1200000|4|8013|16|3|0|0|360000|3|35987|382079
1200000|4|8013|16|3|1|1|840000|3|35987|805962
1200000|4|8013|16|3|2|2|480000|3|35987|529111
1200000|4|8013|16|3|0|0|360000|4|47989|385706
1200000|4|8013|16|3|1|1|840000|4|47989|810369
1200000|4|8013|16|3|2|2|480000|4|47989|529928
1200000|4|8013|16|4|0|0|360000|0|0|376173
1200000|4|8013|16|4|1|1|840000|0|0|799834
1200000|4|8013|16|4|2|2|480000|0|0|487145
1200000|4|8013|16|4|0|0|360000|1|11988|391125
1200000|4|8013|16|4|1|1|840000|1|11988|799486
1200000|4|8013|16|4|2|2|480000|1|11988|499469
1200000|4|8013|16|4|0|0|360000|2|23985|398889
1200000|4|8013|16|4|1|1|840000|2|23985|800891
1200000|4|8013|16|4|2|2|480000|2|23985|505709
1200000|4|8013|16|4|0|0|360000|3|35985|403334
1200000|4|8013|16|4|1|1|840000|3|35985|804246
1200000|4|8013|16|4|2|2|480000|3|35985|507230
1200000|4|8013|16|4|0|0|360000|4|47986|405910
1200000|4|8013|16|4|1|1|840000|4|47986|807052
1200000|4|8013|16|4|2|2|480000|4|47986|507075
1200000|4|8013|16|5|0|0|360000|0|0|307883
1200000|4|8013|16|5|1|1|840000|0|0|805104
1200000|4|8013|16|5|2|2|480000|0|0|442410
1200000|4|8013|16|5|0|0|360000|1|11989|287348
1200000|4|8013|16|5|1|1|840000|1|11989|804089
1200000|4|8013|16|5|2|2|480000|1|11989|432117
1200000|4|8013|16|5|0|0|360000|2|23987|279506
1200000|4|8013|16|5|1|1|840000|2|23987|807170
1200000|4|8013|16|5|2|2|480000|2|23987|427436
1200000|4|8013|16|5|0|0|360000|3|35988|276664
1200000|4|8013|16|5|1|1|840000|3|35988|811384
1200000|4|8013|16|5|2|2|480000|3|35988|425057
1200000|4|8013|16|5|0|0|360000|4|47990|276547
1200000|4|8013|16|5|1|1|840000|4|47990|816922
1200000|4|8013|16|5|2|2|480000|4|47990|423107
1200000|4|8014|16|1|0|0|360000|0|0|325238
1200000|4|8014|16|1|1|1|840000|0|0|800343
1200000|4|8014|16|1|2|2|480000|0|0|429309
1200000|4|8014|16|1|0|0|360000|1|11988|309654
1200000|4|8014|16|1|1|1|840000|1|11988|798548
1200000|4|8014|16|1|2|2|480000|1|11988|420582
1200000|4|8014|16|1|0|0|360000|2|23986|304352
1200000|4|8014|16|1|1|1|840000|2|23986|799841
1200000|4|8014|16|1|2|2|480000|2|23986|416916
1200000|4|8014|16|1|0|0|360000|3|35986|303223
1200000|4|8014|16|1|1|1|840000|3|35986|802137
1200000|4|8014|16|1|2|2|480000|3|35986|415891
1200000|4|8014|16|1|0|0|360000|4|47988|304976
1200000|4|8014|16|1|1|1|840000|4|47988|805454
1200000|4|8014|16|1|2|2|480000|4|47988|415465
1200000|4|8014|16|2|0|0|360000|0|0|398443
1200000|4|8014|16|2|1|1|840000|0|0|798356
1200000|4|8014|16|2|2|2|480000|0|0|501537
1200000|4|8014|16|2|0|0|360000|1|11994|421391
1200000|4|8014|16|2|1|1|840000|1|11994|802335
1200000|4|8014|16|2|2|2|480000|1|11994|527823
1200000|4|8014|16|2|0|0|360000|2|23998|433638
1200000|4|8014|16|2|1|1|840000|2|23998|808027
1200000|4|8014|16|2|2|2|480000|2|23998|542447
1200000|4|8014|16|2|0|0|360000|3|36003|440697
1200000|4|8014|16|2|1|1|840000|3|36003|814928
1200000|4|8014|16|2|2|2|480000|3|36003|552590
1200000|4|8014|16|2|0|0|360000|4|48010|444245
1200000|4|8014|16|2|1|1|840000|4|48010|820548
1200000|4|8014|16|2|2|2|480000|4|48010|558945
1200000|4|8014|16|3|0|0|360000|0|0|319155
1200000|4|8014|16|3|1|1|840000|0|0|801200
1200000|4|8014|16|3|2|2|480000|0|0|435627
1200000|4|8014|16|3|0|0|360000|1|11991|300376
1200000|4|8014|16|3|1|1|840000|1|11991|797507
1200000|4|8014|16|3|2|2|480000|1|11991|429310
1200000|4|8014|16|3|0|0|360000|2|23992|292927
1200000|4|8014|16|3|1|1|840000|2|23992|797858
1200000|4|8014|16|3|2|2|480000|2|23992|426931
1200000|4|8014|16|3|0|0|360000|3|35994|291678
1200000|4|8014|16|3|1|1|840000|3|35994|799419
1200000|4|8014|16|3|2|2|480000|3|35994|426458
1200000|4|8014|16|3|0|0|360000|4|47996|292653
1200000|4|8014|16|3|1|1|840000|4|47996|802111
1200000|4|8014|16|3|2|2|480000|4|47996|426775
1200000|4|8014|16|4|0|0|360000|0|0|351135
1200000|4|8014|16|4|1|1|840000|0|0|797351
1200000|4|8014|16|4|2|2|480000|0|0|406308
1200000|4|8014|16|4|0|0|360000|1|11990|337075
1200000|4|8014|16|4|1|1|840000|1|11990|794778
1200000|4|8014|16|4|2|2|480000|1|11990|399756
1200000|4|8014|16|4|0|0|360000|2|23987|334031
1200000|4|8014|16|4|1|1|840000|2|23987|794777
1200000|4|8014|16|4|2|2|480000|2|23987|398586
1200000|4|8014|16|4|0|0|360000|3|35987|336062
1200000|4|8014|16|4|1|1|840000|3|35987|796065
1200000|4|8014|16|4|2|2|480000|3|35987|399210
1200000|4|8014|16|4|0|0|360000|4|47988|340191
1200000|4|8014|16|4|1|1|840000|4|47988|797071
1200000|4|8014|16|4|2|2|480000|4|47988|400848
1200000|4|8014|16|5|0|0|360000|0|0|414706
1200000|4|8014|16|5|1|1|840000|0|0|791258
1200000|4|8014|16|5|2|2|480000|0|0|489915
1200000|4|8014|16|5|0|0|360000|1|11991|441711
1200000|4|8014|16|5|1|1|840000|1|11991|791425
1200000|4|8014|16|5|2|2|480000|1|11991|515576
1200000|4|8014|16|5|0|0|360000|2|23989|457856
1200000|4|8014|16|5|1|1|840000|2|23989|793491
1200000|4|8014|16|5|2|2|480000|2|23989|529889
1200000|4|8014|16|5|0|0|360000|3|35990|469519
1200000|4|8014|16|5|1|1|840000|3|35990|795508
1200000|4|8014|16|5|2|2|480000|3|35990|538977
1200000|4|8014|16|5|0|0|360000|4|47992|478802
1200000|4|8014|16|5|1|1|840000|4|47992|797382
1200000|4|8014|16|5|2|2|480000|4|47992|544514
1200000|4|8015|16|1|0|0|360000|0|0|365682
1200000|4|8015|16|1|1|1|840000|0|0|799094
1200000|4|8015|16|1|2|2|480000|0|0|507232
1200000|4|8015|16|1|0|0|360000|1|11990|384846
1200000|4|8015|16|1|1|1|840000|1|11990|798512
1200000|4|8015|16|1|2|2|480000|1|11990|523651
1200000|4|8015|16|1|0|0|360000|2|23988|398071
1200000|4|8015|16|1|1|1|840000|2|23988|799723
1200000|4|8015|16|1|2|2|480000|2|23988|533477
1200000|4|8015|16|1|0|0|360000|3|35989|409029
1200000|4|8015|16|1|1|1|840000|3|35989|802607
1200000|4|8015|16|1|2|2|480000|3|35989|538977
1200000|4|8015|16|1|0|0|360000|4|47991|418663
1200000|4|8015|16|1|1|1|840000|4|47991|805882
1200000|4|8015|16|1|2|2|480000|4|47991|542137
1200000|4|8015|16|2|0|0|360000|0|1|389238
1200000|4|8015|16|2|1|1|840000|0|1|803853
1200000|4|8015|16|2|2|2|480000|0|1|485974
1200000|4|8015|16|2|0|0|360000|1|11990|408874
1200000|4|8015|16|2|1|1|840000|1|11990|802842
1200000|4|8015|16|2|2|2|480000|1|11990|501809
1200000|4|8015|16|2|0|0|360000|2|23988|422328
1200000|4|8015|16|2|1|1|840000|2|23988|805880
1200000|4|8015|16|2|2|2|480000|2|23988|511247
1200000|4|8015|16|2|0|0|360000|3|35990|432389
1200000|4|8015|16|2|1|1|840000|3|35990|810055
1200000|4|8015|16|2|2|2|480000|3|35990|515964
1200000|4|8015|16|2|0|0|360000|4|47993|440230
1200000|4|8015|16|2|1|1|840000|4|47993|814304
1200000|4|8015|16|2|2|2|480000|4|47993|519711
1200000|4|8015|16|3|0|0|360000|0|0|383386
1200000|4|8015|16|3|1|1|840000|0|0|803075
1200000|4|8015|16|3|2|2|480000|0|0|489877
1200000|4|8015|16|3|0|0|360000|1|11990|402475
1200000|4|8015|16|3|1|1|840000|1|11990|801478
1200000|4|8015|16|3|2|2|480000|1|11990|506022
1200000|4|8015|16|3|0|0|360000|2|23989|414681
1200000|4|8015|16|3|1|1|840000|2|23989|803816
1200000|4|8015|16|3|2|2|480000|2|23989|515731
1200000|4|8015|16|3|0|0|360000|3|35992|423148
1200000|4|8015|16|3|1|1|840000|3|35992|807831
1200000|4|8015|16|3|2|2|480000|3|35992|521582
1200000|4|8015|16|3|0|0|360000|4|47996|429773
1200000|4|8015|16|3|1|1|840000|4|47996|812861
1200000|4|8015|16|3|2|2|480000|4|47996|526185
1200000|4|8015|16|4|0|0|360000|0|0|359324
1200000|4|8015|16|4|1|1|840000|0|0|800072
1200000|4|8015|16|4|2|2|480000|0|0|510040
1200000|4|8015|16|4|0|0|360000|1|11991|377284
1200000|4|8015|16|4|1|1|840000|1|11991|800813
1200000|4|8015|16|4|2|2|480000|1|11991|526847
1200000|4|8015|16|4|0|0|360000|2|23990|389136
1200000|4|8015|16|4|1|1|840000|2|23990|805063
1200000|4|8015|16|4|2|2|480000|2|23990|536284
1200000|4|8015|16|4|0|0|360000|3|35993|397641
1200000|4|8015|16|4|1|1|840000|3|35993|810053
1200000|4|8015|16|4|2|2|480000|3|35993|541903
1200000|4|8015|16|4|0|0|360000|4|47997|404310
1200000|4|8015|16|4|1|1|840000|4|47997|815084
1200000|4|8015|16|4|2|2|480000|4|47997|546387
1200000|4|8015|16|5|0|0|360000|0|0|344036
1200000|4|8015|16|5|1|1|840000|0|0|803699
1200000|4|8015|16|5|2|2|480000|0|0|526421
1200000|4|8015|16|5|0|0|360000|1|11993|358755
1200000|4|8015|16|5|1|1|840000|1|11993|805261
1200000|4|8015|16|5|2|2|480000|1|11993|543227
1200000|4|8015|16|5|0|0|360000|2|23993|368235
1200000|4|8015|16|5|1|1|840000|2|23993|809705
1200000|4|8015|16|5|2|2|480000|2|23993|552900
1200000|4|8015|16|5|0|0|360000|3|35997|373928
1200000|4|8015|16|5|1|1|840000|3|35997|815399
1200000|4|8015|16|5|2|2|480000|3|35997|559294
1200000|4|8015|16|5|0|0|360000|4|48001|377986
1200000|4|8015|16|5|1|1|840000|4|48001|819533
1200000|4|8015|16|5|2|2|480000|4|48001|564134
1200000|4|8016|16|1|0|0|360000|0|0|358429
1200000|4|8016|16|1|1|1|840000|0|0|796758
1200000|4|8016|16|1|2|2|480000|0|0|512378
1200000|4|8016|16|1|0|0|360000|1|11995|374122
1200000|4|8016|16|1|1|1|840000|1|11995|793402
1200000|4|8016|16|1|2|2|480000|1|11995|528679
1200000|4|8016|16|1|0|0|360000|2|23996|383172
1200000|4|8016|16|1|1|1|840000|2|23996|794768
1200000|4|8016|16|1|2|2|480000|2|23996|538627
1200000|4|8016|16|1|0|0|360000|3|35999|388203
1200000|4|8016|16|1|1|1|840000|3|35999|796641
1200000|4|8016|16|1|2|2|480000|3|35999|545529
1200000|4|8016|16|1|0|0|360000|4|48004|392024
1200000|4|8016|16|1|1|1|840000|4|48004|797734
1200000|4|8016|16|1|2|2|480000|4|48004|550754
1200000|4|8016|16|2|0|0|360000|0|0|347192
1200000|4|8016|16|2|1|1|840000|0|0|794584
1200000|4|8016|16|2|2|2|480000|0|0|410159
1200000|4|8016|16|2|0|0|360000|1|11994|332356
1200000|4|8016|16|2|1|1|840000|1|11994|787016
1200000|4|8016|16|2|2|2|480000|1|11994|404154
1200000|4|8016|16|2|0|0|360000|2|23994|328377
1200000|4|8016|16|2|1|1|840000|2|23994|783351
1200000|4|8016|16|2|2|2|480000|2|23994|403765
1200000|4|8016|16|2|0|0|360000|3|35998|329079
1200000|4|8016|16|2|1|1|840000|3|35998|781206
1200000|4|8016|16|2|2|2|480000|3|35998|405049
1200000|4|8016|16|2|0|0|360000|4|48003|332471
1200000|4|8016|16|2|1|1|840000|4|48003|781360
1200000|4|8016|16|2|2|2|480000|4|48003|407780
1200000|4|8016|16|3|0|0|360000|0|1|308468
1200000|4|8016|16|3|1|1|840000|0|1|792554
1200000|4|8016|16|3|2|2|480000|0|1|448077
1200000|4|8016|16|3|0|0|360000|1|11994|292495
1200000|4|8016|16|3|1|1|840000|1|11994|785417
1200000|4|8016|16|3|2|2|480000|1|11994|444050
1200000|4|8016|16|3|0|0|360000|2|23994|289572
1200000|4|8016|16|3|1|1|840000|2|23994|782958
1200000|4|8016|16|3|2|2|480000|2|23994|444987
1200000|4|8016|16|3|0|0|360000|3|35997|292067
1200000|4|8016|16|3|1|1|840000|3|35997|781792
1200000|4|8016|16|3|2|2|480000|3|35997|447753
1200000|4|8016|16|3|0|0|360000|4|48001|297370
1200000|4|8016|16|3|1|1|840000|4|48001|782297
1200000|4|8016|16|3|2|2|480000|4|48001|451693
1200000|4|8016|16|4|0|0|360000|0|0|389434
1200000|4|8016|16|4|1|1|840000|0|0|796836
1200000|4|8016|16|4|2|2|480000|0|0|489915
1200000|4|8016|16|4|0|0|360000|1|11994|411835
1200000|4|8016|16|4|1|1|840000|1|11994|792702
1200000|4|8016|16|4|2|2|480000|1|11994|509258
1200000|4|8016|16|4|0|0|360000|2|23995|425917
1200000|4|8016|16|4|1|1|840000|2|23995|792983
1200000|4|8016|16|4|2|2|480000|2|23995|520881
1200000|4|8016|16|4|0|0|360000|3|35998|435624
1200000|4|8016|16|4|1|1|840000|3|35998|795011
1200000|4|8016|16|4|2|2|480000|3|35998|528955
1200000|4|8016|16|4|0|0|360000|4|48002|444440
1200000|4|8016|16|4|1|1|840000|4|48002|798513
1200000|4|8016|16|4|2|2|480000|4|48002|535310
1200000|4|8016|16|5|0|0|360000|0|0|367436
1200000|4|8016|16|5|1|1|840000|0|0|795545
1200000|4|8016|16|5|2|2|480000|0|0|506450
1200000|4|8016|16|5|0|0|360000|1|11995|386176
1200000|4|8016|16|5|1|1|840000|1|11995|790214
1200000|4|8016|16|5|2|2|480000|1|11995|524235
1200000|4|8016|16|5|0|0|360000|2|23995|397877
1200000|4|8016|16|5|1|1|840000|2|23995|789708
1200000|4|8016|16|5|2|2|480000|2|23995|535347
1200000|4|8016|16|5|0|0|360000|3|36000|407586
1200000|4|8016|16|5|1|1|840000|3|36000|791891
1200000|4|8016|16|5|2|2|480000|3|36000|542527
1200000|4|8016|16|5|0|0|360000|4|48004|416321
1200000|4|8016|16|5|1|1|840000|4|48004|794233
1200000|4|8016|16|5|2|2|480000|4|48004|546776
1200000|4|8017|16|1|0|0|360000|0|0|349964
1200000|4|8017|16|1|1|1|840000|0|0|800851
1200000|4|8017|16|1|2|2|480000|0|0|518775
1200000|4|8017|16|1|0|0|360000|1|11992|367452
1200000|4|8017|16|1|1|1|840000|1|11992|800848
1200000|4|8017|16|1|2|2|480000|1|11992|534728
1200000|4|8017|16|1|0|0|360000|2|23992|380597
1200000|4|8017|16|1|1|1|840000|2|23992|802723
1200000|4|8017|16|1|2|2|480000|2|23992|542642
1200000|4|8017|16|1|0|0|360000|3|35993|391829
1200000|4|8017|16|1|1|1|840000|3|35993|806235
1200000|4|8017|16|1|2|2|480000|3|35993|545488
1200000|4|8017|16|1|0|0|360000|4|47994|401773
1200000|4|8017|16|1|1|1|840000|4|47994|810444
1200000|4|8017|16|1|2|2|480000|4|47994|547674
1200000|4|8017|16|2|0|0|360000|0|0|390719
1200000|4|8017|16|2|1|1|840000|0|0|803622
1200000|4|8017|16|2|2|2|480000|0|0|482541
1200000|4|8017|16|2|0|0|360000|1|11990|411995
1200000|4|8017|16|2|1|1|840000|1|11990|801632
1200000|4|8017|16|2|2|2|480000|1|11990|496583
1200000|4|8017|16|2|0|0|360000|2|23988|426225
1200000|4|8017|16|2|1|1|840000|2|23988|803427
1200000|4|8017|16|2|2|2|480000|2|23988|503252
1200000|4|8017|16|2|0|0|360000|3|35989|437145
1200000|4|8017|16|2|1|1|840000|3|35989|807445
1200000|4|8017|16|2|2|2|480000|3|35989|505710
1200000|4|8017|16|2|0|0|360000|4|47992|445845
1200000|4|8017|16|2|1|1|840000|4|47992|811577
1200000|4|8017|16|2|2|2|480000|4|47992|507191
1200000|4|8017|16|3|0|0|360000|0|0|384909
1200000|4|8017|16|3|1|1|840000|0|0|801905
1200000|4|8017|16|3|2|2|480000|0|0|485235
1200000|4|8017|16|3|0|0|360000|1|11989|403647
1200000|4|8017|16|3|1|1|840000|1|11989|800970
1200000|4|8017|16|3|2|2|480000|1|11989|499079
1200000|4|8017|16|3|0|0|360000|2|23987|415815
1200000|4|8017|16|3|1|1|840000|2|23987|804013
1200000|4|8017|16|3|2|2|480000|2|23987|505904
1200000|4|8017|16|3|0|0|360000|3|35988|424511
1200000|4|8017|16|3|1|1|840000|3|35988|808924
1200000|4|8017|16|3|2|2|480000|3|35988|509141
1200000|4|8017|16|3|0|0|360000|4|47991|431414
1200000|4|8017|16|3|1|1|840000|4|47991|813331
1200000|4|8017|16|3|2|2|480000|4|47991|510818
1200000|4|8017|16|4|0|0|360000|0|0|418877
1200000|4|8017|16|4|1|1|840000|0|0|801595
1200000|4|8017|16|4|2|2|480000|0|0|418154
1200000|4|8017|16|4|0|0|360000|1|11998|428724
1200000|4|8017|16|4|1|1|840000|1|11998|806387
1200000|4|8017|16|4|2|2|480000|1|11998|427160
1200000|4|8017|16|4|0|0|360000|2|24003|435120
1200000|4|8017|16|4|1|1|840000|2|24003|812629
1200000|4|8017|16|4|2|2|480000|2|24003|432741
1200000|4|8017|16|4|0|0|360000|3|36009|439836
1200000|4|8017|16|4|1|1|840000|3|36009|817855
1200000|4|8017|16|4|2|2|480000|3|36009|437030
1200000|4|8017|16|4|0|0|360000|4|48016|443661
1200000|4|8017|16|4|1|1|840000|4|48016|821016
1200000|4|8017|16|4|2|2|480000|4|48016|438825
1200000|4|8017|16|5|0|0|360000|0|0|315370
1200000|4|8017|16|5|1|1|840000|0|0|801210
1200000|4|8017|16|5|2|2|480000|0|0|435987
1200000|4|8017|16|5|0|0|360000|1|11990|296281
1200000|4|8017|16|5|1|1|840000|1|11990|798952
1200000|4|8017|16|5|2|2|480000|1|11990|427251
1200000|4|8017|16|5|0|0|360000|2|23988|290235
1200000|4|8017|16|5|1|1|840000|2|23988|799535
1200000|4|8017|16|5|2|2|480000|2|23988|423585
1200000|4|8017|16|5|0|0|360000|3|35989|290158
1200000|4|8017|16|5|1|1|840000|3|35989|800775
1200000|4|8017|16|5|2|2|480000|3|35989|421596
1200000|4|8017|16|5|0|0|360000|4|47991|293394
1200000|4|8017|16|5|1|1|840000|4|47991|802450
1200000|4|8017|16|5|2|2|480000|4|47991|421089
1200000|4|8018|16|1|0|0|360000|0|0|327851
1200000|4|8018|16|1|1|1|840000|0|0|801288
1200000|4|8018|16|1|2|2|480000|0|0|431034
1200000|4|8018|16|1|0|0|360000|1|11989|314998
1200000|4|8018|16|1|1|1|840000|1|11989|799810
1200000|4|8018|16|1|2|2|480000|1|11989|423975
1200000|4|8018|16|1|0|0|360000|2|23987|313557
1200000|4|8018|16|1|1|1|840000|2|23987|801603
1200000|4|8018|16|1|2|2|480000|2|23987|422727
1200000|4|8018|16|1|0|0|360000|3|35989|315740
1200000|4|8018|16|1|1|1|840000|3|35989|804369
1200000|4|8018|16|1|2|2|480000|3|35989|423546
1200000|4|8018|16|1|0|0|360000|4|47992|320537
1200000|4|8018|16|1|1|1|840000|4|47992|807103
1200000|4|8018|16|1|2|2|480000|4|47992|425535
1200000|4|8018|16|2|0|0|360000|0|0|306324
1200000|4|8018|16|2|1|1|840000|0|0|813452
1200000|4|8018|16|2|2|2|480000|0|0|553299
1200000|4|8018|16|2|0|0|360000|1|11998|318353
1200000|4|8018|16|2|1|1|840000|1|11998|819220
1200000|4|8018|16|2|2|2|480000|1|11998|566871
1200000|4|8018|16|2|0|0|360000|2|23998|328065
1200000|4|8018|16|2|1|1|840000|2|23998|823471
1200000|4|8018|16|2|2|2|480000|2|23998|575403
1200000|4|8018|16|2|0|0|360000|3|36001|336333
1200000|4|8018|16|2|1|1|840000|3|36001|827918
1200000|4|8018|16|2|2|2|480000|3|36001|580121
1200000|4|8018|16|2|0|0|360000|4|48004|342417
1200000|4|8018|16|2|1|1|840000|4|48004|831738
1200000|4|8018|16|2|2|2|480000|4|48004|584218
1200000|4|8018|16|3|0|0|360000|0|0|387248
1200000|4|8018|16|3|1|1|840000|0|0|803240
1200000|4|8018|16|3|2|2|480000|0|0|486571
1200000|4|8018|16|3|0|0|360000|1|11991|405986
1200000|4|8018|16|3|1|1|840000|1|11991|802928
1200000|4|8018|16|3|2|2|480000|1|11991|502950
1200000|4|8018|16|3|0|0|360000|2|23991|418427
1200000|4|8018|16|3|1|1|840000|2|23991|805737
1200000|4|8018|16|3|2|2|480000|2|23991|512427
1200000|4|8018|16|3|0|0|360000|3|35995|427711
1200000|4|8018|16|3|1|1|840000|3|35995|809715
1200000|4|8018|16|3|2|2|480000|3|35995|518160
1200000|4|8018|16|3|0|0|360000|4|48000|434376
1200000|4|8018|16|3|1|1|840000|4|48000|814318
1200000|4|8018|16|3|2|2|480000|4|48000|522918
1200000|4|8018|16|4|0|0|360000|0|0|380463
1200000|4|8018|16|4|1|1|840000|0|0|800706
1200000|4|8018|16|4|2|2|480000|0|0|489690
1200000|4|8018|16|4|0|0|360000|1|11991|397484
1200000|4|8018|16|4|1|1|840000|1|11991|801525
1200000|4|8018|16|4|2|2|480000|1|11991|506227
1200000|4|8018|16|4|0|0|360000|2|23991|408053
1200000|4|8018|16|4|1|1|840000|2|23991|805543
1200000|4|8018|16|4|2|2|480000|2|23991|515391
1200000|4|8018|16|4|0|0|360000|3|35995|414683
1200000|4|8018|16|4|1|1|840000|3|35995|810221
1200000|4|8018|16|4|2|2|480000|3|35995|521319
1200000|4|8018|16|4|0|0|360000|4|48000|419283
1200000|4|8018|16|4|1|1|840000|4|48000|814473
1200000|4|8018|16|4|2|2|480000|4|48000|525492
1200000|4|8018|16|5|0|0|360000|0|0|344074
1200000|4|8018|16|5|1|1|840000|0|0|801953
1200000|4|8018|16|5|2|2|480000|0|0|525336
1200000|4|8018|16|5|0|0|360000|1|11993|358406
1200000|4|8018|16|5|1|1|840000|1|11993|802886
1200000|4|8018|16|5|2|2|480000|1|11993|542496
1200000|4|8018|16|5|0|0|360000|2|23994|367222
1200000|4|8018|16|5|1|1|840000|2|23994|806516
1200000|4|8018|16|5|2|2|480000|2|23994|552363
1200000|4|8018|16|5|0|0|360000|3|35998|372486
1200000|4|8018|16|5|1|1|840000|3|35998|810924
1200000|4|8018|16|5|2|2|480000|3|35998|558876
1200000|4|8018|16|5|0|0|360000|4|48002|375994
1200000|4|8018|16|5|1|1|840000|4|48002|815409
1200000|4|8018|16|5|2|2|480000|4|48002|564297
1200000|4|8019|16|1|0|0|360000|0|0|361276
1200000|4|8019|16|1|1|1|840000|0|0|794818
1200000|4|8019|16|1|2|2|480000|0|0|512115
1200000|4|8019|16|1|0|0|360000|1|11995|378100
1200000|4|8019|16|1|1|1|840000|1|11995|789317
1200000|4|8019|16|1|2|2|480000|1|11995|528651
1200000|4|8019|16|1|0|0|360000|2|23996|387931
1200000|4|8019|16|1|1|1|840000|2|23996|787641
1200000|4|8019|16|1|2|2|480000|2|23996|538674
1200000|4|8019|16|1|0|0|360000|3|36000|393077
1200000|4|8019|16|1|1|1|840000|3|36000|788225
1200000|4|8019|16|1|2|2|480000|3|36000|545187
1200000|4|8019|16|1|0|0|360000|4|48004|397289
1200000|4|8019|16|1|1|1|840000|4|48004|790566
1200000|4|8019|16|1|2|2|480000|4|48004|549906
1200000|4|8019|16|2|0|0|360000|0|0|383543
1200000|4|8019|16|2|1|1|840000|0|0|795988
1200000|4|8019|16|2|2|2|480000|0|0|488949
1200000|4|8019|16|2|0|0|360000|1|11995|401227
1200000|4|8019|16|2|1|1|840000|1|11995|790370
1200000|4|8019|16|2|2|2|480000|1|11995|505446
1200000|4|8019|16|2|0|0|360000|2|23996|410432
1200000|4|8019|16|2|1|1|840000|2|23996|789003
1200000|4|8019|16|2|2|2|480000|2|23996|515196
1200000|4|8019|16|2|0|0|360000|3|36000|415033
1200000|4|8019|16|2|1|1|840000|3|36000|789552
1200000|4|8019|16|2|2|2|480000|3|36000|521514
1200000|4|8019|16|2|0|0|360000|4|48004|419052
1200000|4|8019|16|2|1|1|840000|4|48004|791579
1200000|4|8019|16|2|2|2|480000|4|48004|525804
1200000|4|8019|16|3|0|0|360000|0|0|344073
1200000|4|8019|16|3|1|1|840000|0|0|794815
1200000|4|8019|16|3|2|2|480000|0|0|522645
1200000|4|8019|16|3|0|0|360000|1|11993|356614
1200000|4|8019|16|3|1|1|840000|1|11993|788772
1200000|4|8019|16|3|2|2|480000|1|11993|539103
1200000|4|8019|16|3|0|0|360000|2|23992|363009
1200000|4|8019|16|3|1|1|840000|2|23992|787953
1200000|4|8019|16|3|2|2|480000|2|23992|548853
1200000|4|8019|16|3|0|0|360000|3|35994|368118
1200000|4|8019|16|3|1|1|840000|3|35994|789277
1200000|4|8019|16|3|2|2|480000|3|35994|554625
1200000|4|8019|16|3|0|0|360000|4|47996|372525
1200000|4|8019|16|3|1|1|840000|4|47996|791814
1200000|4|8019|16|3|2|2|480000|4|47996|557784
1200000|4|8019|16|4|0|0|360000|0|0|382723
1200000|4|8019|16|4|1|1|840000|0|0|801759
1200000|4|8019|16|4|2|2|480000|0|0|489456
1200000|4|8019|16|4|0|0|360000|1|11992|399553
1200000|4|8019|16|4|1|1|840000|1|11992|801682
1200000|4|8019|16|4|2|2|480000|1|11992|505524
1200000|4|8019|16|4|0|0|360000|2|23991|410043
1200000|4|8019|16|4|1|1|840000|2|23991|803828
1200000|4|8019|16|4|2|2|480000|2|23991|514455
1200000|4|8019|16|4|0|0|360000|3|35992|417411
1200000|4|8019|16|4|1|1|840000|3|35992|807832
1200000|4|8019|16|4|2|2|480000|3|35992|518901
1200000|4|8019|16|4|0|0|360000|4|47995|422991
1200000|4|8019|16|4|1|1|840000|4|47995|812316
1200000|4|8019|16|4|2|2|480000|4|47995|521670
1200000|4|8019|16|5|0|0|360000|0|0|381984
1200000|4|8019|16|5|1|1|840000|0|0|803280
1200000|4|8019|16|5|2|2|480000|0|0|489495
1200000|4|8019|16|5|0|0|360000|1|11990|398616
1200000|4|8019|16|5|1|1|840000|1|11990|801447
1200000|4|8019|16|5|2|2|480000|1|11990|504510
1200000|4|8019|16|5|0|0|360000|2|23988|407975
1200000|4|8019|16|5|1|1|840000|2|23988|803437
1200000|4|8019|16|5|2|2|480000|2|23988|512661
1200000|4|8019|16|5|0|0|360000|3|35991|414059
1200000|4|8019|16|5|1|1|840000|3|35991|807289
1200000|4|8019|16|5|2|2|480000|3|35991|516522
1200000|4|8019|16|5|0|0|360000|4|47994|417921
1200000|4|8019|16|5|1|1|840000|4|47994|812164
1200000|4|8019|16|5|2|2|480000|4|47994|519174
1200000|4|8020|16|1|0|0|360000|0|0|375703
1200000|4|8020|16|1|1|1|840000|0|0|801237
1200000|4|8020|16|1|2|2|480000|0|0|492030
1200000|4|8020|16|1|0|0|360000|1|11990|390346
1200000|4|8020|16|1|1|1|840000|1|11990|800196
1200000|4|8020|16|1|2|2|480000|1|11990|506655
1200000|4|8020|16|1|0|0|360000|2|23988|398067
1200000|4|8020|16|1|1|1|840000|2|23988|803229
1200000|4|8020|16|1|2|2|480000|2|23988|514299
1200000|4|8020|16|1|0|0|360000|3|35989|401853
1200000|4|8020|16|1|1|1|840000|3|35989|807364
1200000|4|8020|16|1|2|2|480000|3|35989|518823
1200000|4|8020|16|1|0|0|360000|4|47992|404622
1200000|4|8020|16|1|1|1|840000|4|47992|811928
1200000|4|8020|16|1|2|2|480000|4|47992|521592
1200000|4|8020|16|2|0|0|360000|0|0|330543
1200000|4|8020|16|2|1|1|840000|0|0|807608
1200000|4|8020|16|2|2|2|480000|0|0|425457
1200000|4|8020|16|2|0|0|360000|1|11990|310165
1200000|4|8020|16|2|1|1|840000|1|11990|807452
1200000|4|8020|16|2|2|2|480000|1|11990|416838
1200000|4|8020|16|2|0|0|360000|2|23989|301427
1200000|4|8020|16|2|1|1|840000|2|23989|810765
1200000|4|8020|16|2|2|2|480000|2|23989|413757
1200000|4|8020|16|2|0|0|360000|3|35991|297878
1200000|4|8020|16|2|1|1|840000|3|35991|815826
1200000|4|8020|16|2|2|2|480000|3|35991|413757
1200000|4|8020|16|2|0|0|360000|4|47994|297645
1200000|4|8020|16|2|1|1|840000|4|47994|821403
1200000|4|8020|16|2|2|2|480000|4|47994|414966
1200000|4|8020|16|3|0|0|360000|0|0|284406
1200000|4|8020|16|3|1|1|840000|0|0|803901
1200000|4|8020|16|3|2|2|480000|0|0|466563
1200000|4|8020|16|3|0|0|360000|1|11989|262037
1200000|4|8020|16|3|1|1|840000|1|11989|803282
1200000|4|8020|16|3|2|2|480000|1|11989|459894
1200000|4|8020|16|3|0|0|360000|2|23988|253728
1200000|4|8020|16|3|1|1|840000|2|23988|805853
1200000|4|8020|16|3|2|2|480000|2|23988|458997
1200000|4|8020|16|3|0|0|360000|3|35990|251157
1200000|4|8020|16|3|1|1|840000|3|35990|810300
1200000|4|8020|16|3|2|2|480000|3|35990|460401
1200000|4|8020|16|3|0|0|360000|4|47992|250335
1200000|4|8020|16|3|1|1|840000|4|47992|815448
1200000|4|8020|16|3|2|2|480000|4|47992|462936
1200000|4|8020|16|4|0|0|360000|0|0|328126
1200000|4|8020|16|4|1|1|840000|0|0|799381
1200000|4|8020|16|4|2|2|480000|0|0|427680
1200000|4|8020|16|4|0|0|360000|1|11988|310940
1200000|4|8020|16|4|1|1|840000|1|11988|797624
1200000|4|8020|16|4|2|2|480000|1|11988|422025
1200000|4|8020|16|4|0|0|360000|2|23987|305446
1200000|4|8020|16|4|1|1|840000|2|23987|800082
1200000|4|8020|16|4|2|2|480000|2|23987|422805
1200000|4|8020|16|4|0|0|360000|3|35989|304976
1200000|4|8020|16|4|1|1|840000|3|35989|804020
1200000|4|8020|16|4|2|2|480000|3|35989|425652
1200000|4|8020|16|4|0|0|360000|4|47991|306185
1200000|4|8020|16|4|1|1|840000|4|47991|808115
1200000|4|8020|16|4|2|2|480000|4|47991|429279
1200000|4|8020|16|5|0|0|360000|0|0|377811
1200000|4|8020|16|5|1|1|840000|0|0|805070
1200000|4|8020|16|5|2|2|480000|0|0|498426
1200000|4|8020|16|5|0|0|360000|1|11990|394206
1200000|4|8020|16|5|1|1|840000|1|11990|806789
1200000|4|8020|16|5|2|2|480000|1|11990|518199
1200000|4|8020|16|5|0|0|360000|2|23989|404192
1200000|4|8020|16|5|1|1|840000|2|23989|812327
1200000|4|8020|16|5|2|2|480000|2|23989|530055
1200000|4|8020|16|5|0|0|360000|3|35992|410394
1200000|4|8020|16|5|1|1|840000|3|35992|818061
1200000|4|8020|16|5|2|2|480000|3|35992|538518
1200000|4|8020|16|5|0|0|360000|4|47994|415228
1200000|4|8020|16|5|1|1|840000|4|47994|823479
1200000|4|8020|16|5|2|2|480000|4|47994|545538
1200000|4|8021|16|1|0|0|360000|0|0|307806
1200000|4|8021|16|1|1|1|840000|0|0|810572
1200000|4|8021|16|1|2|2|480000|0|0|451899
1200000|4|8021|16|1|0|0|360000|1|11991|288168
1200000|4|8021|16|1|1|1|840000|1|11991|812210
1200000|4|8021|16|1|2|2|480000|1|11991|446322
1200000|4|8021|16|1|0|0|360000|2|23990|280522
1200000|4|8021|16|1|1|1|840000|2|23990|817085
1200000|4|8021|16|1|2|2|480000|2|23990|446751
1200000|4|8021|16|1|0|0|360000|3|35992|278534
1200000|4|8021|16|1|1|1|840000|3|35992|823676
1200000|4|8021|16|1|2|2|480000|3|35992|449247
1200000|4|8021|16|1|0|0|360000|4|47994|278765
1200000|4|8021|16|1|1|1|840000|4|47994|830580
1200000|4|8021|16|1|2|2|480000|4|47994|452484
1200000|4|8021|16|2|0|0|360000|0|0|304295
1200000|4|8021|16|2|1|1|840000|0|0|806943
1200000|4|8021|16|2|2|2|480000|0|0|455292
1200000|4|8021|16|2|0|0|360000|1|11989|285360
1200000|4|8021|16|2|1|1|840000|1|11989|807804
1200000|4|8021|16|2|2|2|480000|1|11989|450495
1200000|4|8021|16|2|0|0|360000|2|23987|279003
1200000|4|8021|16|2|1|1|840000|2|23987|812793
1200000|4|8021|16|2|2|2|480000|2|23987|451821
1200000|4|8021|16|2|0|0|360000|3|35989|277676
1200000|4|8021|16|2|1|1|840000|3|35989|819738
1200000|4|8021|16|2|2|2|480000|3|35989|455097
1200000|4|8021|16|2|0|0|360000|4|47991|278418
1200000|4|8021|16|2|1|1|840000|4|47991|827576
1200000|4|8021|16|2|2|2|480000|4|47991|459543
1200000|4|8021|16|3|0|0|360000|0|0|288150
1200000|4|8021|16|3|1|1|840000|0|0|805034
1200000|4|8021|16|3|2|2|480000|0|0|466641
1200000|4|8021|16|3|0|0|360000|1|11989|265986
1200000|4|8021|16|3|1|1|840000|1|11989|805543
1200000|4|8021|16|3|2|2|480000|1|11989|462078
1200000|4|8021|16|3|0|0|360000|2|23988|258186
1200000|4|8021|16|3|1|1|840000|2|23988|809677
1200000|4|8021|16|3|2|2|480000|2|23988|464223
1200000|4|8021|16|3|0|0|360000|3|35990|256782
1200000|4|8021|16|3|1|1|840000|3|35990|814783
1200000|4|8021|16|3|2|2|480000|3|35990|468162
1200000|4|8021|16|3|0|0|360000|4|47993|257484
1200000|4|8021|16|3|1|1|840000|4|47993|820751
1200000|4|8021|16|3|2|2|480000|4|47993|472881
1200000|4|8021|16|4|0|0|360000|0|0|313616
1200000|4|8021|16|4|1|1|840000|0|0|801876
1200000|4|8021|16|4|2|2|480000|0|0|444177
1200000|4|8021|16|4|0|0|360000|1|11989|293832
1200000|4|8021|16|4|1|1|840000|1|11989|800628
1200000|4|8021|16|4|2|2|480000|1|11989|440901
1200000|4|8021|16|4|0|0|360000|2|23988|286266
1200000|4|8021|16|4|1|1|840000|2|23988|802187
1200000|4|8021|16|4|2|2|480000|2|23988|442695
1200000|4|8021|16|4|0|0|360000|3|35989|284277
1200000|4|8021|16|4|1|1|840000|3|35989|805503
1200000|4|8021|16|4|2|2|480000|3|35989|446244
1200000|4|8021|16|4|0|0|360000|4|47992|286344
1200000|4|8021|16|4|1|1|840000|4|47992|809638
1200000|4|8021|16|4|2|2|480000|4|47992|449832
1200000|4|8021|16|5|0|0|360000|0|0|127128
1200000|4|8021|16|5|1|1|840000|0|0|828901
1200000|4|8021|16|5|2|2|480000|0|0|764123
1200000|4|8021|16|5|0|0|360000|1|11998|127146
1200000|4|8021|16|5|1|1|840000|1|11998|836078
1200000|4|8021|16|5|2|2|480000|1|11998|785729
1200000|4|8021|16|5|0|0|360000|2|24000|129330
1200000|4|8021|16|5|1|1|840000|2|24000|842163
1200000|4|8021|16|5|2|2|480000|2|24000|798443
1200000|4|8021|16|5|0|0|360000|3|36003|131124
1200000|4|8021|16|5|1|1|840000|3|36003|847464
1200000|4|8021|16|5|2|2|480000|3|36003|807804
1200000|4|8021|16|5|0|0|360000|4|48007|133152
1200000|4|8021|16|5|1|1|840000|4|48007|850781
1200000|4|8021|16|5|2|2|480000|4|48007|815838
1200000|4|8022|16|1|0|0|360000|0|0|306528
1200000|4|8022|16|1|1|1|840000|0|0|805699
1200000|4|8022|16|1|2|2|480000|0|0|447882
1200000|4|8022|16|1|0|0|360000|1|11993|285915
1200000|4|8022|16|1|1|1|840000|1|11993|805073
1200000|4|8022|16|1|2|2|480000|1|11993|442812
1200000|4|8022|16|1|0|0|360000|2|23994|278544
1200000|4|8022|16|1|1|1|840000|2|23994|807023
1200000|4|8022|16|1|2|2|480000|2|23994|443241
1200000|4|8022|16|1|0|0|360000|3|35997|277959
1200000|4|8022|16|1|1|1|840000|3|35997|809751
1200000|4|8022|16|1|2|2|480000|3|35997|445542
1200000|4|8022|16|1|0|0|360000|4|48001|280416
1200000|4|8022|16|1|1|1|840000|4|48001|811859
1200000|4|8022|16|1|2|2|480000|4|48001|449130
1200000|4|8022|16|2|0|0|360000|0|0|366147
1200000|4|8022|16|2|1|1|840000|0|0|802189
1200000|4|8022|16|2|2|2|480000|0|0|513509
1200000|4|8022|16|2|0|0|360000|1|11995|385046
1200000|4|8022|16|2|1|1|840000|1|11995|799886
1200000|4|8022|16|2|2|2|480000|1|11995|532893
1200000|4|8022|16|2|0|0|360000|2|23996|396510
1200000|4|8022|16|2|1|1|840000|2|23996|802539
1200000|4|8022|16|2|2|2|480000|2|23996|546074
1200000|4|8022|16|2|0|0|360000|3|36000|404036
1200000|4|8022|16|2|1|1|840000|3|36000|806712
1200000|4|8022|16|2|2|2|480000|3|36000|555006
1200000|4|8022|16|2|0|0|360000|4|48004|410391
1200000|4|8022|16|2|1|1|840000|4|48004|809908
1200000|4|8022|16|2|2|2|480000|4|48004|562416
1200000|4|8022|16|3|0|0|360000|0|0|362248
1200000|4|8022|16|3|1|1|840000|0|0|795595
1200000|4|8022|16|3|2|2|480000|0|0|510428
1200000|4|8022|16|3|0|0|360000|1|11995|378922
1200000|4|8022|16|3|1|1|840000|1|11995|790838
1200000|4|8022|16|3|2|2|480000|1|11995|528682
1200000|4|8022|16|3|0|0|360000|2|23996|388553
1200000|4|8022|16|3|1|1|840000|2|23996|791265
1200000|4|8022|16|3|2|2|480000|2|23996|539757
1200000|4|8022|16|3|0|0|360000|3|36000|396004
1200000|4|8022|16|3|1|1|840000|3|36000|793647
1200000|4|8022|16|3|2|2|480000|3|36000|547206
1200000|4|8022|16|3|0|0|360000|4|48004|402165
1200000|4|8022|16|3|1|1|840000|4|48004|795596
1200000|4|8022|16|3|2|2|480000|4|48004|551299
1200000|4|8022|16|4|0|0|360000|0|0|359753
1200000|4|8022|16|4|1|1|840000|0|0|800080
1200000|4|8022|16|4|2|2|480000|0|0|509804
1200000|4|8022|16|4|0|0|360000|1|11991|374787
1200000|4|8022|16|4|1|1|840000|1|11991|799615
1200000|4|8022|16|4|2|2|480000|1|11991|525951
1200000|4|8022|16|4|0|0|360000|2|23990|383563
1200000|4|8022|16|4|1|1|840000|2|23990|801994
1200000|4|8022|16|4|2|2|480000|2|23990|535701
1200000|4|8022|16|4|0|0|360000|3|35992|390581
1200000|4|8022|16|4|1|1|840000|3|35992|803943
1200000|4|8022|16|4|2|2|480000|3|35992|541317
1200000|4|8022|16|4|0|0|360000|4|47995|396276
1200000|4|8022|16|4|1|1|840000|4|47995|805931
1200000|4|8022|16|4|2|2|480000|4|47995|544048
1200000|4|8022|16|5|0|0|360000|0|1|343372
1200000|4|8022|16|5|1|1|840000|0|1|800667
1200000|4|8022|16|5|2|2|480000|0|1|524000
1200000|4|8022|16|5|0|0|360000|1|11992|356769
1200000|4|8022|16|5|1|1|840000|1|11992|799808
1200000|4|8022|16|5|2|2|480000|1|11992|539250
1200000|4|8022|16|5|0|0|360000|2|23991|365623
1200000|4|8022|16|5|1|1|840000|2|23991|801720
1200000|4|8022|16|5|2|2|480000|2|23991|547555
1200000|4|8022|16|5|0|0|360000|3|35992|372954
1200000|4|8022|16|5|1|1|840000|3|35992|805036
1200000|4|8022|16|5|2|2|480000|3|35992|550599
1200000|4|8022|16|5|0|0|360000|4|47994|378337
1200000|4|8022|16|5|1|1|840000|4|47994|809012
1200000|4|8022|16|5|2|2|480000|4|47994|552746
1200000|4|8023|16|1|0|0|360000|0|0|380696
1200000|4|8023|16|1|1|1|840000|0|0|800821
1200000|4|8023|16|1|2|2|480000|0|0|487574
1200000|4|8023|16|1|0|0|360000|1|11990|396665
1200000|4|8023|16|1|1|1|840000|1|11990|799965
1200000|4|8023|16|1|2|2|480000|1|11990|502161
1200000|4|8023|16|1|0|0|360000|2|23987|405323
1200000|4|8023|16|1|1|1|840000|2|23987|801483
1200000|4|8023|16|1|2|2|480000|2|23987|510075
1200000|4|8023|16|1|0|0|360000|3|35988|411954
1200000|4|8023|16|1|1|1|840000|3|35988|805542
1200000|4|8023|16|1|2|2|480000|3|35988|512536
1200000|4|8023|16|1|0|0|360000|4|47989|416244
1200000|4|8023|16|1|1|1|840000|4|47989|810183
1200000|4|8023|16|1|2|2|480000|4|47989|514015
1200000|4|8023|16|2|0|0|360000|0|1|380814
1200000|4|8023|16|2|1|1|840000|0|1|802968
1200000|4|8023|16|2|2|2|480000|0|1|489837
1200000|4|8023|16|2|0|0|360000|1|11989|397015
1200000|4|8023|16|2|1|1|840000|1|11989|800665
1200000|4|8023|16|2|2|2|480000|1|11989|504307
1200000|4|8023|16|2|0|0|360000|2|23986|405752
1200000|4|8023|16|2|1|1|840000|2|23986|802187
1200000|4|8023|16|2|2|2|480000|2|23986|511210
1200000|4|8023|16|2|0|0|360000|3|35987|411681
1200000|4|8023|16|2|1|1|840000|3|35987|805813
1200000|4|8023|16|2|2|2|480000|3|35987|514251
1200000|4|8023|16|2|0|0|360000|4|47989|415503
1200000|4|8023|16|2|1|1|840000|4|47989|810456
1200000|4|8023|16|2|2|2|480000|4|47989|515616
1200000|4|8023|16|3|0|0|360000|0|0|337563
1200000|4|8023|16|3|1|1|840000|0|0|801135
1200000|4|8023|16|3|2|2|480000|0|0|526106
1200000|4|8023|16|3|0|0|360000|1|11989|348462
1200000|4|8023|16|3|1|1|840000|1|11989|800121
1200000|4|8023|16|3|2|2|480000|1|11989|541706
1200000|4|8023|16|3|0|0|360000|2|23987|354779
1200000|4|8023|16|3|1|1|840000|2|23987|802539
1200000|4|8023|16|3|2|2|480000|2|23987|549465
1200000|4|8023|16|3|0|0|360000|3|35989|358368
1200000|4|8023|16|3|1|1|840000|3|35989|806711
1200000|4|8023|16|3|2|2|480000|3|35989|554108
1200000|4|8023|16|3|0|0|360000|4|47992|360821
1200000|4|8023|16|3|1|1|840000|4|47992|811196
1200000|4|8023|16|3|2|2|480000|4|47992|557112
1200000|4|8023|16|4|0|0|360000|0|0|353942
1200000|4|8023|16|4|1|1|840000|0|0|802149
1200000|4|8023|16|4|2|2|480000|0|0|514289
1200000|4|8023|16|4|0|0|360000|1|11991|368546
1200000|4|8023|16|4|1|1|840000|1|11991|802421
1200000|4|8023|16|4|2|2|480000|1|11991|528563
1200000|4|8023|16|4|0|0|360000|2|23990|376503
1200000|4|8023|16|4|1|1|840000|2|23990|805736
1200000|4|8023|16|4|2|2|480000|2|23990|536088
1200000|4|8023|16|4|0|0|360000|3|35992|381339
1200000|4|8023|16|4|1|1|840000|3|35992|810379
1200000|4|8023|16|4|2|2|480000|3|35992|540263
1200000|4|8023|16|4|0|0|360000|4|47994|385003
1200000|4|8023|16|4|1|1|840000|4|47994|814628
1200000|4|8023|16|4|2|2|480000|4|47994|542991
1200000|4|8023|16|5|0|0|360000|0|0|379020
1200000|4|8023|16|5|1|1|840000|0|0|803943
1200000|4|8023|16|5|2|2|480000|0|0|494058
1200000|4|8023|16|5|0|0|360000|1|11992|395066
1200000|4|8023|16|5|1|1|840000|1|11992|804137
1200000|4|8023|16|5|2|2|480000|1|11992|509532
1200000|4|8023|16|5|0|0|360000|2|23993|403607
1200000|4|8023|16|5|1|1|840000|2|23993|807181
1200000|4|8023|16|5|2|2|480000|2|23993|517409
1200000|4|8023|16|5|0|0|360000|3|35996|408326
1200000|4|8023|16|5|1|1|840000|3|35996|811938
1200000|4|8023|16|5|2|2|480000|3|35996|522324
1200000|4|8023|16|5|0|0|360000|4|48000|411564
1200000|4|8023|16|5|1|1|840000|4|48000|816304
1200000|4|8023|16|5|2|2|480000|4|48000|526301
1200000|4|8024|16|1|0|0|360000|0|0|377771
1200000|4|8024|16|1|1|1|840000|0|0|798986
1200000|4|8024|16|1|2|2|480000|0|0|493434
1200000|4|8024|16|1|0|0|360000|1|11995|393897
1200000|4|8024|16|1|1|1|840000|1|11995|794467
1200000|4|8024|16|1|2|2|480000|1|11995|508983
1200000|4|8024|16|1|0|0|360000|2|23996|402125
1200000|4|8024|16|1|1|1|840000|2|23996|794273
1200000|4|8024|16|1|2|2|480000|2|23996|517644
1200000|4|8024|16|1|0|0|360000|3|35999|406376
1200000|4|8024|16|1|1|1|840000|3|35999|795207
1200000|4|8024|16|1|2|2|480000|3|35999|523103
1200000|4|8024|16|1|0|0|360000|4|48003|408950
1200000|4|8024|16|1|1|1|840000|4|48003|795754
1200000|4|8024|16|1|2|2|480000|4|48003|526340
1200000|4|8024|16|2|0|0|360000|0|0|378240
1200000|4|8024|16|2|1|1|840000|0|0|794271
1200000|4|8024|16|2|2|2|480000|0|0|488949
1200000|4|8024|16|2|0|0|360000|1|11995|392728
1200000|4|8024|16|2|1|1|840000|1|11995|787797
1200000|4|8024|16|2|2|2|480000|1|11995|504939
1200000|4|8024|16|2|0|0|360000|2|23996|399434
1200000|4|8024|16|2|1|1|840000|2|23996|786040
1200000|4|8024|16|2|2|2|480000|2|23996|513626
1200000|4|8024|16|2|0|0|360000|3|35999|403531
1200000|4|8024|16|2|1|1|840000|3|35999|786783
1200000|4|8024|16|2|2|2|480000|3|35999|518811
1200000|4|8024|16|2|0|0|360000|4|48003|406300
1200000|4|8024|16|2|1|1|840000|4|48003|787951
1200000|4|8024|16|2|2|2|480000|4|48003|520566
1200000|4|8024|16|3|0|0|360000|0|0|354566
1200000|4|8024|16|3|1|1|840000|0|0|798015
1200000|4|8024|16|3|2|2|480000|0|0|512154
1200000|4|8024|16|3|0|0|360000|1|11993|368742
1200000|4|8024|16|3|1|1|840000|1|11993|797664
1200000|4|8024|16|3|2|2|480000|1|11993|527745
1200000|4|8024|16|3|0|0|360000|2|23993|377672
1200000|4|8024|16|3|1|1|840000|2|23993|799457
1200000|4|8024|16|3|2|2|480000|2|23993|535742
1200000|4|8024|16|3|0|0|360000|3|35994|384068
1200000|4|8024|16|3|1|1|840000|3|35994|802029
1200000|4|8024|16|3|2|2|480000|3|35994|539406
1200000|4|8024|16|3|0|0|360000|4|47996|388162
1200000|4|8024|16|3|1|1|840000|4|47996|805581
1200000|4|8024|16|3|2|2|480000|4|47996|541080
1200000|4|8024|16|4|0|0|360000|0|0|355814
1200000|4|8024|16|4|1|1|840000|0|0|799459
1200000|4|8024|16|4|2|2|480000|0|0|509346
1200000|4|8024|16|4|0|0|360000|1|11990|369638
1200000|4|8024|16|4|1|1|840000|1|11990|797973
1200000|4|8024|16|4|2|2|480000|1|11990|522450
1200000|4|8024|16|4|0|0|360000|2|23987|377984
1200000|4|8024|16|4|1|1|840000|2|23987|799303
1200000|4|8024|16|4|2|2|480000|2|23987|529431
1200000|4|8024|16|4|0|0|360000|3|35988|383328
1200000|4|8024|16|4|1|1|840000|3|35988|802735
1200000|4|8024|16|4|2|2|480000|3|35988|532200
1200000|4|8024|16|4|0|0|360000|4|47991|386253
1200000|4|8024|16|4|1|1|840000|4|47991|807023
1200000|4|8024|16|4|2|2|480000|4|47991|533721
1200000|4|8024|16|5|0|0|360000|0|0|356204
1200000|4|8024|16|5|1|1|840000|0|0|801175
1200000|4|8024|16|5|2|2|480000|0|0|509151
1200000|4|8024|16|5|0|0|360000|1|11989|371198
1200000|4|8024|16|5|1|1|840000|1|11989|801407
1200000|4|8024|16|5|2|2|480000|1|11989|524127
1200000|4|8024|16|5|0|0|360000|2|23989|380208
1200000|4|8024|16|5|1|1|840000|2|23989|805581
1200000|4|8024|16|5|2|2|480000|2|23989|531381
1200000|4|8024|16|5|0|0|360000|3|35991|385434
1200000|4|8024|16|5|1|1|840000|3|35991|809868
1200000|4|8024|16|5|2|2|480000|3|35991|534813
1200000|4|8024|16|5|0|0|360000|4|47994|388751
1200000|4|8024|16|5|1|1|840000|4|47994|814196
1200000|4|8024|16|5|2|2|480000|4|47994|536802
1200000|4|8025|16|1|0|0|360000|0|0|307143
1200000|4|8025|16|1|1|1|840000|0|0|807220
1200000|4|8025|16|1|2|2|480000|0|0|444606
1200000|4|8025|16|1|0|0|360000|1|11991|284267
1200000|4|8025|16|1|1|1|840000|1|11991|807647
1200000|4|8025|16|1|2|2|480000|1|11991|435948
1200000|4|8025|16|1|0|0|360000|2|23992|275181
1200000|4|8025|16|1|1|1|840000|2|23992|811820
1200000|4|8025|16|1|2|2|480000|2|23992|433179
1200000|4|8025|16|1|0|0|360000|3|35994|271983
1200000|4|8025|16|1|1|1|840000|3|35994|817476
1200000|4|8025|16|1|2|2|480000|3|35994|433218
1200000|4|8025|16|1|0|0|360000|4|47999|271985
1200000|4|8025|16|1|1|1|840000|4|47999|824027
1200000|4|8025|16|1|2|2|480000|4|47999|434115
1200000|4|8025|16|2|0|0|360000|0|0|305816
1200000|4|8025|16|2|1|1|840000|0|0|805698
1200000|4|8025|16|2|2|2|480000|0|0|451197
1200000|4|8025|16|2|0|0|360000|1|11990|287621
1200000|4|8025|16|2|1|1|840000|1|11990|805775
1200000|4|8025|16|2|2|2|480000|1|11990|445503
1200000|4|8025|16|2|0|0|360000|2|23991|280455
1200000|4|8025|16|2|1|1|840000|2|23991|809442
1200000|4|8025|16|2|2|2|480000|2|23991|445581
1200000|4|8025|16|2|0|0|360000|3|35995|279324
1200000|4|8025|16|2|1|1|840000|3|35995|814357
1200000|4|8025|16|2|2|2|480000|3|35995|447336
1200000|4|8025|16|2|0|0|360000|4|47999|279862
1200000|4|8025|16|2|1|1|840000|4|47999|819542
1200000|4|8025|16|2|2|2|480000|4|47999|449676
1200000|4|8025|16|3|0|0|360000|0|0|314787
1200000|4|8025|16|3|1|1|840000|0|0|801174
1200000|4|8025|16|3|2|2|480000|0|0|440277
1200000|4|8025|16|3|0|0|360000|1|11991|295665
1200000|4|8025|16|3|1|1|840000|1|11991|800080
1200000|4|8025|16|3|2|2|480000|1|11991|435012
1200000|4|8025|16|3|0|0|360000|2|23991|289503
1200000|4|8025|16|3|1|1|840000|2|23991|803046
1200000|4|8025|16|3|2|2|480000|2|23991|435870
1200000|4|8025|16|3|0|0|360000|3|35994|288528
1200000|4|8025|16|3|1|1|840000|3|35994|806826
1200000|4|8025|16|3|2|2|480000|3|35994|439146
1200000|4|8025|16|3|0|0|360000|4|47998|290634
1200000|4|8025|16|3|1|1|840000|4|47998|810532
1200000|4|8025|16|3|2|2|480000|4|47998|443163
1200000|4|8025|16|4|0|0|360000|0|0|379527
1200000|4|8025|16|4|1|1|840000|0|0|797625
1200000|4|8025|16|4|2|2|480000|0|0|460401
1200000|4|8025|16|4|0|0|360000|1|11993|387695
1200000|4|8025|16|4|1|1|840000|1|11993|801056
1200000|4|8025|16|4|2|2|480000|1|11993|470424
1200000|4|8025|16|4|0|0|360000|2|23995|391787
1200000|4|8025|16|4|1|1|840000|2|23995|804918
1200000|4|8025|16|4|2|2|480000|2|23995|478146
1200000|4|8025|16|4|0|0|360000|3|35998|395341
1200000|4|8025|16|4|1|1|840000|3|35998|808505
1200000|4|8025|16|4|2|2|480000|3|35998|484386
1200000|4|8025|16|4|0|0|360000|4|48002|398615
1200000|4|8025|16|4|1|1|840000|4|48002|812172
1200000|4|8025|16|4|2|2|480000|4|48002|489573
1200000|4|8025|16|5|0|0|360000|0|0|342280
1200000|4|8025|16|5|1|1|840000|0|0|802929
1200000|4|8025|16|5|2|2|480000|0|0|529187
1200000|4|8025|16|5|0|0|360000|1|11993|355716
1200000|4|8025|16|5|1|1|840000|1|11993|803708
1200000|4|8025|16|5|2|2|480000|1|11993|547673
1200000|4|8025|16|5|0|0|360000|2|23993|364257
1200000|4|8025|16|5|1|1|840000|2|23993|806400
1200000|4|8025|16|5|2|2|480000|2|23993|558126
1200000|4|8025|16|5|0|0|360000|3|35994|370537
1200000|4|8025|16|5|1|1|840000|3|35994|811119
1200000|4|8025|16|5|2|2|480000|3|35994|564288
1200000|4|8025|16|5|0|0|360000|4|47997|375486
1200000|4|8025|16|5|1|1|840000|4|47997|817121
1200000|4|8025|16|5|2|2|480000|4|47997|568068
1200000|4|8026|16|1|0|0|360000|0|0|342086
1200000|4|8026|16|1|1|1|840000|0|0|804021
1200000|4|8026|16|1|2|2|480000|0|0|526381
1200000|4|8026|16|1|0|0|360000|1|11991|354155
1200000|4|8026|16|1|1|1|840000|1|11991|803746
1200000|4|8026|16|1|2|2|480000|1|11991|541630
1200000|4|8026|16|1|0|0|360000|2|23988|362424
1200000|4|8026|16|1|1|1|840000|2|23988|805814
1200000|4|8026|16|1|2|2|480000|2|23988|550402
1200000|4|8026|16|1|0|0|360000|3|35989|368234
1200000|4|8026|16|1|1|1|840000|3|35989|809910
1200000|4|8026|16|1|2|2|480000|3|35989|553992
1200000|4|8026|16|1|0|0|360000|4|47991|372291
1200000|4|8026|16|1|1|1|840000|4|47991|814784
1200000|4|8026|16|1|2|2|480000|4|47991|555864
1200000|4|8026|16|2|0|0|360000|0|0|379254
1200000|4|8026|16|2|1|1|840000|0|0|802187
1200000|4|8026|16|2|2|2|480000|0|0|489495
1200000|4|8026|16|2|0|0|360000|1|11989|394911
1200000|4|8026|16|2|1|1|840000|1|11989|801565
1200000|4|8026|16|2|2|2|480000|1|11989|502989
1200000|4|8026|16|2|0|0|360000|2|23984|404349
1200000|4|8026|16|2|1|1|840000|2|23984|803827
1200000|4|8026|16|2|2|2|480000|2|23984|511093
1200000|4|8026|16|2|0|0|360000|3|35985|410432
1200000|4|8026|16|2|1|1|840000|3|35985|808152
1200000|4|8026|16|2|2|2|480000|3|35985|514367
1200000|4|8026|16|2|0|0|360000|4|47987|413981
1200000|4|8026|16|2|1|1|840000|4|47987|813383
1200000|4|8026|16|2|2|2|480000|4|47987|516123
1200000|4|8026|16|3|0|0|360000|0|0|377148
1200000|4|8026|16|3|1|1|840000|0|0|801563
1200000|4|8026|16|3|2|2|480000|0|0|490587
1200000|4|8026|16|3|0|0|360000|1|11988|392727
1200000|4|8026|16|3|1|1|840000|1|11988|800784
1200000|4|8026|16|3|2|2|480000|1|11988|504198
1200000|4|8026|16|3|0|0|360000|2|23983|401189
1200000|4|8026|16|3|1|1|840000|2|23983|803240
1200000|4|8026|16|3|2|2|480000|2|23983|511833
1200000|4|8026|16|3|0|0|360000|3|35984|406842
1200000|4|8026|16|3|1|1|840000|3|35984|807765
1200000|4|8026|16|3|2|2|480000|3|35984|514757
1200000|4|8026|16|3|0|0|360000|4|47984|410628
1200000|4|8026|16|3|1|1|840000|4|47984|812951
1200000|4|8026|16|3|2|2|480000|4|47984|516279
1200000|4|8026|16|4|0|0|360000|0|0|354606
1200000|4|8026|16|4|1|1|840000|0|0|801641
1200000|4|8026|16|4|2|2|480000|0|0|511413
1200000|4|8026|16|4|0|0|360000|1|11988|367923
1200000|4|8026|16|4|1|1|840000|1|11988|800785
1200000|4|8026|16|4|2|2|480000|1|11988|525170
1200000|4|8026|16|4|0|0|360000|2|23983|376034
1200000|4|8026|16|4|1|1|840000|2|23983|802733
1200000|4|8026|16|4|2|2|480000|2|23983|533048
1200000|4|8026|16|4|0|0|360000|3|35983|381378
1200000|4|8026|16|4|1|1|840000|3|35983|806829
1200000|4|8026|16|4|2|2|480000|3|35983|536244
1200000|4|8026|16|4|0|0|360000|4|47984|384653
1200000|4|8026|16|4|1|1|840000|4|47984|812289
1200000|4|8026|16|4|2|2|480000|4|47984|537962
1200000|4|8026|16|5|0|0|360000|0|0|356986
1200000|4|8026|16|5|1|1|840000|0|0|803201
1200000|4|8026|16|5|2|2|480000|0|0|511296
1200000|4|8026|16|5|0|0|360000|1|11989|371551
1200000|4|8026|16|5|1|1|840000|1|11989|802656
1200000|4|8026|16|5|2|2|480000|1|11989|526389
1200000|4|8026|16|5|0|0|360000|2|23987|380052
1200000|4|8026|16|5|1|1|840000|2|23987|806085
1200000|4|8026|16|5|2|2|480000|2|23987|533165
1200000|4|8026|16|5|0|0|360000|3|35987|385200
1200000|4|8026|16|5|1|1|840000|3|35987|811780
1200000|4|8026|16|5|2|2|480000|3|35987|535853
1200000|4|8026|16|5|0|0|360000|4|47987|388944
1200000|4|8026|16|5|1|1|840000|4|47987|817828
1200000|4|8026|16|5|2|2|480000|4|47987|537807
1200000|4|8027|16|1|0|0|360000|0|0|342749
1200000|4|8027|16|1|1|1|840000|0|0|803162
1200000|4|8027|16|1|2|2|480000|0|0|525375
1200000|4|8027|16|1|0|0|360000|1|11990|355755
1200000|4|8027|16|1|1|1|840000|1|11990|802618
1200000|4|8027|16|1|2|2|480000|1|11990|540537
1200000|4|8027|16|1|0|0|360000|2|23989|363632
1200000|4|8027|16|1|1|1|840000|2|23989|805270
1200000|4|8027|16|1|2|2|480000|2|23989|548103
1200000|4|8027|16|1|0|0|360000|3|35990|368389
1200000|4|8027|16|1|1|1|840000|3|35990|809990
1200000|4|8027|16|1|2|2|480000|3|35990|552821
1200000|4|8027|16|1|0|0|360000|4|47993|371432
1200000|4|8027|16|1|1|1|840000|4|47993|814431
1200000|4|8027|16|1|2|2|480000|4|47993|554811
1200000|4|8027|16|2|0|0|360000|0|0|379605
1200000|4|8027|16|2|1|1|840000|0|0|801602
1200000|4|8027|16|2|2|2|480000|0|0|491640
1200000|4|8027|16|2|0|0|360000|1|11993|395454
1200000|4|8027|16|2|1|1|840000|1|11993|800235
1200000|4|8027|16|2|2|2|480000|1|11993|506421
1200000|4|8027|16|2|0|0|360000|2|23993|403609
1200000|4|8027|16|2|1|1|840000|2|23993|801680
1200000|4|8027|16|2|2|2|480000|2|23993|514455
1200000|4|8027|16|2|0|0|360000|3|35995|407976
1200000|4|8027|16|2|1|1|840000|3|35995|803318
1200000|4|8027|16|2|2|2|480000|3|35995|518940
1200000|4|8027|16|2|0|0|360000|4|47999|411132
1200000|4|8027|16|2|1|1|840000|4|47999|805424
1200000|4|8027|16|2|2|2|480000|4|47999|522177
1200000|4|8027|16|3|0|0|360000|0|0|379916
1200000|4|8027|16|3|1|1|840000|0|0|799847
1200000|4|8027|16|3|2|2|480000|0|0|488598
1200000|4|8027|16|3|0|0|360000|1|11992|394950
1200000|4|8027|16|3|1|1|840000|1|11992|799496
1200000|4|8027|16|3|2|2|480000|1|11992|503574
1200000|4|8027|16|3|0|0|360000|2|23991|401810
1200000|4|8027|16|3|1|1|840000|2|23991|801758
1200000|4|8027|16|3|2|2|480000|2|23991|511686
1200000|4|8027|16|3|0|0|360000|3|35993|405948
1200000|4|8027|16|3|1|1|840000|3|35993|805074
1200000|4|8027|16|3|2|2|480000|3|35993|515976
1200000|4|8027|16|3|0|0|360000|4|47997|409184
1200000|4|8027|16|3|1|1|840000|4|47997|807805
1200000|4|8027|16|3|2|2|480000|4|47997|517536
1200000|4|8027|16|4|0|0|360000|0|0|380034
1200000|4|8027|16|4|1|1|840000|0|0|801096
1200000|4|8027|16|4|2|2|480000|0|0|489885
1200000|4|8027|16|4|0|0|360000|1|11992|396473
1200000|4|8027|16|4|1|1|840000|1|11992|801447
1200000|4|8027|16|4|2|2|480000|1|11992|504861
1200000|4|8027|16|4|0|0|360000|2|23992|406415
1200000|4|8027|16|4|1|1|840000|2|23992|803474
1200000|4|8027|16|4|2|2|480000|2|23992|511881
1200000|4|8027|16|4|0|0|360000|3|35993|413164
1200000|4|8027|16|4|1|1|840000|3|35993|806634
1200000|4|8027|16|4|2|2|480000|3|35993|514299
1200000|4|8027|16|4|0|0|360000|4|47995|417181
1200000|4|8027|16|4|1|1|840000|4|47995|810768
1200000|4|8027|16|4|2|2|480000|4|47995|515118
1200000|4|8027|16|5|0|0|360000|0|0|380346
1200000|4|8027|16|5|1|1|840000|0|0|802968
1200000|4|8027|16|5|2|2|480000|0|0|488676
1200000|4|8027|16|5|0|0|360000|1|11990|396353
1200000|4|8027|16|5|1|1|840000|1|11990|802067
1200000|4|8027|16|5|2|2|480000|1|11990|502716
1200000|4|8027|16|5|0|0|360000|2|23989|405987
1200000|4|8027|16|5|1|1|840000|2|23989|804919
1200000|4|8027|16|5|2|2|480000|2|23989|509658
1200000|4|8027|16|5|0|0|360000|3|35991|412032
1200000|4|8027|16|5|1|1|840000|3|35991|809520
1200000|4|8027|16|5|2|2|480000|3|35991|512427
1200000|4|8027|16|5|0|0|360000|4|47993|415191
1200000|4|8027|16|5|1|1|840000|4|47993|814625
1200000|4|8027|16|5|2|2|480000|4|47993|513558
1200000|4|8028|16|1|0|0|360000|0|0|300120
1200000|4|8028|16|1|1|1|840000|0|0|802812
1200000|4|8028|16|1|2|2|480000|0|0|452913
1200000|4|8028|16|1|0|0|360000|1|11991|282278
1200000|4|8028|16|1|1|1|840000|1|11991|801252
1200000|4|8028|16|1|2|2|480000|1|11991|443592
1200000|4|8028|16|1|0|0|360000|2|23992|276117
1200000|4|8028|16|1|1|1|840000|2|23992|804138
1200000|4|8028|16|1|2|2|480000|2|23992|439848
1200000|4|8028|16|1|0|0|360000|3|35994|272920
1200000|4|8028|16|1|1|1|840000|3|35994|810960
1200000|4|8028|16|1|2|2|480000|3|35994|438717
1200000|4|8028|16|1|0|0|360000|4|47999|272959
1200000|4|8028|16|1|1|1|840000|4|47999|818374
1200000|4|8028|16|1|2|2|480000|4|47999|438600
1200000|4|8028|16|2|0|0|360000|0|0|321766
1200000|4|8028|16|2|1|1|840000|0|0|806478
1200000|4|8028|16|2|2|2|480000|0|0|433062
1200000|4|8028|16|2|0|0|360000|1|11989|305796
1200000|4|8028|16|2|1|1|840000|1|11989|806595
1200000|4|8028|16|2|2|2|480000|1|11989|425457
1200000|4|8028|16|2|0|0|360000|2|23989|300569
1200000|4|8028|16|2|1|1|840000|2|23989|811315
1200000|4|8028|16|2|2|2|480000|2|23989|422688
1200000|4|8028|16|2|0|0|360000|3|35990|299946
1200000|4|8028|16|2|1|1|840000|3|35990|817554
1200000|4|8028|16|2|2|2|480000|3|35990|422142
1200000|4|8028|16|2|0|0|360000|4|47992|300024
1200000|4|8028|16|2|1|1|840000|4|47992|824534
1200000|4|8028|16|2|2|2|480000|4|47992|422688
1200000|4|8028|16|3|0|0|360000|0|0|304841
1200000|4|8028|16|3|1|1|840000|0|0|806282
1200000|4|8028|16|3|2|2|480000|0|0|452952
1200000|4|8028|16|3|0|0|360000|1|11991|285867
1200000|4|8028|16|3|1|1|840000|1|11991|806829
1200000|4|8028|16|3|2|2|480000|1|11991|446673
1200000|4|8028|16|3|0|0|360000|2|23990|279363
1200000|4|8028|16|3|1|1|840000|2|23990|810300
1200000|4|8028|16|3|2|2|480000|2|23990|447141
1200000|4|8028|16|3|0|0|360000|3|35993|277725
1200000|4|8028|16|3|1|1|840000|3|35993|814822
1200000|4|8028|16|3|2|2|480000|3|35993|449715
1200000|4|8028|16|3|0|0|360000|4|47996|277647
1200000|4|8028|16|3|1|1|840000|4|47996|819891
1200000|4|8028|16|3|2|2|480000|4|47996|453186
1200000|4|8028|16|4|0|0|360000|0|0|343411
1200000|4|8028|16|4|1|1|840000|0|0|799496
1200000|4|8028|16|4|2|2|480000|0|0|413952
1200000|4|8028|16|4|0|0|360000|1|11989|326465
1200000|4|8028|16|4|1|1|840000|1|11989|798130
1200000|4|8028|16|4|2|2|480000|1|11989|408999
1200000|4|8028|16|4|0|0|360000|2|23989|319718
1200000|4|8028|16|4|1|1|840000|2|23989|799654
1200000|4|8028|16|4|2|2|480000|2|23989|409701
1200000|4|8028|16|4|0|0|360000|3|35992|317183
1200000|4|8028|16|4|1|1|840000|3|35992|802149
1200000|4|8028|16|4|2|2|480000|3|35992|412509
1200000|4|8028|16|4|0|0|360000|4|47996|318116
1200000|4|8028|16|4|1|1|840000|4|47996|805464
1200000|4|8028|16|4|2|2|480000|4|47996|415629
1200000|4|8028|16|5|0|0|360000|0|0|166050
1200000|4|8028|16|5|1|1|840000|0|0|815096
1200000|4|8028|16|5|2|2|480000|0|0|695249
1200000|4|8028|16|5|0|0|360000|1|11996|164586
1200000|4|8028|16|5|1|1|840000|1|11996|820362
1200000|4|8028|16|5|2|2|480000|1|11996|711318
1200000|4|8028|16|5|0|0|360000|2|23998|165210
1200000|4|8028|16|5|1|1|840000|2|23998|825511
1200000|4|8028|16|5|2|2|480000|2|23998|722901
1200000|4|8028|16|5|0|0|360000|3|36003|166965
1200000|4|8028|16|5|1|1|840000|3|36003|828943
1200000|4|8028|16|5|2|2|480000|3|36003|731871
1200000|4|8028|16|5|0|0|360000|4|48010|168213
1200000|4|8028|16|5|1|1|840000|4|48010|831087
1200000|4|8028|16|5|2|2|480000|4|48010|739397
1200000|4|8029|16|1|0|0|360000|0|0|336701
1200000|4|8029|16|1|1|1|840000|0|0|806282
1200000|4|8029|16|1|2|2|480000|0|0|419178
1200000|4|8029|16|1|0|0|360000|1|11990|318705
1200000|4|8029|16|1|1|1|840000|1|11990|808079
1200000|4|8029|16|1|2|2|480000|1|11990|411534
1200000|4|8029|16|1|0|0|360000|2|23987|311177
1200000|4|8029|16|1|1|1|840000|2|23987|811935
1200000|4|8029|16|1|2|2|480000|2|23987|410052
1200000|4|8029|16|1|0|0|360000|3|35989|308562
1200000|4|8029|16|1|1|1|840000|3|35989|818567
1200000|4|8029|16|1|2|2|480000|3|35989|411456
1200000|4|8029|16|1|0|0|360000|4|47991|307706
1200000|4|8029|16|1|1|1|840000|4|47991|826251
1200000|4|8029|16|1|2|2|480000|4|47991|413523
1200000|4|8029|16|2|0|0|360000|0|1|319817
1200000|4|8029|16|2|1|1|840000|0|1|801096
1200000|4|8029|16|2|2|2|480000|0|1|435831
1200000|4|8029|16|2|0|0|360000|1|11990|301429
1200000|4|8029|16|2|1|1|840000|1|11990|801057
1200000|4|8029|16|2|2|2|480000|1|11990|429279
1200000|4|8029|16|2|0|0|360000|2|23988|294807
1200000|4|8029|16|2|1|1|840000|2|23988|804333
1200000|4|8029|16|2|2|2|480000|2|23988|428187
1200000|4|8029|16|2|0|0|360000|3|35989|292272
1200000|4|8029|16|2|1|1|840000|3|35989|808079
1200000|4|8029|16|2|2|2|480000|3|35989|428577
1200000|4|8029|16|2|0|0|360000|4|47990|291687
1200000|4|8029|16|2|1|1|840000|4|47990|812758
1200000|4|8029|16|2|2|2|480000|4|47990|430293
1200000|4|8029|16|3|0|0|360000|0|0|326917
1200000|4|8029|16|3|1|1|840000|0|0|799340
1200000|4|8029|16|3|2|2|480000|0|0|428850
1200000|4|8029|16|3|0|0|360000|1|11991|309735
1200000|4|8029|16|3|1|1|840000|1|11991|797739
1200000|4|8029|16|3|2|2|480000|1|11991|422493
1200000|4|8029|16|3|0|0|360000|2|23988|302919
1200000|4|8029|16|3|1|1|840000|2|23988|799652
1200000|4|8029|16|3|2|2|480000|2|23988|422142
1200000|4|8029|16|3|0|0|360000|3|35991|300852
1200000|4|8029|16|3|1|1|840000|3|35991|803475
1200000|4|8029|16|3|2|2|480000|3|35991|424677
1200000|4|8029|16|3|0|0|360000|4|47994|300969
1200000|4|8029|16|3|1|1|840000|4|47994|808116
1200000|4|8029|16|3|2|2|480000|4|47994|428109
1200000|4|8029|16|4|0|0|360000|0|0|374963
1200000|4|8029|16|4|1|1|840000|0|0|805190
1200000|4|8029|16|4|2|2|480000|0|0|503145
1200000|4|8029|16|4|0|0|360000|1|11994|391128
1200000|4|8029|16|4|1|1|840000|1|11994|806556
1200000|4|8029|16|4|2|2|480000|1|11994|523729
1200000|4|8029|16|4|0|0|360000|2|23995|400213
1200000|4|8029|16|4|1|1|840000|2|23995|810065
1200000|4|8029|16|4|2|2|480000|2|23995|536169
1200000|4|8029|16|4|0|0|360000|3|35998|405909
1200000|4|8029|16|4|1|1|840000|3|35998|815604
1200000|4|8029|16|4|2|2|480000|3|35998|544242
1200000|4|8029|16|4|0|0|360000|4|48002|409964
1200000|4|8029|16|4|1|1|840000|4|48002|821606
1200000|4|8029|16|4|2|2|480000|4|48002|550404
1200000|4|8029|16|5|0|0|360000|0|0|378940
1200000|4|8029|16|5|1|1|840000|0|0|806011
1200000|4|8029|16|5|2|2|480000|0|0|495852
1200000|4|8029|16|5|0|0|360000|1|11992|394130
1200000|4|8029|16|5|1|1|840000|1|11992|805621
1200000|4|8029|16|5|2|2|480000|1|11992|513158
1200000|4|8029|16|5|0|0|360000|2|23991|402593
1200000|4|8029|16|5|1|1|840000|2|23991|809207
1200000|4|8029|16|5|2|2|480000|2|23991|523924
1200000|4|8029|16|5|0|0|360000|3|35995|407351
1200000|4|8029|16|5|1|1|840000|3|35995|814861
1200000|4|8029|16|5|2|2|480000|3|35995|530243
1200000|4|8029|16|5|0|0|360000|4|48000|409927
1200000|4|8029|16|5|1|1|840000|4|48000|821725
1200000|4|8029|16|5|2|2|480000|4|48000|534685
1200000|4|8030|16|1|0|0|360000|0|0|377148
1200000|4|8030|16|1|1|1|840000|0|0|804252
1200000|4|8030|16|1|2|2|480000|0|0|495501
1200000|4|8030|16|1|0|0|360000|1|11991|392338
1200000|4|8030|16|1|1|1|840000|1|11991|805074
1200000|4|8030|16|1|2|2|480000|1|11991|513160
1200000|4|8030|16|1|0|0|360000|2|23991|400760
1200000|4|8030|16|1|1|1|840000|2|23991|809360
1200000|4|8030|16|1|2|2|480000|2|23991|522557
1200000|4|8030|16|1|0|0|360000|3|35994|405791
1200000|4|8030|16|1|1|1|840000|3|35994|815135
1200000|4|8030|16|1|2|2|480000|3|35994|529149
1200000|4|8030|16|1|0|0|360000|4|47998|408560
1200000|4|8030|16|1|1|1|840000|4|47998|821879
1200000|4|8030|16|1|2|2|480000|4|47998|534103
1200000|4|8030|16|2|0|0|360000|0|0|378395
1200000|4|8030|16|2|1|1|840000|0|0|806478
1200000|4|8030|16|2|2|2|480000|0|0|496047
1200000|4|8030|16|2|0|0|360000|1|11991|394247
1200000|4|8030|16|2|1|1|840000|1|11991|807142
1200000|4|8030|16|2|2|2|480000|1|11991|513402
1200000|4|8030|16|2|0|0|360000|2|23992|403217
1200000|4|8030|16|2|1|1|840000|2|23992|811509
1200000|4|8030|16|2|2|2|480000|2|23992|522598
1200000|4|8030|16|2|0|0|360000|3|35994|407899
1200000|4|8030|16|2|1|1|840000|3|35994|817825
1200000|4|8030|16|2|2|2|480000|3|35994|528212
1200000|4|8030|16|2|0|0|360000|4|47998|411291
1200000|4|8030|16|2|1|1|840000|4|47998|824536
1200000|4|8030|16|2|2|2|480000|4|47998|532385
1200000|4|8030|16|3|0|0|360000|0|0|354800
1200000|4|8030|16|3|1|1|840000|0|0|806087
1200000|4|8030|16|3|2|2|480000|0|0|517770
1200000|4|8030|16|3|0|0|360000|1|11992|369055
1200000|4|8030|16|3|1|1|840000|1|11992|807098
1200000|4|8030|16|3|2|2|480000|1|11992|534530
1200000|4|8030|16|3|0|0|360000|2|23992|376929
1200000|4|8030|16|3|1|1|840000|2|23992|811663
1200000|4|8030|16|3|2|2|480000|2|23992|544203
1200000|4|8030|16|3|0|0|360000|3|35995|381452
1200000|4|8030|16|3|1|1|840000|3|35995|818294
1200000|4|8030|16|3|2|2|480000|3|35995|550052
1200000|4|8030|16|3|0|0|360000|4|47998|384536
1200000|4|8030|16|3|1|1|840000|4|47998|824262
1200000|4|8030|16|3|2|2|480000|4|47998|554421
1200000|4|8030|16|4|0|0|360000|0|0|378552
1200000|4|8030|16|4|1|1|840000|0|0|803122
1200000|4|8030|16|4|2|2|480000|0|0|494097
1200000|4|8030|16|4|0|0|360000|1|11993|393584
1200000|4|8030|16|4|1|1|840000|1|11993|802808
1200000|4|8030|16|4|2|2|480000|1|11993|509853
1200000|4|8030|16|4|0|0|360000|2|23993|400877
1200000|4|8030|16|4|1|1|840000|2|23993|805538
1200000|4|8030|16|4|2|2|480000|2|23993|519681
1200000|4|8030|16|4|0|0|360000|3|35996|405168
1200000|4|8030|16|4|1|1|840000|3|35996|808854
1200000|4|8030|16|4|2|2|480000|3|35996|525912
1200000|4|8030|16|4|0|0|360000|4|48000|408638
1200000|4|8030|16|4|1|1|840000|4|48000|812211
1200000|4|8030|16|4|2|2|480000|4|48000|529850
1200000|4|8030|16|5|0|0|360000|0|0|357688
1200000|4|8030|16|5|1|1|840000|0|0|799379
1200000|4|8030|16|5|2|2|480000|0|0|513636
1200000|4|8030|16|5|0|0|360000|1|11993|372175
1200000|4|8030|16|5|1|1|840000|1|11993|798638
1200000|4|8030|16|5|2|2|480000|1|11993|529197
1200000|4|8030|16|5|0|0|360000|2|23993|379544
1200000|4|8030|16|5|1|1|840000|2|23993|800394
1200000|4|8030|16|5|2|2|480000|2|23993|538976
1200000|4|8030|16|5|0|0|360000|3|35996|382742
1200000|4|8030|16|5|1|1|840000|3|35996|802032
1200000|4|8030|16|5|2|2|480000|3|35996|545723
1200000|4|8030|16|5|0|0|360000|4|48000|385744
1200000|4|8030|16|5|1|1|840000|4|48000|804919
1200000|4|8030|16|5|2|2|480000|4|48000|550248
1200000|4|8031|16|1|0|0|360000|0|0|380969
1200000|4|8031|16|1|1|1|840000|0|0|798405
1200000|4|8031|16|1|2|2|480000|0|0|489807
1200000|4|8031|16|1|0|0|360000|1|11993|395964
1200000|4|8031|16|1|1|1|840000|1|11993|793882
1200000|4|8031|16|1|2|2|480000|1|11993|507825
1200000|4|8031|16|1|0|0|360000|2|23996|402711
1200000|4|8031|16|1|1|1|840000|2|23996|793256
1200000|4|8031|16|1|2|2|480000|2|23996|518199
1200000|4|8031|16|1|0|0|360000|3|35999|406886
1200000|4|8031|16|1|1|1|840000|3|35999|794735
1200000|4|8031|16|1|2|2|480000|3|35999|524868
1200000|4|8031|16|1|0|0|360000|4|48003|410006
1200000|4|8031|16|1|1|1|840000|4|48003|796845
1200000|4|8031|16|1|2|2|480000|4|48003|528612
1200000|4|8031|16|2|0|0|360000|0|0|343490
1200000|4|8031|16|2|1|1|840000|0|0|800276
1200000|4|8031|16|2|2|2|480000|0|0|523737
1200000|4|8031|16|2|0|0|360000|1|11993|356496
1200000|4|8031|16|2|1|1|840000|1|11993|800822
1200000|4|8031|16|2|2|2|480000|1|11993|540000
1200000|4|8031|16|2|0|0|360000|2|23992|364920
1200000|4|8031|16|2|1|1|840000|2|23992|802384
1200000|4|8031|16|2|2|2|480000|2|23992|548217
1200000|4|8031|16|2|0|0|360000|3|35993|370536
1200000|4|8031|16|2|1|1|840000|3|35993|805269
1200000|4|8031|16|2|2|2|480000|3|35993|551924
1200000|4|8031|16|2|0|0|360000|4|47995|374084
1200000|4|8031|16|2|1|1|840000|4|47995|809127
1200000|4|8031|16|2|2|2|480000|4|47995|554030
1200000|4|8031|16|3|0|0|360000|0|1|358389
1200000|4|8031|16|3|1|1|840000|0|1|803515
1200000|4|8031|16|3|2|2|480000|0|1|511647
1200000|4|8031|16|3|0|0|360000|1|11991|372798
1200000|4|8031|16|3|1|1|840000|1|11991|803552
1200000|4|8031|16|3|2|2|480000|1|11991|525648
1200000|4|8031|16|3|0|0|360000|2|23988|381534
1200000|4|8031|16|3|1|1|840000|2|23988|805269
1200000|4|8031|16|3|2|2|480000|2|23988|533370
1200000|4|8031|16|3|0|0|360000|3|35990|387619
1200000|4|8031|16|3|1|1|840000|3|35990|809520
1200000|4|8031|16|3|2|2|480000|3|35990|537075
1200000|4|8031|16|3|0|0|360000|4|47993|391244
1200000|4|8031|16|3|1|1|840000|4|47993|814317
1200000|4|8031|16|3|2|2|480000|4|47993|539181
1200000|4|8031|16|4|0|0|360000|0|0|357296
1200000|4|8031|16|4|1|1|840000|0|0|802929
1200000|4|8031|16|4|2|2|480000|0|0|509970
1200000|4|8031|16|4|0|0|360000|1|11990|372681
1200000|4|8031|16|4|1|1|840000|1|11990|802423
1200000|4|8031|16|4|2|2|480000|1|11990|525648
1200000|4|8031|16|4|0|0|360000|2|23990|381804
1200000|4|8031|16|4|1|1|840000|2|23990|806166
1200000|4|8031|16|4|2|2|480000|2|23990|532590
1200000|4|8031|16|4|0|0|360000|3|35991|387266
1200000|4|8031|16|4|1|1|840000|3|35991|811198
1200000|4|8031|16|4|2|2|480000|3|35991|536217
1200000|4|8031|16|4|0|0|360000|4|47994|391284
1200000|4|8031|16|4|1|1|840000|4|47994|816695
1200000|4|8031|16|4|2|2|480000|4|47994|538830
1200000|4|8031|16|5|0|0|360000|0|0|380150
1200000|4|8031|16|5|1|1|840000|0|0|804527
1200000|4|8031|16|5|2|2|480000|0|0|492108
1200000|4|8031|16|5|0|0|360000|1|11992|396821
1200000|4|8031|16|5|1|1|840000|1|11992|806126
1200000|4|8031|16|5|2|2|480000|1|11992|507084
1200000|4|8031|16|5|0|0|360000|2|23991|405831
1200000|4|8031|16|5|1|1|840000|2|23991|810416
1200000|4|8031|16|5|2|2|480000|2|23991|514221
1200000|4|8031|16|5|0|0|360000|3|35994|411409
1200000|4|8031|16|5|1|1|840000|3|35994|815679
1200000|4|8031|16|5|2|2|480000|3|35994|518277
1200000|4|8031|16|5|0|0|360000|4|47997|414684
1200000|4|8031|16|5|1|1|840000|4|47997|820790
1200000|4|8031|16|5|2|2|480000|4|47997|520968
1200000|4|8032|16|1|0|0|360000|0|0|338888
1200000|4|8032|16|1|1|1|840000|0|0|800863
1200000|4|8032|16|1|2|2|480000|0|0|525414
1200000|4|8032|16|1|0|0|360000|1|11992|350996
1200000|4|8032|16|1|1|1|840000|1|11992|801251
1200000|4|8032|16|1|2|2|480000|1|11992|539844
1200000|4|8032|16|1|0|0|360000|2|23991|357080
1200000|4|8032|16|1|1|1|840000|2|23991|803864
1200000|4|8032|16|1|2|2|480000|2|23991|548220
1200000|4|8032|16|1|0|0|360000|3|35994|360083
1200000|4|8032|16|1|1|1|840000|3|35994|807375
1200000|4|8032|16|1|2|2|480000|3|35994|553250
1200000|4|8032|16|1|0|0|360000|4|47998|362189
1200000|4|8032|16|1|1|1|840000|4|47998|810807
1200000|4|8032|16|1|2|2|480000|4|47998|556136
1200000|4|8032|16|2|0|0|360000|0|0|380151
1200000|4|8032|16|2|1|1|840000|0|0|798405
1200000|4|8032|16|2|2|2|480000|0|0|488871
1200000|4|8032|16|2|0|0|360000|1|11993|394404
1200000|4|8032|16|2|1|1|840000|1|11993|793568
1200000|4|8032|16|2|2|2|480000|1|11993|503418
1200000|4|8032|16|2|0|0|360000|2|23992|400525
1200000|4|8032|16|2|1|1|840000|2|23992|793218
1200000|4|8032|16|2|2|2|480000|2|23992|511803
1200000|4|8032|16|2|0|0|360000|3|35995|404466
1200000|4|8032|16|2|1|1|840000|3|35995|795013
1200000|4|8032|16|2|2|2|480000|3|35995|516327
1200000|4|8032|16|2|0|0|360000|4|47998|407274
1200000|4|8032|16|2|1|1|840000|4|47998|797156
1200000|4|8032|16|2|2|2|480000|4|47998|518433
1200000|4|8032|16|3|0|0|360000|0|0|379487
1200000|4|8032|16|3|1|1|840000|0|0|799536
1200000|4|8032|16|3|2|2|480000|0|0|487779
1200000|4|8032|16|3|0|0|360000|1|11990|395418
1200000|4|8032|16|3|1|1|840000|1|11990|798756
1200000|4|8032|16|3|2|2|480000|1|11990|501078
1200000|4|8032|16|3|0|0|360000|2|23988|404856
1200000|4|8032|16|3|1|1|840000|2|23988|800550
1200000|4|8032|16|3|2|2|480000|2|23988|508371
1200000|4|8032|16|3|0|0|360000|3|35990|411525
1200000|4|8032|16|3|1|1|840000|3|35990|803861
1200000|4|8032|16|3|2|2|480000|3|35990|511218
1200000|4|8032|16|3|0|0|360000|4|47994|415814
1200000|4|8032|16|3|1|1|840000|4|47994|807803
1200000|4|8032|16|3|2|2|480000|4|47994|512271
1200000|4|8032|16|4|0|0|360000|0|0|339124
1200000|4|8032|16|4|1|1|840000|0|0|800005
1200000|4|8032|16|4|2|2|480000|0|0|522606
1200000|4|8032|16|4|0|0|360000|1|11991|350645
1200000|4|8032|16|4|1|1|840000|1|11991|800044
1200000|4|8032|16|4|2|2|480000|1|11991|535866
1200000|4|8032|16|4|0|0|360000|2|23989|357355
1200000|4|8032|16|4|1|1|840000|2|23989|801680
1200000|4|8032|16|4|2|2|480000|2|23989|541833
1200000|4|8032|16|4|0|0|360000|3|35989|361956
1200000|4|8032|16|4|1|1|840000|3|35989|804490
1200000|4|8032|16|4|2|2|480000|3|35989|542964
1200000|4|8032|16|4|0|0|360000|4|47991|364959
1200000|4|8032|16|4|1|1|840000|4|47991|808818
1200000|4|8032|16|4|2|2|480000|4|47991|543081
1200000|4|8032|16|5|0|0|360000|0|0|376328
1200000|4|8032|16|5|1|1|840000|0|0|798873
1200000|4|8032|16|5|2|2|480000|0|0|487077
1200000|4|8032|16|5|0|0|360000|1|11990|391597
1200000|4|8032|16|5|1|1|840000|1|11990|798249
1200000|4|8032|16|5|2|2|480000|1|11990|499245
1200000|4|8032|16|5|0|0|360000|2|23986|400333
1200000|4|8032|16|5|1|1|840000|2|23986|799572
1200000|4|8032|16|5|2|2|480000|2|23986|504900
1200000|4|8032|16|5|0|0|360000|3|35987|405676
1200000|4|8032|16|5|1|1|840000|3|35987|803203
1200000|4|8032|16|5|2|2|480000|3|35987|505290
1200000|4|8032|16|5|0|0|360000|4|47988|408990
1200000|4|8032|16|5|1|1|840000|4|47988|807218
1200000|4|8032|16|5|2|2|480000|4|47988|504276
1200000|4|8033|16|1|0|0|360000|0|0|340216
1200000|4|8033|16|1|1|1|840000|0|0|799809
1200000|4|8033|16|1|2|2|480000|0|0|519798
1200000|4|8033|16|1|0|0|360000|1|11988|352400
1200000|4|8033|16|1|1|1|840000|1|11988|798328
1200000|4|8033|16|1|2|2|480000|1|11988|532590
1200000|4|8033|16|1|0|0|360000|2|23985|359810
1200000|4|8033|16|1|1|1|840000|2|23985|800550
1200000|4|8033|16|1|2|2|480000|2|23985|536763
1200000|4|8033|16|1|0|0|360000|3|35985|363983
1200000|4|8033|16|1|1|1|840000|3|35985|804684
1200000|4|8033|16|1|2|2|480000|3|35985|537816
1200000|4|8033|16|1|0|0|360000|4|47986|367026
1200000|4|8033|16|1|1|1|840000|4|47986|809207
1200000|4|8033|16|1|2|2|480000|4|47986|537036
1200000|4|8033|16|2|0|0|360000|0|0|357297
1200000|4|8033|16|2|1|1|840000|0|0|801253
1200000|4|8033|16|2|2|2|480000|0|0|508176
1200000|4|8033|16|2|0|0|360000|1|11990|371666
1200000|4|8033|16|2|1|1|840000|1|11990|800275
1200000|4|8033|16|2|2|2|480000|1|11990|520578
1200000|4|8033|16|2|0|0|360000|2|23988|379543
1200000|4|8033|16|2|1|1|840000|2|23988|802108
1200000|4|8033|16|2|2|2|480000|2|23988|525375
1200000|4|8033|16|2|0|0|360000|3|35989|383250
1200000|4|8033|16|2|1|1|840000|3|35989|804878
1200000|4|8033|16|2|2|2|480000|3|35989|527013
1200000|4|8033|16|2|0|0|360000|4|47990|386016
1200000|4|8033|16|2|1|1|840000|4|47990|807685
1200000|4|8033|16|2|2|2|480000|4|47990|527247
1200000|4|8033|16|3|0|0|360000|0|0|340294
1200000|4|8033|16|3|1|1|840000|0|0|795207
1200000|4|8033|16|3|2|2|480000|0|0|522606
1200000|4|8033|16|3|0|0|360000|1|11995|350881
1200000|4|8033|16|3|1|1|840000|1|11995|789394
1200000|4|8033|16|3|2|2|480000|1|11995|536022
1200000|4|8033|16|3|0|0|360000|2|23995|356183
1200000|4|8033|16|3|1|1|840000|2|23995|788967
1200000|4|8033|16|3|2|2|480000|2|23995|543159
1200000|4|8033|16|3|0|0|360000|3|35998|359382
1200000|4|8033|16|3|1|1|840000|3|35998|790721
1200000|4|8033|16|3|2|2|480000|3|35998|545928
1200000|4|8033|16|3|0|0|360000|4|48001|361957
1200000|4|8033|16|3|1|1|840000|4|48001|793257
1200000|4|8033|16|3|2|2|480000|4|48001|546318
1200000|4|8033|16|4|0|0|360000|0|0|339314
1200000|4|8033|16|4|1|1|840000|0|0|800263
1200000|4|8033|16|4|2|2|480000|0|0|525561
1200000|4|8033|16|4|0|0|360000|1|11992|351193
1200000|4|8033|16|4|1|1|840000|1|11992|800736
1200000|4|8033|16|4|2|2|480000|1|11992|540068
1200000|4|8033|16|4|0|0|360000|2|23991|358757
1200000|4|8033|16|4|1|1|840000|2|23991|803345
1200000|4|8033|16|4|2|2|480000|2|23991|547086
1200000|4|8033|16|4|0|0|360000|3|35992|364218
1200000|4|8033|16|4|1|1|840000|3|35992|807128
1200000|4|8033|16|4|2|2|480000|3|35992|549819
1200000|4|8033|16|4|0|0|360000|4|47994|367962
1200000|4|8033|16|4|1|1|840000|4|47994|811652
1200000|4|8033|16|4|2|2|480000|4|47994|550404
1200000|4|8033|16|5|0|0|360000|0|0|379719
1200000|4|8033|16|5|1|1|840000|0|0|801943
1200000|4|8033|16|5|2|2|480000|0|0|487808
1200000|4|8033|16|5|0|0|360000|1|11988|395612
1200000|4|8033|16|5|1|1|840000|1|11988|800579
1200000|4|8033|16|5|2|2|480000|1|11988|500987
1200000|4|8033|16|5|0|0|360000|2|23985|404740
1200000|4|8033|16|5|1|1|840000|2|23985|802841
1200000|4|8033|16|5|2|2|480000|2|23985|507191
1200000|4|8033|16|5|0|0|360000|3|35986|409926
1200000|4|8033|16|5|1|1|840000|3|35986|807289
1200000|4|8033|16|5|2|2|480000|3|35986|509688
1200000|4|8033|16|5|0|0|360000|4|47989|412968
1200000|4|8033|16|5|1|1|840000|4|47989|812824
1200000|4|8033|16|5|2|2|480000|4|47989|510466
1200000|4|8034|16|1|0|0|360000|0|0|385998
1200000|4|8034|16|1|1|1|840000|0|0|800811
1200000|4|8034|16|1|2|2|480000|0|0|458324
1200000|4|8034|16|1|0|0|360000|1|11997|393078
1200000|4|8034|16|1|1|1|840000|1|11997|805882
1200000|4|8034|16|1|2|2|480000|1|11997|465812
1200000|4|8034|16|1|0|0|360000|2|23999|397095
1200000|4|8034|16|1|1|1|840000|2|23999|811423
1200000|4|8034|16|1|2|2|480000|2|23999|469831
1200000|4|8034|16|1|0|0|360000|3|36003|400292
1200000|4|8034|16|1|1|1|840000|3|36003|816448
1200000|4|8034|16|1|2|2|480000|3|36003|471975
1200000|4|8034|16|1|0|0|360000|4|48007|402826
1200000|4|8034|16|1|1|1|840000|4|48007|820468
1200000|4|8034|16|1|2|2|480000|4|48007|472989
1200000|4|8034|16|2|0|0|360000|0|0|466147
1200000|4|8034|16|2|1|1|840000|0|0|806819
1200000|4|8034|16|2|2|2|480000|0|0|400332
1200000|4|8034|16|2|0|0|360000|1|11996|483207
1200000|4|8034|16|2|1|1|840000|1|11996|814772
1200000|4|8034|16|2|2|2|480000|1|11996|417063
1200000|4|8034|16|2|0|0|360000|2|23997|493931
1200000|4|8034|16|2|1|1|840000|2|23997|822964
1200000|4|8034|16|2|2|2|480000|2|23997|424703
1200000|4|8034|16|2|0|0|360000|3|36000|500055
1200000|4|8034|16|2|1|1|840000|3|36000|831349
1200000|4|8034|16|2|2|2|480000|3|36000|428841
1200000|4|8034|16|2|0|0|360000|4|48005|504930
1200000|4|8034|16|2|1|1|840000|4|48005|838799
1200000|4|8034|16|2|2|2|480000|4|48005|431413
1200000|4|8034|16|3|0|0|360000|0|0|330346
1200000|4|8034|16|3|1|1|840000|0|0|808654
1200000|4|8034|16|3|2|2|480000|0|0|428256
1200000|4|8034|16|3|0|0|360000|1|11991|313557
1200000|4|8034|16|3|1|1|840000|1|11991|810291
1200000|4|8034|16|3|2|2|480000|1|11991|419794
1200000|4|8034|16|3|0|0|360000|2|23992|307859
1200000|4|8034|16|3|1|1|840000|2|23992|814775
1200000|4|8034|16|3|2|2|480000|2|23992|416558
1200000|4|8034|16|3|0|0|360000|3|35995|307317
1200000|4|8034|16|3|1|1|840000|3|35995|820781
1200000|4|8034|16|3|2|2|480000|3|35995|415463
1200000|4|8034|16|3|0|0|360000|4|47999|308876
1200000|4|8034|16|3|1|1|840000|4|47999|826710
1200000|4|8034|16|3|2|2|480000|4|47999|415502
1200000|4|8034|16|4|0|0|360000|0|0|330347
1200000|4|8034|16|4|1|1|840000|0|0|803113
1200000|4|8034|16|4|2|2|480000|0|0|429465
1200000|4|8034|16|4|0|0|360000|1|11991|317769
1200000|4|8034|16|4|1|1|840000|1|11991|802530
1200000|4|8034|16|4|2|2|480000|1|11991|422016
1200000|4|8034|16|4|0|0|360000|2|23991|315740
1200000|4|8034|16|4|1|1|840000|2|23991|805805
1200000|4|8034|16|4|2|2|480000|2|23991|420767
1200000|4|8034|16|4|0|0|360000|3|35994|317767
1200000|4|8034|16|4|1|1|840000|3|35994|810679
1200000|4|8034|16|4|2|2|480000|3|35994|421313
1200000|4|8034|16|4|0|0|360000|4|47998|321708
1200000|4|8034|16|4|1|1|840000|4|47998|814930
1200000|4|8034|16|4|2|2|480000|4|47998|422289
1200000|4|8034|16|5|0|0|360000|0|0|444107
1200000|4|8034|16|5|1|1|840000|0|0|798982
1200000|4|8034|16|5|2|2|480000|0|0|410940
1200000|4|8034|16|5|0|0|360000|1|11996|463980
1200000|4|8034|16|5|1|1|840000|1|11996|803972
1200000|4|8034|16|5|2|2|480000|1|11996|427126
1200000|4|8034|16|5|0|0|360000|2|23997|477082
1200000|4|8034|16|5|1|1|840000|2|23997|808184
1200000|4|8034|16|5|2|2|480000|2|23997|436679
1200000|4|8034|16|5|0|0|360000|3|36000|487108
1200000|4|8034|16|5|1|1|840000|3|36000|812396
1200000|4|8034|16|5|2|2|480000|3|36000|442140
1200000|4|8034|16|5|0|0|360000|4|48003|495842
1200000|4|8034|16|5|1|1|840000|4|48003|816605
1200000|4|8034|16|5|2|2|480000|4|48003|444832
1200000|4|8035|16|1|0|0|360000|0|0|383194
1200000|4|8035|16|1|1|1|840000|0|0|800029
1200000|4|8035|16|1|2|2|480000|0|0|488705
1200000|4|8035|16|1|0|0|360000|1|11992|401541
1200000|4|8035|16|1|1|1|840000|1|11992|798980
1200000|4|8035|16|1|2|2|480000|1|11992|504461
1200000|4|8035|16|1|0|0|360000|2|23991|413865
1200000|4|8035|16|1|1|1|840000|2|23991|799567
1200000|4|8035|16|1|2|2|480000|2|23991|512184
1200000|4|8035|16|1|0|0|360000|3|35992|422792
1200000|4|8035|16|1|1|1|840000|3|35992|801865
1200000|4|8035|16|1|2|2|480000|3|35992|515539
1200000|4|8035|16|1|0|0|360000|4|47995|429466
1200000|4|8035|16|1|1|1|840000|4|47995|804244
1200000|4|8035|16|1|2|2|480000|4|47995|517253
1200000|4|8035|16|2|0|0|360000|0|0|362289
1200000|4|8035|16|2|1|1|840000|0|0|799799
1200000|4|8035|16|2|2|2|480000|0|0|506295
1200000|4|8035|16|2|0|0|360000|1|11990|379078
1200000|4|8035|16|2|1|1|840000|1|11990|798007
1200000|4|8035|16|2|2|2|480000|1|11990|519825
1200000|4|8035|16|2|0|0|360000|2|23986|389840
1200000|4|8035|16|2|1|1|840000|2|23986|799331
1200000|4|8035|16|2|2|2|480000|2|23986|527511
1200000|4|8035|16|2|0|0|360000|3|35987|397913
1200000|4|8035|16|2|1|1|840000|3|35987|802720
1200000|4|8035|16|2|2|2|480000|3|35987|530942
1200000|4|8035|16|2|0|0|360000|4|47990|403881
1200000|4|8035|16|2|1|1|840000|4|47990|806388
1200000|4|8035|16|2|2|2|480000|4|47990|532970
1200000|4|8035|16|3|0|0|360000|0|0|363302
1200000|4|8035|16|3|1|1|840000|0|0|803467
1200000|4|8035|16|3|2|2|480000|0|0|507192
1200000|4|8035|16|3|0|0|360000|1|11990|380637
1200000|4|8035|16|3|1|1|840000|1|11990|802374
1200000|4|8035|16|3|2|2|480000|1|11990|522362
1200000|4|8035|16|3|0|0|360000|2|23988|392297
1200000|4|8035|16|3|1|1|840000|2|23988|804243
1200000|4|8035|16|3|2|2|480000|2|23988|529423
1200000|4|8035|16|3|0|0|360000|3|35990|400410
1200000|4|8035|16|3|1|1|840000|3|35990|808298
1200000|4|8035|16|3|2|2|480000|3|35990|532697
1200000|4|8035|16|3|0|0|360000|4|47992|406883
1200000|4|8035|16|3|1|1|840000|4|47992|812550
1200000|4|8035|16|3|2|2|480000|4|47992|534609
1200000|4|8035|16|4|0|0|360000|0|0|346023
1200000|4|8035|16|4|1|1|840000|0|0|802254
1200000|4|8035|16|4|2|2|480000|0|0|522518
1200000|4|8035|16|4|0|0|360000|1|11993|360513
1200000|4|8035|16|4|1|1|840000|1|11993|801748
1200000|4|8035|16|4|2|2|480000|1|11993|537767
1200000|4|8035|16|4|0|0|360000|2|23993|370028
1200000|4|8035|16|4|1|1|840000|2|23993|803972
1200000|4|8035|16|4|2|2|480000|2|23993|545528
1200000|4|8035|16|4|0|0|360000|3|35996|375722
1200000|4|8035|16|4|1|1|840000|3|35996|807403
1200000|4|8035|16|4|2|2|480000|3|35996|550248
1200000|4|8035|16|4|0|0|360000|4|47999|379892
1200000|4|8035|16|4|1|1|840000|4|47999|810755
1200000|4|8035|16|4|2|2|480000|4|47999|554031
1200000|4|8035|16|5|0|0|360000|0|0|344856
1200000|4|8035|16|5|1|1|840000|0|0|797029
1200000|4|8035|16|5|2|2|480000|0|0|522949
1200000|4|8035|16|5|0|0|360000|1|11995|358797
1200000|4|8035|16|5|1|1|840000|1|11995|792271
1200000|4|8035|16|5|2|2|480000|1|11995|536986
1200000|4|8035|16|5|0|0|360000|2|23995|367220
1200000|4|8035|16|5|1|1|840000|2|23995|791608
1200000|4|8035|16|5|2|2|480000|2|23995|545256
1200000|4|8035|16|5|0|0|360000|3|35998|372524
1200000|4|8035|16|5|1|1|840000|3|35998|792701
1200000|4|8035|16|5|2|2|480000|3|35998|549972
1200000|4|8035|16|5|0|0|360000|4|48002|376698
1200000|4|8035|16|5|1|1|840000|4|48002|793910
1200000|4|8035|16|5|2|2|480000|4|48002|553485
1200000|4|8036|16|1|0|0|360000|0|0|342866
1200000|4|8036|16|1|1|1|840000|0|0|795119
1200000|4|8036|16|1|2|2|480000|0|0|522012
1200000|4|8036|16|1|0|0|360000|1|11992|354780
1200000|4|8036|16|1|1|1|840000|1|11992|789152
1200000|4|8036|16|1|2|2|480000|1|11992|536168
1200000|4|8036|16|1|0|0|360000|2|23990|362386
1200000|4|8036|16|1|1|1|840000|2|23990|788448
1200000|4|8036|16|1|2|2|480000|2|23990|543656
1200000|4|8036|16|1|0|0|360000|3|35991|367573
1200000|4|8036|16|1|1|1|840000|3|35991|789387
1200000|4|8036|16|1|2|2|480000|3|35991|546932
1200000|4|8036|16|1|0|0|360000|4|47993|372171
1200000|4|8036|16|1|1|1|840000|4|47993|791959
1200000|4|8036|16|1|2|2|480000|4|47993|547479
1200000|4|8036|16|2|0|0|360000|0|0|341813
1200000|4|8036|16|2|1|1|840000|0|0|801518
1200000|4|8036|16|2|2|2|480000|0|0|522556
1200000|4|8036|16|2|0|0|360000|1|11991|355131
1200000|4|8036|16|2|1|1|840000|1|11991|801515
1200000|4|8036|16|2|2|2|480000|1|11991|536595
1200000|4|8036|16|2|0|0|360000|2|23989|363359
1200000|4|8036|16|2|1|1|840000|2|23989|803116
1200000|4|8036|16|2|2|2|480000|2|23989|544164
1200000|4|8036|16|2|0|0|360000|3|35991|369598
1200000|4|8036|16|2|1|1|840000|3|35991|806704
1200000|4|8036|16|2|2|2|480000|3|35991|547245
1200000|4|8036|16|2|0|0|360000|4|47995|374202
1200000|4|8036|16|2|1|1|840000|4|47995|811070
1200000|4|8036|16|2|2|2|480000|4|47995|548727
1200000|4|8036|16|3|0|0|360000|0|0|341385
1200000|4|8036|16|3|1|1|840000|0|0|802295
1200000|4|8036|16|3|2|2|480000|0|0|522558
1200000|4|8036|16|3|0|0|360000|1|11991|354623
1200000|4|8036|16|3|1|1|840000|1|11991|802061
1200000|4|8036|16|3|2|2|480000|1|11991|537767
1200000|4|8036|16|3|0|0|360000|2|23992|363008
1200000|4|8036|16|3|1|1|840000|2|23992|805690
1200000|4|8036|16|3|2|2|480000|2|23992|545100
1200000|4|8036|16|3|0|0|360000|3|35995|368469
1200000|4|8036|16|3|1|1|840000|3|35995|810135
1200000|4|8036|16|3|2|2|480000|3|35995|548921
1200000|4|8036|16|3|0|0|360000|4|47999|372759
1200000|4|8036|16|3|1|1|840000|4|47999|815905
1200000|4|8036|16|3|2|2|480000|4|47999|550908
1200000|4|8036|16|4|0|0|360000|0|0|343529
1200000|4|8036|16|4|1|1|840000|0|0|805026
1200000|4|8036|16|4|2|2|480000|0|0|524154
1200000|4|8036|16|4|0|0|360000|1|11992|357431
1200000|4|8036|16|4|1|1|840000|1|11992|806156
1200000|4|8036|16|4|2|2|480000|1|11992|538275
1200000|4|8036|16|4|0|0|360000|2|23992|366010
1200000|4|8036|16|4|1|1|840000|2|23992|810057
1200000|4|8036|16|4|2|2|480000|2|23992|544788
1200000|4|8036|16|4|0|0|360000|3|35995|371354
1200000|4|8036|16|4|1|1|840000|3|35995|814618
1200000|4|8036|16|4|2|2|480000|3|35995|548373
1200000|4|8036|16|4|0|0|360000|4|47999|374826
1200000|4|8036|16|4|1|1|840000|4|47999|818909
1200000|4|8036|16|4|2|2|480000|4|47999|550482
1200000|4|8036|16|5|0|0|360000|0|0|380267
1200000|4|8036|16|5|1|1|840000|0|0|802254
1200000|4|8036|16|5|2|2|480000|0|0|488863
1200000|4|8036|16|5|0|0|360000|1|11991|396626
1200000|4|8036|16|5|1|1|840000|1|11991|800814
1200000|4|8036|16|5|2|2|480000|1|11991|502316
1200000|4|8036|16|5|0|0|360000|2|23991|406456
1200000|4|8036|16|5|1|1|840000|2|23991|802801
1200000|4|8036|16|5|2|2|480000|2|23991|508205
1200000|4|8036|16|5|0|0|360000|3|35993|412343
1200000|4|8036|16|5|1|1|840000|3|35993|805806
1200000|4|8036|16|5|2|2|480000|3|35993|511677
1200000|4|8036|16|5|0|0|360000|4|47997|416593
1200000|4|8036|16|5|1|1|840000|4|47997|808337
1200000|4|8036|16|5|2|2|480000|4|47997|513664
1200000|4|8037|16|1|0|0|360000|0|0|380072
1200000|4|8037|16|1|1|1|840000|0|0|802528
1200000|4|8037|16|1|2|2|480000|0|0|490773
1200000|4|8037|16|1|0|0|360000|1|11993|397174
1200000|4|8037|16|1|1|1|840000|1|11993|802564
1200000|4|8037|16|1|2|2|480000|1|11993|505317
1200000|4|8037|16|1|0|0|360000|2|23993|407079
1200000|4|8037|16|1|1|1|840000|2|23993|805453
1200000|4|8037|16|1|2|2|480000|2|23993|511987
1200000|4|8037|16|1|0|0|360000|3|35995|413203
1200000|4|8037|16|1|1|1|840000|3|35995|809393
1200000|4|8037|16|1|2|2|480000|3|35995|515773
1200000|4|8037|16|1|0|0|360000|4|47999|417492
1200000|4|8037|16|1|1|1|840000|4|47999|812747
1200000|4|8037|16|1|2|2|480000|4|47999|518342
1200000|4|8037|16|2|0|0|360000|0|0|343841
1200000|4|8037|16|2|1|1|840000|0|0|798669
1200000|4|8037|16|2|2|2|480000|0|0|524508
1200000|4|8037|16|2|0|0|360000|1|11995|357002
1200000|4|8037|16|2|1|1|840000|1|11995|794144
1200000|4|8037|16|2|2|2|480000|1|11995|538623
1200000|4|8037|16|2|0|0|360000|2|23995|364647
1200000|4|8037|16|2|1|1|840000|2|23995|794222
1200000|4|8037|16|2|2|2|480000|2|23995|546037
1200000|4|8037|16|2|0|0|360000|3|35998|368859
1200000|4|8037|16|2|1|1|840000|3|35998|795977
1200000|4|8037|16|2|2|2|480000|3|35998|550364
1200000|4|8037|16|2|0|0|360000|4|48002|372524
1200000|4|8037|16|2|1|1|840000|4|48002|797303
1200000|4|8037|16|2|2|2|480000|4|48002|552588
1200000|4|8037|16|3|0|0|360000|0|0|381947
1200000|4|8037|16|3|1|1|840000|0|0|798317
1200000|4|8037|16|3|2|2|480000|0|0|486444
1200000|4|8037|16|3|0|0|360000|1|11993|397407
1200000|4|8037|16|3|1|1|840000|1|11993|792741
1200000|4|8037|16|3|2|2|480000|1|11993|500015
1200000|4|8037|16|3|0|0|360000|2|23992|405556
1200000|4|8037|16|3|1|1|840000|2|23992|791845
1200000|4|8037|16|3|2|2|480000|2|23992|506569
1200000|4|8037|16|3|0|0|360000|3|35993|411097
1200000|4|8037|16|3|1|1|840000|3|35993|793986
1200000|4|8037|16|3|2|2|480000|3|35993|509414
1200000|4|8037|16|3|0|0|360000|4|47994|414880
1200000|4|8037|16|3|1|1|840000|4|47994|796095
1200000|4|8037|16|3|2|2|480000|4|47994|510234
1200000|4|8037|16|4|0|0|360000|0|0|342204
1200000|4|8037|16|4|1|1|840000|0|0|800812
1200000|4|8037|16|4|2|2|480000|0|0|522052
1200000|4|8037|16|4|0|0|360000|1|11991|355094
1200000|4|8037|16|4|1|1|840000|1|11991|800185
1200000|4|8037|16|4|2|2|480000|1|11991|536325
1200000|4|8037|16|4|0|0|360000|2|23990|363790
1200000|4|8037|16|4|1|1|840000|2|23990|801318
1200000|4|8037|16|4|2|2|480000|2|23990|543384
1200000|4|8037|16|4|0|0|360000|3|35991|370730
1200000|4|8037|16|4|1|1|840000|3|35991|804360
1200000|4|8037|16|4|2|2|480000|3|35991|545877
1200000|4|8037|16|4|0|0|360000|4|47994|375604
1200000|4|8037|16|4|1|1|840000|4|47994|808495
1200000|4|8037|16|4|2|2|480000|4|47994|546856
1200000|4|8037|16|5|0|0|360000|0|0|358780
1200000|4|8037|16|5|1|1|840000|0|0|801634
1200000|4|8037|16|5|2|2|480000|0|0|507816
1200000|4|8037|16|5|0|0|360000|1|11989|374204
1200000|4|8037|16|5|1|1|840000|1|11989|800854
1200000|4|8037|16|5|2|2|480000|1|11989|521231
1200000|4|8037|16|5|0|0|360000|2|23986|383288
1200000|4|8037|16|5|1|1|840000|2|23986|803350
1200000|4|8037|16|5|2|2|480000|2|23986|528291
1200000|4|8037|16|5|0|0|360000|3|35987|389919
1200000|4|8037|16|5|1|1|840000|3|35987|806781
1200000|4|8037|16|5|2|2|480000|3|35987|530591
1200000|4|8037|16|5|0|0|360000|4|47988|394443
1200000|4|8037|16|5|1|1|840000|4|47988|811383
1200000|4|8037|16|5|2|2|480000|4|47988|530981
1200000|4|8038|16|1|0|0|360000|0|0|340957
1200000|4|8038|16|1|1|1|840000|0|0|800346
1200000|4|8038|16|1|2|2|480000|0|0|521073
1200000|4|8038|16|1|0|0|360000|1|11988|353023
1200000|4|8038|16|1|1|1|840000|1|11988|799367
1200000|4|8038|16|1|2|2|480000|1|11988|533205
1200000|4|8038|16|1|0|0|360000|2|23984|360707
1200000|4|8038|16|1|1|1|840000|2|23984|801361
1200000|4|8038|16|1|2|2|480000|2|23984|539172
1200000|4|8038|16|1|0|0|360000|3|35983|366440
1200000|4|8038|16|1|1|1|840000|3|35983|805413
1200000|4|8038|16|1|2|2|480000|3|35983|540693
1200000|4|8038|16|1|0|0|360000|4|47984|369794
1200000|4|8038|16|1|1|1|840000|4|47984|810017
1200000|4|8038|16|1|2|2|480000|4|47984|540770
1200000|4|8038|16|2|0|0|360000|0|0|356516
1200000|4|8038|16|2|1|1|840000|0|0|802725
1200000|4|8038|16|2|2|2|480000|0|0|508397
1200000|4|8038|16|2|0|0|360000|1|11988|372096
1200000|4|8038|16|2|1|1|840000|1|11988|802258
1200000|4|8038|16|2|2|2|480000|1|11988|521856
1200000|4|8038|16|2|0|0|360000|2|23986|382159
1200000|4|8038|16|2|1|1|840000|2|23986|806037
1200000|4|8038|16|2|2|2|480000|2|23986|526769
1200000|4|8038|16|2|0|0|360000|3|35985|387773
1200000|4|8038|16|2|1|1|840000|3|35985|810523
1200000|4|8038|16|2|2|2|480000|3|35985|527783
1200000|4|8038|16|2|0|0|360000|4|47986|392026
1200000|4|8038|16|2|1|1|840000|4|47986|814658
1200000|4|8038|16|2|2|2|480000|4|47986|527705
1200000|4|8038|16|3|0|0|360000|0|0|336156
1200000|4|8038|16|3|1|1|840000|0|0|803894
1200000|4|8038|16|3|2|2|480000|0|0|419012
1200000|4|8038|16|3|0|0|360000|1|11988|320343
1200000|4|8038|16|3|1|1|840000|1|11988|801279
1200000|4|8038|16|3|2|2|480000|1|11988|408636
1200000|4|8038|16|3|0|0|360000|2|23986|314882
1200000|4|8038|16|3|1|1|840000|2|23986|801943
1200000|4|8038|16|3|2|2|480000|2|23986|404427
1200000|4|8038|16|3|0|0|360000|3|35987|313166
1200000|4|8038|16|3|1|1|840000|3|35987|804244
1200000|4|8038|16|3|2|2|480000|3|35987|402669
1200000|4|8038|16|3|0|0|360000|4|47989|314533
1200000|4|8038|16|3|1|1|840000|4|47989|810327
1200000|4|8038|16|3|2|2|480000|4|47989|402087
1200000|4|8038|16|4|0|0|360000|0|0|342630
1200000|4|8038|16|4|1|1|840000|0|0|804440
1200000|4|8038|16|4|2|2|480000|0|0|417883
1200000|4|8038|16|4|0|0|360000|1|11990|328183
1200000|4|8038|16|4|1|1|840000|1|11990|803422
1200000|4|8038|16|4|2|2|480000|1|11990|410316
1200000|4|8038|16|4|0|0|360000|2|23989|323773
1200000|4|8038|16|4|1|1|840000|2|23989|805531
1200000|4|8038|16|4|2|2|480000|2|23989|408987
1200000|4|8038|16|4|0|0|360000|3|35991|323503
1200000|4|8038|16|4|1|1|840000|3|35991|808496
1200000|4|8038|16|4|2|2|480000|3|35991|409768
1200000|4|8038|16|4|0|0|360000|4|47995|325568
1200000|4|8038|16|4|1|1|840000|4|47995|812473
1200000|4|8038|16|4|2|2|480000|4|47995|411679
1200000|4|8038|16|5|0|0|360000|0|0|403003
1200000|4|8038|16|5|1|1|840000|0|0|799174
1200000|4|8038|16|5|2|2|480000|0|0|515539
1200000|4|8038|16|5|0|0|360000|1|11993|427943
1200000|4|8038|16|5|1|1|840000|1|11993|802724
1200000|4|8038|16|5|2|2|480000|1|11993|540772
1200000|4|8038|16|5|0|0|360000|2|23994|441398
1200000|4|8038|16|5|1|1|840000|2|23994|808183
1200000|4|8038|16|5|2|2|480000|2|23994|555160
1200000|4|8038|16|5|0|0|360000|3|35998|449199
1200000|4|8038|16|5|1|1|840000|3|35998|814309
1200000|4|8038|16|5|2|2|480000|3|35998|564055
1200000|4|8038|16|5|0|0|360000|4|48003|454425
1200000|4|8038|16|5|1|1|840000|4|48003|819141
1200000|4|8038|16|5|2|2|480000|4|48003|570371
1200000|4|8039|16|1|0|0|360000|0|0|357414
1200000|4|8039|16|1|1|1|840000|0|0|800893
1200000|4|8039|16|1|2|2|480000|0|0|513979
1200000|4|8039|16|1|0|0|360000|1|11994|372838
1200000|4|8039|16|1|1|1|840000|1|11994|797339
1200000|4|8039|16|1|2|2|480000|1|11994|530318
1200000|4|8039|16|1|0|0|360000|2|23995|380599
1200000|4|8039|16|1|1|1|840000|2|23995|798473
1200000|4|8039|16|1|2|2|480000|2|23995|539797
1200000|4|8039|16|1|0|0|360000|3|35997|385162
1200000|4|8039|16|1|1|1|840000|3|35997|801592
1200000|4|8039|16|1|2|2|480000|3|35997|545760
1200000|4|8039|16|1|0|0|360000|4|48001|388789
1200000|4|8039|16|1|1|1|840000|4|48001|805337
1200000|4|8039|16|1|2|2|480000|4|48001|549429
1200000|4|8039|16|2|0|0|360000|0|0|381751
1200000|4|8039|16|2|1|1|840000|0|0|800888
1200000|4|8039|16|2|2|2|480000|0|0|490382
1200000|4|8039|16|2|0|0|360000|1|11995|396547
1200000|4|8039|16|2|1|1|840000|1|11995|798005
1200000|4|8039|16|2|2|2|480000|1|11995|506570
1200000|4|8039|16|2|0|0|360000|2|23995|403413
1200000|4|8039|16|2|1|1|840000|2|23995|799760
1200000|4|8039|16|2|2|2|480000|2|23995|516162
1200000|4|8039|16|2|0|0|360000|3|35998|408133
1200000|4|8039|16|2|1|1|840000|3|35998|802725
1200000|4|8039|16|2|2|2|480000|3|35998|522012
1200000|4|8039|16|2|0|0|360000|4|48002|411252
1200000|4|8039|16|2|1|1|840000|4|48002|805417
1200000|4|8039|16|2|2|2|480000|4|48002|525404
1200000|4|8039|16|3|0|0|360000|0|0|379523
1200000|4|8039|16|3|1|1|840000|0|0|802019
1200000|4|8039|16|3|2|2|480000|0|0|491240
1200000|4|8039|16|3|0|0|360000|1|11993|395648
1200000|4|8039|16|3|1|1|840000|1|11993|803504
1200000|4|8039|16|3|2|2|480000|1|11993|506685
1200000|4|8039|16|3|0|0|360000|2|23993|405403
1200000|4|8039|16|3|1|1|840000|2|23993|806470
1200000|4|8039|16|3|2|2|480000|2|23993|514836
1200000|4|8039|16|3|0|0|360000|3|35996|412540
1200000|4|8039|16|3|1|1|840000|3|35996|811068
1200000|4|8039|16|3|2|2|480000|3|35996|518503
1200000|4|8039|16|3|0|0|360000|4|47999|417764
1200000|4|8039|16|3|1|1|840000|4|47999|816452
1200000|4|8039|16|3|2|2|480000|4|47999|520725
1200000|4|8039|16|4|0|0|360000|0|1|359478
1200000|4|8039|16|4|1|1|840000|0|1|803699
1200000|4|8039|16|4|2|2|480000|0|1|508515
1200000|4|8039|16|4|0|0|360000|1|11991|375490
1200000|4|8039|16|4|1|1|840000|1|11991|803233
1200000|4|8039|16|4|2|2|480000|1|11991|523300
1200000|4|8039|16|4|0|0|360000|2|23991|385901
1200000|4|8039|16|4|1|1|840000|2|23991|807288
1200000|4|8039|16|4|2|2|480000|2|23991|530125
1200000|4|8039|16|4|0|0|360000|3|35993|392141
1200000|4|8039|16|4|1|1|840000|3|35993|813723
1200000|4|8039|16|4|2|2|480000|3|35993|533633
1200000|4|8039|16|4|0|0|360000|4|47997|396900
1200000|4|8039|16|4|1|1|840000|4|47997|820509
1200000|4|8039|16|4|2|2|480000|4|47997|535701
1200000|4|8039|16|5|0|0|360000|0|0|356438
1200000|4|8039|16|5|1|1|840000|0|0|803812
1200000|4|8039|16|5|2|2|480000|0|0|510467
1200000|4|8039|16|5|0|0|360000|1|11991|372173
1200000|4|8039|16|5|1|1|840000|1|11991|803695
1200000|4|8039|16|5|2|2|480000|1|11991|525248
1200000|4|8039|16|5|0|0|360000|2|23991|382079
1200000|4|8039|16|5|1|1|840000|2|23991|807560
1200000|4|8039|16|5|2|2|480000|2|23991|531526
1200000|4|8039|16|5|0|0|360000|3|35994|388436
1200000|4|8039|16|5|1|1|840000|3|35994|812785
1200000|4|8039|16|5|2|2|480000|3|35994|534957
1200000|4|8039|16|5|0|0|360000|4|47997|393000
1200000|4|8039|16|5|1|1|840000|4|47997|818518
1200000|4|8039|16|5|2|2|480000|4|47997|536717
1200000|4|8040|16|1|0|0|360000|0|0|358037
1200000|4|8040|16|1|1|1|840000|0|0|802957
1200000|4|8040|16|1|2|2|480000|0|0|508788
1200000|4|8040|16|1|0|0|360000|1|11991|373616
1200000|4|8040|16|1|1|1|840000|1|11991|803426
1200000|4|8040|16|1|2|2|480000|1|11991|523378
1200000|4|8040|16|1|0|0|360000|2|23991|383405
1200000|4|8040|16|1|1|1|840000|2|23991|807600
1200000|4|8040|16|1|2|2|480000|2|23991|529695
1200000|4|8040|16|1|0|0|360000|3|35994|389879
1200000|4|8040|16|1|1|1|840000|3|35994|813489
1200000|4|8040|16|1|2|2|480000|3|35994|532972
1200000|4|8040|16|1|0|0|360000|4|47997|395106
1200000|4|8040|16|1|1|1|840000|4|47997|819414
1200000|4|8040|16|1|2|2|480000|4|47997|534882
1200000|4|8040|16|2|0|0|360000|0|0|377305
1200000|4|8040|16|2|1|1|840000|0|0|804866
1200000|4|8040|16|2|2|2|480000|0|0|491241
1200000|4|8040|16|2|0|0|360000|1|11991|394090
1200000|4|8040|16|2|1|1|840000|1|11991|805688
1200000|4|8040|16|2|2|2|480000|1|11991|505982
1200000|4|8040|16|2|0|0|360000|2|23990|404233
1200000|4|8040|16|2|1|1|840000|2|23990|811033
1200000|4|8040|16|2|2|2|480000|2|23990|512651
1200000|4|8040|16|2|0|0|360000|3|35993|410472
1200000|4|8040|16|2|1|1|840000|3|35993|817934
1200000|4|8040|16|2|2|2|480000|3|35993|515811
1200000|4|8040|16|2|0|0|360000|4|47997|414645
1200000|4|8040|16|2|1|1|840000|4|47997|824917
1200000|4|8040|16|2|2|2|480000|4|47997|518230
1200000|4|8040|16|3|0|0|360000|0|0|300592
1200000|4|8040|16|3|1|1|840000|0|0|807131
1200000|4|8040|16|3|2|2|480000|0|0|454148
1200000|4|8040|16|3|0|0|360000|1|11992|280718
1200000|4|8040|16|3|1|1|840000|1|11992|807402
1200000|4|8040|16|3|2|2|480000|1|11992|445260
1200000|4|8040|16|3|0|0|360000|2|23991|273929
1200000|4|8040|16|3|1|1|840000|2|23991|810134
1200000|4|8040|16|3|2|2|480000|2|23991|441672
1200000|4|8040|16|3|0|0|360000|3|35994|273231
1200000|4|8040|16|3|1|1|840000|3|35994|814619
1200000|4|8040|16|3|2|2|480000|3|35994|440346
1200000|4|8040|16|3|0|0|360000|4|47997|275532
1200000|4|8040|16|3|1|1|840000|4|47997|818907
1200000|4|8040|16|3|2|2|480000|4|47997|440268
1200000|4|8040|16|4|0|0|360000|0|0|391421
1200000|4|8040|16|4|1|1|840000|0|0|802178
1200000|4|8040|16|4|2|2|480000|0|0|530825
1200000|4|8040|16|4|0|0|360000|1|11993|418001
1200000|4|8040|16|4|1|1|840000|1|11993|806039
1200000|4|8040|16|4|2|2|480000|1|11993|553954
1200000|4|8040|16|4|0|0|360000|2|23993|432820
1200000|4|8040|16|4|1|1|840000|2|23993|812006
1200000|4|8040|16|4|2|2|480000|2|23993|566277
1200000|4|8040|16|4|0|0|360000|3|35996|442646
1200000|4|8040|16|4|1|1|840000|3|35996|818012
1200000|4|8040|16|4|2|2|480000|3|35996|573921
1200000|4|8040|16|4|0|0|360000|4|47999|450915
1200000|4|8040|16|4|1|1|840000|4|47999|822887
1200000|4|8040|16|4|2|2|480000|4|47999|578055
1200000|4|8040|16|5|0|0|360000|0|0|364003
1200000|4|8040|16|5|1|1|840000|0|0|802257
1200000|4|8040|16|5|2|2|480000|0|0|507657
1200000|4|8040|16|5|0|0|360000|1|11991|380559
1200000|4|8040|16|5|1|1|840000|1|11991|802179
1200000|4|8040|16|5|2|2|480000|1|11991|521618
1200000|4|8040|16|5|0|0|360000|2|23989|390232
1200000|4|8040|16|5|1|1|840000|2|23989|803504
1200000|4|8040|16|5|2|2|480000|2|23989|529730
1200000|4|8040|16|5|0|0|360000|3|35990|397757
1200000|4|8040|16|5|1|1|840000|3|35990|805606
1200000|4|8040|16|5|2|2|480000|3|35990|533323
1200000|4|8040|16|5|0|0|360000|4|47991|403879
1200000|4|8040|16|5|1|1|840000|4|47991|808574
1200000|4|8040|16|5|2|2|480000|4|47991|534648
1200000|4|8041|16|1|0|0|360000|0|0|363068
1200000|4|8041|16|1|1|1|840000|0|0|800697
1200000|4|8041|16|1|2|2|480000|0|0|506177
1200000|4|8041|16|1|0|0|360000|1|11991|379936
1200000|4|8041|16|1|1|1|840000|1|11991|800190
1200000|4|8041|16|1|2|2|480000|1|11991|520062
1200000|4|8041|16|1|0|0|360000|2|23989|391436
1200000|4|8041|16|1|1|1|840000|2|23989|801944
1200000|4|8041|16|1|2|2|480000|2|23989|526496
1200000|4|8041|16|1|0|0|360000|3|35989|400177
1200000|4|8041|16|1|1|1|840000|3|35989|805374
1200000|4|8041|16|1|2|2|480000|3|35989|529149
1200000|4|8041|16|1|0|0|360000|4|47992|406610
1200000|4|8041|16|1|1|1|840000|4|47992|809471
1200000|4|8041|16|1|2|2|480000|4|47992|530475
1200000|4|8041|16|2|0|0|360000|0|0|384831
1200000|4|8041|16|2|1|1|840000|0|0|803697
1200000|4|8041|16|2|2|2|480000|0|0|486285
1200000|4|8041|16|2|0|0|360000|1|11990|403062
1200000|4|8041|16|2|1|1|840000|1|11990|802921
1200000|4|8041|16|2|2|2|480000|1|11990|500446
1200000|4|8041|16|2|0|0|360000|2|23988|414450
1200000|4|8041|16|2|1|1|840000|2|23988|805415
1200000|4|8041|16|2|2|2|480000|2|23988|506919
1200000|4|8041|16|2|0|0|360000|3|35990|421897
1200000|4|8041|16|2|1|1|840000|3|35990|809507
1200000|4|8041|16|2|2|2|480000|3|35990|508943
1200000|4|8041|16|2|0|0|360000|4|47993|426968
1200000|4|8041|16|2|1|1|840000|4|47993|814661
1200000|4|8041|16|2|2|2|480000|4|47993|509141
1200000|4|8041|16|3|0|0|360000|0|0|339784
1200000|4|8041|16|3|1|1|840000|0|0|802294
1200000|4|8041|16|3|2|2|480000|0|0|525170
1200000|4|8041|16|3|0|0|360000|1|11992|352479
1200000|4|8041|16|3|1|1|840000|1|11992|803854
1200000|4|8041|16|3|2|2|480000|1|11992|539796
1200000|4|8041|16|3|0|0|360000|2|23992|360434
1200000|4|8041|16|3|1|1|840000|2|23992|808414
1200000|4|8041|16|3|2|2|480000|2|23992|546387
1200000|4|8041|16|3|0|0|360000|3|35995|364995
1200000|4|8041|16|3|1|1|840000|3|35995|813608
1200000|4|8041|16|3|2|2|480000|3|35995|550482
1200000|4|8041|16|3|0|0|360000|4|47999|368508
1200000|4|8041|16|3|1|1|840000|4|47999|818248
1200000|4|8041|16|3|2|2|480000|4|47999|552782
1200000|4|8041|16|4|0|0|360000|0|1|368799
1200000|4|8041|16|4|1|1|840000|0|1|807833
1200000|4|8041|16|4|2|2|480000|0|1|458950
1200000|4|8041|16|4|0|0|360000|1|11986|378141
1200000|4|8041|16|4|1|1|840000|1|11986|814034
1200000|4|8041|16|4|2|2|480000|1|11986|465420
1200000|4|8041|16|4|0|0|360000|2|23984|384419
1200000|4|8041|16|4|1|1|840000|2|23984|818595
1200000|4|8041|16|4|2|2|480000|2|23984|468932
1200000|4|8041|16|4|0|0|360000|3|35986|389176
1200000|4|8041|16|4|1|1|840000|3|35986|822730
1200000|4|8041|16|4|2|2|480000|3|35986|469948
1200000|4|8041|16|4|0|0|360000|4|47987|393078
1200000|4|8041|16|4|1|1|840000|4|47987|826942
1200000|4|8041|16|4|2|2|480000|4|47987|470454
1200000|4|8041|16|5|0|0|360000|0|0|357530
1200000|4|8041|16|5|1|1|840000|0|0|798240
1200000|4|8041|16|5|2|2|480000|0|0|511052
1200000|4|8041|16|5|0|0|360000|1|11993|372018
1200000|4|8041|16|5|1|1|840000|1|11993|795935
1200000|4|8041|16|5|2|2|480000|1|11993|527435
1200000|4|8041|16|5|0|0|360000|2|23994|380870
1200000|4|8041|16|5|1|1|840000|2|23994|795663
1200000|4|8041|16|5|2|2|480000|2|23994|535817
1200000|4|8041|16|5|0|0|360000|3|35997|387306
1200000|4|8041|16|5|1|1|840000|3|35997|798277
1200000|4|8041|16|5|2|2|480000|3|35997|539172
1200000|4|8041|16|5|0|0|360000|4|48000|391284
1200000|4|8041|16|5|1|1|840000|4|48000|800969
1200000|4|8041|16|5|2|2|480000|4|48000|541589
1200000|4|8042|16|1|0|0|360000|0|0|319662
1200000|4|8042|16|1|1|1|840000|0|0|802565
1200000|4|8042|16|1|2|2|480000|0|0|433833
1200000|4|8042|16|1|0|0|360000|1|11990|301155
1200000|4|8042|16|1|1|1|840000|1|11990|802803
1200000|4|8042|16|1|2|2|480000|1|11990|423888
1200000|4|8042|16|1|0|0|360000|2|23988|294797
1200000|4|8042|16|1|1|1|840000|2|23988|803773
1200000|4|8042|16|1|2|2|480000|2|23988|419245
1200000|4|8042|16|1|0|0|360000|3|35988|292652
1200000|4|8042|16|1|1|1|840000|3|35988|806622
1200000|4|8042|16|1|2|2|480000|3|35988|416987
1200000|4|8042|16|1|0|0|360000|4|47989|292769
1200000|4|8042|16|1|1|1|840000|4|47989|810994
1200000|4|8042|16|1|2|2|480000|4|47989|415580
1200000|4|8042|16|2|0|0|360000|0|0|287330
1200000|4|8042|16|2|1|1|840000|0|0|796523
1200000|4|8042|16|2|2|2|480000|0|0|462966
1200000|4|8042|16|2|0|0|360000|1|11990|267339
1200000|4|8042|16|2|1|1|840000|1|11990|791997
1200000|4|8042|16|2|2|2|480000|1|11990|456687
1200000|4|8042|16|2|0|0|360000|2|23991|259501
1200000|4|8042|16|2|1|1|840000|2|23991|790556
1200000|4|8042|16|2|2|2|480000|2|23991|453724
1200000|4|8042|16|2|0|0|360000|3|35992|257084
1200000|4|8042|16|2|1|1|840000|3|35992|790869
1200000|4|8042|16|2|2|2|480000|3|35992|453839
1200000|4|8042|16|2|0|0|360000|4|47995|256968
1200000|4|8042|16|2|1|1|840000|4|47995|792546
1200000|4|8042|16|2|2|2|480000|4|47995|456258
1200000|4|8042|16|3|0|0|360000|0|1|362720
1200000|4|8042|16|3|1|1|840000|0|1|794180
1200000|4|8042|16|3|2|2|480000|0|1|551883
1200000|4|8042|16|3|0|0|360000|1|11992|384108
1200000|4|8042|16|3|1|1|840000|1|11992|795742
1200000|4|8042|16|3|2|2|480000|1|11992|576964
1200000|4|8042|16|3|0|0|360000|2|23991|395809
1200000|4|8042|16|3|1|1|840000|2|23991|799762
1200000|4|8042|16|3|2|2|480000|2|23991|590300
1200000|4|8042|16|3|0|0|360000|3|35994|401971
1200000|4|8042|16|3|1|1|840000|3|35994|804676
1200000|4|8042|16|3|2|2|480000|3|35994|598451
1200000|4|8042|16|3|0|0|360000|4|47999|406143
1200000|4|8042|16|3|1|1|840000|4|47999|809278
1200000|4|8042|16|3|2|2|480000|4|47999|604419
1200000|4|8042|16|4|0|0|360000|0|0|379058
1200000|4|8042|16|4|1|1|840000|0|0|802995
1200000|4|8042|16|4|2|2|480000|0|0|495647
1200000|4|8042|16|4|0|0|360000|1|11994|394286
1200000|4|8042|16|4|1|1|840000|1|11994|800815
1200000|4|8042|16|4|2|2|480000|1|11994|514368
1200000|4|8042|16|4|0|0|360000|2|23997|402283
1200000|4|8042|16|4|1|1|840000|2|23997|803191
1200000|4|8042|16|4|2|2|480000|2|23997|524273
1200000|4|8042|16|4|0|0|360000|3|36002|406379
1200000|4|8042|16|4|1|1|840000|3|36002|807208
1200000|4|8042|16|4|2|2|480000|3|36002|531527
1200000|4|8042|16|4|0|0|360000|4|48007|409302
1200000|4|8042|16|4|1|1|840000|4|48007|810289
1200000|4|8042|16|4|2|2|480000|4|48007|537651
1200000|4|8042|16|5|0|0|360000|0|0|340410
1200000|4|8042|16|5|1|1|840000|0|0|798003
1200000|4|8042|16|5|2|2|480000|0|0|529733
1200000|4|8042|16|5|0|0|360000|1|11996|352790
1200000|4|8042|16|5|1|1|840000|1|11996|792818
1200000|4|8042|16|5|2|2|480000|1|11996|547126
1200000|4|8042|16|5|0|0|360000|2|23998|359223
1200000|4|8042|16|5|1|1|840000|2|23998|792583
1200000|4|8042|16|5|2|2|480000|2|23998|558126
1200000|4|8042|16|5|0|0|360000|3|36003|362111
1200000|4|8042|16|5|1|1|840000|3|36003|793404
1200000|4|8042|16|5|2|2|480000|3|36003|565571
1200000|4|8042|16|5|0|0|360000|4|48008|364180
1200000|4|8042|16|5|1|1|840000|4|48008|794146
1200000|4|8042|16|5|2|2|480000|4|48008|571114
1200000|4|8043|16|1|0|0|360000|0|0|356907
1200000|4|8043|16|1|1|1|840000|0|0|796208
1200000|4|8043|16|1|2|2|480000|0|0|512223
1200000|4|8043|16|1|0|0|360000|1|11994|369951
1200000|4|8043|16|1|1|1|840000|1|11994|790636
1200000|4|8043|16|1|2|2|480000|1|11994|528174
1200000|4|8043|16|1|0|0|360000|2|23994|375799
1200000|4|8043|16|1|1|1|840000|2|23994|789739
1200000|4|8043|16|1|2|2|480000|2|23994|537846
1200000|4|8043|16|1|0|0|360000|3|35998|379584
1200000|4|8043|16|1|1|1|840000|3|35998|790397
1200000|4|8043|16|1|2|2|480000|3|35998|543737
1200000|4|8043|16|1|0|0|360000|4|48002|382196
1200000|4|8043|16|1|1|1|840000|4|48002|791531
1200000|4|8043|16|1|2|2|480000|4|48002|547050
1200000|4|8043|16|2|0|0|360000|0|0|357921
1200000|4|8043|16|2|1|1|840000|0|0|797579
1200000|4|8043|16|2|2|2|480000|0|0|512576
1200000|4|8043|16|2|0|0|360000|1|11995|372095
1200000|4|8043|16|2|1|1|840000|1|11995|793990
1200000|4|8043|16|2|2|2|480000|1|11995|528756
1200000|4|8043|16|2|0|0|360000|2|23995|381143
1200000|4|8043|16|2|1|1|840000|2|23995|794803
1200000|4|8043|16|2|2|2|480000|2|23995|536596
1200000|4|8043|16|2|0|0|360000|3|35996|387344
1200000|4|8043|16|2|1|1|840000|3|35996|797189
1200000|4|8043|16|2|2|2|480000|3|35996|540227
1200000|4|8043|16|2|0|0|360000|4|47999|391320
1200000|4|8043|16|2|1|1|840000|4|47999|800463
1200000|4|8043|16|2|2|2|480000|4|47999|542796
1200000|4|8043|16|3|0|0|360000|0|0|358621
1200000|4|8043|16|3|1|1|840000|0|0|802451
1200000|4|8043|16|3|2|2|480000|0|0|509609
1200000|4|8043|16|3|0|0|360000|1|11990|373772
1200000|4|8043|16|3|1|1|840000|1|11990|801517
1200000|4|8043|16|3|2|2|480000|1|11990|524117
1200000|4|8043|16|3|0|0|360000|2|23988|382392
1200000|4|8043|16|3|1|1|840000|2|23988|803815
1200000|4|8043|16|3|2|2|480000|2|23988|530788
1200000|4|8043|16|3|0|0|360000|3|35990|387578
1200000|4|8043|16|3|1|1|840000|3|35990|807364
1200000|4|8043|16|3|2|2|480000|3|35990|534334
1200000|4|8043|16|3|0|0|360000|4|47992|391361
1200000|4|8043|16|3|1|1|840000|4|47992|811422
1200000|4|8043|16|3|2|2|480000|4|47992|536520
1200000|4|8043|16|4|0|0|360000|0|0|342515
1200000|4|8043|16|4|1|1|840000|0|0|800733
1200000|4|8043|16|4|2|2|480000|0|0|523495
1200000|4|8043|16|4|0|0|360000|1|11992|355482
1200000|4|8043|16|4|1|1|840000|1|11992|800269
1200000|4|8043|16|4|2|2|480000|1|11992|538703
1200000|4|8043|16|4|0|0|360000|2|23991|362814
1200000|4|8043|16|4|1|1|840000|2|23991|802642
1200000|4|8043|16|4|2|2|480000|2|23991|546659
1200000|4|8043|16|4|0|0|360000|3|35994|366754
1200000|4|8043|16|4|1|1|840000|3|35994|805921
1200000|4|8043|16|4|2|2|480000|3|35994|551184
1200000|4|8043|16|4|0|0|360000|4|47998|370457
1200000|4|8043|16|4|1|1|840000|4|47998|808651
1200000|4|8043|16|4|2|2|480000|4|47998|553992
1200000|4|8043|16|5|0|0|360000|0|1|381126
1200000|4|8043|16|5|1|1|840000|0|1|800343
1200000|4|8043|16|5|2|2|480000|0|1|489018
1200000|4|8043|16|5|0|0|360000|1|11992|398030
1200000|4|8043|16|5|1|1|840000|1|11992|799290
1200000|4|8043|16|5|2|2|480000|1|11992|503254
1200000|4|8043|16|5|0|0|360000|2|23992|407937
1200000|4|8043|16|5|1|1|840000|2|23992|800501
1200000|4|8043|16|5|2|2|480000|2|23992|510662
1200000|4|8043|16|5|0|0|360000|3|35994|413552
1200000|4|8043|16|5|1|1|840000|3|35994|802568
1200000|4|8043|16|5|2|2|480000|3|35994|514952
1200000|4|8043|16|5|0|0|360000|4|47998|418077
1200000|4|8043|16|5|1|1|840000|4|47998|804480
1200000|4|8043|16|5|2|2|480000|4|47998|517799
1200000|4|8044|16|1|0|0|360000|0|0|381477
1200000|4|8044|16|1|1|1|840000|0|0|796405
1200000|4|8044|16|1|2|2|480000|0|0|489134
1200000|4|8044|16|1|0|0|360000|1|11995|398537
1200000|4|8044|16|1|1|1|840000|1|11995|790634
1200000|4|8044|16|1|2|2|480000|1|11995|503837
1200000|4|8044|16|1|0|0|360000|2|23995|407547
1200000|4|8044|16|1|1|1|840000|2|23995|789778
1200000|4|8044|16|1|2|2|480000|2|23995|512067
1200000|4|8044|16|1|0|0|360000|3|35998|412574
1200000|4|8044|16|1|1|1|840000|3|35998|790636
1200000|4|8044|16|1|2|2|480000|3|35998|517177
1200000|4|8044|16|1|0|0|360000|4|48002|416402
1200000|4|8044|16|1|1|1|840000|4|48002|791374
1200000|4|8044|16|1|2|2|480000|4|48002|519905
1200000|4|8044|16|2|0|0|360000|0|0|358272
1200000|4|8044|16|2|1|1|840000|0|0|795433
1200000|4|8044|16|2|2|2|480000|0|0|509571
1200000|4|8044|16|2|0|0|360000|1|11995|372486
1200000|4|8044|16|2|1|1|840000|1|11995|789426
1200000|4|8044|16|2|2|2|480000|1|11995|524663
1200000|4|8044|16|2|0|0|360000|2|23995|379856
1200000|4|8044|16|2|1|1|840000|2|23995|787711
1200000|4|8044|16|2|2|2|480000|2|23995|533085
1200000|4|8044|16|2|0|0|360000|3|35998|384654
1200000|4|8044|16|2|1|1|840000|3|35998|789229
1200000|4|8044|16|2|2|2|480000|3|35998|537650
1200000|4|8044|16|2|0|0|360000|4|48001|388358
1200000|4|8044|16|2|1|1|840000|4|48001|792037
1200000|4|8044|16|2|2|2|480000|4|48001|539524
1200000|4|8044|16|3|0|0|360000|0|0|360297
1200000|4|8044|16|3|1|1|840000|0|0|802409
1200000|4|8044|16|3|2|2|480000|0|0|509491
1200000|4|8044|16|3|0|0|360000|1|11993|376229
1200000|4|8044|16|3|1|1|840000|1|11993|803659
1200000|4|8044|16|3|2|2|480000|1|11993|524468
1200000|4|8044|16|3|0|0|360000|2|23993|386523
1200000|4|8044|16|3|1|1|840000|2|23993|805492
1200000|4|8044|16|3|2|2|480000|2|23993|531020
1200000|4|8044|16|3|0|0|360000|3|35994|394208
1200000|4|8044|16|3|1|1|840000|3|35994|808731
1200000|4|8044|16|3|2|2|480000|3|35994|532270
1200000|4|8044|16|3|0|0|360000|4|47995|399161
1200000|4|8044|16|3|1|1|840000|4|47995|812823
1200000|4|8044|16|3|2|2|480000|4|47995|533012
1200000|4|8044|16|4|0|0|360000|0|0|342746
1200000|4|8044|16|4|1|1|840000|0|0|800891
1200000|4|8044|16|4|2|2|480000|0|0|520841
1200000|4|8044|16|4|0|0|360000|1|11989|355755
1200000|4|8044|16|4|1|1|840000|1|11989|799837
1200000|4|8044|16|4|2|2|480000|1|11989|533166
1200000|4|8044|16|4|0|0|360000|2|23985|363749
1200000|4|8044|16|4|1|1|840000|2|23985|800149
1200000|4|8044|16|4|2|2|480000|2|23985|539288
1200000|4|8044|16|4|0|0|360000|3|35985|369911
1200000|4|8044|16|4|1|1|840000|3|35985|803231
1200000|4|8044|16|4|2|2|480000|3|35985|540187
1200000|4|8044|16|4|0|0|360000|4|47986|374358
1200000|4|8044|16|4|1|1|840000|4|47986|807287
1200000|4|8044|16|4|2|2|480000|4|47986|540146
1200000|4|8044|16|5|0|0|360000|0|0|380112
1200000|4|8044|16|5|1|1|840000|0|0|800112
1200000|4|8044|16|5|2|2|480000|0|0|485002
1200000|4|8044|16|5|0|0|360000|1|11987|396078
1200000|4|8044|16|5|1|1|840000|1|11987|797381
1200000|4|8044|16|5|2|2|480000|1|11987|497015
1200000|4|8044|16|5|0|0|360000|2|23984|405830
1200000|4|8044|16|5|1|1|840000|2|23984|798707
1200000|4|8044|16|5|2|2|480000|2|23984|501965
1200000|4|8044|16|5|0|0|360000|3|35984|411990
1200000|4|8044|16|5|1|1|840000|3|35984|801321
1200000|4|8044|16|5|2|2|480000|3|35984|502864
1200000|4|8044|16|5|0|0|360000|4|47985|415934
1200000|4|8044|16|5|1|1|840000|4|47985|804516
1200000|4|8044|16|5|2|2|480000|4|47985|502706
1200000|4|8045|16|1|0|0|360000|0|0|376835
1200000|4|8045|16|1|1|1|840000|0|0|800226
1200000|4|8045|16|1|2|2|480000|0|0|488122
1200000|4|8045|16|1|0|0|360000|1|11989|393036
1200000|4|8045|16|1|1|1|840000|1|11989|798669
1200000|4|8045|16|1|2|2|480000|1|11989|501263
1200000|4|8045|16|1|0|0|360000|2|23986|402321
1200000|4|8045|16|1|1|1|840000|2|23986|801358
1200000|4|8045|16|1|2|2|480000|2|23986|506489
1200000|4|8045|16|1|0|0|360000|3|35986|408052
1200000|4|8045|16|1|1|1|840000|3|35986|804636
1200000|4|8045|16|1|2|2|480000|3|35986|508635
1200000|4|8045|16|1|0|0|360000|4|47988|412188
1200000|4|8045|16|1|1|1|840000|4|47988|809122
1200000|4|8045|16|1|2|2|480000|4|47988|509105
1200000|4|8045|16|2|0|0|360000|0|0|378083
1200000|4|8045|16|2|1|1|840000|0|0|801239
1200000|4|8045|16|2|2|2|480000|0|0|488356
1200000|4|8045|16|2|0|0|360000|1|11991|394327
1200000|4|8045|16|2|1|1|840000|1|11991|800696
1200000|4|8045|16|2|2|2|480000|1|11991|502629
1200000|4|8045|16|2|0|0|360000|2|23990|403530
1200000|4|8045|16|2|1|1|840000|2|23990|804323
1200000|4|8045|16|2|2|2|480000|2|23990|508829
1200000|4|8045|16|2|0|0|360000|3|35993|409187
1200000|4|8045|16|2|1|1|840000|3|35993|808847
1200000|4|8045|16|2|2|2|480000|3|35993|511910
1200000|4|8045|16|2|0|0|360000|4|47996|412617
1200000|4|8045|16|2|1|1|840000|4|47996|813174
1200000|4|8045|16|2|2|2|480000|4|47996|513275
1200000|4|8045|16|3|0|0|360000|0|0|377811
1200000|4|8045|16|3|1|1|840000|0|0|800815
1200000|4|8045|16|3|2|2|480000|0|0|488549
1200000|4|8045|16|3|0|0|360000|1|11991|393779
1200000|4|8045|16|3|1|1|840000|1|11991|800540
1200000|4|8045|16|3|2|2|480000|1|11991|503410
1200000|4|8045|16|3|0|0|360000|2|23991|402983
1200000|4|8045|16|3|1|1|840000|2|23991|804520
1200000|4|8045|16|3|2|2|480000|2|23991|509962
1200000|4|8045|16|3|0|0|360000|3|35994|408286
1200000|4|8045|16|3|1|1|840000|3|35994|809278
1200000|4|8045|16|3|2|2|480000|3|35994|513585
1200000|4|8045|16|3|0|0|360000|4|47998|412341
1200000|4|8045|16|3|1|1|840000|4|47998|813059
1200000|4|8045|16|3|2|2|480000|4|47998|514094
1200000|4|8045|16|4|0|0|360000|0|0|360301
1200000|4|8045|16|4|1|1|840000|0|0|803659
1200000|4|8045|16|4|2|2|480000|0|0|507777
1200000|4|8045|16|4|0|0|360000|1|11991|375840
1200000|4|8045|16|4|1|1|840000|1|11991|803385
1200000|4|8045|16|4|2|2|480000|1|11991|522090
1200000|4|8045|16|4|0|0|360000|2|23990|385316
1200000|4|8045|16|4|1|1|840000|2|23990|807091
1200000|4|8045|16|4|2|2|480000|2|23990|528602
1200000|4|8045|16|4|0|0|360000|3|35993|390776
1200000|4|8045|16|4|1|1|840000|3|35993|811617
1200000|4|8045|16|4|2|2|480000|3|35993|532190
1200000|4|8045|16|4|0|0|360000|4|47997|394559
1200000|4|8045|16|4|1|1|840000|4|47997|815947
1200000|4|8045|16|4|2|2|480000|4|47997|534531
1200000|4|8045|16|5|0|0|360000|0|0|379683
1200000|4|8045|16|5|1|1|840000|0|0|803076
1200000|4|8045|16|5|2|2|480000|0|0|488082
1200000|4|8045|16|5|0|0|360000|1|11990|396745
1200000|4|8045|16|5|1|1|840000|1|11990|803076
1200000|4|8045|16|5|2|2|480000|1|11990|502396
1200000|4|8045|16|5|0|0|360000|2|23990|407157
1200000|4|8045|16|5|1|1|840000|2|23990|806974
1200000|4|8045|16|5|2|2|480000|2|23990|508635
1200000|4|8045|16|5|0|0|360000|3|35993|414021
1200000|4|8045|16|5|1|1|840000|3|35993|811692
1200000|4|8045|16|5|2|2|480000|3|35993|512263
1200000|4|8045|16|5|0|0|360000|4|47997|417882
1200000|4|8045|16|5|1|1|840000|4|47997|816179
1200000|4|8045|16|5|2|2|480000|4|47997|514173
1200000|4|8046|16|1|0|0|360000|0|0|342712
1200000|4|8046|16|1|1|1|840000|0|0|803428
1200000|4|8046|16|1|2|2|480000|0|0|524001
1200000|4|8046|16|1|0|0|360000|1|11992|355557
1200000|4|8046|16|1|1|1|840000|1|11992|804403
1200000|4|8046|16|1|2|2|480000|1|11992|538119
1200000|4|8046|16|1|0|0|360000|2|23992|362931
1200000|4|8046|16|1|1|1|840000|2|23992|808300
1200000|4|8046|16|1|2|2|480000|2|23992|545023
1200000|4|8046|16|1|0|0|360000|3|35995|366908
1200000|4|8046|16|1|1|1|840000|3|35995|813255
1200000|4|8046|16|1|2|2|480000|3|35995|548687
1200000|4|8046|16|1|0|0|360000|4|47999|370069
1200000|4|8046|16|1|1|1|840000|4|47999|816999
1200000|4|8046|16|1|2|2|480000|4|47999|550403
1200000|4|8046|16|2|0|0|360000|0|0|380266
1200000|4|8046|16|2|1|1|840000|0|0|799254
1200000|4|8046|16|2|2|2|480000|0|0|490148
1200000|4|8046|16|2|0|0|360000|1|11996|396706
1200000|4|8046|16|2|1|1|840000|1|11996|795040
1200000|4|8046|16|2|2|2|480000|1|11996|504227
1200000|4|8046|16|2|0|0|360000|2|23997|405323
1200000|4|8046|16|2|1|1|840000|2|23997|794495
1200000|4|8046|16|2|2|2|480000|2|23997|512066
1200000|4|8046|16|2|0|0|360000|3|36002|410472
1200000|4|8046|16|2|1|1|840000|3|36002|796168
1200000|4|8046|16|2|2|2|480000|3|36002|516357
1200000|4|8046|16|2|0|0|360000|4|48007|414137
1200000|4|8046|16|2|1|1|840000|4|48007|798081
1200000|4|8046|16|2|2|2|480000|4|48007|519438
1200000|4|8046|16|3|0|0|360000|0|0|380579
1200000|4|8046|16|3|1|1|840000|0|0|797611
1200000|4|8046|16|3|2|2|480000|0|0|489952
1200000|4|8046|16|3|0|0|360000|1|11996|396938
1200000|4|8046|16|3|1|1|840000|1|11996|792390
1200000|4|8046|16|3|2|2|480000|1|11996|504033
1200000|4|8046|16|3|0|0|360000|2|23997|405632
1200000|4|8046|16|3|1|1|840000|2|23997|791179
1200000|4|8046|16|3|2|2|480000|2|23997|512263
1200000|4|8046|16|3|0|0|360000|3|36002|410003
1200000|4|8046|16|3|1|1|840000|3|36002|791845
1200000|4|8046|16|3|2|2|480000|3|36002|517098
1200000|4|8046|16|3|0|0|360000|4|48008|413513
1200000|4|8046|16|3|1|1|840000|4|48008|794105
1200000|4|8046|16|3|2|2|480000|4|48008|519633
1200000|4|8046|16|4|0|0|360000|0|0|343335
1200000|4|8046|16|4|1|1|840000|0|0|796481
1200000|4|8046|16|4|2|2|480000|0|0|521776
1200000|4|8046|16|4|0|0|360000|1|11995|355872
1200000|4|8046|16|4|1|1|840000|1|11995|791141
1200000|4|8046|16|4|2|2|480000|1|11995|537025
1200000|4|8046|16|4|0|0|360000|2|23996|362111
1200000|4|8046|16|4|1|1|840000|2|23996|790557
1200000|4|8046|16|4|2|2|480000|2|23996|545802
1200000|4|8046|16|4|0|0|360000|3|36001|366869
1200000|4|8046|16|4|1|1|840000|3|36001|792819
1200000|4|8046|16|4|2|2|480000|3|36001|550326
1200000|4|8046|16|4|0|0|360000|4|48005|370964
1200000|4|8046|16|4|1|1|840000|4|48005|795237
1200000|4|8046|16|4|2|2|480000|4|48005|552274
1200000|4|8046|16|5|0|0|360000|0|0|359322
1200000|4|8046|16|5|1|1|840000|0|0|800386
1200000|4|8046|16|5|2|2|480000|0|0|511520
1200000|4|8046|16|5|0|0|360000|1|11996|374594
1200000|4|8046|16|5|1|1|840000|1|11996|797923
1200000|4|8046|16|5|2|2|480000|1|11996|527589
1200000|4|8046|16|5|0|0|360000|2|23998|384809
1200000|4|8046|16|5|1|1|840000|2|23998|799486
1200000|4|8046|16|5|2|2|480000|2|23998|535776
1200000|4|8046|16|5|0|0|360000|3|36001|392180
1200000|4|8046|16|5|1|1|840000|3|36001|803192
1200000|4|8046|16|5|2|2|480000|3|36001|539793
1200000|4|8046|16|5|0|0|360000|4|48006|397448
1200000|4|8046|16|5|1|1|840000|4|48006|807365
1200000|4|8046|16|5|2|2|480000|4|48006|542720
1200000|4|8047|16|1|0|0|360000|0|0|379799
1200000|4|8047|16|1|1|1|840000|0|0|803347
1200000|4|8047|16|1|2|2|480000|0|0|490968
1200000|4|8047|16|1|0|0|360000|1|11991|395925
1200000|4|8047|16|1|1|1|840000|1|11991|803228
1200000|4|8047|16|1|2|2|480000|1|11991|504421
1200000|4|8047|16|1|0|0|360000|2|23989|405165
1200000|4|8047|16|1|1|1|840000|2|23989|804790
1200000|4|8047|16|1|2|2|480000|2|23989|511911
1200000|4|8047|16|1|0|0|360000|3|35991|411251
1200000|4|8047|16|1|1|1|840000|3|35991|808339
1200000|4|8047|16|1|2|2|480000|3|35991|514367
1200000|4|8047|16|1|0|0|360000|4|47993|414955
1200000|4|8047|16|1|1|1|840000|4|47993|812825
1200000|4|8047|16|1|2|2|480000|4|47993|515459
1200000|4|8047|16|2|0|0|360000|0|0|357178
1200000|4|8047|16|2|1|1|840000|0|0|800888
1200000|4|8047|16|2|2|2|480000|0|0|508947
1200000|4|8047|16|2|0|0|360000|1|11989|370845
1200000|4|8047|16|2|1|1|840000|1|11989|799602
1200000|4|8047|16|2|2|2|480000|1|11989|521816
1200000|4|8047|16|2|0|0|360000|2|23985|379152
1200000|4|8047|16|2|1|1|840000|2|23985|800423
1200000|4|8047|16|2|2|2|480000|2|23985|529501
1200000|4|8047|16|2|0|0|360000|3|35988|384690
1200000|4|8047|16|2|1|1|840000|3|35988|803894
1200000|4|8047|16|2|2|2|480000|3|35988|532304
1200000|4|8047|16|2|0|0|360000|4|47990|388203
1200000|4|8047|16|2|1|1|840000|4|47990|808184
1200000|4|8047|16|2|2|2|480000|4|47990|534337
1200000|4|8047|16|3|0|0|360000|0|0|354723
1200000|4|8047|16|3|1|1|840000|0|0|801671
1200000|4|8047|16|3|2|2|480000|0|0|510621
1200000|4|8047|16|3|0|0|360000|1|11989|368391
1200000|4|8047|16|3|1|1|840000|1|11989|800892
1200000|4|8047|16|3|2|2|480000|1|11989|523377
1200000|4|8047|16|3|0|0|360000|2|23986|376737
1200000|4|8047|16|3|1|1|840000|2|23986|802293
1200000|4|8047|16|3|2|2|480000|2|23986|530358
1200000|4|8047|16|3|0|0|360000|3|35987|382313
1200000|4|8047|16|3|1|1|840000|3|35987|805806
1200000|4|8047|16|3|2|2|480000|3|35987|532697
1200000|4|8047|16|3|0|0|360000|4|47989|385628
1200000|4|8047|16|3|1|1|840000|4|47989|810055
1200000|4|8047|16|3|2|2|480000|4|47989|533281
1200000|4|8047|16|4|0|0|360000|0|0|377576
1200000|4|8047|16|4|1|1|840000|0|0|801044
1200000|4|8047|16|4|2|2|480000|0|0|489252
1200000|4|8047|16|4|0|0|360000|1|11989|393547
1200000|4|8047|16|4|1|1|840000|1|11989|800153
1200000|4|8047|16|4|2|2|480000|1|11989|502083
1200000|4|8047|16|4|0|0|360000|2|23985|402595
1200000|4|8047|16|4|1|1|840000|2|23985|801828
1200000|4|8047|16|4|2|2|480000|2|23985|508752
1200000|4|8047|16|4|0|0|360000|3|35986|408757
1200000|4|8047|16|4|1|1|840000|3|35986|805529
1200000|4|8047|16|4|2|2|480000|3|35986|511208
1200000|4|8047|16|4|0|0|360000|4|47989|412578
1200000|4|8047|16|4|1|1|840000|4|47989|810131
1200000|4|8047|16|4|2|2|480000|4|47989|512300
1200000|4|8047|16|5|0|0|360000|0|0|377342
1200000|4|8047|16|5|1|1|840000|0|0|800537
1200000|4|8047|16|5|2|2|480000|0|0|489526
1200000|4|8047|16|5|0|0|360000|1|11990|392494
1200000|4|8047|16|5|1|1|840000|1|11990|799797
1200000|4|8047|16|5|2|2|480000|1|11990|502355
1200000|4|8047|16|5|0|0|360000|2|23986|401502
1200000|4|8047|16|5|1|1|840000|2|23986|801323
1200000|4|8047|16|5|2|2|480000|2|23986|509300
1200000|4|8047|16|5|0|0|360000|3|35988|407701
1200000|4|8047|16|5|1|1|840000|3|35988|805646
1200000|4|8047|16|5|2|2|480000|3|35988|511677
1200000|4|8047|16|5|0|0|360000|4|47990|411136
1200000|4|8047|16|5|1|1|840000|4|47990|810717
1200000|4|8047|16|5|2|2|480000|4|47990|512843
1200000|4|8048|16|1|0|0|360000|0|0|379722
1200000|4|8048|16|1|1|1|840000|0|0|803033
1200000|4|8048|16|1|2|2|480000|0|0|488980
1200000|4|8048|16|1|0|0|360000|1|11989|395767
1200000|4|8048|16|1|1|1|840000|1|11989|801009
1200000|4|8048|16|1|2|2|480000|1|11989|503331
1200000|4|8048|16|1|0|0|360000|2|23988|405246
1200000|4|8048|16|1|1|1|840000|2|23988|803307
1200000|4|8048|16|1|2|2|480000|2|23988|510039
1200000|4|8048|16|1|0|0|360000|3|35989|411287
1200000|4|8048|16|1|1|1|840000|3|35989|808067
1200000|4|8048|16|1|2|2|480000|3|35989|512497
1200000|4|8048|16|1|0|0|360000|4|47991|414840
1200000|4|8048|16|1|1|1|840000|4|47991|813526
1200000|4|8048|16|1|2|2|480000|4|47991|513548
1200000|4|8048|16|2|0|0|360000|0|1|354918
1200000|4|8048|16|2|1|1|840000|0|1|800811
1200000|4|8048|16|2|2|2|480000|0|1|510546
1200000|4|8048|16|2|0|0|360000|1|11991|368625
1200000|4|8048|16|2|1|1|840000|1|11991|801088
1200000|4|8048|16|2|2|2|480000|1|11991|525638
1200000|4|8048|16|2|0|0|360000|2|23991|376270
1200000|4|8048|16|2|1|1|840000|2|23991|804553
1200000|4|8048|16|2|2|2|480000|2|23991|532933
1200000|4|8048|16|2|0|0|360000|3|35994|380714
1200000|4|8048|16|2|1|1|840000|3|35994|809313
1200000|4|8048|16|2|2|2|480000|3|35994|536987
1200000|4|8048|16|2|0|0|360000|4|47998|383522
1200000|4|8048|16|2|1|1|840000|4|47998|814229
1200000|4|8048|16|2|2|2|480000|4|47998|539445
1200000|4|8048|16|3|0|0|360000|0|0|343218
1200000|4|8048|16|3|1|1|840000|0|0|803194
1200000|4|8048|16|3|2|2|480000|0|0|524194
1200000|4|8048|16|3|0|0|360000|1|11992|356339
1200000|4|8048|16|3|1|1|840000|1|11992|803074
1200000|4|8048|16|3|2|2|480000|1|11992|539090
1200000|4|8048|16|3|0|0|360000|2|23992|364491
1200000|4|8048|16|3|1|1|840000|2|23992|805764
1200000|4|8048|16|3|2|2|480000|2|23992|546349
1200000|4|8048|16|3|0|0|360000|3|35995|368430
1200000|4|8048|16|3|1|1|840000|3|35995|809706
1200000|4|8048|16|3|2|2|480000|3|35995|550326
1200000|4|8048|16|3|0|0|360000|4|47999|370924
1200000|4|8048|16|3|1|1|840000|4|47999|813412
1200000|4|8048|16|3|2|2|480000|4|47999|552706
1200000|4|8048|16|4|0|0|360000|0|0|379758
1200000|4|8048|16|4|1|1|840000|0|0|802529
1200000|4|8048|16|4|2|2|480000|0|0|489994
1200000|4|8048|16|4|0|0|360000|1|11992|396042
1200000|4|8048|16|4|1|1|840000|1|11992|802257
1200000|4|8048|16|4|2|2|480000|1|11992|504460
1200000|4|8048|16|4|0|0|360000|2|23992|405168
1200000|4|8048|16|4|1|1|840000|2|23992|805299
1200000|4|8048|16|4|2|2|480000|2|23992|511013
1200000|4|8048|16|4|0|0|360000|3|35994|410041
1200000|4|8048|16|4|1|1|840000|3|35994|809742
1200000|4|8048|16|4|2|2|480000|3|35994|514482
1200000|4|8048|16|4|0|0|360000|4|47998|413826
1200000|4|8048|16|4|1|1|840000|4|47998|813412
1200000|4|8048|16|4|2|2|480000|4|47998|516943
1200000|4|8048|16|5|0|0|360000|0|0|379604
1200000|4|8048|16|5|1|1|840000|0|0|801514
1200000|4|8048|16|5|2|2|480000|0|0|491201
1200000|4|8048|16|5|0|0|360000|1|11992|396081
1200000|4|8048|16|5|1|1|840000|1|11992|799682
1200000|4|8048|16|5|2|2|480000|1|11992|505554
1200000|4|8048|16|5|0|0|360000|2|23992|405207
1200000|4|8048|16|5|1|1|840000|2|23992|801239
1200000|4|8048|16|5|2|2|480000|2|23992|512612
1200000|4|8048|16|5|0|0|360000|3|35994|409964
1200000|4|8048|16|5|1|1|840000|3|35994|803776
1200000|4|8048|16|5|2|2|480000|3|35994|516786
1200000|4|8048|16|5|0|0|360000|4|47997|412577
1200000|4|8048|16|5|1|1|840000|4|47997|805698
1200000|4|8048|16|5|2|2|480000|4|47997|519633
1200000|4|8049|16|1|0|0|360000|0|0|341121
1200000|4|8049|16|1|1|1|840000|0|0|798013
1200000|4|8049|16|1|2|2|480000|0|0|524781
1200000|4|8049|16|1|0|0|360000|1|11995|353258
1200000|4|8049|16|1|1|1|840000|1|11995|792983
1200000|4|8049|16|1|2|2|480000|1|11995|539953
1200000|4|8049|16|1|0|0|360000|2|23996|359418
1200000|4|8049|16|1|1|1|840000|2|23996|793061
1200000|4|8049|16|1|2|2|480000|2|23996|548221
1200000|4|8049|16|1|0|0|360000|3|35999|362151
1200000|4|8049|16|1|1|1|840000|3|35999|794894
1200000|4|8049|16|1|2|2|480000|3|35999|553327
1200000|4|8049|16|1|0|0|360000|4|48004|363748
1200000|4|8049|16|1|1|1|840000|4|48004|798052
1200000|4|8049|16|1|2|2|480000|4|48004|556293
1200000|4|8049|16|2|0|0|360000|0|0|339522
1200000|4|8049|16|2|1|1|840000|0|0|797820
1200000|4|8049|16|2|2|2|480000|0|0|524000
1200000|4|8049|16|2|0|0|360000|1|11994|348744
1200000|4|8049|16|2|1|1|840000|1|11994|793294
1200000|4|8049|16|2|2|2|480000|1|11994|539251
1200000|4|8049|16|2|0|0|360000|2|23995|352839
1200000|4|8049|16|2|1|1|840000|2|23995|792399
1200000|4|8049|16|2|2|2|480000|2|23995|547441
1200000|4|8049|16|2|0|0|360000|3|35998|355413
1200000|4|8049|16|2|1|1|840000|3|35998|793765
1200000|4|8049|16|2|2|2|480000|3|35998|551730
1200000|4|8049|16|2|0|0|360000|4|48002|356661
1200000|4|8049|16|2|1|1|840000|4|48002|795908
1200000|4|8049|16|2|2|2|480000|4|48002|553407
1200000|4|8049|16|3|0|0|360000|0|1|354576
1200000|4|8049|16|3|1|1|840000|0|1|798990
1200000|4|8049|16|3|2|2|480000|0|1|513587
1200000|4|8049|16|3|0|0|360000|1|11995|368517
1200000|4|8049|16|3|1|1|840000|1|11995|796573
1200000|4|8049|16|3|2|2|480000|1|11995|528719
1200000|4|8049|16|3|0|0|360000|2|23996|377058
1200000|4|8049|16|3|1|1|840000|2|23996|797157
1200000|4|8049|16|3|2|2|480000|2|23996|535778
1200000|4|8049|16|3|0|0|360000|3|35997|382635
1200000|4|8049|16|3|1|1|840000|3|35997|799888
1200000|4|8049|16|3|2|2|480000|3|35997|538351
1200000|4|8049|16|3|0|0|360000|4|48000|386067
1200000|4|8049|16|3|1|1|840000|4|48000|803475
1200000|4|8049|16|3|2|2|480000|4|48000|540537
1200000|4|8049|16|4|0|0|360000|0|0|339483
1200000|4|8049|16|4|1|1|840000|0|0|801331
1200000|4|8049|16|4|2|2|480000|0|0|522323
1200000|4|8049|16|4|0|0|360000|1|11990|351435
1200000|4|8049|16|4|1|1|840000|1|11990|800393
1200000|4|8049|16|4|2|2|480000|1|11990|536481
1200000|4|8049|16|4|0|0|360000|2|23989|358767
1200000|4|8049|16|4|1|1|840000|2|23989|803628
1200000|4|8049|16|4|2|2|480000|2|23989|542214
1200000|4|8049|16|4|0|0|360000|3|35990|362355
1200000|4|8049|16|4|1|1|840000|3|35990|807960
1200000|4|8049|16|4|2|2|480000|3|35990|544865
1200000|4|8049|16|4|0|0|360000|4|47992|365553
1200000|4|8049|16|4|1|1|840000|4|47992|812211
1200000|4|8049|16|4|2|2|480000|4|47992|545916
1200000|4|8049|16|5|0|0|360000|0|1|306723
1200000|4|8049|16|5|1|1|840000|0|1|803393
1200000|4|8049|16|5|2|2|480000|0|1|444245
1200000|4|8049|16|5|0|0|360000|1|11991|286227
1200000|4|8049|16|5|1|1|840000|1|11991|801875
1200000|4|8049|16|5|2|2|480000|1|11991|434730
1200000|4|8049|16|5|0|0|360000|2|23990|278427
1200000|4|8049|16|5|1|1|840000|2|23990|803162
1200000|4|8049|16|5|2|2|480000|2|23990|430713
1200000|4|8049|16|5|0|0|360000|3|35992|276672
1200000|4|8049|16|5|1|1|840000|3|35992|805113
1200000|4|8049|16|5|2|2|480000|3|35992|428604
1200000|4|8049|16|5|0|0|360000|4|47994|277452
1200000|4|8049|16|5|1|1|840000|4|47994|809363
1200000|4|8049|16|5|2|2|480000|4|47994|427477
1200000|4|8050|16|1|0|0|360000|0|0|318033
1200000|4|8050|16|1|1|1|840000|0|0|800473
1200000|4|8050|16|1|2|2|480000|0|0|435510
1200000|4|8050|16|1|0|0|360000|1|11991|300228
1200000|4|8050|16|1|1|1|840000|1|11991|798831
1200000|4|8050|16|1|2|2|480000|1|11991|428217
1200000|4|8050|16|1|0|0|360000|2|23989|295119
1200000|4|8050|16|1|1|1|840000|2|23989|799142
1200000|4|8050|16|1|2|2|480000|2|23989|425643
1200000|4|8050|16|1|0|0|360000|3|35989|296016
1200000|4|8050|16|1|1|1|840000|3|35989|800160
1200000|4|8050|16|1|2|2|480000|3|35989|425176
1200000|4|8050|16|1|0|0|360000|4|47991|298473
1200000|4|8050|16|1|1|1|840000|4|47991|801952
1200000|4|8050|16|1|2|2|480000|4|47991|425640
1200000|4|8050|16|2|0|0|360000|0|0|388701
1200000|4|8050|16|2|1|1|840000|0|0|799810
1200000|4|8050|16|2|2|2|480000|0|0|486055
1200000|4|8050|16|2|0|0|360000|1|11990|409467
1200000|4|8050|16|2|1|1|840000|1|11990|799810
1200000|4|8050|16|2|2|2|480000|1|11990|501654
1200000|4|8050|16|2|0|0|360000|2|23988|422454
1200000|4|8050|16|2|1|1|840000|2|23988|802577
1200000|4|8050|16|2|2|2|480000|2|23988|510857
1200000|4|8050|16|2|0|0|360000|3|35989|430761
1200000|4|8050|16|2|1|1|840000|3|35989|805460
1200000|4|8050|16|2|2|2|480000|3|35989|516396
1200000|4|8050|16|2|0|0|360000|4|47991|438210
1200000|4|8050|16|2|1|1|840000|4|47991|808467
1200000|4|8050|16|2|2|2|480000|4|47991|519907
1200000|4|8050|16|3|0|0|360000|0|0|390027
1200000|4|8050|16|3|1|1|840000|0|0|798795
1200000|4|8050|16|3|2|2|480000|0|0|479190
1200000|4|8050|16|3|0|0|360000|1|11989|410091
1200000|4|8050|16|3|1|1|840000|1|11989|796884
1200000|4|8050|16|3|2|2|480000|1|11989|493504
1200000|4|8050|16|3|0|0|360000|2|23985|421713
1200000|4|8050|16|3|1|1|840000|2|23985|798132
1200000|4|8050|16|3|2|2|480000|2|23985|500523
1200000|4|8050|16|3|0|0|360000|3|35984|430410
1200000|4|8050|16|3|1|1|840000|3|35984|799845
1200000|4|8050|16|3|2|2|480000|3|35984|503761
1200000|4|8050|16|3|0|0|360000|4|47984|438522
1200000|4|8050|16|3|1|1|840000|4|47984|800941
1200000|4|8050|16|3|2|2|480000|4|47984|504927
1200000|4|8050|16|4|0|0|360000|0|0|349818
1200000|4|8050|16|4|1|1|840000|0|0|799380
1200000|4|8050|16|4|2|2|480000|0|0|517100
1200000|4|8050|16|4|0|0|360000|1|11988|366879
1200000|4|8050|16|4|1|1|840000|1|11988|797625
1200000|4|8050|16|4|2|2|480000|1|11988|531137
1200000|4|8050|16|4|0|0|360000|2|23984|379320
1200000|4|8050|16|4|1|1|840000|2|23984|797625
1200000|4|8050|16|4|2|2|480000|2|23984|539051
1200000|4|8050|16|4|0|0|360000|3|35984|389928
1200000|4|8050|16|4|1|1|840000|3|35984|799105
1200000|4|8050|16|4|2|2|480000|3|35984|542916
1200000|4|8050|16|4|0|0|360000|4|47986|398898
1200000|4|8050|16|4|1|1|840000|4|47986|801330
1200000|4|8050|16|4|2|2|480000|4|47986|544671
1200000|4|8050|16|5|0|0|360000|0|0|349233
1200000|4|8050|16|5|1|1|840000|0|0|797546
1200000|4|8050|16|5|2|2|480000|0|0|515773
1200000|4|8050|16|5|0|0|360000|1|11989|365982
1200000|4|8050|16|5|1|1|840000|1|11989|795870
1200000|4|8050|16|5|2|2|480000|1|11989|529382
1200000|4|8050|16|5|0|0|360000|2|23985|377916
1200000|4|8050|16|5|1|1|840000|2|23985|796570
1200000|4|8050|16|5|2|2|480000|2|23985|536987
1200000|4|8050|16|5|0|0|360000|3|35986|387159
1200000|4|8050|16|5|1|1|840000|3|35986|798793
1200000|4|8050|16|5|2|2|480000|3|35986|540420
1200000|4|8050|16|5|0|0|360000|4|47988|394881
1200000|4|8050|16|5|1|1|840000|4|47988|801524
1200000|4|8050|16|5|2|2|480000|4|47988|542408
1200000|4|8051|16|1|0|0|360000|0|0|384567
1200000|4|8051|16|1|1|1|840000|0|0|800160
1200000|4|8051|16|1|2|2|480000|0|0|484104
1200000|4|8051|16|1|0|0|360000|1|11989|402408
1200000|4|8051|16|1|1|1|840000|1|11989|798870
1200000|4|8051|16|1|2|2|480000|1|11989|497556
1200000|4|8051|16|1|0|0|360000|2|23986|413523
1200000|4|8051|16|1|1|1|840000|2|23986|799225
1200000|4|8051|16|1|2|2|480000|2|23986|505049
1200000|4|8051|16|1|0|0|360000|3|35987|421479
1200000|4|8051|16|1|1|1|840000|3|35987|801642
1200000|4|8051|16|1|2|2|480000|3|35987|508634
1200000|4|8051|16|1|0|0|360000|4|47990|427992
1200000|4|8051|16|1|1|1|840000|4|47990|804528
1200000|4|8051|16|1|2|2|480000|4|47990|510584
1200000|4|8051|16|2|0|0|360000|0|0|359841
1200000|4|8051|16|2|1|1|840000|0|0|797391
1200000|4|8051|16|2|2|2|480000|0|0|505201
1200000|4|8051|16|2|0|0|360000|1|11989|375927
1200000|4|8051|16|2|1|1|840000|1|11989|795986
1200000|4|8051|16|2|2|2|480000|1|11989|518928
1200000|4|8051|16|2|0|0|360000|2|23985|386106
1200000|4|8051|16|2|1|1|840000|2|23985|796298
1200000|4|8051|16|2|2|2|480000|2|23985|526691
1200000|4|8051|16|2|0|0|360000|3|35987|393906
1200000|4|8051|16|2|1|1|840000|3|35987|798326
1200000|4|8051|16|2|2|2|480000|3|35987|529811
1200000|4|8051|16|2|0|0|360000|4|47988|399873
1200000|4|8051|16|2|1|1|840000|4|47988|801250
1200000|4|8051|16|2|2|2|480000|4|47988|531100
1200000|4|8051|16|3|0|0|360000|0|0|384723
1200000|4|8051|16|3|1|1|840000|0|0|800706
1200000|4|8051|16|3|2|2|480000|0|0|483792
1200000|4|8051|16|3|0|0|360000|1|11989|402993
1200000|4|8051|16|3|1|1|840000|1|11989|797509
1200000|4|8051|16|3|2|2|480000|1|11989|498650
1200000|4|8051|16|3|0|0|360000|2|23987|414069
1200000|4|8051|16|3|1|1|840000|2|23987|798639
1200000|4|8051|16|3|2|2|480000|2|23987|505593
1200000|4|8051|16|3|0|0|360000|3|35988|422181
1200000|4|8051|16|3|1|1|840000|3|35988|800549
1200000|4|8051|16|3|2|2|480000|3|35988|508516
1200000|4|8051|16|3|0|0|360000|4|47991|428343
1200000|4|8051|16|3|1|1|840000|4|47991|803435
1200000|4|8051|16|3|2|2|480000|4|47991|510117
1200000|4|8051|16|4|0|0|360000|0|0|357696
1200000|4|8051|16|4|1|1|840000|0|0|799339
1200000|4|8051|16|4|2|2|480000|0|0|510235
1200000|4|8051|16|4|0|0|360000|1|11991|372768
1200000|4|8051|16|4|1|1|840000|1|11991|798172
1200000|4|8051|16|4|2|2|480000|1|11991|525210
1200000|4|8051|16|4|0|0|360000|2|23990|381933
1200000|4|8051|16|4|1|1|840000|2|23990|799068
1200000|4|8051|16|4|2|2|480000|2|23990|532386
1200000|4|8051|16|4|0|0|360000|3|35992|387783
1200000|4|8051|16|4|1|1|840000|3|35992|800939
1200000|4|8051|16|4|2|2|480000|3|35992|537065
1200000|4|8051|16|4|0|0|360000|4|47996|392073
1200000|4|8051|16|4|1|1|840000|4|47996|803163
1200000|4|8051|16|4|2|2|480000|4|47996|540299
1200000|4|8051|16|5|0|0|360000|0|0|359763
1200000|4|8051|16|5|1|1|840000|0|0|793919
1200000|4|8051|16|5|2|2|480000|0|0|509728
1200000|4|8051|16|5|0|0|360000|1|11995|373860
1200000|4|8051|16|5|1|1|840000|1|11995|787678
1200000|4|8051|16|5|2|2|480000|1|11995|525561
1200000|4|8051|16|5|0|0|360000|2|23996|381192
1200000|4|8051|16|5|1|1|840000|2|23996|786197
1200000|4|8051|16|5|2|2|480000|2|23996|534685
1200000|4|8051|16|5|0|0|360000|3|36001|386340
1200000|4|8051|16|5|1|1|840000|3|36001|787526
1200000|4|8051|16|5|2|2|480000|3|36001|539444
1200000|4|8051|16|5|0|0|360000|4|48005|389850
1200000|4|8051|16|5|1|1|840000|4|48005|789942
1200000|4|8051|16|5|2|2|480000|4|48005|542056
1200000|4|8052|16|1|0|0|360000|0|1|357423
1200000|4|8052|16|1|1|1|840000|0|1|800314
1200000|4|8052|16|1|2|2|480000|0|1|510781
1200000|4|8052|16|1|0|0|360000|1|11994|372495
1200000|4|8052|16|1|1|1|840000|1|11994|801171
1200000|4|8052|16|1|2|2|480000|1|11994|525522
1200000|4|8052|16|1|0|0|360000|2|23994|381855
1200000|4|8052|16|1|1|1|840000|2|23994|802811
1200000|4|8052|16|1|2|2|480000|2|23994|532385
1200000|4|8052|16|1|0|0|360000|3|35996|388875
1200000|4|8052|16|1|1|1|840000|3|35996|806283
1200000|4|8052|16|1|2|2|480000|3|35996|534374
1200000|4|8052|16|1|0|0|360000|4|47998|394062
1200000|4|8052|16|1|1|1|840000|4|47998|810378
1200000|4|8052|16|1|2|2|480000|4|47998|534882
1200000|4|8052|16|2|0|0|360000|0|0|358281
1200000|4|8052|16|2|1|1|840000|0|0|802268
1200000|4|8052|16|2|2|2|480000|0|0|507113
1200000|4|8052|16|2|0|0|360000|1|11989|374055
1200000|4|8052|16|2|1|1|840000|1|11989|801837
1200000|4|8052|16|2|2|2|480000|1|11989|519788
1200000|4|8052|16|2|0|0|360000|2|23986|384156
1200000|4|8052|16|2|1|1|840000|2|23986|802772
1200000|4|8052|16|2|2|2|480000|2|23986|526575
1200000|4|8052|16|2|0|0|360000|3|35989|391722
1200000|4|8052|16|2|1|1|840000|3|35989|806438
1200000|4|8052|16|2|2|2|480000|3|35989|528603
1200000|4|8052|16|2|0|0|360000|4|47991|396519
1200000|4|8052|16|2|1|1|840000|4|47991|810924
1200000|4|8052|16|2|2|2|480000|4|47991|529539
1200000|4|8052|16|3|0|0|360000|0|0|380199
1200000|4|8052|16|3|1|1|840000|0|0|802500
1200000|4|8052|16|3|2|2|480000|0|0|487691
1200000|4|8052|16|3|0|0|360000|1|11990|396402
1200000|4|8052|16|3|1|1|840000|1|11990|802617
1200000|4|8052|16|3|2|2|480000|1|11990|501107
1200000|4|8052|16|3|0|0|360000|2|23988|405723
1200000|4|8052|16|3|1|1|840000|2|23988|803747
1200000|4|8052|16|3|2|2|480000|2|23988|506840
1200000|4|8052|16|3|0|0|360000|3|35988|412587
1200000|4|8052|16|3|1|1|840000|3|35988|807218
1200000|4|8052|16|3|2|2|480000|3|35988|508089
1200000|4|8052|16|3|0|0|360000|4|47989|417384
1200000|4|8052|16|3|1|1|840000|4|47989|812093
1200000|4|8052|16|3|2|2|480000|4|47989|507192
1200000|4|8052|16|4|0|0|360000|0|0|379224
1200000|4|8052|16|4|1|1|840000|0|0|803553
1200000|4|8052|16|4|2|2|480000|0|0|488858
1200000|4|8052|16|4|0|0|360000|1|11989|395739
1200000|4|8052|16|4|1|1|840000|1|11989|802579
1200000|4|8052|16|4|2|2|480000|1|11989|501067
1200000|4|8052|16|4|0|0|360000|2|23985|405762
1200000|4|8052|16|4|1|1|840000|2|23985|805343
1200000|4|8052|16|4|2|2|480000|2|23985|505905
1200000|4|8052|16|4|0|0|360000|3|35986|412158
1200000|4|8052|16|4|1|1|840000|3|35986|809871
1200000|4|8052|16|4|2|2|480000|3|35986|506994
1200000|4|8052|16|4|0|0|360000|4|47987|416292
1200000|4|8052|16|4|1|1|840000|4|47987|815214
1200000|4|8052|16|4|2|2|480000|4|47987|506567
1200000|4|8052|16|5|0|0|360000|0|0|356175
1200000|4|8052|16|5|1|1|840000|0|0|801447
1200000|4|8052|16|5|2|2|480000|0|0|508011
1200000|4|8052|16|5|0|0|360000|1|11989|371520
1200000|4|8052|16|5|1|1|840000|1|11989|800511
1200000|4|8052|16|5|2|2|480000|1|11989|521272
1200000|4|8052|16|5|0|0|360000|2|23987|381075
1200000|4|8052|16|5|1|1|840000|2|23987|804333
1200000|4|8052|16|5|2|2|480000|2|23987|526612
1200000|4|8052|16|5|0|0|360000|3|35989|386886
1200000|4|8052|16|5|1|1|840000|3|35989|809518
1200000|4|8052|16|5|2|2|480000|3|35989|528562
1200000|4|8052|16|5|0|0|360000|4|47992|391332
1200000|4|8052|16|5|1|1|840000|4|47992|815214
1200000|4|8052|16|5|2|2|480000|4|47992|529618
1200000|4|8053|16|1|0|0|360000|0|0|383631
1200000|4|8053|16|1|1|1|840000|0|0|803589
1200000|4|8053|16|1|2|2|480000|0|0|487731
1200000|4|8053|16|1|0|0|360000|1|11992|401511
1200000|4|8053|16|1|1|1|840000|1|11992|804293
1200000|4|8053|16|1|2|2|480000|1|11992|500797
1200000|4|8053|16|1|0|0|360000|2|23991|412275
1200000|4|8053|16|1|1|1|840000|2|23991|808269
1200000|4|8053|16|1|2|2|480000|2|23991|506723
1200000|4|8053|16|1|0|0|360000|3|35993|418515
1200000|4|8053|16|1|1|1|840000|3|35993|813303
1200000|4|8053|16|1|2|2|480000|3|35993|509416
1200000|4|8053|16|1|0|0|360000|4|47997|422181
1200000|4|8053|16|1|1|1|840000|4|47997|817944
1200000|4|8053|16|1|2|2|480000|4|47997|510270
1200000|4|8053|16|2|0|0|360000|0|0|382500
1200000|4|8053|16|2|1|1|840000|0|0|799694
1200000|4|8053|16|2|2|2|480000|0|0|488939
1200000|4|8053|16|2|0|0|360000|1|11996|399405
1200000|4|8053|16|2|1|1|840000|1|11996|795556
1200000|4|8053|16|2|2|2|480000|1|11996|502901
1200000|4|8053|16|2|0|0|360000|2|23997|408570
1200000|4|8053|16|2|1|1|840000|2|23997|795713
1200000|4|8053|16|2|2|2|480000|2|23997|510348
1200000|4|8053|16|2|0|0|360000|3|36002|413445
1200000|4|8053|16|2|1|1|840000|3|36002|797624
1200000|4|8053|16|2|2|2|480000|3|36002|514054
1200000|4|8053|16|2|0|0|360000|4|48007|416877
1200000|4|8053|16|2|1|1|840000|4|48007|799887
1200000|4|8053|16|2|2|2|480000|4|48007|515732
1200000|4|8053|16|3|0|0|360000|0|0|359997
1200000|4|8053|16|3|1|1|840000|0|0|795869
1200000|4|8053|16|3|2|2|480000|0|0|507189
1200000|4|8053|16|3|0|0|360000|1|11995|374445
1200000|4|8053|16|3|1|1|840000|1|11995|790605
1200000|4|8053|16|3|2|2|480000|1|11995|521192
1200000|4|8053|16|3|0|0|360000|2|23996|382089
1200000|4|8053|16|3|1|1|840000|2|23996|789665
1200000|4|8053|16|3|2|2|480000|2|23996|528720
1200000|4|8053|16|3|0|0|360000|3|36000|387159
1200000|4|8053|16|3|1|1|840000|3|36000|792126
1200000|4|8053|16|3|2|2|480000|3|36000|532347
1200000|4|8053|16|3|0|0|360000|4|48004|390552
1200000|4|8053|16|3|1|1|840000|4|48004|794661
1200000|4|8053|16|3|2|2|480000|4|48004|534101
1200000|4|8053|16|4|0|0|360000|0|0|380394
1200000|4|8053|16|4|1|1|840000|0|0|801642
1200000|4|8053|16|4|2|2|480000|0|0|488120
1200000|4|8053|16|4|0|0|360000|1|11992|396285
1200000|4|8053|16|4|1|1|840000|1|11992|801719
1200000|4|8053|16|4|2|2|480000|1|11992|501692
1200000|4|8053|16|4|0|0|360000|2|23991|405762
1200000|4|8053|16|4|1|1|840000|2|23991|803981
1200000|4|8053|16|4|2|2|480000|2|23991|509299
1200000|4|8053|16|4|0|0|360000|3|35994|412704
1200000|4|8053|16|4|1|1|840000|3|35994|807999
1200000|4|8053|16|4|2|2|480000|3|35994|512300
1200000|4|8053|16|4|0|0|360000|4|47998|417384
1200000|4|8053|16|4|1|1|840000|4|47998|812873
1200000|4|8053|16|4|2|2|480000|4|47998|513470
1200000|4|8053|16|5|0|0|360000|0|0|356409
1200000|4|8053|16|5|1|1|840000|0|0|801252
1200000|4|8053|16|5|2|2|480000|0|0|509104
1200000|4|8053|16|5|0|0|360000|1|11991|370623
1200000|4|8053|16|5|1|1|840000|1|11991|800707
1200000|4|8053|16|5|2|2|480000|1|11991|522010
1200000|4|8053|16|5|0|0|360000|2|23988|379008
1200000|4|8053|16|5|1|1|840000|2|23988|801641
1200000|4|8053|16|5|2|2|480000|2|23988|528019
1200000|4|8053|16|5|0|0|360000|3|35989|384741
1200000|4|8053|16|5|1|1|840000|3|35989|805192
1200000|4|8053|16|5|2|2|480000|3|35989|529188
1200000|4|8053|16|5|0|0|360000|4|47992|387705
1200000|4|8053|16|5|1|1|840000|4|47992|809322
1200000|4|8053|16|5|2|2|480000|4|47992|529109
1200000|4|8054|16|1|0|0|360000|0|0|338235
1200000|4|8054|16|1|1|1|840000|0|0|799653
1200000|4|8054|16|1|2|2|480000|0|0|521154
1200000|4|8054|16|1|0|0|360000|1|11988|349173
1200000|4|8054|16|1|1|1|840000|1|11988|799028
1200000|4|8054|16|1|2|2|480000|1|11988|533165
1200000|4|8054|16|1|0|0|360000|2|23984|355725
1200000|4|8054|16|1|1|1|840000|2|23984|800044
1200000|4|8054|16|1|2|2|480000|2|23984|539561
1200000|4|8054|16|1|0|0|360000|3|35986|360795
1200000|4|8054|16|1|1|1|840000|3|35986|803397
1200000|4|8054|16|1|2|2|480000|3|35986|541121
1200000|4|8054|16|1|0|0|360000|4|47988|364227
1200000|4|8054|16|1|1|1|840000|4|47988|807687
1200000|4|8054|16|1|2|2|480000|4|47988|541277
1200000|4|8054|16|2|0|0|360000|0|0|378678
1200000|4|8054|16|2|1|1|840000|0|0|801916
1200000|4|8054|16|2|2|2|480000|0|0|486406
1200000|4|8054|16|2|0|0|360000|1|11989|393750
1200000|4|8054|16|2|1|1|840000|1|11989|800159
1200000|4|8054|16|2|2|2|480000|1|11989|498768
1200000|4|8054|16|2|0|0|360000|2|23986|402876
1200000|4|8054|16|2|1|1|840000|2|23986|802579
1200000|4|8054|16|2|2|2|480000|2|23986|504696
1200000|4|8054|16|2|0|0|360000|3|35988|408180
1200000|4|8054|16|2|1|1|840000|3|35988|806831
1200000|4|8054|16|2|2|2|480000|3|35988|506253
1200000|4|8054|16|2|0|0|360000|4|47990|411300
1200000|4|8054|16|2|1|1|840000|4|47990|810998
1200000|4|8054|16|2|2|2|480000|4|47990|506333
1200000|4|8054|16|3|0|0|360000|0|0|323532
1200000|4|8054|16|3|1|1|840000|0|0|806789
1200000|4|8054|16|3|2|2|480000|0|0|427905
1200000|4|8054|16|3|0|0|360000|1|11990|304557
1200000|4|8054|16|3|1|1|840000|1|11990|805659
1200000|4|8054|16|3|2|2|480000|1|11990|417100
1200000|4|8054|16|3|0|0|360000|2|23988|296718
1200000|4|8054|16|3|1|1|840000|2|23988|808350
1200000|4|8054|16|3|2|2|480000|2|23988|412575
1200000|4|8054|16|3|0|0|360000|3|35991|293715
1200000|4|8054|16|3|1|1|840000|3|35991|812718
1200000|4|8054|16|3|2|2|480000|3|35991|410706
1200000|4|8054|16|3|0|0|360000|4|47995|291609
1200000|4|8054|16|3|1|1|840000|4|47995|818567
1200000|4|8054|16|3|2|2|480000|4|47995|409730
1200000|4|8054|16|4|0|0|360000|0|0|284883
1200000|4|8054|16|4|1|1|840000|0|0|800898
1200000|4|8054|16|4|2|2|480000|0|0|465580
1200000|4|8054|16|4|0|0|360000|1|11991|263685
1200000|4|8054|16|4|1|1|840000|1|11991|799497
1200000|4|8054|16|4|2|2|480000|1|11991|458128
1200000|4|8054|16|4|0|0|360000|2|23991|254910
1200000|4|8054|16|4|1|1|840000|2|23991|801330
1200000|4|8054|16|4|2|2|480000|2|23991|456338
1200000|4|8054|16|4|0|0|360000|3|35995|251712
1200000|4|8054|16|4|1|1|840000|3|35995|803785
1200000|4|8054|16|4|2|2|480000|3|35995|456335
1200000|4|8054|16|4|0|0|360000|4|48000|251556
1200000|4|8054|16|4|1|1|840000|4|48000|806985
1200000|4|8054|16|4|2|2|480000|4|48000|457780
1200000|4|8054|16|5|0|0|360000|0|0|360036
1200000|4|8054|16|5|1|1|840000|0|0|803669
1200000|4|8054|16|5|2|2|480000|0|0|512847
1200000|4|8054|16|5|0|0|360000|1|11991|376356
1200000|4|8054|16|5|1|1|840000|1|11991|804140
1200000|4|8054|16|5|2|2|480000|1|11991|530708
1200000|4|8054|16|5|0|0|360000|2|23992|386301
1200000|4|8054|16|5|1|1|840000|2|23992|808429
1200000|4|8054|16|5|2|2|480000|2|23992|540964
1200000|4|8054|16|5|0|0|360000|3|35996|392463
1200000|4|8054|16|5|1|1|840000|3|35996|813887
1200000|4|8054|16|5|2|2|480000|3|35996|547596
1200000|4|8054|16|5|0|0|360000|4|48000|397962
1200000|4|8054|16|5|1|1|840000|4|48000|819622
1200000|4|8054|16|5|2|2|480000|4|48000|553172
1200000|4|8055|16|1|0|0|360000|0|0|383241
1200000|4|8055|16|1|1|1|840000|0|0|804915
1200000|4|8055|16|1|2|2|480000|0|0|493230
1200000|4|8055|16|1|0|0|360000|1|11993|400731
1200000|4|8055|16|1|1|1|840000|1|11993|805816
1200000|4|8055|16|1|2|2|480000|1|11993|510546
1200000|4|8055|16|1|0|0|360000|2|23995|410793
1200000|4|8055|16|1|1|1|840000|2|23995|810338
1200000|4|8055|16|1|2|2|480000|2|23995|520375
1200000|4|8055|16|1|0|0|360000|3|35999|416916
1200000|4|8055|16|1|1|1|840000|3|35999|815642
1200000|4|8055|16|1|2|2|480000|3|35999|526846
1200000|4|8055|16|1|0|0|360000|4|48003|420387
1200000|4|8055|16|1|1|1|840000|4|48003|820127
1200000|4|8055|16|1|2|2|480000|4|48003|531996
1200000|4|8055|16|2|0|0|360000|0|0|380745
1200000|4|8055|16|2|1|1|840000|0|0|800237
1200000|4|8055|16|2|2|2|480000|0|0|492801
1200000|4|8055|16|2|0|0|360000|1|11995|397767
1200000|4|8055|16|2|1|1|840000|1|11995|796651
1200000|4|8055|16|2|2|2|480000|1|11995|509065
1200000|4|8055|16|2|0|0|360000|2|23997|406425
1200000|4|8055|16|2|1|1|840000|2|23997|796845
1200000|4|8055|16|2|2|2|480000|2|23997|518113
1200000|4|8055|16|2|0|0|360000|3|36001|411261
1200000|4|8055|16|2|1|1|840000|3|36001|798405
1200000|4|8055|16|2|2|2|480000|3|36001|523727
1200000|4|8055|16|2|0|0|360000|4|48006|414576
1200000|4|8055|16|2|1|1|840000|4|48006|800434
1200000|4|8055|16|2|2|2|480000|4|48006|526965
1200000|4|8055|16|3|0|0|360000|0|0|359451
1200000|4|8055|16|3|1|1|840000|0|0|796142
1200000|4|8055|16|3|2|2|480000|0|0|508205
1200000|4|8055|16|3|0|0|360000|1|11994|372963
1200000|4|8055|16|3|1|1|840000|1|11994|790256
1200000|4|8055|16|3|2|2|480000|1|11994|523608
1200000|4|8055|16|3|0|0|360000|2|23994|379671
1200000|4|8055|16|3|1|1|840000|2|23994|788810
1200000|4|8055|16|3|2|2|480000|2|23994|531643
1200000|4|8055|16|3|0|0|360000|3|35996|384273
1200000|4|8055|16|3|1|1|840000|3|35996|789786
1200000|4|8055|16|3|2|2|480000|3|35996|536403
1200000|4|8055|16|3|0|0|360000|4|47999|387627
1200000|4|8055|16|3|1|1|840000|4|47999|790761
1200000|4|8055|16|3|2|2|480000|4|47999|538430
1200000|4|8055|16|4|0|0|360000|0|0|379146
1200000|4|8055|16|4|1|1|840000|0|0|798287
1200000|4|8055|16|4|2|2|480000|0|0|488939
1200000|4|8055|16|4|0|0|360000|1|11992|395232
1200000|4|8055|16|4|1|1|840000|1|11992|797508
1200000|4|8055|16|4|2|2|480000|1|11992|503566
1200000|4|8055|16|4|0|0|360000|2|23991|405021
1200000|4|8055|16|4|1|1|840000|2|23991|798600
1200000|4|8055|16|4|2|2|480000|2|23991|511404
1200000|4|8055|16|4|0|0|360000|3|35992|411924
1200000|4|8055|16|4|1|1|840000|3|35992|800705
1200000|4|8055|16|4|2|2|480000|3|35992|515108
1200000|4|8055|16|4|0|0|360000|4|47995|416799
1200000|4|8055|16|4|1|1|840000|4|47995|803590
1200000|4|8055|16|4|2|2|480000|4|47995|516748
1200000|4|8055|16|5|0|0|360000|0|0|359178
1200000|4|8055|16|5|1|1|840000|0|0|800122
1200000|4|8055|16|5|2|2|480000|0|0|508517
1200000|4|8055|16|5|0|0|360000|1|11990|374328
1200000|4|8055|16|5|1|1|840000|1|11990|798640
1200000|4|8055|16|5|2|2|480000|1|11990|522364
1200000|4|8055|16|5|0|0|360000|2|23987|383766
1200000|4|8055|16|5|1|1|840000|2|23987|800862
1200000|4|8055|16|5|2|2|480000|2|23987|529655
1200000|4|8055|16|5|0|0|360000|3|35989|390279
1200000|4|8055|16|5|1|1|840000|3|35989|804919
1200000|4|8055|16|5|2|2|480000|3|35989|532933
1200000|4|8055|16|5|0|0|360000|4|47993|394335
1200000|4|8055|16|5|1|1|840000|4|47993|809948
1200000|4|8055|16|5|2|2|480000|4|47993|533750
1200000|4|8056|16|1|0|0|360000|0|0|341472
1200000|4|8056|16|1|1|1|840000|0|0|803826
1200000|4|8056|16|1|2|2|480000|0|0|523922
1200000|4|8056|16|1|0|0|360000|1|11991|354048
1200000|4|8056|16|1|1|1|840000|1|11991|803905
1200000|4|8056|16|1|2|2|480000|1|11991|538821
1200000|4|8056|16|1|0|0|360000|2|23991|362316
1200000|4|8056|16|1|1|1|840000|2|23991|808035
1200000|4|8056|16|1|2|2|480000|2|23991|545097
1200000|4|8056|16|1|0|0|360000|3|35993|367425
1200000|4|8056|16|1|1|1|840000|3|35993|813146
1200000|4|8056|16|1|2|2|480000|3|35993|548218
1200000|4|8056|16|1|0|0|360000|4|47996|371208
1200000|4|8056|16|1|1|1|840000|4|47996|817982
1200000|4|8056|16|1|2|2|480000|4|47996|550403
1200000|4|8056|16|2|0|0|360000|0|0|254697
1200000|4|8056|16|2|1|1|840000|0|0|824106
1200000|4|8056|16|2|2|2|480000|0|0|625595
1200000|4|8056|16|2|0|0|360000|1|12001|262086
1200000|4|8056|16|2|1|1|840000|1|12001|829564
1200000|4|8056|16|2|2|2|480000|1|12001|637841
1200000|4|8056|16|2|0|0|360000|2|24005|265557
1200000|4|8056|16|2|1|1|840000|2|24005|833856
1200000|4|8056|16|2|2|2|480000|2|24005|644468
1200000|4|8056|16|2|0|0|360000|3|36011|267624
1200000|4|8056|16|2|1|1|840000|3|36011|836939
1200000|4|8056|16|2|2|2|480000|3|36011|647553
1200000|4|8056|16|2|0|0|360000|4|48015|269145
1200000|4|8056|16|2|1|1|840000|4|48015|838809
1200000|4|8056|16|2|2|2|480000|4|48015|649074
1200000|4|8056|16|3|0|0|360000|0|0|354498
1200000|4|8056|16|3|1|1|840000|0|0|800430
1200000|4|8056|16|3|2|2|480000|0|0|510819
1200000|4|8056|16|3|0|0|360000|1|11993|368088
1200000|4|8056|16|3|1|1|840000|1|11993|801407
1200000|4|8056|16|3|2|2|480000|1|11993|524781
1200000|4|8056|16|3|0|0|360000|2|23992|376044
1200000|4|8056|16|3|1|1|840000|2|23992|802577
1200000|4|8056|16|3|2|2|480000|2|23992|531646
1200000|4|8056|16|3|0|0|360000|3|35993|381738
1200000|4|8056|16|3|1|1|840000|3|35993|806205
1200000|4|8056|16|3|2|2|480000|3|35993|534722
1200000|4|8056|16|3|0|0|360000|4|47997|385248
1200000|4|8056|16|3|1|1|840000|4|47997|809517
1200000|4|8056|16|3|2|2|480000|4|47997|535586
1200000|4|8056|16|4|0|0|360000|0|0|291006
1200000|4|8056|16|4|1|1|840000|0|0|804800
1200000|4|8056|16|4|2|2|480000|0|0|456102
1200000|4|8056|16|4|0|0|360000|1|11991|270003
1200000|4|8056|16|4|1|1|840000|1|11991|805347
1200000|4|8056|16|4|2|2|480000|1|11991|445844
1200000|4|8056|16|4|0|0|360000|2|23989|262515
1200000|4|8056|16|4|1|1|840000|2|23989|807336
1200000|4|8056|16|4|2|2|480000|2|23989|439838
1200000|4|8056|16|4|0|0|360000|3|35988|260760
1200000|4|8056|16|4|1|1|840000|3|35988|811391
1200000|4|8056|16|4|2|2|480000|3|35988|436641
1200000|4|8056|16|4|0|0|360000|4|47990|261111
1200000|4|8056|16|4|1|1|840000|4|47990|816733
1200000|4|8056|16|4|2|2|480000|4|47990|434730
1200000|4|8056|16|5|0|0|360000|0|0|295218
1200000|4|8056|16|5|1|1|840000|0|0|794974
1200000|4|8056|16|5|2|2|480000|0|0|601455
1200000|4|8056|16|5|0|0|360000|1|11992|304167
1200000|4|8056|16|5|1|1|840000|1|11992|797782
1200000|4|8056|16|5|2|2|480000|1|11992|618810
1200000|4|8056|16|5|0|0|360000|2|23991|310524
1200000|4|8056|16|5|1|1|840000|2|23991|802538
1200000|4|8056|16|5|2|2|480000|2|23991|627660
1200000|4|8056|16|5|0|0|360000|3|35994|314463
1200000|4|8056|16|5|1|1|840000|3|35994|807685
1200000|4|8056|16|5|2|2|480000|3|35994|632694
1200000|4|8056|16|5|0|0|360000|4|47998|317739
1200000|4|8056|16|5|1|1|840000|4|47998|812483
1200000|4|8056|16|5|2|2|480000|4|47998|635618
1200000|4|8057|16|1|0|0|360000|0|0|356370
1200000|4|8057|16|1|1|1|840000|0|0|804176
1200000|4|8057|16|1|2|2|480000|0|0|513470
1200000|4|8057|16|1|0|0|360000|1|11994|370779
1200000|4|8057|16|1|1|1|840000|1|11994|805424
1200000|4|8057|16|1|2|2|480000|1|11994|528758
1200000|4|8057|16|1|0|0|360000|2|23994|379047
1200000|4|8057|16|1|1|1|840000|2|23994|809754
1200000|4|8057|16|1|2|2|480000|2|23994|536831
1200000|4|8057|16|1|0|0|360000|3|35998|383922
1200000|4|8057|16|1|1|1|840000|3|35998|814863
1200000|4|8057|16|1|2|2|480000|3|35998|542019
1200000|4|8057|16|1|0|0|360000|4|48003|386808
1200000|4|8057|16|1|1|1|840000|4|48003|819466
1200000|4|8057|16|1|2|2|480000|4|48003|545138
1200000|4|8057|16|2|0|0|360000|0|0|356331
1200000|4|8057|16|2|1|1|840000|0|0|801795
1200000|4|8057|16|2|2|2|480000|0|0|511988
1200000|4|8057|16|2|0|0|360000|1|11993|372261
1200000|4|8057|16|2|1|1|840000|1|11993|802187
1200000|4|8057|16|2|2|2|480000|1|11993|527938
1200000|4|8057|16|2|0|0|360000|2|23994|381426
1200000|4|8057|16|2|1|1|840000|2|23994|805737
1200000|4|8057|16|2|2|2|480000|2|23994|536441
1200000|4|8057|16|2|0|0|360000|3|35999|387198
1200000|4|8057|16|2|1|1|840000|3|35999|809403
1200000|4|8057|16|2|2|2|480000|3|35999|541785
1200000|4|8057|16|2|0|0|360000|4|48003|390786
1200000|4|8057|16|2|1|1|840000|4|48003|812993
1200000|4|8057|16|2|2|2|480000|4|48003|545608
1200000|4|8057|16|3|0|0|360000|0|0|357345
1200000|4|8057|16|3|1|1|840000|0|0|795169
1200000|4|8057|16|3|2|2|480000|0|0|511013
1200000|4|8057|16|3|0|0|360000|1|11995|373119
1200000|4|8057|16|3|1|1|840000|1|11995|790256
1200000|4|8057|16|3|2|2|480000|1|11995|526496
1200000|4|8057|16|3|0|0|360000|2|23997|381504
1200000|4|8057|16|3|1|1|840000|2|23997|789510
1200000|4|8057|16|3|2|2|480000|2|23997|534920
1200000|4|8057|16|3|0|0|360000|3|36001|386067
1200000|4|8057|16|3|1|1|840000|3|36001|790646
1200000|4|8057|16|3|2|2|480000|3|36001|540615
1200000|4|8057|16|3|0|0|360000|4|48006|389187
1200000|4|8057|16|3|1|1|840000|4|48006|793101
1200000|4|8057|16|3|2|2|480000|4|48006|544241
1200000|4|8057|16|4|0|0|360000|0|0|380238
1200000|4|8057|16|4|1|1|840000|0|0|796376
1200000|4|8057|16|4|2|2|480000|0|0|490145
1200000|4|8057|16|4|0|0|360000|1|11995|395856
1200000|4|8057|16|4|1|1|840000|1|11995|790917
1200000|4|8057|16|4|2|2|480000|1|11995|505671
1200000|4|8057|16|4|0|0|360000|2|23996|403188
1200000|4|8057|16|4|1|1|840000|2|23996|790523
1200000|4|8057|16|4|2|2|480000|2|23996|514523
1200000|4|8057|16|4|0|0|360000|3|36000|408102
1200000|4|8057|16|4|1|1|840000|3|36000|793178
1200000|4|8057|16|4|2|2|480000|3|36000|519826
1200000|4|8057|16|4|0|0|360000|4|48005|411651
1200000|4|8057|16|4|1|1|840000|4|48005|796025
1200000|4|8057|16|4|2|2|480000|4|48005|522987
1200000|4|8057|16|5|0|0|360000|0|0|358632
1200000|4|8057|16|5|1|1|840000|0|0|801368
1200000|4|8057|16|5|2|2|480000|0|0|510624
1200000|4|8057|16|5|0|0|360000|1|11992|374289
1200000|4|8057|16|5|1|1|840000|1|11992|802343
1200000|4|8057|16|5|2|2|480000|1|11992|525562
1200000|4|8057|16|5|0|0|360000|2|23991|384156
1200000|4|8057|16|5|1|1|840000|2|23991|805775
1200000|4|8057|16|5|2|2|480000|2|23991|532464
1200000|4|8057|16|5|0|0|360000|3|35992|390786
1200000|4|8057|16|5|1|1|840000|3|35992|809987
1200000|4|8057|16|5|2|2|480000|3|35992|534451
1200000|4|8057|16|5|0|0|360000|4|47994|395037
1200000|4|8057|16|5|1|1|840000|4|47994|814391
1200000|4|8057|16|5|2|2|480000|4|47994|534726
1200000|4|8058|16|1|0|0|360000|0|0|379302
1200000|4|8058|16|1|1|1|840000|0|0|801407
1200000|4|8058|16|1|2|2|480000|0|0|487886
1200000|4|8058|16|1|0|0|360000|1|11990|394920
1200000|4|8058|16|1|1|1|840000|1|11990|800199
1200000|4|8058|16|1|2|2|480000|1|11990|500406
1200000|4|8058|16|1|0|0|360000|2|23986|403722
1200000|4|8058|16|1|1|1|840000|2|23986|801251
1200000|4|8058|16|1|2|2|480000|2|23986|507076
1200000|4|8058|16|1|0|0|360000|3|35987|409535
1200000|4|8058|16|1|1|1|840000|3|35987|805386
1200000|4|8058|16|1|2|2|480000|3|35987|509373
1200000|4|8058|16|1|0|0|360000|4|47990|413515
1200000|4|8058|16|1|1|1|840000|4|47990|810260
1200000|4|8058|16|1|2|2|480000|4|47990|509845
1200000|4|8058|16|2|0|0|360000|0|0|375792
1200000|4|8058|16|2|1|1|840000|0|0|799342
1200000|4|8058|16|2|2|2|480000|0|0|488003
1200000|4|8058|16|2|0|0|360000|1|11989|391167
1200000|4|8058|16|2|1|1|840000|1|11989|798404
1200000|4|8058|16|2|2|2|480000|1|11989|500406
1200000|4|8058|16|2|0|0|360000|2|23986|399591
1200000|4|8058|16|2|1|1|840000|2|23986|799925
1200000|4|8058|16|2|2|2|480000|2|23986|506802
1200000|4|8058|16|2|0|0|360000|3|35987|405129
1200000|4|8058|16|2|1|1|840000|3|35987|803593
1200000|4|8058|16|2|2|2|480000|3|35987|508597
1200000|4|8058|16|2|0|0|360000|4|47989|408249
1200000|4|8058|16|2|1|1|840000|4|47989|807999
1200000|4|8058|16|2|2|2|480000|4|47989|509297
1200000|4|8058|16|3|0|0|360000|0|0|375743
1200000|4|8058|16|3|1|1|840000|0|0|801252
1200000|4|8058|16|3|2|2|480000|0|0|490774
1200000|4|8058|16|3|0|0|360000|1|11989|390661
1200000|4|8058|16|3|1|1|840000|1|11989|800588
1200000|4|8058|16|3|2|2|480000|1|11989|503486
1200000|4|8058|16|3|0|0|360000|2|23986|399044
1200000|4|8058|16|3|1|1|840000|2|23986|802109
1200000|4|8058|16|3|2|2|480000|2|23986|509844
1200000|4|8058|16|3|0|0|360000|3|35987|404153
1200000|4|8058|16|3|1|1|840000|3|35987|805660
1200000|4|8058|16|3|2|2|480000|3|35987|511363
1200000|4|8058|16|3|0|0|360000|4|47989|406806
1200000|4|8058|16|3|1|1|840000|4|47989|808737
1200000|4|8058|16|3|2|2|480000|4|47989|511989
1200000|4|8058|16|4|0|0|360000|0|0|354108
1200000|4|8058|16|4|1|1|840000|0|0|799810
1200000|4|8058|16|4|2|2|480000|0|0|508595
1200000|4|8058|16|4|0|0|360000|1|11989|367416
1200000|4|8058|16|4|1|1|840000|1|11989|799028
1200000|4|8058|16|4|2|2|480000|1|11989|521115
1200000|4|8058|16|4|0|0|360000|2|23985|375139
1200000|4|8058|16|4|1|1|840000|2|23985|801290
1200000|4|8058|16|4|2|2|480000|2|23985|527897
1200000|4|8058|16|4|0|0|360000|3|35987|380285
1200000|4|8058|16|4|1|1|840000|3|35987|805034
1200000|4|8058|16|4|2|2|480000|3|35987|530671
1200000|4|8058|16|4|0|0|360000|4|47989|382973
1200000|4|8058|16|4|1|1|840000|4|47989|808428
1200000|4|8058|16|4|2|2|480000|4|47989|531800
1200000|4|8058|16|5|0|0|360000|0|0|321426
1200000|4|8058|16|5|1|1|840000|0|0|804762
1200000|4|8058|16|5|2|2|480000|0|0|430254
1200000|4|8058|16|5|0|0|360000|1|11988|303153
1200000|4|8058|16|5|1|1|840000|1|11988|803008
1200000|4|8058|16|5|2|2|480000|1|11988|419568
1200000|4|8058|16|5|0|0|360000|2|23985|296406
1200000|4|8058|16|5|1|1|840000|2|23985|805581
1200000|4|8058|16|5|2|2|480000|2|23985|415044
1200000|4|8058|16|5|0|0|360000|3|35987|294066
1200000|4|8058|16|5|1|1|840000|3|35987|809947
1200000|4|8058|16|5|2|2|480000|3|35987|413016
1200000|4|8058|16|5|0|0|360000|4|47989|292974
1200000|4|8058|16|5|1|1|840000|4|47989|815292
1200000|4|8058|16|5|2|2|480000|4|47989|411963
1200000|4|8059|16|1|0|0|360000|0|0|288471
1200000|4|8059|16|1|1|1|840000|0|0|799496
1200000|4|8059|16|1|2|2|480000|0|0|461134
1200000|4|8059|16|1|0|0|360000|1|11989|268443
1200000|4|8059|16|1|1|1|840000|1|11989|797352
1200000|4|8059|16|1|2|2|480000|1|11989|453485
1200000|4|8059|16|1|0|0|360000|2|23988|260721
1200000|4|8059|16|1|1|1|840000|2|23988|798131
1200000|4|8059|16|1|2|2|480000|2|23988|451770
1200000|4|8059|16|1|0|0|360000|3|35991|258498
1200000|4|8059|16|1|1|1|840000|3|35991|800043
1200000|4|8059|16|1|2|2|480000|3|35991|452006
1200000|4|8059|16|1|0|0|360000|4|47994|258732
1200000|4|8059|16|1|1|1|840000|4|47994|802929
1200000|4|8059|16|1|2|2|480000|4|47994|452982
1200000|4|8059|16|2|0|0|360000|0|0|359243
1200000|4|8059|16|2|1|1|840000|0|0|802539
1200000|4|8059|16|2|2|2|480000|0|0|512884
1200000|4|8059|16|2|0|0|360000|1|11990|374590
1200000|4|8059|16|2|1|1|840000|1|11990|801875
1200000|4|8059|16|2|2|2|480000|1|11990|531527
1200000|4|8059|16|2|0|0|360000|2|23990|384577
1200000|4|8059|16|2|1|1|840000|2|23990|805500
1200000|4|8059|16|2|2|2|480000|2|23990|541823
1200000|4|8059|16|2|0|0|360000|3|35993|390466
1200000|4|8059|16|2|1|1|840000|3|35993|810221
1200000|4|8059|16|2|2|2|480000|3|35993|548687
1200000|4|8059|16|2|0|0|360000|4|47996|394910
1200000|4|8059|16|2|1|1|840000|4|47996|816070
1200000|4|8059|16|2|2|2|480000|4|47996|553913
1200000|4|8059|16|3|0|0|360000|0|0|340419
1200000|4|8059|16|3|1|1|840000|0|0|803669
1200000|4|8059|16|3|2|2|480000|0|0|530399
1200000|4|8059|16|3|0|0|360000|1|11993|351942
1200000|4|8059|16|3|1|1|840000|1|11993|803592
1200000|4|8059|16|3|2|2|480000|1|11993|548336
1200000|4|8059|16|3|0|0|360000|2|23993|358638
1200000|4|8059|16|3|1|1|840000|2|23993|806752
1200000|4|8059|16|3|2|2|480000|2|23993|558437
1200000|4|8059|16|3|0|0|360000|3|35995|362151
1200000|4|8059|16|3|1|1|840000|3|35995|810223
1200000|4|8059|16|3|2|2|480000|3|35995|565107
1200000|4|8059|16|3|0|0|360000|4|47999|363789
1200000|4|8059|16|3|1|1|840000|4|47999|812797
1200000|4|8059|16|3|2|2|480000|4|47999|570216
1200000|4|8059|16|4|0|0|360000|0|0|354254
1200000|4|8059|16|4|1|1|840000|0|0|795988
1200000|4|8059|16|4|2|2|480000|0|0|517097
1200000|4|8059|16|4|0|0|360000|1|11996|367299
1200000|4|8059|16|4|1|1|840000|1|11996|790488
1200000|4|8059|16|4|2|2|480000|1|11996|533866
1200000|4|8059|16|4|0|0|360000|2|23997|372524
1200000|4|8059|16|4|1|1|840000|2|23997|789434
1200000|4|8059|16|4|2|2|480000|2|23997|544552
1200000|4|8059|16|4|0|0|360000|3|36000|375254
1200000|4|8059|16|4|1|1|840000|3|36000|789552
1200000|4|8059|16|4|2|2|480000|3|36000|551573
1200000|4|8059|16|4|0|0|360000|4|48005|376619
1200000|4|8059|16|4|1|1|840000|4|48005|790059
1200000|4|8059|16|4|2|2|480000|4|48005|556800
1200000|4|8059|16|5|0|0|360000|0|0|377109
1200000|4|8059|16|5|1|1|840000|0|0|794115
1200000|4|8059|16|5|2|2|480000|0|0|490735
1200000|4|8059|16|5|0|0|360000|1|11993|390464
1200000|4|8059|16|5|1|1|840000|1|11993|787523
1200000|4|8059|16|5|2|2|480000|1|11993|506490
1200000|4|8059|16|5|0|0|360000|2|23993|395882
1200000|4|8059|16|5|1|1|840000|2|23993|785846
1200000|4|8059|16|5|2|2|480000|2|23993|515575
1200000|4|8059|16|5|0|0|360000|3|35995|398459
1200000|4|8059|16|5|1|1|840000|3|35995|786781
1200000|4|8059|16|5|2|2|480000|3|35995|521037
1200000|4|8059|16|5|0|0|360000|4|47999|399821
1200000|4|8059|16|5|1|1|840000|4|47999|787875
1200000|4|8059|16|5|2|2|480000|4|47999|523805
1200000|4|8060|16|1|0|0|360000|0|0|337446
1200000|4|8060|16|1|1|1|840000|0|0|798402
1200000|4|8060|16|1|2|2|480000|0|0|525874
1200000|4|8060|16|1|0|0|360000|1|11992|349005
1200000|4|8060|16|1|1|1|840000|1|11992|794387
1200000|4|8060|16|1|2|2|480000|1|11992|543034
1200000|4|8060|16|1|0|0|360000|2|23994|356025
1200000|4|8060|16|1|1|1|840000|2|23994|793725
1200000|4|8060|16|1|2|2|480000|2|23994|551068
1200000|4|8060|16|1|0|0|360000|3|35996|360942
1200000|4|8060|16|1|1|1|840000|3|35996|795248
1200000|4|8060|16|1|2|2|480000|3|35996|554070
1200000|4|8060|16|1|0|0|360000|4|47999|363906
1200000|4|8060|16|1|1|1|840000|4|47999|797781
1200000|4|8060|16|1|2|2|480000|4|47999|556290
1200000|4|8060|16|2|0|0|360000|0|0|354762
1200000|4|8060|16|2|1|1|840000|0|0|799575
1200000|4|8060|16|2|2|2|480000|0|0|508829
1200000|4|8060|16|2|0|0|360000|1|11989|368080
1200000|4|8060|16|2|1|1|840000|1|11989|797743
1200000|4|8060|16|2|2|2|480000|1|11989|521856
1200000|4|8060|16|2|0|0|360000|2|23987|375681
1200000|4|8060|16|2|1|1|840000|2|23987|797547
1200000|4|8060|16|2|2|2|480000|2|23987|527120
1200000|4|8060|16|2|0|0|360000|3|35986|380987
1200000|4|8060|16|2|1|1|840000|3|35986|799341
1200000|4|8060|16|2|2|2|480000|3|35986|528096
1200000|4|8060|16|2|0|0|360000|4|47987|383912
1200000|4|8060|16|2|1|1|840000|4|47987|802071
1200000|4|8060|16|2|2|2|480000|4|47987|527901
1200000|4|8060|16|3|0|0|360000|0|0|377226
1200000|4|8060|16|3|1|1|840000|0|0|799769
1200000|4|8060|16|3|2|2|480000|0|0|487779
1200000|4|8060|16|3|0|0|360000|1|11988|392102
1200000|4|8060|16|3|1|1|840000|1|11988|797780
1200000|4|8060|16|3|2|2|480000|1|11988|499428
1200000|4|8060|16|3|0|0|360000|2|23984|400332
1200000|4|8060|16|3|1|1|840000|2|23984|799652
1200000|4|8060|16|3|2|2|480000|2|23984|504852
1200000|4|8060|16|3|0|0|360000|3|35983|405754
1200000|4|8060|16|3|1|1|840000|3|35983|803124
1200000|4|8060|16|3|2|2|480000|3|35983|505672
1200000|4|8060|16|3|0|0|360000|4|47984|408404
1200000|4|8060|16|3|1|1|840000|4|47984|807258
1200000|4|8060|16|3|2|2|480000|4|47984|505047
1200000|4|8060|16|4|0|0|360000|0|0|378240
1200000|4|8060|16|4|1|1|840000|0|0|802657
1200000|4|8060|16|4|2|2|480000|0|0|488247
1200000|4|8060|16|4|0|0|360000|1|11987|394247
1200000|4|8060|16|4|1|1|840000|1|11987|800316
1200000|4|8060|16|4|2|2|480000|1|11987|500250
1200000|4|8060|16|4|0|0|360000|2|23983|403102
1200000|4|8060|16|4|1|1|840000|2|23983|802148
1200000|4|8060|16|4|2|2|480000|2|23983|504852
1200000|4|8060|16|4|0|0|360000|3|35982|408675
1200000|4|8060|16|4|1|1|840000|3|35982|806318
1200000|4|8060|16|4|2|2|480000|3|35982|505555
1200000|4|8060|16|4|0|0|360000|4|47982|411368
1200000|4|8060|16|4|1|1|840000|4|47982|811392
1200000|4|8060|16|4|2|2|480000|4|47982|505239
1200000|4|8060|16|5|0|0|360000|0|0|327343
1200000|4|8060|16|5|1|1|840000|0|0|802306
1200000|4|8060|16|5|2|2|480000|0|0|424989
1200000|4|8060|16|5|0|0|360000|1|11988|310485
1200000|4|8060|16|5|1|1|840000|1|11988|799498
1200000|4|8060|16|5|2|2|480000|1|11988|413523
1200000|4|8060|16|5|0|0|360000|2|23985|303036
1200000|4|8060|16|5|1|1|840000|2|23985|803981
1200000|4|8060|16|5|2|2|480000|2|23985|408336
1200000|4|8060|16|5|0|0|360000|3|35985|300150
1200000|4|8060|16|5|1|1|840000|3|35985|810338
1200000|4|8060|16|5|2|2|480000|3|35985|406308
1200000|4|8060|16|5|0|0|360000|4|47988|298707
1200000|4|8060|16|5|1|1|840000|4|47988|817359
1200000|4|8060|16|5|2|2|480000|4|47988|405138
1200000|4|8061|16|1|0|0|360000|0|0|319125
1200000|4|8061|16|1|1|1|840000|0|0|802772
1200000|4|8061|16|1|2|2|480000|0|0|437898
1200000|4|8061|16|1|0|0|360000|1|11990|301905
1200000|4|8061|16|1|1|1|840000|1|11990|800198
1200000|4|8061|16|1|2|2|480000|1|11990|429279
1200000|4|8061|16|1|0|0|360000|2|23987|294534
1200000|4|8061|16|1|1|1|840000|2|23987|802383
1200000|4|8061|16|1|2|2|480000|2|23987|425613
1200000|4|8061|16|1|0|0|360000|3|35988|291024
1200000|4|8061|16|1|1|1|840000|3|35988|807683
1200000|4|8061|16|1|2|2|480000|3|35988|424638
1200000|4|8061|16|1|0|0|360000|4|47990|291492
1200000|4|8061|16|1|1|1|840000|4|47990|813850
1200000|4|8061|16|1|2|2|480000|4|47990|424872
1200000|4|8061|16|2|0|0|360000|0|0|313860
1200000|4|8061|16|2|1|1|840000|0|0|800119
1200000|4|8061|16|2|2|2|480000|0|0|438678
1200000|4|8061|16|2|0|0|360000|1|11989|294768
1200000|4|8061|16|2|1|1|840000|1|11989|798482
1200000|4|8061|16|2|2|2|480000|1|11989|431619
1200000|4|8061|16|2|0|0|360000|2|23987|288645
1200000|4|8061|16|2|1|1|840000|2|23987|800120
1200000|4|8061|16|2|2|2|480000|2|23987|431697
1200000|4|8061|16|2|0|0|360000|3|35989|288255
1200000|4|8061|16|2|1|1|840000|3|35989|802656
1200000|4|8061|16|2|2|2|480000|3|35989|433491
1200000|4|8061|16|2|0|0|360000|4|47992|290244
1200000|4|8061|16|2|1|1|840000|4|47992|806282
1200000|4|8061|16|2|2|2|480000|4|47992|436221
1200000|4|8061|16|3|0|0|360000|0|0|384209
1200000|4|8061|16|3|1|1|840000|0|0|797195
1200000|4|8061|16|3|2|2|480000|0|0|547908
1200000|4|8061|16|3|0|0|360000|1|11993|408365
1200000|4|8061|16|3|1|1|840000|1|11993|801057
1200000|4|8061|16|3|2|2|480000|1|11993|573648
1200000|4|8061|16|3|0|0|360000|2|23993|421666
1200000|4|8061|16|3|1|1|840000|2|23993|806557
1200000|4|8061|16|3|2|2|480000|2|23993|588701
1200000|4|8061|16|3|0|0|360000|3|35996|428997
1200000|4|8061|16|3|1|1|840000|3|35996|812172
1200000|4|8061|16|3|2|2|480000|3|35996|598959
1200000|4|8061|16|3|0|0|360000|4|48001|434420
1200000|4|8061|16|3|1|1|840000|4|48001|817632
1200000|4|8061|16|3|2|2|480000|4|48001|606524
1200000|4|8061|16|4|0|0|360000|0|0|357102
1200000|4|8061|16|4|1|1|840000|0|0|800511
1200000|4|8061|16|4|2|2|480000|0|0|513585
1200000|4|8061|16|4|0|0|360000|1|11994|371276
1200000|4|8061|16|4|1|1|840000|1|11994|797664
1200000|4|8061|16|4|2|2|480000|1|11994|530786
1200000|4|8061|16|4|0|0|360000|2|23993|379194
1200000|4|8061|16|4|1|1|840000|2|23993|799457
1200000|4|8061|16|4|2|2|480000|2|23993|540887
1200000|4|8061|16|4|0|0|360000|3|35995|384068
1200000|4|8061|16|4|1|1|840000|3|35995|802499
1200000|4|8061|16|4|2|2|480000|3|35995|546581
1200000|4|8061|16|4|0|0|360000|4|47997|388358
1200000|4|8061|16|4|1|1|840000|4|47997|804995
1200000|4|8061|16|4|2|2|480000|4|47997|550791
1200000|4|8061|16|5|0|0|360000|0|0|303369
1200000|4|8061|16|5|1|1|840000|0|0|805191
1200000|4|8061|16|5|2|2|480000|0|0|446582
1200000|4|8061|16|5|0|0|360000|1|11990|282444
1200000|4|8061|16|5|1|1|840000|1|11990|806206
1200000|4|8061|16|5|2|2|480000|1|11990|436993
1200000|4|8061|16|5|0|0|360000|2|23987|275658
1200000|4|8061|16|5|1|1|840000|2|23987|809285
1200000|4|8061|16|5|2|2|480000|2|23987|432555
1200000|4|8061|16|5|0|0|360000|3|35988|274527
1200000|4|8061|16|5|1|1|840000|3|35988|814083
1200000|4|8061|16|5|2|2|480000|3|35988|431346
1200000|4|8061|16|5|0|0|360000|4|47990|275424
1200000|4|8061|16|5|1|1|840000|4|47990|819817
1200000|4|8061|16|5|2|2|480000|4|47990|430800
1200000|4|8062|16|1|0|0|360000|0|0|290070
1200000|4|8062|16|1|1|1|840000|0|0|799922
1200000|4|8062|16|1|2|2|480000|0|0|462148
1200000|4|8062|16|1|0|0|360000|1|11991|271212
1200000|4|8062|16|1|1|1|840000|1|11991|797430
1200000|4|8062|16|1|2|2|480000|1|11991|453880
1200000|4|8062|16|1|0|0|360000|2|23989|264777
1200000|4|8062|16|1|1|1|840000|2|23989|798834
1200000|4|8062|16|1|2|2|480000|2|23989|451186
1200000|4|8062|16|1|0|0|360000|3|35991|263334
1200000|4|8062|16|1|1|1|840000|3|35991|800978
1200000|4|8062|16|1|2|2|480000|3|35991|449666
1200000|4|8062|16|1|0|0|360000|4|47991|264153
1200000|4|8062|16|1|1|1|840000|4|47991|803395
1200000|4|8062|16|1|2|2|480000|4|47991|450213
1200000|4|8062|16|2|0|0|360000|0|0|362211
1200000|4|8062|16|2|1|1|840000|0|0|804255
1200000|4|8062|16|2|2|2|480000|0|0|510779
1200000|4|8062|16|2|0|0|360000|1|11991|377477
1200000|4|8062|16|2|1|1|840000|1|11991|805776
1200000|4|8062|16|2|2|2|480000|1|11991|527509
1200000|4|8062|16|2|0|0|360000|2|23989|387385
1200000|4|8062|16|2|1|1|840000|2|23989|809521
1200000|4|8062|16|2|2|2|480000|2|23989|536132
1200000|4|8062|16|2|0|0|360000|3|35989|394677
1200000|4|8062|16|2|1|1|840000|3|35989|814938
1200000|4|8062|16|2|2|2|480000|3|35989|540691
1200000|4|8062|16|2|0|0|360000|4|47991|400137
1200000|4|8062|16|2|1|1|840000|4|47991|820090
1200000|4|8062|16|2|2|2|480000|4|47991|543501
1200000|4|8062|16|3|0|0|360000|0|0|320763
1200000|4|8062|16|3|1|1|840000|0|0|808389
1200000|4|8062|16|3|2|2|480000|0|0|435753
1200000|4|8062|16|3|0|0|360000|1|11989|304323
1200000|4|8062|16|3|1|1|840000|1|11989|810378
1200000|4|8062|16|3|2|2|480000|1|11989|426393
1200000|4|8062|16|3|0|0|360000|2|23985|298551
1200000|4|8062|16|3|1|1|840000|2|23985|814472
1200000|4|8062|16|3|2|2|480000|2|23985|423429
1200000|4|8062|16|3|0|0|360000|3|35987|296835
1200000|4|8062|16|3|1|1|840000|3|35987|820908
1200000|4|8062|16|3|2|2|480000|3|35987|422805
1200000|4|8062|16|3|0|0|360000|4|47989|297459
1200000|4|8062|16|3|1|1|840000|4|47989|828393
1200000|4|8062|16|3|2|2|480000|4|47989|423195
1200000|4|8062|16|4|0|0|360000|0|0|322596
1200000|4|8062|16|4|1|1|840000|0|0|801680
1200000|4|8062|16|4|2|2|480000|0|0|437809
1200000|4|8062|16|4|0|0|360000|1|11992|306702
1200000|4|8062|16|4|1|1|840000|1|11992|800394
1200000|4|8062|16|4|2|2|480000|1|11992|431697
1200000|4|8062|16|4|0|0|360000|2|23991|300735
1200000|4|8062|16|4|1|1|840000|2|23991|803008
1200000|4|8062|16|4|2|2|480000|2|23991|430098
1200000|4|8062|16|4|0|0|360000|3|35993|299019
1200000|4|8062|16|4|1|1|840000|3|35993|806046
1200000|4|8062|16|4|2|2|480000|3|35993|429747
1200000|4|8062|16|4|0|0|360000|4|47994|299604
1200000|4|8062|16|4|1|1|840000|4|47994|809442
1200000|4|8062|16|4|2|2|480000|4|47994|431580
1200000|4|8062|16|5|0|0|360000|0|1|376758
1200000|4|8062|16|5|1|1|840000|0|1|803903
1200000|4|8062|16|5|2|2|480000|0|1|497247
1200000|4|8062|16|5|0|0|360000|1|11992|392416
1200000|4|8062|16|5|1|1|840000|1|11992|805110
1200000|4|8062|16|5|2|2|480000|1|11992|515303
1200000|4|8062|16|5|0|0|360000|2|23991|401540
1200000|4|8062|16|5|1|1|840000|2|23991|808700
1200000|4|8062|16|5|2|2|480000|2|23991|525715
1200000|4|8062|16|5|0|0|360000|3|35992|407508
1200000|4|8062|16|5|1|1|840000|3|35992|814196
1200000|4|8062|16|5|2|2|480000|3|35992|531606
1200000|4|8062|16|5|0|0|360000|4|47993|411642
1200000|4|8062|16|5|1|1|840000|4|47993|819777
1200000|4|8062|16|5|2|2|480000|4|47993|536363
1200000|4|8063|16|1|0|0|360000|0|0|331332
1200000|4|8063|16|1|1|1|840000|0|0|807647
1200000|4|8063|16|1|2|2|480000|0|0|428655
1200000|4|8063|16|1|0|0|360000|1|11989|313332
1200000|4|8063|16|1|1|1|840000|1|11989|809013
1200000|4|8063|16|1|2|2|480000|1|11989|421089
1200000|4|8063|16|1|0|0|360000|2|23986|306312
1200000|4|8063|16|1|1|1|840000|2|23986|814043
1200000|4|8063|16|1|2|2|480000|2|23986|418827
1200000|4|8063|16|1|0|0|360000|3|35987|304245
1200000|4|8063|16|1|1|1|840000|3|35987|821374
1200000|4|8063|16|1|2|2|480000|3|35987|419178
1200000|4|8063|16|1|0|0|360000|4|47988|303075
1200000|4|8063|16|1|1|1|840000|4|47988|829877
1200000|4|8063|16|1|2|2|480000|4|47988|419802
1200000|4|8063|16|2|0|0|360000|0|0|287301
1200000|4|8063|16|2|1|1|840000|0|0|801679
1200000|4|8063|16|2|2|2|480000|0|0|466826
1200000|4|8063|16|2|0|0|360000|1|11989|267117
1200000|4|8063|16|2|1|1|840000|1|11989|799069
1200000|4|8063|16|2|2|2|480000|1|11989|460196
1200000|4|8063|16|2|0|0|360000|2|23987|259239
1200000|4|8063|16|2|1|1|840000|2|23987|801098
1200000|4|8063|16|2|2|2|480000|2|23987|458285
1200000|4|8063|16|2|0|0|360000|3|35987|256587
1200000|4|8063|16|2|1|1|840000|3|35987|806868
1200000|4|8063|16|2|2|2|480000|3|35987|458756
1200000|4|8063|16|2|0|0|360000|4|47989|254832
1200000|4|8063|16|2|1|1|840000|4|47989|813655
1200000|4|8063|16|2|2|2|480000|4|47989|459379
1200000|4|8063|16|3|0|0|360000|0|0|321816
1200000|4|8063|16|3|1|1|840000|0|0|802887
1200000|4|8063|16|3|2|2|480000|0|0|436172
1200000|4|8063|16|3|0|0|360000|1|11991|304362
1200000|4|8063|16|3|1|1|840000|1|11991|800939
1200000|4|8063|16|3|2|2|480000|1|11991|429201
1200000|4|8063|16|3|0|0|360000|2|23990|298434
1200000|4|8063|16|3|1|1|840000|2|23990|803085
1200000|4|8063|16|3|2|2|480000|2|23990|427290
1200000|4|8063|16|3|0|0|360000|3|35992|297615
1200000|4|8063|16|3|1|1|840000|3|35992|806283
1200000|4|8063|16|3|2|2|480000|3|35992|426939
1200000|4|8063|16|3|0|0|360000|4|47994|298902
1200000|4|8063|16|3|1|1|840000|4|47994|810027
1200000|4|8063|16|3|2|2|480000|4|47994|428850
1200000|4|8063|16|4|0|0|360000|0|0|451950
1200000|4|8063|16|4|1|1|840000|0|0|800666
1200000|4|8063|16|4|2|2|480000|0|0|403266
1200000|4|8063|16|4|0|0|360000|1|11996|468618
1200000|4|8063|16|4|1|1|840000|1|11996|806673
1200000|4|8063|16|4|2|2|480000|1|11996|419685
1200000|4|8063|16|4|0|0|360000|2|23998|477705
1200000|4|8063|16|4|1|1|840000|2|23998|813264
1200000|4|8063|16|4|2|2|480000|2|23998|429006
1200000|4|8063|16|4|0|0|360000|3|36003|482896
1200000|4|8063|16|4|1|1|840000|3|36003|818803
1200000|4|8063|16|4|2|2|480000|3|36003|435714
1200000|4|8063|16|4|0|0|360000|4|48008|486441
1200000|4|8063|16|4|1|1|840000|4|48008|823326
1200000|4|8063|16|4|2|2|480000|4|48008|440238
1200000|4|8063|16|5|0|0|360000|0|0|401053
1200000|4|8063|16|5|1|1|840000|0|0|794818
1200000|4|8063|16|5|2|2|480000|0|0|530201
1200000|4|8063|16|5|0|0|360000|1|11995|422559
1200000|4|8063|16|5|1|1|840000|1|11995|795950
1200000|4|8063|16|5|2|2|480000|1|11995|555084
1200000|4|8063|16|5|0|0|360000|2|23997|432351
1200000|4|8063|16|5|1|1|840000|2|23997|798405
1200000|4|8063|16|5|2|2|480000|2|23997|569124
1200000|4|8063|16|5|0|0|360000|3|36002|438045
1200000|4|8063|16|5|1|1|840000|3|36002|801484
1200000|4|8063|16|5|2|2|480000|3|36002|577470
1200000|4|8063|16|5|0|0|360000|4|48007|441944
1200000|4|8063|16|5|1|1|840000|4|48007|804449
1200000|4|8063|16|5|2|2|480000|4|48007|582227
1200000|4|8064|16|1|0|0|360000|0|1|378591
1200000|4|8064|16|1|1|1|840000|0|1|802149
1200000|4|8064|16|1|2|2|480000|0|1|491397
1200000|4|8064|16|1|0|0|360000|1|11993|393585
1200000|4|8064|16|1|1|1|840000|1|11993|801834
1200000|4|8064|16|1|2|2|480000|1|11993|506021
1200000|4|8064|16|1|0|0|360000|2|23992|401735
1200000|4|8064|16|1|1|1|840000|2|23992|804021
1200000|4|8064|16|1|2|2|480000|2|23992|513122
1200000|4|8064|16|1|0|0|360000|3|35993|407117
1200000|4|8064|16|1|1|1|840000|3|35993|808272
1200000|4|8064|16|1|2|2|480000|3|35993|515888
1200000|4|8064|16|1|0|0|360000|4|47995|410316
1200000|4|8064|16|1|1|1|840000|4|47995|812757
1200000|4|8064|16|1|2|2|480000|4|47995|517098
1200000|4|8064|16|2|0|0|360000|0|0|379527
1200000|4|8064|16|2|1|1|840000|0|0|802536
1200000|4|8064|16|2|2|2|480000|0|0|489212
1200000|4|8064|16|2|0|0|360000|1|11989|395341
1200000|4|8064|16|2|1|1|840000|1|11989|801328
1200000|4|8064|16|2|2|2|480000|1|11989|503097
1200000|4|8064|16|2|0|0|360000|2|23987|404661
1200000|4|8064|16|2|1|1|840000|2|23987|804098
1200000|4|8064|16|2|2|2|480000|2|23987|508986
1200000|4|8064|16|2|0|0|360000|3|35988|410355
1200000|4|8064|16|2|1|1|840000|3|35988|808700
1200000|4|8064|16|2|2|2|480000|3|35988|511676
1200000|4|8064|16|2|0|0|360000|4|47991|413981
1200000|4|8064|16|2|1|1|840000|4|47991|814199
1200000|4|8064|16|2|2|2|480000|4|47991|513393
1200000|4|8064|16|3|0|0|360000|0|0|376054
1200000|4|8064|16|3|1|1|840000|0|0|803864
1200000|4|8064|16|3|2|2|480000|0|0|491866
1200000|4|8064|16|3|0|0|360000|1|11991|391870
1200000|4|8064|16|3|1|1|840000|1|11991|803786
1200000|4|8064|16|3|2|2|480000|1|11991|505982
1200000|4|8064|16|3|0|0|360000|2|23991|400683
1200000|4|8064|16|3|1|1|840000|2|23991|807297
1200000|4|8064|16|3|2|2|480000|2|23991|511988
1200000|4|8064|16|3|0|0|360000|3|35993|405402
1200000|4|8064|16|3|1|1|840000|3|35993|812444
1200000|4|8064|16|3|2|2|480000|3|35993|514953
1200000|4|8064|16|3|0|0|360000|4|47996|407974
1200000|4|8064|16|3|1|1|840000|4|47996|818526
1200000|4|8064|16|3|2|2|480000|4|47996|516864
1200000|4|8064|16|4|0|0|360000|0|0|337794
1200000|4|8064|16|4|1|1|840000|0|0|803082
1200000|4|8064|16|4|2|2|480000|0|0|527160
1200000|4|8064|16|4|0|0|360000|1|11992|350059
1200000|4|8064|16|4|1|1|840000|1|11992|803164
1200000|4|8064|16|4|2|2|480000|1|11992|541354
1200000|4|8064|16|4|0|0|360000|2|23991|357198
1200000|4|8064|16|4|1|1|840000|2|23991|806712
1200000|4|8064|16|4|2|2|480000|2|23991|548141
1200000|4|8064|16|4|0|0|360000|3|35995|361137
1200000|4|8064|16|4|1|1|840000|3|35995|811353
1200000|4|8064|16|4|2|2|480000|3|35995|551417
1200000|4|8064|16|4|0|0|360000|4|47998|363828
1200000|4|8064|16|4|1|1|840000|4|47998|815995
1200000|4|8064|16|4|2|2|480000|4|47998|553173
1200000|4|8064|16|5|0|0|360000|0|0|378083
1200000|4|8064|16|5|1|1|840000|0|0|804374
1200000|4|8064|16|5|2|2|480000|0|0|492134
1200000|4|8064|16|5|0|0|360000|1|11992|393545
1200000|4|8064|16|5|1|1|840000|1|11992|804528
1200000|4|8064|16|5|2|2|480000|1|11992|505475
1200000|4|8064|16|5|0|0|360000|2|23991|401891
1200000|4|8064|16|5|1|1|840000|2|23991|807493
1200000|4|8064|16|5|2|2|480000|2|23991|512613
1200000|4|8064|16|5|0|0|360000|3|35994|406180
1200000|4|8064|16|5|1|1|840000|3|35994|812287
1200000|4|8064|16|5|2|2|480000|3|35994|516317
1200000|4|8064|16|5|0|0|360000|4|47997|408675
1200000|4|8064|16|5|1|1|840000|4|47997|817005
1200000|4|8064|16|5|2|2|480000|4|47997|518501
1200000|4|8065|16|1|0|0|360000|0|0|357880
1200000|4|8065|16|1|1|1|840000|0|0|802071
1200000|4|8065|16|1|2|2|480000|0|0|509999
1200000|4|8065|16|1|0|0|360000|1|11993|371978
1200000|4|8065|16|1|1|1|840000|1|11993|801093
1200000|4|8065|16|1|2|2|480000|1|11993|523220
1200000|4|8065|16|1|0|0|360000|2|23992|378647
1200000|4|8065|16|1|1|1|840000|2|23992|802695
1200000|4|8065|16|1|2|2|480000|2|23992|530318
1200000|4|8065|16|1|0|0|360000|3|35994|382041
1200000|4|8065|16|1|1|1|840000|3|35994|805463
1200000|4|8065|16|1|2|2|480000|3|35994|533748
1200000|4|8065|16|1|0|0|360000|4|47998|384264
1200000|4|8065|16|1|1|1|840000|4|47998|808467
1200000|4|8065|16|1|2|2|480000|4|47998|535741
1200000|4|8065|16|2|0|0|360000|0|0|340957
1200000|4|8065|16|2|1|1|840000|0|0|800315
1200000|4|8065|16|2|2|2|480000|0|0|522480
1200000|4|8065|16|2|0|0|360000|1|11991|350920
1200000|4|8065|16|2|1|1|840000|1|11991|799340
1200000|4|8065|16|2|2|2|480000|1|11991|536013
1200000|4|8065|16|2|0|0|360000|2|23989|355287
1200000|4|8065|16|2|1|1|840000|2|23989|800666
1200000|4|8065|16|2|2|2|480000|2|23989|542719
1200000|4|8065|16|2|0|0|360000|3|35989|357783
1200000|4|8065|16|2|1|1|840000|3|35989|803242
1200000|4|8065|16|2|2|2|480000|3|35989|545842
1200000|4|8065|16|2|0|0|360000|4|47990|359851
1200000|4|8065|16|2|1|1|840000|4|47990|805386
1200000|4|8065|16|2|2|2|480000|4|47990|547437
1200000|4|8065|16|3|0|0|360000|0|0|377690
1200000|4|8065|16|3|1|1|840000|0|0|799770
1200000|4|8065|16|3|2|2|480000|0|0|490470
1200000|4|8065|16|3|0|0|360000|1|11991|392648
1200000|4|8065|16|3|1|1|840000|1|11991|798912
1200000|4|8065|16|3|2|2|480000|1|11991|505397
1200000|4|8065|16|3|0|0|360000|2|23990|401654
1200000|4|8065|16|3|1|1|840000|2|23990|800237
1200000|4|8065|16|3|2|2|480000|2|23990|512845
1200000|4|8065|16|3|0|0|360000|3|35992|407898
1200000|4|8065|16|3|1|1|840000|3|35992|802890
1200000|4|8065|16|3|2|2|480000|3|35992|516085
1200000|4|8065|16|3|0|0|360000|4|47994|411757
1200000|4|8065|16|3|1|1|840000|4|47994|806867
1200000|4|8065|16|3|2|2|480000|4|47994|517800
1200000|4|8065|16|4|0|0|360000|0|0|340214
1200000|4|8065|16|4|1|1|840000|0|0|800395
1200000|4|8065|16|4|2|2|480000|0|0|523885
1200000|4|8065|16|4|0|0|360000|1|11991|351580
1200000|4|8065|16|4|1|1|840000|1|11991|799884
1200000|4|8065|16|4|2|2|480000|1|11991|538119
1200000|4|8065|16|4|0|0|360000|2|23989|358134
1200000|4|8065|16|4|1|1|840000|2|23989|801058
1200000|4|8065|16|4|2|2|480000|2|23989|545569
1200000|4|8065|16|4|0|0|360000|3|35990|362424
1200000|4|8065|16|4|1|1|840000|3|35990|804098
1200000|4|8065|16|4|2|2|480000|3|35990|548334
1200000|4|8065|16|4|0|0|360000|4|47992|364959
1200000|4|8065|16|4|1|1|840000|4|47992|808310
1200000|4|8065|16|4|2|2|480000|4|47992|549352
1200000|4|8065|16|5|0|0|360000|0|0|379253
1200000|4|8065|16|5|1|1|840000|0|0|801993
1200000|4|8065|16|5|2|2|480000|0|0|487623
1200000|4|8065|16|5|0|0|360000|1|11989|394170
1200000|4|8065|16|5|1|1|840000|1|11989|800511
1200000|4|8065|16|5|2|2|480000|1|11989|500766
1200000|4|8065|16|5|0|0|360000|2|23986|402437
1200000|4|8065|16|5|1|1|840000|2|23986|802305
1200000|4|8065|16|5|2|2|480000|2|23986|507006
1200000|4|8065|16|5|0|0|360000|3|35988|407314
1200000|4|8065|16|5|1|1|840000|3|35988|806439
1200000|4|8065|16|5|2|2|480000|3|35988|509572
1200000|4|8065|16|5|0|0|360000|4|47990|410001
1200000|4|8065|16|5|1|1|840000|4|47990|811510
1200000|4|8065|16|5|2|2|480000|4|47990|510867
1200000|4|8066|16|1|0|0|360000|0|0|173226
1200000|4|8066|16|1|1|1|840000|0|0|811351
1200000|4|8066|16|1|2|2|480000|0|0|753009
1200000|4|8066|16|1|0|0|360000|1|11998|173829
1200000|4|8066|16|1|1|1|840000|1|11998|818177
1200000|4|8066|16|1|2|2|480000|1|11998|769310
1200000|4|8066|16|1|0|0|360000|2|23999|174687
1200000|4|8066|16|1|1|1|840000|2|23999|823364
1200000|4|8066|16|1|2|2|480000|2|23999|778086
1200000|4|8066|16|1|0|0|360000|3|36002|176481
1200000|4|8066|16|1|1|1|840000|3|36002|826954
1200000|4|8066|16|1|2|2|480000|3|36002|781633
1200000|4|8066|16|1|0|0|360000|4|48004|178275
1200000|4|8066|16|1|1|1|840000|4|48004|831206
1200000|4|8066|16|1|2|2|480000|4|48004|782802
1200000|4|8066|16|2|0|0|360000|0|0|298252
1200000|4|8066|16|2|1|1|840000|0|0|805928
1200000|4|8066|16|2|2|2|480000|0|0|451743
1200000|4|8066|16|2|0|0|360000|1|11992|278934
1200000|4|8066|16|2|1|1|840000|1|11992|807685
1200000|4|8066|16|2|2|2|480000|1|11992|440199
1200000|4|8066|16|2|0|0|360000|2|23990|272655
1200000|4|8066|16|2|1|1|840000|2|23990|810027
1200000|4|8066|16|2|2|2|480000|2|23990|433413
1200000|4|8066|16|2|0|0|360000|3|35990|271368
1200000|4|8066|16|2|1|1|840000|3|35990|814356
1200000|4|8066|16|2|2|2|480000|3|35990|429318
1200000|4|8066|16|2|0|0|360000|4|47990|272070
1200000|4|8066|16|2|1|1|840000|4|47990|819384
1200000|4|8066|16|2|2|2|480000|4|47990|426471
1200000|4|8066|16|3|0|0|360000|0|0|325551
1200000|4|8066|16|3|1|1|840000|0|0|798989
1200000|4|8066|16|3|2|2|480000|0|0|428772
1200000|4|8066|16|3|0|0|360000|1|11989|310787
1200000|4|8066|16|3|1|1|840000|1|11989|795671
1200000|4|8066|16|3|2|2|480000|1|11989|419724
1200000|4|8066|16|3|0|0|360000|2|23987|306028
1200000|4|8066|16|3|1|1|840000|2|23987|795168
1200000|4|8066|16|3|2|2|480000|2|23987|416565
1200000|4|8066|16|3|0|0|360000|3|35990|305756
1200000|4|8066|16|3|1|1|840000|3|35990|796103
1200000|4|8066|16|3|2|2|480000|3|35990|415746
1200000|4|8066|16|3|0|0|360000|4|47992|306027
1200000|4|8066|16|3|1|1|840000|4|47992|797624
1200000|4|8066|16|3|2|2|480000|4|47992|416370
1200000|4|8066|16|4|0|0|360000|0|0|379019
1200000|4|8066|16|4|1|1|840000|0|0|794350
1200000|4|8066|16|4|2|2|480000|0|0|481032
1200000|4|8066|16|4|0|0|360000|1|11995|388514
1200000|4|8066|16|4|1|1|840000|1|11995|796767
1200000|4|8066|16|4|2|2|480000|1|11995|488052
1200000|4|8066|16|4|0|0|360000|2|23997|395029
1200000|4|8066|16|4|1|1|840000|2|23997|800628
1200000|4|8066|16|4|2|2|480000|2|23997|493473
1200000|4|8066|16|4|0|0|360000|3|36001|399474
1200000|4|8066|16|4|1|1|840000|3|36001|804723
1200000|4|8066|16|4|2|2|480000|3|36001|498465
1200000|4|8066|16|4|0|0|360000|4|48007|402750
1200000|4|8066|16|4|1|1|840000|4|48007|807218
1200000|4|8066|16|4|2|2|480000|4|48007|503145
1200000|4|8066|16|5|0|0|360000|0|0|312135
1200000|4|8066|16|5|1|1|840000|0|0|798951
1200000|4|8066|16|5|2|2|480000|0|0|447570
1200000|4|8066|16|5|0|0|360000|1|11996|296476
1200000|4|8066|16|5|1|1|840000|1|11996|794232
1200000|4|8066|16|5|2|2|480000|1|11996|442539
1200000|4|8066|16|5|0|0|360000|2|23998|292144
1200000|4|8066|16|5|1|1|840000|2|23998|793800
1200000|4|8066|16|5|2|2|480000|2|23998|442032
1200000|4|8066|16|5|0|0|360000|3|36002|293042
1200000|4|8066|16|5|1|1|840000|3|36002|794973
1200000|4|8066|16|5|2|2|480000|3|36002|444333
1200000|4|8066|16|5|0|0|360000|4|48007|296202
1200000|4|8066|16|5|1|1|840000|4|48007|797780
1200000|4|8066|16|5|2|2|480000|4|48007|447102
1200000|4|8067|16|1|0|0|360000|0|0|347660
1200000|4|8067|16|1|1|1|840000|0|0|799026
1200000|4|8067|16|1|2|2|480000|0|0|415395
1200000|4|8067|16|1|0|0|360000|1|11995|335630
1200000|4|8067|16|1|1|1|840000|1|11995|794661
1200000|4|8067|16|1|2|2|480000|1|11995|411300
1200000|4|8067|16|1|0|0|360000|2|23997|333331
1200000|4|8067|16|1|1|1|840000|2|23997|794191
1200000|4|8067|16|1|2|2|480000|2|23997|411885
1200000|4|8067|16|1|0|0|360000|3|36000|335201
1200000|4|8067|16|1|1|1|840000|3|36000|794619
1200000|4|8067|16|1|2|2|480000|3|36000|414537
1200000|4|8067|16|1|0|0|360000|4|48005|337853
1200000|4|8067|16|1|1|1|840000|4|48005|795364
1200000|4|8067|16|1|2|2|480000|4|48005|418164
1200000|4|8067|16|2|0|0|360000|0|0|408894
1200000|4|8067|16|2|1|1|840000|0|0|789824
1200000|4|8067|16|2|2|2|480000|0|0|527169
1200000|4|8067|16|2|0|0|360000|1|11995|434263
1200000|4|8067|16|2|1|1|840000|1|11995|790449
1200000|4|8067|16|2|2|2|480000|1|11995|554118
1200000|4|8067|16|2|0|0|360000|2|23997|448262
1200000|4|8067|16|2|1|1|840000|2|23997|792556
1200000|4|8067|16|2|2|2|480000|2|23997|570215
1200000|4|8067|16|2|0|0|360000|3|36002|457077
1200000|4|8067|16|2|1|1|840000|3|36002|795791
1200000|4|8067|16|2|2|2|480000|3|36002|580784
1200000|4|8067|16|2|0|0|360000|4|48007|464097
1200000|4|8067|16|2|1|1|840000|4|48007|798402
1200000|4|8067|16|2|2|2|480000|4|48007|587533
1200000|4|8067|16|3|0|0|360000|0|0|361820
1200000|4|8067|16|3|1|1|840000|0|0|799692
1200000|4|8067|16|3|2|2|480000|0|0|508527
1200000|4|8067|16|3|0|0|360000|1|11991|379038
1200000|4|8067|16|3|1|1|840000|1|11991|799419
1200000|4|8067|16|3|2|2|480000|1|11991|524274
1200000|4|8067|16|3|0|0|360000|2|23989|390542
1200000|4|8067|16|3|1|1|840000|2|23989|801213
1200000|4|8067|16|3|2|2|480000|2|23989|533673
1200000|4|8067|16|3|0|0|360000|3|35990|400215
1200000|4|8067|16|3|1|1|840000|3|35990|804332
1200000|4|8067|16|3|2|2|480000|3|35990|538158
1200000|4|8067|16|3|0|0|360000|4|47992|407586
1200000|4|8067|16|3|1|1|840000|4|47992|808117
1200000|4|8067|16|3|2|2|480000|4|47992|540967
1200000|4|8067|16|4|0|0|360000|0|0|344191
1200000|4|8067|16|4|1|1|840000|0|0|800744
1200000|4|8067|16|4|2|2|480000|0|0|520695
1200000|4|8067|16|4|0|0|360000|1|11990|359265
1200000|4|8067|16|4|1|1|840000|1|11990|799771
1200000|4|8067|16|4|2|2|480000|1|11990|535075
1200000|4|8067|16|4|0|0|360000|2|23986|369519
1200000|4|8067|16|4|1|1|840000|2|23986|800395
1200000|4|8067|16|4|2|2|480000|2|23986|544124
1200000|4|8067|16|4|0|0|360000|3|35987|378062
1200000|4|8067|16|4|1|1|840000|3|35987|803162
1200000|4|8067|16|4|2|2|480000|3|35987|547712
1200000|4|8067|16|4|0|0|360000|4|47989|384147
1200000|4|8067|16|4|1|1|840000|4|47989|805854
1200000|4|8067|16|4|2|2|480000|4|47989|550093
1200000|4|8067|16|5|0|0|360000|0|0|286006
1200000|4|8067|16|5|1|1|840000|0|0|802498
1200000|4|8067|16|5|2|2|480000|0|0|462000
1200000|4|8067|16|5|0|0|360000|1|11989|266402
1200000|4|8067|16|5|1|1|840000|1|11989|802304
1200000|4|8067|16|5|2|2|480000|1|11989|452055
1200000|4|8067|16|5|0|0|360000|2|23985|261111
1200000|4|8067|16|5|1|1|840000|2|23985|803514
1200000|4|8067|16|5|2|2|480000|2|23985|449208
1200000|4|8067|16|5|0|0|360000|3|35986|261687
1200000|4|8067|16|5|1|1|840000|3|35986|806945
1200000|4|8067|16|5|2|2|480000|3|35986|449286
1200000|4|8067|16|5|0|0|360000|4|47989|264338
1200000|4|8067|16|5|1|1|840000|4|47989|810922
1200000|4|8067|16|5|2|2|480000|4|47989|450183
1200000|4|8068|16|1|0|0|360000|0|0|293570
1200000|4|8068|16|1|1|1|840000|0|0|798327
1200000|4|8068|16|1|2|2|480000|0|0|459543
1200000|4|8068|16|1|0|0|360000|1|11990|277325
1200000|4|8068|16|1|1|1|840000|1|11990|796571
1200000|4|8068|16|1|2|2|480000|1|11990|452523
1200000|4|8068|16|1|0|0|360000|2|23988|273474
1200000|4|8068|16|1|1|1|840000|2|23988|797078
1200000|4|8068|16|1|2|2|480000|2|23988|450729
1200000|4|8068|16|1|0|0|360000|3|35990|274751
1200000|4|8068|16|1|1|1|840000|3|35990|798130
1200000|4|8068|16|1|2|2|480000|3|35990|452679
1200000|4|8068|16|1|0|0|360000|4|47993|278573
1200000|4|8068|16|1|1|1|840000|4|47993|800587
1200000|4|8068|16|1|2|2|480000|4|47993|455565
1200000|4|8068|16|2|0|0|360000|0|0|364862
1200000|4|8068|16|2|1|1|840000|0|0|802073
1200000|4|8068|16|2|2|2|480000|0|0|509697
1200000|4|8068|16|2|0|0|360000|1|11992|383522
1200000|4|8068|16|2|1|1|840000|1|11992|802930
1200000|4|8068|16|2|2|2|480000|1|11992|527949
1200000|4|8068|16|2|0|0|360000|2|23992|396120
1200000|4|8068|16|2|1|1|840000|2|23992|805617
1200000|4|8068|16|2|2|2|480000|2|23992|538791
1200000|4|8068|16|2|0|0|360000|3|35994|405949
1200000|4|8068|16|2|1|1|840000|3|35994|809401
1200000|4|8068|16|2|2|2|480000|3|35994|544982
1200000|4|8068|16|2|0|0|360000|4|47997|414294
1200000|4|8068|16|2|1|1|840000|4|47997|814200
1200000|4|8068|16|2|2|2|480000|4|47997|549430
1200000|4|8068|16|3|0|0|360000|0|0|382684
1200000|4|8068|16|3|1|1|840000|0|0|800745
1200000|4|8068|16|3|2|2|480000|0|0|487701
1200000|4|8068|16|3|0|0|360000|1|11990|399434
1200000|4|8068|16|3|1|1|840000|1|11990|800198
1200000|4|8068|16|3|2|2|480000|1|11990|503574
1200000|4|8068|16|3|0|0|360000|2|23988|410082
1200000|4|8068|16|3|1|1|840000|2|23988|802031
1200000|4|8068|16|3|2|2|480000|2|23988|512622
1200000|4|8068|16|3|0|0|360000|3|35989|417687
1200000|4|8068|16|3|1|1|840000|3|35989|805619
1200000|4|8068|16|3|2|2|480000|3|35989|517224
1200000|4|8068|16|3|0|0|360000|4|47990|422836
1200000|4|8068|16|3|1|1|840000|4|47990|809675
1200000|4|8068|16|3|2|2|480000|4|47990|520227
1200000|4|8068|16|4|0|0|360000|0|0|330503
1200000|4|8068|16|4|1|1|840000|0|0|805971
1200000|4|8068|16|4|2|2|480000|0|0|426432
1200000|4|8068|16|4|0|0|360000|1|11989|314455
1200000|4|8068|16|4|1|1|840000|1|11989|804840
1200000|4|8068|16|4|2|2|480000|1|11989|418788
1200000|4|8068|16|4|0|0|360000|2|23987|309303
1200000|4|8068|16|4|1|1|840000|2|23987|807141
1200000|4|8068|16|4|2|2|480000|2|23987|417033
1200000|4|8068|16|4|0|0|360000|3|35988|308838
1200000|4|8068|16|4|1|1|840000|3|35988|811859
1200000|4|8068|16|4|2|2|480000|3|35988|417423
1200000|4|8068|16|4|0|0|360000|4|47990|308952
1200000|4|8068|16|4|1|1|840000|4|47990|817358
1200000|4|8068|16|4|2|2|480000|4|47990|418788
1200000|4|8068|16|5|0|0|360000|0|0|291035
1200000|4|8068|16|5|1|1|840000|0|0|799458
1200000|4|8068|16|5|2|2|480000|0|0|462741
1200000|4|8068|16|5|0|0|360000|1|11989|272725
1200000|4|8068|16|5|1|1|840000|1|11989|797193
1200000|4|8068|16|5|2|2|480000|1|11989|457164
1200000|4|8068|16|5|0|0|360000|2|23988|267302
1200000|4|8068|16|5|1|1|840000|2|23988|797664
1200000|4|8068|16|5|2|2|480000|2|23988|457164
1200000|4|8068|16|5|0|0|360000|3|35989|267616
1200000|4|8068|16|5|1|1|840000|3|35989|800004
1200000|4|8068|16|5|2|2|480000|3|35989|459426
1200000|4|8068|16|5|0|0|360000|4|47992|270186
1200000|4|8068|16|5|1|1|840000|4|47992|803276
1200000|4|8068|16|5|2|2|480000|4|47992|462585
1200000|4|8069|16|1|0|0|360000|0|0|345440
1200000|4|8069|16|1|1|1|840000|0|0|803710
1200000|4|8069|16|1|2|2|480000|0|0|528573
1200000|4|8069|16|1|0|0|360000|1|11990|361098
1200000|4|8069|16|1|1|1|840000|1|11990|803394
1200000|4|8069|16|1|2|2|480000|1|11990|548931
1200000|4|8069|16|1|0|0|360000|2|23990|372058
1200000|4|8069|16|1|1|1|840000|2|23990|806984
1200000|4|8069|16|1|2|2|480000|2|23990|560972
1200000|4|8069|16|1|0|0|360000|3|35993|380208
1200000|4|8069|16|1|1|1|840000|3|35993|812013
1200000|4|8069|16|1|2|2|480000|3|35993|568968
1200000|4|8069|16|1|0|0|360000|4|47996|386758
1200000|4|8069|16|1|1|1|840000|4|47996|817358
1200000|4|8069|16|1|2|2|480000|4|47996|576028
1200000|4|8069|16|2|0|0|360000|0|0|383699
1200000|4|8069|16|2|1|1|840000|0|0|805152
1200000|4|8069|16|2|2|2|480000|0|0|492459
1200000|4|8069|16|2|0|0|360000|1|11990|401852
1200000|4|8069|16|2|1|1|840000|1|11990|805075
1200000|4|8069|16|2|2|2|480000|1|11990|511101
1200000|4|8069|16|2|0|0|360000|2|23990|413242
1200000|4|8069|16|2|1|1|840000|2|23990|808934
1200000|4|8069|16|2|2|2|480000|2|23990|522099
1200000|4|8069|16|2|0|0|360000|3|35992|420961
1200000|4|8069|16|2|1|1|840000|3|35992|813576
1200000|4|8069|16|2|2|2|480000|3|35992|529236
1200000|4|8069|16|2|0|0|360000|4|47995|427126
1200000|4|8069|16|2|1|1|840000|4|47995|819111
1200000|4|8069|16|2|2|2|480000|4|47995|535008
1200000|4|8069|16|3|0|0|360000|0|0|359247
1200000|4|8069|16|3|1|1|840000|0|0|804449
1200000|4|8069|16|3|2|2|480000|0|0|513675
1200000|4|8069|16|3|0|0|360000|1|11991|375603
1200000|4|8069|16|3|1|1|840000|1|11991|804333
1200000|4|8069|16|3|2|2|480000|1|11991|530445
1200000|4|8069|16|3|0|0|360000|2|23990|385121
1200000|4|8069|16|3|1|1|840000|2|23990|807687
1200000|4|8069|16|3|2|2|480000|2|23990|539131
1200000|4|8069|16|3|0|0|360000|3|35992|391519
1200000|4|8069|16|3|1|1|840000|3|35992|812248
1200000|4|8069|16|3|2|2|480000|3|35992|544282
1200000|4|8069|16|3|0|0|360000|4|47994|396586
1200000|4|8069|16|3|1|1|840000|4|47994|815993
1200000|4|8069|16|3|2|2|480000|4|47994|548101
1200000|4|8069|16|4|0|0|360000|0|0|343296
1200000|4|8069|16|4|1|1|840000|0|0|798093
1200000|4|8069|16|4|2|2|480000|0|0|526662
1200000|4|8069|16|4|0|0|360000|1|11994|356420
1200000|4|8069|16|4|1|1|840000|1|11994|793374
1200000|4|8069|16|4|2|2|480000|1|11994|542447
1200000|4|8069|16|4|0|0|360000|2|23995|364218
1200000|4|8069|16|4|1|1|840000|2|23995|792594
1200000|4|8069|16|4|2|2|480000|2|23995|551770
1200000|4|8069|16|4|0|0|360000|3|35997|368781
1200000|4|8069|16|4|1|1|840000|3|35997|793295
1200000|4|8069|16|4|2|2|480000|3|35997|557696
1200000|4|8069|16|4|0|0|360000|4|48001|372446
1200000|4|8069|16|4|1|1|840000|4|48001|795167
1200000|4|8069|16|4|2|2|480000|4|48001|561324
1200000|4|8069|16|5|0|0|360000|0|0|357843
1200000|4|8069|16|5|1|1|840000|0|0|795284
1200000|4|8069|16|5|2|2|480000|0|0|510009
1200000|4|8069|16|5|0|0|360000|1|11994|371511
1200000|4|8069|16|5|1|1|840000|1|11994|789392
1200000|4|8069|16|5|2|2|480000|1|11994|525687
1200000|4|8069|16|5|0|0|360000|2|23994|379037
1200000|4|8069|16|5|1|1|840000|2|23994|788225
1200000|4|8069|16|5|2|2|480000|2|23994|534345
1200000|4|8069|16|5|0|0|360000|3|35996|384261
1200000|4|8069|16|5|1|1|840000|3|35996|789748
1200000|4|8069|16|5|2|2|480000|3|35996|539571
1200000|4|8069|16|5|0|0|360000|4|47998|388593
1200000|4|8069|16|5|1|1|840000|4|47998|791540
1200000|4|8069|16|5|2|2|480000|4|47998|541677
1200000|4|8070|16|1|0|0|360000|0|0|358429
1200000|4|8070|16|1|1|1|840000|0|0|800668
1200000|4|8070|16|1|2|2|480000|0|0|510321
1200000|4|8070|16|1|0|0|360000|1|11993|374009
1200000|4|8070|16|1|1|1|840000|1|11993|800473
1200000|4|8070|16|1|2|2|480000|1|11993|525492
1200000|4|8070|16|1|0|0|360000|2|23991|384148
1200000|4|8070|16|1|1|1|840000|2|23991|802421
1200000|4|8070|16|1|2|2|480000|2|23991|533877
1200000|4|8070|16|1|0|0|360000|3|35993|391753
1200000|4|8070|16|1|1|1|840000|3|35993|805738
1200000|4|8070|16|1|2|2|480000|3|35993|537582
1200000|4|8070|16|1|0|0|360000|4|47996|396858
1200000|4|8070|16|1|1|1|840000|4|47996|809519
1200000|4|8070|16|1|2|2|480000|4|47996|539571
1200000|4|8070|16|2|0|0|360000|0|0|343843
1200000|4|8070|16|2|1|1|840000|0|0|803789
1200000|4|8070|16|2|2|2|480000|0|0|524400
1200000|4|8070|16|2|0|0|360000|1|11990|357586
1200000|4|8070|16|2|1|1|840000|1|11990|803006
1200000|4|8070|16|2|2|2|480000|1|11990|540234
1200000|4|8070|16|2|0|0|360000|2|23990|366869
1200000|4|8070|16|2|1|1|840000|2|23990|806244
1200000|4|8070|16|2|2|2|480000|2|23990|547332
1200000|4|8070|16|2|0|0|360000|3|35991|372367
1200000|4|8070|16|2|1|1|840000|3|35991|810611
1200000|4|8070|16|2|2|2|480000|3|35991|550959
1200000|4|8070|16|2|0|0|360000|4|47994|376619
1200000|4|8070|16|2|1|1|840000|4|47994|815135
1200000|4|8070|16|2|2|2|480000|4|47994|553065
1200000|4|8070|16|3|0|0|360000|0|0|382763
1200000|4|8070|16|3|1|1|840000|0|0|803240
1200000|4|8070|16|3|2|2|480000|0|0|488208
1200000|4|8070|16|3|0|0|360000|1|11991|400369
1200000|4|8070|16|3|1|1|840000|1|11991|803085
1200000|4|8070|16|3|2|2|480000|1|11991|503067
1200000|4|8070|16|3|0|0|360000|2|23990|411370
1200000|4|8070|16|3|1|1|840000|2|23990|806323
1200000|4|8070|16|3|2|2|480000|2|23990|509814
1200000|4|8070|16|3|0|0|360000|3|35992|418233
1200000|4|8070|16|3|1|1|840000|3|35992|810377
1200000|4|8070|16|3|2|2|480000|3|35992|513480
1200000|4|8070|16|3|0|0|360000|4|47994|423457
1200000|4|8070|16|3|1|1|840000|4|47994|814902
1200000|4|8070|16|3|2|2|480000|4|47994|515547
1200000|4|8070|16|4|0|0|360000|0|0|342671
1200000|4|8070|16|4|1|1|840000|0|0|804137
1200000|4|8070|16|4|2|2|480000|0|0|526038
1200000|4|8070|16|4|0|0|360000|1|11991|357119
1200000|4|8070|16|4|1|1|840000|1|11991|804178
1200000|4|8070|16|4|2|2|480000|1|11991|541131
1200000|4|8070|16|4|0|0|360000|2|23990|365700
1200000|4|8070|16|4|1|1|840000|2|23990|807182
1200000|4|8070|16|4|2|2|480000|2|23990|548190
1200000|4|8070|16|4|0|0|360000|3|35992|371081
1200000|4|8070|16|4|1|1|840000|3|35992|811237
1200000|4|8070|16|4|2|2|480000|3|35992|552402
1200000|4|8070|16|4|0|0|360000|4|47995|374398
1200000|4|8070|16|4|1|1|840000|4|47995|814433
1200000|4|8070|16|4|2|2|480000|4|47995|554781
1200000|4|8070|16|5|0|0|360000|0|0|359949
1200000|4|8070|16|5|1|1|840000|0|0|796923
1200000|4|8070|16|5|2|2|480000|0|0|512349
1200000|4|8070|16|5|0|0|360000|1|11996|375762
1200000|4|8070|16|5|1|1|840000|1|11996|793333
1200000|4|8070|16|5|2|2|480000|1|11996|527052
1200000|4|8070|16|5|0|0|360000|2|23996|384030
1200000|4|8070|16|5|1|1|840000|2|23996|793568
1200000|4|8070|16|5|2|2|480000|2|23996|535710
1200000|4|8070|16|5|0|0|360000|3|35999|389567
1200000|4|8070|16|5|1|1|840000|3|35999|795126
1200000|4|8070|16|5|2|2|480000|3|35999|541209
1200000|4|8070|16|5|0|0|360000|4|48004|393470
1200000|4|8070|16|5|1|1|840000|4|48004|796724
1200000|4|8070|16|5|2|2|480000|4|48004|544836
1200000|4|8071|16|1|0|0|360000|0|0|360298
1200000|4|8071|16|1|1|1|840000|0|0|796374
1200000|4|8071|16|1|2|2|480000|0|0|509307
1200000|4|8071|16|1|0|0|360000|1|11994|374787
1200000|4|8071|16|1|1|1|840000|1|11994|791658
1200000|4|8071|16|1|2|2|480000|1|11994|525063
1200000|4|8071|16|1|0|0|360000|2|23994|382743
1200000|4|8071|16|1|1|1|840000|2|23994|791502
1200000|4|8071|16|1|2|2|480000|2|23994|534072
1200000|4|8071|16|1|0|0|360000|3|35997|388358
1200000|4|8071|16|1|1|1|840000|3|35997|793686
1200000|4|8071|16|1|2|2|480000|3|35997|539298
1200000|4|8071|16|1|0|0|360000|4|48001|393040
1200000|4|8071|16|1|1|1|840000|4|48001|796651
1200000|4|8071|16|1|2|2|480000|4|48001|541677
1200000|4|8071|16|2|0|0|360000|0|0|379372
1200000|4|8071|16|2|1|1|840000|0|0|801564
1200000|4|8071|16|2|2|2|480000|0|0|489339
1200000|4|8071|16|2|0|0|360000|1|11993|395769
1200000|4|8071|16|2|1|1|840000|1|11993|802421
1200000|4|8071|16|2|2|2|480000|1|11993|503496
1200000|4|8071|16|2|0|0|360000|2|23992|406065
1200000|4|8071|16|2|1|1|840000|2|23992|805271
1200000|4|8071|16|2|2|2|480000|2|23992|510282
1200000|4|8071|16|2|0|0|360000|3|35994|413242
1200000|4|8071|16|2|1|1|840000|3|35994|809521
1200000|4|8071|16|2|2|2|480000|3|35994|512856
1200000|4|8071|16|2|0|0|360000|4|47997|418039
1200000|4|8071|16|2|1|1|840000|4|47997|814551
1200000|4|8071|16|2|2|2|480000|4|47997|513753
1200000|4|8071|16|3|0|0|360000|0|0|357804
1200000|4|8071|16|3|1|1|840000|0|0|801682
1200000|4|8071|16|3|2|2|480000|0|0|507435
1200000|4|8071|16|3|0|0|360000|1|11989|373110
1200000|4|8071|16|3|1|1|840000|1|11989|801798
1200000|4|8071|16|3|2|2|480000|1|11989|520188
1200000|4|8071|16|3|0|0|360000|2|23986|382157
1200000|4|8071|16|3|1|1|840000|2|23986|803632
1200000|4|8071|16|3|2|2|480000|2|23986|527091
1200000|4|8071|16|3|0|0|360000|3|35989|388516
1200000|4|8071|16|3|1|1|840000|3|35989|807960
1200000|4|8071|16|3|2|2|480000|3|35989|529314
1200000|4|8071|16|3|0|0|360000|4|47992|393116
1200000|4|8071|16|3|1|1|840000|4|47992|811938
1200000|4|8071|16|3|2|2|480000|4|47992|530211
1200000|4|8071|16|4|0|0|360000|0|0|286122
1200000|4|8071|16|4|1|1|840000|0|0|805347
1200000|4|8071|16|4|2|2|480000|0|0|460674
1200000|4|8071|16|4|0|0|360000|1|11990|265272
1200000|4|8071|16|4|1|1|840000|1|11990|805931
1200000|4|8071|16|4|2|2|480000|1|11990|448818
1200000|4|8071|16|4|0|0|360000|2|23986|257355
1200000|4|8071|16|4|1|1|840000|2|23986|808231
1200000|4|8071|16|4|2|2|480000|2|23986|443592
1200000|4|8071|16|4|0|0|360000|3|35988|255173
1200000|4|8071|16|4|1|1|840000|3|35988|812483
1200000|4|8071|16|4|2|2|480000|3|35988|441291
1200000|4|8071|16|4|0|0|360000|4|47991|255096
1200000|4|8071|16|4|1|1|840000|4|47991|817945
1200000|4|8071|16|4|2|2|480000|4|47991|439419
1200000|4|8071|16|5|0|0|360000|0|1|288146
1200000|4|8071|16|5|1|1|840000|0|1|797665
1200000|4|8071|16|5|2|2|480000|0|1|465549
1200000|4|8071|16|5|0|0|360000|1|11995|269332
1200000|4|8071|16|5|1|1|840000|1|11995|794271
1200000|4|8071|16|5|2|2|480000|1|11995|457905
1200000|4|8071|16|5|0|0|360000|2|23996|262814
1200000|4|8071|16|5|1|1|840000|2|23996|794506
1200000|4|8071|16|5|2|2|480000|2|23996|454317
1200000|4|8071|16|5|0|0|360000|3|35998|261489
1200000|4|8071|16|5|1|1|840000|3|35998|795947
1200000|4|8071|16|5|2|2|480000|3|35998|454317
1200000|4|8071|16|5|0|0|360000|4|48002|262273
1200000|4|8071|16|5|1|1|840000|4|48002|797743
1200000|4|8071|16|5|2|2|480000|4|48002|456462
1200000|4|8072|16|1|0|0|360000|0|0|379253
1200000|4|8072|16|1|1|1|840000|0|0|805425
1200000|4|8072|16|1|2|2|480000|0|0|495033
1200000|4|8072|16|1|0|0|360000|1|11992|395614
1200000|4|8072|16|1|1|1|840000|1|11992|807607
1200000|4|8072|16|1|2|2|480000|1|11992|511725
1200000|4|8072|16|1|0|0|360000|2|23992|406025
1200000|4|8072|16|1|1|1|840000|2|23992|811585
1200000|4|8072|16|1|2|2|480000|2|23992|520968
1200000|4|8072|16|1|0|0|360000|3|35994|413241
1200000|4|8072|16|1|1|1|840000|3|35994|817358
1200000|4|8072|16|1|2|2|480000|3|35994|526857
1200000|4|8072|16|1|0|0|360000|4|47999|417921
1200000|4|8072|16|1|1|1|840000|4|47999|822507
1200000|4|8072|16|1|2|2|480000|4|47999|530562
1200000|4|8072|16|2|0|0|360000|0|1|306284
1200000|4|8072|16|2|1|1|840000|0|1|808664
1200000|4|8072|16|2|2|2|480000|0|1|448038
1200000|4|8072|16|2|0|0|360000|1|11991|288791
1200000|4|8072|16|2|1|1|840000|1|11991|810961
1200000|4|8072|16|2|2|2|480000|1|11991|438483
1200000|4|8072|16|2|0|0|360000|2|23989|282824
1200000|4|8072|16|2|1|1|840000|2|23989|815137
1200000|4|8072|16|2|2|2|480000|2|23989|434583
1200000|4|8072|16|2|0|0|360000|3|35991|281576
1200000|4|8072|16|2|1|1|840000|3|35991|821454
1200000|4|8072|16|2|2|2|480000|3|35991|433647
1200000|4|8072|16|2|0|0|360000|4|47993|281574
1200000|4|8072|16|2|1|1|840000|4|47993|828942
1200000|4|8072|16|2|2|2|480000|4|47993|433881
1200000|4|8072|16|3|0|0|360000|0|0|306362
1200000|4|8072|16|3|1|1|840000|0|0|802888
1200000|4|8072|16|3|2|2|480000|0|0|453810
1200000|4|8072|16|3|0|0|360000|1|11992|289611
1200000|4|8072|16|3|1|1|840000|1|11992|801211
1200000|4|8072|16|3|2|2|480000|1|11992|448038
1200000|4|8072|16|3|0|0|360000|2|23991|283801
1200000|4|8072|16|3|1|1|840000|2|23991|804294
1200000|4|8072|16|3|2|2|480000|2|23991|447180
1200000|4|8072|16|3|0|0|360000|3|35994|281615
1200000|4|8072|16|3|1|1|840000|3|35994|811431
1200000|4|8072|16|3|2|2|480000|3|35994|447219
1200000|4|8072|16|3|0|0|360000|4|47996|282240
1200000|4|8072|16|3|1|1|840000|4|47996|818529
1200000|4|8072|16|3|2|2|480000|4|47996|450144
1200000|4|8072|16|4|0|0|360000|0|0|349418
1200000|4|8072|16|4|1|1|840000|0|0|804098
1200000|4|8072|16|4|2|2|480000|0|0|412509
1200000|4|8072|16|4|0|0|360000|1|11991|334618
1200000|4|8072|16|4|1|1|840000|1|11991|803474
1200000|4|8072|16|4|2|2|480000|1|11991|406815
1200000|4|8072|16|4|0|0|360000|2|23992|329625
1200000|4|8072|16|4|1|1|840000|2|23992|806126
1200000|4|8072|16|4|2|2|480000|2|23992|406269
1200000|4|8072|16|4|0|0|360000|3|35994|329584
1200000|4|8072|16|4|1|1|840000|3|35994|811003
1200000|4|8072|16|4|2|2|480000|3|35994|406737
1200000|4|8072|16|4|0|0|360000|4|47996|331224
1200000|4|8072|16|4|1|1|840000|4|47996|816501
1200000|4|8072|16|4|2|2|480000|4|47996|408765
1200000|4|8072|16|5|0|0|360000|0|0|386782
1200000|4|8072|16|5|1|1|840000|0|0|806985
1200000|4|8072|16|5|2|2|480000|0|0|555444
1200000|4|8072|16|5|0|0|360000|1|11994|410120
1200000|4|8072|16|5|1|1|840000|1|11994|813615
1200000|4|8072|16|5|2|2|480000|1|11994|581457
1200000|4|8072|16|5|0|0|360000|2|23996|423576
1200000|4|8072|16|5|1|1|840000|2|23996|822467
1200000|4|8072|16|5|2|2|480000|2|23996|597048
1200000|4|8072|16|5|0|0|360000|3|36002|431337
1200000|4|8072|16|5|1|1|840000|3|36002|831907
1200000|4|8072|16|5|2|2|480000|3|36002|606826
1200000|4|8072|16|5|0|0|360000|4|48009|436759
1200000|4|8072|16|5|1|1|840000|4|48009|841538
1200000|4|8072|16|5|2|2|480000|4|48009|613302
1200000|4|8073|16|1|0|0|360000|0|0|323873
1200000|4|8073|16|1|1|1|840000|0|0|836313
1200000|4|8073|16|1|2|2|480000|0|0|535554
1200000|4|8073|16|1|0|0|360000|1|11987|331028
1200000|4|8073|16|1|1|1|840000|1|11987|845244
1200000|4|8073|16|1|2|2|480000|1|11987|547098
1200000|4|8073|16|1|0|0|360000|2|23986|335123
1200000|4|8073|16|1|1|1|840000|2|23986|852847
1200000|4|8073|16|1|2|2|480000|2|23986|555171
1200000|4|8073|16|1|0|0|360000|3|35990|337971
1200000|4|8073|16|1|1|1|840000|3|35990|858736
1200000|4|8073|16|1|2|2|480000|3|35990|560319
1200000|4|8073|16|1|0|0|360000|4|47994|339842
1200000|4|8073|16|1|1|1|840000|4|47994|863566
1200000|4|8073|16|1|2|2|480000|4|47994|563595
1200000|4|8073|16|2|0|0|360000|0|0|351992
1200000|4|8073|16|2|1|1|840000|0|0|800005
1200000|4|8073|16|2|2|2|480000|0|0|520968
1200000|4|8073|16|2|0|0|360000|1|11997|364765
1200000|4|8073|16|2|1|1|840000|1|11997|799848
1200000|4|8073|16|2|2|2|480000|1|11997|539220
1200000|4|8073|16|2|0|0|360000|2|24000|372017
1200000|4|8073|16|2|1|1|840000|2|24000|802928
1200000|4|8073|16|2|2|2|480000|2|24000|550062
1200000|4|8073|16|2|0|0|360000|3|36006|376892
1200000|4|8073|16|2|1|1|840000|3|36006|807763
1200000|4|8073|16|2|2|2|480000|3|36006|557472
1200000|4|8073|16|2|0|0|360000|4|48014|379272
1200000|4|8073|16|2|1|1|840000|4|48014|812561
1200000|4|8073|16|2|2|2|480000|4|48014|564258
1200000|4|8073|16|3|0|0|360000|0|0|379136
1200000|4|8073|16|3|1|1|840000|0|0|806594
1200000|4|8073|16|3|2|2|480000|0|0|494175
1200000|4|8073|16|3|0|0|360000|1|11992|394677
1200000|4|8073|16|3|1|1|840000|1|11992|805737
1200000|4|8073|16|3|2|2|480000|1|11992|510165
1200000|4|8073|16|3|0|0|360000|2|23993|403608
1200000|4|8073|16|3|1|1|840000|2|23993|808779
1200000|4|8073|16|3|2|2|480000|2|23993|518472
1200000|4|8073|16|3|0|0|360000|3|35995|408791
1200000|4|8073|16|3|1|1|840000|3|35995|813927
1200000|4|8073|16|3|2|2|480000|3|35995|523152
1200000|4|8073|16|3|0|0|360000|4|48000|411251
1200000|4|8073|16|3|1|1|840000|4|48000|820010
1200000|4|8073|16|3|2|2|480000|4|48000|526545
1200000|4|8073|16|4|0|0|360000|0|0|378551
1200000|4|8073|16|4|1|1|840000|0|0|805347
1200000|4|8073|16|4|2|2|480000|0|0|493590
1200000|4|8073|16|4|0|0|360000|1|11992|393858
1200000|4|8073|16|4|1|1|840000|1|11992|804255
1200000|4|8073|16|4|2|2|480000|1|11992|509112
1200000|4|8073|16|4|0|0|360000|2|23992|402517
1200000|4|8073|16|4|1|1|840000|2|23992|807024
1200000|4|8073|16|4|2|2|480000|2|23992|517692
1200000|4|8073|16|4|0|0|360000|3|35996|407977
1200000|4|8073|16|4|1|1|840000|3|35996|811938
1200000|4|8073|16|4|2|2|480000|3|35996|521631
1200000|4|8073|16|4|0|0|360000|4|48000|410822
1200000|4|8073|16|4|1|1|840000|4|48000|818831
1200000|4|8073|16|4|2|2|480000|4|48000|524634
1200000|4|8073|16|5|0|0|360000|0|0|376796
1200000|4|8073|16|5|1|1|840000|0|0|806787
1200000|4|8073|16|5|2|2|480000|0|0|497217
1200000|4|8073|16|5|0|0|360000|1|11993|391283
1200000|4|8073|16|5|1|1|840000|1|11993|806284
1200000|4|8073|16|5|2|2|480000|1|11993|513168
1200000|4|8073|16|5|0|0|360000|2|23994|399591
1200000|4|8073|16|5|1|1|840000|2|23994|809391
1200000|4|8073|16|5|2|2|480000|2|23994|520851
1200000|4|8073|16|5|0|0|360000|3|35996|404817
1200000|4|8073|16|5|1|1|840000|3|35996|814932
1200000|4|8073|16|5|2|2|480000|3|35996|524868
1200000|4|8073|16|5|0|0|360000|4|48001|406924
1200000|4|8073|16|5|1|1|840000|4|48001|821327
1200000|4|8073|16|5|2|2|480000|4|48001|527703
1200000|4|8074|16|1|0|0|360000|0|0|375431
1200000|4|8074|16|1|1|1|840000|0|0|806246
1200000|4|8074|16|1|2|2|480000|0|0|496710
1200000|4|8074|16|1|0|0|360000|1|11992|389957
1200000|4|8074|16|1|1|1|840000|1|11992|805037
1200000|4|8074|16|1|2|2|480000|1|11992|512193
1200000|4|8074|16|1|0|0|360000|2|23992|397369
1200000|4|8074|16|1|1|1|840000|2|23992|807283
1200000|4|8074|16|1|2|2|480000|2|23992|520695
1200000|4|8074|16|1|0|0|360000|3|35996|401615
1200000|4|8074|16|1|1|1|840000|3|35996|812164
1200000|4|8074|16|1|2|2|480000|3|35996|525013
1200000|4|8074|16|1|0|0|360000|4|48001|403218
1200000|4|8074|16|1|1|1|840000|4|48001|817817
1200000|4|8074|16|1|2|2|480000|4|48001|528135
1200000|4|8074|16|2|0|0|360000|0|0|357023
1200000|4|8074|16|2|1|1|840000|0|0|805802
1200000|4|8074|16|2|2|2|480000|0|0|515069
1200000|4|8074|16|2|0|0|360000|1|11992|371083
1200000|4|8074|16|2|1|1|840000|1|11992|806035
1200000|4|8074|16|2|2|2|480000|1|11992|531138
1200000|4|8074|16|2|0|0|360000|2|23993|378842
1200000|4|8074|16|2|1|1|840000|2|23993|809898
1200000|4|8074|16|2|2|2|480000|2|23993|539173
1200000|4|8074|16|2|0|0|360000|3|35997|383133
1200000|4|8074|16|2|1|1|840000|3|35997|815439
1200000|4|8074|16|2|2|2|480000|3|35997|543773
1200000|4|8074|16|2|0|0|360000|4|48002|385357
1200000|4|8074|16|2|1|1|840000|4|48002|821639
1200000|4|8074|16|2|2|2|480000|4|48002|546894
1200000|4|8074|16|3|0|0|360000|0|0|377927
1200000|4|8074|16|3|1|1|840000|0|0|807521
1200000|4|8074|16|3|2|2|480000|0|0|495920
1200000|4|8074|16|3|0|0|360000|1|11993|393350
1200000|4|8074|16|3|1|1|840000|1|11993|808692
1200000|4|8074|16|3|2|2|480000|1|11993|512924
1200000|4|8074|16|3|0|0|360000|2|23995|402009
1200000|4|8074|16|3|1|1|840000|2|23995|812861
1200000|4|8074|16|3|2|2|480000|2|23995|521699
1200000|4|8074|16|3|0|0|360000|3|36000|406652
1200000|4|8074|16|3|1|1|840000|3|36000|819028
1200000|4|8074|16|3|2|2|480000|3|36000|527002
1200000|4|8074|16|3|0|0|360000|4|48006|408639
1200000|4|8074|16|3|1|1|840000|4|48006|825656
1200000|4|8074|16|3|2|2|480000|4|48006|531294
1200000|4|8074|16|4|0|0|360000|0|0|339280
1200000|4|8074|16|4|1|1|840000|0|0|806119
1200000|4|8074|16|4|2|2|480000|0|0|531135
1200000|4|8074|16|4|0|0|360000|1|11994|350843
1200000|4|8074|16|4|1|1|840000|1|11994|807289
1200000|4|8074|16|4|2|2|480000|1|11994|547749
1200000|4|8074|16|4|0|0|360000|2|23997|356808
1200000|4|8074|16|4|1|1|840000|2|23997|811693
1200000|4|8074|16|4|2|2|480000|2|23997|557072
1200000|4|8074|16|4|0|0|360000|3|36002|359500
1200000|4|8074|16|4|1|1|840000|3|36002|817036
1200000|4|8074|16|4|2|2|480000|3|36002|562377
1200000|4|8074|16|4|0|0|360000|4|48007|360045
1200000|4|8074|16|4|1|1|840000|4|48007|822340
1200000|4|8074|16|4|2|2|480000|4|48007|566588
1200000|4|8074|16|5|0|0|360000|0|0|337876
1200000|4|8074|16|5|1|1|840000|0|0|799956
1200000|4|8074|16|5|2|2|480000|0|0|531060
1200000|4|8074|16|5|0|0|360000|1|11998|348032
1200000|4|8074|16|5|1|1|840000|1|11998|796560
1200000|4|8074|16|5|2|2|480000|1|11998|547090
1200000|4|8074|16|5|0|0|360000|2|24001|352402
1200000|4|8074|16|5|1|1|840000|2|24001|797890
1200000|4|8074|16|5|2|2|480000|2|24001|557034
1200000|4|8074|16|5|0|0|360000|3|36006|354157
1200000|4|8074|16|5|1|1|840000|3|36006|801126
1200000|4|8074|16|5|2|2|480000|3|36006|563274
1200000|4|8074|16|5|0|0|360000|4|48013|354857
1200000|4|8074|16|5|1|1|840000|4|48013|804442
1200000|4|8074|16|5|2|2|480000|4|48013|567915
1200000|4|8075|16|1|0|0|360000|0|0|376211
1200000|4|8075|16|1|1|1|840000|0|0|796171
1200000|4|8075|16|1|2|2|480000|0|0|494829
1200000|4|8075|16|1|0|0|360000|1|11998|390349
1200000|4|8075|16|1|1|1|840000|1|11998|791295
1200000|4|8075|16|1|2|2|480000|1|11998|510468
1200000|4|8075|16|1|0|0|360000|2|24001|396627
1200000|4|8075|16|1|1|1|840000|2|24001|790633
1200000|4|8075|16|1|2|2|480000|2|24001|519789
1200000|4|8075|16|1|0|0|360000|3|36006|398342
1200000|4|8075|16|1|1|1|840000|3|36006|791180
1200000|4|8075|16|1|2|2|480000|3|36006|525913
1200000|4|8075|16|1|0|0|360000|4|48013|398654
1200000|4|8075|16|1|1|1|840000|4|48013|793013
1200000|4|8075|16|1|2|2|480000|4|48013|529657
1200000|4|8075|16|2|0|0|360000|0|0|377227
1200000|4|8075|16|2|1|1|840000|0|0|796287
1200000|4|8075|16|2|2|2|480000|0|0|492059
1200000|4|8075|16|2|0|0|360000|1|11996|390192
1200000|4|8075|16|2|1|1|840000|1|11996|791220
1200000|4|8075|16|2|2|2|480000|1|11996|508557
1200000|4|8075|16|2|0|0|360000|2|23998|395263
1200000|4|8075|16|2|1|1|840000|2|23998|790009
1200000|4|8075|16|2|2|2|480000|2|23998|518034
1200000|4|8075|16|2|0|0|360000|3|36003|397484
1200000|4|8075|16|2|1|1|840000|3|36003|791960
1200000|4|8075|16|2|2|2|480000|3|36003|524508
1200000|4|8075|16|2|0|0|360000|4|48010|398655
1200000|4|8075|16|2|1|1|840000|4|48010|793872
1200000|4|8075|16|2|2|2|480000|4|48010|527820
1200000|4|8075|16|3|0|0|360000|0|0|353826
1200000|4|8075|16|3|1|1|840000|0|0|799176
1200000|4|8075|16|3|2|2|480000|0|0|515147
1200000|4|8075|16|3|0|0|360000|1|11996|366597
1200000|4|8075|16|3|1|1|840000|1|11996|796132
1200000|4|8075|16|3|2|2|480000|1|11996|532386
1200000|4|8075|16|3|0|0|360000|2|23999|374082
1200000|4|8075|16|3|1|1|840000|2|23999|797149
1200000|4|8075|16|3|2|2|480000|2|23999|541315
1200000|4|8075|16|3|0|0|360000|3|36002|379038
1200000|4|8075|16|3|1|1|840000|3|36002|800192
1200000|4|8075|16|3|2|2|480000|3|36002|545842
1200000|4|8075|16|3|0|0|360000|4|48007|381806
1200000|4|8075|16|3|1|1|840000|4|48007|803890
1200000|4|8075|16|3|2|2|480000|4|48007|549038
1200000|4|8075|16|4|0|0|360000|0|0|337836
1200000|4|8075|16|4|1|1|840000|0|0|802449
1200000|4|8075|16|4|2|2|480000|0|0|525794
1200000|4|8075|16|4|0|0|360000|1|11992|349048
1200000|4|8075|16|4|1|1|840000|1|11992|802177
1200000|4|8075|16|4|2|2|480000|1|11992|541083
1200000|4|8075|16|4|0|0|360000|2|23993|355247
1200000|4|8075|16|4|1|1|840000|2|23993|805298
1200000|4|8075|16|4|2|2|480000|2|23993|548531
1200000|4|8075|16|4|0|0|360000|3|35996|358484
1200000|4|8075|16|4|1|1|840000|3|35996|809156
1200000|4|8075|16|4|2|2|480000|3|35996|552315
1200000|4|8075|16|4|0|0|360000|4|48000|360200
1200000|4|8075|16|4|1|1|840000|4|48000|813954
1200000|4|8075|16|4|2|2|480000|4|48000|555046
1200000|4|8075|16|5|0|0|360000|0|0|354724
1200000|4|8075|16|5|1|1|840000|0|0|803192
1200000|4|8075|16|5|2|2|480000|0|0|512925
1200000|4|8075|16|5|0|0|360000|1|11993|368348
1200000|4|8075|16|5|1|1|840000|1|11993|804011
1200000|4|8075|16|5|2|2|480000|1|11993|527939
1200000|4|8075|16|5|0|0|360000|2|23994|375373
1200000|4|8075|16|5|1|1|840000|2|23994|807444
1200000|4|8075|16|5|2|2|480000|2|23994|535310
1200000|4|8075|16|5|0|0|360000|3|35997|378804
1200000|4|8075|16|5|1|1|840000|3|35997|812082
1200000|4|8075|16|5|2|2|480000|3|35997|539600
1200000|4|8075|16|5|0|0|360000|4|48002|380754
1200000|4|8075|16|5|1|1|840000|4|48002|816022
1200000|4|8075|16|5|2|2|480000|4|48002|541900
1200000|4|8076|16|1|0|0|360000|0|0|377225
1200000|4|8076|16|1|1|1|840000|0|0|801906
1200000|4|8076|16|1|2|2|480000|0|0|492212
1200000|4|8076|16|1|0|0|360000|1|11993|392024
1200000|4|8076|16|1|1|1|840000|1|11993|801750
1200000|4|8076|16|1|2|2|480000|1|11993|506877
1200000|4|8076|16|1|0|0|360000|2|23993|399743
1200000|4|8076|16|1|1|1|840000|2|23993|804595
1200000|4|8076|16|1|2|2|480000|2|23993|514486
1200000|4|8076|16|1|0|0|360000|3|35997|403452
1200000|4|8076|16|1|1|1|840000|3|35997|808532
1200000|4|8076|16|1|2|2|480000|3|35997|518542
1200000|4|8076|16|1|0|0|360000|4|48002|406103
1200000|4|8076|16|1|1|1|840000|4|48002|811813
1200000|4|8076|16|1|2|2|480000|4|48002|521114
1200000|4|8076|16|2|0|0|360000|0|0|339981
1200000|4|8076|16|2|1|1|840000|0|0|798668
1200000|4|8076|16|2|2|2|480000|0|0|525482
1200000|4|8076|16|2|0|0|360000|1|11995|351619
1200000|4|8076|16|2|1|1|840000|1|11995|794807
1200000|4|8076|16|2|2|2|480000|1|11995|540614
1200000|4|8076|16|2|0|0|360000|2|23997|357118
1200000|4|8076|16|2|1|1|840000|2|23997|794924
1200000|4|8076|16|2|2|2|480000|2|23997|548999
1200000|4|8076|16|2|0|0|360000|3|36001|359382
1200000|4|8076|16|2|1|1|840000|3|36001|795547
1200000|4|8076|16|2|2|2|480000|3|36001|553716
1200000|4|8076|16|2|0|0|360000|4|48005|361018
1200000|4|8076|16|2|1|1|840000|4|48005|797301
1200000|4|8076|16|2|2|2|480000|4|48005|556289
1200000|4|8076|16|3|0|0|360000|0|0|353202
1200000|4|8076|16|3|1|1|840000|0|0|795704
1200000|4|8076|16|3|2|2|480000|0|0|511795
1200000|4|8076|16|3|0|0|360000|1|11995|364995
1200000|4|8076|16|3|1|1|840000|1|11995|790596
1200000|4|8076|16|3|2|2|480000|1|11995|525992
1200000|4|8076|16|3|0|0|360000|2|23994|370380
1200000|4|8076|16|3|1|1|840000|2|23994|790319
1200000|4|8076|16|3|2|2|480000|2|23994|533322
1200000|4|8076|16|3|0|0|360000|3|35996|373304
1200000|4|8076|16|3|1|1|840000|3|35996|791883
1200000|4|8076|16|3|2|2|480000|3|35996|537143
1200000|4|8076|16|3|0|0|360000|4|47999|375801
1200000|4|8076|16|3|1|1|840000|4|47999|793600
1200000|4|8076|16|3|2|2|480000|4|47999|538315
1200000|4|8076|16|4|0|0|360000|0|0|377808
1200000|4|8076|16|4|1|1|840000|0|0|800464
1200000|4|8076|16|4|2|2|480000|0|0|489408
1200000|4|8076|16|4|0|0|360000|1|11993|392921
1200000|4|8076|16|4|1|1|840000|1|11993|801435
1200000|4|8076|16|4|2|2|480000|1|11993|503640
1200000|4|8076|16|4|0|0|360000|2|23992|401733
1200000|4|8076|16|4|1|1|840000|2|23992|804124
1200000|4|8076|16|4|2|2|480000|2|23992|510388
1200000|4|8076|16|4|0|0|360000|3|35993|407704
1200000|4|8076|16|4|1|1|840000|3|35993|808259
1200000|4|8076|16|4|2|2|480000|3|35993|513082
1200000|4|8076|16|4|0|0|360000|4|47996|410549
1200000|4|8076|16|4|1|1|840000|4|47996|812202
1200000|4|8076|16|4|2|2|480000|4|47996|513626
1200000|4|8076|16|5|0|0|360000|0|0|339942
1200000|4|8076|16|5|1|1|840000|0|0|800737
1200000|4|8076|16|5|2|2|480000|0|0|521231
1200000|4|8076|16|5|0|0|360000|1|11990|351816
1200000|4|8076|16|5|1|1|840000|1|11990|799838
1200000|4|8076|16|5|2|2|480000|1|11990|534726
1200000|4|8076|16|5|0|0|360000|2|23989|358991
1200000|4|8076|16|5|1|1|840000|2|23989|802372
1200000|4|8076|16|5|2|2|480000|2|23989|539678
1200000|4|8076|16|5|0|0|360000|3|35990|362580
1200000|4|8076|16|5|1|1|840000|3|35990|806586
1200000|4|8076|16|5|2|2|480000|3|35990|541241
1200000|4|8076|16|5|0|0|360000|4|47992|365037
1200000|4|8076|16|5|1|1|840000|4|47992|811033
1200000|4|8076|16|5|2|2|480000|4|47992|541436
1200000|4|8077|16|1|0|0|360000|0|1|309873
1200000|4|8077|16|1|1|1|840000|0|1|802921
1200000|4|8077|16|1|2|2|480000|0|1|442412
1200000|4|8077|16|1|0|0|360000|1|11992|292262
1200000|4|8077|16|1|1|1|840000|1|11992|801709
1200000|4|8077|16|1|2|2|480000|1|11992|432586
1200000|4|8077|16|1|0|0|360000|2|23992|285126
1200000|4|8077|16|1|1|1|840000|2|23992|802997
1200000|4|8077|16|1|2|2|480000|2|23992|428682
1200000|4|8077|16|1|0|0|360000|3|35995|283877
1200000|4|8077|16|1|1|1|840000|3|35995|805646
1200000|4|8077|16|1|2|2|480000|3|35995|427007
1200000|4|8077|16|1|0|0|360000|4|47999|284736
1200000|4|8077|16|1|1|1|840000|4|47999|807596
1200000|4|8077|16|1|2|2|480000|4|47999|426695
1200000|4|8077|16|2|0|0|360000|0|0|402420
1200000|4|8077|16|2|1|1|840000|0|0|794727
1200000|4|8077|16|2|2|2|480000|0|0|463823
1200000|4|8077|16|2|0|0|360000|1|11994|412540
1200000|4|8077|16|2|1|1|840000|1|11994|796443
1200000|4|8077|16|2|2|2|480000|1|11994|469672
1200000|4|8077|16|2|0|0|360000|2|23995|418662
1200000|4|8077|16|2|1|1|840000|2|23995|798941
1200000|4|8077|16|2|2|2|480000|2|23995|473574
1200000|4|8077|16|2|0|0|360000|3|35999|424316
1200000|4|8077|16|2|1|1|840000|3|35999|801433
1200000|4|8077|16|2|2|2|480000|3|35999|476030
1200000|4|8077|16|2|0|0|360000|4|48004|429502
1200000|4|8077|16|2|1|1|840000|4|48004|804013
1200000|4|8077|16|2|2|2|480000|4|48004|478371
1200000|4|8077|16|3|0|0|360000|0|0|383972
1200000|4|8077|16|3|1|1|840000|0|0|792115
1200000|4|8077|16|3|2|2|480000|0|0|480905
1200000|4|8077|16|3|0|0|360000|1|11994|395222
1200000|4|8077|16|3|1|1|840000|1|11994|793207
1200000|4|8077|16|3|2|2|480000|1|11994|487145
1200000|4|8077|16|3|0|0|360000|2|23995|403256
1200000|4|8077|16|3|1|1|840000|2|23995|796522
1200000|4|8077|16|3|2|2|480000|2|23995|490305
1200000|4|8077|16|3|0|0|360000|3|35999|409614
1200000|4|8077|16|3|1|1|840000|3|35999|800463
1200000|4|8077|16|3|2|2|480000|3|35999|493230
1200000|4|8077|16|3|0|0|360000|4|48005|416009
1200000|4|8077|16|3|1|1|840000|4|48005|804519
1200000|4|8077|16|3|2|2|480000|4|48005|495843
1200000|4|8077|16|4|0|0|360000|0|0|385182
1200000|4|8077|16|4|1|1|840000|0|0|801556
1200000|4|8077|16|4|2|2|480000|0|0|489875
1200000|4|8077|16|4|0|0|360000|1|11992|404348
1200000|4|8077|16|4|1|1|840000|1|11992|800265
1200000|4|8077|16|4|2|2|480000|1|11992|505708
1200000|4|8077|16|4|0|0|360000|2|23993|415891
1200000|4|8077|16|4|1|1|840000|2|23993|801827
1200000|4|8077|16|4|2|2|480000|2|23993|513744
1200000|4|8077|16|4|0|0|360000|3|35996|423421
1200000|4|8077|16|4|1|1|840000|3|35996|804594
1200000|4|8077|16|4|2|2|480000|3|35996|518658
1200000|4|8077|16|4|0|0|360000|4|48000|429036
1200000|4|8077|16|4|1|1|840000|4|48000|807131
1200000|4|8077|16|4|2|2|480000|4|48000|522130
1200000|4|8077|16|5|0|0|360000|0|0|360297
1200000|4|8077|16|5|1|1|840000|0|0|799916
1200000|4|8077|16|5|2|2|480000|0|0|507700
1200000|4|8077|16|5|0|0|360000|1|11992|376816
1200000|4|8077|16|5|1|1|840000|1|11992|799412
1200000|4|8077|16|5|2|2|480000|1|11992|523374
1200000|4|8077|16|5|0|0|360000|2|23993|386917
1200000|4|8077|16|5|1|1|840000|2|23993|801439
1200000|4|8077|16|5|2|2|480000|2|23993|531566
1200000|4|8077|16|5|0|0|360000|3|35997|393117
1200000|4|8077|16|5|1|1|840000|3|35997|804476
1200000|4|8077|16|5|2|2|480000|3|35997|536754
1200000|4|8077|16|5|0|0|360000|4|48001|398186
1200000|4|8077|16|5|1|1|840000|4|48001|806703
1200000|4|8077|16|5|2|2|480000|4|48001|540226
1200000|4|8078|16|1|0|0|360000|0|0|382219
1200000|4|8078|16|1|1|1|840000|0|0|799019
1200000|4|8078|16|1|2|2|480000|0|0|489487
1200000|4|8078|16|1|0|0|360000|1|11992|399786
1200000|4|8078|16|1|1|1|840000|1|11992|794106
1200000|4|8078|16|1|2|2|480000|1|11992|506920
1200000|4|8078|16|1|0|0|360000|2|23996|410627
1200000|4|8078|16|1|1|1|840000|2|23996|793949
1200000|4|8078|16|1|2|2|480000|2|23996|515612
1200000|4|8078|16|1|0|0|360000|3|36001|417297
1200000|4|8078|16|1|1|1|840000|3|36001|795506
1200000|4|8078|16|1|2|2|480000|3|36001|520685
1200000|4|8078|16|1|0|0|360000|4|48005|421625
1200000|4|8078|16|1|1|1|840000|4|48005|797068
1200000|4|8078|16|1|2|2|480000|4|48005|524818
1200000|4|8078|16|2|0|0|360000|0|0|358892
1200000|4|8078|16|2|1|1|840000|0|0|799915
1200000|4|8078|16|2|2|2|480000|0|0|510195
1200000|4|8078|16|2|0|0|360000|1|11992|374434
1200000|4|8078|16|2|1|1|840000|1|11992|799057
1200000|4|8078|16|2|2|2|480000|1|11992|526575
1200000|4|8078|16|2|0|0|360000|2|23994|384343
1200000|4|8078|16|2|1|1|840000|2|23994|801321
1200000|4|8078|16|2|2|2|480000|2|23994|535311
1200000|4|8078|16|2|0|0|360000|3|35998|389841
1200000|4|8078|16|2|1|1|840000|3|35998|804014
1200000|4|8078|16|2|2|2|480000|3|35998|540495
1200000|4|8078|16|2|0|0|360000|4|48002|394013
1200000|4|8078|16|2|1|1|840000|4|48002|806040
1200000|4|8078|16|2|2|2|480000|4|48002|543773
1200000|4|8078|16|3|0|0|360000|0|0|343100
1200000|4|8078|16|3|1|1|840000|0|0|795778
1200000|4|8078|16|3|2|2|480000|0|0|524002
1200000|4|8078|16|3|0|0|360000|1|11995|355950
1200000|4|8078|16|3|1|1|840000|1|11995|790205
1200000|4|8078|16|3|2|2|480000|1|11995|539795
1200000|4|8078|16|3|0|0|360000|2|23997|363594
1200000|4|8078|16|3|1|1|840000|2|23997|789150
1200000|4|8078|16|3|2|2|480000|2|23997|548727
1200000|4|8078|16|3|0|0|360000|3|36001|368079
1200000|4|8078|16|3|1|1|840000|3|36001|789581
1200000|4|8078|16|3|2|2|480000|3|36001|553952
1200000|4|8078|16|3|0|0|360000|4|48006|371900
1200000|4|8078|16|3|1|1|840000|4|48006|790634
1200000|4|8078|16|3|2|2|480000|4|48006|557581
1200000|4|8078|16|4|0|0|360000|0|0|381049
1200000|4|8078|16|4|1|1|840000|0|0|794455
1200000|4|8078|16|4|2|2|480000|0|0|486757
1200000|4|8078|16|4|0|0|360000|1|11994|396160
1200000|4|8078|16|4|1|1|840000|1|11994|788875
1200000|4|8078|16|4|2|2|480000|1|11994|501344
1200000|4|8078|16|4|0|0|360000|2|23994|403685
1200000|4|8078|16|4|1|1|840000|2|23994|788139
1200000|4|8078|16|4|2|2|480000|2|23994|509298
1200000|4|8078|16|4|0|0|360000|3|35996|408989
1200000|4|8078|16|4|1|1|840000|3|35996|788803
1200000|4|8078|16|4|2|2|480000|3|35996|513627
1200000|4|8078|16|4|0|0|360000|4|47999|413007
1200000|4|8078|16|4|1|1|840000|4|47999|788878
1200000|4|8078|16|4|2|2|480000|4|47999|515342
1200000|4|8078|16|5|0|0|360000|0|0|356556
1200000|4|8078|16|5|1|1|840000|0|0|796091
1200000|4|8078|16|5|2|2|480000|0|0|512223
1200000|4|8078|16|5|0|0|360000|1|11994|371784
1200000|4|8078|16|5|1|1|840000|1|11994|792780
1200000|4|8078|16|5|2|2|480000|1|11994|527432
1200000|4|8078|16|5|0|0|360000|2|23994|381296
1200000|4|8078|16|5|1|1|840000|2|23994|792936
1200000|4|8078|16|5|2|2|480000|2|23994|534999
1200000|4|8078|16|5|0|0|360000|3|35995|388593
1200000|4|8078|16|5|1|1|840000|3|35995|795276
1200000|4|8078|16|5|2|2|480000|3|35995|538506
1200000|4|8078|16|5|0|0|360000|4|47998|393585
1200000|4|8078|16|5|1|1|840000|4|47998|798160
1200000|4|8078|16|5|2|2|480000|4|47998|540968
1200000|4|8079|16|1|0|0|360000|0|0|378159
1200000|4|8079|16|1|1|1|840000|0|0|799213
1200000|4|8079|16|1|2|2|480000|0|0|487143
1200000|4|8079|16|1|0|0|360000|1|11990|394520
1200000|4|8079|16|1|1|1|840000|1|11990|798391
1200000|4|8079|16|1|2|2|480000|1|11990|500522
1200000|4|8079|16|1|0|0|360000|2|23987|404544
1200000|4|8079|16|1|1|1|840000|2|23987|800463
1200000|4|8079|16|1|2|2|480000|2|23987|507464
1200000|4|8079|16|1|0|0|360000|3|35988|411485
1200000|4|8079|16|1|1|1|840000|3|35988|803854
1200000|4|8079|16|1|2|2|480000|3|35988|510312
1200000|4|8079|16|1|0|0|360000|4|47992|416477
1200000|4|8079|16|1|1|1|840000|4|47992|807520
1200000|4|8079|16|1|2|2|480000|4|47992|511288
1200000|4|8079|16|2|0|0|360000|0|0|331285
1200000|4|8079|16|2|1|1|840000|0|0|805450
1200000|4|8079|16|2|2|2|480000|0|0|424121
1200000|4|8079|16|2|0|0|360000|1|11989|313995
1200000|4|8079|16|2|1|1|840000|1|11989|804439
1200000|4|8079|16|2|2|2|480000|1|11989|414605
1200000|4|8079|16|2|0|0|360000|2|23988|308301
1200000|4|8079|16|2|1|1|840000|2|23988|807678
1200000|4|8079|16|2|2|2|480000|2|23988|411018
1200000|4|8079|16|2|0|0|360000|3|35990|306624
1200000|4|8079|16|2|1|1|840000|3|35990|811656
1200000|4|8079|16|2|2|2|480000|3|35990|409887
1200000|4|8079|16|2|0|0|360000|4|47994|305415
1200000|4|8079|16|2|1|1|840000|4|47994|817193
1200000|4|8079|16|2|2|2|480000|4|47994|410042
1200000|4|8079|16|3|0|0|360000|0|0|322622
1200000|4|8079|16|3|1|1|840000|0|0|797499
1200000|4|8079|16|3|2|2|480000|0|0|431923
1200000|4|8079|16|3|0|0|360000|1|11991|307668
1200000|4|8079|16|3|1|1|840000|1|11991|795548
1200000|4|8079|16|3|2|2|480000|1|11991|423888
1200000|4|8079|16|3|0|0|360000|2|23989|302989
1200000|4|8079|16|3|1|1|840000|2|23989|796289
1200000|4|8079|16|3|2|2|480000|2|23989|421820
1200000|4|8079|16|3|0|0|360000|3|35991|302169
1200000|4|8079|16|3|1|1|840000|3|35991|797537
1200000|4|8079|16|3|2|2|480000|3|35991|422288
1200000|4|8079|16|3|0|0|360000|4|47994|302049
1200000|4|8079|16|3|1|1|840000|4|47994|799250
1200000|4|8079|16|3|2|2|480000|4|47994|423846
1200000|4|8079|16|4|0|0|360000|0|0|403131
1200000|4|8079|16|4|1|1|840000|0|0|796608
1200000|4|8079|16|4|2|2|480000|0|0|538353
1200000|4|8079|16|4|0|0|360000|1|11993|426851
1200000|4|8079|16|4|1|1|840000|1|11993|799417
1200000|4|8079|16|4|2|2|480000|1|11993|563546
1200000|4|8079|16|4|0|0|360000|2|23994|439640
1200000|4|8079|16|4|1|1|840000|2|23994|803982
1200000|4|8079|16|4|2|2|480000|2|23994|577856
1200000|4|8079|16|4|0|0|360000|3|35999|446391
1200000|4|8079|16|4|1|1|840000|3|35999|809598
1200000|4|8079|16|4|2|2|480000|3|35999|587336
1200000|4|8079|16|4|0|0|360000|4|48004|451810
1200000|4|8079|16|4|1|1|840000|4|48004|814542
1200000|4|8079|16|4|2|2|480000|4|48004|594122
1200000|4|8079|16|5|0|0|360000|0|0|379107
1200000|4|8079|16|5|1|1|840000|0|0|801994
1200000|4|8079|16|5|2|2|480000|0|0|492296
1200000|4|8079|16|5|0|0|360000|1|11992|395622
1200000|4|8079|16|5|1|1|840000|1|11992|802695
1200000|4|8079|16|5|2|2|480000|1|11992|509064
1200000|4|8079|16|5|0|0|360000|2|23993|405363
1200000|4|8079|16|5|1|1|840000|2|23993|806360
1200000|4|8079|16|5|2|2|480000|2|23993|518657
1200000|4|8079|16|5|0|0|360000|3|35997|410949
1200000|4|8079|16|5|1|1|840000|3|35997|810846
1200000|4|8079|16|5|2|2|480000|3|35997|524507
1200000|4|8079|16|5|0|0|360000|4|48001|415785
1200000|4|8079|16|5|1|1|840000|4|48001|813848
1200000|4|8079|16|5|2|2|480000|4|48001|528837
1200000|4|8080|16|1|0|0|360000|0|0|381174
1200000|4|8080|16|1|1|1|840000|0|0|796452
1200000|4|8080|16|1|2|2|480000|0|0|491280
1200000|4|8080|16|1|0|0|360000|1|11995|399093
1200000|4|8080|16|1|1|1|840000|1|11995|792515
1200000|4|8080|16|1|2|2|480000|1|11995|507191
1200000|4|8080|16|1|0|0|360000|2|23996|408648
1200000|4|8080|16|1|1|1|840000|2|23996|792787
1200000|4|8080|16|1|2|2|480000|2|23996|516435
1200000|4|8080|16|1|0|0|360000|3|35999|414381
1200000|4|8080|16|1|1|1|840000|3|35999|794387
1200000|4|8080|16|1|2|2|480000|3|35999|522558
1200000|4|8080|16|1|0|0|360000|4|48004|419256
1200000|4|8080|16|1|1|1|840000|4|48004|796806
1200000|4|8080|16|1|2|2|480000|4|48004|526965
1200000|4|8080|16|2|0|0|360000|0|0|358710
1200000|4|8080|16|2|1|1|840000|0|0|796532
1200000|4|8080|16|2|2|2|480000|0|0|510506
1200000|4|8080|16|2|0|0|360000|1|11993|372963
1200000|4|8080|16|2|1|1|840000|1|11993|791891
1200000|4|8080|16|2|2|2|480000|1|11993|525952
1200000|4|8080|16|2|0|0|360000|2|23992|380685
1200000|4|8080|16|2|1|1|840000|2|23992|792048
1200000|4|8080|16|2|2|2|480000|2|23992|535195
1200000|4|8080|16|2|0|0|360000|3|35994|385911
1200000|4|8080|16|2|1|1|840000|3|35994|794271
1200000|4|8080|16|2|2|2|480000|3|35994|540499
1200000|4|8080|16|2|0|0|360000|4|47997|390006
1200000|4|8080|16|2|1|1|840000|4|47997|796922
1200000|4|8080|16|2|2|2|480000|4|47997|543423
1200000|4|8080|16|3|0|0|360000|0|0|360153
1200000|4|8080|16|3|1|1|840000|0|0|801955
1200000|4|8080|16|3|2|2|480000|0|0|508712
1200000|4|8080|16|3|0|0|360000|1|11991|376395
1200000|4|8080|16|3|1|1|840000|1|11991|803047
1200000|4|8080|16|3|2|2|480000|1|11991|523298
1200000|4|8080|16|3|0|0|360000|2|23989|387081
1200000|4|8080|16|3|1|1|840000|2|23989|804802
1200000|4|8080|16|3|2|2|480000|2|23989|531722
1200000|4|8080|16|3|0|0|360000|3|35992|395115
1200000|4|8080|16|3|1|1|840000|3|35992|808429
1200000|4|8080|16|3|2|2|480000|3|35992|536053
1200000|4|8080|16|3|0|0|360000|4|47997|400770
1200000|4|8080|16|3|1|1|840000|4|47997|812870
1200000|4|8080|16|3|2|2|480000|4|47997|538976
1200000|4|8080|16|4|0|0|360000|0|0|343968
1200000|4|8080|16|4|1|1|840000|0|0|801914
1200000|4|8080|16|4|2|2|480000|0|0|521192
1200000|4|8080|16|4|0|0|360000|1|11991|357909
1200000|4|8080|16|4|1|1|840000|1|11991|801446
1200000|4|8080|16|4|2|2|480000|1|11991|536989
1200000|4|8080|16|4|0|0|360000|2|23993|367269
1200000|4|8080|16|4|1|1|840000|2|23993|805266
1200000|4|8080|16|4|2|2|480000|2|23993|544708
1200000|4|8080|16|4|0|0|360000|3|35996|373353
1200000|4|8080|16|4|1|1|840000|3|35996|809988
1200000|4|8080|16|4|2|2|480000|3|35996|548883
1200000|4|8080|16|4|0|0|360000|4|48001|378033
1200000|4|8080|16|4|1|1|840000|4|48001|814785
1200000|4|8080|16|4|2|2|480000|4|48001|551570
1200000|4|8080|16|5|0|0|360000|0|0|334023
1200000|4|8080|16|5|1|1|840000|0|0|804099
1200000|4|8080|16|5|2|2|480000|0|0|423028
1200000|4|8080|16|5|0|0|360000|1|11991|319182
1200000|4|8080|16|5|1|1|840000|1|11991|801446
1200000|4|8080|16|5|2|2|480000|1|11991|414372
1200000|4|8080|16|5|0|0|360000|2|23991|314307
1200000|4|8080|16|5|1|1|840000|2|23991|803045
1200000|4|8080|16|5|2|2|480000|2|23991|411603
1200000|4|8080|16|5|0|0|360000|3|35995|313683
1200000|4|8080|16|5|1|1|840000|3|35995|805229
1200000|4|8080|16|5|2|2|480000|3|35995|411173
1200000|4|8080|16|5|0|0|360000|4|48000|314619
1200000|4|8080|16|5|1|1|840000|4|48000|808113
1200000|4|8080|16|5|2|2|480000|4|48000|411562
1200000|4|8081|16|1|0|0|360000|0|0|307347
1200000|4|8081|16|1|1|1|840000|0|0|808076
1200000|4|8081|16|1|2|2|480000|0|0|449315
1200000|4|8081|16|1|0|0|360000|1|11990|287046
1200000|4|8081|16|1|1|1|840000|1|11990|808622
1200000|4|8081|16|1|2|2|480000|1|11990|443075
1200000|4|8081|16|1|0|0|360000|2|23991|279636
1200000|4|8081|16|1|1|1|840000|2|23991|813615
1200000|4|8081|16|1|2|2|480000|2|23991|442607
1200000|4|8081|16|1|0|0|360000|3|35994|278544
1200000|4|8081|16|1|1|1|840000|3|35994|819817
1200000|4|8081|16|1|2|2|480000|3|35994|443424
1200000|4|8081|16|1|0|0|360000|4|47999|281001
1200000|4|8081|16|1|1|1|840000|4|47999|826485
1200000|4|8081|16|1|2|2|480000|4|47999|445962
1200000|4|8081|16|2|0|0|360000|0|0|324694
1200000|4|8081|16|2|1|1|840000|0|0|805766
1200000|4|8081|16|2|2|2|480000|0|0|433012
1200000|4|8081|16|2|0|0|360000|1|11990|309269
1200000|4|8081|16|2|1|1|840000|1|11990|806391
1200000|4|8081|16|2|2|2|480000|1|11990|427437
1200000|4|8081|16|2|0|0|360000|2|23989|305132
1200000|4|8081|16|2|1|1|840000|2|23989|810174
1200000|4|8081|16|2|2|2|480000|2|23989|428725
1200000|4|8081|16|2|0|0|360000|3|35994|305142
1200000|4|8081|16|2|1|1|840000|3|35994|815749
1200000|4|8081|16|2|2|2|480000|3|35994|432156
1200000|4|8081|16|2|0|0|360000|4|47998|306078
1200000|4|8081|16|2|1|1|840000|4|47998|821990
1200000|4|8081|16|2|2|2|480000|4|47998|436055
1200000|4|8081|16|3|0|0|360000|0|0|324029
1200000|4|8081|16|3|1|1|840000|0|0|803385
1200000|4|8081|16|3|2|2|480000|0|0|435979
1200000|4|8081|16|3|0|0|360000|1|11993|305718
1200000|4|8081|16|3|1|1|840000|1|11993|802957
1200000|4|8081|16|3|2|2|480000|1|11993|432077
1200000|4|8081|16|3|0|0|360000|2|23993|298970
1200000|4|8081|16|3|1|1|840000|2|23993|805923
1200000|4|8081|16|3|2|2|480000|2|23993|433092
1200000|4|8081|16|3|0|0|360000|3|35996|296866
1200000|4|8081|16|3|1|1|840000|3|35996|809665
1200000|4|8081|16|3|2|2|480000|3|35996|437226
1200000|4|8081|16|3|0|0|360000|4|48000|296944
1200000|4|8081|16|3|1|1|840000|4|48000|814187
1200000|4|8081|16|3|2|2|480000|4|48000|441712
1200000|4|8081|16|4|0|0|360000|0|0|341542
1200000|4|8081|16|4|1|1|840000|0|0|800269
1200000|4|8081|16|4|2|2|480000|0|0|420961
1200000|4|8081|16|4|0|0|360000|1|11993|326465
1200000|4|8081|16|4|1|1|840000|1|11993|799214
1200000|4|8081|16|4|2|2|480000|1|11993|417062
1200000|4|8081|16|4|0|0|360000|2|23993|321904
1200000|4|8081|16|4|1|1|840000|2|23993|801283
1200000|4|8081|16|4|2|2|480000|2|23993|418895
1200000|4|8081|16|4|0|0|360000|3|35996|321748
1200000|4|8081|16|4|1|1|840000|3|35996|803699
1200000|4|8081|16|4|2|2|480000|3|35996|423537
1200000|4|8081|16|4|0|0|360000|4|48001|322527
1200000|4|8081|16|4|1|1|840000|4|48001|807249
1200000|4|8081|16|4|2|2|480000|4|48001|428838
1200000|4|8081|16|5|0|0|360000|0|0|380940
1200000|4|8081|16|5|1|1|840000|0|0|804020
1200000|4|8081|16|5|2|2|480000|0|0|498768
1200000|4|8081|16|5|0|0|360000|1|11992|397369
1200000|4|8081|16|5|1|1|840000|1|11992|803123
1200000|4|8081|16|5|2|2|480000|1|11992|519749
1200000|4|8081|16|5|0|0|360000|2|23992|406456
1200000|4|8081|16|5|1|1|840000|2|23992|805344
1200000|4|8081|16|5|2|2|480000|2|23992|533516
1200000|4|8081|16|5|0|0|360000|3|35995|412578
1200000|4|8081|16|5|1|1|840000|3|35995|809129
1200000|4|8081|16|5|2|2|480000|3|35995|543541
1200000|4|8081|16|5|0|0|360000|4|48000|415894
1200000|4|8081|16|5|1|1|840000|4|48000|813302
1200000|4|8081|16|5|2|2|480000|4|48000|551613
1200000|4|8082|16|1|0|0|360000|0|0|378795
1200000|4|8082|16|1|1|1|840000|0|0|803473
1200000|4|8082|16|1|2|2|480000|0|0|497637
1200000|4|8082|16|1|0|0|360000|1|11992|394444
1200000|4|8082|16|1|1|1|840000|1|11992|802304
1200000|4|8082|16|1|2|2|480000|1|11992|517488
1200000|4|8082|16|1|0|0|360000|2|23992|403256
1200000|4|8082|16|1|1|1|840000|2|23992|804801
1200000|4|8082|16|1|2|2|480000|2|23992|530398
1200000|4|8082|16|1|0|0|360000|3|35996|408599
1200000|4|8082|16|1|1|1|840000|3|35996|808937
1200000|4|8082|16|1|2|2|480000|3|35996|539363
1200000|4|8082|16|1|0|0|360000|4|48000|411641
1200000|4|8082|16|1|1|1|840000|4|48000|813612
1200000|4|8082|16|1|2|2|480000|4|48000|546543
1200000|4|8082|16|2|0|0|360000|0|0|354147
1200000|4|8082|16|2|1|1|840000|0|0|802734
1200000|4|8082|16|2|2|2|480000|0|0|518774
1200000|4|8082|16|2|0|0|360000|1|11993|368166
1200000|4|8082|16|2|1|1|840000|1|11993|803823
1200000|4|8082|16|2|2|2|480000|1|11993|538701
1200000|4|8082|16|2|0|0|360000|2|23994|375810
1200000|4|8082|16|2|1|1|840000|2|23994|807765
1200000|4|8082|16|2|2|2|480000|2|23994|550791
1200000|4|8082|16|2|0|0|360000|3|35999|380139
1200000|4|8082|16|2|1|1|840000|3|35999|813146
1200000|4|8082|16|2|2|2|480000|3|35999|559414
1200000|4|8082|16|2|0|0|360000|4|48003|382713
1200000|4|8082|16|2|1|1|840000|4|48003|817983
1200000|4|8082|16|2|2|2|480000|4|48003|566238
1200000|4|8082|16|3|0|0|360000|0|0|356136
1200000|4|8082|16|3|1|1|840000|0|0|799925
1200000|4|8082|16|3|2|2|480000|0|0|518463
1200000|4|8082|16|3|0|0|360000|1|11997|370701
1200000|4|8082|16|3|1|1|840000|1|11997|796960
1200000|4|8082|16|3|2|2|480000|1|11997|537066
1200000|4|8082|16|3|0|0|360000|2|23998|377838
1200000|4|8082|16|3|1|1|840000|2|23998|798015
1200000|4|8082|16|3|2|2|480000|2|23998|548141
1200000|4|8082|16|3|0|0|360000|3|36002|381231
1200000|4|8082|16|3|1|1|840000|3|36002|800551
1200000|4|8082|16|3|2|2|480000|3|36002|555942
1200000|4|8082|16|3|0|0|360000|4|48007|383649
1200000|4|8082|16|3|1|1|840000|4|48007|802774
1200000|4|8082|16|3|2|2|480000|4|48007|561752
1200000|4|8082|16|4|0|0|360000|0|0|378912
1200000|4|8082|16|4|1|1|840000|0|0|798834
1200000|4|8082|16|4|2|2|480000|0|0|492020
1200000|4|8082|16|4|0|0|360000|1|11994|392931
1200000|4|8082|16|4|1|1|840000|1|11994|794894
1200000|4|8082|16|4|2|2|480000|1|11994|509021
1200000|4|8082|16|4|0|0|360000|2|23993|398859
1200000|4|8082|16|4|1|1|840000|2|23993|794892
1200000|4|8082|16|4|2|2|480000|2|23993|518538
1200000|4|8082|16|4|0|0|360000|3|35994|402525
1200000|4|8082|16|4|1|1|840000|3|35994|796610
1200000|4|8082|16|4|2|2|480000|3|35994|524704
1200000|4|8082|16|4|0|0|360000|4|47996|404397
1200000|4|8082|16|4|1|1|840000|4|47996|798678
1200000|4|8082|16|4|2|2|480000|4|47996|528564
1200000|4|8082|16|5|0|0|360000|0|0|376962
1200000|4|8082|16|5|1|1|840000|0|0|800274
1200000|4|8082|16|5|2|2|480000|0|0|492138
1200000|4|8082|16|5|0|0|360000|1|11991|392190
1200000|4|8082|16|5|1|1|840000|1|11991|800160
1200000|4|8082|16|5|2|2|480000|1|11991|508206
1200000|4|8082|16|5|0|0|360000|2|23990|401472
1200000|4|8082|16|5|1|1|840000|2|23990|802499
1200000|4|8082|16|5|2|2|480000|2|23990|516630
1200000|4|8082|16|5|0|0|360000|3|35992|407205
1200000|4|8082|16|5|1|1|840000|3|35992|805813
1200000|4|8082|16|5|2|2|480000|3|35992|520490
1200000|4|8082|16|5|0|0|360000|4|47994|410520
1200000|4|8082|16|5|1|1|840000|4|47994|809949
1200000|4|8082|16|5|2|2|480000|4|47994|522869
1200000|4|8083|16|1|0|0|360000|0|0|377118
1200000|4|8083|16|1|1|1|840000|0|0|801212
1200000|4|8083|16|1|2|2|480000|0|0|491397
1200000|4|8083|16|1|0|0|360000|1|11990|391800
1200000|4|8083|16|1|1|1|840000|1|11990|800900
1200000|4|8083|16|1|2|2|480000|1|11990|506334
1200000|4|8083|16|1|0|0|360000|2|23988|399600
1200000|4|8083|16|1|1|1|840000|2|23988|803007
1200000|4|8083|16|1|2|2|480000|2|23988|514796
1200000|4|8083|16|1|0|0|360000|3|35990|404436
1200000|4|8083|16|1|1|1|840000|3|35990|806828
1200000|4|8083|16|1|2|2|480000|3|35990|518190
1200000|4|8083|16|1|0|0|360000|4|47993|407166
1200000|4|8083|16|1|1|1|840000|4|47993|811470
1200000|4|8083|16|1|2|2|480000|4|47993|519944
1200000|4|8083|16|2|0|0|360000|0|0|353133
1200000|4|8083|16|2|1|1|840000|0|0|799769
1200000|4|8083|16|2|2|2|480000|0|0|511093
1200000|4|8083|16|2|0|0|360000|1|11989|366021
1200000|4|8083|16|2|1|1|840000|1|11989|799028
1200000|4|8083|16|2|2|2|480000|1|11989|525522
1200000|4|8083|16|2|0|0|360000|2|23986|373236
1200000|4|8083|16|2|1|1|840000|2|23986|800668
1200000|4|8083|16|2|2|2|480000|2|23986|534139
1200000|4|8083|16|2|0|0|360000|3|35989|377760
1200000|4|8083|16|2|1|1|840000|3|35989|804139
1200000|4|8083|16|2|2|2|480000|3|35989|538392
1200000|4|8083|16|2|0|0|360000|4|47992|379827
1200000|4|8083|16|2|1|1|840000|4|47992|807219
1200000|4|8083|16|2|2|2|480000|4|47992|540341
1200000|4|8083|16|3|0|0|360000|0|0|375597
1200000|4|8083|16|3|1|1|840000|0|0|799885
1200000|4|8083|16|3|2|2|480000|0|0|490224
1200000|4|8083|16|3|0|0|360000|1|11990|390084
1200000|4|8083|16|3|1|1|840000|1|11990|799419
1200000|4|8083|16|3|2|2|480000|1|11990|504540
1200000|4|8083|16|3|0|0|360000|2|23988|398001
1200000|4|8083|16|3|1|1|840000|2|23988|801056
1200000|4|8083|16|3|2|2|480000|2|23988|513003
1200000|4|8083|16|3|0|0|360000|3|35990|402798
1200000|4|8083|16|3|1|1|840000|3|35990|804606
1200000|4|8083|16|3|2|2|480000|3|35990|516395
1200000|4|8083|16|3|0|0|360000|4|47993|405528
1200000|4|8083|16|3|1|1|840000|4|47993|808037
1200000|4|8083|16|3|2|2|480000|4|47993|518891
1200000|4|8083|16|4|0|0|360000|0|0|114063
1200000|4|8083|16|4|1|1|840000|0|0|816305
1200000|4|8083|16|4|2|2|480000|0|0|721109
1200000|4|8083|16|4|0|0|360000|1|11986|112053
1200000|4|8083|16|4|1|1|840000|1|11986|821258
1200000|4|8083|16|4|2|2|480000|1|11986|729650
1200000|4|8083|16|4|0|0|360000|2|23982|111585
1200000|4|8083|16|4|1|1|840000|2|23982|824808
1200000|4|8083|16|4|2|2|480000|2|23982|734795
1200000|4|8083|16|4|0|0|360000|3|35982|112209
1200000|4|8083|16|4|1|1|840000|3|35982|828278
1200000|4|8083|16|4|2|2|480000|3|35982|736782
1200000|4|8083|16|4|0|0|360000|4|47984|112209
1200000|4|8083|16|4|1|1|840000|4|47984|829604
1200000|4|8083|16|4|2|2|480000|4|47984|739085
1200000|4|8083|16|5|0|0|360000|0|0|330357
1200000|4|8083|16|5|1|1|840000|0|0|803004
1200000|4|8083|16|5|2|2|480000|0|0|417922
1200000|4|8083|16|5|0|0|360000|1|11992|310758
1200000|4|8083|16|5|1|1|840000|1|11992|803316
1200000|4|8083|16|5|2|2|480000|1|11992|406845
1200000|4|8083|16|5|0|0|360000|2|23989|302217
1200000|4|8083|16|5|1|1|840000|2|23989|804330
1200000|4|8083|16|5|2|2|480000|2|23989|401616
1200000|4|8083|16|5|0|0|360000|3|35991|298317
1200000|4|8083|16|5|1|1|840000|3|35991|807024
1200000|4|8083|16|5|2|2|480000|3|35991|399513
1200000|4|8083|16|5|0|0|360000|4|47992|295860
1200000|4|8083|16|5|1|1|840000|4|47992|810573
1200000|4|8083|16|5|2|2|480000|4|47992|398187
1200000|4|8084|16|1|0|0|360000|0|0|317877
1200000|4|8084|16|1|1|1|840000|0|0|796766
1200000|4|8084|16|1|2|2|480000|0|0|435434
1200000|4|8084|16|1|0|0|360000|1|11991|300891
1200000|4|8084|16|1|1|1|840000|1|11991|794272
1200000|4|8084|16|1|2|2|480000|1|11991|427594
1200000|4|8084|16|1|0|0|360000|2|23989|293598
1200000|4|8084|16|1|1|1|840000|2|23989|795243
1200000|4|8084|16|1|2|2|480000|2|23989|424742
1200000|4|8084|16|1|0|0|360000|3|35991|290868
1200000|4|8084|16|1|1|1|840000|3|35991|796183
1200000|4|8084|16|1|2|2|480000|3|35991|423340
1200000|4|8084|16|1|0|0|360000|4|47992|289971
1200000|4|8084|16|1|1|1|840000|4|47992|798016
1200000|4|8084|16|1|2|2|480000|4|47992|423265
1200000|4|8084|16|2|0|0|360000|0|0|378834
1200000|4|8084|16|2|1|1|840000|0|0|793644
1200000|4|8084|16|2|2|2|480000|0|0|564015
1200000|4|8084|16|2|0|0|360000|1|11993|399522
1200000|4|8084|16|2|1|1|840000|1|11993|796418
1200000|4|8084|16|2|2|2|480000|1|11993|588818
1200000|4|8084|16|2|0|0|360000|2|23993|409974
1200000|4|8084|16|2|1|1|840000|2|23993|798951
1200000|4|8084|16|2|2|2|480000|2|23993|602507
1200000|4|8084|16|2|0|0|360000|3|35994|415668
1200000|4|8084|16|2|1|1|840000|3|35994|803123
1200000|4|8084|16|2|2|2|480000|3|35994|609997
1200000|4|8084|16|2|0|0|360000|4|47996|418710
1200000|4|8084|16|2|1|1|840000|4|47996|807724
1200000|4|8084|16|2|2|2|480000|4|47996|614481
1200000|4|8084|16|3|0|0|360000|0|0|352353
1200000|4|8084|16|3|1|1|840000|0|0|801290
1200000|4|8084|16|3|2|2|480000|0|0|515187
1200000|4|8084|16|3|0|0|360000|1|11989|364188
1200000|4|8084|16|3|1|1|840000|1|11989|800041
1200000|4|8084|16|3|2|2|480000|1|11989|530476
1200000|4|8084|16|3|0|0|360000|2|23985|370233
1200000|4|8084|16|3|1|1|840000|2|23985|800823
1200000|4|8084|16|3|2|2|480000|2|23985|539835
1200000|4|8084|16|3|0|0|360000|3|35986|374016
1200000|4|8084|16|3|1|1|840000|3|35986|803862
1200000|4|8084|16|3|2|2|480000|3|35986|544633
1200000|4|8084|16|3|0|0|360000|4|47988|375420
1200000|4|8084|16|3|1|1|840000|4|47988|807764
1200000|4|8084|16|3|2|2|480000|4|47988|547752
1200000|4|8084|16|4|0|0|360000|0|0|375090
1200000|4|8084|16|4|1|1|840000|0|0|801447
1200000|4|8084|16|4|2|2|480000|0|0|493970
1200000|4|8084|16|4|0|0|360000|1|11989|388758
1200000|4|8084|16|4|1|1|840000|1|11989|799693
1200000|4|8084|16|4|2|2|480000|1|11989|510308
1200000|4|8084|16|4|0|0|360000|2|23987|395271
1200000|4|8084|16|4|1|1|840000|2|23987|801214
1200000|4|8084|16|4|2|2|480000|2|23987|519477
1200000|4|8084|16|4|0|0|360000|3|35988|398586
1200000|4|8084|16|4|1|1|840000|3|35988|804604
1200000|4|8084|16|4|2|2|480000|3|35988|524780
1200000|4|8084|16|4|0|0|360000|4|47991|399873
1200000|4|8084|16|4|1|1|840000|4|47991|808897
1200000|4|8084|16|4|2|2|480000|4|47991|527819
1200000|4|8084|16|5|0|0|360000|0|0|334881
1200000|4|8084|16|5|1|1|840000|0|0|799806
1200000|4|8084|16|5|2|2|480000|0|0|528407
1200000|4|8084|16|5|0|0|360000|1|11990|345195
1200000|4|8084|16|5|1|1|840000|1|11990|799966
1200000|4|8084|16|5|2|2|480000|1|11990|546076
1200000|4|8084|16|5|0|0|360000|2|23990|351006
1200000|4|8084|16|5|1|1|840000|2|23990|803865
1200000|4|8084|16|5|2|2|480000|2|23990|555630
1200000|4|8084|16|5|0|0|360000|3|35992|353697
1200000|4|8084|16|5|1|1|840000|3|35992|808739
1200000|4|8084|16|5|2|2|480000|3|35992|562066
1200000|4|8084|16|5|0|0|360000|4|47995|355062
1200000|4|8084|16|5|1|1|840000|4|47995|813495
1200000|4|8084|16|5|2|2|480000|4|47995|567212
1200000|4|8085|16|1|0|0|360000|0|0|375558
1200000|4|8085|16|1|1|1|840000|0|0|803474
1200000|4|8085|16|1|2|2|480000|0|0|494164
1200000|4|8085|16|1|0|0|360000|1|11990|389694
1200000|4|8085|16|1|1|1|840000|1|11990|803436
1200000|4|8085|16|1|2|2|480000|1|11990|511793
1200000|4|8085|16|1|0|0|360000|2|23991|396792
1200000|4|8085|16|1|1|1|840000|2|23991|807491
1200000|4|8085|16|1|2|2|480000|2|23991|521077
1200000|4|8085|16|1|0|0|360000|3|35994|400419
1200000|4|8085|16|1|1|1|840000|3|35994|812249
1200000|4|8085|16|1|2|2|480000|3|35994|526925
1200000|4|8085|16|1|0|0|360000|4|47996|402408
1200000|4|8085|16|1|1|1|840000|4|47996|816656
1200000|4|8085|16|1|2|2|480000|4|47996|531841
1200000|4|8085|16|2|0|0|360000|0|0|321270
1200000|4|8085|16|2|1|1|840000|0|0|805191
1200000|4|8085|16|2|2|2|480000|0|0|436836
1200000|4|8085|16|2|0|0|360000|1|11991|302412
1200000|4|8085|16|2|1|1|840000|1|11991|805034
1200000|4|8085|16|2|2|2|480000|1|11991|431062
1200000|4|8085|16|2|0|0|360000|2|23991|295041
1200000|4|8085|16|2|1|1|840000|2|23991|807882
1200000|4|8085|16|2|2|2|480000|2|23991|430710
1200000|4|8085|16|2|0|0|360000|3|35994|293208
1200000|4|8085|16|2|1|1|840000|3|35994|811704
1200000|4|8085|16|2|2|2|480000|3|35994|432036
1200000|4|8085|16|2|0|0|360000|4|47998|292818
1200000|4|8085|16|2|1|1|840000|4|47998|814786
1200000|4|8085|16|2|2|2|480000|4|47998|433598
1200000|4|8085|16|3|0|0|360000|0|0|319047
1200000|4|8085|16|3|1|1|840000|0|0|802695
1200000|4|8085|16|3|2|2|480000|0|0|442567
1200000|4|8085|16|3|0|0|360000|1|11990|302919
1200000|4|8085|16|3|1|1|840000|1|11990|801134
1200000|4|8085|16|3|2|2|480000|1|11990|437846
1200000|4|8085|16|3|0|0|360000|2|23989|298395
1200000|4|8085|16|3|1|1|840000|2|23989|803240
1200000|4|8085|16|3|2|2|480000|2|23989|437888
1200000|4|8085|16|3|0|0|360000|3|35991|299214
1200000|4|8085|16|3|1|1|840000|3|35991|806319
1200000|4|8085|16|3|2|2|480000|3|35991|440035
1200000|4|8085|16|3|0|0|360000|4|47994|301164
1200000|4|8085|16|3|1|1|840000|4|47994|808895
1200000|4|8085|16|3|2|2|480000|4|47994|443269
1200000|4|8085|16|4|0|0|360000|0|0|367017
1200000|4|8085|16|4|1|1|840000|0|0|798092
1200000|4|8085|16|4|2|2|480000|0|0|511483
1200000|4|8085|16|4|0|0|360000|1|11994|385014
1200000|4|8085|16|4|1|1|840000|1|11994|792672
1200000|4|8085|16|4|2|2|480000|1|11994|530747
1200000|4|8085|16|4|0|0|360000|2|23993|395817
1200000|4|8085|16|4|1|1|840000|2|23993|791228
1200000|4|8085|16|4|2|2|480000|2|23993|542954
1200000|4|8085|16|4|0|0|360000|3|35996|402798
1200000|4|8085|16|4|1|1|840000|3|35996|791693
1200000|4|8085|16|4|2|2|480000|3|35996|551379
1200000|4|8085|16|4|0|0|360000|4|47999|408765
1200000|4|8085|16|4|1|1|840000|4|47999|791891
1200000|4|8085|16|4|2|2|480000|4|47999|557462
1200000|4|8085|16|5|0|0|360000|0|0|384411
1200000|4|8085|16|5|1|1|840000|0|0|797235
1200000|4|8085|16|5|2|2|480000|0|0|487887
1200000|4|8085|16|5|0|0|360000|1|11992|401706
1200000|4|8085|16|5|1|1|840000|1|11992|791969
1200000|4|8085|16|5|2|2|480000|1|11992|504776
1200000|4|8085|16|5|0|0|360000|2|23990|411495
1200000|4|8085|16|5|1|1|840000|2|23990|791346
1200000|4|8085|16|5|2|2|480000|2|23990|514988
1200000|4|8085|16|5|0|0|360000|3|35991|418320
1200000|4|8085|16|5|1|1|840000|3|35991|791852
1200000|4|8085|16|5|2|2|480000|3|35991|521310
1200000|4|8085|16|5|0|0|360000|4|47992|423663
1200000|4|8085|16|5|1|1|840000|4|47992|792867
1200000|4|8085|16|5|2|2|480000|4|47992|525249
1200000|4|8086|16|1|0|0|360000|0|0|345528
1200000|4|8086|16|1|1|1|840000|0|0|800433
1200000|4|8086|16|1|2|2|480000|0|0|523221
1200000|4|8086|16|1|0|0|360000|1|11991|359898
1200000|4|8086|16|1|1|1|840000|1|11991|800042
1200000|4|8086|16|1|2|2|480000|1|11991|539094
1200000|4|8086|16|1|0|0|360000|2|23988|369999
1200000|4|8086|16|1|1|1|840000|2|23988|800783
1200000|4|8086|16|1|2|2|480000|2|23988|548102
1200000|4|8086|16|1|0|0|360000|3|35989|377682
1200000|4|8086|16|1|1|1|840000|3|35989|802811
1200000|4|8086|16|1|2|2|480000|3|35989|552822
1200000|4|8086|16|1|0|0|360000|4|47992|383493
1200000|4|8086|16|1|1|1|840000|4|47992|805855
1200000|4|8086|16|1|2|2|480000|4|47992|556176
1200000|4|8086|16|2|0|0|360000|0|0|360036
1200000|4|8086|16|2|1|1|840000|0|0|799457
1200000|4|8086|16|2|2|2|480000|0|0|507934
1200000|4|8086|16|2|0|0|360000|1|11991|376083
1200000|4|8086|16|2|1|1|840000|1|11991|799145
1200000|4|8086|16|2|2|2|480000|1|11991|522986
1200000|4|8086|16|2|0|0|360000|2|23989|386145
1200000|4|8086|16|2|1|1|840000|2|23989|800393
1200000|4|8086|16|2|2|2|480000|2|23989|531295
1200000|4|8086|16|2|0|0|360000|3|35990|393828
1200000|4|8086|16|2|1|1|840000|3|35990|803436
1200000|4|8086|16|2|2|2|480000|3|35990|534959
1200000|4|8086|16|2|0|0|360000|4|47993|399015
1200000|4|8086|16|2|1|1|840000|4|47993|806674
1200000|4|8086|16|2|2|2|480000|4|47993|536403
1200000|4|8086|16|3|0|0|360000|0|0|359529
1200000|4|8086|16|3|1|1|840000|0|0|799770
1200000|4|8086|16|3|2|2|480000|0|0|506213
1200000|4|8086|16|3|0|0|360000|1|11989|375030
1200000|4|8086|16|3|1|1|840000|1|11989|798991
1200000|4|8086|16|3|2|2|480000|1|11989|520217
1200000|4|8086|16|3|0|0|360000|2|23985|385287
1200000|4|8086|16|3|1|1|840000|2|23985|799732
1200000|4|8086|16|3|2|2|480000|2|23985|527819
1200000|4|8086|16|3|0|0|360000|3|35986|393048
1200000|4|8086|16|3|1|1|840000|3|35986|802614
1200000|4|8086|16|3|2|2|480000|3|35986|530904
1200000|4|8086|16|3|0|0|360000|4|47988|398469
1200000|4|8086|16|3|1|1|840000|4|47988|805426
1200000|4|8086|16|3|2|2|480000|4|47988|532074
1200000|4|8086|16|4|0|0|360000|0|0|261630
1200000|4|8086|16|4|1|1|840000|0|0|791695
1200000|4|8086|16|4|2|2|480000|0|0|1090311
1200000|4|8086|16|4|0|0|360000|1|7992|253263
1200000|4|8086|16|4|1|1|840000|1|7992|790837
1200000|4|8086|16|4|2|2|480000|1|7992|1095421
1200000|4|8086|16|4|0|0|360000|2|15987|248658
1200000|4|8086|16|4|1|1|840000|2|15987|790722
1200000|4|8086|16|4|2|2|480000|2|15987|1098110
1200000|4|8086|16|4|0|0|360000|3|23985|245813
1200000|4|8086|16|4|1|1|840000|3|23985|791620
1200000|4|8086|16|4|2|2|480000|3|23985|1099394
1200000|4|8086|16|4|0|0|360000|4|31983|245113
1200000|4|8086|16|4|1|1|840000|4|31983|792905
1200000|4|8086|16|4|2|2|480000|4|31983|1099631
1200000|4|8086|16|5|0|0|360000|0|0|366354
1200000|4|8086|16|5|1|1|840000|0|0|828980
1200000|4|8086|16|5|2|2|480000|0|0|505710
1200000|4|8086|16|5|0|0|360000|1|11994|379632
1200000|4|8086|16|5|1|1|840000|1|11994|832257
1200000|4|8086|16|5|2|2|480000|1|11994|516629
1200000|4|8086|16|5|0|0|360000|2|23993|387471
1200000|4|8086|16|5|1|1|840000|2|23993|835338
1200000|4|8086|16|5|2|2|480000|2|23993|522400
1200000|4|8086|16|5|0|0|360000|3|35996|392346
1200000|4|8086|16|5|1|1|840000|3|35996|837677
1200000|4|8086|16|5|2|2|480000|3|35996|524857
1200000|4|8086|16|5|0|0|360000|4|47999|396207
1200000|4|8086|16|5|1|1|840000|4|47999|839199
1200000|4|8086|16|5|2|2|480000|4|47999|525874
1200000|4|8087|16|1|0|0|360000|0|0|359451
1200000|4|8087|16|1|1|1|840000|0|0|794777
1200000|4|8087|16|1|2|2|480000|0|0|505670
1200000|4|8087|16|1|0|0|360000|1|11993|373899
1200000|4|8087|16|1|1|1|840000|1|11993|789708
1200000|4|8087|16|1|2|2|480000|1|11993|519397
1200000|4|8087|16|1|0|0|360000|2|23992|381465
1200000|4|8087|16|1|1|1|840000|2|23992|788967
1200000|4|8087|16|1|2|2|480000|2|23992|526301
1200000|4|8087|16|1|0|0|360000|3|35994|386808
1200000|4|8087|16|1|1|1|840000|3|35994|789825
1200000|4|8087|16|1|2|2|480000|3|35994|529460
1200000|4|8087|16|1|0|0|360000|4|47996|391254
1200000|4|8087|16|1|1|1|840000|4|47996|790839
1200000|4|8087|16|1|2|2|480000|4|47996|530201
1200000|4|8087|16|2|0|0|360000|0|0|382500
1200000|4|8087|16|2|1|1|840000|0|0|800120
1200000|4|8087|16|2|2|2|480000|0|0|484533
1200000|4|8087|16|2|0|0|360000|1|11991|399327
1200000|4|8087|16|2|1|1|840000|1|11991|799536
1200000|4|8087|16|2|2|2|480000|1|11991|497790
1200000|4|8087|16|2|0|0|360000|2|23989|409701
1200000|4|8087|16|2|1|1|840000|2|23989|801524
1200000|4|8087|16|2|2|2|480000|2|23989|504344
1200000|4|8087|16|2|0|0|360000|3|35991|416994
1200000|4|8087|16|2|1|1|840000|3|35991|804759
1200000|4|8087|16|2|2|2|480000|3|35991|506448
1200000|4|8087|16|2|0|0|360000|4|47993|422142
1200000|4|8087|16|2|1|1|840000|4|47993|809168
1200000|4|8087|16|2|2|2|480000|4|47993|507038
1200000|4|8087|16|3|0|0|360000|0|0|138282
1200000|4|8087|16|3|1|1|840000|0|0|815678
1200000|4|8087|16|3|2|2|480000|0|0|694040
1200000|4|8087|16|3|0|0|360000|1|11986|138612
1200000|4|8087|16|3|1|1|840000|1|11986|820246
1200000|4|8087|16|3|2|2|480000|1|11986|700437
1200000|4|8087|16|3|0|0|360000|2|23982|141225
1200000|4|8087|16|3|1|1|840000|2|23982|825078
1200000|4|8087|16|3|2|2|480000|2|23982|703281
1200000|4|8087|16|3|0|0|360000|3|35983|144462
1200000|4|8087|16|3|1|1|840000|3|35983|828123
1200000|4|8087|16|3|2|2|480000|3|35983|704376
1200000|4|8087|16|3|0|0|360000|4|47985|146880
1200000|4|8087|16|3|1|1|840000|4|47985|833192
1200000|4|8087|16|3|2|2|480000|4|47985|704610
1200000|4|8087|16|4|0|0|360000|0|0|328446
1200000|4|8087|16|4|1|1|840000|0|0|805738
1200000|4|8087|16|4|2|2|480000|0|0|425176
1200000|4|8087|16|4|0|0|360000|1|11991|311499
1200000|4|8087|16|4|1|1|840000|1|11991|805074
1200000|4|8087|16|4|2|2|480000|1|11991|414955
1200000|4|8087|16|4|0|0|360000|2|23991|306312
1200000|4|8087|16|4|1|1|840000|2|23991|807881
1200000|4|8087|16|4|2|2|480000|2|23991|410511
1200000|4|8087|16|4|0|0|360000|3|35993|305259
1200000|4|8087|16|4|1|1|840000|3|35993|811509
1200000|4|8087|16|4|2|2|480000|3|35993|408716
1200000|4|8087|16|4|0|0|360000|4|47996|305688
1200000|4|8087|16|4|1|1|840000|4|47996|816150
1200000|4|8087|16|4|2|2|480000|4|47996|408367
1200000|4|8087|16|5|0|0|360000|0|0|325092
1200000|4|8087|16|5|1|1|840000|0|0|797235
1200000|4|8087|16|5|2|2|480000|0|0|430205
1200000|4|8087|16|5|0|0|360000|1|11991|310914
1200000|4|8087|16|5|1|1|840000|1|11991|794975
1200000|4|8087|16|5|2|2|480000|1|11991|422482
1200000|4|8087|16|5|0|0|360000|2|23990|307092
1200000|4|8087|16|5|1|1|840000|2|23990|795794
1200000|4|8087|16|5|2|2|480000|2|23990|419675
1200000|4|8087|16|5|0|0|360000|3|35992|307755
1200000|4|8087|16|5|1|1|840000|3|35992|796961
1200000|4|8087|16|5|2|2|480000|3|35992|419674
1200000|4|8087|16|5|0|0|360000|4|47995|309783
1200000|4|8087|16|5|1|1|840000|4|47995|798716
1200000|4|8087|16|5|2|2|480000|4|47995|421079
1200000|4|8088|16|1|0|0|360000|0|0|387765
1200000|4|8088|16|1|1|1|840000|0|0|794583
1200000|4|8088|16|1|2|2|480000|0|0|558866
1200000|4|8088|16|1|0|0|360000|1|11993|412821
1200000|4|8088|16|1|1|1|840000|1|11993|796494
1200000|4|8088|16|1|2|2|480000|1|11993|585075
1200000|4|8088|16|1|0|0|360000|2|23995|427680
1200000|4|8088|16|1|1|1|840000|2|23995|800510
1200000|4|8088|16|1|2|2|480000|2|23995|599740
1200000|4|8088|16|1|0|0|360000|3|35999|437079
1200000|4|8088|16|1|1|1|840000|3|35999|804957
1200000|4|8088|16|1|2|2|480000|3|35999|609448
1200000|4|8088|16|1|0|0|360000|4|48005|444411
1200000|4|8088|16|1|1|1|840000|4|48005|809207
1200000|4|8088|16|1|2|2|480000|4|48005|616469
1200000|4|8088|16|2|0|0|360000|0|0|344007
1200000|4|8088|16|2|1|1|840000|0|0|802968
1200000|4|8088|16|2|2|2|480000|0|0|526109
1200000|4|8088|16|2|0|0|360000|1|11993|357636
1200000|4|8088|16|2|1|1|840000|1|11993|804800
1200000|4|8088|16|2|2|2|480000|1|11993|543890
1200000|4|8088|16|2|0|0|360000|2|23995|366567
1200000|4|8088|16|2|1|1|840000|2|23995|809285
1200000|4|8088|16|2|2|2|480000|2|23995|553601
1200000|4|8088|16|2|0|0|360000|3|35998|372456
1200000|4|8088|16|2|1|1|840000|3|35998|814160
1200000|4|8088|16|2|2|2|480000|3|35998|559529
1200000|4|8088|16|2|0|0|360000|4|48002|376512
1200000|4|8088|16|2|1|1|840000|4|48002|818257
1200000|4|8088|16|2|2|2|480000|4|48002|563546
1200000|4|8088|16|3|0|0|360000|0|0|339093
1200000|4|8088|16|3|1|1|840000|0|0|799223
1200000|4|8088|16|3|2|2|480000|0|0|526106
1200000|4|8088|16|3|0|0|360000|1|11994|350928
1200000|4|8088|16|3|1|1|840000|1|11994|795400
1200000|4|8088|16|3|2|2|480000|1|11994|542331
1200000|4|8088|16|3|0|0|360000|2|23996|357246
1200000|4|8088|16|3|1|1|840000|2|23996|795246
1200000|4|8088|16|3|2|2|480000|2|23996|552003
1200000|4|8088|16|3|0|0|360000|3|36000|360639
1200000|4|8088|16|3|1|1|840000|3|36000|796611
1200000|4|8088|16|3|2|2|480000|3|36000|557969
1200000|4|8088|16|3|0|0|360000|4|48005|362628
1200000|4|8088|16|3|1|1|840000|4|48005|799028
1200000|4|8088|16|3|2|2|480000|4|48005|562376
1200000|4|8088|16|4|0|0|360000|0|0|339015
1200000|4|8088|16|4|1|1|840000|0|0|799183
1200000|4|8088|16|4|2|2|480000|0|0|523220
1200000|4|8088|16|4|0|0|360000|1|11991|348861
1200000|4|8088|16|4|1|1|840000|1|11991|798366
1200000|4|8088|16|4|2|2|480000|1|11991|538041
1200000|4|8088|16|4|0|0|360000|2|23990|353580
1200000|4|8088|16|4|1|1|840000|2|23990|800003
1200000|4|8088|16|4|2|2|480000|2|23990|546194
1200000|4|8088|16|4|0|0|360000|3|35992|356778
1200000|4|8088|16|4|1|1|840000|3|35992|801407
1200000|4|8088|16|4|2|2|480000|3|35992|550522
1200000|4|8088|16|4|0|0|360000|4|47994|359001
1200000|4|8088|16|4|1|1|840000|4|47994|803279
1200000|4|8088|16|4|2|2|480000|4|47994|552234
1200000|4|8088|16|5|0|0|360000|0|0|353757
1200000|4|8088|16|5|1|1|840000|0|0|798599
1200000|4|8088|16|5|2|2|480000|0|0|510431
1200000|4|8088|16|5|0|0|360000|1|11992|366645
1200000|4|8088|16|5|1|1|840000|1|11992|797859
1200000|4|8088|16|5|2|2|480000|1|11992|524312
1200000|4|8088|16|5|0|0|360000|2|23991|373938
1200000|4|8088|16|5|1|1|840000|2|23991|799497
1200000|4|8088|16|5|2|2|480000|2|23991|531958
1200000|4|8088|16|5|0|0|360000|3|35993|378696
1200000|4|8088|16|5|1|1|840000|3|35993|802539
1200000|4|8088|16|5|2|2|480000|3|35993|534999
1200000|4|8088|16|5|0|0|360000|4|47998|381387
1200000|4|8088|16|5|1|1|840000|4|47998|805775
1200000|4|8088|16|5|2|2|480000|4|47998|536636
1200000|4|8089|16|1|0|0|360000|0|0|378912
1200000|4|8089|16|1|1|1|840000|0|0|801916
1200000|4|8089|16|1|2|2|480000|0|0|488860
1200000|4|8089|16|1|0|0|360000|1|11991|394569
1200000|4|8089|16|1|1|1|840000|1|11991|801369
1200000|4|8089|16|1|2|2|480000|1|11991|502551
1200000|4|8089|16|1|0|0|360000|2|23991|403344
1200000|4|8089|16|1|1|1|840000|2|23991|803785
1200000|4|8089|16|1|2|2|480000|2|23991|508477
1200000|4|8089|16|1|0|0|360000|3|35993|408414
1200000|4|8089|16|1|1|1|840000|3|35993|807374
1200000|4|8089|16|1|2|2|480000|3|35993|510737
1200000|4|8089|16|1|0|0|360000|4|47996|411144
1200000|4|8089|16|1|1|1|840000|4|47996|811976
1200000|4|8089|16|1|2|2|480000|4|47996|511871
1200000|4|8089|16|2|0|0|360000|0|0|379692
1200000|4|8089|16|2|1|1|840000|0|0|803318
1200000|4|8089|16|2|2|2|480000|0|0|489135
1200000|4|8089|16|2|0|0|360000|1|11992|395661
1200000|4|8089|16|2|1|1|840000|1|11992|803006
1200000|4|8089|16|2|2|2|480000|1|11992|503330
1200000|4|8089|16|2|0|0|360000|2|23992|405099
1200000|4|8089|16|2|1|1|840000|2|23992|806401
1200000|4|8089|16|2|2|2|480000|2|23992|510622
1200000|4|8089|16|2|0|0|360000|3|35995|411378
1200000|4|8089|16|2|1|1|840000|3|35995|811430
1200000|4|8089|16|2|2|2|480000|3|35995|513860
1200000|4|8089|16|2|0|0|360000|4|48000|414888
1200000|4|8089|16|2|1|1|840000|4|48000|816696
1200000|4|8089|16|2|2|2|480000|4|48000|515576
1200000|4|8089|16|3|0|0|360000|0|0|379263
1200000|4|8089|16|3|1|1|840000|0|0|804837
1200000|4|8089|16|3|2|2|480000|0|0|490032
1200000|4|8089|16|3|0|0|360000|1|11991|395778
1200000|4|8089|16|3|1|1|840000|1|11991|804098
1200000|4|8089|16|3|2|2|480000|1|11991|503918
1200000|4|8089|16|3|0|0|360000|2|23991|405957
1200000|4|8089|16|3|1|1|840000|2|23991|806867
1200000|4|8089|16|3|2|2|480000|2|23991|510936
1200000|4|8089|16|3|0|0|360000|3|35995|412431
1200000|4|8089|16|3|1|1|840000|3|35995|811077
1200000|4|8089|16|3|2|2|480000|3|35995|513978
1200000|4|8089|16|3|0|0|360000|4|47999|416409
1200000|4|8089|16|3|1|1|840000|4|47999|815721
1200000|4|8089|16|3|2|2|480000|4|47999|515498
1200000|4|8089|16|4|0|0|360000|0|0|358359
1200000|4|8089|16|4|1|1|840000|0|0|802929
1200000|4|8089|16|4|2|2|480000|0|0|508245
1200000|4|8089|16|4|0|0|360000|1|11992|374211
1200000|4|8089|16|4|1|1|840000|1|11992|803943
1200000|4|8089|16|4|2|2|480000|1|11992|522440
1200000|4|8089|16|4|0|0|360000|2|23992|383961
1200000|4|8089|16|4|1|1|840000|2|23992|808818
1200000|4|8089|16|4|2|2|480000|2|23992|528759
1200000|4|8089|16|4|0|0|360000|3|35996|390591
1200000|4|8089|16|4|1|1|840000|3|35996|814275
1200000|4|8089|16|4|2|2|480000|3|35996|531918
1200000|4|8089|16|4|0|0|360000|4|48000|395076
1200000|4|8089|16|4|1|1|840000|4|48000|820164
1200000|4|8089|16|4|2|2|480000|4|48000|533478
1200000|4|8089|16|5|0|0|360000|0|0|380316
1200000|4|8089|16|5|1|1|840000|0|0|805895
1200000|4|8089|16|5|2|2|480000|0|0|489639
1200000|4|8089|16|5|0|0|360000|1|11992|397416
1200000|4|8089|16|5|1|1|840000|1|11992|806866
1200000|4|8089|16|5|2|2|480000|1|11992|504149
1200000|4|8089|16|5|0|0|360000|2|23992|407205
1200000|4|8089|16|5|1|1|840000|2|23992|811512
1200000|4|8089|16|5|2|2|480000|2|23992|510819
1200000|4|8089|16|5|0|0|360000|3|35996|413172
1200000|4|8089|16|5|1|1|840000|3|35996|817282
1200000|4|8089|16|5|2|2|480000|3|35996|514484
1200000|4|8089|16|5|0|0|360000|4|48002|416214
1200000|4|8089|16|5|1|1|840000|4|48002|823873
1200000|4|8089|16|5|2|2|480000|4|48002|516551
1200000|4|8090|16|1|0|0|360000|0|0|377898
1200000|4|8090|16|1|1|1|840000|0|0|805034
1200000|4|8090|16|1|2|2|480000|0|0|491124
1200000|4|8090|16|1|0|0|360000|1|11991|393594
1200000|4|8090|16|1|1|1|840000|1|11991|805776
1200000|4|8090|16|1|2|2|480000|1|11991|505087
1200000|4|8090|16|1|0|0|360000|2|23991|402369
1200000|4|8090|16|1|1|1|840000|2|23991|810651
1200000|4|8090|16|1|2|2|480000|2|23991|511909
1200000|4|8090|16|1|0|0|360000|3|35995|406581
1200000|4|8090|16|1|1|1|840000|3|35995|816227
1200000|4|8090|16|1|2|2|480000|3|35995|515069
1200000|4|8090|16|1|0|0|360000|4|48000|409350
1200000|4|8090|16|1|1|1|840000|4|48000|821260
1200000|4|8090|16|1|2|2|480000|4|48000|516707
1200000|4|8090|16|2|0|0|360000|0|1|319710
1200000|4|8090|16|2|1|1|840000|0|1|808312
1200000|4|8090|16|2|2|2|480000|0|1|434302
1200000|4|8090|16|2|0|0|360000|1|11992|300267
1200000|4|8090|16|2|1|1|840000|1|11992|809052
1200000|4|8090|16|2|2|2|480000|1|11992|425604
1200000|4|8090|16|2|0|0|360000|2|23993|293169
1200000|4|8090|16|2|1|1|840000|2|23993|814356
1200000|4|8090|16|2|2|2|480000|2|23993|422600
1200000|4|8090|16|2|0|0|360000|3|35997|290634
1200000|4|8090|16|2|1|1|840000|3|35997|820441
1200000|4|8090|16|2|2|2|480000|3|35997|421506
1200000|4|8090|16|2|0|0|360000|4|48002|291375
1200000|4|8090|16|2|1|1|840000|4|48002|827497
1200000|4|8090|16|2|2|2|480000|4|48002|420999
1200000|4|8090|16|3|0|0|360000|0|0|321933
1200000|4|8090|16|3|1|1|840000|0|0|803045
1200000|4|8090|16|3|2|2|480000|0|0|435353
1200000|4|8090|16|3|0|0|360000|1|11991|305883
1200000|4|8090|16|3|1|1|840000|1|11991|802188
1200000|4|8090|16|3|2|2|480000|1|11991|427906
1200000|4|8090|16|3|0|0|360000|2|23990|300033
1200000|4|8090|16|3|1|1|840000|2|23990|804722
1200000|4|8090|16|3|2|2|480000|2|23990|425798
1200000|4|8090|16|3|0|0|360000|3|35993|298824
1200000|4|8090|16|3|1|1|840000|3|35993|809052
1200000|4|8090|16|3|2|2|480000|3|35993|426500
1200000|4|8090|16|3|0|0|360000|4|47997|299487
1200000|4|8090|16|3|1|1|840000|4|47997|813965
1200000|4|8090|16|3|2|2|480000|4|47997|428256
1200000|4|8090|16|4|0|0|360000|0|0|323142
1200000|4|8090|16|4|1|1|840000|0|0|809597
1200000|4|8090|16|4|2|2|480000|0|0|437265
1200000|4|8090|16|4|0|0|360000|1|11990|304635
1200000|4|8090|16|4|1|1|840000|1|11990|809871
1200000|4|8090|16|4|2|2|480000|1|11990|431452
1200000|4|8090|16|4|0|0|360000|2|23990|298278
1200000|4|8090|16|4|1|1|840000|2|23990|814589
1200000|4|8090|16|4|2|2|480000|2|23990|431728
1200000|4|8090|16|4|0|0|360000|3|35993|296250
1200000|4|8090|16|4|1|1|840000|3|35993|821064
1200000|4|8090|16|4|2|2|480000|3|35993|434105
1200000|4|8090|16|4|0|0|360000|4|47997|296523
1200000|4|8090|16|4|1|1|840000|4|47997|828201
1200000|4|8090|16|4|2|2|480000|4|47997|437303
1200000|4|8090|16|5|0|0|360000|0|0|321309
1200000|4|8090|16|5|1|1|840000|0|0|806401
1200000|4|8090|16|5|2|2|480000|0|0|437420
1200000|4|8090|16|5|0|0|360000|1|11990|303855
1200000|4|8090|16|5|1|1|840000|1|11990|806596
1200000|4|8090|16|5|2|2|480000|1|11990|432196
1200000|4|8090|16|5|0|0|360000|2|23989|297498
1200000|4|8090|16|5|1|1|840000|2|23989|810457
1200000|4|8090|16|5|2|2|480000|2|23989|433286
1200000|4|8090|16|5|0|0|360000|3|35992|295704
1200000|4|8090|16|5|1|1|840000|3|35992|815996
1200000|4|8090|16|5|2|2|480000|3|35992|437539
1200000|4|8090|16|5|0|0|360000|4|47996|295899
1200000|4|8090|16|5|1|1|840000|4|47996|822039
1200000|4|8090|16|5|2|2|480000|4|47996|442373
1200000|4|8091|16|1|0|0|360000|0|0|319944
1200000|4|8091|16|1|1|1|840000|0|0|805344
1200000|4|8091|16|1|2|2|480000|0|0|441204
1200000|4|8091|16|1|0|0|360000|1|11992|301827
1200000|4|8091|16|1|1|1|840000|1|11992|805736
1200000|4|8091|16|1|2|2|480000|1|11992|437929
1200000|4|8091|16|1|0|0|360000|2|23992|295314
1200000|4|8091|16|1|1|1|840000|2|23992|809598
1200000|4|8091|16|1|2|2|480000|2|23992|440343
1200000|4|8091|16|1|0|0|360000|3|35996|293208
1200000|4|8091|16|1|1|1|840000|3|35996|814668
1200000|4|8091|16|1|2|2|480000|3|35996|444674
1200000|4|8091|16|1|0|0|360000|4|48001|293559
1200000|4|8091|16|1|1|1|840000|4|48001|820244
1200000|4|8091|16|1|2|2|480000|4|48001|450020
1200000|4|8091|16|2|0|0|360000|0|0|304617
1200000|4|8091|16|2|1|1|840000|0|0|802110
1200000|4|8091|16|2|2|2|480000|0|0|456609
1200000|4|8091|16|2|0|0|360000|1|11992|287514
1200000|4|8091|16|2|1|1|840000|1|11992|801837
1200000|4|8091|16|2|2|2|480000|1|11992|453333
1200000|4|8091|16|2|0|0|360000|2|23992|281274
1200000|4|8091|16|2|1|1|840000|2|23992|804839
1200000|4|8091|16|2|2|2|480000|2|23992|455906
1200000|4|8091|16|2|0|0|360000|3|35996|279987
1200000|4|8091|16|2|1|1|840000|3|35996|807959
1200000|4|8091|16|2|2|2|480000|3|35996|460392
1200000|4|8091|16|2|0|0|360000|4|48001|281820
1200000|4|8091|16|2|1|1|840000|4|48001|811666
1200000|4|8091|16|2|2|2|480000|4|48001|465890
1200000|4|8091|16|3|0|0|360000|0|0|319554
1200000|4|8091|16|3|1|1|840000|0|0|804332
1200000|4|8091|16|3|2|2|480000|0|0|444169
1200000|4|8091|16|3|0|0|360000|1|11990|304128
1200000|4|8091|16|3|1|1|840000|1|11990|803240
1200000|4|8091|16|3|2|2|480000|1|11990|440893
1200000|4|8091|16|3|0|0|360000|2|23990|298980
1200000|4|8091|16|3|1|1|840000|2|23990|805503
1200000|4|8091|16|3|2|2|480000|2|23990|443699
1200000|4|8091|16|3|0|0|360000|3|35994|298278
1200000|4|8091|16|3|1|1|840000|3|35994|811859
1200000|4|8091|16|3|2|2|480000|3|35994|448145
1200000|4|8091|16|3|0|0|360000|4|47998|296874
1200000|4|8091|16|3|1|1|840000|4|47998|819738
1200000|4|8091|16|3|2|2|480000|4|47998|454304
1200000|4|8091|16|4|0|0|360000|0|0|324546
1200000|4|8091|16|4|1|1|840000|0|0|805344
1200000|4|8091|16|4|2|2|480000|0|0|438708
1200000|4|8091|16|4|0|0|360000|1|11992|307560
1200000|4|8091|16|4|1|1|840000|1|11992|806712
1200000|4|8091|16|4|2|2|480000|1|11992|435472
1200000|4|8091|16|4|0|0|360000|2|23993|301749
1200000|4|8091|16|4|1|1|840000|2|23993|811585
1200000|4|8091|16|4|2|2|480000|2|23993|436836
1200000|4|8091|16|4|0|0|360000|3|35995|300930
1200000|4|8091|16|4|1|1|840000|3|35995|817123
1200000|4|8091|16|4|2|2|480000|3|35995|441049
1200000|4|8091|16|4|0|0|360000|4|47999|302022
1200000|4|8091|16|4|1|1|840000|4|47999|823912
1200000|4|8091|16|4|2|2|480000|4|47999|446469
1200000|4|8091|16|5|0|0|360000|0|0|330591
1200000|4|8091|16|5|1|1|840000|0|0|798990
1200000|4|8091|16|5|2|2|480000|0|0|429698
1200000|4|8091|16|5|0|0|360000|1|11992|315360
1200000|4|8091|16|5|1|1|840000|1|11992|798599
1200000|4|8091|16|5|2|2|480000|1|11992|426189
1200000|4|8091|16|5|0|0|360000|2|23991|311499
1200000|4|8091|16|5|1|1|840000|2|23991|800627
1200000|4|8091|16|5|2|2|480000|2|23991|428333
1200000|4|8091|16|5|0|0|360000|3|35994|312045
1200000|4|8091|16|5|1|1|840000|3|35994|804098
1200000|4|8091|16|5|2|2|480000|3|35994|432780
1200000|4|8091|16|5|0|0|360000|4|47999|314697
1200000|4|8091|16|5|1|1|840000|4|47999|808545
1200000|4|8091|16|5|2|2|480000|4|47999|438512
1200000|4|8092|16|1|0|0|360000|0|0|362883
1200000|4|8092|16|1|1|1|840000|0|0|804528
1200000|4|8092|16|1|2|2|480000|0|0|517914
1200000|4|8092|16|1|0|0|360000|1|11994|379398
1200000|4|8092|16|1|1|1|840000|1|11994|806009
1200000|4|8092|16|1|2|2|480000|1|11994|539173
1200000|4|8092|16|1|0|0|360000|2|23995|390162
1200000|4|8092|16|1|1|1|840000|2|23995|808896
1200000|4|8092|16|1|2|2|480000|2|23995|552822
1200000|4|8092|16|1|0|0|360000|3|35998|398391
1200000|4|8092|16|1|1|1|840000|3|35998|813068
1200000|4|8092|16|1|2|2|480000|3|35998|562104
1200000|4|8092|16|1|0|0|360000|4|48001|404085
1200000|4|8092|16|1|1|1|840000|4|48001|817941
1200000|4|8092|16|1|2|2|480000|4|48001|569905
1200000|4|8092|16|2|0|0|360000|0|0|359217
1200000|4|8092|16|2|1|1|840000|0|0|804021
1200000|4|8092|16|2|2|2|480000|0|0|516553
1200000|4|8092|16|2|0|0|360000|1|11992|374796
1200000|4|8092|16|2|1|1|840000|1|11992|804256
1200000|4|8092|16|2|2|2|480000|1|11992|535076
1200000|4|8092|16|2|0|0|360000|2|23991|384546
1200000|4|8092|16|2|1|1|840000|2|23991|806868
1200000|4|8092|16|2|2|2|480000|2|23991|545959
1200000|4|8092|16|2|0|0|360000|3|35991|391566
1200000|4|8092|16|2|1|1|840000|3|35991|811586
1200000|4|8092|16|2|2|2|480000|3|35991|552158
1200000|4|8092|16|2|0|0|360000|4|47993|396129
1200000|4|8092|16|2|1|1|840000|4|47993|817594
1200000|4|8092|16|2|2|2|480000|4|47993|557541
1200000|4|8092|16|3|0|0|360000|0|0|383709
1200000|4|8092|16|3|1|1|840000|0|0|806009
1200000|4|8092|16|3|2|2|480000|0|0|489875
1200000|4|8092|16|3|0|0|360000|1|11988|401238
1200000|4|8092|16|3|1|1|840000|1|11988|806165
1200000|4|8092|16|3|2|2|480000|1|11988|505633
1200000|4|8092|16|3|0|0|360000|2|23985|412275
1200000|4|8092|16|3|1|1|840000|2|23985|810261
1200000|4|8092|16|3|2|2|480000|2|23985|514835
1200000|4|8092|16|3|0|0|360000|3|35985|419724
1200000|4|8092|16|3|1|1|840000|3|35985|815994
1200000|4|8092|16|3|2|2|480000|3|35985|520179
1200000|4|8092|16|3|0|0|360000|4|47986|424443
1200000|4|8092|16|3|1|1|840000|4|47986|822311
1200000|4|8092|16|3|2|2|480000|4|47986|524351
1200000|4|8092|16|4|0|0|360000|0|1|321270
1200000|4|8092|16|4|1|1|840000|0|1|804914
1200000|4|8092|16|4|2|2|480000|0|1|438202
1200000|4|8092|16|4|0|0|360000|1|11989|305337
1200000|4|8092|16|4|1|1|840000|1|11989|803437
1200000|4|8092|16|4|2|2|480000|1|11989|430829
1200000|4|8092|16|4|0|0|360000|2|23986|299175
1200000|4|8092|16|4|1|1|840000|2|23986|808466
1200000|4|8092|16|4|2|2|480000|2|23986|428994
1200000|4|8092|16|4|0|0|360000|3|35987|296406
1200000|4|8092|16|4|1|1|840000|3|35987|816423
1200000|4|8092|16|4|2|2|480000|3|35987|430323
1200000|4|8092|16|4|0|0|360000|4|47990|295821
1200000|4|8092|16|4|1|1|840000|4|47990|825510
1200000|4|8092|16|4|2|2|480000|4|47990|432505
1200000|4|8092|16|5|0|0|360000|0|0|321738
1200000|4|8092|16|5|1|1|840000|0|0|806010
1200000|4|8092|16|5|2|2|480000|0|0|441943
1200000|4|8092|16|5|0|0|360000|1|11990|305181
1200000|4|8092|16|5|1|1|840000|1|11990|806828
1200000|4|8092|16|5|2|2|480000|1|11990|436329
1200000|4|8092|16|5|0|0|360000|2|23989|297576
1200000|4|8092|16|5|1|1|840000|2|23989|812639
1200000|4|8092|16|5|2|2|480000|2|23989|436291
1200000|4|8092|16|5|0|0|360000|3|35990|295743
1200000|4|8092|16|5|1|1|840000|3|35990|819580
1200000|4|8092|16|5|2|2|480000|3|35990|439137
1200000|4|8092|16|5|0|0|360000|4|47993|296601
1200000|4|8092|16|5|1|1|840000|4|47993|827605
1200000|4|8092|16|5|2|2|480000|4|47993|442921
1200000|4|8093|16|1|0|0|360000|0|0|321731
1200000|4|8093|16|1|1|1|840000|0|0|806661
1200000|4|8093|16|1|2|2|480000|0|0|439721
1200000|4|8093|16|1|0|0|360000|1|11991|303298
1200000|4|8093|16|1|1|1|840000|1|11991|807754
1200000|4|8093|16|1|2|2|480000|1|11991|435237
1200000|4|8093|16|1|0|0|360000|2|23989|296125
1200000|4|8093|16|1|1|1|840000|2|23989|811889
1200000|4|8093|16|1|2|2|480000|2|23989|436056
1200000|4|8093|16|1|0|0|360000|3|35990|293201
1200000|4|8093|16|1|1|1|840000|3|35990|818049
1200000|4|8093|16|1|2|2|480000|3|35990|439994
1200000|4|8093|16|1|0|0|360000|4|47992|292535
1200000|4|8093|16|1|1|1|840000|4|47992|825929
1200000|4|8093|16|1|2|2|480000|4|47992|444793
1200000|4|8093|16|2|0|0|360000|0|0|301877
1200000|4|8093|16|2|1|1|840000|0|0|798396
1200000|4|8093|16|2|2|2|480000|0|0|455595
1200000|4|8093|16|2|0|0|360000|1|11991|284657
1200000|4|8093|16|2|1|1|840000|1|11991|796757
1200000|4|8093|16|2|2|2|480000|1|11991|451262
1200000|4|8093|16|2|0|0|360000|2|23989|278808
1200000|4|8093|16|2|1|1|840000|2|23989|798703
1200000|4|8093|16|2|2|2|480000|2|23989|452514
1200000|4|8093|16|2|0|0|360000|3|35991|277754
1200000|4|8093|16|2|1|1|840000|3|35991|801632
1200000|4|8093|16|2|2|2|480000|3|35991|455791
1200000|4|8093|16|2|0|0|360000|4|47994|278418
1200000|4|8093|16|2|1|1|840000|4|47994|805143
1200000|4|8093|16|2|2|2|480000|4|47994|459688
1200000|4|8093|16|3|0|0|360000|0|0|377300
1200000|4|8093|16|3|1|1|840000|0|0|804022
1200000|4|8093|16|3|2|2|480000|0|0|498533
1200000|4|8093|16|3|0|0|360000|1|11992|392961
1200000|4|8093|16|3|1|1|840000|1|11992|804801
1200000|4|8093|16|3|2|2|480000|1|11992|517369
1200000|4|8093|16|3|0|0|360000|2|23991|402710
1200000|4|8093|16|3|1|1|840000|2|23991|807844
1200000|4|8093|16|3|2|2|480000|2|23991|530161
1200000|4|8093|16|3|0|0|360000|3|35995|409262
1200000|4|8093|16|3|1|1|840000|3|35995|812601
1200000|4|8093|16|3|2|2|480000|3|35995|538390
1200000|4|8093|16|3|0|0|360000|4|47999|413747
1200000|4|8093|16|3|1|1|840000|4|47999|818607
1200000|4|8093|16|3|2|2|480000|4|47999|545021
1200000|4|8093|16|4|0|0|360000|0|0|341745
1200000|4|8093|16|4|1|1|840000|0|0|805229
1200000|4|8093|16|4|2|2|480000|0|0|528914
1200000|4|8093|16|4|0|0|360000|1|11992|354622
1200000|4|8093|16|4|1|1|840000|1|11992|805464
1200000|4|8093|16|4|2|2|480000|1|11992|546738
1200000|4|8093|16|4|0|0|360000|2|23992|362815
1200000|4|8093|16|4|1|1|840000|2|23992|809872
1200000|4|8093|16|4|2|2|480000|2|23992|556723
1200000|4|8093|16|4|0|0|360000|3|35996|368156
1200000|4|8093|16|4|1|1|840000|3|35996|815642
1200000|4|8093|16|4|2|2|480000|3|35996|562883
1200000|4|8093|16|4|0|0|360000|4|48000|372056
1200000|4|8093|16|4|1|1|840000|4|48000|822117
1200000|4|8093|16|4|2|2|480000|4|48000|567524
1200000|4|8093|16|5|0|0|360000|0|1|381603
1200000|4|8093|16|5|1|1|840000|0|1|806518
1200000|4|8093|16|5|2|2|480000|0|1|496271
1200000|4|8093|16|5|0|0|360000|1|11994|398850
1200000|4|8093|16|5|1|1|840000|1|11994|807373
1200000|4|8093|16|5|2|2|480000|1|11994|513977
1200000|4|8093|16|5|0|0|360000|2|23997|408485
1200000|4|8093|16|5|1|1|840000|2|23997|811235
1200000|4|8093|16|5|2|2|480000|2|23997|524158
1200000|4|8093|16|5|0|0|360000|3|36001|413943
1200000|4|8093|16|5|1|1|840000|3|36001|816693
1200000|4|8093|16|5|2|2|480000|3|36001|531177
1200000|4|8093|16|5|0|0|360000|4|48007|417804
1200000|4|8093|16|5|1|1|840000|4|48007|821688
1200000|4|8093|16|5|2|2|480000|4|48007|536637
1200000|4|8094|16|1|0|0|360000|0|0|360309
1200000|4|8094|16|1|1|1|840000|0|0|802887
1200000|4|8094|16|1|2|2|480000|0|0|514368
1200000|4|8094|16|1|0|0|360000|1|11995|375966
1200000|4|8094|16|1|1|1|840000|1|11995|802809
1200000|4|8094|16|1|2|2|480000|1|11995|531335
1200000|4|8094|16|1|0|0|360000|2|23997|384000
1200000|4|8094|16|1|1|1|840000|2|23997|805229
1200000|4|8094|16|1|2|2|480000|2|23997|542019
1200000|4|8094|16|1|0|0|360000|3|36001|388797
1200000|4|8094|16|1|1|1|840000|3|36001|808232
1200000|4|8094|16|1|2|2|480000|3|36001|549543
1200000|4|8094|16|1|0|0|360000|4|48007|392307
1200000|4|8094|16|1|1|1|840000|4|48007|811432
1200000|4|8094|16|1|2|2|480000|4|48007|554967
1200000|4|8094|16|2|0|0|360000|0|0|357423
1200000|4|8094|16|2|1|1|840000|0|0|795871
1200000|4|8094|16|2|2|2|480000|0|0|513119
1200000|4|8094|16|2|0|0|360000|1|11997|372222
1200000|4|8094|16|2|1|1|840000|1|11997|790761
1200000|4|8094|16|2|2|2|480000|1|11997|529696
1200000|4|8094|16|2|0|0|360000|2|23999|379398
1200000|4|8094|16|2|1|1|840000|2|23999|789707
1200000|4|8094|16|2|2|2|480000|2|23999|539640
1200000|4|8094|16|2|0|0|360000|3|36003|382908
1200000|4|8094|16|2|1|1|840000|3|36003|789941
1200000|4|8094|16|2|2|2|480000|3|36003|546115
1200000|4|8094|16|2|0|0|360000|4|48009|385794
1200000|4|8094|16|2|1|1|840000|4|48009|791230
1200000|4|8094|16|2|2|2|480000|4|48009|550676
1200000|4|8094|16|3|0|0|360000|0|0|380823
1200000|4|8094|16|3|1|1|840000|0|0|796063
1200000|4|8094|16|3|2|2|480000|0|0|491279
1200000|4|8094|16|3|0|0|360000|1|11996|397221
1200000|4|8094|16|3|1|1|840000|1|11996|790566
1200000|4|8094|16|3|2|2|480000|1|11996|507622
1200000|4|8094|16|3|0|0|360000|2|23998|405645
1200000|4|8094|16|3|1|1|840000|2|23998|789786
1200000|4|8094|16|3|2|2|480000|2|23998|517643
1200000|4|8094|16|3|0|0|360000|3|36003|410910
1200000|4|8094|16|3|1|1|840000|3|36003|790372
1200000|4|8094|16|3|2|2|480000|3|36003|524429
1200000|4|8094|16|3|0|0|360000|4|48009|414693
1200000|4|8094|16|3|1|1|840000|4|48009|792903
1200000|4|8094|16|3|2|2|480000|4|48009|529304
1200000|4|8094|16|4|0|0|360000|0|0|344046
1200000|4|8094|16|4|1|1|840000|0|0|798015
1200000|4|8094|16|4|2|2|480000|0|0|523337
1200000|4|8094|16|4|0|0|360000|1|11994|355803
1200000|4|8094|16|4|1|1|840000|1|11994|793256
1200000|4|8094|16|4|2|2|480000|1|11994|539327
1200000|4|8094|16|4|0|0|360000|2|23995|362277
1200000|4|8094|16|4|1|1|840000|2|23995|792746
1200000|4|8094|16|4|2|2|480000|2|23995|548024
1200000|4|8094|16|4|0|0|360000|3|35997|366996
1200000|4|8094|16|4|1|1|840000|3|35997|795088
1200000|4|8094|16|4|2|2|480000|3|35997|553447
1200000|4|8094|16|4|0|0|360000|4|48001|370506
1200000|4|8094|16|4|1|1|840000|4|48001|797742
1200000|4|8094|16|4|2|2|480000|4|48001|556721
1200000|4|8094|16|5|0|0|360000|0|0|380784
1200000|4|8094|16|5|1|1|840000|0|0|803748
1200000|4|8094|16|5|2|2|480000|0|0|490928
1200000|4|8094|16|5|0|0|360000|1|11993|398352
1200000|4|8094|16|5|1|1|840000|1|11993|804255
1200000|4|8094|16|5|2|2|480000|1|11993|506177
1200000|4|8094|16|5|0|0|360000|2|23992|409194
1200000|4|8094|16|5|1|1|840000|2|23992|805699
1200000|4|8094|16|5|2|2|480000|2|23992|513275
1200000|4|8094|16|5|0|0|360000|3|35993|416877
1200000|4|8094|16|5|1|1|840000|3|35993|809286
1200000|4|8094|16|5|2|2|480000|3|35993|516317
1200000|4|8094|16|5|0|0|360000|4|47995|421947
1200000|4|8094|16|5|1|1|840000|4|47995|814435
1200000|4|8094|16|5|2|2|480000|4|47995|518229
1200000|4|8095|16|1|0|0|360000|0|0|384021
1200000|4|8095|16|1|1|1|840000|0|0|803240
1200000|4|8095|16|1|2|2|480000|0|0|488238
1200000|4|8095|16|1|0|0|360000|1|11989|401004
1200000|4|8095|16|1|1|1|840000|1|11989|802617
1200000|4|8095|16|1|2|2|480000|1|11989|503019
1200000|4|8095|16|1|0|0|360000|2|23988|411183
1200000|4|8095|16|1|1|1|840000|2|23988|805346
1200000|4|8095|16|1|2|2|480000|2|23988|510313
1200000|4|8095|16|1|0|0|360000|3|35989|417696
1200000|4|8095|16|1|1|1|840000|3|35989|809989
1200000|4|8095|16|1|2|2|480000|3|35989|513273
1200000|4|8095|16|1|0|0|360000|4|47992|422337
1200000|4|8095|16|1|1|1|840000|4|47992|815603
1200000|4|8095|16|1|2|2|480000|4|47992|515109
1200000|4|8095|16|2|0|0|360000|0|0|355863
1200000|4|8095|16|2|1|1|840000|0|0|803240
1200000|4|8095|16|2|2|2|480000|0|0|513275
1200000|4|8095|16|2|0|0|360000|1|11990|370038
1200000|4|8095|16|2|1|1|840000|1|11990|802539
1200000|4|8095|16|2|2|2|480000|1|11990|527433
1200000|4|8095|16|2|0|0|360000|2|23988|378072
1200000|4|8095|16|2|1|1|840000|2|23988|804333
1200000|4|8095|16|2|2|2|480000|2|23988|534530
1200000|4|8095|16|2|0|0|360000|3|35990|382284
1200000|4|8095|16|2|1|1|840000|3|35990|808273
1200000|4|8095|16|2|2|2|480000|3|35990|538196
1200000|4|8095|16|2|0|0|360000|4|47992|384429
1200000|4|8095|16|2|1|1|840000|4|47992|812445
1200000|4|8095|16|2|2|2|480000|4|47992|540380
1200000|4|8095|16|3|0|0|360000|0|0|354849
1200000|4|8095|16|3|1|1|840000|0|0|802656
1200000|4|8095|16|3|2|2|480000|0|0|512533
1200000|4|8095|16|3|0|0|360000|1|11991|368712
1200000|4|8095|16|3|1|1|840000|1|11991|801252
1200000|4|8095|16|3|2|2|480000|1|11991|526573
1200000|4|8095|16|3|0|0|360000|2|23989|376161
1200000|4|8095|16|3|1|1|840000|2|23989|802617
1200000|4|8095|16|3|2|2|480000|2|23989|532855
1200000|4|8095|16|3|0|0|360000|3|35991|379515
1200000|4|8095|16|3|1|1|840000|3|35991|805230
1200000|4|8095|16|3|2|2|480000|3|35991|536208
1200000|4|8095|16|3|0|0|360000|4|47993|381153
1200000|4|8095|16|3|1|1|840000|4|47993|807685
1200000|4|8095|16|3|2|2|480000|4|47993|538080
1200000|4|8095|16|4|0|0|360000|0|0|339093
1200000|4|8095|16|4|1|1|840000|0|0|799613
1200000|4|8095|16|4|2|2|480000|0|0|524117
1200000|4|8095|16|4|0|0|360000|1|11992|350382
1200000|4|8095|16|4|1|1|840000|1|11992|798132
1200000|4|8095|16|4|2|2|480000|1|11992|538038
1200000|4|8095|16|4|0|0|360000|2|23990|355491
1200000|4|8095|16|4|1|1|840000|2|23990|799066
1200000|4|8095|16|4|2|2|480000|2|23990|544749
1200000|4|8095|16|4|0|0|360000|3|35990|357441
1200000|4|8095|16|4|1|1|840000|3|35990|799965
1200000|4|8095|16|4|2|2|480000|3|35990|548843
1200000|4|8095|16|4|0|0|360000|4|47992|358884
1200000|4|8095|16|4|1|1|840000|4|47992|801914
1200000|4|8095|16|4|2|2|480000|4|47992|550677
1200000|4|8095|16|5|0|0|360000|0|0|378249
1200000|4|8095|16|5|1|1|840000|0|0|799107
1200000|4|8095|16|5|2|2|480000|0|0|487421
1200000|4|8095|16|5|0|0|360000|1|11990|391449
1200000|4|8095|16|5|1|1|840000|1|11990|797352
1200000|4|8095|16|5|2|2|480000|1|11990|500639
1200000|4|8095|16|5|0|0|360000|2|23987|397026
1200000|4|8095|16|5|1|1|840000|2|23987|798483
1200000|4|8095|16|5|2|2|480000|2|23987|507270
1200000|4|8095|16|5|0|0|360000|3|35987|399405
1200000|4|8095|16|5|1|1|840000|3|35987|800082
1200000|4|8095|16|5|2|2|480000|3|35987|509922
1200000|4|8095|16|5|0|0|360000|4|47988|400887
1200000|4|8095|16|5|1|1|840000|4|47988|801408
1200000|4|8095|16|5|2|2|480000|4|47988|509804
1200000|4|8096|16|1|0|0|360000|0|0|376572
1200000|4|8096|16|1|1|1|840000|0|0|798363
1200000|4|8096|16|1|2|2|480000|0|0|488586
1200000|4|8096|16|1|0|0|360000|1|11990|391293
1200000|4|8096|16|1|1|1|840000|1|11990|796573
1200000|4|8096|16|1|2|2|480000|1|11990|500874
1200000|4|8096|16|1|0|0|360000|2|23987|399600
1200000|4|8096|16|1|1|1|840000|2|23987|796922
1200000|4|8096|16|1|2|2|480000|2|23987|507154
1200000|4|8096|16|1|0|0|360000|3|35988|405138
1200000|4|8096|16|1|1|1|840000|3|35988|799030
1200000|4|8096|16|1|2|2|480000|3|35988|509064
1200000|4|8096|16|1|0|0|360000|4|47991|408375
1200000|4|8096|16|1|1|1|840000|4|47991|802226
1200000|4|8096|16|1|2|2|480000|4|47991|509376
1200000|4|8096|16|2|0|0|360000|0|0|377586
1200000|4|8096|16|2|1|1|840000|0|0|801443
1200000|4|8096|16|2|2|2|480000|0|0|488629
1200000|4|8096|16|2|0|0|360000|1|11990|392268
1200000|4|8096|16|2|1|1|840000|1|11990|799145
1200000|4|8096|16|2|2|2|480000|1|11990|502083
1200000|4|8096|16|2|0|0|360000|2|23989|400224
1200000|4|8096|16|2|1|1|840000|2|23989|800199
1200000|4|8096|16|2|2|2|480000|2|23989|507701
1200000|4|8096|16|2|0|0|360000|3|35991|404943
1200000|4|8096|16|2|1|1|840000|3|35991|803008
1200000|4|8096|16|2|2|2|480000|3|35991|508904
1200000|4|8096|16|2|0|0|360000|4|47993|407127
1200000|4|8096|16|2|1|1|840000|4|47993|806984
1200000|4|8096|16|2|2|2|480000|4|47993|508675
1200000|4|8096|16|3|0|0|360000|0|0|373920
1200000|4|8096|16|3|1|1|840000|0|0|800199
1200000|4|8096|16|3|2|2|480000|0|0|490382
1200000|4|8096|16|3|0|0|360000|1|11990|388212
1200000|4|8096|16|3|1|1|840000|1|11990|798911
1200000|4|8096|16|3|2|2|480000|1|11990|504035
1200000|4|8096|16|3|0|0|360000|2|23990|395739
1200000|4|8096|16|3|1|1|840000|2|23990|801448
1200000|4|8096|16|3|2|2|480000|2|23990|509064
1200000|4|8096|16|3|0|0|360000|3|35992|399561
1200000|4|8096|16|3|1|1|840000|3|35992|804686
1200000|4|8096|16|3|2|2|480000|3|35992|511402
1200000|4|8096|16|3|0|0|360000|4|47996|401316
1200000|4|8096|16|3|1|1|840000|4|47996|808817
1200000|4|8096|16|3|2|2|480000|4|47996|512379
1200000|4|8096|16|4|0|0|360000|0|0|354420
1200000|4|8096|16|4|1|1|840000|0|0|802188
1200000|4|8096|16|4|2|2|480000|0|0|511522
1200000|4|8096|16|4|0|0|360000|1|11993|367308
1200000|4|8096|16|4|1|1|840000|1|11993|803437
1200000|4|8096|16|4|2|2|480000|1|11993|525560
1200000|4|8096|16|4|0|0|360000|2|23994|373392
1200000|4|8096|16|4|1|1|840000|2|23994|807062
1200000|4|8096|16|4|2|2|480000|2|23994|531723
1200000|4|8096|16|4|0|0|360000|3|35997|376278
1200000|4|8096|16|4|1|1|840000|3|35997|811743
1200000|4|8096|16|4|2|2|480000|3|35997|534803
1200000|4|8096|16|4|0|0|360000|4|48001|377487
1200000|4|8096|16|4|1|1|840000|4|48001|814667
1200000|4|8096|16|4|2|2|480000|4|48001|536286
1200000|4|8096|16|5|0|0|360000|0|0|376572
1200000|4|8096|16|5|1|1|840000|0|0|803631
1200000|4|8096|16|5|2|2|480000|0|0|492332
1200000|4|8096|16|5|0|0|360000|1|11993|391605
1200000|4|8096|16|5|1|1|840000|1|11993|804723
1200000|4|8096|16|5|2|2|480000|1|11993|505790
1200000|4|8096|16|5|0|0|360000|2|23993|399288
1200000|4|8096|16|5|1|1|840000|2|23993|808623
1200000|4|8096|16|5|2|2|480000|2|23993|511831
1200000|4|8096|16|5|0|0|360000|3|35997|402759
1200000|4|8096|16|5|1|1|840000|3|35997|812795
1200000|4|8096|16|5|2|2|480000|3|35997|514837
1200000|4|8096|16|5|0|0|360000|4|48001|404436
1200000|4|8096|16|5|1|1|840000|4|48001|816423
1200000|4|8096|16|5|2|2|480000|4|48001|515886
1200000|4|8097|16|1|0|0|360000|0|0|355356
1200000|4|8097|16|1|1|1|840000|0|0|797196
1200000|4|8097|16|1|2|2|480000|0|0|511519
1200000|4|8097|16|1|0|0|360000|1|11995|368829
1200000|4|8097|16|1|1|1|840000|1|11995|792360
1200000|4|8097|16|1|2|2|480000|1|11995|524468
1200000|4|8097|16|1|0|0|360000|2|23995|375381
1200000|4|8097|16|1|1|1|840000|2|23995|791774
1200000|4|8097|16|1|2|2|480000|2|23995|530982
1200000|4|8097|16|1|0|0|360000|3|35998|377604
1200000|4|8097|16|1|1|1|840000|3|35998|792747
1200000|4|8097|16|1|2|2|480000|3|35998|534373
1200000|4|8097|16|1|0|0|360000|4|48002|379125
1200000|4|8097|16|1|1|1|840000|4|48002|793530
1200000|4|8097|16|1|2|2|480000|4|48002|535934
1200000|4|8097|16|2|0|0|360000|0|0|355044
1200000|4|8097|16|2|1|1|840000|0|0|796142
1200000|4|8097|16|2|2|2|480000|0|0|510039
1200000|4|8097|16|2|0|0|360000|1|11994|366528
1200000|4|8097|16|2|1|1|840000|1|11994|790995
1200000|4|8097|16|2|2|2|480000|1|11994|522947
1200000|4|8097|16|2|0|0|360000|2|23991|370701
1200000|4|8097|16|2|1|1|840000|2|23991|790565
1200000|4|8097|16|2|2|2|480000|2|23991|529461
1200000|4|8097|16|2|0|0|360000|3|35993|372768
1200000|4|8097|16|2|1|1|840000|3|35993|792203
1200000|4|8097|16|2|2|2|480000|3|35993|532073
1200000|4|8097|16|2|0|0|360000|4|47996|374445
1200000|4|8097|16|2|1|1|840000|4|47996|794192
1200000|4|8097|16|2|2|2|480000|4|47996|532502
1200000|4|8097|16|3|0|0|360000|0|0|374895
1200000|4|8097|16|3|1|1|840000|0|0|800354
1200000|4|8097|16|3|2|2|480000|0|0|490851
1200000|4|8097|16|3|0|0|360000|1|11992|389733
1200000|4|8097|16|3|1|1|840000|1|11992|800433
1200000|4|8097|16|3|2|2|480000|1|11992|504383
1200000|4|8097|16|3|0|0|360000|2|23990|397650
1200000|4|8097|16|3|1|1|840000|2|23990|802071
1200000|4|8097|16|3|2|2|480000|2|23990|510429
1200000|4|8097|16|3|0|0|360000|3|35990|402954
1200000|4|8097|16|3|1|1|840000|3|35990|805230
1200000|4|8097|16|3|2|2|480000|3|35990|512066
1200000|4|8097|16|3|0|0|360000|4|47992|406074
1200000|4|8097|16|3|1|1|840000|4|47992|809482
1200000|4|8097|16|3|2|2|480000|4|47992|512456
1200000|4|8097|16|4|0|0|360000|0|0|355512
1200000|4|8097|16|4|1|1|840000|0|0|799614
1200000|4|8097|16|4|2|2|480000|0|0|506569
1200000|4|8097|16|4|0|0|360000|1|11989|368205
1200000|4|8097|16|4|1|1|840000|1|11989|799069
1200000|4|8097|16|4|2|2|480000|1|11989|518854
1200000|4|8097|16|4|0|0|360000|2|23986|375654
1200000|4|8097|16|4|1|1|840000|2|23986|800783
1200000|4|8097|16|4|2|2|480000|2|23986|525211
1200000|4|8097|16|4|0|0|360000|3|35988|380100
1200000|4|8097|16|4|1|1|840000|3|35988|804333
1200000|4|8097|16|4|2|2|480000|3|35988|527316
1200000|4|8097|16|4|0|0|360000|4|47991|382830
1200000|4|8097|16|4|1|1|840000|4|47991|808388
1200000|4|8097|16|4|2|2|480000|4|47991|527082
1200000|4|8097|16|5|0|0|360000|0|1|375519
1200000|4|8097|16|5|1|1|840000|0|1|801329
1200000|4|8097|16|5|2|2|480000|0|1|489210
1200000|4|8097|16|5|0|0|360000|1|11990|389382
1200000|4|8097|16|5|1|1|840000|1|11990|800980
1200000|4|8097|16|5|2|2|480000|1|11990|501262
1200000|4|8097|16|5|0|0|360000|2|23988|396753
1200000|4|8097|16|5|1|1|840000|2|23988|802305
1200000|4|8097|16|5|2|2|480000|2|23988|507386
1200000|4|8097|16|5|0|0|360000|3|35990|400926
1200000|4|8097|16|5|1|1|840000|3|35990|806165
1200000|4|8097|16|5|2|2|480000|3|35990|508596
1200000|4|8097|16|5|0|0|360000|4|47992|403188
1200000|4|8097|16|5|1|1|840000|4|47992|810418
1200000|4|8097|16|5|2|2|480000|4|47992|508167
1200000|4|8098|16|1|0|0|360000|0|0|335661
1200000|4|8098|16|1|1|1|840000|0|0|803279
1200000|4|8098|16|1|2|2|480000|0|0|525717
1200000|4|8098|16|1|0|0|360000|1|11989|347262
1200000|4|8098|16|1|1|1|840000|1|11989|802929
1200000|4|8098|16|1|2|2|480000|1|11989|539602
1200000|4|8098|16|1|0|0|360000|2|23989|354048
1200000|4|8098|16|1|1|1|840000|2|23989|806441
1200000|4|8098|16|1|2|2|480000|2|23989|544668
1200000|4|8098|16|1|0|0|360000|3|35990|357675
1200000|4|8098|16|1|1|1|840000|3|35990|810689
1200000|4|8098|16|1|2|2|480000|3|35990|546698
1200000|4|8098|16|1|0|0|360000|4|47992|359469
1200000|4|8098|16|1|1|1|840000|4|47992|814787
1200000|4|8098|16|1|2|2|480000|4|47992|547090
1200000|4|8098|16|2|0|0|360000|0|0|124242
1200000|4|8098|16|2|1|1|840000|0|0|818606
1200000|4|8098|16|2|2|2|480000|0|0|717168
1200000|4|8098|16|2|0|0|360000|1|11995|121647
1200000|4|8098|16|2|1|1|840000|1|11995|824299
1200000|4|8098|16|2|2|2|480000|1|11995|726958
1200000|4|8098|16|2|0|0|360000|2|23996|120906
1200000|4|8098|16|2|1|1|840000|2|23996|828552
1200000|4|8098|16|2|2|2|480000|2|23996|730388
1200000|4|8098|16|2|0|0|360000|3|35998|120789
1200000|4|8098|16|2|1|1|840000|3|35998|832101
1200000|4|8098|16|2|2|2|480000|3|35998|730778
1200000|4|8098|16|2|0|0|360000|4|48000|119736
1200000|4|8098|16|2|1|1|840000|4|48000|833347
1200000|4|8098|16|2|2|2|480000|4|48000|730349
1200000|4|8098|16|3|0|0|360000|0|0|338157
1200000|4|8098|16|3|1|1|840000|0|0|805539
1200000|4|8098|16|3|2|2|480000|0|0|412148
1200000|4|8098|16|3|0|0|360000|1|11990|319338
1200000|4|8098|16|3|1|1|840000|1|11990|804567
1200000|4|8098|16|3|2|2|480000|1|11990|400175
1200000|4|8098|16|3|0|0|360000|2|23989|312045
1200000|4|8098|16|3|1|1|840000|2|23989|806751
1200000|4|8098|16|3|2|2|480000|2|23989|394478
1200000|4|8098|16|3|0|0|360000|3|35990|309588
1200000|4|8098|16|3|1|1|840000|3|35990|811313
1200000|4|8098|16|3|2|2|480000|3|35990|391751
1200000|4|8098|16|3|0|0|360000|4|47994|307716
1200000|4|8098|16|3|1|1|840000|4|47994|816967
1200000|4|8098|16|3|2|2|480000|4|47994|389880
1200000|4|8098|16|4|0|0|360000|0|0|320568
1200000|4|8098|16|4|1|1|840000|0|0|800200
1200000|4|8098|16|4|2|2|480000|0|0|434220
1200000|4|8098|16|4|0|0|360000|1|11991|303543
1200000|4|8098|16|4|1|1|840000|1|11991|798910
1200000|4|8098|16|4|2|2|480000|1|11991|426225
1200000|4|8098|16|4|0|0|360000|2|23990|297030
1200000|4|8098|16|4|1|1|840000|2|23990|800160
1200000|4|8098|16|4|2|2|480000|2|23990|423888
1200000|4|8098|16|4|0|0|360000|3|35994|295119
1200000|4|8098|16|4|1|1|840000|3|35994|802655
1200000|4|8098|16|4|2|2|480000|3|35994|424160
1200000|4|8098|16|4|0|0|360000|4|47999|295236
1200000|4|8098|16|4|1|1|840000|4|47999|805659
1200000|4|8098|16|4|2|2|480000|4|47999|425135
1200000|4|8098|16|5|0|0|360000|0|0|263784
1200000|4|8098|16|5|1|1|840000|0|0|804060
1200000|4|8098|16|5|2|2|480000|0|0|561596
1200000|4|8098|16|5|0|0|360000|1|11986|267819
1200000|4|8098|16|5|1|1|840000|1|11986|810337
1200000|4|8098|16|5|2|2|480000|1|11986|571270
1200000|4|8098|16|5|0|0|360000|2|23984|270744
1200000|4|8098|16|5|1|1|840000|2|23984|816386
1200000|4|8098|16|5|2|2|480000|2|23984|577821
1200000|4|8098|16|5|0|0|360000|3|35985|273045
1200000|4|8098|16|5|1|1|840000|3|35985|820988
1200000|4|8098|16|5|2|2|480000|3|35985|583437
1200000|4|8098|16|5|0|0|360000|4|47988|275229
1200000|4|8098|16|5|1|1|840000|4|47988|824456
1200000|4|8098|16|5|2|2|480000|4|47988|586519
1200000|4|8099|16|1|0|0|360000|0|1|356136
1200000|4|8099|16|1|1|1|840000|0|1|802422
1200000|4|8099|16|1|2|2|480000|0|1|512185
1200000|4|8099|16|1|0|0|360000|1|11992|371247
1200000|4|8099|16|1|1|1|840000|1|11992|802774
1200000|4|8099|16|1|2|2|480000|1|11992|527391
1200000|4|8099|16|1|0|0|360000|2|23990|380919
1200000|4|8099|16|1|1|1|840000|2|23990|804489
1200000|4|8099|16|1|2|2|480000|2|23990|536051
1200000|4|8099|16|1|0|0|360000|3|35992|388056
1200000|4|8099|16|1|1|1|840000|3|35992|808543
1200000|4|8099|16|1|2|2|480000|3|35992|540459
1200000|4|8099|16|1|0|0|360000|4|47995|393087
1200000|4|8099|16|1|1|1|840000|4|47995|813224
1200000|4|8099|16|1|2|2|480000|4|47995|543148
1200000|4|8099|16|2|0|0|360000|0|0|377625
1200000|4|8099|16|2|1|1|840000|0|0|800940
1200000|4|8099|16|2|2|2|480000|0|0|489642
1200000|4|8099|16|2|0|0|360000|1|11990|393399
1200000|4|8099|16|2|1|1|840000|1|11990|800432
1200000|4|8099|16|2|2|2|480000|1|11990|504188
1200000|4|8099|16|2|0|0|360000|2|23987|402525
1200000|4|8099|16|2|1|1|840000|2|23987|802656
1200000|4|8099|16|2|2|2|480000|2|23987|512418
1200000|4|8099|16|2|0|0|360000|3|35989|408960
1200000|4|8099|16|2|1|1|840000|3|35989|806904
1200000|4|8099|16|2|2|2|480000|3|35989|516086
1200000|4|8099|16|2|0|0|360000|4|47991|412887
1200000|4|8099|16|2|1|1|840000|4|47991|810650
1200000|4|8099|16|2|2|2|480000|4|47991|518540
1200000|4|8099|16|3|0|0|360000|0|0|253137
1200000|4|8099|16|3|1|1|840000|0|0|800120
1200000|4|8099|16|3|2|2|480000|0|0|1081457
1200000|4|8099|16|3|0|0|360000|1|11993|246486
1200000|4|8099|16|3|1|1|840000|1|11993|803082
1200000|4|8099|16|3|2|2|480000|1|11993|1083720
1200000|4|8099|16|3|0|0|360000|2|23993|245355
1200000|4|8099|16|3|1|1|840000|2|23993|805739
1200000|4|8099|16|3|2|2|480000|2|23993|1085788
1200000|4|8099|16|3|0|0|360000|3|35995|247110
1200000|4|8099|16|3|1|1|840000|3|35995|807801
1200000|4|8099|16|3|2|2|480000|3|35995|1087853
1200000|4|8099|16|3|0|0|360000|4|47998|250464
1200000|4|8099|16|3|1|1|840000|4|47998|810182
1200000|4|8099|16|3|2|2|480000|4|47998|1089178
1200000|4|8099|16|4|0|0|360000|0|0|346152
1200000|4|8099|16|4|1|1|840000|0|0|796456
1200000|4|8099|16|4|2|2|480000|0|0|407868
1200000|4|8099|16|4|0|0|360000|1|11994|333144
1200000|4|8099|16|4|1|1|840000|1|11994|792125
1200000|4|8099|16|4|2|2|480000|1|11994|398274
1200000|4|8099|16|4|0|0|360000|2|23994|330921
1200000|4|8099|16|4|1|1|840000|2|23994|792047
1200000|4|8099|16|4|2|2|480000|2|23994|394218
1200000|4|8099|16|4|0|0|360000|3|35996|334470
1200000|4|8099|16|4|1|1|840000|3|35996|793413
1200000|4|8099|16|4|2|2|480000|3|35996|392151
1200000|4|8099|16|4|0|0|360000|4|48000|340281
1200000|4|8099|16|4|1|1|840000|4|48000|795675
1200000|4|8099|16|4|2|2|480000|4|48000|390825
1200000|4|8099|16|5|0|0|360000|0|0|416500
1200000|4|8099|16|5|1|1|840000|0|0|791385
1200000|4|8099|16|5|2|2|480000|0|0|535039
1200000|4|8099|16|5|0|0|360000|1|11993|444752
1200000|4|8099|16|5|1|1|840000|1|11993|791581
1200000|4|8099|16|5|2|2|480000|1|11993|557656
1200000|4|8099|16|5|0|0|360000|2|23993|462070
1200000|4|8099|16|5|1|1|840000|2|23993|793296
1200000|4|8099|16|5|2|2|480000|2|23993|569670
1200000|4|8099|16|5|0|0|360000|3|35995|474471
1200000|4|8099|16|5|1|1|840000|3|35995|795948
1200000|4|8099|16|5|2|2|480000|3|35995|575833
1200000|4|8099|16|5|0|0|360000|4|47998|485195
1200000|4|8099|16|5|1|1|840000|4|47998|798521
1200000|4|8099|16|5|2|2|480000|4|47998|578757
1200000|4|8100|16|1|0|0|360000|0|0|369942
1200000|4|8100|16|1|1|1|840000|0|0|801213
1200000|4|8100|16|1|2|2|480000|0|0|503020
1200000|4|8100|16|1|0|0|360000|1|11991|391371
1200000|4|8100|16|1|1|1|840000|1|11991|800552
1200000|4|8100|16|1|2|2|480000|1|11991|517332
1200000|4|8100|16|1|0|0|360000|2|23989|407040
1200000|4|8100|16|1|1|1|840000|2|23989|802577
1200000|4|8100|16|1|2|2|480000|2|23989|524040
1200000|4|8100|16|1|0|0|360000|3|35989|420535
1200000|4|8100|16|1|1|1|840000|3|35989|805892
1200000|4|8100|16|1|2|2|480000|3|35989|526067
1200000|4|8100|16|1|0|0|360000|4|47991|432467
1200000|4|8100|16|1|1|1|840000|4|47991|809750
1200000|4|8100|16|1|2|2|480000|4|47991|526652
1200000|4|8100|16|2|0|0|360000|0|0|371034
1200000|4|8100|16|2|1|1|840000|0|0|803866
1200000|4|8100|16|2|2|2|480000|0|0|501692
1200000|4|8100|16|2|0|0|360000|1|11988|392697
1200000|4|8100|16|2|1|1|840000|1|11988|803242
1200000|4|8100|16|2|2|2|480000|1|11988|515655
1200000|4|8100|16|2|0|0|360000|2|23986|407467
1200000|4|8100|16|2|1|1|840000|2|23986|805970
1200000|4|8100|16|2|2|2|480000|2|23986|520764
1200000|4|8100|16|2|0|0|360000|3|35986|419365
1200000|4|8100|16|2|1|1|840000|3|35986|810026
1200000|4|8100|16|2|2|2|480000|3|35986|523494
1200000|4|8100|16|2|0|0|360000|4|47987|429306
1200000|4|8100|16|2|1|1|840000|4|47987|814511
1200000|4|8100|16|2|2|2|480000|4|47987|524471
1200000|4|8100|16|3|0|0|360000|0|0|368655
1200000|4|8100|16|3|1|1|840000|0|0|801681
1200000|4|8100|16|3|2|2|480000|0|0|503601
1200000|4|8100|16|3|0|0|360000|1|11991|388953
1200000|4|8100|16|3|1|1|840000|1|11991|800430
1200000|4|8100|16|3|2|2|480000|1|11991|517840
1200000|4|8100|16|3|0|0|360000|2|23990|402330
1200000|4|8100|16|3|1|1|840000|2|23990|802773
1200000|4|8100|16|3|2|2|480000|2|23990|524508
1200000|4|8100|16|3|0|0|360000|3|35991|412229
1200000|4|8100|16|3|1|1|840000|3|35991|805851
1200000|4|8100|16|3|2|2|480000|3|35991|527823
1200000|4|8100|16|3|0|0|360000|4|47993|419285
1200000|4|8100|16|3|1|1|840000|4|47993|808116
1200000|4|8100|16|3|2|2|480000|4|47993|530279
1200000|4|8100|16|4|0|0|360000|0|0|387336
1200000|4|8100|16|4|1|1|840000|0|0|795401
1200000|4|8100|16|4|2|2|480000|0|0|484612
1200000|4|8100|16|4|0|0|360000|1|11994|407192
1200000|4|8100|16|4|1|1|840000|1|11994|788968
1200000|4|8100|16|4|2|2|480000|1|11994|499235
1200000|4|8100|16|4|0|0|360000|2|23995|418620
1200000|4|8100|16|4|1|1|840000|2|23995|786664
1200000|4|8100|16|4|2|2|480000|2|23995|507035
1200000|4|8100|16|4|0|0|360000|3|35998|426304
1200000|4|8100|16|4|1|1|840000|3|35998|786004
1200000|4|8100|16|4|2|2|480000|3|35998|511637
1200000|4|8100|16|4|0|0|360000|4|48002|432740
1200000|4|8100|16|4|1|1|840000|4|48002|785844
1200000|4|8100|16|4|2|2|480000|4|48002|514522
1200000|4|8100|16|5|0|0|360000|0|0|345606
1200000|4|8100|16|5|1|1|840000|0|0|791229
1200000|4|8100|16|5|2|2|480000|0|0|517798
1200000|4|8100|16|5|0|0|360000|1|11994|360093
1200000|4|8100|16|5|1|1|840000|1|11994|783898
1200000|4|8100|16|5|2|2|480000|1|11994|531880
1200000|4|8100|16|5|0|0|360000|2|23992|368517
1200000|4|8100|16|5|1|1|840000|2|23992|780855
1200000|4|8100|16|5|2|2|480000|2|23992|539291
1200000|4|8100|16|5|0|0|360000|3|35994|375420
1200000|4|8100|16|5|1|1|840000|3|35994|780932
1200000|4|8100|16|5|2|2|480000|3|35994|542799
1200000|4|8100|16|5|0|0|360000|4|47996|381153
1200000|4|8100|16|5|1|1|840000|4|47996|782142
1200000|4|8100|16|5|2|2|480000|4|47996|543929
