---- START ----

1200000|1|5951|5|1|0|0|480000|0|0|434331
1200000|1|5951|5|1|1|2|480000|0|0|431424
1200000|1|5951|5|1|0|0|480000|1|7996|432789
1200000|1|5951|5|1|1|2|480000|1|7996|431346
1200000|1|5951|5|1|0|0|480000|2|15996|432477
1200000|1|5951|5|1|1|2|480000|2|15996|430332
1200000|1|5951|5|1|0|0|480000|3|23996|432555
1200000|1|5951|5|1|1|2|480000|3|23996|429396
1200000|1|5951|5|1|0|0|480000|4|31998|432555
1200000|1|5951|5|1|1|2|480000|4|31998|428889
1200000|1|5951|5|2|0|0|480000|0|0|472113
1200000|1|5951|5|2|1|2|480000|0|0|470259
1200000|1|5951|5|2|0|0|480000|1|7997|472871
1200000|1|5951|5|2|1|2|480000|1|7997|470767
1200000|1|5951|5|2|0|0|480000|2|15997|473730
1200000|1|5951|5|2|1|2|480000|2|15997|470686
1200000|1|5951|5|2|0|0|480000|3|23998|474432
1200000|1|5951|5|2|1|2|480000|3|23998|470568
1200000|1|5951|5|2|0|0|480000|4|32000|475445
1200000|1|5951|5|2|1|2|480000|4|32000|470571
1200000|1|5951|5|3|0|0|480000|0|0|469576
1200000|1|5951|5|3|1|2|480000|0|0|422563
1200000|1|5951|5|3|0|0|480000|1|7995|471974
1200000|1|5951|5|3|1|2|480000|1|7995|426968
1200000|1|5951|5|3|0|0|480000|2|15996|475017
1200000|1|5951|5|3|1|2|480000|2|15996|429739
1200000|1|5951|5|3|0|0|480000|3|23998|477864
1200000|1|5951|5|3|1|2|480000|3|23998|431492
1200000|1|5951|5|3|0|0|480000|4|32001|480595
1200000|1|5951|5|3|1|2|480000|4|32001|433090
1200000|1|5951|5|4|0|0|480000|0|0|489233
1200000|1|5951|5|4|1|2|480000|0|0|449238
1200000|1|5951|5|4|0|0|480000|1|7992|492719
1200000|1|5951|5|4|1|2|480000|1|7992|449313
1200000|1|5951|5|4|0|0|480000|2|15992|496658
1200000|1|5951|5|4|1|2|480000|2|15992|450485
1200000|1|5951|5|4|0|0|480000|3|23995|500402
1200000|1|5951|5|4|1|2|480000|3|23995|452358
1200000|1|5951|5|4|0|0|480000|4|32000|504460
1200000|1|5951|5|4|1|2|480000|4|32000|454308
1200000|1|5951|5|5|0|0|480000|0|0|460451
1200000|1|5951|5|5|1|2|480000|0|0|410442
1200000|1|5951|5|5|0|0|480000|1|7996|465267
1200000|1|5951|5|5|1|2|480000|1|7996|417579
1200000|1|5951|5|5|0|0|480000|2|15999|470182
1200000|1|5951|5|5|1|2|480000|2|15999|423546
1200000|1|5951|5|5|0|0|480000|3|24005|474978
1200000|1|5951|5|5|1|2|480000|3|24005|428959
1200000|1|5951|5|5|0|0|480000|4|32011|479541
1200000|1|5951|5|5|1|2|480000|4|32011|434222
1200000|1|5952|5|1|0|0|480000|0|0|460686
1200000|1|5952|5|1|1|2|480000|0|0|425722
1200000|1|5952|5|1|0|0|480000|1|7995|464483
1200000|1|5952|5|1|1|2|480000|1|7995|427942
1200000|1|5952|5|1|0|0|480000|2|15999|469281
1200000|1|5952|5|1|1|2|480000|2|15999|431337
1200000|1|5952|5|1|0|0|480000|3|24005|474235
1200000|1|5952|5|1|1|2|480000|3|24005|435858
1200000|1|5952|5|1|0|0|480000|4|32012|478995
1200000|1|5952|5|1|1|2|480000|4|32012|440307
1200000|1|5952|5|2|0|0|480000|0|0|489974
1200000|1|5952|5|2|1|2|480000|0|0|454736
1200000|1|5952|5|2|0|0|480000|1|7996|492801
1200000|1|5952|5|2|1|2|480000|1|7996|456726
1200000|1|5952|5|2|0|0|480000|2|16000|495802
1200000|1|5952|5|2|1|2|480000|2|16000|459962
1200000|1|5952|5|2|0|0|480000|3|24006|499078
1200000|1|5952|5|2|1|2|480000|3|24006|464097
1200000|1|5952|5|2|0|0|480000|4|32014|502003
1200000|1|5952|5|2|1|2|480000|4|32014|468699
1200000|1|5952|5|3|0|0|480000|0|1|483851
1200000|1|5952|5|3|1|2|480000|0|1|472328
1200000|1|5952|5|3|0|0|480000|1|7996|486561
1200000|1|5952|5|3|1|2|480000|1|7996|472794
1200000|1|5952|5|3|0|0|480000|2|15997|489248
1200000|1|5952|5|3|1|2|480000|2|15997|474549
1200000|1|5952|5|3|0|0|480000|3|24001|491905
1200000|1|5952|5|3|1|2|480000|3|24001|477358
1200000|1|5952|5|3|0|0|480000|4|32006|494633
1200000|1|5952|5|3|1|2|480000|4|32006|480984
1200000|1|5952|5|4|0|0|480000|0|0|487244
1200000|1|5952|5|4|1|2|480000|0|0|454815
1200000|1|5952|5|4|0|0|480000|1|7998|490423
1200000|1|5952|5|4|1|2|480000|1|7998|456725
1200000|1|5952|5|4|0|0|480000|2|16001|493971
1200000|1|5952|5|4|1|2|480000|2|16001|460117
1200000|1|5952|5|4|0|0|480000|3|24007|497441
1200000|1|5952|5|4|1|2|480000|3|24007|463862
1200000|1|5952|5|4|0|0|480000|4|32013|500483
1200000|1|5952|5|4|1|2|480000|4|32013|468231
1200000|1|5952|5|5|0|0|480000|0|0|431866
1200000|1|5952|5|5|1|2|480000|0|0|423468
1200000|1|5952|5|5|0|0|480000|1|7977|432039
1200000|1|5952|5|5|1|2|480000|1|7977|424911
1200000|1|5952|5|5|0|0|480000|2|15967|433484
1200000|1|5952|5|5|1|2|480000|2|15967|427524
1200000|1|5952|5|5|0|0|480000|3|23965|435784
1200000|1|5952|5|5|1|2|480000|3|23965|430215
1200000|1|5952|5|5|0|0|480000|4|31966|438356
1200000|1|5952|5|5|1|2|480000|4|31966|433647
1200000|1|5953|5|1|0|0|480000|0|0|451366
1200000|1|5953|5|1|1|2|480000|0|0|421518
1200000|1|5953|5|1|0|0|480000|1|7996|452240
1200000|1|5953|5|1|1|2|480000|1|7996|424326
1200000|1|5953|5|1|0|0|480000|2|15999|454152
1200000|1|5953|5|1|1|2|480000|2|15999|427667
1200000|1|5953|5|1|0|0|480000|3|24005|456647
1200000|1|5953|5|1|1|2|480000|3|24005|431533
1200000|1|5953|5|1|0|0|480000|4|32013|458051
1200000|1|5953|5|1|1|2|480000|4|32013|436134
1200000|1|5953|5|2|0|0|480000|0|0|429914
1200000|1|5953|5|2|1|2|480000|0|0|423858
1200000|1|5953|5|2|0|0|480000|1|7978|432037
1200000|1|5953|5|2|1|2|480000|1|7978|426666
1200000|1|5953|5|2|0|0|480000|2|15970|434731
1200000|1|5953|5|2|1|2|480000|2|15970|430605
1200000|1|5953|5|2|0|0|480000|3|23969|437538
1200000|1|5953|5|2|1|2|480000|3|23969|435129
1200000|1|5953|5|2|0|0|480000|4|31973|439838
1200000|1|5953|5|2|1|2|480000|4|31973|440043
1200000|1|5953|5|3|0|0|480000|0|0|453975
1200000|1|5953|5|3|1|2|480000|0|0|422015
1200000|1|5953|5|3|0|0|480000|1|7997|456533
1200000|1|5953|5|3|1|2|480000|1|7997|424901
1200000|1|5953|5|3|0|0|480000|2|16003|459182
1200000|1|5953|5|3|1|2|480000|2|16003|429150
1200000|1|5953|5|3|0|0|480000|3|24011|461834
1200000|1|5953|5|3|1|2|480000|3|24011|434065
1200000|1|5953|5|3|0|0|480000|4|32021|464447
1200000|1|5953|5|3|1|2|480000|4|32021|439136
1200000|1|5953|5|4|0|0|480000|0|0|458539
1200000|1|5953|5|4|1|2|480000|0|0|418515
1200000|1|5953|5|4|0|0|480000|1|7999|462577
1200000|1|5953|5|4|1|2|480000|1|7999|427670
1200000|1|5953|5|4|0|0|480000|2|16006|466593
1200000|1|5953|5|4|1|2|480000|2|16006|435743
1200000|1|5953|5|4|0|0|480000|3|24015|471001
1200000|1|5953|5|4|1|2|480000|3|24015|442919
1200000|1|5953|5|4|0|0|480000|4|32024|474780
1200000|1|5953|5|4|1|2|480000|4|32024|449587
1200000|1|5953|5|5|0|0|480000|0|0|439354
1200000|1|5953|5|5|1|2|480000|0|0|431970
1200000|1|5953|5|5|0|0|480000|1|7977|441711
1200000|1|5953|5|5|1|2|480000|1|7977|434622
1200000|1|5953|5|5|0|0|480000|2|15968|444830
1200000|1|5953|5|5|1|2|480000|2|15968|438132
1200000|1|5953|5|5|0|0|480000|3|23967|447599
1200000|1|5953|5|5|1|2|480000|3|23967|442149
1200000|1|5953|5|5|0|0|480000|4|31970|450643
1200000|1|5953|5|5|1|2|480000|4|31970|446907
1200000|1|5954|5|1|0|0|480000|0|0|485177
1200000|1|5954|5|1|1|2|480000|0|0|484260
1200000|1|5954|5|1|0|0|480000|1|8003|488901
1200000|1|5954|5|1|1|2|480000|1|8003|487692
1200000|1|5954|5|1|0|0|480000|2|16009|492177
1200000|1|5954|5|1|1|2|480000|2|16009|492763
1200000|1|5954|5|1|0|0|480000|3|24019|495492
1200000|1|5954|5|1|1|2|480000|3|24019|497597
1200000|1|5954|5|1|0|0|480000|4|32029|498262
1200000|1|5954|5|1|1|2|480000|4|32029|501923
1200000|1|5954|5|2|0|0|480000|0|0|496058
1200000|1|5954|5|2|1|2|480000|0|0|495687
1200000|1|5954|5|2|0|0|480000|1|7998|498924
1200000|1|5954|5|2|1|2|480000|1|7998|499429
1200000|1|5954|5|2|0|0|480000|2|16002|501030
1200000|1|5954|5|2|1|2|480000|2|16002|503605
1200000|1|5954|5|2|0|0|480000|3|24008|502900
1200000|1|5954|5|2|1|2|480000|3|24008|507895
1200000|1|5954|5|2|0|0|480000|4|32015|505319
1200000|1|5954|5|2|1|2|480000|4|32015|511599
1200000|1|5954|5|3|0|0|480000|0|0|449376
1200000|1|5954|5|3|1|2|480000|0|0|440932
1200000|1|5954|5|3|0|0|480000|1|7977|451538
1200000|1|5954|5|3|1|2|480000|1|7977|442724
1200000|1|5954|5|3|0|0|480000|2|15968|453254
1200000|1|5954|5|3|1|2|480000|2|15968|445804
1200000|1|5954|5|3|0|0|480000|3|23967|454972
1200000|1|5954|5|3|1|2|480000|3|23967|449043
1200000|1|5954|5|3|0|0|480000|4|31970|457858
1200000|1|5954|5|3|1|2|480000|4|31970|451771
1200000|1|5954|5|4|0|0|480000|0|0|452186
1200000|1|5954|5|4|1|2|480000|0|0|419909
1200000|1|5954|5|4|0|0|480000|1|7995|454226
1200000|1|5954|5|4|1|2|480000|1|7995|421157
1200000|1|5954|5|4|0|0|480000|2|15998|456024
1200000|1|5954|5|4|1|2|480000|2|15998|424121
1200000|1|5954|5|4|0|0|480000|3|24003|457622
1200000|1|5954|5|4|1|2|480000|3|24003|426929
1200000|1|5954|5|4|0|0|480000|4|32010|459651
1200000|1|5954|5|4|1|2|480000|4|32010|429857
1200000|1|5954|5|5|0|0|480000|0|1|447698
1200000|1|5954|5|5|1|2|480000|0|1|421040
1200000|1|5954|5|5|0|0|480000|1|7996|448263
1200000|1|5954|5|5|1|2|480000|1|7996|421510
1200000|1|5954|5|5|0|0|480000|2|16000|449862
1200000|1|5954|5|5|1|2|480000|2|16000|423810
1200000|1|5954|5|5|0|0|480000|3|24005|451655
1200000|1|5954|5|5|1|2|480000|3|24005|426851
1200000|1|5954|5|5|0|0|480000|4|32012|452748
1200000|1|5954|5|5|1|2|480000|4|32012|430401
1200000|1|5955|5|1|0|0|480000|0|0|483344
1200000|1|5955|5|1|1|2|480000|0|0|485662
1200000|1|5955|5|1|0|0|480000|1|8007|485742
1200000|1|5955|5|1|1|2|480000|1|8007|489329
1200000|1|5955|5|1|0|0|480000|2|16014|488081
1200000|1|5955|5|1|1|2|480000|2|16014|493345
1200000|1|5955|5|1|0|0|480000|3|24021|490031
1200000|1|5955|5|1|1|2|480000|3|24021|497558
1200000|1|5955|5|1|0|0|480000|4|32029|491162
1200000|1|5955|5|1|1|2|480000|4|32029|502313
1200000|1|5955|5|2|0|0|480000|0|0|480926
1200000|1|5955|5|2|1|2|480000|0|0|482389
1200000|1|5955|5|2|0|0|480000|1|7997|483012
1200000|1|5955|5|2|1|2|480000|1|7997|488003
1200000|1|5955|5|2|0|0|480000|2|15999|485234
1200000|1|5955|5|2|1|2|480000|2|15999|493736
1200000|1|5955|5|2|0|0|480000|3|24004|486444
1200000|1|5955|5|2|1|2|480000|3|24004|499664
1200000|1|5955|5|2|0|0|480000|4|32011|486869
1200000|1|5955|5|2|1|2|480000|4|32011|505632
1200000|1|5955|5|3|0|0|480000|0|0|444540
1200000|1|5955|5|3|1|2|480000|0|0|438942
1200000|1|5955|5|3|0|0|480000|1|7977|445885
1200000|1|5955|5|3|1|2|480000|1|7977|442258
1200000|1|5955|5|3|0|0|480000|2|15967|447910
1200000|1|5955|5|3|1|2|480000|2|15967|446195
1200000|1|5955|5|3|0|0|480000|3|23965|449705
1200000|1|5955|5|3|1|2|480000|3|23965|450993
1200000|1|5955|5|3|0|0|480000|4|31967|451187
1200000|1|5955|5|3|1|2|480000|4|31967|456024
1200000|1|5955|5|4|0|0|480000|0|1|482956
1200000|1|5955|5|4|1|2|480000|0|1|451733
1200000|1|5955|5|4|0|0|480000|1|7995|483987
1200000|1|5955|5|4|1|2|480000|1|7995|453879
1200000|1|5955|5|4|0|0|480000|2|15998|485898
1200000|1|5955|5|4|1|2|480000|2|15998|456727
1200000|1|5955|5|4|0|0|480000|3|24003|487808
1200000|1|5955|5|4|1|2|480000|3|24003|459885
1200000|1|5955|5|4|0|0|480000|4|32010|489135
1200000|1|5955|5|4|1|2|480000|4|32010|463356
1200000|1|5955|5|5|0|0|480000|0|0|477494
1200000|1|5955|5|5|1|2|480000|0|0|444599
1200000|1|5955|5|5|0|0|480000|1|7996|481100
1200000|1|5955|5|5|1|2|480000|1|7996|445767
1200000|1|5955|5|5|0|0|480000|2|15998|485039
1200000|1|5955|5|5|1|2|480000|2|15998|448265
1200000|1|5955|5|5|0|0|480000|3|24003|488745
1200000|1|5955|5|5|1|2|480000|3|24003|451540
1200000|1|5955|5|5|0|0|480000|4|32011|492020
1200000|1|5955|5|5|1|2|480000|4|32011|454931
1200000|1|5956|5|1|0|0|480000|0|0|494304
1200000|1|5956|5|1|1|2|480000|0|0|453449
1200000|1|5956|5|1|0|0|480000|1|7998|497676
1200000|1|5956|5|1|1|2|480000|1|7998|462147
1200000|1|5956|5|1|0|0|480000|2|16004|501070
1200000|1|5956|5|1|1|2|480000|2|16004|469675
1200000|1|5956|5|1|0|0|480000|3|24011|504813
1200000|1|5956|5|1|1|2|480000|3|24011|476226
1200000|1|5956|5|1|0|0|480000|4|32020|508128
1200000|1|5956|5|1|1|2|480000|4|32020|481842
1200000|1|5956|5|2|0|0|480000|0|0|482683
1200000|1|5956|5|2|1|2|480000|0|0|458244
1200000|1|5956|5|2|0|0|480000|1|7997|484805
1200000|1|5956|5|2|1|2|480000|1|7997|462849
1200000|1|5956|5|2|0|0|480000|2|16002|486443
1200000|1|5956|5|2|1|2|480000|2|16002|467175
1200000|1|5956|5|2|0|0|480000|3|24010|488901
1200000|1|5956|5|2|1|2|480000|3|24010|470804
1200000|1|5956|5|2|0|0|480000|4|32019|491864
1200000|1|5956|5|2|1|2|480000|4|32019|475017
1200000|1|5956|5|3|0|0|480000|0|0|484746
1200000|1|5956|5|3|1|2|480000|0|0|445378
1200000|1|5956|5|3|0|0|480000|1|8000|488122
1200000|1|5956|5|3|1|2|480000|1|8000|454775
1200000|1|5956|5|3|0|0|480000|2|16006|491630
1200000|1|5956|5|3|1|2|480000|2|16006|462967
1200000|1|5956|5|3|0|0|480000|3|24015|496584
1200000|1|5956|5|3|1|2|480000|3|24015|470298
1200000|1|5956|5|3|0|0|480000|4|32025|500289
1200000|1|5956|5|3|1|2|480000|4|32025|477785
1200000|1|5956|5|4|0|0|480000|0|0|489702
1200000|1|5956|5|4|1|2|480000|0|0|463862
1200000|1|5956|5|4|0|0|480000|1|7998|494009
1200000|1|5956|5|4|1|2|480000|1|7998|468855
1200000|1|5956|5|4|0|0|480000|2|16004|498298
1200000|1|5956|5|4|1|2|480000|2|16004|472678
1200000|1|5956|5|4|0|0|480000|3|24012|502628
1200000|1|5956|5|4|1|2|480000|3|24012|477708
1200000|1|5956|5|4|0|0|480000|4|32021|506841
1200000|1|5956|5|4|1|2|480000|4|32021|482897
1200000|1|5956|5|5|0|0|480000|0|1|500700
1200000|1|5956|5|5|1|2|480000|0|1|455594
1200000|1|5956|5|5|0|0|480000|1|8001|505203
1200000|1|5956|5|5|1|2|480000|1|8001|465890
1200000|1|5956|5|5|0|0|480000|2|16008|509531
1200000|1|5956|5|5|1|2|480000|2|16008|474897
1200000|1|5956|5|5|0|0|480000|3|24018|513081
1200000|1|5956|5|5|1|2|480000|3|24018|483012
1200000|1|5956|5|5|0|0|480000|4|32029|516747
1200000|1|5956|5|5|1|2|480000|4|32029|491125
1200000|1|5957|5|1|0|0|480000|0|0|455654
1200000|1|5957|5|1|1|2|480000|0|0|447991
1200000|1|5957|5|1|0|0|480000|1|7980|459183
1200000|1|5957|5|1|1|2|480000|1|7980|451423
1200000|1|5957|5|1|0|0|480000|2|15973|463044
1200000|1|5957|5|1|1|2|480000|2|15973|456140
1200000|1|5957|5|1|0|0|480000|3|23975|466475
1200000|1|5957|5|1|1|2|480000|3|23975|461560
1200000|1|5957|5|1|0|0|480000|4|31981|469205
1200000|1|5957|5|1|1|2|480000|4|31981|467488
1200000|1|5957|5|2|0|0|480000|0|0|456669
1200000|1|5957|5|2|1|2|480000|0|0|428529
1200000|1|5957|5|2|0|0|480000|1|7999|460080
1200000|1|5957|5|2|1|2|480000|1|7999|432545
1200000|1|5957|5|2|0|0|480000|2|16006|464059
1200000|1|5957|5|2|1|2|480000|2|16006|437344
1200000|1|5957|5|2|0|0|480000|3|24015|468426
1200000|1|5957|5|2|1|2|480000|3|24015|443154
1200000|1|5957|5|2|0|0|480000|4|32027|471662
1200000|1|5957|5|2|1|2|480000|4|32027|449238
1200000|1|5957|5|3|0|0|480000|0|0|435415
1200000|1|5957|5|3|1|2|480000|0|0|429855
1200000|1|5957|5|3|0|0|480000|1|7981|436641
1200000|1|5957|5|3|1|2|480000|1|7981|433286
1200000|1|5957|5|3|0|0|480000|2|15976|439916
1200000|1|5957|5|3|1|2|480000|2|15976|437889
1200000|1|5957|5|3|0|0|480000|3|23979|442919
1200000|1|5957|5|3|1|2|480000|3|23979|443384
1200000|1|5957|5|3|0|0|480000|4|31987|446703
1200000|1|5957|5|3|1|2|480000|4|31987|449549
1200000|1|5957|5|4|0|0|480000|0|0|495006
1200000|1|5957|5|4|1|2|480000|0|0|496895
1200000|1|5957|5|4|0|0|480000|1|8006|498492
1200000|1|5957|5|4|1|2|480000|1|8006|502474
1200000|1|5957|5|4|0|0|480000|2|16017|501419
1200000|1|5957|5|4|1|2|480000|2|16017|507348
1200000|1|5957|5|4|0|0|480000|3|24029|504500
1200000|1|5957|5|4|1|2|480000|3|24029|513470
1200000|1|5957|5|4|0|0|480000|4|32042|508011
1200000|1|5957|5|4|1|2|480000|4|32042|519984
1200000|1|5957|5|5|0|0|480000|0|0|452066
1200000|1|5957|5|5|1|2|480000|0|0|428607
1200000|1|5957|5|5|0|0|480000|1|8000|453528
1200000|1|5957|5|5|1|2|480000|1|8000|431337
1200000|1|5957|5|5|0|0|480000|2|16008|455633
1200000|1|5957|5|5|1|2|480000|2|16008|436055
1200000|1|5957|5|5|0|0|480000|3|24018|457621
1200000|1|5957|5|5|1|2|480000|3|24018|441517
1200000|1|5957|5|5|0|0|480000|4|32029|460274
1200000|1|5957|5|5|1|2|480000|4|32029|446899
1200000|1|5958|5|1|0|0|480000|0|0|493602
1200000|1|5958|5|1|1|2|480000|0|0|457310
1200000|1|5958|5|1|0|0|480000|1|7999|496073
1200000|1|5958|5|1|1|2|480000|1|7999|467098
1200000|1|5958|5|1|0|0|480000|2|16006|497792
1200000|1|5958|5|1|1|2|480000|2|16006|474898
1200000|1|5958|5|1|0|0|480000|3|24014|499895
1200000|1|5958|5|1|1|2|480000|3|24014|481532
1200000|1|5958|5|1|0|0|480000|4|32023|502278
1200000|1|5958|5|1|1|2|480000|4|32023|488082
1200000|1|5958|5|2|0|0|480000|0|0|484946
1200000|1|5958|5|2|1|2|480000|0|0|456337
1200000|1|5958|5|2|0|0|480000|1|7997|487848
1200000|1|5958|5|2|1|2|480000|1|7997|457739
1200000|1|5958|5|2|0|0|480000|2|16003|490616
1200000|1|5958|5|2|1|2|480000|2|16003|461328
1200000|1|5958|5|2|0|0|480000|3|24011|493114
1200000|1|5958|5|2|1|2|480000|3|24011|465462
1200000|1|5958|5|2|0|0|480000|4|32021|495958
1200000|1|5958|5|2|1|2|480000|4|32021|470299
1200000|1|5958|5|3|0|0|480000|0|0|490523
1200000|1|5958|5|3|1|2|480000|0|0|479774
1200000|1|5958|5|3|0|0|480000|1|7999|493112
1200000|1|5958|5|3|1|2|480000|1|7999|479579
1200000|1|5958|5|3|0|0|480000|2|16002|495101
1200000|1|5958|5|3|1|2|480000|2|16002|480478
1200000|1|5958|5|3|0|0|480000|3|24007|497480
1200000|1|5958|5|3|1|2|480000|3|24007|482505
1200000|1|5958|5|3|0|0|480000|4|32015|499861
1200000|1|5958|5|3|1|2|480000|4|32015|486170
1200000|1|5958|5|4|0|0|480000|0|0|487323
1200000|1|5958|5|4|1|2|480000|0|0|486056
1200000|1|5958|5|4|0|0|480000|1|7997|489212
1200000|1|5958|5|4|1|2|480000|1|7997|489719
1200000|1|5958|5|4|0|0|480000|2|16000|491628
1200000|1|5958|5|4|1|2|480000|2|16000|493308
1200000|1|5958|5|4|0|0|480000|3|24005|494282
1200000|1|5958|5|4|1|2|480000|3|24005|496428
1200000|1|5958|5|4|0|0|480000|4|32011|496622
1200000|1|5958|5|4|1|2|480000|4|32011|500015
1200000|1|5958|5|5|0|0|480000|0|0|440679
1200000|1|5958|5|5|1|2|480000|0|0|426848
1200000|1|5958|5|5|0|0|480000|1|7994|444596
1200000|1|5958|5|5|1|2|480000|1|7994|425294
1200000|1|5958|5|5|0|0|480000|2|15993|449162
1200000|1|5958|5|5|1|2|480000|2|15993|426071
1200000|1|5958|5|5|0|0|480000|3|23997|453098
1200000|1|5958|5|5|1|2|480000|3|23997|427514
1200000|1|5958|5|5|0|0|480000|4|32003|456727
1200000|1|5958|5|5|1|2|480000|4|32003|429386
1200000|1|5959|5|1|0|0|480000|0|0|456513
1200000|1|5959|5|1|1|2|480000|0|0|416867
1200000|1|5959|5|1|0|0|480000|1|7996|460002
1200000|1|5959|5|1|1|2|480000|1|7996|423461
1200000|1|5959|5|1|0|0|480000|2|16000|463434
1200000|1|5959|5|1|1|2|480000|2|16000|428838
1200000|1|5959|5|1|0|0|480000|3|24006|467022
1200000|1|5959|5|1|1|2|480000|3|24006|433638
1200000|1|5959|5|1|0|0|480000|4|32013|469713
1200000|1|5959|5|1|1|2|480000|4|32013|438123
1200000|1|5959|5|2|0|0|480000|0|0|487752
1200000|1|5959|5|2|1|2|480000|0|0|457817
1200000|1|5959|5|2|0|0|480000|1|7996|490343
1200000|1|5959|5|2|1|2|480000|1|7996|459690
1200000|1|5959|5|2|0|0|480000|2|15999|491202
1200000|1|5959|5|2|1|2|480000|2|15999|462147
1200000|1|5959|5|2|0|0|480000|3|24004|491785
1200000|1|5959|5|2|1|2|480000|3|24004|465422
1200000|1|5959|5|2|0|0|480000|4|32012|492953
1200000|1|5959|5|2|1|2|480000|4|32012|468700
1200000|1|5959|5|3|0|0|480000|0|0|447388
1200000|1|5959|5|3|1|2|480000|0|0|438200
1200000|1|5959|5|3|0|0|480000|1|7978|449121
1200000|1|5959|5|3|1|2|480000|1|7978|439371
1200000|1|5959|5|3|0|0|480000|2|15968|451695
1200000|1|5959|5|3|1|2|480000|2|15968|441631
1200000|1|5959|5|3|0|0|480000|3|23965|454544
1200000|1|5959|5|3|1|2|480000|3|23965|444635
1200000|1|5959|5|3|0|0|480000|4|31968|456297
1200000|1|5959|5|3|1|2|480000|4|31968|447834
1200000|1|5959|5|4|0|0|480000|0|0|483541
1200000|1|5959|5|4|1|2|480000|0|0|483441
1200000|1|5959|5|4|0|0|480000|1|8001|487418
1200000|1|5959|5|4|1|2|480000|1|8001|485624
1200000|1|5959|5|4|0|0|480000|2|16006|490383
1200000|1|5959|5|4|1|2|480000|2|16006|486834
1200000|1|5959|5|4|0|0|480000|3|24011|492917
1200000|1|5959|5|4|1|2|480000|3|24011|488238
1200000|1|5959|5|4|0|0|480000|4|32018|495842
1200000|1|5959|5|4|1|2|480000|4|32018|490345
1200000|1|5959|5|5|0|0|480000|0|0|484280
1200000|1|5959|5|5|1|2|480000|0|0|451656
1200000|1|5959|5|5|0|0|480000|1|7996|486131
1200000|1|5959|5|5|1|2|480000|1|7996|451656
1200000|1|5959|5|5|0|0|480000|2|15998|487965
1200000|1|5959|5|5|1|2|480000|2|15998|452862
1200000|1|5959|5|5|0|0|480000|3|24002|490304
1200000|1|5959|5|5|1|2|480000|3|24002|454889
1200000|1|5959|5|5|0|0|480000|4|32009|491865
1200000|1|5959|5|5|1|2|480000|4|32009|457428
1200000|1|5960|5|1|0|0|480000|0|0|446100
1200000|1|5960|5|1|1|2|480000|0|0|421587
1200000|1|5960|5|1|0|0|480000|1|7996|446741
1200000|1|5960|5|1|1|2|480000|1|7996|422444
1200000|1|5960|5|1|0|0|480000|2|15999|448536
1200000|1|5960|5|1|1|2|480000|2|15999|425176
1200000|1|5960|5|1|0|0|480000|3|24004|450991
1200000|1|5960|5|1|1|2|480000|3|24004|428061
1200000|1|5960|5|1|0|0|480000|4|32010|453176
1200000|1|5960|5|1|1|2|480000|4|32010|431572
1200000|1|5960|5|2|0|0|480000|0|1|475347
1200000|1|5960|5|2|1|2|480000|0|1|444906
1200000|1|5960|5|2|0|0|480000|1|7995|478020
1200000|1|5960|5|2|1|2|480000|1|7995|445221
1200000|1|5960|5|2|0|0|480000|2|15997|481256
1200000|1|5960|5|2|1|2|480000|2|15997|447013
1200000|1|5960|5|2|0|0|480000|3|24000|484494
1200000|1|5960|5|2|1|2|480000|3|24000|450014
1200000|1|5960|5|2|0|0|480000|4|32006|488158
1200000|1|5960|5|2|1|2|480000|4|32006|453568
1200000|1|5960|5|3|0|0|480000|0|0|489233
1200000|1|5960|5|3|1|2|480000|0|0|457896
1200000|1|5960|5|3|0|0|480000|1|7994|492293
1200000|1|5960|5|3|1|2|480000|1|7994|459024
1200000|1|5960|5|3|0|0|480000|2|15996|495296
1200000|1|5960|5|3|1|2|480000|2|15996|461600
1200000|1|5960|5|3|0|0|480000|3|24000|498418
1200000|1|5960|5|3|1|2|480000|3|24000|465306
1200000|1|5960|5|3|0|0|480000|4|32007|501811
1200000|1|5960|5|3|1|2|480000|4|32007|469167
1200000|1|5960|5|4|0|0|480000|0|0|492822
1200000|1|5960|5|4|1|2|480000|0|0|461795
1200000|1|5960|5|4|0|0|480000|1|7995|495335
1200000|1|5960|5|4|1|2|480000|1|7995|462850
1200000|1|5960|5|4|0|0|480000|2|15997|498143
1200000|1|5960|5|4|1|2|480000|2|15997|465618
1200000|1|5960|5|4|0|0|480000|3|24002|501577
1200000|1|5960|5|4|1|2|480000|3|24002|469011
1200000|1|5960|5|4|0|0|480000|4|32009|505009
1200000|1|5960|5|4|1|2|480000|4|32009|472714
1200000|1|5960|5|5|0|0|480000|0|0|482251
1200000|1|5960|5|5|1|2|480000|0|0|450212
1200000|1|5960|5|5|0|0|480000|1|7994|484649
1200000|1|5960|5|5|1|2|480000|1|7994|450446
1200000|1|5960|5|5|0|0|480000|2|15995|487769
1200000|1|5960|5|5|1|2|480000|2|15995|452474
1200000|1|5960|5|5|0|0|480000|3|23999|491201
1200000|1|5960|5|5|1|2|480000|3|23999|455050
1200000|1|5960|5|5|0|0|480000|4|32004|494594
1200000|1|5960|5|5|1|2|480000|4|32004|458793
1200000|1|5961|5|1|0|0|480000|0|0|491184
1200000|1|5961|5|1|1|2|480000|0|0|459925
1200000|1|5961|5|1|0|0|480000|1|7995|493815
1200000|1|5961|5|1|1|2|480000|1|7995|461324
1200000|1|5961|5|1|0|0|480000|2|15998|497249
1200000|1|5961|5|1|1|2|480000|2|15998|464059
1200000|1|5961|5|1|0|0|480000|3|24002|500171
1200000|1|5961|5|1|1|2|480000|3|24002|467215
1200000|1|5961|5|1|0|0|480000|4|32009|503722
1200000|1|5961|5|1|1|2|480000|4|32009|471272
1200000|1|5961|5|2|0|0|480000|0|0|493797
1200000|1|5961|5|2|1|2|480000|0|0|461209
1200000|1|5961|5|2|0|0|480000|1|7994|496697
1200000|1|5961|5|2|1|2|480000|1|7994|462108
1200000|1|5961|5|2|0|0|480000|2|15996|499740
1200000|1|5961|5|2|1|2|480000|2|15996|464839
1200000|1|5961|5|2|0|0|480000|3|24001|503487
1200000|1|5961|5|2|1|2|480000|3|24001|467958
1200000|1|5961|5|2|0|0|480000|4|32008|507464
1200000|1|5961|5|2|1|2|480000|4|32008|471932
1200000|1|5961|5|3|0|0|480000|0|0|493054
1200000|1|5961|5|3|1|2|480000|0|0|460276
1200000|1|5961|5|3|0|0|480000|1|7995|496350
1200000|1|5961|5|3|1|2|480000|1|7995|461835
1200000|1|5961|5|3|0|0|480000|2|15997|499002
1200000|1|5961|5|3|1|2|480000|2|15997|463826
1200000|1|5961|5|3|0|0|480000|3|24001|501963
1200000|1|5961|5|3|1|2|480000|3|24001|466553
1200000|1|5961|5|3|0|0|480000|4|32007|505826
1200000|1|5961|5|3|1|2|480000|4|32007|470417
1200000|1|5961|5|4|0|0|480000|0|0|491651
1200000|1|5961|5|4|1|2|480000|0|0|456764
1200000|1|5961|5|4|0|0|480000|1|7993|494517
1200000|1|5961|5|4|1|2|480000|1|7993|457076
1200000|1|5961|5|4|0|0|480000|2|15994|497326
1200000|1|5961|5|4|1|2|480000|2|15994|458792
1200000|1|5961|5|4|0|0|480000|3|23998|500406
1200000|1|5961|5|4|1|2|480000|3|23998|460702
1200000|1|5961|5|4|0|0|480000|4|32002|503565
1200000|1|5961|5|4|1|2|480000|4|32002|463630
1200000|1|5961|5|5|0|0|480000|0|0|487479
1200000|1|5961|5|5|1|2|480000|0|0|450993
1200000|1|5961|5|5|0|0|480000|1|7993|489797
1200000|1|5961|5|5|1|2|480000|1|7993|450095
1200000|1|5961|5|5|0|0|480000|2|15993|492256
1200000|1|5961|5|5|1|2|480000|2|15993|450719
1200000|1|5961|5|5|0|0|480000|3|23995|494984
1200000|1|5961|5|5|1|2|480000|3|23995|452474
1200000|1|5961|5|5|0|0|480000|4|31999|497831
1200000|1|5961|5|5|1|2|480000|4|31999|455125
1200000|1|5962|5|1|0|0|480000|0|0|485021
1200000|1|5962|5|1|1|2|480000|0|0|483987
1200000|1|5962|5|1|0|0|480000|1|7996|487575
1200000|1|5962|5|1|1|2|480000|1|7996|484143
1200000|1|5962|5|1|0|0|480000|2|15996|490150
1200000|1|5962|5|1|1|2|480000|2|15996|484649
1200000|1|5962|5|1|0|0|480000|3|23997|492608
1200000|1|5962|5|1|1|2|480000|3|23997|485392
1200000|1|5962|5|1|0|0|480000|4|32000|495376
1200000|1|5962|5|1|1|2|480000|4|32000|487185
1200000|1|5962|5|2|0|0|480000|0|0|487594
1200000|1|5962|5|2|1|2|480000|0|0|485781
1200000|1|5962|5|2|0|0|480000|1|7998|489873
1200000|1|5962|5|2|1|2|480000|1|7998|488471
1200000|1|5962|5|2|0|0|480000|2|15998|491983
1200000|1|5962|5|2|1|2|480000|2|15998|491279
1200000|1|5962|5|2|0|0|480000|3|24001|494282
1200000|1|5962|5|2|1|2|480000|3|24001|493620
1200000|1|5962|5|2|0|0|480000|4|32003|495997
1200000|1|5962|5|2|1|2|480000|4|32003|495647
1200000|1|5962|5|3|0|0|480000|0|0|488608
1200000|1|5962|5|3|1|2|480000|0|0|485312
1200000|1|5962|5|3|0|0|480000|1|7997|490071
1200000|1|5962|5|3|1|2|480000|1|7997|487575
1200000|1|5962|5|3|0|0|480000|2|15997|492684
1200000|1|5962|5|3|1|2|480000|2|15997|489913
1200000|1|5962|5|3|0|0|480000|3|23998|494906
1200000|1|5962|5|3|1|2|480000|3|23998|492099
1200000|1|5962|5|3|0|0|480000|4|32000|496153
1200000|1|5962|5|3|1|2|480000|4|32000|493425
1200000|1|5962|5|4|0|0|480000|0|0|489976
1200000|1|5962|5|4|1|2|480000|0|0|485584
1200000|1|5962|5|4|0|0|480000|1|7996|491669
1200000|1|5962|5|4|1|2|480000|1|7996|486170
1200000|1|5962|5|4|0|0|480000|2|15994|493424
1200000|1|5962|5|4|1|2|480000|2|15994|486832
1200000|1|5962|5|4|0|0|480000|3|23994|495493
1200000|1|5962|5|4|1|2|480000|3|23994|487302
1200000|1|5962|5|4|0|0|480000|4|31994|497715
1200000|1|5962|5|4|1|2|480000|4|31994|487380
1200000|1|5962|5|5|0|0|480000|0|0|492195
1200000|1|5962|5|5|1|2|480000|0|0|485859
1200000|1|5962|5|5|0|0|480000|1|7995|493697
1200000|1|5962|5|5|1|2|480000|1|7995|484413
1200000|1|5962|5|5|0|0|480000|2|15992|494867
1200000|1|5962|5|5|1|2|480000|2|15992|483128
1200000|1|5962|5|5|0|0|480000|3|23991|495687
1200000|1|5962|5|5|1|2|480000|3|23991|481920
1200000|1|5962|5|5|0|0|480000|4|31991|497165
1200000|1|5962|5|5|1|2|480000|4|31991|480827
1200000|1|5963|5|1|0|0|480000|0|1|453549
1200000|1|5963|5|1|1|2|480000|0|1|445454
1200000|1|5963|5|1|0|0|480000|1|7994|455673
1200000|1|5963|5|1|1|2|480000|1|7994|443736
1200000|1|5963|5|1|0|0|480000|2|15991|458988
1200000|1|5963|5|1|1|2|480000|2|15991|442375
1200000|1|5963|5|1|0|0|480000|3|23990|462222
1200000|1|5963|5|1|1|2|480000|3|23990|441047
1200000|1|5963|5|1|0|0|480000|4|31990|464837
1200000|1|5963|5|1|1|2|480000|4|31990|439527
1200000|1|5963|5|2|0|0|480000|0|0|456553
1200000|1|5963|5|2|1|2|480000|0|0|426112
1200000|1|5963|5|2|0|0|480000|1|7988|459183
1200000|1|5963|5|2|1|2|480000|1|7988|423886
1200000|1|5963|5|2|0|0|480000|2|15983|461678
1200000|1|5963|5|2|1|2|480000|2|15983|423417
1200000|1|5963|5|2|0|0|480000|3|23980|464526
1200000|1|5963|5|2|1|2|480000|3|23980|424084
1200000|1|5963|5|2|0|0|480000|4|31980|466980
1200000|1|5963|5|2|1|2|480000|4|31980|425018
1200000|1|5963|5|3|0|0|480000|0|0|490323
1200000|1|5963|5|3|1|2|480000|0|0|481375
1200000|1|5963|5|3|0|0|480000|1|7995|492997
1200000|1|5963|5|3|1|2|480000|1|7995|480007
1200000|1|5963|5|3|0|0|480000|2|15993|495333
1200000|1|5963|5|3|1|2|480000|2|15993|479113
1200000|1|5963|5|3|0|0|480000|3|23992|496935
1200000|1|5963|5|3|1|2|480000|3|23992|478291
1200000|1|5963|5|3|0|0|480000|4|31991|498456
1200000|1|5963|5|3|1|2|480000|4|31991|477904
1200000|1|5963|5|4|0|0|480000|0|0|432566
1200000|1|5963|5|4|1|2|480000|0|0|417802
1200000|1|5963|5|4|0|0|480000|1|7970|432740
1200000|1|5963|5|4|1|2|480000|1|7970|415772
1200000|1|5963|5|4|0|0|480000|2|15952|433405
1200000|1|5963|5|4|1|2|480000|2|15952|415698
1200000|1|5963|5|4|0|0|480000|3|23943|434455
1200000|1|5963|5|4|1|2|480000|3|23943|416596
1200000|1|5963|5|4|0|0|480000|4|31939|436485
1200000|1|5963|5|4|1|2|480000|4|31939|418818
1200000|1|5963|5|5|0|0|480000|0|0|433892
1200000|1|5963|5|5|1|2|480000|0|0|422095
1200000|1|5963|5|5|0|0|480000|1|7970|435314
1200000|1|5963|5|5|1|2|480000|1|7970|422056
1200000|1|5963|5|5|0|0|480000|2|15953|436989
1200000|1|5963|5|5|1|2|480000|2|15953|423263
1200000|1|5963|5|5|0|0|480000|3|23945|439217
1200000|1|5963|5|5|1|2|480000|3|23945|425095
1200000|1|5963|5|5|0|0|480000|4|31941|441945
1200000|1|5963|5|5|1|2|480000|4|31941|427901
1200000|1|5964|5|1|0|0|480000|0|0|488258
1200000|1|5964|5|1|1|2|480000|0|0|455397
1200000|1|5964|5|1|0|0|480000|1|7995|491865
1200000|1|5964|5|1|1|2|480000|1|7995|461131
1200000|1|5964|5|1|0|0|480000|2|15994|495142
1200000|1|5964|5|1|1|2|480000|2|15994|465539
1200000|1|5964|5|1|0|0|480000|3|23996|497753
1200000|1|5964|5|1|1|2|480000|3|23996|469401
1200000|1|5964|5|1|0|0|480000|4|31999|500171
1200000|1|5964|5|1|1|2|480000|4|31999|472678
1200000|1|5964|5|2|0|0|480000|0|1|430889
1200000|1|5964|5|2|1|2|480000|0|1|420806
1200000|1|5964|5|2|0|0|480000|1|7971|431454
1200000|1|5964|5|2|1|2|480000|1|7971|420417
1200000|1|5964|5|2|0|0|480000|2|15955|432156
1200000|1|5964|5|2|1|2|480000|2|15955|421468
1200000|1|5964|5|2|0|0|480000|3|23947|433092
1200000|1|5964|5|2|1|2|480000|3|23947|423224
1200000|1|5964|5|2|0|0|480000|4|31944|434691
1200000|1|5964|5|2|1|2|480000|4|31944|425525
1200000|1|5964|5|3|0|0|480000|0|0|428043
1200000|1|5964|5|3|1|2|480000|0|0|416986
1200000|1|5964|5|3|0|0|480000|1|7970|428489
1200000|1|5964|5|3|1|2|480000|1|7970|416791
1200000|1|5964|5|3|0|0|480000|2|15954|428919
1200000|1|5964|5|3|1|2|480000|2|15954|417605
1200000|1|5964|5|3|0|0|480000|3|23947|429582
1200000|1|5964|5|3|1|2|480000|3|23947|419207
1200000|1|5964|5|3|0|0|480000|4|31944|430907
1200000|1|5964|5|3|1|2|480000|4|31944|420846
1200000|1|5964|5|4|0|0|480000|0|0|443449
1200000|1|5964|5|4|1|2|480000|0|0|437574
1200000|1|5964|5|4|0|0|480000|1|7997|444791
1200000|1|5964|5|4|1|2|480000|1|7997|436680
1200000|1|5964|5|4|0|0|480000|2|15997|446310
1200000|1|5964|5|4|1|2|480000|2|15997|436678
1200000|1|5964|5|4|0|0|480000|3|23998|447679
1200000|1|5964|5|4|1|2|480000|3|23998|437070
1200000|1|5964|5|4|0|0|480000|4|32001|448614
1200000|1|5964|5|4|1|2|480000|4|32001|437733
1200000|1|5964|5|5|0|0|480000|0|0|427847
1200000|1|5964|5|5|1|2|480000|0|0|413007
1200000|1|5964|5|5|0|0|480000|1|7970|427550
1200000|1|5964|5|5|1|2|480000|1|7970|409613
1200000|1|5964|5|5|0|0|480000|2|15955|427787
1200000|1|5964|5|5|1|2|480000|2|15955|408482
1200000|1|5964|5|5|0|0|480000|3|23947|427865
1200000|1|5964|5|5|1|2|480000|3|23947|408134
1200000|1|5964|5|5|0|0|480000|4|31944|429270
1200000|1|5964|5|5|1|2|480000|4|31944|408090
1200000|1|5965|5|1|0|0|480000|0|0|443098
1200000|1|5965|5|1|1|2|480000|0|0|436599
1200000|1|5965|5|1|0|0|480000|1|7996|444792
1200000|1|5965|5|1|1|2|480000|1|7996|435041
1200000|1|5965|5|1|0|0|480000|2|15996|446859
1200000|1|5965|5|1|1|2|480000|2|15996|434610
1200000|1|5965|5|1|0|0|480000|3|23997|449081
1200000|1|5965|5|1|1|2|480000|3|23997|434769
1200000|1|5965|5|1|0|0|480000|4|32000|450603
1200000|1|5965|5|1|1|2|480000|4|32000|435233
1200000|1|5965|5|2|0|0|480000|0|0|430226
1200000|1|5965|5|2|1|2|480000|0|0|413631
1200000|1|5965|5|2|0|0|480000|1|7971|430556
1200000|1|5965|5|2|1|2|480000|1|7971|409611
1200000|1|5965|5|2|0|0|480000|2|15955|432777
1200000|1|5965|5|2|1|2|480000|2|15955|407469
1200000|1|5965|5|2|0|0|480000|3|23945|434885
1200000|1|5965|5|2|1|2|480000|3|23945|406416
1200000|1|5965|5|2|0|0|480000|4|31942|437071
1200000|1|5965|5|2|1|2|480000|4|31942|406647
1200000|1|5965|5|3|0|0|480000|0|0|452496
1200000|1|5965|5|3|1|2|480000|0|0|443892
1200000|1|5965|5|3|0|0|480000|1|7995|454932
1200000|1|5965|5|3|1|2|480000|1|7995|441240
1200000|1|5965|5|3|0|0|480000|2|15993|457116
1200000|1|5965|5|3|1|2|480000|2|15993|439800
1200000|1|5965|5|3|0|0|480000|3|23994|459650
1200000|1|5965|5|3|1|2|480000|3|23994|438395
1200000|1|5965|5|3|0|0|480000|4|31995|462693
1200000|1|5965|5|3|1|2|480000|4|31995|437030
1200000|1|5965|5|4|0|0|480000|0|0|491535
1200000|1|5965|5|4|1|2|480000|0|0|484572
1200000|1|5965|5|4|0|0|480000|1|7995|494049
1200000|1|5965|5|4|1|2|480000|1|7995|485275
1200000|1|5965|5|4|0|0|480000|2|15994|496892
1200000|1|5965|5|4|1|2|480000|2|15994|485898
1200000|1|5965|5|4|0|0|480000|3|23994|499665
1200000|1|5965|5|4|1|2|480000|3|23994|485976
1200000|1|5965|5|4|0|0|480000|4|31995|502316
1200000|1|5965|5|4|1|2|480000|4|31995|486368
1200000|1|5965|5|5|0|0|480000|0|0|440795
1200000|1|5965|5|5|1|2|480000|0|0|422638
1200000|1|5965|5|5|0|0|480000|1|7971|443115
1200000|1|5965|5|5|1|2|480000|1|7971|418661
1200000|1|5965|5|5|0|0|480000|2|15956|445648
1200000|1|5965|5|5|1|2|480000|2|15956|416984
1200000|1|5965|5|5|0|0|480000|3|23949|448808
1200000|1|5965|5|5|1|2|480000|3|23949|416361
1200000|1|5965|5|5|0|0|480000|4|31947|451772
1200000|1|5965|5|5|1|2|480000|4|31947|416596
1200000|1|5966|5|1|0|0|480000|0|0|496098
1200000|1|5966|5|1|1|2|480000|0|0|489368
1200000|1|5966|5|1|0|0|480000|1|7999|500210
1200000|1|5966|5|1|1|2|480000|1|7999|489758
1200000|1|5966|5|1|0|0|480000|2|16001|503995
1200000|1|5966|5|1|1|2|480000|2|16001|490850
1200000|1|5966|5|1|0|0|480000|3|24004|507228
1200000|1|5966|5|1|1|2|480000|3|24004|491866
1200000|1|5966|5|1|0|0|480000|4|32008|510469
1200000|1|5966|5|1|1|2|480000|4|32008|492605
1200000|1|5966|5|2|0|0|480000|0|0|438300
1200000|1|5966|5|2|1|2|480000|0|0|422286
1200000|1|5966|5|2|0|0|480000|1|7973|440424
1200000|1|5966|5|2|1|2|480000|1|7973|420102
1200000|1|5966|5|2|0|0|480000|2|15959|443231
1200000|1|5966|5|2|1|2|480000|2|15959|419870
1200000|1|5966|5|2|0|0|480000|3|23954|446549
1200000|1|5966|5|2|1|2|480000|3|23954|421079
1200000|1|5966|5|2|0|0|480000|4|31954|450565
1200000|1|5966|5|2|1|2|480000|4|31954|422600
1200000|1|5966|5|3|0|0|480000|0|0|444696
1200000|1|5966|5|3|1|2|480000|0|0|430870
1200000|1|5966|5|3|0|0|480000|1|7975|448068
1200000|1|5966|5|3|1|2|480000|1|7975|430985
1200000|1|5966|5|3|0|0|480000|2|15963|452006
1200000|1|5966|5|3|1|2|480000|2|15963|433014
1200000|1|5966|5|3|0|0|480000|3|23961|456882
1200000|1|5966|5|3|1|2|480000|3|23961|434573
1200000|1|5966|5|3|0|0|480000|4|31963|462031
1200000|1|5966|5|3|1|2|480000|4|31963|436565
1200000|1|5966|5|4|0|0|480000|0|0|443564
1200000|1|5966|5|4|1|2|480000|0|0|430202
1200000|1|5966|5|4|0|0|480000|1|7976|446819
1200000|1|5966|5|4|1|2|480000|1|7976|430595
1200000|1|5966|5|4|0|0|480000|2|15966|450642
1200000|1|5966|5|4|1|2|480000|2|15966|432701
1200000|1|5966|5|4|0|0|480000|3|23965|454970
1200000|1|5966|5|4|1|2|480000|3|23965|435860
1200000|1|5966|5|4|0|0|480000|4|31970|459181
1200000|1|5966|5|4|1|2|480000|4|31970|439605
1200000|1|5966|5|5|0|0|480000|0|0|445789
1200000|1|5966|5|5|1|2|480000|0|0|434417
1200000|1|5966|5|5|0|0|480000|1|7978|450679
1200000|1|5966|5|5|1|2|480000|1|7978|436758
1200000|1|5966|5|5|0|0|480000|2|15971|456258
1200000|1|5966|5|5|1|2|480000|2|15971|440385
1200000|1|5966|5|5|0|0|480000|3|23972|462378
1200000|1|5966|5|5|1|2|480000|3|23972|443545
1200000|1|5966|5|5|0|0|480000|4|31977|468894
1200000|1|5966|5|5|1|2|480000|4|31977|447129
1200000|1|5967|5|1|0|0|480000|0|0|503273
1200000|1|5967|5|1|1|2|480000|0|0|468813
1200000|1|5967|5|1|0|0|480000|1|8003|509767
1200000|1|5967|5|1|1|2|480000|1|8003|476655
1200000|1|5967|5|1|0|0|480000|2|16011|516279
1200000|1|5967|5|1|1|2|480000|2|16011|483051
1200000|1|5967|5|1|0|0|480000|3|24021|523025
1200000|1|5967|5|1|1|2|480000|3|24021|488821
1200000|1|5967|5|1|0|0|480000|4|32032|530085
1200000|1|5967|5|1|1|2|480000|4|32032|494672
1200000|1|5967|5|2|0|0|480000|0|0|470591
1200000|1|5967|5|2|1|2|480000|0|0|443816
1200000|1|5967|5|2|0|0|480000|1|7998|475832
1200000|1|5967|5|2|1|2|480000|1|7998|444595
1200000|1|5967|5|2|0|0|480000|2|16003|482154
1200000|1|5967|5|2|1|2|480000|2|16003|446587
1200000|1|5967|5|2|0|0|480000|3|24011|488900
1200000|1|5967|5|2|1|2|480000|3|24011|449276
1200000|1|5967|5|2|0|0|480000|4|32020|496153
1200000|1|5967|5|2|1|2|480000|4|32020|453139
1200000|1|5967|5|3|0|0|480000|0|0|463845
1200000|1|5967|5|3|1|2|480000|0|0|468465
1200000|1|5967|5|3|0|0|480000|1|8001|469284
1200000|1|5967|5|3|1|2|480000|1|8001|473066
1200000|1|5967|5|3|0|0|480000|2|16006|474899
1200000|1|5967|5|3|1|2|480000|2|16006|477358
1200000|1|5967|5|3|0|0|480000|3|24013|481254
1200000|1|5967|5|3|1|2|480000|3|24013|481491
1200000|1|5967|5|3|0|0|480000|4|32022|487221
1200000|1|5967|5|3|1|2|480000|4|32022|485391
1200000|1|5967|5|4|0|0|480000|0|0|475117
1200000|1|5967|5|4|1|2|480000|0|0|470961
1200000|1|5967|5|4|0|0|480000|1|7997|480710
1200000|1|5967|5|4|1|2|480000|1|7997|473419
1200000|1|5967|5|4|0|0|480000|2|15999|486014
1200000|1|5967|5|4|1|2|480000|2|15999|475835
1200000|1|5967|5|4|0|0|480000|3|24003|491319
1200000|1|5967|5|4|1|2|480000|3|24003|478020
1200000|1|5967|5|4|0|0|480000|4|32009|497049
1200000|1|5967|5|4|1|2|480000|4|32009|480984
1200000|1|5967|5|5|0|0|480000|0|0|444772
1200000|1|5967|5|5|1|2|480000|0|0|426657
1200000|1|5967|5|5|0|0|480000|1|7975|447289
1200000|1|5967|5|5|1|2|480000|1|7975|423810
1200000|1|5967|5|5|0|0|480000|2|15963|451657
1200000|1|5967|5|5|1|2|480000|2|15963|423303
1200000|1|5967|5|5|0|0|480000|3|23959|456218
1200000|1|5967|5|5|1|2|480000|3|23959|424278
1200000|1|5967|5|5|0|0|480000|4|31961|461679
1200000|1|5967|5|5|1|2|480000|4|31961|425528
1200000|1|5968|5|1|0|0|480000|0|0|506003
1200000|1|5968|5|1|1|2|480000|0|0|471584
1200000|1|5968|5|1|0|0|480000|1|7999|511054
1200000|1|5968|5|1|1|2|480000|1|7999|477392
1200000|1|5968|5|1|0|0|480000|2|16005|516319
1200000|1|5968|5|1|1|2|480000|2|16005|481724
1200000|1|5968|5|1|0|0|480000|3|24011|522051
1200000|1|5968|5|1|1|2|480000|3|24011|485469
1200000|1|5968|5|1|0|0|480000|4|32018|528210
1200000|1|5968|5|1|1|2|480000|4|32018|488745
1200000|1|5968|5|2|0|0|480000|0|0|509280
1200000|1|5968|5|2|1|2|480000|0|0|497713
1200000|1|5968|5|2|0|0|480000|1|7997|515266
1200000|1|5968|5|2|1|2|480000|1|7997|501884
1200000|1|5968|5|2|0|0|480000|2|16000|521621
1200000|1|5968|5|2|1|2|480000|2|16000|504970
1200000|1|5968|5|2|0|0|480000|3|24004|528056
1200000|1|5968|5|2|1|2|480000|3|24004|507310
1200000|1|5968|5|2|0|0|480000|4|32010|534257
1200000|1|5968|5|2|1|2|480000|4|32010|509528
1200000|1|5968|5|3|0|0|480000|0|0|513336
1200000|1|5968|5|3|1|2|480000|0|0|521232
1200000|1|5968|5|3|0|0|480000|1|8004|519983
1200000|1|5968|5|3|1|2|480000|1|8004|529654
1200000|1|5968|5|3|0|0|480000|2|16011|526225
1200000|1|5968|5|3|1|2|480000|2|16011|536091
1200000|1|5968|5|3|0|0|480000|3|24019|532656
1200000|1|5968|5|3|1|2|480000|3|24019|540810
1200000|1|5968|5|3|0|0|480000|4|32026|538352
1200000|1|5968|5|3|1|2|480000|4|32026|544670
1200000|1|5968|5|4|0|0|480000|0|0|497463
1200000|1|5968|5|4|1|2|480000|0|0|466318
1200000|1|5968|5|4|0|0|480000|1|7995|502863
1200000|1|5968|5|4|1|2|480000|1|7995|467840
1200000|1|5968|5|4|0|0|480000|2|15999|507934
1200000|1|5968|5|4|1|2|480000|2|15999|470571
1200000|1|5968|5|4|0|0|480000|3|24006|513545
1200000|1|5968|5|4|1|2|480000|3|24006|474317
1200000|1|5968|5|4|0|0|480000|4|32014|518503
1200000|1|5968|5|4|1|2|480000|4|32014|478175
1200000|1|5968|5|5|0|0|480000|0|1|461699
1200000|1|5968|5|5|1|2|480000|0|1|439253
1200000|1|5968|5|5|0|0|480000|1|7998|464877
1200000|1|5968|5|5|1|2|480000|1|7998|441088
1200000|1|5968|5|5|0|0|480000|2|16003|469087
1200000|1|5968|5|5|1|2|480000|2|16003|444168
1200000|1|5968|5|5|0|0|480000|3|24010|473846
1200000|1|5968|5|5|1|2|480000|3|24010|448417
1200000|1|5968|5|5|0|0|480000|4|32019|478175
1200000|1|5968|5|5|1|2|480000|4|32019|452864
1200000|1|5969|5|1|0|0|480000|0|0|488260
1200000|1|5969|5|1|1|2|480000|0|0|459963
1200000|1|5969|5|1|0|0|480000|1|7998|492255
1200000|1|5969|5|1|1|2|480000|1|7998|469244
1200000|1|5969|5|1|0|0|480000|2|16004|495649
1200000|1|5969|5|1|1|2|480000|2|16004|477631
1200000|1|5969|5|1|0|0|480000|3|24013|499702
1200000|1|5969|5|1|1|2|480000|3|24013|485391
1200000|1|5969|5|1|0|0|480000|4|32023|503408
1200000|1|5969|5|1|1|2|480000|4|32023|492529
1200000|1|5969|5|2|0|0|480000|0|0|486463
1200000|1|5969|5|2|1|2|480000|0|0|467336
1200000|1|5969|5|2|0|0|480000|1|7998|488004
1200000|1|5969|5|2|1|2|480000|1|7998|471819
1200000|1|5969|5|2|0|0|480000|2|16004|490460
1200000|1|5969|5|2|1|2|480000|2|16004|477084
1200000|1|5969|5|2|0|0|480000|3|24013|493151
1200000|1|5969|5|2|1|2|480000|3|24013|482621
1200000|1|5969|5|2|0|0|480000|4|32023|495141
1200000|1|5969|5|2|1|2|480000|4|32023|488355
1200000|1|5969|5|3|0|0|480000|0|0|432176
1200000|1|5969|5|3|1|2|480000|0|0|429583
1200000|1|5969|5|3|0|0|480000|1|7981|433640
1200000|1|5969|5|3|1|2|480000|1|7981|433871
1200000|1|5969|5|3|0|0|480000|2|15974|436563
1200000|1|5969|5|3|1|2|480000|2|15974|439565
1200000|1|5969|5|3|0|0|480000|3|23976|439215
1200000|1|5969|5|3|1|2|480000|3|23976|445766
1200000|1|5969|5|3|0|0|480000|4|31981|441790
1200000|1|5969|5|3|1|2|480000|4|31981|452437
1200000|1|5969|5|4|0|0|480000|0|0|435647
1200000|1|5969|5|4|1|2|480000|0|0|430088
1200000|1|5969|5|4|0|0|480000|1|7978|437771
1200000|1|5969|5|4|1|2|480000|1|7978|433248
1200000|1|5969|5|4|0|0|480000|2|15970|440540
1200000|1|5969|5|4|1|2|480000|2|15970|437927
1200000|1|5969|5|4|0|0|480000|3|23969|443192
1200000|1|5969|5|4|1|2|480000|3|23969|443349
1200000|1|5969|5|4|0|0|480000|4|31974|445376
1200000|1|5969|5|4|1|2|480000|4|31974|449158
1200000|1|5969|5|5|0|0|480000|0|0|485019
1200000|1|5969|5|5|1|2|480000|0|0|461991
1200000|1|5969|5|5|0|0|480000|1|7997|487653
1200000|1|5969|5|5|1|2|480000|1|7997|464133
1200000|1|5969|5|5|0|0|480000|2|16003|490811
1200000|1|5969|5|5|1|2|480000|2|16003|468037
1200000|1|5969|5|5|0|0|480000|3|24011|493617
1200000|1|5969|5|5|1|2|480000|3|24011|472794
1200000|1|5969|5|5|0|0|480000|4|32021|495725
1200000|1|5969|5|5|1|2|480000|4|32021|477669
1200000|1|5970|5|1|0|0|480000|0|0|433385
1200000|1|5970|5|1|1|2|480000|0|0|423422
1200000|1|5970|5|1|0|0|480000|1|7978|433404
1200000|1|5970|5|1|1|2|480000|1|7978|423497
1200000|1|5970|5|1|0|0|480000|2|15969|434731
1200000|1|5970|5|1|1|2|480000|2|15969|425601
1200000|1|5970|5|1|0|0|480000|3|23967|436017
1200000|1|5970|5|1|1|2|480000|3|23967|429115
1200000|1|5970|5|1|0|0|480000|4|31971|437538
1200000|1|5970|5|1|1|2|480000|4|31971|433054
1200000|1|5970|5|2|0|0|480000|0|0|448946
1200000|1|5970|5|2|1|2|480000|0|0|438593
1200000|1|5970|5|2|0|0|480000|1|7976|450837
1200000|1|5970|5|2|1|2|480000|1|7976|439722
1200000|1|5970|5|2|0|0|480000|2|15966|453607
1200000|1|5970|5|2|1|2|480000|2|15966|442335
1200000|1|5970|5|2|0|0|480000|3|23963|456491
1200000|1|5970|5|2|1|2|480000|3|23963|446114
1200000|1|5970|5|2|0|0|480000|4|31966|458949
1200000|1|5970|5|2|1|2|480000|4|31966|450020
1200000|1|5970|5|3|0|0|480000|0|0|433422
1200000|1|5970|5|3|1|2|480000|0|0|425721
1200000|1|5970|5|3|0|0|480000|1|7979|435429
1200000|1|5970|5|3|1|2|480000|1|7979|427398
1200000|1|5970|5|3|0|0|480000|2|15970|437654
1200000|1|5970|5|3|1|2|480000|2|15970|430244
1200000|1|5970|5|3|0|0|480000|3|23969|439683
1200000|1|5970|5|3|1|2|480000|3|23969|433638
1200000|1|5970|5|3|0|0|480000|4|31971|441437
1200000|1|5970|5|3|1|2|480000|4|31971|437226
1200000|1|5970|5|4|0|0|480000|0|0|478271
1200000|1|5970|5|4|1|2|480000|0|0|455674
1200000|1|5970|5|4|0|0|480000|1|7998|480045
1200000|1|5970|5|4|1|2|480000|1|7998|461875
1200000|1|5970|5|4|0|0|480000|2|16002|481763
1200000|1|5970|5|4|1|2|480000|2|16002|467023
1200000|1|5970|5|4|0|0|480000|3|24008|483128
1200000|1|5970|5|4|1|2|480000|3|24008|471389
1200000|1|5970|5|4|0|0|480000|4|32015|484416
1200000|1|5970|5|4|1|2|480000|4|32015|475094
1200000|1|5970|5|5|0|0|480000|0|0|486776
1200000|1|5970|5|5|1|2|480000|0|0|459499
1200000|1|5970|5|5|0|0|480000|1|7994|489564
1200000|1|5970|5|5|1|2|480000|1|7994|459807
1200000|1|5970|5|5|0|0|480000|2|15995|492528
1200000|1|5970|5|5|1|2|480000|2|15995|461795
1200000|1|5970|5|5|0|0|480000|3|24000|494400
1200000|1|5970|5|5|1|2|480000|3|24000|464954
1200000|1|5970|5|5|0|0|480000|4|32007|496037
1200000|1|5970|5|5|1|2|480000|4|32007|468153
1200000|1|5971|5|1|0|0|480000|0|0|479446
1200000|1|5971|5|1|1|2|480000|0|0|454386
1200000|1|5971|5|1|0|0|480000|1|7995|481687
1200000|1|5971|5|1|1|2|480000|1|7995|455165
1200000|1|5971|5|1|0|0|480000|2|15998|484064
1200000|1|5971|5|1|1|2|480000|2|15998|457155
1200000|1|5971|5|1|0|0|480000|3|24003|486794
1200000|1|5971|5|1|1|2|480000|3|24003|460158
1200000|1|5971|5|1|0|0|480000|4|32009|489095
1200000|1|5971|5|1|1|2|480000|4|32009|463863
1200000|1|5971|5|2|0|0|480000|0|0|451405
1200000|1|5971|5|2|1|2|480000|0|0|439917
1200000|1|5971|5|2|0|0|480000|1|7977|452903
1200000|1|5971|5|2|1|2|480000|1|7977|440971
1200000|1|5971|5|2|0|0|480000|2|15966|454894
1200000|1|5971|5|2|1|2|480000|2|15966|442997
1200000|1|5971|5|2|0|0|480000|3|23964|457504
1200000|1|5971|5|2|1|2|480000|3|23964|445920
1200000|1|5971|5|2|0|0|480000|4|31965|459885
1200000|1|5971|5|2|1|2|480000|4|31965|449157
1200000|1|5971|5|3|0|0|480000|0|0|450976
1200000|1|5971|5|3|1|2|480000|0|0|442256
1200000|1|5971|5|3|0|0|480000|1|7976|452435
1200000|1|5971|5|3|1|2|480000|1|7976|445141
1200000|1|5971|5|3|0|0|480000|2|15966|454892
1200000|1|5971|5|3|1|2|480000|2|15966|448927
1200000|1|5971|5|3|0|0|480000|3|23965|457231
1200000|1|5971|5|3|1|2|480000|3|23965|453684
1200000|1|5971|5|3|0|0|480000|4|31969|460003
1200000|1|5971|5|3|1|2|480000|4|31969|458676
1200000|1|5971|5|4|0|0|480000|0|0|453628
1200000|1|5971|5|4|1|2|480000|0|0|446975
1200000|1|5971|5|4|0|0|480000|1|7978|456104
1200000|1|5971|5|4|1|2|480000|1|7978|450562
1200000|1|5971|5|4|0|0|480000|2|15970|459144
1200000|1|5971|5|4|1|2|480000|2|15970|455165
1200000|1|5971|5|4|0|0|480000|3|23970|462498
1200000|1|5971|5|4|1|2|480000|3|23970|460823
1200000|1|5971|5|4|0|0|480000|4|31975|465733
1200000|1|5971|5|4|1|2|480000|4|31975|466513
1200000|1|5971|5|5|0|0|480000|0|0|485139
1200000|1|5971|5|5|1|2|480000|0|0|467798
1200000|1|5971|5|5|0|0|480000|1|7998|486600
1200000|1|5971|5|5|1|2|480000|1|7998|473145
1200000|1|5971|5|5|0|0|480000|2|16004|489408
1200000|1|5971|5|5|1|2|480000|2|16004|478564
1200000|1|5971|5|5|0|0|480000|3|24013|492254
1200000|1|5971|5|5|1|2|480000|3|24013|484142
1200000|1|5971|5|5|0|0|480000|4|32023|494674
1200000|1|5971|5|5|1|2|480000|4|32023|490579
1200000|1|5972|5|1|0|0|480000|0|0|461973
1200000|1|5972|5|1|1|2|480000|0|0|456882
1200000|1|5972|5|1|0|0|480000|1|7982|465970
1200000|1|5972|5|1|1|2|480000|1|7982|462733
1200000|1|5972|5|1|0|0|480000|2|15977|470959
1200000|1|5972|5|1|1|2|480000|2|15977|469752
1200000|1|5972|5|1|0|0|480000|3|23980|475289
1200000|1|5972|5|1|1|2|480000|3|23980|477240
1200000|1|5972|5|1|0|0|480000|4|31988|479501
1200000|1|5972|5|1|1|2|480000|4|31988|485118
1200000|1|5972|5|2|0|0|480000|0|0|492548
1200000|1|5972|5|2|1|2|480000|0|0|472053
1200000|1|5972|5|2|0|0|480000|1|8000|496975
1200000|1|5972|5|2|1|2|480000|1|8000|477122
1200000|1|5972|5|2|0|0|480000|2|16009|501692
1200000|1|5972|5|2|1|2|480000|2|16009|483246
1200000|1|5972|5|2|0|0|480000|3|24020|506374
1200000|1|5972|5|2|1|2|480000|3|24020|490266
1200000|1|5972|5|2|0|0|480000|4|32033|510660
1200000|1|5972|5|2|1|2|480000|4|32033|497558
1200000|1|5972|5|3|0|0|480000|0|0|502106
1200000|1|5972|5|3|1|2|480000|0|0|478328
1200000|1|5972|5|3|0|0|480000|1|8001|507231
1200000|1|5972|5|3|1|2|480000|1|8001|488822
1200000|1|5972|5|3|0|0|480000|2|16010|512027
1200000|1|5972|5|3|1|2|480000|2|16010|498534
1200000|1|5972|5|3|0|0|480000|3|24021|516044
1200000|1|5972|5|3|1|2|480000|3|24021|507232
1200000|1|5972|5|3|0|0|480000|4|32034|520101
1200000|1|5972|5|3|1|2|480000|4|32034|515344
1200000|1|5972|5|4|0|0|480000|0|0|493095
1200000|1|5972|5|4|1|2|480000|0|0|470024
1200000|1|5972|5|4|0|0|480000|1|7999|498028
1200000|1|5972|5|4|1|2|480000|1|7999|473963
1200000|1|5972|5|4|0|0|480000|2|16006|503096
1200000|1|5972|5|4|1|2|480000|2|16006|479618
1200000|1|5972|5|4|0|0|480000|3|24017|508870
1200000|1|5972|5|4|1|2|480000|3|24017|485662
1200000|1|5972|5|4|0|0|480000|4|32029|513821
1200000|1|5972|5|4|1|2|480000|4|32029|491903
1200000|1|5972|5|5|0|0|480000|0|0|461735
1200000|1|5972|5|5|1|2|480000|0|0|452277
1200000|1|5972|5|5|0|0|480000|1|7982|465421
1200000|1|5972|5|5|1|2|480000|1|7982|455128
1200000|1|5972|5|5|0|0|480000|2|15978|469672
1200000|1|5972|5|5|1|2|480000|2|15978|459769
1200000|1|5972|5|5|0|0|480000|3|23981|474314
1200000|1|5972|5|5|1|2|480000|3|23981|465734
1200000|1|5972|5|5|0|0|480000|4|31989|479307
1200000|1|5972|5|5|1|2|480000|4|31989|472600
1200000|1|5973|5|1|0|0|480000|0|0|488767
1200000|1|5973|5|1|1|2|480000|0|0|472832
1200000|1|5973|5|1|0|0|480000|1|8000|492059
1200000|1|5973|5|1|1|2|480000|1|8000|476928
1200000|1|5973|5|1|0|0|480000|2|16008|495491
1200000|1|5973|5|1|1|2|480000|2|16008|483127
1200000|1|5973|5|1|0|0|480000|3|24019|499118
1200000|1|5973|5|1|1|2|480000|3|24019|490384
1200000|1|5973|5|1|0|0|480000|4|32032|503212
1200000|1|5973|5|1|1|2|480000|4|32032|498065
1200000|1|5973|5|2|0|0|480000|0|0|485646
1200000|1|5973|5|2|1|2|480000|0|0|469986
1200000|1|5973|5|2|0|0|480000|1|8001|488702
1200000|1|5973|5|2|1|2|480000|1|8001|475133
1200000|1|5973|5|2|0|0|480000|2|16010|492135
1200000|1|5973|5|2|1|2|480000|2|16010|481414
1200000|1|5973|5|2|0|0|480000|3|24022|495764
1200000|1|5973|5|2|1|2|480000|3|24022|488666
1200000|1|5973|5|2|0|0|480000|4|32034|500055
1200000|1|5973|5|2|1|2|480000|4|32034|497987
1200000|1|5973|5|3|0|0|480000|0|0|453702
1200000|1|5973|5|3|1|2|480000|0|0|447951
1200000|1|5973|5|3|0|0|480000|1|7983|455244
1200000|1|5973|5|3|1|2|480000|1|7983|452942
1200000|1|5973|5|3|0|0|480000|2|15978|456530
1200000|1|5973|5|3|1|2|480000|2|15978|459885
1200000|1|5973|5|3|0|0|480000|3|23982|458790
1200000|1|5973|5|3|1|2|480000|3|23982|467723
1200000|1|5973|5|3|0|0|480000|4|31991|461600
1200000|1|5973|5|3|1|2|480000|4|31991|476028
1200000|1|5973|5|4|0|0|480000|0|0|464547
1200000|1|5973|5|4|1|2|480000|0|0|460862
1200000|1|5973|5|4|0|0|480000|1|7983|468151
1200000|1|5973|5|4|1|2|480000|1|7983|468309
1200000|1|5973|5|4|0|0|480000|2|15979|472250
1200000|1|5973|5|4|1|2|480000|2|15979|475991
1200000|1|5973|5|4|0|0|480000|3|23984|476732
1200000|1|5973|5|4|1|2|480000|3|23984|484494
1200000|1|5973|5|4|0|0|480000|4|31993|481296
1200000|1|5973|5|4|1|2|480000|4|31993|493071
1200000|1|5973|5|5|0|0|480000|0|0|460648
1200000|1|5973|5|5|1|2|480000|0|0|456336
1200000|1|5973|5|5|0|0|480000|1|7981|463082
1200000|1|5973|5|5|1|2|480000|1|7981|463006
1200000|1|5973|5|5|0|0|480000|2|15977|465848
1200000|1|5973|5|5|1|2|480000|2|15977|471936
1200000|1|5973|5|5|0|0|480000|3|23983|469244
1200000|1|5973|5|5|1|2|480000|3|23983|480748
1200000|1|5973|5|5|0|0|480000|4|31993|472752
1200000|1|5973|5|5|1|2|480000|4|31993|489955
1200000|1|5974|5|1|0|0|480000|0|0|443020
1200000|1|5974|5|1|1|2|480000|0|0|442490
1200000|1|5974|5|1|0|0|480000|1|7984|446076
1200000|1|5974|5|1|1|2|480000|1|7984|450799
1200000|1|5974|5|1|0|0|480000|2|15983|449666
1200000|1|5974|5|1|1|2|480000|2|15983|460509
1200000|1|5974|5|1|0|0|480000|3|23991|453881
1200000|1|5974|5|1|1|2|480000|3|23991|470064
1200000|1|5974|5|1|0|0|480000|4|32003|458092
1200000|1|5974|5|1|1|2|480000|4|32003|480281
1200000|1|5974|5|2|0|0|480000|0|0|465170
1200000|1|5974|5|2|1|2|480000|0|0|461561
1200000|1|5974|5|2|0|0|480000|1|7985|469128
1200000|1|5974|5|2|1|2|480000|1|7985|470182
1200000|1|5974|5|2|0|0|480000|2|15985|473652
1200000|1|5974|5|2|1|2|480000|2|15985|480320
1200000|1|5974|5|2|0|0|480000|3|23994|478215
1200000|1|5974|5|2|1|2|480000|3|23994|490225
1200000|1|5974|5|2|0|0|480000|4|32008|482816
1200000|1|5974|5|2|1|2|480000|4|32008|500831
1200000|1|5974|5|3|0|0|480000|0|0|448597
1200000|1|5974|5|3|1|2|480000|0|0|450132
1200000|1|5974|5|3|0|0|480000|1|7989|452513
1200000|1|5974|5|3|1|2|480000|1|7989|460000
1200000|1|5974|5|3|0|0|480000|2|15991|457818
1200000|1|5974|5|3|1|2|480000|2|15991|470998
1200000|1|5974|5|3|0|0|480000|3|24003|463279
1200000|1|5974|5|3|1|2|480000|3|24003|482465
1200000|1|5974|5|3|0|0|480000|4|32019|469283
1200000|1|5974|5|3|1|2|480000|4|32019|494943
1200000|1|5974|5|4|0|0|480000|0|0|493523
1200000|1|5974|5|4|1|2|480000|0|0|481219
1200000|1|5974|5|4|0|0|480000|1|8009|498690
1200000|1|5974|5|4|1|2|480000|1|8009|491395
1200000|1|5974|5|4|0|0|480000|2|16027|504617
1200000|1|5974|5|4|1|2|480000|2|16027|505007
1200000|1|5974|5|4|0|0|480000|3|24050|509688
1200000|1|5974|5|4|1|2|480000|3|24050|517642
1200000|1|5974|5|4|0|0|480000|4|32072|515186
1200000|1|5974|5|4|1|2|480000|4|32072|530825
1200000|1|5974|5|5|0|0|480000|0|0|496487
1200000|1|5974|5|5|1|2|480000|0|0|482116
1200000|1|5974|5|5|0|0|480000|1|8010|501770
1200000|1|5974|5|5|1|2|480000|1|8010|491789
1200000|1|5974|5|5|0|0|480000|2|16027|507465
1200000|1|5974|5|5|1|2|480000|2|16027|502512
1200000|1|5974|5|5|0|0|480000|3|24047|512807
1200000|1|5974|5|5|1|2|480000|3|24047|515108
1200000|1|5974|5|5|0|0|480000|4|32069|518538
1200000|1|5974|5|5|1|2|480000|4|32069|527901
1200000|1|5975|5|1|0|0|480000|0|0|493641
1200000|1|5975|5|1|1|2|480000|0|0|480244
1200000|1|5975|5|1|0|0|480000|1|8009|498067
1200000|1|5975|5|1|1|2|480000|1|8009|490070
1200000|1|5975|5|1|0|0|480000|2|16026|502901
1200000|1|5975|5|1|1|2|480000|2|16026|501186
1200000|1|5975|5|1|0|0|480000|3|24045|507581
1200000|1|5975|5|1|1|2|480000|3|24045|513471
1200000|1|5975|5|1|0|0|480000|4|32066|512142
1200000|1|5975|5|1|1|2|480000|4|32066|526029
1200000|1|5975|5|2|0|0|480000|0|0|450039
1200000|1|5975|5|2|1|2|480000|0|0|425406
1200000|1|5975|5|2|0|0|480000|1|7988|453720
1200000|1|5975|5|2|1|2|480000|1|7988|427361
1200000|1|5975|5|2|0|0|480000|2|15991|458170
1200000|1|5975|5|2|1|2|480000|2|15991|433285
1200000|1|5975|5|2|0|0|480000|3|24001|463316
1200000|1|5975|5|2|1|2|480000|3|24001|441786
1200000|1|5975|5|2|0|0|480000|4|32017|468425
1200000|1|5975|5|2|1|2|480000|4|32017|452359
1200000|1|5975|5|3|0|0|480000|0|0|467313
1200000|1|5975|5|3|1|2|480000|0|0|462923
1200000|1|5975|5|3|0|0|480000|1|7988|471665
1200000|1|5975|5|3|1|2|480000|1|7988|471703
1200000|1|5975|5|3|0|0|480000|2|15990|475988
1200000|1|5975|5|3|1|2|480000|2|15990|481764
1200000|1|5975|5|3|0|0|480000|3|24000|480477
1200000|1|5975|5|3|1|2|480000|3|24000|492997
1200000|1|5975|5|3|0|0|480000|4|32014|485467
1200000|1|5975|5|3|1|2|480000|4|32014|503916
1200000|1|5975|5|4|0|0|480000|0|0|456627
1200000|1|5975|5|4|1|2|480000|0|0|455987
1200000|1|5975|5|4|0|0|480000|1|7988|462265
1200000|1|5975|5|4|1|2|480000|1|7988|466945
1200000|1|5975|5|4|0|0|480000|2|15991|468620
1200000|1|5975|5|4|1|2|480000|2|15991|478332
1200000|1|5975|5|4|0|0|480000|3|24001|475523
1200000|1|5975|5|4|1|2|480000|3|24001|489876
1200000|1|5975|5|4|0|0|480000|4|32015|482970
1200000|1|5975|5|4|1|2|480000|4|32015|501496
1200000|1|5975|5|5|0|0|480000|0|0|476676
1200000|1|5975|5|5|1|2|480000|0|0|472951
1200000|1|5975|5|5|0|0|480000|1|7988|481997
1200000|1|5975|5|5|1|2|480000|1|7988|481527
1200000|1|5975|5|5|0|0|480000|2|15989|488043
1200000|1|5975|5|5|1|2|480000|2|15989|491591
1200000|1|5975|5|5|0|0|480000|3|23998|494322
1200000|1|5975|5|5|1|2|480000|3|23998|501965
1200000|1|5975|5|5|0|0|480000|4|32012|500757
1200000|1|5975|5|5|1|2|480000|4|32012|512964
1200000|1|5976|5|1|0|0|480000|0|0|504951
1200000|1|5976|5|1|1|2|480000|0|0|491865
1200000|1|5976|5|1|0|0|480000|1|8010|511599
1200000|1|5976|5|1|1|2|480000|1|8010|506333
1200000|1|5976|5|1|0|0|480000|2|16026|518464
1200000|1|5976|5|1|1|2|480000|2|16026|518655
1200000|1|5976|5|1|0|0|480000|3|24045|525405
1200000|1|5976|5|1|1|2|480000|3|24045|530047
1200000|1|5976|5|1|0|0|480000|4|32063|532425
1200000|1|5976|5|1|1|2|480000|4|32063|541200
1200000|1|5976|5|2|0|0|480000|0|0|503508
1200000|1|5976|5|2|1|2|480000|0|0|489680
1200000|1|5976|5|2|0|0|480000|1|8010|509883
1200000|1|5976|5|2|1|2|480000|1|8010|503175
1200000|1|5976|5|2|0|0|480000|2|16025|516592
1200000|1|5976|5|2|1|2|480000|2|16025|515302
1200000|1|5976|5|2|0|0|480000|3|24043|523376
1200000|1|5976|5|2|1|2|480000|3|24043|526575
1200000|1|5976|5|2|0|0|480000|4|32063|530082
1200000|1|5976|5|2|1|2|480000|4|32063|538081
1200000|1|5976|5|3|0|0|480000|0|0|484788
1200000|1|5976|5|3|1|2|480000|0|0|474821
1200000|1|5976|5|3|0|0|480000|1|7988|491354
1200000|1|5976|5|3|1|2|480000|1|7988|481959
1200000|1|5976|5|3|0|0|480000|2|15990|498453
1200000|1|5976|5|3|1|2|480000|2|15990|489954
1200000|1|5976|5|3|0|0|480000|3|23999|505943
1200000|1|5976|5|3|1|2|480000|3|23999|499236
1200000|1|5976|5|3|0|0|480000|4|32013|513822
1200000|1|5976|5|3|1|2|480000|4|32013|509297
1200000|1|5976|5|4|0|0|480000|0|0|502377
1200000|1|5976|5|4|1|2|480000|0|0|488627
1200000|1|5976|5|4|0|0|480000|1|8012|508284
1200000|1|5976|5|4|1|2|480000|1|8012|503879
1200000|1|5976|5|4|0|0|480000|2|16030|514798
1200000|1|5976|5|4|1|2|480000|2|16030|517565
1200000|1|5976|5|4|0|0|480000|3|24049|521424
1200000|1|5976|5|4|1|2|480000|3|24049|529462
1200000|1|5976|5|4|0|0|480000|4|32069|527861
1200000|1|5976|5|4|1|2|480000|4|32069|541278
1200000|1|5976|5|5|0|0|480000|0|0|480341
1200000|1|5976|5|5|1|2|480000|0|0|476302
1200000|1|5976|5|5|0|0|480000|1|7987|485937
1200000|1|5976|5|5|1|2|480000|1|7987|484455
1200000|1|5976|5|5|0|0|480000|2|15987|491708
1200000|1|5976|5|5|1|2|480000|2|15987|494205
1200000|1|5976|5|5|0|0|480000|3|23996|497714
1200000|1|5976|5|5|1|2|480000|3|23996|503371
1200000|1|5976|5|5|0|0|480000|4|32009|503955
1200000|1|5976|5|5|1|2|480000|4|32009|513199
1200000|1|5977|5|1|0|0|480000|0|0|459553
1200000|1|5977|5|1|1|2|480000|0|0|453098
1200000|1|5977|5|1|0|0|480000|1|7985|464721
1200000|1|5977|5|1|1|2|480000|1|7985|460078
1200000|1|5977|5|1|0|0|480000|2|15984|470103
1200000|1|5977|5|1|1|2|480000|2|15984|469050
1200000|1|5977|5|1|0|0|480000|3|23993|476146
1200000|1|5977|5|1|1|2|480000|3|23993|477240
1200000|1|5977|5|1|0|0|480000|4|32004|482699
1200000|1|5977|5|1|1|2|480000|4|32004|485312
1200000|1|5977|5|2|0|0|480000|0|0|463652
1200000|1|5977|5|2|1|2|480000|0|0|455716
1200000|1|5977|5|2|0|0|480000|1|7984|469050
1200000|1|5977|5|2|1|2|480000|1|7984|462108
1200000|1|5977|5|2|0|0|480000|2|15982|475600
1200000|1|5977|5|2|1|2|480000|2|15982|468424
1200000|1|5977|5|2|0|0|480000|3|23989|482544
1200000|1|5977|5|2|1|2|480000|3|23989|475447
1200000|1|5977|5|2|0|0|480000|4|32000|489799
1200000|1|5977|5|2|1|2|480000|4|32000|483088
1200000|1|5977|5|3|0|0|480000|0|0|504251
1200000|1|5977|5|3|1|2|480000|0|0|486482
1200000|1|5977|5|3|0|0|480000|1|8008|511092
1200000|1|5977|5|3|1|2|480000|1|8008|497792
1200000|1|5977|5|3|0|0|480000|2|16022|518579
1200000|1|5977|5|3|1|2|480000|2|16022|507856
1200000|1|5977|5|3|0|0|480000|3|24038|525951
1200000|1|5977|5|3|1|2|480000|3|24038|516942
1200000|1|5977|5|3|0|0|480000|4|32056|533362
1200000|1|5977|5|3|1|2|480000|4|32056|526106
1200000|1|5977|5|4|0|0|480000|0|0|467002
1200000|1|5977|5|4|1|2|480000|0|0|453450
1200000|1|5977|5|4|0|0|480000|1|7985|474510
1200000|1|5977|5|4|1|2|480000|1|7985|457193
1200000|1|5977|5|4|0|0|480000|2|15983|482622
1200000|1|5977|5|4|1|2|480000|2|15983|462419
1200000|1|5977|5|4|0|0|480000|3|23990|491550
1200000|1|5977|5|4|1|2|480000|3|23990|469126
1200000|1|5977|5|4|0|0|480000|4|32001|500523
1200000|1|5977|5|4|1|2|480000|4|32001|476069
1200000|1|5977|5|5|0|0|480000|0|0|491146
1200000|1|5977|5|5|1|2|480000|0|0|500952
1200000|1|5977|5|5|0|0|480000|1|8018|497481
1200000|1|5977|5|5|1|2|480000|1|8018|510583
1200000|1|5977|5|5|0|0|480000|2|16038|504930
1200000|1|5977|5|5|1|2|480000|2|16038|520100
1200000|1|5977|5|5|0|0|480000|3|24056|512223
1200000|1|5977|5|5|1|2|480000|3|24056|528446
1200000|1|5977|5|5|0|0|480000|4|32075|520062
1200000|1|5977|5|5|1|2|480000|4|32075|537261
1200000|1|5978|5|1|0|0|480000|0|0|498439
1200000|1|5978|5|1|1|2|480000|0|0|500445
1200000|1|5978|5|1|0|0|480000|1|8007|505397
1200000|1|5978|5|1|1|2|480000|1|8007|509103
1200000|1|5978|5|1|0|0|480000|2|16018|513118
1200000|1|5978|5|1|1|2|480000|2|16018|517798
1200000|1|5978|5|1|0|0|480000|3|24032|521697
1200000|1|5978|5|1|1|2|480000|3|24032|526807
1200000|1|5978|5|1|0|0|480000|4|32048|529227
1200000|1|5978|5|1|1|2|480000|4|32048|536948
1200000|1|5978|5|2|0|0|480000|0|0|488338
1200000|1|5978|5|2|1|2|480000|0|0|478765
1200000|1|5978|5|2|0|0|480000|1|7984|494907
1200000|1|5978|5|2|1|2|480000|1|7984|484338
1200000|1|5978|5|2|0|0|480000|2|15981|501733
1200000|1|5978|5|2|1|2|480000|2|15981|490344
1200000|1|5978|5|2|0|0|480000|3|23986|508595
1200000|1|5978|5|2|1|2|480000|3|23986|497324
1200000|1|5978|5|2|0|0|480000|4|31995|515654
1200000|1|5978|5|2|1|2|480000|4|31995|504967
1200000|1|5978|5|3|0|0|480000|0|0|498904
1200000|1|5978|5|3|1|2|480000|0|0|479657
1200000|1|5978|5|3|0|0|480000|1|8002|505086
1200000|1|5978|5|3|1|2|480000|1|8002|485582
1200000|1|5978|5|3|0|0|480000|2|16013|512261
1200000|1|5978|5|3|1|2|480000|2|16013|492489
1200000|1|5978|5|3|0|0|480000|3|24026|518970
1200000|1|5978|5|3|1|2|480000|3|24026|501382
1200000|1|5978|5|3|0|0|480000|4|32042|526340
1200000|1|5978|5|3|1|2|480000|4|32042|509802
1200000|1|5978|5|4|0|0|480000|0|1|491731
1200000|1|5978|5|4|1|2|480000|0|1|472322
1200000|1|5978|5|4|0|0|480000|1|8005|496817
1200000|1|5978|5|4|1|2|480000|1|8005|478602
1200000|1|5978|5|4|0|0|480000|2|16017|501809
1200000|1|5978|5|4|1|2|480000|2|16017|486053
1200000|1|5978|5|4|0|0|480000|3|24032|507116
1200000|1|5978|5|4|1|2|480000|3|24032|493813
1200000|1|5978|5|4|0|0|480000|4|32047|512536
1200000|1|5978|5|4|1|2|480000|4|32047|502473
1200000|1|5978|5|5|0|0|480000|0|0|486346
1200000|1|5978|5|5|1|2|480000|0|0|473653
1200000|1|5978|5|5|0|0|480000|1|7983|491315
1200000|1|5978|5|5|1|2|480000|1|7983|478215
1200000|1|5978|5|5|0|0|480000|2|15980|496624
1200000|1|5978|5|5|1|2|480000|2|15980|484766
1200000|1|5978|5|5|0|0|480000|3|23984|501888
1200000|1|5978|5|5|1|2|480000|3|23984|492058
1200000|1|5978|5|5|0|0|480000|4|31993|507776
1200000|1|5978|5|5|1|2|480000|4|31993|499429
1200000|1|5979|5|1|0|0|480000|0|0|494850
1200000|1|5979|5|1|1|2|480000|0|0|479307
1200000|1|5979|5|1|0|0|480000|1|8002|500719
1200000|1|5979|5|1|1|2|480000|1|8002|489603
1200000|1|5979|5|1|0|0|480000|2|16012|506646
1200000|1|5979|5|1|1|2|480000|2|16012|498847
1200000|1|5979|5|1|0|0|480000|3|24024|511951
1200000|1|5979|5|1|1|2|480000|3|24024|507699
1200000|1|5979|5|1|0|0|480000|4|32037|517801
1200000|1|5979|5|1|1|2|480000|4|32037|516123
1200000|1|5979|5|2|0|0|480000|0|0|491534
1200000|1|5979|5|2|1|2|480000|0|0|472444
1200000|1|5979|5|2|0|0|480000|1|7999|495411
1200000|1|5979|5|2|1|2|480000|1|7999|477628
1200000|1|5979|5|2|0|0|480000|2|16004|499314
1200000|1|5979|5|2|1|2|480000|2|16004|483831
1200000|1|5979|5|2|0|0|480000|3|24014|503760
1200000|1|5979|5|2|1|2|480000|3|24014|490696
1200000|1|5979|5|2|0|0|480000|4|32025|507891
1200000|1|5979|5|2|1|2|480000|4|32025|497441
1200000|1|5979|5|3|0|0|480000|0|1|487362
1200000|1|5979|5|3|1|2|480000|0|1|470493
1200000|1|5979|5|3|0|0|480000|1|7998|490501
1200000|1|5979|5|3|1|2|480000|1|7998|475407
1200000|1|5979|5|3|0|0|480000|2|16004|494162
1200000|1|5979|5|3|1|2|480000|2|16004|481530
1200000|1|5979|5|3|0|0|480000|3|24014|498261
1200000|1|5979|5|3|1|2|480000|3|24014|488548
1200000|1|5979|5|3|0|0|480000|4|32024|501889
1200000|1|5979|5|3|1|2|480000|4|32024|495959
1200000|1|5979|5|4|0|0|480000|0|0|454368
1200000|1|5979|5|4|1|2|480000|0|0|447055
1200000|1|5979|5|4|0|0|480000|1|7977|457973
1200000|1|5979|5|4|1|2|480000|1|7977|450602
1200000|1|5979|5|4|0|0|480000|2|15969|461951
1200000|1|5979|5|4|1|2|480000|2|15969|455789
1200000|1|5979|5|4|0|0|480000|3|23969|466358
1200000|1|5979|5|4|1|2|480000|3|23969|462343
1200000|1|5979|5|4|0|0|480000|4|31974|470180
1200000|1|5979|5|4|1|2|480000|4|31974|468852
1200000|1|5979|5|5|0|0|480000|0|0|481825
1200000|1|5979|5|5|1|2|480000|0|0|471001
1200000|1|5979|5|5|0|0|480000|1|8002|485429
1200000|1|5979|5|5|1|2|480000|1|8002|479424
1200000|1|5979|5|5|0|0|480000|2|16010|489446
1200000|1|5979|5|5|1|2|480000|2|16010|486952
1200000|1|5979|5|5|0|0|480000|3|24020|493387
1200000|1|5979|5|5|1|2|480000|3|24020|493892
1200000|1|5979|5|5|0|0|480000|4|32031|496971
1200000|1|5979|5|5|1|2|480000|4|32031|500210
1200000|1|5980|5|1|0|0|480000|0|0|446411
1200000|1|5980|5|1|1|2|480000|0|0|442609
1200000|1|5980|5|1|0|0|480000|1|7977|448847
1200000|1|5980|5|1|1|2|480000|1|7977|445804
1200000|1|5980|5|1|0|0|480000|2|15969|452280
1200000|1|5980|5|1|1|2|480000|2|15969|449707
1200000|1|5980|5|1|0|0|480000|3|23970|455945
1200000|1|5980|5|1|1|2|480000|3|23970|454465
1200000|1|5980|5|1|0|0|480000|4|31976|460159
1200000|1|5980|5|1|1|2|480000|4|31976|459924
1200000|1|5980|5|2|0|0|480000|0|0|494264
1200000|1|5980|5|2|1|2|480000|0|0|475718
1200000|1|5980|5|2|0|0|480000|1|7998|499120
1200000|1|5980|5|2|1|2|480000|1|7998|479930
1200000|1|5980|5|2|0|0|480000|2|16004|502823
1200000|1|5980|5|2|1|2|480000|2|16004|484494
1200000|1|5980|5|2|0|0|480000|3|24012|507191
1200000|1|5980|5|2|1|2|480000|3|24012|489719
1200000|1|5980|5|2|0|0|480000|4|32023|511325
1200000|1|5980|5|2|1|2|480000|4|32023|495415
1200000|1|5980|5|3|0|0|480000|0|0|491576
1200000|1|5980|5|3|1|2|480000|0|0|471858
1200000|1|5980|5|3|0|0|480000|1|7999|496194
1200000|1|5980|5|3|1|2|480000|1|7999|475056
1200000|1|5980|5|3|0|0|480000|2|16007|500522
1200000|1|5980|5|3|1|2|480000|2|16007|479423
1200000|1|5980|5|3|0|0|480000|3|24017|505124
1200000|1|5980|5|3|1|2|480000|3|24017|484065
1200000|1|5980|5|3|0|0|480000|4|32027|509960
1200000|1|5980|5|3|1|2|480000|4|32027|490031
1200000|1|5980|5|4|0|0|480000|0|0|485061
1200000|1|5980|5|4|1|2|480000|0|0|468699
1200000|1|5980|5|4|0|0|480000|1|7979|489175
1200000|1|5980|5|4|1|2|480000|1|7979|470609
1200000|1|5980|5|4|0|0|480000|2|15971|492917
1200000|1|5980|5|4|1|2|480000|2|15971|474901
1200000|1|5980|5|4|0|0|480000|3|23972|497247
1200000|1|5980|5|4|1|2|480000|3|23972|481062
1200000|1|5980|5|4|0|0|480000|4|31978|501923
1200000|1|5980|5|4|1|2|480000|4|31978|486757
1200000|1|5980|5|5|0|0|480000|0|0|491808
1200000|1|5980|5|5|1|2|480000|0|0|477902
1200000|1|5980|5|5|0|0|480000|1|8001|497053
1200000|1|5980|5|5|1|2|480000|1|8001|487376
1200000|1|5980|5|5|0|0|480000|2|16008|502121
1200000|1|5980|5|5|1|2|480000|2|16008|495882
1200000|1|5980|5|5|0|0|480000|3|24019|506413
1200000|1|5980|5|5|1|2|480000|3|24019|503566
1200000|1|5980|5|5|0|0|480000|4|32029|511053
1200000|1|5980|5|5|1|2|480000|4|32029|510819
1200000|1|5981|5|1|0|0|480000|0|0|484476
1200000|1|5981|5|1|1|2|480000|0|0|464020
1200000|1|5981|5|1|0|0|480000|1|7995|487771
1200000|1|5981|5|1|1|2|480000|1|7995|467684
1200000|1|5981|5|1|0|0|480000|2|15999|491982
1200000|1|5981|5|1|1|2|480000|2|15999|472635
1200000|1|5981|5|1|0|0|480000|3|24007|496934
1200000|1|5981|5|1|1|2|480000|3|24007|478137
1200000|1|5981|5|1|0|0|480000|4|32016|501263
1200000|1|5981|5|1|1|2|480000|4|32016|483909
1200000|1|5981|5|2|0|0|480000|0|0|481785
1200000|1|5981|5|2|1|2|480000|0|0|462965
1200000|1|5981|5|2|0|0|480000|1|7996|484767
1200000|1|5981|5|2|1|2|480000|1|7996|466748
1200000|1|5981|5|2|0|0|480000|2|16001|488627
1200000|1|5981|5|2|1|2|480000|2|16001|471467
1200000|1|5981|5|2|0|0|480000|3|24008|492802
1200000|1|5981|5|2|1|2|480000|3|24008|476966
1200000|1|5981|5|2|0|0|480000|4|32017|497677
1200000|1|5981|5|2|1|2|480000|4|32017|482580
1200000|1|5981|5|3|0|0|480000|0|0|486737
1200000|1|5981|5|3|1|2|480000|0|0|488121
1200000|1|5981|5|3|0|0|480000|1|8004|490773
1200000|1|5981|5|3|1|2|480000|1|8004|492605
1200000|1|5981|5|3|0|0|480000|2|16009|495180
1200000|1|5981|5|3|1|2|480000|2|16009|498222
1200000|1|5981|5|3|0|0|480000|3|24017|499975
1200000|1|5981|5|3|1|2|480000|3|24017|503526
1200000|1|5981|5|3|0|0|480000|4|32026|505006
1200000|1|5981|5|3|1|2|480000|4|32026|509025
1200000|1|5981|5|4|0|0|480000|0|0|479405
1200000|1|5981|5|4|1|2|480000|0|0|476496
1200000|1|5981|5|4|0|0|480000|1|8001|484648
1200000|1|5981|5|4|1|2|480000|1|8001|478722
1200000|1|5981|5|4|0|0|480000|2|16006|489566
1200000|1|5981|5|4|1|2|480000|2|16006|481960
1200000|1|5981|5|4|0|0|480000|3|24011|494828
1200000|1|5981|5|4|1|2|480000|3|24011|485586
1200000|1|5981|5|4|0|0|480000|4|32018|499822
1200000|1|5981|5|4|1|2|480000|4|32018|489485
1200000|1|5981|5|5|0|0|480000|0|0|493095
1200000|1|5981|5|5|1|2|480000|0|0|487652
1200000|1|5981|5|5|0|0|480000|1|8000|497480
1200000|1|5981|5|5|1|2|480000|1|8000|488978
1200000|1|5981|5|5|0|0|480000|2|16004|501461
1200000|1|5981|5|5|1|2|480000|2|16004|491006
1200000|1|5981|5|5|0|0|480000|3|24008|505592
1200000|1|5981|5|5|1|2|480000|3|24008|494010
1200000|1|5981|5|5|0|0|480000|4|32013|510195
1200000|1|5981|5|5|1|2|480000|4|32013|496621
1200000|1|5982|5|1|0|0|480000|0|0|449609
1200000|1|5982|5|1|1|2|480000|0|0|435195
1200000|1|5982|5|1|0|0|480000|1|7975|451968
1200000|1|5982|5|1|1|2|480000|1|7975|434339
1200000|1|5982|5|1|0|0|480000|2|15963|454583
1200000|1|5982|5|1|1|2|480000|2|15963|436018
1200000|1|5982|5|1|0|0|480000|3|23960|457935
1200000|1|5982|5|1|1|2|480000|3|23960|438630
1200000|1|5982|5|1|0|0|480000|4|31960|461132
1200000|1|5982|5|1|1|2|480000|4|31960|440812
1200000|1|5982|5|2|0|0|480000|0|0|477418
1200000|1|5982|5|2|1|2|480000|0|0|467179
1200000|1|5982|5|2|0|0|480000|1|7997|481180
1200000|1|5982|5|2|1|2|480000|1|7997|473068
1200000|1|5982|5|2|0|0|480000|2|15999|484611
1200000|1|5982|5|2|1|2|480000|2|15999|477314
1200000|1|5982|5|2|0|0|480000|3|24002|488938
1200000|1|5982|5|2|1|2|480000|3|24002|480632
1200000|1|5982|5|2|0|0|480000|4|32007|493151
1200000|1|5982|5|2|1|2|480000|4|32007|483752
1200000|1|5982|5|3|0|0|480000|0|0|487947
1200000|1|5982|5|3|1|2|480000|0|0|484920
1200000|1|5982|5|3|0|0|480000|1|7999|491122
1200000|1|5982|5|3|1|2|480000|1|7999|487887
1200000|1|5982|5|3|0|0|480000|2|16001|494243
1200000|1|5982|5|3|1|2|480000|2|16001|491199
1200000|1|5982|5|3|0|0|480000|3|24006|498535
1200000|1|5982|5|3|1|2|480000|3|24006|494475
1200000|1|5982|5|3|0|0|480000|4|32011|502587
1200000|1|5982|5|3|1|2|480000|4|32011|497129
1200000|1|5982|5|4|0|0|480000|0|0|451871
1200000|1|5982|5|4|1|2|480000|0|0|449941
1200000|1|5982|5|4|0|0|480000|1|7998|453334
1200000|1|5982|5|4|1|2|480000|1|7998|452514
1200000|1|5982|5|4|0|0|480000|2|16000|456372
1200000|1|5982|5|4|1|2|480000|2|16000|455476
1200000|1|5982|5|4|0|0|480000|3|24003|459843
1200000|1|5982|5|4|1|2|480000|3|24003|457700
1200000|1|5982|5|4|0|0|480000|4|32006|463862
1200000|1|5982|5|4|1|2|480000|4|32006|460271
1200000|1|5982|5|5|0|0|480000|0|0|483033
1200000|1|5982|5|5|1|2|480000|0|0|476733
1200000|1|5982|5|5|0|0|480000|1|7997|486248
1200000|1|5982|5|5|1|2|480000|1|7997|478334
1200000|1|5982|5|5|0|0|480000|2|15997|489992
1200000|1|5982|5|5|1|2|480000|2|15997|479813
1200000|1|5982|5|5|0|0|480000|3|23999|493698
1200000|1|5982|5|5|1|2|480000|3|23999|481415
1200000|1|5982|5|5|0|0|480000|4|32001|497440
1200000|1|5982|5|5|1|2|480000|4|32001|482738
1200000|1|5983|5|1|0|0|480000|0|0|479797
1200000|1|5983|5|1|1|2|480000|0|0|474665
1200000|1|5983|5|1|0|0|480000|1|7996|482112
1200000|1|5983|5|1|1|2|480000|1|7996|475876
1200000|1|5983|5|1|0|0|480000|2|15994|484728
1200000|1|5983|5|1|1|2|480000|2|15994|477084
1200000|1|5983|5|1|0|0|480000|3|23995|487810
1200000|1|5983|5|1|1|2|480000|3|23995|478137
1200000|1|5983|5|1|0|0|480000|4|31996|491278
1200000|1|5983|5|1|1|2|480000|4|31996|478760
1200000|1|5983|5|2|0|0|480000|0|0|481241
1200000|1|5983|5|2|1|2|480000|0|0|470572
1200000|1|5983|5|2|0|0|480000|1|7993|485042
1200000|1|5983|5|2|1|2|480000|1|7993|467800
1200000|1|5983|5|2|0|0|480000|2|15990|488784
1200000|1|5983|5|2|1|2|480000|2|15990|466280
1200000|1|5983|5|2|0|0|480000|3|23988|491978
1200000|1|5983|5|2|1|2|480000|3|23988|465424
1200000|1|5983|5|2|0|0|480000|4|31988|495688
1200000|1|5983|5|2|1|2|480000|4|31988|464642
1200000|1|5983|5|3|0|0|480000|0|0|480186
1200000|1|5983|5|3|1|2|480000|0|0|467725
1200000|1|5983|5|3|0|0|480000|1|7995|483520
1200000|1|5983|5|3|1|2|480000|1|7995|464954
1200000|1|5983|5|3|0|0|480000|2|15992|486641
1200000|1|5983|5|3|1|2|480000|2|15992|463122
1200000|1|5983|5|3|0|0|480000|3|23990|489799
1200000|1|5983|5|3|1|2|480000|3|23990|461561
1200000|1|5983|5|3|0|0|480000|4|31989|492957
1200000|1|5983|5|3|1|2|480000|4|31989|460782
1200000|1|5983|5|4|0|0|480000|0|0|442628
1200000|1|5983|5|4|1|2|480000|0|0|422874
1200000|1|5983|5|4|0|0|480000|1|7971|444402
1200000|1|5983|5|4|1|2|480000|1|7971|418387
1200000|1|5983|5|4|0|0|480000|2|15954|445884
1200000|1|5983|5|4|1|2|480000|2|15954|415659
1200000|1|5983|5|4|0|0|480000|3|23944|448376
1200000|1|5983|5|4|1|2|480000|3|23944|414137
1200000|1|5983|5|4|0|0|480000|4|31938|450757
1200000|1|5983|5|4|1|2|480000|4|31938|413748
1200000|1|5983|5|5|0|0|480000|0|0|487090
1200000|1|5983|5|5|1|2|480000|0|0|493659
1200000|1|5983|5|5|0|0|480000|1|8000|490499
1200000|1|5983|5|5|1|2|480000|1|8000|499782
1200000|1|5983|5|5|0|0|480000|2|16001|493113
1200000|1|5983|5|5|1|2|480000|2|16001|503447
1200000|1|5983|5|5|0|0|480000|3|24002|495766
1200000|1|5983|5|5|1|2|480000|3|24002|505904
1200000|1|5983|5|5|0|0|480000|4|32004|498297
1200000|1|5983|5|5|1|2|480000|4|32004|507543
1200000|1|5984|5|1|0|0|480000|0|0|468094
1200000|1|5984|5|1|1|2|480000|0|0|471545
1200000|1|5984|5|1|0|0|480000|1|7998|471389
1200000|1|5984|5|1|1|2|480000|1|7998|475874
1200000|1|5984|5|1|0|0|480000|2|15998|474703
1200000|1|5984|5|1|1|2|480000|2|15998|480167
1200000|1|5984|5|1|0|0|480000|3|24000|478683
1200000|1|5984|5|1|1|2|480000|3|24000|482697
1200000|1|5984|5|1|0|0|480000|4|32002|481219
1200000|1|5984|5|1|1|2|480000|4|32002|484416
1200000|1|5984|5|2|0|0|480000|0|0|440446
1200000|1|5984|5|2|1|2|480000|0|0|433795
1200000|1|5984|5|2|0|0|480000|1|7994|441282
1200000|1|5984|5|2|1|2|480000|1|7994|431648
1200000|1|5984|5|2|0|0|480000|2|15993|443075
1200000|1|5984|5|2|1|2|480000|2|15993|431141
1200000|1|5984|5|2|0|0|480000|3|23993|446002
1200000|1|5984|5|2|1|2|480000|3|23993|430674
1200000|1|5984|5|2|0|0|480000|4|31995|447717
1200000|1|5984|5|2|1|2|480000|4|31995|430362
1200000|1|5984|5|3|0|0|480000|0|0|481043
1200000|1|5984|5|3|1|2|480000|0|0|470570
1200000|1|5984|5|3|0|0|480000|1|7995|483481
1200000|1|5984|5|3|1|2|480000|1|7995|467645
1200000|1|5984|5|3|0|0|480000|2|15992|485780
1200000|1|5984|5|3|1|2|480000|2|15992|465654
1200000|1|5984|5|3|0|0|480000|3|23991|488044
1200000|1|5984|5|3|1|2|480000|3|23991|464252
1200000|1|5984|5|3|0|0|480000|4|31991|489797
1200000|1|5984|5|3|1|2|480000|4|31991|463080
1200000|1|5984|5|4|0|0|480000|0|1|481121
1200000|1|5984|5|4|1|2|480000|0|1|471896
1200000|1|5984|5|4|0|0|480000|1|7996|483284
1200000|1|5984|5|4|1|2|480000|1|7996|469332
1200000|1|5984|5|4|0|0|480000|2|15993|485741
1200000|1|5984|5|4|1|2|480000|2|15993|468084
1200000|1|5984|5|4|0|0|480000|3|23992|487494
1200000|1|5984|5|4|1|2|480000|3|23992|467460
1200000|1|5984|5|4|0|0|480000|4|31993|489560
1200000|1|5984|5|4|1|2|480000|4|31993|466914
1200000|1|5984|5|5|0|0|480000|0|0|480616
1200000|1|5984|5|5|1|2|480000|0|0|474012
1200000|1|5984|5|5|0|0|480000|1|7996|482662
1200000|1|5984|5|5|1|2|480000|1|7996|472725
1200000|1|5984|5|5|0|0|480000|2|15995|485040
1200000|1|5984|5|5|1|2|480000|2|15995|472374
1200000|1|5984|5|5|0|0|480000|3|23995|487030
1200000|1|5984|5|5|1|2|480000|3|23995|472686
1200000|1|5984|5|5|0|0|480000|4|31996|488707
1200000|1|5984|5|5|1|2|480000|4|31996|473505
1200000|1|5985|5|1|0|0|480000|0|0|461865
1200000|1|5985|5|1|1|2|480000|0|0|454239
1200000|1|5985|5|1|0|0|480000|1|7995|463248
1200000|1|5985|5|1|1|2|480000|1|7995|452367
1200000|1|5985|5|1|0|0|480000|2|15993|465189
1200000|1|5985|5|1|1|2|480000|2|15993|451315
1200000|1|5985|5|1|0|0|480000|3|23992|466555
1200000|1|5985|5|1|1|2|480000|3|23992|451119
1200000|1|5985|5|1|0|0|480000|4|31993|467608
1200000|1|5985|5|1|1|2|480000|4|31993|451314
1200000|1|5985|5|2|0|0|480000|0|0|429222
1200000|1|5985|5|2|1|2|480000|0|0|421276
1200000|1|5985|5|2|0|0|480000|1|7974|428811
1200000|1|5985|5|2|1|2|480000|1|7974|419286
1200000|1|5985|5|2|0|0|480000|2|15959|429006
1200000|1|5985|5|2|1|2|480000|2|15959|418856
1200000|1|5985|5|2|0|0|480000|3|23952|428733
1200000|1|5985|5|2|1|2|480000|3|23952|419598
1200000|1|5985|5|2|0|0|480000|4|31949|429201
1200000|1|5985|5|2|1|2|480000|4|31949|420612
1200000|1|5985|5|3|0|0|480000|0|0|428013
1200000|1|5985|5|3|1|2|480000|0|0|422220
1200000|1|5985|5|3|0|0|480000|1|7970|427095
1200000|1|5985|5|3|1|2|480000|1|7970|420223
1200000|1|5985|5|3|0|0|480000|2|15954|426354
1200000|1|5985|5|3|1|2|480000|2|15954|419715
1200000|1|5985|5|3|0|0|480000|3|23945|426081
1200000|1|5985|5|3|1|2|480000|3|23945|419950
1200000|1|5985|5|3|0|0|480000|4|31942|426432
1200000|1|5985|5|3|1|2|480000|4|31942|420845
1200000|1|5985|5|4|0|0|480000|0|0|471576
1200000|1|5985|5|4|1|2|480000|0|0|465354
1200000|1|5985|5|4|0|0|480000|1|7989|471906
1200000|1|5985|5|4|1|2|480000|1|7989|465393
1200000|1|5985|5|4|0|0|480000|2|15984|472686
1200000|1|5985|5|4|1|2|480000|2|15984|466329
1200000|1|5985|5|4|0|0|480000|3|23984|473817
1200000|1|5985|5|4|1|2|480000|3|23984|467811
1200000|1|5985|5|4|0|0|480000|4|31986|474675
1200000|1|5985|5|4|1|2|480000|4|31986|468708
1200000|1|5985|5|5|0|0|480000|0|0|477426
1200000|1|5985|5|5|1|2|480000|0|0|460596
1200000|1|5985|5|5|0|0|480000|1|7991|478341
1200000|1|5985|5|5|1|2|480000|1|7991|458646
1200000|1|5985|5|5|0|0|480000|2|15990|479862
1200000|1|5985|5|5|1|2|480000|2|15990|459660
1200000|1|5985|5|5|0|0|480000|3|23994|481773
1200000|1|5985|5|5|1|2|480000|3|23994|461688
1200000|1|5985|5|5|0|0|480000|4|31998|483489
1200000|1|5985|5|5|1|2|480000|4|31998|464106
1200000|1|5986|5|1|0|0|480000|0|0|485694
1200000|1|5986|5|1|1|2|480000|0|0|468006
1200000|1|5986|5|1|0|0|480000|1|7994|489183
1200000|1|5986|5|1|1|2|480000|1|7994|469410
1200000|1|5986|5|1|0|0|480000|2|15997|492888
1200000|1|5986|5|1|1|2|480000|2|15997|471867
1200000|1|5986|5|1|0|0|480000|3|24001|496905
1200000|1|5986|5|1|1|2|480000|3|24001|475338
1200000|1|5986|5|1|0|0|480000|4|32008|500805
1200000|1|5986|5|1|1|2|480000|4|32008|479355
1200000|1|5986|5|2|0|0|480000|0|0|484485
1200000|1|5986|5|2|1|2|480000|0|0|470970
1200000|1|5986|5|2|0|0|480000|1|7976|486180
1200000|1|5986|5|2|1|2|480000|1|7976|472569
1200000|1|5986|5|2|0|0|480000|2|15965|488325
1200000|1|5986|5|2|1|2|480000|2|15965|476391
1200000|1|5986|5|2|0|0|480000|3|23963|491016
1200000|1|5986|5|2|1|2|480000|3|23963|481032
1200000|1|5986|5|2|0|0|480000|4|31966|493785
1200000|1|5986|5|2|1|2|480000|4|31966|486141
1200000|1|5986|5|3|0|0|480000|0|1|438777
1200000|1|5986|5|3|1|2|480000|0|1|438951
1200000|1|5986|5|3|0|0|480000|1|7978|440511
1200000|1|5986|5|3|1|2|480000|1|7978|443397
1200000|1|5986|5|3|0|0|480000|2|15969|442812
1200000|1|5986|5|3|1|2|480000|2|15969|448701
1200000|1|5986|5|3|0|0|480000|3|23968|445815
1200000|1|5986|5|3|1|2|480000|3|23968|454395
1200000|1|5986|5|3|0|0|480000|4|31972|448935
1200000|1|5986|5|3|1|2|480000|4|31972|461212
1200000|1|5986|5|4|0|0|480000|0|0|462723
1200000|1|5986|5|4|1|2|480000|0|0|460986
1200000|1|5986|5|4|0|0|480000|1|7978|465978
1200000|1|5986|5|4|1|2|480000|1|7978|466680
1200000|1|5986|5|4|0|0|480000|2|15972|469644
1200000|1|5986|5|4|1|2|480000|2|15972|472959
1200000|1|5986|5|4|0|0|480000|3|23973|473466
1200000|1|5986|5|4|1|2|480000|3|23973|479784
1200000|1|5986|5|4|0|0|480000|4|31980|477288
1200000|1|5986|5|4|1|2|480000|4|31980|487233
1200000|1|5986|5|5|0|0|480000|0|0|492441
1200000|1|5986|5|5|1|2|480000|0|0|482397
1200000|1|5986|5|5|0|0|480000|1|8000|495657
1200000|1|5986|5|5|1|2|480000|1|8000|488403
1200000|1|5986|5|5|0|0|480000|2|16008|500025
1200000|1|5986|5|5|1|2|480000|2|16008|495501
1200000|1|5986|5|5|0|0|480000|3|24019|504432
1200000|1|5986|5|5|1|2|480000|3|24019|504120
1200000|1|5986|5|5|0|0|480000|4|32033|508449
1200000|1|5986|5|5|1|2|480000|4|32033|513402
1200000|1|5987|5|1|0|0|480000|0|0|467832
1200000|1|5987|5|1|1|2|480000|0|0|469410
1200000|1|5987|5|1|0|0|480000|1|7983|471438
1200000|1|5987|5|1|1|2|480000|1|7983|476742
1200000|1|5987|5|1|0|0|480000|2|15981|475767
1200000|1|5987|5|1|1|2|480000|2|15981|485205
1200000|1|5987|5|1|0|0|480000|3|23986|479823
1200000|1|5987|5|1|1|2|480000|3|23986|494604
1200000|1|5987|5|1|0|0|480000|4|31996|483099
1200000|1|5987|5|1|1|2|480000|4|31996|504588
1200000|1|5987|5|2|0|0|480000|0|0|492714
1200000|1|5987|5|2|1|2|480000|0|0|484581
1200000|1|5987|5|2|0|0|480000|1|8004|497841
1200000|1|5987|5|2|1|2|480000|1|8004|490509
1200000|1|5987|5|2|0|0|480000|2|16014|503223
1200000|1|5987|5|2|1|2|480000|2|16014|498231
1200000|1|5987|5|2|0|0|480000|3|24028|508488
1200000|1|5987|5|2|1|2|480000|3|24028|508059
1200000|1|5987|5|2|0|0|480000|4|32046|512076
1200000|1|5987|5|2|1|2|480000|4|32046|517770
1200000|1|5987|5|3|0|0|480000|0|1|489945
1200000|1|5987|5|3|1|2|480000|0|1|480174
1200000|1|5987|5|3|0|0|480000|1|7986|494331
1200000|1|5987|5|3|1|2|480000|1|7986|484776
1200000|1|5987|5|3|0|0|480000|2|15984|499245
1200000|1|5987|5|3|1|2|480000|2|15984|491718
1200000|1|5987|5|3|0|0|480000|3|23990|503574
1200000|1|5987|5|3|1|2|480000|3|23990|499791
1200000|1|5987|5|3|0|0|480000|4|32001|507396
1200000|1|5987|5|3|1|2|480000|4|32001|508683
1200000|1|5987|5|4|0|0|480000|0|0|465765
1200000|1|5987|5|4|1|2|480000|0|0|465705
1200000|1|5987|5|4|0|0|480000|1|7982|468786
1200000|1|5987|5|4|1|2|480000|1|7982|470970
1200000|1|5987|5|4|0|0|480000|2|15977|471867
1200000|1|5987|5|4|1|2|480000|2|15977|478068
1200000|1|5987|5|4|0|0|480000|3|23981|474753
1200000|1|5987|5|4|1|2|480000|3|23981|486297
1200000|1|5987|5|4|0|0|480000|4|31990|477093
1200000|1|5987|5|4|1|2|480000|4|31990|494526
1200000|1|5987|5|5|0|0|480000|0|0|485772
1200000|1|5987|5|5|1|2|480000|0|0|476430
1200000|1|5987|5|5|0|0|480000|1|7980|488832
1200000|1|5987|5|5|1|2|480000|1|7980|480213
1200000|1|5987|5|5|0|0|480000|2|15974|492030
1200000|1|5987|5|5|1|2|480000|2|15974|485439
1200000|1|5987|5|5|0|0|480000|3|23976|495033
1200000|1|5987|5|5|1|2|480000|3|23976|491484
1200000|1|5987|5|5|0|0|480000|4|31984|497568
1200000|1|5987|5|5|1|2|480000|4|31984|497880
1200000|1|5988|5|1|0|0|480000|0|1|464634
1200000|1|5988|5|1|1|2|480000|0|1|461454
1200000|1|5988|5|1|0|0|480000|1|7982|467655
1200000|1|5988|5|1|1|2|480000|1|7982|464769
1200000|1|5988|5|1|0|0|480000|2|15976|471321
1200000|1|5988|5|1|1|2|480000|2|15976|469566
1200000|1|5988|5|1|0|0|480000|3|23978|474051
1200000|1|5988|5|1|1|2|480000|3|23978|475455
1200000|1|5988|5|1|0|0|480000|4|31986|476781
1200000|1|5988|5|1|1|2|480000|4|31986|481617
1200000|1|5988|5|2|0|0|480000|0|0|485382
1200000|1|5988|5|2|1|2|480000|0|0|485439
1200000|1|5988|5|2|0|0|480000|1|8005|489183
1200000|1|5988|5|2|1|2|480000|1|8005|494643
1200000|1|5988|5|2|0|0|480000|2|16016|492685
1200000|1|5988|5|2|1|2|480000|2|16016|503174
1200000|1|5988|5|2|0|0|480000|3|24029|497519
1200000|1|5988|5|2|1|2|480000|3|24029|511403
1200000|1|5988|5|2|0|0|480000|4|32042|500444
1200000|1|5988|5|2|1|2|480000|4|32042|519711
1200000|1|5988|5|3|0|0|480000|0|0|492978
1200000|1|5988|5|3|1|2|480000|0|0|481647
1200000|1|5988|5|3|0|0|480000|1|8000|497402
1200000|1|5988|5|3|1|2|480000|1|8000|485976
1200000|1|5988|5|3|0|0|480000|2|16009|502080
1200000|1|5988|5|3|1|2|480000|2|16009|491514
1200000|1|5988|5|3|0|0|480000|3|24020|506296
1200000|1|5988|5|3|1|2|480000|3|24020|497909
1200000|1|5988|5|3|0|0|480000|4|32033|510702
1200000|1|5988|5|3|1|2|480000|4|32033|504812
1200000|1|5988|5|4|0|0|480000|0|0|488571
1200000|1|5988|5|4|1|2|480000|0|0|476664
1200000|1|5988|5|4|0|0|480000|1|7982|492295
1200000|1|5988|5|4|1|2|480000|1|7982|478770
1200000|1|5988|5|4|0|0|480000|2|15977|496156
1200000|1|5988|5|4|1|2|480000|2|15977|483060
1200000|1|5988|5|4|0|0|480000|3|23981|499937
1200000|1|5988|5|4|1|2|480000|3|23981|488364
1200000|1|5988|5|4|0|0|480000|4|31989|502981
1200000|1|5988|5|4|1|2|480000|4|31989|494175
1200000|1|5988|5|5|0|0|480000|0|0|490911
1200000|1|5988|5|5|1|2|480000|0|0|478887
1200000|1|5988|5|5|0|0|480000|1|7979|494592
1200000|1|5988|5|5|1|2|480000|1|7979|481500
1200000|1|5988|5|5|0|0|480000|2|15973|498417
1200000|1|5988|5|5|1|2|480000|2|15973|485985
1200000|1|5988|5|5|0|0|480000|3|23974|501614
1200000|1|5988|5|5|1|2|480000|3|23974|491484
1200000|1|5988|5|5|0|0|480000|4|31980|504460
1200000|1|5988|5|5|1|2|480000|4|31980|497412
1200000|1|5989|5|1|0|0|480000|0|0|487712
1200000|1|5989|5|1|1|2|480000|0|0|478068
1200000|1|5989|5|1|0|0|480000|1|7978|491553
1200000|1|5989|5|1|1|2|480000|1|7978|480213
1200000|1|5989|5|1|0|0|480000|2|15970|495413
1200000|1|5989|5|1|1|2|480000|2|15970|483996
1200000|1|5989|5|1|0|0|480000|3|23970|498846
1200000|1|5989|5|1|1|2|480000|3|23970|488715
1200000|1|5989|5|1|0|0|480000|4|31975|501887
1200000|1|5989|5|1|1|2|480000|4|31975|494214
1200000|1|5989|5|2|0|0|480000|0|0|462333
1200000|1|5989|5|2|1|2|480000|0|0|457164
1200000|1|5989|5|2|0|0|480000|1|7978|465471
1200000|1|5989|5|2|1|2|480000|1|7978|459036
1200000|1|5989|5|2|0|0|480000|2|15969|468474
1200000|1|5989|5|2|1|2|480000|2|15969|462507
1200000|1|5989|5|2|0|0|480000|3|23968|471243
1200000|1|5989|5|2|1|2|480000|3|23968|466563
1200000|1|5989|5|2|0|0|480000|4|31972|474392
1200000|1|5989|5|2|1|2|480000|4|31972|471477
1200000|1|5989|5|3|0|0|480000|0|0|485958
1200000|1|5989|5|3|1|2|480000|0|0|486795
1200000|1|5989|5|3|0|0|480000|1|8003|489290
1200000|1|5989|5|3|1|2|480000|1|8003|495531
1200000|1|5989|5|3|0|0|480000|2|16010|492684
1200000|1|5989|5|3|1|2|480000|2|16010|502941
1200000|1|5989|5|3|0|0|480000|3|24020|495686
1200000|1|5989|5|3|1|2|480000|3|24020|509805
1200000|1|5989|5|3|0|0|480000|4|32030|499545
1200000|1|5989|5|3|1|2|480000|4|32030|516318
1200000|1|5989|5|4|0|0|480000|0|0|461582
1200000|1|5989|5|4|1|2|480000|0|0|451551
1200000|1|5989|5|4|0|0|480000|1|7980|464875
1200000|1|5989|5|4|1|2|480000|1|7980|453888
1200000|1|5989|5|4|0|0|480000|2|15972|467880
1200000|1|5989|5|4|1|2|480000|2|15972|457749
1200000|1|5989|5|4|0|0|480000|3|23971|470804
1200000|1|5989|5|4|1|2|480000|3|23971|462234
1200000|1|5989|5|4|0|0|480000|4|31975|473496
1200000|1|5989|5|4|1|2|480000|4|31975|466641
1200000|1|5989|5|5|0|0|480000|0|0|435228
1200000|1|5989|5|5|1|2|480000|0|0|430722
1200000|1|5989|5|5|0|0|480000|1|7974|436221
1200000|1|5989|5|5|1|2|480000|1|7974|431619
1200000|1|5989|5|5|0|0|480000|2|15962|438704
1200000|1|5989|5|5|1|2|480000|2|15962|433686
1200000|1|5989|5|5|0|0|480000|3|23959|440657
1200000|1|5989|5|5|1|2|480000|3|23959|436806
1200000|1|5989|5|5|0|0|480000|4|31960|442920
1200000|1|5989|5|5|1|2|480000|4|31960|440472
1200000|1|5990|5|1|0|0|480000|0|1|455534
1200000|1|5990|5|1|1|2|480000|0|1|445183
1200000|1|5990|5|1|0|0|480000|1|7994|456684
1200000|1|5990|5|1|1|2|480000|1|7994|446156
1200000|1|5990|5|1|0|0|480000|2|15994|459066
1200000|1|5990|5|1|1|2|480000|2|15994|448381
1200000|1|5990|5|1|0|0|480000|3|23998|461172
1200000|1|5990|5|1|1|2|480000|3|23998|451267
1200000|1|5990|5|1|0|0|480000|4|32003|463664
1200000|1|5990|5|1|1|2|480000|4|32003|454386
1200000|1|5990|5|2|0|0|480000|0|0|455615
1200000|1|5990|5|2|1|2|480000|0|0|452163
1200000|1|5990|5|2|0|0|480000|1|7999|458401
1200000|1|5990|5|2|1|2|480000|1|7999|451848
1200000|1|5990|5|2|0|0|480000|2|16002|461289
1200000|1|5990|5|2|1|2|480000|2|16002|452709
1200000|1|5990|5|2|0|0|480000|3|24005|463743
1200000|1|5990|5|2|1|2|480000|3|24005|454229
1200000|1|5990|5|2|0|0|480000|4|32010|465536
1200000|1|5990|5|2|1|2|480000|4|32010|456141
1200000|1|5990|5|3|0|0|480000|0|0|486310
1200000|1|5990|5|3|1|2|480000|0|0|466670
1200000|1|5990|5|3|0|0|480000|1|7994|489330
1200000|1|5990|5|3|1|2|480000|1|7994|466359
1200000|1|5990|5|3|0|0|480000|2|15995|492799
1200000|1|5990|5|3|1|2|480000|2|15995|467604
1200000|1|5990|5|3|0|0|480000|3|23998|496193
1200000|1|5990|5|3|1|2|480000|3|23998|469519
1200000|1|5990|5|3|0|0|480000|4|32002|498963
1200000|1|5990|5|3|1|2|480000|4|32002|472130
1200000|1|5990|5|4|0|0|480000|0|0|483970
1200000|1|5990|5|4|1|2|480000|0|0|467331
1200000|1|5990|5|4|0|0|480000|1|7994|487108
1200000|1|5990|5|4|1|2|480000|1|7994|467217
1200000|1|5990|5|4|0|0|480000|2|15994|491124
1200000|1|5990|5|4|1|2|480000|2|15994|468544
1200000|1|5990|5|4|0|0|480000|3|23997|494946
1200000|1|5990|5|4|1|2|480000|3|23997|471192
1200000|1|5990|5|4|0|0|480000|4|32002|498768
1200000|1|5990|5|4|1|2|480000|4|32002|474818
1200000|1|5990|5|5|0|0|480000|0|0|463142
1200000|1|5990|5|5|1|2|480000|0|0|450723
1200000|1|5990|5|5|0|0|480000|1|7979|466983
1200000|1|5990|5|5|1|2|480000|1|7979|451774
1200000|1|5990|5|5|0|0|480000|2|15970|471586
1200000|1|5990|5|5|1|2|480000|2|15970|454660
1200000|1|5990|5|5|0|0|480000|3|23968|475796
1200000|1|5990|5|5|1|2|480000|3|23968|458637
1200000|1|5990|5|5|0|0|480000|4|31970|479775
1200000|1|5990|5|5|1|2|480000|4|31970|463161
1200000|1|5991|5|1|0|0|480000|0|0|462675
1200000|1|5991|5|1|1|2|480000|0|0|461212
1200000|1|5991|5|1|0|0|480000|1|8000|464956
1200000|1|5991|5|1|1|2|480000|1|8000|464174
1200000|1|5991|5|1|0|0|480000|2|16003|468076
1200000|1|5991|5|1|1|2|480000|2|16003|467060
1200000|1|5991|5|1|0|0|480000|3|24008|471114
1200000|1|5991|5|1|1|2|480000|3|24008|470104
1200000|1|5991|5|1|0|0|480000|4|32013|473924
1200000|1|5991|5|1|1|2|480000|4|32013|473185
1200000|1|5991|5|2|0|0|480000|0|0|492782
1200000|1|5991|5|2|1|2|480000|0|0|486599
1200000|1|5991|5|2|0|0|480000|1|8001|497246
1200000|1|5991|5|2|1|2|480000|1|8001|488004
1200000|1|5991|5|2|0|0|480000|2|16004|501810
1200000|1|5991|5|2|1|2|480000|2|16004|489798
1200000|1|5991|5|2|0|0|480000|3|24009|505554
1200000|1|5991|5|2|1|2|480000|3|24009|492528
1200000|1|5991|5|2|0|0|480000|4|32015|509102
1200000|1|5991|5|2|1|2|480000|4|32015|495103
1200000|1|5991|5|3|0|0|480000|0|0|462556
1200000|1|5991|5|3|1|2|480000|0|0|450290
1200000|1|5991|5|3|0|0|480000|1|7978|466437
1200000|1|5991|5|3|1|2|480000|1|7978|448963
1200000|1|5991|5|3|0|0|480000|2|15967|471157
1200000|1|5991|5|3|1|2|480000|2|15967|449278
1200000|1|5991|5|3|0|0|480000|3|23963|475758
1200000|1|5991|5|3|1|2|480000|3|23963|450796
1200000|1|5991|5|3|0|0|480000|4|31963|479657
1200000|1|5991|5|3|1|2|480000|4|31963|452826
1200000|1|5991|5|4|0|0|480000|0|0|494695
1200000|1|5991|5|4|1|2|480000|0|0|488120
1200000|1|5991|5|4|0|0|480000|1|8000|499547
1200000|1|5991|5|4|1|2|480000|1|8000|489054
1200000|1|5991|5|4|0|0|480000|2|16003|504306
1200000|1|5991|5|4|1|2|480000|2|16003|490461
1200000|1|5991|5|4|0|0|480000|3|24007|507893
1200000|1|5991|5|4|1|2|480000|3|24007|492758
1200000|1|5991|5|4|0|0|480000|4|32012|511130
1200000|1|5991|5|4|1|2|480000|4|32012|494474
1200000|1|5991|5|5|0|0|480000|0|0|497694
1200000|1|5991|5|5|1|2|480000|0|0|511520
1200000|1|5991|5|5|0|0|480000|1|8003|502862
1200000|1|5991|5|5|1|2|480000|1|8003|518579
1200000|1|5991|5|5|0|0|480000|2|16007|507231
1200000|1|5991|5|5|1|2|480000|2|16007|523689
1200000|1|5991|5|5|0|0|480000|3|24013|511014
1200000|1|5991|5|5|1|2|480000|3|24013|527784
1200000|1|5991|5|5|0|0|480000|4|32018|514329
1200000|1|5991|5|5|1|2|480000|4|32018|531410
1200000|1|5992|5|1|0|0|480000|0|0|495510
1200000|1|5992|5|1|1|2|480000|0|0|494516
1200000|1|5992|5|1|0|0|480000|1|7998|500053
1200000|1|5992|5|1|1|2|480000|1|7998|500718
1200000|1|5992|5|1|0|0|480000|2|16001|504930
1200000|1|5992|5|1|1|2|480000|2|16001|505282
1200000|1|5992|5|1|0|0|480000|3|24006|508830
1200000|1|5992|5|1|1|2|480000|3|24006|509453
1200000|1|5992|5|1|0|0|480000|4|32012|512457
1200000|1|5992|5|1|1|2|480000|4|32012|512573
1200000|1|5992|5|2|0|0|480000|0|0|441614
1200000|1|5992|5|2|1|2|480000|0|0|434495
1200000|1|5992|5|2|0|0|480000|1|7973|444518
1200000|1|5992|5|2|1|2|480000|1|7973|433872
1200000|1|5992|5|2|0|0|480000|2|15959|447950
1200000|1|5992|5|2|1|2|480000|2|15959|434966
1200000|1|5992|5|2|0|0|480000|3|23953|451227
1200000|1|5992|5|2|1|2|480000|3|23953|436720
1200000|1|5992|5|2|0|0|480000|4|31951|454816
1200000|1|5992|5|2|1|2|480000|4|31951|439137
1200000|1|5992|5|3|0|0|480000|0|0|492510
1200000|1|5992|5|3|1|2|480000|0|0|492177
1200000|1|5992|5|3|0|0|480000|1|7998|496078
1200000|1|5992|5|3|1|2|480000|1|7998|498925
1200000|1|5992|5|3|0|0|480000|2|16002|499975
1200000|1|5992|5|3|1|2|480000|2|16002|504618
1200000|1|5992|5|3|0|0|480000|3|24007|503019
1200000|1|5992|5|3|1|2|480000|3|24007|509259
1200000|1|5992|5|3|0|0|480000|4|32013|506022
1200000|1|5992|5|3|1|2|480000|4|32013|513394
1200000|1|5992|5|4|0|0|480000|0|0|491261
1200000|1|5992|5|4|1|2|480000|0|0|489640
1200000|1|5992|5|4|0|0|480000|1|7998|495999
1200000|1|5992|5|4|1|2|480000|1|7998|495530
1200000|1|5992|5|4|0|0|480000|2|16001|500718
1200000|1|5992|5|4|1|2|480000|2|16001|500680
1200000|1|5992|5|4|0|0|480000|3|24007|505749
1200000|1|5992|5|4|1|2|480000|3|24007|504931
1200000|1|5992|5|4|0|0|480000|4|32013|510507
1200000|1|5992|5|4|1|2|480000|4|32013|508829
1200000|1|5992|5|5|0|0|480000|0|0|495784
1200000|1|5992|5|5|1|2|480000|0|0|490617
1200000|1|5992|5|5|0|0|480000|1|8000|501225
1200000|1|5992|5|5|1|2|480000|1|8000|492372
1200000|1|5992|5|5|0|0|480000|2|16003|506021
1200000|1|5992|5|5|1|2|480000|2|16003|494670
1200000|1|5992|5|5|0|0|480000|3|24008|510506
1200000|1|5992|5|5|1|2|480000|3|24008|497403
1200000|1|5992|5|5|0|0|480000|4|32014|514093
1200000|1|5992|5|5|1|2|480000|4|32014|500444
1200000|1|5993|5|1|0|0|480000|0|0|499920
1200000|1|5993|5|1|1|2|480000|0|0|496506
1200000|1|5993|5|1|0|0|480000|1|7995|504345
1200000|1|5993|5|1|1|2|480000|1|7995|499313
1200000|1|5993|5|1|0|0|480000|2|15996|508051
1200000|1|5993|5|1|1|2|480000|2|15996|502470
1200000|1|5993|5|1|0|0|480000|3|24000|510858
1200000|1|5993|5|1|1|2|480000|3|24000|506021
1200000|1|5993|5|1|0|0|480000|4|32005|514447
1200000|1|5993|5|1|1|2|480000|4|32005|509101
1200000|1|5993|5|2|0|0|480000|0|0|490599
1200000|1|5993|5|2|1|2|480000|0|0|484064
1200000|1|5993|5|2|0|0|480000|1|7999|494477
1200000|1|5993|5|2|1|2|480000|1|7999|485391
1200000|1|5993|5|2|0|0|480000|2|16002|498220
1200000|1|5993|5|2|1|2|480000|2|16002|487224
1200000|1|5993|5|2|0|0|480000|3|24006|501419
1200000|1|5993|5|2|1|2|480000|3|24006|489601
1200000|1|5993|5|2|0|0|480000|4|32011|503876
1200000|1|5993|5|2|1|2|480000|4|32011|491825
1200000|1|5993|5|3|0|0|480000|0|0|455499
1200000|1|5993|5|3|1|2|480000|0|0|446236
1200000|1|5993|5|3|0|0|480000|1|7977|457817
1200000|1|5993|5|3|1|2|480000|1|7977|445142
1200000|1|5993|5|3|0|0|480000|2|15967|461018
1200000|1|5993|5|3|1|2|480000|2|15967|445494
1200000|1|5993|5|3|0|0|480000|3|23962|463900
1200000|1|5993|5|3|1|2|480000|3|23962|446820
1200000|1|5993|5|3|0|0|480000|4|31962|466437
1200000|1|5993|5|3|1|2|480000|4|31962|448536
1200000|1|5993|5|4|0|0|480000|0|0|486698
1200000|1|5993|5|4|1|2|480000|0|0|489291
1200000|1|5993|5|4|0|0|480000|1|7997|489447
1200000|1|5993|5|4|1|2|480000|1|7997|495531
1200000|1|5993|5|4|0|0|480000|2|16000|492061
1200000|1|5993|5|4|1|2|480000|2|16000|500601
1200000|1|5993|5|4|0|0|480000|3|24004|493892
1200000|1|5993|5|4|1|2|480000|3|24004|505047
1200000|1|5993|5|4|0|0|480000|4|32010|495607
1200000|1|5993|5|4|1|2|480000|4|32010|508985
1200000|1|5993|5|5|0|0|480000|0|0|452611
1200000|1|5993|5|5|1|2|480000|0|0|450912
1200000|1|5993|5|5|0|0|480000|1|8000|454383
1200000|1|5993|5|5|1|2|480000|1|8000|452281
1200000|1|5993|5|5|0|0|480000|2|16001|455400
1200000|1|5993|5|5|1|2|480000|2|16001|454228
1200000|1|5993|5|5|0|0|480000|3|24005|456647
1200000|1|5993|5|5|1|2|480000|3|24005|456452
1200000|1|5993|5|5|0|0|480000|4|32010|458168
1200000|1|5993|5|5|1|2|480000|4|32010|458673
1200000|1|5994|5|1|0|0|480000|0|0|453316
1200000|1|5994|5|1|1|2|480000|0|0|448377
1200000|1|5994|5|1|0|0|480000|1|7998|455906
1200000|1|5994|5|1|1|2|480000|1|7998|448068
1200000|1|5994|5|1|0|0|480000|2|16000|458637
1200000|1|5994|5|1|1|2|480000|2|16000|448850
1200000|1|5994|5|1|0|0|480000|3|24003|460823
1200000|1|5994|5|1|1|2|480000|3|24003|449938
1200000|1|5994|5|1|0|0|480000|4|32007|462771
1200000|1|5994|5|1|1|2|480000|4|32007|451229
1200000|1|5994|5|2|0|0|480000|0|0|452651
1200000|1|5994|5|2|1|2|480000|0|0|442722
1200000|1|5994|5|2|0|0|480000|1|7976|454347
1200000|1|5994|5|2|1|2|480000|1|7976|440577
1200000|1|5994|5|2|0|0|480000|2|15963|456413
1200000|1|5994|5|2|1|2|480000|2|15963|440189
1200000|1|5994|5|2|0|0|480000|3|23958|458127
1200000|1|5994|5|2|1|2|480000|3|23958|440932
1200000|1|5994|5|2|0|0|480000|4|31957|459768
1200000|1|5994|5|2|1|2|480000|4|31957|441946
1200000|1|5994|5|3|0|0|480000|0|0|481122
1200000|1|5994|5|3|1|2|480000|0|0|475444
1200000|1|5994|5|3|0|0|480000|1|7990|482116
1200000|1|5994|5|3|1|2|480000|1|7990|476109
1200000|1|5994|5|3|0|0|480000|2|15987|483792
1200000|1|5994|5|3|1|2|480000|2|15987|477435
1200000|1|5994|5|3|0|0|480000|3|23987|485431
1200000|1|5994|5|3|1|2|480000|3|23987|478256
1200000|1|5994|5|3|0|0|480000|4|31989|487575
1200000|1|5994|5|3|1|2|480000|4|31989|479382
1200000|1|5994|5|4|0|0|480000|0|0|481356
1200000|1|5994|5|4|1|2|480000|0|0|475016
1200000|1|5994|5|4|0|0|480000|1|7998|483207
1200000|1|5994|5|4|1|2|480000|1|7998|474821
1200000|1|5994|5|4|0|0|480000|2|15999|485703
1200000|1|5994|5|4|1|2|480000|2|15999|475096
1200000|1|5994|5|4|0|0|480000|3|24001|487887
1200000|1|5994|5|4|1|2|480000|3|24001|474704
1200000|1|5994|5|4|0|0|480000|4|32003|490111
1200000|1|5994|5|4|1|2|480000|4|32003|474858
1200000|1|5994|5|5|0|0|480000|0|0|452534
1200000|1|5994|5|5|1|2|480000|0|0|442177
1200000|1|5994|5|5|0|0|480000|1|7976|453489
1200000|1|5994|5|5|1|2|480000|1|7976|439604
1200000|1|5994|5|5|0|0|480000|2|15963|454892
1200000|1|5994|5|5|1|2|480000|2|15963|439956
1200000|1|5994|5|5|0|0|480000|3|23959|457076
1200000|1|5994|5|5|1|2|480000|3|23959|440151
1200000|1|5994|5|5|0|0|480000|4|31958|459884
1200000|1|5994|5|5|1|2|480000|4|31958|440693
1200000|1|5995|5|1|0|0|480000|0|0|450661
1200000|1|5995|5|1|1|2|480000|0|0|440541
1200000|1|5995|5|1|0|0|480000|1|7990|453176
1200000|1|5995|5|1|1|2|480000|1|7990|439527
1200000|1|5995|5|1|0|0|480000|2|15988|455984
1200000|1|5995|5|1|1|2|480000|2|15988|439798
1200000|1|5995|5|1|0|0|480000|3|23990|458364
1200000|1|5995|5|1|1|2|480000|3|23990|440308
1200000|1|5995|5|1|0|0|480000|4|31992|460937
1200000|1|5995|5|1|1|2|480000|4|31992|441672
1200000|1|5995|5|2|0|0|480000|0|0|456746
1200000|1|5995|5|2|1|2|480000|0|0|447871
1200000|1|5995|5|2|0|0|480000|1|7977|459065
1200000|1|5995|5|2|1|2|480000|1|7977|446973
1200000|1|5995|5|2|0|0|480000|2|15965|461911
1200000|1|5995|5|2|1|2|480000|2|15965|447873
1200000|1|5995|5|2|0|0|480000|3|23961|464916
1200000|1|5995|5|2|1|2|480000|3|23961|449355
1200000|1|5995|5|2|0|0|480000|4|31961|468465
1200000|1|5995|5|2|1|2|480000|4|31961|451460
1200000|1|5995|5|3|0|0|480000|0|0|454757
1200000|1|5995|5|3|1|2|480000|0|0|453450
1200000|1|5995|5|3|0|0|480000|1|7998|457000
1200000|1|5995|5|3|1|2|480000|1|7998|455518
1200000|1|5995|5|3|0|0|480000|2|16000|460392
1200000|1|5995|5|3|1|2|480000|2|16000|457740
1200000|1|5995|5|3|0|0|480000|3|24002|464643
1200000|1|5995|5|3|1|2|480000|3|24002|459845
1200000|1|5995|5|3|0|0|480000|4|32006|468894
1200000|1|5995|5|3|1|2|480000|4|32006|462029
1200000|1|5995|5|4|0|0|480000|0|0|464663
1200000|1|5995|5|4|1|2|480000|0|0|458363
1200000|1|5995|5|4|0|0|480000|1|7999|469361
1200000|1|5995|5|4|1|2|480000|1|7999|459885
1200000|1|5995|5|4|0|0|480000|2|16002|474939
1200000|1|5995|5|4|1|2|480000|2|16002|462222
1200000|1|5995|5|4|0|0|480000|3|24007|480671
1200000|1|5995|5|4|1|2|480000|3|24007|464953
1200000|1|5995|5|4|0|0|480000|4|32013|486795
1200000|1|5995|5|4|1|2|480000|4|32013|467374
1200000|1|5995|5|5|0|0|480000|0|0|502766
1200000|1|5995|5|5|1|2|480000|0|0|509256
1200000|1|5995|5|5|0|0|480000|1|8000|507386
1200000|1|5995|5|5|1|2|480000|1|8000|516590
1200000|1|5995|5|5|0|0|480000|2|16003|512654
1200000|1|5995|5|5|1|2|480000|2|16003|521426
1200000|1|5995|5|5|0|0|480000|3|24006|517682
1200000|1|5995|5|5|1|2|480000|3|24006|525052
1200000|1|5995|5|5|0|0|480000|4|32011|522907
1200000|1|5995|5|5|1|2|480000|4|32011|528249
1200000|1|5996|5|1|0|0|480000|0|0|465091
1200000|1|5996|5|1|1|2|480000|0|0|455087
1200000|1|5996|5|1|0|0|480000|1|7993|469441
1200000|1|5996|5|1|1|2|480000|1|7993|455360
1200000|1|5996|5|1|0|0|480000|2|15995|474041
1200000|1|5996|5|1|1|2|480000|2|15995|456998
1200000|1|5996|5|1|0|0|480000|3|23999|478527
1200000|1|5996|5|1|1|2|480000|3|23999|459493
1200000|1|5996|5|1|0|0|480000|4|32005|482385
1200000|1|5996|5|1|1|2|480000|4|32005|462576
1200000|1|5996|5|2|0|0|480000|0|0|457292
1200000|1|5996|5|2|1|2|480000|0|0|448808
1200000|1|5996|5|2|0|0|480000|1|7980|460391
1200000|1|5996|5|2|1|2|480000|1|7980|448186
1200000|1|5996|5|2|0|0|480000|2|15971|464369
1200000|1|5996|5|2|1|2|480000|2|15971|449783
1200000|1|5996|5|2|0|0|480000|3|23969|467997
1200000|1|5996|5|2|1|2|480000|3|23969|451967
1200000|1|5996|5|2|0|0|480000|4|31971|471506
1200000|1|5996|5|2|1|2|480000|4|31971|454854
1200000|1|5996|5|3|0|0|480000|0|0|494187
1200000|1|5996|5|3|1|2|480000|0|0|498223
1200000|1|5996|5|3|0|0|480000|1|7999|498180
1200000|1|5996|5|3|1|2|480000|1|7999|505709
1200000|1|5996|5|3|0|0|480000|2|16004|502240
1200000|1|5996|5|3|1|2|480000|2|16004|512104
1200000|1|5996|5|3|0|0|480000|3|24010|505945
1200000|1|5996|5|3|1|2|480000|3|24010|517645
1200000|1|5996|5|3|0|0|480000|4|32018|509645
1200000|1|5996|5|3|1|2|480000|4|32018|522402
1200000|1|5996|5|4|0|0|480000|0|0|492862
1200000|1|5996|5|4|1|2|480000|0|0|494673
1200000|1|5996|5|4|0|0|480000|1|7999|497519
1200000|1|5996|5|4|1|2|480000|1|7999|501457
1200000|1|5996|5|4|0|0|480000|2|16003|502122
1200000|1|5996|5|4|1|2|480000|2|16003|507660
1200000|1|5996|5|4|0|0|480000|3|24010|506916
1200000|1|5996|5|4|1|2|480000|3|24010|512728
1200000|1|5996|5|4|0|0|480000|4|32016|511403
1200000|1|5996|5|4|1|2|480000|4|32016|517760
1200000|1|5996|5|5|0|0|480000|0|0|463532
1200000|1|5996|5|5|1|2|480000|0|0|456337
1200000|1|5996|5|5|0|0|480000|1|7975|468111
1200000|1|5996|5|5|1|2|480000|1|7975|457857
1200000|1|5996|5|5|0|0|480000|2|15964|473262
1200000|1|5996|5|5|1|2|480000|2|15964|460821
1200000|1|5996|5|5|0|0|480000|3|23962|477864
1200000|1|5996|5|5|1|2|480000|3|23962|464332
1200000|1|5996|5|5|0|0|480000|4|31963|482466
1200000|1|5996|5|5|1|2|480000|4|31963|468345
1200000|1|5997|5|1|0|0|480000|0|0|460607
1200000|1|5997|5|1|1|2|480000|0|0|451692
1200000|1|5997|5|1|0|0|480000|1|7994|465150
1200000|1|5997|5|1|1|2|480000|1|7994|452319
1200000|1|5997|5|1|0|0|480000|2|15996|469986
1200000|1|5997|5|1|1|2|480000|2|15996|454427
1200000|1|5997|5|1|0|0|480000|3|24001|474902
1200000|1|5997|5|1|1|2|480000|3|24001|456725
1200000|1|5997|5|1|0|0|480000|4|32008|479268
1200000|1|5997|5|1|1|2|480000|4|32008|459613
1200000|1|5997|5|2|0|0|480000|0|0|506820
1200000|1|5997|5|2|1|2|480000|0|0|515733
1200000|1|5997|5|2|0|0|480000|1|8005|512999
1200000|1|5997|5|2|1|2|480000|1|8005|525678
1200000|1|5997|5|2|0|0|480000|2|16012|517953
1200000|1|5997|5|2|1|2|480000|2|16012|533321
1200000|1|5997|5|2|0|0|480000|3|24019|522285
1200000|1|5997|5|2|1|2|480000|3|24019|539249
1200000|1|5997|5|2|0|0|480000|4|32027|526303
1200000|1|5997|5|2|1|2|480000|4|32027|543462
1200000|1|5997|5|3|0|0|480000|0|0|460920
1200000|1|5997|5|3|1|2|480000|0|0|456259
1200000|1|5997|5|3|0|0|480000|1|8001|465580
1200000|1|5997|5|3|1|2|480000|1|8001|457311
1200000|1|5997|5|3|0|0|480000|2|16004|470415
1200000|1|5997|5|3|1|2|480000|2|16004|459300
1200000|1|5997|5|3|0|0|480000|3|24009|474939
1200000|1|5997|5|3|1|2|480000|3|24009|461562
1200000|1|5997|5|3|0|0|480000|4|32016|479307
1200000|1|5997|5|3|1|2|480000|4|32016|464292
1200000|1|5997|5|4|0|0|480000|0|0|438806
1200000|1|5997|5|4|1|2|480000|0|0|431295
1200000|1|5997|5|4|0|0|480000|1|7979|440698
1200000|1|5997|5|4|1|2|480000|1|7979|430635
1200000|1|5997|5|4|0|0|480000|2|15970|443505
1200000|1|5997|5|4|1|2|480000|2|15970|431455
1200000|1|5997|5|4|0|0|480000|3|23967|446195
1200000|1|5997|5|4|1|2|480000|3|23967|433170
1200000|1|5997|5|4|0|0|480000|4|31969|449979
1200000|1|5997|5|4|1|2|480000|4|31969|435119
1200000|1|5997|5|5|0|0|480000|0|0|488883
1200000|1|5997|5|5|1|2|480000|0|0|492450
1200000|1|5997|5|5|0|0|480000|1|7999|492686
1200000|1|5997|5|5|1|2|480000|1|7999|499232
1200000|1|5997|5|5|0|0|480000|2|16003|496584
1200000|1|5997|5|5|1|2|480000|2|16003|504774
1200000|1|5997|5|5|0|0|480000|3|24009|500523
1200000|1|5997|5|5|1|2|480000|3|24009|509531
1200000|1|5997|5|5|0|0|480000|4|32016|503681
1200000|1|5997|5|5|1|2|480000|4|32016|513742
1200000|1|5998|5|1|0|0|480000|0|0|461505
1200000|1|5998|5|1|1|2|480000|0|0|456023
1200000|1|5998|5|1|0|0|480000|1|8000|465500
1200000|1|5998|5|1|1|2|480000|1|8000|457542
1200000|1|5998|5|1|0|0|480000|2|16003|469323
1200000|1|5998|5|1|1|2|480000|2|16003|459652
1200000|1|5998|5|1|0|0|480000|3|24007|472833
1200000|1|5998|5|1|1|2|480000|3|24007|462302
1200000|1|5998|5|1|0|0|480000|4|32013|476107
1200000|1|5998|5|1|1|2|480000|4|32013|465345
1200000|1|5998|5|2|0|0|480000|0|0|434479
1200000|1|5998|5|2|1|2|480000|0|0|427046
1200000|1|5998|5|2|0|0|480000|1|7978|435978
1200000|1|5998|5|2|1|2|480000|1|7978|425955
1200000|1|5998|5|2|0|0|480000|2|15968|438942
1200000|1|5998|5|2|1|2|480000|2|15968|426735
1200000|1|5998|5|2|0|0|480000|3|23964|442022
1200000|1|5998|5|2|1|2|480000|3|23964|428645
1200000|1|5998|5|2|0|0|480000|4|31965|444790
1200000|1|5998|5|2|1|2|480000|4|31965|431103
1200000|1|5998|5|3|0|0|480000|0|0|437829
1200000|1|5998|5|3|1|2|480000|0|0|430945
1200000|1|5998|5|3|0|0|480000|1|7974|440265
1200000|1|5998|5|3|1|2|480000|1|7974|430324
1200000|1|5998|5|3|0|0|480000|2|15960|443814
1200000|1|5998|5|3|1|2|480000|2|15960|430908
1200000|1|5998|5|3|0|0|480000|3|23954|446587
1200000|1|5998|5|3|1|2|480000|3|23954|432273
1200000|1|5998|5|3|0|0|480000|4|31952|449666
1200000|1|5998|5|3|1|2|480000|4|31952|434263
1200000|1|5998|5|4|0|0|480000|0|0|486892
1200000|1|5998|5|4|1|2|480000|0|0|486209
1200000|1|5998|5|4|0|0|480000|1|7997|490304
1200000|1|5998|5|4|1|2|480000|1|7997|492060
1200000|1|5998|5|4|0|0|480000|2|16000|493934
1200000|1|5998|5|4|1|2|480000|2|16000|496543
1200000|1|5998|5|4|0|0|480000|3|24004|497599
1200000|1|5998|5|4|1|2|480000|3|24004|500562
1200000|1|5998|5|4|0|0|480000|4|32010|500444
1200000|1|5998|5|4|1|2|480000|4|32010|504266
1200000|1|5998|5|5|0|0|480000|0|0|493992
1200000|1|5998|5|5|1|2|480000|0|0|488704
1200000|1|5998|5|5|0|0|480000|1|8001|498260
1200000|1|5998|5|5|1|2|480000|1|8001|490343
1200000|1|5998|5|5|0|0|480000|2|16005|502356
1200000|1|5998|5|5|1|2|480000|2|16005|492645
1200000|1|5998|5|5|0|0|480000|3|24010|505437
1200000|1|5998|5|5|1|2|480000|3|24010|495102
1200000|1|5998|5|5|0|0|480000|4|32016|508634
1200000|1|5998|5|5|1|2|480000|4|32016|497635
1200000|1|5999|5|1|0|0|480000|0|0|492861
1200000|1|5999|5|1|1|2|480000|0|0|486874
1200000|1|5999|5|1|0|0|480000|1|8001|497092
1200000|1|5999|5|1|1|2|480000|1|8001|487771
1200000|1|5999|5|1|0|0|480000|2|16004|500835
1200000|1|5999|5|1|1|2|480000|2|16004|489055
1200000|1|5999|5|1|0|0|480000|3|24008|505165
1200000|1|5999|5|1|1|2|480000|3|24008|491008
1200000|1|5999|5|1|0|0|480000|4|32013|508517
1200000|1|5999|5|1|1|2|480000|4|32013|493463
1200000|1|5999|5|2|0|0|480000|0|0|493874
1200000|1|5999|5|2|1|2|480000|0|0|483950
1200000|1|5999|5|2|0|0|480000|1|7993|497598
1200000|1|5999|5|2|1|2|480000|1|7993|483831
1200000|1|5999|5|2|0|0|480000|2|15994|501615
1200000|1|5999|5|2|1|2|480000|2|15994|485547
1200000|1|5999|5|2|0|0|480000|3|23998|505046
1200000|1|5999|5|2|1|2|480000|3|23998|488082
1200000|1|5999|5|2|0|0|480000|4|32003|508205
1200000|1|5999|5|2|1|2|480000|4|32003|491241
1200000|1|5999|5|3|0|0|480000|0|0|492940
1200000|1|5999|5|3|1|2|480000|0|0|488004
1200000|1|5999|5|3|0|0|480000|1|8001|497832
1200000|1|5999|5|3|1|2|480000|1|8001|489757
1200000|1|5999|5|3|0|0|480000|2|16005|502199
1200000|1|5999|5|3|1|2|480000|2|16005|492485
1200000|1|5999|5|3|0|0|480000|3|24009|505983
1200000|1|5999|5|3|1|2|480000|3|24009|495374
1200000|1|5999|5|3|0|0|480000|4|32015|509376
1200000|1|5999|5|3|1|2|480000|4|32015|498573
1200000|1|5999|5|4|0|0|480000|0|0|459945
1200000|1|5999|5|4|1|2|480000|0|0|453255
1200000|1|5999|5|4|0|0|480000|1|7979|463003
1200000|1|5999|5|4|1|2|480000|1|7979|453683
1200000|1|5999|5|4|0|0|480000|2|15968|466007
1200000|1|5999|5|4|1|2|480000|2|15968|455245
1200000|1|5999|5|4|0|0|480000|3|23965|468934
1200000|1|5999|5|4|1|2|480000|3|23965|458208
1200000|1|5999|5|4|0|0|480000|4|31966|471858
1200000|1|5999|5|4|1|2|480000|4|31966|461326
1200000|1|5999|5|5|0|0|480000|0|0|486738
1200000|1|5999|5|5|1|2|480000|0|0|486561
1200000|1|5999|5|5|0|0|480000|1|7998|489370
1200000|1|5999|5|5|1|2|480000|1|7998|493464
1200000|1|5999|5|5|0|0|480000|2|16001|492136
1200000|1|5999|5|5|1|2|480000|2|16001|499119
1200000|1|5999|5|5|0|0|480000|3|24007|494828
1200000|1|5999|5|5|1|2|480000|3|24007|503719
1200000|1|5999|5|5|0|0|480000|4|32013|496897
1200000|1|5999|5|5|1|2|480000|4|32013|507933
1200000|1|6000|5|1|0|0|480000|0|0|453860
1200000|1|6000|5|1|1|2|480000|0|0|447328
1200000|1|6000|5|1|0|0|480000|1|7993|455985
1200000|1|6000|5|1|1|2|480000|1|7993|446309
1200000|1|6000|5|1|0|0|480000|2|15993|458911
1200000|1|6000|5|1|1|2|480000|2|15993|447131
1200000|1|6000|5|1|0|0|480000|3|23997|461091
1200000|1|6000|5|1|1|2|480000|3|23997|448771
1200000|1|6000|5|1|0|0|480000|4|32002|463708
1200000|1|6000|5|1|1|2|480000|4|32002|450759
1200000|1|6000|5|2|0|0|480000|0|0|488064
1200000|1|6000|5|2|1|2|480000|0|0|479659
1200000|1|6000|5|2|0|0|480000|1|8001|491201
1200000|1|6000|5|2|1|2|480000|1|8001|479776
1200000|1|6000|5|2|0|0|480000|2|16004|494397
1200000|1|6000|5|2|1|2|480000|2|16004|481061
1200000|1|6000|5|2|0|0|480000|3|24008|497443
1200000|1|6000|5|2|1|2|480000|3|24008|483169
1200000|1|6000|5|2|0|0|480000|4|32013|499937
1200000|1|6000|5|2|1|2|480000|4|32013|485938
1200000|1|6000|5|3|0|0|480000|0|0|437128
1200000|1|6000|5|3|1|2|480000|0|0|407391
1200000|1|6000|5|3|0|0|480000|1|7975|438666
1200000|1|6000|5|3|1|2|480000|1|7975|399395
1200000|1|6000|5|3|0|0|480000|2|15962|441555
1200000|1|6000|5|3|1|2|480000|2|15962|396195
1200000|1|6000|5|3|0|0|480000|3|23957|443972
1200000|1|6000|5|3|1|2|480000|3|23957|395767
1200000|1|6000|5|3|0|0|480000|4|31957|446975
1200000|1|6000|5|3|1|2|480000|4|31957|396862
1200000|1|6000|5|4|0|0|480000|0|0|434594
1200000|1|6000|5|4|1|2|480000|0|0|429154
1200000|1|6000|5|4|0|0|480000|1|7978|436327
1200000|1|6000|5|4|1|2|480000|1|7978|429737
1200000|1|6000|5|4|0|0|480000|2|15968|439097
1200000|1|6000|5|4|1|2|480000|2|15968|432273
1200000|1|6000|5|4|0|0|480000|3|23965|441671
1200000|1|6000|5|4|1|2|480000|3|23965|435704
1200000|1|6000|5|4|0|0|480000|4|31967|444559
1200000|1|6000|5|4|1|2|480000|4|31967|439333
1200000|1|6000|5|5|0|0|480000|0|0|454291
1200000|1|6000|5|5|1|2|480000|0|0|448575
1200000|1|6000|5|5|0|0|480000|1|7973|455985
1200000|1|6000|5|5|1|2|480000|1|7973|449278
1200000|1|6000|5|5|0|0|480000|2|15960|457895
1200000|1|6000|5|5|1|2|480000|2|15960|451072
1200000|1|6000|5|5|0|0|480000|3|23955|460469
1200000|1|6000|5|5|1|2|480000|3|23955|453410
1200000|1|6000|5|5|0|0|480000|4|31954|462692
1200000|1|6000|5|5|1|2|480000|4|31954|456334
1200000|1|6001|5|1|0|0|480000|0|0|448907
1200000|1|6001|5|1|1|2|480000|0|0|441984
1200000|1|6001|5|1|0|0|480000|1|7992|450875
1200000|1|6001|5|1|1|2|480000|1|7992|440346
1200000|1|6001|5|1|0|0|480000|2|15991|453370
1200000|1|6001|5|1|1|2|480000|2|15991|440307
1200000|1|6001|5|1|0|0|480000|3|23993|455750
1200000|1|6001|5|1|1|2|480000|3|23993|440972
1200000|1|6001|5|1|0|0|480000|4|31997|457932
1200000|1|6001|5|1|1|2|480000|4|31997|442218
1200000|1|6001|5|2|0|0|480000|0|0|488687
1200000|1|6001|5|2|1|2|480000|0|0|477318
1200000|1|6001|5|2|0|0|480000|1|7994|491475
1200000|1|6001|5|2|1|2|480000|1|7994|475250
1200000|1|6001|5|2|0|0|480000|2|15995|494127
1200000|1|6001|5|2|1|2|480000|2|15995|474315
1200000|1|6001|5|2|0|0|480000|3|23999|496076
1200000|1|6001|5|2|1|2|480000|3|23999|474470
1200000|1|6001|5|2|0|0|480000|4|32003|498221
1200000|1|6001|5|2|1|2|480000|4|32003|475016
1200000|1|6001|5|3|0|0|480000|0|0|450898
1200000|1|6001|5|3|1|2|480000|0|0|441827
1200000|1|6001|5|3|0|0|480000|1|7979|452943
1200000|1|6001|5|3|1|2|480000|1|7979|440151
1200000|1|6001|5|3|0|0|480000|2|15969|456025
1200000|1|6001|5|3|1|2|480000|2|15969|439918
1200000|1|6001|5|3|0|0|480000|3|23966|458792
1200000|1|6001|5|3|1|2|480000|3|23966|440542
1200000|1|6001|5|3|0|0|480000|4|31966|461251
1200000|1|6001|5|3|1|2|480000|4|31966|441517
1200000|1|6001|5|4|0|0|480000|0|0|490793
1200000|1|6001|5|4|1|2|480000|0|0|484140
1200000|1|6001|5|4|0|0|480000|1|7999|494243
1200000|1|6001|5|4|1|2|480000|1|7999|484217
1200000|1|6001|5|4|0|0|480000|2|16002|497596
1200000|1|6001|5|4|1|2|480000|2|16002|484729
1200000|1|6001|5|4|0|0|480000|3|24005|500404
1200000|1|6001|5|4|1|2|480000|3|24005|485544
1200000|1|6001|5|4|0|0|480000|4|32010|502978
1200000|1|6001|5|4|1|2|480000|4|32010|486600
1200000|1|6001|5|5|0|0|480000|0|0|434244
1200000|1|6001|5|5|1|2|480000|0|0|426035
1200000|1|6001|5|5|0|0|480000|1|7979|435940
1200000|1|6001|5|5|1|2|480000|1|7979|424316
1200000|1|6001|5|5|0|0|480000|2|15969|438084
1200000|1|6001|5|5|1|2|480000|2|15969|424160
1200000|1|6001|5|5|0|0|480000|3|23965|440385
1200000|1|6001|5|5|1|2|480000|3|23965|425254
1200000|1|6001|5|5|0|0|480000|4|31966|442452
1200000|1|6001|5|5|1|2|480000|4|31966|426421
1200000|1|6002|5|1|0|0|480000|0|0|448401
1200000|1|6002|5|1|1|2|480000|0|0|441126
1200000|1|6002|5|1|0|0|480000|1|7974|449706
1200000|1|6002|5|1|1|2|480000|1|7974|440071
1200000|1|6002|5|1|0|0|480000|2|15960|451380
1200000|1|6002|5|1|1|2|480000|2|15960|440228
1200000|1|6002|5|1|0|0|480000|3|23955|452982
1200000|1|6002|5|1|1|2|480000|3|23955|440852
1200000|1|6002|5|1|0|0|480000|4|31954|455516
1200000|1|6002|5|1|1|2|480000|4|31954|441866
1200000|1|6002|5|2|0|0|480000|0|0|427338
1200000|1|6002|5|2|1|2|480000|0|0|419948
1200000|1|6002|5|2|0|0|480000|1|7972|427905
1200000|1|6002|5|2|1|2|480000|1|7972|418157
1200000|1|6002|5|2|0|0|480000|2|15958|429622
1200000|1|6002|5|2|1|2|480000|2|15958|417920
1200000|1|6002|5|2|0|0|480000|3|23952|431258
1200000|1|6002|5|2|1|2|480000|3|23952|418428
1200000|1|6002|5|2|0|0|480000|4|31951|433561
1200000|1|6002|5|2|1|2|480000|4|31951|419364
1200000|1|6002|5|3|0|0|480000|0|0|482340
1200000|1|6002|5|3|1|2|480000|0|0|480749
1200000|1|6002|5|3|0|0|480000|1|7997|484308
1200000|1|6002|5|3|1|2|480000|1|7997|486013
1200000|1|6002|5|3|0|0|480000|2|15999|485322
1200000|1|6002|5|3|1|2|480000|2|15999|490616
1200000|1|6002|5|3|0|0|480000|3|24003|487350
1200000|1|6002|5|3|1|2|480000|3|24003|493853
1200000|1|6002|5|3|0|0|480000|4|32007|488793
1200000|1|6002|5|3|1|2|480000|4|32007|495804
1200000|1|6002|5|4|0|0|480000|0|0|480819
1200000|1|6002|5|4|1|2|480000|0|0|480330
1200000|1|6002|5|4|0|0|480000|1|7995|482631
1200000|1|6002|5|4|1|2|480000|1|7995|485205
1200000|1|6002|5|4|0|0|480000|2|15997|484776
1200000|1|6002|5|4|1|2|480000|2|15997|489174
1200000|1|6002|5|4|0|0|480000|3|23999|486609
1200000|1|6002|5|4|1|2|480000|3|23999|492450
1200000|1|6002|5|4|0|0|480000|4|32003|488169
1200000|1|6002|5|4|1|2|480000|4|32003|495218
1200000|1|6002|5|5|0|0|480000|0|0|477621
1200000|1|6002|5|5|1|2|480000|0|0|476001
1200000|1|6002|5|5|0|0|480000|1|7997|480252
1200000|1|6002|5|5|1|2|480000|1|7997|480291
1200000|1|6002|5|5|0|0|480000|2|15999|483216
1200000|1|6002|5|5|1|2|480000|2|15999|483606
1200000|1|6002|5|5|0|0|480000|3|24002|485751
1200000|1|6002|5|5|1|2|480000|3|24002|486102
1200000|1|6002|5|5|0|0|480000|4|32006|487818
1200000|1|6002|5|5|1|2|480000|4|32006|488169
1200000|1|6003|5|1|0|0|480000|0|0|486123
1200000|1|6003|5|1|1|2|480000|0|0|481344
1200000|1|6003|5|1|0|0|480000|1|8000|489144
1200000|1|6003|5|1|1|2|480000|1|8000|481617
1200000|1|6003|5|1|0|0|480000|2|16002|492030
1200000|1|6003|5|1|1|2|480000|2|16002|483060
1200000|1|6003|5|1|0|0|480000|3|24007|495072
1200000|1|6003|5|1|1|2|480000|3|24007|484464
1200000|1|6003|5|1|0|0|480000|4|32011|497919
1200000|1|6003|5|1|1|2|480000|4|32011|486219
1200000|1|6003|5|2|0|0|480000|0|0|480078
1200000|1|6003|5|2|1|2|480000|0|0|471516
1200000|1|6003|5|2|0|0|480000|1|7992|482319
1200000|1|6003|5|2|1|2|480000|1|7992|470463
1200000|1|6003|5|2|0|0|480000|2|15992|484659
1200000|1|6003|5|2|1|2|480000|2|15992|470814
1200000|1|6003|5|2|0|0|480000|3|23994|487311
1200000|1|6003|5|2|1|2|480000|3|23994|472140
1200000|1|6003|5|2|0|0|480000|4|31997|489456
1200000|1|6003|5|2|1|2|480000|4|31997|473817
1200000|1|6003|5|3|0|0|480000|0|0|479415
1200000|1|6003|5|3|1|2|480000|0|0|474597
1200000|1|6003|5|3|0|0|480000|1|8000|482787
1200000|1|6003|5|3|1|2|480000|1|8000|475104
1200000|1|6003|5|3|0|0|480000|2|16001|485673
1200000|1|6003|5|3|1|2|480000|2|16001|476313
1200000|1|6003|5|3|0|0|480000|3|24005|488793
1200000|1|6003|5|3|1|2|480000|3|24005|478185
1200000|1|6003|5|3|0|0|480000|4|32008|492069
1200000|1|6003|5|3|1|2|480000|4|32008|480369
1200000|1|6003|5|4|0|0|480000|0|0|484836
1200000|1|6003|5|4|1|2|480000|0|0|478224
1200000|1|6003|5|4|0|0|480000|1|7992|486804
1200000|1|6003|5|4|1|2|480000|1|7992|478224
1200000|1|6003|5|4|0|0|480000|2|15992|489378
1200000|1|6003|5|4|1|2|480000|2|15992|479667
1200000|1|6003|5|4|0|0|480000|3|23994|491484
1200000|1|6003|5|4|1|2|480000|3|23994|481851
1200000|1|6003|5|4|0|0|480000|4|31998|494331
1200000|1|6003|5|4|1|2|480000|4|31998|484581
1200000|1|6003|5|5|0|0|480000|0|0|451764
1200000|1|6003|5|5|1|2|480000|0|0|445152
1200000|1|6003|5|5|0|0|480000|1|7978|453810
1200000|1|6003|5|5|1|2|480000|1|7978|446166
1200000|1|6003|5|5|0|0|480000|2|15968|456735
1200000|1|6003|5|5|1|2|480000|2|15968|448428
1200000|1|6003|5|5|0|0|480000|3|23964|460401
1200000|1|6003|5|5|1|2|480000|3|23964|451080
1200000|1|6003|5|5|0|0|480000|4|31965|464652
1200000|1|6003|5|5|1|2|480000|4|31965|453993
1200000|1|6004|5|1|0|0|480000|0|0|495639
1200000|1|6004|5|1|1|2|480000|0|0|498348
1200000|1|6004|5|1|0|0|480000|1|7998|499323
1200000|1|6004|5|1|1|2|480000|1|7998|506265
1200000|1|6004|5|1|0|0|480000|2|16001|503457
1200000|1|6004|5|1|1|2|480000|2|16001|512193
1200000|1|6004|5|1|0|0|480000|3|24005|507591
1200000|1|6004|5|1|1|2|480000|3|24005|517224
1200000|1|6004|5|1|0|0|480000|4|32010|511881
1200000|1|6004|5|1|1|2|480000|4|32010|521982
1200000|1|6004|5|2|0|0|480000|0|1|498486
1200000|1|6004|5|2|1|2|480000|0|1|494994
1200000|1|6004|5|2|0|0|480000|1|8001|503028
1200000|1|6004|5|2|1|2|480000|1|8001|496788
1200000|1|6004|5|2|0|0|480000|2|16004|507240
1200000|1|6004|5|2|1|2|480000|2|16004|498816
1200000|1|6004|5|2|0|0|480000|3|24007|511608
1200000|1|6004|5|2|1|2|480000|3|24007|501819
1200000|1|6004|5|2|0|0|480000|4|32012|515898
1200000|1|6004|5|2|1|2|480000|4|32012|505563
1200000|1|6004|5|3|0|0|480000|0|1|495522
1200000|1|6004|5|3|1|2|480000|0|1|488637
1200000|1|6004|5|3|0|0|480000|1|7994|498972
1200000|1|6004|5|3|1|2|480000|1|7994|488910
1200000|1|6004|5|3|0|0|480000|2|15995|502404
1200000|1|6004|5|3|1|2|480000|2|15995|490080
1200000|1|6004|5|3|0|0|480000|3|23996|506616
1200000|1|6004|5|3|1|2|480000|3|23996|491913
1200000|1|6004|5|3|0|0|480000|4|32000|510945
1200000|1|6004|5|3|1|2|480000|4|32000|495228
1200000|1|6004|5|4|0|0|480000|0|0|455274
1200000|1|6004|5|4|1|2|480000|0|0|446897
1200000|1|6004|5|4|0|0|480000|1|7977|457866
1200000|1|6004|5|4|1|2|480000|1|7977|447910
1200000|1|6004|5|4|0|0|480000|2|15967|460830
1200000|1|6004|5|4|1|2|480000|2|15967|451147
1200000|1|6004|5|4|0|0|480000|3|23964|464067
1200000|1|6004|5|4|1|2|480000|3|23964|454464
1200000|1|6004|5|4|0|0|480000|4|31965|468123
1200000|1|6004|5|4|1|2|480000|4|31965|458442
1200000|1|6004|5|5|0|0|480000|0|0|488658
1200000|1|6004|5|5|1|2|480000|0|0|488820
1200000|1|6004|5|5|0|0|480000|1|7999|491952
1200000|1|6004|5|5|1|2|480000|1|7999|497051
1200000|1|6004|5|5|0|0|480000|2|16004|495228
1200000|1|6004|5|5|1|2|480000|2|16004|503954
1200000|1|6004|5|5|0|0|480000|3|24010|498192
1200000|1|6004|5|5|1|2|480000|3|24010|509104
1200000|1|6004|5|5|0|0|480000|4|32016|501546
1200000|1|6004|5|5|1|2|480000|4|32016|513507
1200000|1|6005|5|1|0|0|480000|0|0|492246
1200000|1|6005|5|1|1|2|480000|0|0|487350
1200000|1|6005|5|1|0|0|480000|1|8002|496671
1200000|1|6005|5|1|1|2|480000|1|8002|489222
1200000|1|6005|5|1|0|0|480000|2|16006|500571
1200000|1|6005|5|1|1|2|480000|2|16006|491445
1200000|1|6005|5|1|0|0|480000|3|24012|504510
1200000|1|6005|5|1|1|2|480000|3|24012|493005
1200000|1|6005|5|1|0|0|480000|4|32017|508410
1200000|1|6005|5|1|1|2|480000|4|32017|495462
1200000|1|6005|5|2|0|0|480000|0|0|493104
1200000|1|6005|5|2|1|2|480000|0|0|497646
1200000|1|6005|5|2|0|0|480000|1|7996|496632
1200000|1|6005|5|2|1|2|480000|1|7996|503839
1200000|1|6005|5|2|0|0|480000|2|15998|500376
1200000|1|6005|5|2|1|2|480000|2|15998|507777
1200000|1|6005|5|2|0|0|480000|3|24001|504120
1200000|1|6005|5|2|1|2|480000|3|24001|510078
1200000|1|6005|5|2|0|0|480000|4|32006|507825
1200000|1|6005|5|2|1|2|480000|4|32006|512146
1200000|1|6005|5|3|0|0|480000|0|0|449970
1200000|1|6005|5|3|1|2|480000|0|0|441789
1200000|1|6005|5|3|0|0|480000|1|7974|451938
1200000|1|6005|5|3|1|2|480000|1|7974|440462
1200000|1|6005|5|3|0|0|480000|2|15961|454200
1200000|1|6005|5|3|1|2|480000|2|15961|440776
1200000|1|6005|5|3|0|0|480000|3|23956|457359
1200000|1|6005|5|3|1|2|480000|3|23956|441594
1200000|1|6005|5|3|0|0|480000|4|31957|460869
1200000|1|6005|5|3|1|2|480000|4|31957|443034
1200000|1|6005|5|4|0|0|480000|0|0|449307
1200000|1|6005|5|4|1|2|480000|0|0|443436
1200000|1|6005|5|4|0|0|480000|1|7976|451002
1200000|1|6005|5|4|1|2|480000|1|7976|443397
1200000|1|6005|5|4|0|0|480000|2|15966|452913
1200000|1|6005|5|4|1|2|480000|2|15966|445339
1200000|1|6005|5|4|0|0|480000|3|23964|454902
1200000|1|6005|5|4|1|2|480000|3|23964|447090
1200000|1|6005|5|4|0|0|480000|4|31966|457437
1200000|1|6005|5|4|1|2|480000|4|31966|449325
1200000|1|6005|5|5|0|0|480000|0|0|488307
1200000|1|6005|5|5|1|2|480000|0|0|488676
1200000|1|6005|5|5|0|0|480000|1|8001|490704
1200000|1|6005|5|5|1|2|480000|1|8001|494955
1200000|1|6005|5|5|0|0|480000|2|16007|493083
1200000|1|6005|5|5|1|2|480000|2|16007|499167
1200000|1|6005|5|5|0|0|480000|3|24014|496398
1200000|1|6005|5|5|1|2|480000|3|24014|502326
1200000|1|6005|5|5|0|0|480000|4|32022|499596
1200000|1|6005|5|5|1|2|480000|4|32022|505368
1200000|1|6006|5|1|0|0|480000|0|0|491310
1200000|1|6006|5|1|1|2|480000|0|0|478692
1200000|1|6006|5|1|0|0|480000|1|7981|494019
1200000|1|6006|5|1|1|2|480000|1|7981|477093
1200000|1|6006|5|1|0|0|480000|2|15973|496983
1200000|1|6006|5|1|1|2|480000|2|15973|477717
1200000|1|6006|5|1|0|0|480000|3|23973|500649
1200000|1|6006|5|1|1|2|480000|3|23973|479121
1200000|1|6006|5|1|0|0|480000|4|31978|504276
1200000|1|6006|5|1|1|2|480000|4|31978|480720
1200000|1|6006|5|2|0|0|480000|0|0|491700
1200000|1|6006|5|2|1|2|480000|0|0|477015
1200000|1|6006|5|2|0|0|480000|1|7977|494294
1200000|1|6006|5|2|1|2|480000|1|7977|472296
1200000|1|6006|5|2|0|0|480000|2|15967|496944
1200000|1|6006|5|2|1|2|480000|2|15967|471945
1200000|1|6006|5|2|0|0|480000|3|23966|499908
1200000|1|6006|5|2|1|2|480000|3|23966|472647
1200000|1|6006|5|2|0|0|480000|4|31969|502521
1200000|1|6006|5|2|1|2|480000|4|31969|474285
1200000|1|6006|5|3|0|0|480000|0|0|483900
1200000|1|6006|5|3|1|2|480000|0|0|482241
1200000|1|6006|5|3|0|0|480000|1|7996|486726
1200000|1|6006|5|3|1|2|480000|1|7996|481968
1200000|1|6006|5|3|0|0|480000|2|15999|488793
1200000|1|6006|5|3|1|2|480000|2|15999|481929
1200000|1|6006|5|3|0|0|480000|3|24004|491406
1200000|1|6006|5|3|1|2|480000|3|24004|483489
1200000|1|6006|5|3|0|0|480000|4|32010|494292
1200000|1|6006|5|3|1|2|480000|4|32010|486024
1200000|1|6006|5|4|0|0|480000|0|0|487761
1200000|1|6006|5|4|1|2|480000|0|0|479667
1200000|1|6006|5|4|0|0|480000|1|7981|490665
1200000|1|6006|5|4|1|2|480000|1|7981|480447
1200000|1|6006|5|4|0|0|480000|2|15973|493863
1200000|1|6006|5|4|1|2|480000|2|15973|481890
1200000|1|6006|5|4|0|0|480000|3|23972|496749
1200000|1|6006|5|4|1|2|480000|3|23972|484191
1200000|1|6006|5|4|0|0|480000|4|31975|500259
1200000|1|6006|5|4|1|2|480000|4|31975|487116
1200000|1|6006|5|5|0|0|480000|0|0|490335
1200000|1|6006|5|5|1|2|480000|0|0|485127
1200000|1|6006|5|5|0|0|480000|1|7977|492537
1200000|1|6006|5|5|1|2|480000|1|7977|487818
1200000|1|6006|5|5|0|0|480000|2|15968|495852
1200000|1|6006|5|5|1|2|480000|2|15968|491055
1200000|1|6006|5|5|0|0|480000|3|23968|498738
1200000|1|6006|5|5|1|2|480000|3|23968|495111
1200000|1|6006|5|5|0|0|480000|4|31972|502248
1200000|1|6006|5|5|1|2|480000|4|31972|499908
1200000|1|6007|5|1|0|0|480000|0|0|491232
1200000|1|6007|5|1|1|2|480000|0|0|487857
1200000|1|6007|5|1|0|0|480000|1|7980|494097
1200000|1|6007|5|1|1|2|480000|1|7980|490821
1200000|1|6007|5|1|0|0|480000|2|15974|497451
1200000|1|6007|5|1|1|2|480000|2|15974|495150
1200000|1|6007|5|1|0|0|480000|3|23975|501078
1200000|1|6007|5|1|1|2|480000|3|23975|500454
1200000|1|6007|5|1|0|0|480000|4|31980|504237
1200000|1|6007|5|1|1|2|480000|4|31980|506421
1200000|1|6007|5|2|0|0|480000|0|0|448800
1200000|1|6007|5|2|1|2|480000|0|0|449325
1200000|1|6007|5|2|0|0|480000|1|7983|451197
1200000|1|6007|5|2|1|2|480000|1|7983|453537
1200000|1|6007|5|2|0|0|480000|2|15979|454005
1200000|1|6007|5|2|1|2|480000|2|15979|459309
1200000|1|6007|5|2|0|0|480000|3|23982|457359
1200000|1|6007|5|2|1|2|480000|3|23982|465978
1200000|1|6007|5|2|0|0|480000|4|31991|460791
1200000|1|6007|5|2|1|2|480000|4|31991|472803
1200000|1|6007|5|3|0|0|480000|0|0|484524
1200000|1|6007|5|3|1|2|480000|0|0|482943
1200000|1|6007|5|3|0|0|480000|1|7984|488637
1200000|1|6007|5|3|1|2|480000|1|7984|487740
1200000|1|6007|5|3|0|0|480000|2|15981|492927
1200000|1|6007|5|3|1|2|480000|2|15981|494487
1200000|1|6007|5|3|0|0|480000|3|23987|496710
1200000|1|6007|5|3|1|2|480000|3|23987|502092
1200000|1|6007|5|3|0|0|480000|4|31997|500064
1200000|1|6007|5|3|1|2|480000|4|31997|509853
1200000|1|6007|5|4|0|0|480000|0|0|451140
1200000|1|6007|5|4|1|2|480000|0|0|452055
1200000|1|6007|5|4|0|0|480000|1|7984|453615
1200000|1|6007|5|4|1|2|480000|1|7984|457398
1200000|1|6007|5|4|0|0|480000|2|15982|456540
1200000|1|6007|5|4|1|2|480000|2|15982|464262
1200000|1|6007|5|4|0|0|480000|3|23988|459153
1200000|1|6007|5|4|1|2|480000|3|23988|471906
1200000|1|6007|5|4|0|0|480000|4|31998|461181
1200000|1|6007|5|4|1|2|480000|4|31998|480174
1200000|1|6007|5|5|0|0|480000|0|0|489945
1200000|1|6007|5|5|1|2|480000|0|0|489144
1200000|1|6007|5|5|0|0|480000|1|7985|493122
1200000|1|6007|5|5|1|2|480000|1|7985|494214
1200000|1|6007|5|5|0|0|480000|2|15982|496008
1200000|1|6007|5|5|1|2|480000|2|15982|501234
1200000|1|6007|5|5|0|0|480000|3|23988|498426
1200000|1|6007|5|5|1|2|480000|3|23988|508917
1200000|1|6007|5|5|0|0|480000|4|31999|500610
1200000|1|6007|5|5|1|2|480000|4|31999|516795
1200000|1|6008|5|1|0|0|480000|0|0|484953
1200000|1|6008|5|1|1|2|480000|0|0|484113
1200000|1|6008|5|1|0|0|480000|1|7985|488091
1200000|1|6008|5|1|1|2|480000|1|7985|488754
1200000|1|6008|5|1|0|0|480000|2|15982|491367
1200000|1|6008|5|1|1|2|480000|2|15982|493785
1200000|1|6008|5|1|0|0|480000|3|23988|494877
1200000|1|6008|5|1|1|2|480000|3|23988|499557
1200000|1|6008|5|1|0|0|480000|4|31998|497763
1200000|1|6008|5|1|1|2|480000|4|31998|506382
1200000|1|6008|5|2|0|0|480000|0|0|491817
1200000|1|6008|5|2|1|2|480000|0|0|490938
1200000|1|6008|5|2|0|0|480000|1|7985|495384
1200000|1|6008|5|2|1|2|480000|1|7985|497061
1200000|1|6008|5|2|0|0|480000|2|15983|498543
1200000|1|6008|5|2|1|2|480000|2|15983|504666
1200000|1|6008|5|2|0|0|480000|3|23989|500961
1200000|1|6008|5|2|1|2|480000|3|23989|512817
1200000|1|6008|5|2|0|0|480000|4|32000|503457
1200000|1|6008|5|2|1|2|480000|4|32000|520968
1200000|1|6008|5|3|0|0|480000|0|0|487995
1200000|1|6008|5|3|1|2|480000|0|0|486375
1200000|1|6008|5|3|0|0|480000|1|7984|490821
1200000|1|6008|5|3|1|2|480000|1|7984|492147
1200000|1|6008|5|3|0|0|480000|2|15981|493863
1200000|1|6008|5|3|1|2|480000|2|15981|499206
1200000|1|6008|5|3|0|0|480000|3|23987|496125
1200000|1|6008|5|3|1|2|480000|3|23987|507591
1200000|1|6008|5|3|0|0|480000|4|31997|498387
1200000|1|6008|5|3|1|2|480000|4|31997|515898
1200000|1|6008|5|4|0|0|480000|0|0|488892
1200000|1|6008|5|4|1|2|480000|0|0|486570
1200000|1|6008|5|4|0|0|480000|1|7985|492030
1200000|1|6008|5|4|1|2|480000|1|7985|491484
1200000|1|6008|5|4|0|0|480000|2|15982|494487
1200000|1|6008|5|4|1|2|480000|2|15982|498231
1200000|1|6008|5|4|0|0|480000|3|23988|496203
1200000|1|6008|5|4|1|2|480000|3|23988|505719
1200000|1|6008|5|4|0|0|480000|4|31998|498075
1200000|1|6008|5|4|1|2|480000|4|31998|513753
1200000|1|6008|5|5|0|0|480000|0|0|446499
1200000|1|6008|5|5|1|2|480000|0|0|447960
1200000|1|6008|5|5|0|0|480000|1|7985|448389
1200000|1|6008|5|5|1|2|480000|1|7985|453030
1200000|1|6008|5|5|0|0|480000|2|15983|451080
1200000|1|6008|5|5|1|2|480000|2|15983|459504
1200000|1|6008|5|5|0|0|480000|3|23988|453030
1200000|1|6008|5|5|1|2|480000|3|23988|466758
1200000|1|6008|5|5|0|0|480000|4|31999|454434
1200000|1|6008|5|5|1|2|480000|4|31999|474675
1200000|1|6009|5|1|0|0|480000|0|0|486279
1200000|1|6009|5|1|1|2|480000|0|0|485907
1200000|1|6009|5|1|0|0|480000|1|7985|489261
1200000|1|6009|5|1|1|2|480000|1|7985|490626
1200000|1|6009|5|1|0|0|480000|2|15982|492683
1200000|1|6009|5|1|1|2|480000|2|15982|497295
1200000|1|6009|5|1|0|0|480000|3|23988|495530
1200000|1|6009|5|1|1|2|480000|3|23988|504588
1200000|1|6009|5|1|0|0|480000|4|31999|497520
1200000|1|6009|5|1|1|2|480000|4|31999|511647
1200000|1|6009|5|2|0|0|480000|0|0|454494
1200000|1|6009|5|2|1|2|480000|0|0|454629
1200000|1|6009|5|2|0|0|480000|1|7984|457086
1200000|1|6009|5|2|1|2|480000|1|7984|459777
1200000|1|6009|5|2|0|0|480000|2|15981|460245
1200000|1|6009|5|2|1|2|480000|2|15981|466095
1200000|1|6009|5|2|0|0|480000|3|23986|462819
1200000|1|6009|5|2|1|2|480000|3|23986|473154
1200000|1|6009|5|2|0|0|480000|4|31996|465237
1200000|1|6009|5|2|1|2|480000|4|31996|480681
1200000|1|6009|5|3|0|0|480000|0|0|448761
1200000|1|6009|5|3|1|2|480000|0|0|449286
1200000|1|6009|5|3|0|0|480000|1|7983|449754
1200000|1|6009|5|3|1|2|480000|1|7983|453381
1200000|1|6009|5|3|0|0|480000|2|15979|450885
1200000|1|6009|5|3|1|2|480000|2|15979|459153
1200000|1|6009|5|3|0|0|480000|3|23983|451743
1200000|1|6009|5|3|1|2|480000|3|23983|465705
1200000|1|6009|5|3|0|0|480000|4|31991|453381
1200000|1|6009|5|3|1|2|480000|4|31991|471945
1200000|1|6009|5|4|0|0|480000|0|0|480380
1200000|1|6009|5|4|1|2|480000|0|0|477405
1200000|1|6009|5|4|0|0|480000|1|7981|482855
1200000|1|6009|5|4|1|2|480000|1|7981|480681
1200000|1|6009|5|4|0|0|480000|2|15976|485117
1200000|1|6009|5|4|1|2|480000|2|15976|485751
1200000|1|6009|5|4|0|0|480000|3|23979|487147
1200000|1|6009|5|4|1|2|480000|3|23979|491796
1200000|1|6009|5|4|0|0|480000|4|31988|488978
1200000|1|6009|5|4|1|2|480000|4|31988|498504
1200000|1|6009|5|5|0|0|480000|0|0|428481
1200000|1|6009|5|5|1|2|480000|0|0|430878
1200000|1|6009|5|5|0|0|480000|1|7982|428694
1200000|1|6009|5|5|1|2|480000|1|7982|435675
1200000|1|6009|5|5|0|0|480000|2|15978|428928
1200000|1|6009|5|5|1|2|480000|2|15978|441993
1200000|1|6009|5|5|0|0|480000|3|23982|430332
1200000|1|6009|5|5|1|2|480000|3|23982|448662
1200000|1|6009|5|5|0|0|480000|4|31990|432048
1200000|1|6009|5|5|1|2|480000|4|31990|454824
1200000|1|6010|5|1|0|0|480000|0|0|480538
1200000|1|6010|5|1|1|2|480000|0|0|478644
1200000|1|6010|5|1|0|0|480000|1|7981|482700
1200000|1|6010|5|1|1|2|480000|1|7981|482124
1200000|1|6010|5|1|0|0|480000|2|15974|484378
1200000|1|6010|5|1|1|2|480000|2|15974|487303
1200000|1|6010|5|1|0|0|480000|3|23976|486015
1200000|1|6010|5|1|1|2|480000|3|23976|493112
1200000|1|6010|5|1|0|0|480000|4|31982|486871
1200000|1|6010|5|1|1|2|480000|4|31982|498804
1200000|1|6010|5|2|0|0|480000|0|0|482408
1200000|1|6010|5|2|1|2|480000|0|0|478331
1200000|1|6010|5|2|0|0|480000|1|7979|483831
1200000|1|6010|5|2|1|2|480000|1|7979|480984
1200000|1|6010|5|2|0|0|480000|2|15971|484651
1200000|1|6010|5|2|1|2|480000|2|15971|484571
1200000|1|6010|5|2|0|0|480000|3|23971|485894
1200000|1|6010|5|2|1|2|480000|3|23971|488861
1200000|1|6010|5|2|0|0|480000|4|31976|486482
1200000|1|6010|5|2|1|2|480000|4|31976|493151
1200000|1|6010|5|3|0|0|480000|0|0|480772
1200000|1|6010|5|3|1|2|480000|0|0|473805
1200000|1|6010|5|3|0|0|480000|1|7979|482660
1200000|1|6010|5|3|1|2|480000|1|7979|475173
1200000|1|6010|5|3|0|0|480000|2|15970|484454
1200000|1|6010|5|3|1|2|480000|2|15970|478214
1200000|1|6010|5|3|0|0|480000|3|23969|485741
1200000|1|6010|5|3|1|2|480000|3|23969|482073
1200000|1|6010|5|3|0|0|480000|4|31973|486792
1200000|1|6010|5|3|1|2|480000|4|31973|486756
1200000|1|6010|5|4|0|0|480000|0|0|482487
1200000|1|6010|5|4|1|2|480000|0|0|477085
1200000|1|6010|5|4|0|0|480000|1|7978|484299
1200000|1|6010|5|4|1|2|480000|1|7978|478292
1200000|1|6010|5|4|0|0|480000|2|15970|485859
1200000|1|6010|5|4|1|2|480000|2|15970|481063
1200000|1|6010|5|4|0|0|480000|3|23969|487262
1200000|1|6010|5|4|1|2|480000|3|23969|484456
1200000|1|6010|5|4|0|0|480000|4|31974|488473
1200000|1|6010|5|4|1|2|480000|4|31974|487769
1200000|1|6010|5|5|0|0|480000|0|0|478275
1200000|1|6010|5|5|1|2|480000|0|0|484299
1200000|1|6010|5|5|0|0|480000|1|8002|480906
1200000|1|6010|5|5|1|2|480000|1|8002|492293
1200000|1|6010|5|5|0|0|480000|2|16009|484182
1200000|1|6010|5|5|1|2|480000|2|16009|499273
1200000|1|6010|5|5|0|0|480000|3|24019|485351
1200000|1|6010|5|5|1|2|480000|3|24019|506255
1200000|1|6010|5|5|0|0|480000|4|32030|486404
1200000|1|6010|5|5|1|2|480000|4|32030|512262
1200000|1|6011|5|1|0|0|480000|0|0|441967
1200000|1|6011|5|1|1|2|480000|0|0|440267
1200000|1|6011|5|1|0|0|480000|1|7979|442764
1200000|1|6011|5|1|1|2|480000|1|7979|442335
1200000|1|6011|5|1|0|0|480000|2|15970|443506
1200000|1|6011|5|1|1|2|480000|2|15970|445573
1200000|1|6011|5|1|0|0|480000|3|23969|444674
1200000|1|6011|5|1|1|2|480000|3|23969|449472
1200000|1|6011|5|1|0|0|480000|4|31972|446665
1200000|1|6011|5|1|1|2|480000|4|31972|453410
1200000|1|6011|5|2|0|0|480000|0|0|441499
1200000|1|6011|5|2|1|2|480000|0|0|436174
1200000|1|6011|5|2|0|0|480000|1|7977|442684
1200000|1|6011|5|2|1|2|480000|1|7977|436328
1200000|1|6011|5|2|0|0|480000|2|15966|444166
1200000|1|6011|5|2|1|2|480000|2|15966|437615
1200000|1|6011|5|2|0|0|480000|3|23964|445493
1200000|1|6011|5|2|1|2|480000|3|23964|439955
1200000|1|6011|5|2|0|0|480000|4|31966|447014
1200000|1|6011|5|2|1|2|480000|4|31966|441942
1200000|1|6011|5|3|0|0|480000|0|0|476829
1200000|1|6011|5|3|1|2|480000|0|0|469400
1200000|1|6011|5|3|0|0|480000|1|7975|479150
1200000|1|6011|5|3|1|2|480000|1|7975|469360
1200000|1|6011|5|3|0|0|480000|2|15964|480672
1200000|1|6011|5|3|1|2|480000|2|15964|470609
1200000|1|6011|5|3|0|0|480000|3|23960|482151
1200000|1|6011|5|3|1|2|480000|3|23960|472678
1200000|1|6011|5|3|0|0|480000|4|31961|483792
1200000|1|6011|5|3|1|2|480000|4|31961|474744
1200000|1|6011|5|4|0|0|480000|0|0|445049
1200000|1|6011|5|4|1|2|480000|0|0|439721
1200000|1|6011|5|4|0|0|480000|1|7976|446079
1200000|1|6011|5|4|1|2|480000|1|7976|439918
1200000|1|6011|5|4|0|0|480000|2|15964|447639
1200000|1|6011|5|4|1|2|480000|2|15964|441593
1200000|1|6011|5|4|0|0|480000|3|23961|449431
1200000|1|6011|5|4|1|2|480000|3|23961|443776
1200000|1|6011|5|4|0|0|480000|4|31962|450681
1200000|1|6011|5|4|1|2|480000|4|31962|445883
1200000|1|6011|5|5|0|0|480000|0|0|446138
1200000|1|6011|5|5|1|2|480000|0|0|440656
1200000|1|6011|5|5|0|0|480000|1|7976|447444
1200000|1|6011|5|5|1|2|480000|1|7976|440654
1200000|1|6011|5|5|0|0|480000|2|15964|448692
1200000|1|6011|5|5|1|2|480000|2|15964|442215
1200000|1|6011|5|5|0|0|480000|3|23960|449433
1200000|1|6011|5|5|1|2|480000|3|23960|444285
1200000|1|6011|5|5|0|0|480000|4|31961|451147
1200000|1|6011|5|5|1|2|480000|4|31961|446196
1200000|1|6012|5|1|0|0|480000|0|0|444501
1200000|1|6012|5|1|1|2|480000|0|0|438476
1200000|1|6012|5|1|0|0|480000|1|7975|445925
1200000|1|6012|5|1|1|2|480000|1|7975|438356
1200000|1|6012|5|1|0|0|480000|2|15963|447051
1200000|1|6012|5|1|1|2|480000|2|15963|439486
1200000|1|6012|5|1|0|0|480000|3|23959|448264
1200000|1|6012|5|1|1|2|480000|3|23959|441243
1200000|1|6012|5|1|0|0|480000|4|31959|449627
1200000|1|6012|5|1|1|2|480000|4|31959|442998
1200000|1|6012|5|2|0|0|480000|0|0|448283
1200000|1|6012|5|2|1|2|480000|0|0|441317
1200000|1|6012|5|2|0|0|480000|1|7974|450409
1200000|1|6012|5|2|1|2|480000|1|7974|441318
1200000|1|6012|5|2|0|0|480000|2|15963|452357
1200000|1|6012|5|2|1|2|480000|2|15963|442801
1200000|1|6012|5|2|0|0|480000|3|23959|454502
1200000|1|6012|5|2|1|2|480000|3|23959|444361
1200000|1|6012|5|2|0|0|480000|4|31958|456414
1200000|1|6012|5|2|1|2|480000|4|31958|446196
1200000|1|6012|5|3|0|0|480000|0|0|480458
1200000|1|6012|5|3|1|2|480000|0|0|483127
1200000|1|6012|5|3|0|0|480000|1|7998|483442
1200000|1|6012|5|3|1|2|480000|1|7998|489524
1200000|1|6012|5|3|0|0|480000|2|16001|485664
1200000|1|6012|5|3|1|2|480000|2|16001|494830
1200000|1|6012|5|3|0|0|480000|3|24007|488081
1200000|1|6012|5|3|1|2|480000|3|24007|499313
1200000|1|6012|5|3|0|0|480000|4|32012|490422
1200000|1|6012|5|3|1|2|480000|4|32012|502200
1200000|1|6012|5|4|0|0|480000|0|0|482487
1200000|1|6012|5|4|1|2|480000|0|0|485154
1200000|1|6012|5|4|0|0|480000|1|7997|485468
1200000|1|6012|5|4|1|2|480000|1|7997|492254
1200000|1|6012|5|4|0|0|480000|2|15999|487965
1200000|1|6012|5|4|1|2|480000|2|15999|498416
1200000|1|6012|5|4|0|0|480000|3|24003|490654
1200000|1|6012|5|4|1|2|480000|3|24003|503447
1200000|1|6012|5|4|0|0|480000|4|32008|492996
1200000|1|6012|5|4|1|2|480000|4|32008|507657
1200000|1|6012|5|5|0|0|480000|0|0|493560
1200000|1|6012|5|5|1|2|480000|0|0|497753
1200000|1|6012|5|5|0|0|480000|1|7997|497013
1200000|1|6012|5|5|1|2|480000|1|7997|504969
1200000|1|6012|5|5|0|0|480000|2|15998|499977
1200000|1|6012|5|5|1|2|480000|2|15998|511170
1200000|1|6012|5|5|0|0|480000|3|24002|502590
1200000|1|6012|5|5|1|2|480000|3|24002|515772
1200000|1|6012|5|5|0|0|480000|4|32006|505125
1200000|1|6012|5|5|1|2|480000|4|32006|519788
1200000|1|6013|5|1|0|0|480000|0|0|494772
1200000|1|6013|5|1|1|2|480000|0|0|499352
1200000|1|6013|5|1|0|0|480000|1|7997|498847
1200000|1|6013|5|1|1|2|480000|1|7997|506293
1200000|1|6013|5|1|0|0|480000|2|15998|501846
1200000|1|6013|5|1|1|2|480000|2|15998|511948
1200000|1|6013|5|1|0|0|480000|3|24002|504853
1200000|1|6013|5|1|1|2|480000|3|24002|514407
1200000|1|6013|5|1|0|0|480000|4|32006|507661
1200000|1|6013|5|1|1|2|480000|4|32006|516005
1200000|1|6013|5|2|0|0|480000|0|0|450740
1200000|1|6013|5|2|1|2|480000|0|0|446157
1200000|1|6013|5|2|0|0|480000|1|7973|453293
1200000|1|6013|5|2|1|2|480000|1|7973|447561
1200000|1|6013|5|2|0|0|480000|2|15958|456180
1200000|1|6013|5|2|1|2|480000|2|15958|450446
1200000|1|6013|5|2|0|0|480000|3|23951|458402
1200000|1|6013|5|2|1|2|480000|3|23951|454345
1200000|1|6013|5|2|0|0|480000|4|31949|460859
1200000|1|6013|5|2|1|2|480000|4|31949|458403
1200000|1|6013|5|3|0|0|480000|0|0|447816
1200000|1|6013|5|3|1|2|480000|0|0|441982
1200000|1|6013|5|3|0|0|480000|1|7973|449159
1200000|1|6013|5|3|1|2|480000|1|7973|442882
1200000|1|6013|5|3|0|0|480000|2|15958|450560
1200000|1|6013|5|3|1|2|480000|2|15958|445299
1200000|1|6013|5|3|0|0|480000|3|23952|451889
1200000|1|6013|5|3|1|2|480000|3|23952|448421
1200000|1|6013|5|3|0|0|480000|4|31951|453293
1200000|1|6013|5|3|1|2|480000|4|31951|451305
1200000|1|6013|5|4|0|0|480000|0|0|478744
1200000|1|6013|5|4|1|2|480000|0|0|484103
1200000|1|6013|5|4|0|0|480000|1|7997|480242
1200000|1|6013|5|4|1|2|480000|1|7997|489249
1200000|1|6013|5|4|0|0|480000|2|15999|482114
1200000|1|6013|5|4|1|2|480000|2|15999|491085
1200000|1|6013|5|4|0|0|480000|3|24003|483480
1200000|1|6013|5|4|1|2|480000|3|24003|493463
1200000|1|6013|5|4|0|0|480000|4|32008|484845
1200000|1|6013|5|4|1|2|480000|4|32008|496037
1200000|1|6013|5|5|0|0|480000|0|0|478158
1200000|1|6013|5|5|1|2|480000|0|0|474393
1200000|1|6013|5|5|0|0|480000|1|7993|480749
1200000|1|6013|5|5|1|2|480000|1|7993|473770
1200000|1|6013|5|5|0|0|480000|2|15993|482427
1200000|1|6013|5|5|1|2|480000|2|15993|474939
1200000|1|6013|5|5|0|0|480000|3|23996|483909
1200000|1|6013|5|5|1|2|480000|3|23996|476655
1200000|1|6013|5|5|0|0|480000|4|32000|485349
1200000|1|6013|5|5|1|2|480000|4|32000|478721
1200000|1|6014|5|1|0|0|480000|0|0|444851
1200000|1|6014|5|1|1|2|480000|0|0|415698
1200000|1|6014|5|1|0|0|480000|1|7974|444869
1200000|1|6014|5|1|1|2|480000|1|7974|408093
1200000|1|6014|5|1|0|0|480000|2|15962|445260
1200000|1|6014|5|1|1|2|480000|2|15962|404777
1200000|1|6014|5|1|0|0|480000|3|23957|445805
1200000|1|6014|5|1|1|2|480000|3|23957|403918
1200000|1|6014|5|1|0|0|480000|4|31956|446159
1200000|1|6014|5|1|1|2|480000|4|31956|404856
1200000|1|6014|5|2|0|0|480000|0|0|443488
1200000|1|6014|5|2|1|2|480000|0|0|439136
1200000|1|6014|5|2|0|0|480000|1|7979|443935
1200000|1|6014|5|2|1|2|480000|1|7979|439136
1200000|1|6014|5|2|0|0|480000|2|15968|444441
1200000|1|6014|5|2|1|2|480000|2|15968|437773
1200000|1|6014|5|2|0|0|480000|3|23965|444948
1200000|1|6014|5|2|1|2|480000|3|23965|441008
1200000|1|6014|5|2|0|0|480000|4|31965|445295
1200000|1|6014|5|2|1|2|480000|4|31965|444209
1200000|1|6014|5|3|0|0|480000|0|0|439275
1200000|1|6014|5|3|1|2|480000|0|0|436523
1200000|1|6014|5|3|0|0|480000|1|7975|439256
1200000|1|6014|5|3|1|2|480000|1|7975|437262
1200000|1|6014|5|3|0|0|480000|2|15962|439370
1200000|1|6014|5|3|1|2|480000|2|15962|440150
1200000|1|6014|5|3|0|0|480000|3|23957|440266
1200000|1|6014|5|3|1|2|480000|3|23957|444168
1200000|1|6014|5|3|0|0|480000|4|31957|440502
1200000|1|6014|5|3|1|2|480000|4|31957|448303
1200000|1|6014|5|4|0|0|480000|0|0|476832
1200000|1|6014|5|4|1|2|480000|0|0|473416
1200000|1|6014|5|4|0|0|480000|1|7994|478800
1200000|1|6014|5|4|1|2|480000|1|7994|472991
1200000|1|6014|5|4|0|0|480000|2|15995|480087
1200000|1|6014|5|4|1|2|480000|2|15995|474081
1200000|1|6014|5|4|0|0|480000|3|23999|481179
1200000|1|6014|5|4|1|2|480000|3|23999|475992
1200000|1|6014|5|4|0|0|480000|4|32005|482114
1200000|1|6014|5|4|1|2|480000|4|32005|479813
1200000|1|6014|5|5|0|0|480000|0|0|478119
1200000|1|6014|5|5|1|2|480000|0|0|470295
1200000|1|6014|5|5|0|0|480000|1|7980|479306
1200000|1|6014|5|5|1|2|480000|1|7980|469558
1200000|1|6014|5|5|0|0|480000|2|15971|480868
1200000|1|6014|5|5|1|2|480000|2|15971|470376
1200000|1|6014|5|5|0|0|480000|3|23968|482272
1200000|1|6014|5|5|1|2|480000|3|23968|472208
1200000|1|6014|5|5|0|0|480000|4|31970|483165
1200000|1|6014|5|5|1|2|480000|4|31970|474551
1200000|1|6015|5|1|0|0|480000|0|0|482135
1200000|1|6015|5|1|1|2|480000|0|0|478097
1200000|1|6015|5|1|0|0|480000|1|7993|485002
1200000|1|6015|5|1|1|2|480000|1|7993|477979
1200000|1|6015|5|1|0|0|480000|2|15994|487185
1200000|1|6015|5|1|1|2|480000|2|15994|479150
1200000|1|6015|5|1|0|0|480000|3|23997|488823
1200000|1|6015|5|1|1|2|480000|3|23997|481371
1200000|1|6015|5|1|0|0|480000|4|32002|491006
1200000|1|6015|5|1|1|2|480000|4|32002|483362
1200000|1|6015|5|2|0|0|480000|0|0|466260
1200000|1|6015|5|2|1|2|480000|0|0|457312
1200000|1|6015|5|2|0|0|480000|1|7976|467450
1200000|1|6015|5|2|1|2|480000|1|7976|455634
1200000|1|6015|5|2|0|0|480000|2|15964|468855
1200000|1|6015|5|2|1|2|480000|2|15964|455635
1200000|1|6015|5|2|0|0|480000|3|23960|470805
1200000|1|6015|5|2|1|2|480000|3|23960|457427
1200000|1|6015|5|2|0|0|480000|4|31960|472365
1200000|1|6015|5|2|1|2|480000|4|31960|459495
1200000|1|6015|5|3|0|0|480000|0|0|480694
1200000|1|6015|5|3|1|2|480000|0|0|478215
1200000|1|6015|5|3|0|0|480000|1|7995|482154
1200000|1|6015|5|3|1|2|480000|1|7995|479347
1200000|1|6015|5|3|0|0|480000|2|15998|483597
1200000|1|6015|5|3|1|2|480000|2|15998|483792
1200000|1|6015|5|3|0|0|480000|3|24006|484376
1200000|1|6015|5|3|1|2|480000|3|24006|487185
1200000|1|6015|5|3|0|0|480000|4|32014|485040
1200000|1|6015|5|3|1|2|480000|4|32014|491475
1200000|1|6015|5|4|0|0|480000|0|0|482135
1200000|1|6015|5|4|1|2|480000|0|0|475484
1200000|1|6015|5|4|0|0|480000|1|7981|483635
1200000|1|6015|5|4|1|2|480000|1|7981|475679
1200000|1|6015|5|4|0|0|480000|2|15974|484885
1200000|1|6015|5|4|1|2|480000|2|15974|478176
1200000|1|6015|5|4|0|0|480000|3|23973|485976
1200000|1|6015|5|4|1|2|480000|3|23973|480944
1200000|1|6015|5|4|0|0|480000|4|31976|486639
1200000|1|6015|5|4|1|2|480000|4|31976|484455
1200000|1|6015|5|5|0|0|480000|0|0|480772
1200000|1|6015|5|5|1|2|480000|0|0|475718
1200000|1|6015|5|5|0|0|480000|1|7977|481960
1200000|1|6015|5|5|1|2|480000|1|7977|476850
1200000|1|6015|5|5|0|0|480000|2|15966|483012
1200000|1|6015|5|5|1|2|480000|2|15966|479617
1200000|1|6015|5|5|0|0|480000|3|23964|484727
1200000|1|6015|5|5|1|2|480000|3|23964|483402
1200000|1|6015|5|5|0|0|480000|4|31966|486210
1200000|1|6015|5|5|1|2|480000|4|31966|487104
1200000|1|6016|5|1|0|0|480000|0|0|477767
1200000|1|6016|5|1|1|2|480000|0|0|472444
1200000|1|6016|5|1|0|0|480000|1|7975|478877
1200000|1|6016|5|1|1|2|480000|1|7975|473417
1200000|1|6016|5|1|0|0|480000|2|15964|480162
1200000|1|6016|5|1|1|2|480000|2|15964|476188
1200000|1|6016|5|1|0|0|480000|3|23961|481335
1200000|1|6016|5|1|1|2|480000|3|23961|479385
1200000|1|6016|5|1|0|0|480000|4|31962|482309
1200000|1|6016|5|1|1|2|480000|4|31962|482348
1200000|1|6016|5|2|0|0|480000|0|0|478627
1200000|1|6016|5|2|1|2|480000|0|0|472990
1200000|1|6016|5|2|0|0|480000|1|7993|480320
1200000|1|6016|5|2|1|2|480000|1|7993|472209
1200000|1|6016|5|2|0|0|480000|2|15993|481413
1200000|1|6016|5|2|1|2|480000|2|15993|473302
1200000|1|6016|5|2|0|0|480000|3|23997|482233
1200000|1|6016|5|2|1|2|480000|3|23997|475016
1200000|1|6016|5|2|0|0|480000|4|32002|484260
1200000|1|6016|5|2|1|2|480000|4|32002|476889
1200000|1|6016|5|3|0|0|480000|0|0|471995
1200000|1|6016|5|3|1|2|480000|0|0|463824
1200000|1|6016|5|3|0|0|480000|1|7979|472829
1200000|1|6016|5|3|1|2|480000|1|7979|463197
1200000|1|6016|5|3|0|0|480000|2|15969|473926
1200000|1|6016|5|3|1|2|480000|2|15969|464367
1200000|1|6016|5|3|0|0|480000|3|23966|474432
1200000|1|6016|5|3|1|2|480000|3|23966|466551
1200000|1|6016|5|3|0|0|480000|4|31967|475054
1200000|1|6016|5|3|1|2|480000|4|31967|469049
1200000|1|6016|5|4|0|0|480000|0|0|439705
1200000|1|6016|5|4|1|2|480000|0|0|436016
1200000|1|6016|5|4|0|0|480000|1|7975|439449
1200000|1|6016|5|4|1|2|480000|1|7975|436287
1200000|1|6016|5|4|0|0|480000|2|15962|439840
1200000|1|6016|5|4|1|2|480000|2|15962|437929
1200000|1|6016|5|4|0|0|480000|3|23957|441047
1200000|1|6016|5|4|1|2|480000|3|23957|440268
1200000|1|6016|5|4|0|0|480000|4|31957|442997
1200000|1|6016|5|4|1|2|480000|4|31957|442880
1200000|1|6016|5|5|0|0|480000|0|0|448245
1200000|1|6016|5|5|1|2|480000|0|0|442728
1200000|1|6016|5|5|0|0|480000|1|7975|450524
1200000|1|6016|5|5|1|2|480000|1|7975|443111
1200000|1|6016|5|5|0|0|480000|2|15964|452435
1200000|1|6016|5|5|1|2|480000|2|15964|444715
1200000|1|6016|5|5|0|0|480000|3|23960|454854
1200000|1|6016|5|5|1|2|480000|3|23960|447561
1200000|1|6016|5|5|0|0|480000|4|31962|457622
1200000|1|6016|5|5|1|2|480000|4|31962|450018
1200000|1|6017|5|1|0|0|480000|0|0|491146
1200000|1|6017|5|1|1|2|480000|0|0|486795
1200000|1|6017|5|1|0|0|480000|1|7996|495686
1200000|1|6017|5|1|1|2|480000|1|7996|487693
1200000|1|6017|5|1|0|0|480000|2|15999|499276
1200000|1|6017|5|1|1|2|480000|2|15999|489288
1200000|1|6017|5|1|0|0|480000|3|24005|502708
1200000|1|6017|5|1|1|2|480000|3|24005|490969
1200000|1|6017|5|1|0|0|480000|4|32011|506759
1200000|1|6017|5|1|1|2|480000|4|32011|493539
1200000|1|6017|5|2|0|0|480000|0|0|489000
1200000|1|6017|5|2|1|2|480000|0|0|481332
1200000|1|6017|5|2|0|0|480000|1|7980|491787
1200000|1|6017|5|2|1|2|480000|1|7980|481760
1200000|1|6017|5|2|0|0|480000|2|15972|494281
1200000|1|6017|5|2|1|2|480000|2|15972|484183
1200000|1|6017|5|2|0|0|480000|3|23972|496737
1200000|1|6017|5|2|1|2|480000|3|23972|486677
1200000|1|6017|5|2|0|0|480000|4|31975|499625
1200000|1|6017|5|2|1|2|480000|4|31975|489680
1200000|1|6017|5|3|0|0|480000|0|0|491417
1200000|1|6017|5|3|1|2|480000|0|0|515190
1200000|1|6017|5|3|0|0|480000|1|8002|493466
1200000|1|6017|5|3|1|2|480000|1|8002|524937
1200000|1|6017|5|3|0|0|480000|2|16009|495451
1200000|1|6017|5|3|1|2|480000|2|16009|530901
1200000|1|6017|5|3|0|0|480000|3|24015|497832
1200000|1|6017|5|3|1|2|480000|3|24015|535310
1200000|1|6017|5|3|0|0|480000|4|32022|500718
1200000|1|6017|5|3|1|2|480000|4|32022|539093
1200000|1|6017|5|4|0|0|480000|0|0|489428
1200000|1|6017|5|4|1|2|480000|0|0|504149
1200000|1|6017|5|4|0|0|480000|1|8003|492177
1200000|1|6017|5|4|1|2|480000|1|8003|506021
1200000|1|6017|5|4|0|0|480000|2|16008|495335
1200000|1|6017|5|4|1|2|480000|2|16008|508595
1200000|1|6017|5|4|0|0|480000|3|24014|498726
1200000|1|6017|5|4|1|2|480000|3|24014|512146
1200000|1|6017|5|4|0|0|480000|4|32021|502200
1200000|1|6017|5|4|1|2|480000|4|32021|515812
1200000|1|6017|5|5|0|0|480000|0|0|490794
1200000|1|6017|5|5|1|2|480000|0|0|481061
1200000|1|6017|5|5|0|0|480000|1|7981|493734
1200000|1|6017|5|5|1|2|480000|1|7981|482972
1200000|1|6017|5|5|0|0|480000|2|15974|497715
1200000|1|6017|5|5|1|2|480000|2|15974|486599
1200000|1|6017|5|5|0|0|480000|3|23974|501616
1200000|1|6017|5|5|1|2|480000|3|23974|489992
1200000|1|6017|5|5|0|0|480000|4|31978|505709
1200000|1|6017|5|5|1|2|480000|4|31978|494787
1200000|1|6018|5|1|0|0|480000|0|0|491495
1200000|1|6018|5|1|1|2|480000|0|0|516319
1200000|1|6018|5|1|0|0|480000|1|8003|495102
1200000|1|6018|5|1|1|2|480000|1|8003|527666
1200000|1|6018|5|1|0|0|480000|2|16010|498183
1200000|1|6018|5|1|1|2|480000|2|16010|536364
1200000|1|6018|5|1|0|0|480000|3|24019|501810
1200000|1|6018|5|1|1|2|480000|3|24019|543852
1200000|1|6018|5|1|0|0|480000|4|32029|506099
1200000|1|6018|5|1|1|2|480000|4|32029|550323
1200000|1|6018|5|2|0|0|480000|0|0|444071
1200000|1|6018|5|2|1|2|480000|0|0|441400
1200000|1|6018|5|2|0|0|480000|1|7981|447754
1200000|1|6018|5|2|1|2|480000|1|7981|444398
1200000|1|6018|5|2|0|0|480000|2|15975|452123
1200000|1|6018|5|2|1|2|480000|2|15975|448732
1200000|1|6018|5|2|0|0|480000|3|23976|456376
1200000|1|6018|5|2|1|2|480000|3|23976|453918
1200000|1|6018|5|2|0|0|480000|4|31982|460623
1200000|1|6018|5|2|1|2|480000|4|31982|459301
1200000|1|6018|5|3|0|0|480000|0|0|441497
1200000|1|6018|5|3|1|2|480000|0|0|439252
1200000|1|6018|5|3|0|0|480000|1|7981|444832
1200000|1|6018|5|3|1|2|480000|1|7981|442604
1200000|1|6018|5|3|0|0|480000|2|15975|449236
1200000|1|6018|5|3|1|2|480000|2|15975|446898
1200000|1|6018|5|3|0|0|480000|3|23976|453255
1200000|1|6018|5|3|1|2|480000|3|23976|452084
1200000|1|6018|5|3|0|0|480000|4|31982|457271
1200000|1|6018|5|3|1|2|480000|4|31982|458052
1200000|1|6018|5|4|0|0|480000|0|0|496995
1200000|1|6018|5|4|1|2|480000|0|0|491475
1200000|1|6018|5|4|0|0|480000|1|7980|501771
1200000|1|6018|5|4|1|2|480000|1|7980|494245
1200000|1|6018|5|4|0|0|480000|2|15973|505983
1200000|1|6018|5|4|1|2|480000|2|15973|498767
1200000|1|6018|5|4|0|0|480000|3|23975|509844
1200000|1|6018|5|4|1|2|480000|3|23975|504190
1200000|1|6018|5|4|0|0|480000|4|31981|513001
1200000|1|6018|5|4|1|2|480000|4|31981|509726
1200000|1|6018|5|5|0|0|480000|0|0|440017
1200000|1|6018|5|5|1|2|480000|0|0|436679
1200000|1|6018|5|5|0|0|480000|1|7979|442764
1200000|1|6018|5|5|1|2|480000|1|7979|439175
1200000|1|6018|5|5|0|0|480000|2|15971|446274
1200000|1|6018|5|5|1|2|480000|2|15971|443036
1200000|1|6018|5|5|0|0|480000|3|23971|449431
1200000|1|6018|5|5|1|2|480000|3|23971|447950
1200000|1|6018|5|5|0|0|480000|4|31976|453136
1200000|1|6018|5|5|1|2|480000|4|31976|453216
1200000|1|6019|5|1|0|0|480000|0|1|435921
1200000|1|6019|5|1|1|2|480000|0|1|433285
1200000|1|6019|5|1|0|0|480000|1|7979|437695
1200000|1|6019|5|1|1|2|480000|1|7979|435706
1200000|1|6019|5|1|0|0|480000|2|15971|439683
1200000|1|6019|5|1|1|2|480000|2|15971|439370
1200000|1|6019|5|1|0|0|480000|3|23971|441671
1200000|1|6019|5|1|1|2|480000|3|23971|443933
1200000|1|6019|5|1|0|0|480000|4|31975|444441
1200000|1|6019|5|1|1|2|480000|4|31975|448337
1200000|1|6019|5|2|0|0|480000|0|0|449805
1200000|1|6019|5|2|1|2|480000|0|0|444866
1200000|1|6019|5|2|0|0|480000|1|7978|452318
1200000|1|6019|5|2|1|2|480000|1|7978|446352
1200000|1|6019|5|2|0|0|480000|2|15970|455790
1200000|1|6019|5|2|1|2|480000|2|15970|449470
1200000|1|6019|5|2|0|0|480000|3|23969|459182
1200000|1|6019|5|2|1|2|480000|3|23969|453450
1200000|1|6019|5|2|0|0|480000|4|31973|462301
1200000|1|6019|5|2|1|2|480000|4|31973|457896
1200000|1|6019|5|3|0|0|480000|0|0|456161
1200000|1|6019|5|3|1|2|480000|0|0|451304
1200000|1|6019|5|3|0|0|480000|1|7978|459104
1200000|1|6019|5|3|1|2|480000|1|7978|452904
1200000|1|6019|5|3|0|0|480000|2|15969|462460
1200000|1|6019|5|3|1|2|480000|2|15969|455826
1200000|1|6019|5|3|0|0|480000|3|23967|465419
1200000|1|6019|5|3|1|2|480000|3|23967|459535
1200000|1|6019|5|3|0|0|480000|4|31970|467919
1200000|1|6019|5|3|1|2|480000|4|31970|463434
1200000|1|6019|5|4|0|0|480000|0|0|491456
1200000|1|6019|5|4|1|2|480000|0|0|496271
1200000|1|6019|5|4|0|0|480000|1|7997|493736
1200000|1|6019|5|4|1|2|480000|1|7997|501381
1200000|1|6019|5|4|0|0|480000|2|16000|495567
1200000|1|6019|5|4|1|2|480000|2|16000|506721
1200000|1|6019|5|4|0|0|480000|3|24005|497831
1200000|1|6019|5|4|1|2|480000|3|24005|511010
1200000|1|6019|5|4|0|0|480000|4|32011|500444
1200000|1|6019|5|4|1|2|480000|4|32011|515031
1200000|1|6019|5|5|0|0|480000|0|0|449999
1200000|1|6019|5|5|1|2|480000|0|0|446274
1200000|1|6019|5|5|0|0|480000|1|7978|451578
1200000|1|6019|5|5|1|2|480000|1|7978|447756
1200000|1|6019|5|5|0|0|480000|2|15968|453841
1200000|1|6019|5|5|1|2|480000|2|15968|449901
1200000|1|6019|5|5|0|0|480000|3|23965|455907
1200000|1|6019|5|5|1|2|480000|3|23965|453563
1200000|1|6019|5|5|0|0|480000|4|31968|458560
1200000|1|6019|5|5|1|2|480000|4|31968|457623
1200000|1|6020|5|1|0|0|480000|0|0|452260
1200000|1|6020|5|1|1|2|480000|0|0|447247
1200000|1|6020|5|1|0|0|480000|1|7978|453645
1200000|1|6020|5|1|1|2|480000|1|7978|449356
1200000|1|6020|5|1|0|0|480000|2|15969|455985
1200000|1|6020|5|1|1|2|480000|2|15969|452436
1200000|1|6020|5|1|0|0|480000|3|23968|458755
1200000|1|6020|5|1|1|2|480000|3|23968|455556
1200000|1|6020|5|1|0|0|480000|4|31971|461681
1200000|1|6020|5|1|1|2|480000|4|31971|458560
1200000|1|6020|5|2|0|0|480000|0|0|492549
1200000|1|6020|5|2|1|2|480000|0|0|487537
1200000|1|6020|5|2|0|0|480000|1|7995|496076
1200000|1|6020|5|2|1|2|480000|1|7995|488235
1200000|1|6020|5|2|0|0|480000|2|15998|498652
1200000|1|6020|5|2|1|2|480000|2|15998|489798
1200000|1|6020|5|2|0|0|480000|3|24003|501459
1200000|1|6020|5|2|1|2|480000|3|24003|491943
1200000|1|6020|5|2|0|0|480000|4|32010|504775
1200000|1|6020|5|2|1|2|480000|4|32010|494750
1200000|1|6020|5|3|0|0|480000|0|0|453935
1200000|1|6020|5|3|1|2|480000|0|0|446898
1200000|1|6020|5|3|0|0|480000|1|7980|456256
1200000|1|6020|5|3|1|2|480000|1|7980|447480
1200000|1|6020|5|3|0|0|480000|2|15972|459338
1200000|1|6020|5|3|1|2|480000|2|15972|449507
1200000|1|6020|5|3|0|0|480000|3|23971|462692
1200000|1|6020|5|3|1|2|480000|3|23971|451890
1200000|1|6020|5|3|0|0|480000|4|31974|466476
1200000|1|6020|5|3|1|2|480000|4|31974|455163
1200000|1|6020|5|4|0|0|480000|0|0|497190
1200000|1|6020|5|4|1|2|480000|0|0|521309
1200000|1|6020|5|4|0|0|480000|1|8003|499937
1200000|1|6020|5|4|1|2|480000|1|8003|532112
1200000|1|6020|5|4|0|0|480000|2|16010|502980
1200000|1|6020|5|4|1|2|480000|2|16010|539249
1200000|1|6020|5|4|0|0|480000|3|24018|506216
1200000|1|6020|5|4|1|2|480000|3|24018|544008
1200000|1|6020|5|4|0|0|480000|4|32026|509883
1200000|1|6020|5|4|1|2|480000|4|32026|548454
1200000|1|6020|5|5|0|0|480000|0|0|495746
1200000|1|6020|5|5|1|2|480000|0|0|502472
1200000|1|6020|5|5|0|0|480000|1|7999|499899
1200000|1|6020|5|5|1|2|480000|1|7999|509258
1200000|1|6020|5|5|0|0|480000|2|16002|503835
1200000|1|6020|5|5|1|2|480000|2|16002|514214
1200000|1|6020|5|5|0|0|480000|3|24007|507970
1200000|1|6020|5|5|1|2|480000|3|24007|518190
1200000|1|6020|5|5|0|0|480000|4|32013|512259
1200000|1|6020|5|5|1|2|480000|4|32013|521387
1200000|1|6021|5|1|0|0|480000|0|0|462519
1200000|1|6021|5|1|1|2|480000|0|0|455946
1200000|1|6021|5|1|0|0|480000|1|7976|466828
1200000|1|6021|5|1|1|2|480000|1|7976|457780
1200000|1|6021|5|1|0|0|480000|2|15966|472483
1200000|1|6021|5|1|1|2|480000|2|15966|457466
1200000|1|6021|5|1|0|0|480000|3|23964|478368
1200000|1|6021|5|1|1|2|480000|3|23964|458716
1200000|1|6021|5|1|0|0|480000|4|31966|484572
1200000|1|6021|5|1|1|2|480000|4|31966|461408
1200000|1|6021|5|2|0|0|480000|0|0|505341
1200000|1|6021|5|2|1|2|480000|0|0|511246
1200000|1|6021|5|2|0|0|480000|1|8001|511169
1200000|1|6021|5|2|1|2|480000|1|8001|520179
1200000|1|6021|5|2|0|0|480000|2|16007|516785
1200000|1|6021|5|2|1|2|480000|2|16007|527940
1200000|1|6021|5|2|0|0|480000|3|24015|522872
1200000|1|6021|5|2|1|2|480000|3|24015|534140
1200000|1|6021|5|2|0|0|480000|4|32025|528758
1200000|1|6021|5|2|1|2|480000|4|32025|540108
1200000|1|6021|5|3|0|0|480000|0|0|502573
1200000|1|6021|5|3|1|2|480000|0|0|509608
1200000|1|6021|5|3|0|0|480000|1|8002|508558
1200000|1|6021|5|3|1|2|480000|1|8002|518385
1200000|1|6021|5|3|0|0|480000|2|16010|513898
1200000|1|6021|5|3|1|2|480000|2|16010|526104
1200000|1|6021|5|3|0|0|480000|3|24018|519512
1200000|1|6021|5|3|1|2|480000|3|24018|531683
1200000|1|6021|5|3|0|0|480000|4|32027|524898
1200000|1|6021|5|3|1|2|480000|4|32027|536948
1200000|1|6021|5|4|0|0|480000|0|0|465523
1200000|1|6021|5|4|1|2|480000|0|0|460041
1200000|1|6021|5|4|0|0|480000|1|7979|470533
1200000|1|6021|5|4|1|2|480000|1|7979|463512
1200000|1|6021|5|4|0|0|480000|2|15972|476612
1200000|1|6021|5|4|1|2|480000|2|15972|467139
1200000|1|6021|5|4|0|0|480000|3|23973|482662
1200000|1|6021|5|4|1|2|480000|3|23973|471389
1200000|1|6021|5|4|0|0|480000|4|31978|489253
1200000|1|6021|5|4|1|2|480000|4|31978|476344
1200000|1|6021|5|5|0|0|480000|0|0|505888
1200000|1|6021|5|5|1|2|480000|0|0|514134
1200000|1|6021|5|5|0|0|480000|1|8006|513159
1200000|1|6021|5|5|1|2|480000|1|8006|524858
1200000|1|6021|5|5|0|0|480000|2|16017|519711
1200000|1|6021|5|5|1|2|480000|2|16017|533204
1200000|1|6021|5|5|0|0|480000|3|24027|526770
1200000|1|6021|5|5|1|2|480000|3|24027|540029
1200000|1|6021|5|5|0|0|480000|4|32039|533830
1200000|1|6021|5|5|1|2|480000|4|32039|547050
1200000|1|6022|5|1|0|0|480000|0|0|505769
1200000|1|6022|5|1|1|2|480000|0|0|501265
1200000|1|6022|5|1|0|0|480000|1|7999|511365
1200000|1|6022|5|1|1|2|480000|1|7999|504033
1200000|1|6022|5|1|0|0|480000|2|16006|516591
1200000|1|6022|5|1|1|2|480000|2|16006|507735
1200000|1|6022|5|1|0|0|480000|3|24013|522323
1200000|1|6022|5|1|1|2|480000|3|24013|512848
1200000|1|6022|5|1|0|0|480000|4|32024|527823
1200000|1|6022|5|1|1|2|480000|4|32024|518500
1200000|1|6022|5|2|0|0|480000|0|0|493131
1200000|1|6022|5|2|1|2|480000|0|0|486131
1200000|1|6022|5|2|0|0|480000|1|7983|498180
1200000|1|6022|5|2|1|2|480000|1|7983|489212
1200000|1|6022|5|2|0|0|480000|2|15979|503800
1200000|1|6022|5|2|1|2|480000|2|15979|493814
1200000|1|6022|5|2|0|0|480000|3|23981|509766
1200000|1|6022|5|2|1|2|480000|3|23981|498764
1200000|1|6022|5|2|0|0|480000|4|31988|515967
1200000|1|6022|5|2|1|2|480000|4|31988|504383
1200000|1|6022|5|3|0|0|480000|0|0|506082
1200000|1|6022|5|3|1|2|480000|0|0|514251
1200000|1|6022|5|3|0|0|480000|1|8004|511639
1200000|1|6022|5|3|1|2|480000|1|8004|524975
1200000|1|6022|5|3|0|0|480000|2|16012|517408
1200000|1|6022|5|3|1|2|480000|2|16012|533868
1200000|1|6022|5|3|0|0|480000|3|24022|523377
1200000|1|6022|5|3|1|2|480000|3|24022|540851
1200000|1|6022|5|3|0|0|480000|4|32032|529734
1200000|1|6022|5|3|1|2|480000|4|32032|547518
1200000|1|6022|5|4|0|0|480000|0|0|497111
1200000|1|6022|5|4|1|2|480000|0|0|511406
1200000|1|6022|5|4|0|0|480000|1|8007|502083
1200000|1|6022|5|4|1|2|480000|1|8007|523062
1200000|1|6022|5|4|0|0|480000|2|16017|508011
1200000|1|6022|5|4|1|2|480000|2|16017|532815
1200000|1|6022|5|4|0|0|480000|3|24027|514017
1200000|1|6022|5|4|1|2|480000|3|24027|540499
1200000|1|6022|5|4|0|0|480000|4|32039|520647
1200000|1|6022|5|4|1|2|480000|4|32039|547632
1200000|1|6022|5|5|0|0|480000|0|0|508422
1200000|1|6022|5|5|1|2|480000|0|0|516201
1200000|1|6022|5|5|0|0|480000|1|8003|514445
1200000|1|6022|5|5|1|2|480000|1|8003|526302
1200000|1|6022|5|5|0|0|480000|2|16012|520531
1200000|1|6022|5|5|1|2|480000|2|16012|534881
1200000|1|6022|5|5|0|0|480000|3|24022|526965
1200000|1|6022|5|5|1|2|480000|3|24022|541940
1200000|1|6022|5|5|0|0|480000|4|32032|533439
1200000|1|6022|5|5|1|2|480000|4|32032|548767
1200000|1|6023|5|1|0|0|480000|0|0|507330
1200000|1|6023|5|1|1|2|480000|0|0|516045
1200000|1|6023|5|1|0|0|480000|1|8004|514209
1200000|1|6023|5|1|1|2|480000|1|8004|525793
1200000|1|6023|5|1|0|0|480000|2|16012|520958
1200000|1|6023|5|1|1|2|480000|2|16012|533943
1200000|1|6023|5|1|0|0|480000|3|24021|527081
1200000|1|6023|5|1|1|2|480000|3|24021|540889
1200000|1|6023|5|1|0|0|480000|4|32031|533240
1200000|1|6023|5|1|1|2|480000|4|32031|547284
1200000|1|6023|5|2|0|0|480000|0|1|496643
1200000|1|6023|5|2|1|2|480000|0|1|506841
1200000|1|6023|5|2|0|0|480000|1|8004|503838
1200000|1|6023|5|2|1|2|480000|1|8004|516432
1200000|1|6023|5|2|0|0|480000|2|16012|511248
1200000|1|6023|5|2|1|2|480000|2|16012|524663
1200000|1|6023|5|2|0|0|480000|3|24021|518189
1200000|1|6023|5|2|1|2|480000|3|24021|531761
1200000|1|6023|5|2|0|0|480000|4|32032|524976
1200000|1|6023|5|2|1|2|480000|4|32032|538195
1200000|1|6023|5|3|0|0|480000|0|0|508146
1200000|1|6023|5|3|1|2|480000|0|0|516902
1200000|1|6023|5|3|0|0|480000|1|8004|514525
1200000|1|6023|5|3|1|2|480000|1|8004|527004
1200000|1|6023|5|3|0|0|480000|2|16012|520725
1200000|1|6023|5|3|1|2|480000|2|16012|535113
1200000|1|6023|5|3|0|0|480000|3|24021|526923
1200000|1|6023|5|3|1|2|480000|3|24021|541978
1200000|1|6023|5|3|0|0|480000|4|32032|533400
1200000|1|6023|5|3|1|2|480000|4|32032|548727
1200000|1|6023|5|4|0|0|480000|0|0|495513
1200000|1|6023|5|4|1|2|480000|0|0|506060
1200000|1|6023|5|4|0|0|480000|1|8004|503369
1200000|1|6023|5|4|1|2|480000|1|8004|515771
1200000|1|6023|5|4|0|0|480000|2|16012|511325
1200000|1|6023|5|4|1|2|480000|2|16012|523651
1200000|1|6023|5|4|0|0|480000|3|24020|518305
1200000|1|6023|5|4|1|2|480000|3|24020|530396
1200000|1|6023|5|4|0|0|480000|4|32031|525366
1200000|1|6023|5|4|1|2|480000|4|32031|537064
1200000|1|6023|5|5|0|0|480000|0|0|509395
1200000|1|6023|5|5|1|2|480000|0|0|503644
1200000|1|6023|5|5|0|0|480000|1|7981|515969
1200000|1|6023|5|5|1|2|480000|1|7981|508011
1200000|1|6023|5|5|0|0|480000|2|15975|522402
1200000|1|6023|5|5|1|2|480000|2|15975|514174
1200000|1|6023|5|5|0|0|480000|3|23977|529189
1200000|1|6023|5|5|1|2|480000|3|23977|520257
1200000|1|6023|5|5|0|0|480000|4|31984|535975
1200000|1|6023|5|5|1|2|480000|4|31984|526730
1200000|1|6024|5|1|0|0|480000|0|0|466575
1200000|1|6024|5|1|1|2|480000|0|0|464255
1200000|1|6024|5|1|0|0|480000|1|7983|471741
1200000|1|6024|5|1|1|2|480000|1|7983|468853
1200000|1|6024|5|1|0|0|480000|2|15978|477124
1200000|1|6024|5|1|1|2|480000|2|15978|476030
1200000|1|6024|5|1|0|0|480000|3|23983|483130
1200000|1|6024|5|1|1|2|480000|3|23983|482661
1200000|1|6024|5|1|0|0|480000|4|31991|489213
1200000|1|6024|5|1|1|2|480000|4|31991|489485
1200000|1|6024|5|2|0|0|480000|0|0|464040
1200000|1|6024|5|2|1|2|480000|0|0|463979
1200000|1|6024|5|2|0|0|480000|1|7985|469285
1200000|1|6024|5|2|1|2|480000|1|7985|469673
1200000|1|6024|5|2|0|0|480000|2|15982|475094
1200000|1|6024|5|2|1|2|480000|2|15982|477473
1200000|1|6024|5|2|0|0|480000|3|23989|481141
1200000|1|6024|5|2|1|2|480000|3|23989|485040
1200000|1|6024|5|2|0|0|480000|4|32000|487652
1200000|1|6024|5|2|1|2|480000|4|32000|492876
1200000|1|6024|5|3|0|0|480000|0|0|505142
1200000|1|6024|5|3|1|2|480000|0|0|503838
1200000|1|6024|5|3|0|0|480000|1|7987|511247
1200000|1|6024|5|3|1|2|480000|1|7987|510117
1200000|1|6024|5|3|0|0|480000|2|15986|516943
1200000|1|6024|5|3|1|2|480000|2|15986|517253
1200000|1|6024|5|3|0|0|480000|3|23992|523259
1200000|1|6024|5|3|1|2|480000|3|23992|524507
1200000|1|6024|5|3|0|0|480000|4|32001|529969
1200000|1|6024|5|3|1|2|480000|4|32001|532347
1200000|1|6024|5|4|0|0|480000|0|0|466066
1200000|1|6024|5|4|1|2|480000|0|0|466551
1200000|1|6024|5|4|0|0|480000|1|7985|470763
1200000|1|6024|5|4|1|2|480000|1|7985|473260
1200000|1|6024|5|4|0|0|480000|2|15984|476185
1200000|1|6024|5|4|1|2|480000|2|15984|481764
1200000|1|6024|5|4|0|0|480000|3|23992|481724
1200000|1|6024|5|4|1|2|480000|3|23992|489993
1200000|1|6024|5|4|0|0|480000|4|32004|487302
1200000|1|6024|5|4|1|2|480000|4|32004|498494
1200000|1|6024|5|5|0|0|480000|0|0|502962
1200000|1|6024|5|5|1|2|480000|0|0|503291
1200000|1|6024|5|5|0|0|480000|1|7988|508400
1200000|1|6024|5|5|1|2|480000|1|7988|510233
1200000|1|6024|5|5|0|0|480000|2|15988|514173
1200000|1|6024|5|5|1|2|480000|2|15988|518891
1200000|1|6024|5|5|0|0|480000|3|23996|520020
1200000|1|6024|5|5|1|2|480000|3|23996|527081
1200000|1|6024|5|5|0|0|480000|4|32008|525794
1200000|1|6024|5|5|1|2|480000|4|32008|535778
1200000|1|6025|5|1|0|0|480000|0|0|503820
1200000|1|6025|5|1|1|2|480000|0|0|503956
1200000|1|6025|5|1|0|0|480000|1|7988|509415
1200000|1|6025|5|1|1|2|480000|1|7988|511561
1200000|1|6025|5|1|0|0|480000|2|15989|515226
1200000|1|6025|5|1|1|2|480000|2|15989|520217
1200000|1|6025|5|1|0|0|480000|3|23997|520959
1200000|1|6025|5|1|1|2|480000|3|23997|529654
1200000|1|6025|5|1|0|0|480000|4|32011|526338
1200000|1|6025|5|1|1|2|480000|4|32011|538898
1200000|1|6025|5|2|0|0|480000|0|0|461699
1200000|1|6025|5|2|1|2|480000|0|0|463083
1200000|1|6025|5|2|0|0|480000|1|7987|465736
1200000|1|6025|5|2|1|2|480000|1|7987|469283
1200000|1|6025|5|2|0|0|480000|2|15985|469987
1200000|1|6025|5|2|1|2|480000|2|15985|477045
1200000|1|6025|5|2|0|0|480000|3|23992|474277
1200000|1|6025|5|2|1|2|480000|3|23992|485002
1200000|1|6025|5|2|0|0|480000|4|32004|478836
1200000|1|6025|5|2|1|2|480000|4|32004|493073
1200000|1|6025|5|3|0|0|480000|0|0|497970
1200000|1|6025|5|3|1|2|480000|0|0|498962
1200000|1|6025|5|3|0|0|480000|1|7989|502707
1200000|1|6025|5|3|1|2|480000|1|7989|505163
1200000|1|6025|5|3|0|0|480000|2|15988|507929
1200000|1|6025|5|3|1|2|480000|2|15988|513001
1200000|1|6025|5|3|0|0|480000|3|23996|513354
1200000|1|6025|5|3|1|2|480000|3|23996|520998
1200000|1|6025|5|3|0|0|480000|4|32009|518970
1200000|1|6025|5|3|1|2|480000|4|32009|529886
1200000|1|6025|5|4|0|0|480000|0|0|488531
1200000|1|6025|5|4|1|2|480000|0|0|489408
1200000|1|6025|5|4|0|0|480000|1|7988|493696
1200000|1|6025|5|4|1|2|480000|1|7988|496854
1200000|1|6025|5|4|0|0|480000|2|15989|498766
1200000|1|6025|5|4|1|2|480000|2|15989|505084
1200000|1|6025|5|4|0|0|480000|3|23997|504539
1200000|1|6025|5|4|1|2|480000|3|23997|513666
1200000|1|6025|5|4|0|0|480000|4|32009|510701
1200000|1|6025|5|4|1|2|480000|4|32009|521934
1200000|1|6025|5|5|0|0|480000|0|0|490129
1200000|1|6025|5|5|1|2|480000|0|0|490340
1200000|1|6025|5|5|0|0|480000|1|7987|495725
1200000|1|6025|5|5|1|2|480000|1|7987|497482
1200000|1|6025|5|5|0|0|480000|2|15986|501612
1200000|1|6025|5|5|1|2|480000|2|15986|505242
1200000|1|6025|5|5|0|0|480000|3|23993|507779
1200000|1|6025|5|5|1|2|480000|3|23993|513823
1200000|1|6025|5|5|0|0|480000|4|32005|513625
1200000|1|6025|5|5|1|2|480000|4|32005|522168
1200000|1|6026|5|1|0|0|480000|0|0|502844
1200000|1|6026|5|1|1|2|480000|0|0|500913
1200000|1|6026|5|1|0|0|480000|1|7987|508398
1200000|1|6026|5|1|1|2|480000|1|7987|506723
1200000|1|6026|5|1|0|0|480000|2|15986|513194
1200000|1|6026|5|1|1|2|480000|2|15986|513471
1200000|1|6026|5|1|0|0|480000|3|23993|518424
1200000|1|6026|5|1|1|2|480000|3|23993|521388
1200000|1|6026|5|1|0|0|480000|4|32005|523572
1200000|1|6026|5|1|1|2|480000|4|32005|529343
1200000|1|6026|5|2|0|0|480000|0|0|501442
1200000|1|6026|5|2|1|2|480000|0|0|514720
1200000|1|6026|5|2|0|0|480000|1|8012|506686
1200000|1|6026|5|2|1|2|480000|1|8012|526029
1200000|1|6026|5|2|0|0|480000|2|16027|512496
1200000|1|6026|5|2|1|2|480000|2|16027|535312
1200000|1|6026|5|2|0|0|480000|3|24042|518347
1200000|1|6026|5|2|1|2|480000|3|24042|543890
1200000|1|6026|5|2|0|0|480000|4|32058|524037
1200000|1|6026|5|2|1|2|480000|4|32058|552198
1200000|1|6026|5|3|0|0|480000|0|0|490208
1200000|1|6026|5|3|1|2|480000|0|0|484650
1200000|1|6026|5|3|0|0|480000|1|7990|495336
1200000|1|6026|5|3|1|2|480000|1|7990|487847
1200000|1|6026|5|3|0|0|480000|2|15990|500951
1200000|1|6026|5|3|1|2|480000|2|15990|492800
1200000|1|6026|5|3|0|0|480000|3|23997|506957
1200000|1|6026|5|3|1|2|480000|3|23997|497987
1200000|1|6026|5|3|0|0|480000|4|32007|512923
1200000|1|6026|5|3|1|2|480000|4|32007|504149
1200000|1|6026|5|4|0|0|480000|0|0|463688
1200000|1|6026|5|4|1|2|480000|0|0|459536
1200000|1|6026|5|4|0|0|480000|1|7989|467996
1200000|1|6026|5|4|1|2|480000|1|7989|462888
1200000|1|6026|5|4|0|0|480000|2|15988|473068
1200000|1|6026|5|4|1|2|480000|2|15988|468700
1200000|1|6026|5|4|0|0|480000|3|23995|478878
1200000|1|6026|5|4|1|2|480000|3|23995|474589
1200000|1|6026|5|4|0|0|480000|4|32006|484923
1200000|1|6026|5|4|1|2|480000|4|32006|480361
1200000|1|6026|5|5|0|0|480000|0|0|465210
1200000|1|6026|5|5|1|2|480000|0|0|460859
1200000|1|6026|5|5|0|0|480000|1|7988|469985
1200000|1|6026|5|5|1|2|480000|1|7988|464837
1200000|1|6026|5|5|0|0|480000|2|15989|475602
1200000|1|6026|5|5|1|2|480000|2|15989|470259
1200000|1|6026|5|5|0|0|480000|3|23995|481842
1200000|1|6026|5|5|1|2|480000|3|23995|475563
1200000|1|6026|5|5|0|0|480000|4|32006|488432
1200000|1|6026|5|5|1|2|480000|4|32006|481605
1200000|1|6027|5|1|0|0|480000|0|0|474024
1200000|1|6027|5|1|1|2|480000|0|0|467959
1200000|1|6027|5|1|0|0|480000|1|7999|480086
1200000|1|6027|5|1|1|2|480000|1|7999|470806
1200000|1|6027|5|1|0|0|480000|2|16004|486872
1200000|1|6027|5|1|1|2|480000|2|16004|475134
1200000|1|6027|5|1|0|0|480000|3|24013|493777
1200000|1|6027|5|1|1|2|480000|3|24013|480437
1200000|1|6027|5|1|0|0|480000|4|32024|501068
1200000|1|6027|5|1|1|2|480000|4|32024|485858
1200000|1|6027|5|2|0|0|480000|0|1|478975
1200000|1|6027|5|2|1|2|480000|0|1|472169
1200000|1|6027|5|2|0|0|480000|1|8000|487069
1200000|1|6027|5|2|1|2|480000|1|8000|475955
1200000|1|6027|5|2|0|0|480000|2|16006|495257
1200000|1|6027|5|2|1|2|480000|2|16006|481375
1200000|1|6027|5|2|0|0|480000|3|24017|502903
1200000|1|6027|5|2|1|2|480000|3|24017|487770
1200000|1|6027|5|2|0|0|480000|4|32030|510079
1200000|1|6027|5|2|1|2|480000|4|32030|494398
1200000|1|6027|5|3|0|0|480000|0|0|468292
1200000|1|6027|5|3|1|2|480000|0|0|464642
1200000|1|6027|5|3|0|0|480000|1|7989|474001
1200000|1|6027|5|3|1|2|480000|1|7989|469125
1200000|1|6027|5|3|0|0|480000|2|15989|480126
1200000|1|6027|5|3|1|2|480000|2|15989|475251
1200000|1|6027|5|3|0|0|480000|3|23996|486210
1200000|1|6027|5|3|1|2|480000|3|23996|482505
1200000|1|6027|5|3|0|0|480000|4|32008|492174
1200000|1|6027|5|3|1|2|480000|4|32008|490070
1200000|1|6027|5|4|0|0|480000|0|0|497620
1200000|1|6027|5|4|1|2|480000|0|0|494634
1200000|1|6027|5|4|0|0|480000|1|7985|502668
1200000|1|6027|5|4|1|2|480000|1|7985|499584
1200000|1|6027|5|4|0|0|480000|2|15982|507231
1200000|1|6027|5|4|1|2|480000|2|15982|506139
1200000|1|6027|5|4|0|0|480000|3|23987|511561
1200000|1|6027|5|4|1|2|480000|3|23987|513550
1200000|1|6027|5|4|0|0|480000|4|31997|515772
1200000|1|6027|5|4|1|2|480000|4|31997|520841
1200000|1|6027|5|5|0|0|480000|0|0|486309
1200000|1|6027|5|5|1|2|480000|0|0|500756
1200000|1|6027|5|5|0|0|480000|1|8009|490850
1200000|1|6027|5|5|1|2|480000|1|8009|512573
1200000|1|6027|5|5|0|0|480000|2|16022|495648
1200000|1|6027|5|5|1|2|480000|2|16022|523299
1200000|1|6027|5|5|0|0|480000|3|24037|499428
1200000|1|6027|5|5|1|2|480000|3|24037|533010
1200000|1|6027|5|5|0|0|480000|4|32052|503563
1200000|1|6027|5|5|1|2|480000|4|32052|541782
1200000|1|6028|5|1|0|0|480000|0|0|485918
1200000|1|6028|5|1|1|2|480000|0|0|483360
1200000|1|6028|5|1|0|0|480000|1|7984|490579
1200000|1|6028|5|1|1|2|480000|1|7984|488434
1200000|1|6028|5|1|0|0|480000|2|15981|494907
1200000|1|6028|5|1|1|2|480000|2|15981|495024
1200000|1|6028|5|1|0|0|480000|3|23985|498963
1200000|1|6028|5|1|1|2|480000|3|23985|502354
1200000|1|6028|5|1|0|0|480000|4|31993|502238
1200000|1|6028|5|1|1|2|480000|4|31993|510506
1200000|1|6028|5|2|0|0|480000|0|0|487789
1200000|1|6028|5|2|1|2|480000|0|0|484962
1200000|1|6028|5|2|0|0|480000|1|7983|492761
1200000|1|6028|5|2|1|2|480000|1|7983|489797
1200000|1|6028|5|2|0|0|480000|2|15979|497714
1200000|1|6028|5|2|1|2|480000|2|15979|496311
1200000|1|6028|5|2|0|0|480000|3|23983|502080
1200000|1|6028|5|2|1|2|480000|3|23983|503679
1200000|1|6028|5|2|0|0|480000|4|31991|505941
1200000|1|6028|5|2|1|2|480000|4|31991|511365
1200000|1|6028|5|3|0|0|480000|0|0|491417
1200000|1|6028|5|3|1|2|480000|0|0|487498
1200000|1|6028|5|3|0|0|480000|1|7982|495647
1200000|1|6028|5|3|1|2|480000|1|7982|491864
1200000|1|6028|5|3|0|0|480000|2|15977|499978
1200000|1|6028|5|3|1|2|480000|2|15977|497365
1200000|1|6028|5|3|0|0|480000|3|23980|503288
1200000|1|6028|5|3|1|2|480000|3|23980|503368
1200000|1|6028|5|3|0|0|480000|4|31987|506645
1200000|1|6028|5|3|1|2|480000|4|31987|509768
1200000|1|6028|5|4|0|0|480000|0|0|488807
1200000|1|6028|5|4|1|2|480000|0|0|487732
1200000|1|6028|5|4|0|0|480000|1|7984|492957
1200000|1|6028|5|4|1|2|480000|1|7984|491593
1200000|1|6028|5|4|0|0|480000|2|15981|497400
1200000|1|6028|5|4|1|2|480000|2|15981|493776
1200000|1|6028|5|4|0|0|480000|3|23985|501495
1200000|1|6028|5|4|1|2|480000|3|23985|497482
1200000|1|6028|5|4|0|0|480000|4|31992|505905
1200000|1|6028|5|4|1|2|480000|4|31992|502902
1200000|1|6028|5|5|0|0|480000|0|0|488258
1200000|1|6028|5|5|1|2|480000|0|0|485586
1200000|1|6028|5|5|0|0|480000|1|7982|492332
1200000|1|6028|5|5|1|2|480000|1|7982|489331
1200000|1|6028|5|5|0|0|480000|2|15979|496507
1200000|1|6028|5|5|1|2|480000|2|15979|496352
1200000|1|6028|5|5|0|0|480000|3|23984|500912
1200000|1|6028|5|5|1|2|480000|3|23984|503681
1200000|1|6028|5|5|0|0|480000|4|31993|504461
1200000|1|6028|5|5|1|2|480000|4|31993|511406
1200000|1|6029|5|1|0|0|480000|0|0|495396
1200000|1|6029|5|1|1|2|480000|0|0|494790
1200000|1|6029|5|1|0|0|480000|1|7985|498689
1200000|1|6029|5|1|1|2|480000|1|7985|499314
1200000|1|6029|5|1|0|0|480000|2|15984|502318
1200000|1|6029|5|1|1|2|480000|2|15984|507464
1200000|1|6029|5|1|0|0|480000|3|23991|505943
1200000|1|6029|5|1|1|2|480000|3|23991|515810
1200000|1|6029|5|1|0|0|480000|4|32004|510116
1200000|1|6029|5|1|1|2|480000|4|32004|524352
1200000|1|6029|5|2|0|0|480000|0|0|491105
1200000|1|6029|5|2|1|2|480000|0|0|490577
1200000|1|6029|5|2|0|0|480000|1|7987|494479
1200000|1|6029|5|2|1|2|480000|1|7987|497439
1200000|1|6029|5|2|0|0|480000|2|15987|498104
1200000|1|6029|5|2|1|2|480000|2|15987|505670
1200000|1|6029|5|2|0|0|480000|3|23995|500639
1200000|1|6029|5|2|1|2|480000|3|23995|513780
1200000|1|6029|5|2|0|0|480000|4|32007|503954
1200000|1|6029|5|2|1|2|480000|4|32007|522089
1200000|1|6029|5|3|0|0|480000|0|0|457683
1200000|1|6029|5|3|1|2|480000|0|0|458791
1200000|1|6029|5|3|0|0|480000|1|7988|460272
1200000|1|6029|5|3|1|2|480000|1|7988|464292
1200000|1|6029|5|3|0|0|480000|2|15987|462927
1200000|1|6029|5|3|1|2|480000|2|15987|471116
1200000|1|6029|5|3|0|0|480000|3|23993|466163
1200000|1|6029|5|3|1|2|480000|3|23993|477824
1200000|1|6029|5|3|0|0|480000|4|32003|469947
1200000|1|6029|5|3|1|2|480000|4|32003|484495
1200000|1|6029|5|4|0|0|480000|0|0|495825
1200000|1|6029|5|4|1|2|480000|0|0|492914
1200000|1|6029|5|4|0|0|480000|1|7985|500210
1200000|1|6029|5|4|1|2|480000|1|7985|496897
1200000|1|6029|5|4|0|0|480000|2|15981|504186
1200000|1|6029|5|4|1|2|480000|2|15981|502589
1200000|1|6029|5|4|0|0|480000|3|23987|507309
1200000|1|6029|5|4|1|2|480000|3|23987|509060
1200000|1|6029|5|4|0|0|480000|4|31997|510468
1200000|1|6029|5|4|1|2|480000|4|31997|515460
1200000|1|6029|5|5|0|0|480000|0|0|456357
1200000|1|6029|5|5|1|2|480000|0|0|452905
1200000|1|6029|5|5|0|0|480000|1|7984|459652
1200000|1|6029|5|5|1|2|480000|1|7984|456179
1200000|1|6029|5|5|0|0|480000|2|15980|462849
1200000|1|6029|5|5|1|2|480000|2|15980|460548
1200000|1|6029|5|5|0|0|480000|3|23985|465969
1200000|1|6029|5|5|1|2|480000|3|23985|465776
1200000|1|6029|5|5|0|0|480000|4|31993|469047
1200000|1|6029|5|5|1|2|480000|4|31993|471233
1200000|1|6030|5|1|0|0|480000|0|0|489234
1200000|1|6030|5|1|1|2|480000|0|0|492763
1200000|1|6030|5|1|0|0|480000|1|8001|493114
1200000|1|6030|5|1|1|2|480000|1|8001|497361
1200000|1|6030|5|1|0|0|480000|2|16007|496076
1200000|1|6030|5|1|1|2|480000|2|16007|502240
1200000|1|6030|5|1|0|0|480000|3|24017|499782
1200000|1|6030|5|1|1|2|480000|3|24017|507310
1200000|1|6030|5|1|0|0|480000|4|32028|503682
1200000|1|6030|5|1|1|2|480000|4|32028|512924
1200000|1|6030|5|2|0|0|480000|0|0|487985
1200000|1|6030|5|2|1|2|480000|0|0|482583
1200000|1|6030|5|2|0|0|480000|1|7982|492140
1200000|1|6030|5|2|1|2|480000|1|7982|483012
1200000|1|6030|5|2|0|0|480000|2|15977|495687
1200000|1|6030|5|2|1|2|480000|2|15977|483792
1200000|1|6030|5|2|0|0|480000|3|23980|499158
1200000|1|6030|5|2|1|2|480000|3|23980|487029
1200000|1|6030|5|2|0|0|480000|4|31988|502823
1200000|1|6030|5|2|1|2|480000|4|31988|491004
1200000|1|6030|5|3|0|0|480000|0|0|485880
1200000|1|6030|5|3|1|2|480000|0|0|483793
1200000|1|6030|5|3|0|0|480000|1|8002|489799
1200000|1|6030|5|3|1|2|480000|1|8002|488473
1200000|1|6030|5|3|0|0|480000|2|16012|493659
1200000|1|6030|5|3|1|2|480000|2|16012|492447
1200000|1|6030|5|3|0|0|480000|3|24023|497795
1200000|1|6030|5|3|1|2|480000|3|24023|496857
1200000|1|6030|5|3|0|0|480000|4|32035|500757
1200000|1|6030|5|3|1|2|480000|4|32035|501654
1200000|1|6030|5|4|0|0|480000|0|0|495007
1200000|1|6030|5|4|1|2|480000|0|0|484417
1200000|1|6030|5|4|0|0|480000|1|7988|498765
1200000|1|6030|5|4|1|2|480000|1|7988|484806
1200000|1|6030|5|4|0|0|480000|2|15986|502552
1200000|1|6030|5|4|1|2|480000|2|15986|486989
1200000|1|6030|5|4|0|0|480000|3|23990|506254
1200000|1|6030|5|4|1|2|480000|3|23990|490696
1200000|1|6030|5|4|0|0|480000|4|31998|509299
1200000|1|6030|5|4|1|2|480000|4|31998|494595
1200000|1|6030|5|5|0|0|480000|0|0|454213
1200000|1|6030|5|5|1|2|480000|0|0|447757
1200000|1|6030|5|5|0|0|480000|1|7997|457776
1200000|1|6030|5|5|1|2|480000|1|7997|449354
1200000|1|6030|5|5|0|0|480000|2|16001|460938
1200000|1|6030|5|5|1|2|480000|2|16001|452201
1200000|1|6030|5|5|0|0|480000|3|24009|464252
1200000|1|6030|5|5|1|2|480000|3|24009|456063
1200000|1|6030|5|5|0|0|480000|4|32019|467409
1200000|1|6030|5|5|1|2|480000|4|32019|461717
1200000|1|6031|5|1|0|0|480000|0|0|500347
1200000|1|6031|5|1|1|2|480000|0|0|511793
1200000|1|6031|5|1|0|0|480000|1|7999|503211
1200000|1|6031|5|1|1|2|480000|1|7999|522204
1200000|1|6031|5|1|0|0|480000|2|16009|505595
1200000|1|6031|5|1|1|2|480000|2|16009|529539
1200000|1|6031|5|1|0|0|480000|3|24019|507893
1200000|1|6031|5|1|1|2|480000|3|24019|534804
1200000|1|6031|5|1|0|0|480000|4|32028|510118
1200000|1|6031|5|1|1|2|480000|4|32028|541044
1200000|1|6031|5|2|0|0|480000|0|1|454365
1200000|1|6031|5|2|1|2|480000|0|1|451655
1200000|1|6031|5|2|0|0|480000|1|7982|456220
1200000|1|6031|5|2|1|2|480000|1|7982|454229
1200000|1|6031|5|2|0|0|480000|2|15976|458051
1200000|1|6031|5|2|1|2|480000|2|15976|458049
1200000|1|6031|5|2|0|0|480000|3|23978|460314
1200000|1|6031|5|2|1|2|480000|3|23978|461913
1200000|1|6031|5|2|0|0|480000|4|31984|463239
1200000|1|6031|5|2|1|2|480000|4|31984|466555
1200000|1|6031|5|3|0|0|480000|0|0|491651
1200000|1|6031|5|3|1|2|480000|0|0|487497
1200000|1|6031|5|3|0|0|480000|1|7981|494400
1200000|1|6031|5|3|1|2|480000|1|7981|490265
1200000|1|6031|5|3|0|0|480000|2|15974|496974
1200000|1|6031|5|3|1|2|480000|2|15974|494360
1200000|1|6031|5|3|0|0|480000|3|23975|499743
1200000|1|6031|5|3|1|2|480000|3|23975|499159
1200000|1|6031|5|3|0|0|480000|4|31981|502784
1200000|1|6031|5|3|1|2|480000|4|31981|503797
1200000|1|6031|5|4|0|0|480000|0|0|436311
1200000|1|6031|5|4|1|2|480000|0|0|434148
1200000|1|6031|5|4|0|0|480000|1|7981|438785
1200000|1|6031|5|4|1|2|480000|1|7981|437383
1200000|1|6031|5|4|0|0|480000|2|15976|441749
1200000|1|6031|5|4|1|2|480000|2|15976|441944
1200000|1|6031|5|4|0|0|480000|3|23979|444324
1200000|1|6031|5|4|1|2|480000|3|23979|446000
1200000|1|6031|5|4|0|0|480000|4|31985|447248
1200000|1|6031|5|4|1|2|480000|4|31985|450914
1200000|1|6031|5|5|0|0|480000|0|0|494147
1200000|1|6031|5|5|1|2|480000|0|0|490421
1200000|1|6031|5|5|0|0|480000|1|7982|497559
1200000|1|6031|5|5|1|2|480000|1|7982|493932
1200000|1|6031|5|5|0|0|480000|2|15977|500990
1200000|1|6031|5|5|1|2|480000|2|15977|498688
1200000|1|6031|5|5|0|0|480000|3|23979|504191
1200000|1|6031|5|5|1|2|480000|3|23979|503096
1200000|1|6031|5|5|0|0|480000|4|31985|507582
1200000|1|6031|5|5|1|2|480000|4|31985|508752
1200000|1|6032|5|1|0|0|480000|0|1|456082
1200000|1|6032|5|1|1|2|480000|0|1|452356
1200000|1|6032|5|1|0|0|480000|1|7982|459143
1200000|1|6032|5|1|1|2|480000|1|7982|455323
1200000|1|6032|5|1|0|0|480000|2|15976|462378
1200000|1|6032|5|1|1|2|480000|2|15976|459573
1200000|1|6032|5|1|0|0|480000|3|23978|465540
1200000|1|6032|5|1|1|2|480000|3|23978|463589
1200000|1|6032|5|1|0|0|480000|4|31984|468894
1200000|1|6032|5|1|1|2|480000|4|31984|468347
1200000|1|6032|5|2|0|0|480000|0|0|494732
1200000|1|6032|5|2|1|2|480000|0|0|496974
1200000|1|6032|5|2|0|0|480000|1|7998|498105
1200000|1|6032|5|2|1|2|480000|1|7998|502084
1200000|1|6032|5|2|0|0|480000|2|16003|501381
1200000|1|6032|5|2|1|2|480000|2|16003|506177
1200000|1|6032|5|2|0|0|480000|3|24010|504695
1200000|1|6032|5|2|1|2|480000|3|24010|509844
1200000|1|6032|5|2|0|0|480000|4|32019|508906
1200000|1|6032|5|2|1|2|480000|4|32019|513355
1200000|1|6032|5|3|0|0|480000|0|0|492198
1200000|1|6032|5|3|1|2|480000|0|0|483324
1200000|1|6032|5|3|0|0|480000|1|7984|495648
1200000|1|6032|5|3|1|2|480000|1|7984|483286
1200000|1|6032|5|3|0|0|480000|2|15979|498729
1200000|1|6032|5|3|1|2|480000|2|15979|485078
1200000|1|6032|5|3|0|0|480000|3|23980|502005
1200000|1|6032|5|3|1|2|480000|3|23980|487223
1200000|1|6032|5|3|0|0|480000|4|31985|505827
1200000|1|6032|5|3|1|2|480000|4|31985|490224
1200000|1|6032|5|4|0|0|480000|0|0|460724
1200000|1|6032|5|4|1|2|480000|0|0|452437
1200000|1|6032|5|4|0|0|480000|1|7982|464018
1200000|1|6032|5|4|1|2|480000|1|7982|453060
1200000|1|6032|5|4|0|0|480000|2|15978|467993
1200000|1|6032|5|4|1|2|480000|2|15978|455203
1200000|1|6032|5|4|0|0|480000|3|23979|472326
1200000|1|6032|5|4|1|2|480000|3|23979|457585
1200000|1|6032|5|4|0|0|480000|4|31985|477239
1200000|1|6032|5|4|1|2|480000|4|31985|460547
1200000|1|6032|5|5|0|0|480000|0|0|507563
1200000|1|6032|5|5|1|2|480000|0|0|537221
1200000|1|6032|5|5|0|0|480000|1|8006|512417
1200000|1|6032|5|5|1|2|480000|1|8006|546346
1200000|1|6032|5|5|0|0|480000|2|16014|517332
1200000|1|6032|5|5|1|2|480000|2|16014|553876
1200000|1|6032|5|5|0|0|480000|3|24024|522399
1200000|1|6032|5|5|1|2|480000|3|24024|560116
1200000|1|6032|5|5|0|0|480000|4|32035|527121
1200000|1|6032|5|5|1|2|480000|4|32035|565849
1200000|1|6033|5|1|0|0|480000|0|0|459669
1200000|1|6033|5|1|1|2|480000|0|0|453449
1200000|1|6033|5|1|0|0|480000|1|7986|463238
1200000|1|6033|5|1|1|2|480000|1|7986|454581
1200000|1|6033|5|1|0|0|480000|2|15983|467178
1200000|1|6033|5|1|1|2|480000|2|15983|456999
1200000|1|6033|5|1|0|0|480000|3|23985|470804
1200000|1|6033|5|1|1|2|480000|3|23985|460429
1200000|1|6033|5|1|0|0|480000|4|31993|474158
1200000|1|6033|5|1|1|2|480000|4|31993|464411
1200000|1|6033|5|2|0|0|480000|0|0|452418
1200000|1|6033|5|2|1|2|480000|0|0|448341
1200000|1|6033|5|2|0|0|480000|1|7982|455243
1200000|1|6033|5|2|1|2|480000|1|7982|450486
1200000|1|6033|5|2|0|0|480000|2|15976|458478
1200000|1|6033|5|2|1|2|480000|2|15976|453683
1200000|1|6033|5|2|0|0|480000|3|23977|461444
1200000|1|6033|5|2|1|2|480000|3|23977|457622
1200000|1|6033|5|2|0|0|480000|4|31983|464370
1200000|1|6033|5|2|1|2|480000|4|31983|461950
1200000|1|6033|5|3|0|0|480000|0|0|435960
1200000|1|6033|5|3|1|2|480000|0|0|432777
1200000|1|6033|5|3|0|0|480000|1|7981|437692
1200000|1|6033|5|3|1|2|480000|1|7981|434261
1200000|1|6033|5|3|0|0|480000|2|15974|440579
1200000|1|6033|5|3|1|2|480000|2|15974|437108
1200000|1|6033|5|3|0|0|480000|3|23974|442842
1200000|1|6033|5|3|1|2|480000|3|23974|440308
1200000|1|6033|5|3|0|0|480000|4|31979|446469
1200000|1|6033|5|3|1|2|480000|4|31979|444127
1200000|1|6033|5|4|0|0|480000|0|1|492276
1200000|1|6033|5|4|1|2|480000|0|1|508986
1200000|1|6033|5|4|0|0|480000|1|8002|497480
1200000|1|6033|5|4|1|2|480000|1|8002|520802
1200000|1|6033|5|4|0|0|480000|2|16009|502746
1200000|1|6033|5|4|1|2|480000|2|16009|529928
1200000|1|6033|5|4|0|0|480000|3|24018|507309
1200000|1|6033|5|4|1|2|480000|3|24018|537145
1200000|1|6033|5|4|0|0|480000|4|32027|510116
1200000|1|6033|5|4|1|2|480000|4|32027|544594
1200000|1|6033|5|5|0|0|480000|0|0|489584
1200000|1|6033|5|5|1|2|480000|0|0|483479
1200000|1|6033|5|5|0|0|480000|1|7979|491864
1200000|1|6033|5|5|1|2|480000|1|7979|484924
1200000|1|6033|5|5|0|0|480000|2|15970|494088
1200000|1|6033|5|5|1|2|480000|2|15970|487923
1200000|1|6033|5|5|0|0|480000|3|23969|496700
1200000|1|6033|5|5|1|2|480000|3|23969|491904
1200000|1|6033|5|5|0|0|480000|4|31973|499508
1200000|1|6033|5|5|1|2|480000|4|31973|495648
1200000|1|6034|5|1|0|0|480000|0|0|448789
1200000|1|6034|5|1|1|2|480000|0|0|443544
1200000|1|6034|5|1|0|0|480000|1|7978|451072
1200000|1|6034|5|1|1|2|480000|1|7978|444440
1200000|1|6034|5|1|0|0|480000|2|15969|453450
1200000|1|6034|5|1|1|2|480000|2|15969|446039
1200000|1|6034|5|1|0|0|480000|3|23967|455633
1200000|1|6034|5|1|1|2|480000|3|23967|448887
1200000|1|6034|5|1|0|0|480000|4|31969|457973
1200000|1|6034|5|1|1|2|480000|4|31969|452125
1200000|1|6034|5|2|0|0|480000|0|0|449229
1200000|1|6034|5|2|1|2|480000|0|0|443347
1200000|1|6034|5|2|0|0|480000|1|7977|451353
1200000|1|6034|5|2|1|2|480000|1|7977|443701
1200000|1|6034|5|2|0|0|480000|2|15967|453654
1200000|1|6034|5|2|1|2|480000|2|15967|445261
1200000|1|6034|5|2|0|0|480000|3|23964|455487
1200000|1|6034|5|2|1|2|480000|3|23964|447211
1200000|1|6034|5|2|0|0|480000|4|31965|457203
1200000|1|6034|5|2|1|2|480000|4|31965|449628
1200000|1|6034|5|3|0|0|480000|0|0|450204
1200000|1|6034|5|3|1|2|480000|0|0|443116
1200000|1|6034|5|3|0|0|480000|1|7975|452211
1200000|1|6034|5|3|1|2|480000|1|7975|442686
1200000|1|6034|5|3|0|0|480000|2|15964|454707
1200000|1|6034|5|3|1|2|480000|2|15964|443973
1200000|1|6034|5|3|0|0|480000|3|23960|457086
1200000|1|6034|5|3|1|2|480000|3|23960|445883
1200000|1|6034|5|3|0|0|480000|4|31961|459660
1200000|1|6034|5|3|1|2|480000|4|31961|448145
1200000|1|6034|5|4|0|0|480000|0|0|447864
1200000|1|6034|5|4|1|2|480000|0|0|441954
1200000|1|6034|5|4|0|0|480000|1|7975|448818
1200000|1|6034|5|4|1|2|480000|1|7975|441564
1200000|1|6034|5|4|0|0|480000|2|15962|449676
1200000|1|6034|5|4|1|2|480000|2|15962|442607
1200000|1|6034|5|4|0|0|480000|3|23957|451119
1200000|1|6034|5|4|1|2|480000|3|23957|444245
1200000|1|6034|5|4|0|0|480000|4|31957|453147
1200000|1|6034|5|4|1|2|480000|4|31957|445338
1200000|1|6034|5|5|0|0|480000|0|0|439050
1200000|1|6034|5|5|1|2|480000|0|0|461922
1200000|1|6034|5|5|0|0|480000|1|7997|439536
1200000|1|6034|5|5|1|2|480000|1|7997|461142
1200000|1|6034|5|5|0|0|480000|2|15998|440238
1200000|1|6034|5|5|1|2|480000|2|15998|461376
1200000|1|6034|5|5|0|0|480000|3|24001|440823
1200000|1|6034|5|5|1|2|480000|3|24001|461805
1200000|1|6034|5|5|0|0|480000|4|32005|440979
1200000|1|6034|5|5|1|2|480000|4|32005|462390
1200000|1|6035|5|1|0|0|480000|0|0|485850
1200000|1|6035|5|1|1|2|480000|0|0|472218
1200000|1|6035|5|1|0|0|480000|1|7992|487896
1200000|1|6035|5|1|1|2|480000|1|7992|468513
1200000|1|6035|5|1|0|0|480000|2|15990|489339
1200000|1|6035|5|1|1|2|480000|2|15990|467148
1200000|1|6035|5|1|0|0|480000|3|23992|490782
1200000|1|6035|5|1|1|2|480000|3|23992|466719
1200000|1|6035|5|1|0|0|480000|4|31995|492966
1200000|1|6035|5|1|1|2|480000|4|31995|465705
1200000|1|6035|5|2|0|0|480000|0|0|448449
1200000|1|6035|5|2|1|2|480000|0|0|438210
1200000|1|6035|5|2|0|0|480000|1|7978|450651
1200000|1|6035|5|2|1|2|480000|1|7978|435753
1200000|1|6035|5|2|0|0|480000|2|15966|453147
1200000|1|6035|5|2|1|2|480000|2|15966|435558
1200000|1|6035|5|2|0|0|480000|3|23962|456033
1200000|1|6035|5|2|1|2|480000|3|23962|436182
1200000|1|6035|5|2|0|0|480000|4|31961|458958
1200000|1|6035|5|2|1|2|480000|4|31961|436650
1200000|1|6035|5|3|0|0|480000|0|0|451842
1200000|1|6035|5|3|1|2|480000|0|0|443592
1200000|1|6035|5|3|0|0|480000|1|7974|454083
1200000|1|6035|5|3|1|2|480000|1|7974|442071
1200000|1|6035|5|3|0|0|480000|2|15960|456540
1200000|1|6035|5|3|1|2|480000|2|15960|442929
1200000|1|6035|5|3|0|0|480000|3|23956|459777
1200000|1|6035|5|3|1|2|480000|3|23956|443514
1200000|1|6035|5|3|0|0|480000|4|31956|462975
1200000|1|6035|5|3|1|2|480000|4|31956|444762
1200000|1|6035|5|4|0|0|480000|0|0|457107
1200000|1|6035|5|4|1|2|480000|0|0|449364
1200000|1|6035|5|4|0|0|480000|1|7977|461103
1200000|1|6035|5|4|1|2|480000|1|7977|450768
1200000|1|6035|5|4|0|0|480000|2|15968|465744
1200000|1|6035|5|4|1|2|480000|2|15968|452601
1200000|1|6035|5|4|0|0|480000|3|23966|470619
1200000|1|6035|5|4|1|2|480000|3|23966|455175
1200000|1|6035|5|4|0|0|480000|4|31969|475767
1200000|1|6035|5|4|1|2|480000|4|31969|458022
1200000|1|6035|5|5|0|0|480000|0|0|465453
1200000|1|6035|5|5|1|2|480000|0|0|459075
1200000|1|6035|5|5|0|0|480000|1|7979|470775
1200000|1|6035|5|5|1|2|480000|1|7979|460284
1200000|1|6035|5|5|0|0|480000|2|15971|476742
1200000|1|6035|5|5|1|2|480000|2|15971|462897
1200000|1|6035|5|5|0|0|480000|3|23971|483333
1200000|1|6035|5|5|1|2|480000|3|23971|466524
1200000|1|6035|5|5|0|0|480000|4|31975|489690
1200000|1|6035|5|5|1|2|480000|4|31975|470463
1200000|1|6036|5|1|0|0|480000|0|0|496887
1200000|1|6036|5|1|1|2|480000|0|0|494955
1200000|1|6036|5|1|0|0|480000|1|7999|503262
1200000|1|6036|5|1|1|2|480000|1|7999|498816
1200000|1|6036|5|1|0|0|480000|2|16007|509268
1200000|1|6036|5|1|1|2|480000|2|16007|504042
1200000|1|6036|5|1|0|0|480000|3|24016|515274
1200000|1|6036|5|1|1|2|480000|3|24016|509697
1200000|1|6036|5|1|0|0|480000|4|32027|521748
1200000|1|6036|5|1|1|2|480000|4|32027|515703
1200000|1|6036|5|2|0|0|480000|0|1|458784
1200000|1|6036|5|2|1|2|480000|0|1|455955
1200000|1|6036|5|2|0|0|480000|1|7988|462507
1200000|1|6036|5|2|1|2|480000|1|7988|459387
1200000|1|6036|5|2|0|0|480000|2|15985|466953
1200000|1|6036|5|2|1|2|480000|2|15985|463248
1200000|1|6036|5|2|0|0|480000|3|23989|471516
1200000|1|6036|5|2|1|2|480000|3|23989|467421
1200000|1|6036|5|2|0|0|480000|4|31997|475806
1200000|1|6036|5|2|1|2|480000|4|31997|473076
1200000|1|6036|5|3|0|0|480000|0|0|457536
1200000|1|6036|5|3|1|2|480000|0|0|456618
1200000|1|6036|5|3|0|0|480000|1|7982|460401
1200000|1|6036|5|3|1|2|480000|1|7982|460752
1200000|1|6036|5|3|0|0|480000|2|15977|464262
1200000|1|6036|5|3|1|2|480000|2|15977|467109
1200000|1|6036|5|3|0|0|480000|3|23979|467460
1200000|1|6036|5|3|1|2|480000|3|23979|474168
1200000|1|6036|5|3|0|0|480000|4|31986|470346
1200000|1|6036|5|3|1|2|480000|4|31986|481734
1200000|1|6036|5|4|0|0|480000|0|0|489789
1200000|1|6036|5|4|1|2|480000|0|0|488520
1200000|1|6036|5|4|0|0|480000|1|8006|495696
1200000|1|6036|5|4|1|2|480000|1|8006|492420
1200000|1|6036|5|4|0|0|480000|2|16014|500952
1200000|1|6036|5|4|1|2|480000|2|16014|496820
1200000|1|6036|5|4|0|0|480000|3|24024|506178
1200000|1|6036|5|4|1|2|480000|3|24024|502354
1200000|1|6036|5|4|0|0|480000|4|32035|511946
1200000|1|6036|5|4|1|2|480000|4|32035|507775
1200000|1|6036|5|5|0|0|480000|0|0|491652
1200000|1|6036|5|5|1|2|480000|0|0|482280
1200000|1|6036|5|5|0|0|480000|1|7981|495528
1200000|1|6036|5|5|1|2|480000|1|7981|483099
1200000|1|6036|5|5|0|0|480000|2|15975|499198
1200000|1|6036|5|5|1|2|480000|2|15975|486219
1200000|1|6036|5|5|0|0|480000|3|23976|502590
1200000|1|6036|5|5|1|2|480000|3|23976|490704
1200000|1|6036|5|5|0|0|480000|4|31982|505360
1200000|1|6036|5|5|1|2|480000|4|31982|495618
1200000|1|6037|5|1|0|0|480000|0|0|452427
1200000|1|6037|5|1|1|2|480000|0|0|448896
1200000|1|6037|5|1|0|0|480000|1|7980|455370
1200000|1|6037|5|1|1|2|480000|1|7980|451002
1200000|1|6037|5|1|0|0|480000|2|15973|458685
1200000|1|6037|5|1|1|2|480000|2|15973|454629
1200000|1|6037|5|1|0|0|480000|3|23972|461961
1200000|1|6037|5|1|1|2|480000|3|23972|459348
1200000|1|6037|5|1|0|0|480000|4|31977|464925
1200000|1|6037|5|1|1|2|480000|4|31977|464184
1200000|1|6037|5|2|0|0|480000|0|0|481937
1200000|1|6037|5|2|1|2|480000|0|0|479230
1200000|1|6037|5|2|0|0|480000|1|7997|486483
1200000|1|6037|5|2|1|2|480000|1|7997|480711
1200000|1|6037|5|2|0|0|480000|2|16001|489913
1200000|1|6037|5|2|1|2|480000|2|16001|483713
1200000|1|6037|5|2|0|0|480000|3|24008|493893
1200000|1|6037|5|2|1|2|480000|3|24008|487069
1200000|1|6037|5|2|0|0|480000|4|32016|497247
1200000|1|6037|5|2|1|2|480000|4|32016|490148
1200000|1|6037|5|3|0|0|480000|0|0|451569
1200000|1|6037|5|3|1|2|480000|0|0|446361
1200000|1|6037|5|3|0|0|480000|1|7983|453459
1200000|1|6037|5|3|1|2|480000|1|7983|447141
1200000|1|6037|5|3|0|0|480000|2|15976|454941
1200000|1|6037|5|3|1|2|480000|2|15976|449520
1200000|1|6037|5|3|0|0|480000|3|23976|456997
1200000|1|6037|5|3|1|2|480000|3|23976|452757
1200000|1|6037|5|3|0|0|480000|4|31980|459569
1200000|1|6037|5|3|1|2|480000|4|31980|455565
1200000|1|6037|5|4|0|0|480000|0|0|494302
1200000|1|6037|5|4|1|2|480000|0|0|493266
1200000|1|6037|5|4|0|0|480000|1|7994|496584
1200000|1|6037|5|4|1|2|480000|1|7994|496076
1200000|1|6037|5|4|0|0|480000|2|15994|498418
1200000|1|6037|5|4|1|2|480000|2|15994|498611
1200000|1|6037|5|4|0|0|480000|3|23997|500445
1200000|1|6037|5|4|1|2|480000|3|23997|500717
1200000|1|6037|5|4|0|0|480000|4|32001|502940
1200000|1|6037|5|4|1|2|480000|4|32001|502665
1200000|1|6037|5|5|0|0|480000|0|0|488025
1200000|1|6037|5|5|1|2|480000|0|0|483207
1200000|1|6037|5|5|0|0|480000|1|8000|490461
1200000|1|6037|5|5|1|2|480000|1|8000|482934
1200000|1|6037|5|5|0|0|480000|2|16002|492450
1200000|1|6037|5|5|1|2|480000|2|16002|482816
1200000|1|6037|5|5|0|0|480000|3|24004|494556
1200000|1|6037|5|5|1|2|480000|3|24004|483828
1200000|1|6037|5|5|0|0|480000|4|32008|496779
1200000|1|6037|5|5|1|2|480000|4|32008|484923
1200000|1|6038|5|1|0|0|480000|0|0|450079
1200000|1|6038|5|1|1|2|480000|0|0|442024
1200000|1|6038|5|1|0|0|480000|1|7980|452748
1200000|1|6038|5|1|1|2|480000|1|7980|440472
1200000|1|6038|5|1|0|0|480000|2|15970|455595
1200000|1|6038|5|1|1|2|480000|2|15970|440394
1200000|1|6038|5|1|0|0|480000|3|23967|458754
1200000|1|6038|5|1|1|2|480000|3|23967|441408
1200000|1|6038|5|1|0|0|480000|4|31968|461990
1200000|1|6038|5|1|1|2|480000|4|31968|443116
1200000|1|6038|5|2|0|0|480000|0|0|495980
1200000|1|6038|5|2|1|2|480000|0|0|494671
1200000|1|6038|5|2|0|0|480000|1|7996|499625
1200000|1|6038|5|2|1|2|480000|1|7996|497949
1200000|1|6038|5|2|0|0|480000|2|15997|502669
1200000|1|6038|5|2|1|2|480000|2|15997|501381
1200000|1|6038|5|2|0|0|480000|3|24000|505436
1200000|1|6038|5|2|1|2|480000|3|24000|504500
1200000|1|6038|5|2|0|0|480000|4|32005|509063
1200000|1|6038|5|2|1|2|480000|4|32005|507152
1200000|1|6038|5|3|0|0|480000|0|0|477222
1200000|1|6038|5|3|1|2|480000|0|0|469634
1200000|1|6038|5|3|0|0|480000|1|7977|480320
1200000|1|6038|5|3|1|2|480000|1|7977|469788
1200000|1|6038|5|3|0|0|480000|2|15966|483364
1200000|1|6038|5|3|1|2|480000|2|15966|471195
1200000|1|6038|5|3|0|0|480000|3|23962|486485
1200000|1|6038|5|3|1|2|480000|3|23962|473262
1200000|1|6038|5|3|0|0|480000|4|31963|489056
1200000|1|6038|5|3|1|2|480000|4|31963|475291
1200000|1|6038|5|4|0|0|480000|0|0|477145
1200000|1|6038|5|4|1|2|480000|0|0|499781
1200000|1|6038|5|4|0|0|480000|1|8000|480010
1200000|1|6038|5|4|1|2|480000|1|8000|500485
1200000|1|6038|5|4|0|0|480000|2|16002|482232
1200000|1|6038|5|4|1|2|480000|2|16002|501886
1200000|1|6038|5|4|0|0|480000|3|24007|484143
1200000|1|6038|5|4|1|2|480000|3|24007|503370
1200000|1|6038|5|4|0|0|480000|4|32011|486522
1200000|1|6038|5|4|1|2|480000|4|32011|504268
1200000|1|6038|5|5|0|0|480000|0|0|477690
1200000|1|6038|5|5|1|2|480000|0|0|467218
1200000|1|6038|5|5|0|0|480000|1|7978|479971
1200000|1|6038|5|5|1|2|480000|1|7978|465345
1200000|1|6038|5|5|0|0|480000|2|15967|481998
1200000|1|6038|5|5|1|2|480000|2|15967|465578
1200000|1|6038|5|5|0|0|480000|3|23964|483753
1200000|1|6038|5|5|1|2|480000|3|23964|466671
1200000|1|6038|5|5|0|0|480000|4|31964|486209
1200000|1|6038|5|5|1|2|480000|4|31964|468658
1200000|1|6039|5|1|0|0|480000|0|1|449259
1200000|1|6039|5|1|1|2|480000|0|1|443386
1200000|1|6039|5|1|0|0|480000|1|7977|450368
1200000|1|6039|5|1|1|2|480000|1|7977|443503
1200000|1|6039|5|1|0|0|480000|2|15966|452203
1200000|1|6039|5|1|1|2|480000|2|15966|444833
1200000|1|6039|5|1|0|0|480000|3|23962|454308
1200000|1|6039|5|1|1|2|480000|3|23962|447757
1200000|1|6039|5|1|0|0|480000|4|31964|456842
1200000|1|6039|5|1|1|2|480000|4|31964|449978
1200000|1|6039|5|2|0|0|480000|0|0|446450
1200000|1|6039|5|2|1|2|480000|0|0|440971
1200000|1|6039|5|2|0|0|480000|1|7977|447483
1200000|1|6039|5|2|1|2|480000|1|7977|441125
1200000|1|6039|5|2|0|0|480000|2|15967|449432
1200000|1|6039|5|2|1|2|480000|2|15967|442843
1200000|1|6039|5|2|0|0|480000|3|23965|451305
1200000|1|6039|5|2|1|2|480000|3|23965|445844
1200000|1|6039|5|2|0|0|480000|4|31969|453371
1200000|1|6039|5|2|1|2|480000|4|31969|448809
1200000|1|6039|5|3|0|0|480000|0|0|448635
1200000|1|6039|5|3|1|2|480000|0|0|445457
1200000|1|6039|5|3|0|0|480000|1|7980|450447
1200000|1|6039|5|3|1|2|480000|1|7980|447329
1200000|1|6039|5|3|0|0|480000|2|15973|453060
1200000|1|6039|5|3|1|2|480000|2|15973|451345
1200000|1|6039|5|3|0|0|480000|3|23974|455982
1200000|1|6039|5|3|1|2|480000|3|23974|454894
1200000|1|6039|5|3|0|0|480000|4|31980|459105
1200000|1|6039|5|3|1|2|480000|4|31980|459064
1200000|1|6039|5|4|0|0|480000|0|0|457136
1200000|1|6039|5|4|1|2|480000|0|0|453295
1200000|1|6039|5|4|0|0|480000|1|7981|460976
1200000|1|6039|5|4|1|2|480000|1|7981|456956
1200000|1|6039|5|4|0|0|480000|2|15977|465343
1200000|1|6039|5|4|1|2|480000|2|15977|460626
1200000|1|6039|5|4|0|0|480000|3|23980|470064
1200000|1|6039|5|4|1|2|480000|3|23980|465579
1200000|1|6039|5|4|0|0|480000|4|31987|475328
1200000|1|6039|5|4|1|2|480000|4|31987|470688
1200000|1|6039|5|5|0|0|480000|0|0|487557
1200000|1|6039|5|5|1|2|480000|0|0|482855
1200000|1|6039|5|5|0|0|480000|1|7983|492763
1200000|1|6039|5|5|1|2|480000|1|7983|487768
1200000|1|6039|5|5|0|0|480000|2|15981|498027
1200000|1|6039|5|5|1|2|480000|2|15981|493148
1200000|1|6039|5|5|0|0|480000|3|23986|503408
1200000|1|6039|5|5|1|2|480000|3|23986|499510
1200000|1|6039|5|5|0|0|480000|4|31997|508906
1200000|1|6039|5|5|1|2|480000|4|31997|506527
1200000|1|6040|5|1|0|0|480000|0|0|460881
1200000|1|6040|5|1|1|2|480000|0|0|459690
1200000|1|6040|5|1|0|0|480000|1|7986|466476
1200000|1|6040|5|1|1|2|480000|1|7986|465773
1200000|1|6040|5|1|0|0|480000|2|15986|472791
1200000|1|6040|5|1|1|2|480000|2|15986|472131
1200000|1|6040|5|1|0|0|480000|3|23993|478956
1200000|1|6040|5|1|1|2|480000|3|23993|479657
1200000|1|6040|5|1|0|0|480000|4|32005|485234
1200000|1|6040|5|1|1|2|480000|4|32005|487652
1200000|1|6040|5|2|0|0|480000|0|0|492158
1200000|1|6040|5|2|1|2|480000|0|0|491553
1200000|1|6040|5|2|0|0|480000|1|7988|497597
1200000|1|6040|5|2|1|2|480000|1|7988|499237
1200000|1|6040|5|2|0|0|480000|2|15990|503329
1200000|1|6040|5|2|1|2|480000|2|15990|507270
1200000|1|6040|5|2|0|0|480000|3|23999|509649
1200000|1|6040|5|2|1|2|480000|3|23999|516084
1200000|1|6040|5|2|0|0|480000|4|32013|515733
1200000|1|6040|5|2|1|2|480000|4|32013|525599
1200000|1|6040|5|3|0|0|480000|0|0|501948
1200000|1|6040|5|3|1|2|480000|0|0|502941
1200000|1|6040|5|3|0|0|480000|1|7990|507427
1200000|1|6040|5|3|1|2|480000|1|7990|510817
1200000|1|6040|5|3|0|0|480000|2|15993|513197
1200000|1|6040|5|3|1|2|480000|2|15993|519516
1200000|1|6040|5|3|0|0|480000|3|24003|519205
1200000|1|6040|5|3|1|2|480000|3|24003|528523
1200000|1|6040|5|3|0|0|480000|4|32018|524974
1200000|1|6040|5|3|1|2|480000|4|32018|538236
1200000|1|6040|5|4|0|0|480000|0|0|504713
1200000|1|6040|5|4|1|2|480000|0|0|506096
1200000|1|6040|5|4|0|0|480000|1|7990|509685
1200000|1|6040|5|4|1|2|480000|1|7990|513745
1200000|1|6040|5|4|0|0|480000|2|15993|514992
1200000|1|6040|5|4|1|2|480000|2|15993|522559
1200000|1|6040|5|4|0|0|480000|3|24002|520608
1200000|1|6040|5|4|1|2|480000|3|24002|530826
1200000|1|6040|5|4|0|0|480000|4|32016|526377
1200000|1|6040|5|4|1|2|480000|4|32016|540149
1200000|1|6040|5|5|0|0|480000|0|0|502571
1200000|1|6040|5|5|1|2|480000|0|0|503526
1200000|1|6040|5|5|0|0|480000|1|7990|508243
1200000|1|6040|5|5|1|2|480000|1|7990|510741
1200000|1|6040|5|5|0|0|480000|2|15991|514249
1200000|1|6040|5|5|1|2|480000|2|15991|518888
1200000|1|6040|5|5|0|0|480000|3|23999|520215
1200000|1|6040|5|5|1|2|480000|3|23999|527159
1200000|1|6040|5|5|0|0|480000|4|32013|526185
1200000|1|6040|5|5|1|2|480000|4|32013|535933
1200000|1|6041|5|1|0|0|480000|0|0|465951
1200000|1|6041|5|1|1|2|480000|0|0|466943
1200000|1|6041|5|1|0|0|480000|1|7989|471469
1200000|1|6041|5|1|1|2|480000|1|7989|474392
1200000|1|6041|5|1|0|0|480000|2|15991|477591
1200000|1|6041|5|1|1|2|480000|2|15991|482504
1200000|1|6041|5|1|0|0|480000|3|24001|484065
1200000|1|6041|5|1|1|2|480000|3|24001|491474
1200000|1|6041|5|1|0|0|480000|4|32015|490540
1200000|1|6041|5|1|1|2|480000|4|32015|501030
1200000|1|6041|5|2|0|0|480000|0|0|465794
1200000|1|6041|5|2|1|2|480000|0|0|467802
1200000|1|6041|5|2|0|0|480000|1|7991|471700
1200000|1|6041|5|2|1|2|480000|1|7991|476693
1200000|1|6041|5|2|0|0|480000|2|15995|478372
1200000|1|6041|5|2|1|2|480000|2|15995|485430
1200000|1|6041|5|2|0|0|480000|3|24005|485352
1200000|1|6041|5|2|1|2|480000|3|24005|495998
1200000|1|6041|5|2|0|0|480000|4|32022|492566
1200000|1|6041|5|2|1|2|480000|4|32022|506529
1200000|1|6041|5|3|0|0|480000|0|0|507134
1200000|1|6041|5|3|1|2|480000|0|0|508090
1200000|1|6041|5|3|0|0|480000|1|7992|514640
1200000|1|6041|5|3|1|2|480000|1|7992|517525
1200000|1|6041|5|3|0|0|480000|2|15998|521973
1200000|1|6041|5|3|1|2|480000|2|15998|527433
1200000|1|6041|5|3|0|0|480000|3|24011|529695
1200000|1|6041|5|3|1|2|480000|3|24011|538898
1200000|1|6041|5|3|0|0|480000|4|32029|537302
1200000|1|6041|5|3|1|2|480000|4|32029|550795
1200000|1|6041|5|4|0|0|480000|0|0|496802
1200000|1|6041|5|4|1|2|480000|0|0|500600
1200000|1|6041|5|4|0|0|480000|1|7995|504110
1200000|1|6041|5|4|1|2|480000|1|7995|511560
1200000|1|6041|5|4|0|0|480000|2|16003|511717
1200000|1|6041|5|4|1|2|480000|2|16003|523103
1200000|1|6041|5|4|0|0|480000|3|24019|519984
1200000|1|6041|5|4|1|2|480000|3|24019|535388
1200000|1|6041|5|4|0|0|480000|4|32039|528563
1200000|1|6041|5|4|1|2|480000|4|32039|548414
1200000|1|6041|5|5|0|0|480000|0|0|469462
1200000|1|6041|5|5|1|2|480000|0|0|476462
1200000|1|6041|5|5|0|0|480000|1|7997|475563
1200000|1|6041|5|5|1|2|480000|1|7997|489290
1200000|1|6041|5|5|0|0|480000|2|16007|482661
1200000|1|6041|5|5|1|2|480000|2|16007|502278
1200000|1|6041|5|5|0|0|480000|3|24025|490185
1200000|1|6041|5|5|1|2|480000|3|24025|516435
1200000|1|6041|5|5|0|0|480000|4|32047|498065
1200000|1|6041|5|5|1|2|480000|4|32047|532191
1200000|1|6042|5|1|0|0|480000|0|0|466965
1200000|1|6042|5|1|1|2|480000|0|0|476925
1200000|1|6042|5|1|0|0|480000|1|7999|472560
1200000|1|6042|5|1|1|2|480000|1|7999|489292
1200000|1|6042|5|1|0|0|480000|2|16009|479268
1200000|1|6042|5|1|1|2|480000|2|16009|502704
1200000|1|6042|5|1|0|0|480000|3|24027|486405
1200000|1|6042|5|1|1|2|480000|3|24027|515965
1200000|1|6042|5|1|0|0|480000|4|32049|494087
1200000|1|6042|5|1|1|2|480000|4|32049|530552
1200000|1|6042|5|2|0|0|480000|0|0|497502
1200000|1|6042|5|2|1|2|480000|0|0|503096
1200000|1|6042|5|2|0|0|480000|1|7997|504735
1200000|1|6042|5|2|1|2|480000|1|7997|514756
1200000|1|6042|5|2|0|0|480000|2|16006|511794
1200000|1|6042|5|2|1|2|480000|2|16006|527394
1200000|1|6042|5|2|0|0|480000|3|24023|519516
1200000|1|6042|5|2|1|2|480000|3|24023|540146
1200000|1|6042|5|2|0|0|480000|4|32043|527079
1200000|1|6042|5|2|1|2|480000|4|32043|553446
1200000|1|6042|5|3|0|0|480000|0|0|497148
1200000|1|6042|5|3|1|2|480000|0|0|500873
1200000|1|6042|5|3|0|0|480000|1|7995|503838
1200000|1|6042|5|3|1|2|480000|1|7995|511873
1200000|1|6042|5|3|0|0|480000|2|16003|511169
1200000|1|6042|5|3|1|2|480000|2|16003|523612
1200000|1|6042|5|3|0|0|480000|3|24018|518814
1200000|1|6042|5|3|1|2|480000|3|24018|535742
1200000|1|6042|5|3|0|0|480000|4|32037|526223
1200000|1|6042|5|3|1|2|480000|4|32037|548453
1200000|1|6042|5|4|0|0|480000|0|0|473319
1200000|1|6042|5|4|1|2|480000|0|0|476812
1200000|1|6042|5|4|0|0|480000|1|7993|479541
1200000|1|6042|5|4|1|2|480000|1|7993|486092
1200000|1|6042|5|4|0|0|480000|2|15998|486483
1200000|1|6042|5|4|1|2|480000|2|15998|496700
1200000|1|6042|5|4|0|0|480000|3|24010|494127
1200000|1|6042|5|4|1|2|480000|3|24010|506840
1200000|1|6042|5|4|0|0|480000|4|32027|502277
1200000|1|6042|5|4|1|2|480000|4|32027|517565
1200000|1|6042|5|5|0|0|480000|0|1|474609
1200000|1|6042|5|5|1|2|480000|0|1|477358
1200000|1|6042|5|5|0|0|480000|1|7993|481217
1200000|1|6042|5|5|1|2|480000|1|7993|487301
1200000|1|6042|5|5|0|0|480000|2|15998|488550
1200000|1|6042|5|5|1|2|480000|2|15998|497170
1200000|1|6042|5|5|0|0|480000|3|24012|496274
1200000|1|6042|5|5|1|2|480000|3|24012|508401
1200000|1|6042|5|5|0|0|480000|4|32029|504228
1200000|1|6042|5|5|1|2|480000|4|32029|520101
1200000|1|6043|5|1|0|0|480000|0|0|510254
1200000|1|6043|5|1|1|2|480000|0|0|512493
1200000|1|6043|5|1|0|0|480000|1|7993|517526
1200000|1|6043|5|1|1|2|480000|1|7993|523221
1200000|1|6043|5|1|0|0|480000|2|16001|525249
1200000|1|6043|5|1|1|2|480000|2|16001|533945
1200000|1|6043|5|1|0|0|480000|3|24015|532890
1200000|1|6043|5|1|1|2|480000|3|24015|545880
1200000|1|6043|5|1|0|0|480000|4|32034|540419
1200000|1|6043|5|1|1|2|480000|4|32034|558437
1200000|1|6043|5|2|0|0|480000|0|0|473321
1200000|1|6043|5|2|1|2|480000|0|0|479541
1200000|1|6043|5|2|0|0|480000|1|7996|480671
1200000|1|6043|5|2|1|2|480000|1|7996|490384
1200000|1|6043|5|2|0|0|480000|2|16005|488702
1200000|1|6043|5|2|1|2|480000|2|16005|503291
1200000|1|6043|5|2|0|0|480000|3|24021|496973
1200000|1|6043|5|2|1|2|480000|3|24021|516941
1200000|1|6043|5|2|0|0|480000|4|32042|505359
1200000|1|6043|5|2|1|2|480000|4|32042|530709
1200000|1|6043|5|3|0|0|480000|0|0|500114
1200000|1|6043|5|3|1|2|480000|0|0|506218
1200000|1|6043|5|3|0|0|480000|1|7998|508205
1200000|1|6043|5|3|1|2|480000|1|7998|518582
1200000|1|6043|5|3|0|0|480000|2|16010|516630
1200000|1|6043|5|3|1|2|480000|2|16010|532387
1200000|1|6043|5|3|0|0|480000|3|24028|525757
1200000|1|6043|5|3|1|2|480000|3|24028|547011
1200000|1|6043|5|3|0|0|480000|4|32050|534649
1200000|1|6043|5|3|1|2|480000|4|32050|562063
1200000|1|6043|5|4|0|0|480000|0|0|509200
1200000|1|6043|5|4|1|2|480000|0|0|518735
1200000|1|6043|5|4|0|0|480000|1|8001|516046
1200000|1|6043|5|4|1|2|480000|1|8001|532581
1200000|1|6043|5|4|0|0|480000|2|16015|523025
1200000|1|6043|5|4|1|2|480000|2|16015|548103
1200000|1|6043|5|4|0|0|480000|3|24036|530164
1200000|1|6043|5|4|1|2|480000|3|24036|564716
1200000|1|6043|5|4|0|0|480000|4|32061|537066
1200000|1|6043|5|4|1|2|480000|4|32061|581681
1200000|1|6043|5|5|0|0|480000|0|0|499724
1200000|1|6043|5|5|1|2|480000|0|0|512458
1200000|1|6043|5|5|0|0|480000|1|8003|505087
1200000|1|6043|5|5|1|2|480000|1|8003|527393
1200000|1|6043|5|5|0|0|480000|2|16019|511249
1200000|1|6043|5|5|1|2|480000|2|16019|544278
1200000|1|6043|5|5|0|0|480000|3|24042|517020
1200000|1|6043|5|5|1|2|480000|3|24042|561597
1200000|1|6043|5|5|0|0|480000|4|32070|522518
1200000|1|6043|5|5|1|2|480000|4|32070|579498
1200000|1|6044|5|1|0|0|480000|0|0|508539
1200000|1|6044|5|1|1|2|480000|0|0|532660
1200000|1|6044|5|1|0|0|480000|1|8021|514563
1200000|1|6044|5|1|1|2|480000|1|8021|556527
1200000|1|6044|5|1|0|0|480000|2|16050|518813
1200000|1|6044|5|1|1|2|480000|2|16050|579888
1200000|1|6044|5|1|0|0|480000|3|24083|522908
1200000|1|6044|5|1|1|2|480000|3|24083|602625
1200000|1|6044|5|1|0|0|480000|4|32118|526028
1200000|1|6044|5|1|1|2|480000|4|32118|623607
1200000|1|6044|5|2|0|0|480000|0|0|490171
1200000|1|6044|5|2|1|2|480000|0|0|507115
1200000|1|6044|5|2|0|0|480000|1|8006|495688
1200000|1|6044|5|2|1|2|480000|1|8006|524895
1200000|1|6044|5|2|0|0|480000|2|16023|500991
1200000|1|6044|5|2|1|2|480000|2|16023|544359
1200000|1|6044|5|2|0|0|480000|3|24050|506022
1200000|1|6044|5|2|1|2|480000|3|24050|564873
1200000|1|6044|5|2|0|0|480000|4|32080|511093
1200000|1|6044|5|2|1|2|480000|4|32080|585581
1200000|1|6044|5|3|0|0|480000|0|0|458190
1200000|1|6044|5|3|1|2|480000|0|0|479581
1200000|1|6044|5|3|0|0|480000|1|8007|462887
1200000|1|6044|5|3|1|2|480000|1|8007|500288
1200000|1|6044|5|3|0|0|480000|2|16030|467646
1200000|1|6044|5|3|1|2|480000|2|16030|520957
1200000|1|6044|5|3|0|0|480000|3|24058|472635
1200000|1|6044|5|3|1|2|480000|3|24058|542642
1200000|1|6044|5|3|0|0|480000|4|32090|477122
1200000|1|6044|5|3|1|2|480000|4|32090|564523
1200000|1|6044|5|4|0|0|480000|0|0|493756
1200000|1|6044|5|4|1|2|480000|0|0|502550
1200000|1|6044|5|4|0|0|480000|1|8018|497365
1200000|1|6044|5|4|1|2|480000|1|8018|519476
1200000|1|6044|5|4|0|0|480000|2|16046|501186
1200000|1|6044|5|4|1|2|480000|2|16046|538938
1200000|1|6044|5|4|0|0|480000|3|24079|505007
1200000|1|6044|5|4|1|2|480000|3|24079|560621
1200000|1|6044|5|4|0|0|480000|4|32116|508910
1200000|1|6044|5|4|1|2|480000|4|32116|583359
1200000|1|6044|5|5|0|0|480000|0|0|454756
1200000|1|6044|5|5|1|2|480000|0|0|459651
1200000|1|6044|5|5|0|0|480000|1|8005|458129
1200000|1|6044|5|5|1|2|480000|1|8005|473495
1200000|1|6044|5|5|0|0|480000|2|16025|461327
1200000|1|6044|5|5|1|2|480000|2|16025|491201
1200000|1|6044|5|5|0|0|480000|3|24052|464134
1200000|1|6044|5|5|1|2|480000|3|24052|511206
1200000|1|6044|5|5|0|0|480000|4|32085|466125
1200000|1|6044|5|5|1|2|480000|4|32085|532853
1200000|1|6045|5|1|0|0|480000|0|0|483576
1200000|1|6045|5|1|1|2|480000|0|0|496701
1200000|1|6045|5|1|0|0|480000|1|8015|485354
1200000|1|6045|5|1|1|2|480000|1|8015|511908
1200000|1|6045|5|1|0|0|480000|2|16039|487652
1200000|1|6045|5|1|1|2|480000|2|16039|530864
1200000|1|6045|5|1|0|0|480000|3|24071|490266
1200000|1|6045|5|1|1|2|480000|3|24071|551652
1200000|1|6045|5|1|0|0|480000|4|32105|492449
1200000|1|6045|5|1|1|2|480000|4|32105|573687
1200000|1|6045|5|2|0|0|480000|0|0|450469
1200000|1|6045|5|2|1|2|480000|0|0|477982
1200000|1|6045|5|2|0|0|480000|1|8012|452004
1200000|1|6045|5|2|1|2|480000|1|8012|498572
1200000|1|6045|5|2|0|0|480000|2|16035|454348
1200000|1|6045|5|2|1|2|480000|2|16035|520452
1200000|1|6045|5|2|0|0|480000|3|24066|456843
1200000|1|6045|5|2|1|2|480000|3|24066|543264
1200000|1|6045|5|2|0|0|480000|4|32101|459572
1200000|1|6045|5|2|1|2|480000|4|32101|566200
1200000|1|6045|5|3|0|0|480000|0|0|479601
1200000|1|6045|5|3|1|2|480000|0|0|501811
1200000|1|6045|5|3|0|0|480000|1|8010|480867
1200000|1|6045|5|3|1|2|480000|1|8010|520999
1200000|1|6045|5|3|0|0|480000|2|16031|482233
1200000|1|6045|5|3|1|2|480000|2|16031|541004
1200000|1|6045|5|3|0|0|480000|3|24059|484103
1200000|1|6045|5|3|1|2|480000|3|24059|560973
1200000|1|6045|5|3|0|0|480000|4|32091|486367
1200000|1|6045|5|3|1|2|480000|4|32091|581526
1200000|1|6045|5|4|0|0|480000|0|0|448751
1200000|1|6045|5|4|1|2|480000|0|0|472325
1200000|1|6045|5|4|0|0|480000|1|8009|450054
1200000|1|6045|5|4|1|2|480000|1|8009|491043
1200000|1|6045|5|4|0|0|480000|2|16029|451850
1200000|1|6045|5|4|1|2|480000|2|16029|510547
1200000|1|6045|5|4|0|0|480000|3|24055|454073
1200000|1|6045|5|4|1|2|480000|3|24055|530084
1200000|1|6045|5|4|0|0|480000|4|32086|456180
1200000|1|6045|5|4|1|2|480000|4|32086|549703
1200000|1|6045|5|5|0|0|480000|0|0|486384
1200000|1|6045|5|5|1|2|480000|0|0|502005
1200000|1|6045|5|5|0|0|480000|1|8005|489683
1200000|1|6045|5|5|1|2|480000|1|8005|519166
1200000|1|6045|5|5|0|0|480000|2|16024|491668
1200000|1|6045|5|5|1|2|480000|2|16024|536870
1200000|1|6045|5|5|0|0|480000|3|24049|494167
1200000|1|6045|5|5|1|2|480000|3|24049|554772
1200000|1|6045|5|5|0|0|480000|4|32078|497286
1200000|1|6045|5|5|1|2|480000|4|32078|573141
1200000|1|6046|5|1|0|0|480000|0|0|491808
1200000|1|6046|5|1|1|2|480000|0|0|504110
1200000|1|6046|5|1|0|0|480000|1|8002|495766
1200000|1|6046|5|1|1|2|480000|1|8002|518814
1200000|1|6046|5|1|0|0|480000|2|16018|499782
1200000|1|6046|5|1|1|2|480000|2|16018|536053
1200000|1|6046|5|1|0|0|480000|3|24042|502902
1200000|1|6046|5|1|1|2|480000|3|24042|553484
1200000|1|6046|5|1|0|0|480000|4|32070|505203
1200000|1|6046|5|1|1|2|480000|4|32070|571266
1200000|1|6046|5|2|0|0|480000|0|0|490403
1200000|1|6046|5|2|1|2|480000|0|0|503136
1200000|1|6046|5|2|0|0|480000|1|8002|493501
1200000|1|6046|5|2|1|2|480000|1|8002|517643
1200000|1|6046|5|2|0|0|480000|2|16017|497559
1200000|1|6046|5|2|1|2|480000|2|16017|534567
1200000|1|6046|5|2|0|0|480000|3|24041|500406
1200000|1|6046|5|2|1|2|480000|3|24041|551573
1200000|1|6046|5|2|0|0|480000|4|32068|502591
1200000|1|6046|5|2|1|2|480000|4|32068|569356
1200000|1|6046|5|3|0|0|480000|0|0|451755
1200000|1|6046|5|3|1|2|480000|0|0|468462
1200000|1|6046|5|3|0|0|480000|1|8003|453565
1200000|1|6046|5|3|1|2|480000|1|8003|484063
1200000|1|6046|5|3|0|0|480000|2|16019|454816
1200000|1|6046|5|3|1|2|480000|2|16019|500561
1200000|1|6046|5|3|0|0|480000|3|24042|456064
1200000|1|6046|5|3|1|2|480000|3|24042|517449
1200000|1|6046|5|3|0|0|480000|4|32069|458402
1200000|1|6046|5|3|1|2|480000|4|32069|534650
1200000|1|6046|5|4|0|0|480000|0|1|484866
1200000|1|6046|5|4|1|2|480000|0|1|497169
1200000|1|6046|5|4|0|0|480000|1|8002|488356
1200000|1|6046|5|4|1|2|480000|1|8002|511559
1200000|1|6046|5|4|0|0|480000|2|16017|492956
1200000|1|6046|5|4|1|2|480000|2|16017|528604
1200000|1|6046|5|4|0|0|480000|3|24041|495882
1200000|1|6046|5|4|1|2|480000|3|24041|545570
1200000|1|6046|5|4|0|0|480000|4|32068|498339
1200000|1|6046|5|4|1|2|480000|4|32068|563077
1200000|1|6046|5|5|0|0|480000|0|0|492510
1200000|1|6046|5|5|1|2|480000|0|0|504890
1200000|1|6046|5|5|0|0|480000|1|8003|496853
1200000|1|6046|5|5|1|2|480000|1|8003|519438
1200000|1|6046|5|5|0|0|480000|2|16018|501030
1200000|1|6046|5|5|1|2|480000|2|16018|536322
1200000|1|6046|5|5|0|0|480000|3|24042|504657
1200000|1|6046|5|5|1|2|480000|3|24042|553525
1200000|1|6046|5|5|0|0|480000|4|32069|507191
1200000|1|6046|5|5|1|2|480000|4|32069|571076
1200000|1|6047|5|1|0|0|480000|0|0|490363
1200000|1|6047|5|1|1|2|480000|0|0|504072
1200000|1|6047|5|1|0|0|480000|1|8003|494049
1200000|1|6047|5|1|1|2|480000|1|8003|518542
1200000|1|6047|5|1|0|0|480000|2|16018|498378
1200000|1|6047|5|1|1|2|480000|2|16018|534883
1200000|1|6047|5|1|0|0|480000|3|24042|502045
1200000|1|6047|5|1|1|2|480000|3|24042|551729
1200000|1|6047|5|1|0|0|480000|4|32068|505436
1200000|1|6047|5|1|1|2|480000|4|32068|569396
1200000|1|6047|5|2|0|0|480000|0|0|453666
1200000|1|6047|5|2|1|2|480000|0|0|472638
1200000|1|6047|5|2|0|0|480000|1|8004|456141
1200000|1|6047|5|2|1|2|480000|1|8004|488977
1200000|1|6047|5|2|0|0|480000|2|16022|458560
1200000|1|6047|5|2|1|2|480000|2|16022|506490
1200000|1|6047|5|2|0|0|480000|3|24047|461599
1200000|1|6047|5|2|1|2|480000|3|24047|525054
1200000|1|6047|5|2|0|0|480000|4|32076|464526
1200000|1|6047|5|2|1|2|480000|4|32076|543929
1200000|1|6047|5|3|0|0|480000|0|0|485022
1200000|1|6047|5|3|1|2|480000|0|0|499587
1200000|1|6047|5|3|0|0|480000|1|8003|487966
1200000|1|6047|5|3|1|2|480000|1|8003|515148
1200000|1|6047|5|3|0|0|480000|2|16018|490928
1200000|1|6047|5|3|1|2|480000|2|16018|532310
1200000|1|6047|5|3|0|0|480000|3|24042|493815
1200000|1|6047|5|3|1|2|480000|3|24042|549311
1200000|1|6047|5|3|0|0|480000|4|32070|496505
1200000|1|6047|5|3|1|2|480000|4|32070|567175
1200000|1|6047|5|4|0|0|480000|0|0|493092
1200000|1|6047|5|4|1|2|480000|0|0|507582
1200000|1|6047|5|4|0|0|480000|1|8003|495961
1200000|1|6047|5|4|1|2|480000|1|8003|522829
1200000|1|6047|5|4|0|0|480000|2|16018|498687
1200000|1|6047|5|4|1|2|480000|2|16018|539290
1200000|1|6047|5|4|0|0|480000|3|24041|501614
1200000|1|6047|5|4|1|2|480000|3|24041|555824
1200000|1|6047|5|4|0|0|480000|4|32067|504851
1200000|1|6047|5|4|1|2|480000|4|32067|572399
1200000|1|6047|5|5|0|0|480000|0|0|440718
1200000|1|6047|5|5|1|2|480000|0|0|455010
1200000|1|6047|5|5|0|0|480000|1|8000|443270
1200000|1|6047|5|5|1|2|480000|1|8000|468932
1200000|1|6047|5|5|0|0|480000|2|16013|445027
1200000|1|6047|5|5|1|2|480000|2|16013|483597
1200000|1|6047|5|5|0|0|480000|3|24034|447756
1200000|1|6047|5|5|1|2|480000|3|24034|498651
1200000|1|6047|5|5|0|0|480000|4|32058|450991
1200000|1|6047|5|5|1|2|480000|4|32058|513627
1200000|1|6048|5|1|0|0|480000|0|0|440133
1200000|1|6048|5|1|1|2|480000|0|0|451964
1200000|1|6048|5|1|0|0|480000|1|7998|441438
1200000|1|6048|5|1|1|2|480000|1|7998|463473
1200000|1|6048|5|1|0|0|480000|2|16009|444636
1200000|1|6048|5|1|1|2|480000|2|16009|476967
1200000|1|6048|5|1|0|0|480000|3|24028|447715
1200000|1|6048|5|1|1|2|480000|3|24028|489717
1200000|1|6048|5|1|0|0|480000|4|32050|450876
1200000|1|6048|5|1|1|2|480000|4|32050|502786
1200000|1|6048|5|2|0|0|480000|0|1|495318
1200000|1|6048|5|2|1|2|480000|0|1|499002
1200000|1|6048|5|2|0|0|480000|1|7996|498612
1200000|1|6048|5|2|1|2|480000|1|7996|508127
1200000|1|6048|5|2|0|0|480000|2|16003|501849
1200000|1|6048|5|2|1|2|480000|2|16003|518815
1200000|1|6048|5|2|0|0|480000|3|24019|505281
1200000|1|6048|5|2|1|2|480000|3|24019|529772
1200000|1|6048|5|2|0|0|480000|4|32038|509062
1200000|1|6048|5|2|1|2|480000|4|32038|541552
1200000|1|6048|5|3|0|0|480000|0|0|448752
1200000|1|6048|5|3|1|2|480000|0|0|469286
1200000|1|6048|5|3|0|0|480000|1|8011|452592
1200000|1|6048|5|3|1|2|480000|1|8011|484922
1200000|1|6048|5|3|0|0|480000|2|16029|456878
1200000|1|6048|5|3|1|2|480000|2|16029|498963
1200000|1|6048|5|3|0|0|480000|3|24051|461093
1200000|1|6048|5|3|1|2|480000|3|24051|512299
1200000|1|6048|5|3|0|0|480000|4|32075|464683
1200000|1|6048|5|3|1|2|480000|4|32075|524860
1200000|1|6048|5|4|0|0|480000|0|0|489427
1200000|1|6048|5|4|1|2|480000|0|0|486442
1200000|1|6048|5|4|0|0|480000|1|8005|492333
1200000|1|6048|5|4|1|2|480000|1|8005|491396
1200000|1|6048|5|4|0|0|480000|2|16021|495180
1200000|1|6048|5|4|1|2|480000|2|16021|498964
1200000|1|6048|5|4|0|0|480000|3|24041|497988
1200000|1|6048|5|4|1|2|480000|3|24041|507933
1200000|1|6048|5|4|0|0|480000|4|32064|500601
1200000|1|6048|5|4|1|2|480000|4|32064|518424
1200000|1|6048|5|5|0|0|480000|0|0|484396
1200000|1|6048|5|5|1|2|480000|0|0|488511
1200000|1|6048|5|5|0|0|480000|1|8000|486560
1200000|1|6048|5|5|1|2|480000|1|8000|496116
1200000|1|6048|5|5|0|0|480000|2|16011|489097
1200000|1|6048|5|5|1|2|480000|2|16011|506217
1200000|1|6048|5|5|0|0|480000|3|24029|490850
1200000|1|6048|5|5|1|2|480000|3|24029|517447
1200000|1|6048|5|5|0|0|480000|4|32052|492255
1200000|1|6048|5|5|1|2|480000|4|32052|529694
1200000|1|6049|5|1|0|0|480000|0|0|429836
1200000|1|6049|5|1|1|2|480000|0|0|436952
1200000|1|6049|5|1|0|0|480000|1|8001|431141
1200000|1|6049|5|1|1|2|480000|1|8001|446041
1200000|1|6049|5|1|0|0|480000|2|16014|432078
1200000|1|6049|5|1|1|2|480000|2|16014|456062
1200000|1|6049|5|1|0|0|480000|3|24032|433404
1200000|1|6049|5|1|1|2|480000|3|24032|466707
1200000|1|6049|5|1|0|0|480000|4|32054|434574
1200000|1|6049|5|1|1|2|480000|4|32054|477823
1200000|1|6049|5|2|0|0|480000|0|1|430541
1200000|1|6049|5|2|1|2|480000|0|1|1072135
1200000|1|6049|5|2|0|0|480000|1|8001|431414
1200000|1|6049|5|2|1|2|480000|1|8001|1084654
1200000|1|6049|5|2|0|0|480000|2|16014|431607
1200000|1|6049|5|2|1|2|480000|2|16014|1096668
1200000|1|6049|5|2|0|0|480000|3|24032|431764
1200000|1|6049|5|2|1|2|480000|3|24032|1108403
1200000|1|6049|5|2|0|0|480000|4|32054|433012
1200000|1|6049|5|2|1|2|480000|4|32054|1120183
1200000|1|6049|5|3|0|0|480000|0|0|428666
1200000|1|6049|5|3|1|2|480000|0|0|433050
1200000|1|6049|5|3|0|0|480000|1|8001|429778
1200000|1|6049|5|3|1|2|480000|1|8001|439527
1200000|1|6049|5|3|0|0|480000|2|16013|430944
1200000|1|6049|5|3|1|2|480000|2|16013|447755
1200000|1|6049|5|3|0|0|480000|3|24030|431804
1200000|1|6049|5|3|1|2|480000|3|24030|457582
1200000|1|6049|5|3|0|0|480000|4|32052|431844
1200000|1|6049|5|3|1|2|480000|4|32052|468309
1200000|1|6049|5|4|0|0|480000|0|0|446372
1200000|1|6049|5|4|1|2|480000|0|0|450135
1200000|1|6049|5|4|0|0|480000|1|8001|448457
1200000|1|6049|5|4|1|2|480000|1|8001|458129
1200000|1|6049|5|4|0|0|480000|2|16014|449628
1200000|1|6049|5|4|1|2|480000|2|16014|468386
1200000|1|6049|5|4|0|0|480000|3|24033|450720
1200000|1|6049|5|4|1|2|480000|3|24033|479734
1200000|1|6049|5|4|0|0|480000|4|32055|451734
1200000|1|6049|5|4|1|2|480000|4|32055|491200
1200000|1|6049|5|5|0|0|480000|0|0|479756
1200000|1|6049|5|5|1|2|480000|0|0|483792
1200000|1|6049|5|5|0|0|480000|1|7999|481412
1200000|1|6049|5|5|1|2|480000|1|7999|491438
1200000|1|6049|5|5|0|0|480000|2|16010|483165
1200000|1|6049|5|5|1|2|480000|2|16010|501106
1200000|1|6049|5|5|0|0|480000|3|24027|483831
1200000|1|6049|5|5|1|2|480000|3|24027|511636
1200000|1|6049|5|5|0|0|480000|4|32048|485080
1200000|1|6049|5|5|1|2|480000|4|32048|523063
1200000|1|6050|5|1|0|0|480000|0|0|476950
1200000|1|6050|5|1|1|2|480000|0|0|480790
1200000|1|6050|5|1|0|0|480000|1|8001|478841
1200000|1|6050|5|1|1|2|480000|1|8001|488666
1200000|1|6050|5|1|0|0|480000|2|16012|481998
1200000|1|6050|5|1|1|2|480000|2|16012|498998
1200000|1|6050|5|1|0|0|480000|3|24030|483870
1200000|1|6050|5|1|1|2|480000|3|24030|509297
1200000|1|6050|5|1|0|0|480000|4|32051|484846
1200000|1|6050|5|1|1|2|480000|4|32051|520528
1200000|1|6050|5|2|0|0|480000|0|0|479132
1200000|1|6050|5|2|1|2|480000|0|0|483402
1200000|1|6050|5|2|0|0|480000|1|8001|482388
1200000|1|6050|5|2|1|2|480000|1|8001|491399
1200000|1|6050|5|2|0|0|480000|2|16013|485353
1200000|1|6050|5|2|1|2|480000|2|16013|502118
1200000|1|6050|5|2|0|0|480000|3|24032|488043
1200000|1|6050|5|2|1|2|480000|3|24032|512926
1200000|1|6050|5|2|0|0|480000|4|32054|489914
1200000|1|6050|5|2|1|2|480000|4|32054|524157
1200000|1|6050|5|3|0|0|480000|0|0|487947
1200000|1|6050|5|3|1|2|480000|0|0|488978
1200000|1|6050|5|3|0|0|480000|1|7996|490460
1200000|1|6050|5|3|1|2|480000|1|7996|495649
1200000|1|6050|5|3|0|0|480000|2|16005|493540
1200000|1|6050|5|3|1|2|480000|2|16005|504148
1200000|1|6050|5|3|0|0|480000|3|24020|496387
1200000|1|6050|5|3|1|2|480000|3|24020|514835
1200000|1|6050|5|3|0|0|480000|4|32042|498223
1200000|1|6050|5|3|1|2|480000|4|32042|525405
1200000|1|6050|5|4|0|0|480000|0|0|446997
1200000|1|6050|5|4|1|2|480000|0|0|1084187
1200000|1|6050|5|4|0|0|480000|1|8000|448341
1200000|1|6050|5|4|1|2|480000|1|8000|1095965
1200000|1|6050|5|4|0|0|480000|2|16011|448848
1200000|1|6050|5|4|1|2|480000|2|16011|1108637
1200000|1|6050|5|4|0|0|480000|3|24029|449083
1200000|1|6050|5|4|1|2|480000|3|24029|1120925
1200000|1|6050|5|4|0|0|480000|4|32050|450369
1200000|1|6050|5|4|1|2|480000|4|32050|1133015
1200000|1|6050|5|5|0|0|480000|0|0|476638
1200000|1|6050|5|5|1|2|480000|0|0|454933
1200000|1|6050|5|5|0|0|480000|1|7997|478368
1200000|1|6050|5|5|1|2|480000|1|7997|454269
1200000|1|6050|5|5|0|0|480000|2|16006|480321
1200000|1|6050|5|5|1|2|480000|2|16006|458677
1200000|1|6050|5|5|0|0|480000|3|24021|481959
1200000|1|6050|5|5|1|2|480000|3|24021|466395
1200000|1|6050|5|5|0|0|480000|4|32042|482895
1200000|1|6050|5|5|1|2|480000|4|32042|475443
