---- START ----

1200000|1|5951|10|1|0|0|780000|0|0|765783
1200000|1|5951|10|1|1|2|780000|0|0|733393
1200000|1|5951|10|1|0|0|780000|1|7991|762989
1200000|1|5951|10|1|1|2|780000|1|7991|732379
1200000|1|5951|10|1|0|0|780000|2|15989|762057
1200000|1|5951|10|1|1|2|780000|2|15989|732648
1200000|1|5951|10|1|0|0|780000|3|23990|760849
1200000|1|5951|10|1|1|2|780000|3|23990|732414
1200000|1|5951|10|1|0|0|780000|4|31992|759639
1200000|1|5951|10|1|1|2|780000|4|31992|732808
1200000|1|5951|10|2|0|0|780000|0|0|743745
1200000|1|5951|10|2|1|2|780000|0|0|710693
1200000|1|5951|10|2|0|0|780000|1|7992|742671
1200000|1|5951|10|2|1|2|780000|1|7992|709290
1200000|1|5951|10|2|0|0|780000|2|15991|741854
1200000|1|5951|10|2|1|2|780000|2|15991|709680
1200000|1|5951|10|2|0|0|780000|3|23993|741700
1200000|1|5951|10|2|1|2|780000|3|23993|710458
1200000|1|5951|10|2|0|0|780000|4|31996|742283
1200000|1|5951|10|2|1|2|780000|4|31996|712097
1200000|1|5951|10|3|0|0|780000|0|0|752288
1200000|1|5951|10|3|1|2|780000|0|0|718066
1200000|1|5951|10|3|0|0|780000|1|7993|751877
1200000|1|5951|10|3|1|2|780000|1|7993|718181
1200000|1|5951|10|3|0|0|780000|2|15992|752931
1200000|1|5951|10|3|1|2|780000|2|15992|719469
1200000|1|5951|10|3|0|0|780000|3|23995|754727
1200000|1|5951|10|3|1|2|780000|3|23995|721575
1200000|1|5951|10|3|0|0|780000|4|31999|757104
1200000|1|5951|10|3|1|2|780000|4|31999|724266
1200000|1|5951|10|4|0|0|780000|0|0|735244
1200000|1|5951|10|4|1|2|780000|0|0|717832
1200000|1|5951|10|4|0|0|780000|1|7975|737407
1200000|1|5951|10|4|1|2|780000|1|7975|716155
1200000|1|5951|10|4|0|0|780000|2|15964|740491
1200000|1|5951|10|4|1|2|780000|2|15964|716506
1200000|1|5951|10|4|0|0|780000|3|23959|743923
1200000|1|5951|10|4|1|2|780000|3|23959|717439
1200000|1|5951|10|4|0|0|780000|4|31958|747821
1200000|1|5951|10|4|1|2|780000|4|31958|719118
1200000|1|5951|10|5|0|0|780000|0|0|788169
1200000|1|5951|10|5|1|2|780000|0|0|746147
1200000|1|5951|10|5|0|0|780000|1|7998|792010
1200000|1|5951|10|5|1|2|780000|1|7998|755113
1200000|1|5951|10|5|0|0|780000|2|16000|795713
1200000|1|5951|10|5|1|2|780000|2|16000|761393
1200000|1|5951|10|5|0|0|780000|3|24004|799768
1200000|1|5951|10|5|1|2|780000|3|24004|765565
1200000|1|5951|10|5|0|0|780000|4|32008|803971
1200000|1|5951|10|5|1|2|780000|4|32008|769232
1200000|1|5952|10|1|0|0|780000|0|0|792655
1200000|1|5952|10|1|1|2|780000|0|0|790528
1200000|1|5952|10|1|0|0|780000|1|8001|795790
1200000|1|5952|10|1|1|2|780000|1|8001|793178
1200000|1|5952|10|1|0|0|780000|2|16003|798951
1200000|1|5952|10|1|1|2|780000|2|16003|795399
1200000|1|5952|10|1|0|0|780000|3|24006|802959
1200000|1|5952|10|1|1|2|780000|3|24006|796880
1200000|1|5952|10|1|0|0|780000|4|32009|806897
1200000|1|5952|10|1|1|2|780000|4|32009|798835
1200000|1|5952|10|2|0|0|780000|0|0|766210
1200000|1|5952|10|2|1|2|780000|0|0|727307
1200000|1|5952|10|2|0|0|780000|1|7992|770053
1200000|1|5952|10|2|1|2|780000|1|7992|726606
1200000|1|5952|10|2|0|0|780000|2|15992|774615
1200000|1|5952|10|2|1|2|780000|2|15992|727231
1200000|1|5952|10|2|0|0|780000|3|23994|778787
1200000|1|5952|10|2|1|2|780000|3|23994|728517
1200000|1|5952|10|2|0|0|780000|4|31997|783858
1200000|1|5952|10|2|1|2|780000|4|31997|730427
1200000|1|5952|10|3|0|0|780000|0|0|744019
1200000|1|5952|10|3|1|2|780000|0|0|710928
1200000|1|5952|10|3|0|0|780000|1|7993|746025
1200000|1|5952|10|3|1|2|780000|1|7993|709563
1200000|1|5952|10|3|0|0|780000|2|15993|750200
1200000|1|5952|10|3|1|2|780000|2|15993|709681
1200000|1|5952|10|3|0|0|780000|3|23995|755270
1200000|1|5952|10|3|1|2|780000|3|23995|711239
1200000|1|5952|10|3|0|0|780000|4|31998|761003
1200000|1|5952|10|3|1|2|780000|4|31998|713813
1200000|1|5952|10|4|0|0|780000|0|0|801069
1200000|1|5952|10|4|1|2|780000|0|0|816930
1200000|1|5952|10|4|0|0|780000|1|8001|806547
1200000|1|5952|10|4|1|2|780000|1|8001|825938
1200000|1|5952|10|4|0|0|780000|2|16002|811733
1200000|1|5952|10|4|1|2|780000|2|16002|832362
1200000|1|5952|10|4|0|0|780000|3|24005|817271
1200000|1|5952|10|4|1|2|780000|3|24005|836108
1200000|1|5952|10|4|0|0|780000|4|32007|822420
1200000|1|5952|10|4|1|2|780000|4|32007|838683
1200000|1|5952|10|5|0|0|780000|0|0|750768
1200000|1|5952|10|5|1|2|780000|0|0|728360
1200000|1|5952|10|5|0|0|780000|1|7974|755738
1200000|1|5952|10|5|1|2|780000|1|7974|725708
1200000|1|5952|10|5|0|0|780000|2|15962|761121
1200000|1|5952|10|5|1|2|780000|2|15962|724146
1200000|1|5952|10|5|0|0|780000|3|23957|767750
1200000|1|5952|10|5|1|2|780000|3|23957|724501
1200000|1|5952|10|5|0|0|780000|4|31956|774809
1200000|1|5952|10|5|1|2|780000|4|31956|725826
1200000|1|5953|10|1|0|0|780000|0|0|808361
1200000|1|5953|10|1|1|2|780000|0|0|804947
1200000|1|5953|10|1|0|0|780000|1|7998|815165
1200000|1|5953|10|1|1|2|780000|1|7998|808302
1200000|1|5953|10|1|0|0|780000|2|15999|821403
1200000|1|5953|10|1|1|2|780000|2|15999|811537
1200000|1|5953|10|1|0|0|780000|3|24002|827720
1200000|1|5953|10|1|1|2|780000|3|24002|814892
1200000|1|5953|10|1|0|0|780000|4|32007|833999
1200000|1|5953|10|1|1|2|780000|4|32007|818167
1200000|1|5953|10|2|0|0|780000|0|0|806997
1200000|1|5953|10|2|1|2|780000|0|0|826510
1200000|1|5953|10|2|0|0|780000|1|8004|814423
1200000|1|5953|10|2|1|2|780000|1|8004|838522
1200000|1|5953|10|2|0|0|780000|2|16009|821094
1200000|1|5953|10|2|1|2|780000|2|16009|846989
1200000|1|5953|10|2|0|0|780000|3|24015|827177
1200000|1|5953|10|2|1|2|780000|3|24015|853775
1200000|1|5953|10|2|0|0|780000|4|32021|832911
1200000|1|5953|10|2|1|2|780000|4|32021|858727
1200000|1|5953|10|3|0|0|780000|0|0|795540
1200000|1|5953|10|3|1|2|780000|0|0|789043
1200000|1|5953|10|3|0|0|780000|1|8001|800823
1200000|1|5953|10|3|1|2|780000|1|8001|790292
1200000|1|5953|10|3|0|0|780000|2|16003|805885
1200000|1|5953|10|3|1|2|780000|2|16003|791971
1200000|1|5953|10|3|0|0|780000|3|24007|810564
1200000|1|5953|10|3|1|2|780000|3|24007|793958
1200000|1|5953|10|3|0|0|780000|4|32012|815632
1200000|1|5953|10|3|1|2|780000|4|32012|795937
1200000|1|5953|10|4|0|0|780000|0|0|804380
1200000|1|5953|10|4|1|2|780000|0|0|800782
1200000|1|5953|10|4|0|0|780000|1|7994|809237
1200000|1|5953|10|4|1|2|780000|1|7994|803279
1200000|1|5953|10|4|0|0|780000|2|15994|813290
1200000|1|5953|10|4|1|2|780000|2|15994|806009
1200000|1|5953|10|4|0|0|780000|3|23996|816726
1200000|1|5953|10|4|1|2|780000|3|23996|808116
1200000|1|5953|10|4|0|0|780000|4|31999|820040
1200000|1|5953|10|4|1|2|780000|4|31999|809753
1200000|1|5953|10|5|0|0|780000|0|0|787700
1200000|1|5953|10|5|1|2|780000|0|0|785768
1200000|1|5953|10|5|0|0|780000|1|8000|791226
1200000|1|5953|10|5|1|2|780000|1|8000|787134
1200000|1|5953|10|5|0|0|780000|2|16002|794273
1200000|1|5953|10|5|1|2|780000|2|16002|786666
1200000|1|5953|10|5|0|0|780000|3|24006|796922
1200000|1|5953|10|5|1|2|780000|3|24006|786624
1200000|1|5953|10|5|0|0|780000|4|32010|799328
1200000|1|5953|10|5|1|2|780000|4|32010|786902
1200000|1|5954|10|1|0|0|780000|0|0|784230
1200000|1|5954|10|1|1|2|780000|0|0|768298
1200000|1|5954|10|1|0|0|780000|1|7993|786198
1200000|1|5954|10|1|1|2|780000|1|7993|764826
1200000|1|5954|10|1|0|0|780000|2|15991|788654
1200000|1|5954|10|1|1|2|780000|2|15991|762992
1200000|1|5954|10|1|0|0|780000|3|23993|790607
1200000|1|5954|10|1|1|2|780000|3|23993|760810
1200000|1|5954|10|1|0|0|780000|4|31993|792776
1200000|1|5954|10|1|1|2|780000|4|31993|759444
1200000|1|5954|10|2|0|0|780000|0|0|730331
1200000|1|5954|10|2|1|2|780000|0|0|724501
1200000|1|5954|10|2|0|0|780000|1|7982|732028
1200000|1|5954|10|2|1|2|780000|1|7982|722977
1200000|1|5954|10|2|0|0|780000|2|15974|733626
1200000|1|5954|10|2|1|2|780000|2|15974|723486
1200000|1|5954|10|2|0|0|780000|3|23972|736667
1200000|1|5954|10|2|1|2|780000|3|23972|724501
1200000|1|5954|10|2|0|0|780000|4|31974|739983
1200000|1|5954|10|2|1|2|780000|4|31974|725745
1200000|1|5954|10|3|0|0|780000|0|0|792176
1200000|1|5954|10|3|1|2|780000|0|0|780883
1200000|1|5954|10|3|0|0|780000|1|7994|793246
1200000|1|5954|10|3|1|2|780000|1|7994|779125
1200000|1|5954|10|3|0|0|780000|2|15993|794922
1200000|1|5954|10|3|1|2|780000|2|15993|779204
1200000|1|5954|10|3|0|0|780000|3|23996|796328
1200000|1|5954|10|3|1|2|780000|3|23996|780178
1200000|1|5954|10|3|0|0|780000|4|32000|798237
1200000|1|5954|10|3|1|2|780000|4|32000|780999
1200000|1|5954|10|4|0|0|780000|0|0|751228
1200000|1|5954|10|4|1|2|780000|0|0|746805
1200000|1|5954|10|4|0|0|780000|1|7994|753895
1200000|1|5954|10|4|1|2|780000|1|7994|749381
1200000|1|5954|10|4|0|0|780000|2|15992|756353
1200000|1|5954|10|4|1|2|780000|2|15992|751801
1200000|1|5954|10|4|0|0|780000|3|23994|758576
1200000|1|5954|10|4|1|2|780000|3|23994|753631
1200000|1|5954|10|4|0|0|780000|4|31995|761500
1200000|1|5954|10|4|1|2|780000|4|31995|755922
1200000|1|5954|10|5|0|0|780000|0|0|784295
1200000|1|5954|10|5|1|2|780000|0|0|779987
1200000|1|5954|10|5|0|0|780000|1|7999|787630
1200000|1|5954|10|5|1|2|780000|1|7999|779519
1200000|1|5954|10|5|0|0|780000|2|16001|790440
1200000|1|5954|10|5|1|2|780000|2|16001|780103
1200000|1|5954|10|5|0|0|780000|3|24004|793714
1200000|1|5954|10|5|1|2|780000|3|24004|781197
1200000|1|5954|10|5|0|0|780000|4|32007|796835
1200000|1|5954|10|5|1|2|780000|4|32007|781780
1200000|1|5955|10|1|0|0|780000|0|0|732515
1200000|1|5955|10|1|1|2|780000|0|0|725046
1200000|1|5955|10|1|0|0|780000|1|7980|733899
1200000|1|5955|10|1|1|2|780000|1|7980|723873
1200000|1|5955|10|1|0|0|780000|2|15971|736268
1200000|1|5955|10|1|1|2|780000|2|15971|724226
1200000|1|5955|10|1|0|0|780000|3|23968|739623
1200000|1|5955|10|1|1|2|780000|3|23968|724812
1200000|1|5955|10|1|0|0|780000|4|31968|742392
1200000|1|5955|10|1|1|2|780000|4|31968|726021
1200000|1|5955|10|2|0|0|780000|0|0|756177
1200000|1|5955|10|2|1|2|780000|0|0|751321
1200000|1|5955|10|2|0|0|780000|1|8000|758847
1200000|1|5955|10|2|1|2|780000|1|8000|752102
1200000|1|5955|10|2|0|0|780000|2|16002|761579
1200000|1|5955|10|2|1|2|780000|2|16002|752845
1200000|1|5955|10|2|0|0|780000|3|24005|763685
1200000|1|5955|10|2|1|2|780000|3|24005|753233
1200000|1|5955|10|2|0|0|780000|4|32008|766181
1200000|1|5955|10|2|1|2|780000|4|32008|754480
1200000|1|5955|10|3|0|0|780000|0|0|732112
1200000|1|5955|10|3|1|2|780000|0|0|725437
1200000|1|5955|10|3|0|0|780000|1|7982|733733
1200000|1|5955|10|3|1|2|780000|1|7982|723875
1200000|1|5955|10|3|0|0|780000|2|15974|736345
1200000|1|5955|10|3|1|2|780000|2|15974|723837
1200000|1|5955|10|3|0|0|780000|3|23971|738764
1200000|1|5955|10|3|1|2|780000|3|23971|723875
1200000|1|5955|10|3|0|0|780000|4|31971|741609
1200000|1|5955|10|3|1|2|780000|4|31971|724617
1200000|1|5955|10|4|0|0|780000|0|0|732546
1200000|1|5955|10|4|1|2|780000|0|0|713346
1200000|1|5955|10|4|0|0|780000|1|7974|734318
1200000|1|5955|10|4|1|2|780000|1|7974|709836
1200000|1|5955|10|4|0|0|780000|2|15961|736698
1200000|1|5955|10|4|1|2|780000|2|15961|708586
1200000|1|5955|10|4|0|0|780000|3|23955|739856
1200000|1|5955|10|4|1|2|780000|3|23955|708626
1200000|1|5955|10|4|0|0|780000|4|31953|743131
1200000|1|5955|10|4|1|2|780000|4|31953|709954
1200000|1|5955|10|5|0|0|780000|0|0|786949
1200000|1|5955|10|5|1|2|780000|0|0|780103
1200000|1|5955|10|5|0|0|780000|1|7993|789658
1200000|1|5955|10|5|1|2|780000|1|7993|782524
1200000|1|5955|10|5|0|0|780000|2|15992|792426
1200000|1|5955|10|5|1|2|780000|2|15992|784864
1200000|1|5955|10|5|0|0|780000|3|23994|794456
1200000|1|5955|10|5|1|2|780000|3|23994|786890
1200000|1|5955|10|5|0|0|780000|4|31996|796485
1200000|1|5955|10|5|1|2|780000|4|31996|787553
1200000|1|5956|10|1|0|0|780000|0|0|784532
1200000|1|5956|10|1|1|2|780000|0|0|779559
1200000|1|5956|10|1|0|0|780000|1|7993|787202
1200000|1|5956|10|1|1|2|780000|1|7993|781197
1200000|1|5956|10|1|0|0|780000|2|15992|789386
1200000|1|5956|10|1|1|2|780000|2|15992|783303
1200000|1|5956|10|1|0|0|780000|3|23994|791843
1200000|1|5956|10|1|1|2|780000|3|23994|784356
1200000|1|5956|10|1|0|0|780000|4|31996|794419
1200000|1|5956|10|1|1|2|780000|4|31996|784823
1200000|1|5956|10|2|0|0|780000|0|0|785350
1200000|1|5956|10|2|1|2|780000|0|0|779012
1200000|1|5956|10|2|0|0|780000|1|7996|787321
1200000|1|5956|10|2|1|2|780000|1|7996|780491
1200000|1|5956|10|2|0|0|780000|2|15996|790518
1200000|1|5956|10|2|1|2|780000|2|15996|781081
1200000|1|5956|10|2|0|0|780000|3|23998|793715
1200000|1|5956|10|2|1|2|780000|3|23998|781624
1200000|1|5956|10|2|0|0|780000|4|32002|796484
1200000|1|5956|10|2|1|2|780000|4|32002|782095
1200000|1|5956|10|3|0|0|780000|0|0|737734
1200000|1|5956|10|3|1|2|780000|0|0|730886
1200000|1|5956|10|3|0|0|780000|1|7985|740986
1200000|1|5956|10|3|1|2|780000|1|7985|729364
1200000|1|5956|10|3|0|0|780000|2|15979|745239
1200000|1|5956|10|3|1|2|780000|2|15979|728742
1200000|1|5956|10|3|0|0|780000|3|23979|749837
1200000|1|5956|10|3|1|2|780000|3|23979|729208
1200000|1|5956|10|3|0|0|780000|4|31981|753428
1200000|1|5956|10|3|1|2|780000|4|31981|729949
1200000|1|5956|10|4|0|0|780000|0|0|740112
1200000|1|5956|10|4|1|2|780000|0|0|733814
1200000|1|5956|10|4|0|0|780000|1|7985|743756
1200000|1|5956|10|4|1|2|780000|1|7985|732366
1200000|1|5956|10|4|0|0|780000|2|15980|747851
1200000|1|5956|10|4|1|2|780000|2|15980|732290
1200000|1|5956|10|4|0|0|780000|3|23980|751397
1200000|1|5956|10|4|1|2|780000|3|23980|733187
1200000|1|5956|10|4|0|0|780000|4|31984|755849
1200000|1|5956|10|4|1|2|780000|4|31984|734045
1200000|1|5956|10|5|0|0|780000|0|0|765032
1200000|1|5956|10|5|1|2|780000|0|0|760018
1200000|1|5956|10|5|0|0|780000|1|7996|769614
1200000|1|5956|10|5|1|2|780000|1|7996|759670
1200000|1|5956|10|5|0|0|780000|2|15994|773745
1200000|1|5956|10|5|1|2|780000|2|15994|760137
1200000|1|5956|10|5|0|0|780000|3|23996|776906
1200000|1|5956|10|5|1|2|780000|3|23996|761660
1200000|1|5956|10|5|0|0|780000|4|32002|780491
1200000|1|5956|10|5|1|2|780000|4|32002|761851
1200000|1|5957|10|1|0|0|780000|0|0|735156
1200000|1|5957|10|1|1|2|780000|0|0|715885
1200000|1|5957|10|1|0|0|780000|1|7978|737324
1200000|1|5957|10|1|1|2|780000|1|7978|710498
1200000|1|5957|10|1|0|0|780000|2|15968|739856
1200000|1|5957|10|1|1|2|780000|2|15968|708392
1200000|1|5957|10|1|0|0|780000|3|23966|742548
1200000|1|5957|10|1|1|2|780000|3|23966|708003
1200000|1|5957|10|1|0|0|780000|4|31968|744925
1200000|1|5957|10|1|1|2|780000|4|31968|708743
1200000|1|5957|10|2|0|0|780000|0|0|794242
1200000|1|5957|10|2|1|2|780000|0|0|804558
1200000|1|5957|10|2|0|0|780000|1|8003|799796
1200000|1|5957|10|2|1|2|780000|1|8003|812587
1200000|1|5957|10|2|0|0|780000|2|16008|804750
1200000|1|5957|10|2|1|2|780000|2|16008|818362
1200000|1|5957|10|2|0|0|780000|3|24014|809824
1200000|1|5957|10|2|1|2|780000|3|24014|822030
1200000|1|5957|10|2|0|0|780000|4|32021|814148
1200000|1|5957|10|2|1|2|780000|4|32021|824992
1200000|1|5957|10|3|0|0|780000|0|0|758324
1200000|1|5957|10|3|1|2|780000|0|0|766805
1200000|1|5957|10|3|0|0|780000|1|8003|760720
1200000|1|5957|10|3|1|2|780000|1|8003|770274
1200000|1|5957|10|3|0|0|780000|2|16007|764545
1200000|1|5957|10|3|1|2|780000|2|16007|771759
1200000|1|5957|10|3|0|0|780000|3|24011|767583
1200000|1|5957|10|3|1|2|780000|3|24011|774138
1200000|1|5957|10|3|0|0|780000|4|32018|770433
1200000|1|5957|10|3|1|2|780000|4|32018|775112
1200000|1|5957|10|4|0|0|780000|0|0|790850
1200000|1|5957|10|4|1|2|780000|0|0|786852
1200000|1|5957|10|4|0|0|780000|1|8000|795584
1200000|1|5957|10|4|1|2|780000|1|8000|788687
1200000|1|5957|10|4|0|0|780000|2|16002|799720
1200000|1|5957|10|4|1|2|780000|2|16002|790244
1200000|1|5957|10|4|0|0|780000|3|24006|803892
1200000|1|5957|10|4|1|2|780000|3|24006|791999
1200000|1|5957|10|4|0|0|780000|4|32010|808301
1200000|1|5957|10|4|1|2|780000|4|32010|793444
1200000|1|5957|10|5|0|0|780000|0|0|797911
1200000|1|5957|10|5|1|2|780000|0|0|806079
1200000|1|5957|10|5|0|0|780000|1|7998|802491
1200000|1|5957|10|5|1|2|780000|1|7998|813409
1200000|1|5957|10|5|0|0|780000|2|15999|807326
1200000|1|5957|10|5|1|2|780000|2|15999|818090
1200000|1|5957|10|5|0|0|780000|3|24001|811577
1200000|1|5957|10|5|1|2|780000|3|24001|820431
1200000|1|5957|10|5|0|0|780000|4|32003|816258
1200000|1|5957|10|5|1|2|780000|4|32003|822575
1200000|1|5958|10|1|0|0|780000|0|0|792335
1200000|1|5958|10|1|1|2|780000|0|0|757301
1200000|1|5958|10|1|0|0|780000|1|7994|796678
1200000|1|5958|10|1|1|2|780000|1|7994|756869
1200000|1|5958|10|1|0|0|780000|2|15995|800698
1200000|1|5958|10|1|1|2|780000|2|15995|757142
1200000|1|5958|10|1|0|0|780000|3|23997|804243
1200000|1|5958|10|1|1|2|780000|3|23997|757600
1200000|1|5958|10|1|0|0|780000|4|32000|808183
1200000|1|5958|10|1|1|2|780000|4|32000|759277
1200000|1|5958|10|2|0|0|780000|0|0|762585
1200000|1|5958|10|2|1|2|780000|0|0|732418
1200000|1|5958|10|2|0|0|780000|1|7994|765713
1200000|1|5958|10|2|1|2|780000|1|7994|731481
1200000|1|5958|10|2|0|0|780000|2|15994|769416
1200000|1|5958|10|2|1|2|780000|2|15994|731870
1200000|1|5958|10|2|0|0|780000|3|23995|773906
1200000|1|5958|10|2|1|2|780000|3|23995|732495
1200000|1|5958|10|2|0|0|780000|4|31997|777919
1200000|1|5958|10|2|1|2|780000|4|31997|733782
1200000|1|5958|10|3|0|0|780000|0|0|789213
1200000|1|5958|10|3|1|2|780000|0|0|782873
1200000|1|5958|10|3|0|0|780000|1|8000|792937
1200000|1|5958|10|3|1|2|780000|1|8000|783028
1200000|1|5958|10|3|0|0|780000|2|16001|796096
1200000|1|5958|10|3|1|2|780000|2|16001|783732
1200000|1|5958|10|3|0|0|780000|3|24003|800072
1200000|1|5958|10|3|1|2|780000|3|24003|784783
1200000|1|5958|10|3|0|0|780000|4|32006|803777
1200000|1|5958|10|3|1|2|780000|4|32006|786460
1200000|1|5958|10|4|0|0|780000|0|0|759455
1200000|1|5958|10|4|1|2|780000|0|0|760875
1200000|1|5958|10|4|0|0|780000|1|7996|761072
1200000|1|5958|10|4|1|2|780000|1|7996|763841
1200000|1|5958|10|4|0|0|780000|2|15995|763686
1200000|1|5958|10|4|1|2|780000|2|15995|766490
1200000|1|5958|10|4|0|0|780000|3|23995|767039
1200000|1|5958|10|4|1|2|780000|3|23995|768634
1200000|1|5958|10|4|0|0|780000|4|31996|770473
1200000|1|5958|10|4|1|2|780000|4|31996|770938
1200000|1|5958|10|5|0|0|780000|0|0|787967
1200000|1|5958|10|5|1|2|780000|0|0|781314
1200000|1|5958|10|5|0|0|780000|1|7996|790555
1200000|1|5958|10|5|1|2|780000|1|7996|781000
1200000|1|5958|10|5|0|0|780000|2|15995|792586
1200000|1|5958|10|5|1|2|780000|2|15995|781041
1200000|1|5958|10|5|0|0|780000|3|23995|795118
1200000|1|5958|10|5|1|2|780000|3|23995|781352
1200000|1|5958|10|5|0|0|780000|4|31995|797924
1200000|1|5958|10|5|1|2|780000|4|31995|781156
1200000|1|5959|10|1|0|0|780000|0|0|788002
1200000|1|5959|10|1|1|2|780000|0|0|779404
1200000|1|5959|10|1|0|0|780000|1|7990|790715
1200000|1|5959|10|1|1|2|780000|1|7990|779753
1200000|1|5959|10|1|0|0|780000|2|15986|793480
1200000|1|5959|10|1|1|2|780000|2|15986|779324
1200000|1|5959|10|1|0|0|780000|3|23983|796208
1200000|1|5959|10|1|1|2|780000|3|23983|779789
1200000|1|5959|10|1|0|0|780000|4|31983|798510
1200000|1|5959|10|1|1|2|780000|4|31983|780417
1200000|1|5959|10|2|0|0|780000|0|0|730631
1200000|1|5959|10|2|1|2|780000|0|0|711471
1200000|1|5959|10|2|0|0|780000|1|7972|731782
1200000|1|5959|10|2|1|2|780000|1|7972|706872
1200000|1|5959|10|2|0|0|780000|2|15958|733731
1200000|1|5959|10|2|1|2|780000|2|15958|704882
1200000|1|5959|10|2|0|0|780000|3|23951|736265
1200000|1|5959|10|2|1|2|780000|3|23951|704064
1200000|1|5959|10|2|0|0|780000|4|31948|738724
1200000|1|5959|10|2|1|2|780000|4|31948|704454
1200000|1|5959|10|3|0|0|780000|0|1|756647
1200000|1|5959|10|3|1|2|780000|0|1|753155
1200000|1|5959|10|3|0|0|780000|1|7994|759007
1200000|1|5959|10|3|1|2|780000|1|7994|754870
1200000|1|5959|10|3|0|0|780000|2|15993|762127
1200000|1|5959|10|3|1|2|780000|2|15993|756505
1200000|1|5959|10|3|0|0|780000|3|23994|765090
1200000|1|5959|10|3|1|2|780000|3|23994|757756
1200000|1|5959|10|3|0|0|780000|4|31997|767974
1200000|1|5959|10|3|1|2|780000|4|31997|758498
1200000|1|5959|10|4|0|0|780000|0|0|786950
1200000|1|5959|10|4|1|2|780000|0|0|782211
1200000|1|5959|10|4|0|0|780000|1|8001|790751
1200000|1|5959|10|4|1|2|780000|1|8001|782559
1200000|1|5959|10|4|0|0|780000|2|16003|793167
1200000|1|5959|10|4|1|2|780000|2|16003|783030
1200000|1|5959|10|4|0|0|780000|3|24006|795900
1200000|1|5959|10|4|1|2|780000|3|24006|783496
1200000|1|5959|10|4|0|0|780000|4|32009|798668
1200000|1|5959|10|4|1|2|780000|4|32009|784864
1200000|1|5959|10|5|0|0|780000|0|1|783870
1200000|1|5959|10|5|1|2|780000|0|1|776985
1200000|1|5959|10|5|0|0|780000|1|8001|786539
1200000|1|5959|10|5|1|2|780000|1|8001|776323
1200000|1|5959|10|5|0|0|780000|2|16003|789347
1200000|1|5959|10|5|1|2|780000|2|16003|775812
1200000|1|5959|10|5|0|0|780000|3|24005|791373
1200000|1|5959|10|5|1|2|780000|3|24005|775580
1200000|1|5959|10|5|0|0|780000|4|32007|793594
1200000|1|5959|10|5|1|2|780000|4|32007|775777
1200000|1|5960|10|1|0|0|780000|0|0|783481
1200000|1|5960|10|1|1|2|780000|0|0|776240
1200000|1|5960|10|1|0|0|780000|1|7999|785837
1200000|1|5960|10|1|1|2|780000|1|7999|774995
1200000|1|5960|10|1|0|0|780000|2|15999|788254
1200000|1|5960|10|1|1|2|780000|2|15999|774528
1200000|1|5960|10|1|0|0|780000|3|24001|790985
1200000|1|5960|10|1|1|2|780000|3|24001|774134
1200000|1|5960|10|1|0|0|780000|4|32003|794105
1200000|1|5960|10|1|1|2|780000|4|32003|774800
1200000|1|5960|10|2|0|0|780000|0|0|787301
1200000|1|5960|10|2|1|2|780000|0|0|776162
1200000|1|5960|10|2|0|0|780000|1|7994|789894
1200000|1|5960|10|2|1|2|780000|1|7994|782640
1200000|1|5960|10|2|0|0|780000|2|15993|792272
1200000|1|5960|10|2|1|2|780000|2|15993|787279
1200000|1|5960|10|2|0|0|780000|3|23994|795275
1200000|1|5960|10|2|1|2|780000|3|23994|789543
1200000|1|5960|10|2|0|0|780000|4|31996|798159
1200000|1|5960|10|2|1|2|780000|4|31996|791179
1200000|1|5960|10|3|0|0|780000|0|0|735548
1200000|1|5960|10|3|1|2|780000|0|0|712985
1200000|1|5960|10|3|0|0|780000|1|7973|738104
1200000|1|5960|10|3|1|2|780000|1|7973|708081
1200000|1|5960|10|3|0|0|780000|2|15959|741338
1200000|1|5960|10|3|1|2|780000|2|15959|705817
1200000|1|5960|10|3|0|0|780000|3|23953|745394
1200000|1|5960|10|3|1|2|780000|3|23953|704416
1200000|1|5960|10|3|0|0|780000|4|31951|750111
1200000|1|5960|10|3|1|2|780000|4|31951|703947
1200000|1|5960|10|4|0|0|780000|0|0|793268
1200000|1|5960|10|4|1|2|780000|0|0|789776
1200000|1|5960|10|4|0|0|780000|1|8001|797848
1200000|1|5960|10|4|1|2|780000|1|8001|789230
1200000|1|5960|10|4|0|0|780000|2|16003|802530
1200000|1|5960|10|4|1|2|780000|2|16003|789581
1200000|1|5960|10|4|0|0|780000|3|24006|807092
1200000|1|5960|10|4|1|2|780000|3|24006|790518
1200000|1|5960|10|4|0|0|780000|4|32010|811303
1200000|1|5960|10|4|1|2|780000|4|32010|791843
1200000|1|5960|10|5|0|0|780000|0|0|765343
1200000|1|5960|10|5|1|2|780000|0|0|736153
1200000|1|5960|10|5|0|0|780000|1|7994|768678
1200000|1|5960|10|5|1|2|780000|1|7994|735213
1200000|1|5960|10|5|0|0|780000|2|15994|772262
1200000|1|5960|10|5|1|2|780000|2|15994|735177
1200000|1|5960|10|5|0|0|780000|3|23996|776672
1200000|1|5960|10|5|1|2|780000|3|23996|736069
1200000|1|5960|10|5|0|0|780000|4|31998|781660
1200000|1|5960|10|5|1|2|780000|4|31998|737828
1200000|1|5961|10|1|0|0|780000|0|0|798574
1200000|1|5961|10|1|1|2|780000|0|0|793909
1200000|1|5961|10|1|0|0|780000|1|7993|803233
1200000|1|5961|10|1|1|2|780000|1|7993|796678
1200000|1|5961|10|1|0|0|780000|2|15991|808028
1200000|1|5961|10|1|1|2|780000|2|15991|798591
1200000|1|5961|10|1|0|0|780000|3|23991|813060
1200000|1|5961|10|1|1|2|780000|3|23991|800501
1200000|1|5961|10|1|0|0|780000|4|31993|818011
1200000|1|5961|10|1|1|2|780000|4|31993|802646
1200000|1|5961|10|2|0|0|780000|0|0|791709
1200000|1|5961|10|2|1|2|780000|0|0|788492
1200000|1|5961|10|2|0|0|780000|1|7999|795236
1200000|1|5961|10|2|1|2|780000|1|7999|790477
1200000|1|5961|10|2|0|0|780000|2|16000|799408
1200000|1|5961|10|2|1|2|780000|2|16000|792502
1200000|1|5961|10|2|0|0|780000|3|24003|803812
1200000|1|5961|10|2|1|2|780000|3|24003|793636
1200000|1|5961|10|2|0|0|780000|4|32007|808418
1200000|1|5961|10|2|1|2|780000|4|32007|795197
1200000|1|5961|10|3|0|0|780000|0|0|795878
1200000|1|5961|10|3|1|2|780000|0|0|795470
1200000|1|5961|10|3|0|0|780000|1|8001|799757
1200000|1|5961|10|3|1|2|780000|1|8001|797342
1200000|1|5961|10|3|0|0|780000|2|16002|804011
1200000|1|5961|10|3|1|2|780000|2|16002|799720
1200000|1|5961|10|3|0|0|780000|3|24005|807986
1200000|1|5961|10|3|1|2|780000|3|24005|801243
1200000|1|5961|10|3|0|0|780000|4|32009|811541
1200000|1|5961|10|3|1|2|780000|4|32009|802412
1200000|1|5961|10|4|0|0|780000|0|0|747444
1200000|1|5961|10|4|1|2|780000|0|0|725816
1200000|1|5961|10|4|0|0|780000|1|7974|752215
1200000|1|5961|10|4|1|2|780000|1|7974|723552
1200000|1|5961|10|4|0|0|780000|2|15962|758029
1200000|1|5961|10|4|1|2|780000|2|15962|723556
1200000|1|5961|10|4|0|0|780000|3|23958|764542
1200000|1|5961|10|4|1|2|780000|3|23958|724099
1200000|1|5961|10|4|0|0|780000|4|31958|771408
1200000|1|5961|10|4|1|2|780000|4|31958|725464
1200000|1|5961|10|5|0|0|780000|0|0|776069
1200000|1|5961|10|5|1|2|780000|0|0|744264
1200000|1|5961|10|5|0|0|780000|1|7994|781625
1200000|1|5961|10|5|1|2|780000|1|7994|745005
1200000|1|5961|10|5|0|0|780000|2|15996|787707
1200000|1|5961|10|5|1|2|780000|2|15996|746292
1200000|1|5961|10|5|0|0|780000|3|23998|794494
1200000|1|5961|10|5|1|2|780000|3|23998|748435
1200000|1|5961|10|5|0|0|780000|4|32002|801748
1200000|1|5961|10|5|1|2|780000|4|32002|750890
1200000|1|5962|10|1|0|0|780000|0|0|753411
1200000|1|5962|10|1|1|2|780000|0|0|733225
1200000|1|5962|10|1|0|0|780000|1|7976|757640
1200000|1|5962|10|1|1|2|780000|1|7976|730809
1200000|1|5962|10|1|0|0|780000|2|15965|762985
1200000|1|5962|10|1|1|2|780000|2|15965|731667
1200000|1|5962|10|1|0|0|780000|3|23961|769259
1200000|1|5962|10|1|1|2|780000|3|23961|732990
1200000|1|5962|10|1|0|0|780000|4|31962|776200
1200000|1|5962|10|1|1|2|780000|4|31962|735021
1200000|1|5962|10|2|0|0|780000|0|0|804578
1200000|1|5962|10|2|1|2|780000|0|0|819886
1200000|1|5962|10|2|0|0|780000|1|8005|812630
1200000|1|5962|10|2|1|2|780000|1|8005|831274
1200000|1|5962|10|2|0|0|780000|2|16010|819727
1200000|1|5962|10|2|1|2|780000|2|16010|839618
1200000|1|5962|10|2|0|0|780000|3|24015|825926
1200000|1|5962|10|2|1|2|780000|3|24015|845156
1200000|1|5962|10|2|0|0|780000|4|32019|832634
1200000|1|5962|10|2|1|2|780000|4|32019|849910
1200000|1|5962|10|3|0|0|780000|0|0|804696
1200000|1|5962|10|3|1|2|780000|0|0|768712
1200000|1|5962|10|3|0|0|780000|1|7998|811222
1200000|1|5962|10|3|1|2|780000|1|7998|778348
1200000|1|5962|10|3|0|0|780000|2|16001|818129
1200000|1|5962|10|3|1|2|780000|2|16001|785600
1200000|1|5962|10|3|0|0|780000|3|24004|824720
1200000|1|5962|10|3|1|2|780000|3|24004|790513
1200000|1|5962|10|3|0|0|780000|4|32009|830761
1200000|1|5962|10|3|1|2|780000|4|32009|794610
1200000|1|5962|10|4|0|0|780000|0|1|751655
1200000|1|5962|10|4|1|2|780000|0|1|731274
1200000|1|5962|10|4|0|0|780000|1|7976|756550
1200000|1|5962|10|4|1|2|780000|1|7976|729794
1200000|1|5962|10|4|0|0|780000|2|15965|762320
1200000|1|5962|10|4|1|2|780000|2|15965|730806
1200000|1|5962|10|4|0|0|780000|3|23962|769064
1200000|1|5962|10|4|1|2|780000|3|23962|732526
1200000|1|5962|10|4|0|0|780000|4|31964|775737
1200000|1|5962|10|4|1|2|780000|4|31964|734632
1200000|1|5962|10|5|0|0|780000|0|0|801574
1200000|1|5962|10|5|1|2|780000|0|0|819999
1200000|1|5962|10|5|0|0|780000|1|8010|807714
1200000|1|5962|10|5|1|2|780000|1|8010|832676
1200000|1|5962|10|5|0|0|780000|2|16020|814189
1200000|1|5962|10|5|1|2|780000|2|16020|842269
1200000|1|5962|10|5|0|0|780000|3|24030|820899
1200000|1|5962|10|5|1|2|780000|3|24030|850148
1200000|1|5962|10|5|0|0|780000|4|32041|827374
1200000|1|5962|10|5|1|2|780000|4|32041|855609
1200000|1|5963|10|1|0|0|780000|0|0|800210
1200000|1|5963|10|1|1|2|780000|0|0|794848
1200000|1|5963|10|1|0|0|780000|1|8000|806975
1200000|1|5963|10|1|1|2|780000|1|8000|796871
1200000|1|5963|10|1|0|0|780000|2|16004|813681
1200000|1|5963|10|1|1|2|780000|2|16004|798747
1200000|1|5963|10|1|0|0|780000|3|24008|820703
1200000|1|5963|10|1|1|2|780000|3|24008|800696
1200000|1|5963|10|1|0|0|780000|4|32012|826944
1200000|1|5963|10|1|1|2|780000|4|32012|802100
1200000|1|5963|10|2|0|0|780000|0|0|754152
1200000|1|5963|10|2|1|2|780000|0|0|746955
1200000|1|5963|10|2|0|0|780000|1|7983|759356
1200000|1|5963|10|2|1|2|780000|1|7983|748861
1200000|1|5963|10|2|0|0|780000|2|15978|765245
1200000|1|5963|10|2|1|2|780000|2|15978|751596
1200000|1|5963|10|2|0|0|780000|3|23978|771755
1200000|1|5963|10|2|1|2|780000|3|23978|754365
1200000|1|5963|10|2|0|0|780000|4|31981|778425
1200000|1|5963|10|2|1|2|780000|4|31981|757445
1200000|1|5963|10|3|0|0|780000|0|1|751188
1200000|1|5963|10|3|1|2|780000|0|1|732017
1200000|1|5963|10|3|0|0|780000|1|7978|756509
1200000|1|5963|10|3|1|2|780000|1|7978|730927
1200000|1|5963|10|3|0|0|780000|2|15968|762437
1200000|1|5963|10|3|1|2|780000|2|15968|732718
1200000|1|5963|10|3|0|0|780000|3|23966|769301
1200000|1|5963|10|3|1|2|780000|3|23966|735136
1200000|1|5963|10|3|0|0|780000|4|31969|776318
1200000|1|5963|10|3|1|2|780000|4|31969|738214
1200000|1|5963|10|4|0|0|780000|0|0|755281
1200000|1|5963|10|4|1|2|780000|0|0|736267
1200000|1|5963|10|4|0|0|780000|1|7980|762245
1200000|1|5963|10|4|1|2|780000|1|7980|736733
1200000|1|5963|10|4|0|0|780000|2|15973|769846
1200000|1|5963|10|4|1|2|780000|2|15973|739468
1200000|1|5963|10|4|0|0|780000|3|23973|778074
1200000|1|5963|10|4|1|2|780000|3|23973|743131
1200000|1|5963|10|4|0|0|780000|4|31979|786617
1200000|1|5963|10|4|1|2|780000|4|31979|747574
1200000|1|5963|10|5|0|0|780000|0|0|763356
1200000|1|5963|10|5|1|2|780000|0|0|744027
1200000|1|5963|10|5|0|0|780000|1|7982|771368
1200000|1|5963|10|5|1|2|780000|1|7982|745435
1200000|1|5963|10|5|0|0|780000|2|15976|780107
1200000|1|5963|10|5|1|2|780000|2|15976|747812
1200000|1|5963|10|5|0|0|780000|3|23978|789816
1200000|1|5963|10|5|1|2|780000|3|23978|751904
1200000|1|5963|10|5|0|0|780000|4|31985|799447
1200000|1|5963|10|5|1|2|780000|4|31985|756700
1200000|1|5964|10|1|0|0|780000|0|0|814056
1200000|1|5964|10|1|1|2|780000|0|0|783499
1200000|1|5964|10|1|0|0|780000|1|8001|821132
1200000|1|5964|10|1|1|2|780000|1|8001|788178
1200000|1|5964|10|1|0|0|780000|2|16009|829282
1200000|1|5964|10|1|1|2|780000|2|16009|793753
1200000|1|5964|10|1|0|0|780000|3|24018|837514
1200000|1|5964|10|1|1|2|780000|3|24018|799019
1200000|1|5964|10|1|0|0|780000|4|32028|846167
1200000|1|5964|10|1|1|2|780000|4|32028|804401
1200000|1|5964|10|2|0|0|780000|0|0|825791
1200000|1|5964|10|2|1|2|780000|0|0|816019
1200000|1|5964|10|2|0|0|780000|1|8002|835369
1200000|1|5964|10|2|1|2|780000|1|8002|828815
1200000|1|5964|10|2|0|0|780000|2|16010|845546
1200000|1|5964|10|2|1|2|780000|2|16010|837082
1200000|1|5964|10|2|0|0|780000|3|24017|855879
1200000|1|5964|10|2|1|2|780000|3|24017|845353
1200000|1|5964|10|2|0|0|780000|4|32028|866293
1200000|1|5964|10|2|1|2|780000|4|32028|852450
1200000|1|5964|10|3|0|0|780000|0|0|770063
1200000|1|5964|10|3|1|2|780000|0|0|752531
1200000|1|5964|10|3|0|0|780000|1|7983|779752
1200000|1|5964|10|3|1|2|780000|1|7983|754829
1200000|1|5964|10|3|0|0|780000|2|15979|790400
1200000|1|5964|10|3|1|2|780000|2|15979|758811
1200000|1|5964|10|3|0|0|780000|3|23982|801751
1200000|1|5964|10|3|1|2|780000|3|23982|764349
1200000|1|5964|10|3|0|0|780000|4|31989|812201
1200000|1|5964|10|3|1|2|780000|4|31989|770392
1200000|1|5964|10|4|0|0|780000|0|0|823571
1200000|1|5964|10|4|1|2|780000|0|0|787549
1200000|1|5964|10|4|0|0|780000|1|8006|832910
1200000|1|5964|10|4|1|2|780000|1|8006|802059
1200000|1|5964|10|4|0|0|780000|2|16017|842739
1200000|1|5964|10|4|1|2|780000|2|16017|813292
1200000|1|5964|10|4|0|0|780000|3|24029|852451
1200000|1|5964|10|4|1|2|780000|3|24029|823078
1200000|1|5964|10|4|0|0|780000|4|32042|861926
1200000|1|5964|10|4|1|2|780000|4|32042|832480
1200000|1|5964|10|5|0|0|780000|0|0|818892
1200000|1|5964|10|5|1|2|780000|0|0|783770
1200000|1|5964|10|5|0|0|780000|1|8007|828658
1200000|1|5964|10|5|1|2|780000|1|8007|798436
1200000|1|5964|10|5|0|0|780000|2|16020|838449
1200000|1|5964|10|5|1|2|780000|2|16020|810287
1200000|1|5964|10|5|0|0|780000|3|24034|848003
1200000|1|5964|10|5|1|2|780000|3|24034|820472
1200000|1|5964|10|5|0|0|780000|4|32048|857870
1200000|1|5964|10|5|1|2|780000|4|32048|828931
1200000|1|5965|10|1|0|0|780000|0|0|766672
1200000|1|5965|10|1|1|2|780000|0|0|752062
1200000|1|5965|10|1|0|0|780000|1|7986|775423
1200000|1|5965|10|1|1|2|780000|1|7986|756312
1200000|1|5965|10|1|0|0|780000|2|15986|785485
1200000|1|5965|10|1|1|2|780000|2|15986|762555
1200000|1|5965|10|1|0|0|780000|3|23994|796171
1200000|1|5965|10|1|1|2|780000|3|23994|769457
1200000|1|5965|10|1|0|0|780000|4|32006|807015
1200000|1|5965|10|1|1|2|780000|4|32006|777139
1200000|1|5965|10|2|0|0|780000|0|1|793698
1200000|1|5965|10|2|1|2|780000|0|1|768207
1200000|1|5965|10|2|0|0|780000|1|8007|803269
1200000|1|5965|10|2|1|2|780000|1|8007|774878
1200000|1|5965|10|2|0|0|780000|2|16021|812747
1200000|1|5965|10|2|1|2|780000|2|16021|782834
1200000|1|5965|10|2|0|0|780000|3|24035|823472
1200000|1|5965|10|2|1|2|780000|3|24035|791101
1200000|1|5965|10|2|0|0|780000|4|32051|834272
1200000|1|5965|10|2|1|2|780000|4|32051|799331
1200000|1|5965|10|3|0|0|780000|0|0|765967
1200000|1|5965|10|3|1|2|780000|0|0|749567
1200000|1|5965|10|3|0|0|780000|1|7987|774369
1200000|1|5965|10|3|1|2|780000|1|7987|751907
1200000|1|5965|10|3|0|0|780000|2|15986|783381
1200000|1|5965|10|3|1|2|780000|2|15986|756898
1200000|1|5965|10|3|0|0|780000|3|23992|793520
1200000|1|5965|10|3|1|2|780000|3|23992|763606
1200000|1|5965|10|3|0|0|780000|4|32003|803227
1200000|1|5965|10|3|1|2|780000|4|32003|770353
1200000|1|5965|10|4|0|0|780000|0|0|762770
1200000|1|5965|10|4|1|2|780000|0|0|748242
1200000|1|5965|10|4|0|0|780000|1|7986|770744
1200000|1|5965|10|4|1|2|780000|1|7986|750855
1200000|1|5965|10|4|0|0|780000|2|15984|779714
1200000|1|5965|10|4|1|2|780000|2|15984|755496
1200000|1|5965|10|4|0|0|780000|3|23989|789543
1200000|1|5965|10|4|1|2|780000|3|23989|761423
1200000|1|5965|10|4|0|0|780000|4|31999|798824
1200000|1|5965|10|4|1|2|780000|4|31999|767505
1200000|1|5965|10|5|0|0|780000|0|0|759377
1200000|1|5965|10|5|1|2|780000|0|0|746292
1200000|1|5965|10|5|0|0|780000|1|7986|766611
1200000|1|5965|10|5|1|2|780000|1|7986|748670
1200000|1|5965|10|5|0|0|780000|2|15983|774761
1200000|1|5965|10|5|1|2|780000|2|15983|753271
1200000|1|5965|10|5|0|0|780000|3|23988|783848
1200000|1|5965|10|5|1|2|780000|3|23988|759042
1200000|1|5965|10|5|0|0|780000|4|31998|793169
1200000|1|5965|10|5|1|2|780000|4|31998|765637
1200000|1|5966|10|1|0|0|780000|0|0|807655
1200000|1|5966|10|1|1|2|780000|0|0|781899
1200000|1|5966|10|1|0|0|780000|1|8003|815748
1200000|1|5966|10|1|1|2|780000|1|8003|786697
1200000|1|5966|10|1|0|0|780000|2|16014|823160
1200000|1|5966|10|1|1|2|780000|2|16014|791410
1200000|1|5966|10|1|0|0|780000|3|24026|830453
1200000|1|5966|10|1|1|2|780000|3|24026|797773
1200000|1|5966|10|1|0|0|780000|4|32039|837980
1200000|1|5966|10|1|1|2|780000|4|32039|803660
1200000|1|5966|10|2|0|0|780000|0|0|760587
1200000|1|5966|10|2|1|2|780000|0|0|758068
1200000|1|5966|10|2|0|0|780000|1|7992|767195
1200000|1|5966|10|2|1|2|780000|1|7992|763135
1200000|1|5966|10|2|0|0|780000|2|15994|775192
1200000|1|5966|10|2|1|2|780000|2|15994|769300
1200000|1|5966|10|2|0|0|780000|3|24001|783105
1200000|1|5966|10|2|1|2|780000|3|24001|775231
1200000|1|5966|10|2|0|0|780000|4|32012|791882
1200000|1|5966|10|2|1|2|780000|4|32012|781780
1200000|1|5966|10|3|0|0|780000|0|0|782074
1200000|1|5966|10|3|1|2|780000|0|0|758965
1200000|1|5966|10|3|0|0|780000|1|8004|788763
1200000|1|5966|10|3|1|2|780000|1|8004|765674
1200000|1|5966|10|3|0|0|780000|2|16014|794692
1200000|1|5966|10|3|1|2|780000|2|16014|772418
1200000|1|5966|10|3|0|0|780000|3|24026|802411
1200000|1|5966|10|3|1|2|780000|3|24026|779714
1200000|1|5966|10|3|0|0|780000|4|32039|810836
1200000|1|5966|10|3|1|2|780000|4|32039|787241
1200000|1|5966|10|4|0|0|780000|0|0|780513
1200000|1|5966|10|4|1|2|780000|0|0|757329
1200000|1|5966|10|4|0|0|780000|1|8003|786463
1200000|1|5966|10|4|1|2|780000|1|8003|763801
1200000|1|5966|10|4|0|0|780000|2|16012|793523
1200000|1|5966|10|4|1|2|780000|2|16012|770630
1200000|1|5966|10|4|0|0|780000|3|24023|801319
1200000|1|5966|10|4|1|2|780000|3|24023|776982
1200000|1|5966|10|4|0|0|780000|4|32035|809312
1200000|1|5966|10|4|1|2|780000|4|32035|784044
1200000|1|5966|10|5|0|0|780000|0|0|803877
1200000|1|5966|10|5|1|2|780000|0|0|804870
1200000|1|5966|10|5|0|0|780000|1|8003|811030
1200000|1|5966|10|5|1|2|780000|1|8003|810444
1200000|1|5966|10|5|0|0|780000|2|16008|818676
1200000|1|5966|10|5|1|2|780000|2|16008|815555
1200000|1|5966|10|5|0|0|780000|3|24014|826551
1200000|1|5966|10|5|1|2|780000|3|24014|820388
1200000|1|5966|10|5|0|0|780000|4|32020|834314
1200000|1|5966|10|5|1|2|780000|4|32020|825381
1200000|1|5967|10|1|0|0|780000|0|0|761715
1200000|1|5967|10|1|1|2|780000|0|0|743717
1200000|1|5967|10|1|0|0|780000|1|7980|768091
1200000|1|5967|10|1|1|2|780000|1|7980|744888
1200000|1|5967|10|1|0|0|780000|2|15974|774839
1200000|1|5967|10|1|1|2|780000|2|15974|749136
1200000|1|5967|10|1|0|0|780000|3|23976|782404
1200000|1|5967|10|1|1|2|780000|3|23976|753777
1200000|1|5967|10|1|0|0|780000|4|31982|790474
1200000|1|5967|10|1|1|2|780000|4|31982|758967
1200000|1|5967|10|2|0|0|780000|0|0|755008
1200000|1|5967|10|2|1|2|780000|0|0|741298
1200000|1|5967|10|2|0|0|780000|1|7982|760210
1200000|1|5967|10|2|1|2|780000|1|7982|742938
1200000|1|5967|10|2|0|0|780000|2|15977|766297
1200000|1|5967|10|2|1|2|780000|2|15977|746526
1200000|1|5967|10|2|0|0|780000|3|23979|773396
1200000|1|5967|10|2|1|2|780000|3|23979|751437
1200000|1|5967|10|2|0|0|780000|4|31985|780843
1200000|1|5967|10|2|1|2|780000|4|31985|756704
1200000|1|5967|10|3|0|0|780000|0|0|809451
1200000|1|5967|10|3|1|2|780000|0|0|809741
1200000|1|5967|10|3|0|0|780000|1|8008|818208
1200000|1|5967|10|3|1|2|780000|1|8008|812671
1200000|1|5967|10|3|0|0|780000|2|16016|826280
1200000|1|5967|10|3|1|2|780000|2|16016|814618
1200000|1|5967|10|3|0|0|780000|3|24022|834666
1200000|1|5967|10|3|1|2|780000|3|24022|817503
1200000|1|5967|10|3|0|0|780000|4|32029|843208
1200000|1|5967|10|3|1|2|780000|4|32029|822577
1200000|1|5967|10|4|0|0|780000|0|0|818190
1200000|1|5967|10|4|1|2|780000|0|0|810563
1200000|1|5967|10|4|0|0|780000|1|8002|826203
1200000|1|5967|10|4|1|2|780000|1|8002|822263
1200000|1|5967|10|4|0|0|780000|2|16009|834273
1200000|1|5967|10|4|1|2|780000|2|16009|830844
1200000|1|5967|10|4|0|0|780000|3|24016|842619
1200000|1|5967|10|4|1|2|780000|3|24016|837434
1200000|1|5967|10|4|0|0|780000|4|32025|850889
1200000|1|5967|10|4|1|2|780000|4|32025|843247
1200000|1|5967|10|5|0|0|780000|0|1|780904
1200000|1|5967|10|5|1|2|780000|0|1|751988
1200000|1|5967|10|5|0|0|780000|1|7999|788059
1200000|1|5967|10|5|1|2|780000|1|7999|754908
1200000|1|5967|10|5|0|0|780000|2|16004|794999
1200000|1|5967|10|5|1|2|780000|2|16004|758070
1200000|1|5967|10|5|0|0|780000|3|24011|802960
1200000|1|5967|10|5|1|2|780000|3|24011|762008
1200000|1|5967|10|5|0|0|780000|4|32019|811265
1200000|1|5967|10|5|1|2|780000|4|32019|766456
1200000|1|5968|10|1|0|0|780000|0|0|809805
1200000|1|5968|10|1|1|2|780000|0|0|803388
1200000|1|5968|10|1|0|0|780000|1|8005|817778
1200000|1|5968|10|1|1|2|780000|1|8005|806624
1200000|1|5968|10|1|0|0|780000|2|16011|825694
1200000|1|5968|10|1|1|2|780000|2|16011|810016
1200000|1|5968|10|1|0|0|780000|3|24018|833492
1200000|1|5968|10|1|1|2|780000|3|24018|813722
1200000|1|5968|10|1|0|0|780000|4|32024|841760
1200000|1|5968|10|1|1|2|780000|4|32024|818169
1200000|1|5968|10|2|0|0|780000|0|0|808556
1200000|1|5968|10|2|1|2|780000|0|0|799760
1200000|1|5968|10|2|0|0|780000|1|8002|815632
1200000|1|5968|10|2|1|2|780000|1|8002|801669
1200000|1|5968|10|2|0|0|780000|2|16006|823120
1200000|1|5968|10|2|1|2|780000|2|16006|804280
1200000|1|5968|10|2|0|0|780000|3|24012|830610
1200000|1|5968|10|2|1|2|780000|3|24012|807755
1200000|1|5968|10|2|0|0|780000|4|32018|838409
1200000|1|5968|10|2|1|2|780000|4|32018|810916
1200000|1|5968|10|3|0|0|780000|0|0|756182
1200000|1|5968|10|3|1|2|780000|0|0|728819
1200000|1|5968|10|3|0|0|780000|1|7994|761619
1200000|1|5968|10|3|1|2|780000|1|7994|727960
1200000|1|5968|10|3|0|0|780000|2|15994|768013
1200000|1|5968|10|3|1|2|780000|2|15994|728739
1200000|1|5968|10|3|0|0|780000|3|23997|774527
1200000|1|5968|10|3|1|2|780000|3|23997|730262
1200000|1|5968|10|3|0|0|780000|4|32002|781664
1200000|1|5968|10|3|1|2|780000|4|32002|732952
1200000|1|5968|10|4|0|0|780000|0|0|762185
1200000|1|5968|10|4|1|2|780000|0|0|755382
1200000|1|5968|10|4|0|0|780000|1|7994|768560
1200000|1|5968|10|4|1|2|780000|1|7994|757833
1200000|1|5968|10|4|0|0|780000|2|15993|775892
1200000|1|5968|10|4|1|2|780000|2|15993|760412
1200000|1|5968|10|4|0|0|780000|3|23995|783574
1200000|1|5968|10|4|1|2|780000|3|23995|762516
1200000|1|5968|10|4|0|0|780000|4|31999|790751
1200000|1|5968|10|4|1|2|780000|4|31999|764546
1200000|1|5968|10|5|0|0|780000|0|0|761403
1200000|1|5968|10|5|1|2|780000|0|0|737551
1200000|1|5968|10|5|0|0|780000|1|7976|768443
1200000|1|5968|10|5|1|2|780000|1|7976|735835
1200000|1|5968|10|5|0|0|780000|2|15965|776556
1200000|1|5968|10|5|1|2|780000|2|15965|735604
1200000|1|5968|10|5|0|0|780000|3|23961|784782
1200000|1|5968|10|5|1|2|780000|3|23961|736308
1200000|1|5968|10|5|0|0|780000|4|31962|793481
1200000|1|5968|10|5|1|2|780000|4|31962|738137
1200000|1|5969|10|1|0|0|780000|0|0|783207
1200000|1|5969|10|1|1|2|780000|0|0|777448
1200000|1|5969|10|1|0|0|780000|1|8002|790786
1200000|1|5969|10|1|1|2|780000|1|8002|780061
1200000|1|5969|10|1|0|0|780000|2|16008|799214
1200000|1|5969|10|1|1|2|780000|2|16008|783768
1200000|1|5969|10|1|0|0|780000|3|24014|808187
1200000|1|5969|10|1|1|2|780000|3|24014|788060
1200000|1|5969|10|1|0|0|780000|4|32022|817115
1200000|1|5969|10|1|1|2|780000|4|32022|792273
1200000|1|5969|10|2|0|0|780000|0|0|770878
1200000|1|5969|10|2|1|2|780000|0|0|762789
1200000|1|5969|10|2|0|0|780000|1|7987|779051
1200000|1|5969|10|2|1|2|780000|1|7987|764778
1200000|1|5969|10|2|0|0|780000|2|15984|788723
1200000|1|5969|10|2|1|2|780000|2|15984|768168
1200000|1|5969|10|2|0|0|780000|3|23986|798746
1200000|1|5969|10|2|1|2|780000|3|23986|771520
1200000|1|5969|10|2|0|0|780000|4|31991|808769
1200000|1|5969|10|2|1|2|780000|4|31991|775308
1200000|1|5969|10|3|0|0|780000|0|1|815421
1200000|1|5969|10|3|1|2|780000|0|1|827722
1200000|1|5969|10|3|0|0|780000|1|8009|824720
1200000|1|5969|10|3|1|2|780000|1|8009|839148
1200000|1|5969|10|3|0|0|780000|2|16017|834196
1200000|1|5969|10|3|1|2|780000|2|16017|847924
1200000|1|5969|10|3|0|0|780000|3|24027|843518
1200000|1|5969|10|3|1|2|780000|3|24027|854479
1200000|1|5969|10|3|0|0|780000|4|32035|852952
1200000|1|5969|10|3|1|2|780000|4|32035|860091
1200000|1|5969|10|4|0|0|780000|0|0|816628
1200000|1|5969|10|4|1|2|780000|0|0|836264
1200000|1|5969|10|4|0|0|780000|1|8007|825110
1200000|1|5969|10|4|1|2|780000|1|8007|848741
1200000|1|5969|10|4|0|0|780000|2|16016|833376
1200000|1|5969|10|4|1|2|780000|2|16016|858064
1200000|1|5969|10|4|0|0|780000|3|24025|841721
1200000|1|5969|10|4|1|2|780000|3|24025|864967
1200000|1|5969|10|4|0|0|780000|4|32034|849253
1200000|1|5969|10|4|1|2|780000|4|32034|871051
1200000|1|5969|10|5|0|0|780000|0|0|761211
1200000|1|5969|10|5|1|2|780000|0|0|742044
1200000|1|5969|10|5|0|0|780000|1|7981|767820
1200000|1|5969|10|5|1|2|780000|1|7981|741065
1200000|1|5969|10|5|0|0|780000|2|15974|775030
1200000|1|5969|10|5|1|2|780000|2|15974|742743
1200000|1|5969|10|5|0|0|780000|3|23974|782288
1200000|1|5969|10|5|1|2|780000|3|23974|745861
1200000|1|5969|10|5|0|0|780000|4|31979|789698
1200000|1|5969|10|5|1|2|780000|4|31979|749919
1200000|1|5970|10|1|0|0|780000|0|0|756764
1200000|1|5970|10|1|1|2|780000|0|0|738959
1200000|1|5970|10|1|0|0|780000|1|7982|762984
1200000|1|5970|10|1|1|2|780000|1|7982|738684
1200000|1|5970|10|1|0|0|780000|2|15976|769614
1200000|1|5970|10|1|1|2|780000|2|15976|740714
1200000|1|5970|10|1|0|0|780000|3|23976|776279
1200000|1|5970|10|1|1|2|780000|3|23976|744300
1200000|1|5970|10|1|0|0|780000|4|31982|782640
1200000|1|5970|10|1|1|2|780000|4|31982|748745
1200000|1|5970|10|2|0|0|780000|0|0|757427
1200000|1|5970|10|2|1|2|780000|0|0|738102
1200000|1|5970|10|2|0|0|780000|1|7979|763725
1200000|1|5970|10|2|1|2|780000|1|7979|736776
1200000|1|5970|10|2|0|0|780000|2|15971|770315
1200000|1|5970|10|2|1|2|780000|2|15971|738061
1200000|1|5970|10|2|0|0|780000|3|23971|776514
1200000|1|5970|10|2|1|2|780000|3|23971|740325
1200000|1|5970|10|2|0|0|780000|4|31974|782989
1200000|1|5970|10|2|1|2|780000|4|31974|743481
1200000|1|5970|10|3|0|0|780000|0|0|810584
1200000|1|5970|10|3|1|2|780000|0|0|797536
1200000|1|5970|10|3|0|0|780000|1|7997|817817
1200000|1|5970|10|3|1|2|780000|1|7997|797458
1200000|1|5970|10|3|0|0|780000|2|16000|824136
1200000|1|5970|10|3|1|2|780000|2|16000|798983
1200000|1|5970|10|3|0|0|780000|3|24005|830259
1200000|1|5970|10|3|1|2|780000|3|24005|800927
1200000|1|5970|10|3|0|0|780000|4|32011|836028
1200000|1|5970|10|3|1|2|780000|4|32011|803073
1200000|1|5970|10|4|0|0|780000|0|0|803252
1200000|1|5970|10|4|1|2|780000|0|0|788411
1200000|1|5970|10|4|0|0|780000|1|7996|808225
1200000|1|5970|10|4|1|2|780000|1|7996|786852
1200000|1|5970|10|4|0|0|780000|2|15997|812941
1200000|1|5970|10|4|1|2|780000|2|15997|787242
1200000|1|5970|10|4|0|0|780000|3|24000|817348
1200000|1|5970|10|4|1|2|780000|3|24000|788177
1200000|1|5970|10|4|0|0|780000|4|32005|822420
1200000|1|5970|10|4|1|2|780000|4|32005|789699
1200000|1|5970|10|5|0|0|780000|0|0|767917
1200000|1|5970|10|5|1|2|780000|0|0|771289
1200000|1|5970|10|5|0|0|780000|1|8000|769260
1200000|1|5970|10|5|1|2|780000|1|8000|774957
1200000|1|5970|10|5|0|0|780000|2|16003|772381
1200000|1|5970|10|5|1|2|780000|2|16003|778544
1200000|1|5970|10|5|0|0|780000|3|24007|776009
1200000|1|5970|10|5|1|2|780000|3|24007|782091
1200000|1|5970|10|5|0|0|780000|4|32013|780337
1200000|1|5970|10|5|1|2|780000|4|32013|785405
1200000|1|5971|10|1|0|0|780000|0|0|793579
1200000|1|5971|10|1|1|2|780000|0|0|787083
1200000|1|5971|10|1|0|0|780000|1|7994|796718
1200000|1|5971|10|1|1|2|780000|1|7994|789309
1200000|1|5971|10|1|0|0|780000|2|15992|800225
1200000|1|5971|10|1|1|2|780000|2|15992|792155
1200000|1|5971|10|1|0|0|780000|3|23994|804206
1200000|1|5971|10|1|1|2|780000|3|23994|794339
1200000|1|5971|10|1|0|0|780000|4|31998|808184
1200000|1|5971|10|1|1|2|780000|4|31998|796329
1200000|1|5971|10|2|0|0|780000|0|0|772711
1200000|1|5971|10|2|1|2|780000|0|0|768049
1200000|1|5971|10|2|0|0|780000|1|7995|777569
1200000|1|5971|10|2|1|2|780000|1|7995|769651
1200000|1|5971|10|2|0|0|780000|2|15995|782441
1200000|1|5971|10|2|1|2|780000|2|15995|770703
1200000|1|5971|10|2|0|0|780000|3|23998|787510
1200000|1|5971|10|2|1|2|780000|3|23998|771721
1200000|1|5971|10|2|0|0|780000|4|32002|792739
1200000|1|5971|10|2|1|2|780000|4|32002|773006
1200000|1|5971|10|3|0|0|780000|0|0|797637
1200000|1|5971|10|3|1|2|780000|0|0|796135
1200000|1|5971|10|3|0|0|780000|1|7997|801789
1200000|1|5971|10|3|1|2|780000|1|7997|798241
1200000|1|5971|10|3|0|0|780000|2|15998|805802
1200000|1|5971|10|3|1|2|780000|2|15998|800464
1200000|1|5971|10|3|0|0|780000|3|24002|809509
1200000|1|5971|10|3|1|2|780000|3|24002|802527
1200000|1|5971|10|3|0|0|780000|4|32007|812435
1200000|1|5971|10|3|1|2|780000|4|32007|804047
1200000|1|5971|10|4|0|0|780000|0|0|731454
1200000|1|5971|10|4|1|2|780000|0|0|713766
1200000|1|5971|10|4|0|0|780000|1|7976|731707
1200000|1|5971|10|4|1|2|780000|1|7976|709827
1200000|1|5971|10|4|0|0|780000|2|15964|732600
1200000|1|5971|10|4|1|2|780000|2|15964|708226
1200000|1|5971|10|4|0|0|780000|3|23959|734668
1200000|1|5971|10|4|1|2|780000|3|23959|707799
1200000|1|5971|10|4|0|0|780000|4|31958|736072
1200000|1|5971|10|4|1|2|780000|4|31958|707603
1200000|1|5971|10|5|0|0|780000|0|0|733601
1200000|1|5971|10|5|1|2|780000|0|0|715912
1200000|1|5971|10|5|0|0|780000|1|7975|734395
1200000|1|5971|10|5|1|2|780000|1|7975|711620
1200000|1|5971|10|5|0|0|780000|2|15961|735407
1200000|1|5971|10|5|1|2|780000|2|15961|709282
1200000|1|5971|10|5|0|0|780000|3|23955|737126
1200000|1|5971|10|5|1|2|780000|3|23955|707953
1200000|1|5971|10|5|0|0|780000|4|31953|738803
1200000|1|5971|10|5|1|2|780000|4|31953|707563
1200000|1|5972|10|1|0|0|780000|0|0|737149
1200000|1|5972|10|1|1|2|780000|0|0|717669
1200000|1|5972|10|1|0|0|780000|1|7974|738841
1200000|1|5972|10|1|1|2|780000|1|7974|713298
1200000|1|5972|10|1|0|0|780000|2|15961|741412
1200000|1|5972|10|1|1|2|780000|2|15961|711152
1200000|1|5972|10|1|0|0|780000|3|23956|744187
1200000|1|5972|10|1|1|2|780000|3|23956|710999
1200000|1|5972|10|1|0|0|780000|4|31955|747500
1200000|1|5972|10|1|1|2|780000|4|31955|711500
1200000|1|5972|10|2|0|0|780000|0|0|788120
1200000|1|5972|10|2|1|2|780000|0|0|781198
1200000|1|5972|10|2|0|0|780000|1|8001|792000
1200000|1|5972|10|2|1|2|780000|1|8001|780690
1200000|1|5972|10|2|0|0|780000|2|16003|795079
1200000|1|5972|10|2|1|2|780000|2|16003|780379
1200000|1|5972|10|2|0|0|780000|3|24006|798162
1200000|1|5972|10|2|1|2|780000|3|24006|779675
1200000|1|5972|10|2|0|0|780000|4|32010|801671
1200000|1|5972|10|2|1|2|780000|4|32010|779754
1200000|1|5972|10|3|0|0|780000|0|0|765152
1200000|1|5972|10|3|1|2|780000|0|0|742276
1200000|1|5972|10|3|0|0|780000|1|7993|768560
1200000|1|5972|10|3|1|2|780000|1|7993|739700
1200000|1|5972|10|3|0|0|780000|2|15993|771797
1200000|1|5972|10|3|1|2|780000|2|15993|738101
1200000|1|5972|10|3|0|0|780000|3|23994|775150
1200000|1|5972|10|3|1|2|780000|3|23994|737749
1200000|1|5972|10|3|0|0|780000|4|31997|778779
1200000|1|5972|10|3|1|2|780000|4|31997|737788
1200000|1|5972|10|4|0|0|780000|0|0|788744
1200000|1|5972|10|4|1|2|780000|0|0|782052
1200000|1|5972|10|4|0|0|780000|1|7999|792347
1200000|1|5972|10|4|1|2|780000|1|7999|781548
1200000|1|5972|10|4|0|0|780000|2|15999|796013
1200000|1|5972|10|4|1|2|780000|2|15999|781587
1200000|1|5972|10|4|0|0|780000|3|24001|799720
1200000|1|5972|10|4|1|2|780000|3|24001|781428
1200000|1|5972|10|4|0|0|780000|4|32002|803308
1200000|1|5972|10|4|1|2|780000|4|32002|781894
1200000|1|5972|10|5|0|0|780000|0|0|744202
1200000|1|5972|10|5|1|2|780000|0|0|721642
1200000|1|5972|10|5|0|0|780000|1|7973|747033
1200000|1|5972|10|5|1|2|780000|1|7973|716612
1200000|1|5972|10|5|0|0|780000|2|15957|750621
1200000|1|5972|10|5|1|2|780000|2|15957|715204
1200000|1|5972|10|5|0|0|780000|3|23951|754909
1200000|1|5972|10|5|1|2|780000|3|23951|715169
1200000|1|5972|10|5|0|0|780000|4|31948|759355
1200000|1|5972|10|5|1|2|780000|4|31948|715053
1200000|1|5973|10|1|0|0|780000|0|0|773608
1200000|1|5973|10|1|1|2|780000|0|0|770158
1200000|1|5973|10|1|0|0|780000|1|7999|778349
1200000|1|5973|10|1|1|2|780000|1|7999|772223
1200000|1|5973|10|1|0|0|780000|2|16001|783185
1200000|1|5973|10|1|1|2|780000|2|16001|774250
1200000|1|5973|10|1|0|0|780000|3|24004|788216
1200000|1|5973|10|1|1|2|780000|3|24004|776555
1200000|1|5973|10|1|0|0|780000|4|32009|793522
1200000|1|5973|10|1|1|2|780000|4|32009|778075
1200000|1|5973|10|2|0|0|780000|0|0|801495
1200000|1|5973|10|2|1|2|780000|0|0|817036
1200000|1|5973|10|2|0|0|780000|1|8001|806854
1200000|1|5973|10|2|1|2|780000|1|8001|825500
1200000|1|5973|10|2|0|0|780000|2|16002|811965
1200000|1|5973|10|2|1|2|780000|2|16002|831740
1200000|1|5973|10|2|0|0|780000|3|24005|817154
1200000|1|5973|10|2|1|2|780000|3|24005|835446
1200000|1|5973|10|2|0|0|780000|4|32008|822692
1200000|1|5973|10|2|1|2|780000|4|32008|837747
1200000|1|5973|10|3|0|0|780000|0|0|797714
1200000|1|5973|10|3|1|2|780000|0|0|810370
1200000|1|5973|10|3|0|0|780000|1|8003|803152
1200000|1|5973|10|3|1|2|780000|1|8003|819222
1200000|1|5973|10|3|0|0|780000|2|16007|808141
1200000|1|5973|10|3|1|2|780000|2|16007|824564
1200000|1|5973|10|3|0|0|780000|3|24010|813372
1200000|1|5973|10|3|1|2|780000|3|24010|827100
1200000|1|5973|10|3|0|0|780000|4|32013|818322
1200000|1|5973|10|3|1|2|780000|4|32013|828659
1200000|1|5973|10|4|0|0|780000|0|0|749629
1200000|1|5973|10|4|1|2|780000|0|0|727612
1200000|1|5973|10|4|0|0|780000|1|7973|751049
1200000|1|5973|10|4|1|2|780000|1|7973|723944
1200000|1|5973|10|4|0|0|780000|2|15960|753467
1200000|1|5973|10|4|1|2|780000|2|15960|723318
1200000|1|5973|10|4|0|0|780000|3|23955|756938
1200000|1|5973|10|4|1|2|780000|3|23955|722930
1200000|1|5973|10|4|0|0|780000|4|31954|760489
1200000|1|5973|10|4|1|2|780000|4|31954|723433
1200000|1|5973|10|5|0|0|780000|0|0|796231
1200000|1|5973|10|5|1|2|780000|0|0|793637
1200000|1|5973|10|5|0|0|780000|1|8002|798471
1200000|1|5973|10|5|1|2|780000|1|8002|795859
1200000|1|5973|10|5|0|0|780000|2|16006|800582
1200000|1|5973|10|5|1|2|780000|2|16006|797652
1200000|1|5973|10|5|0|0|780000|3|24010|804052
1200000|1|5973|10|5|1|2|780000|3|24010|799255
1200000|1|5973|10|5|0|0|780000|4|32014|807716
1200000|1|5973|10|5|1|2|780000|4|32014|801085
1200000|1|5974|10|1|0|0|780000|0|0|777904
1200000|1|5974|10|1|1|2|780000|0|0|772501
1200000|1|5974|10|1|0|0|780000|1|7995|782288
1200000|1|5974|10|1|1|2|780000|1|7995|776477
1200000|1|5974|10|1|0|0|780000|2|15995|787356
1200000|1|5974|10|1|1|2|780000|2|15995|779363
1200000|1|5974|10|1|0|0|780000|3|23999|792233
1200000|1|5974|10|1|1|2|780000|3|23999|781859
1200000|1|5974|10|1|0|0|780000|4|32003|797575
1200000|1|5974|10|1|1|2|780000|4|32003|784078
1200000|1|5974|10|2|0|0|780000|0|0|753410
1200000|1|5974|10|2|1|2|780000|0|0|733575
1200000|1|5974|10|2|0|0|780000|1|7976|758811
1200000|1|5974|10|2|1|2|780000|1|7976|731783
1200000|1|5974|10|2|0|0|780000|2|15966|765012
1200000|1|5974|10|2|1|2|780000|2|15966|731900
1200000|1|5974|10|2|0|0|780000|3|23963|771916
1200000|1|5974|10|2|1|2|780000|3|23963|733614
1200000|1|5974|10|2|0|0|780000|4|31965|778935
1200000|1|5974|10|2|1|2|780000|4|31965|736228
1200000|1|5974|10|3|0|0|780000|0|0|779189
1200000|1|5974|10|3|1|2|780000|0|0|755964
1200000|1|5974|10|3|0|0|780000|1|7997|785680
1200000|1|5974|10|3|1|2|780000|1|7997|757678
1200000|1|5974|10|3|0|0|780000|2|16000|792584
1200000|1|5974|10|3|1|2|780000|2|16000|760566
1200000|1|5974|10|3|0|0|780000|3|24005|799604
1200000|1|5974|10|3|1|2|780000|3|24005|764310
1200000|1|5974|10|3|0|0|780000|4|32011|806585
1200000|1|5974|10|3|1|2|780000|4|32011|768052
1200000|1|5974|10|4|0|0|780000|0|0|755049
1200000|1|5974|10|4|1|2|780000|0|0|735490
1200000|1|5974|10|4|0|0|780000|1|7979|759163
1200000|1|5974|10|4|1|2|780000|1|7979|733889
1200000|1|5974|10|4|0|0|780000|2|15969|764074
1200000|1|5974|10|4|1|2|780000|2|15969|735450
1200000|1|5974|10|4|0|0|780000|3|23967|769611
1200000|1|5974|10|4|1|2|780000|3|23967|738371
1200000|1|5974|10|4|0|0|780000|4|31969|775851
1200000|1|5974|10|4|1|2|780000|4|31969|741457
1200000|1|5974|10|5|0|0|780000|0|0|804696
1200000|1|5974|10|5|1|2|780000|0|0|786461
1200000|1|5974|10|5|0|0|780000|1|8000|809196
1200000|1|5974|10|5|1|2|780000|1|8000|797306
1200000|1|5974|10|5|0|0|780000|2|16005|813371
1200000|1|5974|10|5|1|2|780000|2|16005|805024
1200000|1|5974|10|5|0|0|780000|3|24010|818284
1200000|1|5974|10|5|1|2|780000|3|24010|810720
1200000|1|5974|10|5|0|0|780000|4|32017|823317
1200000|1|5974|10|5|1|2|780000|4|32017|815439
1200000|1|5975|10|1|0|0|780000|0|0|777938
1200000|1|5975|10|1|1|2|780000|0|0|756979
1200000|1|5975|10|1|0|0|780000|1|7996|780533
1200000|1|5975|10|1|1|2|780000|1|7996|759510
1200000|1|5975|10|1|0|0|780000|2|15999|784823
1200000|1|5975|10|1|1|2|780000|2|15999|762008
1200000|1|5975|10|1|0|0|780000|3|24003|789737
1200000|1|5975|10|1|1|2|780000|3|24003|764151
1200000|1|5975|10|1|0|0|780000|4|32008|795039
1200000|1|5975|10|1|1|2|780000|4|32008|767155
1200000|1|5975|10|2|0|0|780000|0|0|759027
1200000|1|5975|10|2|1|2|780000|0|0|736308
1200000|1|5975|10|2|0|0|780000|1|7976|764815
1200000|1|5975|10|2|1|2|780000|1|7976|734472
1200000|1|5975|10|2|0|0|780000|2|15965|771677
1200000|1|5975|10|2|1|2|780000|2|15965|734749
1200000|1|5975|10|2|0|0|780000|3|23962|778976
1200000|1|5975|10|2|1|2|780000|3|23962|736264
1200000|1|5975|10|2|0|0|780000|4|31964|786266
1200000|1|5975|10|2|1|2|780000|4|31964|738372
1200000|1|5975|10|3|0|0|780000|0|0|812807
1200000|1|5975|10|3|1|2|780000|0|0|826086
1200000|1|5975|10|3|0|0|780000|1|8007|820894
1200000|1|5975|10|3|1|2|780000|1|8007|836967
1200000|1|5975|10|3|0|0|780000|2|16013|828776
1200000|1|5975|10|3|1|2|780000|2|16013|844336
1200000|1|5975|10|3|0|0|780000|3|24018|836304
1200000|1|5975|10|3|1|2|780000|3|24018|849328
1200000|1|5975|10|3|0|0|780000|4|32025|844218
1200000|1|5975|10|3|1|2|780000|4|32025|853349
1200000|1|5975|10|4|0|0|780000|0|0|762770
1200000|1|5975|10|4|1|2|780000|0|0|740637
1200000|1|5975|10|4|0|0|780000|1|7978|769337
1200000|1|5975|10|4|1|2|780000|1|7978|739469
1200000|1|5975|10|4|0|0|780000|2|15969|777020
1200000|1|5975|10|4|1|2|780000|2|15969|740129
1200000|1|5975|10|4|0|0|780000|3|23967|785292
1200000|1|5975|10|4|1|2|780000|3|23967|741376
1200000|1|5975|10|4|0|0|780000|4|31969|793951
1200000|1|5975|10|4|1|2|780000|4|31969|743912
1200000|1|5975|10|5|0|0|780000|0|0|763159
1200000|1|5975|10|5|1|2|780000|0|0|742550
1200000|1|5975|10|5|0|0|780000|1|7979|769730
1200000|1|5975|10|5|1|2|780000|1|7979|741533
1200000|1|5975|10|5|0|0|780000|2|15971|777142
1200000|1|5975|10|5|1|2|780000|2|15971|743908
1200000|1|5975|10|5|0|0|780000|3|23971|785215
1200000|1|5975|10|5|1|2|780000|3|23971|746681
1200000|1|5975|10|5|0|0|780000|4|31975|793636
1200000|1|5975|10|5|1|2|780000|4|31975|750229
1200000|1|5976|10|1|0|0|780000|0|0|762419
1200000|1|5976|10|1|1|2|780000|0|0|743953
1200000|1|5976|10|1|0|0|780000|1|7981|769574
1200000|1|5976|10|1|1|2|780000|1|7981|744381
1200000|1|5976|10|1|0|0|780000|2|15975|776985
1200000|1|5976|10|1|1|2|780000|2|15975|748047
1200000|1|5976|10|1|0|0|780000|3|23977|785095
1200000|1|5976|10|1|1|2|780000|3|23977|751943
1200000|1|5976|10|1|0|0|780000|4|31984|793207
1200000|1|5976|10|1|1|2|780000|4|31984|756509
1200000|1|5976|10|2|0|0|780000|0|0|760275
1200000|1|5976|10|2|1|2|780000|0|0|742470
1200000|1|5976|10|2|0|0|780000|1|7982|766998
1200000|1|5976|10|2|1|2|780000|1|7982|743481
1200000|1|5976|10|2|0|0|780000|2|15978|774406
1200000|1|5976|10|2|1|2|780000|2|15978|747184
1200000|1|5976|10|2|0|0|780000|3|23981|782406
1200000|1|5976|10|2|1|2|780000|3|23981|751089
1200000|1|5976|10|2|0|0|780000|4|31989|790945
1200000|1|5976|10|2|1|2|780000|4|31989|755691
1200000|1|5976|10|3|0|0|780000|0|0|763707
1200000|1|5976|10|3|1|2|780000|0|0|745940
1200000|1|5976|10|3|0|0|780000|1|7983|771056
1200000|1|5976|10|3|1|2|780000|1|7983|747656
1200000|1|5976|10|3|0|0|780000|2|15980|779324
1200000|1|5976|10|3|1|2|780000|2|15980|751832
1200000|1|5976|10|3|0|0|780000|3|23985|787393
1200000|1|5976|10|3|1|2|780000|3|23985|757016
1200000|1|5976|10|3|0|0|780000|4|31994|796328
1200000|1|5976|10|3|1|2|780000|4|31994|762671
1200000|1|5976|10|4|0|0|780000|0|0|804151
1200000|1|5976|10|4|1|2|780000|0|0|807835
1200000|1|5976|10|4|0|0|780000|1|8007|812203
1200000|1|5976|10|4|1|2|780000|1|8007|815437
1200000|1|5976|10|4|0|0|780000|2|16018|820742
1200000|1|5976|10|4|1|2|780000|2|16018|822964
1200000|1|5976|10|4|0|0|780000|3|24030|829321
1200000|1|5976|10|4|1|2|780000|3|24030|830177
1200000|1|5976|10|4|0|0|780000|4|32043|837902
1200000|1|5976|10|4|1|2|780000|4|32043|837278
1200000|1|5976|10|5|0|0|780000|0|1|774158
1200000|1|5976|10|5|1|2|780000|0|1|761188
1200000|1|5976|10|5|0|0|780000|1|7998|781782
1200000|1|5976|10|5|1|2|780000|1|7998|761813
1200000|1|5976|10|5|0|0|780000|2|16002|790282
1200000|1|5976|10|5|1|2|780000|2|16002|765091
1200000|1|5976|10|5|0|0|780000|3|24010|799139
1200000|1|5976|10|5|1|2|780000|3|24010|770471
1200000|1|5976|10|5|0|0|780000|4|32020|808027
1200000|1|5976|10|5|1|2|780000|4|32020|776137
1200000|1|5977|10|1|0|0|780000|0|0|759727
1200000|1|5977|10|1|1|2|780000|0|0|756121
1200000|1|5977|10|1|0|0|780000|1|7990|766417
1200000|1|5977|10|1|1|2|780000|1|7990|759898
1200000|1|5977|10|1|0|0|780000|2|15990|773670
1200000|1|5977|10|1|1|2|780000|2|15990|765675
1200000|1|5977|10|1|0|0|780000|3|23996|781275
1200000|1|5977|10|1|1|2|780000|3|23996|771054
1200000|1|5977|10|1|0|0|780000|4|32005|789464
1200000|1|5977|10|1|1|2|780000|4|32005|776674
1200000|1|5977|10|2|0|0|780000|0|0|759921
1200000|1|5977|10|2|1|2|780000|0|0|743564
1200000|1|5977|10|2|0|0|780000|1|7983|766727
1200000|1|5977|10|2|1|2|780000|1|7983|746488
1200000|1|5977|10|2|0|0|780000|2|15981|774290
1200000|1|5977|10|2|1|2|780000|2|15981|751517
1200000|1|5977|10|2|0|0|780000|3|23985|782092
1200000|1|5977|10|2|1|2|780000|3|23985|757211
1200000|1|5977|10|2|0|0|780000|4|31994|790292
1200000|1|5977|10|2|1|2|780000|4|31994|763607
1200000|1|5977|10|3|0|0|780000|0|0|759971
1200000|1|5977|10|3|1|2|780000|0|0|747811
1200000|1|5977|10|3|0|0|780000|1|7985|766581
1200000|1|5977|10|3|1|2|780000|1|7985|751240
1200000|1|5977|10|3|0|0|780000|2|15983|773757
1200000|1|5977|10|3|1|2|780000|2|15983|757250
1200000|1|5977|10|3|0|0|780000|3|23989|781517
1200000|1|5977|10|3|1|2|780000|3|23989|763646
1200000|1|5977|10|3|0|0|780000|4|31998|789669
1200000|1|5977|10|3|1|2|780000|4|31998|770900
1200000|1|5977|10|4|0|0|780000|0|0|803690
1200000|1|5977|10|4|1|2|780000|0|0|809794
1200000|1|5977|10|4|0|0|780000|1|8009|811509
1200000|1|5977|10|4|1|2|780000|1|8009|819036
1200000|1|5977|10|4|0|0|780000|2|16021|819815
1200000|1|5977|10|4|1|2|780000|2|16021|827967
1200000|1|5977|10|4|0|0|780000|3|24035|827223
1200000|1|5977|10|4|1|2|780000|3|24035|836312
1200000|1|5977|10|4|0|0|780000|4|32048|835182
1200000|1|5977|10|4|1|2|780000|4|32048|842358
1200000|1|5977|10|5|0|0|780000|0|0|801078
1200000|1|5977|10|5|1|2|780000|0|0|804683
1200000|1|5977|10|5|0|0|780000|1|8008|808817
1200000|1|5977|10|5|1|2|780000|1|8008|812445
1200000|1|5977|10|5|0|0|780000|2|16017|815760
1200000|1|5977|10|5|1|2|780000|2|16017|820788
1200000|1|5977|10|5|0|0|780000|3|24030|823364
1200000|1|5977|10|5|1|2|780000|3|24030|827889
1200000|1|5977|10|5|0|0|780000|4|32040|831164
1200000|1|5977|10|5|1|2|780000|4|32040|834945
1200000|1|5978|10|1|0|0|780000|0|0|799556
1200000|1|5978|10|1|1|2|780000|0|0|801486
1200000|1|5978|10|1|0|0|780000|1|8004|806126
1200000|1|5978|10|1|1|2|780000|1|8004|808076
1200000|1|5978|10|1|0|0|780000|2|16012|812483
1200000|1|5978|10|1|1|2|780000|2|16012|814745
1200000|1|5978|10|1|0|0|780000|3|24022|819464
1200000|1|5978|10|1|1|2|780000|3|24022|820361
1200000|1|5978|10|1|0|0|780000|4|32031|826096
1200000|1|5978|10|1|1|2|780000|4|32031|825507
1200000|1|5978|10|2|0|0|780000|0|0|804042
1200000|1|5978|10|2|1|2|780000|0|0|782139
1200000|1|5978|10|2|0|0|780000|1|8000|812094
1200000|1|5978|10|2|1|2|780000|1|8000|785965
1200000|1|5978|10|2|0|0|780000|2|16006|820361
1200000|1|5978|10|2|1|2|780000|2|16006|791111
1200000|1|5978|10|2|0|0|780000|3|24015|828903
1200000|1|5978|10|2|1|2|780000|3|24015|796572
1200000|1|5978|10|2|0|0|780000|4|32024|836391
1200000|1|5978|10|2|1|2|780000|4|32024|802265
1200000|1|5978|10|3|0|0|780000|0|0|826467
1200000|1|5978|10|3|1|2|780000|0|0|826562
1200000|1|5978|10|3|0|0|780000|1|8000|834128
1200000|1|5978|10|3|1|2|780000|1|8000|832649
1200000|1|5978|10|3|0|0|780000|2|16005|841736
1200000|1|5978|10|3|1|2|780000|2|16005|838494
1200000|1|5978|10|3|0|0|780000|3|24012|849027
1200000|1|5978|10|3|1|2|780000|3|24012|844541
1200000|1|5978|10|3|0|0|780000|4|32020|855462
1200000|1|5978|10|3|1|2|780000|4|32020|850002
1200000|1|5978|10|4|0|0|780000|0|0|794174
1200000|1|5978|10|4|1|2|780000|0|0|774576
1200000|1|5978|10|4|0|0|780000|1|7999|799496
1200000|1|5978|10|4|1|2|780000|1|7999|776796
1200000|1|5978|10|4|0|0|780000|2|16004|805191
1200000|1|5978|10|4|1|2|780000|2|16004|780347
1200000|1|5978|10|4|0|0|780000|3|24011|810379
1200000|1|5978|10|4|1|2|780000|3|24011|784481
1200000|1|5978|10|4|0|0|780000|4|32020|815449
1200000|1|5978|10|4|1|2|780000|4|32020|788771
1200000|1|5978|10|5|0|0|780000|0|0|806150
1200000|1|5978|10|5|1|2|780000|0|0|807023
1200000|1|5978|10|5|0|0|780000|1|7998|810806
1200000|1|5978|10|5|1|2|780000|1|7998|811471
1200000|1|5978|10|5|0|0|780000|2|16000|814629
1200000|1|5978|10|5|1|2|780000|2|16000|816189
1200000|1|5978|10|5|0|0|780000|3|24007|819464
1200000|1|5978|10|5|1|2|780000|3|24007|820635
1200000|1|5978|10|5|0|0|780000|4|32014|824024
1200000|1|5978|10|5|1|2|780000|4|32014|824534
1200000|1|5979|10|1|0|0|780000|0|0|791952
1200000|1|5979|10|1|1|2|780000|0|0|771026
1200000|1|5979|10|1|0|0|780000|1|7997|796923
1200000|1|5979|10|1|1|2|780000|1|7997|771650
1200000|1|5979|10|1|0|0|780000|2|15999|802341
1200000|1|5979|10|1|1|2|780000|2|15999|773483
1200000|1|5979|10|1|0|0|780000|3|24004|807219
1200000|1|5979|10|1|1|2|780000|3|24004|775746
1200000|1|5979|10|1|0|0|780000|4|32011|811859
1200000|1|5979|10|1|1|2|780000|4|32011|778125
1200000|1|5979|10|2|0|0|780000|0|0|795111
1200000|1|5979|10|2|1|2|780000|0|0|779921
1200000|1|5979|10|2|0|0|780000|1|7995|799457
1200000|1|5979|10|2|1|2|780000|1|7995|777812
1200000|1|5979|10|2|0|0|780000|2|15996|803046
1200000|1|5979|10|2|1|2|780000|2|15996|777148
1200000|1|5979|10|2|0|0|780000|3|23998|806244
1200000|1|5979|10|2|1|2|780000|3|23998|777308
1200000|1|5979|10|2|0|0|780000|4|32003|808663
1200000|1|5979|10|2|1|2|780000|4|32003|777578
1200000|1|5979|10|3|0|0|780000|0|0|741135
1200000|1|5979|10|3|1|2|780000|0|0|727387
1200000|1|5979|10|3|0|0|780000|1|7991|743571
1200000|1|5979|10|3|1|2|780000|1|7991|724227
1200000|1|5979|10|3|0|0|780000|2|15987|746067
1200000|1|5979|10|3|1|2|780000|2|15987|722666
1200000|1|5979|10|3|0|0|780000|3|23987|749146
1200000|1|5979|10|3|1|2|780000|3|23987|722823
1200000|1|5979|10|3|0|0|780000|4|31989|752383
1200000|1|5979|10|3|1|2|780000|4|31989|724223
1200000|1|5979|10|4|0|0|780000|0|0|763132
1200000|1|5979|10|4|1|2|780000|0|0|755115
1200000|1|5979|10|4|0|0|780000|1|7983|765879
1200000|1|5979|10|4|1|2|780000|1|7983|753513
1200000|1|5979|10|4|0|0|780000|2|15975|767165
1200000|1|5979|10|4|1|2|780000|2|15975|753946
1200000|1|5979|10|4|0|0|780000|3|23973|769388
1200000|1|5979|10|4|1|2|780000|3|23973|755154
1200000|1|5979|10|4|0|0|780000|4|31975|771690
1200000|1|5979|10|4|1|2|780000|4|31975|756559
1200000|1|5979|10|5|0|0|780000|0|0|764142
1200000|1|5979|10|5|1|2|780000|0|0|744429
1200000|1|5979|10|5|0|0|780000|1|7978|767166
1200000|1|5979|10|5|1|2|780000|1|7978|741737
1200000|1|5979|10|5|0|0|780000|2|15967|770714
1200000|1|5979|10|5|1|2|780000|2|15967|741542
1200000|1|5979|10|5|0|0|780000|3|23964|774576
1200000|1|5979|10|5|1|2|780000|3|23964|742359
1200000|1|5979|10|5|0|0|780000|4|31965|778278
1200000|1|5979|10|5|1|2|780000|4|31965|744663
1200000|1|5980|10|1|0|0|780000|0|0|764925
1200000|1|5980|10|1|1|2|780000|0|0|748369
1200000|1|5980|10|1|0|0|780000|1|7980|768413
1200000|1|5980|10|1|1|2|780000|1|7980|746846
1200000|1|5980|10|1|0|0|780000|2|15971|771962
1200000|1|5980|10|1|1|2|780000|2|15971|748485
1200000|1|5980|10|1|0|0|780000|3|23971|776018
1200000|1|5980|10|1|1|2|780000|3|23971|751135
1200000|1|5980|10|1|0|0|780000|4|31976|780034
1200000|1|5980|10|1|1|2|780000|4|31976|753906
1200000|1|5980|10|2|0|0|780000|0|0|743513
1200000|1|5980|10|2|1|2|780000|0|0|733079
1200000|1|5980|10|2|0|0|780000|1|7980|746339
1200000|1|5980|10|2|1|2|780000|1|7980|732261
1200000|1|5980|10|2|0|0|780000|2|15973|750201
1200000|1|5980|10|2|1|2|780000|2|15973|734250
1200000|1|5980|10|2|0|0|780000|3|23974|754296
1200000|1|5980|10|2|1|2|780000|3|23974|737251
1200000|1|5980|10|2|0|0|780000|4|31979|758899
1200000|1|5980|10|2|1|2|780000|4|31979|741347
1200000|1|5980|10|3|0|0|780000|0|0|768084
1200000|1|5980|10|3|1|2|780000|0|0|754528
1200000|1|5980|10|3|0|0|780000|1|7982|772002
1200000|1|5980|10|3|1|2|780000|1|7982|755778
1200000|1|5980|10|3|0|0|780000|2|15977|776174
1200000|1|5980|10|3|1|2|780000|2|15977|759755
1200000|1|5980|10|3|0|0|780000|3|23980|780580
1200000|1|5980|10|3|1|2|780000|3|23980|764515
1200000|1|5980|10|3|0|0|780000|4|31988|784988
1200000|1|5980|10|3|1|2|780000|4|31988|770011
1200000|1|5980|10|4|0|0|780000|0|0|747649
1200000|1|5980|10|4|1|2|780000|0|0|738657
1200000|1|5980|10|4|0|0|780000|1|7983|751565
1200000|1|5980|10|4|1|2|780000|1|7983|740877
1200000|1|5980|10|4|0|0|780000|2|15980|756558
1200000|1|5980|10|4|1|2|780000|2|15980|745756
1200000|1|5980|10|4|0|0|780000|3|23985|761898
1200000|1|5980|10|4|1|2|780000|3|23985|751099
1200000|1|5980|10|4|0|0|780000|4|31994|767478
1200000|1|5980|10|4|1|2|780000|4|31994|757338
1200000|1|5980|10|5|0|0|780000|0|0|748973
1200000|1|5980|10|5|1|2|780000|0|0|738697
1200000|1|5980|10|5|0|0|780000|1|7984|752891
1200000|1|5980|10|5|1|2|780000|1|7984|740878
1200000|1|5980|10|5|0|0|780000|2|15981|757806
1200000|1|5980|10|5|1|2|780000|2|15981|746142
1200000|1|5980|10|5|0|0|780000|3|23986|763187
1200000|1|5980|10|5|1|2|780000|3|23986|751643
1200000|1|5980|10|5|0|0|780000|4|31996|768766
1200000|1|5980|10|5|1|2|780000|4|31996|758115
1200000|1|5981|10|1|0|0|780000|0|0|796281
1200000|1|5981|10|1|1|2|780000|0|0|782025
1200000|1|5981|10|1|0|0|780000|1|8004|800394
1200000|1|5981|10|1|1|2|780000|1|8004|786784
1200000|1|5981|10|1|0|0|780000|2|16015|803631
1200000|1|5981|10|1|1|2|780000|2|16015|791541
1200000|1|5981|10|1|0|0|780000|3|24027|807647
1200000|1|5981|10|1|1|2|780000|3|24027|796768
1200000|1|5981|10|1|0|0|780000|4|32040|811471
1200000|1|5981|10|1|1|2|780000|4|32040|803240
1200000|1|5981|10|2|0|0|780000|0|0|798426
1200000|1|5981|10|2|1|2|780000|0|0|782103
1200000|1|5981|10|2|0|0|780000|1|8003|803706
1200000|1|5981|10|2|1|2|780000|1|8003|786588
1200000|1|5981|10|2|0|0|780000|2|16013|808741
1200000|1|5981|10|2|1|2|780000|2|16013|792086
1200000|1|5981|10|2|0|0|780000|3|24024|814431
1200000|1|5981|10|2|1|2|780000|3|24024|798170
1200000|1|5981|10|2|0|0|780000|4|32035|820280
1200000|1|5981|10|2|1|2|780000|4|32035|805500
1200000|1|5981|10|3|0|0|780000|0|0|771868
1200000|1|5981|10|3|1|2|780000|0|0|754372
1200000|1|5981|10|3|0|0|780000|1|7983|776915
1200000|1|5981|10|3|1|2|780000|1|7983|755544
1200000|1|5981|10|3|0|0|780000|2|15977|781865
1200000|1|5981|10|3|1|2|780000|2|15977|759209
1200000|1|5981|10|3|0|0|780000|3|23979|787759
1200000|1|5981|10|3|1|2|780000|3|23979|764476
1200000|1|5981|10|3|0|0|780000|4|31985|793372
1200000|1|5981|10|3|1|2|780000|4|31985|769894
1200000|1|5981|10|4|0|0|780000|0|0|753456
1200000|1|5981|10|4|1|2|780000|0|0|739474
1200000|1|5981|10|4|0|0|780000|1|7981|758899
1200000|1|5981|10|4|1|2|780000|1|7981|741698
1200000|1|5981|10|4|0|0|780000|2|15975|765879
1200000|1|5981|10|4|1|2|780000|2|15975|746183
1200000|1|5981|10|4|0|0|780000|3|23978|772547
1200000|1|5981|10|4|1|2|780000|3|23978|751175
1200000|1|5981|10|4|0|0|780000|4|31984|779566
1200000|1|5981|10|4|1|2|780000|4|31984|756988
1200000|1|5981|10|5|0|0|780000|0|0|758723
1200000|1|5981|10|5|1|2|780000|0|0|745754
1200000|1|5981|10|5|0|0|780000|1|7983|765176
1200000|1|5981|10|5|1|2|780000|1|7983|748445
1200000|1|5981|10|5|0|0|780000|2|15979|772665
1200000|1|5981|10|5|1|2|780000|2|15979|753633
1200000|1|5981|10|5|0|0|780000|3|23983|780854
1200000|1|5981|10|5|1|2|780000|3|23983|759522
1200000|1|5981|10|5|0|0|780000|4|31992|789044
1200000|1|5981|10|5|1|2|780000|4|31992|766191
1200000|1|5982|10|1|0|0|780000|0|0|759621
1200000|1|5982|10|1|1|2|780000|0|0|749888
1200000|1|5982|10|1|0|0|780000|1|7985|766153
1200000|1|5982|10|1|1|2|780000|1|7985|754062
1200000|1|5982|10|1|0|0|780000|2|15984|773366
1200000|1|5982|10|1|1|2|780000|2|15984|760691
1200000|1|5982|10|1|0|0|780000|3|23990|781402
1200000|1|5982|10|1|1|2|780000|3|23990|767945
1200000|1|5982|10|1|0|0|780000|4|32000|789981
1200000|1|5982|10|1|1|2|780000|4|32000|776132
1200000|1|5982|10|2|0|0|780000|0|1|801429
1200000|1|5982|10|2|1|2|780000|0|1|809601
1200000|1|5982|10|2|0|0|780000|1|8010|808624
1200000|1|5982|10|2|1|2|780000|1|8010|819348
1200000|1|5982|10|2|0|0|780000|2|16022|816421
1200000|1|5982|10|2|1|2|780000|2|16022|827108
1200000|1|5982|10|2|0|0|780000|3|24033|825044
1200000|1|5982|10|2|1|2|780000|3|24033|836235
1200000|1|5982|10|2|0|0|780000|4|32047|833699
1200000|1|5982|10|2|1|2|780000|4|32047|844464
1200000|1|5982|10|3|0|0|780000|0|0|813284
1200000|1|5982|10|3|1|2|780000|0|0|803397
1200000|1|5982|10|3|0|0|780000|1|8006|818840
1200000|1|5982|10|3|1|2|780000|1|8006|817750
1200000|1|5982|10|3|0|0|780000|2|16018|824612
1200000|1|5982|10|3|1|2|780000|2|16018|828904
1200000|1|5982|10|3|0|0|780000|3|24029|830307
1200000|1|5982|10|3|1|2|780000|3|24029|836429
1200000|1|5982|10|3|0|0|780000|4|32039|835611
1200000|1|5982|10|3|1|2|780000|4|32039|844191
1200000|1|5982|10|4|0|0|780000|0|0|799986
1200000|1|5982|10|4|1|2|780000|0|0|802772
1200000|1|5982|10|4|0|0|780000|1|8007|806634
1200000|1|5982|10|4|1|2|780000|1|8007|810185
1200000|1|5982|10|4|0|0|780000|2|16017|813575
1200000|1|5982|10|4|1|2|780000|2|16017|817554
1200000|1|5982|10|4|0|0|780000|3|24028|820285
1200000|1|5982|10|4|1|2|780000|3|24028|824064
1200000|1|5982|10|4|0|0|780000|4|32040|827070
1200000|1|5982|10|4|1|2|780000|4|32040|830659
1200000|1|5982|10|5|0|0|780000|0|0|805718
1200000|1|5982|10|5|1|2|780000|0|0|783119
1200000|1|5982|10|5|0|0|780000|1|8002|812715
1200000|1|5982|10|5|1|2|780000|1|8002|787133
1200000|1|5982|10|5|0|0|780000|2|16010|820088
1200000|1|5982|10|5|1|2|780000|2|16010|792048
1200000|1|5982|10|5|0|0|780000|3|24020|827109
1200000|1|5982|10|5|1|2|780000|3|24020|796807
1200000|1|5982|10|5|0|0|780000|4|32031|834127
1200000|1|5982|10|5|1|2|780000|4|32031|799225
1200000|1|5983|10|1|0|0|780000|0|0|760517
1200000|1|5983|10|1|1|2|780000|0|0|745872
1200000|1|5983|10|1|0|0|780000|1|7995|766970
1200000|1|5983|10|1|1|2|780000|1|7995|745873
1200000|1|5983|10|1|0|0|780000|2|15996|771611
1200000|1|5983|10|1|1|2|780000|2|15996|747120
1200000|1|5983|10|1|0|0|780000|3|24001|776370
1200000|1|5983|10|1|1|2|780000|3|24001|749654
1200000|1|5983|10|1|0|0|780000|4|32008|780972
1200000|1|5983|10|1|1|2|780000|4|32008|753009
1200000|1|5983|10|2|0|0|780000|0|0|815625
1200000|1|5983|10|2|1|2|780000|0|0|813576
1200000|1|5983|10|2|0|0|780000|1|7998|820985
1200000|1|5983|10|2|1|2|780000|1|7998|817943
1200000|1|5983|10|2|0|0|780000|2|16001|826836
1200000|1|5983|10|2|1|2|780000|2|16001|821650
1200000|1|5983|10|2|0|0|780000|3|24007|832647
1200000|1|5983|10|2|1|2|780000|3|24007|824963
1200000|1|5983|10|2|0|0|780000|4|32014|838965
1200000|1|5983|10|2|1|2|780000|4|32014|828122
1200000|1|5983|10|3|0|0|780000|0|0|751276
1200000|1|5983|10|3|1|2|780000|0|0|736004
1200000|1|5983|10|3|0|0|780000|1|7979|756830
1200000|1|5983|10|3|1|2|780000|1|7979|734757
1200000|1|5983|10|3|0|0|780000|2|15972|763109
1200000|1|5983|10|3|1|2|780000|2|15972|735497
1200000|1|5983|10|3|0|0|780000|3|23973|770209
1200000|1|5983|10|3|1|2|780000|3|23973|737488
1200000|1|5983|10|3|0|0|780000|4|31978|777890
1200000|1|5983|10|3|1|2|780000|4|31978|740920
1200000|1|5983|10|4|0|0|780000|0|0|757629
1200000|1|5983|10|4|1|2|780000|0|0|742245
1200000|1|5983|10|4|0|0|780000|1|7981|764670
1200000|1|5983|10|4|1|2|780000|1|7981|742323
1200000|1|5983|10|4|0|0|780000|2|15976|772898
1200000|1|5983|10|4|1|2|780000|2|15976|743723
1200000|1|5983|10|4|0|0|780000|3|23978|780932
1200000|1|5983|10|4|1|2|780000|3|23978|746885
1200000|1|5983|10|4|0|0|780000|4|31985|789590
1200000|1|5983|10|4|1|2|780000|4|31985|751099
1200000|1|5983|10|5|0|0|780000|0|0|801546
1200000|1|5983|10|5|1|2|780000|0|0|805192
1200000|1|5983|10|5|0|0|780000|1|8006|808543
1200000|1|5983|10|5|1|2|780000|1|8006|811548
1200000|1|5983|10|5|0|0|780000|2|16014|816072
1200000|1|5983|10|5|1|2|780000|2|16014|816422
1200000|1|5983|10|5|0|0|780000|3|24021|823794
1200000|1|5983|10|5|1|2|780000|3|24021|821649
1200000|1|5983|10|5|0|0|780000|4|32031|831903
1200000|1|5983|10|5|1|2|780000|4|32031|827420
1200000|1|5984|10|1|0|0|780000|0|0|805327
1200000|1|5984|10|1|1|2|780000|0|0|784169
1200000|1|5984|10|1|0|0|780000|1|8001|813070
1200000|1|5984|10|1|1|2|780000|1|8001|788420
1200000|1|5984|10|1|0|0|780000|2|16008|820790
1200000|1|5984|10|1|1|2|780000|2|16008|793062
1200000|1|5984|10|1|0|0|780000|3|24017|828279
1200000|1|5984|10|1|1|2|780000|3|24017|797313
1200000|1|5984|10|1|0|0|780000|4|32025|835650
1200000|1|5984|10|1|1|2|780000|4|32025|803045
1200000|1|5984|10|2|0|0|780000|0|0|764262
1200000|1|5984|10|2|1|2|780000|0|0|750045
1200000|1|5984|10|2|0|0|780000|1|7995|770519
1200000|1|5984|10|2|1|2|780000|1|7995|750553
1200000|1|5984|10|2|0|0|780000|2|15996|778203
1200000|1|5984|10|2|1|2|780000|2|15996|753281
1200000|1|5984|10|2|0|0|780000|3|24001|786235
1200000|1|5984|10|2|1|2|780000|3|24001|757491
1200000|1|5984|10|2|0|0|780000|4|32009|794428
1200000|1|5984|10|2|1|2|780000|4|32009|762018
1200000|1|5984|10|3|0|0|780000|0|0|765861
1200000|1|5984|10|3|1|2|780000|0|0|754882
1200000|1|5984|10|3|0|0|780000|1|7995|772627
1200000|1|5984|10|3|1|2|780000|1|7995|756597
1200000|1|5984|10|3|0|0|780000|2|15996|779838
1200000|1|5984|10|3|1|2|780000|2|15996|759756
1200000|1|5984|10|3|0|0|780000|3|24000|787914
1200000|1|5984|10|3|1|2|780000|3|24000|763968
1200000|1|5984|10|3|0|0|780000|4|32007|796260
1200000|1|5984|10|3|1|2|780000|4|32007|767088
1200000|1|5984|10|4|0|0|780000|0|0|804159
1200000|1|5984|10|4|1|2|780000|0|0|781985
1200000|1|5984|10|4|0|0|780000|1|7997|811314
1200000|1|5984|10|4|1|2|780000|1|7997|783737
1200000|1|5984|10|4|0|0|780000|2|16001|818567
1200000|1|5984|10|4|1|2|780000|2|16001|787524
1200000|1|5984|10|4|0|0|780000|3|24007|825586
1200000|1|5984|10|4|1|2|780000|3|24007|791267
1200000|1|5984|10|4|0|0|780000|4|32015|833036
1200000|1|5984|10|4|1|2|780000|4|32015|795285
1200000|1|5984|10|5|0|0|780000|0|0|777792
1200000|1|5984|10|5|1|2|780000|0|0|769701
1200000|1|5984|10|5|0|0|780000|1|7986|784286
1200000|1|5984|10|5|1|2|780000|1|7986|771806
1200000|1|5984|10|5|0|0|780000|2|15981|791345
1200000|1|5984|10|5|1|2|780000|2|15981|775860
1200000|1|5984|10|5|0|0|780000|3|23982|798676
1200000|1|5984|10|5|1|2|780000|3|23982|779801
1200000|1|5984|10|5|0|0|780000|4|31987|805383
1200000|1|5984|10|5|1|2|780000|4|31987|784130
1200000|1|5985|10|1|0|0|780000|0|1|802401
1200000|1|5985|10|1|1|2|780000|0|1|798094
1200000|1|5985|10|1|0|0|780000|1|8005|809597
1200000|1|5985|10|1|1|2|780000|1|8005|801409
1200000|1|5985|10|1|0|0|780000|2|16011|816381
1200000|1|5985|10|1|1|2|780000|2|16011|804957
1200000|1|5985|10|1|0|0|780000|3|24018|823521
1200000|1|5985|10|1|1|2|780000|3|24018|808545
1200000|1|5985|10|1|0|0|780000|4|32025|830111
1200000|1|5985|10|1|1|2|780000|4|32025|812714
1200000|1|5985|10|2|0|0|780000|0|0|773740
1200000|1|5985|10|2|1|2|780000|0|0|764943
1200000|1|5985|10|2|0|0|780000|1|7986|780193
1200000|1|5985|10|2|1|2|780000|1|7986|766153
1200000|1|5985|10|2|0|0|780000|2|15980|786393
1200000|1|5985|10|2|1|2|780000|2|15980|770013
1200000|1|5985|10|2|0|0|780000|3|23982|792594
1200000|1|5985|10|2|1|2|780000|3|23982|774302
1200000|1|5985|10|2|0|0|780000|4|31987|799186
1200000|1|5985|10|2|1|2|780000|4|31987|778125
1200000|1|5985|10|3|0|0|780000|0|0|756619
1200000|1|5985|10|3|1|2|780000|0|0|742402
1200000|1|5985|10|3|0|0|780000|1|7979|763110
1200000|1|5985|10|3|1|2|780000|1|7979|742437
1200000|1|5985|10|3|0|0|780000|2|15971|770480
1200000|1|5985|10|3|1|2|780000|2|15971|745127
1200000|1|5985|10|3|0|0|780000|3|23972|776954
1200000|1|5985|10|3|1|2|780000|3|23972|748368
1200000|1|5985|10|3|0|0|780000|4|31977|784676
1200000|1|5985|10|3|1|2|780000|4|31977|752619
1200000|1|5985|10|4|0|0|780000|0|0|758995
1200000|1|5985|10|4|1|2|780000|0|0|748019
1200000|1|5985|10|4|0|0|780000|1|7982|765178
1200000|1|5985|10|4|1|2|780000|1|7982|749849
1200000|1|5985|10|4|0|0|780000|2|15977|773133
1200000|1|5985|10|4|1|2|780000|2|15977|753711
1200000|1|5985|10|4|0|0|780000|3|23980|781088
1200000|1|5985|10|4|1|2|780000|3|23980|758195
1200000|1|5985|10|4|0|0|780000|4|31987|789551
1200000|1|5985|10|4|1|2|780000|4|31987|763500
1200000|1|5985|10|5|0|0|780000|0|0|779395
1200000|1|5985|10|5|1|2|780000|0|0|762759
1200000|1|5985|10|5|0|0|780000|1|7984|787211
1200000|1|5985|10|5|1|2|780000|1|7984|764864
1200000|1|5985|10|5|0|0|780000|2|15979|795442
1200000|1|5985|10|5|1|2|780000|2|15979|768140
1200000|1|5985|10|5|0|0|780000|3|23981|804018
1200000|1|5985|10|5|1|2|780000|3|23981|773251
1200000|1|5985|10|5|0|0|780000|4|31988|812484
1200000|1|5985|10|5|1|2|780000|4|31988|779060
1200000|1|5986|10|1|0|0|780000|0|0|808215
1200000|1|5986|10|1|1|2|780000|0|0|789162
1200000|1|5986|10|1|0|0|780000|1|8002|816188
1200000|1|5986|10|1|1|2|780000|1|8002|793140
1200000|1|5986|10|1|0|0|780000|2|16010|823988
1200000|1|5986|10|1|1|2|780000|2|16010|798054
1200000|1|5986|10|1|0|0|780000|3|24020|832180
1200000|1|5986|10|1|1|2|780000|3|24020|803554
1200000|1|5986|10|1|0|0|780000|4|32031|840214
1200000|1|5986|10|1|1|2|780000|4|32031|809949
1200000|1|5986|10|2|0|0|780000|0|0|764847
1200000|1|5986|10|2|1|2|780000|0|0|750709
1200000|1|5986|10|2|0|0|780000|1|7997|772782
1200000|1|5986|10|2|1|2|780000|1|7997|751448
1200000|1|5986|10|2|0|0|780000|2|16000|781323
1200000|1|5986|10|2|1|2|780000|2|16000|753747
1200000|1|5986|10|2|0|0|780000|3|24005|789786
1200000|1|5986|10|2|1|2|780000|3|24005|756635
1200000|1|5986|10|2|0|0|780000|4|32011|798444
1200000|1|5986|10|2|1|2|780000|4|32011|760379
1200000|1|5986|10|3|0|0|780000|0|0|766368
1200000|1|5986|10|3|1|2|780000|0|0|753827
1200000|1|5986|10|3|0|0|780000|1|7997|771999
1200000|1|5986|10|3|1|2|780000|1|7997|756287
1200000|1|5986|10|3|0|0|780000|2|16000|779021
1200000|1|5986|10|3|1|2|780000|2|16000|760302
1200000|1|5986|10|3|0|0|780000|3|24007|785726
1200000|1|5986|10|3|1|2|780000|3|24007|764159
1200000|1|5986|10|3|0|0|780000|4|32015|793880
1200000|1|5986|10|3|1|2|780000|4|32015|766463
1200000|1|5986|10|4|0|0|780000|0|0|820967
1200000|1|5986|10|4|1|2|780000|0|0|815019
1200000|1|5986|10|4|0|0|780000|1|7999|829485
1200000|1|5986|10|4|1|2|780000|1|7999|820088
1200000|1|5986|10|4|0|0|780000|2|16003|837680
1200000|1|5986|10|4|1|2|780000|2|16003|825003
1200000|1|5986|10|4|0|0|780000|3|24009|846103
1200000|1|5986|10|4|1|2|780000|3|24009|830113
1200000|1|5986|10|4|0|0|780000|4|32017|854254
1200000|1|5986|10|4|1|2|780000|4|32017|834479
1200000|1|5986|10|5|0|0|780000|0|1|758452
1200000|1|5986|10|5|1|2|780000|0|1|743767
1200000|1|5986|10|5|0|0|780000|1|7979|764982
1200000|1|5986|10|5|1|2|780000|1|7979|743801
1200000|1|5986|10|5|0|0|780000|2|15973|771728
1200000|1|5986|10|5|1|2|780000|2|15973|746106
1200000|1|5986|10|5|0|0|780000|3|23972|779217
1200000|1|5986|10|5|1|2|780000|3|23972|749226
1200000|1|5986|10|5|0|0|780000|4|31976|787131
1200000|1|5986|10|5|1|2|780000|4|31976|753048
1200000|1|5987|10|1|0|0|780000|0|0|751859
1200000|1|5987|10|1|1|2|780000|0|0|736783
1200000|1|5987|10|1|0|0|780000|1|7980|756869
1200000|1|5987|10|1|1|2|780000|1|7980|735848
1200000|1|5987|10|1|0|0|780000|2|15972|762954
1200000|1|5987|10|1|1|2|780000|2|15972|736902
1200000|1|5987|10|1|0|0|780000|3|23971|768415
1200000|1|5987|10|1|1|2|780000|3|23971|739005
1200000|1|5987|10|1|0|0|780000|4|31974|774734
1200000|1|5987|10|1|1|2|780000|4|31974|741660
1200000|1|5987|10|2|0|0|780000|0|1|761844
1200000|1|5987|10|2|1|2|780000|0|1|744934
1200000|1|5987|10|2|0|0|780000|1|7977|764904
1200000|1|5987|10|2|1|2|780000|1|7977|743219
1200000|1|5987|10|2|0|0|780000|2|15968|769856
1200000|1|5987|10|2|1|2|780000|2|15968|743689
1200000|1|5987|10|2|0|0|780000|3|23967|775587
1200000|1|5987|10|2|1|2|780000|3|23967|745678
1200000|1|5987|10|2|0|0|780000|4|31970|780425
1200000|1|5987|10|2|1|2|780000|4|31970|749030
1200000|1|5987|10|3|0|0|780000|0|0|802520
1200000|1|5987|10|3|1|2|780000|0|0|797897
1200000|1|5987|10|3|0|0|780000|1|7999|807063
1200000|1|5987|10|3|1|2|780000|1|7999|802227
1200000|1|5987|10|3|0|0|780000|2|16002|812251
1200000|1|5987|10|3|1|2|780000|2|16002|806284
1200000|1|5987|10|3|0|0|780000|3|24008|817474
1200000|1|5987|10|3|1|2|780000|3|24008|810417
1200000|1|5987|10|3|0|0|780000|4|32015|822391
1200000|1|5987|10|3|1|2|780000|4|32015|813108
1200000|1|5987|10|4|0|0|780000|0|0|754240
1200000|1|5987|10|4|1|2|780000|0|0|750705
1200000|1|5987|10|4|0|0|780000|1|7995|759677
1200000|1|5987|10|4|1|2|780000|1|7995|755194
1200000|1|5987|10|4|0|0|780000|2|15997|765878
1200000|1|5987|10|4|1|2|780000|2|15997|758739
1200000|1|5987|10|4|0|0|780000|3|24002|772431
1200000|1|5987|10|4|1|2|780000|3|24002|762249
1200000|1|5987|10|4|0|0|780000|4|32010|779100
1200000|1|5987|10|4|1|2|780000|4|32010|764670
1200000|1|5987|10|5|0|0|780000|0|1|769839
1200000|1|5987|10|5|1|2|780000|0|1|749656
1200000|1|5987|10|5|0|0|780000|1|7980|776916
1200000|1|5987|10|5|1|2|780000|1|7980|747628
1200000|1|5987|10|5|0|0|780000|2|15974|784791
1200000|1|5987|10|5|1|2|780000|2|15974|748641
1200000|1|5987|10|5|0|0|780000|3|23975|793022
1200000|1|5987|10|5|1|2|780000|3|23975|751214
1200000|1|5987|10|5|0|0|780000|4|31980|800354
1200000|1|5987|10|5|1|2|780000|4|31980|754491
1200000|1|5988|10|1|0|0|780000|0|0|787039
1200000|1|5988|10|1|1|2|780000|0|0|780737
1200000|1|5988|10|1|0|0|780000|1|7992|795441
1200000|1|5988|10|1|1|2|780000|1|7992|785028
1200000|1|5988|10|1|0|0|780000|2|15992|803630
1200000|1|5988|10|1|1|2|780000|2|15992|788695
1200000|1|5988|10|1|0|0|780000|3|23995|812211
1200000|1|5988|10|1|1|2|780000|3|23995|790566
1200000|1|5988|10|1|0|0|780000|4|31998|820830
1200000|1|5988|10|1|1|2|780000|4|31998|794934
1200000|1|5988|10|2|0|0|780000|0|0|832120
1200000|1|5988|10|2|1|2|780000|0|0|831594
1200000|1|5988|10|2|0|0|780000|1|8002|840953
1200000|1|5988|10|2|1|2|780000|1|8002|837365
1200000|1|5988|10|2|0|0|780000|2|16007|849337
1200000|1|5988|10|2|1|2|780000|2|16007|843215
1200000|1|5988|10|2|0|0|780000|3|24015|856787
1200000|1|5988|10|2|1|2|780000|3|24015|849417
1200000|1|5988|10|2|0|0|780000|4|32025|863691
1200000|1|5988|10|2|1|2|780000|4|32025|854798
1200000|1|5988|10|3|0|0|780000|0|0|751783
1200000|1|5988|10|3|1|2|780000|0|0|740334
1200000|1|5988|10|3|0|0|780000|1|7982|757725
1200000|1|5988|10|3|1|2|780000|1|7982|740411
1200000|1|5988|10|3|0|0|780000|2|15977|764239
1200000|1|5988|10|3|1|2|780000|2|15977|742987
1200000|1|5988|10|3|0|0|780000|3|23979|770520
1200000|1|5988|10|3|1|2|780000|3|23979|746691
1200000|1|5988|10|3|0|0|780000|4|31984|776799
1200000|1|5988|10|3|1|2|780000|4|31984|751331
1200000|1|5988|10|4|0|0|780000|0|0|764259
1200000|1|5988|10|4|1|2|780000|0|0|750355
1200000|1|5988|10|4|0|0|780000|1|7979|769351
1200000|1|5988|10|4|1|2|780000|1|7979|748991
1200000|1|5988|10|4|0|0|780000|2|15970|774226
1200000|1|5988|10|4|1|2|780000|2|15970|750552
1200000|1|5988|10|4|0|0|780000|3|23970|779255
1200000|1|5988|10|4|1|2|780000|3|23970|753477
1200000|1|5988|10|4|0|0|780000|4|31974|784366
1200000|1|5988|10|4|1|2|780000|4|31974|756752
1200000|1|5988|10|5|0|0|780000|0|0|737391
1200000|1|5988|10|5|1|2|780000|0|0|725671
1200000|1|5988|10|5|0|0|780000|1|7979|739476
1200000|1|5988|10|5|1|2|780000|1|7979|724343
1200000|1|5988|10|5|0|0|780000|2|15970|742440
1200000|1|5988|10|5|1|2|780000|2|15970|725397
1200000|1|5988|10|5|0|0|780000|3|23969|745831
1200000|1|5988|10|5|1|2|780000|3|23969|727503
1200000|1|5988|10|5|0|0|780000|4|31972|750161
1200000|1|5988|10|5|1|2|780000|4|31972|730270
1200000|1|5989|10|1|0|0|780000|0|0|753963
1200000|1|5989|10|1|1|2|780000|0|0|738383
1200000|1|5989|10|1|0|0|780000|1|7976|757260
1200000|1|5989|10|1|1|2|780000|1|7976|733080
1200000|1|5989|10|1|0|0|780000|2|15963|760770
1200000|1|5989|10|1|1|2|780000|2|15963|732027
1200000|1|5989|10|1|0|0|780000|3|23959|764630
1200000|1|5989|10|1|1|2|780000|3|23959|732379
1200000|1|5989|10|1|0|0|780000|4|31959|767633
1200000|1|5989|10|1|1|2|780000|4|31959|732182
1200000|1|5989|10|2|0|0|780000|0|0|755016
1200000|1|5989|10|2|1|2|780000|0|0|738578
1200000|1|5989|10|2|0|0|780000|1|7975|757925
1200000|1|5989|10|2|1|2|780000|1|7975|732651
1200000|1|5989|10|2|0|0|780000|2|15960|760848
1200000|1|5989|10|2|1|2|780000|2|15960|731558
1200000|1|5989|10|2|0|0|780000|3|23956|763304
1200000|1|5989|10|2|1|2|780000|3|23956|731676
1200000|1|5989|10|2|0|0|780000|4|31957|766465
1200000|1|5989|10|2|1|2|780000|4|31957|732380
1200000|1|5989|10|3|0|0|780000|0|0|786181
1200000|1|5989|10|3|1|2|780000|0|0|777656
1200000|1|5989|10|3|0|0|780000|1|7993|788380
1200000|1|5989|10|3|1|2|780000|1|7993|778670
1200000|1|5989|10|3|0|0|780000|2|15991|790917
1200000|1|5989|10|3|1|2|780000|2|15991|780154
1200000|1|5989|10|3|0|0|780000|3|23993|793373
1200000|1|5989|10|3|1|2|780000|3|23993|781360
1200000|1|5989|10|3|0|0|780000|4|31995|794815
1200000|1|5989|10|3|1|2|780000|4|31995|781750
1200000|1|5989|10|4|0|0|780000|0|0|781071
1200000|1|5989|10|4|1|2|780000|0|0|776408
1200000|1|5989|10|4|0|0|780000|1|7992|783545
1200000|1|5989|10|4|1|2|780000|1|7992|777459
1200000|1|5989|10|4|0|0|780000|2|15989|786313
1200000|1|5989|10|4|1|2|780000|2|15989|778361
1200000|1|5989|10|4|0|0|780000|3|23988|788340
1200000|1|5989|10|4|1|2|780000|3|23988|779179
1200000|1|5989|10|4|0|0|780000|4|31989|790799
1200000|1|5989|10|4|1|2|780000|4|31989|779725
1200000|1|5989|10|5|0|0|780000|0|0|730721
1200000|1|5989|10|5|1|2|780000|0|0|716700
1200000|1|5989|10|5|0|0|780000|1|7973|731597
1200000|1|5989|10|5|1|2|780000|1|7973|713070
1200000|1|5989|10|5|0|0|780000|2|15960|732960
1200000|1|5989|10|5|1|2|780000|2|15960|712020
1200000|1|5989|10|5|0|0|780000|3|23955|735654
1200000|1|5989|10|5|1|2|780000|3|23955|711395
1200000|1|5989|10|5|0|0|780000|4|31954|738228
1200000|1|5989|10|5|1|2|780000|4|31954|711747
1200000|1|5990|10|1|0|0|780000|0|0|780643
1200000|1|5990|10|1|1|2|780000|0|0|765490
1200000|1|5990|10|1|0|0|780000|1|7975|783622
1200000|1|5990|10|1|1|2|780000|1|7975|762368
1200000|1|5990|10|1|0|0|780000|2|15963|786548
1200000|1|5990|10|1|1|2|780000|2|15963|762134
1200000|1|5990|10|1|0|0|780000|3|23960|789707
1200000|1|5990|10|1|1|2|780000|3|23960|762249
1200000|1|5990|10|1|0|0|780000|4|31961|793101
1200000|1|5990|10|1|1|2|780000|4|31961|763073
1200000|1|5990|10|2|0|0|780000|0|0|754318
1200000|1|5990|10|2|1|2|780000|0|0|741622
1200000|1|5990|10|2|0|0|780000|1|7977|756438
1200000|1|5990|10|2|1|2|780000|1|7977|739749
1200000|1|5990|10|2|0|0|780000|2|15967|759092
1200000|1|5990|10|2|1|2|780000|2|15967|740839
1200000|1|5990|10|2|0|0|780000|3|23965|762329
1200000|1|5990|10|2|1|2|780000|3|23965|742517
1200000|1|5990|10|2|0|0|780000|4|31968|765567
1200000|1|5990|10|2|1|2|780000|4|31968|744819
1200000|1|5990|10|3|0|0|780000|0|0|784228
1200000|1|5990|10|3|1|2|780000|0|0|770950
1200000|1|5990|10|3|0|0|780000|1|7979|786862
1200000|1|5990|10|3|1|2|780000|1|7979|769895
1200000|1|5990|10|3|0|0|780000|2|15970|789902
1200000|1|5990|10|3|1|2|780000|2|15970|771766
1200000|1|5990|10|3|0|0|780000|3|23970|793219
1200000|1|5990|10|3|1|2|780000|3|23970|774026
1200000|1|5990|10|3|0|0|780000|4|31974|796608
1200000|1|5990|10|3|1|2|780000|4|31974|776952
1200000|1|5990|10|4|0|0|780000|0|0|783331
1200000|1|5990|10|4|1|2|780000|0|0|769896
1200000|1|5990|10|4|0|0|780000|1|7979|786277
1200000|1|5990|10|4|1|2|780000|1|7979|769234
1200000|1|5990|10|4|0|0|780000|2|15971|788772
1200000|1|5990|10|4|1|2|780000|2|15971|771572
1200000|1|5990|10|4|0|0|780000|3|23972|791931
1200000|1|5990|10|4|1|2|780000|3|23972|774771
1200000|1|5990|10|4|0|0|780000|4|31977|795713
1200000|1|5990|10|4|1|2|780000|4|31977|778398
1200000|1|5990|10|5|0|0|780000|0|0|782515
1200000|1|5990|10|5|1|2|780000|0|0|769347
1200000|1|5990|10|5|0|0|780000|1|7981|784717
1200000|1|5990|10|5|1|2|780000|1|7981|768025
1200000|1|5990|10|5|0|0|780000|2|15974|786977
1200000|1|5990|10|5|1|2|780000|2|15974|769973
1200000|1|5990|10|5|0|0|780000|3|23975|789668
1200000|1|5990|10|5|1|2|780000|3|23975|773836
1200000|1|5990|10|5|0|0|780000|4|31981|792476
1200000|1|5990|10|5|1|2|780000|4|31981|778436
1200000|1|5991|10|1|0|0|780000|0|0|733764
1200000|1|5991|10|1|1|2|780000|0|0|724617
1200000|1|5991|10|1|0|0|780000|1|7982|735810
1200000|1|5991|10|1|1|2|780000|1|7982|723566
1200000|1|5991|10|1|0|0|780000|2|15975|738813
1200000|1|5991|10|1|1|2|780000|2|15975|725826
1200000|1|5991|10|1|0|0|780000|3|23978|742362
1200000|1|5991|10|1|1|2|780000|3|23978|728127
1200000|1|5991|10|1|0|0|780000|4|31983|745949
1200000|1|5991|10|1|1|2|780000|4|31983|732730
1200000|1|5991|10|2|0|0|780000|0|1|755292
1200000|1|5991|10|2|1|2|780000|0|1|748367
1200000|1|5991|10|2|0|0|780000|1|7985|757844
1200000|1|5991|10|2|1|2|780000|1|7985|749342
1200000|1|5991|10|2|0|0|780000|2|15981|760770
1200000|1|5991|10|2|1|2|780000|2|15981|752774
1200000|1|5991|10|2|0|0|780000|3|23984|764669
1200000|1|5991|10|2|1|2|780000|3|23984|757259
1200000|1|5991|10|2|0|0|780000|4|31992|768607
1200000|1|5991|10|2|1|2|780000|4|31992|762954
1200000|1|5991|10|3|0|0|780000|0|0|755684
1200000|1|5991|10|3|1|2|780000|0|0|748755
1200000|1|5991|10|3|0|0|780000|1|7984|758193
1200000|1|5991|10|3|1|2|780000|1|7984|750044
1200000|1|5991|10|3|0|0|780000|2|15980|761003
1200000|1|5991|10|3|1|2|780000|2|15980|753516
1200000|1|5991|10|3|0|0|780000|3|23984|764865
1200000|1|5991|10|3|1|2|780000|3|23984|758429
1200000|1|5991|10|3|0|0|780000|4|31992|768843
1200000|1|5991|10|3|1|2|780000|4|31992|764201
1200000|1|5991|10|4|0|0|780000|0|0|788713
1200000|1|5991|10|4|1|2|780000|0|0|780034
1200000|1|5991|10|4|0|0|780000|1|7984|792747
1200000|1|5991|10|4|1|2|780000|1|7984|780973
1200000|1|5991|10|4|0|0|780000|2|15980|796182
1200000|1|5991|10|4|1|2|780000|2|15980|784519
1200000|1|5991|10|4|0|0|780000|3|23984|800469
1200000|1|5991|10|4|1|2|780000|3|23984|788928
1200000|1|5991|10|4|0|0|780000|4|31991|805034
1200000|1|5991|10|4|1|2|780000|4|31991|794192
1200000|1|5991|10|5|0|0|780000|0|0|786960
1200000|1|5991|10|5|1|2|780000|0|0|777344
1200000|1|5991|10|5|0|0|780000|1|7984|790838
1200000|1|5991|10|5|1|2|780000|1|7984|777539
1200000|1|5991|10|5|0|0|780000|2|15979|794310
1200000|1|5991|10|5|1|2|780000|2|15979|780932
1200000|1|5991|10|5|0|0|780000|3|23984|798600
1200000|1|5991|10|5|1|2|780000|3|23984|786860
1200000|1|5991|10|5|0|0|780000|4|31993|802930
1200000|1|5991|10|5|1|2|780000|4|31993|792866
1200000|1|5992|10|1|0|0|780000|0|0|788521
1200000|1|5992|10|1|1|2|780000|0|0|780074
1200000|1|5992|10|1|0|0|780000|1|7985|792555
1200000|1|5992|10|1|1|2|780000|1|7985|781632
1200000|1|5992|10|1|0|0|780000|2|15982|796572
1200000|1|5992|10|1|1|2|780000|2|15982|785535
1200000|1|5992|10|1|0|0|780000|3|23986|800550
1200000|1|5992|10|1|1|2|780000|3|23986|790761
1200000|1|5992|10|1|0|0|780000|4|31995|804997
1200000|1|5992|10|1|1|2|780000|4|31995|796688
1200000|1|5992|10|2|0|0|780000|0|0|740589
1200000|1|5992|10|2|1|2|780000|0|0|732065
1200000|1|5992|10|2|0|0|780000|1|7984|743648
1200000|1|5992|10|2|1|2|780000|1|7984|734835
1200000|1|5992|10|2|0|0|780000|2|15982|747822
1200000|1|5992|10|2|1|2|780000|2|15982|740646
1200000|1|5992|10|2|0|0|780000|3|23989|752931
1200000|1|5992|10|2|1|2|780000|3|23989|745560
1200000|1|5992|10|2|0|0|780000|4|31997|758427
1200000|1|5992|10|2|1|2|780000|4|31997|752421
1200000|1|5992|10|3|0|0|780000|0|0|788714
1200000|1|5992|10|3|1|2|780000|0|0|784677
1200000|1|5992|10|3|0|0|780000|1|7995|793257
1200000|1|5992|10|3|1|2|780000|1|7995|788812
1200000|1|5992|10|3|0|0|780000|2|15999|798055
1200000|1|5992|10|3|1|2|780000|2|15999|794895
1200000|1|5992|10|3|0|0|780000|3|24009|802930
1200000|1|5992|10|3|1|2|780000|3|24009|801213
1200000|1|5992|10|3|0|0|780000|4|32021|808152
1200000|1|5992|10|3|1|2|780000|4|32021|807921
1200000|1|5992|10|4|0|0|780000|0|0|792222
1200000|1|5992|10|4|1|2|780000|0|0|782219
1200000|1|5992|10|4|0|0|780000|1|7985|796923
1200000|1|5992|10|4|1|2|780000|1|7985|784209
1200000|1|5992|10|4|0|0|780000|2|15983|801992
1200000|1|5992|10|4|1|2|780000|2|15983|788537
1200000|1|5992|10|4|0|0|780000|3|23987|807365
1200000|1|5992|10|4|1|2|780000|3|23987|794741
1200000|1|5992|10|4|0|0|780000|4|31997|812512
1200000|1|5992|10|4|1|2|780000|4|31997|800900
1200000|1|5992|10|5|0|0|780000|0|0|744996
1200000|1|5992|10|5|1|2|780000|0|0|737798
1200000|1|5992|10|5|0|0|780000|1|7987|749690
1200000|1|5992|10|5|1|2|780000|1|7987|740684
1200000|1|5992|10|5|0|0|780000|2|15985|755190
1200000|1|5992|10|5|1|2|780000|2|15985|746848
1200000|1|5992|10|5|0|0|780000|3|23993|761082
1200000|1|5992|10|5|1|2|780000|3|23993|753516
1200000|1|5992|10|5|0|0|780000|4|32005|767089
1200000|1|5992|10|5|1|2|780000|4|32005|760459
1200000|1|5993|10|1|0|0|780000|0|0|747101
1200000|1|5993|10|1|1|2|780000|0|0|739825
1200000|1|5993|10|1|0|0|780000|1|7988|752424
1200000|1|5993|10|1|1|2|780000|1|7988|744156
1200000|1|5993|10|1|0|0|780000|2|15989|759132
1200000|1|5993|10|1|1|2|780000|2|15989|750668
1200000|1|5993|10|1|0|0|780000|3|23997|765722
1200000|1|5993|10|1|1|2|780000|3|23997|757571
1200000|1|5993|10|1|0|0|780000|4|32009|772860
1200000|1|5993|10|1|1|2|780000|4|32009|765020
1200000|1|5993|10|2|0|0|780000|0|0|799313
1200000|1|5993|10|2|1|2|780000|0|0|787056
1200000|1|5993|10|2|0|0|780000|1|7988|806079
1200000|1|5993|10|2|1|2|780000|1|7988|790021
1200000|1|5993|10|2|0|0|780000|2|15988|813060
1200000|1|5993|10|2|1|2|780000|2|15988|795870
1200000|1|5993|10|2|0|0|780000|3|23996|820350
1200000|1|5993|10|2|1|2|780000|3|23996|802149
1200000|1|5993|10|2|0|0|780000|4|32008|827530
1200000|1|5993|10|2|1|2|780000|4|32008|809197
1200000|1|5993|10|3|0|0|780000|0|0|769058
1200000|1|5993|10|3|1|2|780000|0|0|773406
1200000|1|5993|10|3|0|0|780000|1|8003|777071
1200000|1|5993|10|3|1|2|780000|1|8003|785378
1200000|1|5993|10|3|0|0|780000|2|16014|785456
1200000|1|5993|10|3|1|2|780000|2|16014|796143
1200000|1|5993|10|3|0|0|780000|3|24029|793999
1200000|1|5993|10|3|1|2|780000|3|24029|805854
1200000|1|5993|10|3|0|0|780000|4|32045|802257
1200000|1|5993|10|3|1|2|780000|4|32045|814861
1200000|1|5993|10|4|0|0|780000|0|0|755019
1200000|1|5993|10|4|1|2|780000|0|0|750356
1200000|1|5993|10|4|0|0|780000|1|7991|761237
1200000|1|5993|10|4|1|2|780000|1|7991|754413
1200000|1|5993|10|4|0|0|780000|2|15993|768336
1200000|1|5993|10|4|1|2|780000|2|15993|761003
1200000|1|5993|10|4|0|0|780000|3|24003|775746
1200000|1|5993|10|4|1|2|780000|3|24003|768530
1200000|1|5993|10|4|0|0|780000|4|32017|783817
1200000|1|5993|10|4|1|2|780000|4|32017|776254
1200000|1|5993|10|5|0|0|780000|0|0|820412
1200000|1|5993|10|5|1|2|780000|0|0|827490
1200000|1|5993|10|5|0|0|780000|1|8005|828037
1200000|1|5993|10|5|1|2|780000|1|8005|842387
1200000|1|5993|10|5|0|0|780000|2|16018|836187
1200000|1|5993|10|5|1|2|780000|2|16018|855766
1200000|1|5993|10|5|0|0|780000|3|24035|843596
1200000|1|5993|10|5|1|2|780000|3|24035|868011
1200000|1|5993|10|5|0|0|780000|4|32053|850304
1200000|1|5993|10|5|1|2|780000|4|32053|879008
1200000|1|5994|10|1|0|0|780000|0|0|746789
1200000|1|5994|10|1|1|2|780000|0|0|745484
1200000|1|5994|10|1|0|0|780000|1|7993|750865
1200000|1|5994|10|1|1|2|780000|1|7993|751606
1200000|1|5994|10|1|0|0|780000|2|15998|755699
1200000|1|5994|10|1|1|2|780000|2|15998|760068
1200000|1|5994|10|1|0|0|780000|3|24010|760887
1200000|1|5994|10|1|1|2|780000|3|24010|769581
1200000|1|5994|10|1|0|0|780000|4|32025|766737
1200000|1|5994|10|1|1|2|780000|4|32025|779527
1200000|1|5994|10|2|0|0|780000|0|0|793266
1200000|1|5994|10|2|1|2|780000|0|0|785961
1200000|1|5994|10|2|0|0|780000|1|7989|798627
1200000|1|5994|10|2|1|2|780000|1|7989|789784
1200000|1|5994|10|2|0|0|780000|2|15991|804052
1200000|1|5994|10|2|1|2|780000|2|15991|796416
1200000|1|5994|10|2|0|0|780000|3|24000|809043
1200000|1|5994|10|2|1|2|780000|3|24000|804750
1200000|1|5994|10|2|0|0|780000|4|32014|814110
1200000|1|5994|10|2|1|2|780000|4|32014|813646
1200000|1|5994|10|3|0|0|780000|0|0|790618
1200000|1|5994|10|3|1|2|780000|0|0|783702
1200000|1|5994|10|3|0|0|780000|1|7989|795078
1200000|1|5994|10|3|1|2|780000|1|7989|787680
1200000|1|5994|10|3|0|0|780000|2|15990|799838
1200000|1|5994|10|3|1|2|780000|2|15990|794310
1200000|1|5994|10|3|0|0|780000|3|23999|804008
1200000|1|5994|10|3|1|2|780000|3|23999|802412
1200000|1|5994|10|3|0|0|780000|4|32012|807873
1200000|1|5994|10|3|1|2|780000|4|32012|811111
1200000|1|5994|10|4|0|0|780000|0|0|757476
1200000|1|5994|10|4|1|2|780000|0|0|754061
1200000|1|5994|10|4|0|0|780000|1|7990|760303
1200000|1|5994|10|4|1|2|780000|1|7990|758314
1200000|1|5994|10|4|0|0|780000|2|15991|763344
1200000|1|5994|10|4|1|2|780000|2|15991|765410
1200000|1|5994|10|4|0|0|780000|3|24001|766698
1200000|1|5994|10|4|1|2|780000|3|24001|773485
1200000|1|5994|10|4|0|0|780000|4|32014|770363
1200000|1|5994|10|4|1|2|780000|4|32014|782142
1200000|1|5994|10|5|0|0|780000|0|0|753536
1200000|1|5994|10|5|1|2|780000|0|0|750203
1200000|1|5994|10|5|0|0|780000|1|7990|755895
1200000|1|5994|10|5|1|2|780000|1|7990|754256
1200000|1|5994|10|5|0|0|780000|2|15991|758807
1200000|1|5994|10|5|1|2|780000|2|15991|760614
1200000|1|5994|10|5|0|0|780000|3|24000|761342
1200000|1|5994|10|5|1|2|780000|3|24000|768803
1200000|1|5994|10|5|0|0|780000|4|32014|764973
1200000|1|5994|10|5|1|2|780000|4|32014|777255
1200000|1|5995|10|1|0|0|780000|0|0|785742
1200000|1|5995|10|1|1|2|780000|0|0|777649
1200000|1|5995|10|1|0|0|780000|1|7987|789034
1200000|1|5995|10|1|1|2|780000|1|7987|780182
1200000|1|5995|10|1|0|0|780000|2|15986|793169
1200000|1|5995|10|1|1|2|780000|2|15986|785216
1200000|1|5995|10|1|0|0|780000|3|23992|796640
1200000|1|5995|10|1|1|2|780000|3|23992|791841
1200000|1|5995|10|1|0|0|780000|4|32003|800032
1200000|1|5995|10|1|1|2|780000|4|32003|799488
1200000|1|5995|10|2|0|0|780000|0|0|756178
1200000|1|5995|10|2|1|2|780000|0|0|750358
1200000|1|5995|10|2|0|0|780000|1|7987|758692
1200000|1|5995|10|2|1|2|780000|1|7987|753437
1200000|1|5995|10|2|0|0|780000|2|15987|761342
1200000|1|5995|10|2|1|2|780000|2|15987|758821
1200000|1|5995|10|2|0|0|780000|3|23993|764075
1200000|1|5995|10|2|1|2|780000|3|23993|765519
1200000|1|5995|10|2|0|0|780000|4|32004|766802
1200000|1|5995|10|2|1|2|780000|4|32004|772536
1200000|1|5995|10|3|0|0|780000|0|0|751028
1200000|1|5995|10|3|1|2|780000|0|0|745443
1200000|1|5995|10|3|0|0|780000|1|7986|753036
1200000|1|5995|10|3|1|2|780000|1|7986|747977
1200000|1|5995|10|3|0|0|780000|2|15985|755221
1200000|1|5995|10|3|1|2|780000|2|15985|752688
1200000|1|5995|10|3|0|0|780000|3|23991|757559
1200000|1|5995|10|3|1|2|780000|3|23991|759238
1200000|1|5995|10|3|0|0|780000|4|32001|759863
1200000|1|5995|10|3|1|2|780000|4|32001|766415
1200000|1|5995|10|4|0|0|780000|0|1|748459
1200000|1|5995|10|4|1|2|780000|0|1|742547
1200000|1|5995|10|4|0|0|780000|1|7985|749722
1200000|1|5995|10|4|1|2|780000|1|7985|744339
1200000|1|5995|10|4|0|0|780000|2|15983|751049
1200000|1|5995|10|4|1|2|780000|2|15983|748395
1200000|1|5995|10|4|0|0|780000|3|23987|752879
1200000|1|5995|10|4|1|2|780000|3|23987|754052
1200000|1|5995|10|4|0|0|780000|4|31996|755067
1200000|1|5995|10|4|1|2|780000|4|31996|760095
1200000|1|5995|10|5|0|0|780000|0|0|774197
1200000|1|5995|10|5|1|2|780000|0|0|765092
1200000|1|5995|10|5|0|0|780000|1|7983|775696
1200000|1|5995|10|5|1|2|780000|1|7983|765047
1200000|1|5995|10|5|0|0|780000|2|15979|777019
1200000|1|5995|10|5|1|2|780000|2|15979|768053
1200000|1|5995|10|5|0|0|780000|3|23983|778933
1200000|1|5995|10|5|1|2|780000|3|23983|772228
1200000|1|5995|10|5|0|0|780000|4|31990|781234
1200000|1|5995|10|5|1|2|780000|4|31990|777297
1200000|1|5996|10|1|0|0|780000|0|0|725214
1200000|1|5996|10|1|1|2|780000|0|0|718222
1200000|1|5996|10|1|0|0|780000|1|7983|725348
1200000|1|5996|10|1|1|2|780000|1|7983|718452
1200000|1|5996|10|1|0|0|780000|2|15979|726636
1200000|1|5996|10|1|1|2|780000|2|15979|720833
1200000|1|5996|10|1|0|0|780000|3|23982|727924
1200000|1|5996|10|1|1|2|780000|3|23982|724111
1200000|1|5996|10|1|0|0|780000|4|31988|729756
1200000|1|5996|10|1|1|2|780000|4|31988|728231
1200000|1|5996|10|2|0|0|780000|0|0|747130
1200000|1|5996|10|2|1|2|780000|0|0|736498
1200000|1|5996|10|2|0|0|780000|1|7981|748513
1200000|1|5996|10|2|1|2|780000|1|7981|735528
1200000|1|5996|10|2|0|0|780000|2|15975|750931
1200000|1|5996|10|2|1|2|780000|2|15975|737322
1200000|1|5996|10|2|0|0|780000|3|23976|753466
1200000|1|5996|10|2|1|2|780000|3|23976|740011
1200000|1|5996|10|2|0|0|780000|4|31981|755965
1200000|1|5996|10|2|1|2|780000|4|31981|743991
1200000|1|5996|10|3|0|0|780000|0|1|780165
1200000|1|5996|10|3|1|2|780000|0|1|767155
1200000|1|5996|10|3|0|0|780000|1|7980|782366
1200000|1|5996|10|3|1|2|780000|1|7980|765362
1200000|1|5996|10|3|0|0|780000|2|15972|784783
1200000|1|5996|10|3|1|2|780000|2|15972|765634
1200000|1|5996|10|3|0|0|780000|3|23971|787514
1200000|1|5996|10|3|1|2|780000|3|23971|767390
1200000|1|5996|10|3|0|0|780000|4|31975|789971
1200000|1|5996|10|3|1|2|780000|4|31975|769613
1200000|1|5996|10|4|0|0|780000|0|0|777085
1200000|1|5996|10|4|1|2|780000|0|0|762278
1200000|1|5996|10|4|0|0|780000|1|7977|779248
1200000|1|5996|10|4|1|2|780000|1|7977|758890
1200000|1|5996|10|4|0|0|780000|2|15967|781387
1200000|1|5996|10|4|1|2|780000|2|15967|757949
1200000|1|5996|10|4|0|0|780000|3|23964|783770
1200000|1|5996|10|4|1|2|780000|3|23964|758735
1200000|1|5996|10|4|0|0|780000|4|31966|786380
1200000|1|5996|10|4|1|2|780000|4|31966|760214
1200000|1|5996|10|5|0|0|780000|0|0|745027
1200000|1|5996|10|5|1|2|780000|0|0|730962
1200000|1|5996|10|5|0|0|780000|1|7976|746287
1200000|1|5996|10|5|1|2|780000|1|7976|727300
1200000|1|5996|10|5|0|0|780000|2|15965|747617
1200000|1|5996|10|5|1|2|780000|2|15965|726167
1200000|1|5996|10|5|0|0|780000|3|23962|750033
1200000|1|5996|10|5|1|2|780000|3|23962|726402
1200000|1|5996|10|5|0|0|780000|4|31963|751636
1200000|1|5996|10|5|1|2|780000|4|31963|727454
1200000|1|5997|10|1|0|0|780000|0|0|742258
1200000|1|5997|10|1|1|2|780000|0|0|729054
1200000|1|5997|10|1|0|0|780000|1|7977|742972
1200000|1|5997|10|1|1|2|780000|1|7977|725855
1200000|1|5997|10|1|0|0|780000|2|15966|743990
1200000|1|5997|10|1|1|2|780000|2|15966|725309
1200000|1|5997|10|1|0|0|780000|3|23963|745860
1200000|1|5997|10|1|1|2|780000|3|23963|726129
1200000|1|5997|10|1|0|0|780000|4|31963|747772
1200000|1|5997|10|1|1|2|780000|4|31963|727727
1200000|1|5997|10|2|0|0|780000|0|0|775759
1200000|1|5997|10|2|1|2|780000|0|0|761073
1200000|1|5997|10|2|0|0|780000|1|7977|777566
1200000|1|5997|10|2|1|2|780000|1|7977|757329
1200000|1|5997|10|2|0|0|780000|2|15966|779012
1200000|1|5997|10|2|1|2|780000|2|15966|755962
1200000|1|5997|10|2|0|0|780000|3|23963|781274
1200000|1|5997|10|2|1|2|780000|3|23963|756081
1200000|1|5997|10|2|0|0|780000|4|31963|783653
1200000|1|5997|10|2|1|2|780000|4|31963|756818
1200000|1|5997|10|3|0|0|780000|0|0|778097
1200000|1|5997|10|3|1|2|780000|0|0|762046
1200000|1|5997|10|3|0|0|780000|1|7976|780220
1200000|1|5997|10|3|1|2|780000|1|7976|758302
1200000|1|5997|10|3|0|0|780000|2|15965|782444
1200000|1|5997|10|3|1|2|780000|2|15965|757251
1200000|1|5997|10|3|0|0|780000|3|23961|785408
1200000|1|5997|10|3|1|2|780000|3|23961|757719
1200000|1|5997|10|3|0|0|780000|4|31961|787360
1200000|1|5997|10|3|1|2|780000|4|31961|758885
1200000|1|5997|10|4|0|0|780000|0|0|748730
1200000|1|5997|10|4|1|2|780000|0|0|734315
1200000|1|5997|10|4|0|0|780000|1|7976|750111
1200000|1|5997|10|4|1|2|780000|1|7976|730339
1200000|1|5997|10|4|0|0|780000|2|15963|751673
1200000|1|5997|10|4|1|2|780000|2|15963|729169
1200000|1|5997|10|4|0|0|780000|3|23959|753781
1200000|1|5997|10|4|1|2|780000|3|23959|728975
1200000|1|5997|10|4|0|0|780000|4|31959|755299
1200000|1|5997|10|4|1|2|780000|4|31959|729401
1200000|1|5997|10|5|0|0|780000|0|0|746157
1200000|1|5997|10|5|1|2|780000|0|0|732056
1200000|1|5997|10|5|0|0|780000|1|7974|747189
1200000|1|5997|10|5|1|2|780000|1|7974|728234
1200000|1|5997|10|5|0|0|780000|2|15962|748666
1200000|1|5997|10|5|1|2|780000|2|15962|727262
1200000|1|5997|10|5|0|0|780000|3|23957|750425
1200000|1|5997|10|5|1|2|780000|3|23957|727687
1200000|1|5997|10|5|0|0|780000|4|31956|752294
1200000|1|5997|10|5|1|2|780000|4|31956|728425
1200000|1|5998|10|1|0|0|780000|0|0|727939
1200000|1|5998|10|1|1|2|780000|0|0|714506
1200000|1|5998|10|1|0|0|780000|1|7975|728505
1200000|1|5998|10|1|1|2|780000|1|7975|710921
1200000|1|5998|10|1|0|0|780000|2|15962|730342
1200000|1|5998|10|1|1|2|780000|2|15962|710099
1200000|1|5998|10|1|0|0|780000|3|23958|732056
1200000|1|5998|10|1|1|2|780000|3|23958|710646
1200000|1|5998|10|1|0|0|780000|4|31958|733421
1200000|1|5998|10|1|1|2|780000|4|31958|711542
1200000|1|5998|10|2|0|0|780000|0|0|779579
1200000|1|5998|10|2|1|2|780000|0|0|763412
1200000|1|5998|10|2|0|0|780000|1|7974|781276
1200000|1|5998|10|2|1|2|780000|1|7974|759161
1200000|1|5998|10|2|0|0|780000|2|15962|783187
1200000|1|5998|10|2|1|2|780000|2|15962|757757
1200000|1|5998|10|2|0|0|780000|3|23956|785641
1200000|1|5998|10|2|1|2|780000|3|23956|757990
1200000|1|5998|10|2|0|0|780000|4|31956|787904
1200000|1|5998|10|2|1|2|780000|4|31956|758654
1200000|1|5998|10|3|0|0|780000|0|0|726035
1200000|1|5998|10|3|1|2|780000|0|0|711932
1200000|1|5998|10|3|0|0|780000|1|7975|726905
1200000|1|5998|10|3|1|2|780000|1|7975|707874
1200000|1|5998|10|3|0|0|780000|2|15963|728195
1200000|1|5998|10|3|1|2|780000|2|15963|706196
1200000|1|5998|10|3|0|0|780000|3|23958|730378
1200000|1|5998|10|3|1|2|780000|3|23958|705928
1200000|1|5998|10|3|0|0|780000|4|31958|732874
1200000|1|5998|10|3|1|2|780000|4|31958|706355
1200000|1|5998|10|4|0|0|780000|0|0|741593
1200000|1|5998|10|4|1|2|780000|0|0|725306
1200000|1|5998|10|4|0|0|780000|1|7974|741766
1200000|1|5998|10|4|1|2|780000|1|7974|720085
1200000|1|5998|10|4|0|0|780000|2|15961|742038
1200000|1|5998|10|4|1|2|780000|2|15961|717431
1200000|1|5998|10|4|0|0|780000|3|23955|742430
1200000|1|5998|10|4|1|2|780000|3|23955|715286
1200000|1|5998|10|4|0|0|780000|4|31951|744926
1200000|1|5998|10|4|1|2|780000|4|31951|714896
1200000|1|5998|10|5|0|0|780000|0|0|739371
1200000|1|5998|10|5|1|2|780000|0|0|724878
1200000|1|5998|10|5|0|0|780000|1|7974|739544
1200000|1|5998|10|5|1|2|780000|1|7974|720160
1200000|1|5998|10|5|0|0|780000|2|15960|739622
1200000|1|5998|10|5|1|2|780000|2|15960|718405
1200000|1|5998|10|5|0|0|780000|3|23954|741105
1200000|1|5998|10|5|1|2|780000|3|23954|717587
1200000|1|5998|10|5|0|0|780000|4|31952|743639
1200000|1|5998|10|5|1|2|780000|4|31952|717626
1200000|1|5999|10|1|0|0|780000|0|0|745840
1200000|1|5999|10|1|1|2|780000|0|0|730027
1200000|1|5999|10|1|0|0|780000|1|7974|747578
1200000|1|5999|10|1|1|2|780000|1|7974|725305
1200000|1|5999|10|1|0|0|780000|2|15960|749291
1200000|1|5999|10|1|1|2|780000|2|15960|723516
1200000|1|5999|10|1|0|0|780000|3|23954|751946
1200000|1|5999|10|1|1|2|780000|3|23954|722931
1200000|1|5999|10|1|0|0|780000|4|31952|754404
1200000|1|5999|10|1|1|2|780000|4|31952|722891
1200000|1|5999|10|2|0|0|780000|0|0|725210
1200000|1|5999|10|2|1|2|780000|0|0|710840
1200000|1|5999|10|2|0|0|780000|1|7974|725970
1200000|1|5999|10|2|1|2|780000|1|7974|706041
1200000|1|5999|10|2|0|0|780000|2|15960|727417
1200000|1|5999|10|2|1|2|780000|2|15960|703937
1200000|1|5999|10|2|0|0|780000|3|23954|729791
1200000|1|5999|10|2|1|2|780000|3|23954|703040
1200000|1|5999|10|2|0|0|780000|4|31952|731472
1200000|1|5999|10|2|1|2|780000|4|31952|702532
1200000|1|5999|10|3|0|0|780000|0|0|775837
1200000|1|5999|10|3|1|2|780000|0|0|759434
1200000|1|5999|10|3|0|0|780000|1|7974|777413
1200000|1|5999|10|3|1|2|780000|1|7974|754443
1200000|1|5999|10|3|0|0|780000|2|15960|778894
1200000|1|5999|10|3|1|2|780000|2|15960|752531
1200000|1|5999|10|3|0|0|780000|3|23954|780730
1200000|1|5999|10|3|1|2|780000|3|23954|752027
1200000|1|5999|10|3|0|0|780000|4|31952|783416
1200000|1|5999|10|3|1|2|780000|4|31952|751908
1200000|1|5999|10|4|0|0|780000|0|0|725105
1200000|1|5999|10|4|1|2|780000|0|0|710059
1200000|1|5999|10|4|0|0|780000|1|7974|725904
1200000|1|5999|10|4|1|2|780000|1|7974|704677
1200000|1|5999|10|4|0|0|780000|2|15960|727619
1200000|1|5999|10|4|1|2|780000|2|15960|701168
1200000|1|5999|10|4|0|0|780000|3|23953|728907
1200000|1|5999|10|4|1|2|780000|3|23953|698944
1200000|1|5999|10|4|0|0|780000|4|31949|730544
1200000|1|5999|10|4|1|2|780000|4|31949|698399
1200000|1|5999|10|5|0|0|780000|0|0|736494
1200000|1|5999|10|5|1|2|780000|0|0|721224
1200000|1|5999|10|5|0|0|780000|1|7972|735771
1200000|1|5999|10|5|1|2|780000|1|7972|715687
1200000|1|5999|10|5|0|0|780000|2|15957|735381
1200000|1|5999|10|5|1|2|780000|2|15957|712955
1200000|1|5999|10|5|0|0|780000|3|23949|736473
1200000|1|5999|10|5|1|2|780000|3|23949|711513
1200000|1|5999|10|5|0|0|780000|4|31946|738656
1200000|1|5999|10|5|1|2|780000|4|31946|711434
1200000|1|6000|10|1|0|0|780000|0|0|725456
1200000|1|6000|10|1|1|2|780000|0|0|711434
1200000|1|6000|10|1|0|0|780000|1|7973|726332
1200000|1|6000|10|1|1|2|780000|1|7973|706597
1200000|1|6000|10|1|0|0|780000|2|15959|727735
1200000|1|6000|10|1|1|2|780000|2|15959|704727
1200000|1|6000|10|1|0|0|780000|3|23953|730116
1200000|1|6000|10|1|1|2|780000|3|23953|703713
1200000|1|6000|10|1|0|0|780000|4|31950|731714
1200000|1|6000|10|1|1|2|780000|4|31950|703670
1200000|1|6000|10|2|0|0|780000|0|0|728030
1200000|1|6000|10|2|1|2|780000|0|0|713737
1200000|1|6000|10|2|0|0|780000|1|7975|728634
1200000|1|6000|10|2|1|2|780000|1|7975|709832
1200000|1|6000|10|2|0|0|780000|2|15962|730232
1200000|1|6000|10|2|1|2|780000|2|15962|707342
1200000|1|6000|10|2|0|0|780000|3|23955|731638
1200000|1|6000|10|2|1|2|780000|3|23955|706676
1200000|1|6000|10|2|0|0|780000|4|31954|733743
1200000|1|6000|10|2|1|2|780000|4|31954|707340
1200000|1|6000|10|3|0|0|780000|0|0|727600
1200000|1|6000|10|3|1|2|780000|0|0|715023
1200000|1|6000|10|3|0|0|780000|1|7977|728167
1200000|1|6000|10|3|1|2|780000|1|7977|711866
1200000|1|6000|10|3|0|0|780000|2|15966|730035
1200000|1|6000|10|3|1|2|780000|2|15966|710772
1200000|1|6000|10|3|0|0|780000|3|23962|731793
1200000|1|6000|10|3|1|2|780000|3|23962|711902
1200000|1|6000|10|3|0|0|780000|4|31963|734562
1200000|1|6000|10|3|1|2|780000|4|31963|713815
1200000|1|6000|10|4|0|0|780000|0|0|731852
1200000|1|6000|10|4|1|2|780000|0|0|718535
1200000|1|6000|10|4|0|0|780000|1|7977|733664
1200000|1|6000|10|4|1|2|780000|1|7977|715606
1200000|1|6000|10|4|0|0|780000|2|15968|735927
1200000|1|6000|10|4|1|2|780000|2|15968|715569
1200000|1|6000|10|4|0|0|780000|3|23966|739086
1200000|1|6000|10|4|1|2|780000|3|23966|716661
1200000|1|6000|10|4|0|0|780000|4|31969|742674
1200000|1|6000|10|4|1|2|780000|4|31969|718338
1200000|1|6000|10|5|0|0|780000|0|0|743319
1200000|1|6000|10|5|1|2|780000|0|0|729451
1200000|1|6000|10|5|0|0|780000|1|7994|747861
1200000|1|6000|10|5|1|2|780000|1|7994|727931
1200000|1|6000|10|5|0|0|780000|2|15993|752737
1200000|1|6000|10|5|1|2|780000|2|15993|728709
1200000|1|6000|10|5|0|0|780000|3|23997|758352
1200000|1|6000|10|5|1|2|780000|3|23997|729841
1200000|1|6000|10|5|0|0|780000|4|32002|763930
1200000|1|6000|10|5|1|2|780000|4|32002|731207
1200000|1|6001|10|1|0|0|780000|0|0|758412
1200000|1|6001|10|1|1|2|780000|0|0|741976
1200000|1|6001|10|1|0|0|780000|1|7978|762290
1200000|1|6001|10|1|1|2|780000|1|7978|739161
1200000|1|6001|10|1|0|0|780000|2|15970|767318
1200000|1|6001|10|1|1|2|780000|2|15970|738344
1200000|1|6001|10|1|0|0|780000|3|23969|772743
1200000|1|6001|10|1|1|2|780000|3|23969|739126
1200000|1|6001|10|1|0|0|780000|4|31971|778554
1200000|1|6001|10|1|1|2|780000|4|31971|740645
1200000|1|6001|10|2|0|0|780000|0|0|772920
1200000|1|6001|10|2|1|2|780000|0|0|755582
1200000|1|6001|10|2|0|0|780000|1|7992|779217
1200000|1|6001|10|2|1|2|780000|1|7992|754218
1200000|1|6001|10|2|0|0|780000|2|15990|786000
1200000|1|6001|10|2|1|2|780000|2|15990|754843
1200000|1|6001|10|2|0|0|780000|3|23994|792593
1200000|1|6001|10|2|1|2|780000|3|23994|756752
1200000|1|6001|10|2|0|0|780000|4|31999|798680
1200000|1|6001|10|2|1|2|780000|4|31999|758781
1200000|1|6001|10|3|0|0|780000|0|0|747883
1200000|1|6001|10|3|1|2|780000|0|0|733080
1200000|1|6001|10|3|0|0|780000|1|7994|752969
1200000|1|6001|10|3|1|2|780000|1|7994|732182
1200000|1|6001|10|3|0|0|780000|2|15995|758192
1200000|1|6001|10|3|1|2|780000|2|15995|733080
1200000|1|6001|10|3|0|0|780000|3|23999|762797
1200000|1|6001|10|3|1|2|780000|3|23999|734991
1200000|1|6001|10|3|0|0|780000|4|32006|768258
1200000|1|6001|10|3|1|2|780000|4|32006|737059
1200000|1|6001|10|4|0|0|780000|0|0|796199
1200000|1|6001|10|4|1|2|780000|0|0|775394
1200000|1|6001|10|4|0|0|780000|1|7980|801992
1200000|1|6001|10|4|1|2|780000|1|7980|771727
1200000|1|6001|10|4|0|0|780000|2|15971|808193
1200000|1|6001|10|4|1|2|780000|2|15971|770869
1200000|1|6001|10|4|0|0|780000|3|23970|814005
1200000|1|6001|10|4|1|2|780000|3|23970|771690
1200000|1|6001|10|4|0|0|780000|4|31973|819073
1200000|1|6001|10|4|1|2|780000|4|31973|773717
1200000|1|6001|10|5|0|0|780000|0|0|793548
1200000|1|6001|10|5|1|2|780000|0|0|776487
1200000|1|6001|10|5|0|0|780000|1|7980|799146
1200000|1|6001|10|5|1|2|780000|1|7980|774263
1200000|1|6001|10|5|0|0|780000|2|15972|804994
1200000|1|6001|10|5|1|2|780000|2|15972|774186
1200000|1|6001|10|5|0|0|780000|3|23971|810768
1200000|1|6001|10|5|1|2|780000|3|23971|775859
1200000|1|6001|10|5|0|0|780000|4|31974|815954
1200000|1|6001|10|5|1|2|780000|4|31974|778126
1200000|1|6002|10|1|0|0|780000|0|0|794173
1200000|1|6002|10|1|1|2|780000|0|0|778126
1200000|1|6002|10|1|0|0|780000|1|7979|799925
1200000|1|6002|10|1|1|2|780000|1|7979|775823
1200000|1|6002|10|1|0|0|780000|2|15971|806361
1200000|1|6002|10|1|1|2|780000|2|15971|776176
1200000|1|6002|10|1|0|0|780000|3|23970|812794
1200000|1|6002|10|1|1|2|780000|3|23970|777738
1200000|1|6002|10|1|0|0|780000|4|31974|818138
1200000|1|6002|10|1|1|2|780000|4|31974|780384
1200000|1|6002|10|2|0|0|780000|0|0|792772
1200000|1|6002|10|2|1|2|780000|0|0|778437
1200000|1|6002|10|2|0|0|780000|1|7980|798132
1200000|1|6002|10|2|1|2|780000|1|7980|776564
1200000|1|6002|10|2|0|0|780000|2|15973|803513
1200000|1|6002|10|2|1|2|780000|2|15973|777267
1200000|1|6002|10|2|0|0|780000|3|23973|809247
1200000|1|6002|10|2|1|2|780000|3|23973|779333
1200000|1|6002|10|2|0|0|780000|4|31977|814902
1200000|1|6002|10|2|1|2|780000|4|31977|782103
1200000|1|6002|10|3|0|0|780000|0|0|789806
1200000|1|6002|10|3|1|2|780000|0|0|776717
1200000|1|6002|10|3|0|0|780000|1|7981|794505
1200000|1|6002|10|3|1|2|780000|1|7981|776136
1200000|1|6002|10|3|0|0|780000|2|15975|799302
1200000|1|6002|10|3|1|2|780000|2|15975|777422
1200000|1|6002|10|3|0|0|780000|3|23975|804020
1200000|1|6002|10|3|1|2|780000|3|23975|779412
1200000|1|6002|10|3|0|0|780000|4|31980|809130
1200000|1|6002|10|3|1|2|780000|4|31980|782259
1200000|1|6002|10|4|0|0|780000|0|0|788559
1200000|1|6002|10|4|1|2|780000|0|0|775862
1200000|1|6002|10|4|0|0|780000|1|7980|792318
1200000|1|6002|10|4|1|2|780000|1|7980|776056
1200000|1|6002|10|4|0|0|780000|2|15975|796685
1200000|1|6002|10|4|1|2|780000|2|15975|777774
1200000|1|6002|10|4|0|0|780000|3|23976|800629
1200000|1|6002|10|4|1|2|780000|3|23976|780815
1200000|1|6002|10|4|0|0|780000|4|31982|804645
1200000|1|6002|10|4|1|2|780000|4|31982|785107
1200000|1|6002|10|5|0|0|780000|0|0|739107
1200000|1|6002|10|5|1|2|780000|0|0|731559
1200000|1|6002|10|5|0|0|780000|1|7984|742712
1200000|1|6002|10|5|1|2|780000|1|7984|732573
1200000|1|6002|10|5|0|0|780000|2|15981|746847
1200000|1|6002|10|5|1|2|780000|2|15981|735850
1200000|1|6002|10|5|0|0|780000|3|23985|751683
1200000|1|6002|10|5|1|2|780000|3|23985|740451
1200000|1|6002|10|5|0|0|780000|4|31993|756635
1200000|1|6002|10|5|1|2|780000|4|31993|745950
1200000|1|6003|10|1|0|0|780000|0|0|743708
1200000|1|6003|10|1|1|2|780000|0|0|735498
1200000|1|6003|10|1|0|0|780000|1|7986|747628
1200000|1|6003|10|1|1|2|780000|1|7986|737448
1200000|1|6003|10|1|0|0|780000|2|15984|753123
1200000|1|6003|10|1|1|2|780000|2|15984|742241
1200000|1|6003|10|1|0|0|780000|3|23990|758273
1200000|1|6003|10|1|1|2|780000|3|23990|748287
1200000|1|6003|10|1|0|0|780000|4|32000|763579
1200000|1|6003|10|1|1|2|780000|4|32000|755346
1200000|1|6003|10|2|0|0|780000|0|0|740705
1200000|1|6003|10|2|1|2|780000|0|0|733509
1200000|1|6003|10|2|0|0|780000|1|7985|744274
1200000|1|6003|10|2|1|2|780000|1|7985|735498
1200000|1|6003|10|2|0|0|780000|2|15983|748565
1200000|1|6003|10|2|1|2|780000|2|15983|740413
1200000|1|6003|10|2|0|0|780000|3|23989|752933
1200000|1|6003|10|2|1|2|780000|3|23989|746690
1200000|1|6003|10|2|0|0|780000|4|31999|757100
1200000|1|6003|10|2|1|2|780000|4|31999|753088
1200000|1|6003|10|3|0|0|780000|0|0|779081
1200000|1|6003|10|3|1|2|780000|0|0|771300
1200000|1|6003|10|3|0|0|780000|1|7983|781010
1200000|1|6003|10|3|1|2|780000|1|7983|772236
1200000|1|6003|10|3|0|0|780000|2|15980|783155
1200000|1|6003|10|3|1|2|780000|2|15980|776213
1200000|1|6003|10|3|0|0|780000|3|23984|785067
1200000|1|6003|10|3|1|2|780000|3|23984|781478
1200000|1|6003|10|3|0|0|780000|4|31992|788225
1200000|1|6003|10|3|1|2|780000|4|31992|786860
1200000|1|6003|10|4|0|0|780000|0|0|740823
1200000|1|6003|10|4|1|2|780000|0|0|733625
1200000|1|6003|10|4|0|0|780000|1|7983|741309
1200000|1|6003|10|4|1|2|780000|1|7983|734056
1200000|1|6003|10|4|0|0|780000|2|15979|741581
1200000|1|6003|10|4|1|2|780000|2|15979|737331
1200000|1|6003|10|4|0|0|780000|3|23982|743299
1200000|1|6003|10|4|1|2|780000|3|23982|742359
1200000|1|6003|10|4|0|0|780000|4|31989|745208
1200000|1|6003|10|4|1|2|780000|4|31989|747432
1200000|1|6003|10|5|0|0|780000|0|0|724950
1200000|1|6003|10|5|1|2|780000|0|0|718143
1200000|1|6003|10|5|0|0|780000|1|7982|725476
1200000|1|6003|10|5|1|2|780000|1|7982|718218
1200000|1|6003|10|5|0|0|780000|2|15975|726956
1200000|1|6003|10|5|1|2|780000|2|15975|720987
1200000|1|6003|10|5|0|0|780000|3|23977|729374
1200000|1|6003|10|5|1|2|780000|3|23977|725123
1200000|1|6003|10|5|0|0|780000|4|31982|731985
1200000|1|6003|10|5|1|2|780000|4|31982|729921
1200000|1|6004|10|1|0|0|780000|0|0|776429
1200000|1|6004|10|1|1|2|780000|0|0|763931
1200000|1|6004|10|1|0|0|780000|1|7979|779567
1200000|1|6004|10|1|1|2|780000|1|7979|762759
1200000|1|6004|10|1|0|0|780000|2|15971|782219
1200000|1|6004|10|1|1|2|780000|2|15971|763929
1200000|1|6004|10|1|0|0|780000|3|23971|784678
1200000|1|6004|10|1|1|2|780000|3|23971|766541
1200000|1|6004|10|1|0|0|780000|4|31975|786509
1200000|1|6004|10|1|1|2|780000|4|31975|769702
1200000|1|6004|10|2|0|0|780000|0|0|742694
1200000|1|6004|10|2|1|2|780000|0|0|730584
1200000|1|6004|10|2|0|0|780000|1|7979|743804
1200000|1|6004|10|2|1|2|780000|1|7979|728479
1200000|1|6004|10|2|0|0|780000|2|15970|745209
1200000|1|6004|10|2|1|2|780000|2|15970|729375
1200000|1|6004|10|2|0|0|780000|3|23969|747472
1200000|1|6004|10|2|1|2|780000|3|23969|731324
1200000|1|6004|10|2|0|0|780000|4|31972|749889
1200000|1|6004|10|2|1|2|780000|4|31972|733900
1200000|1|6004|10|3|0|0|780000|0|0|772179
1200000|1|6004|10|3|1|2|780000|0|0|757999
1200000|1|6004|10|3|0|0|780000|1|7978|773912
1200000|1|6004|10|3|1|2|780000|1|7978|755778
1200000|1|6004|10|3|0|0|780000|2|15968|775746
1200000|1|6004|10|3|1|2|780000|2|15968|755933
1200000|1|6004|10|3|0|0|780000|3|23967|777462
1200000|1|6004|10|3|1|2|780000|3|23967|757690
1200000|1|6004|10|3|0|0|780000|4|31969|779877
1200000|1|6004|10|3|1|2|780000|4|31969|759911
1200000|1|6004|10|4|0|0|780000|0|0|778887
1200000|1|6004|10|4|1|2|780000|0|0|764122
1200000|1|6004|10|4|0|0|780000|1|7978|781670
1200000|1|6004|10|4|1|2|780000|1|7978|761314
1200000|1|6004|10|4|0|0|780000|2|15967|784325
1200000|1|6004|10|4|1|2|780000|2|15967|761354
1200000|1|6004|10|4|0|0|780000|3|23965|786706
1200000|1|6004|10|4|1|2|780000|3|23965|762643
1200000|1|6004|10|4|0|0|780000|4|31966|788381
1200000|1|6004|10|4|1|2|780000|4|31966|764163
1200000|1|6004|10|5|0|0|780000|0|0|740120
1200000|1|6004|10|5|1|2|780000|0|0|727386
1200000|1|6004|10|5|0|0|780000|1|7976|740882
1200000|1|6004|10|5|1|2|780000|1|7976|724381
1200000|1|6004|10|5|0|0|780000|2|15965|741853
1200000|1|6004|10|5|1|2|780000|2|15965|724460
1200000|1|6004|10|5|0|0|780000|3|23962|744234
1200000|1|6004|10|5|1|2|780000|3|23962|725787
1200000|1|6004|10|5|0|0|780000|4|31962|746377
1200000|1|6004|10|5|1|2|780000|4|31962|728048
1200000|1|6005|10|1|0|0|780000|0|0|774870
1200000|1|6005|10|1|1|2|780000|0|0|759754
1200000|1|6005|10|1|0|0|780000|1|7976|776683
1200000|1|6005|10|1|1|2|780000|1|7976|756636
1200000|1|6005|10|1|0|0|780000|2|15964|777930
1200000|1|6005|10|1|1|2|780000|2|15964|755778
1200000|1|6005|10|1|0|0|780000|3|23961|780154
1200000|1|6005|10|1|1|2|780000|3|23961|756091
1200000|1|6005|10|1|0|0|780000|4|31961|782142
1200000|1|6005|10|1|1|2|780000|4|31961|757337
1200000|1|6005|10|2|0|0|780000|0|0|772998
1200000|1|6005|10|2|1|2|780000|0|0|777579
1200000|1|6005|10|2|0|0|780000|1|7998|775668
1200000|1|6005|10|2|1|2|780000|1|7998|785419
1200000|1|6005|10|2|0|0|780000|2|16002|778903
1200000|1|6005|10|2|1|2|780000|2|16002|791387
1200000|1|6005|10|2|0|0|780000|3|24007|781557
1200000|1|6005|10|2|1|2|780000|3|24007|796725
1200000|1|6005|10|2|0|0|780000|4|32013|784129
1200000|1|6005|10|2|1|2|780000|4|32013|800703
1200000|1|6005|10|3|0|0|780000|0|0|740979
1200000|1|6005|10|3|1|2|780000|0|0|726875
1200000|1|6005|10|3|0|0|780000|1|7976|742168
1200000|1|6005|10|3|1|2|780000|1|7976|722981
1200000|1|6005|10|3|0|0|780000|2|15963|743647
1200000|1|6005|10|3|1|2|780000|2|15963|721732
1200000|1|6005|10|3|0|0|780000|3|23959|744820
1200000|1|6005|10|3|1|2|780000|3|23959|721809
1200000|1|6005|10|3|0|0|780000|4|31958|746692
1200000|1|6005|10|3|1|2|780000|4|31958|722590
1200000|1|6005|10|4|0|0|780000|0|0|770894
1200000|1|6005|10|4|1|2|780000|0|0|755699
1200000|1|6005|10|4|0|0|780000|1|7974|772509
1200000|1|6005|10|4|1|2|780000|1|7974|751527
1200000|1|6005|10|4|0|0|780000|2|15962|773873
1200000|1|6005|10|4|1|2|780000|2|15962|749927
1200000|1|6005|10|4|0|0|780000|3|23957|775980
1200000|1|6005|10|4|1|2|780000|3|23957|749730
1200000|1|6005|10|4|0|0|780000|4|31956|778165
1200000|1|6005|10|4|1|2|780000|4|31956|750240
1200000|1|6005|10|5|0|0|780000|0|0|769761
1200000|1|6005|10|5|1|2|780000|0|0|754179
1200000|1|6005|10|5|0|0|780000|1|7976|770791
1200000|1|6005|10|5|1|2|780000|1|7976|750161
1200000|1|6005|10|5|0|0|780000|2|15963|772081
1200000|1|6005|10|5|1|2|780000|2|15963|748487
1200000|1|6005|10|5|0|0|780000|3|23959|773914
1200000|1|6005|10|5|1|2|780000|3|23959|748328
1200000|1|6005|10|5|0|0|780000|4|31958|776331
1200000|1|6005|10|5|1|2|780000|4|31958|749149
1200000|1|6006|10|1|0|0|780000|0|0|735246
1200000|1|6006|10|1|1|2|780000|0|0|723410
1200000|1|6006|10|1|0|0|780000|1|7975|735615
1200000|1|6006|10|1|1|2|780000|1|7975|720210
1200000|1|6006|10|1|0|0|780000|2|15964|735811
1200000|1|6006|10|1|1|2|780000|2|15964|719548
1200000|1|6006|10|1|0|0|780000|3|23959|737293
1200000|1|6006|10|1|1|2|780000|3|23959|720053
1200000|1|6006|10|1|0|0|780000|4|31959|738813
1200000|1|6006|10|1|1|2|780000|4|31959|721340
1200000|1|6006|10|2|0|0|780000|0|0|772686
1200000|1|6006|10|2|1|2|780000|0|0|758313
1200000|1|6006|10|2|0|0|780000|1|7975|773522
1200000|1|6006|10|2|1|2|780000|1|7975|754880
1200000|1|6006|10|2|0|0|780000|2|15963|774457
1200000|1|6006|10|2|1|2|780000|2|15963|754687
1200000|1|6006|10|2|0|0|780000|3|23959|775863
1200000|1|6006|10|2|1|2|780000|3|23959|755463
1200000|1|6006|10|2|0|0|780000|4|31958|777189
1200000|1|6006|10|2|1|2|780000|4|31958|757063
1200000|1|6006|10|3|0|0|780000|0|0|770737
1200000|1|6006|10|3|1|2|780000|0|0|754764
1200000|1|6006|10|3|0|0|780000|1|7974|771651
1200000|1|6006|10|3|1|2|780000|1|7974|750161
1200000|1|6006|10|3|0|0|780000|2|15960|772392
1200000|1|6006|10|3|1|2|780000|2|15960|748250
1200000|1|6006|10|3|0|0|780000|3|23954|773835
1200000|1|6006|10|3|1|2|780000|3|23954|747626
1200000|1|6006|10|3|0|0|780000|4|31952|775901
1200000|1|6006|10|3|1|2|780000|4|31952|747743
1200000|1|6006|10|4|0|0|780000|0|0|769523
1200000|1|6006|10|4|1|2|780000|0|0|753400
1200000|1|6006|10|4|0|0|780000|1|7974|770361
1200000|1|6006|10|4|1|2|780000|1|7974|748561
1200000|1|6006|10|4|0|0|780000|2|15960|771570
1200000|1|6006|10|4|1|2|780000|2|15960|746575
1200000|1|6006|10|4|0|0|780000|3|23954|773758
1200000|1|6006|10|4|1|2|780000|3|23954|745674
1200000|1|6006|10|4|0|0|780000|4|31952|774847
1200000|1|6006|10|4|1|2|780000|4|31952|745364
1200000|1|6006|10|5|0|0|780000|0|0|761065
1200000|1|6006|10|5|1|2|780000|0|0|746067
1200000|1|6006|10|5|0|0|780000|1|7973|760108
1200000|1|6006|10|5|1|2|780000|1|7973|741036
1200000|1|6006|10|5|0|0|780000|2|15959|759209
1200000|1|6006|10|5|1|2|780000|2|15959|738694
1200000|1|6006|10|5|0|0|780000|3|23953|760028
1200000|1|6006|10|5|1|2|780000|3|23953|737837
1200000|1|6006|10|5|0|0|780000|4|31951|761275
1200000|1|6006|10|5|1|2|780000|4|31951|737761
1200000|1|6007|10|1|0|0|780000|0|0|734231
1200000|1|6007|10|1|1|2|780000|0|0|720755
1200000|1|6007|10|1|0|0|780000|1|7973|733938
1200000|1|6007|10|1|1|2|780000|1|7973|716817
1200000|1|6007|10|1|0|0|780000|2|15960|734093
1200000|1|6007|10|1|1|2|780000|2|15960|715450
1200000|1|6007|10|1|0|0|780000|3|23954|734951
1200000|1|6007|10|1|1|2|780000|3|23954|715178
1200000|1|6007|10|1|0|0|780000|4|31952|735069
1200000|1|6007|10|1|1|2|780000|4|31952|716115
1200000|1|6007|10|2|0|0|780000|0|0|758842
1200000|1|6007|10|2|1|2|780000|0|0|744896
1200000|1|6007|10|2|0|0|780000|1|7973|757882
1200000|1|6007|10|2|1|2|780000|1|7973|740294
1200000|1|6007|10|2|0|0|780000|2|15959|756324
1200000|1|6007|10|2|1|2|780000|2|15959|739202
1200000|1|6007|10|2|0|0|780000|3|23953|756713
1200000|1|6007|10|2|1|2|780000|3|23953|738967
1200000|1|6007|10|2|0|0|780000|4|31951|757374
1200000|1|6007|10|2|1|2|780000|4|31951|739550
1200000|1|6007|10|3|0|0|780000|0|0|730367
1200000|1|6007|10|3|1|2|780000|0|0|717714
1200000|1|6007|10|3|0|0|780000|1|7974|730312
1200000|1|6007|10|3|1|2|780000|1|7974|714239
1200000|1|6007|10|3|0|0|780000|2|15960|730700
1200000|1|6007|10|3|1|2|780000|2|15960|713502
1200000|1|6007|10|3|0|0|780000|3|23954|731947
1200000|1|6007|10|3|1|2|780000|3|23954|714244
1200000|1|6007|10|3|0|0|780000|4|31953|733078
1200000|1|6007|10|3|1|2|780000|4|31953|715335
1200000|1|6007|10|4|0|0|780000|0|0|773039
1200000|1|6007|10|4|1|2|780000|0|0|757806
1200000|1|6007|10|4|0|0|780000|1|7974|774070
1200000|1|6007|10|4|1|2|780000|1|7974|754063
1200000|1|6007|10|4|0|0|780000|2|15960|775083
1200000|1|6007|10|4|1|2|780000|2|15960|753045
1200000|1|6007|10|4|0|0|780000|3|23954|776488
1200000|1|6007|10|4|1|2|780000|3|23954|753711
1200000|1|6007|10|4|0|0|780000|4|31953|777966
1200000|1|6007|10|4|1|2|780000|4|31953|754803
1200000|1|6007|10|5|0|0|780000|0|0|770890
1200000|1|6007|10|5|1|2|780000|0|0|754491
1200000|1|6007|10|5|0|0|780000|1|7974|771648
1200000|1|6007|10|5|1|2|780000|1|7974|749849
1200000|1|6007|10|5|0|0|780000|2|15960|773015
1200000|1|6007|10|5|1|2|780000|2|15960|748056
1200000|1|6007|10|5|0|0|780000|3|23954|774966
1200000|1|6007|10|5|1|2|780000|3|23954|747663
1200000|1|6007|10|5|0|0|780000|4|31952|776291
1200000|1|6007|10|5|1|2|780000|4|31952|747549
1200000|1|6008|10|1|0|0|780000|0|0|769215
1200000|1|6008|10|1|1|2|780000|0|0|753946
1200000|1|6008|10|1|0|0|780000|1|7974|769507
1200000|1|6008|10|1|1|2|780000|1|7974|749889
1200000|1|6008|10|1|0|0|780000|2|15961|769464
1200000|1|6008|10|1|1|2|780000|2|15961|748133
1200000|1|6008|10|1|0|0|780000|3|23956|770792
1200000|1|6008|10|1|1|2|780000|3|23956|747824
1200000|1|6008|10|1|0|0|780000|4|31954|772193
1200000|1|6008|10|1|1|2|780000|4|31954|747860
1200000|1|6008|10|2|0|0|780000|0|0|731619
1200000|1|6008|10|2|1|2|780000|0|0|716737
1200000|1|6008|10|2|0|0|780000|1|7973|731520
1200000|1|6008|10|2|1|2|780000|1|7973|711785
1200000|1|6008|10|2|0|0|780000|2|15959|731870
1200000|1|6008|10|2|1|2|780000|2|15959|709445
1200000|1|6008|10|2|0|0|780000|3|23953|732846
1200000|1|6008|10|2|1|2|780000|3|23953|708899
1200000|1|6008|10|2|0|0|780000|4|31951|734015
1200000|1|6008|10|2|1|2|780000|4|31951|709133
1200000|1|6008|10|3|0|0|780000|0|0|733764
1200000|1|6008|10|3|1|2|780000|0|0|717754
1200000|1|6008|10|3|0|0|780000|1|7973|733548
1200000|1|6008|10|3|1|2|780000|1|7973|712448
1200000|1|6008|10|3|0|0|780000|2|15958|733976
1200000|1|6008|10|3|1|2|780000|2|15958|709759
1200000|1|6008|10|3|0|0|780000|3|23952|734369
1200000|1|6008|10|3|1|2|780000|3|23952|708587
1200000|1|6008|10|3|0|0|780000|4|31949|735537
1200000|1|6008|10|3|1|2|780000|4|31949|708704
1200000|1|6008|10|4|0|0|780000|0|1|765586
1200000|1|6008|10|4|1|2|780000|0|1|748954
1200000|1|6008|10|4|0|0|780000|1|7975|767399
1200000|1|6008|10|4|1|2|780000|1|7975|744194
1200000|1|6008|10|4|0|0|780000|2|15961|769271
1200000|1|6008|10|4|1|2|780000|2|15961|741971
1200000|1|6008|10|4|0|0|780000|3|23955|770834
1200000|1|6008|10|4|1|2|780000|3|23955|741035
1200000|1|6008|10|4|0|0|780000|4|31953|773093
1200000|1|6008|10|4|1|2|780000|4|31953|740412
1200000|1|6008|10|5|0|0|780000|0|0|734893
1200000|1|6008|10|5|1|2|780000|0|0|719080
1200000|1|6008|10|5|0|0|780000|1|7973|735302
1200000|1|6008|10|5|1|2|780000|1|7973|714203
1200000|1|6008|10|5|0|0|780000|2|15960|736707
1200000|1|6008|10|5|1|2|780000|2|15960|712172
1200000|1|6008|10|5|0|0|780000|3|23954|738188
1200000|1|6008|10|5|1|2|780000|3|23954|711787
1200000|1|6008|10|5|0|0|780000|4|31952|739396
1200000|1|6008|10|5|1|2|780000|4|31952|712176
1200000|1|6009|10|1|0|0|780000|0|0|762310
1200000|1|6009|10|1|1|2|780000|0|0|746651
1200000|1|6009|10|1|0|0|780000|1|7973|762017
1200000|1|6009|10|1|1|2|780000|1|7973|742047
1200000|1|6009|10|1|0|0|780000|2|15959|760730
1200000|1|6009|10|1|1|2|780000|2|15959|740140
1200000|1|6009|10|1|0|0|780000|3|23952|761081
1200000|1|6009|10|1|1|2|780000|3|23952|739787
1200000|1|6009|10|1|0|0|780000|4|31950|761824
1200000|1|6009|10|1|1|2|780000|4|31950|741387
1200000|1|6009|10|2|0|0|780000|0|0|755798
1200000|1|6009|10|2|1|2|780000|0|0|742362
1200000|1|6009|10|2|0|0|780000|1|7975|755971
1200000|1|6009|10|2|1|2|780000|1|7975|738853
1200000|1|6009|10|2|0|0|780000|2|15962|755893
1200000|1|6009|10|2|1|2|780000|2|15962|737879
1200000|1|6009|10|2|0|0|780000|3|23958|756594
1200000|1|6009|10|2|1|2|780000|3|23958|738697
1200000|1|6009|10|2|0|0|780000|4|31957|757572
1200000|1|6009|10|2|1|2|780000|4|31957|740217
1200000|1|6009|10|3|0|0|780000|0|0|767030
1200000|1|6009|10|3|1|2|780000|0|0|750902
1200000|1|6009|10|3|0|0|780000|1|7973|767634
1200000|1|6009|10|3|1|2|780000|1|7973|746145
1200000|1|6009|10|3|0|0|780000|2|15958|768333
1200000|1|6009|10|3|1|2|780000|2|15958|744468
1200000|1|6009|10|3|0|0|780000|3|23952|769817
1200000|1|6009|10|3|1|2|780000|3|23952|744077
1200000|1|6009|10|3|0|0|780000|4|31949|770558
1200000|1|6009|10|3|1|2|780000|4|31949|744860
1200000|1|6009|10|4|0|0|780000|0|0|753848
1200000|1|6009|10|4|1|2|780000|0|0|739748
1200000|1|6009|10|4|0|0|780000|1|7973|753593
1200000|1|6009|10|4|1|2|780000|1|7973|735654
1200000|1|6009|10|4|0|0|780000|2|15958|753205
1200000|1|6009|10|4|1|2|780000|2|15958|734289
1200000|1|6009|10|4|0|0|780000|3|23952|753789
1200000|1|6009|10|4|1|2|780000|3|23952|734601
1200000|1|6009|10|4|0|0|780000|4|31950|754919
1200000|1|6009|10|4|1|2|780000|4|31950|735264
1200000|1|6009|10|5|0|0|780000|0|0|769721
1200000|1|6009|10|5|1|2|780000|0|0|752072
1200000|1|6009|10|5|0|0|780000|1|7972|770906
1200000|1|6009|10|5|1|2|780000|1|7972|746768
1200000|1|6009|10|5|0|0|780000|2|15958|771924
1200000|1|6009|10|5|1|2|780000|2|15958|744659
1200000|1|6009|10|5|0|0|780000|3|23951|773482
1200000|1|6009|10|5|1|2|780000|3|23951|743649
1200000|1|6009|10|5|0|0|780000|4|31949|774377
1200000|1|6009|10|5|1|2|780000|4|31949|743687
1200000|1|6010|10|1|0|0|780000|0|0|765511
1200000|1|6010|10|1|1|2|780000|0|0|748173
1200000|1|6010|10|1|0|0|780000|1|7972|766152
1200000|1|6010|10|1|1|2|780000|1|7972|742557
1200000|1|6010|10|1|0|0|780000|2|15958|766893
1200000|1|6010|10|1|1|2|780000|2|15958|740178
1200000|1|6010|10|1|0|0|780000|3|23951|768297
1200000|1|6010|10|1|1|2|780000|3|23951|739281
1200000|1|6010|10|1|0|0|780000|4|31949|769659
1200000|1|6010|10|1|1|2|780000|4|31949|739047
1200000|1|6010|10|2|0|0|780000|0|0|768435
1200000|1|6010|10|2|1|2|780000|0|0|752151
1200000|1|6010|10|2|0|0|780000|1|7973|769037
1200000|1|6010|10|2|1|2|780000|1|7973|747353
1200000|1|6010|10|2|0|0|780000|2|15959|769819
1200000|1|6010|10|2|1|2|780000|2|15959|745829
1200000|1|6010|10|2|0|0|780000|3|23953|770755
1200000|1|6010|10|2|1|2|780000|3|23953|745600
1200000|1|6010|10|2|0|0|780000|4|31950|771534
1200000|1|6010|10|2|1|2|780000|4|31950|746145
1200000|1|6010|10|3|0|0|780000|0|0|772062
1200000|1|6010|10|3|1|2|780000|0|0|756285
1200000|1|6010|10|3|0|0|780000|1|7974|772546
1200000|1|6010|10|3|1|2|780000|1|7974|751526
1200000|1|6010|10|3|0|0|780000|2|15959|772901
1200000|1|6010|10|3|1|2|780000|2|15959|749069
1200000|1|6010|10|3|0|0|780000|3|23953|774186
1200000|1|6010|10|3|1|2|780000|3|23953|748485
1200000|1|6010|10|3|0|0|780000|4|31951|774578
1200000|1|6010|10|3|1|2|780000|4|31951|748445
1200000|1|6010|10|4|0|0|780000|0|0|757397
1200000|1|6010|10|4|1|2|780000|0|0|739359
1200000|1|6010|10|4|0|0|780000|1|7973|758079
1200000|1|6010|10|4|1|2|780000|1|7973|733623
1200000|1|6010|10|4|0|0|780000|2|15959|758859
1200000|1|6010|10|4|1|2|780000|2|15959|730779
1200000|1|6010|10|4|0|0|780000|3|23952|759131
1200000|1|6010|10|4|1|2|780000|3|23952|729650
1200000|1|6010|10|4|0|0|780000|4|31951|760146
1200000|1|6010|10|4|1|2|780000|4|31951|728985
1200000|1|6010|10|5|0|0|780000|0|0|768474
1200000|1|6010|10|5|1|2|780000|0|0|750941
1200000|1|6010|10|5|0|0|780000|1|7972|769426
1200000|1|6010|10|5|1|2|780000|1|7972|745054
1200000|1|6010|10|5|0|0|780000|2|15958|770130
1200000|1|6010|10|5|1|2|780000|2|15958|741933
1200000|1|6010|10|5|0|0|780000|3|23952|771336
1200000|1|6010|10|5|1|2|780000|3|23952|740606
1200000|1|6010|10|5|0|0|780000|4|31950|771690
1200000|1|6010|10|5|1|2|780000|4|31950|740803
1200000|1|6011|10|1|0|0|780000|0|0|732439
1200000|1|6011|10|1|1|2|780000|0|0|718572
1200000|1|6011|10|1|0|0|780000|1|7974|731869
1200000|1|6011|10|1|1|2|780000|1|7974|714320
1200000|1|6011|10|1|0|0|780000|2|15961|731832
1200000|1|6011|10|1|1|2|780000|2|15961|712994
1200000|1|6011|10|1|0|0|780000|3|23956|732804
1200000|1|6011|10|1|1|2|780000|3|23956|712957
1200000|1|6011|10|1|0|0|780000|4|31955|733429
1200000|1|6011|10|1|1|2|780000|4|31955|713891
1200000|1|6011|10|2|0|0|780000|0|0|771006
1200000|1|6011|10|2|1|2|780000|0|0|755543
1200000|1|6011|10|2|0|0|780000|1|7974|771964
1200000|1|6011|10|2|1|2|780000|1|7974|750980
1200000|1|6011|10|2|0|0|780000|2|15961|773054
1200000|1|6011|10|2|1|2|780000|2|15961|749421
1200000|1|6011|10|2|0|0|780000|3|23957|774458
1200000|1|6011|10|2|1|2|780000|3|23957|749383
1200000|1|6011|10|2|0|0|780000|4|31956|775474
1200000|1|6011|10|2|1|2|780000|4|31956|750081
1200000|1|6011|10|3|0|0|780000|0|0|729006
1200000|1|6011|10|3|1|2|780000|0|0|715254
1200000|1|6011|10|3|0|0|780000|1|7974|728513
1200000|1|6011|10|3|1|2|780000|1|7974|710730
1200000|1|6011|10|3|0|0|780000|2|15960|728164
1200000|1|6011|10|3|1|2|780000|2|15960|708706
1200000|1|6011|10|3|0|0|780000|3|23954|728401
1200000|1|6011|10|3|1|2|780000|3|23954|707848
1200000|1|6011|10|3|0|0|780000|4|31952|728477
1200000|1|6011|10|3|1|2|780000|4|31952|707613
1200000|1|6011|10|4|0|0|780000|0|0|717306
1200000|1|6011|10|4|1|2|780000|0|0|705779
1200000|1|6011|10|4|0|0|780000|1|7973|714827
1200000|1|6011|10|4|1|2|780000|1|7973|700865
1200000|1|6011|10|4|0|0|780000|2|15959|712800
1200000|1|6011|10|4|1|2|780000|2|15959|699268
1200000|1|6011|10|4|0|0|780000|3|23953|712800
1200000|1|6011|10|4|1|2|780000|3|23953|699150
1200000|1|6011|10|4|0|0|780000|4|31951|713307
1200000|1|6011|10|4|1|2|780000|4|31951|699267
1200000|1|6011|10|5|0|0|780000|0|0|771515
1200000|1|6011|10|5|1|2|780000|0|0|754492
1200000|1|6011|10|5|0|0|780000|1|7973|772079
1200000|1|6011|10|5|1|2|780000|1|7973|749379
1200000|1|6011|10|5|0|0|780000|2|15959|772896
1200000|1|6011|10|5|1|2|780000|2|15959|746885
1200000|1|6011|10|5|0|0|780000|3|23954|773444
1200000|1|6011|10|5|1|2|780000|3|23954|745793
1200000|1|6011|10|5|0|0|780000|4|31952|774185
1200000|1|6011|10|5|1|2|780000|4|31952|745402
1200000|1|6012|10|1|0|0|780000|0|0|771437
1200000|1|6012|10|1|1|2|780000|0|0|752967
1200000|1|6012|10|1|0|0|780000|1|7974|772856
1200000|1|6012|10|1|1|2|780000|1|7974|747275
1200000|1|6012|10|1|0|0|780000|2|15960|774575
1200000|1|6012|10|1|1|2|780000|2|15960|744663
1200000|1|6012|10|1|0|0|780000|3|23954|775785
1200000|1|6012|10|1|1|2|780000|3|23954|743961
1200000|1|6012|10|1|0|0|780000|4|31953|776565
1200000|1|6012|10|1|1|2|780000|4|31953|743961
1200000|1|6012|10|2|0|0|780000|0|0|729784
1200000|1|6012|10|2|1|2|780000|0|0|715100
1200000|1|6012|10|2|0|0|780000|1|7975|729570
1200000|1|6012|10|2|1|2|780000|1|7975|709991
1200000|1|6012|10|2|0|0|780000|2|15961|730308
1200000|1|6012|10|2|1|2|780000|2|15961|707378
1200000|1|6012|10|2|0|0|780000|3|23955|731014
1200000|1|6012|10|2|1|2|780000|3|23955|706479
1200000|1|6012|10|2|0|0|780000|4|31953|731402
1200000|1|6012|10|2|1|2|780000|4|31953|706013
1200000|1|6012|10|3|0|0|780000|0|0|764496
1200000|1|6012|10|3|1|2|780000|0|0|747395
1200000|1|6012|10|3|0|0|780000|1|7972|764358
1200000|1|6012|10|3|1|2|780000|1|7972|741387
1200000|1|6012|10|3|0|0|780000|2|15956|764320
1200000|1|6012|10|3|1|2|780000|2|15956|738697
1200000|1|6012|10|3|0|0|780000|3|23949|765137
1200000|1|6012|10|3|1|2|780000|3|23949|737175
1200000|1|6012|10|3|0|0|780000|4|31945|765998
1200000|1|6012|10|3|1|2|780000|4|31945|737603
1200000|1|6012|10|4|0|0|780000|0|0|758139
1200000|1|6012|10|4|1|2|780000|0|0|741813
1200000|1|6012|10|4|0|0|780000|1|7973|759561
1200000|1|6012|10|4|1|2|780000|1|7973|737330
1200000|1|6012|10|4|0|0|780000|2|15959|760847
1200000|1|6012|10|4|1|2|780000|2|15959|735300
1200000|1|6012|10|4|0|0|780000|3|23952|761628
1200000|1|6012|10|4|1|2|780000|3|23952|734837
1200000|1|6012|10|4|0|0|780000|4|31950|761863
1200000|1|6012|10|4|1|2|780000|4|31950|734523
1200000|1|6012|10|5|0|0|780000|0|0|766681
1200000|1|6012|10|5|1|2|780000|0|0|750786
1200000|1|6012|10|5|0|0|780000|1|7973|767124
1200000|1|6012|10|5|1|2|780000|1|7973|746419
1200000|1|6012|10|5|0|0|780000|2|15960|767399
1200000|1|6012|10|5|1|2|780000|2|15960|744662
1200000|1|6012|10|5|0|0|780000|3|23954|767947
1200000|1|6012|10|5|1|2|780000|3|23954|744429
1200000|1|6012|10|5|0|0|780000|4|31952|768141
1200000|1|6012|10|5|1|2|780000|4|31952|744584
1200000|1|6013|10|1|0|0|780000|0|0|752562
1200000|1|6013|10|1|1|2|780000|0|0|735690
1200000|1|6013|10|1|0|0|780000|1|7973|753127
1200000|1|6013|10|1|1|2|780000|1|7973|730309
1200000|1|6013|10|1|0|0|780000|2|15958|753398
1200000|1|6013|10|1|1|2|780000|2|15958|727698
1200000|1|6013|10|1|0|0|780000|3|23952|754646
1200000|1|6013|10|1|1|2|780000|3|23952|726490
1200000|1|6013|10|1|0|0|780000|4|31949|756324
1200000|1|6013|10|1|1|2|780000|4|31949|726254
1200000|1|6013|10|2|0|0|780000|0|0|773463
1200000|1|6013|10|2|1|2|780000|0|0|780231
1200000|1|6013|10|2|0|0|780000|1|7993|774926
1200000|1|6013|10|2|1|2|780000|1|7993|786042
1200000|1|6013|10|2|0|0|780000|2|15992|775706
1200000|1|6013|10|2|1|2|780000|2|15992|789161
1200000|1|6013|10|2|0|0|780000|3|23992|776602
1200000|1|6013|10|2|1|2|780000|3|23992|791854
1200000|1|6013|10|2|0|0|780000|4|31994|777813
1200000|1|6013|10|2|1|2|780000|4|31994|792984
1200000|1|6013|10|3|0|0|780000|0|0|770853
1200000|1|6013|10|3|1|2|780000|0|0|752772
1200000|1|6013|10|3|0|0|780000|1|7973|771531
1200000|1|6013|10|3|1|2|780000|1|7973|747081
1200000|1|6013|10|3|0|0|780000|2|15958|772938
1200000|1|6013|10|3|1|2|780000|2|15958|743688
1200000|1|6013|10|3|0|0|780000|3|23951|773833
1200000|1|6013|10|3|1|2|780000|3|23951|742440
1200000|1|6013|10|3|0|0|780000|4|31950|775238
1200000|1|6013|10|3|1|2|780000|4|31950|742286
1200000|1|6013|10|4|0|0|780000|0|0|723351
1200000|1|6013|10|4|1|2|780000|0|0|710851
1200000|1|6013|10|4|0|0|780000|1|7974|722433
1200000|1|6013|10|4|1|2|780000|1|7974|707416
1200000|1|6013|10|4|0|0|780000|2|15961|723914
1200000|1|6013|10|4|1|2|780000|2|15961|705820
1200000|1|6013|10|4|0|0|780000|3|23955|725825
1200000|1|6013|10|4|1|2|780000|3|23955|706795
1200000|1|6013|10|4|0|0|780000|4|31955|727736
1200000|1|6013|10|4|1|2|780000|4|31955|708354
1200000|1|6013|10|5|0|0|780000|0|0|753264
1200000|1|6013|10|5|1|2|780000|0|0|739242
1200000|1|6013|10|5|0|0|780000|1|7976|753517
1200000|1|6013|10|5|1|2|780000|1|7976|735614
1200000|1|6013|10|5|0|0|780000|2|15965|754449
1200000|1|6013|10|5|1|2|780000|2|15965|735108
1200000|1|6013|10|5|0|0|780000|3|23961|756832
1200000|1|6013|10|5|1|2|780000|3|23961|735691
1200000|1|6013|10|5|0|0|780000|4|31961|759016
1200000|1|6013|10|5|1|2|780000|4|31961|737369
1200000|1|6014|10|1|0|0|780000|0|0|769371
1200000|1|6014|10|1|1|2|780000|0|0|757065
1200000|1|6014|10|1|0|0|780000|1|7978|769545
1200000|1|6014|10|1|1|2|780000|1|7978|753867
1200000|1|6014|10|1|0|0|780000|2|15968|769740
1200000|1|6014|10|1|1|2|780000|2|15968|753671
1200000|1|6014|10|1|0|0|780000|3|23965|771417
1200000|1|6014|10|1|1|2|780000|3|23965|755037
1200000|1|6014|10|1|0|0|780000|4|31966|773524
1200000|1|6014|10|1|1|2|780000|4|31966|756440
1200000|1|6014|10|2|0|0|780000|0|0|766095
1200000|1|6014|10|2|1|2|780000|0|0|753908
1200000|1|6014|10|2|0|0|780000|1|7977|765830
1200000|1|6014|10|2|1|2|780000|1|7977|751252
1200000|1|6014|10|2|0|0|780000|2|15967|766414
1200000|1|6014|10|2|1|2|780000|2|15967|751099
1200000|1|6014|10|2|0|0|780000|3|23964|768015
1200000|1|6014|10|2|1|2|780000|3|23964|751954
1200000|1|6014|10|2|0|0|780000|4|31965|769964
1200000|1|6014|10|2|1|2|780000|4|31965|753476
1200000|1|6014|10|3|0|0|780000|0|0|723935
1200000|1|6014|10|3|1|2|780000|0|0|713033
1200000|1|6014|10|3|0|0|780000|1|7977|722940
1200000|1|6014|10|3|1|2|780000|1|7977|710421
1200000|1|6014|10|3|0|0|780000|2|15966|723993
1200000|1|6014|10|3|1|2|780000|2|15966|710148
1200000|1|6014|10|3|0|0|780000|3|23963|725981
1200000|1|6014|10|3|1|2|780000|3|23963|711861
1200000|1|6014|10|3|0|0|780000|4|31965|728789
1200000|1|6014|10|3|1|2|780000|4|31965|714591
1200000|1|6014|10|4|0|0|780000|0|0|769985
1200000|1|6014|10|4|1|2|780000|0|0|757094
1200000|1|6014|10|4|0|0|780000|1|7979|770510
1200000|1|6014|10|4|1|2|780000|1|7979|755300
1200000|1|6014|10|4|0|0|780000|2|15970|770941
1200000|1|6014|10|4|1|2|780000|2|15970|755924
1200000|1|6014|10|4|0|0|780000|3|23968|773434
1200000|1|6014|10|4|1|2|780000|3|23968|757602
1200000|1|6014|10|4|0|0|780000|4|31971|776201
1200000|1|6014|10|4|1|2|780000|4|31971|759630
1200000|1|6014|10|5|0|0|780000|0|0|769476
1200000|1|6014|10|5|1|2|780000|0|0|757520
1200000|1|6014|10|5|0|0|780000|1|7978|769924
1200000|1|6014|10|5|1|2|780000|1|7978|755455
1200000|1|6014|10|5|0|0|780000|2|15968|770198
1200000|1|6014|10|5|1|2|780000|2|15968|755924
1200000|1|6014|10|5|0|0|780000|3|23966|772541
1200000|1|6014|10|5|1|2|780000|3|23966|757366
1200000|1|6014|10|5|0|0|780000|4|31968|775035
1200000|1|6014|10|5|1|2|780000|4|31968|759512
1200000|1|6015|10|1|0|0|780000|0|0|727668
1200000|1|6015|10|1|1|2|780000|0|0|730613
1200000|1|6015|10|1|0|0|780000|1|7996|730340
1200000|1|6015|10|1|1|2|780000|1|7996|734045
1200000|1|6015|10|1|0|0|780000|2|15997|733068
1200000|1|6015|10|1|1|2|780000|2|15997|737244
1200000|1|6015|10|1|0|0|780000|3|24001|735528
1200000|1|6015|10|1|1|2|780000|3|24001|740439
1200000|1|6015|10|1|0|0|780000|4|32008|737869
1200000|1|6015|10|1|1|2|780000|4|32008|743405
1200000|1|6015|10|2|0|0|780000|0|0|775757
1200000|1|6015|10|2|1|2|780000|0|0|789270
1200000|1|6015|10|2|0|0|780000|1|7997|779637
1200000|1|6015|10|2|1|2|780000|1|7997|797773
1200000|1|6015|10|2|0|0|780000|2|16001|782873
1200000|1|6015|10|2|1|2|780000|2|16001|804209
1200000|1|6015|10|2|0|0|780000|3|24007|785605
1200000|1|6015|10|2|1|2|780000|3|24007|809665
1200000|1|6015|10|2|0|0|780000|4|32015|788997
1200000|1|6015|10|2|1|2|780000|4|32015|813213
1200000|1|6015|10|3|0|0|780000|0|0|751421
1200000|1|6015|10|3|1|2|780000|0|0|736034
1200000|1|6015|10|3|0|0|780000|1|7976|753116
1200000|1|6015|10|3|1|2|780000|1|7976|732253
1200000|1|6015|10|3|0|0|780000|2|15966|754871
1200000|1|6015|10|3|1|2|780000|2|15966|731394
1200000|1|6015|10|3|0|0|780000|3|23963|757093
1200000|1|6015|10|3|1|2|780000|3|23963|731859
1200000|1|6015|10|3|0|0|780000|4|31964|758731
1200000|1|6015|10|3|1|2|780000|4|31964|732486
1200000|1|6015|10|4|0|0|780000|0|0|781837
1200000|1|6015|10|4|1|2|780000|0|0|767039
1200000|1|6015|10|4|0|0|780000|1|7993|784708
1200000|1|6015|10|4|1|2|780000|1|7993|763492
1200000|1|6015|10|4|0|0|780000|2|15992|786577
1200000|1|6015|10|4|1|2|780000|2|15992|761737
1200000|1|6015|10|4|0|0|780000|3|23993|788841
1200000|1|6015|10|4|1|2|780000|3|23993|760917
1200000|1|6015|10|4|0|0|780000|4|31996|791372
1200000|1|6015|10|4|1|2|780000|4|31996|760994
1200000|1|6015|10|5|0|0|780000|0|0|775524
1200000|1|6015|10|5|1|2|780000|0|0|756779
1200000|1|6015|10|5|0|0|780000|1|7986|775893
1200000|1|6015|10|5|1|2|780000|1|7986|751203
1200000|1|6015|10|5|0|0|780000|2|15980|775931
1200000|1|6015|10|5|1|2|780000|2|15980|748748
1200000|1|6015|10|5|0|0|780000|3|23979|776713
1200000|1|6015|10|5|1|2|780000|3|23979|748004
1200000|1|6015|10|5|0|0|780000|4|31981|777452
1200000|1|6015|10|5|1|2|780000|4|31981|747695
1200000|1|6016|10|1|0|0|780000|0|0|730555
1200000|1|6016|10|1|1|2|780000|0|0|720200
1200000|1|6016|10|1|0|0|780000|1|7989|732487
1200000|1|6016|10|1|1|2|780000|1|7989|717002
1200000|1|6016|10|1|0|0|780000|2|15986|735332
1200000|1|6016|10|1|1|2|780000|2|15986|716301
1200000|1|6016|10|1|0|0|780000|3|23986|738101
1200000|1|6016|10|1|1|2|780000|3|23986|716729
1200000|1|6016|10|1|0|0|780000|4|31987|741218
1200000|1|6016|10|1|1|2|780000|4|31987|717742
1200000|1|6016|10|2|0|0|780000|0|0|758636
1200000|1|6016|10|2|1|2|780000|0|0|738608
1200000|1|6016|10|2|0|0|780000|1|7974|762007
1200000|1|6016|10|2|1|2|780000|1|7974|734081
1200000|1|6016|10|2|0|0|780000|2|15962|766180
1200000|1|6016|10|2|1|2|780000|2|15962|733031
1200000|1|6016|10|2|0|0|780000|3|23957|770702
1200000|1|6016|10|2|1|2|780000|3|23957|732914
1200000|1|6016|10|2|0|0|780000|4|31956|775031
1200000|1|6016|10|2|1|2|780000|4|31956|733810
1200000|1|6016|10|3|0|0|780000|0|0|742646
1200000|1|6016|10|3|1|2|780000|0|0|726089
1200000|1|6016|10|3|0|0|780000|1|7975|746643
1200000|1|6016|10|3|1|2|780000|1|7975|723280
1200000|1|6016|10|3|0|0|780000|2|15964|751556
1200000|1|6016|10|3|1|2|780000|2|15964|723398
1200000|1|6016|10|3|0|0|780000|3|23961|757329
1200000|1|6016|10|3|1|2|780000|3|23961|724179
1200000|1|6016|10|3|0|0|780000|4|31962|763179
1200000|1|6016|10|3|1|2|780000|4|31962|726323
1200000|1|6016|10|4|0|0|780000|0|0|790813
1200000|1|6016|10|4|1|2|780000|0|0|774059
1200000|1|6016|10|4|0|0|780000|1|7977|796290
1200000|1|6016|10|4|1|2|780000|1|7977|772072
1200000|1|6016|10|4|0|0|780000|2|15967|801826
1200000|1|6016|10|4|1|2|780000|2|15967|773470
1200000|1|6016|10|4|0|0|780000|3|23966|808064
1200000|1|6016|10|4|1|2|780000|3|23966|776438
1200000|1|6016|10|4|0|0|780000|4|31970|814190
1200000|1|6016|10|4|1|2|780000|4|31970|779597
1200000|1|6016|10|5|0|0|780000|0|0|768114
1200000|1|6016|10|5|1|2|780000|0|0|755183
1200000|1|6016|10|5|0|0|780000|1|7979|773280
1200000|1|6016|10|5|1|2|780000|1|7979|754207
1200000|1|6016|10|5|0|0|780000|2|15971|778701
1200000|1|6016|10|5|1|2|780000|2|15971|756235
1200000|1|6016|10|5|0|0|780000|3|23972|784939
1200000|1|6016|10|5|1|2|780000|3|23972|759824
1200000|1|6016|10|5|0|0|780000|4|31977|791141
1200000|1|6016|10|5|1|2|780000|4|31977|763609
1200000|1|6017|10|1|0|0|780000|0|0|767214
1200000|1|6017|10|1|1|2|780000|0|0|754597
1200000|1|6017|10|1|0|0|780000|1|7981|771994
1200000|1|6017|10|1|1|2|780000|1|7981|754167
1200000|1|6017|10|1|0|0|780000|2|15974|777530
1200000|1|6017|10|1|1|2|780000|2|15974|756743
1200000|1|6017|10|1|0|0|780000|3|23976|783380
1200000|1|6017|10|1|1|2|780000|3|23976|760721
1200000|1|6017|10|1|0|0|780000|4|31982|789425
1200000|1|6017|10|1|1|2|780000|4|31982|765164
1200000|1|6017|10|2|0|0|780000|0|0|791084
1200000|1|6017|10|2|1|2|780000|0|0|776128
1200000|1|6017|10|2|0|0|780000|1|7981|796757
1200000|1|6017|10|2|1|2|780000|1|7981|775504
1200000|1|6017|10|2|0|0|780000|2|15975|802412
1200000|1|6017|10|2|1|2|780000|2|15975|777805
1200000|1|6017|10|2|0|0|780000|3|23976|808417
1200000|1|6017|10|2|1|2|780000|3|23976|781275
1200000|1|6017|10|2|0|0|780000|4|31982|814465
1200000|1|6017|10|2|1|2|780000|4|31982|785254
1200000|1|6017|10|3|0|0|780000|0|0|745454
1200000|1|6017|10|3|1|2|780000|0|0|732252
1200000|1|6017|10|3|0|0|780000|1|7980|749334
1200000|1|6017|10|3|1|2|780000|1|7980|731430
1200000|1|6017|10|3|0|0|780000|2|15973|753117
1200000|1|6017|10|3|1|2|780000|2|15973|733536
1200000|1|6017|10|3|0|0|780000|3|23974|756041
1200000|1|6017|10|3|1|2|780000|3|23974|736501
1200000|1|6017|10|3|0|0|780000|4|31978|759002
1200000|1|6017|10|3|1|2|780000|4|31978|740248
1200000|1|6017|10|4|0|0|780000|0|0|739957
1200000|1|6017|10|4|1|2|780000|0|0|726206
1200000|1|6017|10|4|0|0|780000|1|7979|742585
1200000|1|6017|10|4|1|2|780000|1|7979|724412
1200000|1|6017|10|4|0|0|780000|2|15970|745980
1200000|1|6017|10|4|1|2|780000|2|15970|724958
1200000|1|6017|10|4|0|0|780000|3|23968|749644
1200000|1|6017|10|4|1|2|780000|3|23968|726401
1200000|1|6017|10|4|0|0|780000|4|31971|753857
1200000|1|6017|10|4|1|2|780000|4|31971|728699
1200000|1|6017|10|5|0|0|780000|0|0|781569
1200000|1|6017|10|5|1|2|780000|0|0|766649
1200000|1|6017|10|5|0|0|780000|1|7977|785404
1200000|1|6017|10|5|1|2|780000|1|7977|765051
1200000|1|6017|10|5|0|0|780000|2|15968|789502
1200000|1|6017|10|5|1|2|780000|2|15968|766177
1200000|1|6017|10|5|0|0|780000|3|23966|793443
1200000|1|6017|10|5|1|2|780000|3|23966|768519
1200000|1|6017|10|5|0|0|780000|4|31968|797460
1200000|1|6017|10|5|1|2|780000|4|31968|771406
1200000|1|6018|10|1|0|0|780000|0|0|779032
1200000|1|6018|10|1|1|2|780000|0|0|762126
1200000|1|6018|10|1|0|0|780000|1|7976|782953
1200000|1|6018|10|1|1|2|780000|1|7976|759396
1200000|1|6018|10|1|0|0|780000|2|15965|786579
1200000|1|6018|10|1|1|2|780000|2|15965|759199
1200000|1|6018|10|1|0|0|780000|3|23962|790088
1200000|1|6018|10|1|1|2|780000|3|23962|760640
1200000|1|6018|10|1|0|0|780000|4|31964|794299
1200000|1|6018|10|1|1|2|780000|4|31964|763018
1200000|1|6018|10|2|0|0|780000|0|0|775525
1200000|1|6018|10|2|1|2|780000|0|0|760135
1200000|1|6018|10|2|0|0|780000|1|7976|777843
1200000|1|6018|10|2|1|2|780000|1|7976|756665
1200000|1|6018|10|2|0|0|780000|2|15964|780064
1200000|1|6018|10|2|1|2|780000|2|15964|756197
1200000|1|6018|10|2|0|0|780000|3|23961|783498
1200000|1|6018|10|2|1|2|780000|3|23961|757328
1200000|1|6018|10|2|0|0|780000|4|31961|786072
1200000|1|6018|10|2|1|2|780000|4|31961|759161
1200000|1|6018|10|3|0|0|780000|0|0|772206
1200000|1|6018|10|3|1|2|780000|0|0|756938
1200000|1|6018|10|3|0|0|780000|1|7975|773708
1200000|1|6018|10|3|1|2|780000|1|7975|753310
1200000|1|6018|10|3|0|0|780000|2|15963|775463
1200000|1|6018|10|3|1|2|780000|2|15963|752686
1200000|1|6018|10|3|0|0|780000|3|23959|778154
1200000|1|6018|10|3|1|2|780000|3|23959|753936
1200000|1|6018|10|3|0|0|780000|4|31960|779713
1200000|1|6018|10|3|1|2|780000|4|31960|755805
1200000|1|6018|10|4|0|0|780000|0|0|768033
1200000|1|6018|10|4|1|2|780000|0|0|752921
1200000|1|6018|10|4|0|0|780000|1|7976|769184
1200000|1|6018|10|4|1|2|780000|1|7976|749764
1200000|1|6018|10|4|0|0|780000|2|15964|770160
1200000|1|6018|10|4|1|2|780000|2|15964|749100
1200000|1|6018|10|4|0|0|780000|3|23961|771680
1200000|1|6018|10|4|1|2|780000|3|23961|750194
1200000|1|6018|10|4|0|0|780000|4|31962|773318
1200000|1|6018|10|4|1|2|780000|4|31962|752254
1200000|1|6018|10|5|0|0|780000|0|0|766905
1200000|1|6018|10|5|1|2|780000|0|0|752222
1200000|1|6018|10|5|0|0|780000|1|7976|767506
1200000|1|6018|10|5|1|2|780000|1|7976|748397
1200000|1|6018|10|5|0|0|780000|2|15965|767780
1200000|1|6018|10|5|1|2|780000|2|15965|747148
1200000|1|6018|10|5|0|0|780000|3|23961|768835
1200000|1|6018|10|5|1|2|780000|3|23961|747696
1200000|1|6018|10|5|0|0|780000|4|31962|770822
1200000|1|6018|10|5|1|2|780000|4|31962|748981
1200000|1|6019|10|1|0|0|780000|0|0|764924
1200000|1|6019|10|1|1|2|780000|0|0|748824
1200000|1|6019|10|1|0|0|780000|1|7974|765252
1200000|1|6019|10|1|1|2|780000|1|7974|743871
1200000|1|6019|10|1|0|0|780000|2|15961|765450
1200000|1|6019|10|1|1|2|780000|2|15961|742275
1200000|1|6019|10|1|0|0|780000|3|23957|766504
1200000|1|6019|10|1|1|2|780000|3|23957|742040
1200000|1|6019|10|1|0|0|780000|4|31957|767556
1200000|1|6019|10|1|1|2|780000|4|31957|742311
1200000|1|6019|10|2|0|0|780000|0|0|767379
1200000|1|6019|10|2|1|2|780000|0|0|750317
1200000|1|6019|10|2|0|0|780000|1|7975|769194
1200000|1|6019|10|2|1|2|780000|1|7975|746223
1200000|1|6019|10|2|0|0|780000|2|15963|770170
1200000|1|6019|10|2|1|2|780000|2|15963|744848
1200000|1|6019|10|2|0|0|780000|3|23959|771611
1200000|1|6019|10|2|1|2|780000|3|23959|745080
1200000|1|6019|10|2|0|0|780000|4|31959|772236
1200000|1|6019|10|2|1|2|780000|4|31959|745678
1200000|1|6019|10|3|0|0|780000|0|0|766874
1200000|1|6019|10|3|1|2|780000|0|0|751877
1200000|1|6019|10|3|0|0|780000|1|7976|767475
1200000|1|6019|10|3|1|2|780000|1|7976|747665
1200000|1|6019|10|3|0|0|780000|2|15964|768569
1200000|1|6019|10|3|1|2|780000|2|15964|746379
1200000|1|6019|10|3|0|0|780000|3|23961|770364
1200000|1|6019|10|3|1|2|780000|3|23961|747080
1200000|1|6019|10|3|0|0|780000|4|31962|772120
1200000|1|6019|10|3|1|2|780000|4|31962|748328
1200000|1|6019|10|4|0|0|780000|0|0|750884
1200000|1|6019|10|4|1|2|780000|0|0|735771
1200000|1|6019|10|4|0|0|780000|1|7976|751370
1200000|1|6019|10|4|1|2|780000|1|7976|731714
1200000|1|6019|10|4|0|0|780000|2|15963|752618
1200000|1|6019|10|4|1|2|780000|2|15963|730077
1200000|1|6019|10|4|0|0|780000|3|23959|754100
1200000|1|6019|10|4|1|2|780000|3|23959|730117
1200000|1|6019|10|4|0|0|780000|4|31959|753905
1200000|1|6019|10|4|1|2|780000|4|31959|730272
1200000|1|6019|10|5|0|0|780000|0|0|723897
1200000|1|6019|10|5|1|2|780000|0|0|709795
1200000|1|6019|10|5|0|0|780000|1|7974|723914
1200000|1|6019|10|5|1|2|780000|1|7974|705195
1200000|1|6019|10|5|0|0|780000|2|15962|724303
1200000|1|6019|10|5|1|2|780000|2|15962|703362
1200000|1|6019|10|5|0|0|780000|3|23957|724968
1200000|1|6019|10|5|1|2|780000|3|23957|703284
1200000|1|6019|10|5|0|0|780000|4|31956|725941
1200000|1|6019|10|5|1|2|780000|4|31956|703596
1200000|1|6020|10|1|0|0|780000|0|0|721557
1200000|1|6020|10|1|1|2|780000|0|0|709369
1200000|1|6020|10|1|0|0|780000|1|7976|720716
1200000|1|6020|10|1|1|2|780000|1|7976|705896
1200000|1|6020|10|1|0|0|780000|2|15964|720168
1200000|1|6020|10|1|1|2|780000|2|15964|704844
1200000|1|6020|10|1|0|0|780000|3|23959|720677
1200000|1|6020|10|1|1|2|780000|3|23959|705272
1200000|1|6020|10|1|0|0|780000|4|31959|721419
1200000|1|6020|10|1|1|2|780000|4|31959|706286
1200000|1|6020|10|2|0|0|780000|0|0|751820
1200000|1|6020|10|2|1|2|780000|0|0|735809
1200000|1|6020|10|2|0|0|780000|1|7975|753555
1200000|1|6020|10|2|1|2|780000|1|7975|731794
1200000|1|6020|10|2|0|0|780000|2|15962|754921
1200000|1|6020|10|2|1|2|780000|2|15962|731209
1200000|1|6020|10|2|0|0|780000|3|23957|756207
1200000|1|6020|10|2|1|2|780000|3|23957|731909
1200000|1|6020|10|2|0|0|780000|4|31956|757026
1200000|1|6020|10|2|1|2|780000|4|31956|732652
1200000|1|6020|10|3|0|0|780000|0|0|773427
1200000|1|6020|10|3|1|2|780000|0|0|756362
1200000|1|6020|10|3|0|0|780000|1|7973|775082
1200000|1|6020|10|3|1|2|780000|1|7973|751918
1200000|1|6020|10|3|0|0|780000|2|15959|776758
1200000|1|6020|10|3|1|2|780000|2|15959|750317
1200000|1|6020|10|3|0|0|780000|3|23953|779024
1200000|1|6020|10|3|1|2|780000|3|23953|750080
1200000|1|6020|10|3|0|0|780000|4|31951|780465
1200000|1|6020|10|3|1|2|780000|4|31951|750358
1200000|1|6020|10|4|0|0|780000|0|1|773778
1200000|1|6020|10|4|1|2|780000|0|1|756949
1200000|1|6020|10|4|0|0|780000|1|7974|775318
1200000|1|6020|10|4|1|2|780000|1|7974|752657
1200000|1|6020|10|4|0|0|780000|2|15960|776409
1200000|1|6020|10|4|1|2|780000|2|15960|750902
1200000|1|6020|10|4|0|0|780000|3|23954|778475
1200000|1|6020|10|4|1|2|780000|3|23954|750436
1200000|1|6020|10|4|0|0|780000|4|31952|779605
1200000|1|6020|10|4|1|2|780000|4|31952|750746
1200000|1|6020|10|5|0|0|780000|0|0|779314
1200000|1|6020|10|5|1|2|780000|0|0|779919
1200000|1|6020|10|5|0|0|780000|1|7993|781439
1200000|1|6020|10|5|1|2|780000|1|7993|782021
1200000|1|6020|10|5|0|0|780000|2|15991|782336
1200000|1|6020|10|5|1|2|780000|2|15991|784014
1200000|1|6020|10|5|0|0|780000|3|23992|783741
1200000|1|6020|10|5|1|2|780000|3|23992|785495
1200000|1|6020|10|5|0|0|780000|4|31994|785223
1200000|1|6020|10|5|1|2|780000|4|31994|787448
1200000|1|6021|10|1|0|0|780000|0|0|780720
1200000|1|6021|10|1|1|2|780000|0|0|781869
1200000|1|6021|10|1|0|0|780000|1|7992|783194
1200000|1|6021|10|1|1|2|780000|1|7992|783819
1200000|1|6021|10|1|0|0|780000|2|15990|785104
1200000|1|6021|10|1|1|2|780000|2|15990|785494
1200000|1|6021|10|1|0|0|780000|3|23992|786665
1200000|1|6021|10|1|1|2|780000|3|23992|787174
1200000|1|6021|10|1|0|0|780000|4|31995|787834
1200000|1|6021|10|1|1|2|780000|4|31995|788578
1200000|1|6021|10|2|0|0|780000|0|0|716565
1200000|1|6021|10|2|1|2|780000|0|0|731908
1200000|1|6021|10|2|0|0|780000|1|7997|718805
1200000|1|6021|10|2|1|2|780000|1|7997|740918
1200000|1|6021|10|2|0|0|780000|2|15997|719934
1200000|1|6021|10|2|1|2|780000|2|15997|747199
1200000|1|6021|10|2|0|0|780000|3|24000|721534
1200000|1|6021|10|2|1|2|780000|3|24000|750511
1200000|1|6021|10|2|0|0|780000|4|32004|723018
1200000|1|6021|10|2|1|2|780000|4|32004|753047
1200000|1|6021|10|3|0|0|780000|0|0|761922
1200000|1|6021|10|3|1|2|780000|0|0|746691
1200000|1|6021|10|3|0|0|780000|1|7974|763229
1200000|1|6021|10|3|1|2|780000|1|7974|741852
1200000|1|6021|10|3|0|0|780000|2|15962|764515
1200000|1|6021|10|3|1|2|780000|2|15962|740528
1200000|1|6021|10|3|0|0|780000|3|23958|766034
1200000|1|6021|10|3|1|2|780000|3|23958|740450
1200000|1|6021|10|3|0|0|780000|4|31959|767946
1200000|1|6021|10|3|1|2|780000|4|31959|741542
1200000|1|6021|10|4|0|0|780000|0|0|724989
1200000|1|6021|10|4|1|2|780000|0|0|713541
1200000|1|6021|10|4|0|0|780000|1|7977|726566
1200000|1|6021|10|4|1|2|780000|1|7977|711902
1200000|1|6021|10|4|0|0|780000|2|15968|728752
1200000|1|6021|10|4|1|2|780000|2|15968|712721
1200000|1|6021|10|4|0|0|780000|3|23967|730972
1200000|1|6021|10|4|1|2|780000|3|23967|714164
1200000|1|6021|10|4|0|0|780000|4|31970|733584
1200000|1|6021|10|4|1|2|780000|4|31970|716622
1200000|1|6021|10|5|0|0|780000|0|0|771244
1200000|1|6021|10|5|1|2|780000|0|0|760223
1200000|1|6021|10|5|0|0|780000|1|7979|774068
1200000|1|6021|10|5|1|2|780000|1|7979|759132
1200000|1|6021|10|5|0|0|780000|2|15971|776837
1200000|1|6021|10|5|1|2|780000|2|15971|761314
1200000|1|6021|10|5|0|0|780000|3|23972|779998
1200000|1|6021|10|5|1|2|780000|3|23972|764396
1200000|1|6021|10|5|0|0|780000|4|31977|783039
1200000|1|6021|10|5|1|2|780000|4|31977|767829
1200000|1|6022|10|1|0|0|780000|0|0|728343
1200000|1|6022|10|1|1|2|780000|0|0|719235
1200000|1|6022|10|1|0|0|780000|1|7981|731361
1200000|1|6022|10|1|1|2|780000|1|7981|718572
1200000|1|6022|10|1|0|0|780000|2|15974|734949
1200000|1|6022|10|1|1|2|780000|2|15974|721458
1200000|1|6022|10|1|0|0|780000|3|23976|738581
1200000|1|6022|10|1|1|2|780000|3|23976|725240
1200000|1|6022|10|1|0|0|780000|4|31983|742947
1200000|1|6022|10|1|1|2|780000|4|31983|729533
1200000|1|6022|10|2|0|0|780000|0|0|775496
1200000|1|6022|10|2|1|2|780000|0|0|765139
1200000|1|6022|10|2|0|0|780000|1|7981|778631
1200000|1|6022|10|2|1|2|780000|1|7981|765137
1200000|1|6022|10|2|0|0|780000|2|15975|782648
1200000|1|6022|10|2|1|2|780000|2|15975|768414
1200000|1|6022|10|2|0|0|780000|3|23977|787017
1200000|1|6022|10|2|1|2|780000|3|23977|773444
1200000|1|6022|10|2|0|0|780000|4|31985|791306
1200000|1|6022|10|2|1|2|780000|4|31985|778399
1200000|1|6022|10|3|0|0|780000|0|1|732126
1200000|1|6022|10|3|1|2|780000|0|1|722979
1200000|1|6022|10|3|0|0|780000|1|7982|735498
1200000|1|6022|10|3|1|2|780000|1|7982|723291
1200000|1|6022|10|3|0|0|780000|2|15977|739397
1200000|1|6022|10|3|1|2|780000|2|15977|727230
1200000|1|6022|10|3|0|0|780000|3|23981|743687
1200000|1|6022|10|3|1|2|780000|3|23981|731013
1200000|1|6022|10|3|0|0|780000|4|31989|748290
1200000|1|6022|10|3|1|2|780000|4|31989|736318
1200000|1|6022|10|4|0|0|780000|0|0|779432
1200000|1|6022|10|4|1|2|780000|0|0|768960
1200000|1|6022|10|4|0|0|780000|1|7983|783036
1200000|1|6022|10|4|1|2|780000|1|7983|768922
1200000|1|6022|10|4|0|0|780000|2|15977|787443
1200000|1|6022|10|4|1|2|780000|2|15977|772665
1200000|1|6022|10|4|0|0|780000|3|23981|792750
1200000|1|6022|10|4|1|2|780000|3|23981|777619
1200000|1|6022|10|4|0|0|780000|4|31990|797625
1200000|1|6022|10|4|1|2|780000|4|31990|783428
1200000|1|6022|10|5|0|0|780000|0|0|781811
1200000|1|6022|10|5|1|2|780000|0|0|771378
1200000|1|6022|10|5|0|0|780000|1|7983|785457
1200000|1|6022|10|5|1|2|780000|1|7983|772158
1200000|1|6022|10|5|0|0|780000|2|15978|789981
1200000|1|6022|10|5|1|2|780000|2|15978|776448
1200000|1|6022|10|5|0|0|780000|3|23982|794702
1200000|1|6022|10|5|1|2|780000|3|23982|782413
1200000|1|6022|10|5|0|0|780000|4|31991|799104
1200000|1|6022|10|5|1|2|780000|4|31991|788070
1200000|1|6023|10|1|0|0|780000|0|0|781735
1200000|1|6023|10|1|1|2|780000|0|0|773016
1200000|1|6023|10|1|0|0|780000|1|7984|785574
1200000|1|6023|10|1|1|2|780000|1|7984|774341
1200000|1|6023|10|1|0|0|780000|2|15981|790059
1200000|1|6023|10|1|1|2|780000|2|15981|778087
1200000|1|6023|10|1|0|0|780000|3|23985|794814
1200000|1|6023|10|1|1|2|780000|3|23985|782843
1200000|1|6023|10|1|0|0|780000|4|31993|800083
1200000|1|6023|10|1|1|2|780000|4|31993|787481
1200000|1|6023|10|2|0|0|780000|0|0|779195
1200000|1|6023|10|2|1|2|780000|0|0|766345
1200000|1|6023|10|2|0|0|780000|1|7982|782374
1200000|1|6023|10|2|1|2|780000|1|7982|765915
1200000|1|6023|10|2|0|0|780000|2|15977|785497
1200000|1|6023|10|2|1|2|780000|2|15977|768611
1200000|1|6023|10|2|0|0|780000|3|23980|790485
1200000|1|6023|10|2|1|2|780000|3|23980|772393
1200000|1|6023|10|2|0|0|780000|4|31987|795519
1200000|1|6023|10|2|1|2|780000|4|31987|776642
1200000|1|6023|10|3|0|0|780000|0|1|787660
1200000|1|6023|10|3|1|2|780000|0|1|819114
1200000|1|6023|10|3|0|0|780000|1|8004|791658
1200000|1|6023|10|3|1|2|780000|1|8004|831790
1200000|1|6023|10|3|0|0|780000|2|16010|796220
1200000|1|6023|10|3|1|2|780000|2|16010|841421
1200000|1|6023|10|3|0|0|780000|3|24019|800862
1200000|1|6023|10|3|1|2|780000|3|24019|848910
1200000|1|6023|10|3|0|0|780000|4|32028|805071
1200000|1|6023|10|3|1|2|780000|4|32028|854721
1200000|1|6023|10|4|0|0|780000|0|0|754317
1200000|1|6023|10|4|1|2|780000|0|0|741815
1200000|1|6023|10|4|0|0|780000|1|7980|757140
1200000|1|6023|10|4|1|2|780000|1|7980|738539
1200000|1|6023|10|4|0|0|780000|2|15971|761160
1200000|1|6023|10|4|1|2|780000|2|15971|739281
1200000|1|6023|10|4|0|0|780000|3|23972|765527
1200000|1|6023|10|4|1|2|780000|3|23972|741074
1200000|1|6023|10|4|0|0|780000|4|31977|769193
1200000|1|6023|10|4|1|2|780000|4|31977|743806
1200000|1|6023|10|5|0|0|780000|0|0|753147
1200000|1|6023|10|5|1|2|780000|0|0|741387
1200000|1|6023|10|5|0|0|780000|1|7980|755701
1200000|1|6023|10|5|1|2|780000|1|7980|739045
1200000|1|6023|10|5|0|0|780000|2|15972|759171
1200000|1|6023|10|5|1|2|780000|2|15972|740294
1200000|1|6023|10|5|0|0|780000|3|23973|763226
1200000|1|6023|10|5|1|2|780000|3|23973|742790
1200000|1|6023|10|5|0|0|780000|4|31979|767478
1200000|1|6023|10|5|1|2|780000|4|31979|746144
1200000|1|6024|10|1|0|0|780000|0|0|777796
1200000|1|6024|10|1|1|2|780000|0|0|765256
1200000|1|6024|10|1|0|0|780000|1|7980|781242
1200000|1|6024|10|1|1|2|780000|1|7980|763616
1200000|1|6024|10|1|0|0|780000|2|15973|785419
1200000|1|6024|10|1|1|2|780000|2|15973|765332
1200000|1|6024|10|1|0|0|780000|3|23974|789746
1200000|1|6024|10|1|1|2|780000|3|23974|768684
1200000|1|6024|10|1|0|0|780000|4|31980|794154
1200000|1|6024|10|1|1|2|780000|4|31980|772857
1200000|1|6024|10|2|0|0|780000|0|0|776743
1200000|1|6024|10|2|1|2|780000|0|0|764630
1200000|1|6024|10|2|0|0|780000|1|7981|779335
1200000|1|6024|10|2|1|2|780000|1|7981|764046
1200000|1|6024|10|2|0|0|780000|2|15975|781830
1200000|1|6024|10|2|1|2|780000|2|15975|766386
1200000|1|6024|10|2|0|0|780000|3|23977|786355
1200000|1|6024|10|2|1|2|780000|3|23977|769776
1200000|1|6024|10|2|0|0|780000|4|31983|790757
1200000|1|6024|10|2|1|2|780000|4|31983|773638
1200000|1|6024|10|3|0|0|780000|0|0|752640
1200000|1|6024|10|3|1|2|780000|0|0|740801
1200000|1|6024|10|3|0|0|780000|1|7980|754841
1200000|1|6024|10|3|1|2|780000|1|7980|739788
1200000|1|6024|10|3|0|0|780000|2|15973|757376
1200000|1|6024|10|3|1|2|780000|2|15973|741894
1200000|1|6024|10|3|0|0|780000|3|23974|759990
1200000|1|6024|10|3|1|2|780000|3|23974|745443
1200000|1|6024|10|3|0|0|780000|4|31979|764240
1200000|1|6024|10|3|1|2|780000|4|31979|749773
1200000|1|6024|10|4|0|0|780000|0|0|722610
1200000|1|6024|10|4|1|2|780000|0|0|714124
1200000|1|6024|10|4|0|0|780000|1|7979|722511
1200000|1|6024|10|4|1|2|780000|1|7979|712838
1200000|1|6024|10|4|0|0|780000|2|15971|722783
1200000|1|6024|10|4|1|2|780000|2|15971|714477
1200000|1|6024|10|4|0|0|780000|3|23970|724501
1200000|1|6024|10|4|1|2|780000|3|23970|717637
1200000|1|6024|10|4|0|0|780000|4|31973|726683
1200000|1|6024|10|4|1|2|780000|4|31973|721458
1200000|1|6024|10|5|0|0|780000|0|0|776819
1200000|1|6024|10|5|1|2|780000|0|0|761785
1200000|1|6024|10|5|0|0|780000|1|7977|779022
1200000|1|6024|10|5|1|2|780000|1|7977|758664
1200000|1|6024|10|5|0|0|780000|2|15966|781516
1200000|1|6024|10|5|1|2|780000|2|15966|758388
1200000|1|6024|10|5|0|0|780000|3|23963|783740
1200000|1|6024|10|5|1|2|780000|3|23963|760106
1200000|1|6024|10|5|0|0|780000|4|31965|785261
1200000|1|6024|10|5|1|2|780000|4|31965|762252
1200000|1|6025|10|1|0|0|780000|0|0|742068
1200000|1|6025|10|1|1|2|780000|0|0|728048
1200000|1|6025|10|1|0|0|780000|1|7975|741657
1200000|1|6025|10|1|1|2|780000|1|7975|723992
1200000|1|6025|10|1|0|0|780000|2|15963|741463
1200000|1|6025|10|1|1|2|780000|2|15963|722785
1200000|1|6025|10|1|0|0|780000|3|23958|740879
1200000|1|6025|10|1|1|2|780000|3|23958|723409
1200000|1|6025|10|1|0|0|780000|4|31959|742010
1200000|1|6025|10|1|1|2|780000|4|31959|724618
1200000|1|6025|10|2|0|0|780000|0|0|768706
1200000|1|6025|10|2|1|2|780000|0|0|753905
1200000|1|6025|10|2|0|0|780000|1|7975|769469
1200000|1|6025|10|2|1|2|780000|1|7975|750198
1200000|1|6025|10|2|0|0|780000|2|15964|769934
1200000|1|6025|10|2|1|2|780000|2|15964|749537
1200000|1|6025|10|2|0|0|780000|3|23959|770091
1200000|1|6025|10|2|1|2|780000|3|23959|750471
1200000|1|6025|10|2|0|0|780000|4|31960|769193
1200000|1|6025|10|2|1|2|780000|4|31960|751645
1200000|1|6025|10|3|0|0|780000|0|0|767655
1200000|1|6025|10|3|1|2|780000|0|0|753242
1200000|1|6025|10|3|0|0|780000|1|7975|767830
1200000|1|6025|10|3|1|2|780000|1|7975|749343
1200000|1|6025|10|3|0|0|780000|2|15963|767985
1200000|1|6025|10|3|1|2|780000|2|15963|748171
1200000|1|6025|10|3|0|0|780000|3|23959|767751
1200000|1|6025|10|3|1|2|780000|3|23959|749147
1200000|1|6025|10|3|0|0|780000|4|31959|767986
1200000|1|6025|10|3|1|2|780000|4|31959|750630
1200000|1|6025|10|4|0|0|780000|0|0|764067
1200000|1|6025|10|4|1|2|780000|0|0|749498
1200000|1|6025|10|4|0|0|780000|1|7975|764667
1200000|1|6025|10|4|1|2|780000|1|7975|746067
1200000|1|6025|10|4|0|0|780000|2|15964|765255
1200000|1|6025|10|4|1|2|780000|2|15964|745366
1200000|1|6025|10|4|0|0|780000|3|23960|766582
1200000|1|6025|10|4|1|2|780000|3|23960|746145
1200000|1|6025|10|4|0|0|780000|4|31961|766971
1200000|1|6025|10|4|1|2|780000|4|31961|747590
1200000|1|6025|10|5|0|0|780000|0|0|732634
1200000|1|6025|10|5|1|2|780000|0|0|720480
1200000|1|6025|10|5|0|0|780000|1|7975|730970
1200000|1|6025|10|5|1|2|780000|1|7975|716620
1200000|1|6025|10|5|0|0|780000|2|15963|729181
1200000|1|6025|10|5|1|2|780000|2|15963|715724
1200000|1|6025|10|5|0|0|780000|3|23959|729257
1200000|1|6025|10|5|1|2|780000|3|23959|716347
1200000|1|6025|10|5|0|0|780000|4|31960|730036
1200000|1|6025|10|5|1|2|780000|4|31960|717714
1200000|1|6026|10|1|0|0|780000|0|0|744371
1200000|1|6026|10|1|1|2|780000|0|0|729218
1200000|1|6026|10|1|0|0|780000|1|7975|745052
1200000|1|6026|10|1|1|2|780000|1|7975|725279
1200000|1|6026|10|1|0|0|780000|2|15962|746535
1200000|1|6026|10|1|1|2|780000|2|15962|724382
1200000|1|6026|10|1|0|0|780000|3|23957|747939
1200000|1|6026|10|1|1|2|780000|3|23957|724890
1200000|1|6026|10|1|0|0|780000|4|31957|748719
1200000|1|6026|10|1|1|2|780000|4|31957|725905
1200000|1|6026|10|2|0|0|780000|0|0|770188
1200000|1|6026|10|2|1|2|780000|0|0|753710
1200000|1|6026|10|2|0|0|780000|1|7974|771574
1200000|1|6026|10|2|1|2|780000|1|7974|749498
1200000|1|6026|10|2|0|0|780000|2|15961|772974
1200000|1|6026|10|2|1|2|780000|2|15961|748095
1200000|1|6026|10|2|0|0|780000|3|23956|774068
1200000|1|6026|10|2|1|2|780000|3|23956|748641
1200000|1|6026|10|2|0|0|780000|4|31956|774499
1200000|1|6026|10|2|1|2|780000|4|31956|749343
1200000|1|6026|10|3|0|0|780000|0|0|760438
1200000|1|6026|10|3|1|2|780000|0|0|746028
1200000|1|6026|10|3|0|0|780000|1|7974|759323
1200000|1|6026|10|3|1|2|780000|1|7974|741426
1200000|1|6026|10|3|0|0|780000|2|15961|758392
1200000|1|6026|10|3|1|2|780000|2|15961|740021
1200000|1|6026|10|3|0|0|780000|3|23956|758272
1200000|1|6026|10|3|1|2|780000|3|23956|740177
1200000|1|6026|10|3|0|0|780000|4|31956|759287
1200000|1|6026|10|3|1|2|780000|4|31956|740957
1200000|1|6026|10|4|0|0|780000|0|0|758179
1200000|1|6026|10|4|1|2|780000|0|0|744389
1200000|1|6026|10|4|0|0|780000|1|7974|757339
1200000|1|6026|10|4|1|2|780000|1|7974|740099
1200000|1|6026|10|4|0|0|780000|2|15961|756440
1200000|1|6026|10|4|1|2|780000|2|15961|738929
1200000|1|6026|10|4|0|0|780000|3|23957|756247
1200000|1|6026|10|4|1|2|780000|3|23957|739202
1200000|1|6026|10|4|0|0|780000|4|31956|757376
1200000|1|6026|10|4|1|2|780000|4|31956|740216
1200000|1|6026|10|5|0|0|780000|0|0|758139
1200000|1|6026|10|5|1|2|780000|0|0|744389
1200000|1|6026|10|5|0|0|780000|1|7975|756947
1200000|1|6026|10|5|1|2|780000|1|7975|740370
1200000|1|6026|10|5|0|0|780000|2|15962|755737
1200000|1|6026|10|5|1|2|780000|2|15962|739046
1200000|1|6026|10|5|0|0|780000|3|23958|755465
1200000|1|6026|10|5|1|2|780000|3|23958|739398
1200000|1|6026|10|5|0|0|780000|4|31957|756595
1200000|1|6026|10|5|1|2|780000|4|31957|740217
1200000|1|6027|10|1|0|0|780000|0|0|717268
1200000|1|6027|10|1|1|2|780000|0|0|704141
1200000|1|6027|10|1|0|0|780000|1|7975|716504
1200000|1|6027|10|1|1|2|780000|1|7975|700593
1200000|1|6027|10|1|0|0|780000|2|15963|716778
1200000|1|6027|10|1|1|2|780000|2|15963|700124
1200000|1|6027|10|1|0|0|780000|3|23960|716816
1200000|1|6027|10|1|1|2|780000|3|23960|700826
1200000|1|6027|10|1|0|0|780000|4|31961|717989
1200000|1|6027|10|1|1|2|780000|4|31961|702895
1200000|1|6027|10|2|0|0|780000|0|0|766550
1200000|1|6027|10|2|1|2|780000|0|0|749771
1200000|1|6027|10|2|0|0|780000|1|7974|767583
1200000|1|6027|10|2|1|2|780000|1|7974|745094
1200000|1|6027|10|2|0|0|780000|2|15961|768442
1200000|1|6027|10|2|1|2|780000|2|15961|742908
1200000|1|6027|10|2|0|0|780000|3|23955|769808
1200000|1|6027|10|2|1|2|780000|3|23955|742596
1200000|1|6027|10|2|0|0|780000|4|31953|771485
1200000|1|6027|10|2|1|2|780000|4|31953|743064
1200000|1|6027|10|3|0|0|780000|0|0|767490
1200000|1|6027|10|3|1|2|780000|0|0|749850
1200000|1|6027|10|3|0|0|780000|1|7972|768522
1200000|1|6027|10|3|1|2|780000|1|7972|744429
1200000|1|6027|10|3|0|0|780000|2|15957|769614
1200000|1|6027|10|3|1|2|780000|2|15957|742206
1200000|1|6027|10|3|0|0|780000|3|23951|770393
1200000|1|6027|10|3|1|2|780000|3|23951|741189
1200000|1|6027|10|3|0|0|780000|4|31948|770471
1200000|1|6027|10|3|1|2|780000|4|31948|740958
1200000|1|6027|10|4|0|0|780000|0|0|768699
1200000|1|6027|10|4|1|2|780000|0|0|750708
1200000|1|6027|10|4|0|0|780000|1|7971|769573
1200000|1|6027|10|4|1|2|780000|1|7971|744937
1200000|1|6027|10|4|0|0|780000|2|15956|770239
1200000|1|6027|10|4|1|2|780000|2|15956|742049
1200000|1|6027|10|4|0|0|780000|3|23949|770744
1200000|1|6027|10|4|1|2|780000|3|23949|741270
1200000|1|6027|10|4|0|0|780000|4|31946|771173
1200000|1|6027|10|4|1|2|780000|4|31946|740919
1200000|1|6027|10|5|0|0|780000|0|0|714653
1200000|1|6027|10|5|1|2|780000|0|0|699073
1200000|1|6027|10|5|0|0|780000|1|7972|713930
1200000|1|6027|10|5|1|2|780000|1|7972|693104
1200000|1|6027|10|5|0|0|780000|2|15956|714125
1200000|1|6027|10|5|1|2|780000|2|15956|689360
1200000|1|6027|10|5|0|0|780000|3|23947|715023
1200000|1|6027|10|5|1|2|780000|3|23947|687489
1200000|1|6027|10|5|0|0|780000|4|31944|715804
1200000|1|6027|10|5|1|2|780000|4|31944|686747
1200000|1|6028|10|1|0|0|780000|0|0|770141
1200000|1|6028|10|1|1|2|780000|0|0|765793
1200000|1|6028|10|1|0|0|780000|1|7997|772186
1200000|1|6028|10|1|1|2|780000|1|7997|763645
1200000|1|6028|10|1|0|0|780000|2|15996|773355
1200000|1|6028|10|1|1|2|780000|2|15996|763256
1200000|1|6028|10|1|0|0|780000|3|23998|774100
1200000|1|6028|10|1|1|2|780000|3|23998|763296
1200000|1|6028|10|1|0|0|780000|4|32000|774801
1200000|1|6028|10|1|1|2|780000|4|32000|763178
1200000|1|6028|10|2|0|0|780000|0|0|770766
1200000|1|6028|10|2|1|2|780000|0|0|756394
1200000|1|6028|10|2|0|0|780000|1|7983|771874
1200000|1|6028|10|2|1|2|780000|1|7983|750736
1200000|1|6028|10|2|0|0|780000|2|15975|772574
1200000|1|6028|10|2|1|2|780000|2|15975|747069
1200000|1|6028|10|2|0|0|780000|3|23972|773826
1200000|1|6028|10|2|1|2|780000|3|23972|745430
1200000|1|6028|10|2|0|0|780000|4|31972|775303
1200000|1|6028|10|2|1|2|780000|4|31972|745396
1200000|1|6028|10|3|0|0|780000|0|0|711912
1200000|1|6028|10|3|1|2|780000|0|0|699735
1200000|1|6028|10|3|0|0|780000|1|7986|712981
1200000|1|6028|10|3|1|2|780000|1|7986|695288
1200000|1|6028|10|3|0|0|780000|2|15981|715208
1200000|1|6028|10|3|1|2|780000|2|15981|694077
1200000|1|6028|10|3|0|0|780000|3|23980|717625
1200000|1|6028|10|3|1|2|780000|3|23980|694157
1200000|1|6028|10|3|0|0|780000|4|31980|720473
1200000|1|6028|10|3|1|2|780000|4|31980|694468
1200000|1|6028|10|4|0|0|780000|0|0|742331
1200000|1|6028|10|4|1|2|780000|0|0|730965
1200000|1|6028|10|4|0|0|780000|1|7989|745590
1200000|1|6028|10|4|1|2|780000|1|7989|726753
1200000|1|6028|10|4|0|0|780000|2|15984|749139
1200000|1|6028|10|4|1|2|780000|2|15984|724881
1200000|1|6028|10|4|0|0|780000|3|23982|753075
1200000|1|6028|10|4|1|2|780000|3|23982|724841
1200000|1|6028|10|4|0|0|780000|4|31983|756781
1200000|1|6028|10|4|1|2|780000|4|31983|725464
1200000|1|6028|10|5|0|0|780000|0|0|734458
1200000|1|6028|10|5|1|2|780000|0|0|722422
1200000|1|6028|10|5|0|0|780000|1|7987|738295
1200000|1|6028|10|5|1|2|780000|1|7987|718562
1200000|1|6028|10|5|0|0|780000|2|15982|743017
1200000|1|6028|10|5|1|2|780000|2|15982|716805
1200000|1|6028|10|5|0|0|780000|3|23980|747149
1200000|1|6028|10|5|1|2|780000|3|23980|716063
1200000|1|6028|10|5|0|0|780000|4|31980|750427
1200000|1|6028|10|5|1|2|780000|4|31980|715989
1200000|1|6029|10|1|0|0|780000|0|0|752899
1200000|1|6029|10|1|1|2|780000|0|0|740129
1200000|1|6029|10|1|0|0|780000|1|7986|756626
1200000|1|6029|10|1|1|2|780000|1|7986|734747
1200000|1|6029|10|1|0|0|780000|2|15979|760253
1200000|1|6029|10|1|1|2|780000|2|15979|732018
1200000|1|6029|10|1|0|0|780000|3|23976|763646
1200000|1|6029|10|1|1|2|780000|3|23976|730928
1200000|1|6029|10|1|0|0|780000|4|31976|765947
1200000|1|6029|10|1|1|2|780000|4|31976|730691
1200000|1|6029|10|2|0|0|780000|0|0|773808
1200000|1|6029|10|2|1|2|780000|0|0|771331
1200000|1|6029|10|2|0|0|780000|1|7995|775577
1200000|1|6029|10|2|1|2|780000|1|7995|772384
1200000|1|6029|10|2|0|0|780000|2|15994|778543
1200000|1|6029|10|2|1|2|780000|2|15994|773356
1200000|1|6029|10|2|0|0|780000|3|23995|781703
1200000|1|6029|10|2|1|2|780000|3|23995|774604
1200000|1|6029|10|2|0|0|780000|4|31997|784980
1200000|1|6029|10|2|1|2|780000|4|31997|775776
1200000|1|6029|10|3|0|0|780000|0|0|782078
1200000|1|6029|10|3|1|2|780000|0|0|777729
1200000|1|6029|10|3|0|0|780000|1|7999|786151
1200000|1|6029|10|3|1|2|780000|1|7999|777102
1200000|1|6029|10|3|0|0|780000|2|16000|790595
1200000|1|6029|10|3|1|2|780000|2|16000|778350
1200000|1|6029|10|3|0|0|780000|3|24004|794770
1200000|1|6029|10|3|1|2|780000|3|24004|779910
1200000|1|6029|10|3|0|0|780000|4|32009|798238
1200000|1|6029|10|3|1|2|780000|4|32009|781938
1200000|1|6029|10|4|0|0|780000|0|0|752821
1200000|1|6029|10|4|1|2|780000|0|0|741686
1200000|1|6029|10|4|0|0|780000|1|7988|756391
1200000|1|6029|10|4|1|2|780000|1|7988|737986
1200000|1|6029|10|4|0|0|780000|2|15983|759667
1200000|1|6029|10|4|1|2|780000|2|15983|736932
1200000|1|6029|10|4|0|0|780000|3|23983|762708
1200000|1|6029|10|4|1|2|780000|3|23983|737357
1200000|1|6029|10|4|0|0|780000|4|31986|764347
1200000|1|6029|10|4|1|2|780000|4|31986|738180
1200000|1|6029|10|5|0|0|780000|0|0|761483
1200000|1|6029|10|5|1|2|780000|0|0|743016
1200000|1|6029|10|5|0|0|780000|1|7974|761228
1200000|1|6029|10|5|1|2|780000|1|7974|737050
1200000|1|6029|10|5|0|0|780000|2|15961|760562
1200000|1|6029|10|5|1|2|780000|2|15961|734083
1200000|1|6029|10|5|0|0|780000|3|23954|760681
1200000|1|6029|10|5|1|2|780000|3|23954|733422
1200000|1|6029|10|5|0|0|780000|4|31953|761384
1200000|1|6029|10|5|1|2|780000|4|31953|733967
1200000|1|6030|10|1|0|0|780000|0|0|730791
1200000|1|6030|10|1|1|2|780000|0|0|714390
1200000|1|6030|10|1|0|0|780000|1|7973|730921
1200000|1|6030|10|1|1|2|780000|1|7973|709438
1200000|1|6030|10|1|0|0|780000|2|15959|730808
1200000|1|6030|10|1|1|2|780000|2|15959|707097
1200000|1|6030|10|1|0|0|780000|3|23953|731236
1200000|1|6030|10|1|1|2|780000|3|23953|706743
1200000|1|6030|10|1|0|0|780000|4|31951|731978
1200000|1|6030|10|1|1|2|780000|4|31951|706745
1200000|1|6030|10|2|0|0|780000|0|0|771818
1200000|1|6030|10|2|1|2|780000|0|0|768481
1200000|1|6030|10|2|0|0|780000|1|7989|772890
1200000|1|6030|10|2|1|2|780000|1|7989|767347
1200000|1|6030|10|2|0|0|780000|2|15987|773867
1200000|1|6030|10|2|1|2|780000|2|15987|767897
1200000|1|6030|10|2|0|0|780000|3|23987|775034
1200000|1|6030|10|2|1|2|780000|3|23987|769225
1200000|1|6030|10|2|0|0|780000|4|31989|775892
1200000|1|6030|10|2|1|2|780000|4|31989|770548
1200000|1|6030|10|3|0|0|780000|0|0|768773
1200000|1|6030|10|3|1|2|780000|0|0|790790
1200000|1|6030|10|3|0|0|780000|1|7997|770236
1200000|1|6030|10|3|1|2|780000|1|7997|791528
1200000|1|6030|10|3|0|0|780000|2|15996|769574
1200000|1|6030|10|3|1|2|780000|2|15996|792507
1200000|1|6030|10|3|0|0|780000|3|23997|768755
1200000|1|6030|10|3|1|2|780000|3|23997|793365
1200000|1|6030|10|3|0|0|780000|4|31997|768449
1200000|1|6030|10|3|1|2|780000|4|31997|794686
1200000|1|6030|10|4|0|0|780000|0|0|766641
1200000|1|6030|10|4|1|2|780000|0|0|763927
1200000|1|6030|10|4|0|0|780000|1|7995|766582
1200000|1|6030|10|4|1|2|780000|1|7995|762956
1200000|1|6030|10|4|0|0|780000|2|15992|766424
1200000|1|6030|10|4|1|2|780000|2|15992|762327
1200000|1|6030|10|4|0|0|780000|3|23991|766306
1200000|1|6030|10|4|1|2|780000|3|23991|762525
1200000|1|6030|10|4|0|0|780000|4|31992|766775
1200000|1|6030|10|4|1|2|780000|4|31992|762408
1200000|1|6030|10|5|0|0|780000|0|0|768903
1200000|1|6030|10|5|1|2|780000|0|0|760771
1200000|1|6030|10|5|0|0|780000|1|7994|771729
1200000|1|6030|10|5|1|2|780000|1|7994|758546
1200000|1|6030|10|5|0|0|780000|2|15991|774458
1200000|1|6030|10|5|1|2|780000|2|15991|756947
1200000|1|6030|10|5|0|0|780000|3|23989|776954
1200000|1|6030|10|5|1|2|780000|3|23989|756010
1200000|1|6030|10|5|0|0|780000|4|31988|778983
1200000|1|6030|10|5|1|2|780000|4|31988|755114
1200000|1|6031|10|1|0|0|780000|0|0|764925
1200000|1|6031|10|1|1|2|780000|0|0|717945
1200000|1|6031|10|1|0|0|780000|1|7969|765957
1200000|1|6031|10|1|1|2|780000|1|7969|702232
1200000|1|6031|10|1|0|0|780000|2|15950|767010
1200000|1|6031|10|1|1|2|780000|2|15950|693261
1200000|1|6031|10|1|0|0|780000|3|23940|768766
1200000|1|6031|10|1|1|2|780000|3|23940|687448
1200000|1|6031|10|1|0|0|780000|4|31934|770717
1200000|1|6031|10|1|1|2|780000|4|31934|684444
1200000|1|6031|10|2|0|0|780000|0|0|771243
1200000|1|6031|10|2|1|2|780000|0|0|756090
1200000|1|6031|10|2|0|0|780000|1|7983|774185
1200000|1|6031|10|2|1|2|780000|1|7983|750902
1200000|1|6031|10|2|0|0|780000|2|15974|776759
1200000|1|6031|10|2|1|2|780000|2|15974|747978
1200000|1|6031|10|2|0|0|780000|3|23969|780154
1200000|1|6031|10|2|1|2|780000|3|23969|746105
1200000|1|6031|10|2|0|0|780000|4|31967|782532
1200000|1|6031|10|2|1|2|780000|4|31967|745170
1200000|1|6031|10|3|0|0|780000|0|0|766330
1200000|1|6031|10|3|1|2|780000|0|0|746925
1200000|1|6031|10|3|0|0|780000|1|7972|766192
1200000|1|6031|10|3|1|2|780000|1|7972|739787
1200000|1|6031|10|3|0|0|780000|2|15957|766460
1200000|1|6031|10|3|1|2|780000|2|15957|735537
1200000|1|6031|10|3|0|0|780000|3|23949|767205
1200000|1|6031|10|3|1|2|780000|3|23949|733118
1200000|1|6031|10|3|0|0|780000|4|31946|767752
1200000|1|6031|10|3|1|2|780000|4|31946|732221
1200000|1|6031|10|4|0|0|780000|0|0|780601
1200000|1|6031|10|4|1|2|780000|0|0|781090
1200000|1|6031|10|4|0|0|780000|1|7993|781986
1200000|1|6031|10|4|1|2|780000|1|7993|782687
1200000|1|6031|10|4|0|0|780000|2|15991|783389
1200000|1|6031|10|4|1|2|780000|2|15991|784326
1200000|1|6031|10|4|0|0|780000|3|23992|785341
1200000|1|6031|10|4|1|2|780000|3|23992|785067
1200000|1|6031|10|4|0|0|780000|4|31993|787602
1200000|1|6031|10|4|1|2|780000|4|31993|786356
1200000|1|6031|10|5|0|0|780000|0|0|728968
1200000|1|6031|10|5|1|2|780000|0|0|715100
1200000|1|6031|10|5|0|0|780000|1|7974|728671
1200000|1|6031|10|5|1|2|780000|1|7974|710696
1200000|1|6031|10|5|0|0|780000|2|15960|729843
1200000|1|6031|10|5|1|2|780000|2|15960|709016
1200000|1|6031|10|5|0|0|780000|3|23955|732105
1200000|1|6031|10|5|1|2|780000|3|23955|709253
1200000|1|6031|10|5|0|0|780000|4|31954|734835
1200000|1|6031|10|5|1|2|780000|4|31954|710733
1200000|1|6032|10|1|0|0|780000|0|0|764651
1200000|1|6032|10|1|1|2|780000|0|0|785261
1200000|1|6032|10|1|0|0|780000|1|7999|766073
1200000|1|6032|10|1|1|2|780000|1|7999|785064
1200000|1|6032|10|1|0|0|780000|2|16002|767439
1200000|1|6032|10|1|1|2|780000|2|16002|786119
1200000|1|6032|10|1|0|0|780000|3|24006|768413
1200000|1|6032|10|1|1|2|780000|3|24006|787796
1200000|1|6032|10|1|0|0|780000|4|32011|771183
1200000|1|6032|10|1|1|2|780000|4|32011|789588
1200000|1|6032|10|2|0|0|780000|0|0|772490
1200000|1|6032|10|2|1|2|780000|0|0|759796
1200000|1|6032|10|2|0|0|780000|1|7986|774105
1200000|1|6032|10|2|1|2|780000|1|7986|756051
1200000|1|6032|10|2|0|0|780000|2|15981|775238
1200000|1|6032|10|2|1|2|780000|2|15981|754178
1200000|1|6032|10|2|0|0|780000|3|23979|776175
1200000|1|6032|10|2|1|2|780000|3|23979|754527
1200000|1|6032|10|2|0|0|780000|4|31982|777187
1200000|1|6032|10|2|1|2|780000|4|31982|755077
1200000|1|6032|10|3|0|0|780000|0|0|758252
1200000|1|6032|10|3|1|2|780000|0|0|749967
1200000|1|6032|10|3|0|0|780000|1|7988|756129
1200000|1|6032|10|3|1|2|780000|1|7988|746922
1200000|1|6032|10|3|0|0|780000|2|15984|755115
1200000|1|6032|10|3|1|2|780000|2|15984|745714
1200000|1|6032|10|3|0|0|780000|3|23983|755621
1200000|1|6032|10|3|1|2|780000|3|23983|745521
1200000|1|6032|10|3|0|0|780000|4|31984|755817
1200000|1|6032|10|3|1|2|780000|4|31984|745793
1200000|1|6032|10|4|0|0|780000|0|0|723701
1200000|1|6032|10|4|1|2|780000|0|0|709718
1200000|1|6032|10|4|0|0|780000|1|7973|723174
1200000|1|6032|10|4|1|2|780000|1|7973|705077
1200000|1|6032|10|4|0|0|780000|2|15958|724029
1200000|1|6032|10|4|1|2|780000|2|15958|702933
1200000|1|6032|10|4|0|0|780000|3|23951|725748
1200000|1|6032|10|4|1|2|780000|3|23951|703011
1200000|1|6032|10|4|0|0|780000|4|31950|728009
1200000|1|6032|10|4|1|2|780000|4|31950|704065
1200000|1|6032|10|5|0|0|780000|0|0|763520
1200000|1|6032|10|5|1|2|780000|0|0|788847
1200000|1|6032|10|5|0|0|780000|1|7998|764085
1200000|1|6032|10|5|1|2|780000|1|7998|803708
1200000|1|6032|10|5|0|0|780000|2|16003|766192
1200000|1|6032|10|5|1|2|780000|2|16003|813264
1200000|1|6032|10|5|0|0|780000|3|24007|768141
1200000|1|6032|10|5|1|2|780000|3|24007|819935
1200000|1|6032|10|5|0|0|780000|4|32011|769975
1200000|1|6032|10|5|1|2|780000|4|32011|824027
1200000|1|6033|10|1|0|0|780000|0|0|764886
1200000|1|6033|10|1|1|2|780000|0|0|749694
1200000|1|6033|10|1|0|0|780000|1|7973|765100
1200000|1|6033|10|1|1|2|780000|1|7973|745755
1200000|1|6033|10|1|0|0|780000|2|15959|765411
1200000|1|6033|10|1|1|2|780000|2|15959|744543
1200000|1|6033|10|1|0|0|780000|3|23953|767789
1200000|1|6033|10|1|1|2|780000|3|23953|744818
1200000|1|6033|10|1|0|0|780000|4|31952|769893
1200000|1|6033|10|1|1|2|780000|4|31952|746496
1200000|1|6033|10|2|0|0|780000|0|0|766211
1200000|1|6033|10|2|1|2|780000|0|0|787641
1200000|1|6033|10|2|0|0|780000|1|7994|767828
1200000|1|6033|10|2|1|2|780000|1|7994|800822
1200000|1|6033|10|2|0|0|780000|2|15997|770363
1200000|1|6033|10|2|1|2|780000|2|15997|810804
1200000|1|6033|10|2|0|0|780000|3|24001|773405
1200000|1|6033|10|2|1|2|780000|3|24001|817554
1200000|1|6033|10|2|0|0|780000|4|32005|776760
1200000|1|6033|10|2|1|2|780000|4|32005|822236
1200000|1|6033|10|3|0|0|780000|0|0|756227
1200000|1|6033|10|3|1|2|780000|0|0|777073
1200000|1|6033|10|3|0|0|780000|1|7996|757609
1200000|1|6033|10|3|1|2|780000|1|7996|776406
1200000|1|6033|10|3|0|0|780000|2|15996|759987
1200000|1|6033|10|3|1|2|780000|2|15996|776679
1200000|1|6033|10|3|0|0|780000|3|23997|762677
1200000|1|6033|10|3|1|2|780000|3|23997|777813
1200000|1|6033|10|3|0|0|780000|4|31999|765331
1200000|1|6033|10|3|1|2|780000|4|31999|779647
1200000|1|6033|10|4|0|0|780000|0|0|754744
1200000|1|6033|10|4|1|2|780000|0|0|743104
1200000|1|6033|10|4|0|0|780000|1|7987|757650
1200000|1|6033|10|4|1|2|780000|1|7987|739514
1200000|1|6033|10|4|0|0|780000|2|15981|760341
1200000|1|6033|10|4|1|2|780000|2|15981|738461
1200000|1|6033|10|4|0|0|780000|3|23980|763382
1200000|1|6033|10|4|1|2|780000|3|23980|739083
1200000|1|6033|10|4|0|0|780000|4|31980|766189
1200000|1|6033|10|4|1|2|780000|4|31980|740021
1200000|1|6033|10|5|0|0|780000|0|0|772410
1200000|1|6033|10|5|1|2|780000|0|0|728285
1200000|1|6033|10|5|0|0|780000|1|7973|775748
1200000|1|6033|10|5|1|2|780000|1|7973|716426
1200000|1|6033|10|5|0|0|780000|2|15959|779643
1200000|1|6033|10|5|1|2|780000|2|15959|710654
1200000|1|6033|10|5|0|0|780000|3|23954|783625
1200000|1|6033|10|5|1|2|780000|3|23954|708937
1200000|1|6033|10|5|0|0|780000|4|31953|787523
1200000|1|6033|10|5|1|2|780000|4|31953|709056
1200000|1|6034|10|1|0|0|780000|0|0|785907
1200000|1|6034|10|1|1|2|780000|0|0|783390
1200000|1|6034|10|1|0|0|780000|1|7993|790527
1200000|1|6034|10|1|1|2|780000|1|7993|785105
1200000|1|6034|10|1|0|0|780000|2|15990|795208
1200000|1|6034|10|1|1|2|780000|2|15990|787408
1200000|1|6034|10|1|0|0|780000|3|23991|799654
1200000|1|6034|10|1|1|2|780000|3|23991|789667
1200000|1|6034|10|1|0|0|780000|4|31993|803592
1200000|1|6034|10|1|1|2|780000|4|31993|792243
1200000|1|6034|10|2|0|0|780000|0|0|787429
1200000|1|6034|10|2|1|2|780000|0|0|801018
1200000|1|6034|10|2|0|0|780000|1|8002|792555
1200000|1|6034|10|2|1|2|780000|1|8002|811001
1200000|1|6034|10|2|0|0|780000|2|16005|796223
1200000|1|6034|10|2|1|2|780000|2|16005|817751
1200000|1|6034|10|2|0|0|780000|3|24008|799145
1200000|1|6034|10|2|1|2|780000|3|24008|822623
1200000|1|6034|10|2|0|0|780000|4|32013|801135
1200000|1|6034|10|2|1|2|780000|4|32013|825823
1200000|1|6034|10|3|0|0|780000|0|0|775961
1200000|1|6034|10|3|1|2|780000|0|0|770131
1200000|1|6034|10|3|0|0|780000|1|7996|778906
1200000|1|6034|10|3|1|2|780000|1|7996|768843
1200000|1|6034|10|3|0|0|780000|2|15996|781557
1200000|1|6034|10|3|1|2|780000|2|15996|768532
1200000|1|6034|10|3|0|0|780000|3|23997|783973
1200000|1|6034|10|3|1|2|780000|3|23997|768803
1200000|1|6034|10|3|0|0|780000|4|31999|786276
1200000|1|6034|10|3|1|2|780000|4|31999|768959
1200000|1|6034|10|4|0|0|780000|0|0|772257
1200000|1|6034|10|4|1|2|780000|0|0|757338
1200000|1|6034|10|4|0|0|780000|1|7984|776251
1200000|1|6034|10|4|1|2|780000|1|7984|752619
1200000|1|6034|10|4|0|0|780000|2|15975|779763
1200000|1|6034|10|4|1|2|780000|2|15975|749459
1200000|1|6034|10|4|0|0|780000|3|23971|781673
1200000|1|6034|10|4|1|2|780000|3|23971|748134
1200000|1|6034|10|4|0|0|780000|4|31971|784248
1200000|1|6034|10|4|1|2|780000|4|31971|747821
1200000|1|6034|10|5|0|0|780000|0|0|800610
1200000|1|6034|10|5|1|2|780000|0|0|792671
1200000|1|6034|10|5|0|0|780000|1|7996|803825
1200000|1|6034|10|5|1|2|780000|1|7996|791306
1200000|1|6034|10|5|0|0|780000|2|15995|807375
1200000|1|6034|10|5|1|2|780000|2|15995|791074
1200000|1|6034|10|5|0|0|780000|3|23997|810884
1200000|1|6034|10|5|1|2|780000|3|23997|791463
1200000|1|6034|10|5|0|0|780000|4|31999|814474
1200000|1|6034|10|5|1|2|780000|4|31999|792672
1200000|1|6035|10|1|0|0|780000|0|0|732944
1200000|1|6035|10|1|1|2|780000|0|0|692677
1200000|1|6035|10|1|0|0|780000|1|7973|735418
1200000|1|6035|10|1|1|2|780000|1|7973|680117
1200000|1|6035|10|1|0|0|780000|2|15957|738774
1200000|1|6035|10|1|1|2|780000|2|15957|673879
1200000|1|6035|10|1|0|0|780000|3|23951|743102
1200000|1|6035|10|1|1|2|780000|3|23951|671811
1200000|1|6035|10|1|0|0|780000|4|31949|747390
1200000|1|6035|10|1|1|2|780000|4|31949|671811
1200000|1|6035|10|2|0|0|780000|0|1|758332
1200000|1|6035|10|2|1|2|780000|0|1|740993
1200000|1|6035|10|2|0|0|780000|1|7973|761586
1200000|1|6035|10|2|1|2|780000|1|7973|737135
1200000|1|6035|10|2|0|0|780000|2|15959|765685
1200000|1|6035|10|2|1|2|780000|2|15959|737098
1200000|1|6035|10|2|0|0|780000|3|23953|770481
1200000|1|6035|10|2|1|2|780000|3|23953|738654
1200000|1|6035|10|2|0|0|780000|4|31952|774889
1200000|1|6035|10|2|1|2|780000|4|31952|740645
1200000|1|6035|10|3|0|0|780000|0|0|779121
1200000|1|6035|10|3|1|2|780000|0|0|777814
1200000|1|6035|10|3|0|0|780000|1|7999|781908
1200000|1|6035|10|3|1|2|780000|1|7999|780466
1200000|1|6035|10|3|0|0|780000|2|16001|785220
1200000|1|6035|10|3|1|2|780000|2|16001|782727
1200000|1|6035|10|3|0|0|780000|3|24003|789473
1200000|1|6035|10|3|1|2|780000|3|24003|784910
1200000|1|6035|10|3|0|0|780000|4|32006|793373
1200000|1|6035|10|3|1|2|780000|4|32006|787406
1200000|1|6035|10|4|0|0|780000|0|0|789374
1200000|1|6035|10|4|1|2|780000|0|0|790291
1200000|1|6035|10|4|0|0|780000|1|7996|794037
1200000|1|6035|10|4|1|2|780000|1|7996|793531
1200000|1|6035|10|4|0|0|780000|2|15997|798873
1200000|1|6035|10|4|1|2|780000|2|15997|795715
1200000|1|6035|10|4|0|0|780000|3|23999|803593
1200000|1|6035|10|4|1|2|780000|3|23999|797741
1200000|1|6035|10|4|0|0|780000|4|32003|808036
1200000|1|6035|10|4|1|2|780000|4|32003|799536
1200000|1|6035|10|5|0|0|780000|0|0|774363
1200000|1|6035|10|5|1|2|780000|0|0|786237
1200000|1|6035|10|5|0|0|780000|1|8003|780738
1200000|1|6035|10|5|1|2|780000|1|8003|795752
1200000|1|6035|10|5|0|0|780000|2|16008|786821
1200000|1|6035|10|5|1|2|780000|2|16008|802812
1200000|1|6035|10|5|0|0|780000|3|24014|792708
1200000|1|6035|10|5|1|2|780000|3|24014|808233
1200000|1|6035|10|5|0|0|780000|4|32020|797777
1200000|1|6035|10|5|1|2|780000|4|32020|812407
1200000|1|6036|10|1|0|0|780000|0|0|790235
1200000|1|6036|10|1|1|2|780000|0|0|775629
1200000|1|6036|10|1|0|0|780000|1|7994|795635
1200000|1|6036|10|1|1|2|780000|1|7994|773288
1200000|1|6036|10|1|0|0|780000|2|15993|800316
1200000|1|6036|10|1|1|2|780000|2|15993|773523
1200000|1|6036|10|1|0|0|780000|3|23995|803863
1200000|1|6036|10|1|1|2|780000|3|23995|774303
1200000|1|6036|10|1|0|0|780000|4|31999|807064
1200000|1|6036|10|1|1|2|780000|4|31999|775238
1200000|1|6036|10|2|0|0|780000|0|0|759035
1200000|1|6036|10|2|1|2|780000|0|0|749889
1200000|1|6036|10|2|0|0|780000|1|7988|761003
1200000|1|6036|10|2|1|2|780000|1|7988|748327
1200000|1|6036|10|2|0|0|780000|2|15985|763422
1200000|1|6036|10|2|1|2|780000|2|15985|748212
1200000|1|6036|10|2|0|0|780000|3|23985|766152
1200000|1|6036|10|2|1|2|780000|3|23985|749616
1200000|1|6036|10|2|0|0|780000|4|31988|768882
1200000|1|6036|10|2|1|2|780000|4|31988|750942
1200000|1|6036|10|3|0|0|780000|0|0|781578
1200000|1|6036|10|3|1|2|780000|0|0|779529
1200000|1|6036|10|3|0|0|780000|1|7999|785535
1200000|1|6036|10|3|1|2|780000|1|7999|780349
1200000|1|6036|10|3|0|0|780000|2|16000|788614
1200000|1|6036|10|3|1|2|780000|2|16000|780578
1200000|1|6036|10|3|0|0|780000|3|24003|790487
1200000|1|6036|10|3|1|2|780000|3|24003|780935
1200000|1|6036|10|3|0|0|780000|4|32006|792047
1200000|1|6036|10|3|1|2|780000|4|32006|781634
1200000|1|6036|10|4|0|0|780000|0|0|762272
1200000|1|6036|10|4|1|2|780000|0|0|750317
1200000|1|6036|10|4|0|0|780000|1|7985|765957
1200000|1|6036|10|4|1|2|780000|1|7985|746457
1200000|1|6036|10|4|0|0|780000|2|15978|769389
1200000|1|6036|10|4|1|2|780000|2|15978|745129
1200000|1|6036|10|4|0|0|780000|3|23977|772392
1200000|1|6036|10|4|1|2|780000|3|23977|745637
1200000|1|6036|10|4|0|0|780000|4|31977|773561
1200000|1|6036|10|4|1|2|780000|4|31977|746024
1200000|1|6036|10|5|0|0|780000|0|0|766329
1200000|1|6036|10|5|1|2|780000|0|0|754100
1200000|1|6036|10|5|0|0|780000|1|7984|769193
1200000|1|6036|10|5|1|2|780000|1|7984|749226
1200000|1|6036|10|5|0|0|780000|2|15976|771494
1200000|1|6036|10|5|1|2|780000|2|15976|746222
1200000|1|6036|10|5|0|0|780000|3|23973|772665
1200000|1|6036|10|5|1|2|780000|3|23973|745091
1200000|1|6036|10|5|0|0|780000|4|31973|774380
1200000|1|6036|10|5|1|2|780000|4|31973|745637
1200000|1|6037|10|1|0|0|780000|0|0|768395
1200000|1|6037|10|1|1|2|780000|0|0|748057
1200000|1|6037|10|1|0|0|780000|1|7973|769935
1200000|1|6037|10|1|1|2|780000|1|7973|742284
1200000|1|6037|10|1|0|0|780000|2|15958|771613
1200000|1|6037|10|1|1|2|780000|2|15958|740139
1200000|1|6037|10|1|0|0|780000|3|23951|773247
1200000|1|6037|10|1|1|2|780000|3|23951|739788
1200000|1|6037|10|1|0|0|780000|4|31949|774926
1200000|1|6037|10|1|1|2|780000|4|31949|740334
1200000|1|6037|10|2|0|0|780000|0|0|771633
1200000|1|6037|10|2|1|2|780000|0|0|768063
1200000|1|6037|10|2|0|0|780000|1|7997|772549
1200000|1|6037|10|2|1|2|780000|1|7997|768371
1200000|1|6037|10|2|0|0|780000|2|15996|773134
1200000|1|6037|10|2|1|2|780000|2|15996|769582
1200000|1|6037|10|2|0|0|780000|3|23997|774653
1200000|1|6037|10|2|1|2|780000|3|23997|770637
1200000|1|6037|10|2|0|0|780000|4|31999|775667
1200000|1|6037|10|2|1|2|780000|4|31999|771377
1200000|1|6037|10|3|0|0|780000|0|0|761570
1200000|1|6037|10|3|1|2|780000|0|0|782962
1200000|1|6037|10|3|0|0|780000|1|7995|764789
1200000|1|6037|10|3|1|2|780000|1|7995|782298
1200000|1|6037|10|3|0|0|780000|2|15995|767830
1200000|1|6037|10|3|1|2|780000|2|15995|782610
1200000|1|6037|10|3|0|0|780000|3|23995|770831
1200000|1|6037|10|3|1|2|780000|3|23995|783390
1200000|1|6037|10|3|0|0|780000|4|31997|771494
1200000|1|6037|10|3|1|2|780000|4|31997|783389
1200000|1|6037|10|4|0|0|780000|0|0|778343
1200000|1|6037|10|4|1|2|780000|0|0|767479
1200000|1|6037|10|4|0|0|780000|1|7985|781283
1200000|1|6037|10|4|1|2|780000|1|7985|764512
1200000|1|6037|10|4|0|0|780000|2|15978|780699
1200000|1|6037|10|4|1|2|780000|2|15978|763539
1200000|1|6037|10|4|0|0|780000|3|23974|781361
1200000|1|6037|10|4|1|2|780000|3|23974|764240
1200000|1|6037|10|4|0|0|780000|4|31975|782334
1200000|1|6037|10|4|1|2|780000|4|31975|764787
1200000|1|6037|10|5|0|0|780000|0|0|763871
1200000|1|6037|10|5|1|2|780000|0|0|759131
1200000|1|6037|10|5|0|0|780000|1|7995|763966
1200000|1|6037|10|5|1|2|780000|1|7995|758742
1200000|1|6037|10|5|0|0|780000|2|15993|764241
1200000|1|6037|10|5|1|2|780000|2|15993|758468
1200000|1|6037|10|5|0|0|780000|3|23993|764865
1200000|1|6037|10|5|1|2|780000|3|23993|758469
1200000|1|6037|10|5|0|0|780000|4|31993|765955
1200000|1|6037|10|5|1|2|780000|4|31993|758387
1200000|1|6038|10|1|0|0|780000|0|0|767774
1200000|1|6038|10|1|1|2|780000|0|0|762135
1200000|1|6038|10|1|0|0|780000|1|7995|768960
1200000|1|6038|10|1|1|2|780000|1|7995|761473
1200000|1|6038|10|1|0|0|780000|2|15992|768998
1200000|1|6038|10|1|1|2|780000|2|15992|760926
1200000|1|6038|10|1|0|0|780000|3|23991|769697
1200000|1|6038|10|1|1|2|780000|3|23991|760494
1200000|1|6038|10|1|0|0|780000|4|31991|770247
1200000|1|6038|10|1|1|2|780000|4|31991|759908
1200000|1|6038|10|2|0|0|780000|0|0|772254
1200000|1|6038|10|2|1|2|780000|0|0|765685
1200000|1|6038|10|2|0|0|780000|1|7996|775746
1200000|1|6038|10|2|1|2|780000|1|7996|764396
1200000|1|6038|10|2|0|0|780000|2|15994|779023
1200000|1|6038|10|2|1|2|780000|2|15994|764085
1200000|1|6038|10|2|0|0|780000|3|23995|782181
1200000|1|6038|10|2|1|2|780000|3|23995|763694
1200000|1|6038|10|2|0|0|780000|4|31996|784792
1200000|1|6038|10|2|1|2|780000|4|31996|763497
1200000|1|6038|10|3|0|0|780000|0|0|777016
1200000|1|6038|10|3|1|2|780000|0|0|762833
1200000|1|6038|10|3|0|0|780000|1|7984|780193
1200000|1|6038|10|3|1|2|780000|1|7984|757805
1200000|1|6038|10|3|0|0|780000|2|15975|783350
1200000|1|6038|10|3|1|2|780000|2|15975|755426
1200000|1|6038|10|3|0|0|780000|3|23972|786356
1200000|1|6038|10|3|1|2|780000|3|23972|754023
1200000|1|6038|10|3|0|0|780000|4|31972|788773
1200000|1|6038|10|3|1|2|780000|4|31972|753437
1200000|1|6038|10|4|0|0|780000|0|0|749948
1200000|1|6038|10|4|1|2|780000|0|0|739866
1200000|1|6038|10|4|0|0|780000|1|7988|752463
1200000|1|6038|10|4|1|2|780000|1|7988|735031
1200000|1|6038|10|4|0|0|780000|2|15981|755348
1200000|1|6038|10|4|1|2|780000|2|15981|732884
1200000|1|6038|10|4|0|0|780000|3|23980|758275
1200000|1|6038|10|4|1|2|780000|3|23980|731205
1200000|1|6038|10|4|0|0|780000|4|31979|760613
1200000|1|6038|10|4|1|2|780000|4|31979|730585
1200000|1|6038|10|5|0|0|780000|0|0|747920
1200000|1|6038|10|5|1|2|780000|0|0|736669
1200000|1|6038|10|5|0|0|780000|1|7988|749615
1200000|1|6038|10|5|1|2|780000|1|7988|732769
1200000|1|6038|10|5|0|0|780000|2|15983|751642
1200000|1|6038|10|5|1|2|780000|2|15983|731207
1200000|1|6038|10|5|0|0|780000|3|23981|753281
1200000|1|6038|10|5|1|2|780000|3|23981|730698
1200000|1|6038|10|5|0|0|780000|4|31982|754685
1200000|1|6038|10|5|1|2|780000|4|31982|731402
1200000|1|6039|10|1|0|0|780000|0|0|745386
1200000|1|6039|10|1|1|2|780000|0|0|733902
1200000|1|6039|10|1|0|0|780000|1|7988|746769
1200000|1|6039|10|1|1|2|780000|1|7988|730039
1200000|1|6039|10|1|0|0|780000|2|15983|748290
1200000|1|6039|10|1|1|2|780000|2|15983|728087
1200000|1|6039|10|1|0|0|780000|3|23982|749965
1200000|1|6039|10|1|1|2|780000|3|23982|727463
1200000|1|6039|10|1|0|0|780000|4|31982|751333
1200000|1|6039|10|1|1|2|780000|4|31982|727932
1200000|1|6039|10|2|0|0|780000|0|0|721283
1200000|1|6039|10|2|1|2|780000|0|0|1067729
1200000|1|6039|10|2|0|0|780000|1|7978|720210
1200000|1|6039|10|2|1|2|780000|1|7978|1063126
1200000|1|6039|10|2|0|0|780000|2|15967|720014
1200000|1|6039|10|2|1|2|780000|2|15967|1060593
1200000|1|6039|10|2|0|0|780000|3|23963|720247
1200000|1|6039|10|2|1|2|780000|3|23963|1059932
1200000|1|6039|10|2|0|0|780000|4|31963|720873
1200000|1|6039|10|2|1|2|780000|4|31963|1060048
1200000|1|6039|10|3|0|0|780000|0|0|724287
1200000|1|6039|10|3|1|2|780000|0|0|709133
1200000|1|6039|10|3|0|0|780000|1|7979|725593
1200000|1|6039|10|3|1|2|780000|1|7979|704103
1200000|1|6039|10|3|0|0|780000|2|15969|727815
1200000|1|6039|10|3|1|2|780000|2|15969|702153
1200000|1|6039|10|3|0|0|780000|3|23965|730546
1200000|1|6039|10|3|1|2|780000|3|23965|702230
1200000|1|6039|10|3|0|0|780000|4|31966|732611
1200000|1|6039|10|3|1|2|780000|4|31966|703280
1200000|1|6039|10|4|0|0|780000|0|0|769915
1200000|1|6039|10|4|1|2|780000|0|0|763500
1200000|1|6039|10|4|0|0|780000|1|7992|771379
1200000|1|6039|10|4|1|2|780000|1|7992|763848
1200000|1|6039|10|4|0|0|780000|2|15990|772623
1200000|1|6039|10|4|1|2|780000|2|15990|764357
1200000|1|6039|10|4|0|0|780000|3|23990|774224
1200000|1|6039|10|4|1|2|780000|3|23990|765412
1200000|1|6039|10|4|0|0|780000|4|31993|775667
1200000|1|6039|10|4|1|2|780000|4|31993|766619
1200000|1|6039|10|5|0|0|780000|0|0|756931
1200000|1|6039|10|5|1|2|780000|0|0|770910
1200000|1|6039|10|5|0|0|780000|1|7994|760105
1200000|1|6039|10|5|1|2|780000|1|7994|777460
1200000|1|6039|10|5|0|0|780000|2|15993|761435
1200000|1|6039|10|5|1|2|780000|2|15993|782454
1200000|1|6039|10|5|0|0|780000|3|23995|763383
1200000|1|6039|10|5|1|2|780000|3|23995|785728
1200000|1|6039|10|5|0|0|780000|4|31997|764981
1200000|1|6039|10|5|1|2|780000|4|31997|787134
1200000|1|6040|10|1|0|0|780000|0|0|724287
1200000|1|6040|10|1|1|2|780000|0|0|708782
1200000|1|6040|10|1|0|0|780000|1|7973|724968
1200000|1|6040|10|1|1|2|780000|1|7973|703515
1200000|1|6040|10|1|0|0|780000|2|15959|726334
1200000|1|6040|10|1|1|2|780000|2|15959|700593
1200000|1|6040|10|1|0|0|780000|3|23952|728283
1200000|1|6040|10|1|1|2|780000|3|23952|699307
1200000|1|6040|10|1|0|0|780000|4|31949|730350
1200000|1|6040|10|1|1|2|780000|4|31949|698525
1200000|1|6040|10|2|0|0|780000|0|0|778691
1200000|1|6040|10|2|1|2|780000|0|0|774380
1200000|1|6040|10|2|0|0|780000|1|7992|780503
1200000|1|6040|10|2|1|2|780000|1|7992|775161
1200000|1|6040|10|2|0|0|780000|2|15989|782728
1200000|1|6040|10|2|1|2|780000|2|15989|777383
1200000|1|6040|10|2|0|0|780000|3|23990|785924
1200000|1|6040|10|2|1|2|780000|3|23990|779139
1200000|1|6040|10|2|0|0|780000|4|31993|788343
1200000|1|6040|10|2|1|2|780000|4|31993|780933
1200000|1|6040|10|3|0|0|780000|0|0|732399
1200000|1|6040|10|3|1|2|780000|0|0|716231
1200000|1|6040|10|3|0|0|780000|1|7974|735107
1200000|1|6040|10|3|1|2|780000|1|7974|711398
1200000|1|6040|10|3|0|0|780000|2|15961|738501
1200000|1|6040|10|3|1|2|780000|2|15961|709447
1200000|1|6040|10|3|0|0|780000|3|23955|740137
1200000|1|6040|10|3|1|2|780000|3|23955|709210
1200000|1|6040|10|3|0|0|780000|4|31955|742752
1200000|1|6040|10|3|1|2|780000|4|31955|709601
1200000|1|6040|10|4|0|0|780000|0|0|780994
1200000|1|6040|10|4|1|2|780000|0|0|774889
1200000|1|6040|10|4|0|0|780000|1|7998|784716
1200000|1|6040|10|4|1|2|780000|1|7998|774031
1200000|1|6040|10|4|0|0|780000|2|15999|787485
1200000|1|6040|10|4|1|2|780000|2|15999|774186
1200000|1|6040|10|4|0|0|780000|3|24001|791113
1200000|1|6040|10|4|1|2|780000|3|24001|774420
1200000|1|6040|10|4|0|0|780000|4|32004|794934
1200000|1|6040|10|4|1|2|780000|4|32004|773951
1200000|1|6040|10|5|0|0|780000|0|0|799241
1200000|1|6040|10|5|1|2|780000|0|0|791969
1200000|1|6040|10|5|0|0|780000|1|7991|803046
1200000|1|6040|10|5|1|2|780000|1|7991|793020
1200000|1|6040|10|5|0|0|780000|2|15987|806400
1200000|1|6040|10|5|1|2|780000|2|15987|794619
1200000|1|6040|10|5|0|0|780000|3|23986|809909
1200000|1|6040|10|5|1|2|780000|3|23986|795791
1200000|1|6040|10|5|0|0|780000|4|31988|813575
1200000|1|6040|10|5|1|2|780000|4|31988|796416
1200000|1|6041|10|1|0|0|780000|0|0|778886
1200000|1|6041|10|1|1|2|780000|0|0|772081
1200000|1|6041|10|1|0|0|780000|1|7991|781636
1200000|1|6041|10|1|1|2|780000|1|7991|772353
1200000|1|6041|10|1|0|0|780000|2|15988|784248
1200000|1|6041|10|1|1|2|780000|2|15988|773524
1200000|1|6041|10|1|0|0|780000|3|23989|787564
1200000|1|6041|10|1|1|2|780000|3|23989|774460
1200000|1|6041|10|1|0|0|780000|4|31992|790566
1200000|1|6041|10|1|1|2|780000|4|31992|775704
1200000|1|6041|10|2|0|0|780000|0|0|775456
1200000|1|6041|10|2|1|2|780000|0|0|769857
1200000|1|6041|10|2|0|0|780000|1|7998|778322
1200000|1|6041|10|2|1|2|780000|1|7998|768648
1200000|1|6041|10|2|0|0|780000|2|15998|781986
1200000|1|6041|10|2|1|2|780000|2|15998|768375
1200000|1|6041|10|2|0|0|780000|3|24000|786195
1200000|1|6041|10|2|1|2|780000|3|24000|768179
1200000|1|6041|10|2|0|0|780000|4|32003|789317
1200000|1|6041|10|2|1|2|780000|4|32003|768177
1200000|1|6041|10|3|0|0|780000|0|0|784304
1200000|1|6041|10|3|1|2|780000|0|0|767869
1200000|1|6041|10|3|0|0|780000|1|7991|787642
1200000|1|6041|10|3|1|2|780000|1|7991|763695
1200000|1|6041|10|3|0|0|780000|2|15987|791024
1200000|1|6041|10|3|1|2|780000|2|15987|761591
1200000|1|6041|10|3|0|0|780000|3|23987|794494
1200000|1|6041|10|3|1|2|780000|3|23987|760615
1200000|1|6041|10|3|0|0|780000|4|31988|797770
1200000|1|6041|10|3|1|2|780000|4|31988|759913
1200000|1|6041|10|4|0|0|780000|0|0|776274
1200000|1|6041|10|4|1|2|780000|0|0|773132
1200000|1|6041|10|4|0|0|780000|1|7994|776994
1200000|1|6041|10|4|1|2|780000|1|7994|774264
1200000|1|6041|10|4|0|0|780000|2|15992|779100
1200000|1|6041|10|4|1|2|780000|2|15992|776682
1200000|1|6041|10|4|0|0|780000|3|23993|781985
1200000|1|6041|10|4|1|2|780000|3|23993|777851
1200000|1|6041|10|4|0|0|780000|4|31996|784560
1200000|1|6041|10|4|1|2|780000|4|31996|778359
1200000|1|6041|10|5|0|0|780000|0|0|780759
1200000|1|6041|10|5|1|2|780000|0|0|773251
1200000|1|6041|10|5|0|0|780000|1|7994|784833
1200000|1|6041|10|5|1|2|780000|1|7994|772158
1200000|1|6041|10|5|0|0|780000|2|15991|788810
1200000|1|6041|10|5|1|2|780000|2|15991|772003
1200000|1|6041|10|5|0|0|780000|3|23991|792085
1200000|1|6041|10|5|1|2|780000|3|23991|771651
1200000|1|6041|10|5|0|0|780000|4|31992|794231
1200000|1|6041|10|5|1|2|780000|4|31992|770908
1200000|1|6042|10|1|0|0|780000|0|0|763560
1200000|1|6042|10|1|1|2|780000|0|0|748559
1200000|1|6042|10|1|0|0|780000|1|7984|767631
1200000|1|6042|10|1|1|2|780000|1|7984|743338
1200000|1|6042|10|1|0|0|780000|2|15976|770988
1200000|1|6042|10|1|1|2|780000|2|15976|739866
1200000|1|6042|10|1|0|0|780000|3|23972|773445
1200000|1|6042|10|1|1|2|780000|3|23972|737682
1200000|1|6042|10|1|0|0|780000|4|31971|776292
1200000|1|6042|10|1|1|2|780000|4|31971|737138
1200000|1|6042|10|2|0|0|780000|0|0|786805
1200000|1|6042|10|2|1|2|780000|0|0|780074
1200000|1|6042|10|2|0|0|780000|1|7997|789825
1200000|1|6042|10|2|1|2|780000|1|7997|778905
1200000|1|6042|10|2|0|0|780000|2|15998|792166
1200000|1|6042|10|2|1|2|780000|2|15998|779101
1200000|1|6042|10|2|0|0|780000|3|24001|795089
1200000|1|6042|10|2|1|2|780000|3|24001|779643
1200000|1|6042|10|2|0|0|780000|4|32005|797820
1200000|1|6042|10|2|1|2|780000|4|32005|780111
1200000|1|6042|10|3|0|0|780000|0|0|779979
1200000|1|6042|10|3|1|2|780000|0|0|780661
1200000|1|6042|10|3|0|0|780000|1|7997|782219
1200000|1|6042|10|3|1|2|780000|1|7997|783621
1200000|1|6042|10|3|0|0|780000|2|15999|785536
1200000|1|6042|10|3|1|2|780000|2|15999|786393
1200000|1|6042|10|3|0|0|780000|3|24003|789590
1200000|1|6042|10|3|1|2|780000|3|24003|788889
1200000|1|6042|10|3|0|0|780000|4|32009|793998
1200000|1|6042|10|3|1|2|780000|4|32009|790878
1200000|1|6042|10|4|0|0|780000|0|0|967325
1200000|1|6042|10|4|1|2|780000|0|0|985244
1200000|1|6042|10|4|0|0|780000|1|8002|966446
1200000|1|6042|10|4|1|2|780000|1|8002|992302
1200000|1|6042|10|4|0|0|780000|2|16008|965900
1200000|1|6042|10|4|1|2|780000|2|16008|996905
1200000|1|6042|10|4|0|0|780000|3|24017|965394
1200000|1|6042|10|4|1|2|780000|3|24017|1000025
1200000|1|6042|10|4|0|0|780000|4|32027|964689
1200000|1|6042|10|4|1|2|780000|4|32027|1001937
1200000|1|6042|10|5|0|0|780000|0|0|792919
1200000|1|6042|10|5|1|2|780000|0|0|810096
1200000|1|6042|10|5|0|0|780000|1|8013|792270
1200000|1|6042|10|5|1|2|780000|1|8013|821366
1200000|1|6042|10|5|0|0|780000|2|16031|793012
1200000|1|6042|10|5|1|2|780000|2|16031|830959
1200000|1|6042|10|5|0|0|780000|3|24052|793204
1200000|1|6042|10|5|1|2|780000|3|24052|837783
1200000|1|6042|10|5|0|0|780000|4|32073|794535
1200000|1|6042|10|5|1|2|780000|4|32073|845234
1200000|1|6043|10|1|0|0|780000|0|0|760712
1200000|1|6043|10|1|1|2|780000|0|0|751917
1200000|1|6043|10|1|0|0|780000|1|7994|760223
1200000|1|6043|10|1|1|2|780000|1|7994|752618
1200000|1|6043|10|1|0|0|780000|2|15999|760846
1200000|1|6043|10|1|1|2|780000|2|15999|756753
1200000|1|6043|10|1|0|0|780000|3|24011|760613
1200000|1|6043|10|1|1|2|780000|3|24011|761666
1200000|1|6043|10|1|0|0|780000|4|32027|762173
1200000|1|6043|10|1|1|2|780000|4|32027|767230
1200000|1|6043|10|2|0|0|780000|0|0|743281
1200000|1|6043|10|2|1|2|780000|0|0|733272
1200000|1|6043|10|2|0|0|780000|1|7992|743376
1200000|1|6043|10|2|1|2|780000|1|7992|733704
1200000|1|6043|10|2|0|0|780000|2|15996|742985
1200000|1|6043|10|2|1|2|780000|2|15996|736786
1200000|1|6043|10|2|0|0|780000|3|24006|744233
1200000|1|6043|10|2|1|2|780000|3|24006|742050
1200000|1|6043|10|2|0|0|780000|4|32022|745402
1200000|1|6043|10|2|1|2|780000|4|32022|746810
1200000|1|6043|10|3|0|0|780000|0|0|720893
1200000|1|6043|10|3|1|2|780000|0|0|712648
1200000|1|6043|10|3|0|0|780000|1|7993|720132
1200000|1|6043|10|3|1|2|780000|1|7993|712797
1200000|1|6043|10|3|0|0|780000|2|15995|720599
1200000|1|6043|10|3|1|2|780000|2|15995|716231
1200000|1|6043|10|3|0|0|780000|3|24005|721104
1200000|1|6043|10|3|1|2|780000|3|24005|722238
1200000|1|6043|10|3|0|0|780000|4|32020|721888
1200000|1|6043|10|3|1|2|780000|4|32020|727581
1200000|1|6043|10|4|0|0|780000|0|0|727095
1200000|1|6043|10|4|1|2|780000|0|0|721108
1200000|1|6043|10|4|0|0|780000|1|7992|725745
1200000|1|6043|10|4|1|2|780000|1|7992|723994
1200000|1|6043|10|4|0|0|780000|2|15995|725670
1200000|1|6043|10|4|1|2|780000|2|15995|728869
1200000|1|6043|10|4|0|0|780000|3|24004|726177
1200000|1|6043|10|4|1|2|780000|3|24004|735264
1200000|1|6043|10|4|0|0|780000|4|32018|726021
1200000|1|6043|10|4|1|2|780000|4|32018|741462
1200000|1|6043|10|5|0|0|780000|0|0|752913
1200000|1|6043|10|5|1|2|780000|0|0|747394
1200000|1|6043|10|5|0|0|780000|1|7993|752737
1200000|1|6043|10|5|1|2|780000|1|7993|750280
1200000|1|6043|10|5|0|0|780000|2|15996|753631
1200000|1|6043|10|5|1|2|780000|2|15996|754919
1200000|1|6043|10|5|0|0|780000|3|24006|755309
1200000|1|6043|10|5|1|2|780000|3|24006|760575
1200000|1|6043|10|5|0|0|780000|4|32018|757533
1200000|1|6043|10|5|1|2|780000|4|32018|768297
1200000|1|6044|10|1|0|0|780000|0|0|770616
1200000|1|6044|10|1|1|2|780000|0|0|758586
1200000|1|6044|10|1|0|0|780000|1|7988|770911
1200000|1|6044|10|1|1|2|780000|1|7988|759716
1200000|1|6044|10|1|0|0|780000|2|15989|772548
1200000|1|6044|10|1|1|2|780000|2|15989|764046
1200000|1|6044|10|1|0|0|780000|3|23998|774147
1200000|1|6044|10|1|1|2|780000|3|23998|769936
1200000|1|6044|10|1|0|0|780000|4|32011|775278
1200000|1|6044|10|1|1|2|780000|4|32011|777110
1200000|1|6044|10|2|0|0|780000|0|0|735792
1200000|1|6044|10|2|1|2|780000|0|0|1061614
1200000|1|6044|10|2|0|0|780000|1|7989|737291
1200000|1|6044|10|2|1|2|780000|1|7989|1063797
1200000|1|6044|10|2|0|0|780000|2|15990|738229
1200000|1|6044|10|2|1|2|780000|2|15990|1067661
1200000|1|6044|10|2|0|0|780000|3|23998|740525
1200000|1|6044|10|2|1|2|780000|3|23998|1073199
1200000|1|6044|10|2|0|0|780000|4|32010|743063
1200000|1|6044|10|2|1|2|780000|4|32010|1078969
1200000|1|6044|10|3|0|0|780000|0|0|788237
1200000|1|6044|10|3|1|2|780000|0|0|777147
1200000|1|6044|10|3|0|0|780000|1|7986|793559
1200000|1|6044|10|3|1|2|780000|1|7986|779918
1200000|1|6044|10|3|0|0|780000|2|15986|799136
1200000|1|6044|10|3|1|2|780000|2|15986|785651
1200000|1|6044|10|3|0|0|780000|3|23994|802488
1200000|1|6044|10|3|1|2|780000|3|23994|793099
1200000|1|6044|10|3|0|0|780000|4|32006|805922
1200000|1|6044|10|3|1|2|780000|4|32006|800344
1200000|1|6044|10|4|0|0|780000|0|0|789299
1200000|1|6044|10|4|1|2|780000|0|0|777816
1200000|1|6044|10|4|0|0|780000|1|7986|794775
1200000|1|6044|10|4|1|2|780000|1|7986|779371
1200000|1|6044|10|4|0|0|780000|2|15984|799955
1200000|1|6044|10|4|1|2|780000|2|15984|783623
1200000|1|6044|10|4|0|0|780000|3|23989|804009
1200000|1|6044|10|4|1|2|780000|3|23989|789239
1200000|1|6044|10|4|0|0|780000|4|31999|806821
1200000|1|6044|10|4|1|2|780000|4|31999|794935
1200000|1|6044|10|5|0|0|780000|0|0|786764
1200000|1|6044|10|5|1|2|780000|0|0|774770
1200000|1|6044|10|5|0|0|780000|1|7984|791655
1200000|1|6044|10|5|1|2|780000|1|7984|775978
1200000|1|6044|10|5|0|0|780000|2|15981|796140
1200000|1|6044|10|5|1|2|780000|2|15981|779605
1200000|1|6044|10|5|0|0|780000|3|23984|798874
1200000|1|6044|10|5|1|2|780000|3|23984|784754
1200000|1|6044|10|5|0|0|780000|4|31993|801629
1200000|1|6044|10|5|1|2|780000|4|31993|790134
1200000|1|6045|10|1|0|0|780000|0|0|774869
1200000|1|6045|10|1|1|2|780000|0|0|764591
1200000|1|6045|10|1|0|0|780000|1|7983|778046
1200000|1|6045|10|1|1|2|780000|1|7983|764358
1200000|1|6045|10|1|0|0|780000|2|15979|781362
1200000|1|6045|10|1|1|2|780000|2|15979|766892
1200000|1|6045|10|1|0|0|780000|3|23982|784520
1200000|1|6045|10|1|1|2|780000|3|23982|771262
1200000|1|6045|10|1|0|0|780000|4|31990|787403
1200000|1|6045|10|1|1|2|780000|4|31990|776292
1200000|1|6045|10|2|0|0|780000|0|0|755293
1200000|1|6045|10|2|1|2|780000|0|0|742440
1200000|1|6045|10|2|0|0|780000|1|7981|758197
1200000|1|6045|10|2|1|2|780000|1|7981|741465
1200000|1|6045|10|2|0|0|780000|2|15975|761279
1200000|1|6045|10|2|1|2|780000|2|15975|743256
1200000|1|6045|10|2|0|0|780000|3|23977|763733
1200000|1|6045|10|2|1|2|780000|3|23977|747078
1200000|1|6045|10|2|0|0|780000|4|31983|766503
1200000|1|6045|10|2|1|2|780000|4|31983|751446
1200000|1|6045|10|3|0|0|780000|0|0|771820
1200000|1|6045|10|3|1|2|780000|0|0|759677
1200000|1|6045|10|3|0|0|780000|1|7981|773630
1200000|1|6045|10|3|1|2|780000|1|7981|758273
1200000|1|6045|10|3|0|0|780000|2|15975|776049
1200000|1|6045|10|3|1|2|780000|2|15975|759758
1200000|1|6045|10|3|0|0|780000|3|23976|778466
1200000|1|6045|10|3|1|2|780000|3|23976|763384
1200000|1|6045|10|3|0|0|780000|4|31983|780336
1200000|1|6045|10|3|1|2|780000|4|31983|767594
1200000|1|6045|10|4|0|0|780000|0|1|770255
1200000|1|6045|10|4|1|2|780000|0|1|758236
1200000|1|6045|10|4|0|0|780000|1|7981|773083
1200000|1|6045|10|4|1|2|780000|1|7981|756831
1200000|1|6045|10|4|0|0|780000|2|15975|776165
1200000|1|6045|10|4|1|2|780000|2|15975|757923
1200000|1|6045|10|4|0|0|780000|3|23976|779399
1200000|1|6045|10|4|1|2|780000|3|23976|761122
1200000|1|6045|10|4|0|0|780000|4|31983|782872
1200000|1|6045|10|4|1|2|780000|4|31983|765320
1200000|1|6045|10|5|0|0|780000|0|0|770803
1200000|1|6045|10|5|1|2|780000|0|0|757799
1200000|1|6045|10|5|0|0|780000|1|7980|774369
1200000|1|6045|10|5|1|2|780000|1|7980|757299
1200000|1|6045|10|5|0|0|780000|2|15974|778621
1200000|1|6045|10|5|1|2|780000|2|15974|759795
1200000|1|6045|10|5|0|0|780000|3|23976|783143
1200000|1|6045|10|5|1|2|780000|3|23976|762749
1200000|1|6045|10|5|0|0|780000|4|31982|787320
1200000|1|6045|10|5|1|2|780000|4|31982|766767
1200000|1|6046|10|1|0|0|780000|0|0|727719
1200000|1|6046|10|1|1|2|780000|0|0|718143
1200000|1|6046|10|1|0|0|780000|1|7981|728904
1200000|1|6046|10|1|1|2|780000|1|7981|717831
1200000|1|6046|10|1|0|0|780000|2|15975|731325
1200000|1|6046|10|1|1|2|780000|2|15975|721030
1200000|1|6046|10|1|0|0|780000|3|23977|734210
1200000|1|6046|10|1|1|2|780000|3|23977|724616
1200000|1|6046|10|1|0|0|780000|4|31983|737604
1200000|1|6046|10|1|1|2|780000|4|31983|728827
1200000|1|6046|10|2|0|0|780000|0|0|754191
1200000|1|6046|10|2|1|2|780000|0|0|745200
1200000|1|6046|10|2|0|0|780000|1|7981|756119
1200000|1|6046|10|2|1|2|780000|1|7981|745872
1200000|1|6046|10|2|0|0|780000|2|15976|758575
1200000|1|6046|10|2|1|2|780000|2|15976|749641
1200000|1|6046|10|2|0|0|780000|3|23980|761657
1200000|1|6046|10|2|1|2|780000|3|23980|753699
1200000|1|6046|10|2|0|0|780000|4|31987|764660
1200000|1|6046|10|2|1|2|780000|4|31987|758849
1200000|1|6046|10|3|0|0|780000|0|1|777670
1200000|1|6046|10|3|1|2|780000|0|1|768600
1200000|1|6046|10|3|0|0|780000|1|7984|780139
1200000|1|6046|10|3|1|2|780000|1|7984|769690
1200000|1|6046|10|3|0|0|780000|2|15980|783222
1200000|1|6046|10|3|1|2|780000|2|15980|774098
1200000|1|6046|10|3|0|0|780000|3|23985|786655
1200000|1|6046|10|3|1|2|780000|3|23985|779365
1200000|1|6046|10|3|0|0|780000|4|31994|789934
1200000|1|6046|10|3|1|2|780000|4|31994|785562
1200000|1|6046|10|4|0|0|780000|0|0|776732
1200000|1|6046|10|4|1|2|780000|0|0|766728
1200000|1|6046|10|4|0|0|780000|1|7984|779129
1200000|1|6046|10|4|1|2|780000|1|7984|767778
1200000|1|6046|10|4|0|0|780000|2|15982|782291
1200000|1|6046|10|4|1|2|780000|2|15982|771331
1200000|1|6046|10|4|0|0|780000|3|23987|785560
1200000|1|6046|10|4|1|2|780000|3|23987|776283
1200000|1|6046|10|4|0|0|780000|4|31995|788995
1200000|1|6046|10|4|1|2|780000|4|31995|782249
1200000|1|6046|10|5|0|0|780000|0|0|754970
1200000|1|6046|10|5|1|2|780000|0|0|746017
1200000|1|6046|10|5|0|0|780000|1|7983|757602
1200000|1|6046|10|5|1|2|780000|1|7983|746603
1200000|1|6046|10|5|0|0|780000|2|15979|760096
1200000|1|6046|10|5|1|2|780000|2|15979|749840
1200000|1|6046|10|5|0|0|780000|3|23982|763412
1200000|1|6046|10|5|1|2|780000|3|23982|754169
1200000|1|6046|10|5|0|0|780000|4|31989|767001
1200000|1|6046|10|5|1|2|780000|4|31989|759202
1200000|1|6047|10|1|0|0|780000|0|0|757973
1200000|1|6047|10|1|1|2|780000|0|0|745586
1200000|1|6047|10|1|0|0|780000|1|7980|761384
1200000|1|6047|10|1|1|2|780000|1|7980|745004
1200000|1|6047|10|1|0|0|780000|2|15974|764697
1200000|1|6047|10|1|1|2|780000|2|15974|747501
1200000|1|6047|10|1|0|0|780000|3|23975|768909
1200000|1|6047|10|1|1|2|780000|3|23975|751284
1200000|1|6047|10|1|0|0|780000|4|31980|773826
1200000|1|6047|10|1|1|2|780000|4|31980|755573
1200000|1|6047|10|2|0|0|780000|0|0|780164
1200000|1|6047|10|2|1|2|780000|0|0|765517
1200000|1|6047|10|2|0|0|780000|1|7979|784082
1200000|1|6047|10|2|1|2|780000|1|7979|764227
1200000|1|6047|10|2|0|0|780000|2|15972|788410
1200000|1|6047|10|2|1|2|780000|2|15972|765517
1200000|1|6047|10|2|0|0|780000|3|23972|792234
1200000|1|6047|10|2|1|2|780000|3|23972|768755
1200000|1|6047|10|2|0|0|780000|4|31977|796988
1200000|1|6047|10|2|1|2|780000|4|31977|772613
1200000|1|6047|10|3|0|0|780000|0|0|754503
1200000|1|6047|10|3|1|2|780000|0|0|740172
1200000|1|6047|10|3|0|0|780000|1|7978|757835
1200000|1|6047|10|3|1|2|780000|1|7978|738103
1200000|1|6047|10|3|0|0|780000|2|15969|761851
1200000|1|6047|10|3|1|2|780000|2|15969|738916
1200000|1|6047|10|3|0|0|780000|3|23968|765129
1200000|1|6047|10|3|1|2|780000|3|23968|741334
1200000|1|6047|10|3|0|0|780000|4|31971|768090
1200000|1|6047|10|3|1|2|780000|4|31971|744613
1200000|1|6047|10|4|0|0|780000|0|0|728448
1200000|1|6047|10|4|1|2|780000|0|0|716183
1200000|1|6047|10|4|0|0|780000|1|7977|729949
1200000|1|6047|10|4|1|2|780000|1|7977|714273
1200000|1|6047|10|4|0|0|780000|2|15968|732448
1200000|1|6047|10|4|1|2|780000|2|15968|714505
1200000|1|6047|10|4|0|0|780000|3|23966|734589
1200000|1|6047|10|4|1|2|780000|3|23966|716769
1200000|1|6047|10|4|0|0|780000|4|31969|737633
1200000|1|6047|10|4|1|2|780000|4|31969|719615
1200000|1|6047|10|5|0|0|780000|0|0|726303
1200000|1|6047|10|5|1|2|780000|0|0|713257
1200000|1|6047|10|5|0|0|780000|1|7977|727453
1200000|1|6047|10|5|1|2|780000|1|7977|710058
1200000|1|6047|10|5|0|0|780000|2|15967|729792
1200000|1|6047|10|5|1|2|780000|2|15967|709047
1200000|1|6047|10|5|0|0|780000|3|23963|731629
1200000|1|6047|10|5|1|2|780000|3|23963|709943
1200000|1|6047|10|5|0|0|780000|4|31965|734123
1200000|1|6047|10|5|1|2|780000|4|31965|711462
1200000|1|6048|10|1|0|0|780000|0|0|751344
1200000|1|6048|10|1|1|2|780000|0|0|749254
1200000|1|6048|10|1|0|0|780000|1|8001|754479
1200000|1|6048|10|1|1|2|780000|1|8001|750305
1200000|1|6048|10|1|0|0|780000|2|16005|759550
1200000|1|6048|10|1|1|2|780000|2|16005|751907
1200000|1|6048|10|1|0|0|780000|3|24010|763564
1200000|1|6048|10|1|1|2|780000|3|24010|754170
1200000|1|6048|10|1|0|0|780000|4|32016|767120
1200000|1|6048|10|1|1|2|780000|4|32016|756119
1200000|1|6048|10|2|0|0|780000|0|0|777278
1200000|1|6048|10|2|1|2|780000|0|0|759393
1200000|1|6048|10|2|0|0|780000|1|7978|780256
1200000|1|6048|10|2|1|2|780000|1|7978|754519
1200000|1|6048|10|2|0|0|780000|2|15968|783653
1200000|1|6048|10|2|1|2|780000|2|15968|752260
1200000|1|6048|10|2|0|0|780000|3|23965|787081
1200000|1|6048|10|2|1|2|780000|3|23965|752453
1200000|1|6048|10|2|0|0|780000|4|31967|791064
1200000|1|6048|10|2|1|2|780000|4|31967|753545
1200000|1|6048|10|3|0|0|780000|0|0|777159
1200000|1|6048|10|3|1|2|780000|0|0|772965
1200000|1|6048|10|3|0|0|780000|1|8000|780379
1200000|1|6048|10|3|1|2|780000|1|8000|773085
1200000|1|6048|10|3|0|0|780000|2|16002|783693
1200000|1|6048|10|3|1|2|780000|2|16002|773863
1200000|1|6048|10|3|0|0|780000|3|24006|786734
1200000|1|6048|10|3|1|2|780000|3|24006|775502
1200000|1|6048|10|3|0|0|780000|4|32010|790867
1200000|1|6048|10|3|1|2|780000|4|32010|777955
1200000|1|6048|10|4|0|0|780000|0|0|779735
1200000|1|6048|10|4|1|2|780000|0|0|808418
1200000|1|6048|10|4|0|0|780000|1|8000|781430
1200000|1|6048|10|4|1|2|780000|1|8000|808066
1200000|1|6048|10|4|0|0|780000|2|16001|783496
1200000|1|6048|10|4|1|2|780000|2|16001|808613
1200000|1|6048|10|4|0|0|780000|3|24004|786110
1200000|1|6048|10|4|1|2|780000|3|24004|809701
1200000|1|6048|10|4|0|0|780000|4|32007|788758
1200000|1|6048|10|4|1|2|780000|4|32007|810993
1200000|1|6048|10|5|0|0|780000|0|0|727866
1200000|1|6048|10|5|1|2|780000|0|0|1055404
1200000|1|6048|10|5|0|0|780000|1|7976|729911
1200000|1|6048|10|5|1|2|780000|1|7976|1050060
1200000|1|6048|10|5|0|0|780000|2|15963|732525
1200000|1|6048|10|5|1|2|780000|2|15963|1047140
1200000|1|6048|10|5|0|0|780000|3|23957|736035
1200000|1|6048|10|5|1|2|780000|3|23957|1046122
1200000|1|6048|10|5|0|0|780000|4|31955|739620
1200000|1|6048|10|5|1|2|780000|4|31955|1045029
1200000|1|6049|10|1|0|0|780000|0|0|760001
1200000|1|6049|10|1|1|2|780000|0|0|754091
1200000|1|6049|10|1|0|0|780000|1|7997|763490
1200000|1|6049|10|1|1|2|780000|1|7997|753349
1200000|1|6049|10|1|0|0|780000|2|15998|767779
1200000|1|6049|10|1|1|2|780000|2|15998|753310
1200000|1|6049|10|1|0|0|780000|3|24000|772460
1200000|1|6049|10|1|1|2|780000|3|24000|753895
1200000|1|6049|10|1|0|0|780000|4|32002|777258
1200000|1|6049|10|1|1|2|780000|4|32002|755183
1200000|1|6049|10|2|0|0|780000|0|0|761444
1200000|1|6049|10|2|1|2|780000|0|0|750658
1200000|1|6049|10|2|0|0|780000|1|7987|765206
1200000|1|6049|10|2|1|2|780000|1|7987|748280
1200000|1|6049|10|2|0|0|780000|2|15981|768519
1200000|1|6049|10|2|1|2|780000|2|15981|748202
1200000|1|6049|10|2|0|0|780000|3|23981|772693
1200000|1|6049|10|2|1|2|780000|3|23981|748744
1200000|1|6049|10|2|0|0|780000|4|31982|777110
1200000|1|6049|10|2|1|2|780000|4|31982|750037
1200000|1|6049|10|3|0|0|780000|0|0|790275
1200000|1|6049|10|3|1|2|780000|0|0|785025
1200000|1|6049|10|3|0|0|780000|1|7996|794776
1200000|1|6049|10|3|1|2|780000|1|7996|786312
1200000|1|6049|10|3|0|0|780000|2|15997|798248
1200000|1|6049|10|3|1|2|780000|2|15997|788303
1200000|1|6049|10|3|0|0|780000|3|24000|802539
1200000|1|6049|10|3|1|2|780000|3|24000|790136
1200000|1|6049|10|3|0|0|780000|4|32004|807881
1200000|1|6049|10|3|1|2|780000|4|32004|791776
1200000|1|6049|10|4|0|0|780000|0|0|761806
1200000|1|6049|10|4|1|2|780000|0|0|759558
1200000|1|6049|10|4|0|0|780000|1|7998|765330
1200000|1|6049|10|4|1|2|780000|1|7998|761901
1200000|1|6049|10|4|0|0|780000|2|16000|769506
1200000|1|6049|10|4|1|2|780000|2|16000|764554
1200000|1|6049|10|4|0|0|780000|3|24004|774417
1200000|1|6049|10|4|1|2|780000|3|24004|766658
1200000|1|6049|10|4|0|0|780000|4|32009|780114
1200000|1|6049|10|4|1|2|780000|4|32009|769152
1200000|1|6049|10|5|0|0|780000|0|0|747609
1200000|1|6049|10|5|1|2|780000|0|0|728669
1200000|1|6049|10|5|0|0|780000|1|7974|753477
1200000|1|6049|10|5|1|2|780000|1|7974|724773
1200000|1|6049|10|5|0|0|780000|2|15961|759913
1200000|1|6049|10|5|1|2|780000|2|15961|723953
1200000|1|6049|10|5|0|0|780000|3|23955|764630
1200000|1|6049|10|5|1|2|780000|3|23955|724928
1200000|1|6049|10|5|0|0|780000|4|31955|769624
1200000|1|6049|10|5|1|2|780000|4|31955|726761
1200000|1|6050|10|1|0|0|780000|0|0|790822
1200000|1|6050|10|1|1|2|780000|0|0|783272
1200000|1|6050|10|1|0|0|780000|1|7998|795789
1200000|1|6050|10|1|1|2|780000|1|7998|782103
1200000|1|6050|10|1|0|0|780000|2|15998|800668
1200000|1|6050|10|1|1|2|780000|2|15998|782181
1200000|1|6050|10|1|0|0|780000|3|24000|806048
1200000|1|6050|10|1|1|2|780000|3|24000|782452
1200000|1|6050|10|1|0|0|780000|4|32003|811276
1200000|1|6050|10|1|1|2|780000|4|32003|782375
1200000|1|6050|10|2|0|0|780000|0|0|788090
1200000|1|6050|10|2|1|2|780000|0|0|798638
1200000|1|6050|10|2|0|0|780000|1|7993|791579
1200000|1|6050|10|2|1|2|780000|1|7993|803827
1200000|1|6050|10|2|0|0|780000|2|15992|794506
1200000|1|6050|10|2|1|2|780000|2|15992|807843
1200000|1|6050|10|2|0|0|780000|3|23994|798053
1200000|1|6050|10|2|1|2|780000|3|23994|809286
1200000|1|6050|10|2|0|0|780000|4|31996|801252
1200000|1|6050|10|2|1|2|780000|4|31996|809909
1200000|1|6050|10|3|0|0|780000|0|0|752913
1200000|1|6050|10|3|1|2|780000|0|0|745557
1200000|1|6050|10|3|0|0|780000|1|7997|756869
1200000|1|6050|10|3|1|2|780000|1|7997|744429
1200000|1|6050|10|3|0|0|780000|2|15998|760806
1200000|1|6050|10|3|1|2|780000|2|15998|744624
1200000|1|6050|10|3|0|0|780000|3|24001|765137
1200000|1|6050|10|3|1|2|780000|3|24001|744740
1200000|1|6050|10|3|0|0|780000|4|32004|769622
1200000|1|6050|10|3|1|2|780000|4|32004|745793
1200000|1|6050|10|4|0|0|780000|0|1|785439
1200000|1|6050|10|4|1|2|780000|0|1|773211
1200000|1|6050|10|4|0|0|780000|1|7990|790992
1200000|1|6050|10|4|1|2|780000|1|7990|770247
1200000|1|6050|10|4|0|0|780000|2|15988|796181
1200000|1|6050|10|4|1|2|780000|2|15988|770286
1200000|1|6050|10|4|0|0|780000|3|23989|801837
1200000|1|6050|10|4|1|2|780000|3|23989|771961
1200000|1|6050|10|4|0|0|780000|4|31993|807335
1200000|1|6050|10|4|1|2|780000|4|31993|774301
1200000|1|6050|10|5|0|0|780000|0|0|743980
1200000|1|6050|10|5|1|2|780000|0|0|1066595
1200000|1|6050|10|5|0|0|780000|1|7981|747546
1200000|1|6050|10|5|1|2|780000|1|7981|1064844
1200000|1|6050|10|5|0|0|780000|2|15973|752385
1200000|1|6050|10|5|1|2|780000|2|15973|1065039
1200000|1|6050|10|5|0|0|780000|3|23971|757924
1200000|1|6050|10|5|1|2|780000|3|23971|1066324
1200000|1|6050|10|5|0|0|780000|4|31973|763694
1200000|1|6050|10|5|1|2|780000|4|31973|1068197
