---- START ----

1200000|1|6000|3|1|0|0|288000|0|0|280957
1200000|1|6000|3|1|1|2|288000|0|0|269086
1200000|1|6000|3|1|0|0|288000|1|7993|281677
1200000|1|6000|3|1|1|2|288000|1|7993|264945
1200000|1|6000|3|1|0|0|288000|2|15989|281964
1200000|1|6000|3|1|1|2|288000|2|15989|261665
1200000|1|6000|3|1|0|0|288000|3|23987|281800
1200000|1|6000|3|1|1|2|288000|3|23987|258713
1200000|1|6000|3|1|0|0|288000|4|31985|282456
1200000|1|6000|3|1|1|2|288000|4|31985|255884
1200000|1|6000|3|1|0|0|288000|5|39984|282661
1200000|1|6000|3|1|1|2|288000|5|39984|254859
1200000|1|6000|3|1|0|0|288000|6|47986|283440
1200000|1|6000|3|1|1|2|288000|6|47986|254367
1200000|1|6000|3|1|0|0|288000|7|55988|283850
1200000|1|6000|3|1|1|2|288000|7|55988|253711
1200000|1|6000|3|1|0|0|288000|8|63989|283604
1200000|1|6000|3|1|1|2|288000|8|63989|252809
1200000|1|6000|3|1|0|0|288000|9|71990|284260
1200000|1|6000|3|1|1|2|288000|9|71990|251579
1200000|1|6000|3|1|0|0|288000|10|79990|284465
1200000|1|6000|3|1|1|2|288000|10|79990|250144
1200000|1|6000|3|1|0|0|288000|11|87991|283809
1200000|1|6000|3|1|1|2|288000|11|87991|249570
1200000|1|6000|3|1|0|0|288000|12|95992|284547
1200000|1|6000|3|1|1|2|288000|12|95992|248996
1200000|1|6000|3|1|0|0|288000|13|103994|284547
1200000|1|6000|3|1|1|2|288000|13|103994|247069
1200000|1|6000|3|1|0|0|288000|14|111994|284998
1200000|1|6000|3|1|1|2|288000|14|111994|246167
1200000|1|6000|3|1|0|0|288000|15|119994|284547
1200000|1|6000|3|1|1|2|288000|15|119994|245019
1200000|1|6000|3|1|0|0|288000|16|127994|284711
1200000|1|6000|3|1|1|2|288000|16|127994|243912
1200000|1|6000|3|1|0|0|288000|17|135995|285039
1200000|1|6000|3|1|1|2|288000|17|135995|243092
1200000|1|6000|3|1|0|0|288000|18|143995|285244
1200000|1|6000|3|1|1|2|288000|18|143995|241247
1200000|1|6000|3|1|0|0|288000|19|151994|285654
1200000|1|6000|3|1|1|2|288000|19|151994|240181
1200000|1|6000|3|1|0|0|288000|20|159994|286187
1200000|1|6000|3|1|1|2|288000|20|159994|239115
1200000|1|6000|3|1|0|0|288000|21|167994|286146
1200000|1|6000|3|1|1|2|288000|21|167994|238090
1200000|1|6000|3|1|0|0|288000|22|175995|286392
1200000|1|6000|3|1|1|2|288000|22|175995|237639
1200000|1|6000|3|1|0|0|288000|23|183995|286720
1200000|1|6000|3|1|1|2|288000|23|183995|237557
1200000|1|6000|3|1|0|0|288000|24|191995|287417
1200000|1|6000|3|1|1|2|288000|24|191995|237352
1200000|1|6000|3|1|0|0|288000|25|199995|287417
1200000|1|6000|3|1|1|2|288000|25|199995|237311
1200000|1|6000|3|1|0|0|288000|26|207996|287622
1200000|1|6000|3|1|1|2|288000|26|207996|236819
1200000|1|6000|3|1|0|0|288000|27|215995|287335
1200000|1|6000|3|1|1|2|288000|27|215995|237147
1200000|1|6000|3|1|0|0|288000|28|223996|287663
1200000|1|6000|3|1|1|2|288000|28|223996|236409
1200000|1|6000|3|1|0|0|288000|29|231995|288647
1200000|1|6000|3|1|1|2|288000|29|231995|236163
1200000|1|6000|3|1|0|0|288000|30|239995|289221
1200000|1|6000|3|1|1|2|288000|30|239995|236081
1200000|1|6000|3|1|0|0|288000|31|247995|290328
1200000|1|6000|3|1|1|2|288000|31|247995|236491
1200000|1|6000|3|1|0|0|288000|32|255995|290902
1200000|1|6000|3|1|1|2|288000|32|255995|236081
1200000|1|6000|3|1|0|0|288000|33|263995|291558
1200000|1|6000|3|1|1|2|288000|33|263995|236204
1200000|1|6000|3|1|0|0|288000|34|271994|292132
1200000|1|6000|3|1|1|2|288000|34|271994|236450
1200000|1|6000|3|1|0|0|288000|35|279994|292337
1200000|1|6000|3|1|1|2|288000|35|279994|236901
1200000|1|6000|3|1|0|0|288000|36|287994|291681
1200000|1|6000|3|1|1|2|288000|36|287994|236860
1200000|1|6000|3|1|0|0|288000|37|295993|291025
1200000|1|6000|3|1|1|2|288000|37|295993|238131
1200000|1|6000|3|1|0|0|288000|38|303994|290738
1200000|1|6000|3|1|1|2|288000|38|303994|238336
1200000|1|6000|3|1|0|0|288000|39|311995|290328
1200000|1|6000|3|1|1|2|288000|39|311995|238377
1200000|1|6000|3|1|0|0|288000|40|319997|289795
1200000|1|6000|3|1|1|2|288000|40|319997|238705
1200000|1|6000|3|1|0|0|288000|41|327998|289713
1200000|1|6000|3|1|1|2|288000|41|327998|238910
1200000|1|6000|3|1|0|0|288000|42|335999|290000
1200000|1|6000|3|1|1|2|288000|42|335999|239156
1200000|1|6000|3|1|0|0|288000|43|344000|289877
1200000|1|6000|3|1|1|2|288000|43|344000|239935
1200000|1|6000|3|1|0|0|288000|44|352001|289508
1200000|1|6000|3|1|1|2|288000|44|352001|240673
1200000|1|6000|3|1|0|0|288000|45|360002|288565
1200000|1|6000|3|1|1|2|288000|45|360002|240345
1200000|1|6000|3|1|0|0|288000|46|368002|287827
1200000|1|6000|3|1|1|2|288000|46|368002|240386
1200000|1|6000|3|1|0|0|288000|47|376000|287130
1200000|1|6000|3|1|1|2|288000|47|376000|240509
1200000|1|6000|3|1|0|0|288000|48|384000|286638
1200000|1|6000|3|1|1|2|288000|48|384000|240345
1200000|1|6000|3|1|0|0|288000|49|391999|285572
1200000|1|6000|3|1|1|2|288000|49|391999|240181
1200000|1|6000|3|1|0|0|288000|50|399999|284998
1200000|1|6000|3|1|1|2|288000|50|399999|240181
1200000|1|6000|3|1|0|0|288000|51|407999|285244
1200000|1|6000|3|1|1|2|288000|51|407999|240222
1200000|1|6000|3|1|0|0|288000|52|415999|285326
1200000|1|6000|3|1|1|2|288000|52|415999|240140
1200000|1|6000|3|1|0|0|288000|53|423999|285613
1200000|1|6000|3|1|1|2|288000|53|423999|240099
1200000|1|6000|3|1|0|0|288000|54|431999|285039
1200000|1|6000|3|1|1|2|288000|54|431999|240140
1200000|1|6000|3|1|0|0|288000|55|440000|285162
1200000|1|6000|3|1|1|2|288000|55|440000|240960
1200000|1|6000|3|1|0|0|288000|56|448001|284301
1200000|1|6000|3|1|1|2|288000|56|448001|241042
1200000|1|6000|3|1|0|0|288000|57|456001|284055
1200000|1|6000|3|1|1|2|288000|57|456001|241042
1200000|1|6000|3|1|0|0|288000|58|464001|283194
1200000|1|6000|3|1|1|2|288000|58|464001|240632
1200000|1|6000|3|1|0|0|288000|59|472001|282579
1200000|1|6000|3|1|1|2|288000|59|472001|240345
1200000|1|6000|3|1|0|0|288000|60|480000|282661
1200000|1|6000|3|1|1|2|288000|60|480000|240386
1200000|1|6000|3|1|0|0|288000|61|488000|282702
1200000|1|6000|3|1|1|2|288000|61|488000|240099
1200000|1|6000|3|1|0|0|288000|62|496000|282989
1200000|1|6000|3|1|1|2|288000|62|496000|239689
1200000|1|6000|3|1|0|0|288000|63|503999|282579
1200000|1|6000|3|1|1|2|288000|63|503999|239361
1200000|1|6000|3|1|0|0|288000|64|511999|283071
1200000|1|6000|3|1|1|2|288000|64|511999|239238
1200000|1|6000|3|1|0|0|288000|65|519999|283071
1200000|1|6000|3|1|1|2|288000|65|519999|238951
1200000|1|6000|3|1|0|0|288000|66|527998|283604
1200000|1|6000|3|1|1|2|288000|66|527998|239074
1200000|1|6000|3|1|0|0|288000|67|535998|283235
1200000|1|6000|3|1|1|2|288000|67|535998|238623
1200000|1|6000|3|1|0|0|288000|68|543997|282743
1200000|1|6000|3|1|1|2|288000|68|543997|238787
1200000|1|6000|3|1|0|0|288000|69|551998|282661
1200000|1|6000|3|1|1|2|288000|69|551998|239812
1200000|1|6000|3|1|0|0|288000|70|560000|282538
1200000|1|6000|3|1|1|2|288000|70|560000|240632
1200000|1|6000|3|1|0|0|288000|71|568001|282374
1200000|1|6000|3|1|1|2|288000|71|568001|241042
1200000|1|6000|3|1|0|0|288000|72|576002|282005
1200000|1|6000|3|1|1|2|288000|72|576002|241780
1200000|1|6000|3|1|0|0|288000|73|584003|282210
1200000|1|6000|3|1|1|2|288000|73|584003|242026
1200000|1|6000|3|1|0|0|288000|74|592005|281636
1200000|1|6000|3|1|1|2|288000|74|592005|242764
1200000|1|6000|3|1|0|0|288000|75|600006|281308
1200000|1|6000|3|1|1|2|288000|75|600006|242764
1200000|1|6000|3|1|0|0|288000|76|608007|281349
1200000|1|6000|3|1|1|2|288000|76|608007|243338
1200000|1|6000|3|1|0|0|288000|77|616007|281103
1200000|1|6000|3|1|1|2|288000|77|616007|242641
1200000|1|6000|3|1|0|0|288000|78|624006|281185
1200000|1|6000|3|1|1|2|288000|78|624006|241985
1200000|1|6000|3|1|0|0|288000|79|632006|280857
1200000|1|6000|3|1|1|2|288000|79|632006|241698
1200000|1|6000|3|1|0|0|288000|80|640005|280939
1200000|1|6000|3|1|1|2|288000|80|640005|241698
1200000|1|6000|3|1|0|0|288000|81|648005|280734
1200000|1|6000|3|1|1|2|288000|81|648005|241411
1200000|1|6000|3|1|0|0|288000|82|656005|281226
1200000|1|6000|3|1|1|2|288000|82|656005|241124
1200000|1|6000|3|1|0|0|288000|83|664005|281390
1200000|1|6000|3|1|1|2|288000|83|664005|241083
1200000|1|6000|3|1|0|0|288000|84|672004|281677
1200000|1|6000|3|1|1|2|288000|84|672004|241329
1200000|1|6000|3|1|0|0|288000|85|680004|281595
1200000|1|6000|3|1|1|2|288000|85|680004|241616
1200000|1|6000|3|1|0|0|288000|86|688005|281472
1200000|1|6000|3|1|1|2|288000|86|688005|241739
1200000|1|6000|3|1|0|0|288000|87|696005|281800
1200000|1|6000|3|1|1|2|288000|87|696005|242272
1200000|1|6000|3|1|0|0|288000|88|704006|281882
1200000|1|6000|3|1|1|2|288000|88|704006|242190
1200000|1|6000|3|1|0|0|288000|89|712006|282128
1200000|1|6000|3|1|1|2|288000|89|712006|242477
1200000|1|6000|3|1|0|0|288000|90|720006|281554
1200000|1|6000|3|1|1|2|288000|90|720006|242395
1200000|1|6000|3|1|0|0|288000|91|728006|281472
1200000|1|6000|3|1|1|2|288000|91|728006|242764
1200000|1|6000|3|1|0|0|288000|92|736007|281595
1200000|1|6000|3|1|1|2|288000|92|736007|242559
1200000|1|6000|3|1|0|0|288000|93|744005|281595
1200000|1|6000|3|1|1|2|288000|93|744005|242641
1200000|1|6000|3|1|0|0|288000|94|752006|280980
1200000|1|6000|3|1|1|2|288000|94|752006|242190
1200000|1|6000|3|1|0|0|288000|95|760006|280980
1200000|1|6000|3|1|1|2|288000|95|760006|241944
1200000|1|6000|3|1|0|0|288000|96|768007|280980
1200000|1|6000|3|1|1|2|288000|96|768007|242272
1200000|1|6000|3|1|0|0|288000|97|776008|280939
1200000|1|6000|3|1|1|2|288000|97|776008|241903
1200000|1|6000|3|1|0|0|288000|98|784009|280775
1200000|1|6000|3|1|1|2|288000|98|784009|241698
1200000|1|6000|3|1|0|0|288000|99|792010|280365
1200000|1|6000|3|1|1|2|288000|99|792010|241124
1200000|1|6000|3|1|0|0|288000|100|800010|279709
1200000|1|6000|3|1|1|2|288000|100|800010|240673
1200000|1|6000|3|1|0|0|288000|101|808010|278848
1200000|1|6000|3|1|1|2|288000|101|808010|240304
1200000|1|6000|3|1|0|0|288000|102|816009|278438
1200000|1|6000|3|1|1|2|288000|102|816009|239689
1200000|1|6000|3|1|0|0|288000|103|824009|277864
1200000|1|6000|3|1|1|2|288000|103|824009|239525
1200000|1|6000|3|1|0|0|288000|104|832009|277167
1200000|1|6000|3|1|1|2|288000|104|832009|239566
1200000|1|6000|3|1|0|0|288000|105|840009|277044
1200000|1|6000|3|1|1|2|288000|105|840009|238787
1200000|1|6000|3|1|0|0|288000|106|848009|276429
1200000|1|6000|3|1|1|2|288000|106|848009|238172
1200000|1|6000|3|1|0|0|288000|107|856009|276593
1200000|1|6000|3|1|1|2|288000|107|856009|238254
1200000|1|6000|3|1|0|0|288000|108|864010|276962
1200000|1|6000|3|1|1|2|288000|108|864010|237885
1200000|1|6000|3|1|0|0|288000|109|872011|277741
1200000|1|6000|3|1|1|2|288000|109|872011|236696
1200000|1|6000|3|1|0|0|288000|110|880010|277700
1200000|1|6000|3|1|1|2|288000|110|880010|235958
1200000|1|6000|3|1|0|0|288000|111|888009|278069
1200000|1|6000|3|1|1|2|288000|111|888009|235425
1200000|1|6000|3|1|0|0|288000|112|896009|278151
1200000|1|6000|3|1|1|2|288000|112|896009|234687
1200000|1|6000|3|1|0|0|288000|113|904008|278356
1200000|1|6000|3|1|1|2|288000|113|904008|233867
1200000|1|6000|3|1|0|0|288000|114|912007|278848
1200000|1|6000|3|1|1|2|288000|114|912007|232637
1200000|1|6000|3|1|0|0|288000|115|920006|279012
1200000|1|6000|3|1|1|2|288000|115|920006|233047
1200000|1|6000|3|1|0|0|288000|116|928007|278110
1200000|1|6000|3|1|1|2|288000|116|928007|232678
1200000|1|6000|3|1|0|0|288000|117|936007|277454
1200000|1|6000|3|1|1|2|288000|117|936007|232268
1200000|1|6000|3|1|0|0|288000|118|944007|277495
1200000|1|6000|3|1|1|2|288000|118|944007|231776
1200000|1|6000|3|1|0|0|288000|119|952006|277372
1200000|1|6000|3|1|1|2|288000|119|952006|231407
1200000|1|6000|3|1|0|0|288000|120|960006|277618
1200000|1|6000|3|1|1|2|288000|120|960006|231571
1200000|1|6000|3|1|0|0|288000|121|968006|277700
1200000|1|6000|3|1|1|2|288000|121|968006|231612
1200000|1|6000|3|1|0|0|288000|122|976006|278110
1200000|1|6000|3|1|1|2|288000|122|976006|231735
1200000|1|6000|3|1|0|0|288000|123|984006|279176
1200000|1|6000|3|1|1|2|288000|123|984006|231366
1200000|1|6000|3|1|0|0|288000|124|992006|279463
1200000|1|6000|3|1|1|2|288000|124|992006|232104
1200000|1|6000|3|1|0|0|288000|125|1000006|279627
1200000|1|6000|3|1|1|2|288000|125|1000006|230792
1200000|1|6000|3|1|0|0|288000|126|1008005|280242
1200000|1|6000|3|1|1|2|288000|126|1008005|230095
1200000|1|6000|3|1|0|0|288000|127|1016004|280160
1200000|1|6000|3|1|1|2|288000|127|1016004|228537
1200000|1|6000|3|1|0|0|288000|128|1024002|280488
1200000|1|6000|3|1|1|2|288000|128|1024002|227963
1200000|1|6000|3|1|0|0|288000|129|1032002|280447
1200000|1|6000|3|1|1|2|288000|129|1032002|226856
1200000|1|6000|3|1|0|0|288000|130|1040001|280324
1200000|1|6000|3|1|1|2|288000|130|1040001|225626
1200000|1|6000|3|1|0|0|288000|131|1048000|280242
1200000|1|6000|3|1|1|2|288000|131|1048000|224355
1200000|1|6000|3|1|0|0|288000|132|1055998|280570
1200000|1|6000|3|1|1|2|288000|132|1055998|223535
1200000|1|6000|3|1|0|0|288000|133|1063997|281021
1200000|1|6000|3|1|1|2|288000|133|1063997|223945
1200000|1|6000|3|1|0|0|288000|134|1071998|280898
1200000|1|6000|3|1|1|2|288000|134|1071998|223781
1200000|1|6000|3|1|0|0|288000|135|1079998|281062
1200000|1|6000|3|1|1|2|288000|135|1079998|223494
1200000|1|6000|3|1|0|0|288000|136|1087998|280652
1200000|1|6000|3|1|1|2|288000|136|1087998|222756
1200000|1|6000|3|1|0|0|288000|137|1095998|280406
1200000|1|6000|3|1|1|2|288000|137|1095998|222100
1200000|1|6000|3|1|0|0|288000|138|1103997|279914
1200000|1|6000|3|1|1|2|288000|138|1103997|221813
1200000|1|6000|3|1|0|0|288000|139|1111997|279381
1200000|1|6000|3|1|1|2|288000|139|1111997|220829
1200000|1|6000|3|1|0|0|288000|140|1119996|279873
1200000|1|6000|3|1|1|2|288000|140|1119996|220747
1200000|1|6000|3|1|0|0|288000|141|1127996|279914
1200000|1|6000|3|1|1|2|288000|141|1127996|220132
1200000|1|6000|3|1|0|0|288000|142|1135997|280242
1200000|1|6000|3|1|1|2|288000|142|1135997|220378
1200000|1|6000|3|1|0|0|288000|143|1143997|280775
1200000|1|6000|3|1|1|2|288000|143|1143997|219804
1200000|1|6000|3|1|0|0|288000|144|1151997|281226
1200000|1|6000|3|1|1|2|288000|144|1151997|219394
1200000|1|6000|3|1|0|0|288000|145|1159997|281308
1200000|1|6000|3|1|1|2|288000|145|1159997|219476
1200000|1|6000|3|1|0|0|288000|146|1167998|281431
1200000|1|6000|3|1|1|2|288000|146|1167998|218574
1200000|1|6000|3|1|0|0|288000|147|1175998|282087
1200000|1|6000|3|1|1|2|288000|147|1175998|219025
1200000|1|6000|3|1|0|0|288000|148|1183998|281841
1200000|1|6000|3|1|1|2|288000|148|1183998|218205
1200000|1|6000|3|1|0|0|288000|149|1191998|281718
1200000|1|6000|3|1|1|2|288000|149|1191998|218820
1200000|1|6000|3|1|0|0|288000|150|1199999|281964
1200000|1|6000|3|1|1|2|288000|150|1199999|218205
1200000|1|6000|3|1|0|0|288000|151|1207999|282374
1200000|1|6000|3|1|1|2|288000|151|1207999|218369
1200000|1|6000|3|1|0|0|288000|152|1216000|282743
1200000|1|6000|3|1|1|2|288000|152|1216000|218738
1200000|1|6000|3|1|0|0|288000|153|1224001|283030
1200000|1|6000|3|1|1|2|288000|153|1224001|218328
1200000|1|6000|3|1|0|0|288000|154|1232001|283399
1200000|1|6000|3|1|1|2|288000|154|1232001|218779
1200000|1|6000|3|1|0|0|288000|155|1240002|283686
1200000|1|6000|3|1|1|2|288000|155|1240002|218656
1200000|1|6000|3|1|0|0|288000|156|1248003|283276
1200000|1|6000|3|1|1|2|288000|156|1248003|218861
1200000|1|6000|3|1|0|0|288000|157|1256003|283235
1200000|1|6000|3|1|1|2|288000|157|1256003|218369
1200000|1|6000|3|1|0|0|288000|158|1264003|283071
1200000|1|6000|3|1|1|2|288000|158|1264003|218410
1200000|1|6000|3|1|0|0|288000|159|1272002|283071
1200000|1|6000|3|1|1|2|288000|159|1272002|217836
1200000|1|6000|3|1|0|0|288000|160|1280002|283153
1200000|1|6000|3|1|1|2|288000|160|1280002|217262
1200000|1|6000|3|1|0|0|288000|161|1288002|282743
1200000|1|6000|3|1|1|2|288000|161|1288002|217180
1200000|1|6000|3|1|0|0|288000|162|1296003|282784
1200000|1|6000|3|1|1|2|288000|162|1296003|216852
1200000|1|6000|3|1|0|0|288000|163|1304003|281677
1200000|1|6000|3|1|1|2|288000|163|1304003|216647
1200000|1|6000|3|1|0|0|288000|164|1312003|281636
1200000|1|6000|3|1|1|2|288000|164|1312003|216401
1200000|1|6000|3|1|0|0|288000|165|1320004|280406
1200000|1|6000|3|1|1|2|288000|165|1320004|216196
1200000|1|6000|3|1|0|0|288000|166|1328004|279463
1200000|1|6000|3|1|1|2|288000|166|1328004|215458
1200000|1|6000|3|1|0|0|288000|167|1336004|278602
1200000|1|6000|3|1|1|2|288000|167|1336004|215622
1200000|1|6000|3|1|0|0|288000|168|1344005|277536
1200000|1|6000|3|1|1|2|288000|168|1344005|215212
1200000|1|6000|3|1|0|0|288000|169|1352005|276306
1200000|1|6000|3|1|1|2|288000|169|1352005|215089
1200000|1|6000|3|1|0|0|288000|170|1360005|275363
1200000|1|6000|3|1|1|2|288000|170|1360005|215089
1200000|1|6000|3|1|0|0|288000|171|1368005|274379
1200000|1|6000|3|1|1|2|288000|171|1368005|214515
1200000|1|6000|3|1|0|0|288000|172|1376005|274092
1200000|1|6000|3|1|1|2|288000|172|1376005|213982
1200000|1|6000|3|1|0|0|288000|173|1384005|273272
1200000|1|6000|3|1|1|2|288000|173|1384005|214105
1200000|1|6000|3|1|0|0|288000|174|1392005|272698
1200000|1|6000|3|1|1|2|288000|174|1392005|214064
1200000|1|6000|3|1|0|0|288000|175|1400005|271714
1200000|1|6000|3|1|1|2|288000|175|1400005|213941
1200000|1|6000|3|1|0|0|288000|176|1408006|271099
1200000|1|6000|3|1|1|2|288000|176|1408006|214105
1200000|1|6000|3|1|0|0|288000|177|1416006|269951
1200000|1|6000|3|1|1|2|288000|177|1416006|213654
1200000|1|6000|3|1|0|0|288000|178|1424006|269377
1200000|1|6000|3|1|1|2|288000|178|1424006|213326
1200000|1|6000|3|1|0|0|288000|179|1432006|269213
1200000|1|6000|3|1|1|2|288000|179|1432006|213408
1200000|1|6000|3|1|0|0|288000|180|1440007|269705
1200000|1|6000|3|1|1|2|288000|180|1440007|213203
1200000|1|6000|3|1|0|0|288000|181|1448007|270074
1200000|1|6000|3|1|1|2|288000|181|1448007|212711
1200000|1|6000|3|1|0|0|288000|182|1456006|270156
1200000|1|6000|3|1|1|2|288000|182|1456006|212178
1200000|1|6000|3|1|0|0|288000|183|1464006|270074
1200000|1|6000|3|1|1|2|288000|183|1464006|212014
1200000|1|6000|3|1|0|0|288000|184|1472007|269828
1200000|1|6000|3|1|1|2|288000|184|1472007|211522
1200000|1|6000|3|1|0|0|288000|185|1480006|269910
1200000|1|6000|3|1|1|2|288000|185|1480006|210948
1200000|1|6000|3|1|0|0|288000|186|1488006|269459
1200000|1|6000|3|1|1|2|288000|186|1488006|210579
1200000|1|6000|3|1|0|0|288000|187|1496006|269377
1200000|1|6000|3|1|1|2|288000|187|1496006|210415
1200000|1|6000|3|1|0|0|288000|188|1504006|268926
1200000|1|6000|3|1|1|2|288000|188|1504006|210128
1200000|1|6000|3|1|0|0|288000|189|1512006|269049
1200000|1|6000|3|1|1|2|288000|189|1512006|210251
1200000|1|6000|3|1|0|0|288000|190|1520007|268844
1200000|1|6000|3|1|1|2|288000|190|1520007|210579
1200000|1|6000|3|1|0|0|288000|191|1528007|269582
1200000|1|6000|3|1|1|2|288000|191|1528007|210497
1200000|1|6000|3|1|0|0|288000|192|1536007|269705
1200000|1|6000|3|1|1|2|288000|192|1536007|209718
1200000|1|6000|3|1|0|0|288000|193|1544007|270525
1200000|1|6000|3|1|1|2|288000|193|1544007|209636
1200000|1|6000|3|1|0|0|288000|194|1552007|270607
1200000|1|6000|3|1|1|2|288000|194|1552007|208652
1200000|1|6000|3|1|0|0|288000|195|1560007|270648
1200000|1|6000|3|1|1|2|288000|195|1560007|208775
1200000|1|6000|3|1|0|0|288000|196|1568007|269705
1200000|1|6000|3|1|1|2|288000|196|1568007|207996
1200000|1|6000|3|1|0|0|288000|197|1576007|269090
1200000|1|6000|3|1|1|2|288000|197|1576007|208119
1200000|1|6000|3|1|0|0|288000|198|1584007|268270
1200000|1|6000|3|1|1|2|288000|198|1584007|207504
1200000|1|6000|3|1|0|0|288000|199|1592007|267327
1200000|1|6000|3|1|1|2|288000|199|1592007|207135
1200000|1|6000|3|1|0|0|288000|200|1600007|266794
1200000|1|6000|3|1|1|2|288000|200|1600007|207012
1200000|1|6000|3|1|0|0|288000|201|1608007|266138
1200000|1|6000|3|1|1|2|288000|201|1608007|206766
1200000|1|6000|3|1|0|0|288000|202|1616007|265728
1200000|1|6000|3|1|1|2|288000|202|1616007|207340
1200000|1|6000|3|1|0|0|288000|203|1624008|264949
1200000|1|6000|3|1|1|2|288000|203|1624008|206356
1200000|1|6000|3|1|0|0|288000|204|1632007|264867
1200000|1|6000|3|1|1|2|288000|204|1632007|207012
1200000|1|6000|3|1|0|0|288000|205|1640008|264703
1200000|1|6000|3|1|1|2|288000|205|1640008|206725
1200000|1|6000|3|1|0|0|288000|206|1648008|264662
1200000|1|6000|3|1|1|2|288000|206|1648008|207299
1200000|1|6000|3|1|0|0|288000|207|1656009|264744
1200000|1|6000|3|1|1|2|288000|207|1656009|206192
1200000|1|6000|3|1|0|0|288000|208|1664008|264621
1200000|1|6000|3|1|1|2|288000|208|1664008|206151
1200000|1|6000|3|1|0|0|288000|209|1672008|264375
1200000|1|6000|3|1|1|2|288000|209|1672008|205905
1200000|1|6000|3|1|0|0|288000|210|1680008|263842
1200000|1|6000|3|1|1|2|288000|210|1680008|205741
1200000|1|6000|3|1|0|0|288000|211|1688008|264580
1200000|1|6000|3|1|1|2|288000|211|1688008|205905
1200000|1|6000|3|1|0|0|288000|212|1696008|264375
1200000|1|6000|3|1|1|2|288000|212|1696008|205536
1200000|1|6000|3|1|0|0|288000|213|1704008|264334
1200000|1|6000|3|1|1|2|288000|213|1704008|205741
1200000|1|6000|3|1|0|0|288000|214|1712009|264744
1200000|1|6000|3|1|1|2|288000|214|1712009|205372
1200000|1|6000|3|1|0|0|288000|215|1720009|264867
1200000|1|6000|3|1|1|2|288000|215|1720009|205618
1200000|1|6000|3|1|0|0|288000|216|1728009|264949
1200000|1|6000|3|1|1|2|288000|216|1728009|205577
1200000|1|6000|3|1|0|0|288000|217|1736010|265113
1200000|1|6000|3|1|1|2|288000|217|1736010|205741
1200000|1|6000|3|1|0|0|288000|218|1744010|264826
1200000|1|6000|3|1|1|2|288000|218|1744010|206110
1200000|1|6000|3|1|0|0|288000|219|1752011|264744
1200000|1|6000|3|1|1|2|288000|219|1752011|205700
1200000|1|6000|3|1|0|0|288000|220|1760011|263760
1200000|1|6000|3|1|1|2|288000|220|1760011|205700
1200000|1|6000|3|1|0|0|288000|221|1768012|263063
1200000|1|6000|3|1|1|2|288000|221|1768012|204388
1200000|1|6000|3|1|0|0|288000|222|1776011|262981
1200000|1|6000|3|1|1|2|288000|222|1776011|204470
1200000|1|6000|3|1|0|0|288000|223|1784011|262735
1200000|1|6000|3|1|1|2|288000|223|1784011|203486
1200000|1|6000|3|1|0|0|288000|224|1792010|262776
1200000|1|6000|3|1|1|2|288000|224|1792010|203158
1200000|1|6000|3|1|0|0|288000|225|1800010|262735
1200000|1|6000|3|1|1|2|288000|225|1800010|202666
1200000|1|6000|3|1|0|0|288000|226|1808010|263391
1200000|1|6000|3|1|1|2|288000|226|1808010|202584
1200000|1|6000|3|1|0|0|288000|227|1816011|263391
1200000|1|6000|3|1|1|2|288000|227|1816011|202420
1200000|1|6000|3|1|0|0|288000|228|1824010|263432
1200000|1|6000|3|1|1|2|288000|228|1824010|202379
1200000|1|6000|3|1|0|0|288000|229|1832011|263063
1200000|1|6000|3|1|1|2|288000|229|1832011|203117
1200000|1|6000|3|1|0|0|288000|230|1840012|262489
1200000|1|6000|3|1|1|2|288000|230|1840012|202912
1200000|1|6000|3|1|0|0|288000|231|1848013|262325
1200000|1|6000|3|1|1|2|288000|231|1848013|204101
1200000|1|6000|3|1|0|0|288000|232|1856015|261956
1200000|1|6000|3|1|1|2|288000|232|1856015|203814
1200000|1|6000|3|1|0|0|288000|233|1864015|261833
1200000|1|6000|3|1|1|2|288000|233|1864015|204347
1200000|1|6000|3|1|0|0|288000|234|1872016|261177
1200000|1|6000|3|1|1|2|288000|234|1872016|204798
1200000|1|6000|3|1|0|0|288000|235|1880016|261218
1200000|1|6000|3|1|1|2|288000|235|1880016|205044
1200000|1|6000|3|1|0|0|288000|236|1888017|261218
1200000|1|6000|3|1|1|2|288000|236|1888017|205208
1200000|1|6000|3|1|0|0|288000|237|1896017|261915
1200000|1|6000|3|1|1|2|288000|237|1896017|205290
1200000|1|6000|3|1|0|0|288000|238|1904018|262243
1200000|1|6000|3|1|1|2|288000|238|1904018|205331
1200000|1|6000|3|1|0|0|288000|239|1912018|262448
1200000|1|6000|3|1|1|2|288000|239|1912018|205577
1200000|1|6000|3|1|0|0|288000|240|1920020|262366
1200000|1|6000|3|1|1|2|288000|240|1920020|205413
1200000|1|6000|3|1|0|0|288000|241|1928020|262817
1200000|1|6000|3|1|1|2|288000|241|1928020|205372
1200000|1|6000|3|1|0|0|288000|242|1936020|262858
1200000|1|6000|3|1|1|2|288000|242|1936020|206110
1200000|1|6000|3|1|0|0|288000|243|1944022|261833
1200000|1|6000|3|1|1|2|288000|243|1944022|206520
1200000|1|6000|3|1|0|0|288000|244|1952023|260562
1200000|1|6000|3|1|1|2|288000|244|1952023|206766
1200000|1|6000|3|1|0|0|288000|245|1960024|259291
1200000|1|6000|3|1|1|2|288000|245|1960024|207217
1200000|1|6000|3|1|0|0|288000|246|1968024|258512
1200000|1|6000|3|1|1|2|288000|246|1968024|206889
1200000|1|6000|3|1|0|0|288000|247|1976024|258061
1200000|1|6000|3|1|1|2|288000|247|1976024|207463
1200000|1|6000|3|1|0|0|288000|248|1984025|257487
1200000|1|6000|3|1|1|2|288000|248|1984025|206930
1200000|1|6000|3|1|0|0|288000|249|1992026|257323
1200000|1|6000|3|1|1|2|288000|249|1992026|207709
1200000|1|6000|3|1|0|0|288000|250|2000026|257036
1200000|1|6000|3|1|1|2|288000|250|2000026|207668
1200000|1|6000|3|1|0|0|288000|251|2008027|257651
1200000|1|6000|3|1|1|2|288000|251|2008027|207750
1200000|1|6000|3|1|0|0|288000|252|2016027|257733
1200000|1|6000|3|1|1|2|288000|252|2016027|207791
1200000|1|6000|3|1|0|0|288000|253|2024028|257364
1200000|1|6000|3|1|1|2|288000|253|2024028|207217
1200000|1|6000|3|1|0|0|288000|254|2032027|257200
1200000|1|6000|3|1|1|2|288000|254|2032027|207094
1200000|1|6000|3|1|0|0|288000|255|2040027|256995
1200000|1|6000|3|1|1|2|288000|255|2040027|206315
1200000|1|6000|3|1|0|0|288000|256|2048026|256995
1200000|1|6000|3|1|1|2|288000|256|2048026|206233
1200000|1|6000|3|1|0|0|288000|257|2056026|256667
1200000|1|6000|3|1|1|2|288000|257|2056026|205454
1200000|1|6000|3|1|0|0|288000|258|2064025|256626
1200000|1|6000|3|1|1|2|288000|258|2064025|204962
1200000|1|6000|3|1|0|0|288000|259|2072025|256257
1200000|1|6000|3|1|1|2|288000|259|2072025|203937
1200000|1|6000|3|1|0|0|288000|260|2080024|256421
1200000|1|6000|3|1|1|2|288000|260|2080024|203609
1200000|1|6000|3|1|0|0|288000|261|2088024|255683
1200000|1|6000|3|1|1|2|288000|261|2088024|203650
1200000|1|6000|3|1|0|0|288000|262|2096024|255683
1200000|1|6000|3|1|1|2|288000|262|2096024|203773
1200000|1|6000|3|1|0|0|288000|263|2104025|255150
1200000|1|6000|3|1|1|2|288000|263|2104025|204019
1200000|1|6000|3|1|0|0|288000|264|2112026|254781
1200000|1|6000|3|1|1|2|288000|264|2112026|203978
1200000|1|6000|3|1|0|0|288000|265|2120026|254699
1200000|1|6000|3|1|1|2|288000|265|2120026|204101
1200000|1|6000|3|1|0|0|288000|266|2128027|253838
1200000|1|6000|3|1|1|2|288000|266|2128027|203814
1200000|1|6000|3|1|0|0|288000|267|2136027|253838
1200000|1|6000|3|1|1|2|288000|267|2136027|203855
1200000|1|6000|3|1|0|0|288000|268|2144027|253428
1200000|1|6000|3|1|1|2|288000|268|2144027|203240
1200000|1|6000|3|1|0|0|288000|269|2152027|253305
1200000|1|6000|3|1|1|2|288000|269|2152027|204265
1200000|1|6000|3|1|0|0|288000|270|2160028|252936
1200000|1|6000|3|1|1|2|288000|270|2160028|204716
1200000|1|6000|3|1|0|0|288000|271|2168029|252690
1200000|1|6000|3|1|1|2|288000|271|2168029|205167
1200000|1|6000|3|1|0|0|288000|272|2176031|252526
1200000|1|6000|3|1|1|2|288000|272|2176031|205085
1200000|1|6000|3|1|0|0|288000|273|2184031|252444
1200000|1|6000|3|1|1|2|288000|273|2184031|205290
1200000|1|6000|3|1|0|0|288000|274|2192032|252444
1200000|1|6000|3|1|1|2|288000|274|2192032|206315
1200000|1|6000|3|1|0|0|288000|275|2200034|252690
1200000|1|6000|3|1|1|2|288000|275|2200034|206479
1200000|1|6000|3|1|0|0|288000|276|2208035|252772
1200000|1|6000|3|1|1|2|288000|276|2208035|207504
1200000|1|6000|3|1|0|0|288000|277|2216036|252567
1200000|1|6000|3|1|1|2|288000|277|2216036|206725
1200000|1|6000|3|1|0|0|288000|278|2224036|252690
1200000|1|6000|3|1|1|2|288000|278|2224036|207258
1200000|1|6000|3|1|0|0|288000|279|2232036|252649
1200000|1|6000|3|1|1|2|288000|279|2232036|207381
1200000|1|6000|3|1|0|0|288000|280|2240036|252485
1200000|1|6000|3|1|1|2|288000|280|2240036|208037
1200000|1|6000|3|1|0|0|288000|281|2248036|252321
1200000|1|6000|3|1|1|2|288000|281|2248036|208570
1200000|1|6000|3|1|0|0|288000|282|2256037|251747
1200000|1|6000|3|1|1|2|288000|282|2256037|209513
1200000|1|6000|3|1|0|0|288000|283|2264038|252403
1200000|1|6000|3|1|1|2|288000|283|2264038|210169
1200000|1|6000|3|1|0|0|288000|284|2272039|252608
1200000|1|6000|3|1|1|2|288000|284|2272039|210866
1200000|1|6000|3|1|0|0|288000|285|2280039|252731
1200000|1|6000|3|1|1|2|288000|285|2280039|211317
1200000|1|6000|3|1|0|0|288000|286|2288040|252936
1200000|1|6000|3|1|1|2|288000|286|2288040|212342
1200000|1|6000|3|1|0|0|288000|287|2296040|252936
1200000|1|6000|3|1|1|2|288000|287|2296040|213367
1200000|1|6000|3|1|0|0|288000|288|2304040|252813
1200000|1|6000|3|1|1|2|288000|288|2304040|214269
1200000|1|6000|3|1|0|0|288000|289|2312040|252854
1200000|1|6000|3|1|1|2|288000|289|2312040|215376
1200000|1|6000|3|1|0|0|288000|290|2320041|252895
1200000|1|6000|3|1|1|2|288000|290|2320041|216278
1200000|1|6000|3|1|0|0|288000|291|2328040|252116
1200000|1|6000|3|1|1|2|288000|291|2328040|217344
1200000|1|6000|3|1|0|0|288000|292|2336041|251706
1200000|1|6000|3|1|1|2|288000|292|2336041|218164
1200000|1|6000|3|1|0|0|288000|293|2344040|251255
1200000|1|6000|3|1|1|2|288000|293|2344040|219271
1200000|1|6000|3|1|0|0|288000|294|2352041|250886
1200000|1|6000|3|1|1|2|288000|294|2352041|219845
1200000|1|6000|3|1|0|0|288000|295|2360042|250640
1200000|1|6000|3|1|1|2|288000|295|2360042|219230
1200000|1|6000|3|1|0|0|288000|296|2368042|250435
1200000|1|6000|3|1|1|2|288000|296|2368042|220337
1200000|1|6000|3|1|0|0|288000|297|2376042|250476
1200000|1|6000|3|1|1|2|288000|297|2376042|220665
1200000|1|6000|3|1|0|0|288000|298|2384043|250271
1200000|1|6000|3|1|1|2|288000|298|2384043|221526
1200000|1|6000|3|1|0|0|288000|299|2392043|250230
1200000|1|6000|3|1|1|2|288000|299|2392043|222100
1200000|1|6000|3|1|0|0|288000|300|2400043|250517
1200000|1|6000|3|1|1|2|288000|300|2400043|223125
1200000|1|6000|3|1|0|0|288000|301|2408043|251255
1200000|1|6000|3|1|1|2|288000|301|2408043|223986
1200000|1|6000|3|1|0|0|288000|302|2416044|251747
1200000|1|6000|3|1|1|2|288000|302|2416044|224232
1200000|1|6000|3|1|0|0|288000|303|2424044|252157
1200000|1|6000|3|1|1|2|288000|303|2424044|224027
1200000|1|6000|3|1|0|0|288000|304|2432044|252485
1200000|1|6000|3|1|1|2|288000|304|2432044|223822
1200000|1|6000|3|1|0|0|288000|305|2440043|252526
1200000|1|6000|3|1|1|2|288000|305|2440043|224314
1200000|1|6000|3|1|0|0|288000|306|2448044|251829
1200000|1|6000|3|1|1|2|288000|306|2448044|224232
1200000|1|6000|3|1|0|0|288000|307|2456043|252157
1200000|1|6000|3|1|1|2|288000|307|2456043|223945
1200000|1|6000|3|1|0|0|288000|308|2464043|251829
1200000|1|6000|3|1|1|2|288000|308|2464043|223576
1200000|1|6000|3|1|0|0|288000|309|2472042|251542
1200000|1|6000|3|1|1|2|288000|309|2472042|223945
1200000|1|6000|3|1|0|0|288000|310|2480042|251132
1200000|1|6000|3|1|1|2|288000|310|2480042|224068
1200000|1|6000|3|1|0|0|288000|311|2488042|251378
1200000|1|6000|3|1|1|2|288000|311|2488042|224806
1200000|1|6000|3|1|0|0|288000|312|2496043|251911
1200000|1|6000|3|1|1|2|288000|312|2496043|224929
1200000|1|6000|3|1|0|0|288000|313|2504043|252649
1200000|1|6000|3|1|1|2|288000|313|2504043|224765
1200000|1|6000|3|1|0|0|288000|314|2512043|253387
1200000|1|6000|3|1|1|2|288000|314|2512043|224683
1200000|1|6000|3|1|0|0|288000|315|2520043|253469
1200000|1|6000|3|1|1|2|288000|315|2520043|224683
1200000|1|6000|3|1|0|0|288000|316|2528043|253182
1200000|1|6000|3|1|1|2|288000|316|2528043|224273
1200000|1|6000|3|1|0|0|288000|317|2536042|252608
1200000|1|6000|3|1|1|2|288000|317|2536042|224273
1200000|1|6000|3|1|0|0|288000|318|2544042|252321
1200000|1|6000|3|1|1|2|288000|318|2544042|223330
1200000|1|6000|3|1|0|0|288000|319|2552043|252198
1200000|1|6000|3|1|1|2|288000|319|2552043|221813
1200000|1|6000|3|1|0|0|288000|320|2560042|252649
1200000|1|6000|3|1|1|2|288000|320|2560042|221034
1200000|1|6000|3|1|0|0|288000|321|2568043|252649
1200000|1|6000|3|1|1|2|288000|321|2568043|219271
1200000|1|6000|3|1|0|0|288000|322|2576042|252239
1200000|1|6000|3|1|1|2|288000|322|2576042|218861
1200000|1|6000|3|1|0|0|288000|323|2584042|252485
1200000|1|6000|3|1|1|2|288000|323|2584042|217877
1200000|1|6000|3|1|0|0|288000|324|2592042|252895
1200000|1|6000|3|1|1|2|288000|324|2592042|217426
1200000|1|6000|3|1|0|0|288000|325|2600043|253387
1200000|1|6000|3|1|1|2|288000|325|2600043|217139
1200000|1|6000|3|1|0|0|288000|326|2608043|253715
1200000|1|6000|3|1|1|2|288000|326|2608043|216688
1200000|1|6000|3|1|0|0|288000|327|2616042|253469
1200000|1|6000|3|1|1|2|288000|327|2616042|217303
1200000|1|6000|3|1|0|0|288000|328|2624043|253592
1200000|1|6000|3|1|1|2|288000|328|2624043|216606
1200000|1|6000|3|1|0|0|288000|329|2632042|253018
1200000|1|6000|3|1|1|2|288000|329|2632042|217016
1200000|1|6000|3|1|0|0|288000|330|2640043|252772
1200000|1|6000|3|1|1|2|288000|330|2640043|216565
1200000|1|6000|3|1|0|0|288000|331|2648043|252813
1200000|1|6000|3|1|1|2|288000|331|2648043|216483
1200000|1|6000|3|1|0|0|288000|332|2656043|253428
1200000|1|6000|3|1|1|2|288000|332|2656043|215991
1200000|1|6000|3|1|0|0|288000|333|2664043|253551
1200000|1|6000|3|1|1|2|288000|333|2664043|216360
1200000|1|6000|3|1|0|0|288000|334|2672044|254043
1200000|1|6000|3|1|1|2|288000|334|2672044|216770
1200000|1|6000|3|1|0|0|288000|335|2680045|254535
1200000|1|6000|3|1|1|2|288000|335|2680045|216811
1200000|1|6000|3|1|0|0|288000|336|2688047|254699
1200000|1|6000|3|1|1|2|288000|336|2688047|217221
1200000|1|6000|3|1|0|0|288000|337|2696047|254904
1200000|1|6000|3|1|1|2|288000|337|2696047|217221
1200000|1|6000|3|1|0|0|288000|338|2704048|255232
1200000|1|6000|3|1|1|2|288000|338|2704048|217754
1200000|1|6000|3|1|0|0|288000|339|2712050|254945
1200000|1|6000|3|1|1|2|288000|339|2712050|217754
1200000|1|6000|3|1|0|0|288000|340|2720050|252772
1200000|1|6000|3|1|1|2|288000|340|2720050|219353
1200000|1|6000|3|1|0|0|288000|341|2728053|251091
1200000|1|6000|3|1|1|2|288000|341|2728053|219476
1200000|1|6000|3|1|0|0|288000|342|2736054|249123
1200000|1|6000|3|1|1|2|288000|342|2736054|218738
1200000|1|6000|3|1|0|0|288000|343|2744054|246745
1200000|1|6000|3|1|1|2|288000|343|2744054|219189
1200000|1|6000|3|1|0|0|288000|344|2752055|245474
1200000|1|6000|3|1|1|2|288000|344|2752055|218902
1200000|1|6000|3|1|0|0|288000|345|2760054|243547
1200000|1|6000|3|1|1|2|288000|345|2760054|219763
1200000|1|6000|3|1|0|0|288000|346|2768055|242235
1200000|1|6000|3|1|1|2|288000|346|2768055|219886
1200000|1|6000|3|1|0|0|288000|347|2776056|240636
1200000|1|6000|3|1|1|2|288000|347|2776056|220419
1200000|1|6000|3|1|0|0|288000|348|2784057|239939
1200000|1|6000|3|1|1|2|288000|348|2784057|220747
1200000|1|6000|3|1|0|0|288000|349|2792058|239242
1200000|1|6000|3|1|1|2|288000|349|2792058|220378
1200000|1|6000|3|1|0|0|288000|350|2800057|238463
1200000|1|6000|3|1|1|2|288000|350|2800057|220296
1200000|1|6000|3|1|0|0|288000|351|2808057|237684
1200000|1|6000|3|1|1|2|288000|351|2808057|219681
1200000|1|6000|3|1|0|0|288000|352|2816057|236823
1200000|1|6000|3|1|1|2|288000|352|2816057|219640
1200000|1|6000|3|1|0|0|288000|353|2824057|236044
1200000|1|6000|3|1|1|2|288000|353|2824057|219066
1200000|1|6000|3|1|0|0|288000|354|2832056|234855
1200000|1|6000|3|1|1|2|288000|354|2832056|219476
1200000|1|6000|3|1|0|0|288000|355|2840057|234691
1200000|1|6000|3|1|1|2|288000|355|2840057|218451
1200000|1|6000|3|1|0|0|288000|356|2848056|233420
1200000|1|6000|3|1|1|2|288000|356|2848056|218369
1200000|1|6000|3|1|0|0|288000|357|2856056|232641
1200000|1|6000|3|1|1|2|288000|357|2856056|217672
1200000|1|6000|3|1|0|0|288000|358|2864055|231288
1200000|1|6000|3|1|1|2|288000|358|2864055|217467
1200000|1|6000|3|1|0|0|288000|359|2872055|231165
1200000|1|6000|3|1|1|2|288000|359|2872055|216975
1200000|1|6000|3|1|0|0|288000|360|2880054|230263
1200000|1|6000|3|1|1|2|288000|360|2880054|216606
1200000|1|6000|3|1|0|0|288000|361|2888054|229730
1200000|1|6000|3|1|1|2|288000|361|2888054|216073
1200000|1|6000|3|1|0|0|288000|362|2896053|228787
1200000|1|6000|3|1|1|2|288000|362|2896053|215212
1200000|1|6000|3|1|0|0|288000|363|2904052|229443
1200000|1|6000|3|1|1|2|288000|363|2904052|214761
1200000|1|6000|3|1|0|0|288000|364|2912052|228951
1200000|1|6000|3|1|1|2|288000|364|2912052|214351
1200000|1|6000|3|1|0|0|288000|365|2920052|228951
1200000|1|6000|3|1|1|2|288000|365|2920052|214064
1200000|1|6000|3|1|0|0|288000|366|2928051|228951
1200000|1|6000|3|1|1|2|288000|366|2928051|213695
1200000|1|6000|3|1|0|0|288000|367|2936051|228992
1200000|1|6000|3|1|1|2|288000|367|2936051|213080
1200000|1|6000|3|1|0|0|288000|368|2944050|228746
1200000|1|6000|3|1|1|2|288000|368|2944050|212465
1200000|1|6000|3|1|0|0|288000|369|2952050|228582
1200000|1|6000|3|1|1|2|288000|369|2952050|212342
1200000|1|6000|3|1|0|0|288000|370|2960050|228582
1200000|1|6000|3|1|1|2|288000|370|2960050|211768
1200000|1|6000|3|1|0|0|288000|371|2968049|227844
1200000|1|6000|3|1|1|2|288000|371|2968049|211112
1200000|1|6000|3|1|0|0|288000|372|2976049|228213
1200000|1|6000|3|1|1|2|288000|372|2976049|210456
1200000|1|6000|3|1|0|0|288000|373|2984048|227967
1200000|1|6000|3|1|1|2|288000|373|2984048|210210
1200000|1|6000|3|1|0|0|288000|374|2992048|227803
1200000|1|6000|3|1|1|2|288000|374|2992048|209472
1200000|1|6000|3|1|0|0|288000|375|3000048|227557
1200000|1|6000|3|1|1|2|288000|375|3000048|208693
1200000|1|6000|3|1|0|0|288000|376|3008049|227352
1200000|1|6000|3|1|1|2|288000|376|3008049|207627
1200000|1|6000|3|1|0|0|288000|377|3016049|226901
1200000|1|6000|3|1|1|2|288000|377|3016049|207176
1200000|1|6000|3|1|0|0|288000|378|3024050|226163
1200000|1|6000|3|1|1|2|288000|378|3024050|205946
1200000|1|6000|3|1|0|0|288000|379|3032049|225876
1200000|1|6000|3|1|1|2|288000|379|3032049|205577
1200000|1|6000|3|1|0|0|288000|380|3040049|225343
1200000|1|6000|3|1|1|2|288000|380|3040049|204470
1200000|1|6000|3|1|0|0|288000|381|3048049|224564
1200000|1|6000|3|1|1|2|288000|381|3048049|204634
1200000|1|6000|3|1|0|0|288000|382|3056050|224359
1200000|1|6000|3|1|1|2|288000|382|3056050|204962
1200000|1|6000|3|1|0|0|288000|383|3064051|223785
1200000|1|6000|3|1|1|2|288000|383|3064051|205413
1200000|1|6000|3|1|0|0|288000|384|3072051|223662
1200000|1|6000|3|1|1|2|288000|384|3072051|206028
1200000|1|6000|3|1|0|0|288000|385|3080053|222883
1200000|1|6000|3|1|1|2|288000|385|3080053|206274
1200000|1|6000|3|1|0|0|288000|386|3088053|222924
1200000|1|6000|3|1|1|2|288000|386|3088053|207094
1200000|1|6000|3|1|0|0|288000|387|3096055|222350
1200000|1|6000|3|1|1|2|288000|387|3096055|207299
1200000|1|6000|3|1|0|0|288000|388|3104056|221858
1200000|1|6000|3|1|1|2|288000|388|3104056|207422
1200000|1|6000|3|1|0|0|288000|389|3112056|221448
1200000|1|6000|3|1|1|2|288000|389|3112056|206766
1200000|1|6000|3|1|0|0|288000|390|3120055|220341
1200000|1|6000|3|1|1|2|288000|390|3120055|206930
1200000|1|6000|3|1|0|0|288000|391|3128055|219972
1200000|1|6000|3|1|1|2|288000|391|3128055|207627
1200000|1|6000|3|1|0|0|288000|392|3136056|218906
1200000|1|6000|3|1|1|2|288000|392|3136056|208078
1200000|1|6000|3|1|0|0|288000|393|3144056|218619
1200000|1|6000|3|1|1|2|288000|393|3144056|208734
1200000|1|6000|3|1|0|0|288000|394|3152057|217430
1200000|1|6000|3|1|1|2|288000|394|3152057|209554
1200000|1|6000|3|1|0|0|288000|395|3160058|216651
1200000|1|6000|3|1|1|2|288000|395|3160058|211071
1200000|1|6000|3|1|0|0|288000|396|3168060|215913
1200000|1|6000|3|1|1|2|288000|396|3168060|211604
1200000|1|6000|3|1|0|0|288000|397|3176061|215175
1200000|1|6000|3|1|1|2|288000|397|3176061|211809
1200000|1|6000|3|1|0|0|288000|398|3184061|215052
1200000|1|6000|3|1|1|2|288000|398|3184061|211768
1200000|1|6000|3|1|0|0|288000|399|3192061|214478
1200000|1|6000|3|1|1|2|288000|399|3192061|211645
1200000|1|6000|3|1|0|0|288000|400|3200060|214068
1200000|1|6000|3|1|1|2|288000|400|3200060|211481
1200000|1|6000|3|1|0|0|288000|401|3208060|213740
1200000|1|6000|3|1|1|2|288000|401|3208060|212096
1200000|1|6000|3|1|0|0|288000|402|3216059|213863
1200000|1|6000|3|1|1|2|288000|402|3216059|212383
1200000|1|6000|3|1|0|0|288000|403|3224059|213535
1200000|1|6000|3|1|1|2|288000|403|3224059|212875
1200000|1|6000|3|1|0|0|288000|404|3232058|213330
1200000|1|6000|3|1|1|2|288000|404|3232058|213900
1200000|1|6000|3|1|0|0|288000|405|3240059|213494
1200000|1|6000|3|1|1|2|288000|405|3240059|214105
1200000|1|6000|3|1|0|0|288000|406|3248058|213658
1200000|1|6000|3|1|1|2|288000|406|3248058|213982
1200000|1|6000|3|1|0|0|288000|407|3256059|213904
1200000|1|6000|3|1|1|2|288000|407|3256059|213408
1200000|1|6000|3|1|0|0|288000|408|3264058|213699
1200000|1|6000|3|1|1|2|288000|408|3264058|212957
1200000|1|6000|3|1|0|0|288000|409|3272058|213658
1200000|1|6000|3|1|1|2|288000|409|3272058|212137
1200000|1|6000|3|1|0|0|288000|410|3280057|213535
1200000|1|6000|3|1|1|2|288000|410|3280057|211809
1200000|1|6000|3|1|0|0|288000|411|3288057|213248
1200000|1|6000|3|1|1|2|288000|411|3288057|211358
1200000|1|6000|3|1|0|0|288000|412|3296056|213740
1200000|1|6000|3|1|1|2|288000|412|3296056|210620
1200000|1|6000|3|1|0|0|288000|413|3304055|214560
1200000|1|6000|3|1|1|2|288000|413|3304055|210497
1200000|1|6000|3|1|0|0|288000|414|3312054|214806
1200000|1|6000|3|1|1|2|288000|414|3312054|210210
1200000|1|6000|3|1|0|0|288000|415|3320054|215503
1200000|1|6000|3|1|1|2|288000|415|3320054|209308
1200000|1|6000|3|1|0|0|288000|416|3328053|215667
1200000|1|6000|3|1|1|2|288000|416|3328053|208734
1200000|1|6000|3|1|0|0|288000|417|3336053|216241
1200000|1|6000|3|1|1|2|288000|417|3336053|207914
1200000|1|6000|3|1|0|0|288000|418|3344052|216282
1200000|1|6000|3|1|1|2|288000|418|3344052|207053
1200000|1|6000|3|1|0|0|288000|419|3352051|217553
1200000|1|6000|3|1|1|2|288000|419|3352051|205782
1200000|1|6000|3|1|0|0|288000|420|3360050|217963
1200000|1|6000|3|1|1|2|288000|420|3360050|205413
1200000|1|6000|3|1|0|0|288000|421|3368051|217963
1200000|1|6000|3|1|1|2|288000|421|3368051|204839
1200000|1|6000|3|1|0|0|288000|422|3376051|218701
1200000|1|6000|3|1|1|2|288000|422|3376051|204634
1200000|1|6000|3|1|0|0|288000|423|3384051|218906
1200000|1|6000|3|1|1|2|288000|423|3384051|204060
1200000|1|6000|3|1|0|0|288000|424|3392050|219726
1200000|1|6000|3|1|1|2|288000|424|3392050|203076
1200000|1|6000|3|1|0|0|288000|425|3400050|220054
1200000|1|6000|3|1|1|2|288000|425|3400050|202871
1200000|1|6000|3|1|0|0|288000|426|3408050|220710
1200000|1|6000|3|1|1|2|288000|426|3408050|201846
1200000|1|6000|3|1|0|0|288000|427|3416050|221448
1200000|1|6000|3|1|1|2|288000|427|3416050|201231
1200000|1|6000|3|1|0|0|288000|428|3424050|221653
1200000|1|6000|3|1|1|2|288000|428|3424050|200206
1200000|1|6000|3|1|0|0|288000|429|3432050|222063
1200000|1|6000|3|1|1|2|288000|429|3432050|199960
1200000|1|6000|3|1|0|0|288000|430|3440050|222022
1200000|1|6000|3|1|1|2|288000|430|3440050|200124
1200000|1|6000|3|1|0|0|288000|431|3448050|222391
1200000|1|6000|3|1|1|2|288000|431|3448050|200534
1200000|1|6000|3|1|0|0|288000|432|3456052|222391
1200000|1|6000|3|1|1|2|288000|432|3456052|200616
1200000|1|6000|3|1|0|0|288000|433|3464051|222719
1200000|1|6000|3|1|1|2|288000|433|3464051|200821
1200000|1|6000|3|1|0|0|288000|434|3472052|222473
1200000|1|6000|3|1|1|2|288000|434|3472052|201436
1200000|1|6000|3|1|0|0|288000|435|3480053|222186
1200000|1|6000|3|1|1|2|288000|435|3480053|201559
1200000|1|6000|3|1|0|0|288000|436|3488054|221776
1200000|1|6000|3|1|1|2|288000|436|3488054|202010
1200000|1|6000|3|1|0|0|288000|437|3496055|221161
1200000|1|6000|3|1|1|2|288000|437|3496055|201354
1200000|1|6000|3|1|0|0|288000|438|3504055|221120
1200000|1|6000|3|1|1|2|288000|438|3504055|200616
1200000|1|6000|3|1|0|0|288000|439|3512054|220136
1200000|1|6000|3|1|1|2|288000|439|3512054|200493
1200000|1|6000|3|1|0|0|288000|440|3520054|219972
1200000|1|6000|3|1|1|2|288000|440|3520054|200206
1200000|1|6000|3|1|0|0|288000|441|3528054|218619
1200000|1|6000|3|1|1|2|288000|441|3528054|199960
1200000|1|6000|3|1|0|0|288000|442|3536054|217963
1200000|1|6000|3|1|1|2|288000|442|3536054|200001
1200000|1|6000|3|1|0|0|288000|443|3544055|217266
1200000|1|6000|3|1|1|2|288000|443|3544055|199878
1200000|1|6000|3|1|0|0|288000|444|3552055|217143
1200000|1|6000|3|1|1|2|288000|444|3552055|199919
1200000|1|6000|3|1|0|0|288000|445|3560055|217061
1200000|1|6000|3|1|1|2|288000|445|3560055|200493
1200000|1|6000|3|1|0|0|288000|446|3568056|216979
1200000|1|6000|3|1|1|2|288000|446|3568056|199919
1200000|1|6000|3|1|0|0|288000|447|3576056|216979
1200000|1|6000|3|1|1|2|288000|447|3576056|199673
1200000|1|6000|3|1|0|0|288000|448|3584057|216569
1200000|1|6000|3|1|1|2|288000|448|3584057|198771
1200000|1|6000|3|1|0|0|288000|449|3592057|216159
1200000|1|6000|3|1|1|2|288000|449|3592057|198320
1200000|1|6000|3|1|0|0|288000|450|3600057|215421
1200000|1|6000|3|1|1|2|288000|450|3600057|197623
1200000|1|6000|3|1|0|0|288000|451|3608056|215913
1200000|1|6000|3|1|1|2|288000|451|3608056|197008
1200000|1|6000|3|1|0|0|288000|452|3616057|215995
1200000|1|6000|3|1|1|2|288000|452|3616057|196024
1200000|1|6000|3|1|0|0|288000|453|3624056|216487
1200000|1|6000|3|1|1|2|288000|453|3624056|195860
1200000|1|6000|3|1|0|0|288000|454|3632057|216651
1200000|1|6000|3|1|1|2|288000|454|3632057|195983
1200000|1|6000|3|1|0|0|288000|455|3640057|216938
1200000|1|6000|3|1|1|2|288000|455|3640057|196598
1200000|1|6000|3|1|0|0|288000|456|3648057|217020
1200000|1|6000|3|1|1|2|288000|456|3648057|196516
1200000|1|6000|3|1|0|0|288000|457|3656058|216651
1200000|1|6000|3|1|1|2|288000|457|3656058|196967
1200000|1|6000|3|1|0|0|288000|458|3664058|216774
1200000|1|6000|3|1|1|2|288000|458|3664058|196434
1200000|1|6000|3|1|0|0|288000|459|3672058|217061
1200000|1|6000|3|1|1|2|288000|459|3672058|196680
1200000|1|6000|3|1|0|0|288000|460|3680058|217963
1200000|1|6000|3|1|1|2|288000|460|3680058|196352
1200000|1|6000|3|1|0|0|288000|461|3688058|218455
1200000|1|6000|3|1|1|2|288000|461|3688058|196229
1200000|1|6000|3|1|0|0|288000|462|3696058|218947
1200000|1|6000|3|1|1|2|288000|462|3696058|196065
1200000|1|6000|3|1|0|0|288000|463|3704058|219562
1200000|1|6000|3|1|1|2|288000|463|3704058|196106
1200000|1|6000|3|1|0|0|288000|464|3712058|220054
1200000|1|6000|3|1|1|2|288000|464|3712058|195901
1200000|1|6000|3|1|0|0|288000|465|3720059|220915
1200000|1|6000|3|1|1|2|288000|465|3720059|195737
1200000|1|6000|3|1|0|0|288000|466|3728059|221038
1200000|1|6000|3|1|1|2|288000|466|3728059|195737
1200000|1|6000|3|1|0|0|288000|467|3736059|221243
1200000|1|6000|3|1|1|2|288000|467|3736059|195409
1200000|1|6000|3|1|0|0|288000|468|3744059|220177
1200000|1|6000|3|1|1|2|288000|468|3744059|196024
1200000|1|6000|3|1|0|0|288000|469|3752060|219726
1200000|1|6000|3|1|1|2|288000|469|3752060|196352
1200000|1|6000|3|1|0|0|288000|470|3760061|218988
1200000|1|6000|3|1|1|2|288000|470|3760061|196598
1200000|1|6000|3|1|0|0|288000|471|3768062|218701
1200000|1|6000|3|1|1|2|288000|471|3768062|197336
1200000|1|6000|3|1|0|0|288000|472|3776063|218742
1200000|1|6000|3|1|1|2|288000|472|3776063|197951
1200000|1|6000|3|1|0|0|288000|473|3784065|218209
1200000|1|6000|3|1|1|2|288000|473|3784065|198074
1200000|1|6000|3|1|0|0|288000|474|3792065|218865
1200000|1|6000|3|1|1|2|288000|474|3792065|197787
1200000|1|6000|3|1|0|0|288000|475|3800065|218906
1200000|1|6000|3|1|1|2|288000|475|3800065|197869
1200000|1|6000|3|1|0|0|288000|476|3808065|219480
1200000|1|6000|3|1|1|2|288000|476|3808065|197582
1200000|1|6000|3|1|0|0|288000|477|3816065|219357
1200000|1|6000|3|1|1|2|288000|477|3816065|197910
1200000|1|6000|3|1|0|0|288000|478|3824065|219603
1200000|1|6000|3|1|1|2|288000|478|3824065|197664
1200000|1|6000|3|1|0|0|288000|479|3832066|219398
1200000|1|6000|3|1|1|2|288000|479|3832066|197541
1200000|1|6000|3|1|0|0|288000|480|3840066|219316
1200000|1|6000|3|1|1|2|288000|480|3840066|197664
1200000|1|6000|3|1|0|0|288000|481|3848067|219070
1200000|1|6000|3|1|1|2|288000|481|3848067|197664
1200000|1|6000|3|1|0|0|288000|482|3856067|218701
1200000|1|6000|3|1|1|2|288000|482|3856067|197992
1200000|1|6000|3|1|0|0|288000|483|3864067|219357
1200000|1|6000|3|1|1|2|288000|483|3864067|197746
1200000|1|6000|3|1|0|0|288000|484|3872067|220054
1200000|1|6000|3|1|1|2|288000|484|3872067|198525
1200000|1|6000|3|1|0|0|288000|485|3880068|221202
1200000|1|6000|3|1|1|2|288000|485|3880068|198771
1200000|1|6000|3|1|0|0|288000|486|3888068|221858
1200000|1|6000|3|1|1|2|288000|486|3888068|198976
1200000|1|6000|3|1|0|0|288000|487|3896068|222596
1200000|1|6000|3|1|1|2|288000|487|3896068|198853
1200000|1|6000|3|1|0|0|288000|488|3904068|223006
1200000|1|6000|3|1|1|2|288000|488|3904068|198156
1200000|1|6000|3|1|0|0|288000|489|3912067|223375
1200000|1|6000|3|1|1|2|288000|489|3912067|197787
1200000|1|6000|3|1|0|0|288000|490|3920067|223539
1200000|1|6000|3|1|1|2|288000|490|3920067|197295
1200000|1|6000|3|1|0|0|288000|491|3928067|223990
1200000|1|6000|3|1|1|2|288000|491|3928067|197213
1200000|1|6000|3|1|0|0|288000|492|3936067|224236
1200000|1|6000|3|1|1|2|288000|492|3936067|197049
1200000|1|6000|3|1|0|0|288000|493|3944067|224687
1200000|1|6000|3|1|1|2|288000|493|3944067|197705
1200000|1|6000|3|1|0|0|288000|494|3952068|225302
1200000|1|6000|3|1|1|2|288000|494|3952068|198279
1200000|1|6000|3|1|0|0|288000|495|3960069|225835
1200000|1|6000|3|1|1|2|288000|495|3960069|199140
1200000|1|6000|3|1|0|0|288000|496|3968070|226286
1200000|1|6000|3|1|1|2|288000|496|3968070|200042
1200000|1|6000|3|1|0|0|288000|497|3976072|227106
1200000|1|6000|3|1|1|2|288000|497|3976072|200288
1200000|1|6000|3|1|0|0|288000|498|3984072|227803
1200000|1|6000|3|1|1|2|288000|498|3984072|200944
1200000|1|6000|3|1|0|0|288000|499|3992073|228049
1200000|1|6000|3|1|1|2|288000|499|3992073|200862
1200000|1|6000|3|1|0|0|288000|500|4000074|227598
1200000|1|6000|3|1|1|2|288000|500|4000074|201354
1200000|1|6000|3|1|0|0|288000|501|4008075|227516
1200000|1|6000|3|1|1|2|288000|501|4008075|201149
1200000|1|6000|3|1|0|0|288000|502|4016074|227270
1200000|1|6000|3|1|1|2|288000|502|4016074|199960
1200000|1|6000|3|1|0|0|288000|503|4024074|227229
1200000|1|6000|3|1|1|2|288000|503|4024074|200165
1200000|1|6000|3|1|0|0|288000|504|4032073|227270
1200000|1|6000|3|1|1|2|288000|504|4032073|199919
1200000|1|6000|3|1|0|0|288000|505|4040073|227024
1200000|1|6000|3|1|1|2|288000|505|4040073|200124
1200000|1|6000|3|1|0|0|288000|506|4048073|227188
1200000|1|6000|3|1|1|2|288000|506|4048073|200124
1200000|1|6000|3|1|0|0|288000|507|4056074|228049
1200000|1|6000|3|1|1|2|288000|507|4056074|200739
1200000|1|6000|3|1|0|0|288000|508|4064074|228377
1200000|1|6000|3|1|1|2|288000|508|4064074|200616
1200000|1|6000|3|1|0|0|288000|509|4072074|228336
1200000|1|6000|3|1|1|2|288000|509|4072074|201436
1200000|1|6000|3|1|0|0|288000|510|4080076|228705
1200000|1|6000|3|1|1|2|288000|510|4080076|202461
1200000|1|6000|3|1|0|0|288000|511|4088077|228787
1200000|1|6000|3|1|1|2|288000|511|4088077|203158
1200000|1|6000|3|1|0|0|288000|512|4096079|228828
1200000|1|6000|3|1|1|2|288000|512|4096079|203732
1200000|1|6000|3|1|0|0|288000|513|4104080|229033
1200000|1|6000|3|1|1|2|288000|513|4104080|203691
1200000|1|6000|3|1|0|0|288000|514|4112080|228131
1200000|1|6000|3|1|1|2|288000|514|4112080|204429
1200000|1|6000|3|1|0|0|288000|515|4120081|227475
1200000|1|6000|3|1|1|2|288000|515|4120081|204593
1200000|1|6000|3|1|0|0|288000|516|4128082|227106
1200000|1|6000|3|1|1|2|288000|516|4128082|204921
1200000|1|6000|3|1|0|0|288000|517|4136083|227352
1200000|1|6000|3|1|1|2|288000|517|4136083|204306
1200000|1|6000|3|1|0|0|288000|518|4144082|227024
1200000|1|6000|3|1|1|2|288000|518|4144082|203814
1200000|1|6000|3|1|0|0|288000|519|4152082|227106
1200000|1|6000|3|1|1|2|288000|519|4152082|203732
1200000|1|6000|3|1|0|0|288000|520|4160082|226368
1200000|1|6000|3|1|1|2|288000|520|4160082|203814
1200000|1|6000|3|1|0|0|288000|521|4168082|225466
1200000|1|6000|3|1|1|2|288000|521|4168082|204429
1200000|1|6000|3|1|0|0|288000|522|4176083|225343
1200000|1|6000|3|1|1|2|288000|522|4176083|204388
1200000|1|6000|3|1|0|0|288000|523|4184083|225056
1200000|1|6000|3|1|1|2|288000|523|4184083|204675
1200000|1|6000|3|1|0|0|288000|524|4192083|225138
1200000|1|6000|3|1|1|2|288000|524|4192083|204593
1200000|1|6000|3|1|0|0|288000|525|4200083|225056
1200000|1|6000|3|1|1|2|288000|525|4200083|205208
1200000|1|6000|3|1|0|0|288000|526|4208084|225056
1200000|1|6000|3|1|1|2|288000|526|4208084|204429
1200000|1|6000|3|1|0|0|288000|527|4216084|225138
1200000|1|6000|3|1|1|2|288000|527|4216084|203322
1200000|1|6000|3|1|0|0|288000|528|4224084|225425
1200000|1|6000|3|1|1|2|288000|528|4224084|202379
1200000|1|6000|3|1|0|0|288000|529|4232084|225097
1200000|1|6000|3|1|1|2|288000|529|4232084|201682
1200000|1|6000|3|1|0|0|288000|530|4240084|225015
1200000|1|6000|3|1|1|2|288000|530|4240084|201518
1200000|1|6000|3|1|0|0|288000|531|4248083|225302
1200000|1|6000|3|1|1|2|288000|531|4248083|200657
1200000|1|6000|3|1|0|0|288000|532|4256083|224564
1200000|1|6000|3|1|1|2|288000|532|4256083|200083
1200000|1|6000|3|1|0|0|288000|533|4264083|223621
1200000|1|6000|3|1|1|2|288000|533|4264083|200124
1200000|1|6000|3|1|0|0|288000|534|4272084|223047
1200000|1|6000|3|1|1|2|288000|534|4272084|200370
1200000|1|6000|3|1|0|0|288000|535|4280084|222842
1200000|1|6000|3|1|1|2|288000|535|4280084|200862
1200000|1|6000|3|1|0|0|288000|536|4288084|222842
1200000|1|6000|3|1|1|2|288000|536|4288084|201436
1200000|1|6000|3|1|0|0|288000|537|4296084|222186
1200000|1|6000|3|1|1|2|288000|537|4296084|201067
1200000|1|6000|3|1|0|0|288000|538|4304084|222514
1200000|1|6000|3|1|1|2|288000|538|4304084|201190
1200000|1|6000|3|1|0|0|288000|539|4312084|222350
1200000|1|6000|3|1|1|2|288000|539|4312084|201190
1200000|1|6000|3|1|0|0|288000|540|4320084|222760
1200000|1|6000|3|1|1|2|288000|540|4320084|201764
1200000|1|6000|3|1|0|0|288000|541|4328084|221940
1200000|1|6000|3|1|1|2|288000|541|4328084|201641
1200000|1|6000|3|1|0|0|288000|542|4336083|221776
1200000|1|6000|3|1|1|2|288000|542|4336083|200903
1200000|1|6000|3|1|0|0|288000|543|4344083|220874
1200000|1|6000|3|1|1|2|288000|543|4344083|199878
1200000|1|6000|3|1|0|0|288000|544|4352082|220669
1200000|1|6000|3|1|1|2|288000|544|4352082|198976
1200000|1|6000|3|1|0|0|288000|545|4360082|220013
1200000|1|6000|3|1|1|2|288000|545|4360082|198648
1200000|1|6000|3|1|0|0|288000|546|4368082|219521
1200000|1|6000|3|1|1|2|288000|546|4368082|198238
1200000|1|6000|3|1|0|0|288000|547|4376082|219111
1200000|1|6000|3|1|1|2|288000|547|4376082|197664
1200000|1|6000|3|1|0|0|288000|548|4384081|219439
1200000|1|6000|3|1|1|2|288000|548|4384081|197131
1200000|1|6000|3|1|0|0|288000|549|4392081|220095
1200000|1|6000|3|1|1|2|288000|549|4392081|197131
1200000|1|6000|3|1|0|0|288000|550|4400082|220382
1200000|1|6000|3|1|1|2|288000|550|4400082|197623
1200000|1|6000|3|1|0|0|288000|551|4408082|220505
1200000|1|6000|3|1|1|2|288000|551|4408082|197377
1200000|1|6000|3|1|0|0|288000|552|4416083|220382
1200000|1|6000|3|1|1|2|288000|552|4416083|197008
1200000|1|6000|3|1|0|0|288000|553|4424082|220300
1200000|1|6000|3|1|1|2|288000|553|4424082|197049
1200000|1|6000|3|1|0|0|288000|554|4432083|220136
1200000|1|6000|3|1|1|2|288000|554|4432083|196680
1200000|1|6000|3|1|0|0|288000|555|4440083|220792
1200000|1|6000|3|1|1|2|288000|555|4440083|196721
1200000|1|6000|3|1|0|0|288000|556|4448084|220833
1200000|1|6000|3|1|1|2|288000|556|4448084|195778
1200000|1|6000|3|1|0|0|288000|557|4456083|221243
1200000|1|6000|3|1|1|2|288000|557|4456083|196147
1200000|1|6000|3|1|0|0|288000|558|4464084|221612
1200000|1|6000|3|1|1|2|288000|558|4464084|195450
1200000|1|6000|3|1|0|0|288000|559|4472085|222268
1200000|1|6000|3|1|1|2|288000|559|4472085|195163
1200000|1|6000|3|1|0|0|288000|560|4480085|222309
1200000|1|6000|3|1|1|2|288000|560|4480085|194753
1200000|1|6000|3|1|0|0|288000|561|4488086|222760
1200000|1|6000|3|1|1|2|288000|561|4488086|193687
1200000|1|6000|3|1|0|0|288000|562|4496085|223088
1200000|1|6000|3|1|1|2|288000|562|4496085|192744
1200000|1|6000|3|1|0|0|288000|563|4504084|223129
1200000|1|6000|3|1|1|2|288000|563|4504084|191268
1200000|1|6000|3|1|0|0|288000|564|4512082|222391
1200000|1|6000|3|1|1|2|288000|564|4512082|190653
1200000|1|6000|3|1|0|0|288000|565|4520082|221653
1200000|1|6000|3|1|1|2|288000|565|4520082|189628
1200000|1|6000|3|1|0|0|288000|566|4528082|221735
1200000|1|6000|3|1|1|2|288000|566|4528082|189628
1200000|1|6000|3|1|0|0|288000|567|4536082|221407
1200000|1|6000|3|1|1|2|288000|567|4536082|189915
1200000|1|6000|3|1|0|0|288000|568|4544082|221694
1200000|1|6000|3|1|1|2|288000|568|4544082|190079
1200000|1|6000|3|1|0|0|288000|569|4552082|221120
1200000|1|6000|3|1|1|2|288000|569|4552082|190202
1200000|1|6000|3|1|0|0|288000|570|4560082|221612
1200000|1|6000|3|1|1|2|288000|570|4560082|190038
1200000|1|6000|3|1|0|0|288000|571|4568082|221448
1200000|1|6000|3|1|1|2|288000|571|4568082|189874
1200000|1|6000|3|1|0|0|288000|572|4576081|221899
1200000|1|6000|3|1|1|2|288000|572|4576081|189669
1200000|1|6000|3|1|0|0|288000|573|4584081|221407
1200000|1|6000|3|1|1|2|288000|573|4584081|189956
1200000|1|6000|3|1|0|0|288000|574|4592081|221284
1200000|1|6000|3|1|1|2|288000|574|4592081|188972
1200000|1|6000|3|1|0|0|288000|575|4600081|220833
1200000|1|6000|3|1|1|2|288000|575|4600081|188439
1200000|1|6000|3|1|0|0|288000|576|4608082|220423
1200000|1|6000|3|1|1|2|288000|576|4608082|187414
1200000|1|6000|3|1|0|0|288000|577|4616081|220054
1200000|1|6000|3|1|1|2|288000|577|4616081|186553
1200000|1|6000|3|1|0|0|288000|578|4624081|219603
1200000|1|6000|3|1|1|2|288000|578|4624081|185938
1200000|1|6000|3|1|0|0|288000|579|4632081|219398
1200000|1|6000|3|1|1|2|288000|579|4632081|185528
1200000|1|6000|3|1|0|0|288000|580|4640081|219398
1200000|1|6000|3|1|1|2|288000|580|4640081|185036
1200000|1|6000|3|1|0|0|288000|581|4648081|219480
1200000|1|6000|3|1|1|2|288000|581|4648081|185651
1200000|1|6000|3|1|0|0|288000|582|4656083|219316
1200000|1|6000|3|1|1|2|288000|582|4656083|186799
1200000|1|6000|3|1|0|0|288000|583|4664084|219726
1200000|1|6000|3|1|1|2|288000|583|4664084|187578
1200000|1|6000|3|1|0|0|288000|584|4672086|219603
1200000|1|6000|3|1|1|2|288000|584|4672086|188685
1200000|1|6000|3|1|0|0|288000|585|4680087|219849
1200000|1|6000|3|1|1|2|288000|585|4680087|188890
1200000|1|6000|3|1|0|0|288000|586|4688087|219931
1200000|1|6000|3|1|1|2|288000|586|4688087|189710
1200000|1|6000|3|1|0|0|288000|587|4696088|220546
1200000|1|6000|3|1|1|2|288000|587|4696088|189956
1200000|1|6000|3|1|0|0|288000|588|4704088|220751
1200000|1|6000|3|1|1|2|288000|588|4704088|190038
1200000|1|6000|3|1|0|0|288000|589|4712088|220792
1200000|1|6000|3|1|1|2|288000|589|4712088|190202
1200000|1|6000|3|1|0|0|288000|590|4720089|221448
1200000|1|6000|3|1|1|2|288000|590|4720089|190858
1200000|1|6000|3|1|0|0|288000|591|4728090|221776
1200000|1|6000|3|1|1|2|288000|591|4728090|191186
1200000|1|6000|3|1|0|0|288000|592|4736091|222514
1200000|1|6000|3|1|1|2|288000|592|4736091|191268
1200000|1|6000|3|1|0|0|288000|593|4744091|222924
1200000|1|6000|3|1|1|2|288000|593|4744091|191719
1200000|1|6000|3|1|0|0|288000|594|4752092|223252
1200000|1|6000|3|1|1|2|288000|594|4752092|192416
1200000|1|6000|3|1|0|0|288000|595|4760093|223785
1200000|1|6000|3|1|1|2|288000|595|4760093|193523
1200000|1|6000|3|1|0|0|288000|596|4768095|224728
1200000|1|6000|3|1|1|2|288000|596|4768095|193687
1200000|1|6000|3|1|0|0|288000|597|4776095|225056
1200000|1|6000|3|1|1|2|288000|597|4776095|193482
1200000|1|6000|3|1|0|0|288000|598|4784095|225835
1200000|1|6000|3|1|1|2|288000|598|4784095|193072
1200000|1|6000|3|1|0|0|288000|599|4792094|226532
1200000|1|6000|3|1|1|2|288000|599|4792094|192703
1200000|1|6000|3|1|0|0|288000|600|4800094|227106
1200000|1|6000|3|1|1|2|288000|600|4800094|192662
1200000|1|6000|3|1|0|0|288000|601|4808094|228172
1200000|1|6000|3|1|1|2|288000|601|4808094|192539
1200000|1|6000|3|1|0|0|288000|602|4816094|229279
1200000|1|6000|3|1|1|2|288000|602|4816094|193277
1200000|1|6000|3|1|0|0|288000|603|4824095|228910
1200000|1|6000|3|1|1|2|288000|603|4824095|192990
1200000|1|6000|3|1|0|0|288000|604|4832094|228705
1200000|1|6000|3|1|1|2|288000|604|4832094|193933
1200000|1|6000|3|1|0|0|288000|605|4840095|229074
1200000|1|6000|3|1|1|2|288000|605|4840095|193974
1200000|1|6000|3|1|0|0|288000|606|4848096|229115
1200000|1|6000|3|1|1|2|288000|606|4848096|195204
1200000|1|6000|3|1|0|0|288000|607|4856097|229402
1200000|1|6000|3|1|1|2|288000|607|4856097|194671
1200000|1|6000|3|1|0|0|288000|608|4864097|229238
1200000|1|6000|3|1|1|2|288000|608|4864097|195245
1200000|1|6000|3|1|0|0|288000|609|4872097|229197
1200000|1|6000|3|1|1|2|288000|609|4872097|195368
1200000|1|6000|3|1|0|0|288000|610|4880097|229771
1200000|1|6000|3|1|1|2|288000|610|4880097|196024
1200000|1|6000|3|1|0|0|288000|611|4888097|229730
1200000|1|6000|3|1|1|2|288000|611|4888097|196762
1200000|1|6000|3|1|0|0|288000|612|4896098|229525
1200000|1|6000|3|1|1|2|288000|612|4896098|196721
1200000|1|6000|3|1|0|0|288000|613|4904098|229156
1200000|1|6000|3|1|1|2|288000|613|4904098|196885
1200000|1|6000|3|1|0|0|288000|614|4912099|228746
1200000|1|6000|3|1|1|2|288000|614|4912099|196762
1200000|1|6000|3|1|0|0|288000|615|4920099|228213
1200000|1|6000|3|1|1|2|288000|615|4920099|197377
1200000|1|6000|3|1|0|0|288000|616|4928099|227475
1200000|1|6000|3|1|1|2|288000|616|4928099|197582
1200000|1|6000|3|1|0|0|288000|617|4936099|226983
1200000|1|6000|3|1|1|2|288000|617|4936099|197910
1200000|1|6000|3|1|0|0|288000|618|4944099|227147
1200000|1|6000|3|1|1|2|288000|618|4944099|198279
1200000|1|6000|3|1|0|0|288000|619|4952100|228008
1200000|1|6000|3|1|1|2|288000|619|4952100|199099
1200000|1|6000|3|1|0|0|288000|620|4960101|228213
1200000|1|6000|3|1|1|2|288000|620|4960101|199550
1200000|1|6000|3|1|0|0|288000|621|4968101|228295
1200000|1|6000|3|1|1|2|288000|621|4968101|199386
1200000|1|6000|3|1|0|0|288000|622|4976101|227967
1200000|1|6000|3|1|1|2|288000|622|4976101|198648
1200000|1|6000|3|1|0|0|288000|623|4984102|227680
1200000|1|6000|3|1|1|2|288000|623|4984102|197992
1200000|1|6000|3|1|0|0|288000|624|4992101|227598
1200000|1|6000|3|1|1|2|288000|624|4992101|198156
1200000|1|6000|3|1|0|0|288000|625|5000102|227352
1200000|1|6000|3|1|1|2|288000|625|5000102|198197
1200000|1|6000|3|1|0|0|288000|626|5008103|227270
1200000|1|6000|3|1|1|2|288000|626|5008103|198033
1200000|1|6000|3|1|0|0|288000|627|5016103|226696
1200000|1|6000|3|1|1|2|288000|627|5016103|196680
1200000|1|6000|3|1|0|0|288000|628|5024102|226409
1200000|1|6000|3|1|1|2|288000|628|5024102|196065
1200000|1|6000|3|1|0|0|288000|629|5032101|226163
1200000|1|6000|3|1|1|2|288000|629|5032101|194671
1200000|1|6000|3|1|0|0|288000|630|5040101|225507
1200000|1|6000|3|1|1|2|288000|630|5040101|193687
1200000|1|6000|3|1|0|0|288000|631|5048100|225015
1200000|1|6000|3|1|1|2|288000|631|5048100|192334
1200000|1|6000|3|1|0|0|288000|632|5056099|224441
1200000|1|6000|3|1|1|2|288000|632|5056099|191186
1200000|1|6000|3|1|0|0|288000|633|5064098|223867
1200000|1|6000|3|1|1|2|288000|633|5064098|190284
1200000|1|6000|3|1|0|0|288000|634|5072097|224154
1200000|1|6000|3|1|1|2|288000|634|5072097|189300
1200000|1|6000|3|1|0|0|288000|635|5080097|224441
1200000|1|6000|3|1|1|2|288000|635|5080097|189464
1200000|1|6000|3|1|0|0|288000|636|5088098|224605
1200000|1|6000|3|1|1|2|288000|636|5088098|189095
1200000|1|6000|3|1|0|0|288000|637|5096097|224482
1200000|1|6000|3|1|1|2|288000|637|5096097|189915
1200000|1|6000|3|1|0|0|288000|638|5104098|224646
1200000|1|6000|3|1|1|2|288000|638|5104098|189915
1200000|1|6000|3|1|0|0|288000|639|5112098|224441
1200000|1|6000|3|1|1|2|288000|639|5112098|190243
1200000|1|6000|3|1|0|0|288000|640|5120099|223662
1200000|1|6000|3|1|1|2|288000|640|5120099|189833
1200000|1|6000|3|1|0|0|288000|641|5128099|223129
1200000|1|6000|3|1|1|2|288000|641|5128099|189792
1200000|1|6000|3|1|0|0|288000|642|5136099|222514
1200000|1|6000|3|1|1|2|288000|642|5136099|188972
1200000|1|6000|3|1|0|0|288000|643|5144098|222842
1200000|1|6000|3|1|1|2|288000|643|5144098|188767
1200000|1|6000|3|1|0|0|288000|644|5152099|222801
1200000|1|6000|3|1|1|2|288000|644|5152099|188972
1200000|1|6000|3|1|0|0|288000|645|5160099|223170
1200000|1|6000|3|1|1|2|288000|645|5160099|188972
1200000|1|6000|3|1|0|0|288000|646|5168098|222965
1200000|1|6000|3|1|1|2|288000|646|5168098|189177
1200000|1|6000|3|1|0|0|288000|647|5176098|223416
1200000|1|6000|3|1|1|2|288000|647|5176098|188931
1200000|1|6000|3|1|0|0|288000|648|5184097|224482
1200000|1|6000|3|1|1|2|288000|648|5184097|189628
1200000|1|6000|3|1|0|0|288000|649|5192097|224646
1200000|1|6000|3|1|1|2|288000|649|5192097|189874
1200000|1|6000|3|1|0|0|288000|650|5200098|224359
1200000|1|6000|3|1|1|2|288000|650|5200098|190489
1200000|1|6000|3|1|0|0|288000|651|5208098|224195
1200000|1|6000|3|1|1|2|288000|651|5208098|189300
1200000|1|6000|3|1|0|0|288000|652|5216097|224441
1200000|1|6000|3|1|1|2|288000|652|5216097|189218
1200000|1|6000|3|1|0|0|288000|653|5224097|224277
1200000|1|6000|3|1|1|2|288000|653|5224097|188808
1200000|1|6000|3|1|0|0|288000|654|5232097|224236
1200000|1|6000|3|1|1|2|288000|654|5232097|188767
1200000|1|6000|3|1|0|0|288000|655|5240098|223867
1200000|1|6000|3|1|1|2|288000|655|5240098|188726
1200000|1|6000|3|1|0|0|288000|656|5248097|223375
1200000|1|6000|3|1|1|2|288000|656|5248097|188398
1200000|1|6000|3|1|0|0|288000|657|5256097|222555
1200000|1|6000|3|1|1|2|288000|657|5256097|189013
1200000|1|6000|3|1|0|0|288000|658|5264098|221940
1200000|1|6000|3|1|1|2|288000|658|5264098|189833
1200000|1|6000|3|1|0|0|288000|659|5272099|221325
1200000|1|6000|3|1|1|2|288000|659|5272099|191186
1200000|1|6000|3|1|0|0|288000|660|5280100|220300
1200000|1|6000|3|1|1|2|288000|660|5280100|191432
1200000|1|6000|3|1|0|0|288000|661|5288101|219726
1200000|1|6000|3|1|1|2|288000|661|5288101|192539
1200000|1|6000|3|1|0|0|288000|662|5296101|218783
1200000|1|6000|3|1|1|2|288000|662|5296101|192252
1200000|1|6000|3|1|0|0|288000|663|5304102|219480
1200000|1|6000|3|1|1|2|288000|663|5304102|193195
1200000|1|6000|3|1|0|0|288000|664|5312103|219480
1200000|1|6000|3|1|1|2|288000|664|5312103|192785
1200000|1|6000|3|1|0|0|288000|665|5320103|219644
1200000|1|6000|3|1|1|2|288000|665|5320103|193359
1200000|1|6000|3|1|0|0|288000|666|5328103|219357
1200000|1|6000|3|1|1|2|288000|666|5328103|193810
1200000|1|6000|3|1|0|0|288000|667|5336105|218537
1200000|1|6000|3|1|1|2|288000|667|5336105|194466
1200000|1|6000|3|1|0|0|288000|668|5344106|218824
1200000|1|6000|3|1|1|2|288000|668|5344106|195286
1200000|1|6000|3|1|0|0|288000|669|5352108|218332
1200000|1|6000|3|1|1|2|288000|669|5352108|195901
1200000|1|6000|3|1|0|0|288000|670|5360109|218250
1200000|1|6000|3|1|1|2|288000|670|5360109|196885
1200000|1|6000|3|1|0|0|288000|671|5368111|218824
1200000|1|6000|3|1|1|2|288000|671|5368111|197582
1200000|1|6000|3|1|0|0|288000|672|5376113|219275
1200000|1|6000|3|1|1|2|288000|672|5376113|197500
1200000|1|6000|3|1|0|0|288000|673|5384113|220300
1200000|1|6000|3|1|1|2|288000|673|5384113|197459
1200000|1|6000|3|1|0|0|288000|674|5392113|220177
1200000|1|6000|3|1|1|2|288000|674|5392113|198484
1200000|1|6000|3|1|0|0|288000|675|5400113|221325
1200000|1|6000|3|1|1|2|288000|675|5400113|198935
1200000|1|6000|3|1|0|0|288000|676|5408113|221817
1200000|1|6000|3|1|1|2|288000|676|5408113|199550
1200000|1|6000|3|1|0|0|288000|677|5416113|222022
1200000|1|6000|3|1|1|2|288000|677|5416113|199919
1200000|1|6000|3|1|0|0|288000|678|5424113|221858
1200000|1|6000|3|1|1|2|288000|678|5424113|200288
1200000|1|6000|3|1|0|0|288000|679|5432112|221571
1200000|1|6000|3|1|1|2|288000|679|5432112|201067
1200000|1|6000|3|1|0|0|288000|680|5440113|222186
1200000|1|6000|3|1|1|2|288000|680|5440113|202215
1200000|1|6000|3|1|0|0|288000|681|5448114|222514
1200000|1|6000|3|1|1|2|288000|681|5448114|202174
1200000|1|6000|3|1|0|0|288000|682|5456114|223498
1200000|1|6000|3|1|1|2|288000|682|5456114|203404
1200000|1|6000|3|1|0|0|288000|683|5464115|223908
1200000|1|6000|3|1|1|2|288000|683|5464115|203486
1200000|1|6000|3|1|0|0|288000|684|5472115|224564
1200000|1|6000|3|1|1|2|288000|684|5472115|204798
1200000|1|6000|3|1|0|0|288000|685|5480116|224400
1200000|1|6000|3|1|1|2|288000|685|5480116|204593
1200000|1|6000|3|1|0|0|288000|686|5488116|224154
1200000|1|6000|3|1|1|2|288000|686|5488116|205782
1200000|1|6000|3|1|0|0|288000|687|5496116|222842
1200000|1|6000|3|1|1|2|288000|687|5496116|205659
1200000|1|6000|3|1|0|0|288000|688|5504116|222186
1200000|1|6000|3|1|1|2|288000|688|5504116|206807
1200000|1|6000|3|1|0|0|288000|689|5512116|222022
1200000|1|6000|3|1|1|2|288000|689|5512116|206766
1200000|1|6000|3|1|0|0|288000|690|5520116|221407
1200000|1|6000|3|1|1|2|288000|690|5520116|207422
1200000|1|6000|3|1|0|0|288000|691|5528116|221530
1200000|1|6000|3|1|1|2|288000|691|5528116|207873
1200000|1|6000|3|1|0|0|288000|692|5536116|221202
1200000|1|6000|3|1|1|2|288000|692|5536116|208447
1200000|1|6000|3|1|0|0|288000|693|5544116|222186
1200000|1|6000|3|1|1|2|288000|693|5544116|209103
1200000|1|6000|3|1|0|0|288000|694|5552117|222637
1200000|1|6000|3|1|1|2|288000|694|5552117|209636
1200000|1|6000|3|1|0|0|288000|695|5560116|223539
1200000|1|6000|3|1|1|2|288000|695|5560116|210866
1200000|1|6000|3|1|0|0|288000|696|5568118|224195
1200000|1|6000|3|1|1|2|288000|696|5568118|211399
1200000|1|6000|3|1|0|0|288000|697|5576119|224523
1200000|1|6000|3|1|1|2|288000|697|5576119|211932
1200000|1|6000|3|1|0|0|288000|698|5584120|224851
1200000|1|6000|3|1|1|2|288000|698|5584120|212383
1200000|1|6000|3|1|0|0|288000|699|5592121|224892
1200000|1|6000|3|1|1|2|288000|699|5592121|212916
1200000|1|6000|3|1|0|0|288000|700|5600121|224400
1200000|1|6000|3|1|1|2|288000|700|5600121|213777
1200000|1|6000|3|1|0|0|288000|701|5608123|223785
1200000|1|6000|3|1|1|2|288000|701|5608123|214433
1200000|1|6000|3|1|0|0|288000|702|5616123|223498
1200000|1|6000|3|1|1|2|288000|702|5616123|215089
1200000|1|6000|3|1|0|0|288000|703|5624125|222965
1200000|1|6000|3|1|1|2|288000|703|5624125|216032
1200000|1|6000|3|1|0|0|288000|704|5632125|222801
1200000|1|6000|3|1|1|2|288000|704|5632125|215622
1200000|1|6000|3|1|0|0|288000|705|5640125|222309
1200000|1|6000|3|1|1|2|288000|705|5640125|216360
1200000|1|6000|3|1|0|0|288000|706|5648127|222104
1200000|1|6000|3|1|1|2|288000|706|5648127|215663
1200000|1|6000|3|1|0|0|288000|707|5656127|221940
1200000|1|6000|3|1|1|2|288000|707|5656127|216196
1200000|1|6000|3|1|0|0|288000|708|5664129|222432
1200000|1|6000|3|1|1|2|288000|708|5664129|215910
1200000|1|6000|3|1|0|0|288000|709|5672129|223047
1200000|1|6000|3|1|1|2|288000|709|5672129|215827
1200000|1|6000|3|1|0|0|288000|710|5680130|223047
1200000|1|6000|3|1|1|2|288000|710|5680130|215622
1200000|1|6000|3|1|0|0|288000|711|5688130|223293
1200000|1|6000|3|1|1|2|288000|711|5688130|215704
1200000|1|6000|3|1|0|0|288000|712|5696130|223416
1200000|1|6000|3|1|1|2|288000|712|5696130|216278
1200000|1|6000|3|1|0|0|288000|713|5704130|223990
1200000|1|6000|3|1|1|2|288000|713|5704130|216319
1200000|1|6000|3|1|0|0|288000|714|5712130|223908
1200000|1|6000|3|1|1|2|288000|714|5712130|216524
1200000|1|6000|3|1|0|0|288000|715|5720130|223703
1200000|1|6000|3|1|1|2|288000|715|5720130|216073
1200000|1|6000|3|1|0|0|288000|716|5728129|223662
1200000|1|6000|3|1|1|2|288000|716|5728129|216032
1200000|1|6000|3|1|0|0|288000|717|5736130|223785
1200000|1|6000|3|1|1|2|288000|717|5736130|215581
1200000|1|6000|3|1|0|0|288000|718|5744130|224195
1200000|1|6000|3|1|1|2|288000|718|5744130|215704
1200000|1|6000|3|1|0|0|288000|719|5752129|224318
1200000|1|6000|3|1|1|2|288000|719|5752129|215622
1200000|1|6000|3|1|0|0|288000|720|5760129|224318
1200000|1|6000|3|1|1|2|288000|720|5760129|215704
1200000|1|6000|3|1|0|0|288000|721|5768130|224236
1200000|1|6000|3|1|1|2|288000|721|5768130|215704
1200000|1|6000|3|1|0|0|288000|722|5776129|224646
1200000|1|6000|3|1|1|2|288000|722|5776129|215991
1200000|1|6000|3|1|0|0|288000|723|5784130|224728
1200000|1|6000|3|1|1|2|288000|723|5784130|216278
1200000|1|6000|3|1|0|0|288000|724|5792130|225015
1200000|1|6000|3|1|1|2|288000|724|5792130|216401
1200000|1|6000|3|1|0|0|288000|725|5800130|224892
1200000|1|6000|3|1|1|2|288000|725|5800130|217139
1200000|1|6000|3|1|0|0|288000|726|5808131|224974
1200000|1|6000|3|1|1|2|288000|726|5808131|216606
1200000|1|6000|3|1|0|0|288000|727|5816131|224974
1200000|1|6000|3|1|1|2|288000|727|5816131|217262
1200000|1|6000|3|1|0|0|288000|728|5824131|225261
1200000|1|6000|3|1|1|2|288000|728|5824131|216688
1200000|1|6000|3|1|0|0|288000|729|5832131|225425
1200000|1|6000|3|1|1|2|288000|729|5832131|217303
1200000|1|6000|3|1|0|0|288000|730|5840131|224892
1200000|1|6000|3|1|1|2|288000|730|5840131|217508
1200000|1|6000|3|1|0|0|288000|731|5848132|224400
1200000|1|6000|3|1|1|2|288000|731|5848132|218328
1200000|1|6000|3|1|0|0|288000|732|5856134|224072
1200000|1|6000|3|1|1|2|288000|732|5856134|217959
1200000|1|6000|3|1|0|0|288000|733|5864134|223908
1200000|1|6000|3|1|1|2|288000|733|5864134|217385
1200000|1|6000|3|1|0|0|288000|734|5872133|223047
1200000|1|6000|3|1|1|2|288000|734|5872133|217139
1200000|1|6000|3|1|0|0|288000|735|5880132|222227
1200000|1|6000|3|1|1|2|288000|735|5880132|216688
1200000|1|6000|3|1|0|0|288000|736|5888131|221981
1200000|1|6000|3|1|1|2|288000|736|5888131|216893
1200000|1|6000|3|1|0|0|288000|737|5896131|221530
1200000|1|6000|3|1|1|2|288000|737|5896131|216073
1200000|1|6000|3|1|0|0|288000|738|5904130|222063
1200000|1|6000|3|1|1|2|288000|738|5904130|216196
1200000|1|6000|3|1|0|0|288000|739|5912130|222145
1200000|1|6000|3|1|1|2|288000|739|5912130|216114
1200000|1|6000|3|1|0|0|288000|740|5920129|222637
1200000|1|6000|3|1|1|2|288000|740|5920129|216975
1200000|1|6000|3|1|0|0|288000|741|5928130|223047
1200000|1|6000|3|1|1|2|288000|741|5928130|217549
1200000|1|6000|3|1|0|0|288000|742|5936130|223293
1200000|1|6000|3|1|1|2|288000|742|5936130|218246
1200000|1|6000|3|1|0|0|288000|743|5944130|223498
1200000|1|6000|3|1|1|2|288000|743|5944130|218451
1200000|1|6000|3|1|0|0|288000|744|5952131|223744
1200000|1|6000|3|1|1|2|288000|744|5952131|218697
1200000|1|6000|3|1|0|0|288000|745|5960131|224482
1200000|1|6000|3|1|1|2|288000|745|5960131|218943
1200000|1|6000|3|1|0|0|288000|746|5968131|225589
1200000|1|6000|3|1|1|2|288000|746|5968131|219271
1200000|1|6000|3|1|0|0|288000|747|5976131|225999
1200000|1|6000|3|1|1|2|288000|747|5976131|218574
1200000|1|6000|3|1|0|0|288000|748|5984130|226737
1200000|1|6000|3|1|1|2|288000|748|5984130|218533
1200000|1|6000|3|1|0|0|288000|749|5992130|227106
1200000|1|6000|3|1|1|2|288000|749|5992130|218205
1200000|1|6000|3|1|0|0|288000|750|6000131|227885
1200000|1|6000|3|1|1|2|288000|750|6000131|218000
1200000|1|6000|3|1|0|0|288000|751|6008131|228705
1200000|1|6000|3|1|1|2|288000|751|6008131|218287
1200000|1|6000|3|1|0|0|288000|752|6016132|228910
1200000|1|6000|3|1|1|2|288000|752|6016132|218328
1200000|1|6000|3|1|0|0|288000|753|6024132|228951
1200000|1|6000|3|1|1|2|288000|753|6024132|218820
1200000|1|6000|3|1|0|0|288000|754|6032133|229156
1200000|1|6000|3|1|1|2|288000|754|6032133|218656
1200000|1|6000|3|1|0|0|288000|755|6040133|229279
1200000|1|6000|3|1|1|2|288000|755|6040133|219476
1200000|1|6000|3|1|0|0|288000|756|6048134|229156
1200000|1|6000|3|1|1|2|288000|756|6048134|219066
1200000|1|6000|3|1|0|0|288000|757|6056134|229156
1200000|1|6000|3|1|1|2|288000|757|6056134|220091
1200000|1|6000|3|1|0|0|288000|758|6064135|229156
1200000|1|6000|3|1|1|2|288000|758|6064135|220214
1200000|1|6000|3|1|0|0|288000|759|6072135|229484
1200000|1|6000|3|1|1|2|288000|759|6072135|220788
1200000|1|6000|3|1|0|0|288000|760|6080136|229320
1200000|1|6000|3|1|1|2|288000|760|6080136|220911
1200000|1|6000|3|1|0|0|288000|761|6088136|228500
1200000|1|6000|3|1|1|2|288000|761|6088136|220829
1200000|1|6000|3|1|0|0|288000|762|6096136|227639
1200000|1|6000|3|1|1|2|288000|762|6096136|220296
1200000|1|6000|3|1|0|0|288000|763|6104136|226901
1200000|1|6000|3|1|1|2|288000|763|6104136|219353
1200000|1|6000|3|1|0|0|288000|764|6112134|226245
1200000|1|6000|3|1|1|2|288000|764|6112134|219025
1200000|1|6000|3|1|0|0|288000|765|6120134|225548
1200000|1|6000|3|1|1|2|288000|765|6120134|217795
1200000|1|6000|3|1|0|0|288000|766|6128133|225056
1200000|1|6000|3|1|1|2|288000|766|6128133|217098
1200000|1|6000|3|1|0|0|288000|767|6136132|224564
1200000|1|6000|3|1|1|2|288000|767|6136132|216196
1200000|1|6000|3|1|0|0|288000|768|6144132|224769
1200000|1|6000|3|1|1|2|288000|768|6144132|215868
1200000|1|6000|3|1|0|0|288000|769|6152132|225056
1200000|1|6000|3|1|1|2|288000|769|6152132|215663
1200000|1|6000|3|1|0|0|288000|770|6160132|224851
1200000|1|6000|3|1|1|2|288000|770|6160132|215376
1200000|1|6000|3|1|0|0|288000|771|6168133|224564
1200000|1|6000|3|1|1|2|288000|771|6168133|214843
1200000|1|6000|3|1|0|0|288000|772|6176133|224236
1200000|1|6000|3|1|1|2|288000|772|6176133|214966
1200000|1|6000|3|1|0|0|288000|773|6184134|223580
1200000|1|6000|3|1|1|2|288000|773|6184134|215294
1200000|1|6000|3|1|0|0|288000|774|6192135|223580
1200000|1|6000|3|1|1|2|288000|774|6192135|214761
1200000|1|6000|3|1|0|0|288000|775|6200134|223375
1200000|1|6000|3|1|1|2|288000|775|6200134|215007
1200000|1|6000|3|1|0|0|288000|776|6208136|222801
1200000|1|6000|3|1|1|2|288000|776|6208136|214392
1200000|1|6000|3|1|0|0|288000|777|6216136|222719
1200000|1|6000|3|1|1|2|288000|777|6216136|214433
1200000|1|6000|3|1|0|0|288000|778|6224137|222514
1200000|1|6000|3|1|1|2|288000|778|6224137|213982
1200000|1|6000|3|1|0|0|288000|779|6232136|222801
1200000|1|6000|3|1|1|2|288000|779|6232136|212916
1200000|1|6000|3|1|0|0|288000|780|6240136|222473
1200000|1|6000|3|1|1|2|288000|780|6240136|211604
1200000|1|6000|3|1|0|0|288000|781|6248136|222883
1200000|1|6000|3|1|1|2|288000|781|6248136|211317
1200000|1|6000|3|1|0|0|288000|782|6256137|222596
1200000|1|6000|3|1|1|2|288000|782|6256137|210210
1200000|1|6000|3|1|0|0|288000|783|6264137|222760
1200000|1|6000|3|1|1|2|288000|783|6264137|210169
1200000|1|6000|3|1|0|0|288000|784|6272137|222965
1200000|1|6000|3|1|1|2|288000|784|6272137|209349
1200000|1|6000|3|1|0|0|288000|785|6280137|223047
1200000|1|6000|3|1|1|2|288000|785|6280137|209636
1200000|1|6000|3|1|0|0|288000|786|6288139|223088
1200000|1|6000|3|1|1|2|288000|786|6288139|210210
1200000|1|6000|3|1|0|0|288000|787|6296140|222965
1200000|1|6000|3|1|1|2|288000|787|6296140|210784
1200000|1|6000|3|1|0|0|288000|788|6304140|223170
1200000|1|6000|3|1|1|2|288000|788|6304140|211604
1200000|1|6000|3|1|0|0|288000|789|6312142|222801
1200000|1|6000|3|1|1|2|288000|789|6312142|212260
1200000|1|6000|3|1|0|0|288000|790|6320144|222555
1200000|1|6000|3|1|1|2|288000|790|6320144|212547
1200000|1|6000|3|1|0|0|288000|791|6328145|221489
1200000|1|6000|3|1|1|2|288000|791|6328145|212793
1200000|1|6000|3|1|0|0|288000|792|6336146|221407
1200000|1|6000|3|1|1|2|288000|792|6336146|212465
1200000|1|6000|3|1|0|0|288000|793|6344147|220915
1200000|1|6000|3|1|1|2|288000|793|6344147|211399
1200000|1|6000|3|1|0|0|288000|794|6352146|220546
1200000|1|6000|3|1|1|2|288000|794|6352146|210538
1200000|1|6000|3|1|0|0|288000|795|6360145|219849
1200000|1|6000|3|1|1|2|288000|795|6360145|209800
1200000|1|6000|3|1|0|0|288000|796|6368144|219521
1200000|1|6000|3|1|1|2|288000|796|6368144|208980
1200000|1|6000|3|1|0|0|288000|797|6376142|219275
1200000|1|6000|3|1|1|2|288000|797|6376142|208488
1200000|1|6000|3|1|0|0|288000|798|6384141|219234
1200000|1|6000|3|1|1|2|288000|798|6384141|208160
1200000|1|6000|3|1|0|0|288000|799|6392140|218701
1200000|1|6000|3|1|1|2|288000|799|6392140|208570
1200000|1|6000|3|1|0|0|288000|800|6400140|216979
1200000|1|6000|3|1|1|2|288000|800|6400140|208652
1200000|1|6000|3|1|0|0|288000|801|6408140|216569
1200000|1|6000|3|1|1|2|288000|801|6408140|208201
1200000|1|6000|3|1|0|0|288000|802|6416141|215790
1200000|1|6000|3|1|1|2|288000|802|6416141|207217
1200000|1|6000|3|1|0|0|288000|803|6424141|215257
1200000|1|6000|3|1|1|2|288000|803|6424141|206971
1200000|1|6000|3|1|0|0|288000|804|6432141|214683
1200000|1|6000|3|1|1|2|288000|804|6432141|206479
1200000|1|6000|3|1|0|0|288000|805|6440141|214806
1200000|1|6000|3|1|1|2|288000|805|6440141|206643
1200000|1|6000|3|1|0|0|288000|806|6448142|214560
1200000|1|6000|3|1|1|2|288000|806|6448142|206848
1200000|1|6000|3|1|0|0|288000|807|6456142|214847
1200000|1|6000|3|1|1|2|288000|807|6456142|205495
1200000|1|6000|3|1|0|0|288000|808|6464141|214642
1200000|1|6000|3|1|1|2|288000|808|6464141|205495
1200000|1|6000|3|1|0|0|288000|809|6472141|214642
1200000|1|6000|3|1|1|2|288000|809|6472141|204183
1200000|1|6000|3|1|0|0|288000|810|6480140|214437
1200000|1|6000|3|1|1|2|288000|810|6480140|204306
1200000|1|6000|3|1|0|0|288000|811|6488141|214191
1200000|1|6000|3|1|1|2|288000|811|6488141|203650
1200000|1|6000|3|1|0|0|288000|812|6496140|214314
1200000|1|6000|3|1|1|2|288000|812|6496140|203609
1200000|1|6000|3|1|0|0|288000|813|6504142|214150
1200000|1|6000|3|1|1|2|288000|813|6504142|203281
1200000|1|6000|3|1|0|0|288000|814|6512141|213740
1200000|1|6000|3|1|1|2|288000|814|6512141|202871
1200000|1|6000|3|1|0|0|288000|815|6520142|213535
1200000|1|6000|3|1|1|2|288000|815|6520142|202707
1200000|1|6000|3|1|0|0|288000|816|6528143|213330
1200000|1|6000|3|1|1|2|288000|816|6528143|201805
1200000|1|6000|3|1|0|0|288000|817|6536143|213576
1200000|1|6000|3|1|1|2|288000|817|6536143|202133
1200000|1|6000|3|1|0|0|288000|818|6544143|213822
1200000|1|6000|3|1|1|2|288000|818|6544143|201559
1200000|1|6000|3|1|0|0|288000|819|6552144|214191
1200000|1|6000|3|1|1|2|288000|819|6552144|201026
1200000|1|6000|3|1|0|0|288000|820|6560144|214724
1200000|1|6000|3|1|1|2|288000|820|6560144|200452
1200000|1|6000|3|1|0|0|288000|821|6568144|215421
1200000|1|6000|3|1|1|2|288000|821|6568144|199960
1200000|1|6000|3|1|0|0|288000|822|6576144|215216
1200000|1|6000|3|1|1|2|288000|822|6576144|200165
1200000|1|6000|3|1|0|0|288000|823|6584145|215462
1200000|1|6000|3|1|1|2|288000|823|6584145|201477
1200000|1|6000|3|1|0|0|288000|824|6592148|215134
1200000|1|6000|3|1|1|2|288000|824|6592148|203035
1200000|1|6000|3|1|0|0|288000|825|6600150|215421
1200000|1|6000|3|1|1|2|288000|825|6600150|203650
1200000|1|6000|3|1|0|0|288000|826|6608151|215626
1200000|1|6000|3|1|1|2|288000|826|6608151|204511
1200000|1|6000|3|1|0|0|288000|827|6616152|215462
1200000|1|6000|3|1|1|2|288000|827|6616152|205331
1200000|1|6000|3|1|0|0|288000|828|6624153|214970
1200000|1|6000|3|1|1|2|288000|828|6624153|205495
1200000|1|6000|3|1|0|0|288000|829|6632154|214888
1200000|1|6000|3|1|1|2|288000|829|6632154|206110
1200000|1|6000|3|1|0|0|288000|830|6640155|214683
1200000|1|6000|3|1|1|2|288000|830|6640155|205290
1200000|1|6000|3|1|0|0|288000|831|6648155|214314
1200000|1|6000|3|1|1|2|288000|831|6648155|205741
1200000|1|6000|3|1|0|0|288000|832|6656155|214109
1200000|1|6000|3|1|1|2|288000|832|6656155|204921
1200000|1|6000|3|1|0|0|288000|833|6664154|213781
1200000|1|6000|3|1|1|2|288000|833|6664154|205208
1200000|1|6000|3|1|0|0|288000|834|6672155|213740
1200000|1|6000|3|1|1|2|288000|834|6672155|205126
1200000|1|6000|3|1|0|0|288000|835|6680155|213043
1200000|1|6000|3|1|1|2|288000|835|6680155|205372
1200000|1|6000|3|1|0|0|288000|836|6688155|212223
1200000|1|6000|3|1|1|2|288000|836|6688155|205659
1200000|1|6000|3|1|0|0|288000|837|6696155|212264
1200000|1|6000|3|1|1|2|288000|837|6696155|206356
1200000|1|6000|3|1|0|0|288000|838|6704156|211977
1200000|1|6000|3|1|1|2|288000|838|6704156|206807
1200000|1|6000|3|1|0|0|288000|839|6712157|211854
1200000|1|6000|3|1|1|2|288000|839|6712157|206848
1200000|1|6000|3|1|0|0|288000|840|6720157|211649
1200000|1|6000|3|1|1|2|288000|840|6720157|207422
1200000|1|6000|3|1|0|0|288000|841|6728157|210911
1200000|1|6000|3|1|1|2|288000|841|6728157|207545
1200000|1|6000|3|1|0|0|288000|842|6736157|210542
1200000|1|6000|3|1|1|2|288000|842|6736157|208201
1200000|1|6000|3|1|0|0|288000|843|6744158|210706
1200000|1|6000|3|1|1|2|288000|843|6744158|208365
1200000|1|6000|3|1|0|0|288000|844|6752158|209968
1200000|1|6000|3|1|1|2|288000|844|6752158|208816
1200000|1|6000|3|1|0|0|288000|845|6760158|209230
1200000|1|6000|3|1|1|2|288000|845|6760158|209062
1200000|1|6000|3|1|0|0|288000|846|6768158|208902
1200000|1|6000|3|1|1|2|288000|846|6768158|210087
1200000|1|6000|3|1|0|0|288000|847|6776158|208328
1200000|1|6000|3|1|1|2|288000|847|6776158|210702
1200000|1|6000|3|1|0|0|288000|848|6784159|208656
1200000|1|6000|3|1|1|2|288000|848|6784159|211522
1200000|1|6000|3|1|0|0|288000|849|6792159|208492
1200000|1|6000|3|1|1|2|288000|849|6792159|212342
1200000|1|6000|3|1|0|0|288000|850|6800160|207959
1200000|1|6000|3|1|1|2|288000|850|6800160|213203
1200000|1|6000|3|1|0|0|288000|851|6808160|207549
1200000|1|6000|3|1|1|2|288000|851|6808160|213654
1200000|1|6000|3|1|0|0|288000|852|6816161|207139
1200000|1|6000|3|1|1|2|288000|852|6816161|213531
1200000|1|6000|3|1|0|0|288000|853|6824159|207016
1200000|1|6000|3|1|1|2|288000|853|6824159|213203
1200000|1|6000|3|1|0|0|288000|854|6832159|206729
1200000|1|6000|3|1|1|2|288000|854|6832159|213121
1200000|1|6000|3|1|0|0|288000|855|6840158|207016
1200000|1|6000|3|1|1|2|288000|855|6840158|212424
1200000|1|6000|3|1|0|0|288000|856|6848157|206237
1200000|1|6000|3|1|1|2|288000|856|6848157|211891
1200000|1|6000|3|1|0|0|288000|857|6856155|206319
1200000|1|6000|3|1|1|2|288000|857|6856155|211235
1200000|1|6000|3|1|0|0|288000|858|6864154|205909
1200000|1|6000|3|1|1|2|288000|858|6864154|211030
1200000|1|6000|3|1|0|0|288000|859|6872153|205786
1200000|1|6000|3|1|1|2|288000|859|6872153|211194
1200000|1|6000|3|1|0|0|288000|860|6880153|205376
1200000|1|6000|3|1|1|2|288000|860|6880153|211850
1200000|1|6000|3|1|0|0|288000|861|6888153|204925
1200000|1|6000|3|1|1|2|288000|861|6888153|212219
1200000|1|6000|3|1|0|0|288000|862|6896154|204269
1200000|1|6000|3|1|1|2|288000|862|6896154|211727
1200000|1|6000|3|1|0|0|288000|863|6904154|203367
1200000|1|6000|3|1|1|2|288000|863|6904154|211809
1200000|1|6000|3|1|0|0|288000|864|6912154|203080
1200000|1|6000|3|1|1|2|288000|864|6912154|211563
1200000|1|6000|3|1|0|0|288000|865|6920155|202342
1200000|1|6000|3|1|1|2|288000|865|6920155|211235
1200000|1|6000|3|1|0|0|288000|866|6928154|202793
1200000|1|6000|3|1|1|2|288000|866|6928154|211235
1200000|1|6000|3|1|0|0|288000|867|6936155|202752
1200000|1|6000|3|1|1|2|288000|867|6936155|210579
1200000|1|6000|3|1|0|0|288000|868|6944154|203408
1200000|1|6000|3|1|1|2|288000|868|6944154|210579
1200000|1|6000|3|1|0|0|288000|869|6952154|203449
1200000|1|6000|3|1|1|2|288000|869|6952154|210620
1200000|1|6000|3|1|0|0|288000|870|6960154|203982
1200000|1|6000|3|1|1|2|288000|870|6960154|210538
1200000|1|6000|3|1|0|0|288000|871|6968153|204269
1200000|1|6000|3|1|1|2|288000|871|6968153|210374
1200000|1|6000|3|1|0|0|288000|872|6976153|204433
1200000|1|6000|3|1|1|2|288000|872|6976153|210579
1200000|1|6000|3|1|0|0|288000|873|6984154|203982
1200000|1|6000|3|1|1|2|288000|873|6984154|209718
1200000|1|6000|3|1|0|0|288000|874|6992153|202834
1200000|1|6000|3|1|1|2|288000|874|6992153|209841
1200000|1|6000|3|1|0|0|288000|875|7000154|202383
1200000|1|6000|3|1|1|2|288000|875|7000154|209636
1200000|1|6000|3|1|0|0|288000|876|7008154|201891
1200000|1|6000|3|1|1|2|288000|876|7008154|209267
1200000|1|6000|3|1|0|0|288000|877|7016154|201850
1200000|1|6000|3|1|1|2|288000|877|7016154|209062
1200000|1|6000|3|1|0|0|288000|878|7024154|201440
1200000|1|6000|3|1|1|2|288000|878|7024154|208652
1200000|1|6000|3|1|0|0|288000|879|7032154|201563
1200000|1|6000|3|1|1|2|288000|879|7032154|208816
1200000|1|6000|3|1|0|0|288000|880|7040155|201809
1200000|1|6000|3|1|1|2|288000|880|7040155|208201
1200000|1|6000|3|1|0|0|288000|881|7048155|202096
1200000|1|6000|3|1|1|2|288000|881|7048155|208652
1200000|1|6000|3|1|0|0|288000|882|7056156|201850
1200000|1|6000|3|1|1|2|288000|882|7056156|207504
1200000|1|6000|3|1|0|0|288000|883|7064156|201563
1200000|1|6000|3|1|1|2|288000|883|7064156|207996
1200000|1|6000|3|1|0|0|288000|884|7072156|200989
1200000|1|6000|3|1|1|2|288000|884|7072156|207504
1200000|1|6000|3|1|0|0|288000|885|7080156|201030
1200000|1|6000|3|1|1|2|288000|885|7080156|206848
1200000|1|6000|3|1|0|0|288000|886|7088156|200661
1200000|1|6000|3|1|1|2|288000|886|7088156|206274
1200000|1|6000|3|1|0|0|288000|887|7096156|200415
1200000|1|6000|3|1|1|2|288000|887|7096156|205085
1200000|1|6000|3|1|0|0|288000|888|7104155|201112
1200000|1|6000|3|1|1|2|288000|888|7104155|204880
1200000|1|6000|3|1|0|0|288000|889|7112155|201235
1200000|1|6000|3|1|1|2|288000|889|7112155|204511
1200000|1|6000|3|1|0|0|288000|890|7120155|201194
1200000|1|6000|3|1|1|2|288000|890|7120155|204880
1200000|1|6000|3|1|0|0|288000|891|7128156|201030
1200000|1|6000|3|1|1|2|288000|891|7128156|204019
1200000|1|6000|3|1|0|0|288000|892|7136155|201112
1200000|1|6000|3|1|1|2|288000|892|7136155|203855
1200000|1|6000|3|1|0|0|288000|893|7144155|201194
1200000|1|6000|3|1|1|2|288000|893|7144155|203568
1200000|1|6000|3|1|0|0|288000|894|7152155|201440
1200000|1|6000|3|1|1|2|288000|894|7152155|203363
1200000|1|6000|3|1|0|0|288000|895|7160155|201235
1200000|1|6000|3|1|1|2|288000|895|7160155|203076
1200000|1|6000|3|1|0|0|288000|896|7168156|201276
1200000|1|6000|3|1|1|2|288000|896|7168156|202707
1200000|1|6000|3|1|0|0|288000|897|7176155|202465
1200000|1|6000|3|1|1|2|288000|897|7176155|202256
1200000|1|6000|3|1|0|0|288000|898|7184155|203203
1200000|1|6000|3|1|1|2|288000|898|7184155|201805
1200000|1|6000|3|1|0|0|288000|899|7192155|203941
1200000|1|6000|3|1|1|2|288000|899|7192155|201477
1200000|1|6000|3|1|0|0|288000|900|7200155|204187
1200000|1|6000|3|1|1|2|288000|900|7200155|201641
1200000|1|6000|3|1|0|0|288000|901|7208155|204802
1200000|1|6000|3|1|1|2|288000|901|7208155|201518
1200000|1|6000|3|1|0|0|288000|902|7216156|204884
1200000|1|6000|3|1|1|2|288000|902|7216156|201600
1200000|1|6000|3|1|0|0|288000|903|7224156|205376
1200000|1|6000|3|1|1|2|288000|903|7224156|201395
1200000|1|6000|3|1|0|0|288000|904|7232156|205171
1200000|1|6000|3|1|1|2|288000|904|7232156|201928
1200000|1|6000|3|1|0|0|288000|905|7240157|205212
1200000|1|6000|3|1|1|2|288000|905|7240157|202010
1200000|1|6000|3|1|0|0|288000|906|7248157|205376
1200000|1|6000|3|1|1|2|288000|906|7248157|202461
1200000|1|6000|3|1|0|0|288000|907|7256158|205540
1200000|1|6000|3|1|1|2|288000|907|7256158|201600
1200000|1|6000|3|1|0|0|288000|908|7264157|206032
1200000|1|6000|3|1|1|2|288000|908|7264157|201600
1200000|1|6000|3|1|0|0|288000|909|7272158|206483
1200000|1|6000|3|1|1|2|288000|909|7272158|200985
1200000|1|6000|3|1|0|0|288000|910|7280157|206401
1200000|1|6000|3|1|1|2|288000|910|7280157|200903
1200000|1|6000|3|1|0|0|288000|911|7288158|206811
1200000|1|6000|3|1|1|2|288000|911|7288158|200657
1200000|1|6000|3|1|0|0|288000|912|7296158|207303
1200000|1|6000|3|1|1|2|288000|912|7296158|200452
1200000|1|6000|3|1|0|0|288000|913|7304159|207713
1200000|1|6000|3|1|1|2|288000|913|7304159|200411
1200000|1|6000|3|1|0|0|288000|914|7312158|208451
1200000|1|6000|3|1|1|2|288000|914|7312158|199468
1200000|1|6000|3|1|0|0|288000|915|7320159|208861
1200000|1|6000|3|1|1|2|288000|915|7320159|198812
1200000|1|6000|3|1|0|0|288000|916|7328158|209312
1200000|1|6000|3|1|1|2|288000|916|7328158|198238
1200000|1|6000|3|1|0|0|288000|917|7336159|209681
1200000|1|6000|3|1|1|2|288000|917|7336159|197172
1200000|1|6000|3|1|0|0|288000|918|7344159|209722
1200000|1|6000|3|1|1|2|288000|918|7344159|196311
1200000|1|6000|3|1|0|0|288000|919|7352159|209230
1200000|1|6000|3|1|1|2|288000|919|7352159|195040
1200000|1|6000|3|1|0|0|288000|920|7360158|208533
1200000|1|6000|3|1|1|2|288000|920|7360158|194425
1200000|1|6000|3|1|0|0|288000|921|7368158|208123
1200000|1|6000|3|1|1|2|288000|921|7368158|194097
1200000|1|6000|3|1|0|0|288000|922|7376158|207385
1200000|1|6000|3|1|1|2|288000|922|7376158|193154
1200000|1|6000|3|1|0|0|288000|923|7384158|207549
1200000|1|6000|3|1|1|2|288000|923|7384158|192703
1200000|1|6000|3|1|0|0|288000|924|7392158|206893
1200000|1|6000|3|1|1|2|288000|924|7392158|191268
1200000|1|6000|3|1|0|0|288000|925|7400159|207221
1200000|1|6000|3|1|1|2|288000|925|7400159|190325
1200000|1|6000|3|1|0|0|288000|926|7408159|206852
1200000|1|6000|3|1|1|2|288000|926|7408159|189423
1200000|1|6000|3|1|0|0|288000|927|7416159|207672
1200000|1|6000|3|1|1|2|288000|927|7416159|188931
1200000|1|6000|3|1|0|0|288000|928|7424160|208000
1200000|1|6000|3|1|1|2|288000|928|7424160|189054
1200000|1|6000|3|1|0|0|288000|929|7432162|208123
1200000|1|6000|3|1|1|2|288000|929|7432162|188480
1200000|1|6000|3|1|0|0|288000|930|7440162|208246
1200000|1|6000|3|1|1|2|288000|930|7440162|188070
1200000|1|6000|3|1|0|0|288000|931|7448164|208328
1200000|1|6000|3|1|1|2|288000|931|7448164|188152
1200000|1|6000|3|1|0|0|288000|932|7456164|208164
1200000|1|6000|3|1|1|2|288000|932|7456164|187906
1200000|1|6000|3|1|0|0|288000|933|7464166|207877
1200000|1|6000|3|1|1|2|288000|933|7464166|187660
1200000|1|6000|3|1|0|0|288000|934|7472167|207508
1200000|1|6000|3|1|1|2|288000|934|7472167|186676
1200000|1|6000|3|1|0|0|288000|935|7480167|207098
1200000|1|6000|3|1|1|2|288000|935|7480167|187045
1200000|1|6000|3|1|0|0|288000|936|7488169|207139
1200000|1|6000|3|1|1|2|288000|936|7488169|188070
1200000|1|6000|3|1|0|0|288000|937|7496170|206811
1200000|1|6000|3|1|1|2|288000|937|7496170|188521
1200000|1|6000|3|1|0|0|288000|938|7504172|206729
1200000|1|6000|3|1|1|2|288000|938|7504172|189997
1200000|1|6000|3|1|0|0|288000|939|7512174|206483
1200000|1|6000|3|1|1|2|288000|939|7512174|190489
1200000|1|6000|3|1|0|0|288000|940|7520176|206442
1200000|1|6000|3|1|1|2|288000|940|7520176|191473
1200000|1|6000|3|1|0|0|288000|941|7528179|205499
1200000|1|6000|3|1|1|2|288000|941|7528179|191965
1200000|1|6000|3|1|0|0|288000|942|7536181|205786
1200000|1|6000|3|1|1|2|288000|942|7536181|191760
1200000|1|6000|3|1|0|0|288000|943|7544182|205089
1200000|1|6000|3|1|1|2|288000|943|7544182|191801
1200000|1|6000|3|1|0|0|288000|944|7552183|204925
1200000|1|6000|3|1|1|2|288000|944|7552183|191473
1200000|1|6000|3|1|0|0|288000|945|7560183|203900
1200000|1|6000|3|1|1|2|288000|945|7560183|191924
1200000|1|6000|3|1|0|0|288000|946|7568185|203531
1200000|1|6000|3|1|1|2|288000|946|7568185|192047
1200000|1|6000|3|1|0|0|288000|947|7576185|203326
1200000|1|6000|3|1|1|2|288000|947|7576185|192211
1200000|1|6000|3|1|0|0|288000|948|7584187|203859
1200000|1|6000|3|1|1|2|288000|948|7584187|192498
1200000|1|6000|3|1|0|0|288000|949|7592188|202957
1200000|1|6000|3|1|1|2|288000|949|7592188|192703
1200000|1|6000|3|1|0|0|288000|950|7600189|202137
1200000|1|6000|3|1|1|2|288000|950|7600189|192539
1200000|1|6000|3|1|0|0|288000|951|7608189|201686
1200000|1|6000|3|1|1|2|288000|951|7608189|192293
1200000|1|6000|3|1|0|0|288000|952|7616189|201112
1200000|1|6000|3|1|1|2|288000|952|7616189|192170
1200000|1|6000|3|1|0|0|288000|953|7624189|201030
1200000|1|6000|3|1|1|2|288000|953|7624189|191227
1200000|1|6000|3|1|0|0|288000|954|7632189|200620
1200000|1|6000|3|1|1|2|288000|954|7632189|191022
1200000|1|6000|3|1|0|0|288000|955|7640189|200784
1200000|1|6000|3|1|1|2|288000|955|7640189|191145
1200000|1|6000|3|1|0|0|288000|956|7648190|201481
1200000|1|6000|3|1|1|2|288000|956|7648190|190530
1200000|1|6000|3|1|0|0|288000|957|7656190|202260
1200000|1|6000|3|1|1|2|288000|957|7656190|190366
1200000|1|6000|3|1|0|0|288000|958|7664190|202793
1200000|1|6000|3|1|1|2|288000|958|7664190|189546
1200000|1|6000|3|1|0|0|288000|959|7672189|203080
1200000|1|6000|3|1|1|2|288000|959|7672189|190489
1200000|1|6000|3|1|0|0|288000|960|7680189|203244
1200000|1|6000|3|1|1|2|288000|960|7680189|190161
1200000|1|6000|3|1|0|0|288000|961|7688188|203859
1200000|1|6000|3|1|1|2|288000|961|7688188|190612
1200000|1|6000|3|1|0|0|288000|962|7696188|203613
1200000|1|6000|3|1|1|2|288000|962|7696188|190079
1200000|1|6000|3|1|0|0|288000|963|7704187|203736
1200000|1|6000|3|1|1|2|288000|963|7704187|190858
1200000|1|6000|3|1|0|0|288000|964|7712187|203982
1200000|1|6000|3|1|1|2|288000|964|7712187|190079
1200000|1|6000|3|1|0|0|288000|965|7720186|204146
1200000|1|6000|3|1|1|2|288000|965|7720186|190858
1200000|1|6000|3|1|0|0|288000|966|7728186|204679
1200000|1|6000|3|1|1|2|288000|966|7728186|189710
1200000|1|6000|3|1|0|0|288000|967|7736186|204597
1200000|1|6000|3|1|1|2|288000|967|7736186|189382
1200000|1|6000|3|1|0|0|288000|968|7744186|205335
1200000|1|6000|3|1|1|2|288000|968|7744186|188480
1200000|1|6000|3|1|0|0|288000|969|7752185|205909
1200000|1|6000|3|1|1|2|288000|969|7752185|188111
1200000|1|6000|3|1|0|0|288000|970|7760185|205458
1200000|1|6000|3|1|1|2|288000|970|7760185|187824
1200000|1|6000|3|1|0|0|288000|971|7768185|205294
1200000|1|6000|3|1|1|2|288000|971|7768185|187660
1200000|1|6000|3|1|0|0|288000|972|7776184|204925
1200000|1|6000|3|1|1|2|288000|972|7776184|187619
1200000|1|6000|3|1|0|0|288000|973|7784184|205417
1200000|1|6000|3|1|1|2|288000|973|7784184|187086
1200000|1|6000|3|1|0|0|288000|974|7792184|204679
1200000|1|6000|3|1|1|2|288000|974|7792184|186430
1200000|1|6000|3|1|0|0|288000|975|7800183|204597
1200000|1|6000|3|1|1|2|288000|975|7800183|185897
1200000|1|6000|3|1|0|0|288000|976|7808182|203654
1200000|1|6000|3|1|1|2|288000|976|7808182|184995
1200000|1|6000|3|1|0|0|288000|977|7816182|203613
1200000|1|6000|3|1|1|2|288000|977|7816182|184216
1200000|1|6000|3|1|0|0|288000|978|7824182|203162
1200000|1|6000|3|1|1|2|288000|978|7824182|183273
1200000|1|6000|3|1|0|0|288000|979|7832181|203408
1200000|1|6000|3|1|1|2|288000|979|7832181|182494
1200000|1|6000|3|1|0|0|288000|980|7840181|203162
1200000|1|6000|3|1|1|2|288000|980|7840181|182494
1200000|1|6000|3|1|0|0|288000|981|7848182|203039
1200000|1|6000|3|1|1|2|288000|981|7848182|182945
1200000|1|6000|3|1|0|0|288000|982|7856182|203121
1200000|1|6000|3|1|1|2|288000|982|7856182|183847
1200000|1|6000|3|1|0|0|288000|983|7864183|202424
1200000|1|6000|3|1|1|2|288000|983|7864183|183437
1200000|1|6000|3|1|0|0|288000|984|7872182|202096
1200000|1|6000|3|1|1|2|288000|984|7872182|183560
1200000|1|6000|3|1|0|0|288000|985|7880183|202055
1200000|1|6000|3|1|1|2|288000|985|7880183|183273
1200000|1|6000|3|1|0|0|288000|986|7888184|202834
1200000|1|6000|3|1|1|2|288000|986|7888184|183683
1200000|1|6000|3|1|0|0|288000|987|7896185|202424
1200000|1|6000|3|1|1|2|288000|987|7896185|182494
1200000|1|6000|3|1|0|0|288000|988|7904185|202178
1200000|1|6000|3|1|1|2|288000|988|7904185|182125
1200000|1|6000|3|1|0|0|288000|989|7912185|202219
1200000|1|6000|3|1|1|2|288000|989|7912185|181797
1200000|1|6000|3|1|0|0|288000|990|7920186|202137
1200000|1|6000|3|1|1|2|288000|990|7920186|181264
1200000|1|6000|3|1|0|0|288000|991|7928185|202342
1200000|1|6000|3|1|1|2|288000|991|7928185|181797
1200000|1|6000|3|1|0|0|288000|992|7936186|201973
1200000|1|6000|3|1|1|2|288000|992|7936186|181797
1200000|1|6000|3|1|0|0|288000|993|7944187|201932
1200000|1|6000|3|1|1|2|288000|993|7944187|182084
1200000|1|6000|3|1|0|0|288000|994|7952187|202096
1200000|1|6000|3|1|1|2|288000|994|7952187|182412
1200000|1|6000|3|1|0|0|288000|995|7960188|203039
1200000|1|6000|3|1|1|2|288000|995|7960188|182904
1200000|1|6000|3|1|0|0|288000|996|7968189|203367
1200000|1|6000|3|1|1|2|288000|996|7968189|183601
1200000|1|6000|3|1|0|0|288000|997|7976189|203941
1200000|1|6000|3|1|1|2|288000|997|7976189|183560
1200000|1|6000|3|1|0|0|288000|998|7984189|204597
1200000|1|6000|3|1|1|2|288000|998|7984189|184175
1200000|1|6000|3|1|0|0|288000|999|7992191|205294
1200000|1|6000|3|1|1|2|288000|999|7992191|184790
1200000|1|6000|3|1|0|0|288000|1000|8000191|205458
1200000|1|6000|3|1|1|2|288000|1000|8000191|185487
1200000|1|6000|3|1|0|0|288000|1001|8008192|205171
1200000|1|6000|3|1|1|2|288000|1001|8008192|185979
1200000|1|6000|3|1|0|0|288000|1002|8016193|204556
1200000|1|6000|3|1|1|2|288000|1002|8016193|185856
1200000|1|6000|3|1|0|0|288000|1003|8024193|203900
1200000|1|6000|3|1|1|2|288000|1003|8024193|186266
1200000|1|6000|3|1|0|0|288000|1004|8032193|203736
1200000|1|6000|3|1|1|2|288000|1004|8032193|186553
1200000|1|6000|3|1|0|0|288000|1005|8040193|203367
1200000|1|6000|3|1|1|2|288000|1005|8040193|186553
1200000|1|6000|3|1|0|0|288000|1006|8048194|203244
1200000|1|6000|3|1|1|2|288000|1006|8048194|186758
1200000|1|6000|3|1|0|0|288000|1007|8056194|203285
1200000|1|6000|3|1|1|2|288000|1007|8056194|187045
1200000|1|6000|3|1|0|0|288000|1008|8064195|203285
1200000|1|6000|3|1|1|2|288000|1008|8064195|187455
1200000|1|6000|3|1|0|0|288000|1009|8072196|202383
1200000|1|6000|3|1|1|2|288000|1009|8072196|187619
1200000|1|6000|3|1|0|0|288000|1010|8080197|201276
1200000|1|6000|3|1|1|2|288000|1010|8080197|187742
1200000|1|6000|3|1|0|0|288000|1011|8088197|200251
1200000|1|6000|3|1|1|2|288000|1011|8088197|187332
1200000|1|6000|3|1|0|0|288000|1012|8096197|199103
1200000|1|6000|3|1|1|2|288000|1012|8096197|187783
1200000|1|6000|3|1|0|0|288000|1013|8104197|198406
1200000|1|6000|3|1|1|2|288000|1013|8104197|187619
1200000|1|6000|3|1|0|0|288000|1014|8112197|197627
1200000|1|6000|3|1|1|2|288000|1014|8112197|187988
1200000|1|6000|3|1|0|0|288000|1015|8120197|196848
1200000|1|6000|3|1|1|2|288000|1015|8120197|187742
1200000|1|6000|3|1|0|0|288000|1016|8128197|196561
1200000|1|6000|3|1|1|2|288000|1016|8128197|187619
1200000|1|6000|3|1|0|0|288000|1017|8136198|196356
1200000|1|6000|3|1|1|2|288000|1017|8136198|187086
1200000|1|6000|3|1|0|0|288000|1018|8144197|196520
1200000|1|6000|3|1|1|2|288000|1018|8144197|187701
1200000|1|6000|3|1|0|0|288000|1019|8152198|195905
1200000|1|6000|3|1|1|2|288000|1019|8152198|188562
1200000|1|6000|3|1|0|0|288000|1020|8160199|195782
1200000|1|6000|3|1|1|2|288000|1020|8160199|188972
1200000|1|6000|3|1|0|0|288000|1021|8168199|195249
1200000|1|6000|3|1|1|2|288000|1021|8168199|190284
1200000|1|6000|3|1|0|0|288000|1022|8176200|195044
1200000|1|6000|3|1|1|2|288000|1022|8176200|190694
1200000|1|6000|3|1|0|0|288000|1023|8184200|194388
1200000|1|6000|3|1|1|2|288000|1023|8184200|191555
1200000|1|6000|3|1|0|0|288000|1024|8192201|193814
1200000|1|6000|3|1|1|2|288000|1024|8192201|192088
1200000|1|6000|3|1|0|0|288000|1025|8200202|193814
1200000|1|6000|3|1|1|2|288000|1025|8200202|192211
1200000|1|6000|3|1|0|0|288000|1026|8208201|193691
1200000|1|6000|3|1|1|2|288000|1026|8208201|191227
1200000|1|6000|3|1|0|0|288000|1027|8216200|193691
1200000|1|6000|3|1|1|2|288000|1027|8216200|190735
1200000|1|6000|3|1|0|0|288000|1028|8224199|193322
1200000|1|6000|3|1|1|2|288000|1028|8224199|189833
1200000|1|6000|3|1|0|0|288000|1029|8232198|193445
1200000|1|6000|3|1|1|2|288000|1029|8232198|189423
1200000|1|6000|3|1|0|0|288000|1030|8240198|193486
1200000|1|6000|3|1|1|2|288000|1030|8240198|188603
1200000|1|6000|3|1|0|0|288000|1031|8248197|194060
1200000|1|6000|3|1|1|2|288000|1031|8248197|188357
1200000|1|6000|3|1|0|0|288000|1032|8256196|193978
1200000|1|6000|3|1|1|2|288000|1032|8256196|188685
1200000|1|6000|3|1|0|0|288000|1033|8264196|194183
1200000|1|6000|3|1|1|2|288000|1033|8264196|188603
1200000|1|6000|3|1|0|0|288000|1034|8272196|194757
1200000|1|6000|3|1|1|2|288000|1034|8272196|188767
1200000|1|6000|3|1|0|0|288000|1035|8280195|195249
1200000|1|6000|3|1|1|2|288000|1035|8280195|188603
1200000|1|6000|3|1|0|0|288000|1036|8288195|195741
1200000|1|6000|3|1|1|2|288000|1036|8288195|188726
1200000|1|6000|3|1|0|0|288000|1037|8296194|195782
1200000|1|6000|3|1|1|2|288000|1037|8296194|188234
1200000|1|6000|3|1|0|0|288000|1038|8304194|195905
1200000|1|6000|3|1|1|2|288000|1038|8304194|187865
1200000|1|6000|3|1|0|0|288000|1039|8312192|196643
1200000|1|6000|3|1|1|2|288000|1039|8312192|186717
1200000|1|6000|3|1|0|0|288000|1040|8320191|197340
1200000|1|6000|3|1|1|2|288000|1040|8320191|186553
1200000|1|6000|3|1|0|0|288000|1041|8328191|197627
1200000|1|6000|3|1|1|2|288000|1041|8328191|185692
1200000|1|6000|3|1|0|0|288000|1042|8336190|198283
1200000|1|6000|3|1|1|2|288000|1042|8336190|184913
1200000|1|6000|3|1|0|0|288000|1043|8344189|198652
1200000|1|6000|3|1|1|2|288000|1043|8344189|184995
1200000|1|6000|3|1|0|0|288000|1044|8352189|199472
1200000|1|6000|3|1|1|2|288000|1044|8352189|184298
1200000|1|6000|3|1|0|0|288000|1045|8360187|199759
1200000|1|6000|3|1|1|2|288000|1045|8360187|183724
1200000|1|6000|3|1|0|0|288000|1046|8368187|199923
1200000|1|6000|3|1|1|2|288000|1046|8368187|183150
1200000|1|6000|3|1|0|0|288000|1047|8376186|199595
1200000|1|6000|3|1|1|2|288000|1047|8376186|183724
1200000|1|6000|3|1|0|0|288000|1048|8384187|199595
1200000|1|6000|3|1|1|2|288000|1048|8384187|184175
1200000|1|6000|3|1|0|0|288000|1049|8392187|199472
1200000|1|6000|3|1|1|2|288000|1049|8392187|184462
1200000|1|6000|3|1|0|0|288000|1050|8400187|199513
1200000|1|6000|3|1|1|2|288000|1050|8400187|184503
1200000|1|6000|3|1|0|0|288000|1051|8408188|199595
1200000|1|6000|3|1|1|2|288000|1051|8408188|185282
1200000|1|6000|3|1|0|0|288000|1052|8416189|199308
1200000|1|6000|3|1|1|2|288000|1052|8416189|185856
1200000|1|6000|3|1|0|0|288000|1053|8424191|199677
1200000|1|6000|3|1|1|2|288000|1053|8424191|186225
1200000|1|6000|3|1|0|0|288000|1054|8432192|199841
1200000|1|6000|3|1|1|2|288000|1054|8432192|186430
1200000|1|6000|3|1|0|0|288000|1055|8440192|200333
1200000|1|6000|3|1|1|2|288000|1055|8440192|186307
1200000|1|6000|3|1|0|0|288000|1056|8448191|200333
1200000|1|6000|3|1|1|2|288000|1056|8448191|185159
1200000|1|6000|3|1|0|0|288000|1057|8456190|200743
1200000|1|6000|3|1|1|2|288000|1057|8456190|183724
1200000|1|6000|3|1|0|0|288000|1058|8464189|200702
1200000|1|6000|3|1|1|2|288000|1058|8464189|182863
1200000|1|6000|3|1|0|0|288000|1059|8472189|200948
1200000|1|6000|3|1|1|2|288000|1059|8472189|181961
1200000|1|6000|3|1|0|0|288000|1060|8480189|201686
1200000|1|6000|3|1|1|2|288000|1060|8480189|181387
1200000|1|6000|3|1|0|0|288000|1061|8488188|202096
1200000|1|6000|3|1|1|2|288000|1061|8488188|180526
1200000|1|6000|3|1|0|0|288000|1062|8496188|202055
1200000|1|6000|3|1|1|2|288000|1062|8496188|180567
1200000|1|6000|3|1|0|0|288000|1063|8504188|202014
1200000|1|6000|3|1|1|2|288000|1063|8504188|181100
1200000|1|6000|3|1|0|0|288000|1064|8512190|201932
1200000|1|6000|3|1|1|2|288000|1064|8512190|181346
1200000|1|6000|3|1|0|0|288000|1065|8520191|201809
1200000|1|6000|3|1|1|2|288000|1065|8520191|182207
1200000|1|6000|3|1|0|0|288000|1066|8528192|202096
1200000|1|6000|3|1|1|2|288000|1066|8528192|182248
1200000|1|6000|3|1|0|0|288000|1067|8536193|202055
1200000|1|6000|3|1|1|2|288000|1067|8536193|182740
1200000|1|6000|3|1|0|0|288000|1068|8544193|201399
1200000|1|6000|3|1|1|2|288000|1068|8544193|182822
1200000|1|6000|3|1|0|0|288000|1069|8552194|200907
1200000|1|6000|3|1|1|2|288000|1069|8552194|183191
1200000|1|6000|3|1|0|0|288000|1070|8560195|200907
1200000|1|6000|3|1|1|2|288000|1070|8560195|183068
1200000|1|6000|3|1|0|0|288000|1071|8568195|200866
1200000|1|6000|3|1|1|2|288000|1071|8568195|183437
1200000|1|6000|3|1|0|0|288000|1072|8576195|200333
1200000|1|6000|3|1|1|2|288000|1072|8576195|183601
1200000|1|6000|3|1|0|0|288000|1073|8584196|200169
1200000|1|6000|3|1|1|2|288000|1073|8584196|183847
1200000|1|6000|3|1|0|0|288000|1074|8592196|199800
1200000|1|6000|3|1|1|2|288000|1074|8592196|183929
1200000|1|6000|3|1|0|0|288000|1075|8600197|199636
1200000|1|6000|3|1|1|2|288000|1075|8600197|184093
1200000|1|6000|3|1|0|0|288000|1076|8608197|199308
1200000|1|6000|3|1|1|2|288000|1076|8608197|184175
1200000|1|6000|3|1|0|0|288000|1077|8616197|199349
1200000|1|6000|3|1|1|2|288000|1077|8616197|184052
1200000|1|6000|3|1|0|0|288000|1078|8624198|199308
1200000|1|6000|3|1|1|2|288000|1078|8624198|184216
1200000|1|6000|3|1|0|0|288000|1079|8632198|199636
1200000|1|6000|3|1|1|2|288000|1079|8632198|183929
1200000|1|6000|3|1|0|0|288000|1080|8640199|199636
1200000|1|6000|3|1|1|2|288000|1080|8640199|183888
1200000|1|6000|3|1|0|0|288000|1081|8648199|199677
1200000|1|6000|3|1|1|2|288000|1081|8648199|184544
1200000|1|6000|3|1|0|0|288000|1082|8656200|200005
1200000|1|6000|3|1|1|2|288000|1082|8656200|184913
1200000|1|6000|3|1|0|0|288000|1083|8664200|200128
1200000|1|6000|3|1|1|2|288000|1083|8664200|185610
1200000|1|6000|3|1|0|0|288000|1084|8672201|199431
1200000|1|6000|3|1|1|2|288000|1084|8672201|186471
1200000|1|6000|3|1|0|0|288000|1085|8680202|199021
1200000|1|6000|3|1|1|2|288000|1085|8680202|187045
1200000|1|6000|3|1|0|0|288000|1086|8688202|198570
1200000|1|6000|3|1|1|2|288000|1086|8688202|187742
1200000|1|6000|3|1|0|0|288000|1087|8696203|198037
1200000|1|6000|3|1|1|2|288000|1087|8696203|187988
1200000|1|6000|3|1|0|0|288000|1088|8704203|197504
1200000|1|6000|3|1|1|2|288000|1088|8704203|188480
1200000|1|6000|3|1|0|0|288000|1089|8712204|197217
1200000|1|6000|3|1|1|2|288000|1089|8712204|188808
1200000|1|6000|3|1|0|0|288000|1090|8720204|196725
1200000|1|6000|3|1|1|2|288000|1090|8720204|189095
1200000|1|6000|3|1|0|0|288000|1091|8728204|196602
1200000|1|6000|3|1|1|2|288000|1091|8728204|189669
1200000|1|6000|3|1|0|0|288000|1092|8736205|196561
1200000|1|6000|3|1|1|2|288000|1092|8736205|189669
1200000|1|6000|3|1|0|0|288000|1093|8744205|196889
1200000|1|6000|3|1|1|2|288000|1093|8744205|190366
1200000|1|6000|3|1|0|0|288000|1094|8752206|196356
1200000|1|6000|3|1|1|2|288000|1094|8752206|189833
1200000|1|6000|3|1|0|0|288000|1095|8760206|196602
1200000|1|6000|3|1|1|2|288000|1095|8760206|190038
1200000|1|6000|3|1|0|0|288000|1096|8768207|195659
1200000|1|6000|3|1|1|2|288000|1096|8768207|189915
1200000|1|6000|3|1|0|0|288000|1097|8776207|195741
1200000|1|6000|3|1|1|2|288000|1097|8776207|190038
1200000|1|6000|3|1|0|0|288000|1098|8784208|195331
1200000|1|6000|3|1|1|2|288000|1098|8784208|190366
1200000|1|6000|3|1|0|0|288000|1099|8792209|194880
1200000|1|6000|3|1|1|2|288000|1099|8792209|190653
1200000|1|6000|3|1|0|0|288000|1100|8800210|194183
1200000|1|6000|3|1|1|2|288000|1100|8800210|190694
1200000|1|6000|3|1|0|0|288000|1101|8808210|193691
1200000|1|6000|3|1|1|2|288000|1101|8808210|190899
1200000|1|6000|3|1|0|0|288000|1102|8816211|193158
1200000|1|6000|3|1|1|2|288000|1102|8816211|190858
1200000|1|6000|3|1|0|0|288000|1103|8824211|192092
1200000|1|6000|3|1|1|2|288000|1103|8824211|190694
1200000|1|6000|3|1|0|0|288000|1104|8832212|191887
1200000|1|6000|3|1|1|2|288000|1104|8832212|190612
1200000|1|6000|3|1|0|0|288000|1105|8840213|191067
1200000|1|6000|3|1|1|2|288000|1105|8840213|190038
1200000|1|6000|3|1|0|0|288000|1106|8848213|191682
1200000|1|6000|3|1|1|2|288000|1106|8848213|189956
1200000|1|6000|3|1|0|0|288000|1107|8856214|191313
1200000|1|6000|3|1|1|2|288000|1107|8856214|189833
1200000|1|6000|3|1|0|0|288000|1108|8864214|191313
1200000|1|6000|3|1|1|2|288000|1108|8864214|189587
1200000|1|6000|3|1|0|0|288000|1109|8872215|190821
1200000|1|6000|3|1|1|2|288000|1109|8872215|190694
1200000|1|6000|3|1|0|0|288000|1110|8880216|190616
1200000|1|6000|3|1|1|2|288000|1110|8880216|190612
1200000|1|6000|3|1|0|0|288000|1111|8888216|190698
1200000|1|6000|3|1|1|2|288000|1111|8888216|191965
1200000|1|6000|3|1|0|0|288000|1112|8896217|189960
1200000|1|6000|3|1|1|2|288000|1112|8896217|191760
1200000|1|6000|3|1|0|0|288000|1113|8904217|189714
1200000|1|6000|3|1|1|2|288000|1113|8904217|192416
1200000|1|6000|3|1|0|0|288000|1114|8912218|189714
1200000|1|6000|3|1|1|2|288000|1114|8912218|192088
1200000|1|6000|3|1|0|0|288000|1115|8920218|190206
1200000|1|6000|3|1|1|2|288000|1115|8920218|192539
1200000|1|6000|3|1|0|0|288000|1116|8928219|190124
1200000|1|6000|3|1|1|2|288000|1116|8928219|191965
1200000|1|6000|3|1|0|0|288000|1117|8936219|190288
1200000|1|6000|3|1|1|2|288000|1117|8936219|191432
1200000|1|6000|3|1|0|0|288000|1118|8944219|190206
1200000|1|6000|3|1|1|2|288000|1118|8944219|192047
1200000|1|6000|3|1|0|0|288000|1119|8952220|190329
1200000|1|6000|3|1|1|2|288000|1119|8952220|191473
1200000|1|6000|3|1|0|0|288000|1120|8960220|190739
1200000|1|6000|3|1|1|2|288000|1120|8960220|192047
1200000|1|6000|3|1|0|0|288000|1121|8968221|190698
1200000|1|6000|3|1|1|2|288000|1121|8968221|192047
1200000|1|6000|3|1|0|0|288000|1122|8976220|191600
1200000|1|6000|3|1|1|2|288000|1122|8976220|192867
1200000|1|6000|3|1|0|0|288000|1123|8984222|191436
1200000|1|6000|3|1|1|2|288000|1123|8984222|192744
1200000|1|6000|3|1|0|0|288000|1124|8992222|192010
1200000|1|6000|3|1|1|2|288000|1124|8992222|192498
1200000|1|6000|3|1|0|0|288000|1125|9000223|192051
1200000|1|6000|3|1|1|2|288000|1125|9000223|192088
1200000|1|6000|3|1|0|0|288000|1126|9008223|192789
1200000|1|6000|3|1|1|2|288000|1126|9008223|191719
1200000|1|6000|3|1|0|0|288000|1127|9016224|192625
1200000|1|6000|3|1|1|2|288000|1127|9016224|191924
1200000|1|6000|3|1|0|0|288000|1128|9024225|193240
1200000|1|6000|3|1|1|2|288000|1128|9024225|191719
1200000|1|6000|3|1|0|0|288000|1129|9032225|193445
1200000|1|6000|3|1|1|2|288000|1129|9032225|191596
1200000|1|6000|3|1|0|0|288000|1130|9040225|192953
1200000|1|6000|3|1|1|2|288000|1130|9040225|191063
1200000|1|6000|3|1|0|0|288000|1131|9048225|193240
1200000|1|6000|3|1|1|2|288000|1131|9048225|191555
1200000|1|6000|3|1|0|0|288000|1132|9056226|193076
1200000|1|6000|3|1|1|2|288000|1132|9056226|191186
1200000|1|6000|3|1|0|0|288000|1133|9064226|193691
1200000|1|6000|3|1|1|2|288000|1133|9064226|190489
1200000|1|6000|3|1|0|0|288000|1134|9072226|193609
1200000|1|6000|3|1|1|2|288000|1134|9072226|190489
1200000|1|6000|3|1|0|0|288000|1135|9080227|193773
1200000|1|6000|3|1|1|2|288000|1135|9080227|190038
1200000|1|6000|3|1|0|0|288000|1136|9088228|194306
1200000|1|6000|3|1|1|2|288000|1136|9088228|190202
1200000|1|6000|3|1|0|0|288000|1137|9096229|194511
1200000|1|6000|3|1|1|2|288000|1137|9096229|189874
1200000|1|6000|3|1|0|0|288000|1138|9104230|194921
1200000|1|6000|3|1|1|2|288000|1138|9104230|189792
1200000|1|6000|3|1|0|0|288000|1139|9112231|195208
1200000|1|6000|3|1|1|2|288000|1139|9112231|189915
1200000|1|6000|3|1|0|0|288000|1140|9120231|195454
1200000|1|6000|3|1|1|2|288000|1140|9120231|190243
1200000|1|6000|3|1|0|0|288000|1141|9128232|195536
1200000|1|6000|3|1|1|2|288000|1141|9128232|190612
1200000|1|6000|3|1|0|0|288000|1142|9136232|195536
1200000|1|6000|3|1|1|2|288000|1142|9136232|190038
1200000|1|6000|3|1|0|0|288000|1143|9144233|195003
1200000|1|6000|3|1|1|2|288000|1143|9144233|190735
1200000|1|6000|3|1|0|0|288000|1144|9152234|194880
1200000|1|6000|3|1|1|2|288000|1144|9152234|190284
1200000|1|6000|3|1|0|0|288000|1145|9160234|195208
1200000|1|6000|3|1|1|2|288000|1145|9160234|190571
1200000|1|6000|3|1|0|0|288000|1146|9168235|195003
1200000|1|6000|3|1|1|2|288000|1146|9168235|189956
1200000|1|6000|3|1|0|0|288000|1147|9176235|195085
1200000|1|6000|3|1|1|2|288000|1147|9176235|189874
1200000|1|6000|3|1|0|0|288000|1148|9184236|194306
1200000|1|6000|3|1|1|2|288000|1148|9184236|190161
1200000|1|6000|3|1|0|0|288000|1149|9192237|194593
1200000|1|6000|3|1|1|2|288000|1149|9192237|190120
1200000|1|6000|3|1|0|0|288000|1150|9200237|193855
1200000|1|6000|3|1|1|2|288000|1150|9200237|190407
1200000|1|6000|3|1|0|0|288000|1151|9208238|193855
1200000|1|6000|3|1|1|2|288000|1151|9208238|190571
1200000|1|6000|3|1|0|0|288000|1152|9216239|193281
1200000|1|6000|3|1|1|2|288000|1152|9216239|190940
1200000|1|6000|3|1|0|0|288000|1153|9224239|193855
1200000|1|6000|3|1|1|2|288000|1153|9224239|191104
1200000|1|6000|3|1|0|0|288000|1154|9232240|193240
1200000|1|6000|3|1|1|2|288000|1154|9232240|191719
1200000|1|6000|3|1|0|0|288000|1155|9240241|193158
1200000|1|6000|3|1|1|2|288000|1155|9240241|192621
1200000|1|6000|3|1|0|0|288000|1156|9248242|192707
1200000|1|6000|3|1|1|2|288000|1156|9248242|192949
1200000|1|6000|3|1|0|0|288000|1157|9256242|193117
1200000|1|6000|3|1|1|2|288000|1157|9256242|193769
1200000|1|6000|3|1|0|0|288000|1158|9264243|193281
1200000|1|6000|3|1|1|2|288000|1158|9264243|194343
1200000|1|6000|3|1|0|0|288000|1159|9272243|192830
1200000|1|6000|3|1|1|2|288000|1159|9272243|195409
1200000|1|6000|3|1|0|0|288000|1160|9280244|192871
1200000|1|6000|3|1|1|2|288000|1160|9280244|195860
1200000|1|6000|3|1|0|0|288000|1161|9288245|192953
1200000|1|6000|3|1|1|2|288000|1161|9288245|196598
1200000|1|6000|3|1|0|0|288000|1162|9296246|192871
1200000|1|6000|3|1|1|2|288000|1162|9296246|196188
1200000|1|6000|3|1|0|0|288000|1163|9304246|193240
1200000|1|6000|3|1|1|2|288000|1163|9304246|196680
1200000|1|6000|3|1|0|0|288000|1164|9312247|193445
1200000|1|6000|3|1|1|2|288000|1164|9312247|197254
1200000|1|6000|3|1|0|0|288000|1165|9320248|193896
1200000|1|6000|3|1|1|2|288000|1165|9320248|197336
1200000|1|6000|3|1|0|0|288000|1166|9328248|195495
1200000|1|6000|3|1|1|2|288000|1166|9328248|197459
1200000|1|6000|3|1|0|0|288000|1167|9336249|195946
1200000|1|6000|3|1|1|2|288000|1167|9336249|197172
1200000|1|6000|3|1|0|0|288000|1168|9344249|196766
1200000|1|6000|3|1|1|2|288000|1168|9344249|197869
1200000|1|6000|3|1|0|0|288000|1169|9352250|197627
1200000|1|6000|3|1|1|2|288000|1169|9352250|198033
1200000|1|6000|3|1|0|0|288000|1170|9360250|198201
1200000|1|6000|3|1|1|2|288000|1170|9360250|198361
1200000|1|6000|3|1|0|0|288000|1171|9368250|198693
1200000|1|6000|3|1|1|2|288000|1171|9368250|198525
1200000|1|6000|3|1|0|0|288000|1172|9376251|199226
1200000|1|6000|3|1|1|2|288000|1172|9376251|198566
1200000|1|6000|3|1|0|0|288000|1173|9384252|200210
1200000|1|6000|3|1|1|2|288000|1173|9384252|198648
1200000|1|6000|3|1|0|0|288000|1174|9392252|200374
1200000|1|6000|3|1|1|2|288000|1174|9392252|198566
1200000|1|6000|3|1|0|0|288000|1175|9400253|200825
1200000|1|6000|3|1|1|2|288000|1175|9400253|198115
1200000|1|6000|3|1|0|0|288000|1176|9408253|201399
1200000|1|6000|3|1|1|2|288000|1176|9408253|197910
1200000|1|6000|3|1|0|0|288000|1177|9416252|201727
1200000|1|6000|3|1|1|2|288000|1177|9416252|198443
1200000|1|6000|3|1|0|0|288000|1178|9424252|202752
1200000|1|6000|3|1|1|2|288000|1178|9424252|198320
1200000|1|6000|3|1|0|0|288000|1179|9432252|203162
1200000|1|6000|3|1|1|2|288000|1179|9432252|198238
1200000|1|6000|3|1|0|0|288000|1180|9440251|204392
1200000|1|6000|3|1|1|2|288000|1180|9440251|197828
1200000|1|6000|3|1|0|0|288000|1181|9448251|204638
1200000|1|6000|3|1|1|2|288000|1181|9448251|197951
1200000|1|6000|3|1|0|0|288000|1182|9456250|205130
1200000|1|6000|3|1|1|2|288000|1182|9456250|198525
1200000|1|6000|3|1|0|0|288000|1183|9464251|205417
1200000|1|6000|3|1|1|2|288000|1183|9464251|198935
1200000|1|6000|3|1|0|0|288000|1184|9472252|205663
1200000|1|6000|3|1|1|2|288000|1184|9472252|199304
1200000|1|6000|3|1|0|0|288000|1185|9480252|205417
1200000|1|6000|3|1|1|2|288000|1185|9480252|199673
1200000|1|6000|3|1|0|0|288000|1186|9488252|205253
1200000|1|6000|3|1|1|2|288000|1186|9488252|200493
1200000|1|6000|3|1|0|0|288000|1187|9496253|204638
1200000|1|6000|3|1|1|2|288000|1187|9496253|200944
1200000|1|6000|3|1|0|0|288000|1188|9504254|203654
1200000|1|6000|3|1|1|2|288000|1188|9504254|201641
1200000|1|6000|3|1|0|0|288000|1189|9512254|203941
1200000|1|6000|3|1|1|2|288000|1189|9512254|202338
1200000|1|6000|3|1|0|0|288000|1190|9520255|204228
1200000|1|6000|3|1|1|2|288000|1190|9520255|202420
1200000|1|6000|3|1|0|0|288000|1191|9528255|204515
1200000|1|6000|3|1|1|2|288000|1191|9528255|203199
1200000|1|6000|3|1|0|0|288000|1192|9536255|204228
1200000|1|6000|3|1|1|2|288000|1192|9536255|202994
1200000|1|6000|3|1|0|0|288000|1193|9544255|203859
1200000|1|6000|3|1|1|2|288000|1193|9544255|204224
1200000|1|6000|3|1|0|0|288000|1194|9552256|203654
1200000|1|6000|3|1|1|2|288000|1194|9552256|204060
1200000|1|6000|3|1|0|0|288000|1195|9560256|203613
1200000|1|6000|3|1|1|2|288000|1195|9560256|204798
1200000|1|6000|3|1|0|0|288000|1196|9568257|203900
1200000|1|6000|3|1|1|2|288000|1196|9568257|205003
1200000|1|6000|3|1|0|0|288000|1197|9576257|202875
1200000|1|6000|3|1|1|2|288000|1197|9576257|206192
1200000|1|6000|3|1|0|0|288000|1198|9584259|202711
1200000|1|6000|3|1|1|2|288000|1198|9584259|206684
1200000|1|6000|3|1|0|0|288000|1199|9592260|201850
1200000|1|6000|3|1|1|2|288000|1199|9592260|208160
1200000|1|6000|3|1|0|0|288000|1200|9600261|201645
1200000|1|6000|3|1|1|2|288000|1200|9600261|209308
1200000|1|6000|3|1|0|0|288000|1201|9608262|201235
1200000|1|6000|3|1|1|2|288000|1201|9608262|210579
1200000|1|6000|3|1|0|0|288000|1202|9616263|200292
1200000|1|6000|3|1|1|2|288000|1202|9616263|211358
1200000|1|6000|3|1|0|0|288000|1203|9624264|199800
1200000|1|6000|3|1|1|2|288000|1203|9624264|212342
1200000|1|6000|3|1|0|0|288000|1204|9632265|199021
1200000|1|6000|3|1|1|2|288000|1204|9632265|213367
1200000|1|6000|3|1|0|0|288000|1205|9640266|199185
1200000|1|6000|3|1|1|2|288000|1205|9640266|214146
1200000|1|6000|3|1|0|0|288000|1206|9648266|199308
1200000|1|6000|3|1|1|2|288000|1206|9648266|214310
1200000|1|6000|3|1|0|0|288000|1207|9656266|198693
1200000|1|6000|3|1|1|2|288000|1207|9656266|214351
1200000|1|6000|3|1|0|0|288000|1208|9664267|198857
1200000|1|6000|3|1|1|2|288000|1208|9664267|214310
1200000|1|6000|3|1|0|0|288000|1209|9672267|198693
1200000|1|6000|3|1|1|2|288000|1209|9672267|215294
1200000|1|6000|3|1|0|0|288000|1210|9680269|198693
1200000|1|6000|3|1|1|2|288000|1210|9680269|216647
1200000|1|6000|3|1|0|0|288000|1211|9688271|198734
1200000|1|6000|3|1|1|2|288000|1211|9688271|217918
1200000|1|6000|3|1|0|0|288000|1212|9696273|198365
1200000|1|6000|3|1|1|2|288000|1212|9696273|218738
1200000|1|6000|3|1|0|0|288000|1213|9704274|198283
1200000|1|6000|3|1|1|2|288000|1213|9704274|218123
1200000|1|6000|3|1|0|0|288000|1214|9712274|197873
1200000|1|6000|3|1|1|2|288000|1214|9712274|219312
1200000|1|6000|3|1|0|0|288000|1215|9720274|197832
1200000|1|6000|3|1|1|2|288000|1215|9720274|218779
1200000|1|6000|3|1|0|0|288000|1216|9728273|197750
1200000|1|6000|3|1|1|2|288000|1216|9728273|219476
1200000|1|6000|3|1|0|0|288000|1217|9736273|197176
1200000|1|6000|3|1|1|2|288000|1217|9736273|218820
1200000|1|6000|3|1|0|0|288000|1218|9744272|196602
1200000|1|6000|3|1|1|2|288000|1218|9744272|219476
1200000|1|6000|3|1|0|0|288000|1219|9752273|196848
1200000|1|6000|3|1|1|2|288000|1219|9752273|219025
1200000|1|6000|3|1|0|0|288000|1220|9760272|197258
1200000|1|6000|3|1|1|2|288000|1220|9760272|220214
1200000|1|6000|3|1|0|0|288000|1221|9768273|197299
1200000|1|6000|3|1|1|2|288000|1221|9768273|220050
1200000|1|6000|3|1|0|0|288000|1222|9776274|197381
1200000|1|6000|3|1|1|2|288000|1222|9776274|219763
1200000|1|6000|3|1|0|0|288000|1223|9784274|197504
1200000|1|6000|3|1|1|2|288000|1223|9784274|220706
1200000|1|6000|3|1|0|0|288000|1224|9792275|197627
1200000|1|6000|3|1|1|2|288000|1224|9792275|221321
1200000|1|6000|3|1|0|0|288000|1225|9800276|197586
1200000|1|6000|3|1|1|2|288000|1225|9800276|222059
1200000|1|6000|3|1|0|0|288000|1226|9808277|197955
1200000|1|6000|3|1|1|2|288000|1226|9808277|222387
1200000|1|6000|3|1|0|0|288000|1227|9816278|198529
1200000|1|6000|3|1|1|2|288000|1227|9816278|222223
1200000|1|6000|3|1|0|0|288000|1228|9824278|199267
1200000|1|6000|3|1|1|2|288000|1228|9824278|222346
1200000|1|6000|3|1|0|0|288000|1229|9832278|199718
1200000|1|6000|3|1|1|2|288000|1229|9832278|222510
1200000|1|6000|3|1|0|0|288000|1230|9840278|200661
1200000|1|6000|3|1|1|2|288000|1230|9840278|222510
1200000|1|6000|3|1|0|0|288000|1231|9848279|201358
1200000|1|6000|3|1|1|2|288000|1231|9848279|222961
1200000|1|6000|3|1|0|0|288000|1232|9856279|202260
1200000|1|6000|3|1|1|2|288000|1232|9856279|223289
1200000|1|6000|3|1|0|0|288000|1233|9864280|202916
1200000|1|6000|3|1|1|2|288000|1233|9864280|223494
1200000|1|6000|3|1|0|0|288000|1234|9872281|202834
1200000|1|6000|3|1|1|2|288000|1234|9872281|223822
1200000|1|6000|3|1|0|0|288000|1235|9880282|202383
1200000|1|6000|3|1|1|2|288000|1235|9880282|223166
1200000|1|6000|3|1|0|0|288000|1236|9888281|202260
1200000|1|6000|3|1|1|2|288000|1236|9888281|222305
1200000|1|6000|3|1|0|0|288000|1237|9896280|201973
1200000|1|6000|3|1|1|2|288000|1237|9896280|221772
1200000|1|6000|3|1|0|0|288000|1238|9904279|201809
1200000|1|6000|3|1|1|2|288000|1238|9904279|221936
1200000|1|6000|3|1|0|0|288000|1239|9912279|201809
1200000|1|6000|3|1|1|2|288000|1239|9912279|221116
1200000|1|6000|3|1|0|0|288000|1240|9920278|202260
1200000|1|6000|3|1|1|2|288000|1240|9920278|221198
1200000|1|6000|3|1|0|0|288000|1241|9928278|201809
1200000|1|6000|3|1|1|2|288000|1241|9928278|219763
1200000|1|6000|3|1|0|0|288000|1242|9936276|201358
1200000|1|6000|3|1|1|2|288000|1242|9936276|220255
1200000|1|6000|3|1|0|0|288000|1243|9944278|200907
1200000|1|6000|3|1|1|2|288000|1243|9944278|219681
1200000|1|6000|3|1|0|0|288000|1244|9952277|200292
1200000|1|6000|3|1|1|2|288000|1244|9952277|219722
1200000|1|6000|3|1|0|0|288000|1245|9960277|199841
1200000|1|6000|3|1|1|2|288000|1245|9960277|219599
1200000|1|6000|3|1|0|0|288000|1246|9968277|199226
1200000|1|6000|3|1|1|2|288000|1246|9968277|219517
1200000|1|6000|3|1|0|0|288000|1247|9976276|198406
1200000|1|6000|3|1|1|2|288000|1247|9976276|219107
1200000|1|6000|3|1|0|0|288000|1248|9984275|197832
1200000|1|6000|3|1|1|2|288000|1248|9984275|219230
1200000|1|6000|3|1|0|0|288000|1249|9992275|197873
1200000|1|6000|3|1|1|2|288000|1249|9992275|218697
1200000|1|6000|3|1|0|0|288000|1250|10000274|197873
1200000|1|6000|3|1|1|2|288000|1250|10000274|218369
1200000|1|6000|3|1|0|0|288000|1251|10008273|197545
1200000|1|6000|3|1|1|2|288000|1251|10008273|218000
1200000|1|6000|3|1|0|0|288000|1252|10016272|197340
1200000|1|6000|3|1|1|2|288000|1252|10016272|216893
1200000|1|6000|3|1|0|0|288000|1253|10024271|196684
1200000|1|6000|3|1|1|2|288000|1253|10024271|216237
1200000|1|6000|3|1|0|0|288000|1254|10032270|196479
1200000|1|6000|3|1|1|2|288000|1254|10032270|215909
1200000|1|6000|3|1|0|0|288000|1255|10040270|196315
1200000|1|6000|3|1|1|2|288000|1255|10040270|215991
1200000|1|6000|3|1|0|0|288000|1256|10048270|196315
1200000|1|6000|3|1|1|2|288000|1256|10048270|215581
1200000|1|6000|3|1|0|0|288000|1257|10056269|195700
1200000|1|6000|3|1|1|2|288000|1257|10056269|215909
1200000|1|6000|3|1|0|0|288000|1258|10064269|194962
1200000|1|6000|3|1|1|2|288000|1258|10064269|215581
1200000|1|6000|3|1|0|0|288000|1259|10072268|194880
1200000|1|6000|3|1|1|2|288000|1259|10072268|215294
1200000|1|6000|3|1|0|0|288000|1260|10080267|193814
1200000|1|6000|3|1|1|2|288000|1260|10080267|214597
1200000|1|6000|3|1|0|0|288000|1261|10088266|193527
1200000|1|6000|3|1|1|2|288000|1261|10088266|214392
1200000|1|6000|3|1|0|0|288000|1262|10096265|192666
1200000|1|6000|3|1|1|2|288000|1262|10096265|213859
1200000|1|6000|3|1|0|0|288000|1263|10104265|192543
1200000|1|6000|3|1|1|2|288000|1263|10104265|214105
1200000|1|6000|3|1|0|0|288000|1264|10112266|191846
1200000|1|6000|3|1|1|2|288000|1264|10112266|213695
1200000|1|6000|3|1|0|0|288000|1265|10120266|191846
1200000|1|6000|3|1|1|2|288000|1265|10120266|213203
1200000|1|6000|3|1|0|0|288000|1266|10128266|191805
1200000|1|6000|3|1|1|2|288000|1266|10128266|213326
1200000|1|6000|3|1|0|0|288000|1267|10136266|191395
1200000|1|6000|3|1|1|2|288000|1267|10136266|213449
1200000|1|6000|3|1|0|0|288000|1268|10144266|191354
1200000|1|6000|3|1|1|2|288000|1268|10144266|213408
1200000|1|6000|3|1|0|0|288000|1269|10152265|190903
1200000|1|6000|3|1|1|2|288000|1269|10152265|213162
1200000|1|6000|3|1|0|0|288000|1270|10160265|191354
1200000|1|6000|3|1|1|2|288000|1270|10160265|213244
1200000|1|6000|3|1|0|0|288000|1271|10168264|191149
1200000|1|6000|3|1|1|2|288000|1271|10168264|213244
1200000|1|6000|3|1|0|0|288000|1272|10176264|191600
1200000|1|6000|3|1|1|2|288000|1272|10176264|213613
1200000|1|6000|3|1|0|0|288000|1273|10184264|191436
1200000|1|6000|3|1|1|2|288000|1273|10184264|214023
1200000|1|6000|3|1|0|0|288000|1274|10192265|191395
1200000|1|6000|3|1|1|2|288000|1274|10192265|214556
1200000|1|6000|3|1|0|0|288000|1275|10200266|191600
1200000|1|6000|3|1|1|2|288000|1275|10200266|214802
1200000|1|6000|3|1|0|0|288000|1276|10208266|191641
1200000|1|6000|3|1|1|2|288000|1276|10208266|215212
1200000|1|6000|3|1|0|0|288000|1277|10216266|191764
1200000|1|6000|3|1|1|2|288000|1277|10216266|215294
1200000|1|6000|3|1|0|0|288000|1278|10224266|191477
1200000|1|6000|3|1|1|2|288000|1278|10224266|215704
1200000|1|6000|3|1|0|0|288000|1279|10232267|192092
1200000|1|6000|3|1|1|2|288000|1279|10232267|216401
1200000|1|6000|3|1|0|0|288000|1280|10240267|191354
1200000|1|6000|3|1|1|2|288000|1280|10240267|217426
1200000|1|6000|3|1|0|0|288000|1281|10248268|191723
1200000|1|6000|3|1|1|2|288000|1281|10248268|217754
1200000|1|6000|3|1|0|0|288000|1282|10256269|191436
1200000|1|6000|3|1|1|2|288000|1282|10256269|217959
1200000|1|6000|3|1|0|0|288000|1283|10264270|192543
1200000|1|6000|3|1|1|2|288000|1283|10264270|219066
1200000|1|6000|3|1|0|0|288000|1284|10272272|192625
1200000|1|6000|3|1|1|2|288000|1284|10272272|219148
1200000|1|6000|3|1|0|0|288000|1285|10280273|193650
1200000|1|6000|3|1|1|2|288000|1285|10280273|220255
1200000|1|6000|3|1|0|0|288000|1286|10288275|193896
1200000|1|6000|3|1|1|2|288000|1286|10288275|220706
1200000|1|6000|3|1|0|0|288000|1287|10296276|194060
1200000|1|6000|3|1|1|2|288000|1287|10296276|220911
1200000|1|6000|3|1|0|0|288000|1288|10304276|194265
1200000|1|6000|3|1|1|2|288000|1288|10304276|221075
1200000|1|6000|3|1|0|0|288000|1289|10312277|194511
1200000|1|6000|3|1|1|2|288000|1289|10312277|221034
1200000|1|6000|3|1|0|0|288000|1290|10320276|194962
1200000|1|6000|3|1|1|2|288000|1290|10320276|221403
1200000|1|6000|3|1|0|0|288000|1291|10328277|195454
1200000|1|6000|3|1|1|2|288000|1291|10328277|220952
1200000|1|6000|3|1|0|0|288000|1292|10336278|195700
1200000|1|6000|3|1|1|2|288000|1292|10336278|221567
1200000|1|6000|3|1|0|0|288000|1293|10344279|196110
1200000|1|6000|3|1|1|2|288000|1293|10344279|221485
1200000|1|6000|3|1|0|0|288000|1294|10352279|196028
1200000|1|6000|3|1|1|2|288000|1294|10352279|222387
1200000|1|6000|3|1|0|0|288000|1295|10360281|195577
1200000|1|6000|3|1|1|2|288000|1295|10360281|222879
1200000|1|6000|3|1|0|0|288000|1296|10368282|195823
1200000|1|6000|3|1|1|2|288000|1296|10368282|223494
1200000|1|6000|3|1|0|0|288000|1297|10376282|195290
1200000|1|6000|3|1|1|2|288000|1297|10376282|224109
1200000|1|6000|3|1|0|0|288000|1298|10384283|195454
1200000|1|6000|3|1|1|2|288000|1298|10384283|224847
1200000|1|6000|3|1|0|0|288000|1299|10392283|195085
1200000|1|6000|3|1|1|2|288000|1299|10392283|225831
1200000|1|6000|3|1|0|0|288000|1300|10400285|195536
1200000|1|6000|3|1|1|2|288000|1300|10400285|225872
1200000|1|6000|3|1|0|0|288000|1301|10408285|195208
1200000|1|6000|3|1|1|2|288000|1301|10408285|226077
1200000|1|6000|3|1|0|0|288000|1302|10416286|195782
1200000|1|6000|3|1|1|2|288000|1302|10416286|226364
1200000|1|6000|3|1|0|0|288000|1303|10424286|195946
1200000|1|6000|3|1|1|2|288000|1303|10424286|226528
1200000|1|6000|3|1|0|0|288000|1304|10432286|195741
1200000|1|6000|3|1|1|2|288000|1304|10432286|227061
1200000|1|6000|3|1|0|0|288000|1305|10440287|195987
1200000|1|6000|3|1|1|2|288000|1305|10440287|227553
1200000|1|6000|3|1|0|0|288000|1306|10448288|196028
1200000|1|6000|3|1|1|2|288000|1306|10448288|227635
1200000|1|6000|3|1|0|0|288000|1307|10456288|195700
1200000|1|6000|3|1|1|2|288000|1307|10456288|228250
1200000|1|6000|3|1|0|0|288000|1308|10464288|195372
1200000|1|6000|3|1|1|2|288000|1308|10464288|228824
1200000|1|6000|3|1|0|0|288000|1309|10472289|195741
1200000|1|6000|3|1|1|2|288000|1309|10472289|229521
1200000|1|6000|3|1|0|0|288000|1310|10480289|195249
1200000|1|6000|3|1|1|2|288000|1310|10480289|230464
1200000|1|6000|3|1|0|0|288000|1311|10488290|195331
1200000|1|6000|3|1|1|2|288000|1311|10488290|231735
1200000|1|6000|3|1|0|0|288000|1312|10496292|195044
1200000|1|6000|3|1|1|2|288000|1312|10496292|231817
1200000|1|6000|3|1|0|0|288000|1313|10504293|195044
1200000|1|6000|3|1|1|2|288000|1313|10504293|233293
1200000|1|6000|3|1|0|0|288000|1314|10512295|194839
1200000|1|6000|3|1|1|2|288000|1314|10512295|233170
1200000|1|6000|3|1|0|0|288000|1315|10520296|195085
1200000|1|6000|3|1|1|2|288000|1315|10520296|234359
1200000|1|6000|3|1|0|0|288000|1316|10528297|195167
1200000|1|6000|3|1|1|2|288000|1316|10528297|235056
1200000|1|6000|3|1|0|0|288000|1317|10536299|195782
1200000|1|6000|3|1|1|2|288000|1317|10536299|235179
1200000|1|6000|3|1|0|0|288000|1318|10544298|196561
1200000|1|6000|3|1|1|2|288000|1318|10544298|235671
1200000|1|6000|3|1|0|0|288000|1319|10552299|196479
1200000|1|6000|3|1|1|2|288000|1319|10552299|235794
1200000|1|6000|3|1|0|0|288000|1320|10560298|196274
1200000|1|6000|3|1|1|2|288000|1320|10560298|235958
1200000|1|6000|3|1|0|0|288000|1321|10568299|196110
1200000|1|6000|3|1|1|2|288000|1321|10568299|235835
1200000|1|6000|3|1|0|0|288000|1322|10576299|196479
1200000|1|6000|3|1|1|2|288000|1322|10576299|236409
1200000|1|6000|3|1|0|0|288000|1323|10584300|195454
1200000|1|6000|3|1|1|2|288000|1323|10584300|236286
1200000|1|6000|3|1|0|0|288000|1324|10592301|195249
1200000|1|6000|3|1|1|2|288000|1324|10592301|236614
1200000|1|6000|3|1|0|0|288000|1325|10600302|194429
1200000|1|6000|3|1|1|2|288000|1325|10600302|236860
1200000|1|6000|3|1|0|0|288000|1326|10608303|194265
1200000|1|6000|3|1|1|2|288000|1326|10608303|237762
1200000|1|6000|3|1|0|0|288000|1327|10616304|193814
1200000|1|6000|3|1|1|2|288000|1327|10616304|238828
1200000|1|6000|3|1|0|0|288000|1328|10624306|193773
1200000|1|6000|3|1|1|2|288000|1328|10624306|239566
1200000|1|6000|3|1|0|0|288000|1329|10632306|193650
1200000|1|6000|3|1|1|2|288000|1329|10632306|240222
1200000|1|6000|3|1|0|0|288000|1330|10640307|193855
1200000|1|6000|3|1|1|2|288000|1330|10640307|240796
1200000|1|6000|3|1|0|0|288000|1331|10648308|194224
1200000|1|6000|3|1|1|2|288000|1331|10648308|241165
1200000|1|6000|3|1|0|0|288000|1332|10656308|194552
1200000|1|6000|3|1|1|2|288000|1332|10656308|241370
1200000|1|6000|3|1|0|0|288000|1333|10664308|195167
1200000|1|6000|3|1|1|2|288000|1333|10664308|240632
1200000|1|6000|3|1|0|0|288000|1334|10672307|195700
1200000|1|6000|3|1|1|2|288000|1334|10672307|240304
1200000|1|6000|3|1|0|0|288000|1335|10680306|196192
1200000|1|6000|3|1|1|2|288000|1335|10680306|240058
1200000|1|6000|3|1|0|0|288000|1336|10688305|196684
1200000|1|6000|3|1|1|2|288000|1336|10688305|239935
1200000|1|6000|3|1|0|0|288000|1337|10696305|196766
1200000|1|6000|3|1|1|2|288000|1337|10696305|239894
1200000|1|6000|3|1|0|0|288000|1338|10704304|196643
1200000|1|6000|3|1|1|2|288000|1338|10704304|240099
1200000|1|6000|3|1|0|0|288000|1339|10712304|196643
1200000|1|6000|3|1|1|2|288000|1339|10712304|240468
1200000|1|6000|3|1|0|0|288000|1340|10720304|195987
1200000|1|6000|3|1|1|2|288000|1340|10720304|241575
1200000|1|6000|3|1|0|0|288000|1341|10728305|195864
1200000|1|6000|3|1|1|2|288000|1341|10728305|242805
1200000|1|6000|3|1|0|0|288000|1342|10736306|195290
1200000|1|6000|3|1|1|2|288000|1342|10736306|243174
1200000|1|6000|3|1|0|0|288000|1343|10744307|195618
1200000|1|6000|3|1|1|2|288000|1343|10744307|243953
1200000|1|6000|3|1|0|0|288000|1344|10752307|195823
1200000|1|6000|3|1|1|2|288000|1344|10752307|244445
1200000|1|6000|3|1|0|0|288000|1345|10760307|196561
1200000|1|6000|3|1|1|2|288000|1345|10760307|245388
1200000|1|6000|3|1|0|0|288000|1346|10768308|196725
1200000|1|6000|3|1|1|2|288000|1346|10768308|245511
1200000|1|6000|3|1|0|0|288000|1347|10776308|196643
1200000|1|6000|3|1|1|2|288000|1347|10776308|245757
1200000|1|6000|3|1|0|0|288000|1348|10784308|196356
1200000|1|6000|3|1|1|2|288000|1348|10784308|245757
1200000|1|6000|3|1|0|0|288000|1349|10792307|196110
1200000|1|6000|3|1|1|2|288000|1349|10792307|245962
1200000|1|6000|3|1|0|0|288000|1350|10800308|195864
1200000|1|6000|3|1|1|2|288000|1350|10800308|245634
1200000|1|6000|3|1|0|0|288000|1351|10808308|195618
1200000|1|6000|3|1|1|2|288000|1351|10808308|245675
1200000|1|6000|3|1|0|0|288000|1352|10816308|195413
1200000|1|6000|3|1|1|2|288000|1352|10816308|245716
1200000|1|6000|3|1|0|0|288000|1353|10824309|195085
1200000|1|6000|3|1|1|2|288000|1353|10824309|246167
1200000|1|6000|3|1|0|0|288000|1354|10832310|195413
1200000|1|6000|3|1|1|2|288000|1354|10832310|246249
1200000|1|6000|3|1|0|0|288000|1355|10840310|194634
1200000|1|6000|3|1|1|2|288000|1355|10840310|246249
1200000|1|6000|3|1|0|0|288000|1356|10848310|194388
1200000|1|6000|3|1|1|2|288000|1356|10848310|246372
1200000|1|6000|3|1|0|0|288000|1357|10856310|193486
1200000|1|6000|3|1|1|2|288000|1357|10856310|246085
1200000|1|6000|3|1|0|0|288000|1358|10864311|192420
1200000|1|6000|3|1|1|2|288000|1358|10864311|245839
1200000|1|6000|3|1|0|0|288000|1359|10872311|192215
1200000|1|6000|3|1|1|2|288000|1359|10872311|244773
1200000|1|6000|3|1|0|0|288000|1360|10880310|190944
1200000|1|6000|3|1|1|2|288000|1360|10880310|244486
1200000|1|6000|3|1|0|0|288000|1361|10888311|190862
1200000|1|6000|3|1|1|2|288000|1361|10888311|243748
1200000|1|6000|3|1|0|0|288000|1362|10896310|190739
1200000|1|6000|3|1|1|2|288000|1362|10896310|243666
1200000|1|6000|3|1|0|0|288000|1363|10904312|190903
1200000|1|6000|3|1|1|2|288000|1363|10904312|242928
1200000|1|6000|3|1|0|0|288000|1364|10912311|190575
1200000|1|6000|3|1|1|2|288000|1364|10912311|242846
1200000|1|6000|3|1|0|0|288000|1365|10920312|190165
1200000|1|6000|3|1|1|2|288000|1365|10920312|242887
1200000|1|6000|3|1|0|0|288000|1366|10928312|189673
1200000|1|6000|3|1|1|2|288000|1366|10928312|242313
1200000|1|6000|3|1|0|0|288000|1367|10936312|189509
1200000|1|6000|3|1|1|2|288000|1367|10936312|242067
1200000|1|6000|3|1|0|0|288000|1368|10944312|189550
1200000|1|6000|3|1|1|2|288000|1368|10944312|241616
1200000|1|6000|3|1|0|0|288000|1369|10952312|188607
1200000|1|6000|3|1|1|2|288000|1369|10952312|241370
1200000|1|6000|3|1|0|0|288000|1370|10960313|188279
1200000|1|6000|3|1|1|2|288000|1370|10960313|240304
1200000|1|6000|3|1|0|0|288000|1371|10968311|187869
1200000|1|6000|3|1|1|2|288000|1371|10968311|240058
1200000|1|6000|3|1|0|0|288000|1372|10976311|187541
1200000|1|6000|3|1|1|2|288000|1372|10976311|239607
1200000|1|6000|3|1|0|0|288000|1373|10984310|187336
1200000|1|6000|3|1|1|2|288000|1373|10984310|239730
1200000|1|6000|3|1|0|0|288000|1374|10992310|186762
1200000|1|6000|3|1|1|2|288000|1374|10992310|239402
1200000|1|6000|3|1|0|0|288000|1375|11000310|185860
1200000|1|6000|3|1|1|2|288000|1375|11000310|239033
1200000|1|6000|3|1|0|0|288000|1376|11008309|185204
1200000|1|6000|3|1|1|2|288000|1376|11008309|238664
1200000|1|6000|3|1|0|0|288000|1377|11016308|185286
1200000|1|6000|3|1|1|2|288000|1377|11016308|238992
1200000|1|6000|3|1|0|0|288000|1378|11024309|185163
1200000|1|6000|3|1|1|2|288000|1378|11024309|239607
1200000|1|6000|3|1|0|0|288000|1379|11032310|185040
1200000|1|6000|3|1|1|2|288000|1379|11032310|239525
1200000|1|6000|3|1|0|0|288000|1380|11040311|184958
1200000|1|6000|3|1|1|2|288000|1380|11040311|239525
1200000|1|6000|3|1|0|0|288000|1381|11048311|184958
1200000|1|6000|3|1|1|2|288000|1381|11048311|239812
1200000|1|6000|3|1|0|0|288000|1382|11056312|185450
1200000|1|6000|3|1|1|2|288000|1382|11056312|239525
1200000|1|6000|3|1|0|0|288000|1383|11064312|186147
1200000|1|6000|3|1|1|2|288000|1383|11064312|239689
1200000|1|6000|3|1|0|0|288000|1384|11072312|186188
1200000|1|6000|3|1|1|2|288000|1384|11072312|239361
1200000|1|6000|3|1|0|0|288000|1385|11080312|185819
1200000|1|6000|3|1|1|2|288000|1385|11080312|239689
1200000|1|6000|3|1|0|0|288000|1386|11088312|185491
1200000|1|6000|3|1|1|2|288000|1386|11088312|239197
1200000|1|6000|3|1|0|0|288000|1387|11096312|184958
1200000|1|6000|3|1|1|2|288000|1387|11096312|239238
1200000|1|6000|3|1|0|0|288000|1388|11104311|184630
1200000|1|6000|3|1|1|2|288000|1388|11104311|239607
1200000|1|6000|3|1|0|0|288000|1389|11112312|184343
1200000|1|6000|3|1|1|2|288000|1389|11112312|240304
1200000|1|6000|3|1|0|0|288000|1390|11120312|184630
1200000|1|6000|3|1|1|2|288000|1390|11120312|240304
1200000|1|6000|3|1|0|0|288000|1391|11128313|185491
1200000|1|6000|3|1|1|2|288000|1391|11128313|240427
1200000|1|6000|3|1|0|0|288000|1392|11136312|186147
1200000|1|6000|3|1|1|2|288000|1392|11136312|240755
1200000|1|6000|3|1|0|0|288000|1393|11144313|186803
1200000|1|6000|3|1|1|2|288000|1393|11144313|241657
1200000|1|6000|3|1|0|0|288000|1394|11152313|187459
1200000|1|6000|3|1|1|2|288000|1394|11152313|241739
1200000|1|6000|3|1|0|0|288000|1395|11160313|188115
1200000|1|6000|3|1|1|2|288000|1395|11160313|242026
1200000|1|6000|3|1|0|0|288000|1396|11168314|188730
1200000|1|6000|3|1|1|2|288000|1396|11168314|241985
1200000|1|6000|3|1|0|0|288000|1397|11176313|188935
1200000|1|6000|3|1|1|2|288000|1397|11176313|242846
1200000|1|6000|3|1|0|0|288000|1398|11184314|188484
1200000|1|6000|3|1|1|2|288000|1398|11184314|243461
1200000|1|6000|3|1|0|0|288000|1399|11192315|187910
1200000|1|6000|3|1|1|2|288000|1399|11192315|243461
1200000|1|6000|3|1|0|0|288000|1400|11200315|188238
1200000|1|6000|3|1|1|2|288000|1400|11200315|243338
1200000|1|6000|3|1|0|0|288000|1401|11208314|188238
1200000|1|6000|3|1|1|2|288000|1401|11208314|242559
1200000|1|6000|3|1|0|0|288000|1402|11216313|188402
1200000|1|6000|3|1|1|2|288000|1402|11216313|242559
1200000|1|6000|3|1|0|0|288000|1403|11224313|188730
1200000|1|6000|3|1|1|2|288000|1403|11224313|242846
1200000|1|6000|3|1|0|0|288000|1404|11232312|188730
1200000|1|6000|3|1|1|2|288000|1404|11232312|242600
1200000|1|6000|3|1|0|0|288000|1405|11240311|188771
1200000|1|6000|3|1|1|2|288000|1405|11240311|242231
1200000|1|6000|3|1|0|0|288000|1406|11248311|188156
1200000|1|6000|3|1|1|2|288000|1406|11248311|242190
1200000|1|6000|3|1|0|0|288000|1407|11256310|188361
1200000|1|6000|3|1|1|2|288000|1407|11256310|242149
1200000|1|6000|3|1|0|0|288000|1408|11264311|188525
1200000|1|6000|3|1|1|2|288000|1408|11264311|242723
1200000|1|6000|3|1|0|0|288000|1409|11272311|188525
1200000|1|6000|3|1|1|2|288000|1409|11272311|242231
1200000|1|6000|3|1|0|0|288000|1410|11280311|188238
1200000|1|6000|3|1|1|2|288000|1410|11280311|242313
1200000|1|6000|3|1|0|0|288000|1411|11288311|188115
1200000|1|6000|3|1|1|2|288000|1411|11288311|241780
1200000|1|6000|3|1|0|0|288000|1412|11296311|187951
1200000|1|6000|3|1|1|2|288000|1412|11296311|241780
1200000|1|6000|3|1|0|0|288000|1413|11304311|188607
1200000|1|6000|3|1|1|2|288000|1413|11304311|241616
1200000|1|6000|3|1|0|0|288000|1414|11312311|188074
1200000|1|6000|3|1|1|2|288000|1414|11312311|241534
1200000|1|6000|3|1|0|0|288000|1415|11320311|187787
1200000|1|6000|3|1|1|2|288000|1415|11320311|240919
1200000|1|6000|3|1|0|0|288000|1416|11328310|187336
1200000|1|6000|3|1|1|2|288000|1416|11328310|240509
1200000|1|6000|3|1|0|0|288000|1417|11336310|187295
1200000|1|6000|3|1|1|2|288000|1417|11336310|240509
1200000|1|6000|3|1|0|0|288000|1418|11344309|187213
1200000|1|6000|3|1|1|2|288000|1418|11344309|240222
1200000|1|6000|3|1|0|0|288000|1419|11352309|186926
1200000|1|6000|3|1|1|2|288000|1419|11352309|240140
1200000|1|6000|3|1|0|0|288000|1420|11360308|187295
1200000|1|6000|3|1|1|2|288000|1420|11360308|239689
1200000|1|6000|3|1|0|0|288000|1421|11368308|188238
1200000|1|6000|3|1|1|2|288000|1421|11368308|239689
1200000|1|6000|3|1|0|0|288000|1422|11376307|188648
1200000|1|6000|3|1|1|2|288000|1422|11376307|240427
1200000|1|6000|3|1|0|0|288000|1423|11384309|189345
1200000|1|6000|3|1|1|2|288000|1423|11384309|241165
1200000|1|6000|3|1|0|0|288000|1424|11392310|190288
1200000|1|6000|3|1|1|2|288000|1424|11392310|241165
1200000|1|6000|3|1|0|0|288000|1425|11400310|190288
1200000|1|6000|3|1|1|2|288000|1425|11400310|241247
1200000|1|6000|3|1|0|0|288000|1426|11408310|190985
1200000|1|6000|3|1|1|2|288000|1426|11408310|241083
1200000|1|6000|3|1|0|0|288000|1427|11416310|191231
1200000|1|6000|3|1|1|2|288000|1427|11416310|240673
1200000|1|6000|3|1|0|0|288000|1428|11424309|191887
1200000|1|6000|3|1|1|2|288000|1428|11424309|240673
1200000|1|6000|3|1|0|0|288000|1429|11432309|191887
1200000|1|6000|3|1|1|2|288000|1429|11432309|240263
1200000|1|6000|3|1|0|0|288000|1430|11440308|192174
1200000|1|6000|3|1|1|2|288000|1430|11440308|240304
1200000|1|6000|3|1|0|0|288000|1431|11448307|192379
1200000|1|6000|3|1|1|2|288000|1431|11448307|239484
1200000|1|6000|3|1|0|0|288000|1432|11456307|192461
1200000|1|6000|3|1|1|2|288000|1432|11456307|238541
1200000|1|6000|3|1|0|0|288000|1433|11464306|193076
1200000|1|6000|3|1|1|2|288000|1433|11464306|237680
1200000|1|6000|3|1|0|0|288000|1434|11472305|193076
1200000|1|6000|3|1|1|2|288000|1434|11472305|236532
1200000|1|6000|3|1|0|0|288000|1435|11480304|194224
1200000|1|6000|3|1|1|2|288000|1435|11480304|235630
1200000|1|6000|3|1|0|0|288000|1436|11488304|194757
1200000|1|6000|3|1|1|2|288000|1436|11488304|234605
1200000|1|6000|3|1|0|0|288000|1437|11496303|195208
1200000|1|6000|3|1|1|2|288000|1437|11496303|234892
1200000|1|6000|3|1|0|0|288000|1438|11504303|195167
1200000|1|6000|3|1|1|2|288000|1438|11504303|234892
1200000|1|6000|3|1|0|0|288000|1439|11512303|195249
1200000|1|6000|3|1|1|2|288000|1439|11512303|236286
1200000|1|6000|3|1|0|0|288000|1440|11520304|195454
1200000|1|6000|3|1|1|2|288000|1440|11520304|236901
1200000|1|6000|3|1|0|0|288000|1441|11528304|195782
1200000|1|6000|3|1|1|2|288000|1441|11528304|237598
1200000|1|6000|3|1|0|0|288000|1442|11536304|195905
1200000|1|6000|3|1|1|2|288000|1442|11536304|237762
1200000|1|6000|3|1|0|0|288000|1443|11544305|195864
1200000|1|6000|3|1|1|2|288000|1443|11544305|238090
1200000|1|6000|3|1|0|0|288000|1444|11552304|195823
1200000|1|6000|3|1|1|2|288000|1444|11552304|237557
1200000|1|6000|3|1|0|0|288000|1445|11560304|195946
1200000|1|6000|3|1|1|2|288000|1445|11560304|237885
1200000|1|6000|3|1|0|0|288000|1446|11568304|196274
1200000|1|6000|3|1|1|2|288000|1446|11568304|237639
1200000|1|6000|3|1|0|0|288000|1447|11576305|196930
1200000|1|6000|3|1|1|2|288000|1447|11576305|237721
1200000|1|6000|3|1|0|0|288000|1448|11584305|197340
1200000|1|6000|3|1|1|2|288000|1448|11584305|237803
1200000|1|6000|3|1|0|0|288000|1449|11592306|198078
1200000|1|6000|3|1|1|2|288000|1449|11592306|237803
1200000|1|6000|3|1|0|0|288000|1450|11600306|198365
1200000|1|6000|3|1|1|2|288000|1450|11600306|237926
1200000|1|6000|3|1|0|0|288000|1451|11608306|198119
1200000|1|6000|3|1|1|2|288000|1451|11608306|238213
1200000|1|6000|3|1|0|0|288000|1452|11616306|197750
1200000|1|6000|3|1|1|2|288000|1452|11616306|238746
1200000|1|6000|3|1|0|0|288000|1453|11624306|197258
1200000|1|6000|3|1|1|2|288000|1453|11624306|239156
1200000|1|6000|3|1|0|0|288000|1454|11632307|196520
1200000|1|6000|3|1|1|2|288000|1454|11632307|239361
1200000|1|6000|3|1|0|0|288000|1455|11640307|196520
1200000|1|6000|3|1|1|2|288000|1455|11640307|239156
1200000|1|6000|3|1|0|0|288000|1456|11648307|196233
1200000|1|6000|3|1|1|2|288000|1456|11648307|239197
1200000|1|6000|3|1|0|0|288000|1457|11656307|196479
1200000|1|6000|3|1|1|2|288000|1457|11656307|239115
1200000|1|6000|3|1|0|0|288000|1458|11664308|196438
1200000|1|6000|3|1|1|2|288000|1458|11664308|239074
1200000|1|6000|3|1|0|0|288000|1459|11672307|196192
1200000|1|6000|3|1|1|2|288000|1459|11672307|239115
1200000|1|6000|3|1|0|0|288000|1460|11680308|195782
1200000|1|6000|3|1|1|2|288000|1460|11680308|238705
1200000|1|6000|3|1|0|0|288000|1461|11688306|195864
1200000|1|6000|3|1|1|2|288000|1461|11688306|237926
1200000|1|6000|3|1|0|0|288000|1462|11696306|195290
1200000|1|6000|3|1|1|2|288000|1462|11696306|237311
1200000|1|6000|3|1|0|0|288000|1463|11704305|195741
1200000|1|6000|3|1|1|2|288000|1463|11704305|237024
1200000|1|6000|3|1|0|0|288000|1464|11712304|195249
1200000|1|6000|3|1|1|2|288000|1464|11712304|236286
1200000|1|6000|3|1|0|0|288000|1465|11720303|195536
1200000|1|6000|3|1|1|2|288000|1465|11720303|236409
1200000|1|6000|3|1|0|0|288000|1466|11728303|196725
1200000|1|6000|3|1|1|2|288000|1466|11728303|236040
1200000|1|6000|3|1|0|0|288000|1467|11736302|197258
1200000|1|6000|3|1|1|2|288000|1467|11736302|236163
1200000|1|6000|3|1|0|0|288000|1468|11744302|197340
1200000|1|6000|3|1|1|2|288000|1468|11744302|235958
1200000|1|6000|3|1|0|0|288000|1469|11752301|197709
1200000|1|6000|3|1|1|2|288000|1469|11752301|236040
1200000|1|6000|3|1|0|0|288000|1470|11760300|197627
1200000|1|6000|3|1|1|2|288000|1470|11760300|235056
1200000|1|6000|3|1|0|0|288000|1471|11768299|197791
1200000|1|6000|3|1|1|2|288000|1471|11768299|235138
1200000|1|6000|3|1|0|0|288000|1472|11776299|197627
1200000|1|6000|3|1|1|2|288000|1472|11776299|234359
1200000|1|6000|3|1|0|0|288000|1473|11784298|197094
1200000|1|6000|3|1|1|2|288000|1473|11784298|234236
1200000|1|6000|3|1|0|0|288000|1474|11792297|196930
1200000|1|6000|3|1|1|2|288000|1474|11792297|233006
1200000|1|6000|3|1|0|0|288000|1475|11800295|196971
1200000|1|6000|3|1|1|2|288000|1475|11800295|233047
1200000|1|6000|3|1|0|0|288000|1476|11808294|197422
1200000|1|6000|3|1|1|2|288000|1476|11808294|232145
1200000|1|6000|3|1|0|0|288000|1477|11816293|197463
1200000|1|6000|3|1|1|2|288000|1477|11816293|231530
1200000|1|6000|3|1|0|0|288000|1478|11824293|197709
1200000|1|6000|3|1|1|2|288000|1478|11824293|230751
1200000|1|6000|3|1|0|0|288000|1479|11832292|198078
1200000|1|6000|3|1|1|2|288000|1479|11832292|230259
1200000|1|6000|3|1|0|0|288000|1480|11840292|198406
1200000|1|6000|3|1|1|2|288000|1480|11840292|229603
1200000|1|6000|3|1|0|0|288000|1481|11848291|198529
1200000|1|6000|3|1|1|2|288000|1481|11848291|229070
1200000|1|6000|3|1|0|0|288000|1482|11856290|198324
1200000|1|6000|3|1|1|2|288000|1482|11856290|229234
1200000|1|6000|3|1|0|0|288000|1483|11864291|198365
1200000|1|6000|3|1|1|2|288000|1483|11864291|229316
1200000|1|6000|3|1|0|0|288000|1484|11872291|198652
1200000|1|6000|3|1|1|2|288000|1484|11872291|229480
1200000|1|6000|3|1|0|0|288000|1485|11880291|198693
1200000|1|6000|3|1|1|2|288000|1485|11880291|228783
1200000|1|6000|3|1|0|0|288000|1486|11888290|198857
1200000|1|6000|3|1|1|2|288000|1486|11888290|228455
1200000|1|6000|3|1|0|0|288000|1487|11896290|199226
1200000|1|6000|3|1|1|2|288000|1487|11896290|227881
1200000|1|6000|3|1|0|0|288000|1488|11904290|199718
1200000|1|6000|3|1|1|2|288000|1488|11904290|227594
1200000|1|6000|3|1|0|0|288000|1489|11912290|199923
1200000|1|6000|3|1|1|2|288000|1489|11912290|226692
1200000|1|6000|3|1|0|0|288000|1490|11920289|200620
1200000|1|6000|3|1|1|2|288000|1490|11920289|226856
1200000|1|6000|3|1|0|0|288000|1491|11928290|201030
1200000|1|6000|3|1|1|2|288000|1491|11928290|226364
1200000|1|6000|3|1|0|0|288000|1492|11936290|201112
1200000|1|6000|3|1|1|2|288000|1492|11936290|225913
1200000|1|6000|3|1|0|0|288000|1493|11944290|201563
1200000|1|6000|3|1|1|2|288000|1493|11944290|225954
1200000|1|6000|3|1|0|0|288000|1494|11952291|202014
1200000|1|6000|3|1|1|2|288000|1494|11952291|225462
1200000|1|6000|3|1|0|0|288000|1495|11960291|202219
1200000|1|6000|3|1|1|2|288000|1495|11960291|225257
1200000|1|6000|3|1|0|0|288000|1496|11968292|201850
1200000|1|6000|3|1|1|2|288000|1496|11968292|224847
1200000|1|6000|3|1|0|0|288000|1497|11976291|201358
1200000|1|6000|3|1|1|2|288000|1497|11976291|224273
1200000|1|6000|3|1|0|0|288000|1498|11984291|201440
1200000|1|6000|3|1|1|2|288000|1498|11984291|224232
1200000|1|6000|3|1|0|0|288000|1499|11992292|201317
1200000|1|6000|3|1|1|2|288000|1499|11992292|224765
1200000|1|6000|3|1|0|0|288000|1500|12000294|201277
1200000|1|6000|3|1|1|2|288000|1500|12000294|225872
1200000|1|6000|3|1|0|0|288000|1501|12008296|200989
1200000|1|6000|3|1|1|2|288000|1501|12008296|226815
1200000|1|6000|3|1|0|0|288000|1502|12016299|201276
1200000|1|6000|3|1|1|2|288000|1502|12016299|227348
1200000|1|6000|3|1|0|0|288000|1503|12024300|201071
1200000|1|6000|3|1|1|2|288000|1503|12024300|227840
1200000|1|6000|3|1|0|0|288000|1504|12032302|201358
1200000|1|6000|3|1|1|2|288000|1504|12032302|228414
1200000|1|6000|3|1|0|0|288000|1505|12040303|201235
1200000|1|6000|3|1|1|2|288000|1505|12040303|227963
1200000|1|6000|3|1|0|0|288000|1506|12048302|201235
1200000|1|6000|3|1|1|2|288000|1506|12048302|227799
1200000|1|6000|3|1|0|0|288000|1507|12056302|200784
1200000|1|6000|3|1|1|2|288000|1507|12056302|228414
1200000|1|6000|3|1|0|0|288000|1508|12064302|200538
1200000|1|6000|3|1|1|2|288000|1508|12064302|228619
1200000|1|6000|3|1|0|0|288000|1509|12072302|200046
1200000|1|6000|3|1|1|2|288000|1509|12072302|228660
1200000|1|6000|3|1|0|0|288000|1510|12080301|200825
1200000|1|6000|3|1|1|2|288000|1510|12080301|228701
1200000|1|6000|3|1|0|0|288000|1511|12088301|201112
1200000|1|6000|3|1|1|2|288000|1511|12088301|228742
1200000|1|6000|3|1|0|0|288000|1512|12096301|201030
1200000|1|6000|3|1|1|2|288000|1512|12096301|228619
1200000|1|6000|3|1|0|0|288000|1513|12104301|200907
1200000|1|6000|3|1|1|2|288000|1513|12104301|229029
1200000|1|6000|3|1|0|0|288000|1514|12112301|200948
1200000|1|6000|3|1|1|2|288000|1514|12112301|227717
1200000|1|6000|3|1|0|0|288000|1515|12120301|201071
1200000|1|6000|3|1|1|2|288000|1515|12120301|227348
1200000|1|6000|3|1|0|0|288000|1516|12128301|201112
1200000|1|6000|3|1|1|2|288000|1516|12128301|226733
1200000|1|6000|3|1|0|0|288000|1517|12136300|201194
1200000|1|6000|3|1|1|2|288000|1517|12136300|226446
1200000|1|6000|3|1|0|0|288000|1518|12144300|200005
1200000|1|6000|3|1|1|2|288000|1518|12144300|226323
1200000|1|6000|3|1|0|0|288000|1519|12152300|199513
1200000|1|6000|3|1|1|2|288000|1519|12152300|225872
1200000|1|6000|3|1|0|0|288000|1520|12160299|198816
1200000|1|6000|3|1|1|2|288000|1520|12160299|225790
1200000|1|6000|3|1|0|0|288000|1521|12168299|198037
1200000|1|6000|3|1|1|2|288000|1521|12168299|224888
1200000|1|6000|3|1|0|0|288000|1522|12176298|197340
1200000|1|6000|3|1|1|2|288000|1522|12176298|223658
1200000|1|6000|3|1|0|0|288000|1523|12184297|196766
1200000|1|6000|3|1|1|2|288000|1523|12184297|223494
1200000|1|6000|3|1|0|0|288000|1524|12192298|196028
1200000|1|6000|3|1|1|2|288000|1524|12192298|222674
1200000|1|6000|3|1|0|0|288000|1525|12200298|196192
1200000|1|6000|3|1|1|2|288000|1525|12200298|222387
1200000|1|6000|3|1|0|0|288000|1526|12208298|196315
1200000|1|6000|3|1|1|2|288000|1526|12208298|221608
1200000|1|6000|3|1|0|0|288000|1527|12216298|197586
1200000|1|6000|3|1|1|2|288000|1527|12216298|221854
1200000|1|6000|3|1|0|0|288000|1528|12224299|198406
1200000|1|6000|3|1|1|2|288000|1528|12224299|222100
1200000|1|6000|3|1|0|0|288000|1529|12232300|198980
1200000|1|6000|3|1|1|2|288000|1529|12232300|222346
1200000|1|6000|3|1|0|0|288000|1530|12240301|199308
1200000|1|6000|3|1|1|2|288000|1530|12240301|222920
1200000|1|6000|3|1|0|0|288000|1531|12248302|199677
1200000|1|6000|3|1|1|2|288000|1531|12248302|223289
1200000|1|6000|3|1|0|0|288000|1532|12256303|199677
1200000|1|6000|3|1|1|2|288000|1532|12256303|223412
1200000|1|6000|3|1|0|0|288000|1533|12264303|198816
1200000|1|6000|3|1|1|2|288000|1533|12264303|223166
1200000|1|6000|3|1|0|0|288000|1534|12272304|197955
1200000|1|6000|3|1|1|2|288000|1534|12272304|223207
1200000|1|6000|3|1|0|0|288000|1535|12280305|197299
1200000|1|6000|3|1|1|2|288000|1535|12280305|223207
1200000|1|6000|3|1|0|0|288000|1536|12288305|197012
1200000|1|6000|3|1|1|2|288000|1536|12288305|222633
1200000|1|6000|3|1|0|0|288000|1537|12296306|196438
1200000|1|6000|3|1|1|2|288000|1537|12296306|221280
1200000|1|6000|3|1|0|0|288000|1538|12304306|196602
1200000|1|6000|3|1|1|2|288000|1538|12304306|220050
1200000|1|6000|3|1|0|0|288000|1539|12312306|196602
1200000|1|6000|3|1|1|2|288000|1539|12312306|220296
1200000|1|6000|3|1|0|0|288000|1540|12320307|197545
1200000|1|6000|3|1|1|2|288000|1540|12320307|219558
1200000|1|6000|3|1|0|0|288000|1541|12328307|198816
1200000|1|6000|3|1|1|2|288000|1541|12328307|219476
1200000|1|6000|3|1|0|0|288000|1542|12336308|199308
1200000|1|6000|3|1|1|2|288000|1542|12336308|218492
1200000|1|6000|3|1|0|0|288000|1543|12344308|199800
1200000|1|6000|3|1|1|2|288000|1543|12344308|218369
1200000|1|6000|3|1|0|0|288000|1544|12352309|200333
1200000|1|6000|3|1|1|2|288000|1544|12352309|219025
1200000|1|6000|3|1|0|0|288000|1545|12360310|200989
1200000|1|6000|3|1|1|2|288000|1545|12360310|218820
1200000|1|6000|3|1|0|0|288000|1546|12368310|201399
1200000|1|6000|3|1|1|2|288000|1546|12368310|219517
1200000|1|6000|3|1|0|0|288000|1547|12376311|202014
1200000|1|6000|3|1|1|2|288000|1547|12376311|218533
1200000|1|6000|3|1|0|0|288000|1548|12384311|201358
1200000|1|6000|3|1|1|2|288000|1548|12384311|219271
1200000|1|6000|3|1|0|0|288000|1549|12392312|200456
1200000|1|6000|3|1|1|2|288000|1549|12392312|218738
1200000|1|6000|3|1|0|0|288000|1550|12400313|200784
1200000|1|6000|3|1|1|2|288000|1550|12400313|218123
1200000|1|6000|3|1|0|0|288000|1551|12408312|200579
1200000|1|6000|3|1|1|2|288000|1551|12408312|216975
1200000|1|6000|3|1|0|0|288000|1552|12416312|200620
1200000|1|6000|3|1|1|2|288000|1552|12416312|215909
1200000|1|6000|3|1|0|0|288000|1553|12424311|200620
1200000|1|6000|3|1|1|2|288000|1553|12424311|214638
1200000|1|6000|3|1|0|0|288000|1554|12432310|200415
1200000|1|6000|3|1|1|2|288000|1554|12432310|213285
1200000|1|6000|3|1|0|0|288000|1555|12440310|201768
1200000|1|6000|3|1|1|2|288000|1555|12440310|212178
1200000|1|6000|3|1|0|0|288000|1556|12448309|202383
1200000|1|6000|3|1|1|2|288000|1556|12448309|210907
1200000|1|6000|3|1|0|0|288000|1557|12456308|202998
1200000|1|6000|3|1|1|2|288000|1557|12456308|210087
1200000|1|6000|3|1|0|0|288000|1558|12464308|202793
1200000|1|6000|3|1|1|2|288000|1558|12464308|209595
1200000|1|6000|3|1|0|0|288000|1559|12472307|203285
1200000|1|6000|3|1|1|2|288000|1559|12472307|208488
1200000|1|6000|3|1|0|0|288000|1560|12480307|203449
1200000|1|6000|3|1|1|2|288000|1560|12480307|207750
1200000|1|6000|3|1|0|0|288000|1561|12488306|203613
1200000|1|6000|3|1|1|2|288000|1561|12488306|206848
1200000|1|6000|3|1|0|0|288000|1562|12496306|203818
1200000|1|6000|3|1|1|2|288000|1562|12496306|205372
1200000|1|6000|3|1|0|0|288000|1563|12504305|203080
1200000|1|6000|3|1|1|2|288000|1563|12504305|204839
1200000|1|6000|3|1|0|0|288000|1564|12512306|203285
1200000|1|6000|3|1|1|2|288000|1564|12512306|203363
1200000|1|6000|3|1|0|0|288000|1565|12520305|203121
1200000|1|6000|3|1|1|2|288000|1565|12520305|202953
1200000|1|6000|3|1|0|0|288000|1566|12528306|203244
1200000|1|6000|3|1|1|2|288000|1566|12528306|202215
1200000|1|6000|3|1|0|0|288000|1567|12536305|202834
1200000|1|6000|3|1|1|2|288000|1567|12536305|202215
1200000|1|6000|3|1|0|0|288000|1568|12544306|202424
1200000|1|6000|3|1|1|2|288000|1568|12544306|201887
1200000|1|6000|3|1|0|0|288000|1569|12552307|201973
1200000|1|6000|3|1|1|2|288000|1569|12552307|200903
1200000|1|6000|3|1|0|0|288000|1570|12560307|202670
1200000|1|6000|3|1|1|2|288000|1570|12560307|200288
1200000|1|6000|3|1|0|0|288000|1571|12568307|203080
1200000|1|6000|3|1|1|2|288000|1571|12568307|199509
1200000|1|6000|3|1|0|0|288000|1572|12576307|202670
1200000|1|6000|3|1|1|2|288000|1572|12576307|198648
1200000|1|6000|3|1|0|0|288000|1573|12584307|202547
1200000|1|6000|3|1|1|2|288000|1573|12584307|197623
1200000|1|6000|3|1|0|0|288000|1574|12592306|202260
1200000|1|6000|3|1|1|2|288000|1574|12592306|196393
1200000|1|6000|3|1|0|0|288000|1575|12600306|202424
1200000|1|6000|3|1|1|2|288000|1575|12600306|195737
1200000|1|6000|3|1|0|0|288000|1576|12608306|202957
1200000|1|6000|3|1|1|2|288000|1576|12608306|194958
1200000|1|6000|3|1|0|0|288000|1577|12616306|202506
1200000|1|6000|3|1|1|2|288000|1577|12616306|194835
1200000|1|6000|3|1|0|0|288000|1578|12624306|202014
1200000|1|6000|3|1|1|2|288000|1578|12624306|194958
1200000|1|6000|3|1|0|0|288000|1579|12632307|201563
1200000|1|6000|3|1|1|2|288000|1579|12632307|195040
1200000|1|6000|3|1|0|0|288000|1580|12640307|202096
1200000|1|6000|3|1|1|2|288000|1580|12640307|195245
1200000|1|6000|3|1|0|0|288000|1581|12648308|201809
1200000|1|6000|3|1|1|2|288000|1581|12648308|194343
1200000|1|6000|3|1|0|0|288000|1582|12656307|201768
1200000|1|6000|3|1|1|2|288000|1582|12656307|194056
1200000|1|6000|3|1|0|0|288000|1583|12664307|201399
1200000|1|6000|3|1|1|2|288000|1583|12664307|193769
1200000|1|6000|3|1|0|0|288000|1584|12672307|201932
1200000|1|6000|3|1|1|2|288000|1584|12672307|193441
1200000|1|6000|3|1|0|0|288000|1585|12680307|201645
1200000|1|6000|3|1|1|2|288000|1585|12680307|193441
1200000|1|6000|3|1|0|0|288000|1586|12688308|202096
1200000|1|6000|3|1|1|2|288000|1586|12688308|192826
1200000|1|6000|3|1|0|0|288000|1587|12696308|202055
1200000|1|6000|3|1|1|2|288000|1587|12696308|192580
1200000|1|6000|3|1|0|0|288000|1588|12704308|202752
1200000|1|6000|3|1|1|2|288000|1588|12704308|192006
1200000|1|6000|3|1|0|0|288000|1589|12712308|203039
1200000|1|6000|3|1|1|2|288000|1589|12712308|193318
1200000|1|6000|3|1|0|0|288000|1590|12720308|203367
1200000|1|6000|3|1|1|2|288000|1590|12720308|192990
1200000|1|6000|3|1|0|0|288000|1591|12728308|203572
1200000|1|6000|3|1|1|2|288000|1591|12728308|194343
1200000|1|6000|3|1|0|0|288000|1592|12736309|203900
1200000|1|6000|3|1|1|2|288000|1592|12736309|194220
1200000|1|6000|3|1|0|0|288000|1593|12744308|203900
1200000|1|6000|3|1|1|2|288000|1593|12744308|195081
1200000|1|6000|3|1|0|0|288000|1594|12752309|203367
1200000|1|6000|3|1|1|2|288000|1594|12752309|195450
1200000|1|6000|3|1|0|0|288000|1595|12760309|202793
1200000|1|6000|3|1|1|2|288000|1595|12760309|196147
1200000|1|6000|3|1|0|0|288000|1596|12768309|202014
1200000|1|6000|3|1|1|2|288000|1596|12768309|195409
1200000|1|6000|3|1|0|0|288000|1597|12776309|202096
1200000|1|6000|3|1|1|2|288000|1597|12776309|195204
1200000|1|6000|3|1|0|0|288000|1598|12784309|201932
1200000|1|6000|3|1|1|2|288000|1598|12784309|195163
1200000|1|6000|3|1|0|0|288000|1599|12792311|202301
1200000|1|6000|3|1|1|2|288000|1599|12792311|194999
1200000|1|6000|3|1|0|0|288000|1600|12800311|202670
1200000|1|6000|3|1|1|2|288000|1600|12800311|195532
1200000|1|6000|3|1|0|0|288000|1601|12808311|202793
1200000|1|6000|3|1|1|2|288000|1601|12808311|194835
1200000|1|6000|3|1|0|0|288000|1602|12816311|202178
1200000|1|6000|3|1|1|2|288000|1602|12816311|195409
1200000|1|6000|3|1|0|0|288000|1603|12824312|202301
1200000|1|6000|3|1|1|2|288000|1603|12824312|195942
1200000|1|6000|3|1|0|0|288000|1604|12832313|201522
1200000|1|6000|3|1|1|2|288000|1604|12832313|196393
1200000|1|6000|3|1|0|0|288000|1605|12840313|201399
1200000|1|6000|3|1|1|2|288000|1605|12840313|196598
1200000|1|6000|3|1|0|0|288000|1606|12848314|201112
1200000|1|6000|3|1|1|2|288000|1606|12848314|196844
1200000|1|6000|3|1|0|0|288000|1607|12856314|200702
1200000|1|6000|3|1|1|2|288000|1607|12856314|197049
1200000|1|6000|3|1|0|0|288000|1608|12864315|200251
1200000|1|6000|3|1|1|2|288000|1608|12864315|197336
1200000|1|6000|3|1|0|0|288000|1609|12872315|199677
1200000|1|6000|3|1|1|2|288000|1609|12872315|197049
1200000|1|6000|3|1|0|0|288000|1610|12880315|198775
1200000|1|6000|3|1|1|2|288000|1610|12880315|197254
1200000|1|6000|3|1|0|0|288000|1611|12888316|198201
1200000|1|6000|3|1|1|2|288000|1611|12888316|197254
1200000|1|6000|3|1|0|0|288000|1612|12896316|197504
1200000|1|6000|3|1|1|2|288000|1612|12896316|196147
1200000|1|6000|3|1|0|0|288000|1613|12904317|196520
1200000|1|6000|3|1|1|2|288000|1613|12904317|195901
1200000|1|6000|3|1|0|0|288000|1614|12912318|195782
1200000|1|6000|3|1|1|2|288000|1614|12912318|195819
1200000|1|6000|3|1|0|0|288000|1615|12920319|195987
1200000|1|6000|3|1|1|2|288000|1615|12920319|195450
1200000|1|6000|3|1|0|0|288000|1616|12928320|196069
1200000|1|6000|3|1|1|2|288000|1616|12928320|195409
1200000|1|6000|3|1|0|0|288000|1617|12936321|196602
1200000|1|6000|3|1|1|2|288000|1617|12936321|194097
1200000|1|6000|3|1|0|0|288000|1618|12944320|197053
1200000|1|6000|3|1|1|2|288000|1618|12944320|193851
1200000|1|6000|3|1|0|0|288000|1619|12952320|197791
1200000|1|6000|3|1|1|2|288000|1619|12952320|193482
1200000|1|6000|3|1|0|0|288000|1620|12960320|197627
1200000|1|6000|3|1|1|2|288000|1620|12960320|193974
1200000|1|6000|3|1|0|0|288000|1621|12968320|197709
1200000|1|6000|3|1|1|2|288000|1621|12968320|193359
1200000|1|6000|3|1|0|0|288000|1622|12976320|197709
1200000|1|6000|3|1|1|2|288000|1622|12976320|193359
1200000|1|6000|3|1|0|0|288000|1623|12984320|196971
1200000|1|6000|3|1|1|2|288000|1623|12984320|192621
1200000|1|6000|3|1|0|0|288000|1624|12992320|196315
1200000|1|6000|3|1|1|2|288000|1624|12992320|192375
1200000|1|6000|3|1|0|0|288000|1625|13000320|196028
1200000|1|6000|3|1|1|2|288000|1625|13000320|193277
1200000|1|6000|3|1|0|0|288000|1626|13008322|195659
1200000|1|6000|3|1|1|2|288000|1626|13008322|193646
1200000|1|6000|3|1|0|0|288000|1627|13016324|195372
1200000|1|6000|3|1|1|2|288000|1627|13016324|195204
1200000|1|6000|3|1|0|0|288000|1628|13024325|195331
1200000|1|6000|3|1|1|2|288000|1628|13024325|195860
1200000|1|6000|3|1|0|0|288000|1629|13032326|195085
1200000|1|6000|3|1|1|2|288000|1629|13032326|196270
1200000|1|6000|3|1|0|0|288000|1630|13040327|195208
1200000|1|6000|3|1|1|2|288000|1630|13040327|197090
1200000|1|6000|3|1|0|0|288000|1631|13048328|196233
1200000|1|6000|3|1|1|2|288000|1631|13048328|197705
1200000|1|6000|3|1|0|0|288000|1632|13056328|196520
1200000|1|6000|3|1|1|2|288000|1632|13056328|197582
1200000|1|6000|3|1|0|0|288000|1633|13064328|197258
1200000|1|6000|3|1|1|2|288000|1633|13064328|197254
1200000|1|6000|3|1|0|0|288000|1634|13072327|197627
1200000|1|6000|3|1|1|2|288000|1634|13072327|196352
1200000|1|6000|3|1|0|0|288000|1635|13080327|198201
1200000|1|6000|3|1|1|2|288000|1635|13080327|195983
1200000|1|6000|3|1|0|0|288000|1636|13088326|198447
1200000|1|6000|3|1|1|2|288000|1636|13088326|195655
1200000|1|6000|3|1|0|0|288000|1637|13096326|198898
1200000|1|6000|3|1|1|2|288000|1637|13096326|195655
1200000|1|6000|3|1|0|0|288000|1638|13104326|198365
1200000|1|6000|3|1|1|2|288000|1638|13104326|195696
1200000|1|6000|3|1|0|0|288000|1639|13112326|198283
1200000|1|6000|3|1|1|2|288000|1639|13112326|195286
1200000|1|6000|3|1|0|0|288000|1640|13120326|198652
1200000|1|6000|3|1|1|2|288000|1640|13120326|196270
1200000|1|6000|3|1|0|0|288000|1641|13128328|199062
1200000|1|6000|3|1|1|2|288000|1641|13128328|196311
1200000|1|6000|3|1|0|0|288000|1642|13136329|199390
1200000|1|6000|3|1|1|2|288000|1642|13136329|197377
1200000|1|6000|3|1|0|0|288000|1643|13144330|199349
1200000|1|6000|3|1|1|2|288000|1643|13144330|197787
1200000|1|6000|3|1|0|0|288000|1644|13152331|199636
1200000|1|6000|3|1|1|2|288000|1644|13152331|198279
1200000|1|6000|3|1|0|0|288000|1645|13160331|200251
1200000|1|6000|3|1|1|2|288000|1645|13160331|198689
1200000|1|6000|3|1|0|0|288000|1646|13168333|200046
1200000|1|6000|3|1|1|2|288000|1646|13168333|198648
1200000|1|6000|3|1|0|0|288000|1647|13176333|200251
1200000|1|6000|3|1|1|2|288000|1647|13176333|197910
1200000|1|6000|3|1|0|0|288000|1648|13184332|200497
1200000|1|6000|3|1|1|2|288000|1648|13184332|197582
1200000|1|6000|3|1|0|0|288000|1649|13192331|200538
1200000|1|6000|3|1|1|2|288000|1649|13192331|197664
1200000|1|6000|3|1|0|0|288000|1650|13200332|200661
1200000|1|6000|3|1|1|2|288000|1650|13200332|197705
1200000|1|6000|3|1|0|0|288000|1651|13208333|200743
1200000|1|6000|3|1|1|2|288000|1651|13208333|198320
1200000|1|6000|3|1|0|0|288000|1652|13216334|200907
1200000|1|6000|3|1|1|2|288000|1652|13216334|198361
1200000|1|6000|3|1|0|0|288000|1653|13224335|201440
1200000|1|6000|3|1|1|2|288000|1653|13224335|198525
1200000|1|6000|3|1|0|0|288000|1654|13232336|202096
1200000|1|6000|3|1|1|2|288000|1654|13232336|198730
1200000|1|6000|3|1|0|0|288000|1655|13240337|202096
1200000|1|6000|3|1|1|2|288000|1655|13240337|198607
1200000|1|6000|3|1|0|0|288000|1656|13248337|202629
1200000|1|6000|3|1|1|2|288000|1656|13248337|198074
1200000|1|6000|3|1|0|0|288000|1657|13256338|202752
1200000|1|6000|3|1|1|2|288000|1657|13256338|197377
1200000|1|6000|3|1|0|0|288000|1658|13264338|203039
1200000|1|6000|3|1|1|2|288000|1658|13264338|196762
1200000|1|6000|3|1|0|0|288000|1659|13272338|202793
1200000|1|6000|3|1|1|2|288000|1659|13272338|196229
1200000|1|6000|3|1|0|0|288000|1660|13280339|203654
1200000|1|6000|3|1|1|2|288000|1660|13280339|195450
1200000|1|6000|3|1|0|0|288000|1661|13288339|203080
1200000|1|6000|3|1|1|2|288000|1661|13288339|194630
1200000|1|6000|3|1|0|0|288000|1662|13296339|202588
1200000|1|6000|3|1|1|2|288000|1662|13296339|193318
1200000|1|6000|3|1|0|0|288000|1663|13304338|202014
1200000|1|6000|3|1|1|2|288000|1663|13304338|193523
1200000|1|6000|3|1|0|0|288000|1664|13312339|201891
1200000|1|6000|3|1|1|2|288000|1664|13312339|193154
1200000|1|6000|3|1|0|0|288000|1665|13320339|201399
1200000|1|6000|3|1|1|2|288000|1665|13320339|193605
1200000|1|6000|3|1|0|0|288000|1666|13328339|201030
1200000|1|6000|3|1|1|2|288000|1666|13328339|193154
1200000|1|6000|3|1|0|0|288000|1667|13336339|200620
1200000|1|6000|3|1|1|2|288000|1667|13336339|192703
1200000|1|6000|3|1|0|0|288000|1668|13344338|200210
1200000|1|6000|3|1|1|2|288000|1668|13344338|192252
1200000|1|6000|3|1|0|0|288000|1669|13352338|199677
1200000|1|6000|3|1|1|2|288000|1669|13352338|192334
1200000|1|6000|3|1|0|0|288000|1670|13360338|198898
1200000|1|6000|3|1|1|2|288000|1670|13360338|191965
1200000|1|6000|3|1|0|0|288000|1671|13368339|198365
1200000|1|6000|3|1|1|2|288000|1671|13368339|191555
1200000|1|6000|3|1|0|0|288000|1672|13376339|197668
1200000|1|6000|3|1|1|2|288000|1672|13376339|192211
1200000|1|6000|3|1|0|0|288000|1673|13384340|196848
1200000|1|6000|3|1|1|2|288000|1673|13384340|191801
1200000|1|6000|3|1|0|0|288000|1674|13392340|196233
1200000|1|6000|3|1|1|2|288000|1674|13392340|192703
1200000|1|6000|3|1|0|0|288000|1675|13400340|195085
1200000|1|6000|3|1|1|2|288000|1675|13400340|192580
1200000|1|6000|3|1|0|0|288000|1676|13408340|193978
1200000|1|6000|3|1|1|2|288000|1676|13408340|193031
1200000|1|6000|3|1|0|0|288000|1677|13416341|192092
1200000|1|6000|3|1|1|2|288000|1677|13416341|192047
1200000|1|6000|3|1|0|0|288000|1678|13424340|190739
1200000|1|6000|3|1|1|2|288000|1678|13424340|192375
1200000|1|6000|3|1|0|0|288000|1679|13432340|189099
1200000|1|6000|3|1|1|2|288000|1679|13432340|192088
1200000|1|6000|3|1|0|0|288000|1680|13440340|187377
1200000|1|6000|3|1|1|2|288000|1680|13440340|192457
1200000|1|6000|3|1|0|0|288000|1681|13448340|185532
1200000|1|6000|3|1|1|2|288000|1681|13448340|192785
1200000|1|6000|3|1|0|0|288000|1682|13456339|184015
1200000|1|6000|3|1|1|2|288000|1682|13456339|192949
1200000|1|6000|3|1|0|0|288000|1683|13464339|183523
1200000|1|6000|3|1|1|2|288000|1683|13464339|193523
1200000|1|6000|3|1|0|0|288000|1684|13472340|183195
1200000|1|6000|3|1|1|2|288000|1684|13472340|194138
1200000|1|6000|3|1|0|0|288000|1685|13480340|182375
1200000|1|6000|3|1|1|2|288000|1685|13480340|195409
1200000|1|6000|3|1|0|0|288000|1686|13488341|182006
1200000|1|6000|3|1|1|2|288000|1686|13488341|195901
1200000|1|6000|3|1|0|0|288000|1687|13496343|181309
1200000|1|6000|3|1|1|2|288000|1687|13496343|196967
1200000|1|6000|3|1|0|0|288000|1688|13504343|180776
1200000|1|6000|3|1|1|2|288000|1688|13504343|198033
1200000|1|6000|3|1|0|0|288000|1689|13512345|179874
1200000|1|6000|3|1|1|2|288000|1689|13512345|199099
1200000|1|6000|3|1|0|0|288000|1690|13520345|179587
1200000|1|6000|3|1|1|2|288000|1690|13520345|199878
1200000|1|6000|3|1|0|0|288000|1691|13528347|179505
1200000|1|6000|3|1|1|2|288000|1691|13528347|200698
1200000|1|6000|3|1|0|0|288000|1692|13536347|180571
1200000|1|6000|3|1|1|2|288000|1692|13536347|200698
1200000|1|6000|3|1|0|0|288000|1693|13544347|181145
1200000|1|6000|3|1|1|2|288000|1693|13544347|201149
1200000|1|6000|3|1|0|0|288000|1694|13552347|181678
1200000|1|6000|3|1|1|2|288000|1694|13552347|200329
1200000|1|6000|3|1|0|0|288000|1695|13560347|182539
1200000|1|6000|3|1|1|2|288000|1695|13560347|199755
1200000|1|6000|3|1|0|0|288000|1696|13568347|183277
1200000|1|6000|3|1|1|2|288000|1696|13568347|199427
1200000|1|6000|3|1|0|0|288000|1697|13576347|183605
1200000|1|6000|3|1|1|2|288000|1697|13576347|199140
1200000|1|6000|3|1|0|0|288000|1698|13584347|183400
1200000|1|6000|3|1|1|2|288000|1698|13584347|198771
1200000|1|6000|3|1|0|0|288000|1699|13592347|182744
1200000|1|6000|3|1|1|2|288000|1699|13592347|198689
1200000|1|6000|3|1|0|0|288000|1700|13600347|181965
1200000|1|6000|3|1|1|2|288000|1700|13600347|197992
1200000|1|6000|3|1|0|0|288000|1701|13608346|182252
1200000|1|6000|3|1|1|2|288000|1701|13608346|197623
1200000|1|6000|3|1|0|0|288000|1702|13616345|181801
1200000|1|6000|3|1|1|2|288000|1702|13616345|197664
1200000|1|6000|3|1|0|0|288000|1703|13624344|182129
1200000|1|6000|3|1|1|2|288000|1703|13624344|197377
1200000|1|6000|3|1|0|0|288000|1704|13632344|182088
1200000|1|6000|3|1|1|2|288000|1704|13632344|197418
1200000|1|6000|3|1|0|0|288000|1705|13640343|183154
1200000|1|6000|3|1|1|2|288000|1705|13640343|197131
1200000|1|6000|3|1|0|0|288000|1706|13648342|184466
1200000|1|6000|3|1|1|2|288000|1706|13648342|196680
1200000|1|6000|3|1|0|0|288000|1707|13656341|185245
1200000|1|6000|3|1|1|2|288000|1707|13656341|196639
1200000|1|6000|3|1|0|0|288000|1708|13664341|185901
1200000|1|6000|3|1|1|2|288000|1708|13664341|196106
1200000|1|6000|3|1|0|0|288000|1709|13672340|186639
1200000|1|6000|3|1|1|2|288000|1709|13672340|195327
1200000|1|6000|3|1|0|0|288000|1710|13680340|187049
1200000|1|6000|3|1|1|2|288000|1710|13680340|194671
1200000|1|6000|3|1|0|0|288000|1711|13688338|187992
1200000|1|6000|3|1|1|2|288000|1711|13688338|194056
1200000|1|6000|3|1|0|0|288000|1712|13696337|187910
1200000|1|6000|3|1|1|2|288000|1712|13696337|193646
1200000|1|6000|3|1|0|0|288000|1713|13704336|187500
1200000|1|6000|3|1|1|2|288000|1713|13704336|193359
1200000|1|6000|3|1|0|0|288000|1714|13712335|186516
1200000|1|6000|3|1|1|2|288000|1714|13712335|192949
1200000|1|6000|3|1|0|0|288000|1715|13720334|186188
1200000|1|6000|3|1|1|2|288000|1715|13720334|193564
1200000|1|6000|3|1|0|0|288000|1716|13728334|185901
1200000|1|6000|3|1|1|2|288000|1716|13728334|194015
1200000|1|6000|3|1|0|0|288000|1717|13736334|185737
1200000|1|6000|3|1|1|2|288000|1717|13736334|194138
1200000|1|6000|3|1|0|0|288000|1718|13744334|185409
1200000|1|6000|3|1|1|2|288000|1718|13744334|193892
1200000|1|6000|3|1|0|0|288000|1719|13752334|185778
1200000|1|6000|3|1|1|2|288000|1719|13752334|194179
1200000|1|6000|3|1|0|0|288000|1720|13760334|186065
1200000|1|6000|3|1|1|2|288000|1720|13760334|193892
1200000|1|6000|3|1|0|0|288000|1721|13768334|186311
1200000|1|6000|3|1|1|2|288000|1721|13768334|194753
1200000|1|6000|3|1|0|0|288000|1722|13776333|186311
1200000|1|6000|3|1|1|2|288000|1722|13776333|193810
1200000|1|6000|3|1|0|0|288000|1723|13784332|186147
1200000|1|6000|3|1|1|2|288000|1723|13784332|194220
1200000|1|6000|3|1|0|0|288000|1724|13792332|185942
1200000|1|6000|3|1|1|2|288000|1724|13792332|193072
1200000|1|6000|3|1|0|0|288000|1725|13800332|185573
1200000|1|6000|3|1|1|2|288000|1725|13800332|193072
1200000|1|6000|3|1|0|0|288000|1726|13808332|185040
1200000|1|6000|3|1|1|2|288000|1726|13808332|192621
1200000|1|6000|3|1|0|0|288000|1727|13816332|184917
1200000|1|6000|3|1|1|2|288000|1727|13816332|192949
1200000|1|6000|3|1|0|0|288000|1728|13824333|185409
1200000|1|6000|3|1|1|2|288000|1728|13824333|193154
1200000|1|6000|3|1|0|0|288000|1729|13832333|186229
1200000|1|6000|3|1|1|2|288000|1729|13832333|193605
1200000|1|6000|3|1|0|0|288000|1730|13840333|186557
1200000|1|6000|3|1|1|2|288000|1730|13840333|194220
1200000|1|6000|3|1|0|0|288000|1731|13848334|186885
1200000|1|6000|3|1|1|2|288000|1731|13848334|194630
1200000|1|6000|3|1|0|0|288000|1732|13856334|187541
1200000|1|6000|3|1|1|2|288000|1732|13856334|195163
1200000|1|6000|3|1|0|0|288000|1733|13864333|188074
1200000|1|6000|3|1|1|2|288000|1733|13864333|195819
1200000|1|6000|3|1|0|0|288000|1734|13872333|188238
1200000|1|6000|3|1|1|2|288000|1734|13872333|196024
1200000|1|6000|3|1|0|0|288000|1735|13880334|188156
1200000|1|6000|3|1|1|2|288000|1735|13880334|196024
1200000|1|6000|3|1|0|0|288000|1736|13888333|187992
1200000|1|6000|3|1|1|2|288000|1736|13888333|196065
1200000|1|6000|3|1|0|0|288000|1737|13896333|188648
1200000|1|6000|3|1|1|2|288000|1737|13896333|195573
1200000|1|6000|3|1|0|0|288000|1738|13904332|189468
1200000|1|6000|3|1|1|2|288000|1738|13904332|195942
1200000|1|6000|3|1|0|0|288000|1739|13912332|190452
1200000|1|6000|3|1|1|2|288000|1739|13912332|194876
1200000|1|6000|3|1|0|0|288000|1740|13920332|190657
1200000|1|6000|3|1|1|2|288000|1740|13920332|194753
1200000|1|6000|3|1|0|0|288000|1741|13928332|191272
1200000|1|6000|3|1|1|2|288000|1741|13928332|193933
1200000|1|6000|3|1|0|0|288000|1742|13936331|191805
1200000|1|6000|3|1|1|2|288000|1742|13936331|193810
1200000|1|6000|3|1|0|0|288000|1743|13944332|191395
1200000|1|6000|3|1|1|2|288000|1743|13944332|193441
1200000|1|6000|3|1|0|0|288000|1744|13952332|190616
1200000|1|6000|3|1|1|2|288000|1744|13952332|193441
1200000|1|6000|3|1|0|0|288000|1745|13960331|189550
1200000|1|6000|3|1|1|2|288000|1745|13960331|193359
1200000|1|6000|3|1|0|0|288000|1746|13968332|188976
1200000|1|6000|3|1|1|2|288000|1746|13968332|193769
1200000|1|6000|3|1|0|0|288000|1747|13976331|188074
1200000|1|6000|3|1|1|2|288000|1747|13976331|193523
1200000|1|6000|3|1|0|0|288000|1748|13984331|187746
1200000|1|6000|3|1|1|2|288000|1748|13984331|192990
1200000|1|6000|3|1|0|0|288000|1749|13992330|187172
1200000|1|6000|3|1|1|2|288000|1749|13992330|192826
1200000|1|6000|3|1|0|0|288000|1750|14000331|186680
1200000|1|6000|3|1|1|2|288000|1750|14000331|192006
1200000|1|6000|3|1|0|0|288000|1751|14008330|185942
1200000|1|6000|3|1|1|2|288000|1751|14008330|192129
1200000|1|6000|3|1|0|0|288000|1752|14016330|185450
1200000|1|6000|3|1|1|2|288000|1752|14016330|190940
1200000|1|6000|3|1|0|0|288000|1753|14024329|184999
1200000|1|6000|3|1|1|2|288000|1753|14024329|191022
1200000|1|6000|3|1|0|0|288000|1754|14032330|184548
1200000|1|6000|3|1|1|2|288000|1754|14032330|190571
1200000|1|6000|3|1|0|0|288000|1755|14040329|184138
1200000|1|6000|3|1|1|2|288000|1755|14040329|191063
1200000|1|6000|3|1|0|0|288000|1756|14048330|183523
1200000|1|6000|3|1|1|2|288000|1756|14048330|191063
1200000|1|6000|3|1|0|0|288000|1757|14056329|182498
1200000|1|6000|3|1|1|2|288000|1757|14056329|190694
1200000|1|6000|3|1|0|0|288000|1758|14064329|181883
1200000|1|6000|3|1|1|2|288000|1758|14064329|190530
1200000|1|6000|3|1|0|0|288000|1759|14072329|181022
1200000|1|6000|3|1|1|2|288000|1759|14072329|190489
1200000|1|6000|3|1|0|0|288000|1760|14080329|180653
1200000|1|6000|3|1|1|2|288000|1760|14080329|189956
1200000|1|6000|3|1|0|0|288000|1761|14088328|179300
1200000|1|6000|3|1|1|2|288000|1761|14088328|189956
1200000|1|6000|3|1|0|0|288000|1762|14096328|178972
1200000|1|6000|3|1|1|2|288000|1762|14096328|190366
1200000|1|6000|3|1|0|0|288000|1763|14104328|178029
1200000|1|6000|3|1|1|2|288000|1763|14104328|190571
1200000|1|6000|3|1|0|0|288000|1764|14112328|177250
1200000|1|6000|3|1|1|2|288000|1764|14112328|191268
1200000|1|6000|3|1|0|0|288000|1765|14120328|177004
1200000|1|6000|3|1|1|2|288000|1765|14120328|191514
1200000|1|6000|3|1|0|0|288000|1766|14128329|177086
1200000|1|6000|3|1|1|2|288000|1766|14128329|192211
1200000|1|6000|3|1|0|0|288000|1767|14136328|177865
1200000|1|6000|3|1|1|2|288000|1767|14136328|191391
1200000|1|6000|3|1|0|0|288000|1768|14144327|178316
1200000|1|6000|3|1|1|2|288000|1768|14144327|192211
1200000|1|6000|3|1|0|0|288000|1769|14152327|178767
1200000|1|6000|3|1|1|2|288000|1769|14152327|191309
1200000|1|6000|3|1|0|0|288000|1770|14160326|179136
1200000|1|6000|3|1|1|2|288000|1770|14160326|191924
1200000|1|6000|3|1|0|0|288000|1771|14168326|179833
1200000|1|6000|3|1|1|2|288000|1771|14168326|191309
1200000|1|6000|3|1|0|0|288000|1772|14176325|179833
1200000|1|6000|3|1|1|2|288000|1772|14176325|191514
1200000|1|6000|3|1|0|0|288000|1773|14184325|179259
1200000|1|6000|3|1|1|2|288000|1773|14184325|191145
1200000|1|6000|3|1|0|0|288000|1774|14192324|178275
1200000|1|6000|3|1|1|2|288000|1774|14192324|191514
1200000|1|6000|3|1|0|0|288000|1775|14200325|177988
1200000|1|6000|3|1|1|2|288000|1775|14200325|190284
1200000|1|6000|3|1|0|0|288000|1776|14208323|177783
1200000|1|6000|3|1|1|2|288000|1776|14208323|190489
1200000|1|6000|3|1|0|0|288000|1777|14216322|178152
1200000|1|6000|3|1|1|2|288000|1777|14216322|189546
1200000|1|6000|3|1|0|0|288000|1778|14224320|178234
1200000|1|6000|3|1|1|2|288000|1778|14224320|189382
1200000|1|6000|3|1|0|0|288000|1779|14232319|178439
1200000|1|6000|3|1|1|2|288000|1779|14232319|188193
1200000|1|6000|3|1|0|0|288000|1780|14240317|179177
1200000|1|6000|3|1|1|2|288000|1780|14240317|187496
1200000|1|6000|3|1|0|0|288000|1781|14248316|179792
1200000|1|6000|3|1|1|2|288000|1781|14248316|186512
1200000|1|6000|3|1|0|0|288000|1782|14256315|179710
1200000|1|6000|3|1|1|2|288000|1782|14256315|187086
1200000|1|6000|3|1|0|0|288000|1783|14264315|179464
1200000|1|6000|3|1|1|2|288000|1783|14264315|187414
1200000|1|6000|3|1|0|0|288000|1784|14272316|179956
1200000|1|6000|3|1|1|2|288000|1784|14272316|187168
1200000|1|6000|3|1|0|0|288000|1785|14280316|179587
1200000|1|6000|3|1|1|2|288000|1785|14280316|187250
1200000|1|6000|3|1|0|0|288000|1786|14288315|180202
1200000|1|6000|3|1|1|2|288000|1786|14288315|186348
1200000|1|6000|3|1|0|0|288000|1787|14296314|179505
1200000|1|6000|3|1|1|2|288000|1787|14296314|185979
1200000|1|6000|3|1|0|0|288000|1788|14304313|179792
1200000|1|6000|3|1|1|2|288000|1788|14304313|185405
1200000|1|6000|3|1|0|0|288000|1789|14312312|179915
1200000|1|6000|3|1|1|2|288000|1789|14312312|185323
1200000|1|6000|3|1|0|0|288000|1790|14320311|179997
1200000|1|6000|3|1|1|2|288000|1790|14320311|185446
1200000|1|6000|3|1|0|0|288000|1791|14328312|180284
1200000|1|6000|3|1|1|2|288000|1791|14328312|186020
1200000|1|6000|3|1|0|0|288000|1792|14336312|180653
1200000|1|6000|3|1|1|2|288000|1792|14336312|186020
1200000|1|6000|3|1|0|0|288000|1793|14344312|180981
1200000|1|6000|3|1|1|2|288000|1793|14344312|185815
1200000|1|6000|3|1|0|0|288000|1794|14352312|181432
1200000|1|6000|3|1|1|2|288000|1794|14352312|185282
1200000|1|6000|3|1|0|0|288000|1795|14360312|181801
1200000|1|6000|3|1|1|2|288000|1795|14360312|184913
1200000|1|6000|3|1|0|0|288000|1796|14368312|182129
1200000|1|6000|3|1|1|2|288000|1796|14368312|184872
1200000|1|6000|3|1|0|0|288000|1797|14376311|182580
1200000|1|6000|3|1|1|2|288000|1797|14376311|184093
1200000|1|6000|3|1|0|0|288000|1798|14384310|182785
1200000|1|6000|3|1|1|2|288000|1798|14384310|183806
1200000|1|6000|3|1|0|0|288000|1799|14392310|182949
1200000|1|6000|3|1|1|2|288000|1799|14392310|183355
1200000|1|6000|3|1|0|0|288000|1800|14400310|183154
1200000|1|6000|3|1|1|2|288000|1800|14400310|183929
1200000|1|6000|3|1|0|0|288000|1801|14408310|183072
1200000|1|6000|3|1|1|2|288000|1801|14408310|184339
1200000|1|6000|3|1|0|0|288000|1802|14416311|183072
1200000|1|6000|3|1|1|2|288000|1802|14416311|184503
1200000|1|6000|3|1|0|0|288000|1803|14424312|183072
1200000|1|6000|3|1|1|2|288000|1803|14424312|184749
1200000|1|6000|3|1|0|0|288000|1804|14432312|183810
1200000|1|6000|3|1|1|2|288000|1804|14432312|184954
1200000|1|6000|3|1|0|0|288000|1805|14440312|184507
1200000|1|6000|3|1|1|2|288000|1805|14440312|184954
1200000|1|6000|3|1|0|0|288000|1806|14448313|184999
1200000|1|6000|3|1|1|2|288000|1806|14448313|184913
1200000|1|6000|3|1|0|0|288000|1807|14456313|185614
1200000|1|6000|3|1|1|2|288000|1807|14456313|184913
1200000|1|6000|3|1|0|0|288000|1808|14464313|186147
1200000|1|6000|3|1|1|2|288000|1808|14464313|185200
1200000|1|6000|3|1|0|0|288000|1809|14472314|186844
1200000|1|6000|3|1|1|2|288000|1809|14472314|185651
1200000|1|6000|3|1|0|0|288000|1810|14480314|187131
1200000|1|6000|3|1|1|2|288000|1810|14480314|186102
1200000|1|6000|3|1|0|0|288000|1811|14488315|187582
1200000|1|6000|3|1|1|2|288000|1811|14488315|186389
1200000|1|6000|3|1|0|0|288000|1812|14496315|188238
1200000|1|6000|3|1|1|2|288000|1812|14496315|186758
1200000|1|6000|3|1|0|0|288000|1813|14504316|188771
1200000|1|6000|3|1|1|2|288000|1813|14504316|186635
1200000|1|6000|3|1|0|0|288000|1814|14512316|189960
1200000|1|6000|3|1|1|2|288000|1814|14512316|186594
1200000|1|6000|3|1|0|0|288000|1815|14520316|190370
1200000|1|6000|3|1|1|2|288000|1815|14520316|187496
1200000|1|6000|3|1|0|0|288000|1816|14528317|191764
1200000|1|6000|3|1|1|2|288000|1816|14528317|187250
1200000|1|6000|3|1|0|0|288000|1817|14536317|193076
1200000|1|6000|3|1|1|2|288000|1817|14536317|187455
1200000|1|6000|3|1|0|0|288000|1818|14544317|194183
1200000|1|6000|3|1|1|2|288000|1818|14544317|187455
1200000|1|6000|3|1|0|0|288000|1819|14552316|194757
1200000|1|6000|3|1|1|2|288000|1819|14552316|187783
1200000|1|6000|3|1|0|0|288000|1820|14560317|194552
1200000|1|6000|3|1|1|2|288000|1820|14560317|187742
1200000|1|6000|3|1|0|0|288000|1821|14568317|194921
1200000|1|6000|3|1|1|2|288000|1821|14568317|188111
1200000|1|6000|3|1|0|0|288000|1822|14576317|195085
1200000|1|6000|3|1|1|2|288000|1822|14576317|188070
1200000|1|6000|3|1|0|0|288000|1823|14584318|195495
1200000|1|6000|3|1|1|2|288000|1823|14584318|188644
1200000|1|6000|3|1|0|0|288000|1824|14592319|195864
1200000|1|6000|3|1|1|2|288000|1824|14592319|189136
1200000|1|6000|3|1|0|0|288000|1825|14600320|196151
1200000|1|6000|3|1|1|2|288000|1825|14600320|188808
1200000|1|6000|3|1|0|0|288000|1826|14608321|196602
1200000|1|6000|3|1|1|2|288000|1826|14608321|189382
1200000|1|6000|3|1|0|0|288000|1827|14616322|197422
1200000|1|6000|3|1|1|2|288000|1827|14616322|188767
1200000|1|6000|3|1|0|0|288000|1828|14624322|197832
1200000|1|6000|3|1|1|2|288000|1828|14624322|188398
1200000|1|6000|3|1|0|0|288000|1829|14632321|198324
1200000|1|6000|3|1|1|2|288000|1829|14632321|188029
1200000|1|6000|3|1|0|0|288000|1830|14640321|198324
1200000|1|6000|3|1|1|2|288000|1830|14640321|188152
1200000|1|6000|3|1|0|0|288000|1831|14648322|198898
1200000|1|6000|3|1|1|2|288000|1831|14648322|188234
1200000|1|6000|3|1|0|0|288000|1832|14656321|199226
1200000|1|6000|3|1|1|2|288000|1832|14656321|187824
1200000|1|6000|3|1|0|0|288000|1833|14664321|198734
1200000|1|6000|3|1|1|2|288000|1833|14664321|187537
1200000|1|6000|3|1|0|0|288000|1834|14672320|197996
1200000|1|6000|3|1|1|2|288000|1834|14672320|188111
1200000|1|6000|3|1|0|0|288000|1835|14680321|197463
1200000|1|6000|3|1|1|2|288000|1835|14680321|188152
1200000|1|6000|3|1|0|0|288000|1836|14688321|197176
1200000|1|6000|3|1|1|2|288000|1836|14688321|188111
1200000|1|6000|3|1|0|0|288000|1837|14696322|196438
1200000|1|6000|3|1|1|2|288000|1837|14696322|188152
1200000|1|6000|3|1|0|0|288000|1838|14704322|196151
1200000|1|6000|3|1|1|2|288000|1838|14704322|188111
1200000|1|6000|3|1|0|0|288000|1839|14712322|195331
1200000|1|6000|3|1|1|2|288000|1839|14712322|188357
1200000|1|6000|3|1|0|0|288000|1840|14720322|195290
1200000|1|6000|3|1|1|2|288000|1840|14720322|188234
1200000|1|6000|3|1|0|0|288000|1841|14728322|195536
1200000|1|6000|3|1|1|2|288000|1841|14728322|188111
1200000|1|6000|3|1|0|0|288000|1842|14736321|195085
1200000|1|6000|3|1|1|2|288000|1842|14736321|187865
1200000|1|6000|3|1|0|0|288000|1843|14744321|194511
1200000|1|6000|3|1|1|2|288000|1843|14744321|188644
1200000|1|6000|3|1|0|0|288000|1844|14752322|194060
1200000|1|6000|3|1|1|2|288000|1844|14752322|188480
1200000|1|6000|3|1|0|0|288000|1845|14760321|193445
1200000|1|6000|3|1|1|2|288000|1845|14760321|188685
1200000|1|6000|3|1|0|0|288000|1846|14768322|192953
1200000|1|6000|3|1|1|2|288000|1846|14768322|188767
1200000|1|6000|3|1|0|0|288000|1847|14776321|192502
1200000|1|6000|3|1|1|2|288000|1847|14776321|188685
1200000|1|6000|3|1|0|0|288000|1848|14784321|191846
1200000|1|6000|3|1|1|2|288000|1848|14784321|188726
1200000|1|6000|3|1|0|0|288000|1849|14792321|191026
1200000|1|6000|3|1|1|2|288000|1849|14792321|188644
1200000|1|6000|3|1|0|0|288000|1850|14800321|190862
1200000|1|6000|3|1|1|2|288000|1850|14800321|188972
1200000|1|6000|3|1|0|0|288000|1851|14808320|190657
1200000|1|6000|3|1|1|2|288000|1851|14808320|188931
1200000|1|6000|3|1|0|0|288000|1852|14816321|189837
1200000|1|6000|3|1|1|2|288000|1852|14816321|188685
1200000|1|6000|3|1|0|0|288000|1853|14824320|189591
1200000|1|6000|3|1|1|2|288000|1853|14824320|188480
1200000|1|6000|3|1|0|0|288000|1854|14832320|189140
1200000|1|6000|3|1|1|2|288000|1854|14832320|188644
1200000|1|6000|3|1|0|0|288000|1855|14840320|189263
1200000|1|6000|3|1|1|2|288000|1855|14840320|188316
1200000|1|6000|3|1|0|0|288000|1856|14848320|189878
1200000|1|6000|3|1|1|2|288000|1856|14848320|188521
1200000|1|6000|3|1|0|0|288000|1857|14856320|189837
1200000|1|6000|3|1|1|2|288000|1857|14856320|188562
1200000|1|6000|3|1|0|0|288000|1858|14864321|190083
1200000|1|6000|3|1|1|2|288000|1858|14864321|189095
1200000|1|6000|3|1|0|0|288000|1859|14872322|189509
1200000|1|6000|3|1|1|2|288000|1859|14872322|190817
1200000|1|6000|3|1|0|0|288000|1860|14880323|190083
1200000|1|6000|3|1|1|2|288000|1860|14880323|192252
1200000|1|6000|3|1|0|0|288000|1861|14888324|190001
1200000|1|6000|3|1|1|2|288000|1861|14888324|193441
1200000|1|6000|3|1|0|0|288000|1862|14896325|190372
1200000|1|6000|3|1|1|2|288000|1862|14896325|193974
1200000|1|6000|3|1|0|0|288000|1863|14904326|189304
1200000|1|6000|3|1|1|2|288000|1863|14904326|194876
1200000|1|6000|3|1|0|0|288000|1864|14912327|189263
1200000|1|6000|3|1|1|2|288000|1864|14912327|195696
1200000|1|6000|3|1|0|0|288000|1865|14920328|189222
1200000|1|6000|3|1|1|2|288000|1865|14920328|196557
1200000|1|6000|3|1|0|0|288000|1866|14928329|189017
1200000|1|6000|3|1|1|2|288000|1866|14928329|196352
1200000|1|6000|3|1|0|0|288000|1867|14936329|189347
1200000|1|6000|3|1|1|2|288000|1867|14936329|197500
1200000|1|6000|3|1|0|0|288000|1868|14944331|189386
1200000|1|6000|3|1|1|2|288000|1868|14944331|198484
1200000|1|6000|3|1|0|0|288000|1869|14952332|189263
1200000|1|6000|3|1|1|2|288000|1869|14952332|199304
1200000|1|6000|3|1|0|0|288000|1870|14960333|189714
1200000|1|6000|3|1|1|2|288000|1870|14960333|200452
1200000|1|6000|3|1|0|0|288000|1871|14968334|189878
1200000|1|6000|3|1|1|2|288000|1871|14968334|201436
1200000|1|6000|3|1|0|0|288000|1872|14976335|189550
1200000|1|6000|3|1|1|2|288000|1872|14976335|202051
1200000|1|6000|3|1|0|0|288000|1873|14984335|189837
1200000|1|6000|3|1|1|2|288000|1873|14984335|203117
1200000|1|6000|3|1|0|0|288000|1874|14992336|189386
1200000|1|6000|3|1|1|2|288000|1874|14992336|203035
1200000|1|6000|3|1|0|0|288000|1875|15000336|189714
1200000|1|6000|3|1|1|2|288000|1875|15000336|203404
1200000|1|6000|3|1|0|0|288000|1876|15008336|189878
1200000|1|6000|3|1|1|2|288000|1876|15008336|203404
1200000|1|6000|3|1|0|0|288000|1877|15016336|190001
1200000|1|6000|3|1|1|2|288000|1877|15016336|204224
1200000|1|6000|3|1|0|0|288000|1878|15024336|190329
1200000|1|6000|3|1|1|2|288000|1878|15024336|204429
1200000|1|6000|3|1|0|0|288000|1879|15032336|190206
1200000|1|6000|3|1|1|2|288000|1879|15032336|205208
1200000|1|6000|3|1|0|0|288000|1880|15040337|189099
1200000|1|6000|3|1|1|2|288000|1880|15040337|204757
1200000|1|6000|3|1|0|0|288000|1881|15048336|188771
1200000|1|6000|3|1|1|2|288000|1881|15048336|205413
1200000|1|6000|3|1|0|0|288000|1882|15056336|188566
1200000|1|6000|3|1|1|2|288000|1882|15056336|205167
1200000|1|6000|3|1|0|0|288000|1883|15064335|188771
1200000|1|6000|3|1|1|2|288000|1883|15064335|204757
1200000|1|6000|3|1|0|0|288000|1884|15072335|188648
1200000|1|6000|3|1|1|2|288000|1884|15072335|204224
1200000|1|6000|3|1|0|0|288000|1885|15080334|188771
1200000|1|6000|3|1|1|2|288000|1885|15080334|203609
1200000|1|6000|3|1|0|0|288000|1886|15088333|188771
1200000|1|6000|3|1|1|2|288000|1886|15088333|203117
1200000|1|6000|3|1|0|0|288000|1887|15096333|187664
1200000|1|6000|3|1|1|2|288000|1887|15096333|203855
1200000|1|6000|3|1|0|0|288000|1888|15104335|187049
1200000|1|6000|3|1|1|2|288000|1888|15104335|204716
1200000|1|6000|3|1|0|0|288000|1889|15112336|186434
1200000|1|6000|3|1|1|2|288000|1889|15112336|205782
1200000|1|6000|3|1|0|0|288000|1890|15120338|185942
1200000|1|6000|3|1|1|2|288000|1890|15120338|207545
1200000|1|6000|3|1|0|0|288000|1891|15128340|185245
1200000|1|6000|3|1|1|2|288000|1891|15128340|208365
1200000|1|6000|3|1|0|0|288000|1892|15136342|184343
1200000|1|6000|3|1|1|2|288000|1892|15136342|209103
1200000|1|6000|3|1|0|0|288000|1893|15144342|183769
1200000|1|6000|3|1|1|2|288000|1893|15144342|209390
1200000|1|6000|3|1|0|0|288000|1894|15152343|183482
1200000|1|6000|3|1|1|2|288000|1894|15152343|209636
1200000|1|6000|3|1|0|0|288000|1895|15160343|182949
1200000|1|6000|3|1|1|2|288000|1895|15160343|209964
1200000|1|6000|3|1|0|0|288000|1896|15168343|182047
1200000|1|6000|3|1|1|2|288000|1896|15168343|209800
1200000|1|6000|3|1|0|0|288000|1897|15176343|181022
1200000|1|6000|3|1|1|2|288000|1897|15176343|209431
1200000|1|6000|3|1|0|0|288000|1898|15184343|180284
1200000|1|6000|3|1|1|2|288000|1898|15184343|209062
1200000|1|6000|3|1|0|0|288000|1899|15192343|179013
1200000|1|6000|3|1|1|2|288000|1899|15192343|209185
1200000|1|6000|3|1|0|0|288000|1900|15200343|178644
1200000|1|6000|3|1|1|2|288000|1900|15200343|208816
1200000|1|6000|3|1|0|0|288000|1901|15208342|178521
1200000|1|6000|3|1|1|2|288000|1901|15208342|209185
1200000|1|6000|3|1|0|0|288000|1902|15216343|178849
1200000|1|6000|3|1|1|2|288000|1902|15216343|209144
1200000|1|6000|3|1|0|0|288000|1903|15224343|179177
1200000|1|6000|3|1|1|2|288000|1903|15224343|209677
1200000|1|6000|3|1|0|0|288000|1904|15232344|179382
1200000|1|6000|3|1|1|2|288000|1904|15232344|209677
1200000|1|6000|3|1|0|0|288000|1905|15240345|178767
1200000|1|6000|3|1|1|2|288000|1905|15240345|209841
1200000|1|6000|3|1|0|0|288000|1906|15248345|178808
1200000|1|6000|3|1|1|2|288000|1906|15248345|210128
1200000|1|6000|3|1|0|0|288000|1907|15256347|178234
1200000|1|6000|3|1|1|2|288000|1907|15256347|209636
1200000|1|6000|3|1|0|0|288000|1908|15264347|177373
1200000|1|6000|3|1|1|2|288000|1908|15264347|209718
1200000|1|6000|3|1|0|0|288000|1909|15272348|177906
1200000|1|6000|3|1|1|2|288000|1909|15272348|209308
1200000|1|6000|3|1|0|0|288000|1910|15280348|177783
1200000|1|6000|3|1|1|2|288000|1910|15280348|208980
1200000|1|6000|3|1|0|0|288000|1911|15288348|178726
1200000|1|6000|3|1|1|2|288000|1911|15288348|209062
1200000|1|6000|3|1|0|0|288000|1912|15296348|178234
1200000|1|6000|3|1|1|2|288000|1912|15296348|209636
1200000|1|6000|3|1|0|0|288000|1913|15304349|178972
1200000|1|6000|3|1|1|2|288000|1913|15304349|209718
1200000|1|6000|3|1|0|0|288000|1914|15312349|179300
1200000|1|6000|3|1|1|2|288000|1914|15312349|209882
1200000|1|6000|3|1|0|0|288000|1915|15320349|179751
1200000|1|6000|3|1|1|2|288000|1915|15320349|209882
1200000|1|6000|3|1|0|0|288000|1916|15328349|179915
1200000|1|6000|3|1|1|2|288000|1916|15328349|210046
1200000|1|6000|3|1|0|0|288000|1917|15336349|180407
1200000|1|6000|3|1|1|2|288000|1917|15336349|210128
1200000|1|6000|3|1|0|0|288000|1918|15344351|181022
1200000|1|6000|3|1|1|2|288000|1918|15344351|209964
1200000|1|6000|3|1|0|0|288000|1919|15352351|181514
1200000|1|6000|3|1|1|2|288000|1919|15352351|210374
1200000|1|6000|3|1|0|0|288000|1920|15360352|182375
1200000|1|6000|3|1|1|2|288000|1920|15360352|210005
1200000|1|6000|3|1|0|0|288000|1921|15368353|183072
1200000|1|6000|3|1|1|2|288000|1921|15368353|210210
1200000|1|6000|3|1|0|0|288000|1922|15376353|183892
1200000|1|6000|3|1|1|2|288000|1922|15376353|210251
1200000|1|6000|3|1|0|0|288000|1923|15384354|184097
1200000|1|6000|3|1|1|2|288000|1923|15384354|210825
1200000|1|6000|3|1|0|0|288000|1924|15392354|183605
1200000|1|6000|3|1|1|2|288000|1924|15392354|211768
1200000|1|6000|3|1|0|0|288000|1925|15400356|183236
1200000|1|6000|3|1|1|2|288000|1925|15400356|211973
1200000|1|6000|3|1|0|0|288000|1926|15408356|182826
1200000|1|6000|3|1|1|2|288000|1926|15408356|211809
1200000|1|6000|3|1|0|0|288000|1927|15416356|182334
1200000|1|6000|3|1|1|2|288000|1927|15416356|211481
1200000|1|6000|3|1|0|0|288000|1928|15424356|182375
1200000|1|6000|3|1|1|2|288000|1928|15424356|211030
1200000|1|6000|3|1|0|0|288000|1929|15432356|182252
1200000|1|6000|3|1|1|2|288000|1929|15432356|210374
1200000|1|6000|3|1|0|0|288000|1930|15440356|182949
1200000|1|6000|3|1|1|2|288000|1930|15440356|210579
1200000|1|6000|3|1|0|0|288000|1931|15448355|183318
1200000|1|6000|3|1|1|2|288000|1931|15448355|210538
1200000|1|6000|3|1|0|0|288000|1932|15456355|183400
1200000|1|6000|3|1|1|2|288000|1932|15456355|210989
1200000|1|6000|3|1|0|0|288000|1933|15464356|183810
1200000|1|6000|3|1|1|2|288000|1933|15464356|211235
1200000|1|6000|3|1|0|0|288000|1934|15472357|183441
1200000|1|6000|3|1|1|2|288000|1934|15472357|211932
1200000|1|6000|3|1|0|0|288000|1935|15480358|183687
1200000|1|6000|3|1|1|2|288000|1935|15480358|212752
1200000|1|6000|3|1|0|0|288000|1936|15488359|183072
1200000|1|6000|3|1|1|2|288000|1936|15488359|212875
1200000|1|6000|3|1|0|0|288000|1937|15496359|183195
1200000|1|6000|3|1|1|2|288000|1937|15496359|213080
1200000|1|6000|3|1|0|0|288000|1938|15504360|182088
1200000|1|6000|3|1|1|2|288000|1938|15504360|213408
1200000|1|6000|3|1|0|0|288000|1939|15512361|181924
1200000|1|6000|3|1|1|2|288000|1939|15512361|213572
1200000|1|6000|3|1|0|0|288000|1940|15520361|181063
1200000|1|6000|3|1|1|2|288000|1940|15520361|213613
1200000|1|6000|3|1|0|0|288000|1941|15528361|180284
1200000|1|6000|3|1|1|2|288000|1941|15528361|213695
1200000|1|6000|3|1|0|0|288000|1942|15536361|180038
1200000|1|6000|3|1|1|2|288000|1942|15536361|213244
1200000|1|6000|3|1|0|0|288000|1943|15544362|179136
1200000|1|6000|3|1|1|2|288000|1943|15544362|212998
1200000|1|6000|3|1|0|0|288000|1944|15552362|178193
1200000|1|6000|3|1|1|2|288000|1944|15552362|213162
1200000|1|6000|3|1|0|0|288000|1945|15560363|177373
1200000|1|6000|3|1|1|2|288000|1945|15560363|213162
1200000|1|6000|3|1|0|0|288000|1946|15568363|177619
1200000|1|6000|3|1|1|2|288000|1946|15568363|212752
1200000|1|6000|3|1|0|0|288000|1947|15576364|177865
1200000|1|6000|3|1|1|2|288000|1947|15576364|212219
1200000|1|6000|3|1|0|0|288000|1948|15584364|177783
1200000|1|6000|3|1|1|2|288000|1948|15584364|212752
1200000|1|6000|3|1|0|0|288000|1949|15592365|177783
1200000|1|6000|3|1|1|2|288000|1949|15592365|212752
1200000|1|6000|3|1|0|0|288000|1950|15600365|177906
1200000|1|6000|3|1|1|2|288000|1950|15600365|213033
1200000|1|6000|3|1|0|0|288000|1951|15608366|177947
1200000|1|6000|3|1|1|2|288000|1951|15608366|212828
1200000|1|6000|3|1|0|0|288000|1952|15616367|177455
1200000|1|6000|3|1|1|2|288000|1952|15616367|212539
1200000|1|6000|3|1|0|0|288000|1953|15624367|177209
1200000|1|6000|3|1|1|2|288000|1953|15624367|212293
1200000|1|6000|3|1|0|0|288000|1954|15632368|176676
1200000|1|6000|3|1|1|2|288000|1954|15632368|212090
1200000|1|6000|3|1|0|0|288000|1955|15640368|176799
1200000|1|6000|3|1|1|2|288000|1955|15640368|211268
1200000|1|6000|3|1|0|0|288000|1956|15648368|176922
1200000|1|6000|3|1|1|2|288000|1956|15648368|210450
1200000|1|6000|3|1|0|0|288000|1957|15656367|177291
1200000|1|6000|3|1|1|2|288000|1957|15656367|210404
1200000|1|6000|3|1|0|0|288000|1958|15664366|177824
1200000|1|6000|3|1|1|2|288000|1958|15664366|210285
1200000|1|6000|3|1|0|0|288000|1959|15672366|177742
1200000|1|6000|3|1|1|2|288000|1959|15672366|210456
1200000|1|6000|3|1|0|0|288000|1960|15680365|178890
1200000|1|6000|3|1|1|2|288000|1960|15680365|210620
1200000|1|6000|3|1|0|0|288000|1961|15688365|179177
1200000|1|6000|3|1|1|2|288000|1961|15688365|210374
1200000|1|6000|3|1|0|0|288000|1962|15696365|180325
1200000|1|6000|3|1|1|2|288000|1962|15696365|210661
1200000|1|6000|3|1|0|0|288000|1963|15704365|180899
1200000|1|6000|3|1|1|2|288000|1963|15704365|210415
1200000|1|6000|3|1|0|0|288000|1964|15712365|181514
1200000|1|6000|3|1|1|2|288000|1964|15712365|210292
1200000|1|6000|3|1|0|0|288000|1965|15720365|182047
1200000|1|6000|3|1|1|2|288000|1965|15720365|209882
1200000|1|6000|3|1|0|0|288000|1966|15728365|182949
1200000|1|6000|3|1|1|2|288000|1966|15728365|209759
1200000|1|6000|3|1|0|0|288000|1967|15736365|183318
1200000|1|6000|3|1|1|2|288000|1967|15736365|209308
1200000|1|6000|3|1|0|0|288000|1968|15744365|182785
1200000|1|6000|3|1|1|2|288000|1968|15744365|209103
1200000|1|6000|3|1|0|0|288000|1969|15752365|182703
1200000|1|6000|3|1|1|2|288000|1969|15752365|208365
1200000|1|6000|3|1|0|0|288000|1970|15760364|182006
1200000|1|6000|3|1|1|2|288000|1970|15760364|208611
1200000|1|6000|3|1|0|0|288000|1971|15768363|181965
1200000|1|6000|3|1|1|2|288000|1971|15768363|207955
1200000|1|6000|3|1|0|0|288000|1972|15776363|181432
1200000|1|6000|3|1|1|2|288000|1972|15776363|207791
1200000|1|6000|3|1|0|0|288000|1973|15784363|181186
1200000|1|6000|3|1|1|2|288000|1973|15784363|206766
1200000|1|6000|3|1|0|0|288000|1974|15792363|180489
1200000|1|6000|3|1|1|2|288000|1974|15792363|206069
1200000|1|6000|3|1|0|0|288000|1975|15800363|181022
1200000|1|6000|3|1|1|2|288000|1975|15800363|205413
1200000|1|6000|3|1|0|0|288000|1976|15808362|181760
1200000|1|6000|3|1|1|2|288000|1976|15808362|204880
1200000|1|6000|3|1|0|0|288000|1977|15816362|182539
1200000|1|6000|3|1|1|2|288000|1977|15816362|205290
1200000|1|6000|3|1|0|0|288000|1978|15824363|182908
1200000|1|6000|3|1|1|2|288000|1978|15824363|205208
1200000|1|6000|3|1|0|0|288000|1979|15832364|183400
1200000|1|6000|3|1|1|2|288000|1979|15832364|206438
1200000|1|6000|3|1|0|0|288000|1980|15840365|183974
1200000|1|6000|3|1|1|2|288000|1980|15840365|206758
1200000|1|6000|3|1|0|0|288000|1981|15848366|185040
1200000|1|6000|3|1|1|2|288000|1981|15848366|207783
1200000|1|6000|3|1|0|0|288000|1982|15856366|185368
1200000|1|6000|3|1|1|2|288000|1982|15856366|207786
1200000|1|6000|3|1|0|0|288000|1983|15864367|184835
1200000|1|6000|3|1|1|2|288000|1983|15864367|208520
1200000|1|6000|3|1|0|0|288000|1984|15872368|183810
1200000|1|6000|3|1|1|2|288000|1984|15872368|208398
1200000|1|6000|3|1|0|0|288000|1985|15880368|183523
1200000|1|6000|3|1|1|2|288000|1985|15880368|208767
1200000|1|6000|3|1|0|0|288000|1986|15888368|183195
1200000|1|6000|3|1|1|2|288000|1986|15888368|208518
1200000|1|6000|3|1|0|0|288000|1987|15896369|182703
1200000|1|6000|3|1|1|2|288000|1987|15896369|208682
1200000|1|6000|3|1|0|0|288000|1988|15904369|182498
1200000|1|6000|3|1|1|2|288000|1988|15904369|209178
1200000|1|6000|3|1|0|0|288000|1989|15912370|181637
1200000|1|6000|3|1|1|2|288000|1989|15912370|209339
1200000|1|6000|3|1|0|0|288000|1990|15920371|182539
1200000|1|6000|3|1|1|2|288000|1990|15920371|209915
1200000|1|6000|3|1|0|0|288000|1991|15928371|183154
1200000|1|6000|3|1|1|2|288000|1991|15928371|210489
1200000|1|6000|3|1|0|0|288000|1992|15936372|183441
1200000|1|6000|3|1|1|2|288000|1992|15936372|211064
1200000|1|6000|3|1|0|0|288000|1993|15944373|183482
1200000|1|6000|3|1|1|2|288000|1993|15944373|211925
1200000|1|6000|3|1|0|0|288000|1994|15952373|183400
1200000|1|6000|3|1|1|2|288000|1994|15952373|212580
1200000|1|6000|3|1|0|0|288000|1995|15960374|183728
1200000|1|6000|3|1|1|2|288000|1995|15960374|212947
1200000|1|6000|3|1|0|0|288000|1996|15968375|183523
1200000|1|6000|3|1|1|2|288000|1996|15968375|213812
1200000|1|6000|3|1|0|0|288000|1997|15976376|183687
1200000|1|6000|3|1|1|2|288000|1997|15976376|214097
1200000|1|6000|3|1|0|0|288000|1998|15984376|182867
1200000|1|6000|3|1|1|2|288000|1998|15984376|214875
1200000|1|6000|3|1|0|0|288000|1999|15992377|182539
1200000|1|6000|3|1|1|2|288000|1999|15992377|215040
1200000|1|6000|3|2|0|0|288000|0|0|282139
1200000|1|6000|3|2|1|2|288000|0|0|272765
1200000|1|6000|3|2|0|0|288000|1|7992|282941
1200000|1|6000|3|2|1|2|288000|1|7992|270264
1200000|1|6000|3|2|0|0|288000|2|15989|283681
1200000|1|6000|3|2|1|2|288000|2|15989|268504
1200000|1|6000|3|2|0|0|288000|3|23987|284622
1200000|1|6000|3|2|1|2|288000|3|23987|267316
1200000|1|6000|3|2|0|0|288000|4|31985|284745
1200000|1|6000|3|2|1|2|288000|4|31985|266290
1200000|1|6000|3|2|0|0|288000|5|39984|285279
1200000|1|6000|3|2|1|2|288000|5|39984|266291
1200000|1|6000|3|2|0|0|288000|6|47984|285810
1200000|1|6000|3|2|1|2|288000|6|47984|265920
1200000|1|6000|3|2|0|0|288000|7|55984|286013
1200000|1|6000|3|2|1|2|288000|7|55984|265388
1200000|1|6000|3|2|0|0|288000|8|63984|286466
1200000|1|6000|3|2|1|2|288000|8|63984|264935
1200000|1|6000|3|2|0|0|288000|9|71984|286384
1200000|1|6000|3|2|1|2|288000|9|71984|264407
1200000|1|6000|3|2|0|0|288000|10|79984|286550
1200000|1|6000|3|2|1|2|288000|10|79984|263872
1200000|1|6000|3|2|0|0|288000|11|87984|286057
1200000|1|6000|3|2|1|2|288000|11|87984|263995
1200000|1|6000|3|2|0|0|288000|12|95985|286344
1200000|1|6000|3|2|1|2|288000|12|95985|263543
1200000|1|6000|3|2|0|0|288000|13|103985|286591
1200000|1|6000|3|2|1|2|288000|13|103985|263257
1200000|1|6000|3|2|0|0|288000|14|111985|286878
1200000|1|6000|3|2|1|2|288000|14|111985|263341
1200000|1|6000|3|2|0|0|288000|15|119986|286834
1200000|1|6000|3|2|1|2|288000|15|119986|263257
1200000|1|6000|3|2|0|0|288000|16|127986|286590
1200000|1|6000|3|2|1|2|288000|16|127986|262928
1200000|1|6000|3|2|0|0|288000|17|135986|286386
1200000|1|6000|3|2|1|2|288000|17|135986|262067
1200000|1|6000|3|2|0|0|288000|18|143986|286261
1200000|1|6000|3|2|1|2|288000|18|143986|262026
1200000|1|6000|3|2|0|0|288000|19|151987|286548
1200000|1|6000|3|2|1|2|288000|19|151987|261085
1200000|1|6000|3|2|0|0|288000|20|159987|286467
1200000|1|6000|3|2|1|2|288000|20|159987|261001
1200000|1|6000|3|2|0|0|288000|21|167988|286508
1200000|1|6000|3|2|1|2|288000|21|167988|260509
1200000|1|6000|3|2|0|0|288000|22|175989|286590
1200000|1|6000|3|2|1|2|288000|22|175989|260306
1200000|1|6000|3|2|0|0|288000|23|183989|286467
1200000|1|6000|3|2|1|2|288000|23|183989|260427
1200000|1|6000|3|2|0|0|288000|24|191989|286958
1200000|1|6000|3|2|1|2|288000|24|191989|259895
1200000|1|6000|3|2|0|0|288000|25|199989|286917
1200000|1|6000|3|2|1|2|288000|25|199989|259892
1200000|1|6000|3|2|0|0|288000|26|207989|287575
1200000|1|6000|3|2|1|2|288000|26|207989|259442
1200000|1|6000|3|2|0|0|288000|27|215989|288189
1200000|1|6000|3|2|1|2|288000|27|215989|259731
1200000|1|6000|3|2|0|0|288000|28|223989|289131
1200000|1|6000|3|2|1|2|288000|28|223989|259403
1200000|1|6000|3|2|0|0|288000|29|231989|289214
1200000|1|6000|3|2|1|2|288000|29|231989|259976
1200000|1|6000|3|2|0|0|288000|30|239990|289788
1200000|1|6000|3|2|1|2|288000|30|239990|260139
1200000|1|6000|3|2|0|0|288000|31|247992|290238
1200000|1|6000|3|2|1|2|288000|31|247992|260834
1200000|1|6000|3|2|0|0|288000|32|255994|290645
1200000|1|6000|3|2|1|2|288000|32|255994|261699
1200000|1|6000|3|2|0|0|288000|33|263995|291634
1200000|1|6000|3|2|1|2|288000|33|263995|262231
1200000|1|6000|3|2|0|0|288000|34|271995|291634
1200000|1|6000|3|2|1|2|288000|34|271995|263052
1200000|1|6000|3|2|0|0|288000|35|279996|291386
1200000|1|6000|3|2|1|2|288000|35|279996|263623
1200000|1|6000|3|2|0|0|288000|36|287997|291058
1200000|1|6000|3|2|1|2|288000|36|287997|263954
1200000|1|6000|3|2|0|0|288000|37|295997|291302
1200000|1|6000|3|2|1|2|288000|37|295997|264118
1200000|1|6000|3|2|0|0|288000|38|303998|291385
1200000|1|6000|3|2|1|2|288000|38|303998|264774
1200000|1|6000|3|2|0|0|288000|39|311997|291509
1200000|1|6000|3|2|1|2|288000|39|311997|264688
1200000|1|6000|3|2|0|0|288000|40|319998|291141
1200000|1|6000|3|2|1|2|288000|40|319998|264980
1200000|1|6000|3|2|0|0|288000|41|327998|291017
1200000|1|6000|3|2|1|2|288000|41|327998|264856
1200000|1|6000|3|2|0|0|288000|42|335998|291224
1200000|1|6000|3|2|1|2|288000|42|335998|265224
1200000|1|6000|3|2|0|0|288000|43|343998|291180
1200000|1|6000|3|2|1|2|288000|43|343998|265881
1200000|1|6000|3|2|0|0|288000|44|352000|290565
1200000|1|6000|3|2|1|2|288000|44|352000|266126
1200000|1|6000|3|2|0|0|288000|45|359999|289870
1200000|1|6000|3|2|1|2|288000|45|359999|266209
1200000|1|6000|3|2|0|0|288000|46|368000|289705
1200000|1|6000|3|2|1|2|288000|46|368000|266988
1200000|1|6000|3|2|0|0|288000|47|376000|289542
1200000|1|6000|3|2|1|2|288000|47|376000|267724
1200000|1|6000|3|2|0|0|288000|48|384001|289748
1200000|1|6000|3|2|1|2|288000|48|384001|268751
1200000|1|6000|3|2|0|0|288000|49|392001|289418
1200000|1|6000|3|2|1|2|288000|49|392001|269486
1200000|1|6000|3|2|0|0|288000|50|400001|289089
1200000|1|6000|3|2|1|2|288000|50|400001|270309
1200000|1|6000|3|2|0|0|288000|51|408002|288888
1200000|1|6000|3|2|1|2|288000|51|408002|270515
1200000|1|6000|3|2|0|0|288000|52|416002|289338
1200000|1|6000|3|2|1|2|288000|52|416002|271539
1200000|1|6000|3|2|0|0|288000|53|424003|288844
1200000|1|6000|3|2|1|2|288000|53|424003|271704
1200000|1|6000|3|2|0|0|288000|54|432004|288681
1200000|1|6000|3|2|1|2|288000|54|432004|272604
1200000|1|6000|3|2|0|0|288000|55|440004|288351
1200000|1|6000|3|2|1|2|288000|55|440004|273303
1200000|1|6000|3|2|0|0|288000|56|448005|287860
1200000|1|6000|3|2|1|2|288000|56|448005|273466
1200000|1|6000|3|2|0|0|288000|57|456006|288026
1200000|1|6000|3|2|1|2|288000|57|456006|273712
1200000|1|6000|3|2|0|0|288000|58|464006|287818
1200000|1|6000|3|2|1|2|288000|58|464006|273709
1200000|1|6000|3|2|0|0|288000|59|472007|288312
1200000|1|6000|3|2|1|2|288000|59|472007|274613
1200000|1|6000|3|2|0|0|288000|60|480008|288025
1200000|1|6000|3|2|1|2|288000|60|480008|273711
1200000|1|6000|3|2|0|0|288000|61|488008|288231
1200000|1|6000|3|2|1|2|288000|61|488008|274285
1200000|1|6000|3|2|0|0|288000|62|496009|288435
1200000|1|6000|3|2|1|2|288000|62|496009|273956
1200000|1|6000|3|2|0|0|288000|63|504010|288271
1200000|1|6000|3|2|1|2|288000|63|504010|273465
1200000|1|6000|3|2|0|0|288000|64|512010|288185
1200000|1|6000|3|2|1|2|288000|64|512010|273998
1200000|1|6000|3|2|0|0|288000|65|520011|287407
1200000|1|6000|3|2|1|2|288000|65|520011|273836
1200000|1|6000|3|2|0|0|288000|66|528011|286548
1200000|1|6000|3|2|1|2|288000|66|528011|274121
1200000|1|6000|3|2|0|0|288000|67|536012|286055
1200000|1|6000|3|2|1|2|288000|67|536012|273794
1200000|1|6000|3|2|0|0|288000|68|544012|286341
1200000|1|6000|3|2|1|2|288000|68|544012|274611
1200000|1|6000|3|2|0|0|288000|69|552013|286548
1200000|1|6000|3|2|1|2|288000|69|552013|273671
1200000|1|6000|3|2|0|0|288000|70|560013|286586
1200000|1|6000|3|2|1|2|288000|70|560013|273917
1200000|1|6000|3|2|0|0|288000|71|568013|286384
1200000|1|6000|3|2|1|2|288000|71|568013|273219
1200000|1|6000|3|2|0|0|288000|72|576013|286468
1200000|1|6000|3|2|1|2|288000|72|576013|272442
1200000|1|6000|3|2|0|0|288000|73|584013|286956
1200000|1|6000|3|2|1|2|288000|73|584013|271786
1200000|1|6000|3|2|0|0|288000|74|592013|286754
1200000|1|6000|3|2|1|2|288000|74|592013|271006
1200000|1|6000|3|2|0|0|288000|75|600012|287407
1200000|1|6000|3|2|1|2|288000|75|600012|271170
1200000|1|6000|3|2|0|0|288000|76|608012|287490
1200000|1|6000|3|2|1|2|288000|76|608012|270555
1200000|1|6000|3|2|0|0|288000|77|616012|287983
1200000|1|6000|3|2|1|2|288000|77|616012|270433
1200000|1|6000|3|2|0|0|288000|78|624012|288186
1200000|1|6000|3|2|1|2|288000|78|624012|270062
1200000|1|6000|3|2|0|0|288000|79|632011|288350
1200000|1|6000|3|2|1|2|288000|79|632011|269693
1200000|1|6000|3|2|0|0|288000|80|640011|288722
1200000|1|6000|3|2|1|2|288000|80|640011|269324
1200000|1|6000|3|2|0|0|288000|81|648011|288557
1200000|1|6000|3|2|1|2|288000|81|648011|269322
1200000|1|6000|3|2|0|0|288000|82|656011|288883
1200000|1|6000|3|2|1|2|288000|82|656011|269282
1200000|1|6000|3|2|0|0|288000|83|664010|288106
1200000|1|6000|3|2|1|2|288000|83|664010|268670
1200000|1|6000|3|2|0|0|288000|84|672010|287778
1200000|1|6000|3|2|1|2|288000|84|672010|268054
1200000|1|6000|3|2|0|0|288000|85|680009|286463
1200000|1|6000|3|2|1|2|288000|85|680009|267889
1200000|1|6000|3|2|0|0|288000|86|688010|286140
1200000|1|6000|3|2|1|2|288000|86|688010|268505
1200000|1|6000|3|2|0|0|288000|87|696010|285359
1200000|1|6000|3|2|1|2|288000|87|696010|268173
1200000|1|6000|3|2|0|0|288000|88|704010|285033
1200000|1|6000|3|2|1|2|288000|88|704010|268299
1200000|1|6000|3|2|0|0|288000|89|712010|284540
1200000|1|6000|3|2|1|2|288000|89|712010|267727
1200000|1|6000|3|2|0|0|288000|90|720010|284213
1200000|1|6000|3|2|1|2|288000|90|720010|267849
1200000|1|6000|3|2|0|0|288000|91|728011|284539
1200000|1|6000|3|2|1|2|288000|91|728011|267397
1200000|1|6000|3|2|0|0|288000|92|736011|284130
1200000|1|6000|3|2|1|2|288000|92|736011|266578
1200000|1|6000|3|2|0|0|288000|93|744010|284254
1200000|1|6000|3|2|1|2|288000|93|744010|266453
1200000|1|6000|3|2|0|0|288000|94|752010|284171
1200000|1|6000|3|2|1|2|288000|94|752010|265799
1200000|1|6000|3|2|0|0|288000|95|760010|284007
1200000|1|6000|3|2|1|2|288000|95|760010|266169
1200000|1|6000|3|2|0|0|288000|96|768010|283676
1200000|1|6000|3|2|1|2|288000|96|768010|265922
1200000|1|6000|3|2|0|0|288000|97|776011|283351
1200000|1|6000|3|2|1|2|288000|97|776011|265799
1200000|1|6000|3|2|0|0|288000|98|784011|282779
1200000|1|6000|3|2|1|2|288000|98|784011|265511
1200000|1|6000|3|2|0|0|288000|99|792012|282245
1200000|1|6000|3|2|1|2|288000|99|792012|264814
1200000|1|6000|3|2|0|0|288000|100|800012|282899
1200000|1|6000|3|2|1|2|288000|100|800012|264939
1200000|1|6000|3|2|0|0|288000|101|808012|282285
1200000|1|6000|3|2|1|2|288000|101|808012|264897
1200000|1|6000|3|2|0|0|288000|102|816013|282448
1200000|1|6000|3|2|1|2|288000|102|816013|264979
1200000|1|6000|3|2|0|0|288000|103|824013|282080
1200000|1|6000|3|2|1|2|288000|103|824013|263913
1200000|1|6000|3|2|0|0|288000|104|832013|282363
1200000|1|6000|3|2|1|2|288000|104|832013|263216
1200000|1|6000|3|2|0|0|288000|105|840013|282405
1200000|1|6000|3|2|1|2|288000|105|840013|263217
1200000|1|6000|3|2|0|0|288000|106|848013|282244
1200000|1|6000|3|2|1|2|288000|106|848013|262970
1200000|1|6000|3|2|0|0|288000|107|856013|281217
1200000|1|6000|3|2|1|2|288000|107|856013|264118
1200000|1|6000|3|2|0|0|288000|108|864014|279947
1200000|1|6000|3|2|1|2|288000|108|864014|265471
1200000|1|6000|3|2|0|0|288000|109|872014|277978
1200000|1|6000|3|2|1|2|288000|109|872014|267476
1200000|1|6000|3|2|0|0|288000|110|880014|277118
1200000|1|6000|3|2|1|2|288000|110|880014|269161
1200000|1|6000|3|2|0|0|288000|111|888015|276010
1200000|1|6000|3|2|1|2|288000|111|888015|270185
1200000|1|6000|3|2|0|0|288000|112|896015|275027
1200000|1|6000|3|2|1|2|288000|112|896015|271416
1200000|1|6000|3|2|0|0|288000|113|904016|273756
1200000|1|6000|3|2|1|2|288000|113|904016|272276
1200000|1|6000|3|2|0|0|288000|114|912016|272896
1200000|1|6000|3|2|1|2|288000|114|912016|274451
1200000|1|6000|3|2|0|0|288000|115|920017|271993
1200000|1|6000|3|2|1|2|288000|115|920017|274900
1200000|1|6000|3|2|0|0|288000|116|928017|271419
1200000|1|6000|3|2|1|2|288000|116|928017|276500
1200000|1|6000|3|2|0|0|288000|117|936017|271171
1200000|1|6000|3|2|1|2|288000|117|936017|277481
1200000|1|6000|3|2|0|0|288000|118|944017|271174
1200000|1|6000|3|2|1|2|288000|118|944017|278549
1200000|1|6000|3|2|0|0|288000|119|952017|270801
1200000|1|6000|3|2|1|2|288000|119|952017|279329
1200000|1|6000|3|2|0|0|288000|120|960017|269862
1200000|1|6000|3|2|1|2|288000|120|960017|279943
1200000|1|6000|3|2|0|0|288000|121|968017|269125
1200000|1|6000|3|2|1|2|288000|121|968017|280969
1200000|1|6000|3|2|0|0|288000|122|976018|268304
1200000|1|6000|3|2|1|2|288000|122|976018|281214
1200000|1|6000|3|2|0|0|288000|123|984018|268223
1200000|1|6000|3|2|1|2|288000|123|984018|282362
1200000|1|6000|3|2|0|0|288000|124|992019|268509
1200000|1|6000|3|2|1|2|288000|124|992019|282527
1200000|1|6000|3|2|0|0|288000|125|1000019|268262
1200000|1|6000|3|2|1|2|288000|125|1000019|283551
1200000|1|6000|3|2|0|0|288000|126|1008020|268386
1200000|1|6000|3|2|1|2|288000|126|1008020|283962
1200000|1|6000|3|2|0|0|288000|127|1016020|268180
1200000|1|6000|3|2|1|2|288000|127|1016020|284045
1200000|1|6000|3|2|0|0|288000|128|1024021|268098
1200000|1|6000|3|2|1|2|288000|128|1024021|284740
1200000|1|6000|3|2|0|0|288000|129|1032021|267811
1200000|1|6000|3|2|1|2|288000|129|1032021|285233
1200000|1|6000|3|2|0|0|288000|130|1040022|267321
1200000|1|6000|3|2|1|2|288000|130|1040022|285806
1200000|1|6000|3|2|0|0|288000|131|1048023|266748
1200000|1|6000|3|2|1|2|288000|131|1048023|286299
1200000|1|6000|3|2|0|0|288000|132|1056023|266417
1200000|1|6000|3|2|1|2|288000|132|1056023|287077
1200000|1|6000|3|2|0|0|288000|133|1064023|266131
1200000|1|6000|3|2|1|2|288000|133|1064023|286791
1200000|1|6000|3|2|0|0|288000|134|1072023|266253
1200000|1|6000|3|2|1|2|288000|134|1072023|287036
1200000|1|6000|3|2|0|0|288000|135|1080022|266704
1200000|1|6000|3|2|1|2|288000|135|1080022|287076
1200000|1|6000|3|2|0|0|288000|136|1088023|266869
1200000|1|6000|3|2|1|2|288000|136|1088023|287612
1200000|1|6000|3|2|0|0|288000|137|1096023|266788
1200000|1|6000|3|2|1|2|288000|137|1096023|287690
1200000|1|6000|3|2|0|0|288000|138|1104024|267033
1200000|1|6000|3|2|1|2|288000|138|1104024|287693
1200000|1|6000|3|2|0|0|288000|139|1112024|267277
1200000|1|6000|3|2|1|2|288000|139|1112024|287815
1200000|1|6000|3|2|0|0|288000|140|1120024|267238
1200000|1|6000|3|2|1|2|288000|140|1120024|287488
1200000|1|6000|3|2|0|0|288000|141|1128024|267033
1200000|1|6000|3|2|1|2|288000|141|1128024|288391
1200000|1|6000|3|2|0|0|288000|142|1136026|266866
1200000|1|6000|3|2|1|2|288000|142|1136026|288143
1200000|1|6000|3|2|0|0|288000|143|1144027|266828
1200000|1|6000|3|2|1|2|288000|143|1144027|289210
1200000|1|6000|3|2|0|0|288000|144|1152028|266865
1200000|1|6000|3|2|1|2|288000|144|1152028|289208
1200000|1|6000|3|2|0|0|288000|145|1160029|266583
1200000|1|6000|3|2|1|2|288000|145|1160029|289741
1200000|1|6000|3|2|0|0|288000|146|1168029|266294
1200000|1|6000|3|2|1|2|288000|146|1168029|289903
1200000|1|6000|3|2|0|0|288000|147|1176031|266376
1200000|1|6000|3|2|1|2|288000|147|1176031|289989
1200000|1|6000|3|2|0|0|288000|148|1184030|266459
1200000|1|6000|3|2|1|2|288000|148|1184030|289948
1200000|1|6000|3|2|0|0|288000|149|1192031|266951
1200000|1|6000|3|2|1|2|288000|149|1192031|289498
1200000|1|6000|3|2|0|0|288000|150|1200029|266663
1200000|1|6000|3|2|1|2|288000|150|1200029|289045
1200000|1|6000|3|2|0|0|288000|151|1208029|266911
1200000|1|6000|3|2|1|2|288000|151|1208029|287528
1200000|1|6000|3|2|0|0|288000|152|1216028|267197
1200000|1|6000|3|2|1|2|288000|152|1216028|287201
1200000|1|6000|3|2|0|0|288000|153|1224029|267605
1200000|1|6000|3|2|1|2|288000|153|1224029|286503
1200000|1|6000|3|2|0|0|288000|154|1232029|267976
1200000|1|6000|3|2|1|2|288000|154|1232029|286136
1200000|1|6000|3|2|0|0|288000|155|1240029|268509
1200000|1|6000|3|2|1|2|288000|155|1240029|285519
1200000|1|6000|3|2|0|0|288000|156|1248029|268387
1200000|1|6000|3|2|1|2|288000|156|1248029|285110
1200000|1|6000|3|2|0|0|288000|157|1256030|268342
1200000|1|6000|3|2|1|2|288000|157|1256030|284699
1200000|1|6000|3|2|0|0|288000|158|1264030|268015
1200000|1|6000|3|2|1|2|288000|158|1264030|284290
1200000|1|6000|3|2|0|0|288000|159|1272030|268387
1200000|1|6000|3|2|1|2|288000|159|1272030|284617
1200000|1|6000|3|2|0|0|288000|160|1280030|268304
1200000|1|6000|3|2|1|2|288000|160|1280030|283962
1200000|1|6000|3|2|0|0|288000|161|1288030|268221
1200000|1|6000|3|2|1|2|288000|161|1288030|283716
1200000|1|6000|3|2|0|0|288000|162|1296029|267854
1200000|1|6000|3|2|1|2|288000|162|1296029|283184
1200000|1|6000|3|2|0|0|288000|163|1304029|268138
1200000|1|6000|3|2|1|2|288000|163|1304029|282525
1200000|1|6000|3|2|0|0|288000|164|1312029|268673
1200000|1|6000|3|2|1|2|288000|164|1312029|281747
1200000|1|6000|3|2|0|0|288000|165|1320028|268674
1200000|1|6000|3|2|1|2|288000|165|1320028|281583
1200000|1|6000|3|2|0|0|288000|166|1328028|269120
1200000|1|6000|3|2|1|2|288000|166|1328028|281707
1200000|1|6000|3|2|0|0|288000|167|1336028|268960
1200000|1|6000|3|2|1|2|288000|167|1336028|281460
1200000|1|6000|3|2|0|0|288000|168|1344028|269326
1200000|1|6000|3|2|1|2|288000|168|1344028|281625
1200000|1|6000|3|2|0|0|288000|169|1352028|269412
1200000|1|6000|3|2|1|2|288000|169|1352028|281256
1200000|1|6000|3|2|0|0|288000|170|1360028|268878
1200000|1|6000|3|2|1|2|288000|170|1360028|281420
1200000|1|6000|3|2|0|0|288000|171|1368028|267444
1200000|1|6000|3|2|1|2|288000|171|1368028|281174
1200000|1|6000|3|2|0|0|288000|172|1376028|266417
1200000|1|6000|3|2|1|2|288000|172|1376028|281214
1200000|1|6000|3|2|0|0|288000|173|1384028|265310
1200000|1|6000|3|2|1|2|288000|173|1384028|280394
1200000|1|6000|3|2|0|0|288000|174|1392028|264162
1200000|1|6000|3|2|1|2|288000|174|1392028|280311
1200000|1|6000|3|2|0|0|288000|175|1400027|262642
1200000|1|6000|3|2|1|2|288000|175|1400027|279534
1200000|1|6000|3|2|0|0|288000|176|1408026|262031
1200000|1|6000|3|2|1|2|288000|176|1408026|278959
1200000|1|6000|3|2|0|0|288000|177|1416026|261087
1200000|1|6000|3|2|1|2|288000|177|1416026|278755
1200000|1|6000|3|2|0|0|288000|178|1424026|261048
1200000|1|6000|3|2|1|2|288000|178|1424026|278712
1200000|1|6000|3|2|0|0|288000|179|1432025|260183
1200000|1|6000|3|2|1|2|288000|179|1432025|279289
1200000|1|6000|3|2|0|0|288000|180|1440026|259407
1200000|1|6000|3|2|1|2|288000|180|1440026|280845
1200000|1|6000|3|2|0|0|288000|181|1448027|258752
1200000|1|6000|3|2|1|2|288000|181|1448027|281622
1200000|1|6000|3|2|0|0|288000|182|1456028|257725
1200000|1|6000|3|2|1|2|288000|182|1456028|282524
1200000|1|6000|3|2|0|0|288000|183|1464030|256783
1200000|1|6000|3|2|1|2|288000|183|1464030|283387
1200000|1|6000|3|2|0|0|288000|184|1472031|255553
1200000|1|6000|3|2|1|2|288000|184|1472031|283713
1200000|1|6000|3|2|0|0|288000|185|1480031|254938
1200000|1|6000|3|2|1|2|288000|185|1480031|284738
1200000|1|6000|3|2|0|0|288000|186|1488033|254241
1200000|1|6000|3|2|1|2|288000|186|1488033|284905
1200000|1|6000|3|2|0|0|288000|187|1496033|253994
1200000|1|6000|3|2|1|2|288000|187|1496033|285725
1200000|1|6000|3|2|0|0|288000|188|1504034|253420
1200000|1|6000|3|2|1|2|288000|188|1504034|285272
1200000|1|6000|3|2|0|0|288000|189|1512034|252684
1200000|1|6000|3|2|1|2|288000|189|1512034|285396
1200000|1|6000|3|2|0|0|288000|190|1520034|251781
1200000|1|6000|3|2|1|2|288000|190|1520034|285725
1200000|1|6000|3|2|0|0|288000|191|1528035|250633
1200000|1|6000|3|2|1|2|288000|191|1528035|286011
1200000|1|6000|3|2|0|0|288000|192|1536037|250181
1200000|1|6000|3|2|1|2|288000|192|1536037|286464
1200000|1|6000|3|2|0|0|288000|193|1544037|249361
1200000|1|6000|3|2|1|2|288000|193|1544037|286012
1200000|1|6000|3|2|0|0|288000|194|1552038|248624
1200000|1|6000|3|2|1|2|288000|194|1552038|286997
1200000|1|6000|3|2|0|0|288000|195|1560040|248830
1200000|1|6000|3|2|1|2|288000|195|1560040|286914
1200000|1|6000|3|2|0|0|288000|196|1568040|248911
1200000|1|6000|3|2|1|2|288000|196|1568040|287569
1200000|1|6000|3|2|0|0|288000|197|1576040|249280
1200000|1|6000|3|2|1|2|288000|197|1576040|287653
1200000|1|6000|3|2|0|0|288000|198|1584041|249484
1200000|1|6000|3|2|1|2|288000|198|1584041|288018
1200000|1|6000|3|2|0|0|288000|199|1592042|249937
1200000|1|6000|3|2|1|2|288000|199|1592042|287980
1200000|1|6000|3|2|0|0|288000|200|1600043|249934
1200000|1|6000|3|2|1|2|288000|200|1600043|287976
1200000|1|6000|3|2|0|0|288000|201|1608043|250099
1200000|1|6000|3|2|1|2|288000|201|1608043|288062
1200000|1|6000|3|2|0|0|288000|202|1616043|249647
1200000|1|6000|3|2|1|2|288000|202|1616043|286913
1200000|1|6000|3|2|0|0|288000|203|1624042|249569
1200000|1|6000|3|2|1|2|288000|203|1624042|286011
1200000|1|6000|3|2|0|0|288000|204|1632042|249730
1200000|1|6000|3|2|1|2|288000|204|1632042|285848
1200000|1|6000|3|2|0|0|288000|205|1640042|249197
1200000|1|6000|3|2|1|2|288000|205|1640042|286259
1200000|1|6000|3|2|0|0|288000|206|1648042|249525
1200000|1|6000|3|2|1|2|288000|206|1648042|285722
1200000|1|6000|3|2|0|0|288000|207|1656042|249115
1200000|1|6000|3|2|1|2|288000|207|1656042|285517
1200000|1|6000|3|2|0|0|288000|208|1664041|248993
1200000|1|6000|3|2|1|2|288000|208|1664041|285149
1200000|1|6000|3|2|0|0|288000|209|1672041|248420
1200000|1|6000|3|2|1|2|288000|209|1672041|285683
1200000|1|6000|3|2|0|0|288000|210|1680042|249074
1200000|1|6000|3|2|1|2|288000|210|1680042|285807
1200000|1|6000|3|2|0|0|288000|211|1688043|248948
1200000|1|6000|3|2|1|2|288000|211|1688043|286585
1200000|1|6000|3|2|0|0|288000|212|1696043|249239
1200000|1|6000|3|2|1|2|288000|212|1696043|286792
1200000|1|6000|3|2|0|0|288000|213|1704043|248706
1200000|1|6000|3|2|1|2|288000|213|1704043|286052
1200000|1|6000|3|2|0|0|288000|214|1712042|248542
1200000|1|6000|3|2|1|2|288000|214|1712042|286504
1200000|1|6000|3|2|0|0|288000|215|1720042|248540
1200000|1|6000|3|2|1|2|288000|215|1720042|285726
1200000|1|6000|3|2|0|0|288000|216|1728041|248541
1200000|1|6000|3|2|1|2|288000|216|1728041|285890
1200000|1|6000|3|2|0|0|288000|217|1736041|248500
1200000|1|6000|3|2|1|2|288000|217|1736041|285314
1200000|1|6000|3|2|0|0|288000|218|1744040|248541
1200000|1|6000|3|2|1|2|288000|218|1744040|285517
1200000|1|6000|3|2|0|0|288000|219|1752040|248049
1200000|1|6000|3|2|1|2|288000|219|1752040|284740
1200000|1|6000|3|2|0|0|288000|220|1760040|247432
1200000|1|6000|3|2|1|2|288000|220|1760040|285353
1200000|1|6000|3|2|0|0|288000|221|1768040|247022
1200000|1|6000|3|2|1|2|288000|221|1768040|285275
1200000|1|6000|3|2|0|0|288000|222|1776040|246574
1200000|1|6000|3|2|1|2|288000|222|1776040|285721
1200000|1|6000|3|2|0|0|288000|223|1784040|246780
1200000|1|6000|3|2|1|2|288000|223|1784040|285520
1200000|1|6000|3|2|0|0|288000|224|1792040|246411
1200000|1|6000|3|2|1|2|288000|224|1792040|286094
1200000|1|6000|3|2|0|0|288000|225|1800040|246534
1200000|1|6000|3|2|1|2|288000|225|1800040|286216
1200000|1|6000|3|2|0|0|288000|226|1808040|246365
1200000|1|6000|3|2|1|2|288000|226|1808040|286791
1200000|1|6000|3|2|0|0|288000|227|1816040|246410
1200000|1|6000|3|2|1|2|288000|227|1816040|287446
1200000|1|6000|3|2|0|0|288000|228|1824041|246492
1200000|1|6000|3|2|1|2|288000|228|1824041|287897
1200000|1|6000|3|2|0|0|288000|229|1832041|246533
1200000|1|6000|3|2|1|2|288000|229|1832041|288430
1200000|1|6000|3|2|0|0|288000|230|1840041|246819
1200000|1|6000|3|2|1|2|288000|230|1840041|288554
1200000|1|6000|3|2|0|0|288000|231|1848041|245714
1200000|1|6000|3|2|1|2|288000|231|1848041|288800
1200000|1|6000|3|2|0|0|288000|232|1856041|245997
1200000|1|6000|3|2|1|2|288000|232|1856041|288799
1200000|1|6000|3|2|0|0|288000|233|1864040|245017
1200000|1|6000|3|2|1|2|288000|233|1864040|288512
1200000|1|6000|3|2|0|0|288000|234|1872040|244931
1200000|1|6000|3|2|1|2|288000|234|1872040|287976
1200000|1|6000|3|2|0|0|288000|235|1880039|244442
1200000|1|6000|3|2|1|2|288000|235|1880039|287611
1200000|1|6000|3|2|0|0|288000|236|1888039|244279
1200000|1|6000|3|2|1|2|288000|236|1888039|287326
1200000|1|6000|3|2|0|0|288000|237|1896039|243950
1200000|1|6000|3|2|1|2|288000|237|1896039|287731
1200000|1|6000|3|2|0|0|288000|238|1904039|244234
1200000|1|6000|3|2|1|2|288000|238|1904039|287325
1200000|1|6000|3|2|0|0|288000|239|1912039|243741
1200000|1|6000|3|2|1|2|288000|239|1912039|287283
1200000|1|6000|3|2|0|0|288000|240|1920039|243662
1200000|1|6000|3|2|1|2|288000|240|1920039|287404
1200000|1|6000|3|2|0|0|288000|241|1928039|243702
1200000|1|6000|3|2|1|2|288000|241|1928039|287242
1200000|1|6000|3|2|0|0|288000|242|1936039|243048
1200000|1|6000|3|2|1|2|288000|242|1936039|287320
1200000|1|6000|3|2|0|0|288000|243|1944039|243049
1200000|1|6000|3|2|1|2|288000|243|1944039|287074
1200000|1|6000|3|2|0|0|288000|244|1952039|242841
1200000|1|6000|3|2|1|2|288000|244|1952039|287120
1200000|1|6000|3|2|0|0|288000|245|1960039|242638
1200000|1|6000|3|2|1|2|288000|245|1960039|286503
1200000|1|6000|3|2|0|0|288000|246|1968039|241859
1200000|1|6000|3|2|1|2|288000|246|1968039|287037
1200000|1|6000|3|2|0|0|288000|247|1976039|241654
1200000|1|6000|3|2|1|2|288000|247|1976039|286299
1200000|1|6000|3|2|0|0|288000|248|1984039|241530
1200000|1|6000|3|2|1|2|288000|248|1984039|286013
1200000|1|6000|3|2|0|0|288000|249|1992039|241244
1200000|1|6000|3|2|1|2|288000|249|1992039|285232
1200000|1|6000|3|2|0|0|288000|250|2000037|241118
1200000|1|6000|3|2|1|2|288000|250|2000037|285066
1200000|1|6000|3|2|0|0|288000|251|2008037|240751
1200000|1|6000|3|2|1|2|288000|251|2008037|283715
1200000|1|6000|3|2|0|0|288000|252|2016036|240793
1200000|1|6000|3|2|1|2|288000|252|2016036|283101
1200000|1|6000|3|2|0|0|288000|253|2024035|240956
1200000|1|6000|3|2|1|2|288000|253|2024035|282775
1200000|1|6000|3|2|0|0|288000|254|2032035|240872
1200000|1|6000|3|2|1|2|288000|254|2032035|282569
1200000|1|6000|3|2|0|0|288000|255|2040035|240136
1200000|1|6000|3|2|1|2|288000|255|2040035|281831
1200000|1|6000|3|2|0|0|288000|256|2048035|239972
1200000|1|6000|3|2|1|2|288000|256|2048035|281093
1200000|1|6000|3|2|0|0|288000|257|2056035|239441
1200000|1|6000|3|2|1|2|288000|257|2056035|280312
1200000|1|6000|3|2|0|0|288000|258|2064034|239070
1200000|1|6000|3|2|1|2|288000|258|2064034|279490
1200000|1|6000|3|2|0|0|288000|259|2072033|238744
1200000|1|6000|3|2|1|2|288000|259|2072033|278878
1200000|1|6000|3|2|0|0|288000|260|2080032|238823
1200000|1|6000|3|2|1|2|288000|260|2080032|278303
1200000|1|6000|3|2|0|0|288000|261|2088032|239274
1200000|1|6000|3|2|1|2|288000|261|2088032|277197
1200000|1|6000|3|2|0|0|288000|262|2096030|239359
1200000|1|6000|3|2|1|2|288000|262|2096030|276417
1200000|1|6000|3|2|0|0|288000|263|2104030|239564
1200000|1|6000|3|2|1|2|288000|263|2104030|276172
1200000|1|6000|3|2|0|0|288000|264|2112029|239400
1200000|1|6000|3|2|1|2|288000|264|2112029|275636
1200000|1|6000|3|2|0|0|288000|265|2120028|239358
1200000|1|6000|3|2|1|2|288000|265|2120028|274738
1200000|1|6000|3|2|0|0|288000|266|2128027|239441
1200000|1|6000|3|2|1|2|288000|266|2128027|274081
1200000|1|6000|3|2|0|0|288000|267|2136026|238907
1200000|1|6000|3|2|1|2|288000|267|2136026|272728
1200000|1|6000|3|2|0|0|288000|268|2144025|238372
1200000|1|6000|3|2|1|2|288000|268|2144025|272315
1200000|1|6000|3|2|0|0|288000|269|2152024|238127
1200000|1|6000|3|2|1|2|288000|269|2152024|272115
1200000|1|6000|3|2|0|0|288000|270|2160024|237637
1200000|1|6000|3|2|1|2|288000|270|2160024|271909
1200000|1|6000|3|2|0|0|288000|271|2168024|237431
1200000|1|6000|3|2|1|2|288000|271|2168024|271499
1200000|1|6000|3|2|0|0|288000|272|2176024|237471
1200000|1|6000|3|2|1|2|288000|272|2176024|270920
1200000|1|6000|3|2|0|0|288000|273|2184024|236978
1200000|1|6000|3|2|1|2|288000|273|2184024|271003
1200000|1|6000|3|2|0|0|288000|274|2192024|236733
1200000|1|6000|3|2|1|2|288000|274|2192024|270350
1200000|1|6000|3|2|0|0|288000|275|2200024|236566
1200000|1|6000|3|2|1|2|288000|275|2200024|270223
1200000|1|6000|3|2|0|0|288000|276|2208024|236939
1200000|1|6000|3|2|1|2|288000|276|2208024|269490
1200000|1|6000|3|2|0|0|288000|277|2216024|237348
1200000|1|6000|3|2|1|2|288000|277|2216024|269817
1200000|1|6000|3|2|0|0|288000|278|2224025|237390
1200000|1|6000|3|2|1|2|288000|278|2224025|269734
1200000|1|6000|3|2|0|0|288000|279|2232025|237512
1200000|1|6000|3|2|1|2|288000|279|2232025|270063
1200000|1|6000|3|2|0|0|288000|280|2240026|237678
1200000|1|6000|3|2|1|2|288000|280|2240026|269693
1200000|1|6000|3|2|0|0|288000|281|2248026|237840
1200000|1|6000|3|2|1|2|288000|281|2248026|269530
1200000|1|6000|3|2|0|0|288000|282|2256026|237309
1200000|1|6000|3|2|1|2|288000|282|2256026|270020
1200000|1|6000|3|2|0|0|288000|283|2264027|237102
1200000|1|6000|3|2|1|2|288000|283|2264027|269777
1200000|1|6000|3|2|0|0|288000|284|2272027|236981
1200000|1|6000|3|2|1|2|288000|284|2272027|269325
1200000|1|6000|3|2|0|0|288000|285|2280027|237099
1200000|1|6000|3|2|1|2|288000|285|2280027|268543
1200000|1|6000|3|2|0|0|288000|286|2288026|237309
1200000|1|6000|3|2|1|2|288000|286|2288026|268505
1200000|1|6000|3|2|0|0|288000|287|2296026|237677
1200000|1|6000|3|2|1|2|288000|287|2296026|268256
1200000|1|6000|3|2|0|0|288000|288|2304026|237796
1200000|1|6000|3|2|1|2|288000|288|2304026|267766
1200000|1|6000|3|2|0|0|288000|289|2312026|238210
1200000|1|6000|3|2|1|2|288000|289|2312026|267436
1200000|1|6000|3|2|0|0|288000|290|2320026|238660
1200000|1|6000|3|2|1|2|288000|290|2320026|267151
1200000|1|6000|3|2|0|0|288000|291|2328026|238455
1200000|1|6000|3|2|1|2|288000|291|2328026|267193
1200000|1|6000|3|2|0|0|288000|292|2336026|237882
1200000|1|6000|3|2|1|2|288000|292|2336026|266741
1200000|1|6000|3|2|0|0|288000|293|2344027|237309
1200000|1|6000|3|2|1|2|288000|293|2344027|266988
1200000|1|6000|3|2|0|0|288000|294|2352027|236775
1200000|1|6000|3|2|1|2|288000|294|2352027|266291
1200000|1|6000|3|2|0|0|288000|295|2360027|235994
1200000|1|6000|3|2|1|2|288000|295|2360027|265881
1200000|1|6000|3|2|0|0|288000|296|2368028|235669
1200000|1|6000|3|2|1|2|288000|296|2368028|265345
1200000|1|6000|3|2|0|0|288000|297|2376027|235052
1200000|1|6000|3|2|1|2|288000|297|2376027|264978
1200000|1|6000|3|2|0|0|288000|298|2384028|235013
1200000|1|6000|3|2|1|2|288000|298|2384028|264609
1200000|1|6000|3|2|0|0|288000|299|2392027|234560
1200000|1|6000|3|2|1|2|288000|299|2392027|265101
1200000|1|6000|3|2|0|0|288000|300|2400028|234233
1200000|1|6000|3|2|1|2|288000|300|2400028|265266
1200000|1|6000|3|2|0|0|288000|301|2408029|233944
1200000|1|6000|3|2|1|2|288000|301|2408029|264735
1200000|1|6000|3|2|0|0|288000|302|2416030|233863
1200000|1|6000|3|2|1|2|288000|302|2416030|263748
1200000|1|6000|3|2|0|0|288000|303|2424030|233946
1200000|1|6000|3|2|1|2|288000|303|2424030|263503
1200000|1|6000|3|2|0|0|288000|304|2432031|233907
1200000|1|6000|3|2|1|2|288000|304|2432031|262930
1200000|1|6000|3|2|0|0|288000|305|2440032|233984
1200000|1|6000|3|2|1|2|288000|305|2440032|262231
1200000|1|6000|3|2|0|0|288000|306|2448032|233944
1200000|1|6000|3|2|1|2|288000|306|2448032|261453
1200000|1|6000|3|2|0|0|288000|307|2456032|235051
1200000|1|6000|3|2|1|2|288000|307|2456032|261207
1200000|1|6000|3|2|0|0|288000|308|2464032|235505
1200000|1|6000|3|2|1|2|288000|308|2464032|261535
1200000|1|6000|3|2|0|0|288000|309|2472033|236405
1200000|1|6000|3|2|1|2|288000|309|2472033|260879
1200000|1|6000|3|2|0|0|288000|310|2480033|236610
1200000|1|6000|3|2|1|2|288000|310|2480033|260672
1200000|1|6000|3|2|0|0|288000|311|2488035|237635
1200000|1|6000|3|2|1|2|288000|311|2488035|260387
1200000|1|6000|3|2|0|0|288000|312|2496035|237553
1200000|1|6000|3|2|1|2|288000|312|2496035|259688
1200000|1|6000|3|2|0|0|288000|313|2504036|238168
1200000|1|6000|3|2|1|2|288000|313|2504036|259606
1200000|1|6000|3|2|0|0|288000|314|2512037|238209
1200000|1|6000|3|2|1|2|288000|314|2512037|258502
1200000|1|6000|3|2|0|0|288000|315|2520037|238128
1200000|1|6000|3|2|1|2|288000|315|2520037|258461
1200000|1|6000|3|2|0|0|288000|316|2528037|238622
1200000|1|6000|3|2|1|2|288000|316|2528037|257722
1200000|1|6000|3|2|0|0|288000|317|2536037|238826
1200000|1|6000|3|2|1|2|288000|317|2536037|257641
1200000|1|6000|3|2|0|0|288000|318|2544037|239236
1200000|1|6000|3|2|1|2|288000|318|2544037|256860
1200000|1|6000|3|2|0|0|288000|319|2552036|239275
1200000|1|6000|3|2|1|2|288000|319|2552036|256327
1200000|1|6000|3|2|0|0|288000|320|2560037|239723
1200000|1|6000|3|2|1|2|288000|320|2560037|256245
1200000|1|6000|3|2|0|0|288000|321|2568037|240015
1200000|1|6000|3|2|1|2|288000|321|2568037|255385
1200000|1|6000|3|2|0|0|288000|322|2576037|240177
1200000|1|6000|3|2|1|2|288000|322|2576037|255508
1200000|1|6000|3|2|0|0|288000|323|2584037|240217
1200000|1|6000|3|2|1|2|288000|323|2584037|254647
1200000|1|6000|3|2|0|0|288000|324|2592037|240503
1200000|1|6000|3|2|1|2|288000|324|2592037|254441
1200000|1|6000|3|2|0|0|288000|325|2600038|240462
1200000|1|6000|3|2|1|2|288000|325|2600038|253827
1200000|1|6000|3|2|0|0|288000|326|2608038|240588
1200000|1|6000|3|2|1|2|288000|326|2608038|253212
1200000|1|6000|3|2|0|0|288000|327|2616038|240629
1200000|1|6000|3|2|1|2|288000|327|2616038|252803
1200000|1|6000|3|2|0|0|288000|328|2624037|240466
1200000|1|6000|3|2|1|2|288000|328|2624037|252597
1200000|1|6000|3|2|0|0|288000|329|2632037|239603
1200000|1|6000|3|2|1|2|288000|329|2632037|252596
1200000|1|6000|3|2|0|0|288000|330|2640038|238784
1200000|1|6000|3|2|1|2|288000|330|2640038|252435
1200000|1|6000|3|2|0|0|288000|331|2648037|238330
1200000|1|6000|3|2|1|2|288000|331|2648037|252760
1200000|1|6000|3|2|0|0|288000|332|2656037|237472
1200000|1|6000|3|2|1|2|288000|332|2656037|253292
1200000|1|6000|3|2|0|0|288000|333|2664036|237022
1200000|1|6000|3|2|1|2|288000|333|2664036|253377
1200000|1|6000|3|2|0|0|288000|334|2672036|236283
1200000|1|6000|3|2|1|2|288000|334|2672036|253417
1200000|1|6000|3|2|0|0|288000|335|2680035|236405
1200000|1|6000|3|2|1|2|288000|335|2680035|253704
1200000|1|6000|3|2|0|0|288000|336|2688035|236979
1200000|1|6000|3|2|1|2|288000|336|2688035|253624
1200000|1|6000|3|2|0|0|288000|337|2696035|237264
1200000|1|6000|3|2|1|2|288000|337|2696035|254482
1200000|1|6000|3|2|0|0|288000|338|2704036|237555
1200000|1|6000|3|2|1|2|288000|338|2704036|254482
1200000|1|6000|3|2|0|0|288000|339|2712036|237555
1200000|1|6000|3|2|1|2|288000|339|2712036|254360
1200000|1|6000|3|2|0|0|288000|340|2720037|237717
1200000|1|6000|3|2|1|2|288000|340|2720037|254358
1200000|1|6000|3|2|0|0|288000|341|2728037|237021
1200000|1|6000|3|2|1|2|288000|341|2728037|254564
1200000|1|6000|3|2|0|0|288000|342|2736038|237017
1200000|1|6000|3|2|1|2|288000|342|2736038|254441
1200000|1|6000|3|2|0|0|288000|343|2744038|237760
1200000|1|6000|3|2|1|2|288000|343|2744038|254931
1200000|1|6000|3|2|0|0|288000|344|2752039|238825
1200000|1|6000|3|2|1|2|288000|344|2752039|255015
1200000|1|6000|3|2|0|0|288000|345|2760039|240014
1200000|1|6000|3|2|1|2|288000|345|2760039|255835
1200000|1|6000|3|2|0|0|288000|346|2768040|241162
1200000|1|6000|3|2|1|2|288000|346|2768040|257272
1200000|1|6000|3|2|0|0|288000|347|2776041|242061
1200000|1|6000|3|2|1|2|288000|347|2776041|258006
1200000|1|6000|3|2|0|0|288000|348|2784043|243047
1200000|1|6000|3|2|1|2|288000|348|2784043|259895
1200000|1|6000|3|2|0|0|288000|349|2792046|243499
1200000|1|6000|3|2|1|2|288000|349|2792046|260511
1200000|1|6000|3|2|0|0|288000|350|2800047|243252
1200000|1|6000|3|2|1|2|288000|350|2800047|261654
1200000|1|6000|3|2|0|0|288000|351|2808049|243130
1200000|1|6000|3|2|1|2|288000|351|2808049|262146
1200000|1|6000|3|2|0|0|288000|352|2816050|243582
1200000|1|6000|3|2|1|2|288000|352|2816050|261247
1200000|1|6000|3|2|0|0|288000|353|2824049|244483
1200000|1|6000|3|2|1|2|288000|353|2824049|261167
1200000|1|6000|3|2|0|0|288000|354|2832050|245096
1200000|1|6000|3|2|1|2|288000|354|2832050|260506
1200000|1|6000|3|2|0|0|288000|355|2840049|246369
1200000|1|6000|3|2|1|2|288000|355|2840049|260302
1200000|1|6000|3|2|0|0|288000|356|2848049|246983
1200000|1|6000|3|2|1|2|288000|356|2848049|260016
1200000|1|6000|3|2|0|0|288000|357|2856049|247722
1200000|1|6000|3|2|1|2|288000|357|2856049|260017
1200000|1|6000|3|2|0|0|288000|358|2864049|247679
1200000|1|6000|3|2|1|2|288000|358|2864049|259442
1200000|1|6000|3|2|0|0|288000|359|2872048|247803
1200000|1|6000|3|2|1|2|288000|359|2872048|259977
1200000|1|6000|3|2|0|0|288000|360|2880049|247312
1200000|1|6000|3|2|1|2|288000|360|2880049|259814
1200000|1|6000|3|2|0|0|288000|361|2888049|247477
1200000|1|6000|3|2|1|2|288000|361|2888049|259768
1200000|1|6000|3|2|0|0|288000|362|2896049|247719
1200000|1|6000|3|2|1|2|288000|362|2896049|259648
1200000|1|6000|3|2|0|0|288000|363|2904049|248009
1200000|1|6000|3|2|1|2|288000|363|2904049|259197
1200000|1|6000|3|2|0|0|288000|364|2912049|248051
1200000|1|6000|3|2|1|2|288000|364|2912049|259322
1200000|1|6000|3|2|0|0|288000|365|2920050|248746
1200000|1|6000|3|2|1|2|288000|365|2920050|259238
1200000|1|6000|3|2|0|0|288000|366|2928050|249486
1200000|1|6000|3|2|1|2|288000|366|2928050|259238
1200000|1|6000|3|2|0|0|288000|367|2936050|249648
1200000|1|6000|3|2|1|2|288000|367|2936050|258459
1200000|1|6000|3|2|0|0|288000|368|2944049|250387
1200000|1|6000|3|2|1|2|288000|368|2944049|258830
1200000|1|6000|3|2|0|0|288000|369|2952049|251002
1200000|1|6000|3|2|1|2|288000|369|2952049|257925
1200000|1|6000|3|2|0|0|288000|370|2960048|251452
1200000|1|6000|3|2|1|2|288000|370|2960048|258172
1200000|1|6000|3|2|0|0|288000|371|2968049|251491
1200000|1|6000|3|2|1|2|288000|371|2968049|257434
1200000|1|6000|3|2|0|0|288000|372|2976048|251863
1200000|1|6000|3|2|1|2|288000|372|2976048|257107
1200000|1|6000|3|2|0|0|288000|373|2984048|252600
1200000|1|6000|3|2|1|2|288000|373|2984048|256901
1200000|1|6000|3|2|0|0|288000|374|2992048|253092
1200000|1|6000|3|2|1|2|288000|374|2992048|256857
1200000|1|6000|3|2|0|0|288000|375|3000048|253666
1200000|1|6000|3|2|1|2|288000|375|3000048|257108
1200000|1|6000|3|2|0|0|288000|376|3008049|254200
1200000|1|6000|3|2|1|2|288000|376|3008049|255754
1200000|1|6000|3|2|0|0|288000|377|3016049|254651
1200000|1|6000|3|2|1|2|288000|377|3016049|255833
1200000|1|6000|3|2|0|0|288000|378|3024050|254855
1200000|1|6000|3|2|1|2|288000|378|3024050|255754
1200000|1|6000|3|2|0|0|288000|379|3032050|255143
1200000|1|6000|3|2|1|2|288000|379|3032050|255221
1200000|1|6000|3|2|0|0|288000|380|3040052|255553
1200000|1|6000|3|2|1|2|288000|380|3040052|254607
1200000|1|6000|3|2|0|0|288000|381|3048051|255139
1200000|1|6000|3|2|1|2|288000|381|3048051|253990
1200000|1|6000|3|2|0|0|288000|382|3056052|255390
1200000|1|6000|3|2|1|2|288000|382|3056052|253044
1200000|1|6000|3|2|0|0|288000|383|3064051|255676
1200000|1|6000|3|2|1|2|288000|383|3064051|252927
1200000|1|6000|3|2|0|0|288000|384|3072051|255840
1200000|1|6000|3|2|1|2|288000|384|3072051|253047
1200000|1|6000|3|2|0|0|288000|385|3080050|256331
1200000|1|6000|3|2|1|2|288000|385|3080050|252842
1200000|1|6000|3|2|0|0|288000|386|3088050|256783
1200000|1|6000|3|2|1|2|288000|386|3088050|252063
1200000|1|6000|3|2|0|0|288000|387|3096050|256659
1200000|1|6000|3|2|1|2|288000|387|3096050|251818
1200000|1|6000|3|2|0|0|288000|388|3104050|256046
1200000|1|6000|3|2|1|2|288000|388|3104050|251121
1200000|1|6000|3|2|0|0|288000|389|3112049|256374
1200000|1|6000|3|2|1|2|288000|389|3112049|251655
1200000|1|6000|3|2|0|0|288000|390|3120051|256006
1200000|1|6000|3|2|1|2|288000|390|3120051|252307
1200000|1|6000|3|2|0|0|288000|391|3128052|256208
1200000|1|6000|3|2|1|2|288000|391|3128052|253376
1200000|1|6000|3|2|0|0|288000|392|3136053|256168
1200000|1|6000|3|2|1|2|288000|392|3136053|254115
1200000|1|6000|3|2|0|0|288000|393|3144054|256329
1200000|1|6000|3|2|1|2|288000|393|3144054|254892
1200000|1|6000|3|2|0|0|288000|394|3152055|256250
1200000|1|6000|3|2|1|2|288000|394|3152055|255384
1200000|1|6000|3|2|0|0|288000|395|3160055|257726
1200000|1|6000|3|2|1|2|288000|395|3160055|256451
1200000|1|6000|3|2|0|0|288000|396|3168056|257890
1200000|1|6000|3|2|1|2|288000|396|3168056|256119
1200000|1|6000|3|2|0|0|288000|397|3176056|258256
1200000|1|6000|3|2|1|2|288000|397|3176056|256778
1200000|1|6000|3|2|0|0|288000|398|3184056|258873
1200000|1|6000|3|2|1|2|288000|398|3184056|256369
1200000|1|6000|3|2|0|0|288000|399|3192056|259120
1200000|1|6000|3|2|1|2|288000|399|3192056|257434
1200000|1|6000|3|2|0|0|288000|400|3200057|259366
1200000|1|6000|3|2|1|2|288000|400|3200057|257885
1200000|1|6000|3|2|0|0|288000|401|3208057|259734
1200000|1|6000|3|2|1|2|288000|401|3208057|258952
1200000|1|6000|3|2|0|0|288000|402|3216058|260432
1200000|1|6000|3|2|1|2|288000|402|3216058|259442
1200000|1|6000|3|2|0|0|288000|403|3224058|260352
1200000|1|6000|3|2|1|2|288000|403|3224058|260674
1200000|1|6000|3|2|0|0|288000|404|3232058|259899
1200000|1|6000|3|2|1|2|288000|404|3232058|261614
1200000|1|6000|3|2|0|0|288000|405|3240060|258998
1200000|1|6000|3|2|1|2|288000|405|3240060|262724
1200000|1|6000|3|2|0|0|288000|406|3248060|258588
1200000|1|6000|3|2|1|2|288000|406|3248060|262518
1200000|1|6000|3|2|0|0|288000|407|3256061|258136
1200000|1|6000|3|2|1|2|288000|407|3256061|262312
1200000|1|6000|3|2|0|0|288000|408|3264061|257930
1200000|1|6000|3|2|1|2|288000|408|3264061|262803
1200000|1|6000|3|2|0|0|288000|409|3272062|257479
1200000|1|6000|3|2|1|2|288000|409|3272062|262929
1200000|1|6000|3|2|0|0|288000|410|3280063|256743
1200000|1|6000|3|2|1|2|288000|410|3280063|263174
1200000|1|6000|3|2|0|0|288000|411|3288063|257275
1200000|1|6000|3|2|1|2|288000|411|3288063|263380
1200000|1|6000|3|2|0|0|288000|412|3296063|256743
1200000|1|6000|3|2|1|2|288000|412|3296063|263914
1200000|1|6000|3|2|0|0|288000|413|3304064|257274
1200000|1|6000|3|2|1|2|288000|413|3304064|264975
1200000|1|6000|3|2|0|0|288000|414|3312065|256948
1200000|1|6000|3|2|1|2|288000|414|3312065|265878
1200000|1|6000|3|2|0|0|288000|415|3320065|257030
1200000|1|6000|3|2|1|2|288000|415|3320065|266330
1200000|1|6000|3|2|0|0|288000|416|3328066|256372
1200000|1|6000|3|2|1|2|288000|416|3328066|266659
1200000|1|6000|3|2|0|0|288000|417|3336067|256129
1200000|1|6000|3|2|1|2|288000|417|3336067|266329
1200000|1|6000|3|2|0|0|288000|418|3344067|254937
1200000|1|6000|3|2|1|2|288000|418|3344067|266824
1200000|1|6000|3|2|0|0|288000|419|3352067|254322
1200000|1|6000|3|2|1|2|288000|419|3352067|267148
1200000|1|6000|3|2|0|0|288000|420|3360068|254076
1200000|1|6000|3|2|1|2|288000|420|3360068|267522
1200000|1|6000|3|2|0|0|288000|421|3368069|253627
1200000|1|6000|3|2|1|2|288000|421|3368069|266537
1200000|1|6000|3|2|0|0|288000|422|3376068|252928
1200000|1|6000|3|2|1|2|288000|422|3376068|265963
1200000|1|6000|3|2|0|0|288000|423|3384069|252353
1200000|1|6000|3|2|1|2|288000|423|3384069|265841
1200000|1|6000|3|2|0|0|288000|424|3392070|251409
1200000|1|6000|3|2|1|2|288000|424|3392070|265349
1200000|1|6000|3|2|0|0|288000|425|3400070|250387
1200000|1|6000|3|2|1|2|288000|425|3400070|264935
1200000|1|6000|3|2|0|0|288000|426|3408070|249977
1200000|1|6000|3|2|1|2|288000|426|3408070|264648
1200000|1|6000|3|2|0|0|288000|427|3416071|249729
1200000|1|6000|3|2|1|2|288000|427|3416071|263666
1200000|1|6000|3|2|0|0|288000|428|3424070|249647
1200000|1|6000|3|2|1|2|288000|428|3424070|263253
1200000|1|6000|3|2|0|0|288000|429|3432070|249030
1200000|1|6000|3|2|1|2|288000|429|3432070|262436
1200000|1|6000|3|2|0|0|288000|430|3440069|249035
1200000|1|6000|3|2|1|2|288000|430|3440069|261945
1200000|1|6000|3|2|0|0|288000|431|3448069|248624
1200000|1|6000|3|2|1|2|288000|431|3448069|260960
1200000|1|6000|3|2|0|0|288000|432|3456069|249116
1200000|1|6000|3|2|1|2|288000|432|3456069|260100
1200000|1|6000|3|2|0|0|288000|433|3464069|248336
1200000|1|6000|3|2|1|2|288000|433|3464069|259364
1200000|1|6000|3|2|0|0|288000|434|3472069|248951
1200000|1|6000|3|2|1|2|288000|434|3472069|258744
1200000|1|6000|3|2|0|0|288000|435|3480069|248948
1200000|1|6000|3|2|1|2|288000|435|3480069|258008
1200000|1|6000|3|2|0|0|288000|436|3488069|249896
1200000|1|6000|3|2|1|2|288000|436|3488069|257435
1200000|1|6000|3|2|0|0|288000|437|3496069|250142
1200000|1|6000|3|2|1|2|288000|437|3496069|256862
1200000|1|6000|3|2|0|0|288000|438|3504069|250633
1200000|1|6000|3|2|1|2|288000|438|3504069|255959
1200000|1|6000|3|2|0|0|288000|439|3512069|250674
1200000|1|6000|3|2|1|2|288000|439|3512069|255017
1200000|1|6000|3|2|0|0|288000|440|3520069|251370
1200000|1|6000|3|2|1|2|288000|440|3520069|254316
1200000|1|6000|3|2|0|0|288000|441|3528069|251741
1200000|1|6000|3|2|1|2|288000|441|3528069|253416
1200000|1|6000|3|2|0|0|288000|442|3536069|251371
1200000|1|6000|3|2|1|2|288000|442|3536069|252922
1200000|1|6000|3|2|0|0|288000|443|3544070|251449
1200000|1|6000|3|2|1|2|288000|443|3544070|253131
1200000|1|6000|3|2|0|0|288000|444|3552070|251494
1200000|1|6000|3|2|1|2|288000|444|3552070|253210
1200000|1|6000|3|2|0|0|288000|445|3560071|251987
1200000|1|6000|3|2|1|2|288000|445|3560071|253499
1200000|1|6000|3|2|0|0|288000|446|3568071|252069
1200000|1|6000|3|2|1|2|288000|446|3568071|253459
1200000|1|6000|3|2|0|0|288000|447|3576072|253175
1200000|1|6000|3|2|1|2|288000|447|3576072|253623
1200000|1|6000|3|2|0|0|288000|448|3584072|253750
1200000|1|6000|3|2|1|2|288000|448|3584072|253826
1200000|1|6000|3|2|0|0|288000|449|3592073|254076
1200000|1|6000|3|2|1|2|288000|449|3592073|253826
1200000|1|6000|3|2|0|0|288000|450|3600072|254569
1200000|1|6000|3|2|1|2|288000|450|3600072|253705
1200000|1|6000|3|2|0|0|288000|451|3608072|255061
1200000|1|6000|3|2|1|2|288000|451|3608072|253539
1200000|1|6000|3|2|0|0|288000|452|3616072|255101
1200000|1|6000|3|2|1|2|288000|452|3616072|253087
1200000|1|6000|3|2|0|0|288000|453|3624072|255306
1200000|1|6000|3|2|1|2|288000|453|3624072|252720
1200000|1|6000|3|2|0|0|288000|454|3632071|255061
1200000|1|6000|3|2|1|2|288000|454|3632071|252720
1200000|1|6000|3|2|0|0|288000|455|3640072|255061
1200000|1|6000|3|2|1|2|288000|455|3640072|252760
1200000|1|6000|3|2|0|0|288000|456|3648072|255103
1200000|1|6000|3|2|1|2|288000|456|3648072|252843
1200000|1|6000|3|2|0|0|288000|457|3656072|255800
1200000|1|6000|3|2|1|2|288000|457|3656072|253047
1200000|1|6000|3|2|0|0|288000|458|3664072|256087
1200000|1|6000|3|2|1|2|288000|458|3664072|252681
1200000|1|6000|3|2|0|0|288000|459|3672072|256619
1200000|1|6000|3|2|1|2|288000|459|3672072|252596
1200000|1|6000|3|2|0|0|288000|460|3680072|256410
1200000|1|6000|3|2|1|2|288000|460|3680072|252638
1200000|1|6000|3|2|0|0|288000|461|3688071|257276
1200000|1|6000|3|2|1|2|288000|461|3688071|252759
1200000|1|6000|3|2|0|0|288000|462|3696071|257070
1200000|1|6000|3|2|1|2|288000|462|3696071|252557
1200000|1|6000|3|2|0|0|288000|463|3704071|256619
1200000|1|6000|3|2|1|2|288000|463|3704071|252473
1200000|1|6000|3|2|0|0|288000|464|3712070|255060
1200000|1|6000|3|2|1|2|288000|464|3712070|253005
1200000|1|6000|3|2|0|0|288000|465|3720071|254076
1200000|1|6000|3|2|1|2|288000|465|3720071|253171
1200000|1|6000|3|2|0|0|288000|466|3728071|253422
1200000|1|6000|3|2|1|2|288000|466|3728071|253663
1200000|1|6000|3|2|0|0|288000|467|3736072|252273
1200000|1|6000|3|2|1|2|288000|467|3736072|254113
1200000|1|6000|3|2|0|0|288000|468|3744073|251453
1200000|1|6000|3|2|1|2|288000|468|3744073|254933
1200000|1|6000|3|2|0|0|288000|469|3752074|251245
1200000|1|6000|3|2|1|2|288000|469|3752074|255058
1200000|1|6000|3|2|0|0|288000|470|3760074|250716
1200000|1|6000|3|2|1|2|288000|470|3760074|255548
1200000|1|6000|3|2|0|0|288000|471|3768074|250795
1200000|1|6000|3|2|1|2|288000|471|3768074|255833
1200000|1|6000|3|2|0|0|288000|472|3776074|250920
1200000|1|6000|3|2|1|2|288000|472|3776074|257188
1200000|1|6000|3|2|0|0|288000|473|3784076|251288
1200000|1|6000|3|2|1|2|288000|473|3784076|258049
1200000|1|6000|3|2|0|0|288000|474|3792078|251946
1200000|1|6000|3|2|1|2|288000|474|3792078|258253
1200000|1|6000|3|2|0|0|288000|475|3800079|252355
1200000|1|6000|3|2|1|2|288000|475|3800079|259608
1200000|1|6000|3|2|0|0|288000|476|3808081|253093
1200000|1|6000|3|2|1|2|288000|476|3808081|259646
1200000|1|6000|3|2|0|0|288000|477|3816082|253381
1200000|1|6000|3|2|1|2|288000|477|3816082|261125
1200000|1|6000|3|2|0|0|288000|478|3824084|251859
1200000|1|6000|3|2|1|2|288000|478|3824084|263010
1200000|1|6000|3|2|0|0|288000|479|3832088|250879
1200000|1|6000|3|2|1|2|288000|479|3832088|263789
1200000|1|6000|3|2|0|0|288000|480|3840089|249732
1200000|1|6000|3|2|1|2|288000|480|3840089|263912
1200000|1|6000|3|2|0|0|288000|481|3848090|248621
1200000|1|6000|3|2|1|2|288000|481|3848090|263666
1200000|1|6000|3|2|0|0|288000|482|3856090|247271
1200000|1|6000|3|2|1|2|288000|482|3856090|264281
1200000|1|6000|3|2|0|0|288000|483|3864092|246615
1200000|1|6000|3|2|1|2|288000|483|3864092|264527
1200000|1|6000|3|2|0|0|288000|484|3872093|245509
1200000|1|6000|3|2|1|2|288000|484|3872093|264566
1200000|1|6000|3|2|0|0|288000|485|3880094|245136
1200000|1|6000|3|2|1|2|288000|485|3880094|264856
1200000|1|6000|3|2|0|0|288000|486|3888095|244562
1200000|1|6000|3|2|1|2|288000|486|3888095|264857
1200000|1|6000|3|2|0|0|288000|487|3896096|243664
1200000|1|6000|3|2|1|2|288000|487|3896096|264569
1200000|1|6000|3|2|0|0|288000|488|3904097|241941
1200000|1|6000|3|2|1|2|288000|488|3904097|264772
1200000|1|6000|3|2|0|0|288000|489|3912097|240382
1200000|1|6000|3|2|1|2|288000|489|3912097|265140
1200000|1|6000|3|2|0|0|288000|490|3920097|239359
1200000|1|6000|3|2|1|2|288000|490|3920097|265103
1200000|1|6000|3|2|0|0|288000|491|3928098|238046
1200000|1|6000|3|2|1|2|288000|491|3928098|265139
1200000|1|6000|3|2|0|0|288000|492|3936098|237595
1200000|1|6000|3|2|1|2|288000|492|3936098|264855
1200000|1|6000|3|2|0|0|288000|493|3944099|237555
1200000|1|6000|3|2|1|2|288000|493|3944099|265057
1200000|1|6000|3|2|0|0|288000|494|3952099|238004
1200000|1|6000|3|2|1|2|288000|494|3952099|264404
1200000|1|6000|3|2|0|0|288000|495|3960100|237923
1200000|1|6000|3|2|1|2|288000|495|3960100|263831
1200000|1|6000|3|2|0|0|288000|496|3968099|237676
1200000|1|6000|3|2|1|2|288000|496|3968099|263831
1200000|1|6000|3|2|0|0|288000|497|3976099|237431
1200000|1|6000|3|2|1|2|288000|497|3976099|263667
1200000|1|6000|3|2|0|0|288000|498|3984099|237144
1200000|1|6000|3|2|1|2|288000|498|3984099|263625
1200000|1|6000|3|2|0|0|288000|499|3992099|237021
1200000|1|6000|3|2|1|2|288000|499|3992099|263708
1200000|1|6000|3|2|0|0|288000|500|4000099|237267
1200000|1|6000|3|2|1|2|288000|500|4000099|263993
1200000|1|6000|3|2|0|0|288000|501|4008099|237392
1200000|1|6000|3|2|1|2|288000|501|4008099|263707
1200000|1|6000|3|2|0|0|288000|502|4016099|237471
1200000|1|6000|3|2|1|2|288000|502|4016099|264406
1200000|1|6000|3|2|0|0|288000|503|4024100|238332
1200000|1|6000|3|2|1|2|288000|503|4024100|264032
1200000|1|6000|3|2|0|0|288000|504|4032101|238661
1200000|1|6000|3|2|1|2|288000|504|4032101|263380
1200000|1|6000|3|2|0|0|288000|505|4040101|239235
1200000|1|6000|3|2|1|2|288000|505|4040101|262847
1200000|1|6000|3|2|0|0|288000|506|4048101|239562
1200000|1|6000|3|2|1|2|288000|506|4048101|262314
1200000|1|6000|3|2|0|0|288000|507|4056100|239153
1200000|1|6000|3|2|1|2|288000|507|4056100|262436
1200000|1|6000|3|2|0|0|288000|508|4064100|238536
1200000|1|6000|3|2|1|2|288000|508|4064100|262354
1200000|1|6000|3|2|0|0|288000|509|4072099|238209
1200000|1|6000|3|2|1|2|288000|509|4072099|262272
1200000|1|6000|3|2|0|0|288000|510|4080099|238412
1200000|1|6000|3|2|1|2|288000|510|4080099|262479
1200000|1|6000|3|2|0|0|288000|511|4088099|238863
1200000|1|6000|3|2|1|2|288000|511|4088099|263011
1200000|1|6000|3|2|0|0|288000|512|4096099|238909
1200000|1|6000|3|2|1|2|288000|512|4096099|262519
1200000|1|6000|3|2|0|0|288000|513|4104099|238619
1200000|1|6000|3|2|1|2|288000|513|4104099|262151
1200000|1|6000|3|2|0|0|288000|514|4112099|238825
1200000|1|6000|3|2|1|2|288000|514|4112099|262067
1200000|1|6000|3|2|0|0|288000|515|4120099|240097
1200000|1|6000|3|2|1|2|288000|515|4120099|262191
1200000|1|6000|3|2|0|0|288000|516|4128099|240710
1200000|1|6000|3|2|1|2|288000|516|4128099|261616
1200000|1|6000|3|2|0|0|288000|517|4136099|240874
1200000|1|6000|3|2|1|2|288000|517|4136099|260634
1200000|1|6000|3|2|0|0|288000|518|4144098|241612
1200000|1|6000|3|2|1|2|288000|518|4144098|259526
1200000|1|6000|3|2|0|0|288000|519|4152097|241408
1200000|1|6000|3|2|1|2|288000|519|4152097|258989
1200000|1|6000|3|2|0|0|288000|520|4160096|241736
1200000|1|6000|3|2|1|2|288000|520|4160096|258337
1200000|1|6000|3|2|0|0|288000|521|4168096|241531
1200000|1|6000|3|2|1|2|288000|521|4168096|257026
1200000|1|6000|3|2|0|0|288000|522|4176095|240999
1200000|1|6000|3|2|1|2|288000|522|4176095|257272
1200000|1|6000|3|2|0|0|288000|523|4184095|240832
1200000|1|6000|3|2|1|2|288000|523|4184095|256202
1200000|1|6000|3|2|0|0|288000|524|4192094|241079
1200000|1|6000|3|2|1|2|288000|524|4192094|256531
1200000|1|6000|3|2|0|0|288000|525|4200095|241244
1200000|1|6000|3|2|1|2|288000|525|4200095|256570
1200000|1|6000|3|2|0|0|288000|526|4208095|240999
1200000|1|6000|3|2|1|2|288000|526|4208095|257883
1200000|1|6000|3|2|0|0|288000|527|4216095|241202
1200000|1|6000|3|2|1|2|288000|527|4216095|257923
1200000|1|6000|3|2|0|0|288000|528|4224095|241202
1200000|1|6000|3|2|1|2|288000|528|4224095|258623
1200000|1|6000|3|2|0|0|288000|529|4232095|241282
1200000|1|6000|3|2|1|2|288000|529|4232095|258706
1200000|1|6000|3|2|0|0|288000|530|4240096|241612
1200000|1|6000|3|2|1|2|288000|530|4240096|260260
1200000|1|6000|3|2|0|0|288000|531|4248097|241568
1200000|1|6000|3|2|1|2|288000|531|4248097|260797
1200000|1|6000|3|2|0|0|288000|532|4256098|241981
1200000|1|6000|3|2|1|2|288000|532|4256098|261165
1200000|1|6000|3|2|0|0|288000|533|4264098|242269
1200000|1|6000|3|2|1|2|288000|533|4264098|261166
1200000|1|6000|3|2|0|0|288000|534|4272099|242388
1200000|1|6000|3|2|1|2|288000|534|4272099|261044
1200000|1|6000|3|2|0|0|288000|535|4280100|242554
1200000|1|6000|3|2|1|2|288000|535|4280100|261326
1200000|1|6000|3|2|0|0|288000|536|4288101|242389
1200000|1|6000|3|2|1|2|288000|536|4288101|261124
1200000|1|6000|3|2|0|0|288000|537|4296101|242224
1200000|1|6000|3|2|1|2|288000|537|4296101|261616
1200000|1|6000|3|2|0|0|288000|538|4304102|242392
1200000|1|6000|3|2|1|2|288000|538|4304102|262146
1200000|1|6000|3|2|0|0|288000|539|4312103|242065
1200000|1|6000|3|2|1|2|288000|539|4312103|262602
1200000|1|6000|3|2|0|0|288000|540|4320104|242557
1200000|1|6000|3|2|1|2|288000|540|4320104|263871
1200000|1|6000|3|2|0|0|288000|541|4328105|242432
1200000|1|6000|3|2|1|2|288000|541|4328105|264814
1200000|1|6000|3|2|0|0|288000|542|4336107|242926
1200000|1|6000|3|2|1|2|288000|542|4336107|265470
1200000|1|6000|3|2|0|0|288000|543|4344107|242556
1200000|1|6000|3|2|1|2|288000|543|4344107|266249
1200000|1|6000|3|2|0|0|288000|544|4352108|242433
1200000|1|6000|3|2|1|2|288000|544|4352108|266657
1200000|1|6000|3|2|0|0|288000|545|4360110|242268
1200000|1|6000|3|2|1|2|288000|545|4360110|266784
1200000|1|6000|3|2|0|0|288000|546|4368110|242597
1200000|1|6000|3|2|1|2|288000|546|4368110|267192
1200000|1|6000|3|2|0|0|288000|547|4376111|242553
1200000|1|6000|3|2|1|2|288000|547|4376111|267725
1200000|1|6000|3|2|0|0|288000|548|4384112|242434
1200000|1|6000|3|2|1|2|288000|548|4384112|267518
1200000|1|6000|3|2|0|0|288000|549|4392112|241900
1200000|1|6000|3|2|1|2|288000|549|4392112|267726
1200000|1|6000|3|2|0|0|288000|550|4400113|241243
1200000|1|6000|3|2|1|2|288000|550|4400113|267848
1200000|1|6000|3|2|0|0|288000|551|4408113|241077
1200000|1|6000|3|2|1|2|288000|551|4408113|268053
1200000|1|6000|3|2|0|0|288000|552|4416114|241244
1200000|1|6000|3|2|1|2|288000|552|4416114|268994
1200000|1|6000|3|2|0|0|288000|553|4424115|240546
1200000|1|6000|3|2|1|2|288000|553|4424115|268833
1200000|1|6000|3|2|0|0|288000|554|4432114|239727
1200000|1|6000|3|2|1|2|288000|554|4432114|269080
1200000|1|6000|3|2|0|0|288000|555|4440115|239441
1200000|1|6000|3|2|1|2|288000|555|4440115|269162
1200000|1|6000|3|2|0|0|288000|556|4448116|238823
1200000|1|6000|3|2|1|2|288000|556|4448116|269120
1200000|1|6000|3|2|0|0|288000|557|4456118|238211
1200000|1|6000|3|2|1|2|288000|557|4456118|269326
1200000|1|6000|3|2|0|0|288000|558|4464120|238333
1200000|1|6000|3|2|1|2|288000|558|4464120|269037
1200000|1|6000|3|2|0|0|288000|559|4472122|239316
1200000|1|6000|3|2|1|2|288000|559|4472122|268709
1200000|1|6000|3|2|0|0|288000|560|4480125|240833
1200000|1|6000|3|2|1|2|288000|560|4480125|268502
1200000|1|6000|3|2|0|0|288000|561|4488126|241859
1200000|1|6000|3|2|1|2|288000|561|4488126|268340
1200000|1|6000|3|2|0|0|288000|562|4496128|242022
1200000|1|6000|3|2|1|2|288000|562|4496128|268217
1200000|1|6000|3|2|0|0|288000|563|4504129|243213
1200000|1|6000|3|2|1|2|288000|563|4504129|268503
1200000|1|6000|3|2|0|0|288000|564|4512130|243372
1200000|1|6000|3|2|1|2|288000|564|4512130|268832
1200000|1|6000|3|2|0|0|288000|565|4520130|244238
1200000|1|6000|3|2|1|2|288000|565|4520130|269117
1200000|1|6000|3|2|0|0|288000|566|4528131|244607
1200000|1|6000|3|2|1|2|288000|566|4528131|269488
1200000|1|6000|3|2|0|0|288000|567|4536132|245959
1200000|1|6000|3|2|1|2|288000|567|4536132|269570
1200000|1|6000|3|2|0|0|288000|568|4544133|245956
1200000|1|6000|3|2|1|2|288000|568|4544133|269488
1200000|1|6000|3|2|0|0|288000|569|4552134|246615
1200000|1|6000|3|2|1|2|288000|569|4552134|269242
1200000|1|6000|3|2|0|0|288000|570|4560134|246612
1200000|1|6000|3|2|1|2|288000|570|4560134|269162
1200000|1|6000|3|2|0|0|288000|571|4568135|246819
1200000|1|6000|3|2|1|2|288000|571|4568135|270308
1200000|1|6000|3|2|0|0|288000|572|4576136|247148
1200000|1|6000|3|2|1|2|288000|572|4576136|270678
1200000|1|6000|3|2|0|0|288000|573|4584137|247435
1200000|1|6000|3|2|1|2|288000|573|4584137|271661
1200000|1|6000|3|2|0|0|288000|574|4592138|248091
1200000|1|6000|3|2|1|2|288000|574|4592138|271949
1200000|1|6000|3|2|0|0|288000|575|4600138|249484
1200000|1|6000|3|2|1|2|288000|575|4600138|272727
1200000|1|6000|3|2|0|0|288000|576|4608139|250182
1200000|1|6000|3|2|1|2|288000|576|4608139|273303
1200000|1|6000|3|2|0|0|288000|577|4616140|250675
1200000|1|6000|3|2|1|2|288000|577|4616140|273588
1200000|1|6000|3|2|0|0|288000|578|4624141|251043
1200000|1|6000|3|2|1|2|288000|578|4624141|273465
1200000|1|6000|3|2|0|0|288000|579|4632141|251001
1200000|1|6000|3|2|1|2|288000|579|4632141|272482
1200000|1|6000|3|2|0|0|288000|580|4640142|251206
1200000|1|6000|3|2|1|2|288000|580|4640142|272770
1200000|1|6000|3|2|0|0|288000|581|4648143|251778
1200000|1|6000|3|2|1|2|288000|581|4648143|272523
1200000|1|6000|3|2|0|0|288000|582|4656143|251246
1200000|1|6000|3|2|1|2|288000|582|4656143|273012
1200000|1|6000|3|2|0|0|288000|583|4664144|250796
1200000|1|6000|3|2|1|2|288000|583|4664144|273383
1200000|1|6000|3|2|0|0|288000|584|4672145|251001
1200000|1|6000|3|2|1|2|288000|584|4672145|273302
1200000|1|6000|3|2|0|0|288000|585|4680146|250757
1200000|1|6000|3|2|1|2|288000|585|4680146|272892
1200000|1|6000|3|2|0|0|288000|586|4688145|250714
1200000|1|6000|3|2|1|2|288000|586|4688145|271702
1200000|1|6000|3|2|0|0|288000|587|4696145|250468
1200000|1|6000|3|2|1|2|288000|587|4696145|271292
1200000|1|6000|3|2|0|0|288000|588|4704145|250058
1200000|1|6000|3|2|1|2|288000|588|4704145|270391
1200000|1|6000|3|2|0|0|288000|589|4712145|249569
1200000|1|6000|3|2|1|2|288000|589|4712145|270267
1200000|1|6000|3|2|0|0|288000|590|4720146|249609
1200000|1|6000|3|2|1|2|288000|590|4720146|269693
1200000|1|6000|3|2|0|0|288000|591|4728146|249239
1200000|1|6000|3|2|1|2|288000|591|4728146|268793
1200000|1|6000|3|2|0|0|288000|592|4736147|248501
1200000|1|6000|3|2|1|2|288000|592|4736147|267439
1200000|1|6000|3|2|0|0|288000|593|4744146|248788
1200000|1|6000|3|2|1|2|288000|593|4744146|266369
1200000|1|6000|3|2|0|0|288000|594|4752145|248049
1200000|1|6000|3|2|1|2|288000|594|4752145|266046
1200000|1|6000|3|2|0|0|288000|595|4760144|247720
1200000|1|6000|3|2|1|2|288000|595|4760144|264815
1200000|1|6000|3|2|0|0|288000|596|4768144|247516
1200000|1|6000|3|2|1|2|288000|596|4768144|263748
1200000|1|6000|3|2|0|0|288000|597|4776142|247475
1200000|1|6000|3|2|1|2|288000|597|4776142|262806
1200000|1|6000|3|2|0|0|288000|598|4784141|247437
1200000|1|6000|3|2|1|2|288000|598|4784141|261408
1200000|1|6000|3|2|0|0|288000|599|4792140|247188
1200000|1|6000|3|2|1|2|288000|599|4792140|261572
1200000|1|6000|3|2|0|0|288000|600|4800141|247231
1200000|1|6000|3|2|1|2|288000|600|4800141|261125
1200000|1|6000|3|2|0|0|288000|601|4808142|246943
1200000|1|6000|3|2|1|2|288000|601|4808142|261658
1200000|1|6000|3|2|0|0|288000|602|4816142|246779
1200000|1|6000|3|2|1|2|288000|602|4816142|261742
1200000|1|6000|3|2|0|0|288000|603|4824142|246574
1200000|1|6000|3|2|1|2|288000|603|4824142|261411
1200000|1|6000|3|2|0|0|288000|604|4832142|246245
1200000|1|6000|3|2|1|2|288000|604|4832142|261371
1200000|1|6000|3|2|0|0|288000|605|4840142|246000
1200000|1|6000|3|2|1|2|288000|605|4840142|260878
1200000|1|6000|3|2|0|0|288000|606|4848142|245754
1200000|1|6000|3|2|1|2|288000|606|4848142|260468
1200000|1|6000|3|2|0|0|288000|607|4856141|244893
1200000|1|6000|3|2|1|2|288000|607|4856141|259443
1200000|1|6000|3|2|0|0|288000|608|4864140|243949
1200000|1|6000|3|2|1|2|288000|608|4864140|258501
1200000|1|6000|3|2|0|0|288000|609|4872140|243126
1200000|1|6000|3|2|1|2|288000|609|4872140|257350
1200000|1|6000|3|2|0|0|288000|610|4880139|242473
1200000|1|6000|3|2|1|2|288000|610|4880139|256820
1200000|1|6000|3|2|0|0|288000|611|4888140|242308
1200000|1|6000|3|2|1|2|288000|611|4888140|256616
1200000|1|6000|3|2|0|0|288000|612|4896139|242188
1200000|1|6000|3|2|1|2|288000|612|4896139|256164
1200000|1|6000|3|2|0|0|288000|613|4904139|242596
1200000|1|6000|3|2|1|2|288000|613|4904139|256001
1200000|1|6000|3|2|0|0|288000|614|4912138|242269
1200000|1|6000|3|2|1|2|288000|614|4912138|255998
1200000|1|6000|3|2|0|0|288000|615|4920138|242514
1200000|1|6000|3|2|1|2|288000|615|4920138|255959
1200000|1|6000|3|2|0|0|288000|616|4928138|242184
1200000|1|6000|3|2|1|2|288000|616|4928138|255793
1200000|1|6000|3|2|0|0|288000|617|4936138|242024
1200000|1|6000|3|2|1|2|288000|617|4936138|255630
1200000|1|6000|3|2|0|0|288000|618|4944138|241733
1200000|1|6000|3|2|1|2|288000|618|4944138|255302
1200000|1|6000|3|2|0|0|288000|619|4952138|241366
1200000|1|6000|3|2|1|2|288000|619|4952138|254771
1200000|1|6000|3|2|0|0|288000|620|4960138|240874
1200000|1|6000|3|2|1|2|288000|620|4960138|253539
1200000|1|6000|3|2|0|0|288000|621|4968137|240955
1200000|1|6000|3|2|1|2|288000|621|4968137|253581
1200000|1|6000|3|2|0|0|288000|622|4976137|240958
1200000|1|6000|3|2|1|2|288000|622|4976137|253580
1200000|1|6000|3|2|0|0|288000|623|4984138|241039
1200000|1|6000|3|2|1|2|288000|623|4984138|253253
1200000|1|6000|3|2|0|0|288000|624|4992138|240833
1200000|1|6000|3|2|1|2|288000|624|4992138|253664
1200000|1|6000|3|2|0|0|288000|625|5000139|240257
1200000|1|6000|3|2|1|2|288000|625|5000139|253785
1200000|1|6000|3|2|0|0|288000|626|5008140|240013
1200000|1|6000|3|2|1|2|288000|626|5008140|253990
1200000|1|6000|3|2|0|0|288000|627|5016140|238907
1200000|1|6000|3|2|1|2|288000|627|5016140|254032
1200000|1|6000|3|2|0|0|288000|628|5024141|238129
1200000|1|6000|3|2|1|2|288000|628|5024141|254155
1200000|1|6000|3|2|0|0|288000|629|5032142|237554
1200000|1|6000|3|2|1|2|288000|629|5032142|253622
1200000|1|6000|3|2|0|0|288000|630|5040142|237144
1200000|1|6000|3|2|1|2|288000|630|5040142|253788
1200000|1|6000|3|2|0|0|288000|631|5048142|237062
1200000|1|6000|3|2|1|2|288000|631|5048142|252720
1200000|1|6000|3|2|0|0|288000|632|5056143|236693
1200000|1|6000|3|2|1|2|288000|632|5056143|252025
1200000|1|6000|3|2|0|0|288000|633|5064144|236039
1200000|1|6000|3|2|1|2|288000|633|5064144|251244
1200000|1|6000|3|2|0|0|288000|634|5072144|236242
1200000|1|6000|3|2|1|2|288000|634|5072144|251203
1200000|1|6000|3|2|0|0|288000|635|5080145|236981
1200000|1|6000|3|2|1|2|288000|635|5080145|250502
1200000|1|6000|3|2|0|0|288000|636|5088146|237433
1200000|1|6000|3|2|1|2|288000|636|5088146|250383
1200000|1|6000|3|2|0|0|288000|637|5096147|238210
1200000|1|6000|3|2|1|2|288000|637|5096147|250098
1200000|1|6000|3|2|0|0|288000|638|5104148|238619
1200000|1|6000|3|2|1|2|288000|638|5104148|250178
1200000|1|6000|3|2|0|0|288000|639|5112149|239401
1200000|1|6000|3|2|1|2|288000|639|5112149|250792
1200000|1|6000|3|2|0|0|288000|640|5120150|240219
1200000|1|6000|3|2|1|2|288000|640|5120150|251117
1200000|1|6000|3|2|0|0|288000|641|5128151|241120
1200000|1|6000|3|2|1|2|288000|641|5128151|251450
1200000|1|6000|3|2|0|0|288000|642|5136152|241368
1200000|1|6000|3|2|1|2|288000|642|5136152|251406
1200000|1|6000|3|2|0|0|288000|643|5144154|241162
1200000|1|6000|3|2|1|2|288000|643|5144154|251736
1200000|1|6000|3|2|0|0|288000|644|5152155|240382
1200000|1|6000|3|2|1|2|288000|644|5152155|251531
1200000|1|6000|3|2|0|0|288000|645|5160155|239931
1200000|1|6000|3|2|1|2|288000|645|5160155|250834
1200000|1|6000|3|2|0|0|288000|646|5168155|239603
1200000|1|6000|3|2|1|2|288000|646|5168155|250178
1200000|1|6000|3|2|0|0|288000|647|5176155|239603
1200000|1|6000|3|2|1|2|288000|647|5176155|249314
1200000|1|6000|3|2|0|0|288000|648|5184155|239480
1200000|1|6000|3|2|1|2|288000|648|5184155|249153
1200000|1|6000|3|2|0|0|288000|649|5192155|239232
1200000|1|6000|3|2|1|2|288000|649|5192155|248330
1200000|1|6000|3|2|0|0|288000|650|5200156|239561
1200000|1|6000|3|2|1|2|288000|650|5200156|248250
1200000|1|6000|3|2|0|0|288000|651|5208156|239113
1200000|1|6000|3|2|1|2|288000|651|5208156|248168
1200000|1|6000|3|2|0|0|288000|652|5216156|238907
1200000|1|6000|3|2|1|2|288000|652|5216156|247881
1200000|1|6000|3|2|0|0|288000|653|5224156|238537
1200000|1|6000|3|2|1|2|288000|653|5224156|247594
1200000|1|6000|3|2|0|0|288000|654|5232157|238047
1200000|1|6000|3|2|1|2|288000|654|5232157|246775
1200000|1|6000|3|2|0|0|288000|655|5240156|237472
1200000|1|6000|3|2|1|2|288000|655|5240156|247063
1200000|1|6000|3|2|0|0|288000|656|5248157|237184
1200000|1|6000|3|2|1|2|288000|656|5248157|246034
1200000|1|6000|3|2|0|0|288000|657|5256156|236776
1200000|1|6000|3|2|1|2|288000|657|5256156|245874
1200000|1|6000|3|2|0|0|288000|658|5264157|236692
1200000|1|6000|3|2|1|2|288000|658|5264157|244724
1200000|1|6000|3|2|0|0|288000|659|5272156|236156
1200000|1|6000|3|2|1|2|288000|659|5272156|244516
1200000|1|6000|3|2|0|0|288000|660|5280156|235298
1200000|1|6000|3|2|1|2|288000|660|5280156|244232
1200000|1|6000|3|2|0|0|288000|661|5288156|234480
1200000|1|6000|3|2|1|2|288000|661|5288156|244765
1200000|1|6000|3|2|0|0|288000|662|5296157|233497
1200000|1|6000|3|2|1|2|288000|662|5296157|244766
1200000|1|6000|3|2|0|0|288000|663|5304157|232756
1200000|1|6000|3|2|1|2|288000|663|5304157|244890
1200000|1|6000|3|2|0|0|288000|664|5312156|231934
1200000|1|6000|3|2|1|2|288000|664|5312156|245298
1200000|1|6000|3|2|0|0|288000|665|5320157|232471
1200000|1|6000|3|2|1|2|288000|665|5320157|245259
1200000|1|6000|3|2|0|0|288000|666|5328157|231937
1200000|1|6000|3|2|1|2|288000|666|5328157|245423
1200000|1|6000|3|2|0|0|288000|667|5336157|232059
1200000|1|6000|3|2|1|2|288000|667|5336157|245216
1200000|1|6000|3|2|0|0|288000|668|5344156|232100
1200000|1|6000|3|2|1|2|288000|668|5344156|244519
1200000|1|6000|3|2|0|0|288000|669|5352156|231608
1200000|1|6000|3|2|1|2|288000|669|5352156|243698
1200000|1|6000|3|2|0|0|288000|670|5360156|231527
1200000|1|6000|3|2|1|2|288000|670|5360156|243697
1200000|1|6000|3|2|0|0|288000|671|5368157|231402
1200000|1|6000|3|2|1|2|288000|671|5368157|243167
1200000|1|6000|3|2|0|0|288000|672|5376157|231404
1200000|1|6000|3|2|1|2|288000|672|5376157|243207
1200000|1|6000|3|2|0|0|288000|673|5384157|231363
1200000|1|6000|3|2|1|2|288000|673|5384157|242756
1200000|1|6000|3|2|0|0|288000|674|5392156|232389
1200000|1|6000|3|2|1|2|288000|674|5392156|242713
1200000|1|6000|3|2|0|0|288000|675|5400157|232674
1200000|1|6000|3|2|1|2|288000|675|5400157|242387
1200000|1|6000|3|2|0|0|288000|676|5408156|233492
1200000|1|6000|3|2|1|2|288000|676|5408156|240993
1200000|1|6000|3|2|0|0|288000|677|5416156|233904
1200000|1|6000|3|2|1|2|288000|677|5416156|240011
1200000|1|6000|3|2|0|0|288000|678|5424155|234560
1200000|1|6000|3|2|1|2|288000|678|5424155|238984
1200000|1|6000|3|2|0|0|288000|679|5432155|234724
1200000|1|6000|3|2|1|2|288000|679|5432155|237751
1200000|1|6000|3|2|0|0|288000|680|5440155|234480
1200000|1|6000|3|2|1|2|288000|680|5440155|236936
1200000|1|6000|3|2|0|0|288000|681|5448155|233536
1200000|1|6000|3|2|1|2|288000|681|5448155|235460
1200000|1|6000|3|2|0|0|288000|682|5456154|232346
1200000|1|6000|3|2|1|2|288000|682|5456154|235049
1200000|1|6000|3|2|0|0|288000|683|5464154|231769
1200000|1|6000|3|2|1|2|288000|683|5464154|234802
1200000|1|6000|3|2|0|0|288000|684|5472154|230584
1200000|1|6000|3|2|1|2|288000|684|5472154|234717
1200000|1|6000|3|2|0|0|288000|685|5480153|230542
1200000|1|6000|3|2|1|2|288000|685|5480153|234313
1200000|1|6000|3|2|0|0|288000|686|5488153|230214
1200000|1|6000|3|2|1|2|288000|686|5488153|233655
1200000|1|6000|3|2|0|0|288000|687|5496152|230626
1200000|1|6000|3|2|1|2|288000|687|5496152|233327
1200000|1|6000|3|2|0|0|288000|688|5504152|230501
1200000|1|6000|3|2|1|2|288000|688|5504152|232380
1200000|1|6000|3|2|0|0|288000|689|5512152|230622
1200000|1|6000|3|2|1|2|288000|689|5512152|232096
1200000|1|6000|3|2|0|0|288000|690|5520152|230253
1200000|1|6000|3|2|1|2|288000|690|5520152|231646
1200000|1|6000|3|2|0|0|288000|691|5528152|229928
1200000|1|6000|3|2|1|2|288000|691|5528152|232136
1200000|1|6000|3|2|0|0|288000|692|5536152|229149
1200000|1|6000|3|2|1|2|288000|692|5536152|232054
1200000|1|6000|3|2|0|0|288000|693|5544152|228533
1200000|1|6000|3|2|1|2|288000|693|5544152|232548
1200000|1|6000|3|2|0|0|288000|694|5552152|228000
1200000|1|6000|3|2|1|2|288000|694|5552152|232544
1200000|1|6000|3|2|0|0|288000|695|5560152|227632
1200000|1|6000|3|2|1|2|288000|695|5560152|232957
1200000|1|6000|3|2|0|0|288000|696|5568152|226852
1200000|1|6000|3|2|1|2|288000|696|5568152|232792
1200000|1|6000|3|2|0|0|288000|697|5576152|226484
1200000|1|6000|3|2|1|2|288000|697|5576152|233039
1200000|1|6000|3|2|0|0|288000|698|5584152|225991
1200000|1|6000|3|2|1|2|288000|698|5584152|233205
1200000|1|6000|3|2|0|0|288000|699|5592152|225660
1200000|1|6000|3|2|1|2|288000|699|5592152|232709
1200000|1|6000|3|2|0|0|288000|700|5600152|224964
1200000|1|6000|3|2|1|2|288000|700|5600152|233040
1200000|1|6000|3|2|0|0|288000|701|5608151|224269
1200000|1|6000|3|2|1|2|288000|701|5608151|232834
1200000|1|6000|3|2|0|0|288000|702|5616151|223780
1200000|1|6000|3|2|1|2|288000|702|5616151|233654
1200000|1|6000|3|2|0|0|288000|703|5624152|223119
1200000|1|6000|3|2|1|2|288000|703|5624152|233901
1200000|1|6000|3|2|0|0|288000|704|5632152|223450
1200000|1|6000|3|2|1|2|288000|704|5632152|234763
1200000|1|6000|3|2|0|0|288000|705|5640152|223859
1200000|1|6000|3|2|1|2|288000|705|5640152|234270
1200000|1|6000|3|2|0|0|288000|706|5648151|223163
1200000|1|6000|3|2|1|2|288000|706|5648151|235250
1200000|1|6000|3|2|0|0|288000|707|5656152|222957
1200000|1|6000|3|2|1|2|288000|707|5656152|235172
1200000|1|6000|3|2|0|0|288000|708|5664151|222466
1200000|1|6000|3|2|1|2|288000|708|5664151|235666
1200000|1|6000|3|2|0|0|288000|709|5672151|222508
1200000|1|6000|3|2|1|2|288000|709|5672151|235744
1200000|1|6000|3|2|0|0|288000|710|5680151|223367
1200000|1|6000|3|2|1|2|288000|710|5680151|236360
1200000|1|6000|3|2|0|0|288000|711|5688151|222917
1200000|1|6000|3|2|1|2|288000|711|5688151|236444
1200000|1|6000|3|2|0|0|288000|712|5696151|223326
1200000|1|6000|3|2|1|2|288000|712|5696151|237303
1200000|1|6000|3|2|0|0|288000|713|5704152|223448
1200000|1|6000|3|2|1|2|288000|713|5704152|237425
1200000|1|6000|3|2|0|0|288000|714|5712153|223696
1200000|1|6000|3|2|1|2|288000|714|5712153|237425
1200000|1|6000|3|2|0|0|288000|715|5720153|224106
1200000|1|6000|3|2|1|2|288000|715|5720153|237714
1200000|1|6000|3|2|0|0|288000|716|5728155|224434
1200000|1|6000|3|2|1|2|288000|716|5728155|238204
1200000|1|6000|3|2|0|0|288000|717|5736156|223979
1200000|1|6000|3|2|1|2|288000|717|5736156|238614
1200000|1|6000|3|2|0|0|288000|718|5744156|224229
1200000|1|6000|3|2|1|2|288000|718|5744156|238735
1200000|1|6000|3|2|0|0|288000|719|5752157|224557
1200000|1|6000|3|2|1|2|288000|719|5752157|238656
1200000|1|6000|3|2|0|0|288000|720|5760156|224310
1200000|1|6000|3|2|1|2|288000|720|5760156|239150
1200000|1|6000|3|2|0|0|288000|721|5768157|224353
1200000|1|6000|3|2|1|2|288000|721|5768157|240215
1200000|1|6000|3|2|0|0|288000|722|5776159|224721
1200000|1|6000|3|2|1|2|288000|722|5776159|241280
1200000|1|6000|3|2|0|0|288000|723|5784161|225129
1200000|1|6000|3|2|1|2|288000|723|5784161|242797
1200000|1|6000|3|2|0|0|288000|724|5792163|225499
1200000|1|6000|3|2|1|2|288000|724|5792163|242716
1200000|1|6000|3|2|0|0|288000|725|5800164|225541
1200000|1|6000|3|2|1|2|288000|725|5800164|243823
1200000|1|6000|3|2|0|0|288000|726|5808166|224968
1200000|1|6000|3|2|1|2|288000|726|5808166|244110
1200000|1|6000|3|2|0|0|288000|727|5816167|224311
1200000|1|6000|3|2|1|2|288000|727|5816167|244640
1200000|1|6000|3|2|0|0|288000|728|5824168|223570
1200000|1|6000|3|2|1|2|288000|728|5824168|244599
1200000|1|6000|3|2|0|0|288000|729|5832169|223326
1200000|1|6000|3|2|1|2|288000|729|5832169|244640
1200000|1|6000|3|2|0|0|288000|730|5840170|223202
1200000|1|6000|3|2|1|2|288000|730|5840170|245709
1200000|1|6000|3|2|0|0|288000|731|5848171|222958
1200000|1|6000|3|2|1|2|288000|731|5848171|245298
1200000|1|6000|3|2|0|0|288000|732|5856172|222507
1200000|1|6000|3|2|1|2|288000|732|5856172|246161
1200000|1|6000|3|2|0|0|288000|733|5864173|222709
1200000|1|6000|3|2|1|2|288000|733|5864173|246690
1200000|1|6000|3|2|0|0|288000|734|5872174|222916
1200000|1|6000|3|2|1|2|288000|734|5872174|246732
1200000|1|6000|3|2|0|0|288000|735|5880174|222630
1200000|1|6000|3|2|1|2|288000|735|5880174|246487
1200000|1|6000|3|2|0|0|288000|736|5888174|222506
1200000|1|6000|3|2|1|2|288000|736|5888174|246325
1200000|1|6000|3|2|0|0|288000|737|5896174|222180
1200000|1|6000|3|2|1|2|288000|737|5896174|246241
1200000|1|6000|3|2|0|0|288000|738|5904174|222466
1200000|1|6000|3|2|1|2|288000|738|5904174|245708
1200000|1|6000|3|2|0|0|288000|739|5912174|222220
1200000|1|6000|3|2|1|2|288000|739|5912174|245216
1200000|1|6000|3|2|0|0|288000|740|5920174|222261
1200000|1|6000|3|2|1|2|288000|740|5920174|244643
1200000|1|6000|3|2|0|0|288000|741|5928173|221482
1200000|1|6000|3|2|1|2|288000|741|5928173|244560
1200000|1|6000|3|2|0|0|288000|742|5936174|220867
1200000|1|6000|3|2|1|2|288000|742|5936174|244680
1200000|1|6000|3|2|0|0|288000|743|5944175|220786
1200000|1|6000|3|2|1|2|288000|743|5944175|245915
1200000|1|6000|3|2|0|0|288000|744|5952176|219841
1200000|1|6000|3|2|1|2|288000|744|5952176|246776
1200000|1|6000|3|2|0|0|288000|745|5960177|219637
1200000|1|6000|3|2|1|2|288000|745|5960177|248006
1200000|1|6000|3|2|0|0|288000|746|5968179|218858
1200000|1|6000|3|2|1|2|288000|746|5968179|249439
1200000|1|6000|3|2|0|0|288000|747|5976180|218119
1200000|1|6000|3|2|1|2|288000|747|5976180|250343
1200000|1|6000|3|2|0|0|288000|748|5984181|218240
1200000|1|6000|3|2|1|2|288000|748|5984181|250997
1200000|1|6000|3|2|0|0|288000|749|5992182|218694
1200000|1|6000|3|2|1|2|288000|749|5992182|251081
1200000|1|6000|3|2|0|0|288000|750|6000182|218937
1200000|1|6000|3|2|1|2|288000|750|6000182|251244
1200000|1|6000|3|2|0|0|288000|751|6008183|218939
1200000|1|6000|3|2|1|2|288000|751|6008183|251982
1200000|1|6000|3|2|0|0|288000|752|6016184|218732
1200000|1|6000|3|2|1|2|288000|752|6016184|252921
1200000|1|6000|3|2|0|0|288000|753|6024185|218571
1200000|1|6000|3|2|1|2|288000|753|6024185|254031
1200000|1|6000|3|2|0|0|288000|754|6032187|218612
1200000|1|6000|3|2|1|2|288000|754|6032187|254482
1200000|1|6000|3|2|0|0|288000|755|6040187|218406
1200000|1|6000|3|2|1|2|288000|755|6040187|255100
1200000|1|6000|3|2|0|0|288000|756|6048188|217997
1200000|1|6000|3|2|1|2|288000|756|6048188|256079
1200000|1|6000|3|2|0|0|288000|757|6056189|217589
1200000|1|6000|3|2|1|2|288000|757|6056189|256942
1200000|1|6000|3|2|0|0|288000|758|6064190|217504
1200000|1|6000|3|2|1|2|288000|758|6064190|257517
1200000|1|6000|3|2|0|0|288000|759|6072191|217504
1200000|1|6000|3|2|1|2|288000|759|6072191|257187
1200000|1|6000|3|2|0|0|288000|760|6080192|218079
1200000|1|6000|3|2|1|2|288000|760|6080192|257968
1200000|1|6000|3|2|0|0|288000|761|6088193|218406
1200000|1|6000|3|2|1|2|288000|761|6088193|257722
1200000|1|6000|3|2|0|0|288000|762|6096194|218116
1200000|1|6000|3|2|1|2|288000|762|6096194|258621
1200000|1|6000|3|2|0|0|288000|763|6104196|218816
1200000|1|6000|3|2|1|2|288000|763|6104196|258871
1200000|1|6000|3|2|0|0|288000|764|6112196|218939
1200000|1|6000|3|2|1|2|288000|764|6112196|258705
1200000|1|6000|3|2|0|0|288000|765|6120197|219759
1200000|1|6000|3|2|1|2|288000|765|6120197|259073
1200000|1|6000|3|2|0|0|288000|766|6128198|219882
1200000|1|6000|3|2|1|2|288000|766|6128198|258375
1200000|1|6000|3|2|0|0|288000|767|6136198|221072
1200000|1|6000|3|2|1|2|288000|767|6136198|258292
1200000|1|6000|3|2|0|0|288000|768|6144200|221233
1200000|1|6000|3|2|1|2|288000|768|6144200|257390
1200000|1|6000|3|2|0|0|288000|769|6152200|221811
1200000|1|6000|3|2|1|2|288000|769|6152200|257066
1200000|1|6000|3|2|0|0|288000|770|6160201|221112
1200000|1|6000|3|2|1|2|288000|770|6160201|256488
1200000|1|6000|3|2|0|0|288000|771|6168201|220377
1200000|1|6000|3|2|1|2|288000|771|6168201|256246
1200000|1|6000|3|2|0|0|288000|772|6176202|219144
1200000|1|6000|3|2|1|2|288000|772|6176202|256408
1200000|1|6000|3|2|0|0|288000|773|6184203|218571
1200000|1|6000|3|2|1|2|288000|773|6184203|256574
1200000|1|6000|3|2|0|0|288000|774|6192204|217751
1200000|1|6000|3|2|1|2|288000|774|6192204|257435
1200000|1|6000|3|2|0|0|288000|775|6200205|217218
1200000|1|6000|3|2|1|2|288000|775|6200205|257393
1200000|1|6000|3|2|0|0|288000|776|6208205|216723
1200000|1|6000|3|2|1|2|288000|776|6208205|258090
1200000|1|6000|3|2|0|0|288000|777|6216207|216643
1200000|1|6000|3|2|1|2|288000|777|6216207|258501
1200000|1|6000|3|2|0|0|288000|778|6224209|216889
1200000|1|6000|3|2|1|2|288000|778|6224209|258502
1200000|1|6000|3|2|0|0|288000|779|6232209|217217
1200000|1|6000|3|2|1|2|288000|779|6232209|258050
1200000|1|6000|3|2|0|0|288000|780|6240209|217258
1200000|1|6000|3|2|1|2|288000|780|6240209|256942
1200000|1|6000|3|2|0|0|288000|781|6248208|216890
1200000|1|6000|3|2|1|2|288000|781|6248208|257516
1200000|1|6000|3|2|0|0|288000|782|6256208|217014
1200000|1|6000|3|2|1|2|288000|782|6256208|257066
1200000|1|6000|3|2|0|0|288000|783|6264208|216726
1200000|1|6000|3|2|1|2|288000|783|6264208|257557
1200000|1|6000|3|2|0|0|288000|784|6272208|216603
1200000|1|6000|3|2|1|2|288000|784|6272208|256942
1200000|1|6000|3|2|0|0|288000|785|6280207|215947
1200000|1|6000|3|2|1|2|288000|785|6280207|257637
1200000|1|6000|3|2|0|0|288000|786|6288208|215823
1200000|1|6000|3|2|1|2|288000|786|6288208|257518
1200000|1|6000|3|2|0|0|288000|787|6296208|215987
1200000|1|6000|3|2|1|2|288000|787|6296208|258705
1200000|1|6000|3|2|0|0|288000|788|6304209|215821
1200000|1|6000|3|2|1|2|288000|788|6304209|258338
1200000|1|6000|3|2|0|0|288000|789|6312209|215661
1200000|1|6000|3|2|1|2|288000|789|6312209|257968
1200000|1|6000|3|2|0|0|288000|790|6320209|214963
1200000|1|6000|3|2|1|2|288000|790|6320209|257597
1200000|1|6000|3|2|0|0|288000|791|6328209|214963
1200000|1|6000|3|2|1|2|288000|791|6328209|257719
1200000|1|6000|3|2|0|0|288000|792|6336209|214472
1200000|1|6000|3|2|1|2|288000|792|6336209|257886
1200000|1|6000|3|2|0|0|288000|793|6344210|214511
1200000|1|6000|3|2|1|2|288000|793|6344210|257805
1200000|1|6000|3|2|0|0|288000|794|6352210|213403
1200000|1|6000|3|2|1|2|288000|794|6352210|258460
1200000|1|6000|3|2|0|0|288000|795|6360211|212582
1200000|1|6000|3|2|1|2|288000|795|6360211|258909
1200000|1|6000|3|2|0|0|288000|796|6368211|212132
1200000|1|6000|3|2|1|2|288000|796|6368211|259648
1200000|1|6000|3|2|0|0|288000|797|6376212|211929
1200000|1|6000|3|2|1|2|288000|797|6376212|259648
1200000|1|6000|3|2|0|0|288000|798|6384212|211396
1200000|1|6000|3|2|1|2|288000|798|6384212|259895
1200000|1|6000|3|2|0|0|288000|799|6392213|211640
1200000|1|6000|3|2|1|2|288000|799|6392213|260302
1200000|1|6000|3|2|0|0|288000|800|6400214|211765
1200000|1|6000|3|2|1|2|288000|800|6400214|260511
1200000|1|6000|3|2|0|0|288000|801|6408214|212011
1200000|1|6000|3|2|1|2|288000|801|6408214|260468
1200000|1|6000|3|2|0|0|288000|802|6416214|211561
1200000|1|6000|3|2|1|2|288000|802|6416214|259814
1200000|1|6000|3|2|0|0|288000|803|6424214|210986
1200000|1|6000|3|2|1|2|288000|803|6424214|259855
1200000|1|6000|3|2|0|0|288000|804|6432215|210492
1200000|1|6000|3|2|1|2|288000|804|6432215|258951
1200000|1|6000|3|2|0|0|288000|805|6440214|210124
1200000|1|6000|3|2|1|2|288000|805|6440214|259156
1200000|1|6000|3|2|0|0|288000|806|6448215|209386
1200000|1|6000|3|2|1|2|288000|806|6448215|258333
1200000|1|6000|3|2|0|0|288000|807|6456215|208605
1200000|1|6000|3|2|1|2|288000|807|6456215|258705
1200000|1|6000|3|2|0|0|288000|808|6464216|208035
1200000|1|6000|3|2|1|2|288000|808|6464216|258336
1200000|1|6000|3|2|0|0|288000|809|6472216|207541
1200000|1|6000|3|2|1|2|288000|809|6472216|258293
1200000|1|6000|3|2|0|0|288000|810|6480217|207828
1200000|1|6000|3|2|1|2|288000|810|6480217|258583
1200000|1|6000|3|2|0|0|288000|811|6488217|207462
1200000|1|6000|3|2|1|2|288000|811|6488217|257514
1200000|1|6000|3|2|0|0|288000|812|6496218|207170
1200000|1|6000|3|2|1|2|288000|812|6496218|256858
1200000|1|6000|3|2|0|0|288000|813|6504218|207087
1200000|1|6000|3|2|1|2|288000|813|6504218|255755
1200000|1|6000|3|2|0|0|288000|814|6512217|207010
1200000|1|6000|3|2|1|2|288000|814|6512217|254524
1200000|1|6000|3|2|0|0|288000|815|6520217|206885
1200000|1|6000|3|2|1|2|288000|815|6520217|253335
1200000|1|6000|3|2|0|0|288000|816|6528216|206353
1200000|1|6000|3|2|1|2|288000|816|6528216|252022
1200000|1|6000|3|2|0|0|288000|817|6536215|206600
1200000|1|6000|3|2|1|2|288000|817|6536215|251036
1200000|1|6000|3|2|0|0|288000|818|6544215|206148
1200000|1|6000|3|2|1|2|288000|818|6544215|251038
1200000|1|6000|3|2|0|0|288000|819|6552215|206681
1200000|1|6000|3|2|1|2|288000|819|6552215|251408
1200000|1|6000|3|2|0|0|288000|820|6560215|206106
1200000|1|6000|3|2|1|2|288000|820|6560215|250916
1200000|1|6000|3|2|0|0|288000|821|6568215|205533
1200000|1|6000|3|2|1|2|288000|821|6568215|250011
1200000|1|6000|3|2|0|0|288000|822|6576214|204833
1200000|1|6000|3|2|1|2|288000|822|6576214|249646
1200000|1|6000|3|2|0|0|288000|823|6584214|204794
1200000|1|6000|3|2|1|2|288000|823|6584214|248333
1200000|1|6000|3|2|0|0|288000|824|6592212|205288
1200000|1|6000|3|2|1|2|288000|824|6592212|248331
1200000|1|6000|3|2|0|0|288000|825|6600213|205738
1200000|1|6000|3|2|1|2|288000|825|6600213|247758
1200000|1|6000|3|2|0|0|288000|826|6608212|206513
1200000|1|6000|3|2|1|2|288000|826|6608212|248372
1200000|1|6000|3|2|0|0|288000|827|6616213|206680
1200000|1|6000|3|2|1|2|288000|827|6616213|248783
1200000|1|6000|3|2|0|0|288000|828|6624214|207133
1200000|1|6000|3|2|1|2|288000|828|6624214|248905
1200000|1|6000|3|2|0|0|288000|829|6632214|207461
1200000|1|6000|3|2|1|2|288000|829|6632214|249113
1200000|1|6000|3|2|0|0|288000|830|6640214|207665
1200000|1|6000|3|2|1|2|288000|830|6640214|249193
1200000|1|6000|3|2|0|0|288000|831|6648214|208441
1200000|1|6000|3|2|1|2|288000|831|6648214|249604
1200000|1|6000|3|2|0|0|288000|832|6656214|209675
1200000|1|6000|3|2|1|2|288000|832|6656214|248822
1200000|1|6000|3|2|0|0|288000|833|6664213|210330
1200000|1|6000|3|2|1|2|288000|833|6664213|248165
1200000|1|6000|3|2|0|0|288000|834|6672213|210822
1200000|1|6000|3|2|1|2|288000|834|6672213|247182
1200000|1|6000|3|2|0|0|288000|835|6680212|211642
1200000|1|6000|3|2|1|2|288000|835|6680212|247021
1200000|1|6000|3|2|0|0|288000|836|6688211|212954
1200000|1|6000|3|2|1|2|288000|836|6688211|247022
1200000|1|6000|3|2|0|0|288000|837|6696211|213445
1200000|1|6000|3|2|1|2|288000|837|6696211|247226
1200000|1|6000|3|2|0|0|288000|838|6704211|214141
1200000|1|6000|3|2|1|2|288000|838|6704211|247268
1200000|1|6000|3|2|0|0|288000|839|6712210|214349
1200000|1|6000|3|2|1|2|288000|839|6712210|248129
1200000|1|6000|3|2|0|0|288000|840|6720212|214635
1200000|1|6000|3|2|1|2|288000|840|6720212|249317
1200000|1|6000|3|2|0|0|288000|841|6728212|215127
1200000|1|6000|3|2|1|2|288000|841|6728212|249809
1200000|1|6000|3|2|0|0|288000|842|6736213|215988
1200000|1|6000|3|2|1|2|288000|842|6736213|250383
1200000|1|6000|3|2|0|0|288000|843|6744213|216643
1200000|1|6000|3|2|1|2|288000|843|6744213|250712
1200000|1|6000|3|2|0|0|288000|844|6752213|217504
1200000|1|6000|3|2|1|2|288000|844|6752213|250955
1200000|1|6000|3|2|0|0|288000|845|6760213|217833
1200000|1|6000|3|2|1|2|288000|845|6760213|251732
1200000|1|6000|3|2|0|0|288000|846|6768213|218364
1200000|1|6000|3|2|1|2|288000|846|6768213|252270
1200000|1|6000|3|2|0|0|288000|847|6776214|218365
1200000|1|6000|3|2|1|2|288000|847|6776214|252801
1200000|1|6000|3|2|0|0|288000|848|6784214|218529
1200000|1|6000|3|2|1|2|288000|848|6784214|252596
1200000|1|6000|3|2|0|0|288000|849|6792214|218612
1200000|1|6000|3|2|1|2|288000|849|6792214|253294
1200000|1|6000|3|2|0|0|288000|850|6800214|218571
1200000|1|6000|3|2|1|2|288000|850|6800214|253416
1200000|1|6000|3|2|0|0|288000|851|6808214|218325
1200000|1|6000|3|2|1|2|288000|851|6808214|254401
1200000|1|6000|3|2|0|0|288000|852|6816215|218693
1200000|1|6000|3|2|1|2|288000|852|6816215|254687
1200000|1|6000|3|2|0|0|288000|853|6824215|219717
1200000|1|6000|3|2|1|2|288000|853|6824215|255422
1200000|1|6000|3|2|0|0|288000|854|6832216|219880
1200000|1|6000|3|2|1|2|288000|854|6832216|255548
1200000|1|6000|3|2|0|0|288000|855|6840215|219922
1200000|1|6000|3|2|1|2|288000|855|6840215|256370
1200000|1|6000|3|2|0|0|288000|856|6848216|220249
1200000|1|6000|3|2|1|2|288000|856|6848216|255917
1200000|1|6000|3|2|0|0|288000|857|6856217|220904
1200000|1|6000|3|2|1|2|288000|857|6856217|256286
1200000|1|6000|3|2|0|0|288000|858|6864217|220621
1200000|1|6000|3|2|1|2|288000|858|6864217|256368
1200000|1|6000|3|2|0|0|288000|859|6872217|220620
1200000|1|6000|3|2|1|2|288000|859|6872217|256654
1200000|1|6000|3|2|0|0|288000|860|6880218|219965
1200000|1|6000|3|2|1|2|288000|860|6880218|256575
1200000|1|6000|3|2|0|0|288000|861|6888218|220130
1200000|1|6000|3|2|1|2|288000|861|6888218|257067
1200000|1|6000|3|2|0|0|288000|862|6896219|219474
1200000|1|6000|3|2|1|2|288000|862|6896219|256984
1200000|1|6000|3|2|0|0|288000|863|6904219|219470
1200000|1|6000|3|2|1|2|288000|863|6904219|257189
1200000|1|6000|3|2|0|0|288000|864|6912219|218777
1200000|1|6000|3|2|1|2|288000|864|6912219|257393
1200000|1|6000|3|2|0|0|288000|865|6920219|218203
1200000|1|6000|3|2|1|2|288000|865|6920219|257145
1200000|1|6000|3|2|0|0|288000|866|6928219|217339
1200000|1|6000|3|2|1|2|288000|866|6928219|257270
1200000|1|6000|3|2|0|0|288000|867|6936219|216027
1200000|1|6000|3|2|1|2|288000|867|6936219|256982
1200000|1|6000|3|2|0|0|288000|868|6944219|215618
1200000|1|6000|3|2|1|2|288000|868|6944219|257066
1200000|1|6000|3|2|0|0|288000|869|6952220|215415
1200000|1|6000|3|2|1|2|288000|869|6952220|256369
1200000|1|6000|3|2|0|0|288000|870|6960219|216028
1200000|1|6000|3|2|1|2|288000|870|6960219|256616
1200000|1|6000|3|2|0|0|288000|871|6968219|215537
1200000|1|6000|3|2|1|2|288000|871|6968219|256248
1200000|1|6000|3|2|0|0|288000|872|6976220|215456
1200000|1|6000|3|2|1|2|288000|872|6976220|256163
1200000|1|6000|3|2|0|0|288000|873|6984220|215003
1200000|1|6000|3|2|1|2|288000|873|6984220|256492
1200000|1|6000|3|2|0|0|288000|874|6992221|215577
1200000|1|6000|3|2|1|2|288000|874|6992221|255590
1200000|1|6000|3|2|0|0|288000|875|7000221|215288
1200000|1|6000|3|2|1|2|288000|875|7000221|255750
1200000|1|6000|3|2|0|0|288000|876|7008221|214839
1200000|1|6000|3|2|1|2|288000|876|7008221|255179
1200000|1|6000|3|2|0|0|288000|877|7016221|214471
1200000|1|6000|3|2|1|2|288000|877|7016221|255712
1200000|1|6000|3|2|0|0|288000|878|7024223|214062
1200000|1|6000|3|2|1|2|288000|878|7024223|256120
1200000|1|6000|3|2|0|0|288000|879|7032224|213730
1200000|1|6000|3|2|1|2|288000|879|7032224|256942
1200000|1|6000|3|2|0|0|288000|880|7040225|213159
1200000|1|6000|3|2|1|2|288000|880|7040225|258171
1200000|1|6000|3|2|0|0|288000|881|7048226|212748
1200000|1|6000|3|2|1|2|288000|881|7048226|258703
1200000|1|6000|3|2|0|0|288000|882|7056227|212340
1200000|1|6000|3|2|1|2|288000|882|7056227|260099
1200000|1|6000|3|2|0|0|288000|883|7064229|212791
1200000|1|6000|3|2|1|2|288000|883|7064229|260469
1200000|1|6000|3|2|0|0|288000|884|7072230|212996
1200000|1|6000|3|2|1|2|288000|884|7072230|261249
1200000|1|6000|3|2|0|0|288000|885|7080231|212996
1200000|1|6000|3|2|1|2|288000|885|7080231|260671
1200000|1|6000|3|2|0|0|288000|886|7088231|212912
1200000|1|6000|3|2|1|2|288000|886|7088231|260714
1200000|1|6000|3|2|0|0|288000|887|7096231|212791
1200000|1|6000|3|2|1|2|288000|887|7096231|260551
1200000|1|6000|3|2|0|0|288000|888|7104231|212708
1200000|1|6000|3|2|1|2|288000|888|7104231|261165
1200000|1|6000|3|2|0|0|288000|889|7112232|212667
1200000|1|6000|3|2|1|2|288000|889|7112232|261781
1200000|1|6000|3|2|0|0|288000|890|7120233|212871
1200000|1|6000|3|2|1|2|288000|890|7120233|262233
1200000|1|6000|3|2|0|0|288000|891|7128233|212586
1200000|1|6000|3|2|1|2|288000|891|7128233|262761
1200000|1|6000|3|2|0|0|288000|892|7136233|212872
1200000|1|6000|3|2|1|2|288000|892|7136233|262762
1200000|1|6000|3|2|0|0|288000|893|7144232|213117
1200000|1|6000|3|2|1|2|288000|893|7144232|262519
1200000|1|6000|3|2|0|0|288000|894|7152232|212954
1200000|1|6000|3|2|1|2|288000|894|7152232|261984
1200000|1|6000|3|2|0|0|288000|895|7160232|212748
1200000|1|6000|3|2|1|2|288000|895|7160232|261863
1200000|1|6000|3|2|0|0|288000|896|7168232|212710
1200000|1|6000|3|2|1|2|288000|896|7168232|261249
1200000|1|6000|3|2|0|0|288000|897|7176231|212709
1200000|1|6000|3|2|1|2|288000|897|7176231|260838
1200000|1|6000|3|2|0|0|288000|898|7184231|213037
1200000|1|6000|3|2|1|2|288000|898|7184231|260097
1200000|1|6000|3|2|0|0|288000|899|7192229|213323
1200000|1|6000|3|2|1|2|288000|899|7192229|260140
1200000|1|6000|3|2|0|0|288000|900|7200230|213078
1200000|1|6000|3|2|1|2|288000|900|7200230|259814
1200000|1|6000|3|2|0|0|288000|901|7208229|213237
1200000|1|6000|3|2|1|2|288000|901|7208229|260756
1200000|1|6000|3|2|0|0|288000|902|7216228|212994
1200000|1|6000|3|2|1|2|288000|902|7216228|260142
1200000|1|6000|3|2|0|0|288000|903|7224227|213035
1200000|1|6000|3|2|1|2|288000|903|7224227|260260
1200000|1|6000|3|2|0|0|288000|904|7232226|213241
1200000|1|6000|3|2|1|2|288000|904|7232226|259280
1200000|1|6000|3|2|0|0|288000|905|7240225|213324
1200000|1|6000|3|2|1|2|288000|905|7240225|259320
1200000|1|6000|3|2|0|0|288000|906|7248225|213035
1200000|1|6000|3|2|1|2|288000|906|7248225|258377
1200000|1|6000|3|2|0|0|288000|907|7256223|213242
1200000|1|6000|3|2|1|2|288000|907|7256223|258171
1200000|1|6000|3|2|0|0|288000|908|7264223|213404
1200000|1|6000|3|2|1|2|288000|908|7264223|257065
1200000|1|6000|3|2|0|0|288000|909|7272222|213281
1200000|1|6000|3|2|1|2|288000|909|7272222|256368
1200000|1|6000|3|2|0|0|288000|910|7280222|213036
1200000|1|6000|3|2|1|2|288000|910|7280222|255550
1200000|1|6000|3|2|0|0|288000|911|7288221|213199
1200000|1|6000|3|2|1|2|288000|911|7288221|254603
1200000|1|6000|3|2|0|0|288000|912|7296220|213077
1200000|1|6000|3|2|1|2|288000|912|7296220|253908
1200000|1|6000|3|2|0|0|288000|913|7304219|213319
1200000|1|6000|3|2|1|2|288000|913|7304219|252966
1200000|1|6000|3|2|0|0|288000|914|7312218|212872
1200000|1|6000|3|2|1|2|288000|914|7312218|252843
1200000|1|6000|3|2|0|0|288000|915|7320217|212339
1200000|1|6000|3|2|1|2|288000|915|7320217|252844
1200000|1|6000|3|2|0|0|288000|916|7328217|211969
1200000|1|6000|3|2|1|2|288000|916|7328217|251901
1200000|1|6000|3|2|0|0|288000|917|7336217|211765
1200000|1|6000|3|2|1|2|288000|917|7336217|251244
1200000|1|6000|3|2|0|0|288000|918|7344216|211394
1200000|1|6000|3|2|1|2|288000|918|7344216|250092
1200000|1|6000|3|2|0|0|288000|919|7352216|211765
1200000|1|6000|3|2|1|2|288000|919|7352216|249357
1200000|1|6000|3|2|0|0|288000|920|7360216|211394
1200000|1|6000|3|2|1|2|288000|920|7360216|248374
1200000|1|6000|3|2|0|0|288000|921|7368215|211356
1200000|1|6000|3|2|1|2|288000|921|7368215|247758
1200000|1|6000|3|2|0|0|288000|922|7376215|210943
1200000|1|6000|3|2|1|2|288000|922|7376215|247514
1200000|1|6000|3|2|0|0|288000|923|7384216|210453
1200000|1|6000|3|2|1|2|288000|923|7384216|247963
1200000|1|6000|3|2|0|0|288000|924|7392217|209999
1200000|1|6000|3|2|1|2|288000|924|7392217|248827
1200000|1|6000|3|2|0|0|288000|925|7400218|208691
1200000|1|6000|3|2|1|2|288000|925|7400218|248498
1200000|1|6000|3|2|0|0|288000|926|7408218|208485
1200000|1|6000|3|2|1|2|288000|926|7408218|249151
1200000|1|6000|3|2|0|0|288000|927|7416219|207662
1200000|1|6000|3|2|1|2|288000|927|7416219|248827
1200000|1|6000|3|2|0|0|288000|928|7424220|207295
1200000|1|6000|3|2|1|2|288000|928|7424220|249030
1200000|1|6000|3|2|0|0|288000|929|7432220|207214
1200000|1|6000|3|2|1|2|288000|929|7432220|248292
1200000|1|6000|3|2|0|0|288000|930|7440220|207420
1200000|1|6000|3|2|1|2|288000|930|7440220|247760
1200000|1|6000|3|2|0|0|288000|931|7448219|207870
1200000|1|6000|3|2|1|2|288000|931|7448219|247635
1200000|1|6000|3|2|0|0|288000|932|7456219|207951
1200000|1|6000|3|2|1|2|288000|932|7456219|247473
1200000|1|6000|3|2|0|0|288000|933|7464219|207870
1200000|1|6000|3|2|1|2|288000|933|7464219|247881
1200000|1|6000|3|2|0|0|288000|934|7472219|207995
1200000|1|6000|3|2|1|2|288000|934|7472219|247556
1200000|1|6000|3|2|0|0|288000|935|7480218|207789
1200000|1|6000|3|2|1|2|288000|935|7480218|248169
1200000|1|6000|3|2|0|0|288000|936|7488219|206885
1200000|1|6000|3|2|1|2|288000|936|7488219|247922
1200000|1|6000|3|2|0|0|288000|937|7496218|207009
1200000|1|6000|3|2|1|2|288000|937|7496218|249359
1200000|1|6000|3|2|0|0|288000|938|7504220|206391
1200000|1|6000|3|2|1|2|288000|938|7504220|248948
1200000|1|6000|3|2|0|0|288000|939|7512220|206353
1200000|1|6000|3|2|1|2|288000|939|7512220|248906
1200000|1|6000|3|2|0|0|288000|940|7520221|205861
1200000|1|6000|3|2|1|2|288000|940|7520221|248949
1200000|1|6000|3|2|0|0|288000|941|7528222|205862
1200000|1|6000|3|2|1|2|288000|941|7528222|249072
1200000|1|6000|3|2|0|0|288000|942|7536223|204959
1200000|1|6000|3|2|1|2|288000|942|7536223|249358
1200000|1|6000|3|2|0|0|288000|943|7544223|204794
1200000|1|6000|3|2|1|2|288000|943|7544223|249892
1200000|1|6000|3|2|0|0|288000|944|7552224|203851
1200000|1|6000|3|2|1|2|288000|944|7552224|249890
1200000|1|6000|3|2|0|0|288000|945|7560224|203114
1200000|1|6000|3|2|1|2|288000|945|7560224|250342
1200000|1|6000|3|2|0|0|288000|946|7568224|202701
1200000|1|6000|3|2|1|2|288000|946|7568224|250423
1200000|1|6000|3|2|0|0|288000|947|7576224|202376
1200000|1|6000|3|2|1|2|288000|947|7576224|250425
1200000|1|6000|3|2|0|0|288000|948|7584224|202377
1200000|1|6000|3|2|1|2|288000|948|7584224|250916
1200000|1|6000|3|2|0|0|288000|949|7592224|202172
1200000|1|6000|3|2|1|2|288000|949|7592224|250916
1200000|1|6000|3|2|0|0|288000|950|7600225|201922
1200000|1|6000|3|2|1|2|288000|950|7600225|251242
1200000|1|6000|3|2|0|0|288000|951|7608225|201801
1200000|1|6000|3|2|1|2|288000|951|7608225|251284
1200000|1|6000|3|2|0|0|288000|952|7616226|201676
1200000|1|6000|3|2|1|2|288000|952|7616226|250871
1200000|1|6000|3|2|0|0|288000|953|7624226|201189
1200000|1|6000|3|2|1|2|288000|953|7624226|250216
1200000|1|6000|3|2|0|0|288000|954|7632226|200737
1200000|1|6000|3|2|1|2|288000|954|7632226|249357
1200000|1|6000|3|2|0|0|288000|955|7640225|200327
1200000|1|6000|3|2|1|2|288000|955|7640225|249072
1200000|1|6000|3|2|0|0|288000|956|7648225|199671
1200000|1|6000|3|2|1|2|288000|956|7648225|248417
1200000|1|6000|3|2|0|0|288000|957|7656224|199180
1200000|1|6000|3|2|1|2|288000|957|7656224|248086
1200000|1|6000|3|2|0|0|288000|958|7664224|198521
1200000|1|6000|3|2|1|2|288000|958|7664224|247103
1200000|1|6000|3|2|0|0|288000|959|7672223|198071
1200000|1|6000|3|2|1|2|288000|959|7672223|247469
1200000|1|6000|3|2|0|0|288000|960|7680224|197701
1200000|1|6000|3|2|1|2|288000|960|7680224|246734
1200000|1|6000|3|2|0|0|288000|961|7688223|197414
1200000|1|6000|3|2|1|2|288000|961|7688223|247390
1200000|1|6000|3|2|0|0|288000|962|7696223|196473
1200000|1|6000|3|2|1|2|288000|962|7696223|247553
1200000|1|6000|3|2|0|0|288000|963|7704222|196022
1200000|1|6000|3|2|1|2|288000|963|7704222|247266
1200000|1|6000|3|2|0|0|288000|964|7712221|195037
1200000|1|6000|3|2|1|2|288000|964|7712221|246283
1200000|1|6000|3|2|0|0|288000|965|7720220|195199
1200000|1|6000|3|2|1|2|288000|965|7720220|246160
1200000|1|6000|3|2|0|0|288000|966|7728220|195119
1200000|1|6000|3|2|1|2|288000|966|7728220|245792
1200000|1|6000|3|2|0|0|288000|967|7736219|195077
1200000|1|6000|3|2|1|2|288000|967|7736219|246611
1200000|1|6000|3|2|0|0|288000|968|7744220|195652
1200000|1|6000|3|2|1|2|288000|968|7744220|246241
1200000|1|6000|3|2|0|0|288000|969|7752220|195364
1200000|1|6000|3|2|1|2|288000|969|7752220|245709
1200000|1|6000|3|2|0|0|288000|970|7760220|195529
1200000|1|6000|3|2|1|2|288000|970|7760220|245585
1200000|1|6000|3|2|0|0|288000|971|7768221|194995
1200000|1|6000|3|2|1|2|288000|971|7768221|245254
1200000|1|6000|3|2|0|0|288000|972|7776221|194013
1200000|1|6000|3|2|1|2|288000|972|7776221|245422
1200000|1|6000|3|2|0|0|288000|973|7784222|193397
1200000|1|6000|3|2|1|2|288000|973|7784222|245215
1200000|1|6000|3|2|0|0|288000|974|7792222|192822
1200000|1|6000|3|2|1|2|288000|974|7792222|246199
1200000|1|6000|3|2|0|0|288000|975|7800223|192251
1200000|1|6000|3|2|1|2|288000|975|7800223|247018
1200000|1|6000|3|2|0|0|288000|976|7808224|191305
1200000|1|6000|3|2|1|2|288000|976|7808224|248004
1200000|1|6000|3|2|0|0|288000|977|7816226|191101
1200000|1|6000|3|2|1|2|288000|977|7816226|248619
1200000|1|6000|3|2|0|0|288000|978|7824227|190607
1200000|1|6000|3|2|1|2|288000|978|7824227|248988
1200000|1|6000|3|2|0|0|288000|979|7832228|189872
1200000|1|6000|3|2|1|2|288000|979|7832228|249397
1200000|1|6000|3|2|0|0|288000|980|7840229|188560
1200000|1|6000|3|2|1|2|288000|980|7840229|249646
1200000|1|6000|3|2|0|0|288000|981|7848230|187327
1200000|1|6000|3|2|1|2|288000|981|7848230|250218
1200000|1|6000|3|2|0|0|288000|982|7856231|186631
1200000|1|6000|3|2|1|2|288000|982|7856231|249769
1200000|1|6000|3|2|0|0|288000|983|7864232|185934
1200000|1|6000|3|2|1|2|288000|983|7864232|249686
1200000|1|6000|3|2|0|0|288000|984|7872231|184909
1200000|1|6000|3|2|1|2|288000|984|7872231|249725
1200000|1|6000|3|2|0|0|288000|985|7880232|183515
1200000|1|6000|3|2|1|2|288000|985|7880232|249522
1200000|1|6000|3|2|0|0|288000|986|7888232|182288
1200000|1|6000|3|2|1|2|288000|986|7888232|249604
1200000|1|6000|3|2|0|0|288000|987|7896233|182282
1200000|1|6000|3|2|1|2|288000|987|7896233|249399
1200000|1|6000|3|2|0|0|288000|988|7904233|182163
1200000|1|6000|3|2|1|2|288000|988|7904233|249440
1200000|1|6000|3|2|0|0|288000|989|7912233|182574
1200000|1|6000|3|2|1|2|288000|989|7912233|248536
1200000|1|6000|3|2|0|0|288000|990|7920233|182532
1200000|1|6000|3|2|1|2|288000|990|7920233|247800
1200000|1|6000|3|2|0|0|288000|991|7928232|183433
1200000|1|6000|3|2|1|2|288000|991|7928232|246733
1200000|1|6000|3|2|0|0|288000|992|7936232|183311
1200000|1|6000|3|2|1|2|288000|992|7936232|246160
1200000|1|6000|3|2|0|0|288000|993|7944231|183514
1200000|1|6000|3|2|1|2|288000|993|7944231|245299
1200000|1|6000|3|2|0|0|288000|994|7952231|183471
1200000|1|6000|3|2|1|2|288000|994|7952231|244480
1200000|1|6000|3|2|0|0|288000|995|7960230|184169
1200000|1|6000|3|2|1|2|288000|995|7960230|243614
1200000|1|6000|3|2|0|0|288000|996|7968229|184788
1200000|1|6000|3|2|1|2|288000|996|7968229|242676
1200000|1|6000|3|2|0|0|288000|997|7976228|185398
1200000|1|6000|3|2|1|2|288000|997|7976228|242840
1200000|1|6000|3|2|0|0|288000|998|7984229|186181
1200000|1|6000|3|2|1|2|288000|998|7984229|243209
1200000|1|6000|3|2|0|0|288000|999|7992230|186960
1200000|1|6000|3|2|1|2|288000|999|7992230|242838
1200000|1|6000|3|2|0|0|288000|1000|8000230|187412
1200000|1|6000|3|2|1|2|288000|1000|8000230|242223
1200000|1|6000|3|2|0|0|288000|1001|8008230|187982
1200000|1|6000|3|2|1|2|288000|1001|8008230|242508
1200000|1|6000|3|2|0|0|288000|1002|8016230|187899
1200000|1|6000|3|2|1|2|288000|1002|8016230|242224
1200000|1|6000|3|2|0|0|288000|1003|8024230|188722
1200000|1|6000|3|2|1|2|288000|1003|8024230|242880
1200000|1|6000|3|2|0|0|288000|1004|8032231|189337
1200000|1|6000|3|2|1|2|288000|1004|8032231|241610
1200000|1|6000|3|2|0|0|288000|1005|8040230|190483
1200000|1|6000|3|2|1|2|288000|1005|8040230|241609
1200000|1|6000|3|2|0|0|288000|1006|8048231|191264
1200000|1|6000|3|2|1|2|288000|1006|8048231|241403
1200000|1|6000|3|2|0|0|288000|1007|8056230|192332
1200000|1|6000|3|2|1|2|288000|1007|8056230|241813
1200000|1|6000|3|2|0|0|288000|1008|8064231|193765
1200000|1|6000|3|2|1|2|288000|1008|8064231|242265
1200000|1|6000|3|2|0|0|288000|1009|8072231|195120
1200000|1|6000|3|2|1|2|288000|1009|8072231|242345
1200000|1|6000|3|2|0|0|288000|1010|8080231|196019
1200000|1|6000|3|2|1|2|288000|1010|8080231|242633
1200000|1|6000|3|2|0|0|288000|1011|8088231|196430
1200000|1|6000|3|2|1|2|288000|1011|8088231|242635
1200000|1|6000|3|2|0|0|288000|1012|8096232|197210
1200000|1|6000|3|2|1|2|288000|1012|8096232|242716
1200000|1|6000|3|2|0|0|288000|1013|8104231|198153
1200000|1|6000|3|2|1|2|288000|1013|8104231|242265
1200000|1|6000|3|2|0|0|288000|1014|8112232|199097
1200000|1|6000|3|2|1|2|288000|1014|8112232|242635
1200000|1|6000|3|2|0|0|288000|1015|8120232|199874
1200000|1|6000|3|2|1|2|288000|1015|8120232|243369
1200000|1|6000|3|2|0|0|288000|1016|8128233|200404
1200000|1|6000|3|2|1|2|288000|1016|8128233|244765
1200000|1|6000|3|2|0|0|288000|1017|8136235|200407
1200000|1|6000|3|2|1|2|288000|1017|8136235|246078
1200000|1|6000|3|2|0|0|288000|1018|8144236|200121
1200000|1|6000|3|2|1|2|288000|1018|8144236|247676
1200000|1|6000|3|2|0|0|288000|1019|8152238|199547
1200000|1|6000|3|2|1|2|288000|1019|8152238|247841
1200000|1|6000|3|2|0|0|288000|1020|8160239|199383
1200000|1|6000|3|2|1|2|288000|1020|8160239|248332
1200000|1|6000|3|2|0|0|288000|1021|8168239|198850
1200000|1|6000|3|2|1|2|288000|1021|8168239|248088
1200000|1|6000|3|2|0|0|288000|1022|8176238|198276
1200000|1|6000|3|2|1|2|288000|1022|8176238|247798
1200000|1|6000|3|2|0|0|288000|1023|8184237|197948
1200000|1|6000|3|2|1|2|288000|1023|8184237|247555
1200000|1|6000|3|2|0|0|288000|1024|8192237|197332
1200000|1|6000|3|2|1|2|288000|1024|8192237|246938
1200000|1|6000|3|2|0|0|288000|1025|8200236|197088
1200000|1|6000|3|2|1|2|288000|1025|8200236|246979
1200000|1|6000|3|2|0|0|288000|1026|8208235|197006
1200000|1|6000|3|2|1|2|288000|1026|8208235|246897
1200000|1|6000|3|2|0|0|288000|1027|8216235|197252
1200000|1|6000|3|2|1|2|288000|1027|8216235|247965
1200000|1|6000|3|2|0|0|288000|1028|8224235|197171
1200000|1|6000|3|2|1|2|288000|1028|8224235|247350
1200000|1|6000|3|2|0|0|288000|1029|8232235|197128
1200000|1|6000|3|2|1|2|288000|1029|8232235|247469
1200000|1|6000|3|2|0|0|288000|1030|8240236|196923
1200000|1|6000|3|2|1|2|288000|1030|8240236|246366
1200000|1|6000|3|2|0|0|288000|1031|8248236|196472
1200000|1|6000|3|2|1|2|288000|1031|8248236|246734
1200000|1|6000|3|2|0|0|288000|1032|8256236|195856
1200000|1|6000|3|2|1|2|288000|1032|8256236|246241
1200000|1|6000|3|2|0|0|288000|1033|8264236|195282
1200000|1|6000|3|2|1|2|288000|1033|8264236|246198
1200000|1|6000|3|2|0|0|288000|1034|8272236|195694
1200000|1|6000|3|2|1|2|288000|1034|8272236|246567
1200000|1|6000|3|2|0|0|288000|1035|8280237|195815
1200000|1|6000|3|2|1|2|288000|1035|8280237|247307
1200000|1|6000|3|2|0|0|288000|1036|8288237|196308
1200000|1|6000|3|2|1|2|288000|1036|8288237|247760
1200000|1|6000|3|2|0|0|288000|1037|8296238|196840
1200000|1|6000|3|2|1|2|288000|1037|8296238|248088
1200000|1|6000|3|2|0|0|288000|1038|8304239|197496
1200000|1|6000|3|2|1|2|288000|1038|8304239|249072
1200000|1|6000|3|2|0|0|288000|1039|8312240|197989
1200000|1|6000|3|2|1|2|288000|1039|8312240|249482
1200000|1|6000|3|2|0|0|288000|1040|8320241|198562
1200000|1|6000|3|2|1|2|288000|1040|8320241|250177
1200000|1|6000|3|2|0|0|288000|1041|8328243|198152
1200000|1|6000|3|2|1|2|288000|1041|8328243|250506
1200000|1|6000|3|2|0|0|288000|1042|8336244|198399
1200000|1|6000|3|2|1|2|288000|1042|8336244|250547
1200000|1|6000|3|2|0|0|288000|1043|8344244|198603
1200000|1|6000|3|2|1|2|288000|1043|8344244|250506
1200000|1|6000|3|2|0|0|288000|1044|8352245|198890
1200000|1|6000|3|2|1|2|288000|1044|8352245|251203
1200000|1|6000|3|2|0|0|288000|1045|8360246|199261
1200000|1|6000|3|2|1|2|288000|1045|8360246|251860
1200000|1|6000|3|2|0|0|288000|1046|8368248|199712
1200000|1|6000|3|2|1|2|288000|1046|8368248|252227
1200000|1|6000|3|2|0|0|288000|1047|8376248|200449
1200000|1|6000|3|2|1|2|288000|1047|8376248|252597
1200000|1|6000|3|2|0|0|288000|1048|8384250|201393
1200000|1|6000|3|2|1|2|288000|1048|8384250|253498
1200000|1|6000|3|2|0|0|288000|1049|8392252|201721
1200000|1|6000|3|2|1|2|288000|1049|8392252|253417
1200000|1|6000|3|2|0|0|288000|1050|8400252|202005
1200000|1|6000|3|2|1|2|288000|1050|8400252|253376
1200000|1|6000|3|2|0|0|288000|1051|8408252|202089
1200000|1|6000|3|2|1|2|288000|1051|8408252|253868
1200000|1|6000|3|2|0|0|288000|1052|8416252|202706
1200000|1|6000|3|2|1|2|288000|1052|8416252|254197
1200000|1|6000|3|2|0|0|288000|1053|8424253|203072
1200000|1|6000|3|2|1|2|288000|1053|8424253|254607
1200000|1|6000|3|2|0|0|288000|1054|8432253|203113
1200000|1|6000|3|2|1|2|288000|1054|8432253|255018
1200000|1|6000|3|2|0|0|288000|1055|8440254|203030
1200000|1|6000|3|2|1|2|288000|1055|8440254|256080
1200000|1|6000|3|2|0|0|288000|1056|8448255|203521
1200000|1|6000|3|2|1|2|288000|1056|8448255|256368
1200000|1|6000|3|2|0|0|288000|1057|8456255|203852
1200000|1|6000|3|2|1|2|288000|1057|8456255|257640
1200000|1|6000|3|2|0|0|288000|1058|8464256|204468
1200000|1|6000|3|2|1|2|288000|1058|8464256|257267
1200000|1|6000|3|2|0|0|288000|1059|8472256|204672
1200000|1|6000|3|2|1|2|288000|1059|8472256|258255
1200000|1|6000|3|2|0|0|288000|1060|8480257|204959
1200000|1|6000|3|2|1|2|288000|1060|8480257|258255
1200000|1|6000|3|2|0|0|288000|1061|8488257|205575
1200000|1|6000|3|2|1|2|288000|1061|8488257|259117
1200000|1|6000|3|2|0|0|288000|1062|8496257|205778
1200000|1|6000|3|2|1|2|288000|1062|8496257|259524
1200000|1|6000|3|2|0|0|288000|1063|8504258|206148
1200000|1|6000|3|2|1|2|288000|1063|8504258|260261
1200000|1|6000|3|2|0|0|288000|1064|8512258|206432
1200000|1|6000|3|2|1|2|288000|1064|8512258|260264
1200000|1|6000|3|2|0|0|288000|1065|8520257|207213
1200000|1|6000|3|2|1|2|288000|1065|8520257|261288
1200000|1|6000|3|2|0|0|288000|1066|8528258|207297
1200000|1|6000|3|2|1|2|288000|1066|8528258|261655
1200000|1|6000|3|2|0|0|288000|1067|8536258|207829
1200000|1|6000|3|2|1|2|288000|1067|8536258|261864
1200000|1|6000|3|2|0|0|288000|1068|8544257|207911
1200000|1|6000|3|2|1|2|288000|1068|8544257|261904
1200000|1|6000|3|2|0|0|288000|1069|8552257|207951
1200000|1|6000|3|2|1|2|288000|1069|8552257|262026
1200000|1|6000|3|2|0|0|288000|1070|8560257|207868
1200000|1|6000|3|2|1|2|288000|1070|8560257|262723
1200000|1|6000|3|2|0|0|288000|1071|8568258|207379
1200000|1|6000|3|2|1|2|288000|1071|8568258|263174
1200000|1|6000|3|2|0|0|288000|1072|8576258|206640
1200000|1|6000|3|2|1|2|288000|1072|8576258|263911
1200000|1|6000|3|2|0|0|288000|1073|8584259|205899
1200000|1|6000|3|2|1|2|288000|1073|8584259|263950
1200000|1|6000|3|2|0|0|288000|1074|8592258|205696
1200000|1|6000|3|2|1|2|288000|1074|8592258|264693
1200000|1|6000|3|2|0|0|288000|1075|8600259|204834
1200000|1|6000|3|2|1|2|288000|1075|8600259|264733
1200000|1|6000|3|2|0|0|288000|1076|8608259|204671
1200000|1|6000|3|2|1|2|288000|1076|8608259|265839
1200000|1|6000|3|2|0|0|288000|1077|8616259|204753
1200000|1|6000|3|2|1|2|288000|1077|8616259|266906
1200000|1|6000|3|2|0|0|288000|1078|8624260|205365
1200000|1|6000|3|2|1|2|288000|1078|8624260|267519
1200000|1|6000|3|2|0|0|288000|1079|8632261|204753
1200000|1|6000|3|2|1|2|288000|1079|8632261|267931
1200000|1|6000|3|2|0|0|288000|1080|8640260|204713
1200000|1|6000|3|2|1|2|288000|1080|8640260|267810
1200000|1|6000|3|2|0|0|288000|1081|8648259|204422
1200000|1|6000|3|2|1|2|288000|1081|8648259|268419
1200000|1|6000|3|2|0|0|288000|1082|8656259|204139
1200000|1|6000|3|2|1|2|288000|1082|8656259|268137
1200000|1|6000|3|2|0|0|288000|1083|8664258|204264
1200000|1|6000|3|2|1|2|288000|1083|8664258|268301
1200000|1|6000|3|2|0|0|288000|1084|8672259|204344
1200000|1|6000|3|2|1|2|288000|1084|8672259|267888
1200000|1|6000|3|2|0|0|288000|1085|8680258|204959
1200000|1|6000|3|2|1|2|288000|1085|8680258|267973
1200000|1|6000|3|2|0|0|288000|1086|8688258|205698
1200000|1|6000|3|2|1|2|288000|1086|8688258|268341
1200000|1|6000|3|2|0|0|288000|1087|8696257|207010
1200000|1|6000|3|2|1|2|288000|1087|8696257|269326
1200000|1|6000|3|2|0|0|288000|1088|8704259|207707
1200000|1|6000|3|2|1|2|288000|1088|8704259|269572
1200000|1|6000|3|2|0|0|288000|1089|8712259|208239
1200000|1|6000|3|2|1|2|288000|1089|8712259|269815
1200000|1|6000|3|2|0|0|288000|1090|8720259|208648
1200000|1|6000|3|2|1|2|288000|1090|8720259|269817
1200000|1|6000|3|2|0|0|288000|1091|8728259|209345
1200000|1|6000|3|2|1|2|288000|1091|8728259|269448
1200000|1|6000|3|2|0|0|288000|1092|8736259|209674
1200000|1|6000|3|2|1|2|288000|1092|8736259|269449
1200000|1|6000|3|2|0|0|288000|1093|8744259|209552
1200000|1|6000|3|2|1|2|288000|1093|8744259|268914
1200000|1|6000|3|2|0|0|288000|1094|8752258|210454
1200000|1|6000|3|2|1|2|288000|1094|8752258|268545
1200000|1|6000|3|2|0|0|288000|1095|8760257|211314
1200000|1|6000|3|2|1|2|288000|1095|8760257|268341
1200000|1|6000|3|2|0|0|288000|1096|8768257|212051
1200000|1|6000|3|2|1|2|288000|1096|8768257|267686
1200000|1|6000|3|2|0|0|288000|1097|8776257|212790
1200000|1|6000|3|2|1|2|288000|1097|8776257|267274
1200000|1|6000|3|2|0|0|288000|1098|8784257|213569
1200000|1|6000|3|2|1|2|288000|1098|8784257|266539
1200000|1|6000|3|2|0|0|288000|1099|8792256|214304
1200000|1|6000|3|2|1|2|288000|1099|8792256|265963
1200000|1|6000|3|2|0|0|288000|1100|8800256|214390
1200000|1|6000|3|2|1|2|288000|1100|8800256|265549
1200000|1|6000|3|2|0|0|288000|1101|8808256|213651
1200000|1|6000|3|2|1|2|288000|1101|8808256|265102
1200000|1|6000|3|2|0|0|288000|1102|8816256|212871
1200000|1|6000|3|2|1|2|288000|1102|8816256|264894
1200000|1|6000|3|2|0|0|288000|1103|8824256|212133
1200000|1|6000|3|2|1|2|288000|1103|8824256|265101
1200000|1|6000|3|2|0|0|288000|1104|8832257|211723
1200000|1|6000|3|2|1|2|288000|1104|8832257|264486
1200000|1|6000|3|2|0|0|288000|1105|8840257|211150
1200000|1|6000|3|2|1|2|288000|1105|8840257|263955
1200000|1|6000|3|2|0|0|288000|1106|8848257|210982
1200000|1|6000|3|2|1|2|288000|1106|8848257|263298
1200000|1|6000|3|2|0|0|288000|1107|8856257|211354
1200000|1|6000|3|2|1|2|288000|1107|8856257|261862
1200000|1|6000|3|2|0|0|288000|1108|8864257|211149
1200000|1|6000|3|2|1|2|288000|1108|8864257|261572
1200000|1|6000|3|2|0|0|288000|1109|8872257|210412
1200000|1|6000|3|2|1|2|288000|1109|8872257|260633
1200000|1|6000|3|2|0|0|288000|1110|8880257|209592
1200000|1|6000|3|2|1|2|288000|1110|8880257|260017
1200000|1|6000|3|2|0|0|288000|1111|8888257|208731
1200000|1|6000|3|2|1|2|288000|1111|8888257|260387
1200000|1|6000|3|2|0|0|288000|1112|8896258|207911
1200000|1|6000|3|2|1|2|288000|1112|8896258|260307
1200000|1|6000|3|2|0|0|288000|1113|8904259|207047
1200000|1|6000|3|2|1|2|288000|1113|8904259|260838
1200000|1|6000|3|2|0|0|288000|1114|8912259|205655
1200000|1|6000|3|2|1|2|288000|1114|8912259|260632
1200000|1|6000|3|2|0|0|288000|1115|8920259|205124
1200000|1|6000|3|2|1|2|288000|1115|8920259|260918
1200000|1|6000|3|2|0|0|288000|1116|8928260|203728
1200000|1|6000|3|2|1|2|288000|1116|8928260|260466
1200000|1|6000|3|2|0|0|288000|1117|8936260|203155
1200000|1|6000|3|2|1|2|288000|1117|8936260|261248
1200000|1|6000|3|2|0|0|288000|1118|8944261|201883
1200000|1|6000|3|2|1|2|288000|1118|8944261|261002
1200000|1|6000|3|2|0|0|288000|1119|8952263|200778
1200000|1|6000|3|2|1|2|288000|1119|8952263|261288
1200000|1|6000|3|2|0|0|288000|1120|8960264|200038
1200000|1|6000|3|2|1|2|288000|1120|8960264|262353
1200000|1|6000|3|2|0|0|288000|1121|8968266|199179
1200000|1|6000|3|2|1|2|288000|1121|8968266|262763
1200000|1|6000|3|2|0|0|288000|1122|8976268|198727
1200000|1|6000|3|2|1|2|288000|1122|8976268|263789
1200000|1|6000|3|2|0|0|288000|1123|8984269|198809
1200000|1|6000|3|2|1|2|288000|1123|8984269|264240
1200000|1|6000|3|2|0|0|288000|1124|8992270|198440
1200000|1|6000|3|2|1|2|288000|1124|8992270|264981
1200000|1|6000|3|2|0|0|288000|1125|9000272|198068
1200000|1|6000|3|2|1|2|288000|1125|9000272|266126
1200000|1|6000|3|2|0|0|288000|1126|9008273|197534
1200000|1|6000|3|2|1|2|288000|1126|9008273|266944
1200000|1|6000|3|2|0|0|288000|1127|9016275|197210
1200000|1|6000|3|2|1|2|288000|1127|9016275|267603
1200000|1|6000|3|2|0|0|288000|1128|9024277|196718
1200000|1|6000|3|2|1|2|288000|1128|9024277|268711
1200000|1|6000|3|2|0|0|288000|1129|9032278|196269
1200000|1|6000|3|2|1|2|288000|1129|9032278|268913
1200000|1|6000|3|2|0|0|288000|1130|9040279|194992
1200000|1|6000|3|2|1|2|288000|1130|9040279|269734
1200000|1|6000|3|2|0|0|288000|1131|9048281|194340
1200000|1|6000|3|2|1|2|288000|1131|9048281|269735
1200000|1|6000|3|2|0|0|288000|1132|9056281|193724
1200000|1|6000|3|2|1|2|288000|1132|9056281|270637
1200000|1|6000|3|2|0|0|288000|1133|9064283|193274
1200000|1|6000|3|2|1|2|288000|1133|9064283|271660
1200000|1|6000|3|2|0|0|288000|1134|9072286|192617
1200000|1|6000|3|2|1|2|288000|1134|9072286|272032
1200000|1|6000|3|2|0|0|288000|1135|9080287|191962
1200000|1|6000|3|2|1|2|288000|1135|9080287|273466
1200000|1|6000|3|2|0|0|288000|1136|9088289|191142
1200000|1|6000|3|2|1|2|288000|1136|9088289|273998
1200000|1|6000|3|2|0|0|288000|1137|9096291|190774
1200000|1|6000|3|2|1|2|288000|1137|9096291|275105
1200000|1|6000|3|2|0|0|288000|1138|9104293|190854
1200000|1|6000|3|2|1|2|288000|1138|9104293|276131
1200000|1|6000|3|2|0|0|288000|1139|9112295|190650
1200000|1|6000|3|2|1|2|288000|1139|9112295|276295
1200000|1|6000|3|2|0|0|288000|1140|9120296|191221
1200000|1|6000|3|2|1|2|288000|1140|9120296|276172
1200000|1|6000|3|2|0|0|288000|1141|9128296|191143
1200000|1|6000|3|2|1|2|288000|1141|9128296|275764
1200000|1|6000|3|2|0|0|288000|1142|9136296|191265
1200000|1|6000|3|2|1|2|288000|1142|9136296|276498
1200000|1|6000|3|2|0|0|288000|1143|9144297|191469
1200000|1|6000|3|2|1|2|288000|1143|9144297|276743
1200000|1|6000|3|2|0|0|288000|1144|9152298|191182
1200000|1|6000|3|2|1|2|288000|1144|9152298|276906
1200000|1|6000|3|2|0|0|288000|1145|9160298|191267
1200000|1|6000|3|2|1|2|288000|1145|9160298|277033
1200000|1|6000|3|2|0|0|288000|1146|9168299|190977
1200000|1|6000|3|2|1|2|288000|1146|9168299|277402
1200000|1|6000|3|2|0|0|288000|1147|9176300|190979
1200000|1|6000|3|2|1|2|288000|1147|9176300|277854
1200000|1|6000|3|2|0|0|288000|1148|9184301|190323
1200000|1|6000|3|2|1|2|288000|1148|9184301|278139
1200000|1|6000|3|2|0|0|288000|1149|9192302|190036
1200000|1|6000|3|2|1|2|288000|1149|9192302|278510
1200000|1|6000|3|2|0|0|288000|1150|9200302|189296
1200000|1|6000|3|2|1|2|288000|1150|9200302|278057
1200000|1|6000|3|2|0|0|288000|1151|9208303|188969
1200000|1|6000|3|2|1|2|288000|1151|9208303|278057
1200000|1|6000|3|2|0|0|288000|1152|9216304|188394
1200000|1|6000|3|2|1|2|288000|1152|9216304|278056
1200000|1|6000|3|2|0|0|288000|1153|9224305|188804
1200000|1|6000|3|2|1|2|288000|1153|9224305|278221
1200000|1|6000|3|2|0|0|288000|1154|9232305|189009
1200000|1|6000|3|2|1|2|288000|1154|9232305|277891
1200000|1|6000|3|2|0|0|288000|1155|9240306|189006
1200000|1|6000|3|2|1|2|288000|1155|9240306|278260
1200000|1|6000|3|2|0|0|288000|1156|9248306|189006
1200000|1|6000|3|2|1|2|288000|1156|9248306|278509
1200000|1|6000|3|2|0|0|288000|1157|9256307|189093
1200000|1|6000|3|2|1|2|288000|1157|9256307|278385
1200000|1|6000|3|2|0|0|288000|1158|9264307|189297
1200000|1|6000|3|2|1|2|288000|1158|9264307|278547
1200000|1|6000|3|2|0|0|288000|1159|9272308|189011
1200000|1|6000|3|2|1|2|288000|1159|9272308|278465
1200000|1|6000|3|2|0|0|288000|1160|9280309|189504
1200000|1|6000|3|2|1|2|288000|1160|9280309|278837
1200000|1|6000|3|2|0|0|288000|1161|9288309|189911
1200000|1|6000|3|2|1|2|288000|1161|9288309|278673
1200000|1|6000|3|2|0|0|288000|1162|9296310|190853
1200000|1|6000|3|2|1|2|288000|1162|9296310|279289
1200000|1|6000|3|2|0|0|288000|1163|9304311|191469
1200000|1|6000|3|2|1|2|288000|1163|9304311|279288
1200000|1|6000|3|2|0|0|288000|1164|9312312|192207
1200000|1|6000|3|2|1|2|288000|1164|9312312|280642
1200000|1|6000|3|2|0|0|288000|1165|9320314|192658
1200000|1|6000|3|2|1|2|288000|1165|9320314|281215
1200000|1|6000|3|2|0|0|288000|1166|9328316|192986
1200000|1|6000|3|2|1|2|288000|1166|9328316|282608
1200000|1|6000|3|2|0|0|288000|1167|9336318|193316
1200000|1|6000|3|2|1|2|288000|1167|9336318|283675
1200000|1|6000|3|2|0|0|288000|1168|9344320|192863
1200000|1|6000|3|2|1|2|288000|1168|9344320|284700
1200000|1|6000|3|2|0|0|288000|1169|9352322|193971
1200000|1|6000|3|2|1|2|288000|1169|9352322|285520
1200000|1|6000|3|2|0|0|288000|1170|9360324|194258
1200000|1|6000|3|2|1|2|288000|1170|9360324|286175
1200000|1|6000|3|2|0|0|288000|1171|9368325|195325
1200000|1|6000|3|2|1|2|288000|1171|9368325|287528
1200000|1|6000|3|2|0|0|288000|1172|9376326|195774
1200000|1|6000|3|2|1|2|288000|1172|9376326|288512
1200000|1|6000|3|2|0|0|288000|1173|9384327|197005
1200000|1|6000|3|2|1|2|288000|1173|9384327|289456
1200000|1|6000|3|2|0|0|288000|1174|9392329|197496
1200000|1|6000|3|2|1|2|288000|1174|9392329|290277
1200000|1|6000|3|2|0|0|288000|1175|9400330|197619
1200000|1|6000|3|2|1|2|288000|1175|9400330|291545
1200000|1|6000|3|2|0|0|288000|1176|9408331|196800
1200000|1|6000|3|2|1|2|288000|1176|9408331|292079
1200000|1|6000|3|2|0|0|288000|1177|9416333|195857
1200000|1|6000|3|2|1|2|288000|1177|9416333|292326
1200000|1|6000|3|2|0|0|288000|1178|9424333|195200
1200000|1|6000|3|2|1|2|288000|1178|9424333|292199
1200000|1|6000|3|2|0|0|288000|1179|9432333|194668
1200000|1|6000|3|2|1|2|288000|1179|9432333|292613
1200000|1|6000|3|2|0|0|288000|1180|9440334|194218
1200000|1|6000|3|2|1|2|288000|1180|9440334|293188
1200000|1|6000|3|2|0|0|288000|1181|9448335|193682
1200000|1|6000|3|2|1|2|288000|1181|9448335|293884
1200000|1|6000|3|2|0|0|288000|1182|9456335|194049
1200000|1|6000|3|2|1|2|288000|1182|9456335|293965
1200000|1|6000|3|2|0|0|288000|1183|9464336|194708
1200000|1|6000|3|2|1|2|288000|1183|9464336|294583
1200000|1|6000|3|2|0|0|288000|1184|9472336|195324
1200000|1|6000|3|2|1|2|288000|1184|9472336|295154
1200000|1|6000|3|2|0|0|288000|1185|9480337|195775
1200000|1|6000|3|2|1|2|288000|1185|9480337|296221
1200000|1|6000|3|2|0|0|288000|1186|9488338|196021
1200000|1|6000|3|2|1|2|288000|1186|9488338|297246
1200000|1|6000|3|2|0|0|288000|1187|9496338|195979
1200000|1|6000|3|2|1|2|288000|1187|9496338|298231
1200000|1|6000|3|2|0|0|288000|1188|9504339|196391
1200000|1|6000|3|2|1|2|288000|1188|9504339|299133
1200000|1|6000|3|2|0|0|288000|1189|9512340|196348
1200000|1|6000|3|2|1|2|288000|1189|9512340|299501
1200000|1|6000|3|2|0|0|288000|1190|9520340|196797
1200000|1|6000|3|2|1|2|288000|1190|9520340|300811
1200000|1|6000|3|2|0|0|288000|1191|9528341|196513
1200000|1|6000|3|2|1|2|288000|1191|9528341|300812
1200000|1|6000|3|2|0|0|288000|1192|9536341|197415
1200000|1|6000|3|2|1|2|288000|1192|9536341|301879
1200000|1|6000|3|2|0|0|288000|1193|9544342|197620
1200000|1|6000|3|2|1|2|288000|1193|9544342|301222
1200000|1|6000|3|2|0|0|288000|1194|9552341|197907
1200000|1|6000|3|2|1|2|288000|1194|9552341|301634
1200000|1|6000|3|2|0|0|288000|1195|9560342|197990
1200000|1|6000|3|2|1|2|288000|1195|9560342|301716
1200000|1|6000|3|2|0|0|288000|1196|9568343|198440
1200000|1|6000|3|2|1|2|288000|1196|9568343|301999
1200000|1|6000|3|2|0|0|288000|1197|9576343|199133
1200000|1|6000|3|2|1|2|288000|1197|9576343|301921
1200000|1|6000|3|2|0|0|288000|1198|9584344|199708
1200000|1|6000|3|2|1|2|288000|1198|9584344|302452
1200000|1|6000|3|2|0|0|288000|1199|9592344|199178
1200000|1|6000|3|2|1|2|288000|1199|9592344|301920
1200000|1|6000|3|2|0|0|288000|1200|9600343|199014
1200000|1|6000|3|2|1|2|288000|1200|9600343|301670
1200000|1|6000|3|2|0|0|288000|1201|9608342|198441
1200000|1|6000|3|2|1|2|288000|1201|9608342|301714
1200000|1|6000|3|2|0|0|288000|1202|9616342|198110
1200000|1|6000|3|2|1|2|288000|1202|9616342|301835
1200000|1|6000|3|2|0|0|288000|1203|9624342|198072
1200000|1|6000|3|2|1|2|288000|1203|9624342|301880
1200000|1|6000|3|2|0|0|288000|1204|9632342|197621
1200000|1|6000|3|2|1|2|288000|1204|9632342|301345
1200000|1|6000|3|2|0|0|288000|1205|9640341|197825
1200000|1|6000|3|2|1|2|288000|1205|9640341|301632
1200000|1|6000|3|2|0|0|288000|1206|9648341|198235
1200000|1|6000|3|2|1|2|288000|1206|9648341|301018
1200000|1|6000|3|2|0|0|288000|1207|9656341|198277
1200000|1|6000|3|2|1|2|288000|1207|9656341|302084
1200000|1|6000|3|2|0|0|288000|1208|9664342|198604
1200000|1|6000|3|2|1|2|288000|1208|9664342|301509
1200000|1|6000|3|2|0|0|288000|1209|9672343|198686
1200000|1|6000|3|2|1|2|288000|1209|9672343|302166
1200000|1|6000|3|2|0|0|288000|1210|9680343|198518
1200000|1|6000|3|2|1|2|288000|1210|9680343|301878
1200000|1|6000|3|2|0|0|288000|1211|9688343|198933
1200000|1|6000|3|2|1|2|288000|1211|9688343|302204
1200000|1|6000|3|2|0|0|288000|1212|9696343|199178
1200000|1|6000|3|2|1|2|288000|1212|9696343|302001
1200000|1|6000|3|2|0|0|288000|1213|9704343|198933
1200000|1|6000|3|2|1|2|288000|1213|9704343|302290
1200000|1|6000|3|2|0|0|288000|1214|9712343|198396
1200000|1|6000|3|2|1|2|288000|1214|9712343|302985
1200000|1|6000|3|2|0|0|288000|1215|9720345|197415
1200000|1|6000|3|2|1|2|288000|1215|9720345|302903
1200000|1|6000|3|2|0|0|288000|1216|9728344|197209
1200000|1|6000|3|2|1|2|288000|1216|9728344|303024
1200000|1|6000|3|2|0|0|288000|1217|9736345|196389
1200000|1|6000|3|2|1|2|288000|1217|9736345|302412
1200000|1|6000|3|2|0|0|288000|1218|9744344|196349
1200000|1|6000|3|2|1|2|288000|1218|9744344|302655
1200000|1|6000|3|2|0|0|288000|1219|9752345|195858
1200000|1|6000|3|2|1|2|288000|1219|9752345|302041
1200000|1|6000|3|2|0|0|288000|1220|9760345|195613
1200000|1|6000|3|2|1|2|288000|1220|9760345|301919
1200000|1|6000|3|2|0|0|288000|1221|9768345|195689
1200000|1|6000|3|2|1|2|288000|1221|9768345|301591
1200000|1|6000|3|2|0|0|288000|1222|9776345|195244
1200000|1|6000|3|2|1|2|288000|1222|9776345|301469
1200000|1|6000|3|2|0|0|288000|1223|9784345|194915
1200000|1|6000|3|2|1|2|288000|1223|9784345|300976
1200000|1|6000|3|2|0|0|288000|1224|9792345|194217
1200000|1|6000|3|2|1|2|288000|1224|9792345|301139
1200000|1|6000|3|2|0|0|288000|1225|9800345|193765
1200000|1|6000|3|2|1|2|288000|1225|9800345|301305
1200000|1|6000|3|2|0|0|288000|1226|9808345|192742
1200000|1|6000|3|2|1|2|288000|1226|9808345|300977
1200000|1|6000|3|2|0|0|288000|1227|9816346|192948
1200000|1|6000|3|2|1|2|288000|1227|9816346|301138
1200000|1|6000|3|2|0|0|288000|1228|9824346|191715
1200000|1|6000|3|2|1|2|288000|1228|9824346|300481
1200000|1|6000|3|2|0|0|288000|1229|9832346|191266
1200000|1|6000|3|2|1|2|288000|1229|9832346|300732
1200000|1|6000|3|2|0|0|288000|1230|9840346|190975
1200000|1|6000|3|2|1|2|288000|1230|9840346|300976
1200000|1|6000|3|2|0|0|288000|1231|9848347|190280
1200000|1|6000|3|2|1|2|288000|1231|9848347|301757
1200000|1|6000|3|2|0|0|288000|1232|9856347|190199
1200000|1|6000|3|2|1|2|288000|1232|9856347|302331
1200000|1|6000|3|2|0|0|288000|1233|9864348|189748
1200000|1|6000|3|2|1|2|288000|1233|9864348|303437
1200000|1|6000|3|2|0|0|288000|1234|9872348|189498
1200000|1|6000|3|2|1|2|288000|1234|9872348|304213
1200000|1|6000|3|2|0|0|288000|1235|9880349|190035
1200000|1|6000|3|2|1|2|288000|1235|9880349|304664
1200000|1|6000|3|2|0|0|288000|1236|9888349|190895
1200000|1|6000|3|2|1|2|288000|1236|9888349|304459
1200000|1|6000|3|2|0|0|288000|1237|9896349|191348
1200000|1|6000|3|2|1|2|288000|1237|9896349|304995
1200000|1|6000|3|2|0|0|288000|1238|9904349|192083
1200000|1|6000|3|2|1|2|288000|1238|9904349|304422
1200000|1|6000|3|2|0|0|288000|1239|9912350|192454
1200000|1|6000|3|2|1|2|288000|1239|9912350|304131
1200000|1|6000|3|2|0|0|288000|1240|9920350|193069
1200000|1|6000|3|2|1|2|288000|1240|9920350|304625
1200000|1|6000|3|2|0|0|288000|1241|9928351|193888
1200000|1|6000|3|2|1|2|288000|1241|9928351|304627
1200000|1|6000|3|2|0|0|288000|1242|9936352|193478
1200000|1|6000|3|2|1|2|288000|1242|9936352|304625
1200000|1|6000|3|2|0|0|288000|1243|9944352|193150
1200000|1|6000|3|2|1|2|288000|1243|9944352|304745
1200000|1|6000|3|2|0|0|288000|1244|9952353|192496
1200000|1|6000|3|2|1|2|288000|1244|9952353|304995
1200000|1|6000|3|2|0|0|288000|1245|9960353|193109
1200000|1|6000|3|2|1|2|288000|1245|9960353|305773
1200000|1|6000|3|2|0|0|288000|1246|9968354|193030
1200000|1|6000|3|2|1|2|288000|1246|9968354|306141
1200000|1|6000|3|2|0|0|288000|1247|9976354|193561
1200000|1|6000|3|2|1|2|288000|1247|9976354|306058
1200000|1|6000|3|2|0|0|288000|1248|9984354|193683
1200000|1|6000|3|2|1|2|288000|1248|9984354|306267
1200000|1|6000|3|2|0|0|288000|1249|9992355|194299
1200000|1|6000|3|2|1|2|288000|1249|9992355|306348
1200000|1|6000|3|2|0|0|288000|1250|10000356|193683
1200000|1|6000|3|2|1|2|288000|1250|10000356|306716
1200000|1|6000|3|2|0|0|288000|1251|10008356|194053
1200000|1|6000|3|2|1|2|288000|1251|10008356|306513
1200000|1|6000|3|2|0|0|288000|1252|10016357|192864
1200000|1|6000|3|2|1|2|288000|1252|10016357|305936
1200000|1|6000|3|2|0|0|288000|1253|10024356|192619
1200000|1|6000|3|2|1|2|288000|1253|10024356|304872
1200000|1|6000|3|2|0|0|288000|1254|10032355|191469
1200000|1|6000|3|2|1|2|288000|1254|10032355|304216
1200000|1|6000|3|2|0|0|288000|1255|10040355|190978
1200000|1|6000|3|2|1|2|288000|1255|10040355|304256
1200000|1|6000|3|2|0|0|288000|1256|10048354|190281
1200000|1|6000|3|2|1|2|288000|1256|10048354|303807
1200000|1|6000|3|2|0|0|288000|1257|10056355|190446
1200000|1|6000|3|2|1|2|288000|1257|10056355|303149
1200000|1|6000|3|2|0|0|288000|1258|10064354|190729
1200000|1|6000|3|2|1|2|288000|1258|10064354|302576
1200000|1|6000|3|2|0|0|288000|1259|10072354|190566
1200000|1|6000|3|2|1|2|288000|1259|10072354|301633
1200000|1|6000|3|2|0|0|288000|1260|10080353|190322
1200000|1|6000|3|2|1|2|288000|1260|10080353|302042
1200000|1|6000|3|2|0|0|288000|1261|10088354|190238
1200000|1|6000|3|2|1|2|288000|1261|10088354|301466
1200000|1|6000|3|2|0|0|288000|1262|10096353|190445
1200000|1|6000|3|2|1|2|288000|1262|10096353|301306
1200000|1|6000|3|2|0|0|288000|1263|10104352|190319
1200000|1|6000|3|2|1|2|288000|1263|10104352|300280
1200000|1|6000|3|2|0|0|288000|1264|10112351|190564
1200000|1|6000|3|2|1|2|288000|1264|10112351|300361
1200000|1|6000|3|2|0|0|288000|1265|10120351|189583
1200000|1|6000|3|2|1|2|288000|1265|10120351|299498
1200000|1|6000|3|2|0|0|288000|1266|10128351|189990
1200000|1|6000|3|2|1|2|288000|1266|10128351|299789
1200000|1|6000|3|2|0|0|288000|1267|10136351|190282
1200000|1|6000|3|2|1|2|288000|1267|10136351|299419
1200000|1|6000|3|2|0|0|288000|1268|10144350|190938
1200000|1|6000|3|2|1|2|288000|1268|10144350|299091
1200000|1|6000|3|2|0|0|288000|1269|10152350|191019
1200000|1|6000|3|2|1|2|288000|1269|10152350|298597
1200000|1|6000|3|2|0|0|288000|1270|10160349|191758
1200000|1|6000|3|2|1|2|288000|1270|10160349|298395
1200000|1|6000|3|2|0|0|288000|1271|10168348|191348
1200000|1|6000|3|2|1|2|288000|1271|10168348|297328
1200000|1|6000|3|2|0|0|288000|1272|10176347|192494
1200000|1|6000|3|2|1|2|288000|1272|10176347|296917
1200000|1|6000|3|2|0|0|288000|1273|10184346|192905
1200000|1|6000|3|2|1|2|288000|1273|10184346|296385
1200000|1|6000|3|2|0|0|288000|1274|10192346|192576
1200000|1|6000|3|2|1|2|288000|1274|10192346|296466
1200000|1|6000|3|2|0|0|288000|1275|10200346|192824
1200000|1|6000|3|2|1|2|288000|1275|10200346|296591
1200000|1|6000|3|2|0|0|288000|1276|10208346|192905
1200000|1|6000|3|2|1|2|288000|1276|10208346|295811
1200000|1|6000|3|2|0|0|288000|1277|10216347|193563
1200000|1|6000|3|2|1|2|288000|1277|10216347|295237
1200000|1|6000|3|2|0|0|288000|1278|10224347|193970
1200000|1|6000|3|2|1|2|288000|1278|10224347|294581
1200000|1|6000|3|2|0|0|288000|1279|10232347|194464
1200000|1|6000|3|2|1|2|288000|1279|10232347|293802
1200000|1|6000|3|2|0|0|288000|1280|10240347|193357
1200000|1|6000|3|2|1|2|288000|1280|10240347|293680
1200000|1|6000|3|2|0|0|288000|1281|10248347|192740
1200000|1|6000|3|2|1|2|288000|1281|10248347|292897
1200000|1|6000|3|2|0|0|288000|1282|10256347|192004
1200000|1|6000|3|2|1|2|288000|1282|10256347|292613
1200000|1|6000|3|2|0|0|288000|1283|10264346|191429
1200000|1|6000|3|2|1|2|288000|1283|10264346|292815
1200000|1|6000|3|2|0|0|288000|1284|10272347|191140
1200000|1|6000|3|2|1|2|288000|1284|10272347|293268
1200000|1|6000|3|2|0|0|288000|1285|10280347|190484
1200000|1|6000|3|2|1|2|288000|1285|10280347|293310
1200000|1|6000|3|2|0|0|288000|1286|10288347|189870
1200000|1|6000|3|2|1|2|288000|1286|10288347|293597
1200000|1|6000|3|2|0|0|288000|1287|10296347|189462
1200000|1|6000|3|2|1|2|288000|1287|10296347|293926
1200000|1|6000|3|2|0|0|288000|1288|10304347|189253
1200000|1|6000|3|2|1|2|288000|1288|10304347|294130
1200000|1|6000|3|2|0|0|288000|1289|10312347|187656
1200000|1|6000|3|2|1|2|288000|1289|10312347|294171
1200000|1|6000|3|2|0|0|288000|1290|10320348|186427
1200000|1|6000|3|2|1|2|288000|1290|10320348|293924
1200000|1|6000|3|2|0|0|288000|1291|10328348|184990
1200000|1|6000|3|2|1|2|288000|1291|10328348|292859
1200000|1|6000|3|2|0|0|288000|1292|10336348|183351
1200000|1|6000|3|2|1|2|288000|1292|10336348|292082
1200000|1|6000|3|2|0|0|288000|1293|10344349|181834
1200000|1|6000|3|2|1|2|288000|1293|10344349|291587
1200000|1|6000|3|2|0|0|288000|1294|10352349|179991
1200000|1|6000|3|2|1|2|288000|1294|10352349|290971
1200000|1|6000|3|2|0|0|288000|1295|10360349|178433
1200000|1|6000|3|2|1|2|288000|1295|10360349|290481
1200000|1|6000|3|2|0|0|288000|1296|10368349|178390
1200000|1|6000|3|2|1|2|288000|1296|10368349|290358
1200000|1|6000|3|2|0|0|288000|1297|10376350|177613
1200000|1|6000|3|2|1|2|288000|1297|10376350|290153
1200000|1|6000|3|2|0|0|288000|1298|10384351|177244
1200000|1|6000|3|2|1|2|288000|1298|10384351|290194
1200000|1|6000|3|2|0|0|288000|1299|10392351|176135
1200000|1|6000|3|2|1|2|288000|1299|10392351|289866
1200000|1|6000|3|2|0|0|288000|1300|10400351|175316
1200000|1|6000|3|2|1|2|288000|1300|10400351|289780
1200000|1|6000|3|2|0|0|288000|1301|10408351|174455
1200000|1|6000|3|2|1|2|288000|1301|10408351|289332
1200000|1|6000|3|2|0|0|288000|1302|10416351|173549
1200000|1|6000|3|2|1|2|288000|1302|10416351|288881
1200000|1|6000|3|2|0|0|288000|1303|10424351|173143
1200000|1|6000|3|2|1|2|288000|1303|10424351|288267
1200000|1|6000|3|2|0|0|288000|1304|10432351|172159
1200000|1|6000|3|2|1|2|288000|1304|10432351|286956
1200000|1|6000|3|2|0|0|288000|1305|10440350|171791
1200000|1|6000|3|2|1|2|288000|1305|10440350|286709
1200000|1|6000|3|2|0|0|288000|1306|10448351|171379
1200000|1|6000|3|2|1|2|288000|1306|10448351|285599
1200000|1|6000|3|2|0|0|288000|1307|10456351|170845
1200000|1|6000|3|2|1|2|288000|1307|10456351|285643
1200000|1|6000|3|2|0|0|288000|1308|10464352|170188
1200000|1|6000|3|2|1|2|288000|1308|10464352|285028
1200000|1|6000|3|2|0|0|288000|1309|10472352|169289
1200000|1|6000|3|2|1|2|288000|1309|10472352|284699
1200000|1|6000|3|2|0|0|288000|1310|10480353|167895
1200000|1|6000|3|2|1|2|288000|1310|10480353|284536
1200000|1|6000|3|2|0|0|288000|1311|10488353|167197
1200000|1|6000|3|2|1|2|288000|1311|10488353|283715
1200000|1|6000|3|2|0|0|288000|1312|10496353|166051
1200000|1|6000|3|2|1|2|288000|1312|10496353|282771
1200000|1|6000|3|2|0|0|288000|1313|10504352|165431
1200000|1|6000|3|2|1|2|288000|1313|10504352|281952
1200000|1|6000|3|2|0|0|288000|1314|10512351|164124
1200000|1|6000|3|2|1|2|288000|1314|10512351|282239
1200000|1|6000|3|2|0|0|288000|1315|10520351|163713
1200000|1|6000|3|2|1|2|288000|1315|10520351|281624
1200000|1|6000|3|2|0|0|288000|1316|10528350|163015
1200000|1|6000|3|2|1|2|288000|1316|10528350|281665
1200000|1|6000|3|2|0|0|288000|1317|10536350|162767
1200000|1|6000|3|2|1|2|288000|1317|10536350|280805
1200000|1|6000|3|2|0|0|288000|1318|10544349|162401
1200000|1|6000|3|2|1|2|288000|1318|10544349|280927
1200000|1|6000|3|2|0|0|288000|1319|10552349|162196
1200000|1|6000|3|2|1|2|288000|1319|10552349|281052
1200000|1|6000|3|2|0|0|288000|1320|10560349|162564
1200000|1|6000|3|2|1|2|288000|1320|10560349|281703
1200000|1|6000|3|2|0|0|288000|1321|10568350|161745
1200000|1|6000|3|2|1|2|288000|1321|10568350|282486
1200000|1|6000|3|2|0|0|288000|1322|10576351|161334
1200000|1|6000|3|2|1|2|288000|1322|10576351|282977
1200000|1|6000|3|2|0|0|288000|1323|10584352|160639
1200000|1|6000|3|2|1|2|288000|1323|10584352|283183
1200000|1|6000|3|2|0|0|288000|1324|10592352|159943
1200000|1|6000|3|2|1|2|288000|1324|10592352|283469
1200000|1|6000|3|2|0|0|288000|1325|10600353|159326
1200000|1|6000|3|2|1|2|288000|1325|10600353|283551
1200000|1|6000|3|2|0|0|288000|1326|10608353|158383
1200000|1|6000|3|2|1|2|288000|1326|10608353|282687
1200000|1|6000|3|2|0|0|288000|1327|10616353|158136
1200000|1|6000|3|2|1|2|288000|1327|10616353|281913
1200000|1|6000|3|2|0|0|288000|1328|10624352|157521
1200000|1|6000|3|2|1|2|288000|1328|10624352|280641
1200000|1|6000|3|2|0|0|288000|1329|10632351|157357
1200000|1|6000|3|2|1|2|288000|1329|10632351|280557
1200000|1|6000|3|2|0|0|288000|1330|10640350|156660
1200000|1|6000|3|2|1|2|288000|1330|10640350|279943
1200000|1|6000|3|2|0|0|288000|1331|10648350|156169
1200000|1|6000|3|2|1|2|288000|1331|10648350|279694
1200000|1|6000|3|2|0|0|288000|1332|10656349|156005
1200000|1|6000|3|2|1|2|288000|1332|10656349|279123
1200000|1|6000|3|2|0|0|288000|1333|10664349|155841
1200000|1|6000|3|2|1|2|288000|1333|10664349|278673
1200000|1|6000|3|2|0|0|288000|1334|10672349|154937
1200000|1|6000|3|2|1|2|288000|1334|10672349|279163
1200000|1|6000|3|2|0|0|288000|1335|10680349|154326
1200000|1|6000|3|2|1|2|288000|1335|10680349|280066
1200000|1|6000|3|2|0|0|288000|1336|10688351|153872
1200000|1|6000|3|2|1|2|288000|1336|10688351|280106
1200000|1|6000|3|2|0|0|288000|1337|10696352|153135
1200000|1|6000|3|2|1|2|288000|1337|10696352|279902
1200000|1|6000|3|2|0|0|288000|1338|10704353|152602
1200000|1|6000|3|2|1|2|288000|1338|10704353|280187
1200000|1|6000|3|2|0|0|288000|1339|10712353|151700
1200000|1|6000|3|2|1|2|288000|1339|10712353|279944
1200000|1|6000|3|2|0|0|288000|1340|10720354|151578
1200000|1|6000|3|2|1|2|288000|1340|10720354|280355
1200000|1|6000|3|2|0|0|288000|1341|10728354|150631
1200000|1|6000|3|2|1|2|288000|1341|10728354|279412
1200000|1|6000|3|2|0|0|288000|1342|10736354|150507
1200000|1|6000|3|2|1|2|288000|1342|10736354|278550
1200000|1|6000|3|2|0|0|288000|1343|10744353|150716
1200000|1|6000|3|2|1|2|288000|1343|10744353|277275
1200000|1|6000|3|2|0|0|288000|1344|10752352|150225
1200000|1|6000|3|2|1|2|288000|1344|10752352|276007
1200000|1|6000|3|2|0|0|288000|1345|10760351|150345
1200000|1|6000|3|2|1|2|288000|1345|10760351|275393
1200000|1|6000|3|2|0|0|288000|1346|10768350|150102
1200000|1|6000|3|2|1|2|288000|1346|10768350|275025
1200000|1|6000|3|2|0|0|288000|1347|10776350|150675
1200000|1|6000|3|2|1|2|288000|1347|10776350|274655
1200000|1|6000|3|2|0|0|288000|1348|10784350|150429
1200000|1|6000|3|2|1|2|288000|1348|10784350|274206
1200000|1|6000|3|2|0|0|288000|1349|10792349|150183
1200000|1|6000|3|2|1|2|288000|1349|10792349|274612
1200000|1|6000|3|2|0|0|288000|1350|10800350|149611
1200000|1|6000|3|2|1|2|288000|1350|10800350|275102
1200000|1|6000|3|2|0|0|288000|1351|10808350|149446
1200000|1|6000|3|2|1|2|288000|1351|10808350|275350
1200000|1|6000|3|2|0|0|288000|1352|10816351|148994
1200000|1|6000|3|2|1|2|288000|1352|10816351|275844
1200000|1|6000|3|2|0|0|288000|1353|10824352|148666
1200000|1|6000|3|2|1|2|288000|1353|10824352|275762
1200000|1|6000|3|2|0|0|288000|1354|10832353|148006
1200000|1|6000|3|2|1|2|288000|1354|10832353|276090
1200000|1|6000|3|2|0|0|288000|1355|10840353|147804
1200000|1|6000|3|2|1|2|288000|1355|10840353|276010
1200000|1|6000|3|2|0|0|288000|1356|10848354|147764
1200000|1|6000|3|2|1|2|288000|1356|10848354|276090
1200000|1|6000|3|2|0|0|288000|1357|10856353|147929
1200000|1|6000|3|2|1|2|288000|1357|10856353|277198
1200000|1|6000|3|2|0|0|288000|1358|10864355|147763
1200000|1|6000|3|2|1|2|288000|1358|10864355|277852
1200000|1|6000|3|2|0|0|288000|1359|10872356|147722
1200000|1|6000|3|2|1|2|288000|1359|10872356|278304
1200000|1|6000|3|2|0|0|288000|1360|10880357|147805
1200000|1|6000|3|2|1|2|288000|1360|10880357|278508
1200000|1|6000|3|2|0|0|288000|1361|10888358|147724
1200000|1|6000|3|2|1|2|288000|1361|10888358|278796
1200000|1|6000|3|2|0|0|288000|1362|10896359|147927
1200000|1|6000|3|2|1|2|288000|1362|10896359|279330
1200000|1|6000|3|2|0|0|288000|1363|10904361|147556
1200000|1|6000|3|2|1|2|288000|1363|10904361|279699
1200000|1|6000|3|2|0|0|288000|1364|10912362|146164
1200000|1|6000|3|2|1|2|288000|1364|10912362|279044
1200000|1|6000|3|2|0|0|288000|1365|10920362|145181
1200000|1|6000|3|2|1|2|288000|1365|10920362|278630
1200000|1|6000|3|2|0|0|288000|1366|10928362|144073
1200000|1|6000|3|2|1|2|288000|1366|10928362|278754
1200000|1|6000|3|2|0|0|288000|1367|10936363|143497
1200000|1|6000|3|2|1|2|288000|1367|10936363|278960
1200000|1|6000|3|2|0|0|288000|1368|10944363|143088
1200000|1|6000|3|2|1|2|288000|1368|10944363|279120
1200000|1|6000|3|2|0|0|288000|1369|10952364|142024
1200000|1|6000|3|2|1|2|288000|1369|10952364|279287
1200000|1|6000|3|2|0|0|288000|1370|10960366|141819
1200000|1|6000|3|2|1|2|288000|1370|10960366|279123
1200000|1|6000|3|2|0|0|288000|1371|10968366|141777
1200000|1|6000|3|2|1|2|288000|1371|10968366|278961
1200000|1|6000|3|2|0|0|288000|1372|10976367|142024
1200000|1|6000|3|2|1|2|288000|1372|10976367|278672
1200000|1|6000|3|2|0|0|288000|1373|10984366|141408
1200000|1|6000|3|2|1|2|288000|1373|10984366|277770
1200000|1|6000|3|2|0|0|288000|1374|10992366|141777
1200000|1|6000|3|2|1|2|288000|1374|10992366|277770
1200000|1|6000|3|2|0|0|288000|1375|11000366|141328
1200000|1|6000|3|2|1|2|288000|1375|11000366|277402
1200000|1|6000|3|2|0|0|288000|1376|11008365|141122
1200000|1|6000|3|2|1|2|288000|1376|11008365|277114
1200000|1|6000|3|2|0|0|288000|1377|11016365|141077
1200000|1|6000|3|2|1|2|288000|1377|11016365|277236
1200000|1|6000|3|2|0|0|288000|1378|11024365|140506
1200000|1|6000|3|2|1|2|288000|1378|11024365|276662
1200000|1|6000|3|2|0|0|288000|1379|11032364|140629
1200000|1|6000|3|2|1|2|288000|1379|11032364|277157
1200000|1|6000|3|2|0|0|288000|1380|11040364|140547
1200000|1|6000|3|2|1|2|288000|1380|11040364|278098
1200000|1|6000|3|2|0|0|288000|1381|11048366|140301
1200000|1|6000|3|2|1|2|288000|1381|11048366|278345
1200000|1|6000|3|2|0|0|288000|1382|11056367|140014
1200000|1|6000|3|2|1|2|288000|1382|11056367|278796
1200000|1|6000|3|2|0|0|288000|1383|11064368|140097
1200000|1|6000|3|2|1|2|288000|1383|11064368|279411
1200000|1|6000|3|2|0|0|288000|1384|11072368|139809
1200000|1|6000|3|2|1|2|288000|1384|11072368|279370
1200000|1|6000|3|2|0|0|288000|1385|11080370|140710
1200000|1|6000|3|2|1|2|288000|1385|11080370|279862
1200000|1|6000|3|2|0|0|288000|1386|11088370|140344
1200000|1|6000|3|2|1|2|288000|1386|11088370|279615
1200000|1|6000|3|2|0|0|288000|1387|11096370|140380
1200000|1|6000|3|2|1|2|288000|1387|11096370|279451
1200000|1|6000|3|2|0|0|288000|1388|11104370|140629
1200000|1|6000|3|2|1|2|288000|1388|11104370|279533
1200000|1|6000|3|2|0|0|288000|1389|11112370|141121
1200000|1|6000|3|2|1|2|288000|1389|11112370|279901
1200000|1|6000|3|2|0|0|288000|1390|11120370|141860
1200000|1|6000|3|2|1|2|288000|1390|11120370|279985
1200000|1|6000|3|2|0|0|288000|1391|11128371|141942
1200000|1|6000|3|2|1|2|288000|1391|11128371|280761
1200000|1|6000|3|2|0|0|288000|1392|11136372|142189
1200000|1|6000|3|2|1|2|288000|1392|11136372|280721
1200000|1|6000|3|2|0|0|288000|1393|11144372|142474
1200000|1|6000|3|2|1|2|288000|1393|11144372|281214
1200000|1|6000|3|2|0|0|288000|1394|11152373|142598
1200000|1|6000|3|2|1|2|288000|1394|11152373|280804
1200000|1|6000|3|2|0|0|288000|1395|11160372|142557
1200000|1|6000|3|2|1|2|288000|1395|11160372|279943
1200000|1|6000|3|2|0|0|288000|1396|11168372|142474
1200000|1|6000|3|2|1|2|288000|1396|11168372|279533
1200000|1|6000|3|2|0|0|288000|1397|11176371|142638
1200000|1|6000|3|2|1|2|288000|1397|11176371|279000
1200000|1|6000|3|2|0|0|288000|1398|11184370|142270
1200000|1|6000|3|2|1|2|288000|1398|11184370|278385
1200000|1|6000|3|2|0|0|288000|1399|11192370|142596
1200000|1|6000|3|2|1|2|288000|1399|11192370|277604
1200000|1|6000|3|2|0|0|288000|1400|11200369|141286
1200000|1|6000|3|2|1|2|288000|1400|11200369|276045
1200000|1|6000|3|2|0|0|288000|1401|11208369|141164
1200000|1|6000|3|2|1|2|288000|1401|11208369|275721
1200000|1|6000|3|2|0|0|288000|1402|11216368|140134
1200000|1|6000|3|2|1|2|288000|1402|11216368|275229
1200000|1|6000|3|2|0|0|288000|1403|11224368|139604
1200000|1|6000|3|2|1|2|288000|1403|11224368|274490
1200000|1|6000|3|2|0|0|288000|1404|11232368|138455
1200000|1|6000|3|2|1|2|288000|1404|11232368|273628
1200000|1|6000|3|2|0|0|288000|1405|11240367|137925
1200000|1|6000|3|2|1|2|288000|1405|11240367|273180
1200000|1|6000|3|2|0|0|288000|1406|11248367|136857
1200000|1|6000|3|2|1|2|288000|1406|11248367|272561
1200000|1|6000|3|2|0|0|288000|1407|11256366|136285
1200000|1|6000|3|2|1|2|288000|1407|11256366|272072
1200000|1|6000|3|2|0|0|288000|1408|11264366|135628
1200000|1|6000|3|2|1|2|288000|1408|11264366|273427
1200000|1|6000|3|2|0|0|288000|1409|11272366|134070
1200000|1|6000|3|2|1|2|288000|1409|11272366|275146
1200000|1|6000|3|2|0|0|288000|1410|11280365|133455
1200000|1|6000|3|2|1|2|288000|1410|11280365|277565
1200000|1|6000|3|2|0|0|288000|1411|11288366|132756
1200000|1|6000|3|2|1|2|288000|1411|11288366|280272
1200000|1|6000|3|2|0|0|288000|1412|11296367|132061
1200000|1|6000|3|2|1|2|288000|1412|11296367|281951
1200000|1|6000|3|2|0|0|288000|1413|11304368|131279
1200000|1|6000|3|2|1|2|288000|1413|11304368|284004
1200000|1|6000|3|2|0|0|288000|1414|11312369|130502
1200000|1|6000|3|2|1|2|288000|1414|11312369|285683
1200000|1|6000|3|2|0|0|288000|1415|11320369|129721
1200000|1|6000|3|2|1|2|288000|1415|11320369|287365
1200000|1|6000|3|2|0|0|288000|1416|11328370|129807
1200000|1|6000|3|2|1|2|288000|1416|11328370|289661
1200000|1|6000|3|2|0|0|288000|1417|11336370|130131
1200000|1|6000|3|2|1|2|288000|1417|11336370|291628
1200000|1|6000|3|2|0|0|288000|1418|11344371|130830
1200000|1|6000|3|2|1|2|288000|1418|11344371|292694
1200000|1|6000|3|2|0|0|288000|1419|11352370|131447
1200000|1|6000|3|2|1|2|288000|1419|11352370|294457
1200000|1|6000|3|2|0|0|288000|1420|11360371|132513
1200000|1|6000|3|2|1|2|288000|1420|11360371|295483
1200000|1|6000|3|2|0|0|288000|1421|11368371|133087
1200000|1|6000|3|2|1|2|288000|1421|11368371|296959
1200000|1|6000|3|2|0|0|288000|1422|11376372|134193
1200000|1|6000|3|2|1|2|288000|1422|11376372|298109
1200000|1|6000|3|2|0|0|288000|1423|11384372|134889
1200000|1|6000|3|2|1|2|288000|1423|11384372|299501
1200000|1|6000|3|2|0|0|288000|1424|11392372|135094
1200000|1|6000|3|2|1|2|288000|1424|11392372|300772
1200000|1|6000|3|2|0|0|288000|1425|11400373|135178
1200000|1|6000|3|2|1|2|288000|1425|11400373|301919
1200000|1|6000|3|2|0|0|288000|1426|11408373|135751
1200000|1|6000|3|2|1|2|288000|1426|11408373|303396
1200000|1|6000|3|2|0|0|288000|1427|11416374|136121
1200000|1|6000|3|2|1|2|288000|1427|11416374|304542
1200000|1|6000|3|2|0|0|288000|1428|11424375|136857
1200000|1|6000|3|2|1|2|288000|1428|11424375|305281
1200000|1|6000|3|2|0|0|288000|1429|11432376|137306
1200000|1|6000|3|2|1|2|288000|1429|11432376|306101
1200000|1|6000|3|2|0|0|288000|1430|11440376|138416
1200000|1|6000|3|2|1|2|288000|1430|11440376|306511
1200000|1|6000|3|2|0|0|288000|1431|11448377|138908
1200000|1|6000|3|2|1|2|288000|1431|11448377|307291
1200000|1|6000|3|2|0|0|288000|1432|11456377|139358
1200000|1|6000|3|2|1|2|288000|1432|11456377|307743
1200000|1|6000|3|2|0|0|288000|1433|11464378|139031
1200000|1|6000|3|2|1|2|288000|1433|11464378|308644
1200000|1|6000|3|2|0|0|288000|1434|11472378|138576
1200000|1|6000|3|2|1|2|288000|1434|11472378|309382
1200000|1|6000|3|2|0|0|288000|1435|11480379|138293
1200000|1|6000|3|2|1|2|288000|1435|11480379|311064
1200000|1|6000|3|2|0|0|288000|1436|11488380|137962
1200000|1|6000|3|2|1|2|288000|1436|11488380|311474
1200000|1|6000|3|2|0|0|288000|1437|11496381|138046
1200000|1|6000|3|2|1|2|288000|1437|11496381|312702
1200000|1|6000|3|2|0|0|288000|1438|11504382|138047
1200000|1|6000|3|2|1|2|288000|1438|11504382|313519
1200000|1|6000|3|2|0|0|288000|1439|11512383|138376
1200000|1|6000|3|2|1|2|288000|1439|11512383|314754
1200000|1|6000|3|2|0|0|288000|1440|11520384|138620
1200000|1|6000|3|2|1|2|288000|1440|11520384|315779
1200000|1|6000|3|2|0|0|288000|1441|11528386|138702
1200000|1|6000|3|2|1|2|288000|1441|11528386|316639
1200000|1|6000|3|2|0|0|288000|1442|11536386|138004
1200000|1|6000|3|2|1|2|288000|1442|11536386|317008
1200000|1|6000|3|2|0|0|288000|1443|11544387|137597
1200000|1|6000|3|2|1|2|288000|1443|11544387|317333
1200000|1|6000|3|2|0|0|288000|1444|11552387|136775
1200000|1|6000|3|2|1|2|288000|1444|11552387|317008
1200000|1|6000|3|2|0|0|288000|1445|11560387|135751
1200000|1|6000|3|2|1|2|288000|1445|11560387|317172
1200000|1|6000|3|2|0|0|288000|1446|11568387|135055
1200000|1|6000|3|2|1|2|288000|1446|11568387|317499
1200000|1|6000|3|2|0|0|288000|1447|11576388|134152
1200000|1|6000|3|2|1|2|288000|1447|11576388|317377
1200000|1|6000|3|2|0|0|288000|1448|11584388|132961
1200000|1|6000|3|2|1|2|288000|1448|11584388|317501
1200000|1|6000|3|2|0|0|288000|1449|11592388|132184
1200000|1|6000|3|2|1|2|288000|1449|11592388|317295
1200000|1|6000|3|2|0|0|288000|1450|11600388|132468
1200000|1|6000|3|2|1|2|288000|1450|11600388|317295
1200000|1|6000|3|2|0|0|288000|1451|11608388|132103
1200000|1|6000|3|2|1|2|288000|1451|11608388|318033
1200000|1|6000|3|2|0|0|288000|1452|11616390|131487
1200000|1|6000|3|2|1|2|288000|1452|11616390|318933
1200000|1|6000|3|2|0|0|288000|1453|11624391|131568
1200000|1|6000|3|2|1|2|288000|1453|11624391|319386
1200000|1|6000|3|2|0|0|288000|1454|11632392|130994
1200000|1|6000|3|2|1|2|288000|1454|11632392|319714
1200000|1|6000|3|2|0|0|288000|1455|11640393|130461
1200000|1|6000|3|2|1|2|288000|1455|11640393|320042
1200000|1|6000|3|2|0|0|288000|1456|11648393|130256
1200000|1|6000|3|2|1|2|288000|1456|11648393|320696
1200000|1|6000|3|2|0|0|288000|1457|11656394|129601
1200000|1|6000|3|2|1|2|288000|1457|11656394|320984
1200000|1|6000|3|2|0|0|288000|1458|11664395|129068
1200000|1|6000|3|2|1|2|288000|1458|11664395|321148
1200000|1|6000|3|2|0|0|288000|1459|11672396|128329
1200000|1|6000|3|2|1|2|288000|1459|11672396|321678
1200000|1|6000|3|2|0|0|288000|1460|11680396|127794
1200000|1|6000|3|2|1|2|288000|1460|11680396|321600
1200000|1|6000|3|2|0|0|288000|1461|11688397|127222
1200000|1|6000|3|2|1|2|288000|1461|11688397|322089
1200000|1|6000|3|2|0|0|288000|1462|11696398|126894
1200000|1|6000|3|2|1|2|288000|1462|11696398|322337
1200000|1|6000|3|2|0|0|288000|1463|11704399|126363
1200000|1|6000|3|2|1|2|288000|1463|11704399|323241
1200000|1|6000|3|2|0|0|288000|1464|11712400|125662
1200000|1|6000|3|2|1|2|288000|1464|11712400|323404
1200000|1|6000|3|2|0|0|288000|1465|11720401|124803
1200000|1|6000|3|2|1|2|288000|1465|11720401|324388
1200000|1|6000|3|2|0|0|288000|1466|11728402|124395
1200000|1|6000|3|2|1|2|288000|1466|11728402|324139
1200000|1|6000|3|2|0|0|288000|1467|11736402|123820
1200000|1|6000|3|2|1|2|288000|1467|11736402|324348
1200000|1|6000|3|2|0|0|288000|1468|11744402|123366
1200000|1|6000|3|2|1|2|288000|1468|11744402|323280
1200000|1|6000|3|2|0|0|288000|1469|11752402|123042
1200000|1|6000|3|2|1|2|288000|1469|11752402|322625
1200000|1|6000|3|2|0|0|288000|1470|11760402|122301
1200000|1|6000|3|2|1|2|288000|1470|11760402|322009
1200000|1|6000|3|2|0|0|288000|1471|11768402|122177
1200000|1|6000|3|2|1|2|288000|1471|11768402|321272
1200000|1|6000|3|2|0|0|288000|1472|11776402|121818
1200000|1|6000|3|2|1|2|288000|1472|11776402|321149
1200000|1|6000|3|2|0|0|288000|1473|11784403|121736
1200000|1|6000|3|2|1|2|288000|1473|11784403|320781
1200000|1|6000|3|2|0|0|288000|1474|11792402|121039
1200000|1|6000|3|2|1|2|288000|1474|11792402|320082
1200000|1|6000|3|2|0|0|288000|1475|11800402|120875
1200000|1|6000|3|2|1|2|288000|1475|11800402|319426
1200000|1|6000|3|2|0|0|288000|1476|11808402|120383
1200000|1|6000|3|2|1|2|288000|1476|11808402|319098
1200000|1|6000|3|2|0|0|288000|1477|11816401|119850
1200000|1|6000|3|2|1|2|288000|1477|11816401|318321
1200000|1|6000|3|2|0|0|288000|1478|11824400|119768
1200000|1|6000|3|2|1|2|288000|1478|11824400|317705
1200000|1|6000|3|2|0|0|288000|1479|11832400|119768
1200000|1|6000|3|2|1|2|288000|1479|11832400|317254
1200000|1|6000|3|2|0|0|288000|1480|11840399|119358
1200000|1|6000|3|2|1|2|288000|1480|11840399|316804
1200000|1|6000|3|2|0|0|288000|1481|11848399|119030
1200000|1|6000|3|2|1|2|288000|1481|11848399|316145
1200000|1|6000|3|2|0|0|288000|1482|11856399|119235
1200000|1|6000|3|2|1|2|288000|1482|11856399|316350
1200000|1|6000|3|2|0|0|288000|1483|11864400|119399
1200000|1|6000|3|2|1|2|288000|1483|11864400|315901
1200000|1|6000|3|2|0|0|288000|1484|11872399|119967
1200000|1|6000|3|2|1|2|288000|1484|11872399|315492
1200000|1|6000|3|2|0|0|288000|1485|11880399|120454
1200000|1|6000|3|2|1|2|288000|1485|11880399|313892
1200000|1|6000|3|2|0|0|288000|1486|11888397|120868
1200000|1|6000|3|2|1|2|288000|1486|11888397|313565
1200000|1|6000|3|2|0|0|288000|1487|11896396|121195
1200000|1|6000|3|2|1|2|288000|1487|11896396|312541
1200000|1|6000|3|2|0|0|288000|1488|11904395|121813
1200000|1|6000|3|2|1|2|288000|1488|11904395|312539
1200000|1|6000|3|2|0|0|288000|1489|11912395|121649
1200000|1|6000|3|2|1|2|288000|1489|11912395|311514
1200000|1|6000|3|2|0|0|288000|1490|11920394|120540
1200000|1|6000|3|2|1|2|288000|1490|11920394|310526
1200000|1|6000|3|2|0|0|288000|1491|11928393|120253
1200000|1|6000|3|2|1|2|288000|1491|11928393|309501
1200000|1|6000|3|2|0|0|288000|1492|11936391|120004
1200000|1|6000|3|2|1|2|288000|1492|11936391|309791
1200000|1|6000|3|2|0|0|288000|1493|11944391|119637
1200000|1|6000|3|2|1|2|288000|1493|11944391|309545
1200000|1|6000|3|2|0|0|288000|1494|11952390|119638
1200000|1|6000|3|2|1|2|288000|1494|11952390|309913
1200000|1|6000|3|2|0|0|288000|1495|11960390|119599
1200000|1|6000|3|2|1|2|288000|1495|11960390|309670
1200000|1|6000|3|2|0|0|288000|1496|11968389|118896
1200000|1|6000|3|2|1|2|288000|1496|11968389|309833
1200000|1|6000|3|2|0|0|288000|1497|11976388|118898
1200000|1|6000|3|2|1|2|288000|1497|11976388|310039
1200000|1|6000|3|2|0|0|288000|1498|11984389|118161
1200000|1|6000|3|2|1|2|288000|1498|11984389|311431
1200000|1|6000|3|2|0|0|288000|1499|11992391|117912
1200000|1|6000|3|2|1|2|288000|1499|11992391|312416
1200000|1|6000|3|2|0|0|288000|1500|12000393|117546
1200000|1|6000|3|2|1|2|288000|1500|12000393|313482
1200000|1|6000|3|2|0|0|288000|1501|12008395|117749
1200000|1|6000|3|2|1|2|288000|1501|12008395|315163
1200000|1|6000|3|2|0|0|288000|1502|12016397|117095
1200000|1|6000|3|2|1|2|288000|1502|12016397|317049
1200000|1|6000|3|2|0|0|288000|1503|12024400|116931
1200000|1|6000|3|2|1|2|288000|1503|12024400|318442
1200000|1|6000|3|2|0|0|288000|1504|12032401|117177
1200000|1|6000|3|2|1|2|288000|1504|12032401|319795
1200000|1|6000|3|2|0|0|288000|1505|12040403|116973
1200000|1|6000|3|2|1|2|288000|1505|12040403|320904
1200000|1|6000|3|2|0|0|288000|1506|12048404|116727
1200000|1|6000|3|2|1|2|288000|1506|12048404|321191
1200000|1|6000|3|2|0|0|288000|1507|12056404|116195
1200000|1|6000|3|2|1|2|288000|1507|12056404|321719
1200000|1|6000|3|2|0|0|288000|1508|12064405|115865
1200000|1|6000|3|2|1|2|288000|1508|12064405|321147
1200000|1|6000|3|2|0|0|288000|1509|12072405|114964
1200000|1|6000|3|2|1|2|288000|1509|12072405|321025
1200000|1|6000|3|2|0|0|288000|1510|12080406|114684
1200000|1|6000|3|2|1|2|288000|1510|12080406|320572
1200000|1|6000|3|2|0|0|288000|1511|12088405|113823
1200000|1|6000|3|2|1|2|288000|1511|12088405|320572
1200000|1|6000|3|2|0|0|288000|1512|12096406|113413
1200000|1|6000|3|2|1|2|288000|1512|12096406|320370
1200000|1|6000|3|2|0|0|288000|1513|12104405|113208
1200000|1|6000|3|2|1|2|288000|1513|12104405|319837
1200000|1|6000|3|2|0|0|288000|1514|12112406|113331
1200000|1|6000|3|2|1|2|288000|1514|12112406|319878
1200000|1|6000|3|2|0|0|288000|1515|12120406|113823
1200000|1|6000|3|2|1|2|288000|1515|12120406|320043
1200000|1|6000|3|2|0|0|288000|1516|12128407|113618
1200000|1|6000|3|2|1|2|288000|1516|12128407|321105
1200000|1|6000|3|2|0|0|288000|1517|12136407|113864
1200000|1|6000|3|2|1|2|288000|1517|12136407|321434
1200000|1|6000|3|2|0|0|288000|1518|12144407|113618
1200000|1|6000|3|2|1|2|288000|1518|12144407|322133
1200000|1|6000|3|2|0|0|288000|1519|12152407|113905
1200000|1|6000|3|2|1|2|288000|1519|12152407|322257
1200000|1|6000|3|2|0|0|288000|1520|12160407|113290
1200000|1|6000|3|2|1|2|288000|1520|12160407|323118
1200000|1|6000|3|2|0|0|288000|1521|12168408|112429
1200000|1|6000|3|2|1|2|288000|1521|12168408|323239
1200000|1|6000|3|2|0|0|288000|1522|12176408|112224
1200000|1|6000|3|2|1|2|288000|1522|12176408|323978
1200000|1|6000|3|2|0|0|288000|1523|12184409|111527
1200000|1|6000|3|2|1|2|288000|1523|12184409|323936
1200000|1|6000|3|2|0|0|288000|1524|12192410|111445
1200000|1|6000|3|2|1|2|288000|1524|12192410|323486
1200000|1|6000|3|2|0|0|288000|1525|12200410|110789
1200000|1|6000|3|2|1|2|288000|1525|12200410|323528
1200000|1|6000|3|2|0|0|288000|1526|12208411|110912
1200000|1|6000|3|2|1|2|288000|1526|12208411|323320
1200000|1|6000|3|2|0|0|288000|1527|12216412|110789
1200000|1|6000|3|2|1|2|288000|1527|12216412|323362
1200000|1|6000|3|2|0|0|288000|1528|12224413|110502
1200000|1|6000|3|2|1|2|288000|1528|12224413|323118
1200000|1|6000|3|2|0|0|288000|1529|12232413|109928
1200000|1|6000|3|2|1|2|288000|1529|12232413|323236
1200000|1|6000|3|2|0|0|288000|1530|12240413|109559
1200000|1|6000|3|2|1|2|288000|1530|12240413|323036
1200000|1|6000|3|2|0|0|288000|1531|12248413|109559
1200000|1|6000|3|2|1|2|288000|1531|12248413|323610
1200000|1|6000|3|2|0|0|288000|1532|12256414|109477
1200000|1|6000|3|2|1|2|288000|1532|12256414|324470
1200000|1|6000|3|2|0|0|288000|1533|12264415|109559
1200000|1|6000|3|2|1|2|288000|1533|12264415|324265
1200000|1|6000|3|2|0|0|288000|1534|12272415|109272
1200000|1|6000|3|2|1|2|288000|1534|12272415|324675
1200000|1|6000|3|2|0|0|288000|1535|12280416|109067
1200000|1|6000|3|2|1|2|288000|1535|12280416|324264
1200000|1|6000|3|2|0|0|288000|1536|12288416|109477
1200000|1|6000|3|2|1|2|288000|1536|12288416|324593
1200000|1|6000|3|2|0|0|288000|1537|12296417|109846
1200000|1|6000|3|2|1|2|288000|1537|12296417|323936
1200000|1|6000|3|2|0|0|288000|1538|12304417|109436
1200000|1|6000|3|2|1|2|288000|1538|12304417|324510
1200000|1|6000|3|2|0|0|288000|1539|12312418|108903
1200000|1|6000|3|2|1|2|288000|1539|12312418|324512
1200000|1|6000|3|2|0|0|288000|1540|12320419|108657
1200000|1|6000|3|2|1|2|288000|1540|12320419|325289
1200000|1|6000|3|2|0|0|288000|1541|12328420|108411
1200000|1|6000|3|2|1|2|288000|1541|12328420|326314
1200000|1|6000|3|2|0|0|288000|1542|12336421|108165
1200000|1|6000|3|2|1|2|288000|1542|12336421|326561
1200000|1|6000|3|2|0|0|288000|1543|12344421|107755
1200000|1|6000|3|2|1|2|288000|1543|12344421|327464
1200000|1|6000|3|2|0|0|288000|1544|12352422|107304
1200000|1|6000|3|2|1|2|288000|1544|12352422|327749
1200000|1|6000|3|2|0|0|288000|1545|12360422|106894
1200000|1|6000|3|2|1|2|288000|1545|12360422|328242
1200000|1|6000|3|2|0|0|288000|1546|12368423|106771
1200000|1|6000|3|2|1|2|288000|1546|12368423|327913
1200000|1|6000|3|2|0|0|288000|1547|12376422|106853
1200000|1|6000|3|2|1|2|288000|1547|12376422|328528
1200000|1|6000|3|2|0|0|288000|1548|12384423|107140
1200000|1|6000|3|2|1|2|288000|1548|12384423|329061
1200000|1|6000|3|2|0|0|288000|1549|12392424|106730
1200000|1|6000|3|2|1|2|288000|1549|12392424|329677
1200000|1|6000|3|2|0|0|288000|1550|12400425|107099
1200000|1|6000|3|2|1|2|288000|1550|12400425|330127
1200000|1|6000|3|2|0|0|288000|1551|12408425|107222
1200000|1|6000|3|2|1|2|288000|1551|12408425|330496
1200000|1|6000|3|2|0|0|288000|1552|12416425|107591
1200000|1|6000|3|2|1|2|288000|1552|12416425|331152
1200000|1|6000|3|2|0|0|288000|1553|12424426|107222
1200000|1|6000|3|2|1|2|288000|1553|12424426|331807
1200000|1|6000|3|2|0|0|288000|1554|12432427|106976
1200000|1|6000|3|2|1|2|288000|1554|12432427|332425
1200000|1|6000|3|2|0|0|288000|1555|12440427|106648
1200000|1|6000|3|2|1|2|288000|1555|12440427|333163
1200000|1|6000|3|2|0|0|288000|1556|12448428|106402
1200000|1|6000|3|2|1|2|288000|1556|12448428|333038
1200000|1|6000|3|2|0|0|288000|1557|12456429|106279
1200000|1|6000|3|2|1|2|288000|1557|12456429|333284
1200000|1|6000|3|2|0|0|288000|1558|12464430|105787
1200000|1|6000|3|2|1|2|288000|1558|12464430|333119
1200000|1|6000|3|2|0|0|288000|1559|12472430|105869
1200000|1|6000|3|2|1|2|288000|1559|12472430|333242
1200000|1|6000|3|2|0|0|288000|1560|12480431|105295
1200000|1|6000|3|2|1|2|288000|1560|12480431|333325
1200000|1|6000|3|2|0|0|288000|1561|12488431|105090
1200000|1|6000|3|2|1|2|288000|1561|12488431|333777
1200000|1|6000|3|2|0|0|288000|1562|12496432|104352
1200000|1|6000|3|2|1|2|288000|1562|12496432|333408
1200000|1|6000|3|2|0|0|288000|1563|12504431|103696
1200000|1|6000|3|2|1|2|288000|1563|12504431|332876
1200000|1|6000|3|2|0|0|288000|1564|12512430|103409
1200000|1|6000|3|2|1|2|288000|1564|12512430|333366
1200000|1|6000|3|2|0|0|288000|1565|12520429|102999
1200000|1|6000|3|2|1|2|288000|1565|12520429|333409
1200000|1|6000|3|2|0|0|288000|1566|12528429|102876
1200000|1|6000|3|2|1|2|288000|1566|12528429|333449
1200000|1|6000|3|2|0|0|288000|1567|12536428|102466
1200000|1|6000|3|2|1|2|288000|1567|12536428|333326
1200000|1|6000|3|2|0|0|288000|1568|12544427|102343
1200000|1|6000|3|2|1|2|288000|1568|12544427|333409
1200000|1|6000|3|2|0|0|288000|1569|12552426|102794
1200000|1|6000|3|2|1|2|288000|1569|12552426|333610
1200000|1|6000|3|2|0|0|288000|1570|12560426|103245
1200000|1|6000|3|2|1|2|288000|1570|12560426|333817
1200000|1|6000|3|2|0|0|288000|1571|12568426|103409
1200000|1|6000|3|2|1|2|288000|1571|12568426|333736
1200000|1|6000|3|2|0|0|288000|1572|12576426|103450
1200000|1|6000|3|2|1|2|288000|1572|12576426|333284
1200000|1|6000|3|2|0|0|288000|1573|12584426|103819
1200000|1|6000|3|2|1|2|288000|1573|12584426|332136
1200000|1|6000|3|2|0|0|288000|1574|12592425|103368
1200000|1|6000|3|2|1|2|288000|1574|12592425|331193
1200000|1|6000|3|2|0|0|288000|1575|12600424|103614
1200000|1|6000|3|2|1|2|288000|1575|12600424|330165
1200000|1|6000|3|2|0|0|288000|1576|12608423|102302
1200000|1|6000|3|2|1|2|288000|1576|12608423|329062
1200000|1|6000|3|2|0|0|288000|1577|12616421|101277
1200000|1|6000|3|2|1|2|288000|1577|12616421|327992
1200000|1|6000|3|2|0|0|288000|1578|12624419|101113
1200000|1|6000|3|2|1|2|288000|1578|12624419|327503
1200000|1|6000|3|2|0|0|288000|1579|12632419|100867
1200000|1|6000|3|2|1|2|288000|1579|12632419|327872
1200000|1|6000|3|2|0|0|288000|1580|12640419|100703
1200000|1|6000|3|2|1|2|288000|1580|12640419|327545
1200000|1|6000|3|2|0|0|288000|1581|12648419|100170
1200000|1|6000|3|2|1|2|288000|1581|12648419|327503
1200000|1|6000|3|2|0|0|288000|1582|12656418|100662
1200000|1|6000|3|2|1|2|288000|1582|12656418|326929
1200000|1|6000|3|2|0|0|288000|1583|12664418|100170
1200000|1|6000|3|2|1|2|288000|1583|12664418|325984
1200000|1|6000|3|2|0|0|288000|1584|12672417|100580
1200000|1|6000|3|2|1|2|288000|1584|12672417|325208
1200000|1|6000|3|2|0|0|288000|1585|12680416|100252
1200000|1|6000|3|2|1|2|288000|1585|12680416|324020
1200000|1|6000|3|2|0|0|288000|1586|12688414|100211
1200000|1|6000|3|2|1|2|288000|1586|12688414|323651
1200000|1|6000|3|2|0|0|288000|1587|12696414|100211
1200000|1|6000|3|2|1|2|288000|1587|12696414|323158
1200000|1|6000|3|2|0|0|288000|1588|12704414|100457
1200000|1|6000|3|2|1|2|288000|1588|12704414|324346
1200000|1|6000|3|2|0|0|288000|1589|12712415|100170
1200000|1|6000|3|2|1|2|288000|1589|12712415|324018
1200000|1|6000|3|2|0|0|288000|1590|12720414|100334
1200000|1|6000|3|2|1|2|288000|1590|12720414|325044
1200000|1|6000|3|2|0|0|288000|1591|12728415|100334
1200000|1|6000|3|2|1|2|288000|1591|12728415|324879
1200000|1|6000|3|2|0|0|288000|1592|12736415|101400
1200000|1|6000|3|2|1|2|288000|1592|12736415|326028
1200000|1|6000|3|2|0|0|288000|1593|12744416|102712
1200000|1|6000|3|2|1|2|288000|1593|12744416|325782
1200000|1|6000|3|2|0|0|288000|1594|12752416|103327
1200000|1|6000|3|2|1|2|288000|1594|12752416|326603
1200000|1|6000|3|2|0|0|288000|1595|12760416|103778
1200000|1|6000|3|2|1|2|288000|1595|12760416|326357
1200000|1|6000|3|2|0|0|288000|1596|12768416|104598
1200000|1|6000|3|2|1|2|288000|1596|12768416|326725
1200000|1|6000|3|2|0|0|288000|1597|12776416|105377
1200000|1|6000|3|2|1|2|288000|1597|12776416|327217
1200000|1|6000|3|2|0|0|288000|1598|12784417|106320
1200000|1|6000|3|2|1|2|288000|1598|12784417|327993
1200000|1|6000|3|2|0|0|288000|1599|12792417|107140
1200000|1|6000|3|2|1|2|288000|1599|12792417|328608
1200000|1|6000|3|2|0|0|288000|1600|12800417|107304
1200000|1|6000|3|2|1|2|288000|1600|12800417|328898
1200000|1|6000|3|2|0|0|288000|1601|12808417|107017
1200000|1|6000|3|2|1|2|288000|1601|12808417|329637
1200000|1|6000|3|2|0|0|288000|1602|12816418|106648
1200000|1|6000|3|2|1|2|288000|1602|12816418|329799
1200000|1|6000|3|2|0|0|288000|1603|12824418|106361
1200000|1|6000|3|2|1|2|288000|1603|12824418|330784
1200000|1|6000|3|2|0|0|288000|1604|12832419|105910
1200000|1|6000|3|2|1|2|288000|1604|12832419|330865
1200000|1|6000|3|2|0|0|288000|1605|12840420|105541
1200000|1|6000|3|2|1|2|288000|1605|12840420|331068
1200000|1|6000|3|2|0|0|288000|1606|12848421|105090
1200000|1|6000|3|2|1|2|288000|1606|12848421|331480
1200000|1|6000|3|2|0|0|288000|1607|12856422|105008
1200000|1|6000|3|2|1|2|288000|1607|12856422|331808
1200000|1|6000|3|2|0|0|288000|1608|12864422|104844
1200000|1|6000|3|2|1|2|288000|1608|12864422|332340
1200000|1|6000|3|2|0|0|288000|1609|12872423|105131
1200000|1|6000|3|2|1|2|288000|1609|12872423|332711
1200000|1|6000|3|2|0|0|288000|1610|12880423|105377
1200000|1|6000|3|2|1|2|288000|1610|12880423|333080
1200000|1|6000|3|2|0|0|288000|1611|12888425|104803
1200000|1|6000|3|2|1|2|288000|1611|12888425|333200
1200000|1|6000|3|2|0|0|288000|1612|12896424|104229
1200000|1|6000|3|2|1|2|288000|1612|12896424|332631
1200000|1|6000|3|2|0|0|288000|1613|12904425|103614
1200000|1|6000|3|2|1|2|288000|1613|12904425|332257
1200000|1|6000|3|2|0|0|288000|1614|12912425|102876
1200000|1|6000|3|2|1|2|288000|1614|12912425|331482
1200000|1|6000|3|2|0|0|288000|1615|12920425|102425
1200000|1|6000|3|2|1|2|288000|1615|12920425|330579
1200000|1|6000|3|2|0|0|288000|1616|12928425|102138
1200000|1|6000|3|2|1|2|288000|1616|12928425|330168
1200000|1|6000|3|2|0|0|288000|1617|12936426|101195
1200000|1|6000|3|2|1|2|288000|1617|12936426|329922
1200000|1|6000|3|2|0|0|288000|1618|12944427|101154
1200000|1|6000|3|2|1|2|288000|1618|12944427|329224
1200000|1|6000|3|2|0|0|288000|1619|12952426|100826
1200000|1|6000|3|2|1|2|288000|1619|12952426|329307
1200000|1|6000|3|2|0|0|288000|1620|12960427|100785
1200000|1|6000|3|2|1|2|288000|1620|12960427|329594
1200000|1|6000|3|2|0|0|288000|1621|12968427|100334
1200000|1|6000|3|2|1|2|288000|1621|12968427|330414
1200000|1|6000|3|2|0|0|288000|1622|12976428|100457
1200000|1|6000|3|2|1|2|288000|1622|12976428|330165
1200000|1|6000|3|2|0|0|288000|1623|12984428|100334
1200000|1|6000|3|2|1|2|288000|1623|12984428|330414
1200000|1|6000|3|2|0|0|288000|1624|12992428|99719
1200000|1|6000|3|2|1|2|288000|1624|12992428|330371
1200000|1|6000|3|2|0|0|288000|1625|13000429|99227
1200000|1|6000|3|2|1|2|288000|1625|13000429|330086
1200000|1|6000|3|2|0|0|288000|1626|13008429|98653
1200000|1|6000|3|2|1|2|288000|1626|13008429|330127
1200000|1|6000|3|2|0|0|288000|1627|13016430|98940
1200000|1|6000|3|2|1|2|288000|1627|13016430|329924
1200000|1|6000|3|2|0|0|288000|1628|13024430|98530
1200000|1|6000|3|2|1|2|288000|1628|13024430|329800
1200000|1|6000|3|2|0|0|288000|1629|13032431|99022
1200000|1|6000|3|2|1|2|288000|1629|13032431|329431
1200000|1|6000|3|2|0|0|288000|1630|13040432|98407
1200000|1|6000|3|2|1|2|288000|1630|13040432|329718
1200000|1|6000|3|2|0|0|288000|1631|13048433|98858
1200000|1|6000|3|2|1|2|288000|1631|13048433|329100
1200000|1|6000|3|2|0|0|288000|1632|13056432|98489
1200000|1|6000|3|2|1|2|288000|1632|13056432|329307
1200000|1|6000|3|2|0|0|288000|1633|13064433|98694
1200000|1|6000|3|2|1|2|288000|1633|13064433|328813
1200000|1|6000|3|2|0|0|288000|1634|13072433|97792
1200000|1|6000|3|2|1|2|288000|1634|13072433|329268
1200000|1|6000|3|2|0|0|288000|1635|13080434|97095
1200000|1|6000|3|2|1|2|288000|1635|13080434|328857
1200000|1|6000|3|2|0|0|288000|1636|13088434|96521
1200000|1|6000|3|2|1|2|288000|1636|13088434|328650
1200000|1|6000|3|2|0|0|288000|1637|13096435|95619
1200000|1|6000|3|2|1|2|288000|1637|13096435|329101
1200000|1|6000|3|2|0|0|288000|1638|13104436|95127
1200000|1|6000|3|2|1|2|288000|1638|13104436|328857
1200000|1|6000|3|2|0|0|288000|1639|13112436|94553
1200000|1|6000|3|2|1|2|288000|1639|13112436|329430
1200000|1|6000|3|2|0|0|288000|1640|13120437|94676
1200000|1|6000|3|2|1|2|288000|1640|13120437|329265
1200000|1|6000|3|2|0|0|288000|1641|13128438|94143
1200000|1|6000|3|2|1|2|288000|1641|13128438|329390
1200000|1|6000|3|2|0|0|288000|1642|13136438|94102
1200000|1|6000|3|2|1|2|288000|1642|13136438|328813
1200000|1|6000|3|2|0|0|288000|1643|13144438|94102
1200000|1|6000|3|2|1|2|288000|1643|13144438|328529
1200000|1|6000|3|2|0|0|288000|1644|13152437|93651
1200000|1|6000|3|2|1|2|288000|1644|13152437|329018
1200000|1|6000|3|2|0|0|288000|1645|13160439|93118
1200000|1|6000|3|2|1|2|288000|1645|13160439|328692
1200000|1|6000|3|2|0|0|288000|1646|13168439|92380
1200000|1|6000|3|2|1|2|288000|1646|13168439|329431
1200000|1|6000|3|2|0|0|288000|1647|13176440|92298
1200000|1|6000|3|2|1|2|288000|1647|13176440|329102
1200000|1|6000|3|2|0|0|288000|1648|13184441|92462
1200000|1|6000|3|2|1|2|288000|1648|13184441|329349
1200000|1|6000|3|2|0|0|288000|1649|13192441|92585
1200000|1|6000|3|2|1|2|288000|1649|13192441|329185
1200000|1|6000|3|2|0|0|288000|1650|13200442|92544
1200000|1|6000|3|2|1|2|288000|1650|13200442|329512
1200000|1|6000|3|2|0|0|288000|1651|13208442|92708
1200000|1|6000|3|2|1|2|288000|1651|13208442|329267
1200000|1|6000|3|2|0|0|288000|1652|13216443|92585
1200000|1|6000|3|2|1|2|288000|1652|13216443|329555
1200000|1|6000|3|2|0|0|288000|1653|13224443|92708
1200000|1|6000|3|2|1|2|288000|1653|13224443|329510
1200000|1|6000|3|2|0|0|288000|1654|13232444|92585
1200000|1|6000|3|2|1|2|288000|1654|13232444|329306
1200000|1|6000|3|2|0|0|288000|1655|13240443|91929
1200000|1|6000|3|2|1|2|288000|1655|13240443|329881
1200000|1|6000|3|2|0|0|288000|1656|13248444|90781
1200000|1|6000|3|2|1|2|288000|1656|13248444|329636
1200000|1|6000|3|2|0|0|288000|1657|13256445|90084
1200000|1|6000|3|2|1|2|288000|1657|13256445|329840
1200000|1|6000|3|2|0|0|288000|1658|13264446|89592
1200000|1|6000|3|2|1|2|288000|1658|13264446|329756
1200000|1|6000|3|2|0|0|288000|1659|13272446|89592
1200000|1|6000|3|2|1|2|288000|1659|13272446|330620
1200000|1|6000|3|2|0|0|288000|1660|13280446|89182
1200000|1|6000|3|2|1|2|288000|1660|13280446|331030
1200000|1|6000|3|2|0|0|288000|1661|13288447|88198
1200000|1|6000|3|2|1|2|288000|1661|13288447|331849
1200000|1|6000|3|2|0|0|288000|1662|13296447|88034
1200000|1|6000|3|2|1|2|288000|1662|13296447|332095
1200000|1|6000|3|2|0|0|288000|1663|13304448|88485
1200000|1|6000|3|2|1|2|288000|1663|13304448|332589
1200000|1|6000|3|2|0|0|288000|1664|13312448|89387
1200000|1|6000|3|2|1|2|288000|1664|13312448|332671
1200000|1|6000|3|2|0|0|288000|1665|13320448|89961
1200000|1|6000|3|2|1|2|288000|1665|13320448|332626
1200000|1|6000|3|2|0|0|288000|1666|13328447|90412
1200000|1|6000|3|2|1|2|288000|1666|13328447|331562
1200000|1|6000|3|2|0|0|288000|1667|13336446|90986
1200000|1|6000|3|2|1|2|288000|1667|13336446|330046
1200000|1|6000|3|2|0|0|288000|1668|13344445|91273
1200000|1|6000|3|2|1|2|288000|1668|13344445|329554
1200000|1|6000|3|2|0|0|288000|1669|13352445|91724
1200000|1|6000|3|2|1|2|288000|1669|13352445|328733
1200000|1|6000|3|2|0|0|288000|1670|13360444|91437
1200000|1|6000|3|2|1|2|288000|1670|13360444|328609
1200000|1|6000|3|2|0|0|288000|1671|13368444|91109
1200000|1|6000|3|2|1|2|288000|1671|13368444|327994
1200000|1|6000|3|2|0|0|288000|1672|13376443|90822
1200000|1|6000|3|2|1|2|288000|1672|13376443|328609
1200000|1|6000|3|2|0|0|288000|1673|13384444|91519
1200000|1|6000|3|2|1|2|288000|1673|13384444|329308
1200000|1|6000|3|2|0|0|288000|1674|13392445|92052
1200000|1|6000|3|2|1|2|288000|1674|13392445|330006
1200000|1|6000|3|2|0|0|288000|1675|13400446|92790
1200000|1|6000|3|2|1|2|288000|1675|13400446|330251
1200000|1|6000|3|2|0|0|288000|1676|13408446|93692
1200000|1|6000|3|2|1|2|288000|1676|13408446|330620
1200000|1|6000|3|2|0|0|288000|1677|13416447|94471
1200000|1|6000|3|2|1|2|288000|1677|13416447|330658
1200000|1|6000|3|2|0|0|288000|1678|13424447|95332
1200000|1|6000|3|2|1|2|288000|1678|13424447|330537
1200000|1|6000|3|2|0|0|288000|1679|13432448|96152
1200000|1|6000|3|2|1|2|288000|1679|13432448|329880
1200000|1|6000|3|2|0|0|288000|1680|13440447|96316
1200000|1|6000|3|2|1|2|288000|1680|13440447|329636
1200000|1|6000|3|2|0|0|288000|1681|13448448|96521
1200000|1|6000|3|2|1|2|288000|1681|13448448|329678
1200000|1|6000|3|2|0|0|288000|1682|13456448|96849
1200000|1|6000|3|2|1|2|288000|1682|13456448|330415
1200000|1|6000|3|2|0|0|288000|1683|13464448|97259
1200000|1|6000|3|2|1|2|288000|1683|13464448|330988
1200000|1|6000|3|2|0|0|288000|1684|13472449|97833
1200000|1|6000|3|2|1|2|288000|1684|13472449|331277
1200000|1|6000|3|2|0|0|288000|1685|13480449|97833
1200000|1|6000|3|2|1|2|288000|1685|13480449|331809
1200000|1|6000|3|2|0|0|288000|1686|13488449|97300
1200000|1|6000|3|2|1|2|288000|1686|13488449|332257
1200000|1|6000|3|2|0|0|288000|1687|13496450|96603
1200000|1|6000|3|2|1|2|288000|1687|13496450|332180
1200000|1|6000|3|2|0|0|288000|1688|13504449|96316
1200000|1|6000|3|2|1|2|288000|1688|13504449|331565
1200000|1|6000|3|2|0|0|288000|1689|13512449|95742
1200000|1|6000|3|2|1|2|288000|1689|13512449|331031
1200000|1|6000|3|2|0|0|288000|1690|13520448|95701
1200000|1|6000|3|2|1|2|288000|1690|13520448|330824
1200000|1|6000|3|2|0|0|288000|1691|13528447|95291
1200000|1|6000|3|2|1|2|288000|1691|13528447|330784
1200000|1|6000|3|2|0|0|288000|1692|13536447|95045
1200000|1|6000|3|2|1|2|288000|1692|13536447|330945
1200000|1|6000|3|2|0|0|288000|1693|13544447|95455
1200000|1|6000|3|2|1|2|288000|1693|13544447|330783
1200000|1|6000|3|2|0|0|288000|1694|13552446|96029
1200000|1|6000|3|2|1|2|288000|1694|13552446|331479
1200000|1|6000|3|2|0|0|288000|1695|13560447|96070
1200000|1|6000|3|2|1|2|288000|1695|13560447|331683
1200000|1|6000|3|2|0|0|288000|1696|13568447|95414
1200000|1|6000|3|2|1|2|288000|1696|13568447|331031
1200000|1|6000|3|2|0|0|288000|1697|13576447|95660
1200000|1|6000|3|2|1|2|288000|1697|13576447|330124
1200000|1|6000|3|2|0|0|288000|1698|13584446|95414
1200000|1|6000|3|2|1|2|288000|1698|13584446|329594
1200000|1|6000|3|2|0|0|288000|1699|13592446|95619
1200000|1|6000|3|2|1|2|288000|1699|13592446|328981
1200000|1|6000|3|2|0|0|288000|1700|13600446|94922
1200000|1|6000|3|2|1|2|288000|1700|13600446|328404
1200000|1|6000|3|2|0|0|288000|1701|13608445|94840
1200000|1|6000|3|2|1|2|288000|1701|13608445|327626
1200000|1|6000|3|2|0|0|288000|1702|13616445|94676
1200000|1|6000|3|2|1|2|288000|1702|13616445|327955
1200000|1|6000|3|2|0|0|288000|1703|13624445|94799
1200000|1|6000|3|2|1|2|288000|1703|13624445|328202
1200000|1|6000|3|2|0|0|288000|1704|13632446|94512
1200000|1|6000|3|2|1|2|288000|1704|13632446|328609
1200000|1|6000|3|2|0|0|288000|1705|13640447|94840
1200000|1|6000|3|2|1|2|288000|1705|13640447|329919
1200000|1|6000|3|2|0|0|288000|1706|13648448|94799
1200000|1|6000|3|2|1|2|288000|1706|13648448|330824
1200000|1|6000|3|2|0|0|288000|1707|13656450|94840
1200000|1|6000|3|2|1|2|288000|1707|13656450|331521
1200000|1|6000|3|2|0|0|288000|1708|13664451|94840
1200000|1|6000|3|2|1|2|288000|1708|13664451|332180
1200000|1|6000|3|2|0|0|288000|1709|13672452|94512
1200000|1|6000|3|2|1|2|288000|1709|13672452|332671
1200000|1|6000|3|2|0|0|288000|1710|13680452|94348
1200000|1|6000|3|2|1|2|288000|1710|13680452|333326
1200000|1|6000|3|2|0|0|288000|1711|13688454|93569
1200000|1|6000|3|2|1|2|288000|1711|13688454|334310
1200000|1|6000|3|2|0|0|288000|1712|13696455|93323
1200000|1|6000|3|2|1|2|288000|1712|13696455|334885
1200000|1|6000|3|2|0|0|288000|1713|13704456|92831
1200000|1|6000|3|2|1|2|288000|1713|13704456|335252
1200000|1|6000|3|2|0|0|288000|1714|13712457|92134
1200000|1|6000|3|2|1|2|288000|1714|13712457|335047
1200000|1|6000|3|2|0|0|288000|1715|13720458|92503
1200000|1|6000|3|2|1|2|288000|1715|13720458|335949
1200000|1|6000|3|2|0|0|288000|1716|13728460|93405
1200000|1|6000|3|2|1|2|288000|1716|13728460|336279
1200000|1|6000|3|2|0|0|288000|1717|13736461|93651
1200000|1|6000|3|2|1|2|288000|1717|13736461|336236
1200000|1|6000|3|2|0|0|288000|1718|13744461|93856
1200000|1|6000|3|2|1|2|288000|1718|13744461|335909
1200000|1|6000|3|2|0|0|288000|1719|13752461|94020
1200000|1|6000|3|2|1|2|288000|1719|13752461|335907
1200000|1|6000|3|2|0|0|288000|1720|13760462|93938
1200000|1|6000|3|2|1|2|288000|1720|13760462|336565
1200000|1|6000|3|2|0|0|288000|1721|13768462|94348
1200000|1|6000|3|2|1|2|288000|1721|13768462|336973
1200000|1|6000|3|2|0|0|288000|1722|13776463|94020
1200000|1|6000|3|2|1|2|288000|1722|13776463|337711
1200000|1|6000|3|2|0|0|288000|1723|13784464|94512
1200000|1|6000|3|2|1|2|288000|1723|13784464|337795
1200000|1|6000|3|2|0|0|288000|1724|13792464|94512
1200000|1|6000|3|2|1|2|288000|1724|13792464|338532
1200000|1|6000|3|2|0|0|288000|1725|13800465|94225
1200000|1|6000|3|2|1|2|288000|1725|13800465|337795
1200000|1|6000|3|2|0|0|288000|1726|13808464|94389
1200000|1|6000|3|2|1|2|288000|1726|13808464|337751
1200000|1|6000|3|2|0|0|288000|1727|13816464|93979
1200000|1|6000|3|2|1|2|288000|1727|13816464|336853
1200000|1|6000|3|2|0|0|288000|1728|13824464|93569
1200000|1|6000|3|2|1|2|288000|1728|13824464|336031
1200000|1|6000|3|2|0|0|288000|1729|13832464|93446
1200000|1|6000|3|2|1|2|288000|1729|13832464|335701
1200000|1|6000|3|2|0|0|288000|1730|13840464|92544
1200000|1|6000|3|2|1|2|288000|1730|13840464|335621
1200000|1|6000|3|2|0|0|288000|1731|13848465|91970
1200000|1|6000|3|2|1|2|288000|1731|13848465|335459
1200000|1|6000|3|2|0|0|288000|1732|13856465|91314
1200000|1|6000|3|2|1|2|288000|1732|13856465|335499
1200000|1|6000|3|2|0|0|288000|1733|13864465|90371
1200000|1|6000|3|2|1|2|288000|1733|13864465|335867
1200000|1|6000|3|2|0|0|288000|1734|13872466|89920
1200000|1|6000|3|2|1|2|288000|1734|13872466|334962
1200000|1|6000|3|2|0|0|288000|1735|13880467|88936
1200000|1|6000|3|2|1|2|288000|1735|13880467|334391
1200000|1|6000|3|2|0|0|288000|1736|13888467|88280
1200000|1|6000|3|2|1|2|288000|1736|13888467|333775
1200000|1|6000|3|2|0|0|288000|1737|13896467|87460
1200000|1|6000|3|2|1|2|288000|1737|13896467|333079
1200000|1|6000|3|2|0|0|288000|1738|13904468|86722
1200000|1|6000|3|2|1|2|288000|1738|13904468|332548
1200000|1|6000|3|2|0|0|288000|1739|13912468|85820
1200000|1|6000|3|2|1|2|288000|1739|13912468|331726
1200000|1|6000|3|2|0|0|288000|1740|13920468|84877
1200000|1|6000|3|2|1|2|288000|1740|13920468|331194
1200000|1|6000|3|2|0|0|288000|1741|13928468|84631
1200000|1|6000|3|2|1|2|288000|1741|13928468|331314
1200000|1|6000|3|2|0|0|288000|1742|13936468|84262
1200000|1|6000|3|2|1|2|288000|1742|13936468|331644
1200000|1|6000|3|2|0|0|288000|1743|13944469|83401
1200000|1|6000|3|2|1|2|288000|1743|13944469|331441
1200000|1|6000|3|2|0|0|288000|1744|13952468|82622
1200000|1|6000|3|2|1|2|288000|1744|13952468|330988
1200000|1|6000|3|2|0|0|288000|1745|13960469|82253
1200000|1|6000|3|2|1|2|288000|1745|13960469|330576
1200000|1|6000|3|2|0|0|288000|1746|13968468|82868
1200000|1|6000|3|2|1|2|288000|1746|13968468|330084
1200000|1|6000|3|2|0|0|288000|1747|13976468|83278
1200000|1|6000|3|2|1|2|288000|1747|13976468|330126
1200000|1|6000|3|2|0|0|288000|1748|13984469|84180
1200000|1|6000|3|2|1|2|288000|1748|13984469|330988
1200000|1|6000|3|2|0|0|288000|1749|13992470|84508
1200000|1|6000|3|2|1|2|288000|1749|13992470|331564
1200000|1|6000|3|2|0|0|288000|1750|14000471|85205
1200000|1|6000|3|2|1|2|288000|1750|14000471|332097
1200000|1|6000|3|2|0|0|288000|1751|14008471|85656
1200000|1|6000|3|2|1|2|288000|1751|14008471|332995
1200000|1|6000|3|2|0|0|288000|1752|14016472|85861
1200000|1|6000|3|2|1|2|288000|1752|14016472|333612
1200000|1|6000|3|2|0|0|288000|1753|14024473|86025
1200000|1|6000|3|2|1|2|288000|1753|14024473|334350
1200000|1|6000|3|2|0|0|288000|1754|14032474|86517
1200000|1|6000|3|2|1|2|288000|1754|14032474|334716
1200000|1|6000|3|2|0|0|288000|1755|14040474|87501
1200000|1|6000|3|2|1|2|288000|1755|14040474|335376
1200000|1|6000|3|2|0|0|288000|1756|14048475|87829
1200000|1|6000|3|2|1|2|288000|1756|14048475|335211
1200000|1|6000|3|2|0|0|288000|1757|14056475|88895
1200000|1|6000|3|2|1|2|288000|1757|14056475|335622
1200000|1|6000|3|2|0|0|288000|1758|14064477|89715
1200000|1|6000|3|2|1|2|288000|1758|14064477|337017
1200000|1|6000|3|2|0|0|288000|1759|14072480|91314
1200000|1|6000|3|2|1|2|288000|1759|14072480|337136
1200000|1|6000|3|2|0|0|288000|1760|14080481|91519
1200000|1|6000|3|2|1|2|288000|1760|14080481|338205
1200000|1|6000|3|2|0|0|288000|1761|14088483|91601
1200000|1|6000|3|2|1|2|288000|1761|14088483|338819
1200000|1|6000|3|2|0|0|288000|1762|14096484|90781
1200000|1|6000|3|2|1|2|288000|1762|14096484|338488
1200000|1|6000|3|2|0|0|288000|1763|14104484|90699
1200000|1|6000|3|2|1|2|288000|1763|14104484|338164
1200000|1|6000|3|2|0|0|288000|1764|14112483|90207
1200000|1|6000|3|2|1|2|288000|1764|14112483|337260
1200000|1|6000|3|2|0|0|288000|1765|14120483|90207
1200000|1|6000|3|2|1|2|288000|1765|14120483|337466
1200000|1|6000|3|2|0|0|288000|1766|14128483|90330
1200000|1|6000|3|2|1|2|288000|1766|14128483|336812
1200000|1|6000|3|2|0|0|288000|1767|14136483|90453
1200000|1|6000|3|2|1|2|288000|1767|14136483|337017
1200000|1|6000|3|2|0|0|288000|1768|14144484|90863
1200000|1|6000|3|2|1|2|288000|1768|14144484|336073
1200000|1|6000|3|2|0|0|288000|1769|14152483|91150
1200000|1|6000|3|2|1|2|288000|1769|14152483|336402
1200000|1|6000|3|2|0|0|288000|1770|14160483|91273
1200000|1|6000|3|2|1|2|288000|1770|14160483|336155
1200000|1|6000|3|2|0|0|288000|1771|14168483|91232
1200000|1|6000|3|2|1|2|288000|1771|14168483|336154
1200000|1|6000|3|2|0|0|288000|1772|14176483|91232
1200000|1|6000|3|2|1|2|288000|1772|14176483|335581
1200000|1|6000|3|2|0|0|288000|1773|14184483|90945
1200000|1|6000|3|2|1|2|288000|1773|14184483|335089
1200000|1|6000|3|2|0|0|288000|1774|14192483|91437
1200000|1|6000|3|2|1|2|288000|1774|14192483|334392
1200000|1|6000|3|2|0|0|288000|1775|14200482|90945
1200000|1|6000|3|2|1|2|288000|1775|14200482|334062
1200000|1|6000|3|2|0|0|288000|1776|14208482|89838
1200000|1|6000|3|2|1|2|288000|1776|14208482|333735
1200000|1|6000|3|2|0|0|288000|1777|14216482|89018
1200000|1|6000|3|2|1|2|288000|1777|14216482|333367
1200000|1|6000|3|2|0|0|288000|1778|14224483|87993
1200000|1|6000|3|2|1|2|288000|1778|14224483|333735
1200000|1|6000|3|2|0|0|288000|1779|14232484|86763
1200000|1|6000|3|2|1|2|288000|1779|14232484|334388
1200000|1|6000|3|2|0|0|288000|1780|14240485|85902
1200000|1|6000|3|2|1|2|288000|1780|14240485|334966
1200000|1|6000|3|2|0|0|288000|1781|14248486|85328
1200000|1|6000|3|2|1|2|288000|1781|14248486|335742
1200000|1|6000|3|2|0|0|288000|1782|14256486|84877
1200000|1|6000|3|2|1|2|288000|1782|14256486|335950
1200000|1|6000|3|2|0|0|288000|1783|14264487|85123
1200000|1|6000|3|2|1|2|288000|1783|14264487|336279
1200000|1|6000|3|2|0|0|288000|1784|14272487|84754
1200000|1|6000|3|2|1|2|288000|1784|14272487|336525
1200000|1|6000|3|2|0|0|288000|1785|14280488|85082
1200000|1|6000|3|2|1|2|288000|1785|14280488|336524
1200000|1|6000|3|2|0|0|288000|1786|14288488|84918
1200000|1|6000|3|2|1|2|288000|1786|14288488|335540
1200000|1|6000|3|2|0|0|288000|1787|14296487|84959
1200000|1|6000|3|2|1|2|288000|1787|14296487|335744
1200000|1|6000|3|2|0|0|288000|1788|14304487|84549
1200000|1|6000|3|2|1|2|288000|1788|14304487|335294
1200000|1|6000|3|2|0|0|288000|1789|14312486|84467
1200000|1|6000|3|2|1|2|288000|1789|14312486|335498
1200000|1|6000|3|2|0|0|288000|1790|14320486|84467
1200000|1|6000|3|2|1|2|288000|1790|14320486|335170
1200000|1|6000|3|2|0|0|288000|1791|14328486|84836
1200000|1|6000|3|2|1|2|288000|1791|14328486|335580
1200000|1|6000|3|2|0|0|288000|1792|14336486|84754
1200000|1|6000|3|2|1|2|288000|1792|14336486|335334
1200000|1|6000|3|2|0|0|288000|1793|14344486|84385
1200000|1|6000|3|2|1|2|288000|1793|14344486|336277
1200000|1|6000|3|2|0|0|288000|1794|14352486|84672
1200000|1|6000|3|2|1|2|288000|1794|14352486|336030
1200000|1|6000|3|2|0|0|288000|1795|14360486|84385
1200000|1|6000|3|2|1|2|288000|1795|14360486|336319
1200000|1|6000|3|2|0|0|288000|1796|14368486|84631
1200000|1|6000|3|2|1|2|288000|1796|14368486|335990
1200000|1|6000|3|2|0|0|288000|1797|14376486|84467
1200000|1|6000|3|2|1|2|288000|1797|14376486|335828
1200000|1|6000|3|2|0|0|288000|1798|14384486|84590
1200000|1|6000|3|2|1|2|288000|1798|14384486|335992
1200000|1|6000|3|2|0|0|288000|1799|14392486|84221
1200000|1|6000|3|2|1|2|288000|1799|14392486|336155
1200000|1|6000|3|2|0|0|288000|1800|14400486|84590
1200000|1|6000|3|2|1|2|288000|1800|14400486|336236
1200000|1|6000|3|2|0|0|288000|1801|14408486|84344
1200000|1|6000|3|2|1|2|288000|1801|14408486|335621
1200000|1|6000|3|2|0|0|288000|1802|14416486|84754
1200000|1|6000|3|2|1|2|288000|1802|14416486|335498
1200000|1|6000|3|2|0|0|288000|1803|14424485|84918
1200000|1|6000|3|2|1|2|288000|1803|14424485|335498
1200000|1|6000|3|2|0|0|288000|1804|14432485|84836
1200000|1|6000|3|2|1|2|288000|1804|14432485|335583
1200000|1|6000|3|2|0|0|288000|1805|14440485|85246
1200000|1|6000|3|2|1|2|288000|1805|14440485|335580
1200000|1|6000|3|2|0|0|288000|1806|14448485|85369
1200000|1|6000|3|2|1|2|288000|1806|14448485|335662
1200000|1|6000|3|2|0|0|288000|1807|14456484|86025
1200000|1|6000|3|2|1|2|288000|1807|14456484|336362
1200000|1|6000|3|2|0|0|288000|1808|14464485|85902
1200000|1|6000|3|2|1|2|288000|1808|14464485|337795
1200000|1|6000|3|2|0|0|288000|1809|14472486|86435
1200000|1|6000|3|2|1|2|288000|1809|14472486|338327
1200000|1|6000|3|2|0|0|288000|1810|14480487|85902
1200000|1|6000|3|2|1|2|288000|1810|14480487|339065
1200000|1|6000|3|2|0|0|288000|1811|14488488|86189
1200000|1|6000|3|2|1|2|288000|1811|14488488|340129
1200000|1|6000|3|2|0|0|288000|1812|14496489|86271
1200000|1|6000|3|2|1|2|288000|1812|14496489|340664
1200000|1|6000|3|2|0|0|288000|1813|14504489|85574
1200000|1|6000|3|2|1|2|288000|1813|14504489|341979
1200000|1|6000|3|2|0|0|288000|1814|14512491|85164
1200000|1|6000|3|2|1|2|288000|1814|14512491|342346
1200000|1|6000|3|2|0|0|288000|1815|14520491|84877
1200000|1|6000|3|2|1|2|288000|1815|14520491|342998
1200000|1|6000|3|2|0|0|288000|1816|14528491|84385
1200000|1|6000|3|2|1|2|288000|1816|14528491|343001
1200000|1|6000|3|2|0|0|288000|1817|14536492|83893
1200000|1|6000|3|2|1|2|288000|1817|14536492|343944
1200000|1|6000|3|2|0|0|288000|1818|14544493|83360
1200000|1|6000|3|2|1|2|288000|1818|14544493|344720
1200000|1|6000|3|2|0|0|288000|1819|14552494|82827
1200000|1|6000|3|2|1|2|288000|1819|14552494|345545
1200000|1|6000|3|2|0|0|288000|1820|14560494|82622
1200000|1|6000|3|2|1|2|288000|1820|14560494|346647
1200000|1|6000|3|2|0|0|288000|1821|14568495|81884
1200000|1|6000|3|2|1|2|288000|1821|14568495|347595
1200000|1|6000|3|2|0|0|288000|1822|14576495|81720
1200000|1|6000|3|2|1|2|288000|1822|14576495|348698
1200000|1|6000|3|2|0|0|288000|1823|14584497|81187
1200000|1|6000|3|2|1|2|288000|1823|14584497|349435
1200000|1|6000|3|2|0|0|288000|1824|14592498|80982
1200000|1|6000|3|2|1|2|288000|1824|14592498|349276
1200000|1|6000|3|2|0|0|288000|1825|14600498|80613
1200000|1|6000|3|2|1|2|288000|1825|14600498|349354
1200000|1|6000|3|2|0|0|288000|1826|14608499|79875
1200000|1|6000|3|2|1|2|288000|1826|14608499|349275
1200000|1|6000|3|2|0|0|288000|1827|14616500|79834
1200000|1|6000|3|2|1|2|288000|1827|14616500|349273
1200000|1|6000|3|2|0|0|288000|1828|14624501|80531
1200000|1|6000|3|2|1|2|288000|1828|14624501|349644
1200000|1|6000|3|2|0|0|288000|1829|14632502|80080
1200000|1|6000|3|2|1|2|288000|1829|14632502|349891
1200000|1|6000|3|2|0|0|288000|1830|14640502|79219
1200000|1|6000|3|2|1|2|288000|1830|14640502|349358
1200000|1|6000|3|2|0|0|288000|1831|14648502|78850
1200000|1|6000|3|2|1|2|288000|1831|14648502|349397
1200000|1|6000|3|2|0|0|288000|1832|14656502|78030
1200000|1|6000|3|2|1|2|288000|1832|14656502|348783
1200000|1|6000|3|2|0|0|288000|1833|14664502|77333
1200000|1|6000|3|2|1|2|288000|1833|14664502|348045
1200000|1|6000|3|2|0|0|288000|1834|14672501|76964
1200000|1|6000|3|2|1|2|288000|1834|14672501|347798
1200000|1|6000|3|2|0|0|288000|1835|14680501|75324
1200000|1|6000|3|2|1|2|288000|1835|14680501|347102
1200000|1|6000|3|2|0|0|288000|1836|14688501|74955
1200000|1|6000|3|2|1|2|288000|1836|14688501|346815
1200000|1|6000|3|2|0|0|288000|1837|14696501|75037
1200000|1|6000|3|2|1|2|288000|1837|14696501|346938
1200000|1|6000|3|2|0|0|288000|1838|14704502|74996
1200000|1|6000|3|2|1|2|288000|1838|14704502|347389
1200000|1|6000|3|2|0|0|288000|1839|14712504|74996
1200000|1|6000|3|2|1|2|288000|1839|14712504|347593
1200000|1|6000|3|2|0|0|288000|1840|14720505|75283
1200000|1|6000|3|2|1|2|288000|1840|14720505|347349
1200000|1|6000|3|2|0|0|288000|1841|14728506|75242
1200000|1|6000|3|2|1|2|288000|1841|14728506|347759
1200000|1|6000|3|2|0|0|288000|1842|14736507|75611
1200000|1|6000|3|2|1|2|288000|1842|14736507|347552
1200000|1|6000|3|2|0|0|288000|1843|14744508|75734
1200000|1|6000|3|2|1|2|288000|1843|14744508|348288
1200000|1|6000|3|2|0|0|288000|1844|14752509|75939
1200000|1|6000|3|2|1|2|288000|1844|14752509|347715
1200000|1|6000|3|2|0|0|288000|1845|14760509|76677
1200000|1|6000|3|2|1|2|288000|1845|14760509|347964
1200000|1|6000|3|2|0|0|288000|1846|14768510|76964
1200000|1|6000|3|2|1|2|288000|1846|14768510|348497
1200000|1|6000|3|2|0|0|288000|1847|14776510|76923
1200000|1|6000|3|2|1|2|288000|1847|14776510|349193
1200000|1|6000|3|2|0|0|288000|1848|14784512|76677
1200000|1|6000|3|2|1|2|288000|1848|14784512|349768
1200000|1|6000|3|2|0|0|288000|1849|14792512|76923
1200000|1|6000|3|2|1|2|288000|1849|14792512|350054
1200000|1|6000|3|2|0|0|288000|1850|14800513|76718
1200000|1|6000|3|2|1|2|288000|1850|14800513|350463
1200000|1|6000|3|2|0|0|288000|1851|14808514|77046
1200000|1|6000|3|2|1|2|288000|1851|14808514|349973
1200000|1|6000|3|2|0|0|288000|1852|14816514|76472
1200000|1|6000|3|2|1|2|288000|1852|14816514|349562
1200000|1|6000|3|2|0|0|288000|1853|14824514|76554
1200000|1|6000|3|2|1|2|288000|1853|14824514|348577
1200000|1|6000|3|2|0|0|288000|1854|14832513|76267
1200000|1|6000|3|2|1|2|288000|1854|14832513|348780
1200000|1|6000|3|2|0|0|288000|1855|14840512|76841
1200000|1|6000|3|2|1|2|288000|1855|14840512|348783
1200000|1|6000|3|2|0|0|288000|1856|14848512|76923
1200000|1|6000|3|2|1|2|288000|1856|14848512|349275
1200000|1|6000|3|2|0|0|288000|1857|14856512|77251
1200000|1|6000|3|2|1|2|288000|1857|14856512|349274
1200000|1|6000|3|2|0|0|288000|1858|14864512|77497
1200000|1|6000|3|2|1|2|288000|1858|14864512|349436
1200000|1|6000|3|2|0|0|288000|1859|14872511|78358
1200000|1|6000|3|2|1|2|288000|1859|14872511|349849
1200000|1|6000|3|2|0|0|288000|1860|14880511|78440
1200000|1|6000|3|2|1|2|288000|1860|14880511|350505
1200000|1|6000|3|2|0|0|288000|1861|14888512|78973
1200000|1|6000|3|2|1|2|288000|1861|14888512|350096
1200000|1|6000|3|2|0|0|288000|1862|14896512|79137
1200000|1|6000|3|2|1|2|288000|1862|14896512|349234
1200000|1|6000|3|2|0|0|288000|1863|14904512|79014
1200000|1|6000|3|2|1|2|288000|1863|14904512|348618
1200000|1|6000|3|2|0|0|288000|1864|14912511|78891
1200000|1|6000|3|2|1|2|288000|1864|14912511|347755
1200000|1|6000|3|2|0|0|288000|1865|14920511|78645
1200000|1|6000|3|2|1|2|288000|1865|14920511|347922
1200000|1|6000|3|2|0|0|288000|1866|14928510|77989
1200000|1|6000|3|2|1|2|288000|1866|14928510|346938
1200000|1|6000|3|2|0|0|288000|1867|14936509|78276
1200000|1|6000|3|2|1|2|288000|1867|14936509|346651
1200000|1|6000|3|2|0|0|288000|1868|14944508|77661
1200000|1|6000|3|2|1|2|288000|1868|14944508|346283
1200000|1|6000|3|2|0|0|288000|1869|14952508|77128
1200000|1|6000|3|2|1|2|288000|1869|14952508|346857
1200000|1|6000|3|2|0|0|288000|1870|14960507|76636
1200000|1|6000|3|2|1|2|288000|1870|14960507|346571
1200000|1|6000|3|2|0|0|288000|1871|14968507|75857
1200000|1|6000|3|2|1|2|288000|1871|14968507|346733
1200000|1|6000|3|2|0|0|288000|1872|14976506|75652
1200000|1|6000|3|2|1|2|288000|1872|14976506|345871
1200000|1|6000|3|2|0|0|288000|1873|14984504|76308
1200000|1|6000|3|2|1|2|288000|1873|14984504|345463
1200000|1|6000|3|2|0|0|288000|1874|14992503|75939
1200000|1|6000|3|2|1|2|288000|1874|14992503|344888
1200000|1|6000|3|2|0|0|288000|1875|15000502|75365
1200000|1|6000|3|2|1|2|288000|1875|15000502|344560
1200000|1|6000|3|2|0|0|288000|1876|15008501|74627
1200000|1|6000|3|2|1|2|288000|1876|15008501|344352
1200000|1|6000|3|2|0|0|288000|1877|15016502|74299
1200000|1|6000|3|2|1|2|288000|1877|15016502|344684
1200000|1|6000|3|2|0|0|288000|1878|15024502|73520
1200000|1|6000|3|2|1|2|288000|1878|15024502|344888
1200000|1|6000|3|2|0|0|288000|1879|15032502|73315
1200000|1|6000|3|2|1|2|288000|1879|15032502|345216
1200000|1|6000|3|2|0|0|288000|1880|15040502|71921
1200000|1|6000|3|2|1|2|288000|1880|15040502|345543
1200000|1|6000|3|2|0|0|288000|1881|15048502|72003
1200000|1|6000|3|2|1|2|288000|1881|15048502|345544
1200000|1|6000|3|2|0|0|288000|1882|15056501|71798
1200000|1|6000|3|2|1|2|288000|1882|15056501|345994
1200000|1|6000|3|2|0|0|288000|1883|15064502|71757
1200000|1|6000|3|2|1|2|288000|1883|15064502|347060
1200000|1|6000|3|2|0|0|288000|1884|15072503|71306
1200000|1|6000|3|2|1|2|288000|1884|15072503|347921
1200000|1|6000|3|2|0|0|288000|1885|15080503|70732
1200000|1|6000|3|2|1|2|288000|1885|15080503|348372
1200000|1|6000|3|2|0|0|288000|1886|15088504|70527
1200000|1|6000|3|2|1|2|288000|1886|15088504|349600
1200000|1|6000|3|2|0|0|288000|1887|15096505|70281
1200000|1|6000|3|2|1|2|288000|1887|15096505|350010
1200000|1|6000|3|2|0|0|288000|1888|15104506|70281
1200000|1|6000|3|2|1|2|288000|1888|15104506|351449
1200000|1|6000|3|2|0|0|288000|1889|15112507|69297
1200000|1|6000|3|2|1|2|288000|1889|15112507|351982
1200000|1|6000|3|2|0|0|288000|1890|15120508|69092
1200000|1|6000|3|2|1|2|288000|1890|15120508|353252
1200000|1|6000|3|2|0|0|288000|1891|15128509|68764
1200000|1|6000|3|2|1|2|288000|1891|15128509|353047
1200000|1|6000|3|2|0|0|288000|1892|15136509|68231
1200000|1|6000|3|2|1|2|288000|1892|15136509|353457
1200000|1|6000|3|2|0|0|288000|1893|15144510|68190
1200000|1|6000|3|2|1|2|288000|1893|15144510|353416
1200000|1|6000|3|2|0|0|288000|1894|15152510|68559
1200000|1|6000|3|2|1|2|288000|1894|15152510|354155
1200000|1|6000|3|2|0|0|288000|1895|15160511|68108
1200000|1|6000|3|2|1|2|288000|1895|15160511|354358
1200000|1|6000|3|2|0|0|288000|1896|15168512|67657
1200000|1|6000|3|2|1|2|288000|1896|15168512|354479
1200000|1|6000|3|2|0|0|288000|1897|15176512|67247
1200000|1|6000|3|2|1|2|288000|1897|15176512|354482
1200000|1|6000|3|2|0|0|288000|1898|15184512|67288
1200000|1|6000|3|2|1|2|288000|1898|15184512|354236
1200000|1|6000|3|2|0|0|288000|1899|15192512|66919
1200000|1|6000|3|2|1|2|288000|1899|15192512|353822
1200000|1|6000|3|2|0|0|288000|1900|15200512|66878
1200000|1|6000|3|2|1|2|288000|1900|15200512|352637
1200000|1|6000|3|2|0|0|288000|1901|15208511|66837
1200000|1|6000|3|2|1|2|288000|1901|15208511|352551
1200000|1|6000|3|2|0|0|288000|1902|15216511|66427
1200000|1|6000|3|2|1|2|288000|1902|15216511|351160
1200000|1|6000|3|2|0|0|288000|1903|15224511|66345
1200000|1|6000|3|2|1|2|288000|1903|15224511|350544
1200000|1|6000|3|2|0|0|288000|1904|15232511|66591
1200000|1|6000|3|2|1|2|288000|1904|15232511|349807
1200000|1|6000|3|2|0|0|288000|1905|15240511|65935
1200000|1|6000|3|2|1|2|288000|1905|15240511|349971
1200000|1|6000|3|2|0|0|288000|1906|15248512|65238
1200000|1|6000|3|2|1|2|288000|1906|15248512|350710
1200000|1|6000|3|2|0|0|288000|1907|15256513|64377
1200000|1|6000|3|2|1|2|288000|1907|15256513|351444
1200000|1|6000|3|2|0|0|288000|1908|15264514|63885
1200000|1|6000|3|2|1|2|288000|1908|15264514|352428
1200000|1|6000|3|2|0|0|288000|1909|15272515|62942
1200000|1|6000|3|2|1|2|288000|1909|15272515|352473
1200000|1|6000|3|2|0|0|288000|1910|15280516|62860
1200000|1|6000|3|2|1|2|288000|1910|15280516|353294
1200000|1|6000|3|2|0|0|288000|1911|15288517|61917
1200000|1|6000|3|2|1|2|288000|1911|15288517|352925
1200000|1|6000|3|2|0|0|288000|1912|15296517|62491
1200000|1|6000|3|2|1|2|288000|1912|15296517|353005
1200000|1|6000|3|2|0|0|288000|1913|15304517|62614
1200000|1|6000|3|2|1|2|288000|1913|15304517|353456
1200000|1|6000|3|2|0|0|288000|1914|15312518|63065
1200000|1|6000|3|2|1|2|288000|1914|15312518|354396
1200000|1|6000|3|2|0|0|288000|1915|15320519|62983
1200000|1|6000|3|2|1|2|288000|1915|15320519|354850
1200000|1|6000|3|2|0|0|288000|1916|15328520|63065
1200000|1|6000|3|2|1|2|288000|1916|15328520|355629
1200000|1|6000|3|2|0|0|288000|1917|15336521|63065
1200000|1|6000|3|2|1|2|288000|1917|15336521|356938
1200000|1|6000|3|2|0|0|288000|1918|15344523|63762
1200000|1|6000|3|2|1|2|288000|1918|15344523|357884
1200000|1|6000|3|2|0|0|288000|1919|15352524|65156
1200000|1|6000|3|2|1|2|288000|1919|15352524|358745
1200000|1|6000|3|2|0|0|288000|1920|15360525|65853
1200000|1|6000|3|2|1|2|288000|1920|15360525|359400
1200000|1|6000|3|2|0|0|288000|1921|15368526|66509
1200000|1|6000|3|2|1|2|288000|1921|15368526|359153
1200000|1|6000|3|2|0|0|288000|1922|15376526|67083
1200000|1|6000|3|2|1|2|288000|1922|15376526|359032
1200000|1|6000|3|2|0|0|288000|1923|15384527|67739
1200000|1|6000|3|2|1|2|288000|1923|15384527|359075
1200000|1|6000|3|2|0|0|288000|1924|15392527|68190
1200000|1|6000|3|2|1|2|288000|1924|15392527|359316
1200000|1|6000|3|2|0|0|288000|1925|15400528|68108
1200000|1|6000|3|2|1|2|288000|1925|15400528|359524
1200000|1|6000|3|2|0|0|288000|1926|15408529|67452
1200000|1|6000|3|2|1|2|288000|1926|15408529|359975
1200000|1|6000|3|2|0|0|288000|1927|15416530|67862
1200000|1|6000|3|2|1|2|288000|1927|15416530|360056
1200000|1|6000|3|2|0|0|288000|1928|15424530|67821
1200000|1|6000|3|2|1|2|288000|1928|15424530|359688
1200000|1|6000|3|2|0|0|288000|1929|15432530|68477
1200000|1|6000|3|2|1|2|288000|1929|15432530|359812
1200000|1|6000|3|2|0|0|288000|1930|15440530|68354
1200000|1|6000|3|2|1|2|288000|1930|15440530|359485
1200000|1|6000|3|2|0|0|288000|1931|15448529|68641
1200000|1|6000|3|2|1|2|288000|1931|15448529|359852
1200000|1|6000|3|2|0|0|288000|1932|15456530|68969
1200000|1|6000|3|2|1|2|288000|1932|15456530|359812
1200000|1|6000|3|2|0|0|288000|1933|15464530|69789
1200000|1|6000|3|2|1|2|288000|1933|15464530|359771
1200000|1|6000|3|2|0|0|288000|1934|15472531|69502
1200000|1|6000|3|2|1|2|288000|1934|15472531|359485
1200000|1|6000|3|2|0|0|288000|1935|15480530|68887
1200000|1|6000|3|2|1|2|288000|1935|15480530|359238
1200000|1|6000|3|2|0|0|288000|1936|15488530|68928
1200000|1|6000|3|2|1|2|288000|1936|15488530|359525
1200000|1|6000|3|2|0|0|288000|1937|15496531|68518
1200000|1|6000|3|2|1|2|288000|1937|15496531|359359
1200000|1|6000|3|2|0|0|288000|1938|15504531|68067
1200000|1|6000|3|2|1|2|288000|1938|15504531|359484
1200000|1|6000|3|2|0|0|288000|1939|15512531|67739
1200000|1|6000|3|2|1|2|288000|1939|15512531|358951
1200000|1|6000|3|2|0|0|288000|1940|15520530|67370
1200000|1|6000|3|2|1|2|288000|1940|15520530|358787
1200000|1|6000|3|2|0|0|288000|1941|15528531|66714
1200000|1|6000|3|2|1|2|288000|1941|15528531|358705
1200000|1|6000|3|2|0|0|288000|1942|15536530|66919
1200000|1|6000|3|2|1|2|288000|1942|15536530|358705
1200000|1|6000|3|2|0|0|288000|1943|15544531|66919
1200000|1|6000|3|2|1|2|288000|1943|15544531|358049
1200000|1|6000|3|2|0|0|288000|1944|15552530|66919
1200000|1|6000|3|2|1|2|288000|1944|15552530|356777
1200000|1|6000|3|2|0|0|288000|1945|15560530|66509
1200000|1|6000|3|2|1|2|288000|1945|15560530|355711
1200000|1|6000|3|2|0|0|288000|1946|15568529|65894
1200000|1|6000|3|2|1|2|288000|1946|15568529|354776
1200000|1|6000|3|2|0|0|288000|1947|15576529|65689
1200000|1|6000|3|2|1|2|288000|1947|15576529|353792
1200000|1|6000|3|2|0|0|288000|1948|15584529|66058
1200000|1|6000|3|2|1|2|288000|1948|15584529|353382
1200000|1|6000|3|2|0|0|288000|1949|15592529|65853
1200000|1|6000|3|2|1|2|288000|1949|15592529|352316
1200000|1|6000|3|2|0|0|288000|1950|15600528|65115
1200000|1|6000|3|2|1|2|288000|1950|15600528|352726
1200000|1|6000|3|2|0|0|288000|1951|15608530|64459
1200000|1|6000|3|2|1|2|288000|1951|15608530|353300
1200000|1|6000|3|2|0|0|288000|1952|15616530|64459
1200000|1|6000|3|2|1|2|288000|1952|15616530|354079
1200000|1|6000|3|2|0|0|288000|1953|15624531|63967
1200000|1|6000|3|2|1|2|288000|1953|15624531|354653
1200000|1|6000|3|2|0|0|288000|1954|15632532|63803
1200000|1|6000|3|2|1|2|288000|1954|15632532|354776
1200000|1|6000|3|2|0|0|288000|1955|15640532|62860
1200000|1|6000|3|2|1|2|288000|1955|15640532|355186
1200000|1|6000|3|2|0|0|288000|1956|15648533|63147
1200000|1|6000|3|2|1|2|288000|1956|15648533|354776
1200000|1|6000|3|2|0|0|288000|1957|15656533|62860
1200000|1|6000|3|2|1|2|288000|1957|15656533|354366
1200000|1|6000|3|2|0|0|288000|1958|15664532|62163
1200000|1|6000|3|2|1|2|288000|1958|15664532|354161
1200000|1|6000|3|2|0|0|288000|1959|15672532|61958
1200000|1|6000|3|2|1|2|288000|1959|15672532|354448
1200000|1|6000|3|2|0|0|288000|1960|15680534|61466
1200000|1|6000|3|2|1|2|288000|1960|15680534|354161
1200000|1|6000|3|2|0|0|288000|1961|15688534|61056
1200000|1|6000|3|2|1|2|288000|1961|15688534|354858
1200000|1|6000|3|2|0|0|288000|1962|15696535|60564
1200000|1|6000|3|2|1|2|288000|1962|15696535|355268
1200000|1|6000|3|2|0|0|288000|1963|15704536|60236
1200000|1|6000|3|2|1|2|288000|1963|15704536|355555
1200000|1|6000|3|2|0|0|288000|1964|15712537|59088
1200000|1|6000|3|2|1|2|288000|1964|15712537|355719
1200000|1|6000|3|2|0|0|288000|1965|15720538|59088
1200000|1|6000|3|2|1|2|288000|1965|15720538|355555
1200000|1|6000|3|2|0|0|288000|1966|15728538|59088
1200000|1|6000|3|2|1|2|288000|1966|15728538|355063
1200000|1|6000|3|2|0|0|288000|1967|15736537|58391
1200000|1|6000|3|2|1|2|288000|1967|15736537|354612
1200000|1|6000|3|2|0|0|288000|1968|15744537|58104
1200000|1|6000|3|2|1|2|288000|1968|15744537|354899
1200000|1|6000|3|2|0|0|288000|1969|15752537|57694
1200000|1|6000|3|2|1|2|288000|1969|15752537|353997
1200000|1|6000|3|2|0|0|288000|1970|15760536|56546
1200000|1|6000|3|2|1|2|288000|1970|15760536|353956
1200000|1|6000|3|2|0|0|288000|1971|15768537|55644
1200000|1|6000|3|2|1|2|288000|1971|15768537|353423
1200000|1|6000|3|2|0|0|288000|1972|15776536|55029
1200000|1|6000|3|2|1|2|288000|1972|15776536|353669
1200000|1|6000|3|2|0|0|288000|1973|15784536|54209
1200000|1|6000|3|2|1|2|288000|1973|15784536|353341
1200000|1|6000|3|2|0|0|288000|1974|15792536|53430
1200000|1|6000|3|2|1|2|288000|1974|15792536|352972
1200000|1|6000|3|2|0|0|288000|1975|15800536|52610
1200000|1|6000|3|2|1|2|288000|1975|15800536|352316
1200000|1|6000|3|2|0|0|288000|1976|15808535|51667
1200000|1|6000|3|2|1|2|288000|1976|15808535|351455
1200000|1|6000|3|2|0|0|288000|1977|15816535|51093
1200000|1|6000|3|2|1|2|288000|1977|15816535|351455
1200000|1|6000|3|2|0|0|288000|1978|15824535|51257
1200000|1|6000|3|2|1|2|288000|1978|15824535|350553
1200000|1|6000|3|2|0|0|288000|1979|15832534|51339
1200000|1|6000|3|2|1|2|288000|1979|15832534|349938
1200000|1|6000|3|2|0|0|288000|1980|15840533|51421
1200000|1|6000|3|2|1|2|288000|1980|15840533|349897
1200000|1|6000|3|2|0|0|288000|1981|15848534|51503
1200000|1|6000|3|2|1|2|288000|1981|15848534|350061
1200000|1|6000|3|2|0|0|288000|1982|15856534|51626
1200000|1|6000|3|2|1|2|288000|1982|15856534|349528
1200000|1|6000|3|2|0|0|288000|1983|15864534|52036
1200000|1|6000|3|2|1|2|288000|1983|15864534|349446
1200000|1|6000|3|2|0|0|288000|1984|15872534|52610
1200000|1|6000|3|2|1|2|288000|1984|15872534|349118
1200000|1|6000|3|2|0|0|288000|1985|15880534|52610
1200000|1|6000|3|2|1|2|288000|1985|15880534|348790
1200000|1|6000|3|2|0|0|288000|1986|15888535|52733
1200000|1|6000|3|2|1|2|288000|1986|15888535|348298
1200000|1|6000|3|2|0|0|288000|1987|15896534|52569
1200000|1|6000|3|2|1|2|288000|1987|15896534|348011
1200000|1|6000|3|2|0|0|288000|1988|15904535|52487
1200000|1|6000|3|2|1|2|288000|1988|15904535|347601
1200000|1|6000|3|2|0|0|288000|1989|15912534|52241
1200000|1|6000|3|2|1|2|288000|1989|15912534|347437
1200000|1|6000|3|2|0|0|288000|1990|15920534|52446
1200000|1|6000|3|2|1|2|288000|1990|15920534|348380
1200000|1|6000|3|2|0|0|288000|1991|15928535|52487
1200000|1|6000|3|2|1|2|288000|1991|15928535|348462
1200000|1|6000|3|2|0|0|288000|1992|15936535|52897
1200000|1|6000|3|2|1|2|288000|1992|15936535|349159
1200000|1|6000|3|2|0|0|288000|1993|15944535|53143
1200000|1|6000|3|2|1|2|288000|1993|15944535|349241
1200000|1|6000|3|2|0|0|288000|1994|15952535|52938
1200000|1|6000|3|2|1|2|288000|1994|15952535|349774
1200000|1|6000|3|2|0|0|288000|1995|15960535|52528
1200000|1|6000|3|2|1|2|288000|1995|15960535|349897
1200000|1|6000|3|2|0|0|288000|1996|15968535|52077
1200000|1|6000|3|2|1|2|288000|1996|15968535|351004
1200000|1|6000|3|2|0|0|288000|1997|15976537|51667
1200000|1|6000|3|2|1|2|288000|1997|15976537|351332
1200000|1|6000|3|2|0|0|288000|1998|15984538|51134
1200000|1|6000|3|2|1|2|288000|1998|15984538|351865
1200000|1|6000|3|2|0|0|288000|1999|15992539|50642
1200000|1|6000|3|2|1|2|288000|1999|15992539|351988
1200000|1|6000|3|3|0|0|288000|0|0|283499
1200000|1|6000|3|3|1|2|288000|0|0|281263
1200000|1|6000|3|3|0|0|288000|1|7995|283399
1200000|1|6000|3|3|1|2|288000|1|7995|281140
1200000|1|6000|3|3|0|0|288000|2|15992|283645
1200000|1|6000|3|3|1|2|288000|2|15992|280894
1200000|1|6000|3|3|0|0|288000|3|23991|284588
1200000|1|6000|3|3|1|2|288000|3|23991|280771
1200000|1|6000|3|3|0|0|288000|4|31992|285039
1200000|1|6000|3|3|1|2|288000|4|31992|280607
1200000|1|6000|3|3|0|0|288000|5|39993|285244
1200000|1|6000|3|3|1|2|288000|5|39993|280197
1200000|1|6000|3|3|0|0|288000|6|47994|285039
1200000|1|6000|3|3|1|2|288000|6|47994|280607
1200000|1|6000|3|3|0|0|288000|7|55996|284137
1200000|1|6000|3|3|1|2|288000|7|55996|280525
1200000|1|6000|3|3|0|0|288000|8|63997|284342
1200000|1|6000|3|3|1|2|288000|8|63997|279459
1200000|1|6000|3|3|0|0|288000|9|71997|283645
1200000|1|6000|3|3|1|2|288000|9|71997|279500
1200000|1|6000|3|3|0|0|288000|10|79998|283112
1200000|1|6000|3|3|1|2|288000|10|79998|279336
1200000|1|6000|3|3|0|0|288000|11|87998|282948
1200000|1|6000|3|3|1|2|288000|11|87998|279049
1200000|1|6000|3|3|0|0|288000|12|95999|282620
1200000|1|6000|3|3|1|2|288000|12|95999|279500
1200000|1|6000|3|3|0|0|288000|13|104001|282497
1200000|1|6000|3|3|1|2|288000|13|104001|279746
1200000|1|6000|3|3|0|0|288000|14|112002|281103
1200000|1|6000|3|3|1|2|288000|14|112002|279787
1200000|1|6000|3|3|0|0|288000|15|120003|280611
1200000|1|6000|3|3|1|2|288000|15|120003|280115
1200000|1|6000|3|3|0|0|288000|16|128005|280406
1200000|1|6000|3|3|1|2|288000|16|128005|279664
1200000|1|6000|3|3|0|0|288000|17|136006|280529
1200000|1|6000|3|3|1|2|288000|17|136006|280156
1200000|1|6000|3|3|0|0|288000|18|144007|280775
1200000|1|6000|3|3|1|2|288000|18|144007|280894
1200000|1|6000|3|3|0|0|288000|19|152008|281062
1200000|1|6000|3|3|1|2|288000|19|152008|281919
1200000|1|6000|3|3|0|0|288000|20|160009|281349
1200000|1|6000|3|3|1|2|288000|20|160009|282001
1200000|1|6000|3|3|0|0|288000|21|168010|281759
1200000|1|6000|3|3|1|2|288000|21|168010|282821
1200000|1|6000|3|3|0|0|288000|22|176011|281882
1200000|1|6000|3|3|1|2|288000|22|176011|283149
1200000|1|6000|3|3|0|0|288000|23|184011|281923
1200000|1|6000|3|3|1|2|288000|23|184011|284133
1200000|1|6000|3|3|0|0|288000|24|192012|282497
1200000|1|6000|3|3|1|2|288000|24|192012|283559
1200000|1|6000|3|3|0|0|288000|25|200012|283071
1200000|1|6000|3|3|1|2|288000|25|200012|284502
1200000|1|6000|3|3|0|0|288000|26|208012|284096
1200000|1|6000|3|3|1|2|288000|26|208012|284584
1200000|1|6000|3|3|0|0|288000|27|216011|284219
1200000|1|6000|3|3|1|2|288000|27|216011|285609
1200000|1|6000|3|3|0|0|288000|28|224011|285367
1200000|1|6000|3|3|1|2|288000|28|224011|285404
1200000|1|6000|3|3|0|0|288000|29|232011|285736
1200000|1|6000|3|3|1|2|288000|29|232011|286183
1200000|1|6000|3|3|0|0|288000|30|240011|287171
1200000|1|6000|3|3|1|2|288000|30|240011|286880
1200000|1|6000|3|3|0|0|288000|31|248011|287130
1200000|1|6000|3|3|1|2|288000|31|248011|287946
1200000|1|6000|3|3|0|0|288000|32|256011|287171
1200000|1|6000|3|3|1|2|288000|32|256011|288971
1200000|1|6000|3|3|0|0|288000|33|264011|287704
1200000|1|6000|3|3|1|2|288000|33|264011|289176
1200000|1|6000|3|3|0|0|288000|34|272011|288401
1200000|1|6000|3|3|1|2|288000|34|272011|289012
1200000|1|6000|3|3|0|0|288000|35|280011|288852
1200000|1|6000|3|3|1|2|288000|35|280011|288848
1200000|1|6000|3|3|0|0|288000|36|288011|288811
1200000|1|6000|3|3|1|2|288000|36|288011|288930
1200000|1|6000|3|3|0|0|288000|37|296011|289262
1200000|1|6000|3|3|1|2|288000|37|296011|289012
1200000|1|6000|3|3|0|0|288000|38|304011|289303
1200000|1|6000|3|3|1|2|288000|38|304011|289012
1200000|1|6000|3|3|0|0|288000|39|312010|289385
1200000|1|6000|3|3|1|2|288000|39|312010|289340
1200000|1|6000|3|3|0|0|288000|40|320009|288934
1200000|1|6000|3|3|1|2|288000|40|320009|290488
1200000|1|6000|3|3|0|0|288000|41|328010|289344
1200000|1|6000|3|3|1|2|288000|41|328010|290898
1200000|1|6000|3|3|0|0|288000|42|336011|289385
1200000|1|6000|3|3|1|2|288000|42|336011|291226
1200000|1|6000|3|3|0|0|288000|43|344011|290000
1200000|1|6000|3|3|1|2|288000|43|344011|291513
1200000|1|6000|3|3|0|0|288000|44|352012|290164
1200000|1|6000|3|3|1|2|288000|44|352012|292169
1200000|1|6000|3|3|0|0|288000|45|360013|290697
1200000|1|6000|3|3|1|2|288000|45|360013|292661
1200000|1|6000|3|3|0|0|288000|46|368014|290820
1200000|1|6000|3|3|1|2|288000|46|368014|293153
1200000|1|6000|3|3|0|0|288000|47|376014|291394
1200000|1|6000|3|3|1|2|288000|47|376014|293563
1200000|1|6000|3|3|0|0|288000|48|384015|291394
1200000|1|6000|3|3|1|2|288000|48|384015|292948
1200000|1|6000|3|3|0|0|288000|49|392013|291271
1200000|1|6000|3|3|1|2|288000|49|392013|292743
1200000|1|6000|3|3|0|0|288000|50|400013|290943
1200000|1|6000|3|3|1|2|288000|50|400013|292333
1200000|1|6000|3|3|0|0|288000|51|408013|290451
1200000|1|6000|3|3|1|2|288000|51|408013|291431
1200000|1|6000|3|3|0|0|288000|52|416012|290369
1200000|1|6000|3|3|1|2|288000|52|416012|290201
1200000|1|6000|3|3|0|0|288000|53|424012|289795
1200000|1|6000|3|3|1|2|288000|53|424012|289914
1200000|1|6000|3|3|0|0|288000|54|432012|289344
1200000|1|6000|3|3|1|2|288000|54|432012|289340
1200000|1|6000|3|3|0|0|288000|55|440012|289180
1200000|1|6000|3|3|1|2|288000|55|440012|289340
1200000|1|6000|3|3|0|0|288000|56|448012|289549
1200000|1|6000|3|3|1|2|288000|56|448012|289873
1200000|1|6000|3|3|0|0|288000|57|456014|289344
1200000|1|6000|3|3|1|2|288000|57|456014|290898
1200000|1|6000|3|3|0|0|288000|58|464015|290041
1200000|1|6000|3|3|1|2|288000|58|464015|292046
1200000|1|6000|3|3|0|0|288000|59|472016|290984
1200000|1|6000|3|3|1|2|288000|59|472016|292825
1200000|1|6000|3|3|0|0|288000|60|480017|291640
1200000|1|6000|3|3|1|2|288000|60|480017|293235
1200000|1|6000|3|3|0|0|288000|61|488018|291599
1200000|1|6000|3|3|1|2|288000|61|488018|293522
1200000|1|6000|3|3|0|0|288000|62|496019|291722
1200000|1|6000|3|3|1|2|288000|62|496019|293522
1200000|1|6000|3|3|0|0|288000|63|504019|291558
1200000|1|6000|3|3|1|2|288000|63|504019|293481
1200000|1|6000|3|3|0|0|288000|64|512018|291517
1200000|1|6000|3|3|1|2|288000|64|512018|293153
1200000|1|6000|3|3|0|0|288000|65|520018|291599
1200000|1|6000|3|3|1|2|288000|65|520018|293645
1200000|1|6000|3|3|0|0|288000|66|528018|291476
1200000|1|6000|3|3|1|2|288000|66|528018|294178
1200000|1|6000|3|3|0|0|288000|67|536019|291968
1200000|1|6000|3|3|1|2|288000|67|536019|294711
1200000|1|6000|3|3|0|0|288000|68|544019|292460
1200000|1|6000|3|3|1|2|288000|68|544019|294916
1200000|1|6000|3|3|0|0|288000|69|552018|293075
1200000|1|6000|3|3|1|2|288000|69|552018|295900
1200000|1|6000|3|3|0|0|288000|70|560019|294182
1200000|1|6000|3|3|1|2|288000|70|560019|296105
1200000|1|6000|3|3|0|0|288000|71|568019|294715
1200000|1|6000|3|3|1|2|288000|71|568019|296925
1200000|1|6000|3|3|0|0|288000|72|576020|294797
1200000|1|6000|3|3|1|2|288000|72|576020|296474
1200000|1|6000|3|3|0|0|288000|73|584019|294715
1200000|1|6000|3|3|1|2|288000|73|584019|295982
1200000|1|6000|3|3|0|0|288000|74|592018|294551
1200000|1|6000|3|3|1|2|288000|74|592018|295367
1200000|1|6000|3|3|0|0|288000|75|600018|294223
1200000|1|6000|3|3|1|2|288000|75|600018|294301
1200000|1|6000|3|3|0|0|288000|76|608017|293854
1200000|1|6000|3|3|1|2|288000|76|608017|293973
1200000|1|6000|3|3|0|0|288000|77|616016|293608
1200000|1|6000|3|3|1|2|288000|77|616016|293440
1200000|1|6000|3|3|0|0|288000|78|624016|293526
1200000|1|6000|3|3|1|2|288000|78|624016|293481
1200000|1|6000|3|3|0|0|288000|79|632016|294018
1200000|1|6000|3|3|1|2|288000|79|632016|293276
1200000|1|6000|3|3|0|0|288000|80|640016|294059
1200000|1|6000|3|3|1|2|288000|80|640016|294342
1200000|1|6000|3|3|0|0|288000|81|648017|293977
1200000|1|6000|3|3|1|2|288000|81|648017|294752
1200000|1|6000|3|3|0|0|288000|82|656019|293813
1200000|1|6000|3|3|1|2|288000|82|656019|295326
1200000|1|6000|3|3|0|0|288000|83|664020|294264
1200000|1|6000|3|3|1|2|288000|83|664020|295244
1200000|1|6000|3|3|0|0|288000|84|672020|294961
1200000|1|6000|3|3|1|2|288000|84|672020|294957
1200000|1|6000|3|3|0|0|288000|85|680021|294551
1200000|1|6000|3|3|1|2|288000|85|680021|294957
1200000|1|6000|3|3|0|0|288000|86|688022|295084
1200000|1|6000|3|3|1|2|288000|86|688022|294916
1200000|1|6000|3|3|0|0|288000|87|696023|295207
1200000|1|6000|3|3|1|2|288000|87|696023|294219
1200000|1|6000|3|3|0|0|288000|88|704022|295453
1200000|1|6000|3|3|1|2|288000|88|704022|293809
1200000|1|6000|3|3|0|0|288000|89|712023|295453
1200000|1|6000|3|3|1|2|288000|89|712023|294424
1200000|1|6000|3|3|0|0|288000|90|720023|295658
1200000|1|6000|3|3|1|2|288000|90|720023|294670
1200000|1|6000|3|3|0|0|288000|91|728023|295863
1200000|1|6000|3|3|1|2|288000|91|728023|295162
1200000|1|6000|3|3|0|0|288000|92|736024|296191
1200000|1|6000|3|3|1|2|288000|92|736024|295326
1200000|1|6000|3|3|0|0|288000|93|744024|296355
1200000|1|6000|3|3|1|2|288000|93|744024|295490
1200000|1|6000|3|3|0|0|288000|94|752026|296273
1200000|1|6000|3|3|1|2|288000|94|752026|296064
1200000|1|6000|3|3|0|0|288000|95|760026|296519
1200000|1|6000|3|3|1|2|288000|95|760026|296310
1200000|1|6000|3|3|0|0|288000|96|768027|296314
1200000|1|6000|3|3|1|2|288000|96|768027|296720
1200000|1|6000|3|3|0|0|288000|97|776028|296724
1200000|1|6000|3|3|1|2|288000|97|776028|296023
1200000|1|6000|3|3|0|0|288000|98|784028|296724
1200000|1|6000|3|3|1|2|288000|98|784028|296474
1200000|1|6000|3|3|0|0|288000|99|792029|296970
1200000|1|6000|3|3|1|2|288000|99|792029|296228
1200000|1|6000|3|3|0|0|288000|100|800029|297011
1200000|1|6000|3|3|1|2|288000|100|800029|296720
1200000|1|6000|3|3|0|0|288000|101|808030|296888
1200000|1|6000|3|3|1|2|288000|101|808030|296843
1200000|1|6000|3|3|0|0|288000|102|816029|296519
1200000|1|6000|3|3|1|2|288000|102|816029|297540
1200000|1|6000|3|3|0|0|288000|103|824030|296232
1200000|1|6000|3|3|1|2|288000|103|824030|297909
1200000|1|6000|3|3|0|0|288000|104|832031|296560
1200000|1|6000|3|3|1|2|288000|104|832031|299139
1200000|1|6000|3|3|0|0|288000|105|840033|297134
1200000|1|6000|3|3|1|2|288000|105|840033|300984
1200000|1|6000|3|3|0|0|288000|106|848035|298446
1200000|1|6000|3|3|1|2|288000|106|848035|301886
1200000|1|6000|3|3|0|0|288000|107|856037|299225
1200000|1|6000|3|3|1|2|288000|107|856037|302829
1200000|1|6000|3|3|0|0|288000|108|864038|300332
1200000|1|6000|3|3|1|2|288000|108|864038|303567
1200000|1|6000|3|3|0|0|288000|109|872039|300701
1200000|1|6000|3|3|1|2|288000|109|872039|304469
1200000|1|6000|3|3|0|0|288000|110|880041|301029
1200000|1|6000|3|3|1|2|288000|110|880041|305453
1200000|1|6000|3|3|0|0|288000|111|888042|299594
1200000|1|6000|3|3|1|2|288000|111|888042|307995
1200000|1|6000|3|3|0|0|288000|112|896046|298692
1200000|1|6000|3|3|1|2|288000|112|896046|308938
1200000|1|6000|3|3|0|0|288000|113|904047|297052
1200000|1|6000|3|3|1|2|288000|113|904047|308692
1200000|1|6000|3|3|0|0|288000|114|912047|296109
1200000|1|6000|3|3|1|2|288000|114|912047|308241
1200000|1|6000|3|3|0|0|288000|115|920048|294305
1200000|1|6000|3|3|1|2|288000|115|920048|308364
1200000|1|6000|3|3|0|0|288000|116|928049|292829
1200000|1|6000|3|3|1|2|288000|116|928049|308241
1200000|1|6000|3|3|0|0|288000|117|936050|291271
1200000|1|6000|3|3|1|2|288000|117|936050|308405
1200000|1|6000|3|3|0|0|288000|118|944051|290861
1200000|1|6000|3|3|1|2|288000|118|944051|308528
1200000|1|6000|3|3|0|0|288000|119|952052|290492
1200000|1|6000|3|3|1|2|288000|119|952052|308405
1200000|1|6000|3|3|0|0|288000|120|960053|290000
1200000|1|6000|3|3|1|2|288000|120|960053|308487
1200000|1|6000|3|3|0|0|288000|121|968053|289057
1200000|1|6000|3|3|1|2|288000|121|968053|307872
1200000|1|6000|3|3|0|0|288000|122|976053|287499
1200000|1|6000|3|3|1|2|288000|122|976053|307913
1200000|1|6000|3|3|0|0|288000|123|984053|286351
1200000|1|6000|3|3|1|2|288000|123|984053|307462
1200000|1|6000|3|3|0|0|288000|124|992053|284957
1200000|1|6000|3|3|1|2|288000|124|992053|307052
1200000|1|6000|3|3|0|0|288000|125|1000053|284178
1200000|1|6000|3|3|1|2|288000|125|1000053|306150
1200000|1|6000|3|3|0|0|288000|126|1008052|283604
1200000|1|6000|3|3|1|2|288000|126|1008052|305084
1200000|1|6000|3|3|0|0|288000|127|1016053|282825
1200000|1|6000|3|3|1|2|288000|127|1016053|304592
1200000|1|6000|3|3|0|0|288000|128|1024053|282907
1200000|1|6000|3|3|1|2|288000|128|1024053|305002
1200000|1|6000|3|3|0|0|288000|129|1032055|282128
1200000|1|6000|3|3|1|2|288000|129|1032055|305617
1200000|1|6000|3|3|0|0|288000|130|1040056|282333
1200000|1|6000|3|3|1|2|288000|130|1040056|305863
1200000|1|6000|3|3|0|0|288000|131|1048057|281677
1200000|1|6000|3|3|1|2|288000|131|1048057|306109
1200000|1|6000|3|3|0|0|288000|132|1056058|281062
1200000|1|6000|3|3|1|2|288000|132|1056058|305945
1200000|1|6000|3|3|0|0|288000|133|1064059|280816
1200000|1|6000|3|3|1|2|288000|133|1064059|305863
1200000|1|6000|3|3|0|0|288000|134|1072060|280652
1200000|1|6000|3|3|1|2|288000|134|1072060|305863
1200000|1|6000|3|3|0|0|288000|135|1080061|281226
1200000|1|6000|3|3|1|2|288000|135|1080061|305166
1200000|1|6000|3|3|0|0|288000|136|1088061|282866
1200000|1|6000|3|3|1|2|288000|136|1088061|303854
1200000|1|6000|3|3|0|0|288000|137|1096061|285695
1200000|1|6000|3|3|1|2|288000|137|1096061|303895
1200000|1|6000|3|3|0|0|288000|138|1104062|287909
1200000|1|6000|3|3|1|2|288000|138|1104062|304387
1200000|1|6000|3|3|0|0|288000|139|1112063|290492
1200000|1|6000|3|3|1|2|288000|139|1112063|304756
1200000|1|6000|3|3|0|0|288000|140|1120063|293403
1200000|1|6000|3|3|1|2|288000|140|1120063|304920
1200000|1|6000|3|3|0|0|288000|141|1128064|295658
1200000|1|6000|3|3|1|2|288000|141|1128064|304838
1200000|1|6000|3|3|0|0|288000|142|1136064|297298
1200000|1|6000|3|3|1|2|288000|142|1136064|305330
1200000|1|6000|3|3|0|0|288000|143|1144065|298364
1200000|1|6000|3|3|1|2|288000|143|1144065|305166
1200000|1|6000|3|3|0|0|288000|144|1152065|299389
1200000|1|6000|3|3|1|2|288000|144|1152065|304510
1200000|1|6000|3|3|0|0|288000|145|1160064|300455
1200000|1|6000|3|3|1|2|288000|145|1160064|303321
1200000|1|6000|3|3|0|0|288000|146|1168062|301972
1200000|1|6000|3|3|1|2|288000|146|1168062|303239
1200000|1|6000|3|3|0|0|288000|147|1176062|303817
1200000|1|6000|3|3|1|2|288000|147|1176062|302624
1200000|1|6000|3|3|0|0|288000|148|1184061|305416
1200000|1|6000|3|3|1|2|288000|148|1184061|302542
1200000|1|6000|3|3|0|0|288000|149|1192061|307384
1200000|1|6000|3|3|1|2|288000|149|1192061|301722
1200000|1|6000|3|3|0|0|288000|150|1200061|310500
1200000|1|6000|3|3|1|2|288000|150|1200061|301722
1200000|1|6000|3|3|0|0|288000|151|1208061|313001
1200000|1|6000|3|3|1|2|288000|151|1208061|301066
1200000|1|6000|3|3|0|0|288000|152|1216060|315010
1200000|1|6000|3|3|1|2|288000|152|1216060|301886
1200000|1|6000|3|3|0|0|288000|153|1224061|316732
1200000|1|6000|3|3|1|2|288000|153|1224061|302829
1200000|1|6000|3|3|0|0|288000|154|1232062|318372
1200000|1|6000|3|3|1|2|288000|154|1232062|302747
1200000|1|6000|3|3|0|0|288000|155|1240063|320258
1200000|1|6000|3|3|1|2|288000|155|1240063|302870
1200000|1|6000|3|3|0|0|288000|156|1248064|322144
1200000|1|6000|3|3|1|2|288000|156|1248064|302460
1200000|1|6000|3|3|0|0|288000|157|1256064|323005
1200000|1|6000|3|3|1|2|288000|157|1256064|302173
1200000|1|6000|3|3|0|0|288000|158|1264064|324276
1200000|1|6000|3|3|1|2|288000|158|1264064|302050
1200000|1|6000|3|3|0|0|288000|159|1272064|324440
1200000|1|6000|3|3|1|2|288000|159|1272064|302870
1200000|1|6000|3|3|0|0|288000|160|1280065|324850
1200000|1|6000|3|3|1|2|288000|160|1280065|303034
1200000|1|6000|3|3|0|0|288000|161|1288065|325260
1200000|1|6000|3|3|1|2|288000|161|1288065|303362
1200000|1|6000|3|3|0|0|288000|162|1296065|325670
1200000|1|6000|3|3|1|2|288000|162|1296065|303526
1200000|1|6000|3|3|0|0|288000|163|1304066|325588
1200000|1|6000|3|3|1|2|288000|163|1304066|304182
1200000|1|6000|3|3|0|0|288000|164|1312067|326613
1200000|1|6000|3|3|1|2|288000|164|1312067|304592
1200000|1|6000|3|3|0|0|288000|165|1320068|326367
1200000|1|6000|3|3|1|2|288000|165|1320068|305002
1200000|1|6000|3|3|0|0|288000|166|1328069|326490
1200000|1|6000|3|3|1|2|288000|166|1328069|305207
1200000|1|6000|3|3|0|0|288000|167|1336070|325670
1200000|1|6000|3|3|1|2|288000|167|1336070|305207
1200000|1|6000|3|3|0|0|288000|168|1344070|325014
1200000|1|6000|3|3|1|2|288000|168|1344070|304592
1200000|1|6000|3|3|0|0|288000|169|1352069|324071
1200000|1|6000|3|3|1|2|288000|169|1352069|303444
1200000|1|6000|3|3|0|0|288000|170|1360069|323210
1200000|1|6000|3|3|1|2|288000|170|1360069|303034
1200000|1|6000|3|3|0|0|288000|171|1368069|322308
1200000|1|6000|3|3|1|2|288000|171|1368069|302583
1200000|1|6000|3|3|0|0|288000|172|1376068|321898
1200000|1|6000|3|3|1|2|288000|172|1376068|302542
1200000|1|6000|3|3|0|0|288000|173|1384067|321693
1200000|1|6000|3|3|1|2|288000|173|1384067|302009
1200000|1|6000|3|3|0|0|288000|174|1392067|322267
1200000|1|6000|3|3|1|2|288000|174|1392067|301845
1200000|1|6000|3|3|0|0|288000|175|1400067|321939
1200000|1|6000|3|3|1|2|288000|175|1400067|302050
1200000|1|6000|3|3|0|0|288000|176|1408067|321570
1200000|1|6000|3|3|1|2|288000|176|1408067|302911
1200000|1|6000|3|3|0|0|288000|177|1416068|320914
1200000|1|6000|3|3|1|2|288000|177|1416068|303157
1200000|1|6000|3|3|0|0|288000|178|1424069|320217
1200000|1|6000|3|3|1|2|288000|178|1424069|302747
1200000|1|6000|3|3|0|0|288000|179|1432070|319725
1200000|1|6000|3|3|1|2|288000|179|1432070|302255
1200000|1|6000|3|3|0|0|288000|180|1440070|318618
1200000|1|6000|3|3|1|2|288000|180|1440070|302050
1200000|1|6000|3|3|0|0|288000|181|1448071|317388
1200000|1|6000|3|3|1|2|288000|181|1448071|301845
1200000|1|6000|3|3|0|0|288000|182|1456072|316527
1200000|1|6000|3|3|1|2|288000|182|1456072|301271
1200000|1|6000|3|3|0|0|288000|183|1464072|315789
1200000|1|6000|3|3|1|2|288000|183|1464072|300615
1200000|1|6000|3|3|0|0|288000|184|1472072|316322
1200000|1|6000|3|3|1|2|288000|184|1472072|299672
1200000|1|6000|3|3|0|0|288000|185|1480071|315871
1200000|1|6000|3|3|1|2|288000|185|1480071|299098
1200000|1|6000|3|3|0|0|288000|186|1488070|315830
1200000|1|6000|3|3|1|2|288000|186|1488070|299016
1200000|1|6000|3|3|0|0|288000|187|1496070|316035
1200000|1|6000|3|3|1|2|288000|187|1496070|298565
1200000|1|6000|3|3|0|0|288000|188|1504069|316035
1200000|1|6000|3|3|1|2|288000|188|1504069|298032
1200000|1|6000|3|3|0|0|288000|189|1512068|315871
1200000|1|6000|3|3|1|2|288000|189|1512068|296966
1200000|1|6000|3|3|0|0|288000|190|1520067|315174
1200000|1|6000|3|3|1|2|288000|190|1520067|296187
1200000|1|6000|3|3|0|0|288000|191|1528065|313821
1200000|1|6000|3|3|1|2|288000|191|1528065|295777
1200000|1|6000|3|3|0|0|288000|192|1536065|312673
1200000|1|6000|3|3|1|2|288000|192|1536065|295818
1200000|1|6000|3|3|0|0|288000|193|1544065|312427
1200000|1|6000|3|3|1|2|288000|193|1544065|295080
1200000|1|6000|3|3|0|0|288000|194|1552065|311443
1200000|1|6000|3|3|1|2|288000|194|1552065|294793
1200000|1|6000|3|3|0|0|288000|195|1560065|311115
1200000|1|6000|3|3|1|2|288000|195|1560065|294547
1200000|1|6000|3|3|0|0|288000|196|1568065|310541
1200000|1|6000|3|3|1|2|288000|196|1568065|294342
1200000|1|6000|3|3|0|0|288000|197|1576064|310664
1200000|1|6000|3|3|1|2|288000|197|1576064|294014
1200000|1|6000|3|3|0|0|288000|198|1584063|311115
1200000|1|6000|3|3|1|2|288000|198|1584063|293399
1200000|1|6000|3|3|0|0|288000|199|1592063|311935
1200000|1|6000|3|3|1|2|288000|199|1592063|293112
1200000|1|6000|3|3|0|0|288000|200|1600062|312632
1200000|1|6000|3|3|1|2|288000|200|1600062|293194
1200000|1|6000|3|3|0|0|288000|201|1608063|312550
1200000|1|6000|3|3|1|2|288000|201|1608063|293604
1200000|1|6000|3|3|0|0|288000|202|1616063|312960
1200000|1|6000|3|3|1|2|288000|202|1616063|293194
1200000|1|6000|3|3|0|0|288000|203|1624064|313124
1200000|1|6000|3|3|1|2|288000|203|1624064|293276
1200000|1|6000|3|3|0|0|288000|204|1632064|313616
1200000|1|6000|3|3|1|2|288000|204|1632064|293317
1200000|1|6000|3|3|0|0|288000|205|1640064|313862
1200000|1|6000|3|3|1|2|288000|205|1640064|293440
1200000|1|6000|3|3|0|0|288000|206|1648064|312673
1200000|1|6000|3|3|1|2|288000|206|1648064|293563
1200000|1|6000|3|3|0|0|288000|207|1656065|312468
1200000|1|6000|3|3|1|2|288000|207|1656065|293276
1200000|1|6000|3|3|0|0|288000|208|1664064|312755
1200000|1|6000|3|3|1|2|288000|208|1664064|293112
1200000|1|6000|3|3|0|0|288000|209|1672064|313288
1200000|1|6000|3|3|1|2|288000|209|1672064|293727
1200000|1|6000|3|3|0|0|288000|210|1680064|312919
1200000|1|6000|3|3|1|2|288000|210|1680064|294096
1200000|1|6000|3|3|0|0|288000|211|1688065|313042
1200000|1|6000|3|3|1|2|288000|211|1688065|294055
1200000|1|6000|3|3|0|0|288000|212|1696066|312509
1200000|1|6000|3|3|1|2|288000|212|1696066|294260
1200000|1|6000|3|3|0|0|288000|213|1704066|312673
1200000|1|6000|3|3|1|2|288000|213|1704066|294055
1200000|1|6000|3|3|0|0|288000|214|1712066|312386
1200000|1|6000|3|3|1|2|288000|214|1712066|294055
1200000|1|6000|3|3|0|0|288000|215|1720067|312468
1200000|1|6000|3|3|1|2|288000|215|1720067|294096
1200000|1|6000|3|3|0|0|288000|216|1728067|312304
1200000|1|6000|3|3|1|2|288000|216|1728067|294957
1200000|1|6000|3|3|0|0|288000|217|1736069|312673
1200000|1|6000|3|3|1|2|288000|217|1736069|295490
1200000|1|6000|3|3|0|0|288000|218|1744070|312632
1200000|1|6000|3|3|1|2|288000|218|1744070|295162
1200000|1|6000|3|3|0|0|288000|219|1752072|312919
1200000|1|6000|3|3|1|2|288000|219|1752072|295613
1200000|1|6000|3|3|0|0|288000|220|1760073|313534
1200000|1|6000|3|3|1|2|288000|220|1760073|295367
1200000|1|6000|3|3|0|0|288000|221|1768075|314477
1200000|1|6000|3|3|1|2|288000|221|1768075|295736
1200000|1|6000|3|3|0|0|288000|222|1776077|314969
1200000|1|6000|3|3|1|2|288000|222|1776077|296761
1200000|1|6000|3|3|0|0|288000|223|1784079|315338
1200000|1|6000|3|3|1|2|288000|223|1784079|296515
1200000|1|6000|3|3|0|0|288000|224|1792080|315625
1200000|1|6000|3|3|1|2|288000|224|1792080|296433
1200000|1|6000|3|3|0|0|288000|225|1800080|315625
1200000|1|6000|3|3|1|2|288000|225|1800080|295367
1200000|1|6000|3|3|0|0|288000|226|1808080|316076
1200000|1|6000|3|3|1|2|288000|226|1808080|295818
1200000|1|6000|3|3|0|0|288000|227|1816081|316117
1200000|1|6000|3|3|1|2|288000|227|1816081|295039
1200000|1|6000|3|3|0|0|288000|228|1824081|316240
1200000|1|6000|3|3|1|2|288000|228|1824081|295367
1200000|1|6000|3|3|0|0|288000|229|1832082|316199
1200000|1|6000|3|3|1|2|288000|229|1832082|295080
1200000|1|6000|3|3|0|0|288000|230|1840083|317142
1200000|1|6000|3|3|1|2|288000|230|1840083|294506
1200000|1|6000|3|3|0|0|288000|231|1848084|317716
1200000|1|6000|3|3|1|2|288000|231|1848084|294055
1200000|1|6000|3|3|0|0|288000|232|1856085|318741
1200000|1|6000|3|3|1|2|288000|232|1856085|293768
1200000|1|6000|3|3|0|0|288000|233|1864085|319438
1200000|1|6000|3|3|1|2|288000|233|1864085|294465
1200000|1|6000|3|3|0|0|288000|234|1872086|320094
1200000|1|6000|3|3|1|2|288000|234|1872086|294916
1200000|1|6000|3|3|0|0|288000|235|1880087|321201
1200000|1|6000|3|3|1|2|288000|235|1880087|295531
1200000|1|6000|3|3|0|0|288000|236|1888088|322472
1200000|1|6000|3|3|1|2|288000|236|1888088|296146
1200000|1|6000|3|3|0|0|288000|237|1896089|322800
1200000|1|6000|3|3|1|2|288000|237|1896089|296023
1200000|1|6000|3|3|0|0|288000|238|1904090|323046
1200000|1|6000|3|3|1|2|288000|238|1904090|296433
1200000|1|6000|3|3|0|0|288000|239|1912091|321898
1200000|1|6000|3|3|1|2|288000|239|1912091|296761
1200000|1|6000|3|3|0|0|288000|240|1920092|321078
1200000|1|6000|3|3|1|2|288000|240|1920092|297253
1200000|1|6000|3|3|0|0|288000|241|1928093|320750
1200000|1|6000|3|3|1|2|288000|241|1928093|296679
1200000|1|6000|3|3|0|0|288000|242|1936094|320627
1200000|1|6000|3|3|1|2|288000|242|1936094|297089
1200000|1|6000|3|3|0|0|288000|243|1944095|320463
1200000|1|6000|3|3|1|2|288000|243|1944095|297868
1200000|1|6000|3|3|0|0|288000|244|1952096|320422
1200000|1|6000|3|3|1|2|288000|244|1952096|297909
1200000|1|6000|3|3|0|0|288000|245|1960097|320094
1200000|1|6000|3|3|1|2|288000|245|1960097|299057
1200000|1|6000|3|3|0|0|288000|246|1968099|320299
1200000|1|6000|3|3|1|2|288000|246|1968099|299303
1200000|1|6000|3|3|0|0|288000|247|1976099|320750
1200000|1|6000|3|3|1|2|288000|247|1976099|300164
1200000|1|6000|3|3|0|0|288000|248|1984100|320873
1200000|1|6000|3|3|1|2|288000|248|1984100|299262
1200000|1|6000|3|3|0|0|288000|249|1992099|320832
1200000|1|6000|3|3|1|2|288000|249|1992099|299713
1200000|1|6000|3|3|0|0|288000|250|2000099|320176
1200000|1|6000|3|3|1|2|288000|250|2000099|299262
1200000|1|6000|3|3|0|0|288000|251|2008099|320012
1200000|1|6000|3|3|1|2|288000|251|2008099|299385
1200000|1|6000|3|3|0|0|288000|252|2016099|319356
1200000|1|6000|3|3|1|2|288000|252|2016099|299057
1200000|1|6000|3|3|0|0|288000|253|2024099|319438
1200000|1|6000|3|3|1|2|288000|253|2024099|299016
1200000|1|6000|3|3|0|0|288000|254|2032099|319192
1200000|1|6000|3|3|1|2|288000|254|2032099|299221
1200000|1|6000|3|3|0|0|288000|255|2040100|319315
1200000|1|6000|3|3|1|2|288000|255|2040100|299508
1200000|1|6000|3|3|0|0|288000|256|2048100|319684
1200000|1|6000|3|3|1|2|288000|256|2048100|299795
1200000|1|6000|3|3|0|0|288000|257|2056100|319807
1200000|1|6000|3|3|1|2|288000|257|2056100|298975
1200000|1|6000|3|3|0|0|288000|258|2064099|319561
1200000|1|6000|3|3|1|2|288000|258|2064099|299139
1200000|1|6000|3|3|0|0|288000|259|2072099|319110
1200000|1|6000|3|3|1|2|288000|259|2072099|298647
1200000|1|6000|3|3|0|0|288000|260|2080098|319069
1200000|1|6000|3|3|1|2|288000|260|2080098|298319
1200000|1|6000|3|3|0|0|288000|261|2088098|318946
1200000|1|6000|3|3|1|2|288000|261|2088098|297499
1200000|1|6000|3|3|0|0|288000|262|2096097|317880
1200000|1|6000|3|3|1|2|288000|262|2096097|297171
1200000|1|6000|3|3|0|0|288000|263|2104096|316486
1200000|1|6000|3|3|1|2|288000|263|2104096|296884
1200000|1|6000|3|3|0|0|288000|264|2112096|315256
1200000|1|6000|3|3|1|2|288000|264|2112096|297335
1200000|1|6000|3|3|0|0|288000|265|2120097|314190
1200000|1|6000|3|3|1|2|288000|265|2120097|297294
1200000|1|6000|3|3|0|0|288000|266|2128097|313206
1200000|1|6000|3|3|1|2|288000|266|2128097|297704
1200000|1|6000|3|3|0|0|288000|267|2136098|312386
1200000|1|6000|3|3|1|2|288000|267|2136098|297376
1200000|1|6000|3|3|0|0|288000|268|2144097|311238
1200000|1|6000|3|3|1|2|288000|268|2144097|297376
1200000|1|6000|3|3|0|0|288000|269|2152098|310746
1200000|1|6000|3|3|1|2|288000|269|2152098|298278
1200000|1|6000|3|3|0|0|288000|270|2160099|310705
1200000|1|6000|3|3|1|2|288000|270|2160099|298852
1200000|1|6000|3|3|0|0|288000|271|2168100|311197
1200000|1|6000|3|3|1|2|288000|271|2168100|300082
1200000|1|6000|3|3|0|0|288000|272|2176102|310828
1200000|1|6000|3|3|1|2|288000|272|2176102|299549
1200000|1|6000|3|3|0|0|288000|273|2184101|310377
1200000|1|6000|3|3|1|2|288000|273|2184101|299918
1200000|1|6000|3|3|0|0|288000|274|2192101|309885
1200000|1|6000|3|3|1|2|288000|274|2192101|299098
1200000|1|6000|3|3|0|0|288000|275|2200100|309680
1200000|1|6000|3|3|1|2|288000|275|2200100|298975
1200000|1|6000|3|3|0|0|288000|276|2208099|309311
1200000|1|6000|3|3|1|2|288000|276|2208099|297909
1200000|1|6000|3|3|0|0|288000|277|2216098|308696
1200000|1|6000|3|3|1|2|288000|277|2216098|297499
1200000|1|6000|3|3|0|0|288000|278|2224097|308040
1200000|1|6000|3|3|1|2|288000|278|2224097|296720
1200000|1|6000|3|3|0|0|288000|279|2232096|307425
1200000|1|6000|3|3|1|2|288000|279|2232096|296392
1200000|1|6000|3|3|0|0|288000|280|2240095|307179
1200000|1|6000|3|3|1|2|288000|280|2240095|296351
1200000|1|6000|3|3|0|0|288000|281|2248095|306646
1200000|1|6000|3|3|1|2|288000|281|2248095|296064
1200000|1|6000|3|3|0|0|288000|282|2256096|306195
1200000|1|6000|3|3|1|2|288000|282|2256096|296351
1200000|1|6000|3|3|0|0|288000|283|2264096|305621
1200000|1|6000|3|3|1|2|288000|283|2264096|296187
1200000|1|6000|3|3|0|0|288000|284|2272095|305498
1200000|1|6000|3|3|1|2|288000|284|2272095|295900
1200000|1|6000|3|3|0|0|288000|285|2280095|305170
1200000|1|6000|3|3|1|2|288000|285|2280095|295080
1200000|1|6000|3|3|0|0|288000|286|2288095|304514
1200000|1|6000|3|3|1|2|288000|286|2288095|294424
1200000|1|6000|3|3|0|0|288000|287|2296094|304309
1200000|1|6000|3|3|1|2|288000|287|2296094|293768
1200000|1|6000|3|3|0|0|288000|288|2304094|304555
1200000|1|6000|3|3|1|2|288000|288|2304094|293645
1200000|1|6000|3|3|0|0|288000|289|2312094|304637
1200000|1|6000|3|3|1|2|288000|289|2312094|293850
1200000|1|6000|3|3|0|0|288000|290|2320094|304432
1200000|1|6000|3|3|1|2|288000|290|2320094|293973
1200000|1|6000|3|3|0|0|288000|291|2328095|304555
1200000|1|6000|3|3|1|2|288000|291|2328095|294752
1200000|1|6000|3|3|0|0|288000|292|2336096|304268
1200000|1|6000|3|3|1|2|288000|292|2336096|295531
1200000|1|6000|3|3|0|0|288000|293|2344097|304022
1200000|1|6000|3|3|1|2|288000|293|2344097|295736
1200000|1|6000|3|3|0|0|288000|294|2352097|304842
1200000|1|6000|3|3|1|2|288000|294|2352097|295900
1200000|1|6000|3|3|0|0|288000|295|2360098|305293
1200000|1|6000|3|3|1|2|288000|295|2360098|296433
1200000|1|6000|3|3|0|0|288000|296|2368098|305826
1200000|1|6000|3|3|1|2|288000|296|2368098|295572
1200000|1|6000|3|3|0|0|288000|297|2376097|306810
1200000|1|6000|3|3|1|2|288000|297|2376097|294876
1200000|1|6000|3|3|0|0|288000|298|2384096|307343
1200000|1|6000|3|3|1|2|288000|298|2384096|294219
1200000|1|6000|3|3|0|0|288000|299|2392096|307999
1200000|1|6000|3|3|1|2|288000|299|2392096|294301
1200000|1|6000|3|3|0|0|288000|300|2400096|308614
1200000|1|6000|3|3|1|2|288000|300|2400096|293973
1200000|1|6000|3|3|0|0|288000|301|2408096|309352
1200000|1|6000|3|3|1|2|288000|301|2408096|293850
1200000|1|6000|3|3|0|0|288000|302|2416095|309311
1200000|1|6000|3|3|1|2|288000|302|2416095|293112
1200000|1|6000|3|3|0|0|288000|303|2424095|309352
1200000|1|6000|3|3|1|2|288000|303|2424095|293112
1200000|1|6000|3|3|0|0|288000|304|2432095|309516
1200000|1|6000|3|3|1|2|288000|304|2432095|293194
1200000|1|6000|3|3|0|0|288000|305|2440095|309721
1200000|1|6000|3|3|1|2|288000|305|2440095|293276
1200000|1|6000|3|3|0|0|288000|306|2448096|310049
1200000|1|6000|3|3|1|2|288000|306|2448096|293317
1200000|1|6000|3|3|0|0|288000|307|2456095|310172
1200000|1|6000|3|3|1|2|288000|307|2456095|293359
1200000|1|6000|3|3|0|0|288000|308|2464096|310500
1200000|1|6000|3|3|1|2|288000|308|2464096|293440
1200000|1|6000|3|3|0|0|288000|309|2472095|310787
1200000|1|6000|3|3|1|2|288000|309|2472095|293563
1200000|1|6000|3|3|0|0|288000|310|2480095|311525
1200000|1|6000|3|3|1|2|288000|310|2480095|293481
1200000|1|6000|3|3|0|0|288000|311|2488095|311525
1200000|1|6000|3|3|1|2|288000|311|2488095|293522
1200000|1|6000|3|3|0|0|288000|312|2496095|312304
1200000|1|6000|3|3|1|2|288000|312|2496095|294342
1200000|1|6000|3|3|0|0|288000|313|2504096|312468
1200000|1|6000|3|3|1|2|288000|313|2504096|294957
1200000|1|6000|3|3|0|0|288000|314|2512096|312960
1200000|1|6000|3|3|1|2|288000|314|2512096|295613
1200000|1|6000|3|3|0|0|288000|315|2520097|313411
1200000|1|6000|3|3|1|2|288000|315|2520097|295777
1200000|1|6000|3|3|0|0|288000|316|2528098|313903
1200000|1|6000|3|3|1|2|288000|316|2528098|296392
1200000|1|6000|3|3|0|0|288000|317|2536099|314436
1200000|1|6000|3|3|1|2|288000|317|2536099|296351
1200000|1|6000|3|3|0|0|288000|318|2544099|313862
1200000|1|6000|3|3|1|2|288000|318|2544099|296556
1200000|1|6000|3|3|0|0|288000|319|2552099|313001
1200000|1|6000|3|3|1|2|288000|319|2552099|296720
1200000|1|6000|3|3|0|0|288000|320|2560099|311812
1200000|1|6000|3|3|1|2|288000|320|2560099|296679
1200000|1|6000|3|3|0|0|288000|321|2568099|311320
1200000|1|6000|3|3|1|2|288000|321|2568099|297499
1200000|1|6000|3|3|0|0|288000|322|2576100|310008
1200000|1|6000|3|3|1|2|288000|322|2576100|297089
1200000|1|6000|3|3|0|0|288000|323|2584100|309516
1200000|1|6000|3|3|1|2|288000|323|2584100|297827
1200000|1|6000|3|3|0|0|288000|324|2592101|308327
1200000|1|6000|3|3|1|2|288000|324|2592101|297540
1200000|1|6000|3|3|0|0|288000|325|2600101|307630
1200000|1|6000|3|3|1|2|288000|325|2600101|298237
1200000|1|6000|3|3|0|0|288000|326|2608102|307958
1200000|1|6000|3|3|1|2|288000|326|2608102|298032
1200000|1|6000|3|3|0|0|288000|327|2616102|308655
1200000|1|6000|3|3|1|2|288000|327|2616102|297991
1200000|1|6000|3|3|0|0|288000|328|2624102|309311
1200000|1|6000|3|3|1|2|288000|328|2624102|297622
1200000|1|6000|3|3|0|0|288000|329|2632101|309434
1200000|1|6000|3|3|1|2|288000|329|2632101|297007
1200000|1|6000|3|3|0|0|288000|330|2640101|309641
1200000|1|6000|3|3|1|2|288000|330|2640101|296925
1200000|1|6000|3|3|0|0|288000|331|2648100|309475
1200000|1|6000|3|3|1|2|288000|331|2648100|296474
1200000|1|6000|3|3|0|0|288000|332|2656100|309680
1200000|1|6000|3|3|1|2|288000|332|2656100|296515
1200000|1|6000|3|3|0|0|288000|333|2664100|309639
1200000|1|6000|3|3|1|2|288000|333|2664100|296187
1200000|1|6000|3|3|0|0|288000|334|2672100|310131
1200000|1|6000|3|3|1|2|288000|334|2672100|296228
1200000|1|6000|3|3|0|0|288000|335|2680100|311156
1200000|1|6000|3|3|1|2|288000|335|2680100|295982
1200000|1|6000|3|3|0|0|288000|336|2688100|311935
1200000|1|6000|3|3|1|2|288000|336|2688100|296269
1200000|1|6000|3|3|0|0|288000|337|2696100|313575
1200000|1|6000|3|3|1|2|288000|337|2696100|295490
1200000|1|6000|3|3|0|0|288000|338|2704099|314313
1200000|1|6000|3|3|1|2|288000|338|2704099|294711
1200000|1|6000|3|3|0|0|288000|339|2712099|315830
1200000|1|6000|3|3|1|2|288000|339|2712099|293891
1200000|1|6000|3|3|0|0|288000|340|2720099|317060
1200000|1|6000|3|3|1|2|288000|340|2720099|293235
1200000|1|6000|3|3|0|0|288000|341|2728099|318413
1200000|1|6000|3|3|1|2|288000|341|2728099|292661
1200000|1|6000|3|3|0|0|288000|342|2736098|318659
1200000|1|6000|3|3|1|2|288000|342|2736098|291964
1200000|1|6000|3|3|0|0|288000|343|2744098|318741
1200000|1|6000|3|3|1|2|288000|343|2744098|291144
1200000|1|6000|3|3|0|0|288000|344|2752097|318454
1200000|1|6000|3|3|1|2|288000|344|2752097|290775
1200000|1|6000|3|3|0|0|288000|345|2760098|318864
1200000|1|6000|3|3|1|2|288000|345|2760098|290734
1200000|1|6000|3|3|0|0|288000|346|2768097|319438
1200000|1|6000|3|3|1|2|288000|346|2768097|290242
1200000|1|6000|3|3|0|0|288000|347|2776097|320053
1200000|1|6000|3|3|1|2|288000|347|2776097|289791
1200000|1|6000|3|3|0|0|288000|348|2784097|320381
1200000|1|6000|3|3|1|2|288000|348|2784097|289463
1200000|1|6000|3|3|0|0|288000|349|2792097|320668
1200000|1|6000|3|3|1|2|288000|349|2792097|288233
1200000|1|6000|3|3|0|0|288000|350|2800096|320832
1200000|1|6000|3|3|1|2|288000|350|2800096|287987
1200000|1|6000|3|3|0|0|288000|351|2808095|320217
1200000|1|6000|3|3|1|2|288000|351|2808095|287126
1200000|1|6000|3|3|0|0|288000|352|2816095|319561
1200000|1|6000|3|3|1|2|288000|352|2816095|287495
1200000|1|6000|3|3|0|0|288000|353|2824095|319233
1200000|1|6000|3|3|1|2|288000|353|2824095|287167
1200000|1|6000|3|3|0|0|288000|354|2832096|318905
1200000|1|6000|3|3|1|2|288000|354|2832096|287167
1200000|1|6000|3|3|0|0|288000|355|2840096|318208
1200000|1|6000|3|3|1|2|288000|355|2840096|287454
1200000|1|6000|3|3|0|0|288000|356|2848097|317429
1200000|1|6000|3|3|1|2|288000|356|2848097|286798
1200000|1|6000|3|3|0|0|288000|357|2856097|316896
1200000|1|6000|3|3|1|2|288000|357|2856097|286839
1200000|1|6000|3|3|0|0|288000|358|2864098|316732
1200000|1|6000|3|3|1|2|288000|358|2864098|286142
1200000|1|6000|3|3|0|0|288000|359|2872098|317757
1200000|1|6000|3|3|1|2|288000|359|2872098|285855
1200000|1|6000|3|3|0|0|288000|360|2880098|318454
1200000|1|6000|3|3|1|2|288000|360|2880098|285322
1200000|1|6000|3|3|0|0|288000|361|2888098|318823
1200000|1|6000|3|3|1|2|288000|361|2888098|285609
1200000|1|6000|3|3|0|0|288000|362|2896098|318905
1200000|1|6000|3|3|1|2|288000|362|2896098|286388
1200000|1|6000|3|3|0|0|288000|363|2904099|318905
1200000|1|6000|3|3|1|2|288000|363|2904099|287085
1200000|1|6000|3|3|0|0|288000|364|2912100|318618
1200000|1|6000|3|3|1|2|288000|364|2912100|288643
1200000|1|6000|3|3|0|0|288000|365|2920103|318413
1200000|1|6000|3|3|1|2|288000|365|2920103|289176
1200000|1|6000|3|3|0|0|288000|366|2928104|318495
1200000|1|6000|3|3|1|2|288000|366|2928104|290201
1200000|1|6000|3|3|0|0|288000|367|2936105|318782
1200000|1|6000|3|3|1|2|288000|367|2936105|290283
1200000|1|6000|3|3|0|0|288000|368|2944106|319069
1200000|1|6000|3|3|1|2|288000|368|2944106|289791
1200000|1|6000|3|3|0|0|288000|369|2952105|319233
1200000|1|6000|3|3|1|2|288000|369|2952105|288397
1200000|1|6000|3|3|0|0|288000|370|2960103|319643
1200000|1|6000|3|3|1|2|288000|370|2960103|287823
1200000|1|6000|3|3|0|0|288000|371|2968102|320094
1200000|1|6000|3|3|1|2|288000|371|2968102|287495
1200000|1|6000|3|3|0|0|288000|372|2976102|320709
1200000|1|6000|3|3|1|2|288000|372|2976102|287741
1200000|1|6000|3|3|0|0|288000|373|2984101|321119
1200000|1|6000|3|3|1|2|288000|373|2984101|287413
1200000|1|6000|3|3|0|0|288000|374|2992100|320545
1200000|1|6000|3|3|1|2|288000|374|2992100|287003
1200000|1|6000|3|3|0|0|288000|375|3000100|319520
1200000|1|6000|3|3|1|2|288000|375|3000100|287208
1200000|1|6000|3|3|0|0|288000|376|3008100|318577
1200000|1|6000|3|3|1|2|288000|376|3008100|287905
1200000|1|6000|3|3|0|0|288000|377|3016100|317962
1200000|1|6000|3|3|1|2|288000|377|3016100|288479
1200000|1|6000|3|3|0|0|288000|378|3024101|317634
1200000|1|6000|3|3|1|2|288000|378|3024101|288356
1200000|1|6000|3|3|0|0|288000|379|3032100|317142
1200000|1|6000|3|3|1|2|288000|379|3032100|288479
1200000|1|6000|3|3|0|0|288000|380|3040100|317060
1200000|1|6000|3|3|1|2|288000|380|3040100|287741
1200000|1|6000|3|3|0|0|288000|381|3048098|317101
1200000|1|6000|3|3|1|2|288000|381|3048098|287823
1200000|1|6000|3|3|0|0|288000|382|3056098|317183
1200000|1|6000|3|3|1|2|288000|382|3056098|287782
1200000|1|6000|3|3|0|0|288000|383|3064097|316937
1200000|1|6000|3|3|1|2|288000|383|3064097|287782
1200000|1|6000|3|3|0|0|288000|384|3072097|315420
1200000|1|6000|3|3|1|2|288000|384|3072097|287823
1200000|1|6000|3|3|0|0|288000|385|3080096|314723
1200000|1|6000|3|3|1|2|288000|385|3080096|287536
1200000|1|6000|3|3|0|0|288000|386|3088096|313206
1200000|1|6000|3|3|1|2|288000|386|3088096|286019
1200000|1|6000|3|3|0|0|288000|387|3096094|312550
1200000|1|6000|3|3|1|2|288000|387|3096094|285609
1200000|1|6000|3|3|0|0|288000|388|3104094|311566
1200000|1|6000|3|3|1|2|288000|388|3104094|285158
1200000|1|6000|3|3|0|0|288000|389|3112093|311074
1200000|1|6000|3|3|1|2|288000|389|3112093|284789
1200000|1|6000|3|3|0|0|288000|390|3120093|311156
1200000|1|6000|3|3|1|2|288000|390|3120093|284461
1200000|1|6000|3|3|0|0|288000|391|3128092|311894
1200000|1|6000|3|3|1|2|288000|391|3128092|284502
1200000|1|6000|3|3|0|0|288000|392|3136092|312960
1200000|1|6000|3|3|1|2|288000|392|3136092|284174
1200000|1|6000|3|3|0|0|288000|393|3144092|312919
1200000|1|6000|3|3|1|2|288000|393|3144092|284338
1200000|1|6000|3|3|0|0|288000|394|3152091|313616
1200000|1|6000|3|3|1|2|288000|394|3152091|283887
1200000|1|6000|3|3|0|0|288000|395|3160091|313657
1200000|1|6000|3|3|1|2|288000|395|3160091|283313
1200000|1|6000|3|3|0|0|288000|396|3168090|313985
1200000|1|6000|3|3|1|2|288000|396|3168090|282575
1200000|1|6000|3|3|0|0|288000|397|3176089|313575
1200000|1|6000|3|3|1|2|288000|397|3176089|282206
1200000|1|6000|3|3|0|0|288000|398|3184089|313370
1200000|1|6000|3|3|1|2|288000|398|3184089|281591
1200000|1|6000|3|3|0|0|288000|399|3192088|312714
1200000|1|6000|3|3|1|2|288000|399|3192088|281263
1200000|1|6000|3|3|0|0|288000|400|3200088|312345
1200000|1|6000|3|3|1|2|288000|400|3200088|281591
1200000|1|6000|3|3|0|0|288000|401|3208088|312468
1200000|1|6000|3|3|1|2|288000|401|3208088|280976
1200000|1|6000|3|3|0|0|288000|402|3216089|312427
1200000|1|6000|3|3|1|2|288000|402|3216089|281304
1200000|1|6000|3|3|0|0|288000|403|3224089|312427
1200000|1|6000|3|3|1|2|288000|403|3224089|280812
1200000|1|6000|3|3|0|0|288000|404|3232089|312386
1200000|1|6000|3|3|1|2|288000|404|3232089|281345
1200000|1|6000|3|3|0|0|288000|405|3240091|312878
1200000|1|6000|3|3|1|2|288000|405|3240091|280812
1200000|1|6000|3|3|0|0|288000|406|3248090|312345
1200000|1|6000|3|3|1|2|288000|406|3248090|281140
1200000|1|6000|3|3|0|0|288000|407|3256091|312386
1200000|1|6000|3|3|1|2|288000|407|3256091|280894
1200000|1|6000|3|3|0|0|288000|408|3264090|312017
1200000|1|6000|3|3|1|2|288000|408|3264090|281345
1200000|1|6000|3|3|0|0|288000|409|3272092|311894
1200000|1|6000|3|3|1|2|288000|409|3272092|282616
1200000|1|6000|3|3|0|0|288000|410|3280094|311566
1200000|1|6000|3|3|1|2|288000|410|3280094|283518
1200000|1|6000|3|3|0|0|288000|411|3288095|311320
1200000|1|6000|3|3|1|2|288000|411|3288095|285158
1200000|1|6000|3|3|0|0|288000|412|3296097|311279
1200000|1|6000|3|3|1|2|288000|412|3296097|286224
1200000|1|6000|3|3|0|0|288000|413|3304098|311115
1200000|1|6000|3|3|1|2|288000|413|3304098|287208
1200000|1|6000|3|3|0|0|288000|414|3312099|311976
1200000|1|6000|3|3|1|2|288000|414|3312099|288397
1200000|1|6000|3|3|0|0|288000|415|3320101|311771
1200000|1|6000|3|3|1|2|288000|415|3320101|289381
1200000|1|6000|3|3|0|0|288000|416|3328102|312509
1200000|1|6000|3|3|1|2|288000|416|3328102|289832
1200000|1|6000|3|3|0|0|288000|417|3336102|312468
1200000|1|6000|3|3|1|2|288000|417|3336102|289586
1200000|1|6000|3|3|0|0|288000|418|3344102|312919
1200000|1|6000|3|3|1|2|288000|418|3344102|289258
1200000|1|6000|3|3|0|0|288000|419|3352103|312673
1200000|1|6000|3|3|1|2|288000|419|3352103|288889
1200000|1|6000|3|3|0|0|288000|420|3360103|312919
1200000|1|6000|3|3|1|2|288000|420|3360103|289627
1200000|1|6000|3|3|0|0|288000|421|3368104|312796
1200000|1|6000|3|3|1|2|288000|421|3368104|289791
1200000|1|6000|3|3|0|0|288000|422|3376105|312181
1200000|1|6000|3|3|1|2|288000|422|3376105|290816
1200000|1|6000|3|3|0|0|288000|423|3384106|312099
1200000|1|6000|3|3|1|2|288000|423|3384106|291226
1200000|1|6000|3|3|0|0|288000|424|3392107|311607
1200000|1|6000|3|3|1|2|288000|424|3392107|291062
1200000|1|6000|3|3|0|0|288000|425|3400106|311484
1200000|1|6000|3|3|1|2|288000|425|3400106|291554
1200000|1|6000|3|3|0|0|288000|426|3408106|311197
1200000|1|6000|3|3|1|2|288000|426|3408106|292251
1200000|1|6000|3|3|0|0|288000|427|3416105|310828
1200000|1|6000|3|3|1|2|288000|427|3416105|292702
1200000|1|6000|3|3|0|0|288000|428|3424106|310664
1200000|1|6000|3|3|1|2|288000|428|3424106|293112
1200000|1|6000|3|3|0|0|288000|429|3432105|310664
1200000|1|6000|3|3|1|2|288000|429|3432105|292948
1200000|1|6000|3|3|0|0|288000|430|3440104|310172
1200000|1|6000|3|3|1|2|288000|430|3440104|292989
1200000|1|6000|3|3|0|0|288000|431|3448103|310131
1200000|1|6000|3|3|1|2|288000|431|3448103|293030
1200000|1|6000|3|3|0|0|288000|432|3456104|309475
1200000|1|6000|3|3|1|2|288000|432|3456104|294178
1200000|1|6000|3|3|0|0|288000|433|3464105|309024
1200000|1|6000|3|3|1|2|288000|433|3464105|294301
1200000|1|6000|3|3|0|0|288000|434|3472106|308122
1200000|1|6000|3|3|1|2|288000|434|3472106|294506
1200000|1|6000|3|3|0|0|288000|435|3480107|307589
1200000|1|6000|3|3|1|2|288000|435|3480107|294506
1200000|1|6000|3|3|0|0|288000|436|3488107|306564
1200000|1|6000|3|3|1|2|288000|436|3488107|295080
1200000|1|6000|3|3|0|0|288000|437|3496108|305785
1200000|1|6000|3|3|1|2|288000|437|3496108|295039
1200000|1|6000|3|3|0|0|288000|438|3504108|306195
1200000|1|6000|3|3|1|2|288000|438|3504108|295162
1200000|1|6000|3|3|0|0|288000|439|3512109|306359
1200000|1|6000|3|3|1|2|288000|439|3512109|294998
1200000|1|6000|3|3|0|0|288000|440|3520108|307015
1200000|1|6000|3|3|1|2|288000|440|3520108|295326
1200000|1|6000|3|3|0|0|288000|441|3528109|306687
1200000|1|6000|3|3|1|2|288000|441|3528109|295244
1200000|1|6000|3|3|0|0|288000|442|3536109|306646
1200000|1|6000|3|3|1|2|288000|442|3536109|294752
1200000|1|6000|3|3|0|0|288000|443|3544110|306687
1200000|1|6000|3|3|1|2|288000|443|3544110|294506
1200000|1|6000|3|3|0|0|288000|444|3552110|306728
1200000|1|6000|3|3|1|2|288000|444|3552110|294055
1200000|1|6000|3|3|0|0|288000|445|3560111|306523
1200000|1|6000|3|3|1|2|288000|445|3560111|294506
1200000|1|6000|3|3|0|0|288000|446|3568112|306810
1200000|1|6000|3|3|1|2|288000|446|3568112|294137
1200000|1|6000|3|3|0|0|288000|447|3576113|306482
1200000|1|6000|3|3|1|2|288000|447|3576113|294342
1200000|1|6000|3|3|0|0|288000|448|3584114|305826
1200000|1|6000|3|3|1|2|288000|448|3584114|294629
1200000|1|6000|3|3|0|0|288000|449|3592115|305334
1200000|1|6000|3|3|1|2|288000|449|3592115|294998
1200000|1|6000|3|3|0|0|288000|450|3600116|305047
1200000|1|6000|3|3|1|2|288000|450|3600116|295982
1200000|1|6000|3|3|0|0|288000|451|3608117|304760
1200000|1|6000|3|3|1|2|288000|451|3608117|295777
1200000|1|6000|3|3|0|0|288000|452|3616117|304350
1200000|1|6000|3|3|1|2|288000|452|3616117|296515
1200000|1|6000|3|3|0|0|288000|453|3624119|304555
1200000|1|6000|3|3|1|2|288000|453|3624119|296433
1200000|1|6000|3|3|0|0|288000|454|3632119|304432
1200000|1|6000|3|3|1|2|288000|454|3632119|296884
1200000|1|6000|3|3|0|0|288000|455|3640120|305211
1200000|1|6000|3|3|1|2|288000|455|3640120|296105
1200000|1|6000|3|3|0|0|288000|456|3648119|305703
1200000|1|6000|3|3|1|2|288000|456|3648119|295900
1200000|1|6000|3|3|0|0|288000|457|3656120|306564
1200000|1|6000|3|3|1|2|288000|457|3656120|296433
1200000|1|6000|3|3|0|0|288000|458|3664121|306687
1200000|1|6000|3|3|1|2|288000|458|3664121|297089
1200000|1|6000|3|3|0|0|288000|459|3672122|306523
1200000|1|6000|3|3|1|2|288000|459|3672122|297745
1200000|1|6000|3|3|0|0|288000|460|3680122|306933
1200000|1|6000|3|3|1|2|288000|460|3680122|298196
1200000|1|6000|3|3|0|0|288000|461|3688123|306564
1200000|1|6000|3|3|1|2|288000|461|3688123|299098
1200000|1|6000|3|3|0|0|288000|462|3696123|306974
1200000|1|6000|3|3|1|2|288000|462|3696123|299508
1200000|1|6000|3|3|0|0|288000|463|3704123|306482
1200000|1|6000|3|3|1|2|288000|463|3704123|300451
1200000|1|6000|3|3|0|0|288000|464|3712124|306769
1200000|1|6000|3|3|1|2|288000|464|3712124|300820
1200000|1|6000|3|3|0|0|288000|465|3720124|306851
1200000|1|6000|3|3|1|2|288000|465|3720124|300820
1200000|1|6000|3|3|0|0|288000|466|3728125|307220
1200000|1|6000|3|3|1|2|288000|466|3728125|300738
1200000|1|6000|3|3|0|0|288000|467|3736125|307261
1200000|1|6000|3|3|1|2|288000|467|3736125|300943
1200000|1|6000|3|3|0|0|288000|468|3744126|307466
1200000|1|6000|3|3|1|2|288000|468|3744126|301517
1200000|1|6000|3|3|0|0|288000|469|3752126|307794
1200000|1|6000|3|3|1|2|288000|469|3752126|301558
1200000|1|6000|3|3|0|0|288000|470|3760126|307999
1200000|1|6000|3|3|1|2|288000|470|3760126|302378
1200000|1|6000|3|3|0|0|288000|471|3768127|308614
1200000|1|6000|3|3|1|2|288000|471|3768127|302255
1200000|1|6000|3|3|0|0|288000|472|3776127|308532
1200000|1|6000|3|3|1|2|288000|472|3776127|303239
1200000|1|6000|3|3|0|0|288000|473|3784129|308942
1200000|1|6000|3|3|1|2|288000|473|3784129|304346
1200000|1|6000|3|3|0|0|288000|474|3792130|309188
1200000|1|6000|3|3|1|2|288000|474|3792130|305330
1200000|1|6000|3|3|0|0|288000|475|3800130|309721
1200000|1|6000|3|3|1|2|288000|475|3800130|306191
1200000|1|6000|3|3|0|0|288000|476|3808132|310213
1200000|1|6000|3|3|1|2|288000|476|3808132|306519
1200000|1|6000|3|3|0|0|288000|477|3816132|310336
1200000|1|6000|3|3|1|2|288000|477|3816132|306683
1200000|1|6000|3|3|0|0|288000|478|3824133|310172
1200000|1|6000|3|3|1|2|288000|478|3824133|307503
1200000|1|6000|3|3|0|0|288000|479|3832134|310172
1200000|1|6000|3|3|1|2|288000|479|3832134|307462
1200000|1|6000|3|3|0|0|288000|480|3840135|310787
1200000|1|6000|3|3|1|2|288000|480|3840135|307093
1200000|1|6000|3|3|0|0|288000|481|3848134|310992
1200000|1|6000|3|3|1|2|288000|481|3848134|306273
1200000|1|6000|3|3|0|0|288000|482|3856133|311115
1200000|1|6000|3|3|1|2|288000|482|3856133|306314
1200000|1|6000|3|3|0|0|288000|483|3864133|310787
1200000|1|6000|3|3|1|2|288000|483|3864133|305945
1200000|1|6000|3|3|0|0|288000|484|3872133|311074
1200000|1|6000|3|3|1|2|288000|484|3872133|305453
1200000|1|6000|3|3|0|0|288000|485|3880132|310951
1200000|1|6000|3|3|1|2|288000|485|3880132|304920
1200000|1|6000|3|3|0|0|288000|486|3888131|311771
1200000|1|6000|3|3|1|2|288000|486|3888131|304387
1200000|1|6000|3|3|0|0|288000|487|3896131|310623
1200000|1|6000|3|3|1|2|288000|487|3896131|304182
1200000|1|6000|3|3|0|0|288000|488|3904131|310582
1200000|1|6000|3|3|1|2|288000|488|3904131|303813
1200000|1|6000|3|3|0|0|288000|489|3912131|310213
1200000|1|6000|3|3|1|2|288000|489|3912131|303485
1200000|1|6000|3|3|0|0|288000|490|3920130|310623
1200000|1|6000|3|3|1|2|288000|490|3920130|302583
1200000|1|6000|3|3|0|0|288000|491|3928129|310336
1200000|1|6000|3|3|1|2|288000|491|3928129|302378
1200000|1|6000|3|3|0|0|288000|492|3936129|310336
1200000|1|6000|3|3|1|2|288000|492|3936129|302378
1200000|1|6000|3|3|0|0|288000|493|3944129|310172
1200000|1|6000|3|3|1|2|288000|493|3944129|301599
1200000|1|6000|3|3|0|0|288000|494|3952128|310746
1200000|1|6000|3|3|1|2|288000|494|3952128|301066
1200000|1|6000|3|3|0|0|288000|495|3960128|311935
1200000|1|6000|3|3|1|2|288000|495|3960128|300123
1200000|1|6000|3|3|0|0|288000|496|3968127|312714
1200000|1|6000|3|3|1|2|288000|496|3968127|300820
1200000|1|6000|3|3|0|0|288000|497|3976128|313329
1200000|1|6000|3|3|1|2|288000|497|3976128|300123
1200000|1|6000|3|3|0|0|288000|498|3984128|314149
1200000|1|6000|3|3|1|2|288000|498|3984128|300861
1200000|1|6000|3|3|0|0|288000|499|3992128|315174
1200000|1|6000|3|3|1|2|288000|499|3992128|300738
1200000|1|6000|3|3|0|0|288000|500|4000129|315543
1200000|1|6000|3|3|1|2|288000|500|4000129|300943
1200000|1|6000|3|3|0|0|288000|501|4008129|316158
1200000|1|6000|3|3|1|2|288000|501|4008129|300779
1200000|1|6000|3|3|0|0|288000|502|4016129|316814
1200000|1|6000|3|3|1|2|288000|502|4016129|300984
1200000|1|6000|3|3|0|0|288000|503|4024129|317757
1200000|1|6000|3|3|1|2|288000|503|4024129|300820
1200000|1|6000|3|3|0|0|288000|504|4032129|318331
1200000|1|6000|3|3|1|2|288000|504|4032129|300574
1200000|1|6000|3|3|0|0|288000|505|4040129|319397
1200000|1|6000|3|3|1|2|288000|505|4040129|300738
1200000|1|6000|3|3|0|0|288000|506|4048130|319930
1200000|1|6000|3|3|1|2|288000|506|4048130|299631
1200000|1|6000|3|3|0|0|288000|507|4056130|320668
1200000|1|6000|3|3|1|2|288000|507|4056130|299549
1200000|1|6000|3|3|0|0|288000|508|4064130|321324
1200000|1|6000|3|3|1|2|288000|508|4064130|298934
1200000|1|6000|3|3|0|0|288000|509|4072130|322677
1200000|1|6000|3|3|1|2|288000|509|4072130|298442
1200000|1|6000|3|3|0|0|288000|510|4080130|322513
1200000|1|6000|3|3|1|2|288000|510|4080130|297991
1200000|1|6000|3|3|0|0|288000|511|4088130|322472
1200000|1|6000|3|3|1|2|288000|511|4088130|298278
1200000|1|6000|3|3|0|0|288000|512|4096131|321652
1200000|1|6000|3|3|1|2|288000|512|4096131|298360
1200000|1|6000|3|3|0|0|288000|513|4104132|321652
1200000|1|6000|3|3|1|2|288000|513|4104132|298893
1200000|1|6000|3|3|0|0|288000|514|4112132|321324
1200000|1|6000|3|3|1|2|288000|514|4112132|299549
1200000|1|6000|3|3|0|0|288000|515|4120133|321570
1200000|1|6000|3|3|1|2|288000|515|4120133|299508
1200000|1|6000|3|3|0|0|288000|516|4128132|321119
1200000|1|6000|3|3|1|2|288000|516|4128132|299713
1200000|1|6000|3|3|0|0|288000|517|4136133|320873
1200000|1|6000|3|3|1|2|288000|517|4136133|299631
1200000|1|6000|3|3|0|0|288000|518|4144133|320135
1200000|1|6000|3|3|1|2|288000|518|4144133|300246
1200000|1|6000|3|3|0|0|288000|519|4152134|318905
1200000|1|6000|3|3|1|2|288000|519|4152134|300000
1200000|1|6000|3|3|0|0|288000|520|4160134|318208
1200000|1|6000|3|3|1|2|288000|520|4160134|299672
1200000|1|6000|3|3|0|0|288000|521|4168134|316896
1200000|1|6000|3|3|1|2|288000|521|4168134|300123
1200000|1|6000|3|3|0|0|288000|522|4176135|315789
1200000|1|6000|3|3|1|2|288000|522|4176135|300984
1200000|1|6000|3|3|0|0|288000|523|4184135|314518
1200000|1|6000|3|3|1|2|288000|523|4184135|302091
1200000|1|6000|3|3|0|0|288000|524|4192136|313288
1200000|1|6000|3|3|1|2|288000|524|4192136|302542
1200000|1|6000|3|3|0|0|288000|525|4200136|313083
1200000|1|6000|3|3|1|2|288000|525|4200136|303403
1200000|1|6000|3|3|0|0|288000|526|4208137|313083
1200000|1|6000|3|3|1|2|288000|526|4208137|303813
1200000|1|6000|3|3|0|0|288000|527|4216137|312632
1200000|1|6000|3|3|1|2|288000|527|4216137|304182
1200000|1|6000|3|3|0|0|288000|528|4224137|312058
1200000|1|6000|3|3|1|2|288000|528|4224137|304305
1200000|1|6000|3|3|0|0|288000|529|4232138|311976
1200000|1|6000|3|3|1|2|288000|529|4232138|305002
1200000|1|6000|3|3|0|0|288000|530|4240139|311361
1200000|1|6000|3|3|1|2|288000|530|4240139|305617
1200000|1|6000|3|3|0|0|288000|531|4248139|311238
1200000|1|6000|3|3|1|2|288000|531|4248139|306273
1200000|1|6000|3|3|0|0|288000|532|4256139|310459
1200000|1|6000|3|3|1|2|288000|532|4256139|307093
1200000|1|6000|3|3|0|0|288000|533|4264139|310049
1200000|1|6000|3|3|1|2|288000|533|4264139|307544
1200000|1|6000|3|3|0|0|288000|534|4272139|309352
1200000|1|6000|3|3|1|2|288000|534|4272139|308364
1200000|1|6000|3|3|0|0|288000|535|4280139|308778
1200000|1|6000|3|3|1|2|288000|535|4280139|309225
1200000|1|6000|3|3|0|0|288000|536|4288139|308942
1200000|1|6000|3|3|1|2|288000|536|4288139|309102
1200000|1|6000|3|3|0|0|288000|537|4296138|308204
1200000|1|6000|3|3|1|2|288000|537|4296138|308528
1200000|1|6000|3|3|0|0|288000|538|4304138|307712
1200000|1|6000|3|3|1|2|288000|538|4304138|308610
1200000|1|6000|3|3|0|0|288000|539|4312137|307138
1200000|1|6000|3|3|1|2|288000|539|4312137|308897
1200000|1|6000|3|3|0|0|288000|540|4320137|307138
1200000|1|6000|3|3|1|2|288000|540|4320137|309143
1200000|1|6000|3|3|0|0|288000|541|4328137|306728
1200000|1|6000|3|3|1|2|288000|541|4328137|309307
1200000|1|6000|3|3|0|0|288000|542|4336136|305703
1200000|1|6000|3|3|1|2|288000|542|4336136|309758
1200000|1|6000|3|3|0|0|288000|543|4344137|304883
1200000|1|6000|3|3|1|2|288000|543|4344137|310619
1200000|1|6000|3|3|0|0|288000|544|4352138|303694
1200000|1|6000|3|3|1|2|288000|544|4352138|311070
1200000|1|6000|3|3|0|0|288000|545|4360138|302546
1200000|1|6000|3|3|1|2|288000|545|4360138|311726
1200000|1|6000|3|3|0|0|288000|546|4368139|301767
1200000|1|6000|3|3|1|2|288000|546|4368139|311849
1200000|1|6000|3|3|0|0|288000|547|4376138|300988
1200000|1|6000|3|3|1|2|288000|547|4376138|312710
1200000|1|6000|3|3|0|0|288000|548|4384139|301111
1200000|1|6000|3|3|1|2|288000|548|4384139|312177
1200000|1|6000|3|3|0|0|288000|549|4392139|301480
1200000|1|6000|3|3|1|2|288000|549|4392139|312792
1200000|1|6000|3|3|0|0|288000|550|4400139|302054
1200000|1|6000|3|3|1|2|288000|550|4400139|312505
1200000|1|6000|3|3|0|0|288000|551|4408138|301767
1200000|1|6000|3|3|1|2|288000|551|4408138|313325
1200000|1|6000|3|3|0|0|288000|552|4416139|301767
1200000|1|6000|3|3|1|2|288000|552|4416139|313038
1200000|1|6000|3|3|0|0|288000|553|4424139|301644
1200000|1|6000|3|3|1|2|288000|553|4424139|313817
1200000|1|6000|3|3|0|0|288000|554|4432140|301357
1200000|1|6000|3|3|1|2|288000|554|4432140|313858
1200000|1|6000|3|3|0|0|288000|555|4440140|300537
1200000|1|6000|3|3|1|2|288000|555|4440140|314719
1200000|1|6000|3|3|0|0|288000|556|4448141|299471
1200000|1|6000|3|3|1|2|288000|556|4448141|315006
1200000|1|6000|3|3|0|0|288000|557|4456142|298815
1200000|1|6000|3|3|1|2|288000|557|4456142|315498
1200000|1|6000|3|3|0|0|288000|558|4464142|297872
1200000|1|6000|3|3|1|2|288000|558|4464142|315826
1200000|1|6000|3|3|0|0|288000|559|4472143|297626
1200000|1|6000|3|3|1|2|288000|559|4472143|315662
1200000|1|6000|3|3|0|0|288000|560|4480143|296519
1200000|1|6000|3|3|1|2|288000|560|4480143|315662
1200000|1|6000|3|3|0|0|288000|561|4488144|296150
1200000|1|6000|3|3|1|2|288000|561|4488144|315908
1200000|1|6000|3|3|0|0|288000|562|4496144|295699
1200000|1|6000|3|3|1|2|288000|562|4496144|316113
1200000|1|6000|3|3|0|0|288000|563|4504144|295125
1200000|1|6000|3|3|1|2|288000|563|4504144|316154
1200000|1|6000|3|3|0|0|288000|564|4512144|295166
1200000|1|6000|3|3|1|2|288000|564|4512144|316113
1200000|1|6000|3|3|0|0|288000|565|4520144|294797
1200000|1|6000|3|3|1|2|288000|565|4520144|315416
1200000|1|6000|3|3|0|0|288000|566|4528143|295043
1200000|1|6000|3|3|1|2|288000|566|4528143|315457
1200000|1|6000|3|3|0|0|288000|567|4536143|294797
1200000|1|6000|3|3|1|2|288000|567|4536143|315006
1200000|1|6000|3|3|0|0|288000|568|4544142|295125
1200000|1|6000|3|3|1|2|288000|568|4544142|314473
1200000|1|6000|3|3|0|0|288000|569|4552142|294879
1200000|1|6000|3|3|1|2|288000|569|4552142|313940
1200000|1|6000|3|3|0|0|288000|570|4560142|294428
1200000|1|6000|3|3|1|2|288000|570|4560142|313202
1200000|1|6000|3|3|0|0|288000|571|4568141|293362
1200000|1|6000|3|3|1|2|288000|571|4568141|312628
1200000|1|6000|3|3|0|0|288000|572|4576140|292993
1200000|1|6000|3|3|1|2|288000|572|4576140|312669
1200000|1|6000|3|3|0|0|288000|573|4584141|293116
1200000|1|6000|3|3|1|2|288000|573|4584141|313325
1200000|1|6000|3|3|0|0|288000|574|4592142|293362
1200000|1|6000|3|3|1|2|288000|574|4592142|312751
1200000|1|6000|3|3|0|0|288000|575|4600142|293608
1200000|1|6000|3|3|1|2|288000|575|4600142|313612
1200000|1|6000|3|3|0|0|288000|576|4608143|293690
1200000|1|6000|3|3|1|2|288000|576|4608143|313366
1200000|1|6000|3|3|0|0|288000|577|4616144|294018
1200000|1|6000|3|3|1|2|288000|577|4616144|313530
1200000|1|6000|3|3|0|0|288000|578|4624144|294100
1200000|1|6000|3|3|1|2|288000|578|4624144|313612
1200000|1|6000|3|3|0|0|288000|579|4632144|293485
1200000|1|6000|3|3|1|2|288000|579|4632144|313653
1200000|1|6000|3|3|0|0|288000|580|4640144|292911
1200000|1|6000|3|3|1|2|288000|580|4640144|313694
1200000|1|6000|3|3|0|0|288000|581|4648145|292501
1200000|1|6000|3|3|1|2|288000|581|4648145|313899
1200000|1|6000|3|3|0|0|288000|582|4656145|292296
1200000|1|6000|3|3|1|2|288000|582|4656145|314637
1200000|1|6000|3|3|0|0|288000|583|4664146|292255
1200000|1|6000|3|3|1|2|288000|583|4664146|314924
1200000|1|6000|3|3|0|0|288000|584|4672146|291640
1200000|1|6000|3|3|1|2|288000|584|4672146|315908
1200000|1|6000|3|3|0|0|288000|585|4680147|290984
1200000|1|6000|3|3|1|2|288000|585|4680147|316523
1200000|1|6000|3|3|0|0|288000|586|4688148|291025
1200000|1|6000|3|3|1|2|288000|586|4688148|317425
1200000|1|6000|3|3|0|0|288000|587|4696149|291107
1200000|1|6000|3|3|1|2|288000|587|4696149|317097
1200000|1|6000|3|3|0|0|288000|588|4704149|291066
1200000|1|6000|3|3|1|2|288000|588|4704149|316646
1200000|1|6000|3|3|0|0|288000|589|4712148|290779
1200000|1|6000|3|3|1|2|288000|589|4712148|315580
1200000|1|6000|3|3|0|0|288000|590|4720147|290820
1200000|1|6000|3|3|1|2|288000|590|4720147|314842
1200000|1|6000|3|3|0|0|288000|591|4728146|290205
1200000|1|6000|3|3|1|2|288000|591|4728146|313858
1200000|1|6000|3|3|0|0|288000|592|4736146|290246
1200000|1|6000|3|3|1|2|288000|592|4736146|313366
1200000|1|6000|3|3|0|0|288000|593|4744145|289385
1200000|1|6000|3|3|1|2|288000|593|4744145|312423
1200000|1|6000|3|3|0|0|288000|594|4752144|289016
1200000|1|6000|3|3|1|2|288000|594|4752144|311890
1200000|1|6000|3|3|0|0|288000|595|4760144|288811
1200000|1|6000|3|3|1|2|288000|595|4760144|311685
1200000|1|6000|3|3|0|0|288000|596|4768144|288934
1200000|1|6000|3|3|1|2|288000|596|4768144|310947
1200000|1|6000|3|3|0|0|288000|597|4776142|288893
1200000|1|6000|3|3|1|2|288000|597|4776142|310865
1200000|1|6000|3|3|0|0|288000|598|4784142|288934
1200000|1|6000|3|3|1|2|288000|598|4784142|309758
1200000|1|6000|3|3|0|0|288000|599|4792142|288770
1200000|1|6000|3|3|1|2|288000|599|4792142|309307
1200000|1|6000|3|3|0|0|288000|600|4800142|289016
1200000|1|6000|3|3|1|2|288000|600|4800142|307954
1200000|1|6000|3|3|0|0|288000|601|4808140|289385
1200000|1|6000|3|3|1|2|288000|601|4808140|307421
1200000|1|6000|3|3|0|0|288000|602|4816140|289754
1200000|1|6000|3|3|1|2|288000|602|4816140|307093
1200000|1|6000|3|3|0|0|288000|603|4824140|290533
1200000|1|6000|3|3|1|2|288000|603|4824140|307503
1200000|1|6000|3|3|0|0|288000|604|4832141|291066
1200000|1|6000|3|3|1|2|288000|604|4832141|308405
1200000|1|6000|3|3|0|0|288000|605|4840142|291517
1200000|1|6000|3|3|1|2|288000|605|4840142|309307
1200000|1|6000|3|3|0|0|288000|606|4848142|292296
1200000|1|6000|3|3|1|2|288000|606|4848142|310086
1200000|1|6000|3|3|0|0|288000|607|4856143|292665
1200000|1|6000|3|3|1|2|288000|607|4856143|310291
1200000|1|6000|3|3|0|0|288000|608|4864143|293198
1200000|1|6000|3|3|1|2|288000|608|4864143|310865
1200000|1|6000|3|3|0|0|288000|609|4872144|293649
1200000|1|6000|3|3|1|2|288000|609|4872144|310906
1200000|1|6000|3|3|0|0|288000|610|4880144|293690
1200000|1|6000|3|3|1|2|288000|610|4880144|311234
1200000|1|6000|3|3|0|0|288000|611|4888144|294141
1200000|1|6000|3|3|1|2|288000|611|4888144|310496
1200000|1|6000|3|3|0|0|288000|612|4896144|293854
1200000|1|6000|3|3|1|2|288000|612|4896144|310906
1200000|1|6000|3|3|0|0|288000|613|4904145|294182
1200000|1|6000|3|3|1|2|288000|613|4904145|311480
1200000|1|6000|3|3|0|0|288000|614|4912145|294592
1200000|1|6000|3|3|1|2|288000|614|4912145|311849
1200000|1|6000|3|3|0|0|288000|615|4920145|294469
1200000|1|6000|3|3|1|2|288000|615|4920145|312423
1200000|1|6000|3|3|0|0|288000|616|4928146|294428
1200000|1|6000|3|3|1|2|288000|616|4928146|312833
1200000|1|6000|3|3|0|0|288000|617|4936146|294592
1200000|1|6000|3|3|1|2|288000|617|4936146|312915
1200000|1|6000|3|3|0|0|288000|618|4944146|294223
1200000|1|6000|3|3|1|2|288000|618|4944146|313366
1200000|1|6000|3|3|0|0|288000|619|4952145|294182
1200000|1|6000|3|3|1|2|288000|619|4952145|313325
1200000|1|6000|3|3|0|0|288000|620|4960144|294346
1200000|1|6000|3|3|1|2|288000|620|4960144|313243
1200000|1|6000|3|3|0|0|288000|621|4968144|293977
1200000|1|6000|3|3|1|2|288000|621|4968144|313202
1200000|1|6000|3|3|0|0|288000|622|4976143|294182
1200000|1|6000|3|3|1|2|288000|622|4976143|312710
1200000|1|6000|3|3|0|0|288000|623|4984142|293731
1200000|1|6000|3|3|1|2|288000|623|4984142|312628
1200000|1|6000|3|3|0|0|288000|624|4992142|293034
1200000|1|6000|3|3|1|2|288000|624|4992142|312915
1200000|1|6000|3|3|0|0|288000|625|5000142|292788
1200000|1|6000|3|3|1|2|288000|625|5000142|313325
1200000|1|6000|3|3|0|0|288000|626|5008142|291968
1200000|1|6000|3|3|1|2|288000|626|5008142|312587
1200000|1|6000|3|3|0|0|288000|627|5016141|291353
1200000|1|6000|3|3|1|2|288000|627|5016141|312710
1200000|1|6000|3|3|0|0|288000|628|5024141|290615
1200000|1|6000|3|3|1|2|288000|628|5024141|311972
1200000|1|6000|3|3|0|0|288000|629|5032139|289836
1200000|1|6000|3|3|1|2|288000|629|5032139|312013
1200000|1|6000|3|3|0|0|288000|630|5040139|288893
1200000|1|6000|3|3|1|2|288000|630|5040139|311603
1200000|1|6000|3|3|0|0|288000|631|5048138|288688
1200000|1|6000|3|3|1|2|288000|631|5048138|311685
1200000|1|6000|3|3|0|0|288000|632|5056138|288319
1200000|1|6000|3|3|1|2|288000|632|5056138|312095
1200000|1|6000|3|3|0|0|288000|633|5064138|288032
1200000|1|6000|3|3|1|2|288000|633|5064138|312997
1200000|1|6000|3|3|0|0|288000|634|5072139|287786
1200000|1|6000|3|3|1|2|288000|634|5072139|312505
1200000|1|6000|3|3|0|0|288000|635|5080139|287786
1200000|1|6000|3|3|1|2|288000|635|5080139|312587
1200000|1|6000|3|3|0|0|288000|636|5088139|287909
1200000|1|6000|3|3|1|2|288000|636|5088139|311972
1200000|1|6000|3|3|0|0|288000|637|5096139|287253
1200000|1|6000|3|3|1|2|288000|637|5096139|312177
1200000|1|6000|3|3|0|0|288000|638|5104139|288114
1200000|1|6000|3|3|1|2|288000|638|5104139|312218
1200000|1|6000|3|3|0|0|288000|639|5112140|287745
1200000|1|6000|3|3|1|2|288000|639|5112140|312218
1200000|1|6000|3|3|0|0|288000|640|5120140|287991
1200000|1|6000|3|3|1|2|288000|640|5120140|311480
1200000|1|6000|3|3|0|0|288000|641|5128139|287827
1200000|1|6000|3|3|1|2|288000|641|5128139|311193
1200000|1|6000|3|3|0|0|288000|642|5136138|287950
1200000|1|6000|3|3|1|2|288000|642|5136138|311726
1200000|1|6000|3|3|0|0|288000|643|5144137|288114
1200000|1|6000|3|3|1|2|288000|643|5144137|311562
1200000|1|6000|3|3|0|0|288000|644|5152137|288155
1200000|1|6000|3|3|1|2|288000|644|5152137|311398
1200000|1|6000|3|3|0|0|288000|645|5160136|287827
1200000|1|6000|3|3|1|2|288000|645|5160136|310947
1200000|1|6000|3|3|0|0|288000|646|5168135|286966
1200000|1|6000|3|3|1|2|288000|646|5168135|310578
1200000|1|6000|3|3|0|0|288000|647|5176134|286884
1200000|1|6000|3|3|1|2|288000|647|5176134|310906
1200000|1|6000|3|3|0|0|288000|648|5184134|285572
1200000|1|6000|3|3|1|2|288000|648|5184134|311562
1200000|1|6000|3|3|0|0|288000|649|5192135|285285
1200000|1|6000|3|3|1|2|288000|649|5192135|310783
1200000|1|6000|3|3|0|0|288000|650|5200135|284629
1200000|1|6000|3|3|1|2|288000|650|5200135|311029
1200000|1|6000|3|3|0|0|288000|651|5208136|284506
1200000|1|6000|3|3|1|2|288000|651|5208136|310660
1200000|1|6000|3|3|0|0|288000|652|5216137|284137
1200000|1|6000|3|3|1|2|288000|652|5216137|310742
1200000|1|6000|3|3|0|0|288000|653|5224137|283604
1200000|1|6000|3|3|1|2|288000|653|5224137|310373
1200000|1|6000|3|3|0|0|288000|654|5232137|282702
1200000|1|6000|3|3|1|2|288000|654|5232137|310332
1200000|1|6000|3|3|0|0|288000|655|5240137|282005
1200000|1|6000|3|3|1|2|288000|655|5240137|310127
1200000|1|6000|3|3|0|0|288000|656|5248137|281390
1200000|1|6000|3|3|1|2|288000|656|5248137|310250
1200000|1|6000|3|3|0|0|288000|657|5256137|280529
1200000|1|6000|3|3|1|2|288000|657|5256137|310045
1200000|1|6000|3|3|0|0|288000|658|5264137|280078
1200000|1|6000|3|3|1|2|288000|658|5264137|309430
1200000|1|6000|3|3|0|0|288000|659|5272137|279463
1200000|1|6000|3|3|1|2|288000|659|5272137|309635
1200000|1|6000|3|3|0|0|288000|660|5280138|278725
1200000|1|6000|3|3|1|2|288000|660|5280138|309266
1200000|1|6000|3|3|0|0|288000|661|5288138|277946
1200000|1|6000|3|3|1|2|288000|661|5288138|309348
1200000|1|6000|3|3|0|0|288000|662|5296138|277413
1200000|1|6000|3|3|1|2|288000|662|5296138|309266
1200000|1|6000|3|3|0|0|288000|663|5304139|276962
1200000|1|6000|3|3|1|2|288000|663|5304139|309635
1200000|1|6000|3|3|0|0|288000|664|5312140|276019
1200000|1|6000|3|3|1|2|288000|664|5312140|308446
1200000|1|6000|3|3|0|0|288000|665|5320140|275363
1200000|1|6000|3|3|1|2|288000|665|5320140|307544
1200000|1|6000|3|3|0|0|288000|666|5328140|275076
1200000|1|6000|3|3|1|2|288000|666|5328140|306929
1200000|1|6000|3|3|0|0|288000|667|5336141|274666
1200000|1|6000|3|3|1|2|288000|667|5336141|305904
1200000|1|6000|3|3|0|0|288000|668|5344141|275076
1200000|1|6000|3|3|1|2|288000|668|5344141|305207
1200000|1|6000|3|3|0|0|288000|669|5352142|274953
1200000|1|6000|3|3|1|2|288000|669|5352142|304756
1200000|1|6000|3|3|0|0|288000|670|5360142|275199
1200000|1|6000|3|3|1|2|288000|670|5360142|303567
1200000|1|6000|3|3|0|0|288000|671|5368143|274912
1200000|1|6000|3|3|1|2|288000|671|5368143|303649
1200000|1|6000|3|3|0|0|288000|672|5376142|274953
1200000|1|6000|3|3|1|2|288000|672|5376142|303772
1200000|1|6000|3|3|0|0|288000|673|5384143|274789
1200000|1|6000|3|3|1|2|288000|673|5384143|303403
1200000|1|6000|3|3|0|0|288000|674|5392142|274953
1200000|1|6000|3|3|1|2|288000|674|5392142|302952
1200000|1|6000|3|3|0|0|288000|675|5400143|274010
1200000|1|6000|3|3|1|2|288000|675|5400143|302173
1200000|1|6000|3|3|0|0|288000|676|5408142|273108
1200000|1|6000|3|3|1|2|288000|676|5408142|302255
1200000|1|6000|3|3|0|0|288000|677|5416142|272411
1200000|1|6000|3|3|1|2|288000|677|5416142|301271
1200000|1|6000|3|3|0|0|288000|678|5424142|271755
1200000|1|6000|3|3|1|2|288000|678|5424142|301025
1200000|1|6000|3|3|0|0|288000|679|5432142|271017
1200000|1|6000|3|3|1|2|288000|679|5432142|300164
1200000|1|6000|3|3|0|0|288000|680|5440142|270279
1200000|1|6000|3|3|1|2|288000|680|5440142|299754
1200000|1|6000|3|3|0|0|288000|681|5448142|270033
1200000|1|6000|3|3|1|2|288000|681|5448142|299508
1200000|1|6000|3|3|0|0|288000|682|5456143|269910
1200000|1|6000|3|3|1|2|288000|682|5456143|298401
1200000|1|6000|3|3|0|0|288000|683|5464142|269787
1200000|1|6000|3|3|1|2|288000|683|5464142|297827
1200000|1|6000|3|3|0|0|288000|684|5472142|268762
1200000|1|6000|3|3|1|2|288000|684|5472142|296966
1200000|1|6000|3|3|0|0|288000|685|5480141|268024
1200000|1|6000|3|3|1|2|288000|685|5480141|297212
1200000|1|6000|3|3|0|0|288000|686|5488142|267491
1200000|1|6000|3|3|1|2|288000|686|5488142|297253
1200000|1|6000|3|3|0|0|288000|687|5496143|266794
1200000|1|6000|3|3|1|2|288000|687|5496143|298114
1200000|1|6000|3|3|0|0|288000|688|5504144|266261
1200000|1|6000|3|3|1|2|288000|688|5504144|298770
1200000|1|6000|3|3|0|0|288000|689|5512146|265605
1200000|1|6000|3|3|1|2|288000|689|5512146|299098
1200000|1|6000|3|3|0|0|288000|690|5520147|264252
1200000|1|6000|3|3|1|2|288000|690|5520147|299754
1200000|1|6000|3|3|0|0|288000|691|5528148|264498
1200000|1|6000|3|3|1|2|288000|691|5528148|300123
1200000|1|6000|3|3|0|0|288000|692|5536149|264334
1200000|1|6000|3|3|1|2|288000|692|5536149|299672
1200000|1|6000|3|3|0|0|288000|693|5544148|264047
1200000|1|6000|3|3|1|2|288000|693|5544148|299303
1200000|1|6000|3|3|0|0|288000|694|5552147|263637
1200000|1|6000|3|3|1|2|288000|694|5552147|299221
1200000|1|6000|3|3|0|0|288000|695|5560147|263227
1200000|1|6000|3|3|1|2|288000|695|5560147|298524
1200000|1|6000|3|3|0|0|288000|696|5568147|262366
1200000|1|6000|3|3|1|2|288000|696|5568147|299180
1200000|1|6000|3|3|0|0|288000|697|5576147|262243
1200000|1|6000|3|3|1|2|288000|697|5576147|298893
1200000|1|6000|3|3|0|0|288000|698|5584147|261997
1200000|1|6000|3|3|1|2|288000|698|5584147|299590
1200000|1|6000|3|3|0|0|288000|699|5592147|261710
1200000|1|6000|3|3|1|2|288000|699|5592147|299795
1200000|1|6000|3|3|0|0|288000|700|5600148|261628
1200000|1|6000|3|3|1|2|288000|700|5600148|300369
1200000|1|6000|3|3|0|0|288000|701|5608149|261628
1200000|1|6000|3|3|1|2|288000|701|5608149|300246
1200000|1|6000|3|3|0|0|288000|702|5616149|261669
1200000|1|6000|3|3|1|2|288000|702|5616149|299754
1200000|1|6000|3|3|0|0|288000|703|5624149|262202
1200000|1|6000|3|3|1|2|288000|703|5624149|299754
1200000|1|6000|3|3|0|0|288000|704|5632150|261956
1200000|1|6000|3|3|1|2|288000|704|5632150|298893
1200000|1|6000|3|3|0|0|288000|705|5640150|262612
1200000|1|6000|3|3|1|2|288000|705|5640150|299221
1200000|1|6000|3|3|0|0|288000|706|5648150|263391
1200000|1|6000|3|3|1|2|288000|706|5648150|298360
1200000|1|6000|3|3|0|0|288000|707|5656149|263801
1200000|1|6000|3|3|1|2|288000|707|5656149|299344
1200000|1|6000|3|3|0|0|288000|708|5664151|263924
1200000|1|6000|3|3|1|2|288000|708|5664151|299877
1200000|1|6000|3|3|0|0|288000|709|5672152|264129
1200000|1|6000|3|3|1|2|288000|709|5672152|300984
1200000|1|6000|3|3|0|0|288000|710|5680152|264662
1200000|1|6000|3|3|1|2|288000|710|5680152|301927
1200000|1|6000|3|3|0|0|288000|711|5688154|265359
1200000|1|6000|3|3|1|2|288000|711|5688154|302993
1200000|1|6000|3|3|0|0|288000|712|5696154|265933
1200000|1|6000|3|3|1|2|288000|712|5696154|303567
1200000|1|6000|3|3|0|0|288000|713|5704155|265605
1200000|1|6000|3|3|1|2|288000|713|5704155|304674
1200000|1|6000|3|3|0|0|288000|714|5712156|265605
1200000|1|6000|3|3|1|2|288000|714|5712156|305535
1200000|1|6000|3|3|0|0|288000|715|5720157|265400
1200000|1|6000|3|3|1|2|288000|715|5720157|306478
1200000|1|6000|3|3|0|0|288000|716|5728158|265195
1200000|1|6000|3|3|1|2|288000|716|5728158|306765
1200000|1|6000|3|3|0|0|288000|717|5736159|264826
1200000|1|6000|3|3|1|2|288000|717|5736159|307831
1200000|1|6000|3|3|0|0|288000|718|5744160|264498
1200000|1|6000|3|3|1|2|288000|718|5744160|308733
1200000|1|6000|3|3|0|0|288000|719|5752161|264498
1200000|1|6000|3|3|1|2|288000|719|5752161|309963
1200000|1|6000|3|3|0|0|288000|720|5760163|263555
1200000|1|6000|3|3|1|2|288000|720|5760163|310701
1200000|1|6000|3|3|0|0|288000|721|5768163|262776
1200000|1|6000|3|3|1|2|288000|721|5768163|311111
1200000|1|6000|3|3|0|0|288000|722|5776164|263022
1200000|1|6000|3|3|1|2|288000|722|5776164|311603
1200000|1|6000|3|3|0|0|288000|723|5784164|262981
1200000|1|6000|3|3|1|2|288000|723|5784164|311685
1200000|1|6000|3|3|0|0|288000|724|5792163|263186
1200000|1|6000|3|3|1|2|288000|724|5792163|312095
1200000|1|6000|3|3|0|0|288000|725|5800163|262940
1200000|1|6000|3|3|1|2|288000|725|5800163|312054
1200000|1|6000|3|3|0|0|288000|726|5808163|263227
1200000|1|6000|3|3|1|2|288000|726|5808163|312218
1200000|1|6000|3|3|0|0|288000|727|5816163|263104
1200000|1|6000|3|3|1|2|288000|727|5816163|312054
1200000|1|6000|3|3|0|0|288000|728|5824162|263719
1200000|1|6000|3|3|1|2|288000|728|5824162|312177
1200000|1|6000|3|3|0|0|288000|729|5832162|263883
1200000|1|6000|3|3|1|2|288000|729|5832162|312054
1200000|1|6000|3|3|0|0|288000|730|5840162|264416
1200000|1|6000|3|3|1|2|288000|730|5840162|313653
1200000|1|6000|3|3|0|0|288000|731|5848164|265154
1200000|1|6000|3|3|1|2|288000|731|5848164|313776
1200000|1|6000|3|3|0|0|288000|732|5856165|265482
1200000|1|6000|3|3|1|2|288000|732|5856165|314965
1200000|1|6000|3|3|0|0|288000|733|5864167|265892
1200000|1|6000|3|3|1|2|288000|733|5864167|315211
1200000|1|6000|3|3|0|0|288000|734|5872168|266384
1200000|1|6000|3|3|1|2|288000|734|5872168|315703
1200000|1|6000|3|3|0|0|288000|735|5880169|266548
1200000|1|6000|3|3|1|2|288000|735|5880169|316236
1200000|1|6000|3|3|0|0|288000|736|5888170|266712
1200000|1|6000|3|3|1|2|288000|736|5888170|316933
1200000|1|6000|3|3|0|0|288000|737|5896171|266179
1200000|1|6000|3|3|1|2|288000|737|5896171|316605
1200000|1|6000|3|3|0|0|288000|738|5904171|266179
1200000|1|6000|3|3|1|2|288000|738|5904171|315949
1200000|1|6000|3|3|0|0|288000|739|5912169|266384
1200000|1|6000|3|3|1|2|288000|739|5912169|315703
1200000|1|6000|3|3|0|0|288000|740|5920169|266384
1200000|1|6000|3|3|1|2|288000|740|5920169|315047
1200000|1|6000|3|3|0|0|288000|741|5928168|266589
1200000|1|6000|3|3|1|2|288000|741|5928168|314801
1200000|1|6000|3|3|0|0|288000|742|5936168|266589
1200000|1|6000|3|3|1|2|288000|742|5936168|314637
1200000|1|6000|3|3|0|0|288000|743|5944169|266179
1200000|1|6000|3|3|1|2|288000|743|5944169|314391
1200000|1|6000|3|3|0|0|288000|744|5952169|265728
1200000|1|6000|3|3|1|2|288000|744|5952169|314063
1200000|1|6000|3|3|0|0|288000|745|5960169|265072
1200000|1|6000|3|3|1|2|288000|745|5960169|314022
1200000|1|6000|3|3|0|0|288000|746|5968170|264498
1200000|1|6000|3|3|1|2|288000|746|5968170|313981
1200000|1|6000|3|3|0|0|288000|747|5976171|263842
1200000|1|6000|3|3|1|2|288000|747|5976171|314022
1200000|1|6000|3|3|0|0|288000|748|5984171|263022
1200000|1|6000|3|3|1|2|288000|748|5984171|314227
1200000|1|6000|3|3|0|0|288000|749|5992172|262120
1200000|1|6000|3|3|1|2|288000|749|5992172|313653
1200000|1|6000|3|3|0|0|288000|750|6000172|261956
1200000|1|6000|3|3|1|2|288000|750|6000172|313858
1200000|1|6000|3|3|0|0|288000|751|6008172|262366
1200000|1|6000|3|3|1|2|288000|751|6008172|313079
1200000|1|6000|3|3|0|0|288000|752|6016172|263186
1200000|1|6000|3|3|1|2|288000|752|6016172|312505
1200000|1|6000|3|3|0|0|288000|753|6024171|263514
1200000|1|6000|3|3|1|2|288000|753|6024171|311644
1200000|1|6000|3|3|0|0|288000|754|6032170|263842
1200000|1|6000|3|3|1|2|288000|754|6032170|311603
1200000|1|6000|3|3|0|0|288000|755|6040170|264211
1200000|1|6000|3|3|1|2|288000|755|6040170|310988
1200000|1|6000|3|3|0|0|288000|756|6048169|264498
1200000|1|6000|3|3|1|2|288000|756|6048169|310373
1200000|1|6000|3|3|0|0|288000|757|6056169|264457
1200000|1|6000|3|3|1|2|288000|757|6056169|309922
1200000|1|6000|3|3|0|0|288000|758|6064169|264457
1200000|1|6000|3|3|1|2|288000|758|6064169|309061
1200000|1|6000|3|3|0|0|288000|759|6072168|264170
1200000|1|6000|3|3|1|2|288000|759|6072168|309020
1200000|1|6000|3|3|0|0|288000|760|6080168|264457
1200000|1|6000|3|3|1|2|288000|760|6080168|308487
1200000|1|6000|3|3|0|0|288000|761|6088169|264744
1200000|1|6000|3|3|1|2|288000|761|6088169|308569
1200000|1|6000|3|3|0|0|288000|762|6096169|265277
1200000|1|6000|3|3|1|2|288000|762|6096169|307585
1200000|1|6000|3|3|0|0|288000|763|6104169|265605
1200000|1|6000|3|3|1|2|288000|763|6104169|306765
1200000|1|6000|3|3|0|0|288000|764|6112169|265974
1200000|1|6000|3|3|1|2|288000|764|6112169|306355
1200000|1|6000|3|3|0|0|288000|765|6120169|265810
1200000|1|6000|3|3|1|2|288000|765|6120169|306191
1200000|1|6000|3|3|0|0|288000|766|6128169|266015
1200000|1|6000|3|3|1|2|288000|766|6128169|305781
1200000|1|6000|3|3|0|0|288000|767|6136168|266138
1200000|1|6000|3|3|1|2|288000|767|6136168|304592
1200000|1|6000|3|3|0|0|288000|768|6144167|265810
1200000|1|6000|3|3|1|2|288000|768|6144167|303895
1200000|1|6000|3|3|0|0|288000|769|6152166|266015
1200000|1|6000|3|3|1|2|288000|769|6152166|303157
1200000|1|6000|3|3|0|0|288000|770|6160166|266056
1200000|1|6000|3|3|1|2|288000|770|6160166|302870
1200000|1|6000|3|3|0|0|288000|771|6168166|265892
1200000|1|6000|3|3|1|2|288000|771|6168166|302829
1200000|1|6000|3|3|0|0|288000|772|6176166|266138
1200000|1|6000|3|3|1|2|288000|772|6176166|301968
1200000|1|6000|3|3|0|0|288000|773|6184166|266015
1200000|1|6000|3|3|1|2|288000|773|6184166|302091
1200000|1|6000|3|3|0|0|288000|774|6192166|265441
1200000|1|6000|3|3|1|2|288000|774|6192166|301353
1200000|1|6000|3|3|0|0|288000|775|6200166|264703
1200000|1|6000|3|3|1|2|288000|775|6200166|302173
1200000|1|6000|3|3|0|0|288000|776|6208167|264334
1200000|1|6000|3|3|1|2|288000|776|6208167|302829
1200000|1|6000|3|3|0|0|288000|777|6216169|263391
1200000|1|6000|3|3|1|2|288000|777|6216169|303116
1200000|1|6000|3|3|0|0|288000|778|6224169|262940
1200000|1|6000|3|3|1|2|288000|778|6224169|303403
1200000|1|6000|3|3|0|0|288000|779|6232171|262284
1200000|1|6000|3|3|1|2|288000|779|6232171|303239
1200000|1|6000|3|3|0|0|288000|780|6240171|261382
1200000|1|6000|3|3|1|2|288000|780|6240171|303157
1200000|1|6000|3|3|0|0|288000|781|6248172|261341
1200000|1|6000|3|3|1|2|288000|781|6248172|303239
1200000|1|6000|3|3|0|0|288000|782|6256172|261751
1200000|1|6000|3|3|1|2|288000|782|6256172|303075
1200000|1|6000|3|3|0|0|288000|783|6264173|261833
1200000|1|6000|3|3|1|2|288000|783|6264173|302542
1200000|1|6000|3|3|0|0|288000|784|6272172|261669
1200000|1|6000|3|3|1|2|288000|784|6272172|303526
1200000|1|6000|3|3|0|0|288000|785|6280172|261382
1200000|1|6000|3|3|1|2|288000|785|6280172|303772
1200000|1|6000|3|3|0|0|288000|786|6288172|261136
1200000|1|6000|3|3|1|2|288000|786|6288172|303731
1200000|1|6000|3|3|0|0|288000|787|6296171|260603
1200000|1|6000|3|3|1|2|288000|787|6296171|303854
1200000|1|6000|3|3|0|0|288000|788|6304172|260111
1200000|1|6000|3|3|1|2|288000|788|6304172|303690
1200000|1|6000|3|3|0|0|288000|789|6312171|259291
1200000|1|6000|3|3|1|2|288000|789|6312171|303608
1200000|1|6000|3|3|0|0|288000|790|6320171|258143
1200000|1|6000|3|3|1|2|288000|790|6320171|304264
1200000|1|6000|3|3|0|0|288000|791|6328171|257856
1200000|1|6000|3|3|1|2|288000|791|6328171|304346
1200000|1|6000|3|3|0|0|288000|792|6336172|257446
1200000|1|6000|3|3|1|2|288000|792|6336172|305207
1200000|1|6000|3|3|0|0|288000|793|6344172|257159
1200000|1|6000|3|3|1|2|288000|793|6344172|305494
1200000|1|6000|3|3|0|0|288000|794|6352173|256380
1200000|1|6000|3|3|1|2|288000|794|6352173|305535
1200000|1|6000|3|3|0|0|288000|795|6360172|256831
1200000|1|6000|3|3|1|2|288000|795|6360172|305658
1200000|1|6000|3|3|0|0|288000|796|6368172|256380
1200000|1|6000|3|3|1|2|288000|796|6368172|305658
1200000|1|6000|3|3|0|0|288000|797|6376172|256626
1200000|1|6000|3|3|1|2|288000|797|6376172|306232
1200000|1|6000|3|3|0|0|288000|798|6384172|256257
1200000|1|6000|3|3|1|2|288000|798|6384172|306683
1200000|1|6000|3|3|0|0|288000|799|6392172|256421
1200000|1|6000|3|3|1|2|288000|799|6392172|306560
1200000|1|6000|3|3|0|0|288000|800|6400171|256339
1200000|1|6000|3|3|1|2|288000|800|6400171|306847
1200000|1|6000|3|3|0|0|288000|801|6408171|256667
1200000|1|6000|3|3|1|2|288000|801|6408171|306724
1200000|1|6000|3|3|0|0|288000|802|6416170|256626
1200000|1|6000|3|3|1|2|288000|802|6416170|307052
1200000|1|6000|3|3|0|0|288000|803|6424170|257774
1200000|1|6000|3|3|1|2|288000|803|6424170|307339
1200000|1|6000|3|3|0|0|288000|804|6432170|257651
1200000|1|6000|3|3|1|2|288000|804|6432170|307667
1200000|1|6000|3|3|0|0|288000|805|6440169|257651
1200000|1|6000|3|3|1|2|288000|805|6440169|307544
1200000|1|6000|3|3|0|0|288000|806|6448169|256954
1200000|1|6000|3|3|1|2|288000|806|6448169|307995
1200000|1|6000|3|3|0|0|288000|807|6456169|257159
1200000|1|6000|3|3|1|2|288000|807|6456169|307790
1200000|1|6000|3|3|0|0|288000|808|6464168|257118
1200000|1|6000|3|3|1|2|288000|808|6464168|307790
1200000|1|6000|3|3|0|0|288000|809|6472169|256790
1200000|1|6000|3|3|1|2|288000|809|6472169|307544
1200000|1|6000|3|3|0|0|288000|810|6480168|256503
1200000|1|6000|3|3|1|2|288000|810|6480168|307831
1200000|1|6000|3|3|0|0|288000|811|6488168|256216
1200000|1|6000|3|3|1|2|288000|811|6488168|308282
1200000|1|6000|3|3|0|0|288000|812|6496168|256421
1200000|1|6000|3|3|1|2|288000|812|6496168|308200
1200000|1|6000|3|3|0|0|288000|813|6504169|256298
1200000|1|6000|3|3|1|2|288000|813|6504169|307626
1200000|1|6000|3|3|0|0|288000|814|6512168|256790
1200000|1|6000|3|3|1|2|288000|814|6512168|307462
1200000|1|6000|3|3|0|0|288000|815|6520168|256667
1200000|1|6000|3|3|1|2|288000|815|6520168|307339
1200000|1|6000|3|3|0|0|288000|816|6528167|256954
1200000|1|6000|3|3|1|2|288000|816|6528167|307011
1200000|1|6000|3|3|0|0|288000|817|6536167|256954
1200000|1|6000|3|3|1|2|288000|817|6536167|306929
1200000|1|6000|3|3|0|0|288000|818|6544166|256708
1200000|1|6000|3|3|1|2|288000|818|6544166|306765
1200000|1|6000|3|3|0|0|288000|819|6552166|256995
1200000|1|6000|3|3|1|2|288000|819|6552166|306478
1200000|1|6000|3|3|0|0|288000|820|6560165|256749
1200000|1|6000|3|3|1|2|288000|820|6560165|306273
1200000|1|6000|3|3|0|0|288000|821|6568165|256585
1200000|1|6000|3|3|1|2|288000|821|6568165|306847
1200000|1|6000|3|3|0|0|288000|822|6576165|255847
1200000|1|6000|3|3|1|2|288000|822|6576165|306601
1200000|1|6000|3|3|0|0|288000|823|6584164|255437
1200000|1|6000|3|3|1|2|288000|823|6584164|306806
1200000|1|6000|3|3|0|0|288000|824|6592164|254945
1200000|1|6000|3|3|1|2|288000|824|6592164|306765
1200000|1|6000|3|3|0|0|288000|825|6600164|253797
1200000|1|6000|3|3|1|2|288000|825|6600164|306765
1200000|1|6000|3|3|0|0|288000|826|6608164|252854
1200000|1|6000|3|3|1|2|288000|826|6608164|306437
1200000|1|6000|3|3|0|0|288000|827|6616163|251952
1200000|1|6000|3|3|1|2|288000|827|6616163|306601
1200000|1|6000|3|3|0|0|288000|828|6624163|251173
1200000|1|6000|3|3|1|2|288000|828|6624163|305535
1200000|1|6000|3|3|0|0|288000|829|6632162|250681
1200000|1|6000|3|3|1|2|288000|829|6632162|305453
1200000|1|6000|3|3|0|0|288000|830|6640162|250189
1200000|1|6000|3|3|1|2|288000|830|6640162|305412
1200000|1|6000|3|3|0|0|288000|831|6648161|249369
1200000|1|6000|3|3|1|2|288000|831|6648161|305125
1200000|1|6000|3|3|0|0|288000|832|6656161|249164
1200000|1|6000|3|3|1|2|288000|832|6656161|304961
1200000|1|6000|3|3|0|0|288000|833|6664160|249656
1200000|1|6000|3|3|1|2|288000|833|6664160|304879
1200000|1|6000|3|3|0|0|288000|834|6672160|250107
1200000|1|6000|3|3|1|2|288000|834|6672160|305166
1200000|1|6000|3|3|0|0|288000|835|6680160|249697
1200000|1|6000|3|3|1|2|288000|835|6680160|305781
1200000|1|6000|3|3|0|0|288000|836|6688161|249205
1200000|1|6000|3|3|1|2|288000|836|6688161|307216
1200000|1|6000|3|3|0|0|288000|837|6696162|249246
1200000|1|6000|3|3|1|2|288000|837|6696162|307626
1200000|1|6000|3|3|0|0|288000|838|6704163|248508
1200000|1|6000|3|3|1|2|288000|838|6704163|308938
1200000|1|6000|3|3|0|0|288000|839|6712165|248303
1200000|1|6000|3|3|1|2|288000|839|6712165|309471
1200000|1|6000|3|3|0|0|288000|840|6720166|247934
1200000|1|6000|3|3|1|2|288000|840|6720166|310373
1200000|1|6000|3|3|0|0|288000|841|6728167|247483
1200000|1|6000|3|3|1|2|288000|841|6728167|310414
1200000|1|6000|3|3|0|0|288000|842|6736167|247729
1200000|1|6000|3|3|1|2|288000|842|6736167|311193
1200000|1|6000|3|3|0|0|288000|843|6744168|247278
1200000|1|6000|3|3|1|2|288000|843|6744168|311562
1200000|1|6000|3|3|0|0|288000|844|6752169|247401
1200000|1|6000|3|3|1|2|288000|844|6752169|311931
1200000|1|6000|3|3|0|0|288000|845|6760170|246909
1200000|1|6000|3|3|1|2|288000|845|6760170|312874
1200000|1|6000|3|3|0|0|288000|846|6768172|247196
1200000|1|6000|3|3|1|2|288000|846|6768172|313407
1200000|1|6000|3|3|0|0|288000|847|6776172|246991
1200000|1|6000|3|3|1|2|288000|847|6776172|314432
1200000|1|6000|3|3|0|0|288000|848|6784173|246950
1200000|1|6000|3|3|1|2|288000|848|6784173|314842
1200000|1|6000|3|3|0|0|288000|849|6792174|246458
1200000|1|6000|3|3|1|2|288000|849|6792174|314965
1200000|1|6000|3|3|0|0|288000|850|6800175|244859
1200000|1|6000|3|3|1|2|288000|850|6800175|314350
1200000|1|6000|3|3|0|0|288000|851|6808174|244285
1200000|1|6000|3|3|1|2|288000|851|6808174|314022
1200000|1|6000|3|3|0|0|288000|852|6816174|242850
1200000|1|6000|3|3|1|2|288000|852|6816174|313038
1200000|1|6000|3|3|0|0|288000|853|6824173|242071
1200000|1|6000|3|3|1|2|288000|853|6824173|312423
1200000|1|6000|3|3|0|0|288000|854|6832174|241251
1200000|1|6000|3|3|1|2|288000|854|6832174|311767
1200000|1|6000|3|3|0|0|288000|855|6840174|239775
1200000|1|6000|3|3|1|2|288000|855|6840174|309922
1200000|1|6000|3|3|0|0|288000|856|6848173|238668
1200000|1|6000|3|3|1|2|288000|856|6848173|310086
1200000|1|6000|3|3|0|0|288000|857|6856173|237766
1200000|1|6000|3|3|1|2|288000|857|6856173|309061
1200000|1|6000|3|3|0|0|288000|858|6864173|236577
1200000|1|6000|3|3|1|2|288000|858|6864173|308897
1200000|1|6000|3|3|0|0|288000|859|6872174|235142
1200000|1|6000|3|3|1|2|288000|859|6872174|308241
1200000|1|6000|3|3|0|0|288000|860|6880173|233994
1200000|1|6000|3|3|1|2|288000|860|6880173|307749
1200000|1|6000|3|3|0|0|288000|861|6888174|232846
1200000|1|6000|3|3|1|2|288000|861|6888174|306560
1200000|1|6000|3|3|0|0|288000|862|6896173|231247
1200000|1|6000|3|3|1|2|288000|862|6896173|305125
1200000|1|6000|3|3|0|0|288000|863|6904174|230878
1200000|1|6000|3|3|1|2|288000|863|6904174|303567
1200000|1|6000|3|3|0|0|288000|864|6912173|231001
1200000|1|6000|3|3|1|2|288000|864|6912173|303116
1200000|1|6000|3|3|0|0|288000|865|6920173|230632
1200000|1|6000|3|3|1|2|288000|865|6920173|302050
1200000|1|6000|3|3|0|0|288000|866|6928172|230304
1200000|1|6000|3|3|1|2|288000|866|6928172|301845
1200000|1|6000|3|3|0|0|288000|867|6936172|229320
1200000|1|6000|3|3|1|2|288000|867|6936172|301476
1200000|1|6000|3|3|0|0|288000|868|6944172|229238
1200000|1|6000|3|3|1|2|288000|868|6944172|300574
1200000|1|6000|3|3|0|0|288000|869|6952172|228459
1200000|1|6000|3|3|1|2|288000|869|6952172|299508
1200000|1|6000|3|3|0|0|288000|870|6960172|227065
1200000|1|6000|3|3|1|2|288000|870|6960172|298647
1200000|1|6000|3|3|0|0|288000|871|6968171|225384
1200000|1|6000|3|3|1|2|288000|871|6968171|297622
1200000|1|6000|3|3|0|0|288000|872|6976171|223621
1200000|1|6000|3|3|1|2|288000|872|6976171|296392
1200000|1|6000|3|3|0|0|288000|873|6984171|222678
1200000|1|6000|3|3|1|2|288000|873|6984171|296802
1200000|1|6000|3|3|0|0|288000|874|6992172|222145
1200000|1|6000|3|3|1|2|288000|874|6992172|296679
1200000|1|6000|3|3|0|0|288000|875|7000173|221161
1200000|1|6000|3|3|1|2|288000|875|7000173|297130
1200000|1|6000|3|3|0|0|288000|876|7008173|220710
1200000|1|6000|3|3|1|2|288000|876|7008173|297048
1200000|1|6000|3|3|0|0|288000|877|7016174|219890
1200000|1|6000|3|3|1|2|288000|877|7016174|296966
1200000|1|6000|3|3|0|0|288000|878|7024175|220054
1200000|1|6000|3|3|1|2|288000|878|7024175|297417
1200000|1|6000|3|3|0|0|288000|879|7032176|220054
1200000|1|6000|3|3|1|2|288000|879|7032176|296966
1200000|1|6000|3|3|0|0|288000|880|7040177|220341
1200000|1|6000|3|3|1|2|288000|880|7040177|298073
1200000|1|6000|3|3|0|0|288000|881|7048178|220095
1200000|1|6000|3|3|1|2|288000|881|7048178|297950
1200000|1|6000|3|3|0|0|288000|882|7056178|219726
1200000|1|6000|3|3|1|2|288000|882|7056178|298729
1200000|1|6000|3|3|0|0|288000|883|7064180|219808
1200000|1|6000|3|3|1|2|288000|883|7064180|299344
1200000|1|6000|3|3|0|0|288000|884|7072182|219767
1200000|1|6000|3|3|1|2|288000|884|7072182|300000
1200000|1|6000|3|3|0|0|288000|885|7080183|219316
1200000|1|6000|3|3|1|2|288000|885|7080183|300984
1200000|1|6000|3|3|0|0|288000|886|7088184|218783
1200000|1|6000|3|3|1|2|288000|886|7088184|301681
1200000|1|6000|3|3|0|0|288000|887|7096185|218291
1200000|1|6000|3|3|1|2|288000|887|7096185|302091
1200000|1|6000|3|3|0|0|288000|888|7104186|217922
1200000|1|6000|3|3|1|2|288000|888|7104186|302460
1200000|1|6000|3|3|0|0|288000|889|7112186|218086
1200000|1|6000|3|3|1|2|288000|889|7112186|302583
1200000|1|6000|3|3|0|0|288000|890|7120186|217471
1200000|1|6000|3|3|1|2|288000|890|7120186|302255
1200000|1|6000|3|3|0|0|288000|891|7128185|218168
1200000|1|6000|3|3|1|2|288000|891|7128185|302829
1200000|1|6000|3|3|0|0|288000|892|7136186|218209
1200000|1|6000|3|3|1|2|288000|892|7136186|303198
1200000|1|6000|3|3|0|0|288000|893|7144186|219521
1200000|1|6000|3|3|1|2|288000|893|7144186|303362
1200000|1|6000|3|3|0|0|288000|894|7152185|219603
1200000|1|6000|3|3|1|2|288000|894|7152185|303239
1200000|1|6000|3|3|0|0|288000|895|7160185|220341
1200000|1|6000|3|3|1|2|288000|895|7160185|304428
1200000|1|6000|3|3|0|0|288000|896|7168186|220792
1200000|1|6000|3|3|1|2|288000|896|7168186|305207
1200000|1|6000|3|3|0|0|288000|897|7176188|221530
1200000|1|6000|3|3|1|2|288000|897|7176188|306355
1200000|1|6000|3|3|0|0|288000|898|7184189|222022
1200000|1|6000|3|3|1|2|288000|898|7184189|307339
1200000|1|6000|3|3|0|0|288000|899|7192191|222268
1200000|1|6000|3|3|1|2|288000|899|7192191|309102
1200000|1|6000|3|3|0|0|288000|900|7200192|222309
1200000|1|6000|3|3|1|2|288000|900|7200192|309389
1200000|1|6000|3|3|0|0|288000|901|7208193|222104
1200000|1|6000|3|3|1|2|288000|901|7208193|310332
1200000|1|6000|3|3|0|0|288000|902|7216194|221489
1200000|1|6000|3|3|1|2|288000|902|7216194|309389
1200000|1|6000|3|3|0|0|288000|903|7224193|220751
1200000|1|6000|3|3|1|2|288000|903|7224193|309389
1200000|1|6000|3|3|0|0|288000|904|7232193|220054
1200000|1|6000|3|3|1|2|288000|904|7232193|308897
1200000|1|6000|3|3|0|0|288000|905|7240193|219849
1200000|1|6000|3|3|1|2|288000|905|7240193|309143
1200000|1|6000|3|3|0|0|288000|906|7248193|219562
1200000|1|6000|3|3|1|2|288000|906|7248193|308610
1200000|1|6000|3|3|0|0|288000|907|7256192|219685
1200000|1|6000|3|3|1|2|288000|907|7256192|308323
1200000|1|6000|3|3|0|0|288000|908|7264193|220218
1200000|1|6000|3|3|1|2|288000|908|7264193|308077
1200000|1|6000|3|3|0|0|288000|909|7272192|220956
1200000|1|6000|3|3|1|2|288000|909|7272192|308692
1200000|1|6000|3|3|0|0|288000|910|7280193|221161
1200000|1|6000|3|3|1|2|288000|910|7280193|309307
1200000|1|6000|3|3|0|0|288000|911|7288194|221284
1200000|1|6000|3|3|1|2|288000|911|7288194|308446
1200000|1|6000|3|3|0|0|288000|912|7296194|221571
1200000|1|6000|3|3|1|2|288000|912|7296194|308405
1200000|1|6000|3|3|0|0|288000|913|7304194|221735
1200000|1|6000|3|3|1|2|288000|913|7304194|308159
1200000|1|6000|3|3|0|0|288000|914|7312194|221571
1200000|1|6000|3|3|1|2|288000|914|7312194|308241
1200000|1|6000|3|3|0|0|288000|915|7320194|221284
1200000|1|6000|3|3|1|2|288000|915|7320194|307585
1200000|1|6000|3|3|0|0|288000|916|7328193|220136
1200000|1|6000|3|3|1|2|288000|916|7328193|307175
1200000|1|6000|3|3|0|0|288000|917|7336193|220833
1200000|1|6000|3|3|1|2|288000|917|7336193|306847
1200000|1|6000|3|3|0|0|288000|918|7344192|220669
1200000|1|6000|3|3|1|2|288000|918|7344192|307134
1200000|1|6000|3|3|0|0|288000|919|7352192|221407
1200000|1|6000|3|3|1|2|288000|919|7352192|307093
1200000|1|6000|3|3|0|0|288000|920|7360192|221079
1200000|1|6000|3|3|1|2|288000|920|7360192|306806
1200000|1|6000|3|3|0|0|288000|921|7368191|221407
1200000|1|6000|3|3|1|2|288000|921|7368191|306929
1200000|1|6000|3|3|0|0|288000|922|7376191|221366
1200000|1|6000|3|3|1|2|288000|922|7376191|307257
1200000|1|6000|3|3|0|0|288000|923|7384192|222473
1200000|1|6000|3|3|1|2|288000|923|7384192|308241
1200000|1|6000|3|3|0|0|288000|924|7392193|222965
1200000|1|6000|3|3|1|2|288000|924|7392193|308692
1200000|1|6000|3|3|0|0|288000|925|7400195|223416
1200000|1|6000|3|3|1|2|288000|925|7400195|309512
1200000|1|6000|3|3|0|0|288000|926|7408195|224072
1200000|1|6000|3|3|1|2|288000|926|7408195|309348
1200000|1|6000|3|3|0|0|288000|927|7416196|224523
1200000|1|6000|3|3|1|2|288000|927|7416196|309430
1200000|1|6000|3|3|0|0|288000|928|7424196|224769
1200000|1|6000|3|3|1|2|288000|928|7424196|309102
1200000|1|6000|3|3|0|0|288000|929|7432196|225466
1200000|1|6000|3|3|1|2|288000|929|7432196|309061
1200000|1|6000|3|3|0|0|288000|930|7440196|225794
1200000|1|6000|3|3|1|2|288000|930|7440196|308856
1200000|1|6000|3|3|0|0|288000|931|7448196|226860
1200000|1|6000|3|3|1|2|288000|931|7448196|309102
1200000|1|6000|3|3|0|0|288000|932|7456195|227639
1200000|1|6000|3|3|1|2|288000|932|7456195|309430
1200000|1|6000|3|3|0|0|288000|933|7464195|228377
1200000|1|6000|3|3|1|2|288000|933|7464195|309635
1200000|1|6000|3|3|0|0|288000|934|7472196|229197
1200000|1|6000|3|3|1|2|288000|934|7472196|309266
1200000|1|6000|3|3|0|0|288000|935|7480196|229853
1200000|1|6000|3|3|1|2|288000|935|7480196|308405
1200000|1|6000|3|3|0|0|288000|936|7488195|230673
1200000|1|6000|3|3|1|2|288000|936|7488195|308651
1200000|1|6000|3|3|0|0|288000|937|7496195|231739
1200000|1|6000|3|3|1|2|288000|937|7496195|307872
1200000|1|6000|3|3|0|0|288000|938|7504195|231370
1200000|1|6000|3|3|1|2|288000|938|7504195|307708
1200000|1|6000|3|3|0|0|288000|939|7512194|231124
1200000|1|6000|3|3|1|2|288000|939|7512194|306970
1200000|1|6000|3|3|0|0|288000|940|7520194|230386
1200000|1|6000|3|3|1|2|288000|940|7520194|306806
1200000|1|6000|3|3|0|0|288000|941|7528194|229812
1200000|1|6000|3|3|1|2|288000|941|7528194|306519
1200000|1|6000|3|3|0|0|288000|942|7536193|229935
1200000|1|6000|3|3|1|2|288000|942|7536193|306273
1200000|1|6000|3|3|0|0|288000|943|7544193|228992
1200000|1|6000|3|3|1|2|288000|943|7544193|306191
1200000|1|6000|3|3|0|0|288000|944|7552192|228828
1200000|1|6000|3|3|1|2|288000|944|7552192|305863
1200000|1|6000|3|3|0|0|288000|945|7560192|228500
1200000|1|6000|3|3|1|2|288000|945|7560192|305330
1200000|1|6000|3|3|0|0|288000|946|7568192|228541
1200000|1|6000|3|3|1|2|288000|946|7568192|304756
1200000|1|6000|3|3|0|0|288000|947|7576192|228418
1200000|1|6000|3|3|1|2|288000|947|7576192|304346
1200000|1|6000|3|3|0|0|288000|948|7584192|228254
1200000|1|6000|3|3|1|2|288000|948|7584192|303936
1200000|1|6000|3|3|0|0|288000|949|7592192|228090
1200000|1|6000|3|3|1|2|288000|949|7592192|303034
1200000|1|6000|3|3|0|0|288000|950|7600191|228008
1200000|1|6000|3|3|1|2|288000|950|7600191|302337
1200000|1|6000|3|3|0|0|288000|951|7608191|227762
1200000|1|6000|3|3|1|2|288000|951|7608191|301066
1200000|1|6000|3|3|0|0|288000|952|7616190|227311
1200000|1|6000|3|3|1|2|288000|952|7616190|300697
1200000|1|6000|3|3|0|0|288000|953|7624190|227147
1200000|1|6000|3|3|1|2|288000|953|7624190|299303
1200000|1|6000|3|3|0|0|288000|954|7632188|226286
1200000|1|6000|3|3|1|2|288000|954|7632188|299180
1200000|1|6000|3|3|0|0|288000|955|7640189|225179
1200000|1|6000|3|3|1|2|288000|955|7640189|298688
1200000|1|6000|3|3|0|0|288000|956|7648189|224154
1200000|1|6000|3|3|1|2|288000|956|7648189|298729
1200000|1|6000|3|3|0|0|288000|957|7656190|223170
1200000|1|6000|3|3|1|2|288000|957|7656190|298729
1200000|1|6000|3|3|0|0|288000|958|7664190|222514
1200000|1|6000|3|3|1|2|288000|958|7664190|298319
1200000|1|6000|3|3|0|0|288000|959|7672191|221407
1200000|1|6000|3|3|1|2|288000|959|7672191|298729
1200000|1|6000|3|3|0|0|288000|960|7680192|220300
1200000|1|6000|3|3|1|2|288000|960|7680192|298401
1200000|1|6000|3|3|0|0|288000|961|7688193|219808
1200000|1|6000|3|3|1|2|288000|961|7688193|298893
1200000|1|6000|3|3|0|0|288000|962|7696193|219480
1200000|1|6000|3|3|1|2|288000|962|7696193|298032
1200000|1|6000|3|3|0|0|288000|963|7704193|219685
1200000|1|6000|3|3|1|2|288000|963|7704193|298401
1200000|1|6000|3|3|0|0|288000|964|7712194|218742
1200000|1|6000|3|3|1|2|288000|964|7712194|298893
1200000|1|6000|3|3|0|0|288000|965|7720194|218578
1200000|1|6000|3|3|1|2|288000|965|7720194|299262
1200000|1|6000|3|3|0|0|288000|966|7728195|217676
1200000|1|6000|3|3|1|2|288000|966|7728195|300164
1200000|1|6000|3|3|0|0|288000|967|7736196|217184
1200000|1|6000|3|3|1|2|288000|967|7736196|300451
1200000|1|6000|3|3|0|0|288000|968|7744197|216364
1200000|1|6000|3|3|1|2|288000|968|7744197|300697
1200000|1|6000|3|3|0|0|288000|969|7752198|215872
1200000|1|6000|3|3|1|2|288000|969|7752198|300861
1200000|1|6000|3|3|0|0|288000|970|7760199|215790
1200000|1|6000|3|3|1|2|288000|970|7760199|301517
1200000|1|6000|3|3|0|0|288000|971|7768200|215585
1200000|1|6000|3|3|1|2|288000|971|7768200|301722
1200000|1|6000|3|3|0|0|288000|972|7776200|215626
1200000|1|6000|3|3|1|2|288000|972|7776200|301968
1200000|1|6000|3|3|0|0|288000|973|7784201|215298
1200000|1|6000|3|3|1|2|288000|973|7784201|301968
1200000|1|6000|3|3|0|0|288000|974|7792202|215298
1200000|1|6000|3|3|1|2|288000|974|7792202|302501
1200000|1|6000|3|3|0|0|288000|975|7800203|215544
1200000|1|6000|3|3|1|2|288000|975|7800203|303608
1200000|1|6000|3|3|0|0|288000|976|7808204|216077
1200000|1|6000|3|3|1|2|288000|976|7808204|303567
1200000|1|6000|3|3|0|0|288000|977|7816205|215749
1200000|1|6000|3|3|1|2|288000|977|7816205|302911
1200000|1|6000|3|3|0|0|288000|978|7824204|215872
1200000|1|6000|3|3|1|2|288000|978|7824204|302378
1200000|1|6000|3|3|0|0|288000|979|7832203|216241
1200000|1|6000|3|3|1|2|288000|979|7832203|303034
1200000|1|6000|3|3|0|0|288000|980|7840203|217143
1200000|1|6000|3|3|1|2|288000|980|7840203|302460
1200000|1|6000|3|3|0|0|288000|981|7848202|217553
1200000|1|6000|3|3|1|2|288000|981|7848202|303239
1200000|1|6000|3|3|0|0|288000|982|7856202|217758
1200000|1|6000|3|3|1|2|288000|982|7856202|302993
1200000|1|6000|3|3|0|0|288000|983|7864202|217922
1200000|1|6000|3|3|1|2|288000|983|7864202|303444
1200000|1|6000|3|3|0|0|288000|984|7872202|218619
1200000|1|6000|3|3|1|2|288000|984|7872202|303977
1200000|1|6000|3|3|0|0|288000|985|7880202|219193
1200000|1|6000|3|3|1|2|288000|985|7880202|305371
1200000|1|6000|3|3|0|0|288000|986|7888203|219480
1200000|1|6000|3|3|1|2|288000|986|7888203|305781
1200000|1|6000|3|3|0|0|288000|987|7896205|219972
1200000|1|6000|3|3|1|2|288000|987|7896205|306232
1200000|1|6000|3|3|0|0|288000|988|7904205|219808
1200000|1|6000|3|3|1|2|288000|988|7904205|305904
1200000|1|6000|3|3|0|0|288000|989|7912206|220095
1200000|1|6000|3|3|1|2|288000|989|7912206|306642
1200000|1|6000|3|3|0|0|288000|990|7920207|219398
1200000|1|6000|3|3|1|2|288000|990|7920207|307134
1200000|1|6000|3|3|0|0|288000|991|7928208|218865
1200000|1|6000|3|3|1|2|288000|991|7928208|307585
1200000|1|6000|3|3|0|0|288000|992|7936209|218455
1200000|1|6000|3|3|1|2|288000|992|7936209|306888
1200000|1|6000|3|3|0|0|288000|993|7944208|218209
1200000|1|6000|3|3|1|2|288000|993|7944208|307421
1200000|1|6000|3|3|0|0|288000|994|7952209|218209
1200000|1|6000|3|3|1|2|288000|994|7952209|307298
1200000|1|6000|3|3|0|0|288000|995|7960209|217676
1200000|1|6000|3|3|1|2|288000|995|7960209|307585
1200000|1|6000|3|3|0|0|288000|996|7968210|217799
1200000|1|6000|3|3|1|2|288000|996|7968210|307503
1200000|1|6000|3|3|0|0|288000|997|7976210|217471
1200000|1|6000|3|3|1|2|288000|997|7976210|307216
1200000|1|6000|3|3|0|0|288000|998|7984211|217717
1200000|1|6000|3|3|1|2|288000|998|7984211|307913
1200000|1|6000|3|3|0|0|288000|999|7992212|216446
1200000|1|6000|3|3|1|2|288000|999|7992212|307790
1200000|1|6000|3|3|0|0|288000|1000|8000213|215134
1200000|1|6000|3|3|1|2|288000|1000|8000213|307708
1200000|1|6000|3|3|0|0|288000|1001|8008214|213658
1200000|1|6000|3|3|1|2|288000|1001|8008214|307667
1200000|1|6000|3|3|0|0|288000|1002|8016215|212469
1200000|1|6000|3|3|1|2|288000|1002|8016215|307995
1200000|1|6000|3|3|0|0|288000|1003|8024217|211403
1200000|1|6000|3|3|1|2|288000|1003|8024217|308446
1200000|1|6000|3|3|0|0|288000|1004|8032219|210173
1200000|1|6000|3|3|1|2|288000|1004|8032219|308446
1200000|1|6000|3|3|0|0|288000|1005|8040220|208410
1200000|1|6000|3|3|1|2|288000|1005|8040220|310947
1200000|1|6000|3|3|0|0|288000|1006|8048223|207344
1200000|1|6000|3|3|1|2|288000|1006|8048223|312628
1200000|1|6000|3|3|0|0|288000|1007|8056223|206442
1200000|1|6000|3|3|1|2|288000|1007|8056223|314924
1200000|1|6000|3|3|0|0|288000|1008|8064223|206073
1200000|1|6000|3|3|1|2|288000|1008|8064223|315539
1200000|1|6000|3|3|0|0|288000|1009|8072222|205417
1200000|1|6000|3|3|1|2|288000|1009|8072222|316359
1200000|1|6000|3|3|0|0|288000|1010|8080223|205048
1200000|1|6000|3|3|1|2|288000|1010|8080223|316933
1200000|1|6000|3|3|0|0|288000|1011|8088222|204146
1200000|1|6000|3|3|1|2|288000|1011|8088222|317712
1200000|1|6000|3|3|0|0|288000|1012|8096222|203613
1200000|1|6000|3|3|1|2|288000|1012|8096222|318491
1200000|1|6000|3|3|0|0|288000|1013|8104222|203449
1200000|1|6000|3|3|1|2|288000|1013|8104222|319557
1200000|1|6000|3|3|0|0|288000|1014|8112222|203408
1200000|1|6000|3|3|1|2|288000|1014|8112222|321115
1200000|1|6000|3|3|0|0|288000|1015|8120222|204105
1200000|1|6000|3|3|1|2|288000|1015|8120222|322796
1200000|1|6000|3|3|0|0|288000|1016|8128223|203941
1200000|1|6000|3|3|1|2|288000|1016|8128223|324108
1200000|1|6000|3|3|0|0|288000|1017|8136223|204843
1200000|1|6000|3|3|1|2|288000|1017|8136223|324641
1200000|1|6000|3|3|0|0|288000|1018|8144223|204679
1200000|1|6000|3|3|1|2|288000|1018|8144223|325215
1200000|1|6000|3|3|0|0|288000|1019|8152223|204720
1200000|1|6000|3|3|1|2|288000|1019|8152223|325994
1200000|1|6000|3|3|0|0|288000|1020|8160222|204351
1200000|1|6000|3|3|1|2|288000|1020|8160222|326773
1200000|1|6000|3|3|0|0|288000|1021|8168222|204843
1200000|1|6000|3|3|1|2|288000|1021|8168222|327183
1200000|1|6000|3|3|0|0|288000|1022|8176222|204966
1200000|1|6000|3|3|1|2|288000|1022|8176222|328700
1200000|1|6000|3|3|0|0|288000|1023|8184223|205335
1200000|1|6000|3|3|1|2|288000|1023|8184223|330299
1200000|1|6000|3|3|0|0|288000|1024|8192224|206155
1200000|1|6000|3|3|1|2|288000|1024|8192224|330873
1200000|1|6000|3|3|0|0|288000|1025|8200225|206770
1200000|1|6000|3|3|1|2|288000|1025|8200225|331857
1200000|1|6000|3|3|0|0|288000|1026|8208226|207836
1200000|1|6000|3|3|1|2|288000|1026|8208226|332472
1200000|1|6000|3|3|0|0|288000|1027|8216227|207672
1200000|1|6000|3|3|1|2|288000|1027|8216227|332923
1200000|1|6000|3|3|0|0|288000|1028|8224228|207508
1200000|1|6000|3|3|1|2|288000|1028|8224228|333825
1200000|1|6000|3|3|0|0|288000|1029|8232229|207098
1200000|1|6000|3|3|1|2|288000|1029|8232229|334112
1200000|1|6000|3|3|0|0|288000|1030|8240230|207098
1200000|1|6000|3|3|1|2|288000|1030|8240230|334891
1200000|1|6000|3|3|0|0|288000|1031|8248231|206852
1200000|1|6000|3|3|1|2|288000|1031|8248231|335260
1200000|1|6000|3|3|0|0|288000|1032|8256231|207221
1200000|1|6000|3|3|1|2|288000|1032|8256231|336941
1200000|1|6000|3|3|0|0|288000|1033|8264234|207098
1200000|1|6000|3|3|1|2|288000|1033|8264234|337228
1200000|1|6000|3|3|0|0|288000|1034|8272234|207508
1200000|1|6000|3|3|1|2|288000|1034|8272234|338458
1200000|1|6000|3|3|0|0|288000|1035|8280236|208082
1200000|1|6000|3|3|1|2|288000|1035|8280236|338458
1200000|1|6000|3|3|0|0|288000|1036|8288236|208574
1200000|1|6000|3|3|1|2|288000|1036|8288236|339032
1200000|1|6000|3|3|0|0|288000|1037|8296237|208656
1200000|1|6000|3|3|1|2|288000|1037|8296237|338786
1200000|1|6000|3|3|0|0|288000|1038|8304237|209025
1200000|1|6000|3|3|1|2|288000|1038|8304237|338663
1200000|1|6000|3|3|0|0|288000|1039|8312236|209232
1200000|1|6000|3|3|1|2|288000|1039|8312236|338048
1200000|1|6000|3|3|0|0|288000|1040|8320236|209148
1200000|1|6000|3|3|1|2|288000|1040|8320236|337351
1200000|1|6000|3|3|0|0|288000|1041|8328235|209353
1200000|1|6000|3|3|1|2|288000|1041|8328235|337392
1200000|1|6000|3|3|0|0|288000|1042|8336235|209722
1200000|1|6000|3|3|1|2|288000|1042|8336235|336736
1200000|1|6000|3|3|0|0|288000|1043|8344235|210583
1200000|1|6000|3|3|1|2|288000|1043|8344235|336326
1200000|1|6000|3|3|0|0|288000|1044|8352234|210788
1200000|1|6000|3|3|1|2|288000|1044|8352234|335875
1200000|1|6000|3|3|0|0|288000|1045|8360234|211649
1200000|1|6000|3|3|1|2|288000|1045|8360234|336203
1200000|1|6000|3|3|0|0|288000|1046|8368235|212182
1200000|1|6000|3|3|1|2|288000|1046|8368235|335465
1200000|1|6000|3|3|0|0|288000|1047|8376235|212592
1200000|1|6000|3|3|1|2|288000|1047|8376235|334399
1200000|1|6000|3|3|0|0|288000|1048|8384235|213166
1200000|1|6000|3|3|1|2|288000|1048|8384235|333538
1200000|1|6000|3|3|0|0|288000|1049|8392234|213658
1200000|1|6000|3|3|1|2|288000|1049|8392234|332595
1200000|1|6000|3|3|0|0|288000|1050|8400235|213658
1200000|1|6000|3|3|1|2|288000|1050|8400235|332472
1200000|1|6000|3|3|0|0|288000|1051|8408235|213166
1200000|1|6000|3|3|1|2|288000|1051|8408235|331695
1200000|1|6000|3|3|0|0|288000|1052|8416235|212674
1200000|1|6000|3|3|1|2|288000|1052|8416235|330627
1200000|1|6000|3|3|0|0|288000|1053|8424234|212756
1200000|1|6000|3|3|1|2|288000|1053|8424234|330135
1200000|1|6000|3|3|0|0|288000|1054|8432234|212346
1200000|1|6000|3|3|1|2|288000|1054|8432234|329069
1200000|1|6000|3|3|0|0|288000|1055|8440233|212387
1200000|1|6000|3|3|1|2|288000|1055|8440233|329151
1200000|1|6000|3|3|0|0|288000|1056|8448233|212428
1200000|1|6000|3|3|1|2|288000|1056|8448233|328167
1200000|1|6000|3|3|0|0|288000|1057|8456233|212510
1200000|1|6000|3|3|1|2|288000|1057|8456233|327347
1200000|1|6000|3|3|0|0|288000|1058|8464233|213002
1200000|1|6000|3|3|1|2|288000|1058|8464233|326773
1200000|1|6000|3|3|0|0|288000|1059|8472234|213822
1200000|1|6000|3|3|1|2|288000|1059|8472234|325912
1200000|1|6000|3|3|0|0|288000|1060|8480235|214232
1200000|1|6000|3|3|1|2|288000|1060|8480235|325625
1200000|1|6000|3|3|0|0|288000|1061|8488235|214519
1200000|1|6000|3|3|1|2|288000|1061|8488235|324764
1200000|1|6000|3|3|0|0|288000|1062|8496235|214847
1200000|1|6000|3|3|1|2|288000|1062|8496235|324887
1200000|1|6000|3|3|0|0|288000|1063|8504235|214929
1200000|1|6000|3|3|1|2|288000|1063|8504235|324436
1200000|1|6000|3|3|0|0|288000|1064|8512235|215216
1200000|1|6000|3|3|1|2|288000|1064|8512235|324436
1200000|1|6000|3|3|0|0|288000|1065|8520235|214273
1200000|1|6000|3|3|1|2|288000|1065|8520235|323780
1200000|1|6000|3|3|0|0|288000|1066|8528234|213494
1200000|1|6000|3|3|1|2|288000|1066|8528234|323411
1200000|1|6000|3|3|0|0|288000|1067|8536234|213576
1200000|1|6000|3|3|1|2|288000|1067|8536234|322755
1200000|1|6000|3|3|0|0|288000|1068|8544233|213986
1200000|1|6000|3|3|1|2|288000|1068|8544233|322878
1200000|1|6000|3|3|0|0|288000|1069|8552233|214396
1200000|1|6000|3|3|1|2|288000|1069|8552233|321853
1200000|1|6000|3|3|0|0|288000|1070|8560232|214232
1200000|1|6000|3|3|1|2|288000|1070|8560232|321074
1200000|1|6000|3|3|0|0|288000|1071|8568232|214560
1200000|1|6000|3|3|1|2|288000|1071|8568232|320992
1200000|1|6000|3|3|0|0|288000|1072|8576232|214314
1200000|1|6000|3|3|1|2|288000|1072|8576232|320623
1200000|1|6000|3|3|0|0|288000|1073|8584232|214806
1200000|1|6000|3|3|1|2|288000|1073|8584232|320623
1200000|1|6000|3|3|0|0|288000|1074|8592231|214765
1200000|1|6000|3|3|1|2|288000|1074|8592231|320295
1200000|1|6000|3|3|0|0|288000|1075|8600231|214929
1200000|1|6000|3|3|1|2|288000|1075|8600231|321279
1200000|1|6000|3|3|0|0|288000|1076|8608233|214642
1200000|1|6000|3|3|1|2|288000|1076|8608233|321648
1200000|1|6000|3|3|0|0|288000|1077|8616234|214724
1200000|1|6000|3|3|1|2|288000|1077|8616234|322263
1200000|1|6000|3|3|0|0|288000|1078|8624235|214519
1200000|1|6000|3|3|1|2|288000|1078|8624235|322919
1200000|1|6000|3|3|0|0|288000|1079|8632236|214273
1200000|1|6000|3|3|1|2|288000|1079|8632236|323083
1200000|1|6000|3|3|0|0|288000|1080|8640236|214437
1200000|1|6000|3|3|1|2|288000|1080|8640236|324272
1200000|1|6000|3|3|0|0|288000|1081|8648237|214519
1200000|1|6000|3|3|1|2|288000|1081|8648237|324436
1200000|1|6000|3|3|0|0|288000|1082|8656238|214724
1200000|1|6000|3|3|1|2|288000|1082|8656238|324641
1200000|1|6000|3|3|0|0|288000|1083|8664238|214970
1200000|1|6000|3|3|1|2|288000|1083|8664238|323985
1200000|1|6000|3|3|0|0|288000|1084|8672237|214683
1200000|1|6000|3|3|1|2|288000|1084|8672237|323657
1200000|1|6000|3|3|0|0|288000|1085|8680236|214724
1200000|1|6000|3|3|1|2|288000|1085|8680236|322796
1200000|1|6000|3|3|0|0|288000|1086|8688235|214806
1200000|1|6000|3|3|1|2|288000|1086|8688235|323247
1200000|1|6000|3|3|0|0|288000|1087|8696235|215175
1200000|1|6000|3|3|1|2|288000|1087|8696235|322386
1200000|1|6000|3|3|0|0|288000|1088|8704234|215503
1200000|1|6000|3|3|1|2|288000|1088|8704234|322509
1200000|1|6000|3|3|0|0|288000|1089|8712234|215175
1200000|1|6000|3|3|1|2|288000|1089|8712234|322263
1200000|1|6000|3|3|0|0|288000|1090|8720234|215831
1200000|1|6000|3|3|1|2|288000|1090|8720234|323370
1200000|1|6000|3|3|0|0|288000|1091|8728236|216077
1200000|1|6000|3|3|1|2|288000|1091|8728236|323944
1200000|1|6000|3|3|0|0|288000|1092|8736237|216733
1200000|1|6000|3|3|1|2|288000|1092|8736237|325133
1200000|1|6000|3|3|0|0|288000|1093|8744239|216651
1200000|1|6000|3|3|1|2|288000|1093|8744239|326199
1200000|1|6000|3|3|0|0|288000|1094|8752241|217430
1200000|1|6000|3|3|1|2|288000|1094|8752241|326609
1200000|1|6000|3|3|0|0|288000|1095|8760241|217184
1200000|1|6000|3|3|1|2|288000|1095|8760241|327675
1200000|1|6000|3|3|0|0|288000|1096|8768243|217594
1200000|1|6000|3|3|1|2|288000|1096|8768243|328577
1200000|1|6000|3|3|0|0|288000|1097|8776244|216774
1200000|1|6000|3|3|1|2|288000|1097|8776244|328208
1200000|1|6000|3|3|0|0|288000|1098|8784244|216815
1200000|1|6000|3|3|1|2|288000|1098|8784244|327839
1200000|1|6000|3|3|0|0|288000|1099|8792243|216651
1200000|1|6000|3|3|1|2|288000|1099|8792243|327511
1200000|1|6000|3|3|0|0|288000|1100|8800243|216774
1200000|1|6000|3|3|1|2|288000|1100|8800243|327142
1200000|1|6000|3|3|0|0|288000|1101|8808242|216897
1200000|1|6000|3|3|1|2|288000|1101|8808242|327019
1200000|1|6000|3|3|0|0|288000|1102|8816242|216405
1200000|1|6000|3|3|1|2|288000|1102|8816242|326486
1200000|1|6000|3|3|0|0|288000|1103|8824242|216815
1200000|1|6000|3|3|1|2|288000|1103|8824242|326363
1200000|1|6000|3|3|0|0|288000|1104|8832241|216241
1200000|1|6000|3|3|1|2|288000|1104|8832241|326732
1200000|1|6000|3|3|0|0|288000|1105|8840242|215585
1200000|1|6000|3|3|1|2|288000|1105|8840242|326978
1200000|1|6000|3|3|0|0|288000|1106|8848241|215052
1200000|1|6000|3|3|1|2|288000|1106|8848241|326896
1200000|1|6000|3|3|0|0|288000|1107|8856242|214601
1200000|1|6000|3|3|1|2|288000|1107|8856242|325625
1200000|1|6000|3|3|0|0|288000|1108|8864241|213740
1200000|1|6000|3|3|1|2|288000|1108|8864241|325953
1200000|1|6000|3|3|0|0|288000|1109|8872242|213043
1200000|1|6000|3|3|1|2|288000|1109|8872242|325256
1200000|1|6000|3|3|0|0|288000|1110|8880242|212387
1200000|1|6000|3|3|1|2|288000|1110|8880242|325953
1200000|1|6000|3|3|0|0|288000|1111|8888244|211936
1200000|1|6000|3|3|1|2|288000|1111|8888244|326076
1200000|1|6000|3|3|0|0|288000|1112|8896245|211854
1200000|1|6000|3|3|1|2|288000|1112|8896245|326035
1200000|1|6000|3|3|0|0|288000|1113|8904246|211690
1200000|1|6000|3|3|1|2|288000|1113|8904246|326240
1200000|1|6000|3|3|0|0|288000|1114|8912247|211075
1200000|1|6000|3|3|1|2|288000|1114|8912247|326486
1200000|1|6000|3|3|0|0|288000|1115|8920248|210706
1200000|1|6000|3|3|1|2|288000|1115|8920248|327101
1200000|1|6000|3|3|0|0|288000|1116|8928250|210050
1200000|1|6000|3|3|1|2|288000|1116|8928250|326978
1200000|1|6000|3|3|0|0|288000|1117|8936251|209681
1200000|1|6000|3|3|1|2|288000|1117|8936251|327511
1200000|1|6000|3|3|0|0|288000|1118|8944252|209681
1200000|1|6000|3|3|1|2|288000|1118|8944252|327593
1200000|1|6000|3|3|0|0|288000|1119|8952253|209722
1200000|1|6000|3|3|1|2|288000|1119|8952253|327388
1200000|1|6000|3|3|0|0|288000|1120|8960254|210091
1200000|1|6000|3|3|1|2|288000|1120|8960254|326814
1200000|1|6000|3|3|0|0|288000|1121|8968254|210255
1200000|1|6000|3|3|1|2|288000|1121|8968254|326568
1200000|1|6000|3|3|0|0|288000|1122|8976254|210911
1200000|1|6000|3|3|1|2|288000|1122|8976254|326855
1200000|1|6000|3|3|0|0|288000|1123|8984254|210665
1200000|1|6000|3|3|1|2|288000|1123|8984254|326978
1200000|1|6000|3|3|0|0|288000|1124|8992255|210829
1200000|1|6000|3|3|1|2|288000|1124|8992255|327224
1200000|1|6000|3|3|0|0|288000|1125|9000255|210378
1200000|1|6000|3|3|1|2|288000|1125|9000255|326937
1200000|1|6000|3|3|0|0|288000|1126|9008255|210993
1200000|1|6000|3|3|1|2|288000|1126|9008255|327224
1200000|1|6000|3|3|0|0|288000|1127|9016256|211362
1200000|1|6000|3|3|1|2|288000|1127|9016256|326896
1200000|1|6000|3|3|0|0|288000|1128|9024256|211977
1200000|1|6000|3|3|1|2|288000|1128|9024256|326691
1200000|1|6000|3|3|0|0|288000|1129|9032255|212715
1200000|1|6000|3|3|1|2|288000|1129|9032255|326158
1200000|1|6000|3|3|0|0|288000|1130|9040255|213535
1200000|1|6000|3|3|1|2|288000|1130|9040255|324887
1200000|1|6000|3|3|0|0|288000|1131|9048254|214068
1200000|1|6000|3|3|1|2|288000|1131|9048254|325010
1200000|1|6000|3|3|0|0|288000|1132|9056255|214150
1200000|1|6000|3|3|1|2|288000|1132|9056255|323944
1200000|1|6000|3|3|0|0|288000|1133|9064254|214150
1200000|1|6000|3|3|1|2|288000|1133|9064254|324436
1200000|1|6000|3|3|0|0|288000|1134|9072254|214396
1200000|1|6000|3|3|1|2|288000|1134|9072254|323780
1200000|1|6000|3|3|0|0|288000|1135|9080253|214273
1200000|1|6000|3|3|1|2|288000|1135|9080253|324600
1200000|1|6000|3|3|0|0|288000|1136|9088255|214683
1200000|1|6000|3|3|1|2|288000|1136|9088255|324231
1200000|1|6000|3|3|0|0|288000|1137|9096254|215093
1200000|1|6000|3|3|1|2|288000|1137|9096254|324518
1200000|1|6000|3|3|0|0|288000|1138|9104254|215667
1200000|1|6000|3|3|1|2|288000|1138|9104254|325051
1200000|1|6000|3|3|0|0|288000|1139|9112255|216077
1200000|1|6000|3|3|1|2|288000|1139|9112255|324805
1200000|1|6000|3|3|0|0|288000|1140|9120255|215257
1200000|1|6000|3|3|1|2|288000|1140|9120255|325051
1200000|1|6000|3|3|0|0|288000|1141|9128255|214437
1200000|1|6000|3|3|1|2|288000|1141|9128255|324682
1200000|1|6000|3|3|0|0|288000|1142|9136255|214027
1200000|1|6000|3|3|1|2|288000|1142|9136255|324436
1200000|1|6000|3|3|0|0|288000|1143|9144255|213986
1200000|1|6000|3|3|1|2|288000|1143|9144255|324805
1200000|1|6000|3|3|0|0|288000|1144|9152255|213494
1200000|1|6000|3|3|1|2|288000|1144|9152255|324682
1200000|1|6000|3|3|0|0|288000|1145|9160255|213740
1200000|1|6000|3|3|1|2|288000|1145|9160255|324846
1200000|1|6000|3|3|0|0|288000|1146|9168256|213494
1200000|1|6000|3|3|1|2|288000|1146|9168256|325338
1200000|1|6000|3|3|0|0|288000|1147|9176256|213576
1200000|1|6000|3|3|1|2|288000|1147|9176256|324969
1200000|1|6000|3|3|0|0|288000|1148|9184256|213535
1200000|1|6000|3|3|1|2|288000|1148|9184256|325297
1200000|1|6000|3|3|0|0|288000|1149|9192257|213248
1200000|1|6000|3|3|1|2|288000|1149|9192257|324887
1200000|1|6000|3|3|0|0|288000|1150|9200256|212592
1200000|1|6000|3|3|1|2|288000|1150|9200256|325297
1200000|1|6000|3|3|0|0|288000|1151|9208257|212059
1200000|1|6000|3|3|1|2|288000|1151|9208257|325051
1200000|1|6000|3|3|0|0|288000|1152|9216258|211444
1200000|1|6000|3|3|1|2|288000|1152|9216258|324149
1200000|1|6000|3|3|0|0|288000|1153|9224258|210583
1200000|1|6000|3|3|1|2|288000|1153|9224258|324313
1200000|1|6000|3|3|0|0|288000|1154|9232259|209599
1200000|1|6000|3|3|1|2|288000|1154|9232259|323698
1200000|1|6000|3|3|0|0|288000|1155|9240260|208492
1200000|1|6000|3|3|1|2|288000|1155|9240260|323657
1200000|1|6000|3|3|0|0|288000|1156|9248260|208123
1200000|1|6000|3|3|1|2|288000|1156|9248260|323083
1200000|1|6000|3|3|0|0|288000|1157|9256259|207385
1200000|1|6000|3|3|1|2|288000|1157|9256259|323247
1200000|1|6000|3|3|0|0|288000|1158|9264261|206688
1200000|1|6000|3|3|1|2|288000|1158|9264261|323247
1200000|1|6000|3|3|0|0|288000|1159|9272261|206483
1200000|1|6000|3|3|1|2|288000|1159|9272261|323575
1200000|1|6000|3|3|0|0|288000|1160|9280261|206114
1200000|1|6000|3|3|1|2|288000|1160|9280261|323985
1200000|1|6000|3|3|0|0|288000|1161|9288261|205909
1200000|1|6000|3|3|1|2|288000|1161|9288261|323821
1200000|1|6000|3|3|0|0|288000|1162|9296261|205827
1200000|1|6000|3|3|1|2|288000|1162|9296261|324477
1200000|1|6000|3|3|0|0|288000|1163|9304262|205704
1200000|1|6000|3|3|1|2|288000|1163|9304262|324231
1200000|1|6000|3|3|0|0|288000|1164|9312262|204720
1200000|1|6000|3|3|1|2|288000|1164|9312262|324559
1200000|1|6000|3|3|0|0|288000|1165|9320263|204310
1200000|1|6000|3|3|1|2|288000|1165|9320263|323821
1200000|1|6000|3|3|0|0|288000|1166|9328261|203736
1200000|1|6000|3|3|1|2|288000|1166|9328261|323493
1200000|1|6000|3|3|0|0|288000|1167|9336261|203449
1200000|1|6000|3|3|1|2|288000|1167|9336261|322304
1200000|1|6000|3|3|0|0|288000|1168|9344260|202301
1200000|1|6000|3|3|1|2|288000|1168|9344260|321853
1200000|1|6000|3|3|0|0|288000|1169|9352259|201932
1200000|1|6000|3|3|1|2|288000|1169|9352259|322017
1200000|1|6000|3|3|0|0|288000|1170|9360259|201850
1200000|1|6000|3|3|1|2|288000|1170|9360259|321894
1200000|1|6000|3|3|0|0|288000|1171|9368259|202998
1200000|1|6000|3|3|1|2|288000|1171|9368259|321484
1200000|1|6000|3|3|0|0|288000|1172|9376258|203326
1200000|1|6000|3|3|1|2|288000|1172|9376258|321607
1200000|1|6000|3|3|0|0|288000|1173|9384259|203203
1200000|1|6000|3|3|1|2|288000|1173|9384259|321853
1200000|1|6000|3|3|0|0|288000|1174|9392259|204146
1200000|1|6000|3|3|1|2|288000|1174|9392259|321156
1200000|1|6000|3|3|0|0|288000|1175|9400260|203162
1200000|1|6000|3|3|1|2|288000|1175|9400260|320828
1200000|1|6000|3|3|0|0|288000|1176|9408261|203162
1200000|1|6000|3|3|1|2|288000|1176|9408261|320418
1200000|1|6000|3|3|0|0|288000|1177|9416261|201932
1200000|1|6000|3|3|1|2|288000|1177|9416261|319721
1200000|1|6000|3|3|0|0|288000|1178|9424261|201768
1200000|1|6000|3|3|1|2|288000|1178|9424261|319106
1200000|1|6000|3|3|0|0|288000|1179|9432261|201809
1200000|1|6000|3|3|1|2|288000|1179|9432261|318327
1200000|1|6000|3|3|0|0|288000|1180|9440261|201809
1200000|1|6000|3|3|1|2|288000|1180|9440261|318245
1200000|1|6000|3|3|0|0|288000|1181|9448261|201768
1200000|1|6000|3|3|1|2|288000|1181|9448261|318245
1200000|1|6000|3|3|0|0|288000|1182|9456261|201850
1200000|1|6000|3|3|1|2|288000|1182|9456261|318532
1200000|1|6000|3|3|0|0|288000|1183|9464261|201973
1200000|1|6000|3|3|1|2|288000|1183|9464261|318491
1200000|1|6000|3|3|0|0|288000|1184|9472262|201809
1200000|1|6000|3|3|1|2|288000|1184|9472262|318491
1200000|1|6000|3|3|0|0|288000|1185|9480262|201973
1200000|1|6000|3|3|1|2|288000|1185|9480262|318614
1200000|1|6000|3|3|0|0|288000|1186|9488263|201809
1200000|1|6000|3|3|1|2|288000|1186|9488263|318122
1200000|1|6000|3|3|0|0|288000|1187|9496264|201604
1200000|1|6000|3|3|1|2|288000|1187|9496264|318286
1200000|1|6000|3|3|0|0|288000|1188|9504265|201604
1200000|1|6000|3|3|1|2|288000|1188|9504265|318163
1200000|1|6000|3|3|0|0|288000|1189|9512265|201481
1200000|1|6000|3|3|1|2|288000|1189|9512265|317384
1200000|1|6000|3|3|0|0|288000|1190|9520265|201768
1200000|1|6000|3|3|1|2|288000|1190|9520265|316769
1200000|1|6000|3|3|0|0|288000|1191|9528266|200907
1200000|1|6000|3|3|1|2|288000|1191|9528266|316277
1200000|1|6000|3|3|0|0|288000|1192|9536266|200415
1200000|1|6000|3|3|1|2|288000|1192|9536266|315744
1200000|1|6000|3|3|0|0|288000|1193|9544266|199349
1200000|1|6000|3|3|1|2|288000|1193|9544266|315006
1200000|1|6000|3|3|0|0|288000|1194|9552266|198857
1200000|1|6000|3|3|1|2|288000|1194|9552266|314678
1200000|1|6000|3|3|0|0|288000|1195|9560266|197955
1200000|1|6000|3|3|1|2|288000|1195|9560266|314186
1200000|1|6000|3|3|0|0|288000|1196|9568267|196602
1200000|1|6000|3|3|1|2|288000|1196|9568267|314432
1200000|1|6000|3|3|0|0|288000|1197|9576267|195618
1200000|1|6000|3|3|1|2|288000|1197|9576267|314391
1200000|1|6000|3|3|0|0|288000|1198|9584267|194921
1200000|1|6000|3|3|1|2|288000|1198|9584267|314637
1200000|1|6000|3|3|0|0|288000|1199|9592268|194224
1200000|1|6000|3|3|1|2|288000|1199|9592268|314637
1200000|1|6000|3|3|0|0|288000|1200|9600268|194265
1200000|1|6000|3|3|1|2|288000|1200|9600268|314678
1200000|1|6000|3|3|0|0|288000|1201|9608269|193363
1200000|1|6000|3|3|1|2|288000|1201|9608269|315375
1200000|1|6000|3|3|0|0|288000|1202|9616270|192748
1200000|1|6000|3|3|1|2|288000|1202|9616270|314596
1200000|1|6000|3|3|0|0|288000|1203|9624270|191969
1200000|1|6000|3|3|1|2|288000|1203|9624270|314268
1200000|1|6000|3|3|0|0|288000|1204|9632269|190985
1200000|1|6000|3|3|1|2|288000|1204|9632269|312792
1200000|1|6000|3|3|0|0|288000|1205|9640269|189673
1200000|1|6000|3|3|1|2|288000|1205|9640269|311685
1200000|1|6000|3|3|0|0|288000|1206|9648268|188689
1200000|1|6000|3|3|1|2|288000|1206|9648268|310701
1200000|1|6000|3|3|0|0|288000|1207|9656268|187459
1200000|1|6000|3|3|1|2|288000|1207|9656268|309061
1200000|1|6000|3|3|0|0|288000|1208|9664268|186844
1200000|1|6000|3|3|1|2|288000|1208|9664268|308487
1200000|1|6000|3|3|0|0|288000|1209|9672267|186762
1200000|1|6000|3|3|1|2|288000|1209|9672267|307339
1200000|1|6000|3|3|0|0|288000|1210|9680267|187336
1200000|1|6000|3|3|1|2|288000|1210|9680267|306929
1200000|1|6000|3|3|0|0|288000|1211|9688267|188689
1200000|1|6000|3|3|1|2|288000|1211|9688267|305166
1200000|1|6000|3|3|0|0|288000|1212|9696267|189960
1200000|1|6000|3|3|1|2|288000|1212|9696267|304428
1200000|1|6000|3|3|0|0|288000|1213|9704267|191559
1200000|1|6000|3|3|1|2|288000|1213|9704267|303772
1200000|1|6000|3|3|0|0|288000|1214|9712266|192789
1200000|1|6000|3|3|1|2|288000|1214|9712266|302870
1200000|1|6000|3|3|0|0|288000|1215|9720266|193609
1200000|1|6000|3|3|1|2|288000|1215|9720266|301845
1200000|1|6000|3|3|0|0|288000|1216|9728266|194142
1200000|1|6000|3|3|1|2|288000|1216|9728266|301066
1200000|1|6000|3|3|0|0|288000|1217|9736265|194306
1200000|1|6000|3|3|1|2|288000|1217|9736265|300615
1200000|1|6000|3|3|0|0|288000|1218|9744265|194757
1200000|1|6000|3|3|1|2|288000|1218|9744265|300902
1200000|1|6000|3|3|0|0|288000|1219|9752267|195823
1200000|1|6000|3|3|1|2|288000|1219|9752267|300820
1200000|1|6000|3|3|0|0|288000|1220|9760266|196930
1200000|1|6000|3|3|1|2|288000|1220|9760266|301148
1200000|1|6000|3|3|0|0|288000|1221|9768267|198242
1200000|1|6000|3|3|1|2|288000|1221|9768267|301558
1200000|1|6000|3|3|0|0|288000|1222|9776267|199882
1200000|1|6000|3|3|1|2|288000|1222|9776267|301640
1200000|1|6000|3|3|0|0|288000|1223|9784267|200743
1200000|1|6000|3|3|1|2|288000|1223|9784267|301845
1200000|1|6000|3|3|0|0|288000|1224|9792267|201358
1200000|1|6000|3|3|1|2|288000|1224|9792267|302337
1200000|1|6000|3|3|0|0|288000|1225|9800268|201153
1200000|1|6000|3|3|1|2|288000|1225|9800268|302583
1200000|1|6000|3|3|0|0|288000|1226|9808268|201276
1200000|1|6000|3|3|1|2|288000|1226|9808268|302501
1200000|1|6000|3|3|0|0|288000|1227|9816269|201399
1200000|1|6000|3|3|1|2|288000|1227|9816269|303280
1200000|1|6000|3|3|0|0|288000|1228|9824270|201358
1200000|1|6000|3|3|1|2|288000|1228|9824270|304141
1200000|1|6000|3|3|0|0|288000|1229|9832270|201768
1200000|1|6000|3|3|1|2|288000|1229|9832270|305125
1200000|1|6000|3|3|0|0|288000|1230|9840272|201809
1200000|1|6000|3|3|1|2|288000|1230|9840272|305658
1200000|1|6000|3|3|0|0|288000|1231|9848272|202137
1200000|1|6000|3|3|1|2|288000|1231|9848272|305986
1200000|1|6000|3|3|0|0|288000|1232|9856272|202875
1200000|1|6000|3|3|1|2|288000|1232|9856272|305822
1200000|1|6000|3|3|0|0|288000|1233|9864272|203695
1200000|1|6000|3|3|1|2|288000|1233|9864272|305412
1200000|1|6000|3|3|0|0|288000|1234|9872271|204269
1200000|1|6000|3|3|1|2|288000|1234|9872271|304223
1200000|1|6000|3|3|0|0|288000|1235|9880271|204638
1200000|1|6000|3|3|1|2|288000|1235|9880271|303608
1200000|1|6000|3|3|0|0|288000|1236|9888270|205212
1200000|1|6000|3|3|1|2|288000|1236|9888270|302583
1200000|1|6000|3|3|0|0|288000|1237|9896270|205540
1200000|1|6000|3|3|1|2|288000|1237|9896270|302009
1200000|1|6000|3|3|0|0|288000|1238|9904270|204679
1200000|1|6000|3|3|1|2|288000|1238|9904270|301845
1200000|1|6000|3|3|0|0|288000|1239|9912270|204556
1200000|1|6000|3|3|1|2|288000|1239|9912270|300902
1200000|1|6000|3|3|0|0|288000|1240|9920269|203982
1200000|1|6000|3|3|1|2|288000|1240|9920269|301722
1200000|1|6000|3|3|0|0|288000|1241|9928271|203859
1200000|1|6000|3|3|1|2|288000|1241|9928271|301599
1200000|1|6000|3|3|0|0|288000|1242|9936271|203490
1200000|1|6000|3|3|1|2|288000|1242|9936271|301804
1200000|1|6000|3|3|0|0|288000|1243|9944272|203244
1200000|1|6000|3|3|1|2|288000|1243|9944272|301394
1200000|1|6000|3|3|0|0|288000|1244|9952272|202383
1200000|1|6000|3|3|1|2|288000|1244|9952272|301025
1200000|1|6000|3|3|0|0|288000|1245|9960272|202916
1200000|1|6000|3|3|1|2|288000|1245|9960272|300779
1200000|1|6000|3|3|0|0|288000|1246|9968273|202998
1200000|1|6000|3|3|1|2|288000|1246|9968273|300369
1200000|1|6000|3|3|0|0|288000|1247|9976273|203367
1200000|1|6000|3|3|1|2|288000|1247|9976273|299180
1200000|1|6000|3|3|0|0|288000|1248|9984272|203859
1200000|1|6000|3|3|1|2|288000|1248|9984272|298893
1200000|1|6000|3|3|0|0|288000|1249|9992272|203654
1200000|1|6000|3|3|1|2|288000|1249|9992272|299959
1200000|1|6000|3|3|0|0|288000|1250|10000273|204433
1200000|1|6000|3|3|1|2|288000|1250|10000273|300041
1200000|1|6000|3|3|0|0|288000|1251|10008273|204597
1200000|1|6000|3|3|1|2|288000|1251|10008273|300369
1200000|1|6000|3|3|0|0|288000|1252|10016274|204802
1200000|1|6000|3|3|1|2|288000|1252|10016274|300492
1200000|1|6000|3|3|0|0|288000|1253|10024274|204720
1200000|1|6000|3|3|1|2|288000|1253|10024274|301107
1200000|1|6000|3|3|0|0|288000|1254|10032275|205171
1200000|1|6000|3|3|1|2|288000|1254|10032275|300861
1200000|1|6000|3|3|0|0|288000|1255|10040275|204638
1200000|1|6000|3|3|1|2|288000|1255|10040275|301517
1200000|1|6000|3|3|0|0|288000|1256|10048276|204597
1200000|1|6000|3|3|1|2|288000|1256|10048276|301599
1200000|1|6000|3|3|0|0|288000|1257|10056277|204884
1200000|1|6000|3|3|1|2|288000|1257|10056277|301968
1200000|1|6000|3|3|0|0|288000|1258|10064277|205417
1200000|1|6000|3|3|1|2|288000|1258|10064277|302870
1200000|1|6000|3|3|0|0|288000|1259|10072279|205499
1200000|1|6000|3|3|1|2|288000|1259|10072279|302952
1200000|1|6000|3|3|0|0|288000|1260|10080279|205745
1200000|1|6000|3|3|1|2|288000|1260|10080279|303895
1200000|1|6000|3|3|0|0|288000|1261|10088281|205622
1200000|1|6000|3|3|1|2|288000|1261|10088281|304428
1200000|1|6000|3|3|0|0|288000|1262|10096281|205458
1200000|1|6000|3|3|1|2|288000|1262|10096281|305453
1200000|1|6000|3|3|0|0|288000|1263|10104282|206237
1200000|1|6000|3|3|1|2|288000|1263|10104282|306314
1200000|1|6000|3|3|0|0|288000|1264|10112283|206360
1200000|1|6000|3|3|1|2|288000|1264|10112283|306601
1200000|1|6000|3|3|0|0|288000|1265|10120283|206852
1200000|1|6000|3|3|1|2|288000|1265|10120283|306765
1200000|1|6000|3|3|0|0|288000|1266|10128284|207180
1200000|1|6000|3|3|1|2|288000|1266|10128284|307011
1200000|1|6000|3|3|0|0|288000|1267|10136284|207836
1200000|1|6000|3|3|1|2|288000|1267|10136284|307708
1200000|1|6000|3|3|0|0|288000|1268|10144285|207467
1200000|1|6000|3|3|1|2|288000|1268|10144285|308036
1200000|1|6000|3|3|0|0|288000|1269|10152285|207467
1200000|1|6000|3|3|1|2|288000|1269|10152285|308077
1200000|1|6000|3|3|0|0|288000|1270|10160286|206483
1200000|1|6000|3|3|1|2|288000|1270|10160286|308159
1200000|1|6000|3|3|0|0|288000|1271|10168286|205745
1200000|1|6000|3|3|1|2|288000|1271|10168286|307216
1200000|1|6000|3|3|0|0|288000|1272|10176285|204884
1200000|1|6000|3|3|1|2|288000|1272|10176285|306683
1200000|1|6000|3|3|0|0|288000|1273|10184285|204064
1200000|1|6000|3|3|1|2|288000|1273|10184285|306232
1200000|1|6000|3|3|0|0|288000|1274|10192286|203777
1200000|1|6000|3|3|1|2|288000|1274|10192286|305658
1200000|1|6000|3|3|0|0|288000|1275|10200286|203572
1200000|1|6000|3|3|1|2|288000|1275|10200286|305740
1200000|1|6000|3|3|0|0|288000|1276|10208286|204228
1200000|1|6000|3|3|1|2|288000|1276|10208286|305207
1200000|1|6000|3|3|0|0|288000|1277|10216286|204146
1200000|1|6000|3|3|1|2|288000|1277|10216286|305289
1200000|1|6000|3|3|0|0|288000|1278|10224287|204966
1200000|1|6000|3|3|1|2|288000|1278|10224287|305781
1200000|1|6000|3|3|0|0|288000|1279|10232288|205212
1200000|1|6000|3|3|1|2|288000|1279|10232288|307585
1200000|1|6000|3|3|0|0|288000|1280|10240289|206237
1200000|1|6000|3|3|1|2|288000|1280|10240289|308774
1200000|1|6000|3|3|0|0|288000|1281|10248290|206729
1200000|1|6000|3|3|1|2|288000|1281|10248290|309799
1200000|1|6000|3|3|0|0|288000|1282|10256290|207057
1200000|1|6000|3|3|1|2|288000|1282|10256290|309758
1200000|1|6000|3|3|0|0|288000|1283|10264291|208123
1200000|1|6000|3|3|1|2|288000|1283|10264291|311111
1200000|1|6000|3|3|0|0|288000|1284|10272292|209312
1200000|1|6000|3|3|1|2|288000|1284|10272292|310906
1200000|1|6000|3|3|0|0|288000|1285|10280292|210214
1200000|1|6000|3|3|1|2|288000|1285|10280292|311849
1200000|1|6000|3|3|0|0|288000|1286|10288293|210788
1200000|1|6000|3|3|1|2|288000|1286|10288293|311685
1200000|1|6000|3|3|0|0|288000|1287|10296295|211485
1200000|1|6000|3|3|1|2|288000|1287|10296295|311070
1200000|1|6000|3|3|0|0|288000|1288|10304296|212100
1200000|1|6000|3|3|1|2|288000|1288|10304296|311521
1200000|1|6000|3|3|0|0|288000|1289|10312297|212551
1200000|1|6000|3|3|1|2|288000|1289|10312297|311234
1200000|1|6000|3|3|0|0|288000|1290|10320298|212018
1200000|1|6000|3|3|1|2|288000|1290|10320298|311767
1200000|1|6000|3|3|0|0|288000|1291|10328300|211485
1200000|1|6000|3|3|1|2|288000|1291|10328300|311685
1200000|1|6000|3|3|0|0|288000|1292|10336300|211649
1200000|1|6000|3|3|1|2|288000|1292|10336300|311726
1200000|1|6000|3|3|0|0|288000|1293|10344301|212100
1200000|1|6000|3|3|1|2|288000|1293|10344301|311644
1200000|1|6000|3|3|0|0|288000|1294|10352301|212592
1200000|1|6000|3|3|1|2|288000|1294|10352301|312751
1200000|1|6000|3|3|0|0|288000|1295|10360301|213043
1200000|1|6000|3|3|1|2|288000|1295|10360301|313817
1200000|1|6000|3|3|0|0|288000|1296|10368302|213330
1200000|1|6000|3|3|1|2|288000|1296|10368302|314473
1200000|1|6000|3|3|0|0|288000|1297|10376303|213863
1200000|1|6000|3|3|1|2|288000|1297|10376303|314924
1200000|1|6000|3|3|0|0|288000|1298|10384304|214150
1200000|1|6000|3|3|1|2|288000|1298|10384304|315416
1200000|1|6000|3|3|0|0|288000|1299|10392304|214806
1200000|1|6000|3|3|1|2|288000|1299|10392304|315867
1200000|1|6000|3|3|0|0|288000|1300|10400305|214560
1200000|1|6000|3|3|1|2|288000|1300|10400305|315539
1200000|1|6000|3|3|0|0|288000|1301|10408305|214396
1200000|1|6000|3|3|1|2|288000|1301|10408305|315129
1200000|1|6000|3|3|0|0|288000|1302|10416304|214560
1200000|1|6000|3|3|1|2|288000|1302|10416304|314842
1200000|1|6000|3|3|0|0|288000|1303|10424304|214888
1200000|1|6000|3|3|1|2|288000|1303|10424304|315375
1200000|1|6000|3|3|0|0|288000|1304|10432304|215093
1200000|1|6000|3|3|1|2|288000|1304|10432304|315662
1200000|1|6000|3|3|0|0|288000|1305|10440305|214642
1200000|1|6000|3|3|1|2|288000|1305|10440305|316113
1200000|1|6000|3|3|0|0|288000|1306|10448305|214847
1200000|1|6000|3|3|1|2|288000|1306|10448305|316236
1200000|1|6000|3|3|0|0|288000|1307|10456305|215011
1200000|1|6000|3|3|1|2|288000|1307|10456305|316646
1200000|1|6000|3|3|0|0|288000|1308|10464305|215544
1200000|1|6000|3|3|1|2|288000|1308|10464305|317220
1200000|1|6000|3|3|0|0|288000|1309|10472306|215462
1200000|1|6000|3|3|1|2|288000|1309|10472306|316892
1200000|1|6000|3|3|0|0|288000|1310|10480307|215585
1200000|1|6000|3|3|1|2|288000|1310|10480307|316892
1200000|1|6000|3|3|0|0|288000|1311|10488307|215462
1200000|1|6000|3|3|1|2|288000|1311|10488307|316523
1200000|1|6000|3|3|0|0|288000|1312|10496308|215339
1200000|1|6000|3|3|1|2|288000|1312|10496308|316728
1200000|1|6000|3|3|0|0|288000|1313|10504309|214847
1200000|1|6000|3|3|1|2|288000|1313|10504309|317138
1200000|1|6000|3|3|0|0|288000|1314|10512310|213822
1200000|1|6000|3|3|1|2|288000|1314|10512310|317097
1200000|1|6000|3|3|0|0|288000|1315|10520310|213330
1200000|1|6000|3|3|1|2|288000|1315|10520310|316441
1200000|1|6000|3|3|0|0|288000|1316|10528310|212592
1200000|1|6000|3|3|1|2|288000|1316|10528310|316072
1200000|1|6000|3|3|0|0|288000|1317|10536309|212346
1200000|1|6000|3|3|1|2|288000|1317|10536309|315867
1200000|1|6000|3|3|0|0|288000|1318|10544308|211567
1200000|1|6000|3|3|1|2|288000|1318|10544308|315211
1200000|1|6000|3|3|0|0|288000|1319|10552308|211198
1200000|1|6000|3|3|1|2|288000|1319|10552308|315744
1200000|1|6000|3|3|0|0|288000|1320|10560308|211772
1200000|1|6000|3|3|1|2|288000|1320|10560308|315006
1200000|1|6000|3|3|0|0|288000|1321|10568308|212018
1200000|1|6000|3|3|1|2|288000|1321|10568308|314678
1200000|1|6000|3|3|0|0|288000|1322|10576308|212592
1200000|1|6000|3|3|1|2|288000|1322|10576308|313858
1200000|1|6000|3|3|0|0|288000|1323|10584308|213084
1200000|1|6000|3|3|1|2|288000|1323|10584308|313079
1200000|1|6000|3|3|0|0|288000|1324|10592306|213289
1200000|1|6000|3|3|1|2|288000|1324|10592306|312669
1200000|1|6000|3|3|0|0|288000|1325|10600305|214027
1200000|1|6000|3|3|1|2|288000|1325|10600305|312464
1200000|1|6000|3|3|0|0|288000|1326|10608305|214519
1200000|1|6000|3|3|1|2|288000|1326|10608305|311849
1200000|1|6000|3|3|0|0|288000|1327|10616304|214601
1200000|1|6000|3|3|1|2|288000|1327|10616304|311398
1200000|1|6000|3|3|0|0|288000|1328|10624304|215134
1200000|1|6000|3|3|1|2|288000|1328|10624304|310496
1200000|1|6000|3|3|0|0|288000|1329|10632303|214806
1200000|1|6000|3|3|1|2|288000|1329|10632303|309758
1200000|1|6000|3|3|0|0|288000|1330|10640302|214314
1200000|1|6000|3|3|1|2|288000|1330|10640302|309799
1200000|1|6000|3|3|0|0|288000|1331|10648302|214068
1200000|1|6000|3|3|1|2|288000|1331|10648302|309963
1200000|1|6000|3|3|0|0|288000|1332|10656302|213740
1200000|1|6000|3|3|1|2|288000|1332|10656302|310619
1200000|1|6000|3|3|0|0|288000|1333|10664302|213412
1200000|1|6000|3|3|1|2|288000|1333|10664302|310701
1200000|1|6000|3|3|0|0|288000|1334|10672302|213289
1200000|1|6000|3|3|1|2|288000|1334|10672302|311603
1200000|1|6000|3|3|0|0|288000|1335|10680302|213576
1200000|1|6000|3|3|1|2|288000|1335|10680302|312095
1200000|1|6000|3|3|0|0|288000|1336|10688302|213904
1200000|1|6000|3|3|1|2|288000|1336|10688302|313038
1200000|1|6000|3|3|0|0|288000|1337|10696302|213740
1200000|1|6000|3|3|1|2|288000|1337|10696302|312874
1200000|1|6000|3|3|0|0|288000|1338|10704301|213617
1200000|1|6000|3|3|1|2|288000|1338|10704301|313161
1200000|1|6000|3|3|0|0|288000|1339|10712301|213535
1200000|1|6000|3|3|1|2|288000|1339|10712301|312177
1200000|1|6000|3|3|0|0|288000|1340|10720301|213043
1200000|1|6000|3|3|1|2|288000|1340|10720301|311890
1200000|1|6000|3|3|0|0|288000|1341|10728300|212633
1200000|1|6000|3|3|1|2|288000|1341|10728300|311111
1200000|1|6000|3|3|0|0|288000|1342|10736300|212182
1200000|1|6000|3|3|1|2|288000|1342|10736300|311480
1200000|1|6000|3|3|0|0|288000|1343|10744300|212551
1200000|1|6000|3|3|1|2|288000|1343|10744300|311029
1200000|1|6000|3|3|0|0|288000|1344|10752300|212428
1200000|1|6000|3|3|1|2|288000|1344|10752300|311849
1200000|1|6000|3|3|0|0|288000|1345|10760300|212510
1200000|1|6000|3|3|1|2|288000|1345|10760300|311480
1200000|1|6000|3|3|0|0|288000|1346|10768300|212633
1200000|1|6000|3|3|1|2|288000|1346|10768300|311644
1200000|1|6000|3|3|0|0|288000|1347|10776299|212510
1200000|1|6000|3|3|1|2|288000|1347|10776299|311111
1200000|1|6000|3|3|0|0|288000|1348|10784298|212387
1200000|1|6000|3|3|1|2|288000|1348|10784298|310947
1200000|1|6000|3|3|0|0|288000|1349|10792298|212059
1200000|1|6000|3|3|1|2|288000|1349|10792298|310291
1200000|1|6000|3|3|0|0|288000|1350|10800297|211157
1200000|1|6000|3|3|1|2|288000|1350|10800297|310127
1200000|1|6000|3|3|0|0|288000|1351|10808297|210091
1200000|1|6000|3|3|1|2|288000|1351|10808297|309922
1200000|1|6000|3|3|0|0|288000|1352|10816297|208697
1200000|1|6000|3|3|1|2|288000|1352|10816297|309676
1200000|1|6000|3|3|0|0|288000|1353|10824296|208123
1200000|1|6000|3|3|1|2|288000|1353|10824296|309594
1200000|1|6000|3|3|0|0|288000|1354|10832297|207139
1200000|1|6000|3|3|1|2|288000|1354|10832297|309881
1200000|1|6000|3|3|0|0|288000|1355|10840297|206565
1200000|1|6000|3|3|1|2|288000|1355|10840297|310373
1200000|1|6000|3|3|0|0|288000|1356|10848297|205622
1200000|1|6000|3|3|1|2|288000|1356|10848297|309963
1200000|1|6000|3|3|0|0|288000|1357|10856297|205458
1200000|1|6000|3|3|1|2|288000|1357|10856297|310619
1200000|1|6000|3|3|0|0|288000|1358|10864297|204720
1200000|1|6000|3|3|1|2|288000|1358|10864297|310291
1200000|1|6000|3|3|0|0|288000|1359|10872297|204433
1200000|1|6000|3|3|1|2|288000|1359|10872297|311070
1200000|1|6000|3|3|0|0|288000|1360|10880297|203572
1200000|1|6000|3|3|1|2|288000|1360|10880297|310332
1200000|1|6000|3|3|0|0|288000|1361|10888296|203039
1200000|1|6000|3|3|1|2|288000|1361|10888296|310291
1200000|1|6000|3|3|0|0|288000|1362|10896295|202342
1200000|1|6000|3|3|1|2|288000|1362|10896295|309225
1200000|1|6000|3|3|0|0|288000|1363|10904294|201973
1200000|1|6000|3|3|1|2|288000|1363|10904294|309676
1200000|1|6000|3|3|0|0|288000|1364|10912295|201399
1200000|1|6000|3|3|1|2|288000|1364|10912295|309430
1200000|1|6000|3|3|0|0|288000|1365|10920295|201399
1200000|1|6000|3|3|1|2|288000|1365|10920295|309635
1200000|1|6000|3|3|0|0|288000|1366|10928296|201522
1200000|1|6000|3|3|1|2|288000|1366|10928296|309348
1200000|1|6000|3|3|0|0|288000|1367|10936295|201399
1200000|1|6000|3|3|1|2|288000|1367|10936295|309471
1200000|1|6000|3|3|0|0|288000|1368|10944296|202096
1200000|1|6000|3|3|1|2|288000|1368|10944296|309676
1200000|1|6000|3|3|0|0|288000|1369|10952297|202137
1200000|1|6000|3|3|1|2|288000|1369|10952297|309758
1200000|1|6000|3|3|0|0|288000|1370|10960297|202178
1200000|1|6000|3|3|1|2|288000|1370|10960297|310127
1200000|1|6000|3|3|0|0|288000|1371|10968298|202137
1200000|1|6000|3|3|1|2|288000|1371|10968298|310045
1200000|1|6000|3|3|0|0|288000|1372|10976298|202055
1200000|1|6000|3|3|1|2|288000|1372|10976298|310045
1200000|1|6000|3|3|0|0|288000|1373|10984298|202178
1200000|1|6000|3|3|1|2|288000|1373|10984298|309184
1200000|1|6000|3|3|0|0|288000|1374|10992298|202219
1200000|1|6000|3|3|1|2|288000|1374|10992298|309184
1200000|1|6000|3|3|0|0|288000|1375|11000298|202137
1200000|1|6000|3|3|1|2|288000|1375|11000298|309184
1200000|1|6000|3|3|0|0|288000|1376|11008298|202014
1200000|1|6000|3|3|1|2|288000|1376|11008298|309266
1200000|1|6000|3|3|0|0|288000|1377|11016298|202260
1200000|1|6000|3|3|1|2|288000|1377|11016298|309143
1200000|1|6000|3|3|0|0|288000|1378|11024299|202219
1200000|1|6000|3|3|1|2|288000|1378|11024299|309184
1200000|1|6000|3|3|0|0|288000|1379|11032300|202670
1200000|1|6000|3|3|1|2|288000|1379|11032300|309635
1200000|1|6000|3|3|0|0|288000|1380|11040300|202793
1200000|1|6000|3|3|1|2|288000|1380|11040300|309594
1200000|1|6000|3|3|0|0|288000|1381|11048301|203326
1200000|1|6000|3|3|1|2|288000|1381|11048301|310045
1200000|1|6000|3|3|0|0|288000|1382|11056301|203326
1200000|1|6000|3|3|1|2|288000|1382|11056301|310127
1200000|1|6000|3|3|0|0|288000|1383|11064302|203449
1200000|1|6000|3|3|1|2|288000|1383|11064302|310209
1200000|1|6000|3|3|0|0|288000|1384|11072303|203449
1200000|1|6000|3|3|1|2|288000|1384|11072303|309881
1200000|1|6000|3|3|0|0|288000|1385|11080303|203121
1200000|1|6000|3|3|1|2|288000|1385|11080303|309799
1200000|1|6000|3|3|0|0|288000|1386|11088303|202916
1200000|1|6000|3|3|1|2|288000|1386|11088303|309512
1200000|1|6000|3|3|0|0|288000|1387|11096302|203080
1200000|1|6000|3|3|1|2|288000|1387|11096302|309389
1200000|1|6000|3|3|0|0|288000|1388|11104303|203162
1200000|1|6000|3|3|1|2|288000|1388|11104303|309471
1200000|1|6000|3|3|0|0|288000|1389|11112302|202588
1200000|1|6000|3|3|1|2|288000|1389|11112302|309143
1200000|1|6000|3|3|0|0|288000|1390|11120303|203326
1200000|1|6000|3|3|1|2|288000|1390|11120303|310168
1200000|1|6000|3|3|0|0|288000|1391|11128304|203285
1200000|1|6000|3|3|1|2|288000|1391|11128304|310865
1200000|1|6000|3|3|0|0|288000|1392|11136305|203244
1200000|1|6000|3|3|1|2|288000|1392|11136305|312751
1200000|1|6000|3|3|0|0|288000|1393|11144307|203982
1200000|1|6000|3|3|1|2|288000|1393|11144307|313981
1200000|1|6000|3|3|0|0|288000|1394|11152309|203859
1200000|1|6000|3|3|1|2|288000|1394|11152309|315867
1200000|1|6000|3|3|0|0|288000|1395|11160311|203859
1200000|1|6000|3|3|1|2|288000|1395|11160311|316810
1200000|1|6000|3|3|0|0|288000|1396|11168313|203859
1200000|1|6000|3|3|1|2|288000|1396|11168313|317917
1200000|1|6000|3|3|0|0|288000|1397|11176315|204515
1200000|1|6000|3|3|1|2|288000|1397|11176315|318327
1200000|1|6000|3|3|0|0|288000|1398|11184315|203818
1200000|1|6000|3|3|1|2|288000|1398|11184315|318614
1200000|1|6000|3|3|0|0|288000|1399|11192314|204269
1200000|1|6000|3|3|1|2|288000|1399|11192314|318368
1200000|1|6000|3|3|0|0|288000|1400|11200314|203982
1200000|1|6000|3|3|1|2|288000|1400|11200314|318532
1200000|1|6000|3|3|0|0|288000|1401|11208314|204187
1200000|1|6000|3|3|1|2|288000|1401|11208314|319106
1200000|1|6000|3|3|0|0|288000|1402|11216314|203777
1200000|1|6000|3|3|1|2|288000|1402|11216314|319885
1200000|1|6000|3|3|0|0|288000|1403|11224315|204105
1200000|1|6000|3|3|1|2|288000|1403|11224315|320336
1200000|1|6000|3|3|0|0|288000|1404|11232315|203982
1200000|1|6000|3|3|1|2|288000|1404|11232315|321074
1200000|1|6000|3|3|0|0|288000|1405|11240316|204351
1200000|1|6000|3|3|1|2|288000|1405|11240316|321033
1200000|1|6000|3|3|0|0|288000|1406|11248315|204802
1200000|1|6000|3|3|1|2|288000|1406|11248315|320951
1200000|1|6000|3|3|0|0|288000|1407|11256315|205212
1200000|1|6000|3|3|1|2|288000|1407|11256315|320254
1200000|1|6000|3|3|0|0|288000|1408|11264314|205950
1200000|1|6000|3|3|1|2|288000|1408|11264314|319844
1200000|1|6000|3|3|0|0|288000|1409|11272314|206401
1200000|1|6000|3|3|1|2|288000|1409|11272314|319065
1200000|1|6000|3|3|0|0|288000|1410|11280313|207016
1200000|1|6000|3|3|1|2|288000|1410|11280313|318942
1200000|1|6000|3|3|0|0|288000|1411|11288314|206647
1200000|1|6000|3|3|1|2|288000|1411|11288314|318942
1200000|1|6000|3|3|0|0|288000|1412|11296313|206770
1200000|1|6000|3|3|1|2|288000|1412|11296313|319024
1200000|1|6000|3|3|0|0|288000|1413|11304314|206852
1200000|1|6000|3|3|1|2|288000|1413|11304314|319516
1200000|1|6000|3|3|0|0|288000|1414|11312315|206688
1200000|1|6000|3|3|1|2|288000|1414|11312315|319147
1200000|1|6000|3|3|0|0|288000|1415|11320316|207180
1200000|1|6000|3|3|1|2|288000|1415|11320316|318860
1200000|1|6000|3|3|0|0|288000|1416|11328316|207631
1200000|1|6000|3|3|1|2|288000|1416|11328316|318204
1200000|1|6000|3|3|0|0|288000|1417|11336316|207877
1200000|1|6000|3|3|1|2|288000|1417|11336316|317794
1200000|1|6000|3|3|0|0|288000|1418|11344317|207303
1200000|1|6000|3|3|1|2|288000|1418|11344317|317261
1200000|1|6000|3|3|0|0|288000|1419|11352317|207303
1200000|1|6000|3|3|1|2|288000|1419|11352317|316605
1200000|1|6000|3|3|0|0|288000|1420|11360317|206401
1200000|1|6000|3|3|1|2|288000|1420|11360317|317343
1200000|1|6000|3|3|0|0|288000|1421|11368318|206073
1200000|1|6000|3|3|1|2|288000|1421|11368318|317712
1200000|1|6000|3|3|0|0|288000|1422|11376320|205335
1200000|1|6000|3|3|1|2|288000|1422|11376320|317999
1200000|1|6000|3|3|0|0|288000|1423|11384321|205294
1200000|1|6000|3|3|1|2|288000|1423|11384321|318163
1200000|1|6000|3|3|0|0|288000|1424|11392322|204638
1200000|1|6000|3|3|1|2|288000|1424|11392322|318327
1200000|1|6000|3|3|0|0|288000|1425|11400324|205253
1200000|1|6000|3|3|1|2|288000|1425|11400324|318163
1200000|1|6000|3|3|0|0|288000|1426|11408325|205704
1200000|1|6000|3|3|1|2|288000|1426|11408325|318122
1200000|1|6000|3|3|0|0|288000|1427|11416327|206729
1200000|1|6000|3|3|1|2|288000|1427|11416327|317097
1200000|1|6000|3|3|0|0|288000|1428|11424326|207713
1200000|1|6000|3|3|1|2|288000|1428|11424326|316400
1200000|1|6000|3|3|0|0|288000|1429|11432326|208205
1200000|1|6000|3|3|1|2|288000|1429|11432326|316318
1200000|1|6000|3|3|0|0|288000|1430|11440325|209025
1200000|1|6000|3|3|1|2|288000|1430|11440325|316441
1200000|1|6000|3|3|0|0|288000|1431|11448325|209435
1200000|1|6000|3|3|1|2|288000|1431|11448325|315949
1200000|1|6000|3|3|0|0|288000|1432|11456325|209886
1200000|1|6000|3|3|1|2|288000|1432|11456325|316195
1200000|1|6000|3|3|0|0|288000|1433|11464326|210255
1200000|1|6000|3|3|1|2|288000|1433|11464326|315826
1200000|1|6000|3|3|0|0|288000|1434|11472326|210706
1200000|1|6000|3|3|1|2|288000|1434|11472326|315908
1200000|1|6000|3|3|0|0|288000|1435|11480326|210255
1200000|1|6000|3|3|1|2|288000|1435|11480326|316687
1200000|1|6000|3|3|0|0|288000|1436|11488328|210378
1200000|1|6000|3|3|1|2|288000|1436|11488328|316769
1200000|1|6000|3|3|0|0|288000|1437|11496329|210665
1200000|1|6000|3|3|1|2|288000|1437|11496329|317466
1200000|1|6000|3|3|0|0|288000|1438|11504330|210829
1200000|1|6000|3|3|1|2|288000|1438|11504330|317876
1200000|1|6000|3|3|0|0|288000|1439|11512332|210952
1200000|1|6000|3|3|1|2|288000|1439|11512332|318491
1200000|1|6000|3|3|0|0|288000|1440|11520333|210788
1200000|1|6000|3|3|1|2|288000|1440|11520333|319721
1200000|1|6000|3|3|0|0|288000|1441|11528335|210706
1200000|1|6000|3|3|1|2|288000|1441|11528335|320336
1200000|1|6000|3|3|0|0|288000|1442|11536335|210829
1200000|1|6000|3|3|1|2|288000|1442|11536335|320459
1200000|1|6000|3|3|0|0|288000|1443|11544336|210501
1200000|1|6000|3|3|1|2|288000|1443|11544336|320090
1200000|1|6000|3|3|0|0|288000|1444|11552335|210091
1200000|1|6000|3|3|1|2|288000|1444|11552335|320869
1200000|1|6000|3|3|0|0|288000|1445|11560335|209927
1200000|1|6000|3|3|1|2|288000|1445|11560335|321033
1200000|1|6000|3|3|0|0|288000|1446|11568335|209681
1200000|1|6000|3|3|1|2|288000|1446|11568335|321279
1200000|1|6000|3|3|0|0|288000|1447|11576335|209394
1200000|1|6000|3|3|1|2|288000|1447|11576335|321566
1200000|1|6000|3|3|0|0|288000|1448|11584336|209927
1200000|1|6000|3|3|1|2|288000|1448|11584336|321402
1200000|1|6000|3|3|0|0|288000|1449|11592336|209927
1200000|1|6000|3|3|1|2|288000|1449|11592336|321812
1200000|1|6000|3|3|0|0|288000|1450|11600336|210214
1200000|1|6000|3|3|1|2|288000|1450|11600336|321361
1200000|1|6000|3|3|0|0|288000|1451|11608336|210378
1200000|1|6000|3|3|1|2|288000|1451|11608336|321156
1200000|1|6000|3|3|0|0|288000|1452|11616335|210747
1200000|1|6000|3|3|1|2|288000|1452|11616335|320910
1200000|1|6000|3|3|0|0|288000|1453|11624335|211280
1200000|1|6000|3|3|1|2|288000|1453|11624335|320787
1200000|1|6000|3|3|0|0|288000|1454|11632335|211280
1200000|1|6000|3|3|1|2|288000|1454|11632335|320869
1200000|1|6000|3|3|0|0|288000|1455|11640335|211895
1200000|1|6000|3|3|1|2|288000|1455|11640335|320664
1200000|1|6000|3|3|0|0|288000|1456|11648335|213371
1200000|1|6000|3|3|1|2|288000|1456|11648335|320623
1200000|1|6000|3|3|0|0|288000|1457|11656335|215011
1200000|1|6000|3|3|1|2|288000|1457|11656335|320623
1200000|1|6000|3|3|0|0|288000|1458|11664335|216405
1200000|1|6000|3|3|1|2|288000|1458|11664335|320582
1200000|1|6000|3|3|0|0|288000|1459|11672335|217471
1200000|1|6000|3|3|1|2|288000|1459|11672335|320828
1200000|1|6000|3|3|0|0|288000|1460|11680336|218496
1200000|1|6000|3|3|1|2|288000|1460|11680336|321320
1200000|1|6000|3|3|0|0|288000|1461|11688337|219931
1200000|1|6000|3|3|1|2|288000|1461|11688337|321033
1200000|1|6000|3|3|0|0|288000|1462|11696337|220587
1200000|1|6000|3|3|1|2|288000|1462|11696337|321361
1200000|1|6000|3|3|0|0|288000|1463|11704337|220833
1200000|1|6000|3|3|1|2|288000|1463|11704337|321156
1200000|1|6000|3|3|0|0|288000|1464|11712337|220628
1200000|1|6000|3|3|1|2|288000|1464|11712337|320951
1200000|1|6000|3|3|0|0|288000|1465|11720337|220546
1200000|1|6000|3|3|1|2|288000|1465|11720337|320500
1200000|1|6000|3|3|0|0|288000|1466|11728336|220095
1200000|1|6000|3|3|1|2|288000|1466|11728336|320705
1200000|1|6000|3|3|0|0|288000|1467|11736337|220710
1200000|1|6000|3|3|1|2|288000|1467|11736337|320664
1200000|1|6000|3|3|0|0|288000|1468|11744337|221038
1200000|1|6000|3|3|1|2|288000|1468|11744337|320664
1200000|1|6000|3|3|0|0|288000|1469|11752338|221694
1200000|1|6000|3|3|1|2|288000|1469|11752338|320623
1200000|1|6000|3|3|0|0|288000|1470|11760339|222391
1200000|1|6000|3|3|1|2|288000|1470|11760339|320705
1200000|1|6000|3|3|0|0|288000|1471|11768339|222432
1200000|1|6000|3|3|1|2|288000|1471|11768339|320951
1200000|1|6000|3|3|0|0|288000|1472|11776340|222309
1200000|1|6000|3|3|1|2|288000|1472|11776340|321566
1200000|1|6000|3|3|0|0|288000|1473|11784341|221817
1200000|1|6000|3|3|1|2|288000|1473|11784341|321812
1200000|1|6000|3|3|0|0|288000|1474|11792341|222022
1200000|1|6000|3|3|1|2|288000|1474|11792341|321074
1200000|1|6000|3|3|0|0|288000|1475|11800342|221612
1200000|1|6000|3|3|1|2|288000|1475|11800342|320705
1200000|1|6000|3|3|0|0|288000|1476|11808342|221858
1200000|1|6000|3|3|1|2|288000|1476|11808342|320213
1200000|1|6000|3|3|0|0|288000|1477|11816342|221243
1200000|1|6000|3|3|1|2|288000|1477|11816342|319598
1200000|1|6000|3|3|0|0|288000|1478|11824342|220915
1200000|1|6000|3|3|1|2|288000|1478|11824342|319106
1200000|1|6000|3|3|0|0|288000|1479|11832342|221120
1200000|1|6000|3|3|1|2|288000|1479|11832342|318696
1200000|1|6000|3|3|0|0|288000|1480|11840343|220587
1200000|1|6000|3|3|1|2|288000|1480|11840343|318491
1200000|1|6000|3|3|0|0|288000|1481|11848344|220505
1200000|1|6000|3|3|1|2|288000|1481|11848344|318655
1200000|1|6000|3|3|0|0|288000|1482|11856343|219644
1200000|1|6000|3|3|1|2|288000|1482|11856343|319434
1200000|1|6000|3|3|0|0|288000|1483|11864344|219685
1200000|1|6000|3|3|1|2|288000|1483|11864344|319639
1200000|1|6000|3|3|0|0|288000|1484|11872344|219398
1200000|1|6000|3|3|1|2|288000|1484|11872344|320090
1200000|1|6000|3|3|0|0|288000|1485|11880345|219439
1200000|1|6000|3|3|1|2|288000|1485|11880345|320295
1200000|1|6000|3|3|0|0|288000|1486|11888345|219029
1200000|1|6000|3|3|1|2|288000|1486|11888345|320254
1200000|1|6000|3|3|0|0|288000|1487|11896346|218988
1200000|1|6000|3|3|1|2|288000|1487|11896346|319885
1200000|1|6000|3|3|0|0|288000|1488|11904345|219070
1200000|1|6000|3|3|1|2|288000|1488|11904345|319844
1200000|1|6000|3|3|0|0|288000|1489|11912346|218824
1200000|1|6000|3|3|1|2|288000|1489|11912346|320049
1200000|1|6000|3|3|0|0|288000|1490|11920346|218783
1200000|1|6000|3|3|1|2|288000|1490|11920346|319803
1200000|1|6000|3|3|0|0|288000|1491|11928346|218291
1200000|1|6000|3|3|1|2|288000|1491|11928346|319803
1200000|1|6000|3|3|0|0|288000|1492|11936347|217881
1200000|1|6000|3|3|1|2|288000|1492|11936347|319393
1200000|1|6000|3|3|0|0|288000|1493|11944346|217553
1200000|1|6000|3|3|1|2|288000|1493|11944346|319352
1200000|1|6000|3|3|0|0|288000|1494|11952347|218168
1200000|1|6000|3|3|1|2|288000|1494|11952347|319598
1200000|1|6000|3|3|0|0|288000|1495|11960347|218619
1200000|1|6000|3|3|1|2|288000|1495|11960347|319680
1200000|1|6000|3|3|0|0|288000|1496|11968348|218701
1200000|1|6000|3|3|1|2|288000|1496|11968348|318983
1200000|1|6000|3|3|0|0|288000|1497|11976348|219029
1200000|1|6000|3|3|1|2|288000|1497|11976348|318122
1200000|1|6000|3|3|0|0|288000|1498|11984348|218906
1200000|1|6000|3|3|1|2|288000|1498|11984348|317343
1200000|1|6000|3|3|0|0|288000|1499|11992349|219275
1200000|1|6000|3|3|1|2|288000|1499|11992349|317138
1200000|1|6000|3|3|0|0|288000|1500|12000349|219029
1200000|1|6000|3|3|1|2|288000|1500|12000349|317056
1200000|1|6000|3|3|0|0|288000|1501|12008349|219275
1200000|1|6000|3|3|1|2|288000|1501|12008349|316605
1200000|1|6000|3|3|0|0|288000|1502|12016350|219111
1200000|1|6000|3|3|1|2|288000|1502|12016350|315539
1200000|1|6000|3|3|0|0|288000|1503|12024349|219562
1200000|1|6000|3|3|1|2|288000|1503|12024349|315908
1200000|1|6000|3|3|0|0|288000|1504|12032349|219726
1200000|1|6000|3|3|1|2|288000|1504|12032349|315170
1200000|1|6000|3|3|0|0|288000|1505|12040349|220423
1200000|1|6000|3|3|1|2|288000|1505|12040349|315047
1200000|1|6000|3|3|0|0|288000|1506|12048349|220628
1200000|1|6000|3|3|1|2|288000|1506|12048349|314924
1200000|1|6000|3|3|0|0|288000|1507|12056350|221284
1200000|1|6000|3|3|1|2|288000|1507|12056350|314801
1200000|1|6000|3|3|0|0|288000|1508|12064351|222473
1200000|1|6000|3|3|1|2|288000|1508|12064351|315416
1200000|1|6000|3|3|0|0|288000|1509|12072352|223949
1200000|1|6000|3|3|1|2|288000|1509|12072352|315293
1200000|1|6000|3|3|0|0|288000|1510|12080355|224605
1200000|1|6000|3|3|1|2|288000|1510|12080355|314514
1200000|1|6000|3|3|0|0|288000|1511|12088354|225015
1200000|1|6000|3|3|1|2|288000|1511|12088354|313407
1200000|1|6000|3|3|0|0|288000|1512|12096355|225466
1200000|1|6000|3|3|1|2|288000|1512|12096355|312218
1200000|1|6000|3|3|0|0|288000|1513|12104354|225999
1200000|1|6000|3|3|1|2|288000|1513|12104354|312054
1200000|1|6000|3|3|0|0|288000|1514|12112354|226573
1200000|1|6000|3|3|1|2|288000|1514|12112354|310824
1200000|1|6000|3|3|0|0|288000|1515|12120354|226368
1200000|1|6000|3|3|1|2|288000|1515|12120354|310168
1200000|1|6000|3|3|0|0|288000|1516|12128353|225712
1200000|1|6000|3|3|1|2|288000|1516|12128353|309225
1200000|1|6000|3|3|0|0|288000|1517|12136353|225384
1200000|1|6000|3|3|1|2|288000|1517|12136353|308856
1200000|1|6000|3|3|0|0|288000|1518|12144354|225384
1200000|1|6000|3|3|1|2|288000|1518|12144354|307831
1200000|1|6000|3|3|0|0|288000|1519|12152353|225056
1200000|1|6000|3|3|1|2|288000|1519|12152353|307872
1200000|1|6000|3|3|0|0|288000|1520|12160353|224974
1200000|1|6000|3|3|1|2|288000|1520|12160353|306642
1200000|1|6000|3|3|0|0|288000|1521|12168351|225015
1200000|1|6000|3|3|1|2|288000|1521|12168351|305658
1200000|1|6000|3|3|0|0|288000|1522|12176350|225425
1200000|1|6000|3|3|1|2|288000|1522|12176350|305002
1200000|1|6000|3|3|0|0|288000|1523|12184349|225753
1200000|1|6000|3|3|1|2|288000|1523|12184349|304387
1200000|1|6000|3|3|0|0|288000|1524|12192349|226286
1200000|1|6000|3|3|1|2|288000|1524|12192349|303362
1200000|1|6000|3|3|0|0|288000|1525|12200348|226327
1200000|1|6000|3|3|1|2|288000|1525|12200348|302501
1200000|1|6000|3|3|0|0|288000|1526|12208347|226368
1200000|1|6000|3|3|1|2|288000|1526|12208347|302050
1200000|1|6000|3|3|0|0|288000|1527|12216346|226491
1200000|1|6000|3|3|1|2|288000|1527|12216346|302501
1200000|1|6000|3|3|0|0|288000|1528|12224346|226655
1200000|1|6000|3|3|1|2|288000|1528|12224346|302296
1200000|1|6000|3|3|0|0|288000|1529|12232345|226778
1200000|1|6000|3|3|1|2|288000|1529|12232345|302788
1200000|1|6000|3|3|0|0|288000|1530|12240345|226737
1200000|1|6000|3|3|1|2|288000|1530|12240345|302665
1200000|1|6000|3|3|0|0|288000|1531|12248344|226860
1200000|1|6000|3|3|1|2|288000|1531|12248344|303280
1200000|1|6000|3|3|0|0|288000|1532|12256344|227024
1200000|1|6000|3|3|1|2|288000|1532|12256344|303526
1200000|1|6000|3|3|0|0|288000|1533|12264344|226983
1200000|1|6000|3|3|1|2|288000|1533|12264344|304100
1200000|1|6000|3|3|0|0|288000|1534|12272344|226819
1200000|1|6000|3|3|1|2|288000|1534|12272344|303280
1200000|1|6000|3|3|0|0|288000|1535|12280344|226655
1200000|1|6000|3|3|1|2|288000|1535|12280344|303444
1200000|1|6000|3|3|0|0|288000|1536|12288344|226573
1200000|1|6000|3|3|1|2|288000|1536|12288344|303157
1200000|1|6000|3|3|0|0|288000|1537|12296344|226532
1200000|1|6000|3|3|1|2|288000|1537|12296344|303239
1200000|1|6000|3|3|0|0|288000|1538|12304344|227721
1200000|1|6000|3|3|1|2|288000|1538|12304344|303034
1200000|1|6000|3|3|0|0|288000|1539|12312344|228418
1200000|1|6000|3|3|1|2|288000|1539|12312344|303198
1200000|1|6000|3|3|0|0|288000|1540|12320343|229074
1200000|1|6000|3|3|1|2|288000|1540|12320343|303854
1200000|1|6000|3|3|0|0|288000|1541|12328344|230181
1200000|1|6000|3|3|1|2|288000|1541|12328344|303854
1200000|1|6000|3|3|0|0|288000|1542|12336343|230796
1200000|1|6000|3|3|1|2|288000|1542|12336343|303321
1200000|1|6000|3|3|0|0|288000|1543|12344343|231575
1200000|1|6000|3|3|1|2|288000|1543|12344343|302706
1200000|1|6000|3|3|0|0|288000|1544|12352343|232026
1200000|1|6000|3|3|1|2|288000|1544|12352343|302542
1200000|1|6000|3|3|0|0|288000|1545|12360344|232395
1200000|1|6000|3|3|1|2|288000|1545|12360344|302009
1200000|1|6000|3|3|0|0|288000|1546|12368344|231862
1200000|1|6000|3|3|1|2|288000|1546|12368344|302009
1200000|1|6000|3|3|0|0|288000|1547|12376345|231616
1200000|1|6000|3|3|1|2|288000|1547|12376345|301353
1200000|1|6000|3|3|0|0|288000|1548|12384345|231903
1200000|1|6000|3|3|1|2|288000|1548|12384345|301804
1200000|1|6000|3|3|0|0|288000|1549|12392346|231862
1200000|1|6000|3|3|1|2|288000|1549|12392346|302542
1200000|1|6000|3|3|0|0|288000|1550|12400348|232108
1200000|1|6000|3|3|1|2|288000|1550|12400348|303772
1200000|1|6000|3|3|0|0|288000|1551|12408349|231411
1200000|1|6000|3|3|1|2|288000|1551|12408349|304469
1200000|1|6000|3|3|0|0|288000|1552|12416350|231739
1200000|1|6000|3|3|1|2|288000|1552|12416350|305084
1200000|1|6000|3|3|0|0|288000|1553|12424351|231370
1200000|1|6000|3|3|1|2|288000|1553|12424351|305781
1200000|1|6000|3|3|0|0|288000|1554|12432352|232190
1200000|1|6000|3|3|1|2|288000|1554|12432352|306068
1200000|1|6000|3|3|0|0|288000|1555|12440353|231821
1200000|1|6000|3|3|1|2|288000|1555|12440353|306724
1200000|1|6000|3|3|0|0|288000|1556|12448354|232231
1200000|1|6000|3|3|1|2|288000|1556|12448354|306765
1200000|1|6000|3|3|0|0|288000|1557|12456355|231985
1200000|1|6000|3|3|1|2|288000|1557|12456355|307503
1200000|1|6000|3|3|0|0|288000|1558|12464356|232559
1200000|1|6000|3|3|1|2|288000|1558|12464356|307011
1200000|1|6000|3|3|0|0|288000|1559|12472357|232395
1200000|1|6000|3|3|1|2|288000|1559|12472357|306888
1200000|1|6000|3|3|0|0|288000|1560|12480359|232805
1200000|1|6000|3|3|1|2|288000|1560|12480359|306765
1200000|1|6000|3|3|0|0|288000|1561|12488360|233215
1200000|1|6000|3|3|1|2|288000|1561|12488360|307257
1200000|1|6000|3|3|0|0|288000|1562|12496362|232846
1200000|1|6000|3|3|1|2|288000|1562|12496362|307749
1200000|1|6000|3|3|0|0|288000|1563|12504363|232928
1200000|1|6000|3|3|1|2|288000|1563|12504363|307790
1200000|1|6000|3|3|0|0|288000|1564|12512364|232436
1200000|1|6000|3|3|1|2|288000|1564|12512364|308036
1200000|1|6000|3|3|0|0|288000|1565|12520365|232149
1200000|1|6000|3|3|1|2|288000|1565|12520365|307339
1200000|1|6000|3|3|0|0|288000|1566|12528364|231370
1200000|1|6000|3|3|1|2|288000|1566|12528364|307298
1200000|1|6000|3|3|0|0|288000|1567|12536364|231247
1200000|1|6000|3|3|1|2|288000|1567|12536364|306683
1200000|1|6000|3|3|0|0|288000|1568|12544364|230673
1200000|1|6000|3|3|1|2|288000|1568|12544364|306273
1200000|1|6000|3|3|0|0|288000|1569|12552365|230427
1200000|1|6000|3|3|1|2|288000|1569|12552365|305289
1200000|1|6000|3|3|0|0|288000|1570|12560364|230714
1200000|1|6000|3|3|1|2|288000|1570|12560364|304920
1200000|1|6000|3|3|0|0|288000|1571|12568365|231903
1200000|1|6000|3|3|1|2|288000|1571|12568365|304387
1200000|1|6000|3|3|0|0|288000|1572|12576364|232149
1200000|1|6000|3|3|1|2|288000|1572|12576364|304428
1200000|1|6000|3|3|0|0|288000|1573|12584366|232436
1200000|1|6000|3|3|1|2|288000|1573|12584366|303977
1200000|1|6000|3|3|0|0|288000|1574|12592366|232928
1200000|1|6000|3|3|1|2|288000|1574|12592366|304305
1200000|1|6000|3|3|0|0|288000|1575|12600366|232887
1200000|1|6000|3|3|1|2|288000|1575|12600366|304387
1200000|1|6000|3|3|0|0|288000|1576|12608366|233420
1200000|1|6000|3|3|1|2|288000|1576|12608366|304264
1200000|1|6000|3|3|0|0|288000|1577|12616366|233256
1200000|1|6000|3|3|1|2|288000|1577|12616366|304305
1200000|1|6000|3|3|0|0|288000|1578|12624366|232682
1200000|1|6000|3|3|1|2|288000|1578|12624366|304223
1200000|1|6000|3|3|0|0|288000|1579|12632366|231903
1200000|1|6000|3|3|1|2|288000|1579|12632366|304182
1200000|1|6000|3|3|0|0|288000|1580|12640366|232559
1200000|1|6000|3|3|1|2|288000|1580|12640366|303895
1200000|1|6000|3|3|0|0|288000|1581|12648365|232313
1200000|1|6000|3|3|1|2|288000|1581|12648365|303239
1200000|1|6000|3|3|0|0|288000|1582|12656365|232518
1200000|1|6000|3|3|1|2|288000|1582|12656365|303731
1200000|1|6000|3|3|0|0|288000|1583|12664365|232313
1200000|1|6000|3|3|1|2|288000|1583|12664365|303690
1200000|1|6000|3|3|0|0|288000|1584|12672365|232641
1200000|1|6000|3|3|1|2|288000|1584|12672365|303239
1200000|1|6000|3|3|0|0|288000|1585|12680365|232764
1200000|1|6000|3|3|1|2|288000|1585|12680365|303444
1200000|1|6000|3|3|0|0|288000|1586|12688365|233379
1200000|1|6000|3|3|1|2|288000|1586|12688365|303157
1200000|1|6000|3|3|0|0|288000|1587|12696365|233912
1200000|1|6000|3|3|1|2|288000|1587|12696365|303280
1200000|1|6000|3|3|0|0|288000|1588|12704365|234281
1200000|1|6000|3|3|1|2|288000|1588|12704365|303075
1200000|1|6000|3|3|0|0|288000|1589|12712365|234978
1200000|1|6000|3|3|1|2|288000|1589|12712365|303649
1200000|1|6000|3|3|0|0|288000|1590|12720365|235183
1200000|1|6000|3|3|1|2|288000|1590|12720365|303321
1200000|1|6000|3|3|0|0|288000|1591|12728366|235839
1200000|1|6000|3|3|1|2|288000|1591|12728366|304223
1200000|1|6000|3|3|0|0|288000|1592|12736366|236167
1200000|1|6000|3|3|1|2|288000|1592|12736366|304674
1200000|1|6000|3|3|0|0|288000|1593|12744368|236987
1200000|1|6000|3|3|1|2|288000|1593|12744368|304838
1200000|1|6000|3|3|0|0|288000|1594|12752368|236946
1200000|1|6000|3|3|1|2|288000|1594|12752368|305289
1200000|1|6000|3|3|0|0|288000|1595|12760369|236618
1200000|1|6000|3|3|1|2|288000|1595|12760369|305494
1200000|1|6000|3|3|0|0|288000|1596|12768369|235798
1200000|1|6000|3|3|1|2|288000|1596|12768369|305617
1200000|1|6000|3|3|0|0|288000|1597|12776370|234855
1200000|1|6000|3|3|1|2|288000|1597|12776370|305289
1200000|1|6000|3|3|0|0|288000|1598|12784370|234486
1200000|1|6000|3|3|1|2|288000|1598|12784370|305781
1200000|1|6000|3|3|0|0|288000|1599|12792370|233297
1200000|1|6000|3|3|1|2|288000|1599|12792370|306109
1200000|1|6000|3|3|0|0|288000|1600|12800370|233379
1200000|1|6000|3|3|1|2|288000|1600|12800370|306109
1200000|1|6000|3|3|0|0|288000|1601|12808370|232477
1200000|1|6000|3|3|1|2|288000|1601|12808370|306396
1200000|1|6000|3|3|0|0|288000|1602|12816370|232600
1200000|1|6000|3|3|1|2|288000|1602|12816370|306519
1200000|1|6000|3|3|0|0|288000|1603|12824370|232846
1200000|1|6000|3|3|1|2|288000|1603|12824370|306806
1200000|1|6000|3|3|0|0|288000|1604|12832370|233502
1200000|1|6000|3|3|1|2|288000|1604|12832370|306806
1200000|1|6000|3|3|0|0|288000|1605|12840370|233871
1200000|1|6000|3|3|1|2|288000|1605|12840370|307298
1200000|1|6000|3|3|0|0|288000|1606|12848371|233379
1200000|1|6000|3|3|1|2|288000|1606|12848371|306273
1200000|1|6000|3|3|0|0|288000|1607|12856371|233584
1200000|1|6000|3|3|1|2|288000|1607|12856371|305617
1200000|1|6000|3|3|0|0|288000|1608|12864371|233543
1200000|1|6000|3|3|1|2|288000|1608|12864371|305453
1200000|1|6000|3|3|0|0|288000|1609|12872371|233584
1200000|1|6000|3|3|1|2|288000|1609|12872371|305453
1200000|1|6000|3|3|0|0|288000|1610|12880372|232764
1200000|1|6000|3|3|1|2|288000|1610|12880372|305166
1200000|1|6000|3|3|0|0|288000|1611|12888373|232436
1200000|1|6000|3|3|1|2|288000|1611|12888373|305248
1200000|1|6000|3|3|0|0|288000|1612|12896374|230960
1200000|1|6000|3|3|1|2|288000|1612|12896374|304141
1200000|1|6000|3|3|0|0|288000|1613|12904374|230099
1200000|1|6000|3|3|1|2|288000|1613|12904374|303444
1200000|1|6000|3|3|0|0|288000|1614|12912373|229197
1200000|1|6000|3|3|1|2|288000|1614|12912373|302788
1200000|1|6000|3|3|0|0|288000|1615|12920373|228172
1200000|1|6000|3|3|1|2|288000|1615|12920373|301558
1200000|1|6000|3|3|0|0|288000|1616|12928372|227393
1200000|1|6000|3|3|1|2|288000|1616|12928372|301271
1200000|1|6000|3|3|0|0|288000|1617|12936373|226819
1200000|1|6000|3|3|1|2|288000|1617|12936373|299631
1200000|1|6000|3|3|0|0|288000|1618|12944372|227024
1200000|1|6000|3|3|1|2|288000|1618|12944372|299016
1200000|1|6000|3|3|0|0|288000|1619|12952371|227516
1200000|1|6000|3|3|1|2|288000|1619|12952371|297130
1200000|1|6000|3|3|0|0|288000|1620|12960370|228664
1200000|1|6000|3|3|1|2|288000|1620|12960370|296515
1200000|1|6000|3|3|0|0|288000|1621|12968370|229320
1200000|1|6000|3|3|1|2|288000|1621|12968370|294506
1200000|1|6000|3|3|0|0|288000|1622|12976369|230058
1200000|1|6000|3|3|1|2|288000|1622|12976369|293563
1200000|1|6000|3|3|0|0|288000|1623|12984369|230714
1200000|1|6000|3|3|1|2|288000|1623|12984369|293030
1200000|1|6000|3|3|0|0|288000|1624|12992367|231370
1200000|1|6000|3|3|1|2|288000|1624|12992367|292169
1200000|1|6000|3|3|0|0|288000|1625|13000367|232067
1200000|1|6000|3|3|1|2|288000|1625|13000367|291267
1200000|1|6000|3|3|0|0|288000|1626|13008366|231001
1200000|1|6000|3|3|1|2|288000|1626|13008366|289996
1200000|1|6000|3|3|0|0|288000|1627|13016366|230591
1200000|1|6000|3|3|1|2|288000|1627|13016366|288725
1200000|1|6000|3|3|0|0|288000|1628|13024364|228787
1200000|1|6000|3|3|1|2|288000|1628|13024364|288110
1200000|1|6000|3|3|0|0|288000|1629|13032364|228377
1200000|1|6000|3|3|1|2|288000|1629|13032364|287741
1200000|1|6000|3|3|0|0|288000|1630|13040365|227229
1200000|1|6000|3|3|1|2|288000|1630|13040365|288233
1200000|1|6000|3|3|0|0|288000|1631|13048365|226737
1200000|1|6000|3|3|1|2|288000|1631|13048365|288397
1200000|1|6000|3|3|0|0|288000|1632|13056364|225999
1200000|1|6000|3|3|1|2|288000|1632|13056364|288602
1200000|1|6000|3|3|0|0|288000|1633|13064364|225466
1200000|1|6000|3|3|1|2|288000|1633|13064364|288274
1200000|1|6000|3|3|0|0|288000|1634|13072364|225466
1200000|1|6000|3|3|1|2|288000|1634|13072364|288438
1200000|1|6000|3|3|0|0|288000|1635|13080365|225712
1200000|1|6000|3|3|1|2|288000|1635|13080365|288028
1200000|1|6000|3|3|0|0|288000|1636|13088365|225507
1200000|1|6000|3|3|1|2|288000|1636|13088365|288356
1200000|1|6000|3|3|0|0|288000|1637|13096365|224933
1200000|1|6000|3|3|1|2|288000|1637|13096365|289463
1200000|1|6000|3|3|0|0|288000|1638|13104367|224646
1200000|1|6000|3|3|1|2|288000|1638|13104367|289463
1200000|1|6000|3|3|0|0|288000|1639|13112367|224400
1200000|1|6000|3|3|1|2|288000|1639|13112367|290078
1200000|1|6000|3|3|0|0|288000|1640|13120369|224154
1200000|1|6000|3|3|1|2|288000|1640|13120369|290652
1200000|1|6000|3|3|0|0|288000|1641|13128370|223785
1200000|1|6000|3|3|1|2|288000|1641|13128370|291472
1200000|1|6000|3|3|0|0|288000|1642|13136371|222924
1200000|1|6000|3|3|1|2|288000|1642|13136371|292374
1200000|1|6000|3|3|0|0|288000|1643|13144373|222678
1200000|1|6000|3|3|1|2|288000|1643|13144373|293235
1200000|1|6000|3|3|0|0|288000|1644|13152374|223621
1200000|1|6000|3|3|1|2|288000|1644|13152374|293481
1200000|1|6000|3|3|0|0|288000|1645|13160374|224113
1200000|1|6000|3|3|1|2|288000|1645|13160374|292866
1200000|1|6000|3|3|0|0|288000|1646|13168374|224031
1200000|1|6000|3|3|1|2|288000|1646|13168374|292866
1200000|1|6000|3|3|0|0|288000|1647|13176373|224154
1200000|1|6000|3|3|1|2|288000|1647|13176373|292989
1200000|1|6000|3|3|0|0|288000|1648|13184373|224031
1200000|1|6000|3|3|1|2|288000|1648|13184373|293317
1200000|1|6000|3|3|0|0|288000|1649|13192373|223580
1200000|1|6000|3|3|1|2|288000|1649|13192373|293932
1200000|1|6000|3|3|0|0|288000|1650|13200373|223949
1200000|1|6000|3|3|1|2|288000|1650|13200373|295203
1200000|1|6000|3|3|0|0|288000|1651|13208375|223621
1200000|1|6000|3|3|1|2|288000|1651|13208375|296843
1200000|1|6000|3|3|0|0|288000|1652|13216377|223580
1200000|1|6000|3|3|1|2|288000|1652|13216377|297909
1200000|1|6000|3|3|0|0|288000|1653|13224378|223621
1200000|1|6000|3|3|1|2|288000|1653|13224378|299221
1200000|1|6000|3|3|0|0|288000|1654|13232380|224031
1200000|1|6000|3|3|1|2|288000|1654|13232380|299057
1200000|1|6000|3|3|0|0|288000|1655|13240381|224236
1200000|1|6000|3|3|1|2|288000|1655|13240381|298852
1200000|1|6000|3|3|0|0|288000|1656|13248381|224810
1200000|1|6000|3|3|1|2|288000|1656|13248381|298770
1200000|1|6000|3|3|0|0|288000|1657|13256381|224810
1200000|1|6000|3|3|1|2|288000|1657|13256381|298278
1200000|1|6000|3|3|0|0|288000|1658|13264380|224359
1200000|1|6000|3|3|1|2|288000|1658|13264380|298073
1200000|1|6000|3|3|0|0|288000|1659|13272380|224195
1200000|1|6000|3|3|1|2|288000|1659|13272380|297499
1200000|1|6000|3|3|0|0|288000|1660|13280379|223580
1200000|1|6000|3|3|1|2|288000|1660|13280379|297950
1200000|1|6000|3|3|0|0|288000|1661|13288379|223375
1200000|1|6000|3|3|1|2|288000|1661|13288379|297007
1200000|1|6000|3|3|0|0|288000|1662|13296378|222842
1200000|1|6000|3|3|1|2|288000|1662|13296378|297704
1200000|1|6000|3|3|0|0|288000|1663|13304378|222227
1200000|1|6000|3|3|1|2|288000|1663|13304378|296925
1200000|1|6000|3|3|0|0|288000|1664|13312377|221858
1200000|1|6000|3|3|1|2|288000|1664|13312377|297048
1200000|1|6000|3|3|0|0|288000|1665|13320376|221530
1200000|1|6000|3|3|1|2|288000|1665|13320376|295900
1200000|1|6000|3|3|0|0|288000|1666|13328374|221694
1200000|1|6000|3|3|1|2|288000|1666|13328374|296023
1200000|1|6000|3|3|0|0|288000|1667|13336374|221366
1200000|1|6000|3|3|1|2|288000|1667|13336374|294793
1200000|1|6000|3|3|0|0|288000|1668|13344372|220259
1200000|1|6000|3|3|1|2|288000|1668|13344372|295121
1200000|1|6000|3|3|0|0|288000|1669|13352372|219521
1200000|1|6000|3|3|1|2|288000|1669|13352372|294875
1200000|1|6000|3|3|0|0|288000|1670|13360372|218496
1200000|1|6000|3|3|1|2|288000|1670|13360372|294547
1200000|1|6000|3|3|0|0|288000|1671|13368372|217389
1200000|1|6000|3|3|1|2|288000|1671|13368372|293153
1200000|1|6000|3|3|0|0|288000|1672|13376371|216528
1200000|1|6000|3|3|1|2|288000|1672|13376371|292948
1200000|1|6000|3|3|0|0|288000|1673|13384372|215790
1200000|1|6000|3|3|1|2|288000|1673|13384372|292661
1200000|1|6000|3|3|0|0|288000|1674|13392372|215134
1200000|1|6000|3|3|1|2|288000|1674|13392372|292128
1200000|1|6000|3|3|0|0|288000|1675|13400372|214724
1200000|1|6000|3|3|1|2|288000|1675|13400372|291800
1200000|1|6000|3|3|0|0|288000|1676|13408371|214027
1200000|1|6000|3|3|1|2|288000|1676|13408371|291103
1200000|1|6000|3|3|0|0|288000|1677|13416371|213576
1200000|1|6000|3|3|1|2|288000|1677|13416371|290857
1200000|1|6000|3|3|0|0|288000|1678|13424370|213166
1200000|1|6000|3|3|1|2|288000|1678|13424370|290898
1200000|1|6000|3|3|0|0|288000|1679|13432370|212469
1200000|1|6000|3|3|1|2|288000|1679|13432370|290652
1200000|1|6000|3|3|0|0|288000|1680|13440370|211690
1200000|1|6000|3|3|1|2|288000|1680|13440370|290406
1200000|1|6000|3|3|0|0|288000|1681|13448370|210911
1200000|1|6000|3|3|1|2|288000|1681|13448370|289504
1200000|1|6000|3|3|0|0|288000|1682|13456369|210665
1200000|1|6000|3|3|1|2|288000|1682|13456369|288889
1200000|1|6000|3|3|0|0|288000|1683|13464369|209640
1200000|1|6000|3|3|1|2|288000|1683|13464369|288274
1200000|1|6000|3|3|0|0|288000|1684|13472369|210091
1200000|1|6000|3|3|1|2|288000|1684|13472369|288602
1200000|1|6000|3|3|0|0|288000|1685|13480370|209681
1200000|1|6000|3|3|1|2|288000|1685|13480370|288766
1200000|1|6000|3|3|0|0|288000|1686|13488372|209312
1200000|1|6000|3|3|1|2|288000|1686|13488372|289381
1200000|1|6000|3|3|0|0|288000|1687|13496372|208697
1200000|1|6000|3|3|1|2|288000|1687|13496372|290365
1200000|1|6000|3|3|0|0|288000|1688|13504374|208656
1200000|1|6000|3|3|1|2|288000|1688|13504374|290611
1200000|1|6000|3|3|0|0|288000|1689|13512375|208082
1200000|1|6000|3|3|1|2|288000|1689|13512375|291431
1200000|1|6000|3|3|0|0|288000|1690|13520376|207467
1200000|1|6000|3|3|1|2|288000|1690|13520376|292661
1200000|1|6000|3|3|0|0|288000|1691|13528378|206934
1200000|1|6000|3|3|1|2|288000|1691|13528378|293440
1200000|1|6000|3|3|0|0|288000|1692|13536379|206688
1200000|1|6000|3|3|1|2|288000|1692|13536379|293399
1200000|1|6000|3|3|0|0|288000|1693|13544379|206442
1200000|1|6000|3|3|1|2|288000|1693|13544379|292907
1200000|1|6000|3|3|0|0|288000|1694|13552378|206073
1200000|1|6000|3|3|1|2|288000|1694|13552378|292292
1200000|1|6000|3|3|0|0|288000|1695|13560378|205786
1200000|1|6000|3|3|1|2|288000|1695|13560378|292579
1200000|1|6000|3|3|0|0|288000|1696|13568378|205048
1200000|1|6000|3|3|1|2|288000|1696|13568378|292415
1200000|1|6000|3|3|0|0|288000|1697|13576378|205458
1200000|1|6000|3|3|1|2|288000|1697|13576378|292989
1200000|1|6000|3|3|0|0|288000|1698|13584378|204556
1200000|1|6000|3|3|1|2|288000|1698|13584378|293194
1200000|1|6000|3|3|0|0|288000|1699|13592378|204761
1200000|1|6000|3|3|1|2|288000|1699|13592378|293686
1200000|1|6000|3|3|0|0|288000|1700|13600379|204023
1200000|1|6000|3|3|1|2|288000|1700|13600379|294424
1200000|1|6000|3|3|0|0|288000|1701|13608380|203654
1200000|1|6000|3|3|1|2|288000|1701|13608380|295859
1200000|1|6000|3|3|0|0|288000|1702|13616381|203162
1200000|1|6000|3|3|1|2|288000|1702|13616381|296064
1200000|1|6000|3|3|0|0|288000|1703|13624382|202875
1200000|1|6000|3|3|1|2|288000|1703|13624382|297089
1200000|1|6000|3|3|0|0|288000|1704|13632383|203080
1200000|1|6000|3|3|1|2|288000|1704|13632383|297868
1200000|1|6000|3|3|0|0|288000|1705|13640384|202875
1200000|1|6000|3|3|1|2|288000|1705|13640384|298606
1200000|1|6000|3|3|0|0|288000|1706|13648385|203080
1200000|1|6000|3|3|1|2|288000|1706|13648385|299631
1200000|1|6000|3|3|0|0|288000|1707|13656386|202096
1200000|1|6000|3|3|1|2|288000|1707|13656386|299918
1200000|1|6000|3|3|0|0|288000|1708|13664387|202014
1200000|1|6000|3|3|1|2|288000|1708|13664387|299959
1200000|1|6000|3|3|0|0|288000|1709|13672387|201973
1200000|1|6000|3|3|1|2|288000|1709|13672387|299549
1200000|1|6000|3|3|0|0|288000|1710|13680386|201973
1200000|1|6000|3|3|1|2|288000|1710|13680386|301189
1200000|1|6000|3|3|0|0|288000|1711|13688386|201399
1200000|1|6000|3|3|1|2|288000|1711|13688386|301886
1200000|1|6000|3|3|0|0|288000|1712|13696386|200948
1200000|1|6000|3|3|1|2|288000|1712|13696386|303157
1200000|1|6000|3|3|0|0|288000|1713|13704387|200497
1200000|1|6000|3|3|1|2|288000|1713|13704387|303854
1200000|1|6000|3|3|0|0|288000|1714|13712387|200497
1200000|1|6000|3|3|1|2|288000|1714|13712387|304715
1200000|1|6000|3|3|0|0|288000|1715|13720388|200128
1200000|1|6000|3|3|1|2|288000|1715|13720388|305453
1200000|1|6000|3|3|0|0|288000|1716|13728388|199062
1200000|1|6000|3|3|1|2|288000|1716|13728388|307134
1200000|1|6000|3|3|0|0|288000|1717|13736389|198201
1200000|1|6000|3|3|1|2|288000|1717|13736389|308774
1200000|1|6000|3|3|0|0|288000|1718|13744390|197463
1200000|1|6000|3|3|1|2|288000|1718|13744390|308241
1200000|1|6000|3|3|0|0|288000|1719|13752390|196848
1200000|1|6000|3|3|1|2|288000|1719|13752390|308897
1200000|1|6000|3|3|0|0|288000|1720|13760391|196643
1200000|1|6000|3|3|1|2|288000|1720|13760391|309184
1200000|1|6000|3|3|0|0|288000|1721|13768391|195905
1200000|1|6000|3|3|1|2|288000|1721|13768391|310660
1200000|1|6000|3|3|0|0|288000|1722|13776392|196233
1200000|1|6000|3|3|1|2|288000|1722|13776392|312177
1200000|1|6000|3|3|0|0|288000|1723|13784394|197053
1200000|1|6000|3|3|1|2|288000|1723|13784394|313113
1200000|1|6000|3|3|0|0|288000|1724|13792395|196807
1200000|1|6000|3|3|1|2|288000|1724|13792395|313683
1200000|1|6000|3|3|0|0|288000|1725|13800395|196643
1200000|1|6000|3|3|1|2|288000|1725|13800395|314056
1200000|1|6000|3|3|0|0|288000|1726|13808395|196356
1200000|1|6000|3|3|1|2|288000|1726|13808395|314178
1200000|1|6000|3|3|0|0|288000|1727|13816395|196192
1200000|1|6000|3|3|1|2|288000|1727|13816395|313892
1200000|1|6000|3|3|0|0|288000|1728|13824395|195741
1200000|1|6000|3|3|1|2|288000|1728|13824395|314137
1200000|1|6000|3|3|0|0|288000|1729|13832395|195905
1200000|1|6000|3|3|1|2|288000|1729|13832395|314219
1200000|1|6000|3|3|0|0|288000|1730|13840395|194880
1200000|1|6000|3|3|1|2|288000|1730|13840395|314466
1200000|1|6000|3|3|0|0|288000|1731|13848396|194921
1200000|1|6000|3|3|1|2|288000|1731|13848396|314791
1200000|1|6000|3|3|0|0|288000|1732|13856396|195413
1200000|1|6000|3|3|1|2|288000|1732|13856396|315531
1200000|1|6000|3|3|0|0|288000|1733|13864397|195905
1200000|1|6000|3|3|1|2|288000|1733|13864397|316227
1200000|1|6000|3|3|0|0|288000|1734|13872398|196274
1200000|1|6000|3|3|1|2|288000|1734|13872398|317049
1200000|1|6000|3|3|0|0|288000|1735|13880400|196315
1200000|1|6000|3|3|1|2|288000|1735|13880400|317663
1200000|1|6000|3|3|0|0|288000|1736|13888401|196315
1200000|1|6000|3|3|1|2|288000|1736|13888401|318239
1200000|1|6000|3|3|0|0|288000|1737|13896402|196274
1200000|1|6000|3|3|1|2|288000|1737|13896402|318564
1200000|1|6000|3|3|0|0|288000|1738|13904403|196889
1200000|1|6000|3|3|1|2|288000|1738|13904403|319674
1200000|1|6000|3|3|0|0|288000|1739|13912405|196766
1200000|1|6000|3|3|1|2|288000|1739|13912405|319797
1200000|1|6000|3|3|0|0|288000|1740|13920405|197422
1200000|1|6000|3|3|1|2|288000|1740|13920405|320203
1200000|1|6000|3|3|0|0|288000|1741|13928407|198078
1200000|1|6000|3|3|1|2|288000|1741|13928407|321065
1200000|1|6000|3|3|0|0|288000|1742|13936408|198857
1200000|1|6000|3|3|1|2|288000|1742|13936408|321354
1200000|1|6000|3|3|0|0|288000|1743|13944410|199759
1200000|1|6000|3|3|1|2|288000|1743|13944410|322049
1200000|1|6000|3|3|0|0|288000|1744|13952411|200374
1200000|1|6000|3|3|1|2|288000|1744|13952411|322093
1200000|1|6000|3|3|0|0|288000|1745|13960412|200784
1200000|1|6000|3|3|1|2|288000|1745|13960412|322788
1200000|1|6000|3|3|0|0|288000|1746|13968414|201481
1200000|1|6000|3|3|1|2|288000|1746|13968414|322912
1200000|1|6000|3|3|0|0|288000|1747|13976415|201727
1200000|1|6000|3|3|1|2|288000|1747|13976415|323036
1200000|1|6000|3|3|0|0|288000|1748|13984416|202670
1200000|1|6000|3|3|1|2|288000|1748|13984416|323403
1200000|1|6000|3|3|0|0|288000|1749|13992417|202916
1200000|1|6000|3|3|1|2|288000|1749|13992417|323892
1200000|1|6000|3|3|0|0|288000|1750|14000419|204105
1200000|1|6000|3|3|1|2|288000|1750|14000419|325864
1200000|1|6000|3|3|0|0|288000|1751|14008420|204884
1200000|1|6000|3|3|1|2|288000|1751|14008420|327340
1200000|1|6000|3|3|0|0|288000|1752|14016422|206073
1200000|1|6000|3|3|1|2|288000|1752|14016422|328160
1200000|1|6000|3|3|0|0|288000|1753|14024423|207262
1200000|1|6000|3|3|1|2|288000|1753|14024423|329756
1200000|1|6000|3|3|0|0|288000|1754|14032426|207590
1200000|1|6000|3|3|1|2|288000|1754|14032426|331235
1200000|1|6000|3|3|0|0|288000|1755|14040428|207549
1200000|1|6000|3|3|1|2|288000|1755|14040428|332175
1200000|1|6000|3|3|0|0|288000|1756|14048429|207180
1200000|1|6000|3|3|1|2|288000|1756|14048429|332914
1200000|1|6000|3|3|0|0|288000|1757|14056430|206647
1200000|1|6000|3|3|1|2|288000|1757|14056430|332505
1200000|1|6000|3|3|0|0|288000|1758|14064430|206319
1200000|1|6000|3|3|1|2|288000|1758|14064430|332998
1200000|1|6000|3|3|0|0|288000|1759|14072430|206278
1200000|1|6000|3|3|1|2|288000|1759|14072430|333079
1200000|1|6000|3|3|0|0|288000|1760|14080430|206155
1200000|1|6000|3|3|1|2|288000|1760|14080430|334064
1200000|1|6000|3|3|0|0|288000|1761|14088431|206237
1200000|1|6000|3|3|1|2|288000|1761|14088431|334430
1200000|1|6000|3|3|0|0|288000|1762|14096431|206278
1200000|1|6000|3|3|1|2|288000|1762|14096431|335335
1200000|1|6000|3|3|0|0|288000|1763|14104432|206319
1200000|1|6000|3|3|1|2|288000|1763|14104432|335456
1200000|1|6000|3|3|0|0|288000|1764|14112432|206032
1200000|1|6000|3|3|1|2|288000|1764|14112432|336934
1200000|1|6000|3|3|0|0|288000|1765|14120433|205212
1200000|1|6000|3|3|1|2|288000|1765|14120433|337466
1200000|1|6000|3|3|0|0|288000|1766|14128433|204556
1200000|1|6000|3|3|1|2|288000|1766|14128433|337222
1200000|1|6000|3|3|0|0|288000|1767|14136434|203982
1200000|1|6000|3|3|1|2|288000|1767|14136434|336895
1200000|1|6000|3|3|0|0|288000|1768|14144434|203408
1200000|1|6000|3|3|1|2|288000|1768|14144434|336400
1200000|1|6000|3|3|0|0|288000|1769|14152434|203121
1200000|1|6000|3|3|1|2|288000|1769|14152434|336808
1200000|1|6000|3|3|0|0|288000|1770|14160435|202096
1200000|1|6000|3|3|1|2|288000|1770|14160435|336198
1200000|1|6000|3|3|0|0|288000|1771|14168435|201850
1200000|1|6000|3|3|1|2|288000|1771|14168435|336483
1200000|1|6000|3|3|0|0|288000|1772|14176435|201276
1200000|1|6000|3|3|1|2|288000|1772|14176435|335662
1200000|1|6000|3|3|0|0|288000|1773|14184434|200620
1200000|1|6000|3|3|1|2|288000|1773|14184434|336606
1200000|1|6000|3|3|0|0|288000|1774|14192435|200374
1200000|1|6000|3|3|1|2|288000|1774|14192435|336401
1200000|1|6000|3|3|0|0|288000|1775|14200435|199267
1200000|1|6000|3|3|1|2|288000|1775|14200435|336852
1200000|1|6000|3|3|0|0|288000|1776|14208435|198488
1200000|1|6000|3|3|1|2|288000|1776|14208435|336605
1200000|1|6000|3|3|0|0|288000|1777|14216435|198037
1200000|1|6000|3|3|1|2|288000|1777|14216435|336397
1200000|1|6000|3|3|0|0|288000|1778|14224435|197627
1200000|1|6000|3|3|1|2|288000|1778|14224435|336687
1200000|1|6000|3|3|0|0|288000|1779|14232436|197258
1200000|1|6000|3|3|1|2|288000|1779|14232436|336770
1200000|1|6000|3|3|0|0|288000|1780|14240435|197504
1200000|1|6000|3|3|1|2|288000|1780|14240435|336975
1200000|1|6000|3|3|0|0|288000|1781|14248436|197586
1200000|1|6000|3|3|1|2|288000|1781|14248436|336525
1200000|1|6000|3|3|0|0|288000|1782|14256435|197340
1200000|1|6000|3|3|1|2|288000|1782|14256435|336069
1200000|1|6000|3|3|0|0|288000|1783|14264436|196889
1200000|1|6000|3|3|1|2|288000|1783|14264436|335170
1200000|1|6000|3|3|0|0|288000|1784|14272436|197012
1200000|1|6000|3|3|1|2|288000|1784|14272436|334556
1200000|1|6000|3|3|0|0|288000|1785|14280436|196356
1200000|1|6000|3|3|1|2|288000|1785|14280436|333737
1200000|1|6000|3|3|0|0|288000|1786|14288436|195208
1200000|1|6000|3|3|1|2|288000|1786|14288436|333038
1200000|1|6000|3|3|0|0|288000|1787|14296436|194593
1200000|1|6000|3|3|1|2|288000|1787|14296436|332092
1200000|1|6000|3|3|0|0|288000|1788|14304435|194101
1200000|1|6000|3|3|1|2|288000|1788|14304435|331521
1200000|1|6000|3|3|0|0|288000|1789|14312436|193527
1200000|1|6000|3|3|1|2|288000|1789|14312436|331725
1200000|1|6000|3|3|0|0|288000|1790|14320435|193076
1200000|1|6000|3|3|1|2|288000|1790|14320435|332302
1200000|1|6000|3|3|0|0|288000|1791|14328436|192543
1200000|1|6000|3|3|1|2|288000|1791|14328436|332547
1200000|1|6000|3|3|0|0|288000|1792|14336436|192543
1200000|1|6000|3|3|1|2|288000|1792|14336436|332219
1200000|1|6000|3|3|0|0|288000|1793|14344437|192625
1200000|1|6000|3|3|1|2|288000|1793|14344437|331973
1200000|1|6000|3|3|0|0|288000|1794|14352436|192543
1200000|1|6000|3|3|1|2|288000|1794|14352436|331686
1200000|1|6000|3|3|0|0|288000|1795|14360436|192215
1200000|1|6000|3|3|1|2|288000|1795|14360436|331562
1200000|1|6000|3|3|0|0|288000|1796|14368437|191764
1200000|1|6000|3|3|1|2|288000|1796|14368437|331190
1200000|1|6000|3|3|0|0|288000|1797|14376436|191682
1200000|1|6000|3|3|1|2|288000|1797|14376436|330784
1200000|1|6000|3|3|0|0|288000|1798|14384437|191149
1200000|1|6000|3|3|1|2|288000|1798|14384437|330292
1200000|1|6000|3|3|0|0|288000|1799|14392436|191108
1200000|1|6000|3|3|1|2|288000|1799|14392436|329883
1200000|1|6000|3|3|0|0|288000|1800|14400437|190616
1200000|1|6000|3|3|1|2|288000|1800|14400437|329676
1200000|1|6000|3|3|0|0|288000|1801|14408437|191436
1200000|1|6000|3|3|1|2|288000|1801|14408437|329553
1200000|1|6000|3|3|0|0|288000|1802|14416438|191477
1200000|1|6000|3|3|1|2|288000|1802|14416438|328813
1200000|1|6000|3|3|0|0|288000|1803|14424437|192092
1200000|1|6000|3|3|1|2|288000|1803|14424437|328447
1200000|1|6000|3|3|0|0|288000|1804|14432436|192543
1200000|1|6000|3|3|1|2|288000|1804|14432436|329022
1200000|1|6000|3|3|0|0|288000|1805|14440436|192994
1200000|1|6000|3|3|1|2|288000|1805|14440436|329883
1200000|1|6000|3|3|0|0|288000|1806|14448436|193568
1200000|1|6000|3|3|1|2|288000|1806|14448436|329963
1200000|1|6000|3|3|0|0|288000|1807|14456436|193691
1200000|1|6000|3|3|1|2|288000|1807|14456436|330452
1200000|1|6000|3|3|0|0|288000|1808|14464436|194060
1200000|1|6000|3|3|1|2|288000|1808|14464436|330578
1200000|1|6000|3|3|0|0|288000|1809|14472436|194716
1200000|1|6000|3|3|1|2|288000|1809|14472436|330496
1200000|1|6000|3|3|0|0|288000|1810|14480436|195372
1200000|1|6000|3|3|1|2|288000|1810|14480436|330250
1200000|1|6000|3|3|0|0|288000|1811|14488435|195659
1200000|1|6000|3|3|1|2|288000|1811|14488435|330046
1200000|1|6000|3|3|0|0|288000|1812|14496434|196356
1200000|1|6000|3|3|1|2|288000|1812|14496434|327915
1200000|1|6000|3|3|0|0|288000|1813|14504433|197053
1200000|1|6000|3|3|1|2|288000|1813|14504433|327584
1200000|1|6000|3|3|0|0|288000|1814|14512432|197668
1200000|1|6000|3|3|1|2|288000|1814|14512432|326644
1200000|1|6000|3|3|0|0|288000|1815|14520431|198324
1200000|1|6000|3|3|1|2|288000|1815|14520431|326437
1200000|1|6000|3|3|0|0|288000|1816|14528431|197668
1200000|1|6000|3|3|1|2|288000|1816|14528431|325823
1200000|1|6000|3|3|0|0|288000|1817|14536430|197094
1200000|1|6000|3|3|1|2|288000|1817|14536430|325659
1200000|1|6000|3|3|0|0|288000|1818|14544429|196725
1200000|1|6000|3|3|1|2|288000|1818|14544429|325861
1200000|1|6000|3|3|0|0|288000|1819|14552430|196397
1200000|1|6000|3|3|1|2|288000|1819|14552430|325822
1200000|1|6000|3|3|0|0|288000|1820|14560429|196028
1200000|1|6000|3|3|1|2|288000|1820|14560429|326399
1200000|1|6000|3|3|0|0|288000|1821|14568430|195618
1200000|1|6000|3|3|1|2|288000|1821|14568430|326028
1200000|1|6000|3|3|0|0|288000|1822|14576430|194921
1200000|1|6000|3|3|1|2|288000|1822|14576430|326274
1200000|1|6000|3|3|0|0|288000|1823|14584430|195741
1200000|1|6000|3|3|1|2|288000|1823|14584430|325783
1200000|1|6000|3|3|0|0|288000|1824|14592430|196315
1200000|1|6000|3|3|1|2|288000|1824|14592430|325536
1200000|1|6000|3|3|0|0|288000|1825|14600430|197299
1200000|1|6000|3|3|1|2|288000|1825|14600430|324920
1200000|1|6000|3|3|0|0|288000|1826|14608429|197750
1200000|1|6000|3|3|1|2|288000|1826|14608429|324799
1200000|1|6000|3|3|0|0|288000|1827|14616429|198283
1200000|1|6000|3|3|1|2|288000|1827|14616429|325127
1200000|1|6000|3|3|0|0|288000|1828|14624428|198857
1200000|1|6000|3|3|1|2|288000|1828|14624428|325781
1200000|1|6000|3|3|0|0|288000|1829|14632428|199267
1200000|1|6000|3|3|1|2|288000|1829|14632428|326275
1200000|1|6000|3|3|0|0|288000|1830|14640428|199554
1200000|1|6000|3|3|1|2|288000|1830|14640428|327010
1200000|1|6000|3|3|0|0|288000|1831|14648428|198980
1200000|1|6000|3|3|1|2|288000|1831|14648428|327464
1200000|1|6000|3|3|0|0|288000|1832|14656428|198119
1200000|1|6000|3|3|1|2|288000|1832|14656428|327997
1200000|1|6000|3|3|0|0|288000|1833|14664428|197627
1200000|1|6000|3|3|1|2|288000|1833|14664428|327872
1200000|1|6000|3|3|0|0|288000|1834|14672428|197545
1200000|1|6000|3|3|1|2|288000|1834|14672428|327831
1200000|1|6000|3|3|0|0|288000|1835|14680427|197299
1200000|1|6000|3|3|1|2|288000|1835|14680427|327914
1200000|1|6000|3|3|0|0|288000|1836|14688427|197094
1200000|1|6000|3|3|1|2|288000|1836|14688427|328242
1200000|1|6000|3|3|0|0|288000|1837|14696426|197299
1200000|1|6000|3|3|1|2|288000|1837|14696426|328856
1200000|1|6000|3|3|0|0|288000|1838|14704426|198365
1200000|1|6000|3|3|1|2|288000|1838|14704426|329267
1200000|1|6000|3|3|0|0|288000|1839|14712426|199431
1200000|1|6000|3|3|1|2|288000|1839|14712426|329636
1200000|1|6000|3|3|0|0|288000|1840|14720426|200292
1200000|1|6000|3|3|1|2|288000|1840|14720426|329594
1200000|1|6000|3|3|0|0|288000|1841|14728426|200825
1200000|1|6000|3|3|1|2|288000|1841|14728426|330332
1200000|1|6000|3|3|0|0|288000|1842|14736426|201686
1200000|1|6000|3|3|1|2|288000|1842|14736426|330045
1200000|1|6000|3|3|0|0|288000|1843|14744427|202465
1200000|1|6000|3|3|1|2|288000|1843|14744427|330210
1200000|1|6000|3|3|0|0|288000|1844|14752427|203080
1200000|1|6000|3|3|1|2|288000|1844|14752427|330086
1200000|1|6000|3|3|0|0|288000|1845|14760427|203326
1200000|1|6000|3|3|1|2|288000|1845|14760427|330332
1200000|1|6000|3|3|0|0|288000|1846|14768428|203080
1200000|1|6000|3|3|1|2|288000|1846|14768428|330619
1200000|1|6000|3|3|0|0|288000|1847|14776429|202506
1200000|1|6000|3|3|1|2|288000|1847|14776429|330867
1200000|1|6000|3|3|0|0|288000|1848|14784429|202342
1200000|1|6000|3|3|1|2|288000|1848|14784429|331194
1200000|1|6000|3|3|0|0|288000|1849|14792429|202260
1200000|1|6000|3|3|1|2|288000|1849|14792429|331604
1200000|1|6000|3|3|0|0|288000|1850|14800429|202342
1200000|1|6000|3|3|1|2|288000|1850|14800429|331809
1200000|1|6000|3|3|0|0|288000|1851|14808428|201973
1200000|1|6000|3|3|1|2|288000|1851|14808428|331686
1200000|1|6000|3|3|0|0|288000|1852|14816428|201891
1200000|1|6000|3|3|1|2|288000|1852|14816428|332262
1200000|1|6000|3|3|0|0|288000|1853|14824429|202219
1200000|1|6000|3|3|1|2|288000|1853|14824429|332178
1200000|1|6000|3|3|0|0|288000|1854|14832429|202670
1200000|1|6000|3|3|1|2|288000|1854|14832429|331931
1200000|1|6000|3|3|0|0|288000|1855|14840429|201932
1200000|1|6000|3|3|1|2|288000|1855|14840429|331153
1200000|1|6000|3|3|0|0|288000|1856|14848428|201973
1200000|1|6000|3|3|1|2|288000|1856|14848428|330742
1200000|1|6000|3|3|0|0|288000|1857|14856428|201481
1200000|1|6000|3|3|1|2|288000|1857|14856428|330498
1200000|1|6000|3|3|0|0|288000|1858|14864429|201440
1200000|1|6000|3|3|1|2|288000|1858|14864429|330701
1200000|1|6000|3|3|0|0|288000|1859|14872429|200825
1200000|1|6000|3|3|1|2|288000|1859|14872429|330742
1200000|1|6000|3|3|0|0|288000|1860|14880430|200210
1200000|1|6000|3|3|1|2|288000|1860|14880430|330826
1200000|1|6000|3|3|0|0|288000|1861|14888430|200169
1200000|1|6000|3|3|1|2|288000|1861|14888430|330826
1200000|1|6000|3|3|0|0|288000|1862|14896430|199349
1200000|1|6000|3|3|1|2|288000|1862|14896430|331109
1200000|1|6000|3|3|0|0|288000|1863|14904430|198693
1200000|1|6000|3|3|1|2|288000|1863|14904430|331273
1200000|1|6000|3|3|0|0|288000|1864|14912431|197791
1200000|1|6000|3|3|1|2|288000|1864|14912431|331606
1200000|1|6000|3|3|0|0|288000|1865|14920431|196971
1200000|1|6000|3|3|1|2|288000|1865|14920431|331357
1200000|1|6000|3|3|0|0|288000|1866|14928431|195864
1200000|1|6000|3|3|1|2|288000|1866|14928431|331234
1200000|1|6000|3|3|0|0|288000|1867|14936431|195167
1200000|1|6000|3|3|1|2|288000|1867|14936431|331276
1200000|1|6000|3|3|0|0|288000|1868|14944431|194552
1200000|1|6000|3|3|1|2|288000|1868|14944431|330782
1200000|1|6000|3|3|0|0|288000|1869|14952431|193650
1200000|1|6000|3|3|1|2|288000|1869|14952431|330947
1200000|1|6000|3|3|0|0|288000|1870|14960431|194019
1200000|1|6000|3|3|1|2|288000|1870|14960431|330620
1200000|1|6000|3|3|0|0|288000|1871|14968431|193404
1200000|1|6000|3|3|1|2|288000|1871|14968431|330701
1200000|1|6000|3|3|0|0|288000|1872|14976431|193158
1200000|1|6000|3|3|1|2|288000|1872|14976431|331070
1200000|1|6000|3|3|0|0|288000|1873|14984432|192256
1200000|1|6000|3|3|1|2|288000|1873|14984432|331603
1200000|1|6000|3|3|0|0|288000|1874|14992433|191682
1200000|1|6000|3|3|1|2|288000|1874|14992433|332095
1200000|1|6000|3|3|0|0|288000|1875|15000434|190780
1200000|1|6000|3|3|1|2|288000|1875|15000434|332218
1200000|1|6000|3|3|0|0|288000|1876|15008433|191436
1200000|1|6000|3|3|1|2|288000|1876|15008433|332589
1200000|1|6000|3|3|0|0|288000|1877|15016434|190985
1200000|1|6000|3|3|1|2|288000|1877|15016434|332915
1200000|1|6000|3|3|0|0|288000|1878|15024435|191067
1200000|1|6000|3|3|1|2|288000|1878|15024435|333901
1200000|1|6000|3|3|0|0|288000|1879|15032436|191067
1200000|1|6000|3|3|1|2|288000|1879|15032436|335170
1200000|1|6000|3|3|0|0|288000|1880|15040438|190575
1200000|1|6000|3|3|1|2|288000|1880|15040438|335539
1200000|1|6000|3|3|0|0|288000|1881|15048439|191108
1200000|1|6000|3|3|1|2|288000|1881|15048439|336237
1200000|1|6000|3|3|0|0|288000|1882|15056440|190698
1200000|1|6000|3|3|1|2|288000|1882|15056440|336808
1200000|1|6000|3|3|0|0|288000|1883|15064441|190698
1200000|1|6000|3|3|1|2|288000|1883|15064441|337959
1200000|1|6000|3|3|0|0|288000|1884|15072443|190124
1200000|1|6000|3|3|1|2|288000|1884|15072443|338411
1200000|1|6000|3|3|0|0|288000|1885|15080444|189837
1200000|1|6000|3|3|1|2|288000|1885|15080444|337794
1200000|1|6000|3|3|0|0|288000|1886|15088444|189468
1200000|1|6000|3|3|1|2|288000|1886|15088444|337835
1200000|1|6000|3|3|0|0|288000|1887|15096444|189345
1200000|1|6000|3|3|1|2|288000|1887|15096444|337261
1200000|1|6000|3|3|0|0|288000|1888|15104443|189058
1200000|1|6000|3|3|1|2|288000|1888|15104443|337999
1200000|1|6000|3|3|0|0|288000|1889|15112444|188525
1200000|1|6000|3|3|1|2|288000|1889|15112444|337835
1200000|1|6000|3|3|0|0|288000|1890|15120445|188033
1200000|1|6000|3|3|1|2|288000|1890|15120445|337959
1200000|1|6000|3|3|0|0|288000|1891|15128446|187336
1200000|1|6000|3|3|1|2|288000|1891|15128446|337959
1200000|1|6000|3|3|0|0|288000|1892|15136446|186967
1200000|1|6000|3|3|1|2|288000|1892|15136446|338283
1200000|1|6000|3|3|0|0|288000|1893|15144447|186311
1200000|1|6000|3|3|1|2|288000|1893|15144447|337997
1200000|1|6000|3|3|0|0|288000|1894|15152446|186188
1200000|1|6000|3|3|1|2|288000|1894|15152446|337956
1200000|1|6000|3|3|0|0|288000|1895|15160446|185737
1200000|1|6000|3|3|1|2|288000|1895|15160446|337589
1200000|1|6000|3|3|0|0|288000|1896|15168445|185368
1200000|1|6000|3|3|1|2|288000|1896|15168445|337342
1200000|1|6000|3|3|0|0|288000|1897|15176445|184999
1200000|1|6000|3|3|1|2|288000|1897|15176445|337098
1200000|1|6000|3|3|0|0|288000|1898|15184444|185368
1200000|1|6000|3|3|1|2|288000|1898|15184444|336647
1200000|1|6000|3|3|0|0|288000|1899|15192444|185409
1200000|1|6000|3|3|1|2|288000|1899|15192444|336397
1200000|1|6000|3|3|0|0|288000|1900|15200444|185942
1200000|1|6000|3|3|1|2|288000|1900|15200444|336400
1200000|1|6000|3|3|0|0|288000|1901|15208444|185819
1200000|1|6000|3|3|1|2|288000|1901|15208444|336687
1200000|1|6000|3|3|0|0|288000|1902|15216445|185901
1200000|1|6000|3|3|1|2|288000|1902|15216445|336606
1200000|1|6000|3|3|0|0|288000|1903|15224445|185614
1200000|1|6000|3|3|1|2|288000|1903|15224445|337261
1200000|1|6000|3|3|0|0|288000|1904|15232446|185696
1200000|1|6000|3|3|1|2|288000|1904|15232446|337504
1200000|1|6000|3|3|0|0|288000|1905|15240447|185532
1200000|1|6000|3|3|1|2|288000|1905|15240447|337509
1200000|1|6000|3|3|0|0|288000|1906|15248447|185122
1200000|1|6000|3|3|1|2|288000|1906|15248447|337631
1200000|1|6000|3|3|0|0|288000|1907|15256447|184507
1200000|1|6000|3|3|1|2|288000|1907|15256447|336933
1200000|1|6000|3|3|0|0|288000|1908|15264447|184466
1200000|1|6000|3|3|1|2|288000|1908|15264447|337220
1200000|1|6000|3|3|0|0|288000|1909|15272448|183892
1200000|1|6000|3|3|1|2|288000|1909|15272448|336974
1200000|1|6000|3|3|0|0|288000|1910|15280447|183933
1200000|1|6000|3|3|1|2|288000|1910|15280447|336605
1200000|1|6000|3|3|0|0|288000|1911|15288447|183482
1200000|1|6000|3|3|1|2|288000|1911|15288447|335704
1200000|1|6000|3|3|0|0|288000|1912|15296447|183236
1200000|1|6000|3|3|1|2|288000|1912|15296447|335703
1200000|1|6000|3|3|0|0|288000|1913|15304447|182498
1200000|1|6000|3|3|1|2|288000|1913|15304447|335457
1200000|1|6000|3|3|0|0|288000|1914|15312447|183195
1200000|1|6000|3|3|1|2|288000|1914|15312447|335581
1200000|1|6000|3|3|0|0|288000|1915|15320447|183769
1200000|1|6000|3|3|1|2|288000|1915|15320447|334965
1200000|1|6000|3|3|0|0|288000|1916|15328447|183400
1200000|1|6000|3|3|1|2|288000|1916|15328447|335129
1200000|1|6000|3|3|0|0|288000|1917|15336448|183564
1200000|1|6000|3|3|1|2|288000|1917|15336448|335536
1200000|1|6000|3|3|0|0|288000|1918|15344449|183851
1200000|1|6000|3|3|1|2|288000|1918|15344449|335825
1200000|1|6000|3|3|0|0|288000|1919|15352450|184179
1200000|1|6000|3|3|1|2|288000|1919|15352450|336977
1200000|1|6000|3|3|0|0|288000|1920|15360451|184589
1200000|1|6000|3|3|1|2|288000|1920|15360451|336728
1200000|1|6000|3|3|0|0|288000|1921|15368452|185122
1200000|1|6000|3|3|1|2|288000|1921|15368452|337876
1200000|1|6000|3|3|0|0|288000|1922|15376454|184343
1200000|1|6000|3|3|1|2|288000|1922|15376454|338247
1200000|1|6000|3|3|0|0|288000|1923|15384454|184097
1200000|1|6000|3|3|1|2|288000|1923|15384454|339026
1200000|1|6000|3|3|0|0|288000|1924|15392455|183441
1200000|1|6000|3|3|1|2|288000|1924|15392455|339308
1200000|1|6000|3|3|0|0|288000|1925|15400455|182785
1200000|1|6000|3|3|1|2|288000|1925|15400455|340010
1200000|1|6000|3|3|0|0|288000|1926|15408456|182662
1200000|1|6000|3|3|1|2|288000|1926|15408456|340706
1200000|1|6000|3|3|0|0|288000|1927|15416457|181719
1200000|1|6000|3|3|1|2|288000|1927|15416457|340827
1200000|1|6000|3|3|0|0|288000|1928|15424458|181719
1200000|1|6000|3|3|1|2|288000|1928|15424458|342386
1200000|1|6000|3|3|0|0|288000|1929|15432460|180940
1200000|1|6000|3|3|1|2|288000|1929|15432460|343614
1200000|1|6000|3|3|0|0|288000|1930|15440462|181309
1200000|1|6000|3|3|1|2|288000|1930|15440462|345339
1200000|1|6000|3|3|0|0|288000|1931|15448465|181801
1200000|1|6000|3|3|1|2|288000|1931|15448465|346814
1200000|1|6000|3|3|0|0|288000|1932|15456467|182826
1200000|1|6000|3|3|1|2|288000|1932|15456467|346935
1200000|1|6000|3|3|0|0|288000|1933|15464468|183851
1200000|1|6000|3|3|1|2|288000|1933|15464468|346857
1200000|1|6000|3|3|0|0|288000|1934|15472468|184343
1200000|1|6000|3|3|1|2|288000|1934|15472468|347470
1200000|1|6000|3|3|0|0|288000|1935|15480469|184794
1200000|1|6000|3|3|1|2|288000|1935|15480469|347714
1200000|1|6000|3|3|0|0|288000|1936|15488469|184794
1200000|1|6000|3|3|1|2|288000|1936|15488469|348577
1200000|1|6000|3|3|0|0|288000|1937|15496471|185204
1200000|1|6000|3|3|1|2|288000|1937|15496471|349234
1200000|1|6000|3|3|0|0|288000|1938|15504472|185081
1200000|1|6000|3|3|1|2|288000|1938|15504472|350588
1200000|1|6000|3|3|0|0|288000|1939|15512475|185163
1200000|1|6000|3|3|1|2|288000|1939|15512475|351119
1200000|1|6000|3|3|0|0|288000|1940|15520476|184630
1200000|1|6000|3|3|1|2|288000|1940|15520476|351285
1200000|1|6000|3|3|0|0|288000|1941|15528477|184302
1200000|1|6000|3|3|1|2|288000|1941|15528477|351121
1200000|1|6000|3|3|0|0|288000|1942|15536476|184548
1200000|1|6000|3|3|1|2|288000|1942|15536476|349520
1200000|1|6000|3|3|0|0|288000|1943|15544475|184302
1200000|1|6000|3|3|1|2|288000|1943|15544475|348864
1200000|1|6000|3|3|0|0|288000|1944|15552475|184466
1200000|1|6000|3|3|1|2|288000|1944|15552475|347841
1200000|1|6000|3|3|0|0|288000|1945|15560474|184056
1200000|1|6000|3|3|1|2|288000|1945|15560474|347225
1200000|1|6000|3|3|0|0|288000|1946|15568474|184917
1200000|1|6000|3|3|1|2|288000|1946|15568474|346155
1200000|1|6000|3|3|0|0|288000|1947|15576473|185737
1200000|1|6000|3|3|1|2|288000|1947|15576473|345257
1200000|1|6000|3|3|0|0|288000|1948|15584472|186516
1200000|1|6000|3|3|1|2|288000|1948|15584472|345008
1200000|1|6000|3|3|0|0|288000|1949|15592473|187008
1200000|1|6000|3|3|1|2|288000|1949|15592473|345297
1200000|1|6000|3|3|0|0|288000|1950|15600474|187664
1200000|1|6000|3|3|1|2|288000|1950|15600474|346240
1200000|1|6000|3|3|0|0|288000|1951|15608475|188156
1200000|1|6000|3|3|1|2|288000|1951|15608475|346610
1200000|1|6000|3|3|0|0|288000|1952|15616476|188935
1200000|1|6000|3|3|1|2|288000|1952|15616476|346939
1200000|1|6000|3|3|0|0|288000|1953|15624476|189181
1200000|1|6000|3|3|1|2|288000|1953|15624476|346938
1200000|1|6000|3|3|0|0|288000|1954|15632477|188894
1200000|1|6000|3|3|1|2|288000|1954|15632477|347223
1200000|1|6000|3|3|0|0|288000|1955|15640477|187992
1200000|1|6000|3|3|1|2|288000|1955|15640477|346691
1200000|1|6000|3|3|0|0|288000|1956|15648477|188033
1200000|1|6000|3|3|1|2|288000|1956|15648477|346405
1200000|1|6000|3|3|0|0|288000|1957|15656477|187664
1200000|1|6000|3|3|1|2|288000|1957|15656477|345586
1200000|1|6000|3|3|0|0|288000|1958|15664476|187869
1200000|1|6000|3|3|1|2|288000|1958|15664476|345790
1200000|1|6000|3|3|0|0|288000|1959|15672477|187951
1200000|1|6000|3|3|1|2|288000|1959|15672477|345748
1200000|1|6000|3|3|0|0|288000|1960|15680476|187992
1200000|1|6000|3|3|1|2|288000|1960|15680476|345830
1200000|1|6000|3|3|0|0|288000|1961|15688477|187582
1200000|1|6000|3|3|1|2|288000|1961|15688477|345909
1200000|1|6000|3|3|0|0|288000|1962|15696477|188115
1200000|1|6000|3|3|1|2|288000|1962|15696477|345995
1200000|1|6000|3|3|0|0|288000|1963|15704478|189140
1200000|1|6000|3|3|1|2|288000|1963|15704478|345996
1200000|1|6000|3|3|0|0|288000|1964|15712477|188689
1200000|1|6000|3|3|1|2|288000|1964|15712477|346281
1200000|1|6000|3|3|0|0|288000|1965|15720479|188443
1200000|1|6000|3|3|1|2|288000|1965|15720479|347429
1200000|1|6000|3|3|0|0|288000|1966|15728480|188320
1200000|1|6000|3|3|1|2|288000|1966|15728480|347839
1200000|1|6000|3|3|0|0|288000|1967|15736482|188484
1200000|1|6000|3|3|1|2|288000|1967|15736482|348577
1200000|1|6000|3|3|0|0|288000|1968|15744484|188443
1200000|1|6000|3|3|1|2|288000|1968|15744484|349151
1200000|1|6000|3|3|0|0|288000|1969|15752485|188484
1200000|1|6000|3|3|1|2|288000|1969|15752485|350012
1200000|1|6000|3|3|0|0|288000|1970|15760487|187828
1200000|1|6000|3|3|1|2|288000|1970|15760487|351079
1200000|1|6000|3|3|0|0|288000|1971|15768489|187131
1200000|1|6000|3|3|1|2|288000|1971|15768489|350915
1200000|1|6000|3|3|0|0|288000|1972|15776489|186393
1200000|1|6000|3|3|1|2|288000|1972|15776489|351325
1200000|1|6000|3|3|0|0|288000|1973|15784490|185696
1200000|1|6000|3|3|1|2|288000|1973|15784490|350548
1200000|1|6000|3|3|0|0|288000|1974|15792489|184835
1200000|1|6000|3|3|1|2|288000|1974|15792489|351325
1200000|1|6000|3|3|0|0|288000|1975|15800490|184630
1200000|1|6000|3|3|1|2|288000|1975|15800490|350956
1200000|1|6000|3|3|0|0|288000|1976|15808490|183728
1200000|1|6000|3|3|1|2|288000|1976|15808490|350915
1200000|1|6000|3|3|0|0|288000|1977|15816490|183072
1200000|1|6000|3|3|1|2|288000|1977|15816490|350627
1200000|1|6000|3|3|0|0|288000|1978|15824489|183277
1200000|1|6000|3|3|1|2|288000|1978|15824489|350996
1200000|1|6000|3|3|0|0|288000|1979|15832490|183523
1200000|1|6000|3|3|1|2|288000|1979|15832490|350625
1200000|1|6000|3|3|0|0|288000|1980|15840490|184712
1200000|1|6000|3|3|1|2|288000|1980|15840490|351326
1200000|1|6000|3|3|0|0|288000|1981|15848492|185204
1200000|1|6000|3|3|1|2|288000|1981|15848492|352393
1200000|1|6000|3|3|0|0|288000|1982|15856494|185614
1200000|1|6000|3|3|1|2|288000|1982|15856494|353293
1200000|1|6000|3|3|0|0|288000|1983|15864496|185860
1200000|1|6000|3|3|1|2|288000|1983|15864496|354030
1200000|1|6000|3|3|0|0|288000|1984|15872497|185901
1200000|1|6000|3|3|1|2|288000|1984|15872497|354769
1200000|1|6000|3|3|0|0|288000|1985|15880499|185860
1200000|1|6000|3|3|1|2|288000|1985|15880499|355344
1200000|1|6000|3|3|0|0|288000|1986|15888500|185409
1200000|1|6000|3|3|1|2|288000|1986|15888500|355876
1200000|1|6000|3|3|0|0|288000|1987|15896502|184671
1200000|1|6000|3|3|1|2|288000|1987|15896502|356369
1200000|1|6000|3|3|0|0|288000|1988|15904502|184507
1200000|1|6000|3|3|1|2|288000|1988|15904502|356284
1200000|1|6000|3|3|0|0|288000|1989|15912503|184589
1200000|1|6000|3|3|1|2|288000|1989|15912503|355957
1200000|1|6000|3|3|0|0|288000|1990|15920502|184917
1200000|1|6000|3|3|1|2|288000|1990|15920502|355672
1200000|1|6000|3|3|0|0|288000|1991|15928502|185245
1200000|1|6000|3|3|1|2|288000|1991|15928502|354932
1200000|1|6000|3|3|0|0|288000|1992|15936502|185737
1200000|1|6000|3|3|1|2|288000|1992|15936502|355381
1200000|1|6000|3|3|0|0|288000|1993|15944503|186106
1200000|1|6000|3|3|1|2|288000|1993|15944503|355384
1200000|1|6000|3|3|0|0|288000|1994|15952503|185737
1200000|1|6000|3|3|1|2|288000|1994|15952503|355588
1200000|1|6000|3|3|0|0|288000|1995|15960503|184958
1200000|1|6000|3|3|1|2|288000|1995|15960503|355424
1200000|1|6000|3|3|0|0|288000|1996|15968503|183974
1200000|1|6000|3|3|1|2|288000|1996|15968503|356572
1200000|1|6000|3|3|0|0|288000|1997|15976504|183687
1200000|1|6000|3|3|1|2|288000|1997|15976504|357228
1200000|1|6000|3|3|0|0|288000|1998|15984506|183400
1200000|1|6000|3|3|1|2|288000|1998|15984506|358007
1200000|1|6000|3|3|0|0|288000|1999|15992508|183359
1200000|1|6000|3|3|1|2|288000|1999|15992508|358827
1200000|1|6000|3|4|0|0|288000|0|0|285098
1200000|1|6000|3|4|1|2|288000|0|0|277450
1200000|1|6000|3|4|0|0|288000|1|7987|285039
1200000|1|6000|3|4|1|2|288000|1|7987|275195
1200000|1|6000|3|4|0|0|288000|2|15981|285490
1200000|1|6000|3|4|1|2|288000|2|15981|274457
1200000|1|6000|3|4|0|0|288000|3|23978|285982
1200000|1|6000|3|4|1|2|288000|3|23978|274334
1200000|1|6000|3|4|0|0|288000|4|31978|285531
1200000|1|6000|3|4|1|2|288000|4|31978|274990
1200000|1|6000|3|4|0|0|288000|5|39978|285900
1200000|1|6000|3|4|1|2|288000|5|39978|275974
1200000|1|6000|3|4|0|0|288000|6|47979|285982
1200000|1|6000|3|4|1|2|288000|6|47979|276220
1200000|1|6000|3|4|0|0|288000|7|55979|285818
1200000|1|6000|3|4|1|2|288000|7|55979|276343
1200000|1|6000|3|4|0|0|288000|8|63979|285695
1200000|1|6000|3|4|1|2|288000|8|63979|276425
1200000|1|6000|3|4|0|0|288000|9|71980|285367
1200000|1|6000|3|4|1|2|288000|9|71980|276999
1200000|1|6000|3|4|0|0|288000|10|79981|285244
1200000|1|6000|3|4|1|2|288000|10|79981|277040
1200000|1|6000|3|4|0|0|288000|11|87982|284875
1200000|1|6000|3|4|1|2|288000|11|87982|277778
1200000|1|6000|3|4|0|0|288000|12|95983|284260
1200000|1|6000|3|4|1|2|288000|12|95983|277983
1200000|1|6000|3|4|0|0|288000|13|103984|284506
1200000|1|6000|3|4|1|2|288000|13|103984|278885
1200000|1|6000|3|4|0|0|288000|14|111986|284260
1200000|1|6000|3|4|1|2|288000|14|111986|279992
1200000|1|6000|3|4|0|0|288000|15|119988|284055
1200000|1|6000|3|4|1|2|288000|15|119988|280115
1200000|1|6000|3|4|0|0|288000|16|127988|283563
1200000|1|6000|3|4|1|2|288000|16|127988|279828
1200000|1|6000|3|4|0|0|288000|17|135989|283358
1200000|1|6000|3|4|1|2|288000|17|135989|279541
1200000|1|6000|3|4|0|0|288000|18|143989|283112
1200000|1|6000|3|4|1|2|288000|18|143989|279459
1200000|1|6000|3|4|0|0|288000|19|151990|284055
1200000|1|6000|3|4|1|2|288000|19|151990|279459
1200000|1|6000|3|4|0|0|288000|20|159991|283727
1200000|1|6000|3|4|1|2|288000|20|159991|278967
1200000|1|6000|3|4|0|0|288000|21|167991|284219
1200000|1|6000|3|4|1|2|288000|21|167991|277819
1200000|1|6000|3|4|0|0|288000|22|175990|283973
1200000|1|6000|3|4|1|2|288000|22|175990|277573
1200000|1|6000|3|4|0|0|288000|23|183990|284178
1200000|1|6000|3|4|1|2|288000|23|183990|277409
1200000|1|6000|3|4|0|0|288000|24|191989|284342
1200000|1|6000|3|4|1|2|288000|24|191989|277286
1200000|1|6000|3|4|0|0|288000|25|199989|284998
1200000|1|6000|3|4|1|2|288000|25|199989|276671
1200000|1|6000|3|4|0|0|288000|26|207988|284465
1200000|1|6000|3|4|1|2|288000|26|207988|276425
1200000|1|6000|3|4|0|0|288000|27|215988|284670
1200000|1|6000|3|4|1|2|288000|27|215988|276138
1200000|1|6000|3|4|0|0|288000|28|223987|284342
1200000|1|6000|3|4|1|2|288000|28|223987|276753
1200000|1|6000|3|4|0|0|288000|29|231988|284219
1200000|1|6000|3|4|1|2|288000|29|231988|277040
1200000|1|6000|3|4|0|0|288000|30|239989|284424
1200000|1|6000|3|4|1|2|288000|30|239989|277532
1200000|1|6000|3|4|0|0|288000|31|247990|284588
1200000|1|6000|3|4|1|2|288000|31|247990|277983
1200000|1|6000|3|4|0|0|288000|32|255990|284670
1200000|1|6000|3|4|1|2|288000|32|255990|278598
1200000|1|6000|3|4|0|0|288000|33|263991|284793
1200000|1|6000|3|4|1|2|288000|33|263991|279295
1200000|1|6000|3|4|0|0|288000|34|271992|285080
1200000|1|6000|3|4|1|2|288000|34|271992|280361
1200000|1|6000|3|4|0|0|288000|35|279993|285162
1200000|1|6000|3|4|1|2|288000|35|279993|280894
1200000|1|6000|3|4|0|0|288000|36|287993|286023
1200000|1|6000|3|4|1|2|288000|36|287993|281222
1200000|1|6000|3|4|0|0|288000|37|295993|286474
1200000|1|6000|3|4|1|2|288000|37|295993|282001
1200000|1|6000|3|4|0|0|288000|38|303993|287417
1200000|1|6000|3|4|1|2|288000|38|303993|282452
1200000|1|6000|3|4|0|0|288000|39|311993|288073
1200000|1|6000|3|4|1|2|288000|39|311993|283108
1200000|1|6000|3|4|0|0|288000|40|319993|288729
1200000|1|6000|3|4|1|2|288000|40|319993|283723
1200000|1|6000|3|4|0|0|288000|41|327994|288401
1200000|1|6000|3|4|1|2|288000|41|327994|284461
1200000|1|6000|3|4|0|0|288000|42|335995|288483
1200000|1|6000|3|4|1|2|288000|42|335995|284871
1200000|1|6000|3|4|0|0|288000|43|343995|287417
1200000|1|6000|3|4|1|2|288000|43|343995|284584
1200000|1|6000|3|4|0|0|288000|44|351995|286802
1200000|1|6000|3|4|1|2|288000|44|351995|283928
1200000|1|6000|3|4|0|0|288000|45|359993|286023
1200000|1|6000|3|4|1|2|288000|45|359993|283272
1200000|1|6000|3|4|0|0|288000|46|367993|285695
1200000|1|6000|3|4|1|2|288000|46|367993|282370
1200000|1|6000|3|4|0|0|288000|47|375993|285408
1200000|1|6000|3|4|1|2|288000|47|375993|282042
1200000|1|6000|3|4|0|0|288000|48|383992|284711
1200000|1|6000|3|4|1|2|288000|48|383992|281550
1200000|1|6000|3|4|0|0|288000|49|391992|285449
1200000|1|6000|3|4|1|2|288000|49|391992|281427
1200000|1|6000|3|4|0|0|288000|50|399992|285572
1200000|1|6000|3|4|1|2|288000|50|399992|282247
1200000|1|6000|3|4|0|0|288000|51|407993|286392
1200000|1|6000|3|4|1|2|288000|51|407993|283108
1200000|1|6000|3|4|0|0|288000|52|415995|286392
1200000|1|6000|3|4|1|2|288000|52|415995|282616
1200000|1|6000|3|4|0|0|288000|53|423994|286720
1200000|1|6000|3|4|1|2|288000|53|423994|281345
1200000|1|6000|3|4|0|0|288000|54|431993|286433
1200000|1|6000|3|4|1|2|288000|54|431993|280935
1200000|1|6000|3|4|0|0|288000|55|439993|286433
1200000|1|6000|3|4|1|2|288000|55|439993|279992
1200000|1|6000|3|4|0|0|288000|56|447992|285736
1200000|1|6000|3|4|1|2|288000|56|447992|278680
1200000|1|6000|3|4|0|0|288000|57|455991|285203
1200000|1|6000|3|4|1|2|288000|57|455991|277286
1200000|1|6000|3|4|0|0|288000|58|463990|284629
1200000|1|6000|3|4|1|2|288000|58|463990|276589
1200000|1|6000|3|4|0|0|288000|59|471990|284342
1200000|1|6000|3|4|1|2|288000|59|471990|276425
1200000|1|6000|3|4|0|0|288000|60|479990|284055
1200000|1|6000|3|4|1|2|288000|60|479990|275892
1200000|1|6000|3|4|0|0|288000|61|487991|283235
1200000|1|6000|3|4|1|2|288000|61|487991|276015
1200000|1|6000|3|4|0|0|288000|62|495991|282497
1200000|1|6000|3|4|1|2|288000|62|495991|275646
1200000|1|6000|3|4|0|0|288000|63|503992|282333
1200000|1|6000|3|4|1|2|288000|63|503992|274703
1200000|1|6000|3|4|0|0|288000|64|511992|282210
1200000|1|6000|3|4|1|2|288000|64|511992|274498
1200000|1|6000|3|4|0|0|288000|65|519993|282005
1200000|1|6000|3|4|1|2|288000|65|519993|273719
1200000|1|6000|3|4|0|0|288000|66|527993|281226
1200000|1|6000|3|4|1|2|288000|66|527993|272981
1200000|1|6000|3|4|0|0|288000|67|535993|281103
1200000|1|6000|3|4|1|2|288000|67|535993|271915
1200000|1|6000|3|4|0|0|288000|68|543992|280365
1200000|1|6000|3|4|1|2|288000|68|543992|271136
1200000|1|6000|3|4|0|0|288000|69|551992|279586
1200000|1|6000|3|4|1|2|288000|69|551992|269619
1200000|1|6000|3|4|0|0|288000|70|559992|278971
1200000|1|6000|3|4|1|2|288000|70|559992|268963
1200000|1|6000|3|4|0|0|288000|71|567992|277782
1200000|1|6000|3|4|1|2|288000|71|567992|268594
1200000|1|6000|3|4|0|0|288000|72|575992|277085
1200000|1|6000|3|4|1|2|288000|72|575992|267774
1200000|1|6000|3|4|0|0|288000|73|583993|276388
1200000|1|6000|3|4|1|2|288000|73|583993|267446
1200000|1|6000|3|4|0|0|288000|74|591994|275609
1200000|1|6000|3|4|1|2|288000|74|591994|266626
1200000|1|6000|3|4|0|0|288000|75|599994|274748
1200000|1|6000|3|4|1|2|288000|75|599994|266257
1200000|1|6000|3|4|0|0|288000|76|607995|274133
1200000|1|6000|3|4|1|2|288000|76|607995|265929
1200000|1|6000|3|4|0|0|288000|77|615995|274051
1200000|1|6000|3|4|1|2|288000|77|615995|265437
1200000|1|6000|3|4|0|0|288000|78|623996|273354
1200000|1|6000|3|4|1|2|288000|78|623996|265273
1200000|1|6000|3|4|0|0|288000|79|631996|272575
1200000|1|6000|3|4|1|2|288000|79|631996|264904
1200000|1|6000|3|4|0|0|288000|80|639997|272124
1200000|1|6000|3|4|1|2|288000|80|639997|264412
1200000|1|6000|3|4|0|0|288000|81|647997|271468
1200000|1|6000|3|4|1|2|288000|81|647997|264330
1200000|1|6000|3|4|0|0|288000|82|655998|271304
1200000|1|6000|3|4|1|2|288000|82|655998|264330
1200000|1|6000|3|4|0|0|288000|83|663998|270607
1200000|1|6000|3|4|1|2|288000|83|663998|264699
1200000|1|6000|3|4|0|0|288000|84|671998|270402
1200000|1|6000|3|4|1|2|288000|84|671998|264863
1200000|1|6000|3|4|0|0|288000|85|679999|269869
1200000|1|6000|3|4|1|2|288000|85|679999|264412
1200000|1|6000|3|4|0|0|288000|86|687999|269787
1200000|1|6000|3|4|1|2|288000|86|687999|264535
1200000|1|6000|3|4|0|0|288000|87|695999|269295
1200000|1|6000|3|4|1|2|288000|87|695999|264207
1200000|1|6000|3|4|0|0|288000|88|703999|269787
1200000|1|6000|3|4|1|2|288000|88|703999|264453
1200000|1|6000|3|4|0|0|288000|89|712000|270279
1200000|1|6000|3|4|1|2|288000|89|712000|264371
1200000|1|6000|3|4|0|0|288000|90|720000|270361
1200000|1|6000|3|4|1|2|288000|90|720000|264084
1200000|1|6000|3|4|0|0|288000|91|728000|270443
1200000|1|6000|3|4|1|2|288000|91|728000|263346
1200000|1|6000|3|4|0|0|288000|92|736000|269869
1200000|1|6000|3|4|1|2|288000|92|736000|262854
1200000|1|6000|3|4|0|0|288000|93|744000|270443
1200000|1|6000|3|4|1|2|288000|93|744000|262567
1200000|1|6000|3|4|0|0|288000|94|752001|269910
1200000|1|6000|3|4|1|2|288000|94|752001|262403
1200000|1|6000|3|4|0|0|288000|95|760001|269992
1200000|1|6000|3|4|1|2|288000|95|760001|261952
1200000|1|6000|3|4|0|0|288000|96|768001|270033
1200000|1|6000|3|4|1|2|288000|96|768001|262075
1200000|1|6000|3|4|0|0|288000|97|776001|269828
1200000|1|6000|3|4|1|2|288000|97|776001|261788
1200000|1|6000|3|4|0|0|288000|98|784001|269542
1200000|1|6000|3|4|1|2|288000|98|784001|261747
1200000|1|6000|3|4|0|0|288000|99|792001|269336
1200000|1|6000|3|4|1|2|288000|99|792001|262362
1200000|1|6000|3|4|0|0|288000|100|800002|269500
1200000|1|6000|3|4|1|2|288000|100|800002|262198
1200000|1|6000|3|4|0|0|288000|101|808002|268967
1200000|1|6000|3|4|1|2|288000|101|808002|262526
1200000|1|6000|3|4|0|0|288000|102|816003|269008
1200000|1|6000|3|4|1|2|288000|102|816003|262198
1200000|1|6000|3|4|0|0|288000|103|824003|268641
1200000|1|6000|3|4|1|2|288000|103|824003|262485
1200000|1|6000|3|4|0|0|288000|104|832004|269377
1200000|1|6000|3|4|1|2|288000|104|832004|262526
1200000|1|6000|3|4|0|0|288000|105|840004|269664
1200000|1|6000|3|4|1|2|288000|105|840004|262239
1200000|1|6000|3|4|0|0|288000|106|848003|270074
1200000|1|6000|3|4|1|2|288000|106|848003|262239
1200000|1|6000|3|4|0|0|288000|107|856004|269746
1200000|1|6000|3|4|1|2|288000|107|856004|261870
1200000|1|6000|3|4|0|0|288000|108|864004|269869
1200000|1|6000|3|4|1|2|288000|108|864004|261788
1200000|1|6000|3|4|0|0|288000|109|872004|269336
1200000|1|6000|3|4|1|2|288000|109|872004|261091
1200000|1|6000|3|4|0|0|288000|110|880004|269418
1200000|1|6000|3|4|1|2|288000|110|880004|261460
1200000|1|6000|3|4|0|0|288000|111|888004|269582
1200000|1|6000|3|4|1|2|288000|111|888004|260066
1200000|1|6000|3|4|0|0|288000|112|896003|269336
1200000|1|6000|3|4|1|2|288000|112|896003|259984
1200000|1|6000|3|4|0|0|288000|113|904003|269787
1200000|1|6000|3|4|1|2|288000|113|904003|258918
1200000|1|6000|3|4|0|0|288000|114|912002|269746
1200000|1|6000|3|4|1|2|288000|114|912002|258385
1200000|1|6000|3|4|0|0|288000|115|920002|272083
1200000|1|6000|3|4|1|2|288000|115|920002|256089
1200000|1|6000|3|4|0|0|288000|116|928001|273354
1200000|1|6000|3|4|1|2|288000|116|928001|254654
1200000|1|6000|3|4|0|0|288000|117|936000|275568
1200000|1|6000|3|4|1|2|288000|117|936000|253629
1200000|1|6000|3|4|0|0|288000|118|943999|276757
1200000|1|6000|3|4|1|2|288000|118|943999|253260
1200000|1|6000|3|4|0|0|288000|119|952000|278192
1200000|1|6000|3|4|1|2|288000|119|952000|253055
1200000|1|6000|3|4|0|0|288000|120|960001|279832
1200000|1|6000|3|4|1|2|288000|120|960001|253711
1200000|1|6000|3|4|0|0|288000|121|968001|281267
1200000|1|6000|3|4|1|2|288000|121|968001|254654
1200000|1|6000|3|4|0|0|288000|122|976002|282825
1200000|1|6000|3|4|1|2|288000|122|976002|255105
1200000|1|6000|3|4|0|0|288000|123|984002|284588
1200000|1|6000|3|4|1|2|288000|123|984002|255392
1200000|1|6000|3|4|0|0|288000|124|992003|285818
1200000|1|6000|3|4|1|2|288000|124|992003|255474
1200000|1|6000|3|4|0|0|288000|125|1000003|287007
1200000|1|6000|3|4|1|2|288000|125|1000003|255515
1200000|1|6000|3|4|0|0|288000|126|1008003|287745
1200000|1|6000|3|4|1|2|288000|126|1008003|255433
1200000|1|6000|3|4|0|0|288000|127|1016003|288934
1200000|1|6000|3|4|1|2|288000|127|1016003|255392
1200000|1|6000|3|4|0|0|288000|128|1024003|289959
1200000|1|6000|3|4|1|2|288000|128|1024003|255515
1200000|1|6000|3|4|0|0|288000|129|1032003|290451
1200000|1|6000|3|4|1|2|288000|129|1032003|255187
1200000|1|6000|3|4|0|0|288000|130|1040003|291722
1200000|1|6000|3|4|1|2|288000|130|1040003|255679
1200000|1|6000|3|4|0|0|288000|131|1048003|292501
1200000|1|6000|3|4|1|2|288000|131|1048003|255515
1200000|1|6000|3|4|0|0|288000|132|1056003|293321
1200000|1|6000|3|4|1|2|288000|132|1056003|255925
1200000|1|6000|3|4|0|0|288000|133|1064003|293567
1200000|1|6000|3|4|1|2|288000|133|1064003|255884
1200000|1|6000|3|4|0|0|288000|134|1072003|294182
1200000|1|6000|3|4|1|2|288000|134|1072003|256376
1200000|1|6000|3|4|0|0|288000|135|1080004|294920
1200000|1|6000|3|4|1|2|288000|135|1080004|255556
1200000|1|6000|3|4|0|0|288000|136|1088004|295412
1200000|1|6000|3|4|1|2|288000|136|1088004|255925
1200000|1|6000|3|4|0|0|288000|137|1096005|295822
1200000|1|6000|3|4|1|2|288000|137|1096005|255638
1200000|1|6000|3|4|0|0|288000|138|1104005|296191
1200000|1|6000|3|4|1|2|288000|138|1104005|255269
1200000|1|6000|3|4|0|0|288000|139|1112005|296560
1200000|1|6000|3|4|1|2|288000|139|1112005|255474
1200000|1|6000|3|4|0|0|288000|140|1120005|297626
1200000|1|6000|3|4|1|2|288000|140|1120005|255105
1200000|1|6000|3|4|0|0|288000|141|1128006|298036
1200000|1|6000|3|4|1|2|288000|141|1128006|255597
1200000|1|6000|3|4|0|0|288000|142|1136007|298528
1200000|1|6000|3|4|1|2|288000|142|1136007|256294
1200000|1|6000|3|4|0|0|288000|143|1144008|299266
1200000|1|6000|3|4|1|2|288000|143|1144008|256950
1200000|1|6000|3|4|0|0|288000|144|1152009|299471
1200000|1|6000|3|4|1|2|288000|144|1152009|257196
1200000|1|6000|3|4|0|0|288000|145|1160010|300086
1200000|1|6000|3|4|1|2|288000|145|1160010|257483
1200000|1|6000|3|4|0|0|288000|146|1168011|299635
1200000|1|6000|3|4|1|2|288000|146|1168011|257852
1200000|1|6000|3|4|0|0|288000|147|1176012|300496
1200000|1|6000|3|4|1|2|288000|147|1176012|257606
1200000|1|6000|3|4|0|0|288000|148|1184013|300824
1200000|1|6000|3|4|1|2|288000|148|1184013|257155
1200000|1|6000|3|4|0|0|288000|149|1192013|301234
1200000|1|6000|3|4|1|2|288000|149|1192013|256335
1200000|1|6000|3|4|0|0|288000|150|1200013|301070
1200000|1|6000|3|4|1|2|288000|150|1200013|255966
1200000|1|6000|3|4|0|0|288000|151|1208013|301398
1200000|1|6000|3|4|1|2|288000|151|1208013|255638
1200000|1|6000|3|4|0|0|288000|152|1216013|301152
1200000|1|6000|3|4|1|2|288000|152|1216013|256048
1200000|1|6000|3|4|0|0|288000|153|1224014|301644
1200000|1|6000|3|4|1|2|288000|153|1224014|255966
1200000|1|6000|3|4|0|0|288000|154|1232014|301726
1200000|1|6000|3|4|1|2|288000|154|1232014|255433
1200000|1|6000|3|4|0|0|288000|155|1240015|301480
1200000|1|6000|3|4|1|2|288000|155|1240015|255351
1200000|1|6000|3|4|0|0|288000|156|1248015|300701
1200000|1|6000|3|4|1|2|288000|156|1248015|255023
1200000|1|6000|3|4|0|0|288000|157|1256015|300127
1200000|1|6000|3|4|1|2|288000|157|1256015|255679
1200000|1|6000|3|4|0|0|288000|158|1264016|299881
1200000|1|6000|3|4|1|2|288000|158|1264016|255515
1200000|1|6000|3|4|0|0|288000|159|1272015|299348
1200000|1|6000|3|4|1|2|288000|159|1272015|256294
1200000|1|6000|3|4|0|0|288000|160|1280016|299348
1200000|1|6000|3|4|1|2|288000|160|1280016|256089
1200000|1|6000|3|4|0|0|288000|161|1288016|299225
1200000|1|6000|3|4|1|2|288000|161|1288016|256745
1200000|1|6000|3|4|0|0|288000|162|1296016|299758
1200000|1|6000|3|4|1|2|288000|162|1296016|256048
1200000|1|6000|3|4|0|0|288000|163|1304015|299594
1200000|1|6000|3|4|1|2|288000|163|1304015|256663
1200000|1|6000|3|4|0|0|288000|164|1312016|299471
1200000|1|6000|3|4|1|2|288000|164|1312016|256540
1200000|1|6000|3|4|0|0|288000|165|1320016|298979
1200000|1|6000|3|4|1|2|288000|165|1320016|256622
1200000|1|6000|3|4|0|0|288000|166|1328016|298323
1200000|1|6000|3|4|1|2|288000|166|1328016|257032
1200000|1|6000|3|4|0|0|288000|167|1336016|298364
1200000|1|6000|3|4|1|2|288000|167|1336016|257729
1200000|1|6000|3|4|0|0|288000|168|1344017|298200
1200000|1|6000|3|4|1|2|288000|168|1344017|258303
1200000|1|6000|3|4|0|0|288000|169|1352017|298364
1200000|1|6000|3|4|1|2|288000|169|1352017|259123
1200000|1|6000|3|4|0|0|288000|170|1360017|297421
1200000|1|6000|3|4|1|2|288000|170|1360017|259656
1200000|1|6000|3|4|0|0|288000|171|1368017|297339
1200000|1|6000|3|4|1|2|288000|171|1368017|260312
1200000|1|6000|3|4|0|0|288000|172|1376018|296765
1200000|1|6000|3|4|1|2|288000|172|1376018|260353
1200000|1|6000|3|4|0|0|288000|173|1384018|296806
1200000|1|6000|3|4|1|2|288000|173|1384018|260107
1200000|1|6000|3|4|0|0|288000|174|1392018|296068
1200000|1|6000|3|4|1|2|288000|174|1392018|259902
1200000|1|6000|3|4|0|0|288000|175|1400018|295535
1200000|1|6000|3|4|1|2|288000|175|1400018|259820
1200000|1|6000|3|4|0|0|288000|176|1408018|295002
1200000|1|6000|3|4|1|2|288000|176|1408018|259984
1200000|1|6000|3|4|0|0|288000|177|1416018|294674
1200000|1|6000|3|4|1|2|288000|177|1416018|259697
1200000|1|6000|3|4|0|0|288000|178|1424018|295166
1200000|1|6000|3|4|1|2|288000|178|1424018|260435
1200000|1|6000|3|4|0|0|288000|179|1432019|295412
1200000|1|6000|3|4|1|2|288000|179|1432019|260394
1200000|1|6000|3|4|0|0|288000|180|1440019|295781
1200000|1|6000|3|4|1|2|288000|180|1440019|261009
1200000|1|6000|3|4|0|0|288000|181|1448019|295207
1200000|1|6000|3|4|1|2|288000|181|1448019|260476
1200000|1|6000|3|4|0|0|288000|182|1456019|295207
1200000|1|6000|3|4|1|2|288000|182|1456019|260066
1200000|1|6000|3|4|0|0|288000|183|1464018|295248
1200000|1|6000|3|4|1|2|288000|183|1464018|259738
1200000|1|6000|3|4|0|0|288000|184|1472019|294756
1200000|1|6000|3|4|1|2|288000|184|1472019|259451
1200000|1|6000|3|4|0|0|288000|185|1480018|294510
1200000|1|6000|3|4|1|2|288000|185|1480018|259328
1200000|1|6000|3|4|0|0|288000|186|1488019|294223
1200000|1|6000|3|4|1|2|288000|186|1488019|257688
1200000|1|6000|3|4|0|0|288000|187|1496017|294264
1200000|1|6000|3|4|1|2|288000|187|1496017|257360
1200000|1|6000|3|4|0|0|288000|188|1504016|294223
1200000|1|6000|3|4|1|2|288000|188|1504016|257114
1200000|1|6000|3|4|0|0|288000|189|1512016|294305
1200000|1|6000|3|4|1|2|288000|189|1512016|257155
1200000|1|6000|3|4|0|0|288000|190|1520015|294346
1200000|1|6000|3|4|1|2|288000|190|1520015|255966
1200000|1|6000|3|4|0|0|288000|191|1528013|293977
1200000|1|6000|3|4|1|2|288000|191|1528013|255925
1200000|1|6000|3|4|0|0|288000|192|1536013|293116
1200000|1|6000|3|4|1|2|288000|192|1536013|254859
1200000|1|6000|3|4|0|0|288000|193|1544011|293034
1200000|1|6000|3|4|1|2|288000|193|1544011|254859
1200000|1|6000|3|4|0|0|288000|194|1552011|292665
1200000|1|6000|3|4|1|2|288000|194|1552011|254285
1200000|1|6000|3|4|0|0|288000|195|1560011|292378
1200000|1|6000|3|4|1|2|288000|195|1560011|253547
1200000|1|6000|3|4|0|0|288000|196|1568011|291886
1200000|1|6000|3|4|1|2|288000|196|1568011|253219
1200000|1|6000|3|4|0|0|288000|197|1576010|291025
1200000|1|6000|3|4|1|2|288000|197|1576010|252973
1200000|1|6000|3|4|0|0|288000|198|1584010|291148
1200000|1|6000|3|4|1|2|288000|198|1584010|252563
1200000|1|6000|3|4|0|0|288000|199|1592009|291640
1200000|1|6000|3|4|1|2|288000|199|1592009|252276
1200000|1|6000|3|4|0|0|288000|200|1600009|292009
1200000|1|6000|3|4|1|2|288000|200|1600009|252276
1200000|1|6000|3|4|0|0|288000|201|1608008|292009
1200000|1|6000|3|4|1|2|288000|201|1608008|251825
1200000|1|6000|3|4|0|0|288000|202|1616007|292091
1200000|1|6000|3|4|1|2|288000|202|1616007|251907
1200000|1|6000|3|4|0|0|288000|203|1624006|292132
1200000|1|6000|3|4|1|2|288000|203|1624006|251333
1200000|1|6000|3|4|0|0|288000|204|1632006|292009
1200000|1|6000|3|4|1|2|288000|204|1632006|251046
1200000|1|6000|3|4|0|0|288000|205|1640005|291681
1200000|1|6000|3|4|1|2|288000|205|1640005|250308
1200000|1|6000|3|4|0|0|288000|206|1648004|291025
1200000|1|6000|3|4|1|2|288000|206|1648004|250103
1200000|1|6000|3|4|0|0|288000|207|1656002|290902
1200000|1|6000|3|4|1|2|288000|207|1656002|249324
1200000|1|6000|3|4|0|0|288000|208|1664001|291066
1200000|1|6000|3|4|1|2|288000|208|1664001|249857
1200000|1|6000|3|4|0|0|288000|209|1672001|291025
1200000|1|6000|3|4|1|2|288000|209|1672001|250308
1200000|1|6000|3|4|0|0|288000|210|1680002|291107
1200000|1|6000|3|4|1|2|288000|210|1680002|250841
1200000|1|6000|3|4|0|0|288000|211|1688002|290984
1200000|1|6000|3|4|1|2|288000|211|1688002|251333
1200000|1|6000|3|4|0|0|288000|212|1696002|290615
1200000|1|6000|3|4|1|2|288000|212|1696002|251415
1200000|1|6000|3|4|0|0|288000|213|1704002|291353
1200000|1|6000|3|4|1|2|288000|213|1704002|251825
1200000|1|6000|3|4|0|0|288000|214|1712002|291271
1200000|1|6000|3|4|1|2|288000|214|1712002|252112
1200000|1|6000|3|4|0|0|288000|215|1720002|290902
1200000|1|6000|3|4|1|2|288000|215|1720002|252194
1200000|1|6000|3|4|0|0|288000|216|1728002|290041
1200000|1|6000|3|4|1|2|288000|216|1728002|251866
1200000|1|6000|3|4|0|0|288000|217|1736000|289754
1200000|1|6000|3|4|1|2|288000|217|1736000|251333
1200000|1|6000|3|4|0|0|288000|218|1743999|289508
1200000|1|6000|3|4|1|2|288000|218|1743999|249898
1200000|1|6000|3|4|0|0|288000|219|1751998|289098
1200000|1|6000|3|4|1|2|288000|219|1751998|248791
1200000|1|6000|3|4|0|0|288000|220|1759997|289098
1200000|1|6000|3|4|1|2|288000|220|1759997|247684
1200000|1|6000|3|4|0|0|288000|221|1767996|288237
1200000|1|6000|3|4|1|2|288000|221|1767996|246782
1200000|1|6000|3|4|0|0|288000|222|1775996|288114
1200000|1|6000|3|4|1|2|288000|222|1775996|245880
1200000|1|6000|3|4|0|0|288000|223|1783994|288155
1200000|1|6000|3|4|1|2|288000|223|1783994|246331
1200000|1|6000|3|4|0|0|288000|224|1791995|288319
1200000|1|6000|3|4|1|2|288000|224|1791995|246618
1200000|1|6000|3|4|0|0|288000|225|1799995|287745
1200000|1|6000|3|4|1|2|288000|225|1799995|246946
1200000|1|6000|3|4|0|0|288000|226|1807995|287499
1200000|1|6000|3|4|1|2|288000|226|1807995|246864
1200000|1|6000|3|4|0|0|288000|227|1815995|287212
1200000|1|6000|3|4|1|2|288000|227|1815995|246946
1200000|1|6000|3|4|0|0|288000|228|1823995|286515
1200000|1|6000|3|4|1|2|288000|228|1823995|246864
1200000|1|6000|3|4|0|0|288000|229|1831996|287458
1200000|1|6000|3|4|1|2|288000|229|1831996|246577
1200000|1|6000|3|4|0|0|288000|230|1839996|287212
1200000|1|6000|3|4|1|2|288000|230|1839996|246290
1200000|1|6000|3|4|0|0|288000|231|1847996|287171
1200000|1|6000|3|4|1|2|288000|231|1847996|245388
1200000|1|6000|3|4|0|0|288000|232|1855995|286761
1200000|1|6000|3|4|1|2|288000|232|1855995|245634
1200000|1|6000|3|4|0|0|288000|233|1863996|286474
1200000|1|6000|3|4|1|2|288000|233|1863996|244814
1200000|1|6000|3|4|0|0|288000|234|1871995|286310
1200000|1|6000|3|4|1|2|288000|234|1871995|245306
1200000|1|6000|3|4|0|0|288000|235|1879995|285900
1200000|1|6000|3|4|1|2|288000|235|1879995|244486
1200000|1|6000|3|4|0|0|288000|236|1887995|284711
1200000|1|6000|3|4|1|2|288000|236|1887995|244650
1200000|1|6000|3|4|0|0|288000|237|1895995|283481
1200000|1|6000|3|4|1|2|288000|237|1895995|244281
1200000|1|6000|3|4|0|0|288000|238|1903995|283522
1200000|1|6000|3|4|1|2|288000|238|1903995|245019
1200000|1|6000|3|4|0|0|288000|239|1911996|283030
1200000|1|6000|3|4|1|2|288000|239|1911996|244650
1200000|1|6000|3|4|0|0|288000|240|1919996|283071
1200000|1|6000|3|4|1|2|288000|240|1919996|244117
1200000|1|6000|3|4|0|0|288000|241|1927996|282210
1200000|1|6000|3|4|1|2|288000|241|1927996|244076
1200000|1|6000|3|4|0|0|288000|242|1935996|282087
1200000|1|6000|3|4|1|2|288000|242|1935996|243789
1200000|1|6000|3|4|0|0|288000|243|1943996|281841
1200000|1|6000|3|4|1|2|288000|243|1943996|244035
1200000|1|6000|3|4|0|0|288000|244|1951997|282866
1200000|1|6000|3|4|1|2|288000|244|1951997|244076
1200000|1|6000|3|4|0|0|288000|245|1959997|282907
1200000|1|6000|3|4|1|2|288000|245|1959997|243871
1200000|1|6000|3|4|0|0|288000|246|1967997|283030
1200000|1|6000|3|4|1|2|288000|246|1967997|243420
1200000|1|6000|3|4|0|0|288000|247|1975996|283440
1200000|1|6000|3|4|1|2|288000|247|1975996|243871
1200000|1|6000|3|4|0|0|288000|248|1983997|283645
1200000|1|6000|3|4|1|2|288000|248|1983997|243502
1200000|1|6000|3|4|0|0|288000|249|1991996|284547
1200000|1|6000|3|4|1|2|288000|249|1991996|243051
1200000|1|6000|3|4|0|0|288000|250|1999996|284547
1200000|1|6000|3|4|1|2|288000|250|1999996|242764
1200000|1|6000|3|4|0|0|288000|251|2007996|284875
1200000|1|6000|3|4|1|2|288000|251|2007996|242354
1200000|1|6000|3|4|0|0|288000|252|2015997|284547
1200000|1|6000|3|4|1|2|288000|252|2015997|241985
1200000|1|6000|3|4|0|0|288000|253|2023996|284834
1200000|1|6000|3|4|1|2|288000|253|2023996|242026
1200000|1|6000|3|4|0|0|288000|254|2031997|284465
1200000|1|6000|3|4|1|2|288000|254|2031997|241821
1200000|1|6000|3|4|0|0|288000|255|2039997|284424
1200000|1|6000|3|4|1|2|288000|255|2039997|240714
1200000|1|6000|3|4|0|0|288000|256|2047997|283768
1200000|1|6000|3|4|1|2|288000|256|2047997|239730
1200000|1|6000|3|4|0|0|288000|257|2055997|283727
1200000|1|6000|3|4|1|2|288000|257|2055997|238582
1200000|1|6000|3|4|0|0|288000|258|2063997|283440
1200000|1|6000|3|4|1|2|288000|258|2063997|237680
1200000|1|6000|3|4|0|0|288000|259|2071997|284506
1200000|1|6000|3|4|1|2|288000|259|2071997|237106
1200000|1|6000|3|4|0|0|288000|260|2079997|285080
1200000|1|6000|3|4|1|2|288000|260|2079997|236163
1200000|1|6000|3|4|0|0|288000|261|2087997|285367
1200000|1|6000|3|4|1|2|288000|261|2087997|234769
1200000|1|6000|3|4|0|0|288000|262|2095996|285818
1200000|1|6000|3|4|1|2|288000|262|2095996|234605
1200000|1|6000|3|4|0|0|288000|263|2103996|286187
1200000|1|6000|3|4|1|2|288000|263|2103996|234031
1200000|1|6000|3|4|0|0|288000|264|2111995|286433
1200000|1|6000|3|4|1|2|288000|264|2111995|233949
1200000|1|6000|3|4|0|0|288000|265|2119995|286679
1200000|1|6000|3|4|1|2|288000|265|2119995|232965
1200000|1|6000|3|4|0|0|288000|266|2127994|286720
1200000|1|6000|3|4|1|2|288000|266|2127994|232924
1200000|1|6000|3|4|0|0|288000|267|2135994|286556
1200000|1|6000|3|4|1|2|288000|267|2135994|232022
1200000|1|6000|3|4|0|0|288000|268|2143993|287499
1200000|1|6000|3|4|1|2|288000|268|2143993|232063
1200000|1|6000|3|4|0|0|288000|269|2151994|287663
1200000|1|6000|3|4|1|2|288000|269|2151994|231120
1200000|1|6000|3|4|0|0|288000|270|2159994|288237
1200000|1|6000|3|4|1|2|288000|270|2159994|230300
1200000|1|6000|3|4|0|0|288000|271|2167994|288483
1200000|1|6000|3|4|1|2|288000|271|2167994|229316
1200000|1|6000|3|4|0|0|288000|272|2175993|288811
1200000|1|6000|3|4|1|2|288000|272|2175993|228291
1200000|1|6000|3|4|0|0|288000|273|2183992|289262
1200000|1|6000|3|4|1|2|288000|273|2183992|227471
1200000|1|6000|3|4|0|0|288000|274|2191992|289672
1200000|1|6000|3|4|1|2|288000|274|2191992|226651
1200000|1|6000|3|4|0|0|288000|275|2199992|290123
1200000|1|6000|3|4|1|2|288000|275|2199992|225667
1200000|1|6000|3|4|0|0|288000|276|2207990|290779
1200000|1|6000|3|4|1|2|288000|276|2207990|224765
1200000|1|6000|3|4|0|0|288000|277|2215990|291312
1200000|1|6000|3|4|1|2|288000|277|2215990|224806
1200000|1|6000|3|4|0|0|288000|278|2223989|291968
1200000|1|6000|3|4|1|2|288000|278|2223989|224519
1200000|1|6000|3|4|0|0|288000|279|2231988|292542
1200000|1|6000|3|4|1|2|288000|279|2231988|224765
1200000|1|6000|3|4|0|0|288000|280|2239988|293034
1200000|1|6000|3|4|1|2|288000|280|2239988|224970
1200000|1|6000|3|4|0|0|288000|281|2247987|292747
1200000|1|6000|3|4|1|2|288000|281|2247987|224765
1200000|1|6000|3|4|0|0|288000|282|2255987|293034
1200000|1|6000|3|4|1|2|288000|282|2255987|225011
1200000|1|6000|3|4|0|0|288000|283|2263986|292788
1200000|1|6000|3|4|1|2|288000|283|2263986|225257
1200000|1|6000|3|4|0|0|288000|284|2271987|292624
1200000|1|6000|3|4|1|2|288000|284|2271987|225339
1200000|1|6000|3|4|0|0|288000|285|2279986|292132
1200000|1|6000|3|4|1|2|288000|285|2279986|224273
1200000|1|6000|3|4|0|0|288000|286|2287987|291886
1200000|1|6000|3|4|1|2|288000|286|2287987|223207
1200000|1|6000|3|4|0|0|288000|287|2295986|291599
1200000|1|6000|3|4|1|2|288000|287|2295986|222510
1200000|1|6000|3|4|0|0|288000|288|2303985|291558
1200000|1|6000|3|4|1|2|288000|288|2303985|221649
1200000|1|6000|3|4|0|0|288000|289|2311984|292378
1200000|1|6000|3|4|1|2|288000|289|2311984|221198
1200000|1|6000|3|4|0|0|288000|290|2319984|293034
1200000|1|6000|3|4|1|2|288000|290|2319984|220091
1200000|1|6000|3|4|0|0|288000|291|2327983|293403
1200000|1|6000|3|4|1|2|288000|291|2327983|220706
1200000|1|6000|3|4|0|0|288000|292|2335985|293280
1200000|1|6000|3|4|1|2|288000|292|2335985|220993
1200000|1|6000|3|4|0|0|288000|293|2343985|293854
1200000|1|6000|3|4|1|2|288000|293|2343985|221485
1200000|1|6000|3|4|0|0|288000|294|2351986|293895
1200000|1|6000|3|4|1|2|288000|294|2351986|221321
1200000|1|6000|3|4|0|0|288000|295|2359987|294264
1200000|1|6000|3|4|1|2|288000|295|2359987|221526
1200000|1|6000|3|4|0|0|288000|296|2367987|294911
1200000|1|6000|3|4|1|2|288000|296|2367987|221649
1200000|1|6000|3|4|0|0|288000|297|2375988|295241
1200000|1|6000|3|4|1|2|288000|297|2375988|221116
1200000|1|6000|3|4|0|0|288000|298|2383988|296264
1200000|1|6000|3|4|1|2|288000|298|2383988|220296
1200000|1|6000|3|4|0|0|288000|299|2391988|297411
1200000|1|6000|3|4|1|2|288000|299|2391988|220214
1200000|1|6000|3|4|0|0|288000|300|2399989|298522
1200000|1|6000|3|4|1|2|288000|300|2399989|221772
1200000|1|6000|3|4|0|0|288000|301|2407990|298973
1200000|1|6000|3|4|1|2|288000|301|2407990|222469
1200000|1|6000|3|4|0|0|288000|302|2415991|300531
1200000|1|6000|3|4|1|2|288000|302|2415991|223207
1200000|1|6000|3|4|0|0|288000|303|2423991|300858
1200000|1|6000|3|4|1|2|288000|303|2423991|222879
1200000|1|6000|3|4|0|0|288000|304|2431992|301145
1200000|1|6000|3|4|1|2|288000|304|2431992|223412
1200000|1|6000|3|4|0|0|288000|305|2439992|301064
1200000|1|6000|3|4|1|2|288000|305|2439992|223904
1200000|1|6000|3|4|0|0|288000|306|2447994|301512
1200000|1|6000|3|4|1|2|288000|306|2447994|223658
1200000|1|6000|3|4|0|0|288000|307|2455993|302538
1200000|1|6000|3|4|1|2|288000|307|2455993|222920
1200000|1|6000|3|4|0|0|288000|308|2463993|303523
1200000|1|6000|3|4|1|2|288000|308|2463993|222100
1200000|1|6000|3|4|0|0|288000|309|2471992|304424
1200000|1|6000|3|4|1|2|288000|309|2471992|221895
1200000|1|6000|3|4|0|0|288000|310|2479992|305123
1200000|1|6000|3|4|1|2|288000|310|2479992|220788
1200000|1|6000|3|4|0|0|288000|311|2487991|305040
1200000|1|6000|3|4|1|2|288000|311|2487991|221239
1200000|1|6000|3|4|0|0|288000|312|2495992|305368
1200000|1|6000|3|4|1|2|288000|312|2495992|220419
1200000|1|6000|3|4|0|0|288000|313|2503991|305531
1200000|1|6000|3|4|1|2|288000|313|2503991|220706
1200000|1|6000|3|4|0|0|288000|314|2511992|305613
1200000|1|6000|3|4|1|2|288000|314|2511992|220255
1200000|1|6000|3|4|0|0|288000|315|2519991|306189
1200000|1|6000|3|4|1|2|288000|315|2519991|220378
1200000|1|6000|3|4|0|0|288000|316|2527991|306228
1200000|1|6000|3|4|1|2|288000|316|2527991|219148
1200000|1|6000|3|4|0|0|288000|317|2535990|306803
1200000|1|6000|3|4|1|2|288000|317|2535990|218574
1200000|1|6000|3|4|0|0|288000|318|2543990|307335
1200000|1|6000|3|4|1|2|288000|318|2543990|217754
1200000|1|6000|3|4|0|0|288000|319|2551989|308075
1200000|1|6000|3|4|1|2|288000|319|2551989|216934
1200000|1|6000|3|4|0|0|288000|320|2559988|307581
1200000|1|6000|3|4|1|2|288000|320|2559988|216114
1200000|1|6000|3|4|0|0|288000|321|2567987|307418
1200000|1|6000|3|4|1|2|288000|321|2567987|215294
1200000|1|6000|3|4|0|0|288000|322|2575987|307254
1200000|1|6000|3|4|1|2|288000|322|2575987|214597
1200000|1|6000|3|4|0|0|288000|323|2583987|307008
1200000|1|6000|3|4|1|2|288000|323|2583987|214310
1200000|1|6000|3|4|0|0|288000|324|2591986|306472
1200000|1|6000|3|4|1|2|288000|324|2591986|213982
1200000|1|6000|3|4|0|0|288000|325|2599986|306227
1200000|1|6000|3|4|1|2|288000|325|2599986|213285
1200000|1|6000|3|4|0|0|288000|326|2607986|305736
1200000|1|6000|3|4|1|2|288000|326|2607986|212465
1200000|1|6000|3|4|0|0|288000|327|2615985|305899
1200000|1|6000|3|4|1|2|288000|327|2615985|212137
1200000|1|6000|3|4|0|0|288000|328|2623985|306595
1200000|1|6000|3|4|1|2|288000|328|2623985|211358
1200000|1|6000|3|4|0|0|288000|329|2631985|306925
1200000|1|6000|3|4|1|2|288000|329|2631985|211071
1200000|1|6000|3|4|0|0|288000|330|2639984|307168
1200000|1|6000|3|4|1|2|288000|330|2639984|209882
1200000|1|6000|3|4|0|0|288000|331|2647983|307295
1200000|1|6000|3|4|1|2|288000|331|2647983|208816
1200000|1|6000|3|4|0|0|288000|332|2655982|307623
1200000|1|6000|3|4|1|2|288000|332|2655982|208119
1200000|1|6000|3|4|0|0|288000|333|2663982|307911
1200000|1|6000|3|4|1|2|288000|333|2663982|207094
1200000|1|6000|3|4|0|0|288000|334|2671982|308199
1200000|1|6000|3|4|1|2|288000|334|2671982|206766
1200000|1|6000|3|4|0|0|288000|335|2679982|307579
1200000|1|6000|3|4|1|2|288000|335|2679982|205577
1200000|1|6000|3|4|0|0|288000|336|2687981|307786
1200000|1|6000|3|4|1|2|288000|336|2687981|206602
1200000|1|6000|3|4|0|0|288000|337|2695983|307991
1200000|1|6000|3|4|1|2|288000|337|2695983|205536
1200000|1|6000|3|4|0|0|288000|338|2703983|308155
1200000|1|6000|3|4|1|2|288000|338|2703983|205946
1200000|1|6000|3|4|0|0|288000|339|2711984|308360
1200000|1|6000|3|4|1|2|288000|339|2711984|205864
1200000|1|6000|3|4|0|0|288000|340|2719984|308855
1200000|1|6000|3|4|1|2|288000|340|2719984|205618
1200000|1|6000|3|4|0|0|288000|341|2727985|308813
1200000|1|6000|3|4|1|2|288000|341|2727985|206028
1200000|1|6000|3|4|0|0|288000|342|2735986|309509
1200000|1|6000|3|4|1|2|288000|342|2735986|205905
1200000|1|6000|3|4|0|0|288000|343|2743986|309754
1200000|1|6000|3|4|1|2|288000|343|2743986|205536
1200000|1|6000|3|4|0|0|288000|344|2751986|310084
1200000|1|6000|3|4|1|2|288000|344|2751986|204511
1200000|1|6000|3|4|0|0|288000|345|2759985|310164
1200000|1|6000|3|4|1|2|288000|345|2759985|204306
1200000|1|6000|3|4|0|0|288000|346|2767984|309795
1200000|1|6000|3|4|1|2|288000|346|2767984|204224
1200000|1|6000|3|4|0|0|288000|347|2775983|310411
1200000|1|6000|3|4|1|2|288000|347|2775983|203978
1200000|1|6000|3|4|0|0|288000|348|2783983|310776
1200000|1|6000|3|4|1|2|288000|348|2783983|203691
1200000|1|6000|3|4|0|0|288000|349|2791983|311395
1200000|1|6000|3|4|1|2|288000|349|2791983|203527
1200000|1|6000|3|4|0|0|288000|350|2799982|310289
1200000|1|6000|3|4|1|2|288000|350|2799982|203568
1200000|1|6000|3|4|0|0|288000|351|2807982|310369
1200000|1|6000|3|4|1|2|288000|351|2807982|204634
1200000|1|6000|3|4|0|0|288000|352|2815984|309754
1200000|1|6000|3|4|1|2|288000|352|2815984|204716
1200000|1|6000|3|4|0|0|288000|353|2823984|309632
1200000|1|6000|3|4|1|2|288000|353|2823984|205167
1200000|1|6000|3|4|0|0|288000|354|2831986|309139
1200000|1|6000|3|4|1|2|288000|354|2831986|205331
1200000|1|6000|3|4|0|0|288000|355|2839986|309180
1200000|1|6000|3|4|1|2|288000|355|2839986|205208
1200000|1|6000|3|4|0|0|288000|356|2847987|308565
1200000|1|6000|3|4|1|2|288000|356|2847987|206028
1200000|1|6000|3|4|0|0|288000|357|2855988|308403
1200000|1|6000|3|4|1|2|288000|357|2855988|205454
1200000|1|6000|3|4|0|0|288000|358|2863987|308112
1200000|1|6000|3|4|1|2|288000|358|2863987|206110
1200000|1|6000|3|4|0|0|288000|359|2871988|307747
1200000|1|6000|3|4|1|2|288000|359|2871988|205782
1200000|1|6000|3|4|0|0|288000|360|2879987|307170
1200000|1|6000|3|4|1|2|288000|360|2879987|207340
1200000|1|6000|3|4|0|0|288000|361|2887988|306638
1200000|1|6000|3|4|1|2|288000|361|2887988|207709
1200000|1|6000|3|4|0|0|288000|362|2895988|306310
1200000|1|6000|3|4|1|2|288000|362|2895988|208693
1200000|1|6000|3|4|0|0|288000|363|2903989|306352
1200000|1|6000|3|4|1|2|288000|363|2903989|209062
1200000|1|6000|3|4|0|0|288000|364|2911990|305656
1200000|1|6000|3|4|1|2|288000|364|2911990|210128
1200000|1|6000|3|4|0|0|288000|365|2919991|305655
1200000|1|6000|3|4|1|2|288000|365|2919991|210415
1200000|1|6000|3|4|0|0|288000|366|2927991|305860
1200000|1|6000|3|4|1|2|288000|366|2927991|209882
1200000|1|6000|3|4|0|0|288000|367|2935990|305901
1200000|1|6000|3|4|1|2|288000|367|2935990|208980
1200000|1|6000|3|4|0|0|288000|368|2943990|305492
1200000|1|6000|3|4|1|2|288000|368|2943990|208324
1200000|1|6000|3|4|0|0|288000|369|2951990|305574
1200000|1|6000|3|4|1|2|288000|369|2951990|207914
1200000|1|6000|3|4|0|0|288000|370|2959990|305490
1200000|1|6000|3|4|1|2|288000|370|2959990|206807
1200000|1|6000|3|4|0|0|288000|371|2967989|304955
1200000|1|6000|3|4|1|2|288000|371|2967989|206602
1200000|1|6000|3|4|0|0|288000|372|2975988|303644
1200000|1|6000|3|4|1|2|288000|372|2975988|206438
1200000|1|6000|3|4|0|0|288000|373|2983988|303070
1200000|1|6000|3|4|1|2|288000|373|2983988|206766
1200000|1|6000|3|4|0|0|288000|374|2991989|302621
1200000|1|6000|3|4|1|2|288000|374|2991989|206848
1200000|1|6000|3|4|0|0|288000|375|2999989|301961
1200000|1|6000|3|4|1|2|288000|375|2999989|206930
1200000|1|6000|3|4|0|0|288000|376|3007989|301961
1200000|1|6000|3|4|1|2|288000|376|3007989|207053
1200000|1|6000|3|4|0|0|288000|377|3015989|301268
1200000|1|6000|3|4|1|2|288000|377|3015989|206643
1200000|1|6000|3|4|0|0|288000|378|3023988|301720
1200000|1|6000|3|4|1|2|288000|378|3023988|206233
1200000|1|6000|3|4|0|0|288000|379|3031988|302252
1200000|1|6000|3|4|1|2|288000|379|3031988|206110
1200000|1|6000|3|4|0|0|288000|380|3039988|302703
1200000|1|6000|3|4|1|2|288000|380|3039988|205454
1200000|1|6000|3|4|0|0|288000|381|3047987|302417
1200000|1|6000|3|4|1|2|288000|381|3047987|205372
1200000|1|6000|3|4|0|0|288000|382|3055987|302580
1200000|1|6000|3|4|1|2|288000|382|3055987|204470
1200000|1|6000|3|4|0|0|288000|383|3063986|302785
1200000|1|6000|3|4|1|2|288000|383|3063986|203855
1200000|1|6000|3|4|0|0|288000|384|3071986|302662
1200000|1|6000|3|4|1|2|288000|384|3071986|204265
1200000|1|6000|3|4|0|0|288000|385|3079986|302497
1200000|1|6000|3|4|1|2|288000|385|3079986|203691
1200000|1|6000|3|4|0|0|288000|386|3087986|301883
1200000|1|6000|3|4|1|2|288000|386|3087986|204224
1200000|1|6000|3|4|0|0|288000|387|3095986|301473
1200000|1|6000|3|4|1|2|288000|387|3095986|203322
1200000|1|6000|3|4|0|0|288000|388|3103985|301555
1200000|1|6000|3|4|1|2|288000|388|3103985|204142
1200000|1|6000|3|4|0|0|288000|389|3111986|301881
1200000|1|6000|3|4|1|2|288000|389|3111986|203896
1200000|1|6000|3|4|0|0|288000|390|3119985|301842
1200000|1|6000|3|4|1|2|288000|390|3119985|204511
1200000|1|6000|3|4|0|0|288000|391|3127986|302211
1200000|1|6000|3|4|1|2|288000|391|3127986|203732
1200000|1|6000|3|4|0|0|288000|392|3135985|302251
1200000|1|6000|3|4|1|2|288000|392|3135985|203363
1200000|1|6000|3|4|0|0|288000|393|3143985|302991
1200000|1|6000|3|4|1|2|288000|393|3143985|202543
1200000|1|6000|3|4|0|0|288000|394|3151984|302990
1200000|1|6000|3|4|1|2|288000|394|3151984|202379
1200000|1|6000|3|4|0|0|288000|395|3159984|302991
1200000|1|6000|3|4|1|2|288000|395|3159984|201477
1200000|1|6000|3|4|0|0|288000|396|3167983|302621
1200000|1|6000|3|4|1|2|288000|396|3167983|201108
1200000|1|6000|3|4|0|0|288000|397|3175983|301965
1200000|1|6000|3|4|1|2|288000|397|3175983|201395
1200000|1|6000|3|4|0|0|288000|398|3183983|301675
1200000|1|6000|3|4|1|2|288000|398|3183983|201395
1200000|1|6000|3|4|0|0|288000|399|3191982|301597
1200000|1|6000|3|4|1|2|288000|399|3191982|201600
1200000|1|6000|3|4|0|0|288000|400|3199982|301840
1200000|1|6000|3|4|1|2|288000|400|3199982|201272
1200000|1|6000|3|4|0|0|288000|401|3207981|301265
1200000|1|6000|3|4|1|2|288000|401|3207981|201518
1200000|1|6000|3|4|0|0|288000|402|3215981|301393
1200000|1|6000|3|4|1|2|288000|402|3215981|201190
1200000|1|6000|3|4|0|0|288000|403|3223981|300325
1200000|1|6000|3|4|1|2|288000|403|3223981|201764
1200000|1|6000|3|4|0|0|288000|404|3231981|300037
1200000|1|6000|3|4|1|2|288000|404|3231981|200903
1200000|1|6000|3|4|0|0|288000|405|3239980|298395
1200000|1|6000|3|4|1|2|288000|405|3239980|201272
1200000|1|6000|3|4|0|0|288000|406|3247981|297371
1200000|1|6000|3|4|1|2|288000|406|3247981|201067
1200000|1|6000|3|4|0|0|288000|407|3255981|296430
1200000|1|6000|3|4|1|2|288000|407|3255981|201231
1200000|1|6000|3|4|0|0|288000|408|3263981|295444
1200000|1|6000|3|4|1|2|288000|408|3263981|201313
1200000|1|6000|3|4|0|0|288000|409|3271980|294543
1200000|1|6000|3|4|1|2|288000|409|3271980|201231
1200000|1|6000|3|4|0|0|288000|410|3279980|294094
1200000|1|6000|3|4|1|2|288000|410|3279980|201477
1200000|1|6000|3|4|0|0|288000|411|3287979|293971
1200000|1|6000|3|4|1|2|288000|411|3287979|202543
1200000|1|6000|3|4|0|0|288000|412|3295981|293518
1200000|1|6000|3|4|1|2|288000|412|3295981|203978
1200000|1|6000|3|4|0|0|288000|413|3303981|293107
1200000|1|6000|3|4|1|2|288000|413|3303981|204716
1200000|1|6000|3|4|0|0|288000|414|3311982|292411
1200000|1|6000|3|4|1|2|288000|414|3311982|205823
1200000|1|6000|3|4|0|0|288000|415|3319983|292208
1200000|1|6000|3|4|1|2|288000|415|3319983|206315
1200000|1|6000|3|4|0|0|288000|416|3327984|291551
1200000|1|6000|3|4|1|2|288000|416|3327984|207586
1200000|1|6000|3|4|0|0|288000|417|3335985|290729
1200000|1|6000|3|4|1|2|288000|417|3335985|207914
1200000|1|6000|3|4|0|0|288000|418|3343985|290689
1200000|1|6000|3|4|1|2|288000|418|3343985|208488
1200000|1|6000|3|4|0|0|288000|419|3351985|290441
1200000|1|6000|3|4|1|2|288000|419|3351985|208201
1200000|1|6000|3|4|0|0|288000|420|3359985|290444
1200000|1|6000|3|4|1|2|288000|420|3359985|208816
1200000|1|6000|3|4|0|0|288000|421|3367986|290239
1200000|1|6000|3|4|1|2|288000|421|3367986|208980
1200000|1|6000|3|4|0|0|288000|422|3375986|290156
1200000|1|6000|3|4|1|2|288000|422|3375986|209759
1200000|1|6000|3|4|0|0|288000|423|3383987|290650
1200000|1|6000|3|4|1|2|288000|423|3383987|210415
1200000|1|6000|3|4|0|0|288000|424|3391987|290031
1200000|1|6000|3|4|1|2|288000|424|3391987|211276
1200000|1|6000|3|4|0|0|288000|425|3399988|289870
1200000|1|6000|3|4|1|2|288000|425|3399988|212383
1200000|1|6000|3|4|0|0|288000|426|3407988|289377
1200000|1|6000|3|4|1|2|288000|426|3407988|212588
1200000|1|6000|3|4|0|0|288000|427|3415988|289502
1200000|1|6000|3|4|1|2|288000|427|3415988|212301
1200000|1|6000|3|4|0|0|288000|428|3423988|289256
1200000|1|6000|3|4|1|2|288000|428|3423988|212014
1200000|1|6000|3|4|0|0|288000|429|3431988|289377
1200000|1|6000|3|4|1|2|288000|429|3431988|211358
1200000|1|6000|3|4|0|0|288000|430|3439987|289376
1200000|1|6000|3|4|1|2|288000|430|3439987|210702
1200000|1|6000|3|4|0|0|288000|431|3447987|289048
1200000|1|6000|3|4|1|2|288000|431|3447987|210579
1200000|1|6000|3|4|0|0|288000|432|3455987|288803
1200000|1|6000|3|4|1|2|288000|432|3455987|210087
1200000|1|6000|3|4|0|0|288000|433|3463986|289377
1200000|1|6000|3|4|1|2|288000|433|3463986|210579
1200000|1|6000|3|4|0|0|288000|434|3471987|289583
1200000|1|6000|3|4|1|2|288000|434|3471987|209964
1200000|1|6000|3|4|0|0|288000|435|3479987|289992
1200000|1|6000|3|4|1|2|288000|435|3479987|210784
1200000|1|6000|3|4|0|0|288000|436|3487987|289993
1200000|1|6000|3|4|1|2|288000|436|3487987|211030
1200000|1|6000|3|4|0|0|288000|437|3495987|290030
1200000|1|6000|3|4|1|2|288000|437|3495987|211440
1200000|1|6000|3|4|0|0|288000|438|3503987|290650
1200000|1|6000|3|4|1|2|288000|438|3503987|211358
1200000|1|6000|3|4|0|0|288000|439|3511987|290732
1200000|1|6000|3|4|1|2|288000|439|3511987|211440
1200000|1|6000|3|4|0|0|288000|440|3519987|290158
1200000|1|6000|3|4|1|2|288000|440|3519987|210620
1200000|1|6000|3|4|0|0|288000|441|3527986|288884
1200000|1|6000|3|4|1|2|288000|441|3527986|210497
1200000|1|6000|3|4|0|0|288000|442|3535986|288598
1200000|1|6000|3|4|1|2|288000|442|3535986|210046
1200000|1|6000|3|4|0|0|288000|443|3543986|288150
1200000|1|6000|3|4|1|2|288000|443|3543986|208734
1200000|1|6000|3|4|0|0|288000|444|3551985|287903
1200000|1|6000|3|4|1|2|288000|444|3551985|208406
1200000|1|6000|3|4|0|0|288000|445|3559985|287447
1200000|1|6000|3|4|1|2|288000|445|3559985|207504
1200000|1|6000|3|4|0|0|288000|446|3567984|287984
1200000|1|6000|3|4|1|2|288000|446|3567984|206971
1200000|1|6000|3|4|0|0|288000|447|3575984|289008
1200000|1|6000|3|4|1|2|288000|447|3575984|206479
1200000|1|6000|3|4|0|0|288000|448|3583983|290569
1200000|1|6000|3|4|1|2|288000|448|3583983|207094
1200000|1|6000|3|4|0|0|288000|449|3591984|291552
1200000|1|6000|3|4|1|2|288000|449|3591984|207545
1200000|1|6000|3|4|0|0|288000|450|3599985|292290
1200000|1|6000|3|4|1|2|288000|450|3599985|207955
1200000|1|6000|3|4|0|0|288000|451|3607985|292859
1200000|1|6000|3|4|1|2|288000|451|3607985|207996
1200000|1|6000|3|4|0|0|288000|452|3615986|293682
1200000|1|6000|3|4|1|2|288000|452|3615986|208078
1200000|1|6000|3|4|0|0|288000|453|3623986|293971
1200000|1|6000|3|4|1|2|288000|453|3623986|208037
1200000|1|6000|3|4|0|0|288000|454|3631988|293272
1200000|1|6000|3|4|1|2|288000|454|3631988|207996
1200000|1|6000|3|4|0|0|288000|455|3639987|292290
1200000|1|6000|3|4|1|2|288000|455|3639987|207750
1200000|1|6000|3|4|0|0|288000|456|3647988|291223
1200000|1|6000|3|4|1|2|288000|456|3647988|207217
1200000|1|6000|3|4|0|0|288000|457|3655988|290690
1200000|1|6000|3|4|1|2|288000|457|3655988|207176
1200000|1|6000|3|4|0|0|288000|458|3663988|289787
1200000|1|6000|3|4|1|2|288000|458|3663988|206397
1200000|1|6000|3|4|0|0|288000|459|3671988|289748
1200000|1|6000|3|4|1|2|288000|459|3671988|206930
1200000|1|6000|3|4|0|0|288000|460|3679989|289336
1200000|1|6000|3|4|1|2|288000|460|3679989|206807
1200000|1|6000|3|4|0|0|288000|461|3687989|289994
1200000|1|6000|3|4|1|2|288000|461|3687989|207627
1200000|1|6000|3|4|0|0|288000|462|3695991|291306
1200000|1|6000|3|4|1|2|288000|462|3695991|207955
1200000|1|6000|3|4|0|0|288000|463|3703992|292124
1200000|1|6000|3|4|1|2|288000|463|3703992|208078
1200000|1|6000|3|4|0|0|288000|464|3711993|292534
1200000|1|6000|3|4|1|2|288000|464|3711993|208529
1200000|1|6000|3|4|0|0|288000|465|3719994|292780
1200000|1|6000|3|4|1|2|288000|465|3719994|208324
1200000|1|6000|3|4|0|0|288000|466|3727994|293272
1200000|1|6000|3|4|1|2|288000|466|3727994|208939
1200000|1|6000|3|4|0|0|288000|467|3735995|293436
1200000|1|6000|3|4|1|2|288000|467|3735995|208816
1200000|1|6000|3|4|0|0|288000|468|3743996|293764
1200000|1|6000|3|4|1|2|288000|468|3743996|208939
1200000|1|6000|3|4|0|0|288000|469|3751996|293479
1200000|1|6000|3|4|1|2|288000|469|3751996|209103
1200000|1|6000|3|4|0|0|288000|470|3759997|293314
1200000|1|6000|3|4|1|2|288000|470|3759997|209185
1200000|1|6000|3|4|0|0|288000|471|3767998|292821
1200000|1|6000|3|4|1|2|288000|471|3767998|210128
1200000|1|6000|3|4|0|0|288000|472|3775999|292331
1200000|1|6000|3|4|1|2|288000|472|3775999|211153
1200000|1|6000|3|4|0|0|288000|473|3784000|291921
1200000|1|6000|3|4|1|2|288000|473|3784000|212055
1200000|1|6000|3|4|0|0|288000|474|3792001|291305
1200000|1|6000|3|4|1|2|288000|474|3792001|212916
1200000|1|6000|3|4|0|0|288000|475|3800003|290977
1200000|1|6000|3|4|1|2|288000|475|3800003|213367
1200000|1|6000|3|4|0|0|288000|476|3808003|290731
1200000|1|6000|3|4|1|2|288000|476|3808003|214187
1200000|1|6000|3|4|0|0|288000|477|3816004|290282
1200000|1|6000|3|4|1|2|288000|477|3816004|215048
1200000|1|6000|3|4|0|0|288000|478|3824005|290649
1200000|1|6000|3|4|1|2|288000|478|3824005|214884
1200000|1|6000|3|4|0|0|288000|479|3832005|290853
1200000|1|6000|3|4|1|2|288000|479|3832005|214679
1200000|1|6000|3|4|0|0|288000|480|3840004|290894
1200000|1|6000|3|4|1|2|288000|480|3840004|213408
1200000|1|6000|3|4|0|0|288000|481|3848004|290690
1200000|1|6000|3|4|1|2|288000|481|3848004|212670
1200000|1|6000|3|4|0|0|288000|482|3856004|290647
1200000|1|6000|3|4|1|2|288000|482|3856004|212465
1200000|1|6000|3|4|0|0|288000|483|3864004|290072
1200000|1|6000|3|4|1|2|288000|483|3864004|212342
1200000|1|6000|3|4|0|0|288000|484|3872004|290689
1200000|1|6000|3|4|1|2|288000|484|3872004|212137
1200000|1|6000|3|4|0|0|288000|485|3880004|290362
1200000|1|6000|3|4|1|2|288000|485|3880004|211973
1200000|1|6000|3|4|0|0|288000|486|3888003|290404
1200000|1|6000|3|4|1|2|288000|486|3888003|211850
1200000|1|6000|3|4|0|0|288000|487|3896003|290280
1200000|1|6000|3|4|1|2|288000|487|3896003|212342
1200000|1|6000|3|4|0|0|288000|488|3904004|290117
1200000|1|6000|3|4|1|2|288000|488|3904004|212219
1200000|1|6000|3|4|0|0|288000|489|3912003|290199
1200000|1|6000|3|4|1|2|288000|489|3912003|211522
1200000|1|6000|3|4|0|0|288000|490|3920003|290071
1200000|1|6000|3|4|1|2|288000|490|3920003|211317
1200000|1|6000|3|4|0|0|288000|491|3928003|290486
1200000|1|6000|3|4|1|2|288000|491|3928003|210866
1200000|1|6000|3|4|0|0|288000|492|3936003|290649
1200000|1|6000|3|4|1|2|288000|492|3936003|210251
1200000|1|6000|3|4|0|0|288000|493|3944002|290895
1200000|1|6000|3|4|1|2|288000|493|3944002|210497
1200000|1|6000|3|4|0|0|288000|494|3952003|290896
1200000|1|6000|3|4|1|2|288000|494|3952003|209349
1200000|1|6000|3|4|0|0|288000|495|3960002|291018
1200000|1|6000|3|4|1|2|288000|495|3960002|208939
1200000|1|6000|3|4|0|0|288000|496|3968001|291588
1200000|1|6000|3|4|1|2|288000|496|3968001|208242
1200000|1|6000|3|4|0|0|288000|497|3976000|291876
1200000|1|6000|3|4|1|2|288000|497|3976000|208037
1200000|1|6000|3|4|0|0|288000|498|3984000|291629
1200000|1|6000|3|4|1|2|288000|498|3984000|207340
1200000|1|6000|3|4|0|0|288000|499|3992000|291920
1200000|1|6000|3|4|1|2|288000|499|3992000|207381
1200000|1|6000|3|4|0|0|288000|500|4000000|292204
1200000|1|6000|3|4|1|2|288000|500|4000000|206684
1200000|1|6000|3|4|0|0|288000|501|4007999|292203
1200000|1|6000|3|4|1|2|288000|501|4007999|206397
1200000|1|6000|3|4|0|0|288000|502|4015998|292326
1200000|1|6000|3|4|1|2|288000|502|4015998|206274
1200000|1|6000|3|4|0|0|288000|503|4023998|292535
1200000|1|6000|3|4|1|2|288000|503|4023998|206110
1200000|1|6000|3|4|0|0|288000|504|4031998|292618
1200000|1|6000|3|4|1|2|288000|504|4031998|206028
1200000|1|6000|3|4|0|0|288000|505|4039998|292532
1200000|1|6000|3|4|1|2|288000|505|4039998|205700
1200000|1|6000|3|4|0|0|288000|506|4047998|292494
1200000|1|6000|3|4|1|2|288000|506|4047998|205536
1200000|1|6000|3|4|0|0|288000|507|4055998|292496
1200000|1|6000|3|4|1|2|288000|507|4055998|204798
1200000|1|6000|3|4|0|0|288000|508|4063997|293109
1200000|1|6000|3|4|1|2|288000|508|4063997|205208
1200000|1|6000|3|4|0|0|288000|509|4071998|293313
1200000|1|6000|3|4|1|2|288000|509|4071998|204634
1200000|1|6000|3|4|0|0|288000|510|4079997|293190
1200000|1|6000|3|4|1|2|288000|510|4079997|205536
1200000|1|6000|3|4|0|0|288000|511|4087997|293394
1200000|1|6000|3|4|1|2|288000|511|4087997|205126
1200000|1|6000|3|4|0|0|288000|512|4095996|293560
1200000|1|6000|3|4|1|2|288000|512|4095996|206069
1200000|1|6000|3|4|0|0|288000|513|4103997|293437
1200000|1|6000|3|4|1|2|288000|513|4103997|205741
1200000|1|6000|3|4|0|0|288000|514|4111996|293721
1200000|1|6000|3|4|1|2|288000|514|4111996|206397
1200000|1|6000|3|4|0|0|288000|515|4119996|293888
1200000|1|6000|3|4|1|2|288000|515|4119996|205987
1200000|1|6000|3|4|0|0|288000|516|4127995|293928
1200000|1|6000|3|4|1|2|288000|516|4127995|206766
1200000|1|6000|3|4|0|0|288000|517|4135996|293846
1200000|1|6000|3|4|1|2|288000|517|4135996|206356
1200000|1|6000|3|4|0|0|288000|518|4143996|293888
1200000|1|6000|3|4|1|2|288000|518|4143996|207053
1200000|1|6000|3|4|0|0|288000|519|4151998|294500
1200000|1|6000|3|4|1|2|288000|519|4151998|207750
1200000|1|6000|3|4|0|0|288000|520|4160000|295035
1200000|1|6000|3|4|1|2|288000|520|4160000|208529
1200000|1|6000|3|4|0|0|288000|521|4168002|294462
1200000|1|6000|3|4|1|2|288000|521|4168002|210087
1200000|1|6000|3|4|0|0|288000|522|4176004|293925
1200000|1|6000|3|4|1|2|288000|522|4176004|210292
1200000|1|6000|3|4|0|0|288000|523|4184004|293601
1200000|1|6000|3|4|1|2|288000|523|4184004|210456
1200000|1|6000|3|4|0|0|288000|524|4192004|293683
1200000|1|6000|3|4|1|2|288000|524|4192004|210784
1200000|1|6000|3|4|0|0|288000|525|4200005|293066
1200000|1|6000|3|4|1|2|288000|525|4200005|211276
1200000|1|6000|3|4|0|0|288000|526|4208006|293108
1200000|1|6000|3|4|1|2|288000|526|4208006|211604
1200000|1|6000|3|4|0|0|288000|527|4216006|293067
1200000|1|6000|3|4|1|2|288000|527|4216006|212178
1200000|1|6000|3|4|0|0|288000|528|4224007|293190
1200000|1|6000|3|4|1|2|288000|528|4224007|212219
1200000|1|6000|3|4|0|0|288000|529|4232008|294053
1200000|1|6000|3|4|1|2|288000|529|4232008|212629
1200000|1|6000|3|4|0|0|288000|530|4240008|294994
1200000|1|6000|3|4|1|2|288000|530|4240008|212629
1200000|1|6000|3|4|0|0|288000|531|4248009|294257
1200000|1|6000|3|4|1|2|288000|531|4248009|212301
1200000|1|6000|3|4|0|0|288000|532|4256009|294504
1200000|1|6000|3|4|1|2|288000|532|4256009|211645
1200000|1|6000|3|4|0|0|288000|533|4264008|294093
1200000|1|6000|3|4|1|2|288000|533|4264008|210579
1200000|1|6000|3|4|0|0|288000|534|4272008|294294
1200000|1|6000|3|4|1|2|288000|534|4272008|209718
1200000|1|6000|3|4|0|0|288000|535|4280008|294216
1200000|1|6000|3|4|1|2|288000|535|4280008|208816
1200000|1|6000|3|4|0|0|288000|536|4288008|293887
1200000|1|6000|3|4|1|2|288000|536|4288008|207873
1200000|1|6000|3|4|0|0|288000|537|4296008|293480
1200000|1|6000|3|4|1|2|288000|537|4296008|206930
1200000|1|6000|3|4|0|0|288000|538|4304008|293971
1200000|1|6000|3|4|1|2|288000|538|4304008|206233
1200000|1|6000|3|4|0|0|288000|539|4312009|294543
1200000|1|6000|3|4|1|2|288000|539|4312009|206520
1200000|1|6000|3|4|0|0|288000|540|4320010|294831
1200000|1|6000|3|4|1|2|288000|540|4320010|205536
1200000|1|6000|3|4|0|0|288000|541|4328010|295243
1200000|1|6000|3|4|1|2|288000|541|4328010|205536
1200000|1|6000|3|4|0|0|288000|542|4336010|295569
1200000|1|6000|3|4|1|2|288000|542|4336010|204962
1200000|1|6000|3|4|0|0|288000|543|4344010|296306
1200000|1|6000|3|4|1|2|288000|543|4344010|204265
1200000|1|6000|3|4|0|0|288000|544|4352011|296882
1200000|1|6000|3|4|1|2|288000|544|4352011|203814
1200000|1|6000|3|4|0|0|288000|545|4360012|297087
1200000|1|6000|3|4|1|2|288000|545|4360012|202420
1200000|1|6000|3|4|0|0|288000|546|4368012|296840
1200000|1|6000|3|4|1|2|288000|546|4368012|201846
1200000|1|6000|3|4|0|0|288000|547|4376012|296430
1200000|1|6000|3|4|1|2|288000|547|4376012|201641
1200000|1|6000|3|4|0|0|288000|548|4384012|296267
1200000|1|6000|3|4|1|2|288000|548|4384012|201969
1200000|1|6000|3|4|0|0|288000|549|4392012|296225
1200000|1|6000|3|4|1|2|288000|549|4392012|201805
1200000|1|6000|3|4|0|0|288000|550|4400012|296799
1200000|1|6000|3|4|1|2|288000|550|4400012|201805
1200000|1|6000|3|4|0|0|288000|551|4408012|295897
1200000|1|6000|3|4|1|2|288000|551|4408012|201764
1200000|1|6000|3|4|0|0|288000|552|4416012|296347
1200000|1|6000|3|4|1|2|288000|552|4416012|201477
1200000|1|6000|3|4|0|0|288000|553|4424013|295651
1200000|1|6000|3|4|1|2|288000|553|4424013|201190
1200000|1|6000|3|4|0|0|288000|554|4432013|295814
1200000|1|6000|3|4|1|2|288000|554|4432013|200411
1200000|1|6000|3|4|0|0|288000|555|4440012|294789
1200000|1|6000|3|4|1|2|288000|555|4440012|200165
1200000|1|6000|3|4|0|0|288000|556|4448011|294338
1200000|1|6000|3|4|1|2|288000|556|4448011|199919
1200000|1|6000|3|4|0|0|288000|557|4456010|293642
1200000|1|6000|3|4|1|2|288000|557|4456010|199550
1200000|1|6000|3|4|0|0|288000|558|4464010|293273
1200000|1|6000|3|4|1|2|288000|558|4464010|199345
1200000|1|6000|3|4|0|0|288000|559|4472009|293969
1200000|1|6000|3|4|1|2|288000|559|4472009|198935
1200000|1|6000|3|4|0|0|288000|560|4480009|293930
1200000|1|6000|3|4|1|2|288000|560|4480009|198566
1200000|1|6000|3|4|0|0|288000|561|4488008|293764
1200000|1|6000|3|4|1|2|288000|561|4488008|198525
1200000|1|6000|3|4|0|0|288000|562|4496008|293314
1200000|1|6000|3|4|1|2|288000|562|4496008|198238
1200000|1|6000|3|4|0|0|288000|563|4504008|293150
1200000|1|6000|3|4|1|2|288000|563|4504008|197418
1200000|1|6000|3|4|0|0|288000|564|4512008|292700
1200000|1|6000|3|4|1|2|288000|564|4512008|197172
1200000|1|6000|3|4|0|0|288000|565|4520007|292453
1200000|1|6000|3|4|1|2|288000|565|4520007|196352
1200000|1|6000|3|4|0|0|288000|566|4528007|291552
1200000|1|6000|3|4|1|2|288000|566|4528007|196024
1200000|1|6000|3|4|0|0|288000|567|4536007|290689
1200000|1|6000|3|4|1|2|288000|567|4536007|195614
1200000|1|6000|3|4|0|0|288000|568|4544007|290610
1200000|1|6000|3|4|1|2|288000|568|4544007|195450
1200000|1|6000|3|4|0|0|288000|569|4552007|290198
1200000|1|6000|3|4|1|2|288000|569|4552007|196024
1200000|1|6000|3|4|0|0|288000|570|4560009|289788
1200000|1|6000|3|4|1|2|288000|570|4560009|195778
1200000|1|6000|3|4|0|0|288000|571|4568009|289745
1200000|1|6000|3|4|1|2|288000|571|4568009|195942
1200000|1|6000|3|4|0|0|288000|572|4576009|289173
1200000|1|6000|3|4|1|2|288000|572|4576009|195860
1200000|1|6000|3|4|0|0|288000|573|4584009|288928
1200000|1|6000|3|4|1|2|288000|573|4584009|196188
1200000|1|6000|3|4|0|0|288000|574|4592010|289582
1200000|1|6000|3|4|1|2|288000|574|4592010|196188
1200000|1|6000|3|4|0|0|288000|575|4600011|289704
1200000|1|6000|3|4|1|2|288000|575|4600011|196434
1200000|1|6000|3|4|0|0|288000|576|4608011|289664
1200000|1|6000|3|4|1|2|288000|576|4608011|196147
1200000|1|6000|3|4|0|0|288000|577|4616012|290158
1200000|1|6000|3|4|1|2|288000|577|4616012|196516
1200000|1|6000|3|4|0|0|288000|578|4624012|290772
1200000|1|6000|3|4|1|2|288000|578|4624012|197131
1200000|1|6000|3|4|0|0|288000|579|4632014|291017
1200000|1|6000|3|4|1|2|288000|579|4632014|197254
1200000|1|6000|3|4|0|0|288000|580|4640015|291672
1200000|1|6000|3|4|1|2|288000|580|4640015|197500
1200000|1|6000|3|4|0|0|288000|581|4648016|291547
1200000|1|6000|3|4|1|2|288000|581|4648016|197705
1200000|1|6000|3|4|0|0|288000|582|4656017|291427
1200000|1|6000|3|4|1|2|288000|582|4656017|197459
1200000|1|6000|3|4|0|0|288000|583|4664017|292043
1200000|1|6000|3|4|1|2|288000|583|4664017|197049
1200000|1|6000|3|4|0|0|288000|584|4672017|292699
1200000|1|6000|3|4|1|2|288000|584|4672017|196762
1200000|1|6000|3|4|0|0|288000|585|4680017|293395
1200000|1|6000|3|4|1|2|288000|585|4680017|197541
1200000|1|6000|3|4|0|0|288000|586|4688018|294131
1200000|1|6000|3|4|1|2|288000|586|4688018|198156
1200000|1|6000|3|4|0|0|288000|587|4696018|294748
1200000|1|6000|3|4|1|2|288000|587|4696018|198525
1200000|1|6000|3|4|0|0|288000|588|4704019|295240
1200000|1|6000|3|4|1|2|288000|588|4704019|198812
1200000|1|6000|3|4|0|0|288000|589|4712019|295567
1200000|1|6000|3|4|1|2|288000|589|4712019|198894
1200000|1|6000|3|4|0|0|288000|590|4720019|295364
1200000|1|6000|3|4|1|2|288000|590|4720019|199017
1200000|1|6000|3|4|0|0|288000|591|4728019|294872
1200000|1|6000|3|4|1|2|288000|591|4728019|199181
1200000|1|6000|3|4|0|0|288000|592|4736019|294872
1200000|1|6000|3|4|1|2|288000|592|4736019|199181
1200000|1|6000|3|4|0|0|288000|593|4744020|294584
1200000|1|6000|3|4|1|2|288000|593|4744020|199386
1200000|1|6000|3|4|0|0|288000|594|4752020|294749
1200000|1|6000|3|4|1|2|288000|594|4752020|199304
1200000|1|6000|3|4|0|0|288000|595|4760020|294502
1200000|1|6000|3|4|1|2|288000|595|4760020|199591
1200000|1|6000|3|4|0|0|288000|596|4768020|294008
1200000|1|6000|3|4|1|2|288000|596|4768020|199960
1200000|1|6000|3|4|0|0|288000|597|4776020|293520
1200000|1|6000|3|4|1|2|288000|597|4776020|200206
1200000|1|6000|3|4|0|0|288000|598|4784020|293150
1200000|1|6000|3|4|1|2|288000|598|4784020|201231
1200000|1|6000|3|4|0|0|288000|599|4792021|292495
1200000|1|6000|3|4|1|2|288000|599|4792021|201559
1200000|1|6000|3|4|0|0|288000|600|4800021|291877
1200000|1|6000|3|4|1|2|288000|600|4800021|201723
1200000|1|6000|3|4|0|0|288000|601|4808021|290895
1200000|1|6000|3|4|1|2|288000|601|4808021|202215
1200000|1|6000|3|4|0|0|288000|602|4816022|289992
1200000|1|6000|3|4|1|2|288000|602|4816022|202338
1200000|1|6000|3|4|0|0|288000|603|4824022|289908
1200000|1|6000|3|4|1|2|288000|603|4824022|202748
1200000|1|6000|3|4|0|0|288000|604|4832022|290278
1200000|1|6000|3|4|1|2|288000|604|4832022|202953
1200000|1|6000|3|4|0|0|288000|605|4840022|291018
1200000|1|6000|3|4|1|2|288000|605|4840022|203199
1200000|1|6000|3|4|0|0|288000|606|4848022|291837
1200000|1|6000|3|4|1|2|288000|606|4848022|203117
1200000|1|6000|3|4|0|0|288000|607|4856022|292083
1200000|1|6000|3|4|1|2|288000|607|4856022|203199
1200000|1|6000|3|4|0|0|288000|608|4864022|292367
1200000|1|6000|3|4|1|2|288000|608|4864022|202789
1200000|1|6000|3|4|0|0|288000|609|4872022|292820
1200000|1|6000|3|4|1|2|288000|609|4872022|202666
1200000|1|6000|3|4|0|0|288000|610|4880023|292864
1200000|1|6000|3|4|1|2|288000|610|4880023|202666
1200000|1|6000|3|4|0|0|288000|611|4888023|292494
1200000|1|6000|3|4|1|2|288000|611|4888023|202420
1200000|1|6000|3|4|0|0|288000|612|4896023|292453
1200000|1|6000|3|4|1|2|288000|612|4896023|202379
1200000|1|6000|3|4|0|0|288000|613|4904023|292042
1200000|1|6000|3|4|1|2|288000|613|4904023|201887
1200000|1|6000|3|4|0|0|288000|614|4912023|291755
1200000|1|6000|3|4|1|2|288000|614|4912023|202297
1200000|1|6000|3|4|0|0|288000|615|4920023|291142
1200000|1|6000|3|4|1|2|288000|615|4920023|201887
1200000|1|6000|3|4|0|0|288000|616|4928023|290973
1200000|1|6000|3|4|1|2|288000|616|4928023|202133
1200000|1|6000|3|4|0|0|288000|617|4936024|290771
1200000|1|6000|3|4|1|2|288000|617|4936024|201723
1200000|1|6000|3|4|0|0|288000|618|4944024|290894
1200000|1|6000|3|4|1|2|288000|618|4944024|202010
1200000|1|6000|3|4|0|0|288000|619|4952025|291265
1200000|1|6000|3|4|1|2|288000|619|4952025|202092
1200000|1|6000|3|4|0|0|288000|620|4960026|290937
1200000|1|6000|3|4|1|2|288000|620|4960026|201313
1200000|1|6000|3|4|0|0|288000|621|4968026|291017
1200000|1|6000|3|4|1|2|288000|621|4968026|200821
1200000|1|6000|3|4|0|0|288000|622|4976025|290814
1200000|1|6000|3|4|1|2|288000|622|4976025|200206
1200000|1|6000|3|4|0|0|288000|623|4984025|290403
1200000|1|6000|3|4|1|2|288000|623|4984025|199919
1200000|1|6000|3|4|0|0|288000|624|4992025|290443
1200000|1|6000|3|4|1|2|288000|624|4992025|199796
1200000|1|6000|3|4|0|0|288000|625|5000025|290276
1200000|1|6000|3|4|1|2|288000|625|5000025|199550
1200000|1|6000|3|4|0|0|288000|626|5008025|290441
1200000|1|6000|3|4|1|2|288000|626|5008025|199427
1200000|1|6000|3|4|0|0|288000|627|5016025|291427
1200000|1|6000|3|4|1|2|288000|627|5016025|199263
1200000|1|6000|3|4|0|0|288000|628|5024025|291920
1200000|1|6000|3|4|1|2|288000|628|5024025|199591
1200000|1|6000|3|4|0|0|288000|629|5032026|292781
1200000|1|6000|3|4|1|2|288000|629|5032026|199632
1200000|1|6000|3|4|0|0|288000|630|5040026|293764
1200000|1|6000|3|4|1|2|288000|630|5040026|199960
1200000|1|6000|3|4|0|0|288000|631|5048027|294052
1200000|1|6000|3|4|1|2|288000|631|5048027|200247
1200000|1|6000|3|4|0|0|288000|632|5056027|294748
1200000|1|6000|3|4|1|2|288000|632|5056027|200452
1200000|1|6000|3|4|0|0|288000|633|5064027|294749
1200000|1|6000|3|4|1|2|288000|633|5064027|200739
1200000|1|6000|3|4|0|0|288000|634|5072028|294133
1200000|1|6000|3|4|1|2|288000|634|5072028|201395
1200000|1|6000|3|4|0|0|288000|635|5080028|294134
1200000|1|6000|3|4|1|2|288000|635|5080028|201313
1200000|1|6000|3|4|0|0|288000|636|5088028|294420
1200000|1|6000|3|4|1|2|288000|636|5088028|201559
1200000|1|6000|3|4|0|0|288000|637|5096028|294707
1200000|1|6000|3|4|1|2|288000|637|5096028|201149
1200000|1|6000|3|4|0|0|288000|638|5104028|295035
1200000|1|6000|3|4|1|2|288000|638|5104028|201231
1200000|1|6000|3|4|0|0|288000|639|5112028|295530
1200000|1|6000|3|4|1|2|288000|639|5112028|201354
1200000|1|6000|3|4|0|0|288000|640|5120028|295693
1200000|1|6000|3|4|1|2|288000|640|5120028|202051
1200000|1|6000|3|4|0|0|288000|641|5128029|295528
1200000|1|6000|3|4|1|2|288000|641|5128029|202379
1200000|1|6000|3|4|0|0|288000|642|5136029|295118
1200000|1|6000|3|4|1|2|288000|642|5136029|203322
1200000|1|6000|3|4|0|0|288000|643|5144029|294871
1200000|1|6000|3|4|1|2|288000|643|5144029|202994
1200000|1|6000|3|4|0|0|288000|644|5152028|295118
1200000|1|6000|3|4|1|2|288000|644|5152028|203527
1200000|1|6000|3|4|0|0|288000|645|5160028|295323
1200000|1|6000|3|4|1|2|288000|645|5160028|202256
1200000|1|6000|3|4|0|0|288000|646|5168027|295035
1200000|1|6000|3|4|1|2|288000|646|5168027|201518
1200000|1|6000|3|4|0|0|288000|647|5176026|294668
1200000|1|6000|3|4|1|2|288000|647|5176026|201231
1200000|1|6000|3|4|0|0|288000|648|5184026|294421
1200000|1|6000|3|4|1|2|288000|648|5184026|201272
1200000|1|6000|3|4|0|0|288000|649|5192026|295732
1200000|1|6000|3|4|1|2|288000|649|5192026|200903
1200000|1|6000|3|4|0|0|288000|650|5200025|296513
1200000|1|6000|3|4|1|2|288000|650|5200025|200657
1200000|1|6000|3|4|0|0|288000|651|5208025|296634
1200000|1|6000|3|4|1|2|288000|651|5208025|200534
1200000|1|6000|3|4|0|0|288000|652|5216024|297083
1200000|1|6000|3|4|1|2|288000|652|5216024|200493
1200000|1|6000|3|4|0|0|288000|653|5224023|296881
1200000|1|6000|3|4|1|2|288000|653|5224023|200124
1200000|1|6000|3|4|0|0|288000|654|5232022|297372
1200000|1|6000|3|4|1|2|288000|654|5232022|199509
1200000|1|6000|3|4|0|0|288000|655|5240021|297454
1200000|1|6000|3|4|1|2|288000|655|5240021|199058
1200000|1|6000|3|4|0|0|288000|656|5248020|297660
1200000|1|6000|3|4|1|2|288000|656|5248020|198320
1200000|1|6000|3|4|0|0|288000|657|5256019|297497
1200000|1|6000|3|4|1|2|288000|657|5256019|197746
1200000|1|6000|3|4|0|0|288000|658|5264018|297456
1200000|1|6000|3|4|1|2|288000|658|5264018|197787
1200000|1|6000|3|4|0|0|288000|659|5272018|297619
1200000|1|6000|3|4|1|2|288000|659|5272018|197541
1200000|1|6000|3|4|0|0|288000|660|5280019|298436
1200000|1|6000|3|4|1|2|288000|660|5280019|197008
1200000|1|6000|3|4|0|0|288000|661|5288019|298561
1200000|1|6000|3|4|1|2|288000|661|5288019|196147
1200000|1|6000|3|4|0|0|288000|662|5296019|298807
1200000|1|6000|3|4|1|2|288000|662|5296019|195860
1200000|1|6000|3|4|0|0|288000|663|5304020|299381
1200000|1|6000|3|4|1|2|288000|663|5304020|194958
1200000|1|6000|3|4|0|0|288000|664|5312020|299914
1200000|1|6000|3|4|1|2|288000|664|5312020|194835
1200000|1|6000|3|4|0|0|288000|665|5320020|300283
1200000|1|6000|3|4|1|2|288000|665|5320020|194056
1200000|1|6000|3|4|0|0|288000|666|5328020|299997
1200000|1|6000|3|4|1|2|288000|666|5328020|192949
1200000|1|6000|3|4|0|0|288000|667|5336019|299997
1200000|1|6000|3|4|1|2|288000|667|5336019|192826
1200000|1|6000|3|4|0|0|288000|668|5344019|299668
1200000|1|6000|3|4|1|2|288000|668|5344019|192498
1200000|1|6000|3|4|0|0|288000|669|5352018|299793
1200000|1|6000|3|4|1|2|288000|669|5352018|192580
1200000|1|6000|3|4|0|0|288000|670|5360018|299466
1200000|1|6000|3|4|1|2|288000|670|5360018|192088
1200000|1|6000|3|4|0|0|288000|671|5368018|298438
1200000|1|6000|3|4|1|2|288000|671|5368018|192539
1200000|1|6000|3|4|0|0|288000|672|5376019|297577
1200000|1|6000|3|4|1|2|288000|672|5376019|192129
1200000|1|6000|3|4|0|0|288000|673|5384019|297660
1200000|1|6000|3|4|1|2|288000|673|5384019|192498
1200000|1|6000|3|4|0|0|288000|674|5392020|297168
1200000|1|6000|3|4|1|2|288000|674|5392020|192088
1200000|1|6000|3|4|0|0|288000|675|5400021|296470
1200000|1|6000|3|4|1|2|288000|675|5400021|191637
1200000|1|6000|3|4|0|0|288000|676|5408021|296347
1200000|1|6000|3|4|1|2|288000|676|5408021|191555
1200000|1|6000|3|4|0|0|288000|677|5416022|295529
1200000|1|6000|3|4|1|2|288000|677|5416022|191145
1200000|1|6000|3|4|0|0|288000|678|5424021|294832
1200000|1|6000|3|4|1|2|288000|678|5424021|191022
1200000|1|6000|3|4|0|0|288000|679|5432022|294994
1200000|1|6000|3|4|1|2|288000|679|5432022|190940
1200000|1|6000|3|4|0|0|288000|680|5440022|295815
1200000|1|6000|3|4|1|2|288000|680|5440022|190407
1200000|1|6000|3|4|0|0|288000|681|5448022|296349
1200000|1|6000|3|4|1|2|288000|681|5448022|190325
1200000|1|6000|3|4|0|0|288000|682|5456022|297249
1200000|1|6000|3|4|1|2|288000|682|5456022|190776
1200000|1|6000|3|4|0|0|288000|683|5464022|297292
1200000|1|6000|3|4|1|2|288000|683|5464022|190202
1200000|1|6000|3|4|0|0|288000|684|5472022|298272
1200000|1|6000|3|4|1|2|288000|684|5472022|190325
1200000|1|6000|3|4|0|0|288000|685|5480023|298766
1200000|1|6000|3|4|1|2|288000|685|5480023|190161
1200000|1|6000|3|4|0|0|288000|686|5488023|298435
1200000|1|6000|3|4|1|2|288000|686|5488023|190038
1200000|1|6000|3|4|0|0|288000|687|5496024|297452
1200000|1|6000|3|4|1|2|288000|687|5496024|190202
1200000|1|6000|3|4|0|0|288000|688|5504024|295979
1200000|1|6000|3|4|1|2|288000|688|5504024|189751
1200000|1|6000|3|4|0|0|288000|689|5512025|295282
1200000|1|6000|3|4|1|2|288000|689|5512025|189833
1200000|1|6000|3|4|0|0|288000|690|5520026|294831
1200000|1|6000|3|4|1|2|288000|690|5520026|188767
1200000|1|6000|3|4|0|0|288000|691|5528026|294462
1200000|1|6000|3|4|1|2|288000|691|5528026|188234
1200000|1|6000|3|4|0|0|288000|692|5536027|294216
1200000|1|6000|3|4|1|2|288000|692|5536027|187291
1200000|1|6000|3|4|0|0|288000|693|5544027|294417
1200000|1|6000|3|4|1|2|288000|693|5544027|186020
1200000|1|6000|3|4|0|0|288000|694|5552027|295196
1200000|1|6000|3|4|1|2|288000|694|5552027|185077
1200000|1|6000|3|4|0|0|288000|695|5560027|295197
1200000|1|6000|3|4|1|2|288000|695|5560027|184462
1200000|1|6000|3|4|0|0|288000|696|5568027|295241
1200000|1|6000|3|4|1|2|288000|696|5568027|183724
1200000|1|6000|3|4|0|0|288000|697|5576027|294995
1200000|1|6000|3|4|1|2|288000|697|5576027|183519
1200000|1|6000|3|4|0|0|288000|698|5584027|294951
1200000|1|6000|3|4|1|2|288000|698|5584027|183601
1200000|1|6000|3|4|0|0|288000|699|5592028|294420
1200000|1|6000|3|4|1|2|288000|699|5592028|183232
1200000|1|6000|3|4|0|0|288000|700|5600028|294420
1200000|1|6000|3|4|1|2|288000|700|5600028|183273
1200000|1|6000|3|4|0|0|288000|701|5608028|293724
1200000|1|6000|3|4|1|2|288000|701|5608028|182986
1200000|1|6000|3|4|0|0|288000|702|5616028|293680
1200000|1|6000|3|4|1|2|288000|702|5616028|182699
1200000|1|6000|3|4|0|0|288000|703|5624028|293190
1200000|1|6000|3|4|1|2|288000|703|5624028|182043
1200000|1|6000|3|4|0|0|288000|704|5632028|293068
1200000|1|6000|3|4|1|2|288000|704|5632028|182248
1200000|1|6000|3|4|0|0|288000|705|5640029|292945
1200000|1|6000|3|4|1|2|288000|705|5640029|181797
1200000|1|6000|3|4|0|0|288000|706|5648029|292329
1200000|1|6000|3|4|1|2|288000|706|5648029|181756
1200000|1|6000|3|4|0|0|288000|707|5656030|291757
1200000|1|6000|3|4|1|2|288000|707|5656030|181592
1200000|1|6000|3|4|0|0|288000|708|5664030|291427
1200000|1|6000|3|4|1|2|288000|708|5664030|181633
1200000|1|6000|3|4|0|0|288000|709|5672030|290896
1200000|1|6000|3|4|1|2|288000|709|5672030|181510
1200000|1|6000|3|4|0|0|288000|710|5680031|290074
1200000|1|6000|3|4|1|2|288000|710|5680031|181510
1200000|1|6000|3|4|0|0|288000|711|5688031|289829
1200000|1|6000|3|4|1|2|288000|711|5688031|182248
1200000|1|6000|3|4|0|0|288000|712|5696033|289009
1200000|1|6000|3|4|1|2|288000|712|5696033|182863
1200000|1|6000|3|4|0|0|288000|713|5704034|288188
1200000|1|6000|3|4|1|2|288000|713|5704034|184462
1200000|1|6000|3|4|0|0|288000|714|5712036|287734
1200000|1|6000|3|4|1|2|288000|714|5712036|185364
1200000|1|6000|3|4|0|0|288000|715|5720037|287366
1200000|1|6000|3|4|1|2|288000|715|5720037|186389
1200000|1|6000|3|4|0|0|288000|716|5728038|285933
1200000|1|6000|3|4|1|2|288000|716|5728038|187578
1200000|1|6000|3|4|0|0|288000|717|5736039|285154
1200000|1|6000|3|4|1|2|288000|717|5736039|188275
1200000|1|6000|3|4|0|0|288000|718|5744040|284786
1200000|1|6000|3|4|1|2|288000|718|5744040|188966
1200000|1|6000|3|4|0|0|288000|719|5752041|284701
1200000|1|6000|3|4|1|2|288000|719|5752041|188972
1200000|1|6000|3|4|0|0|288000|720|5760040|284130
1200000|1|6000|3|4|1|2|288000|720|5760040|188719
1200000|1|6000|3|4|0|0|288000|721|5768041|283269
1200000|1|6000|3|4|1|2|288000|721|5768041|188882
1200000|1|6000|3|4|0|0|288000|722|5776042|282161
1200000|1|6000|3|4|1|2|288000|722|5776042|189088
1200000|1|6000|3|4|0|0|288000|723|5784042|281507
1200000|1|6000|3|4|1|2|288000|723|5784042|189497
1200000|1|6000|3|4|0|0|288000|724|5792043|280765
1200000|1|6000|3|4|1|2|288000|724|5792043|189622
1200000|1|6000|3|4|0|0|288000|725|5800044|280277
1200000|1|6000|3|4|1|2|288000|725|5800044|190194
1200000|1|6000|3|4|0|0|288000|726|5808045|280031
1200000|1|6000|3|4|1|2|288000|726|5808045|189741
1200000|1|6000|3|4|0|0|288000|727|5816044|279662
1200000|1|6000|3|4|1|2|288000|727|5816044|189331
1200000|1|6000|3|4|0|0|288000|728|5824043|279457
1200000|1|6000|3|4|1|2|288000|728|5824043|188719
1200000|1|6000|3|4|0|0|288000|729|5832043|278677
1200000|1|6000|3|4|1|2|288000|729|5832043|188146
1200000|1|6000|3|4|0|0|288000|730|5840042|278636
1200000|1|6000|3|4|1|2|288000|730|5840042|187571
1200000|1|6000|3|4|0|0|288000|731|5848041|278880
1200000|1|6000|3|4|1|2|288000|731|5848041|186881
1200000|1|6000|3|4|0|0|288000|732|5856040|278963
1200000|1|6000|3|4|1|2|288000|732|5856040|186512
1200000|1|6000|3|4|0|0|288000|733|5864039|278472
1200000|1|6000|3|4|1|2|288000|733|5864039|186717
1200000|1|6000|3|4|0|0|288000|734|5872039|278472
1200000|1|6000|3|4|1|2|288000|734|5872039|186963
1200000|1|6000|3|4|0|0|288000|735|5880040|278350
1200000|1|6000|3|4|1|2|288000|735|5880040|186881
1200000|1|6000|3|4|0|0|288000|736|5888040|278309
1200000|1|6000|3|4|1|2|288000|736|5888040|187578
1200000|1|6000|3|4|0|0|288000|737|5896040|278349
1200000|1|6000|3|4|1|2|288000|737|5896040|187611
1200000|1|6000|3|4|0|0|288000|738|5904041|278348
1200000|1|6000|3|4|1|2|288000|738|5904041|188063
1200000|1|6000|3|4|0|0|288000|739|5912041|278472
1200000|1|6000|3|4|1|2|288000|739|5912041|187774
1200000|1|6000|3|4|0|0|288000|740|5920041|278510
1200000|1|6000|3|4|1|2|288000|740|5920041|187652
1200000|1|6000|3|4|0|0|288000|741|5928041|277816
1200000|1|6000|3|4|1|2|288000|741|5928041|186348
1200000|1|6000|3|4|0|0|288000|742|5936039|277489
1200000|1|6000|3|4|1|2|288000|742|5936039|185979
1200000|1|6000|3|4|0|0|288000|743|5944038|276832
1200000|1|6000|3|4|1|2|288000|743|5944038|186102
1200000|1|6000|3|4|0|0|288000|744|5952037|276749
1200000|1|6000|3|4|1|2|288000|744|5952037|186553
1200000|1|6000|3|4|0|0|288000|745|5960036|276422
1200000|1|6000|3|4|1|2|288000|745|5960036|186348
1200000|1|6000|3|4|0|0|288000|746|5968035|276217
1200000|1|6000|3|4|1|2|288000|746|5968035|186512
1200000|1|6000|3|4|0|0|288000|747|5976034|276255
1200000|1|6000|3|4|1|2|288000|747|5976034|186471
1200000|1|6000|3|4|0|0|288000|748|5984033|277075
1200000|1|6000|3|4|1|2|288000|748|5984033|187496
1200000|1|6000|3|4|0|0|288000|749|5992035|277526
1200000|1|6000|3|4|1|2|288000|749|5992035|187783
1200000|1|6000|3|4|0|0|288000|750|6000035|277733
1200000|1|6000|3|4|1|2|288000|750|6000035|187455
1200000|1|6000|3|4|0|0|288000|751|6008035|277652
1200000|1|6000|3|4|1|2|288000|751|6008035|187578
1200000|1|6000|3|4|0|0|288000|752|6016036|277570
1200000|1|6000|3|4|1|2|288000|752|6016036|187824
1200000|1|6000|3|4|0|0|288000|753|6024036|277200
1200000|1|6000|3|4|1|2|288000|753|6024036|187701
1200000|1|6000|3|4|0|0|288000|754|6032036|277077
1200000|1|6000|3|4|1|2|288000|754|6032036|188111
1200000|1|6000|3|4|0|0|288000|755|6040036|277447
1200000|1|6000|3|4|1|2|288000|755|6040036|188234
1200000|1|6000|3|4|0|0|288000|756|6048036|277486
1200000|1|6000|3|4|1|2|288000|756|6048036|188234
1200000|1|6000|3|4|0|0|288000|757|6056036|277981
1200000|1|6000|3|4|1|2|288000|757|6056036|187783
1200000|1|6000|3|4|0|0|288000|758|6064036|278269
1200000|1|6000|3|4|1|2|288000|758|6064036|187496
1200000|1|6000|3|4|0|0|288000|759|6072036|278717
1200000|1|6000|3|4|1|2|288000|759|6072036|187660
1200000|1|6000|3|4|0|0|288000|760|6080037|279330
1200000|1|6000|3|4|1|2|288000|760|6080037|187045
1200000|1|6000|3|4|0|0|288000|761|6088037|278840
1200000|1|6000|3|4|1|2|288000|761|6088037|186840
1200000|1|6000|3|4|0|0|288000|762|6096038|278224
1200000|1|6000|3|4|1|2|288000|762|6096038|186389
1200000|1|6000|3|4|0|0|288000|763|6104037|277283
1200000|1|6000|3|4|1|2|288000|763|6104037|185979
1200000|1|6000|3|4|0|0|288000|764|6112039|276913
1200000|1|6000|3|4|1|2|288000|764|6112039|185692
1200000|1|6000|3|4|0|0|288000|765|6120039|276586
1200000|1|6000|3|4|1|2|288000|765|6120039|185979
1200000|1|6000|3|4|0|0|288000|766|6128039|276257
1200000|1|6000|3|4|1|2|288000|766|6128039|186266
1200000|1|6000|3|4|0|0|288000|767|6136039|275888
1200000|1|6000|3|4|1|2|288000|767|6136039|186266
1200000|1|6000|3|4|0|0|288000|768|6144040|276095
1200000|1|6000|3|4|1|2|288000|768|6144040|186348
1200000|1|6000|3|4|0|0|288000|769|6152040|276176
1200000|1|6000|3|4|1|2|288000|769|6152040|186307
1200000|1|6000|3|4|0|0|288000|770|6160041|276298
1200000|1|6000|3|4|1|2|288000|770|6160041|185774
1200000|1|6000|3|4|0|0|288000|771|6168040|275111
1200000|1|6000|3|4|1|2|288000|771|6168040|185323
1200000|1|6000|3|4|0|0|288000|772|6176040|274782
1200000|1|6000|3|4|1|2|288000|772|6176040|185077
1200000|1|6000|3|4|0|0|288000|773|6184039|273838
1200000|1|6000|3|4|1|2|288000|773|6184039|184831
1200000|1|6000|3|4|0|0|288000|774|6192038|273469
1200000|1|6000|3|4|1|2|288000|774|6192038|184421
1200000|1|6000|3|4|0|0|288000|775|6200037|272693
1200000|1|6000|3|4|1|2|288000|775|6200037|184257
1200000|1|6000|3|4|0|0|288000|776|6208036|272773
1200000|1|6000|3|4|1|2|288000|776|6208036|184134
1200000|1|6000|3|4|0|0|288000|777|6216036|273060
1200000|1|6000|3|4|1|2|288000|777|6216036|184134
1200000|1|6000|3|4|0|0|288000|778|6224035|273674
1200000|1|6000|3|4|1|2|288000|778|6224035|184667
1200000|1|6000|3|4|0|0|288000|779|6232035|273836
1200000|1|6000|3|4|1|2|288000|779|6232035|185118
1200000|1|6000|3|4|0|0|288000|780|6240036|273880
1200000|1|6000|3|4|1|2|288000|780|6240036|184954
1200000|1|6000|3|4|0|0|288000|781|6248036|274455
1200000|1|6000|3|4|1|2|288000|781|6248036|184954
1200000|1|6000|3|4|0|0|288000|782|6256036|274248
1200000|1|6000|3|4|1|2|288000|782|6256036|184790
1200000|1|6000|3|4|0|0|288000|783|6264036|274494
1200000|1|6000|3|4|1|2|288000|783|6264036|185118
1200000|1|6000|3|4|0|0|288000|784|6272037|274331
1200000|1|6000|3|4|1|2|288000|784|6272037|185610
1200000|1|6000|3|4|0|0|288000|785|6280038|274332
1200000|1|6000|3|4|1|2|288000|785|6280038|185815
1200000|1|6000|3|4|0|0|288000|786|6288039|274578
1200000|1|6000|3|4|1|2|288000|786|6288039|186266
1200000|1|6000|3|4|0|0|288000|787|6296039|275068
1200000|1|6000|3|4|1|2|288000|787|6296039|187004
1200000|1|6000|3|4|0|0|288000|788|6304040|275398
1200000|1|6000|3|4|1|2|288000|788|6304040|186881
1200000|1|6000|3|4|0|0|288000|789|6312039|275561
1200000|1|6000|3|4|1|2|288000|789|6312039|187004
1200000|1|6000|3|4|0|0|288000|790|6320040|275762
1200000|1|6000|3|4|1|2|288000|790|6320040|186799
1200000|1|6000|3|4|0|0|288000|791|6328040|275723
1200000|1|6000|3|4|1|2|288000|791|6328040|186430
1200000|1|6000|3|4|0|0|288000|792|6336040|276095
1200000|1|6000|3|4|1|2|288000|792|6336040|186348
1200000|1|6000|3|4|0|0|288000|793|6344039|275725
1200000|1|6000|3|4|1|2|288000|793|6344039|186676
1200000|1|6000|3|4|0|0|288000|794|6352040|275765
1200000|1|6000|3|4|1|2|288000|794|6352040|186512
1200000|1|6000|3|4|0|0|288000|795|6360040|275397
1200000|1|6000|3|4|1|2|288000|795|6360040|186225
1200000|1|6000|3|4|0|0|288000|796|6368040|275273
1200000|1|6000|3|4|1|2|288000|796|6368040|186307
1200000|1|6000|3|4|0|0|288000|797|6376040|274863
1200000|1|6000|3|4|1|2|288000|797|6376040|186512
1200000|1|6000|3|4|0|0|288000|798|6384040|275522
1200000|1|6000|3|4|1|2|288000|798|6384040|186799
1200000|1|6000|3|4|0|0|288000|799|6392041|275355
1200000|1|6000|3|4|1|2|288000|799|6392041|186553
1200000|1|6000|3|4|0|0|288000|800|6400040|276094
1200000|1|6000|3|4|1|2|288000|800|6400040|186389
1200000|1|6000|3|4|0|0|288000|801|6408040|276710
1200000|1|6000|3|4|1|2|288000|801|6408040|186790
1200000|1|6000|3|4|0|0|288000|802|6416041|277488
1200000|1|6000|3|4|1|2|288000|802|6416041|187613
1200000|1|6000|3|4|0|0|288000|803|6424041|278020
1200000|1|6000|3|4|1|2|288000|803|6424041|187731
1200000|1|6000|3|4|0|0|288000|804|6432041|278390
1200000|1|6000|3|4|1|2|288000|804|6432041|188022
1200000|1|6000|3|4|0|0|288000|805|6440042|278677
1200000|1|6000|3|4|1|2|288000|805|6440042|187774
1200000|1|6000|3|4|0|0|288000|806|6448042|279087
1200000|1|6000|3|4|1|2|288000|806|6448042|187444
1200000|1|6000|3|4|0|0|288000|807|6456041|279129
1200000|1|6000|3|4|1|2|288000|807|6456041|187202
1200000|1|6000|3|4|0|0|288000|808|6464041|279292
1200000|1|6000|3|4|1|2|288000|808|6464041|187034
1200000|1|6000|3|4|0|0|288000|809|6472041|279292
1200000|1|6000|3|4|1|2|288000|809|6472041|186512
1200000|1|6000|3|4|0|0|288000|810|6480040|279947
1200000|1|6000|3|4|1|2|288000|810|6480040|186020
1200000|1|6000|3|4|0|0|288000|811|6488040|280806
1200000|1|6000|3|4|1|2|288000|811|6488040|185364
1200000|1|6000|3|4|0|0|288000|812|6496038|281301
1200000|1|6000|3|4|1|2|288000|812|6496038|185036
1200000|1|6000|3|4|0|0|288000|813|6504038|282241
1200000|1|6000|3|4|1|2|288000|813|6504038|184790
1200000|1|6000|3|4|0|0|288000|814|6512038|283106
1200000|1|6000|3|4|1|2|288000|814|6512038|184216
1200000|1|6000|3|4|0|0|288000|815|6520037|282817
1200000|1|6000|3|4|1|2|288000|815|6520037|183355
1200000|1|6000|3|4|0|0|288000|816|6528036|282899
1200000|1|6000|3|4|1|2|288000|816|6528036|184052
1200000|1|6000|3|4|0|0|288000|817|6536037|283021
1200000|1|6000|3|4|1|2|288000|817|6536037|184257
1200000|1|6000|3|4|0|0|288000|818|6544037|283309
1200000|1|6000|3|4|1|2|288000|818|6544037|184503
1200000|1|6000|3|4|0|0|288000|819|6552037|283432
1200000|1|6000|3|4|1|2|288000|819|6552037|184380
1200000|1|6000|3|4|0|0|288000|820|6560038|283350
1200000|1|6000|3|4|1|2|288000|820|6560038|184626
1200000|1|6000|3|4|0|0|288000|821|6568039|283184
1200000|1|6000|3|4|1|2|288000|821|6568039|184831
1200000|1|6000|3|4|0|0|288000|822|6576040|282980
1200000|1|6000|3|4|1|2|288000|822|6576040|185159
1200000|1|6000|3|4|0|0|288000|823|6584040|282532
1200000|1|6000|3|4|1|2|288000|823|6584040|185446
1200000|1|6000|3|4|0|0|288000|824|6592040|281710
1200000|1|6000|3|4|1|2|288000|824|6592040|185234
1200000|1|6000|3|4|0|0|288000|825|6600041|281669
1200000|1|6000|3|4|1|2|288000|825|6600041|185728
1200000|1|6000|3|4|0|0|288000|826|6608041|280766
1200000|1|6000|3|4|1|2|288000|826|6608041|185684
1200000|1|6000|3|4|0|0|288000|827|6616041|280191
1200000|1|6000|3|4|1|2|288000|827|6616041|185767
1200000|1|6000|3|4|0|0|288000|828|6624041|279867
1200000|1|6000|3|4|1|2|288000|828|6624041|185808
1200000|1|6000|3|4|0|0|288000|829|6632042|280481
1200000|1|6000|3|4|1|2|288000|829|6632042|186051
1200000|1|6000|3|4|0|0|288000|830|6640042|279907
1200000|1|6000|3|4|1|2|288000|830|6640042|186423
1200000|1|6000|3|4|0|0|288000|831|6648043|279863
1200000|1|6000|3|4|1|2|288000|831|6648043|187202
1200000|1|6000|3|4|0|0|288000|832|6656044|279698
1200000|1|6000|3|4|1|2|288000|832|6656044|187035
1200000|1|6000|3|4|0|0|288000|833|6664044|279292
1200000|1|6000|3|4|1|2|288000|833|6664044|186792
1200000|1|6000|3|4|0|0|288000|834|6672044|279127
1200000|1|6000|3|4|1|2|288000|834|6672044|185971
1200000|1|6000|3|4|0|0|288000|835|6680045|278922
1200000|1|6000|3|4|1|2|288000|835|6680045|185357
1200000|1|6000|3|4|0|0|288000|836|6688045|277774
1200000|1|6000|3|4|1|2|288000|836|6688045|185066
1200000|1|6000|3|4|0|0|288000|837|6696045|276832
1200000|1|6000|3|4|1|2|288000|837|6696045|184741
1200000|1|6000|3|4|0|0|288000|838|6704046|276624
1200000|1|6000|3|4|1|2|288000|838|6704046|184126
1200000|1|6000|3|4|0|0|288000|839|6712046|276338
1200000|1|6000|3|4|1|2|288000|839|6712046|184578
1200000|1|6000|3|4|0|0|288000|840|6720047|275439
1200000|1|6000|3|4|1|2|288000|840|6720047|184659
1200000|1|6000|3|4|0|0|288000|841|6728048|274618
1200000|1|6000|3|4|1|2|288000|841|6728048|184783
1200000|1|6000|3|4|0|0|288000|842|6736048|273959
1200000|1|6000|3|4|1|2|288000|842|6736048|184987
1200000|1|6000|3|4|0|0|288000|843|6744049|273511
1200000|1|6000|3|4|1|2|288000|843|6744049|185112
1200000|1|6000|3|4|0|0|288000|844|6752050|273552
1200000|1|6000|3|4|1|2|288000|844|6752050|185111
1200000|1|6000|3|4|0|0|288000|845|6760051|274084
1200000|1|6000|3|4|1|2|288000|845|6760051|185275
1200000|1|6000|3|4|0|0|288000|846|6768051|274617
1200000|1|6000|3|4|1|2|288000|846|6768051|184865
1200000|1|6000|3|4|0|0|288000|847|6776051|274782
1200000|1|6000|3|4|1|2|288000|847|6776051|185645
1200000|1|6000|3|4|0|0|288000|848|6784052|274947
1200000|1|6000|3|4|1|2|288000|848|6784052|186463
1200000|1|6000|3|4|0|0|288000|849|6792053|275109
1200000|1|6000|3|4|1|2|288000|849|6792053|186956
1200000|1|6000|3|4|0|0|288000|850|6800053|275311
1200000|1|6000|3|4|1|2|288000|850|6800053|187325
1200000|1|6000|3|4|0|0|288000|851|6808054|275435
1200000|1|6000|3|4|1|2|288000|851|6808054|187817
1200000|1|6000|3|4|0|0|288000|852|6816054|276300
1200000|1|6000|3|4|1|2|288000|852|6816054|188105
1200000|1|6000|3|4|0|0|288000|853|6824055|275929
1200000|1|6000|3|4|1|2|288000|853|6824055|187898
1200000|1|6000|3|4|0|0|288000|854|6832055|276255
1200000|1|6000|3|4|1|2|288000|854|6832055|187038
1200000|1|6000|3|4|0|0|288000|855|6840054|276134
1200000|1|6000|3|4|1|2|288000|855|6840054|186750
1200000|1|6000|3|4|0|0|288000|856|6848053|276463
1200000|1|6000|3|4|1|2|288000|856|6848053|186668
1200000|1|6000|3|4|0|0|288000|857|6856053|277405
1200000|1|6000|3|4|1|2|288000|857|6856053|186381
1200000|1|6000|3|4|0|0|288000|858|6864053|277939
1200000|1|6000|3|4|1|2|288000|858|6864053|186219
1200000|1|6000|3|4|0|0|288000|859|6872052|277733
1200000|1|6000|3|4|1|2|288000|859|6872052|186095
1200000|1|6000|3|4|0|0|288000|860|6880052|278346
1200000|1|6000|3|4|1|2|288000|860|6880052|186051
1200000|1|6000|3|4|0|0|288000|861|6888052|279210
1200000|1|6000|3|4|1|2|288000|861|6888052|186506
1200000|1|6000|3|4|0|0|288000|862|6896053|279660
1200000|1|6000|3|4|1|2|288000|862|6896053|187487
1200000|1|6000|3|4|0|0|288000|863|6904053|280232
1200000|1|6000|3|4|1|2|288000|863|6904053|187325
1200000|1|6000|3|4|0|0|288000|864|6912054|280767
1200000|1|6000|3|4|1|2|288000|864|6912054|187448
1200000|1|6000|3|4|0|0|288000|865|6920054|281625
1200000|1|6000|3|4|1|2|288000|865|6920054|187488
1200000|1|6000|3|4|0|0|288000|866|6928055|281261
1200000|1|6000|3|4|1|2|288000|866|6928055|187816
1200000|1|6000|3|4|0|0|288000|867|6936056|280602
1200000|1|6000|3|4|1|2|288000|867|6936056|187896
1200000|1|6000|3|4|0|0|288000|868|6944056|280235
1200000|1|6000|3|4|1|2|288000|868|6944056|187936
1200000|1|6000|3|4|0|0|288000|869|6952056|280235
1200000|1|6000|3|4|1|2|288000|869|6952056|187040
1200000|1|6000|3|4|0|0|288000|870|6960054|280278
1200000|1|6000|3|4|1|2|288000|870|6960054|186095
1200000|1|6000|3|4|0|0|288000|871|6968054|280071
1200000|1|6000|3|4|1|2|288000|871|6968054|185069
1200000|1|6000|3|4|0|0|288000|872|6976053|279867
1200000|1|6000|3|4|1|2|288000|872|6976053|183880
1200000|1|6000|3|4|0|0|288000|873|6984053|280399
1200000|1|6000|3|4|1|2|288000|873|6984053|182978
1200000|1|6000|3|4|0|0|288000|874|6992053|280768
1200000|1|6000|3|4|1|2|288000|874|6992053|182364
1200000|1|6000|3|4|0|0|288000|875|7000053|281096
1200000|1|6000|3|4|1|2|288000|875|7000053|181953
1200000|1|6000|3|4|0|0|288000|876|7008052|280686
1200000|1|6000|3|4|1|2|288000|876|7008052|182609
1200000|1|6000|3|4|0|0|288000|877|7016054|280765
1200000|1|6000|3|4|1|2|288000|877|7016054|182897
1200000|1|6000|3|4|0|0|288000|878|7024054|280645
1200000|1|6000|3|4|1|2|288000|878|7024054|183142
1200000|1|6000|3|4|0|0|288000|879|7032055|280645
1200000|1|6000|3|4|1|2|288000|879|7032055|182815
1200000|1|6000|3|4|0|0|288000|880|7040055|280564
1200000|1|6000|3|4|1|2|288000|880|7040055|182653
1200000|1|6000|3|4|0|0|288000|881|7048056|279906
1200000|1|6000|3|4|1|2|288000|881|7048056|182816
1200000|1|6000|3|4|0|0|288000|882|7056057|279540
1200000|1|6000|3|4|1|2|288000|882|7056057|182487
1200000|1|6000|3|4|0|0|288000|883|7064057|279166
1200000|1|6000|3|4|1|2|288000|883|7064057|181582
1200000|1|6000|3|4|0|0|288000|884|7072057|278963
1200000|1|6000|3|4|1|2|288000|884|7072057|180765
1200000|1|6000|3|4|0|0|288000|885|7080056|278798
1200000|1|6000|3|4|1|2|288000|885|7080056|181420
1200000|1|6000|3|4|0|0|288000|886|7088057|278636
1200000|1|6000|3|4|1|2|288000|886|7088057|180806
1200000|1|6000|3|4|0|0|288000|887|7096057|278838
1200000|1|6000|3|4|1|2|288000|887|7096057|181584
1200000|1|6000|3|4|0|0|288000|888|7104057|278472
1200000|1|6000|3|4|1|2|288000|888|7104057|181175
1200000|1|6000|3|4|0|0|288000|889|7112058|279046
1200000|1|6000|3|4|1|2|288000|889|7112058|181298
1200000|1|6000|3|4|0|0|288000|890|7120059|279005
1200000|1|6000|3|4|1|2|288000|890|7120059|181296
1200000|1|6000|3|4|0|0|288000|891|7128059|278962
1200000|1|6000|3|4|1|2|288000|891|7128059|181582
1200000|1|6000|3|4|0|0|288000|892|7136060|278923
1200000|1|6000|3|4|1|2|288000|892|7136060|181624
1200000|1|6000|3|4|0|0|288000|893|7144061|278678
1200000|1|6000|3|4|1|2|288000|893|7144061|181380
1200000|1|6000|3|4|0|0|288000|894|7152061|278348
1200000|1|6000|3|4|1|2|288000|894|7152061|182568
1200000|1|6000|3|4|0|0|288000|895|7160062|278020
1200000|1|6000|3|4|1|2|288000|895|7160062|182652
1200000|1|6000|3|4|0|0|288000|896|7168062|278430
1200000|1|6000|3|4|1|2|288000|896|7168062|183880
1200000|1|6000|3|4|0|0|288000|897|7176063|279208
1200000|1|6000|3|4|1|2|288000|897|7176063|184250
1200000|1|6000|3|4|0|0|288000|898|7184064|279371
1200000|1|6000|3|4|1|2|288000|898|7184064|184659
1200000|1|6000|3|4|0|0|288000|899|7192064|279621
1200000|1|6000|3|4|1|2|288000|899|7192064|185686
1200000|1|6000|3|4|0|0|288000|900|7200065|279822
1200000|1|6000|3|4|1|2|288000|900|7200065|186094
1200000|1|6000|3|4|0|0|288000|901|7208066|279415
1200000|1|6000|3|4|1|2|288000|901|7208066|186422
1200000|1|6000|3|4|0|0|288000|902|7216067|279456
1200000|1|6000|3|4|1|2|288000|902|7216067|186425
1200000|1|6000|3|4|0|0|288000|903|7224067|279375
1200000|1|6000|3|4|1|2|288000|903|7224067|186790
1200000|1|6000|3|4|0|0|288000|904|7232068|278715
1200000|1|6000|3|4|1|2|288000|904|7232068|186956
1200000|1|6000|3|4|0|0|288000|905|7240068|277897
1200000|1|6000|3|4|1|2|288000|905|7240068|187653
1200000|1|6000|3|4|0|0|288000|906|7248069|277571
1200000|1|6000|3|4|1|2|288000|906|7248069|188637
1200000|1|6000|3|4|0|0|288000|907|7256069|277488
1200000|1|6000|3|4|1|2|288000|907|7256069|188718
1200000|1|6000|3|4|0|0|288000|908|7264070|277446
1200000|1|6000|3|4|1|2|288000|908|7264070|189128
1200000|1|6000|3|4|0|0|288000|909|7272070|276996
1200000|1|6000|3|4|1|2|288000|909|7272070|189004
1200000|1|6000|3|4|0|0|288000|910|7280070|276873
1200000|1|6000|3|4|1|2|288000|910|7280070|189043
1200000|1|6000|3|4|0|0|288000|911|7288069|276094
1200000|1|6000|3|4|1|2|288000|911|7288069|188597
1200000|1|6000|3|4|0|0|288000|912|7296068|275681
1200000|1|6000|3|4|1|2|288000|912|7296068|188308
1200000|1|6000|3|4|0|0|288000|913|7304068|275725
1200000|1|6000|3|4|1|2|288000|913|7304068|187980
1200000|1|6000|3|4|0|0|288000|914|7312067|275396
1200000|1|6000|3|4|1|2|288000|914|7312067|188186
1200000|1|6000|3|4|0|0|288000|915|7320067|275270
1200000|1|6000|3|4|1|2|288000|915|7320067|187654
1200000|1|6000|3|4|0|0|288000|916|7328066|274451
1200000|1|6000|3|4|1|2|288000|916|7328066|187365
1200000|1|6000|3|4|0|0|288000|917|7336067|274209
1200000|1|6000|3|4|1|2|288000|917|7336067|186629
1200000|1|6000|3|4|0|0|288000|918|7344065|274001
1200000|1|6000|3|4|1|2|288000|918|7344065|186177
1200000|1|6000|3|4|0|0|288000|919|7352065|274126
1200000|1|6000|3|4|1|2|288000|919|7352065|185973
1200000|1|6000|3|4|0|0|288000|920|7360064|274166
1200000|1|6000|3|4|1|2|288000|920|7360064|185439
1200000|1|6000|3|4|0|0|288000|921|7368064|274412
1200000|1|6000|3|4|1|2|288000|921|7368064|185645
1200000|1|6000|3|4|0|0|288000|922|7376064|274742
1200000|1|6000|3|4|1|2|288000|922|7376064|185684
1200000|1|6000|3|4|0|0|288000|923|7384065|274946
1200000|1|6000|3|4|1|2|288000|923|7384065|186216
1200000|1|6000|3|4|0|0|288000|924|7392065|275068
1200000|1|6000|3|4|1|2|288000|924|7392065|186956
1200000|1|6000|3|4|0|0|288000|925|7400066|275356
1200000|1|6000|3|4|1|2|288000|925|7400066|186956
1200000|1|6000|3|4|0|0|288000|926|7408065|275070
1200000|1|6000|3|4|1|2|288000|926|7408065|186954
1200000|1|6000|3|4|0|0|288000|927|7416065|275109
1200000|1|6000|3|4|1|2|288000|927|7416065|187161
1200000|1|6000|3|4|0|0|288000|928|7424065|274410
1200000|1|6000|3|4|1|2|288000|928|7424065|187695
1200000|1|6000|3|4|0|0|288000|929|7432066|274002
1200000|1|6000|3|4|1|2|288000|929|7432066|188719
1200000|1|6000|3|4|0|0|288000|930|7440067|273264
1200000|1|6000|3|4|1|2|288000|930|7440067|189499
1200000|1|6000|3|4|0|0|288000|931|7448068|273636
1200000|1|6000|3|4|1|2|288000|931|7448068|190155
1200000|1|6000|3|4|0|0|288000|932|7456070|273511
1200000|1|6000|3|4|1|2|288000|932|7456070|191139
1200000|1|6000|3|4|0|0|288000|933|7464071|274167
1200000|1|6000|3|4|1|2|288000|933|7464071|191712
1200000|1|6000|3|4|0|0|288000|934|7472072|275066
1200000|1|6000|3|4|1|2|288000|934|7472072|193105
1200000|1|6000|3|4|0|0|288000|935|7480074|275396
1200000|1|6000|3|4|1|2|288000|935|7480074|193597
1200000|1|6000|3|4|0|0|288000|936|7488075|275028
1200000|1|6000|3|4|1|2|288000|936|7488075|193968
1200000|1|6000|3|4|0|0|288000|937|7496075|275110
1200000|1|6000|3|4|1|2|288000|937|7496075|193720
1200000|1|6000|3|4|0|0|288000|938|7504075|275150
1200000|1|6000|3|4|1|2|288000|938|7504075|194662
1200000|1|6000|3|4|0|0|288000|939|7512075|275603
1200000|1|6000|3|4|1|2|288000|939|7512075|194664
1200000|1|6000|3|4|0|0|288000|940|7520076|275849
1200000|1|6000|3|4|1|2|288000|940|7520076|195280
1200000|1|6000|3|4|0|0|288000|941|7528076|275890
1200000|1|6000|3|4|1|2|288000|941|7528076|195891
1200000|1|6000|3|4|0|0|288000|942|7536077|276463
1200000|1|6000|3|4|1|2|288000|942|7536077|196796
1200000|1|6000|3|4|0|0|288000|943|7544078|276217
1200000|1|6000|3|4|1|2|288000|943|7544078|197044
1200000|1|6000|3|4|0|0|288000|944|7552078|276134
1200000|1|6000|3|4|1|2|288000|944|7552078|196672
1200000|1|6000|3|4|0|0|288000|945|7560077|275437
1200000|1|6000|3|4|1|2|288000|945|7560077|196426
1200000|1|6000|3|4|0|0|288000|946|7568078|275107
1200000|1|6000|3|4|1|2|288000|946|7568078|195567
1200000|1|6000|3|4|0|0|288000|947|7576077|274820
1200000|1|6000|3|4|1|2|288000|947|7576077|195526
1200000|1|6000|3|4|0|0|288000|948|7584078|275027
1200000|1|6000|3|4|1|2|288000|948|7584078|194746
1200000|1|6000|3|4|0|0|288000|949|7592077|274905
1200000|1|6000|3|4|1|2|288000|949|7592077|194701
1200000|1|6000|3|4|0|0|288000|950|7600077|275521
1200000|1|6000|3|4|1|2|288000|950|7600077|194250
1200000|1|6000|3|4|0|0|288000|951|7608077|276257
1200000|1|6000|3|4|1|2|288000|951|7608077|195441
1200000|1|6000|3|4|0|0|288000|952|7616079|275972
1200000|1|6000|3|4|1|2|288000|952|7616079|195360
1200000|1|6000|3|4|0|0|288000|953|7624080|276463
1200000|1|6000|3|4|1|2|288000|953|7624080|195198
1200000|1|6000|3|4|0|0|288000|954|7632081|275928
1200000|1|6000|3|4|1|2|288000|954|7632081|194541
1200000|1|6000|3|4|0|0|288000|955|7640082|276091
1200000|1|6000|3|4|1|2|288000|955|7640082|193720
1200000|1|6000|3|4|0|0|288000|956|7648082|275067
1200000|1|6000|3|4|1|2|288000|956|7648082|193308
1200000|1|6000|3|4|0|0|288000|957|7656083|274164
1200000|1|6000|3|4|1|2|288000|957|7656083|192733
1200000|1|6000|3|4|0|0|288000|958|7664083|273962
1200000|1|6000|3|4|1|2|288000|958|7664083|192040
1200000|1|6000|3|4|0|0|288000|959|7672084|273552
1200000|1|6000|3|4|1|2|288000|959|7672084|191753
1200000|1|6000|3|4|0|0|288000|960|7680084|273510
1200000|1|6000|3|4|1|2|288000|960|7680084|191877
1200000|1|6000|3|4|0|0|288000|961|7688085|273100
1200000|1|6000|3|4|1|2|288000|961|7688085|192326
1200000|1|6000|3|4|0|0|288000|962|7696086|273346
1200000|1|6000|3|4|1|2|288000|962|7696086|191873
1200000|1|6000|3|4|0|0|288000|963|7704086|273017
1200000|1|6000|3|4|1|2|288000|963|7704086|192286
1200000|1|6000|3|4|0|0|288000|964|7712088|273223
1200000|1|6000|3|4|1|2|288000|964|7712088|191752
1200000|1|6000|3|4|0|0|288000|965|7720088|272688
1200000|1|6000|3|4|1|2|288000|965|7720088|191261
1200000|1|6000|3|4|0|0|288000|966|7728089|272199
1200000|1|6000|3|4|1|2|288000|966|7728089|191668
1200000|1|6000|3|4|0|0|288000|967|7736090|271911
1200000|1|6000|3|4|1|2|288000|967|7736090|190932
1200000|1|6000|3|4|0|0|288000|968|7744090|272032
1200000|1|6000|3|4|1|2|288000|968|7744090|191424
1200000|1|6000|3|4|0|0|288000|969|7752092|271748
1200000|1|6000|3|4|1|2|288000|969|7752092|190847
1200000|1|6000|3|4|0|0|288000|970|7760092|271337
1200000|1|6000|3|4|1|2|288000|970|7760092|191260
1200000|1|6000|3|4|0|0|288000|971|7768093|271092
1200000|1|6000|3|4|1|2|288000|971|7768093|191343
1200000|1|6000|3|4|0|0|288000|972|7776094|270681
1200000|1|6000|3|4|1|2|288000|972|7776094|191465
1200000|1|6000|3|4|0|0|288000|973|7784095|271502
1200000|1|6000|3|4|1|2|288000|973|7784095|191424
1200000|1|6000|3|4|0|0|288000|974|7792095|271706
1200000|1|6000|3|4|1|2|288000|974|7792095|190810
1200000|1|6000|3|4|0|0|288000|975|7800094|272405
1200000|1|6000|3|4|1|2|288000|975|7800094|190564
1200000|1|6000|3|4|0|0|288000|976|7808093|272283
1200000|1|6000|3|4|1|2|288000|976|7808093|189413
1200000|1|6000|3|4|0|0|288000|977|7816093|272729
1200000|1|6000|3|4|1|2|288000|977|7816093|188432
1200000|1|6000|3|4|0|0|288000|978|7824092|272321
1200000|1|6000|3|4|1|2|288000|978|7824092|187572
1200000|1|6000|3|4|0|0|288000|979|7832092|273839
1200000|1|6000|3|4|1|2|288000|979|7832092|186834
1200000|1|6000|3|4|0|0|288000|980|7840092|274001
1200000|1|6000|3|4|1|2|288000|980|7840092|186546
1200000|1|6000|3|4|0|0|288000|981|7848092|273591
1200000|1|6000|3|4|1|2|288000|981|7848092|185767
1200000|1|6000|3|4|0|0|288000|982|7856092|274371
1200000|1|6000|3|4|1|2|288000|982|7856092|185644
1200000|1|6000|3|4|0|0|288000|983|7864091|273799
1200000|1|6000|3|4|1|2|288000|983|7864091|185846
1200000|1|6000|3|4|0|0|288000|984|7872091|274289
1200000|1|6000|3|4|1|2|288000|984|7872091|185560
1200000|1|6000|3|4|0|0|288000|985|7880091|273880
1200000|1|6000|3|4|1|2|288000|985|7880091|185727
1200000|1|6000|3|4|0|0|288000|986|7888091|273592
1200000|1|6000|3|4|1|2|288000|986|7888091|185563
1200000|1|6000|3|4|0|0|288000|987|7896091|273306
1200000|1|6000|3|4|1|2|288000|987|7896091|185399
1200000|1|6000|3|4|0|0|288000|988|7904090|273635
1200000|1|6000|3|4|1|2|288000|988|7904090|185192
1200000|1|6000|3|4|0|0|288000|989|7912090|272853
1200000|1|6000|3|4|1|2|288000|989|7912090|184660
1200000|1|6000|3|4|0|0|288000|990|7920090|272364
1200000|1|6000|3|4|1|2|288000|990|7920090|183677
1200000|1|6000|3|4|0|0|288000|991|7928089|271912
1200000|1|6000|3|4|1|2|288000|991|7928089|183593
1200000|1|6000|3|4|0|0|288000|992|7936089|271420
1200000|1|6000|3|4|1|2|288000|992|7936089|183060
1200000|1|6000|3|4|0|0|288000|993|7944088|270965
1200000|1|6000|3|4|1|2|288000|993|7944088|183183
1200000|1|6000|3|4|0|0|288000|994|7952088|271007
1200000|1|6000|3|4|1|2|288000|994|7952088|182774
1200000|1|6000|3|4|0|0|288000|995|7960087|270148
1200000|1|6000|3|4|1|2|288000|995|7960087|183470
1200000|1|6000|3|4|0|0|288000|996|7968088|269246
1200000|1|6000|3|4|1|2|288000|996|7968088|183143
1200000|1|6000|3|4|0|0|288000|997|7976087|268998
1200000|1|6000|3|4|1|2|288000|997|7976087|183183
1200000|1|6000|3|4|0|0|288000|998|7984087|268427
1200000|1|6000|3|4|1|2|288000|998|7984087|183265
1200000|1|6000|3|4|0|0|288000|999|7992087|268346
1200000|1|6000|3|4|1|2|288000|999|7992087|183183
1200000|1|6000|3|4|0|0|288000|1000|8000087|267935
1200000|1|6000|3|4|1|2|288000|1000|8000087|182853
1200000|1|6000|3|4|0|0|288000|1001|8008086|267770
1200000|1|6000|3|4|1|2|288000|1001|8008086|182650
1200000|1|6000|3|4|0|0|288000|1002|8016086|268099
1200000|1|6000|3|4|1|2|288000|1002|8016086|182650
1200000|1|6000|3|4|0|0|288000|1003|8024086|267813
1200000|1|6000|3|4|1|2|288000|1003|8024086|181996
1200000|1|6000|3|4|0|0|288000|1004|8032085|267648
1200000|1|6000|3|4|1|2|288000|1004|8032085|182037
1200000|1|6000|3|4|0|0|288000|1005|8040085|266786
1200000|1|6000|3|4|1|2|288000|1005|8040085|181257
1200000|1|6000|3|4|0|0|288000|1006|8048085|266582
1200000|1|6000|3|4|1|2|288000|1006|8048085|180600
1200000|1|6000|3|4|0|0|288000|1007|8056084|265881
1200000|1|6000|3|4|1|2|288000|1007|8056084|179902
1200000|1|6000|3|4|0|0|288000|1008|8064084|264818
1200000|1|6000|3|4|1|2|288000|1008|8064084|179247
1200000|1|6000|3|4|0|0|288000|1009|8072083|264489
1200000|1|6000|3|4|1|2|288000|1009|8072083|178714
1200000|1|6000|3|4|0|0|288000|1010|8080083|264328
1200000|1|6000|3|4|1|2|288000|1010|8080083|178304
1200000|1|6000|3|4|0|0|288000|1011|8088083|264287
1200000|1|6000|3|4|1|2|288000|1011|8088083|179207
1200000|1|6000|3|4|0|0|288000|1012|8096084|263918
1200000|1|6000|3|4|1|2|288000|1012|8096084|179904
1200000|1|6000|3|4|0|0|288000|1013|8104085|263340
1200000|1|6000|3|4|1|2|288000|1013|8104085|180806
1200000|1|6000|3|4|0|0|288000|1014|8112085|262934
1200000|1|6000|3|4|1|2|288000|1014|8112085|181258
1200000|1|6000|3|4|0|0|288000|1015|8120086|262277
1200000|1|6000|3|4|1|2|288000|1015|8120086|182283
1200000|1|6000|3|4|0|0|288000|1016|8128087|261910
1200000|1|6000|3|4|1|2|288000|1016|8128087|182815
1200000|1|6000|3|4|0|0|288000|1017|8136087|261002
1200000|1|6000|3|4|1|2|288000|1017|8136087|183675
1200000|1|6000|3|4|0|0|288000|1018|8144088|261006
1200000|1|6000|3|4|1|2|288000|1018|8144088|182981
1200000|1|6000|3|4|0|0|288000|1019|8152087|260923
1200000|1|6000|3|4|1|2|288000|1019|8152087|182486
1200000|1|6000|3|4|0|0|288000|1020|8160086|261089
1200000|1|6000|3|4|1|2|288000|1020|8160086|180477
1200000|1|6000|3|4|0|0|288000|1021|8168085|261375
1200000|1|6000|3|4|1|2|288000|1021|8168085|179819
1200000|1|6000|3|4|0|0|288000|1022|8176085|261129
1200000|1|6000|3|4|1|2|288000|1022|8176085|178429
1200000|1|6000|3|4|0|0|288000|1023|8184084|260923
1200000|1|6000|3|4|1|2|288000|1023|8184084|178345
1200000|1|6000|3|4|0|0|288000|1024|8192085|262032
1200000|1|6000|3|4|1|2|288000|1024|8192085|177361
1200000|1|6000|3|4|0|0|288000|1025|8200084|262193
1200000|1|6000|3|4|1|2|288000|1025|8200084|176951
1200000|1|6000|3|4|0|0|288000|1026|8208084|261945
1200000|1|6000|3|4|1|2|288000|1026|8208084|176703
1200000|1|6000|3|4|0|0|288000|1027|8216084|262481
1200000|1|6000|3|4|1|2|288000|1027|8216084|176745
1200000|1|6000|3|4|0|0|288000|1028|8224084|262479
1200000|1|6000|3|4|1|2|288000|1028|8224084|177400
1200000|1|6000|3|4|0|0|288000|1029|8232084|263056
1200000|1|6000|3|4|1|2|288000|1029|8232084|177568
1200000|1|6000|3|4|0|0|288000|1030|8240084|263135
1200000|1|6000|3|4|1|2|288000|1030|8240084|177854
1200000|1|6000|3|4|0|0|288000|1031|8248084|263134
1200000|1|6000|3|4|1|2|288000|1031|8248084|177322
1200000|1|6000|3|4|0|0|288000|1032|8256083|262769
1200000|1|6000|3|4|1|2|288000|1032|8256083|177154
1200000|1|6000|3|4|0|0|288000|1033|8264083|264120
1200000|1|6000|3|4|1|2|288000|1033|8264083|176583
1200000|1|6000|3|4|0|0|288000|1034|8272082|264774
1200000|1|6000|3|4|1|2|288000|1034|8272082|176338
1200000|1|6000|3|4|0|0|288000|1035|8280082|264943
1200000|1|6000|3|4|1|2|288000|1035|8280082|175308
1200000|1|6000|3|4|0|0|288000|1036|8288081|265148
1200000|1|6000|3|4|1|2|288000|1036|8288081|174533
1200000|1|6000|3|4|0|0|288000|1037|8296081|265514
1200000|1|6000|3|4|1|2|288000|1037|8296081|174119
1200000|1|6000|3|4|0|0|288000|1038|8304081|265923
1200000|1|6000|3|4|1|2|288000|1038|8304081|173467
1200000|1|6000|3|4|0|0|288000|1039|8312081|266252
1200000|1|6000|3|4|1|2|288000|1039|8312081|172687
1200000|1|6000|3|4|0|0|288000|1040|8320079|265764
1200000|1|6000|3|4|1|2|288000|1040|8320079|172237
1200000|1|6000|3|4|0|0|288000|1041|8328080|265145
1200000|1|6000|3|4|1|2|288000|1041|8328080|171089
1200000|1|6000|3|4|0|0|288000|1042|8336078|264900
1200000|1|6000|3|4|1|2|288000|1042|8336078|169982
1200000|1|6000|3|4|0|0|288000|1043|8344077|264287
1200000|1|6000|3|4|1|2|288000|1043|8344077|168628
1200000|1|6000|3|4|0|0|288000|1044|8352075|263958
1200000|1|6000|3|4|1|2|288000|1044|8352075|168342
1200000|1|6000|3|4|0|0|288000|1045|8360075|263834
1200000|1|6000|3|4|1|2|288000|1045|8360075|166579
1200000|1|6000|3|4|0|0|288000|1046|8368073|263671
1200000|1|6000|3|4|1|2|288000|1046|8368073|166006
1200000|1|6000|3|4|0|0|288000|1047|8376073|263957
1200000|1|6000|3|4|1|2|288000|1047|8376073|164609
1200000|1|6000|3|4|0|0|288000|1048|8384071|264408
1200000|1|6000|3|4|1|2|288000|1048|8384071|164079
1200000|1|6000|3|4|0|0|288000|1049|8392071|264733
1200000|1|6000|3|4|1|2|288000|1049|8392071|163505
1200000|1|6000|3|4|0|0|288000|1050|8400070|264938
1200000|1|6000|3|4|1|2|288000|1050|8400070|163340
1200000|1|6000|3|4|0|0|288000|1051|8408071|265147
1200000|1|6000|3|4|1|2|288000|1051|8408071|162602
1200000|1|6000|3|4|0|0|288000|1052|8416069|264984
1200000|1|6000|3|4|1|2|288000|1052|8416069|162147
1200000|1|6000|3|4|0|0|288000|1053|8424069|265393
1200000|1|6000|3|4|1|2|288000|1053|8424069|161332
1200000|1|6000|3|4|0|0|288000|1054|8432068|265392
1200000|1|6000|3|4|1|2|288000|1054|8432068|160388
1200000|1|6000|3|4|0|0|288000|1055|8440067|265515
1200000|1|6000|3|4|1|2|288000|1055|8440067|159978
1200000|1|6000|3|4|0|0|288000|1056|8448067|265023
1200000|1|6000|3|4|1|2|288000|1056|8448067|160102
1200000|1|6000|3|4|0|0|288000|1057|8456067|265066
1200000|1|6000|3|4|1|2|288000|1057|8456067|160510
1200000|1|6000|3|4|0|0|288000|1058|8464068|265021
1200000|1|6000|3|4|1|2|288000|1058|8464068|160923
1200000|1|6000|3|4|0|0|288000|1059|8472068|264736
1200000|1|6000|3|4|1|2|288000|1059|8472068|161617
1200000|1|6000|3|4|0|0|288000|1060|8480068|264654
1200000|1|6000|3|4|1|2|288000|1060|8480068|161988
1200000|1|6000|3|4|0|0|288000|1061|8488069|264407
1200000|1|6000|3|4|1|2|288000|1061|8488069|162355
1200000|1|6000|3|4|0|0|288000|1062|8496069|264614
1200000|1|6000|3|4|1|2|288000|1062|8496069|162233
1200000|1|6000|3|4|0|0|288000|1063|8504069|265640
1200000|1|6000|3|4|1|2|288000|1063|8504069|162929
1200000|1|6000|3|4|0|0|288000|1064|8512070|266173
1200000|1|6000|3|4|1|2|288000|1064|8512070|163954
1200000|1|6000|3|4|0|0|288000|1065|8520071|266951
1200000|1|6000|3|4|1|2|288000|1065|8520071|164326
1200000|1|6000|3|4|0|0|288000|1066|8528073|267360
1200000|1|6000|3|4|1|2|288000|1066|8528073|165307
1200000|1|6000|3|4|0|0|288000|1067|8536075|267770
1200000|1|6000|3|4|1|2|288000|1067|8536075|164775
1200000|1|6000|3|4|0|0|288000|1068|8544075|268098
1200000|1|6000|3|4|1|2|288000|1068|8544075|165841
1200000|1|6000|3|4|0|0|288000|1069|8552077|267975
1200000|1|6000|3|4|1|2|288000|1069|8552077|165882
1200000|1|6000|3|4|0|0|288000|1070|8560078|268304
1200000|1|6000|3|4|1|2|288000|1070|8560078|166580
1200000|1|6000|3|4|0|0|288000|1071|8568078|268304
1200000|1|6000|3|4|1|2|288000|1071|8568078|166661
1200000|1|6000|3|4|0|0|288000|1072|8576078|268549
1200000|1|6000|3|4|1|2|288000|1072|8576078|166621
1200000|1|6000|3|4|0|0|288000|1073|8584078|268836
1200000|1|6000|3|4|1|2|288000|1073|8584078|166662
1200000|1|6000|3|4|0|0|288000|1074|8592078|269576
1200000|1|6000|3|4|1|2|288000|1074|8592078|166209
1200000|1|6000|3|4|0|0|288000|1075|8600079|269494
1200000|1|6000|3|4|1|2|288000|1075|8600079|166085
1200000|1|6000|3|4|0|0|288000|1076|8608080|269984
1200000|1|6000|3|4|1|2|288000|1076|8608080|165513
1200000|1|6000|3|4|0|0|288000|1077|8616080|269779
1200000|1|6000|3|4|1|2|288000|1077|8616080|165473
1200000|1|6000|3|4|0|0|288000|1078|8624081|270392
1200000|1|6000|3|4|1|2|288000|1078|8624081|165635
1200000|1|6000|3|4|0|0|288000|1079|8632082|271133
1200000|1|6000|3|4|1|2|288000|1079|8632082|166003
1200000|1|6000|3|4|0|0|288000|1080|8640083|271663
1200000|1|6000|3|4|1|2|288000|1080|8640083|166084
1200000|1|6000|3|4|0|0|288000|1081|8648083|272482
1200000|1|6000|3|4|1|2|288000|1081|8648083|165881
1200000|1|6000|3|4|0|0|288000|1082|8656084|272773
1200000|1|6000|3|4|1|2|288000|1082|8656084|165673
1200000|1|6000|3|4|0|0|288000|1083|8664084|273347
1200000|1|6000|3|4|1|2|288000|1083|8664084|165636
1200000|1|6000|3|4|0|0|288000|1084|8672085|273387
1200000|1|6000|3|4|1|2|288000|1084|8672085|165800
1200000|1|6000|3|4|0|0|288000|1085|8680086|273221
1200000|1|6000|3|4|1|2|288000|1085|8680086|164939
1200000|1|6000|3|4|0|0|288000|1086|8688085|272241
1200000|1|6000|3|4|1|2|288000|1086|8688085|165061
1200000|1|6000|3|4|0|0|288000|1087|8696086|272034
1200000|1|6000|3|4|1|2|288000|1087|8696086|165268
1200000|1|6000|3|4|0|0|288000|1088|8704087|271216
1200000|1|6000|3|4|1|2|288000|1088|8704087|166046
1200000|1|6000|3|4|0|0|288000|1089|8712088|271050
1200000|1|6000|3|4|1|2|288000|1089|8712088|166579
1200000|1|6000|3|4|0|0|288000|1090|8720090|270640
1200000|1|6000|3|4|1|2|288000|1090|8720090|166617
1200000|1|6000|3|4|0|0|288000|1091|8728090|270556
1200000|1|6000|3|4|1|2|288000|1091|8728090|167317
1200000|1|6000|3|4|0|0|288000|1092|8736092|270477
1200000|1|6000|3|4|1|2|288000|1092|8736092|167110
1200000|1|6000|3|4|0|0|288000|1093|8744092|269985
1200000|1|6000|3|4|1|2|288000|1093|8744092|167642
1200000|1|6000|3|4|0|0|288000|1094|8752093|269533
1200000|1|6000|3|4|1|2|288000|1094|8752093|167316
1200000|1|6000|3|4|0|0|288000|1095|8760094|268714
1200000|1|6000|3|4|1|2|288000|1095|8760094|167113
1200000|1|6000|3|4|0|0|288000|1096|8768094|268386
1200000|1|6000|3|4|1|2|288000|1096|8768094|167562
1200000|1|6000|3|4|0|0|288000|1097|8776095|267606
1200000|1|6000|3|4|1|2|288000|1097|8776095|167111
1200000|1|6000|3|4|0|0|288000|1098|8784095|266705
1200000|1|6000|3|4|1|2|288000|1098|8784095|168015
1200000|1|6000|3|4|0|0|288000|1099|8792096|265966
1200000|1|6000|3|4|1|2|288000|1099|8792096|167850
1200000|1|6000|3|4|0|0|288000|1100|8800097|265512
1200000|1|6000|3|4|1|2|288000|1100|8800097|168424
1200000|1|6000|3|4|0|0|288000|1101|8808097|265351
1200000|1|6000|3|4|1|2|288000|1101|8808097|168546
1200000|1|6000|3|4|0|0|288000|1102|8816097|265105
1200000|1|6000|3|4|1|2|288000|1102|8816097|169490
1200000|1|6000|3|4|0|0|288000|1103|8824098|264531
1200000|1|6000|3|4|1|2|288000|1103|8824098|169694
1200000|1|6000|3|4|0|0|288000|1104|8832098|263709
1200000|1|6000|3|4|1|2|288000|1104|8832098|170143
1200000|1|6000|3|4|0|0|288000|1105|8840099|262810
1200000|1|6000|3|4|1|2|288000|1105|8840099|170389
1200000|1|6000|3|4|0|0|288000|1106|8848100|262153
1200000|1|6000|3|4|1|2|288000|1106|8848100|170595
1200000|1|6000|3|4|0|0|288000|1107|8856101|260882
1200000|1|6000|3|4|1|2|288000|1107|8856101|171211
1200000|1|6000|3|4|0|0|288000|1108|8864102|261334
1200000|1|6000|3|4|1|2|288000|1108|8864102|170843
1200000|1|6000|3|4|0|0|288000|1109|8872101|260797
1200000|1|6000|3|4|1|2|288000|1109|8872101|170351
1200000|1|6000|3|4|0|0|288000|1110|8880101|260920
1200000|1|6000|3|4|1|2|288000|1110|8880101|170103
1200000|1|6000|3|4|0|0|288000|1111|8888100|260227
1200000|1|6000|3|4|1|2|288000|1111|8888100|170392
1200000|1|6000|3|4|0|0|288000|1112|8896100|260475
1200000|1|6000|3|4|1|2|288000|1112|8896100|169776
1200000|1|6000|3|4|0|0|288000|1113|8904099|260718
1200000|1|6000|3|4|1|2|288000|1113|8904099|169245
1200000|1|6000|3|4|0|0|288000|1114|8912098|261579
1200000|1|6000|3|4|1|2|288000|1114|8912098|168587
1200000|1|6000|3|4|0|0|288000|1115|8920097|262153
1200000|1|6000|3|4|1|2|288000|1115|8920097|168999
1200000|1|6000|3|4|0|0|288000|1116|8928098|263343
1200000|1|6000|3|4|1|2|288000|1116|8928098|168792
1200000|1|6000|3|4|0|0|288000|1117|8936098|264162
1200000|1|6000|3|4|1|2|288000|1117|8936098|169285
1200000|1|6000|3|4|0|0|288000|1118|8944098|265392
1200000|1|6000|3|4|1|2|288000|1118|8944098|168343
1200000|1|6000|3|4|0|0|288000|1119|8952097|266172
1200000|1|6000|3|4|1|2|288000|1119|8952097|168341
1200000|1|6000|3|4|0|0|288000|1120|8960097|267113
1200000|1|6000|3|4|1|2|288000|1120|8960097|168014
1200000|1|6000|3|4|0|0|288000|1121|8968097|266992
1200000|1|6000|3|4|1|2|288000|1121|8968097|167686
1200000|1|6000|3|4|0|0|288000|1122|8976096|267934
1200000|1|6000|3|4|1|2|288000|1122|8976096|167399
1200000|1|6000|3|4|0|0|288000|1123|8984096|268714
1200000|1|6000|3|4|1|2|288000|1123|8984096|167194
1200000|1|6000|3|4|0|0|288000|1124|8992096|269861
1200000|1|6000|3|4|1|2|288000|1124|8992096|168014
1200000|1|6000|3|4|0|0|288000|1125|9000098|271050
1200000|1|6000|3|4|1|2|288000|1125|9000098|168261
1200000|1|6000|3|4|0|0|288000|1126|9008098|272938
1200000|1|6000|3|4|1|2|288000|1126|9008098|169117
1200000|1|6000|3|4|0|0|288000|1127|9016099|273799
1200000|1|6000|3|4|1|2|288000|1127|9016099|169325
1200000|1|6000|3|4|0|0|288000|1128|9024100|275972
1200000|1|6000|3|4|1|2|288000|1128|9024100|169201
1200000|1|6000|3|4|0|0|288000|1129|9032100|277238
1200000|1|6000|3|4|1|2|288000|1129|9032100|169120
1200000|1|6000|3|4|0|0|288000|1130|9040100|278184
1200000|1|6000|3|4|1|2|288000|1130|9040100|168999
1200000|1|6000|3|4|0|0|288000|1131|9048100|279086
1200000|1|6000|3|4|1|2|288000|1131|9048100|169120
1200000|1|6000|3|4|0|0|288000|1132|9056100|280149
1200000|1|6000|3|4|1|2|288000|1132|9056100|169568
1200000|1|6000|3|4|0|0|288000|1133|9064100|281057
1200000|1|6000|3|4|1|2|288000|1133|9064100|169736
1200000|1|6000|3|4|0|0|288000|1134|9072100|281998
1200000|1|6000|3|4|1|2|288000|1134|9072100|170023
1200000|1|6000|3|4|0|0|288000|1135|9080101|282981
1200000|1|6000|3|4|1|2|288000|1135|9080101|170639
1200000|1|6000|3|4|0|0|288000|1136|9088101|283145
1200000|1|6000|3|4|1|2|288000|1136|9088101|170885
1200000|1|6000|3|4|0|0|288000|1137|9096102|282776
1200000|1|6000|3|4|1|2|288000|1137|9096102|171296
1200000|1|6000|3|4|0|0|288000|1138|9104102|282855
1200000|1|6000|3|4|1|2|288000|1138|9104102|170965
1200000|1|6000|3|4|0|0|288000|1139|9112103|282367
1200000|1|6000|3|4|1|2|288000|1139|9112103|170637
1200000|1|6000|3|4|0|0|288000|1140|9120102|282076
1200000|1|6000|3|4|1|2|288000|1140|9120102|169367
1200000|1|6000|3|4|0|0|288000|1141|9128102|281219
1200000|1|6000|3|4|1|2|288000|1141|9128102|168589
1200000|1|6000|3|4|0|0|288000|1142|9136101|281424
1200000|1|6000|3|4|1|2|288000|1142|9136101|167687
1200000|1|6000|3|4|0|0|288000|1143|9144101|281425
1200000|1|6000|3|4|1|2|288000|1143|9144101|166497
1200000|1|6000|3|4|0|0|288000|1144|9152101|281259
1200000|1|6000|3|4|1|2|288000|1144|9152101|165717
1200000|1|6000|3|4|0|0|288000|1145|9160100|280808
1200000|1|6000|3|4|1|2|288000|1145|9160100|164775
1200000|1|6000|3|4|0|0|288000|1146|9168100|280973
1200000|1|6000|3|4|1|2|288000|1146|9168100|165964
1200000|1|6000|3|4|0|0|288000|1147|9176103|280725
1200000|1|6000|3|4|1|2|288000|1147|9176103|166494
1200000|1|6000|3|4|0|0|288000|1148|9184104|280317
1200000|1|6000|3|4|1|2|288000|1148|9184104|167687
1200000|1|6000|3|4|0|0|288000|1149|9192105|280070
1200000|1|6000|3|4|1|2|288000|1149|9192105|168133
1200000|1|6000|3|4|0|0|288000|1150|9200106|279576
1200000|1|6000|3|4|1|2|288000|1150|9200106|168055
1200000|1|6000|3|4|0|0|288000|1151|9208106|278839
1200000|1|6000|3|4|1|2|288000|1151|9208106|168261
1200000|1|6000|3|4|0|0|288000|1152|9216107|278755
1200000|1|6000|3|4|1|2|288000|1152|9216107|167930
1200000|1|6000|3|4|0|0|288000|1153|9224107|278677
1200000|1|6000|3|4|1|2|288000|1153|9224107|167276
1200000|1|6000|3|4|0|0|288000|1154|9232107|278020
1200000|1|6000|3|4|1|2|288000|1154|9232107|166536
1200000|1|6000|3|4|0|0|288000|1155|9240106|277323
1200000|1|6000|3|4|1|2|288000|1155|9240106|166292
1200000|1|6000|3|4|0|0|288000|1156|9248106|276787
1200000|1|6000|3|4|1|2|288000|1156|9248106|166129
1200000|1|6000|3|4|0|0|288000|1157|9256105|276218
1200000|1|6000|3|4|1|2|288000|1157|9256105|166168
1200000|1|6000|3|4|0|0|288000|1158|9264105|276094
1200000|1|6000|3|4|1|2|288000|1158|9264105|166212
1200000|1|6000|3|4|0|0|288000|1159|9272105|276421
1200000|1|6000|3|4|1|2|288000|1159|9272105|166619
1200000|1|6000|3|4|0|0|288000|1160|9280105|276463
1200000|1|6000|3|4|1|2|288000|1160|9280105|166823
1200000|1|6000|3|4|0|0|288000|1161|9288104|276749
1200000|1|6000|3|4|1|2|288000|1161|9288104|168055
1200000|1|6000|3|4|0|0|288000|1162|9296106|277033
1200000|1|6000|3|4|1|2|288000|1162|9296106|167848
1200000|1|6000|3|4|0|0|288000|1163|9304106|277200
1200000|1|6000|3|4|1|2|288000|1163|9304106|167521
1200000|1|6000|3|4|0|0|288000|1164|9312106|277323
1200000|1|6000|3|4|1|2|288000|1164|9312106|168219
1200000|1|6000|3|4|0|0|288000|1165|9320108|278062
1200000|1|6000|3|4|1|2|288000|1165|9320108|168629
1200000|1|6000|3|4|0|0|288000|1166|9328109|277649
1200000|1|6000|3|4|1|2|288000|1166|9328109|170019
1200000|1|6000|3|4|0|0|288000|1167|9336112|276996
1200000|1|6000|3|4|1|2|288000|1167|9336112|170882
1200000|1|6000|3|4|0|0|288000|1168|9344113|276381
1200000|1|6000|3|4|1|2|288000|1168|9344113|170885
1200000|1|6000|3|4|0|0|288000|1169|9352113|275848
1200000|1|6000|3|4|1|2|288000|1169|9352113|170063
1200000|1|6000|3|4|0|0|288000|1170|9360112|275070
1200000|1|6000|3|4|1|2|288000|1170|9360112|169941
1200000|1|6000|3|4|0|0|288000|1171|9368111|274414
1200000|1|6000|3|4|1|2|288000|1171|9368111|169695
1200000|1|6000|3|4|0|0|288000|1172|9376111|274168
1200000|1|6000|3|4|1|2|288000|1172|9376111|169285
1200000|1|6000|3|4|0|0|288000|1173|9384110|273224
1200000|1|6000|3|4|1|2|288000|1173|9384110|168548
1200000|1|6000|3|4|0|0|288000|1174|9392110|273221
1200000|1|6000|3|4|1|2|288000|1174|9392110|168342
1200000|1|6000|3|4|0|0|288000|1175|9400109|272650
1200000|1|6000|3|4|1|2|288000|1175|9400109|168097
1200000|1|6000|3|4|0|0|288000|1176|9408109|272076
1200000|1|6000|3|4|1|2|288000|1176|9408109|167768
1200000|1|6000|3|4|0|0|288000|1177|9416109|271131
1200000|1|6000|3|4|1|2|288000|1177|9416109|168177
1200000|1|6000|3|4|0|0|288000|1178|9424109|270519
1200000|1|6000|3|4|1|2|288000|1178|9424109|167563
1200000|1|6000|3|4|0|0|288000|1179|9432109|269779
1200000|1|6000|3|4|1|2|288000|1179|9432109|167275
1200000|1|6000|3|4|0|0|288000|1180|9440109|268833
1200000|1|6000|3|4|1|2|288000|1180|9440109|166700
1200000|1|6000|3|4|0|0|288000|1181|9448108|268632
1200000|1|6000|3|4|1|2|288000|1181|9448108|166785
1200000|1|6000|3|4|0|0|288000|1182|9456108|267689
1200000|1|6000|3|4|1|2|288000|1182|9456108|166498
1200000|1|6000|3|4|0|0|288000|1183|9464108|267483
1200000|1|6000|3|4|1|2|288000|1183|9464108|166575
1200000|1|6000|3|4|0|0|288000|1184|9472108|266869
1200000|1|6000|3|4|1|2|288000|1184|9472108|166252
1200000|1|6000|3|4|0|0|288000|1185|9480109|266459
1200000|1|6000|3|4|1|2|288000|1185|9480109|166373
1200000|1|6000|3|4|0|0|288000|1186|9488110|266130
1200000|1|6000|3|4|1|2|288000|1186|9488110|166866
1200000|1|6000|3|4|0|0|288000|1187|9496111|265764
1200000|1|6000|3|4|1|2|288000|1187|9496111|166743
1200000|1|6000|3|4|0|0|288000|1188|9504111|265884
1200000|1|6000|3|4|1|2|288000|1188|9504111|167437
1200000|1|6000|3|4|0|0|288000|1189|9512112|266048
1200000|1|6000|3|4|1|2|288000|1189|9512112|167027
1200000|1|6000|3|4|0|0|288000|1190|9520112|265803
1200000|1|6000|3|4|1|2|288000|1190|9520112|167440
1200000|1|6000|3|4|0|0|288000|1191|9528113|265845
1200000|1|6000|3|4|1|2|288000|1191|9528113|166906
1200000|1|6000|3|4|0|0|288000|1192|9536112|265803
1200000|1|6000|3|4|1|2|288000|1192|9536112|167808
1200000|1|6000|3|4|0|0|288000|1193|9544113|265599
1200000|1|6000|3|4|1|2|288000|1193|9544113|167603
1200000|1|6000|3|4|0|0|288000|1194|9552113|265762
1200000|1|6000|3|4|1|2|288000|1194|9552113|168095
1200000|1|6000|3|4|0|0|288000|1195|9560114|265721
1200000|1|6000|3|4|1|2|288000|1195|9560114|168548
1200000|1|6000|3|4|0|0|288000|1196|9568115|265597
1200000|1|6000|3|4|1|2|288000|1196|9568115|168627
1200000|1|6000|3|4|0|0|288000|1197|9576115|265924
1200000|1|6000|3|4|1|2|288000|1197|9576115|169038
1200000|1|6000|3|4|0|0|288000|1198|9584116|264984
1200000|1|6000|3|4|1|2|288000|1198|9584116|168423
1200000|1|6000|3|4|0|0|288000|1199|9592115|264780
1200000|1|6000|3|4|1|2|288000|1199|9592115|167972
1200000|1|6000|3|4|0|0|288000|1200|9600115|264491
1200000|1|6000|3|4|1|2|288000|1200|9600115|166456
1200000|1|6000|3|4|0|0|288000|1201|9608113|264081
1200000|1|6000|3|4|1|2|288000|1201|9608113|166702
1200000|1|6000|3|4|0|0|288000|1202|9616113|263999
1200000|1|6000|3|4|1|2|288000|1202|9616113|166047
1200000|1|6000|3|4|0|0|288000|1203|9624112|263835
1200000|1|6000|3|4|1|2|288000|1203|9624112|166046
1200000|1|6000|3|4|0|0|288000|1204|9632112|264491
1200000|1|6000|3|4|1|2|288000|1204|9632112|165839
1200000|1|6000|3|4|0|0|288000|1205|9640111|265352
1200000|1|6000|3|4|1|2|288000|1205|9640111|165842
1200000|1|6000|3|4|0|0|288000|1206|9648111|265721
1200000|1|6000|3|4|1|2|288000|1206|9648111|166292
1200000|1|6000|3|4|0|0|288000|1207|9656112|266049
1200000|1|6000|3|4|1|2|288000|1207|9656112|166988
1200000|1|6000|3|4|0|0|288000|1208|9664112|266172
1200000|1|6000|3|4|1|2|288000|1208|9664112|167109
1200000|1|6000|3|4|0|0|288000|1209|9672113|266168
1200000|1|6000|3|4|1|2|288000|1209|9672113|167563
1200000|1|6000|3|4|0|0|288000|1210|9680113|266414
1200000|1|6000|3|4|1|2|288000|1210|9680113|168095
1200000|1|6000|3|4|0|0|288000|1211|9688113|265595
1200000|1|6000|3|4|1|2|288000|1211|9688113|168793
1200000|1|6000|3|4|0|0|288000|1212|9696113|265270
1200000|1|6000|3|4|1|2|288000|1212|9696113|169446
1200000|1|6000|3|4|0|0|288000|1213|9704114|265144
1200000|1|6000|3|4|1|2|288000|1213|9704114|170145
1200000|1|6000|3|4|0|0|288000|1214|9712114|264777
1200000|1|6000|3|4|1|2|288000|1214|9712114|170803
1200000|1|6000|3|4|0|0|288000|1215|9720116|264408
1200000|1|6000|3|4|1|2|288000|1215|9720116|171375
1200000|1|6000|3|4|0|0|288000|1216|9728116|263954
1200000|1|6000|3|4|1|2|288000|1216|9728116|172196
1200000|1|6000|3|4|0|0|288000|1217|9736117|263547
1200000|1|6000|3|4|1|2|288000|1217|9736117|173263
1200000|1|6000|3|4|0|0|288000|1218|9744119|263220
1200000|1|6000|3|4|1|2|288000|1218|9744119|174328
1200000|1|6000|3|4|0|0|288000|1219|9752120|261786
1200000|1|6000|3|4|1|2|288000|1219|9752120|175558
1200000|1|6000|3|4|0|0|288000|1220|9760122|260595
1200000|1|6000|3|4|1|2|288000|1220|9760122|176460
1200000|1|6000|3|4|0|0|288000|1221|9768122|259937
1200000|1|6000|3|4|1|2|288000|1221|9768122|176256
1200000|1|6000|3|4|0|0|288000|1222|9776122|259323
1200000|1|6000|3|4|1|2|288000|1222|9776122|176583
1200000|1|6000|3|4|0|0|288000|1223|9784121|258296
1200000|1|6000|3|4|1|2|288000|1223|9784121|176746
1200000|1|6000|3|4|0|0|288000|1224|9792121|257603
1200000|1|6000|3|4|1|2|288000|1224|9792121|177278
1200000|1|6000|3|4|0|0|288000|1225|9800122|256578
1200000|1|6000|3|4|1|2|288000|1225|9800122|177772
1200000|1|6000|3|4|0|0|288000|1226|9808122|256123
1200000|1|6000|3|4|1|2|288000|1226|9808122|178142
1200000|1|6000|3|4|0|0|288000|1227|9816123|256413
1200000|1|6000|3|4|1|2|288000|1227|9816123|178836
1200000|1|6000|3|4|0|0|288000|1228|9824123|256659
1200000|1|6000|3|4|1|2|288000|1228|9824123|179165
1200000|1|6000|3|4|0|0|288000|1229|9832123|257030
1200000|1|6000|3|4|1|2|288000|1229|9832123|178468
1200000|1|6000|3|4|0|0|288000|1230|9840122|256661
1200000|1|6000|3|4|1|2|288000|1230|9840122|178756
1200000|1|6000|3|4|0|0|288000|1231|9848122|256865
1200000|1|6000|3|4|1|2|288000|1231|9848122|178182
1200000|1|6000|3|4|0|0|288000|1232|9856120|256414
1200000|1|6000|3|4|1|2|288000|1232|9856120|177976
1200000|1|6000|3|4|0|0|288000|1233|9864120|256044
1200000|1|6000|3|4|1|2|288000|1233|9864120|177854
1200000|1|6000|3|4|0|0|288000|1234|9872119|255513
1200000|1|6000|3|4|1|2|288000|1234|9872119|177730
1200000|1|6000|3|4|0|0|288000|1235|9880118|256128
1200000|1|6000|3|4|1|2|288000|1235|9880118|177399
1200000|1|6000|3|4|0|0|288000|1236|9888117|256576
1200000|1|6000|3|4|1|2|288000|1236|9888117|178469
1200000|1|6000|3|4|0|0|288000|1237|9896119|257072
1200000|1|6000|3|4|1|2|288000|1237|9896119|178060
1200000|1|6000|3|4|0|0|288000|1238|9904119|258012
1200000|1|6000|3|4|1|2|288000|1238|9904119|178140
1200000|1|6000|3|4|0|0|288000|1239|9912120|258381
1200000|1|6000|3|4|1|2|288000|1239|9912120|177773
1200000|1|6000|3|4|0|0|288000|1240|9920120|259119
1200000|1|6000|3|4|1|2|288000|1240|9920120|177074
1200000|1|6000|3|4|0|0|288000|1241|9928120|259567
1200000|1|6000|3|4|1|2|288000|1241|9928120|177239
1200000|1|6000|3|4|0|0|288000|1242|9936120|259940
1200000|1|6000|3|4|1|2|288000|1242|9936120|176707
1200000|1|6000|3|4|0|0|288000|1243|9944120|259284
1200000|1|6000|3|4|1|2|288000|1243|9944120|176583
1200000|1|6000|3|4|0|0|288000|1244|9952119|259530
1200000|1|6000|3|4|1|2|288000|1244|9952119|175148
1200000|1|6000|3|4|0|0|288000|1245|9960117|259529
1200000|1|6000|3|4|1|2|288000|1245|9960117|175721
1200000|1|6000|3|4|0|0|288000|1246|9968116|260391
1200000|1|6000|3|4|1|2|288000|1246|9968116|175515
1200000|1|6000|3|4|0|0|288000|1247|9976115|260472
1200000|1|6000|3|4|1|2|288000|1247|9976115|175885
1200000|1|6000|3|4|0|0|288000|1248|9984114|260720
1200000|1|6000|3|4|1|2|288000|1248|9984114|175885
1200000|1|6000|3|4|0|0|288000|1249|9992114|260267
1200000|1|6000|3|4|1|2|288000|1249|9992114|175967
1200000|1|6000|3|4|0|0|288000|1250|10000114|259570
1200000|1|6000|3|4|1|2|288000|1250|10000114|175969
1200000|1|6000|3|4|0|0|288000|1251|10008114|258586
1200000|1|6000|3|4|1|2|288000|1251|10008114|177199
1200000|1|6000|3|4|0|0|288000|1252|10016115|257519
1200000|1|6000|3|4|1|2|288000|1252|10016115|176951
1200000|1|6000|3|4|0|0|288000|1253|10024116|256578
1200000|1|6000|3|4|1|2|288000|1253|10024116|176336
1200000|1|6000|3|4|0|0|288000|1254|10032116|255676
1200000|1|6000|3|4|1|2|288000|1254|10032116|176379
1200000|1|6000|3|4|0|0|288000|1255|10040117|255062
1200000|1|6000|3|4|1|2|288000|1255|10040117|176171
1200000|1|6000|3|4|0|0|288000|1256|10048118|254652
1200000|1|6000|3|4|1|2|288000|1256|10048118|176663
1200000|1|6000|3|4|0|0|288000|1257|10056118|254856
1200000|1|6000|3|4|1|2|288000|1257|10056118|176500
1200000|1|6000|3|4|0|0|288000|1258|10064118|254897
1200000|1|6000|3|4|1|2|288000|1258|10064118|175680
1200000|1|6000|3|4|0|0|288000|1259|10072117|254978
1200000|1|6000|3|4|1|2|288000|1259|10072117|175021
1200000|1|6000|3|4|0|0|288000|1260|10080116|254447
1200000|1|6000|3|4|1|2|288000|1260|10080116|174411
1200000|1|6000|3|4|0|0|288000|1261|10088115|254119
1200000|1|6000|3|4|1|2|288000|1261|10088115|173305
1200000|1|6000|3|4|0|0|288000|1262|10096114|253418
1200000|1|6000|3|4|1|2|288000|1262|10096114|171868
1200000|1|6000|3|4|0|0|288000|1263|10104112|252641
1200000|1|6000|3|4|1|2|288000|1263|10104112|170966
1200000|1|6000|3|4|0|0|288000|1264|10112111|252109
1200000|1|6000|3|4|1|2|288000|1264|10112111|169776
1200000|1|6000|3|4|0|0|288000|1265|10120110|251904
1200000|1|6000|3|4|1|2|288000|1265|10120110|169243
1200000|1|6000|3|4|0|0|288000|1266|10128109|251987
1200000|1|6000|3|4|1|2|288000|1266|10128109|168505
1200000|1|6000|3|4|0|0|288000|1267|10136109|251903
1200000|1|6000|3|4|1|2|288000|1267|10136109|168341
1200000|1|6000|3|4|0|0|288000|1268|10144109|251821
1200000|1|6000|3|4|1|2|288000|1268|10144109|168585
1200000|1|6000|3|4|0|0|288000|1269|10152109|251452
1200000|1|6000|3|4|1|2|288000|1269|10152109|168055
1200000|1|6000|3|4|0|0|288000|1270|10160108|251244
1200000|1|6000|3|4|1|2|288000|1270|10160108|167931
1200000|1|6000|3|4|0|0|288000|1271|10168107|251208
1200000|1|6000|3|4|1|2|288000|1271|10168107|167561
1200000|1|6000|3|4|0|0|288000|1272|10176106|251247
1200000|1|6000|3|4|1|2|288000|1272|10176106|167729
1200000|1|6000|3|4|0|0|288000|1273|10184106|251410
1200000|1|6000|3|4|1|2|288000|1273|10184106|167149
1200000|1|6000|3|4|0|0|288000|1274|10192105|251535
1200000|1|6000|3|4|1|2|288000|1274|10192105|166493
1200000|1|6000|3|4|0|0|288000|1275|10200104|251862
1200000|1|6000|3|4|1|2|288000|1275|10200104|165923
1200000|1|6000|3|4|0|0|288000|1276|10208103|252232
1200000|1|6000|3|4|1|2|288000|1276|10208103|165677
1200000|1|6000|3|4|0|0|288000|1277|10216102|252638
1200000|1|6000|3|4|1|2|288000|1277|10216102|165347
1200000|1|6000|3|4|0|0|288000|1278|10224102|252642
1200000|1|6000|3|4|1|2|288000|1278|10224102|164979
1200000|1|6000|3|4|0|0|288000|1279|10232101|252354
1200000|1|6000|3|4|1|2|288000|1279|10232101|164489
1200000|1|6000|3|4|0|0|288000|1280|10240100|251533
1200000|1|6000|3|4|1|2|288000|1280|10240100|164857
1200000|1|6000|3|4|0|0|288000|1281|10248100|250551
1200000|1|6000|3|4|1|2|288000|1281|10248100|165636
1200000|1|6000|3|4|0|0|288000|1282|10256101|249977
1200000|1|6000|3|4|1|2|288000|1282|10256101|165801
1200000|1|6000|3|4|0|0|288000|1283|10264101|249403
1200000|1|6000|3|4|1|2|288000|1283|10264101|165800
1200000|1|6000|3|4|0|0|288000|1284|10272102|249484
1200000|1|6000|3|4|1|2|288000|1284|10272102|166252
1200000|1|6000|3|4|0|0|288000|1285|10280103|249199
1200000|1|6000|3|4|1|2|288000|1285|10280103|166333
1200000|1|6000|3|4|0|0|288000|1286|10288103|250099
1200000|1|6000|3|4|1|2|288000|1286|10288103|165755
1200000|1|6000|3|4|0|0|288000|1287|10296103|251081
1200000|1|6000|3|4|1|2|288000|1287|10296103|165879
1200000|1|6000|3|4|0|0|288000|1288|10304103|251495
1200000|1|6000|3|4|1|2|288000|1288|10304103|165759
1200000|1|6000|3|4|0|0|288000|1289|10312104|251822
1200000|1|6000|3|4|1|2|288000|1289|10312104|166742
1200000|1|6000|3|4|0|0|288000|1290|10320105|252068
1200000|1|6000|3|4|1|2|288000|1290|10320105|165801
1200000|1|6000|3|4|0|0|288000|1291|10328106|252108
1200000|1|6000|3|4|1|2|288000|1291|10328106|166086
1200000|1|6000|3|4|0|0|288000|1292|10336108|252070
1200000|1|6000|3|4|1|2|288000|1292|10336108|165881
1200000|1|6000|3|4|0|0|288000|1293|10344109|252067
1200000|1|6000|3|4|1|2|288000|1293|10344109|165308
1200000|1|6000|3|4|0|0|288000|1294|10352110|251818
1200000|1|6000|3|4|1|2|288000|1294|10352110|165309
1200000|1|6000|3|4|0|0|288000|1295|10360111|251042
1200000|1|6000|3|4|1|2|288000|1295|10360111|164365
1200000|1|6000|3|4|0|0|288000|1296|10368111|250429
1200000|1|6000|3|4|1|2|288000|1296|10368111|164161
1200000|1|6000|3|4|0|0|288000|1297|10376112|249978
1200000|1|6000|3|4|1|2|288000|1297|10376112|163378
1200000|1|6000|3|4|0|0|288000|1298|10384110|249814
1200000|1|6000|3|4|1|2|288000|1298|10384110|163915
1200000|1|6000|3|4|0|0|288000|1299|10392111|249482
1200000|1|6000|3|4|1|2|288000|1299|10392111|163586
1200000|1|6000|3|4|0|0|288000|1300|10400111|248953
1200000|1|6000|3|4|1|2|288000|1300|10400111|163627
1200000|1|6000|3|4|0|0|288000|1301|10408111|249362
1200000|1|6000|3|4|1|2|288000|1301|10408111|163135
1200000|1|6000|3|4|0|0|288000|1302|10416111|250468
1200000|1|6000|3|4|1|2|288000|1302|10416111|162803
1200000|1|6000|3|4|0|0|288000|1303|10424112|251700
1200000|1|6000|3|4|1|2|288000|1303|10424112|162029
1200000|1|6000|3|4|0|0|288000|1304|10432112|253011
1200000|1|6000|3|4|1|2|288000|1304|10432112|160756
1200000|1|6000|3|4|0|0|288000|1305|10440110|254693
1200000|1|6000|3|4|1|2|288000|1305|10440110|160550
1200000|1|6000|3|4|0|0|288000|1306|10448110|255183
1200000|1|6000|3|4|1|2|288000|1306|10448110|160467
1200000|1|6000|3|4|0|0|288000|1307|10456109|255881
1200000|1|6000|3|4|1|2|288000|1307|10456109|160015
1200000|1|6000|3|4|0|0|288000|1308|10464108|256374
1200000|1|6000|3|4|1|2|288000|1308|10464108|159526
1200000|1|6000|3|4|0|0|288000|1309|10472107|256783
1200000|1|6000|3|4|1|2|288000|1309|10472107|159771
1200000|1|6000|3|4|0|0|288000|1310|10480107|257561
1200000|1|6000|3|4|1|2|288000|1310|10480107|160057
1200000|1|6000|3|4|0|0|288000|1311|10488108|257275
1200000|1|6000|3|4|1|2|288000|1311|10488108|160510
1200000|1|6000|3|4|0|0|288000|1312|10496109|258135
1200000|1|6000|3|4|1|2|288000|1312|10496109|159936
1200000|1|6000|3|4|0|0|288000|1313|10504108|258670
1200000|1|6000|3|4|1|2|288000|1313|10504108|158869
1200000|1|6000|3|4|0|0|288000|1314|10512108|259323
1200000|1|6000|3|4|1|2|288000|1314|10512108|157846
1200000|1|6000|3|4|0|0|288000|1315|10520107|259775
1200000|1|6000|3|4|1|2|288000|1315|10520107|157067
1200000|1|6000|3|4|0|0|288000|1316|10528107|259898
1200000|1|6000|3|4|1|2|288000|1316|10528107|156206
1200000|1|6000|3|4|0|0|288000|1317|10536105|259694
1200000|1|6000|3|4|1|2|288000|1317|10536105|155877
1200000|1|6000|3|4|0|0|288000|1318|10544105|259983
1200000|1|6000|3|4|1|2|288000|1318|10544105|154359
1200000|1|6000|3|4|0|0|288000|1319|10552103|260350
1200000|1|6000|3|4|1|2|288000|1319|10552103|153827
1200000|1|6000|3|4|0|0|288000|1320|10560103|260883
1200000|1|6000|3|4|1|2|288000|1320|10560103|152311
1200000|1|6000|3|4|0|0|288000|1321|10568102|261579
1200000|1|6000|3|4|1|2|288000|1321|10568102|151533
1200000|1|6000|3|4|0|0|288000|1322|10576101|261866
1200000|1|6000|3|4|1|2|288000|1322|10576101|150263
1200000|1|6000|3|4|0|0|288000|1323|10584100|262482
1200000|1|6000|3|4|1|2|288000|1323|10584100|149848
1200000|1|6000|3|4|0|0|288000|1324|10592100|262809
1200000|1|6000|3|4|1|2|288000|1324|10592100|148538
1200000|1|6000|3|4|0|0|288000|1325|10600099|263301
1200000|1|6000|3|4|1|2|288000|1325|10600099|148456
1200000|1|6000|3|4|0|0|288000|1326|10608099|263097
1200000|1|6000|3|4|1|2|288000|1326|10608099|148086
1200000|1|6000|3|4|0|0|288000|1327|10616099|262933
1200000|1|6000|3|4|1|2|288000|1327|10616099|148864
1200000|1|6000|3|4|0|0|288000|1328|10624100|263137
1200000|1|6000|3|4|1|2|288000|1328|10624100|149769
1200000|1|6000|3|4|0|0|288000|1329|10632101|263056
1200000|1|6000|3|4|1|2|288000|1329|10632101|149811
1200000|1|6000|3|4|0|0|288000|1330|10640100|263260
1200000|1|6000|3|4|1|2|288000|1330|10640100|150177
1200000|1|6000|3|4|0|0|288000|1331|10648101|262851
1200000|1|6000|3|4|1|2|288000|1331|10648101|150057
1200000|1|6000|3|4|0|0|288000|1332|10656100|263588
1200000|1|6000|3|4|1|2|288000|1332|10656100|150382
1200000|1|6000|3|4|0|0|288000|1333|10664100|262974
1200000|1|6000|3|4|1|2|288000|1333|10664100|150754
1200000|1|6000|3|4|0|0|288000|1334|10672101|262729
1200000|1|6000|3|4|1|2|288000|1334|10672101|151737
1200000|1|6000|3|4|0|0|288000|1335|10680103|262482
1200000|1|6000|3|4|1|2|288000|1335|10680103|152064
1200000|1|6000|3|4|0|0|288000|1336|10688104|261949
1200000|1|6000|3|4|1|2|288000|1336|10688104|152393
1200000|1|6000|3|4|0|0|288000|1337|10696105|261826
1200000|1|6000|3|4|1|2|288000|1337|10696105|153293
1200000|1|6000|3|4|0|0|288000|1338|10704106|261743
1200000|1|6000|3|4|1|2|288000|1338|10704106|153581
1200000|1|6000|3|4|0|0|288000|1339|10712107|262523
1200000|1|6000|3|4|1|2|288000|1339|10712107|154398
1200000|1|6000|3|4|0|0|288000|1340|10720109|263425
1200000|1|6000|3|4|1|2|288000|1340|10720109|154320
1200000|1|6000|3|4|0|0|288000|1341|10728109|263508
1200000|1|6000|3|4|1|2|288000|1341|10728109|154974
1200000|1|6000|3|4|0|0|288000|1342|10736110|263752
1200000|1|6000|3|4|1|2|288000|1342|10736110|153951
1200000|1|6000|3|4|0|0|288000|1343|10744109|263671
1200000|1|6000|3|4|1|2|288000|1343|10744109|154607
1200000|1|6000|3|4|0|0|288000|1344|10752109|263303
1200000|1|6000|3|4|1|2|288000|1344|10752109|154319
1200000|1|6000|3|4|0|0|288000|1345|10760109|262892
1200000|1|6000|3|4|1|2|288000|1345|10760109|155141
1200000|1|6000|3|4|0|0|288000|1346|10768109|262359
1200000|1|6000|3|4|1|2|288000|1346|10768109|154768
1200000|1|6000|3|4|0|0|288000|1347|10776109|262646
1200000|1|6000|3|4|1|2|288000|1347|10776109|155468
1200000|1|6000|3|4|0|0|288000|1348|10784110|263506
1200000|1|6000|3|4|1|2|288000|1348|10784110|156207
1200000|1|6000|3|4|0|0|288000|1349|10792111|264203
1200000|1|6000|3|4|1|2|288000|1349|10792111|156243
1200000|1|6000|3|4|0|0|288000|1350|10800111|265269
1200000|1|6000|3|4|1|2|288000|1350|10800111|156451
1200000|1|6000|3|4|0|0|288000|1351|10808112|265477
1200000|1|6000|3|4|1|2|288000|1351|10808112|155509
1200000|1|6000|3|4|0|0|288000|1352|10816112|265475
1200000|1|6000|3|4|1|2|288000|1352|10816112|155303
1200000|1|6000|3|4|0|0|288000|1353|10824113|265844
1200000|1|6000|3|4|1|2|288000|1353|10824113|154361
1200000|1|6000|3|4|0|0|288000|1354|10832113|266130
1200000|1|6000|3|4|1|2|288000|1354|10832113|154361
1200000|1|6000|3|4|0|0|288000|1355|10840114|267197
1200000|1|6000|3|4|1|2|288000|1355|10840114|153214
1200000|1|6000|3|4|0|0|288000|1356|10848113|268179
1200000|1|6000|3|4|1|2|288000|1356|10848113|152516
1200000|1|6000|3|4|0|0|288000|1357|10856113|269329
1200000|1|6000|3|4|1|2|288000|1357|10856113|152146
1200000|1|6000|3|4|0|0|288000|1358|10864113|269862
1200000|1|6000|3|4|1|2|288000|1358|10864113|151407
1200000|1|6000|3|4|0|0|288000|1359|10872113|271170
1200000|1|6000|3|4|1|2|288000|1359|10872113|150996
1200000|1|6000|3|4|0|0|288000|1360|10880113|271705
1200000|1|6000|3|4|1|2|288000|1360|10880113|150221
1200000|1|6000|3|4|0|0|288000|1361|10888114|271908
1200000|1|6000|3|4|1|2|288000|1361|10888114|149892
1200000|1|6000|3|4|0|0|288000|1362|10896114|271707
1200000|1|6000|3|4|1|2|288000|1362|10896114|149153
1200000|1|6000|3|4|0|0|288000|1363|10904114|271912
1200000|1|6000|3|4|1|2|288000|1363|10904114|148702
1200000|1|6000|3|4|0|0|288000|1364|10912114|272649
1200000|1|6000|3|4|1|2|288000|1364|10912114|148622
1200000|1|6000|3|4|0|0|288000|1365|10920114|273139
1200000|1|6000|3|4|1|2|288000|1365|10920114|147762
1200000|1|6000|3|4|0|0|288000|1366|10928114|273962
1200000|1|6000|3|4|1|2|288000|1366|10928114|147392
1200000|1|6000|3|4|0|0|288000|1367|10936114|274782
1200000|1|6000|3|4|1|2|288000|1367|10936114|147104
1200000|1|6000|3|4|0|0|288000|1368|10944115|275519
1200000|1|6000|3|4|1|2|288000|1368|10944115|146449
1200000|1|6000|3|4|0|0|288000|1369|10952115|276093
1200000|1|6000|3|4|1|2|288000|1369|10952115|145957
1200000|1|6000|3|4|0|0|288000|1370|10960115|276382
1200000|1|6000|3|4|1|2|288000|1370|10960115|145423
1200000|1|6000|3|4|0|0|288000|1371|10968115|276137
1200000|1|6000|3|4|1|2|288000|1371|10968115|145337
1200000|1|6000|3|4|0|0|288000|1372|10976116|275971
1200000|1|6000|3|4|1|2|288000|1372|10976116|145463
1200000|1|6000|3|4|0|0|288000|1373|10984116|275561
1200000|1|6000|3|4|1|2|288000|1373|10984116|146038
1200000|1|6000|3|4|0|0|288000|1374|10992117|275274
1200000|1|6000|3|4|1|2|288000|1374|10992117|145997
1200000|1|6000|3|4|0|0|288000|1375|11000117|274946
1200000|1|6000|3|4|1|2|288000|1375|11000117|145914
1200000|1|6000|3|4|0|0|288000|1376|11008117|275479
1200000|1|6000|3|4|1|2|288000|1376|11008117|146163
1200000|1|6000|3|4|0|0|288000|1377|11016117|276423
1200000|1|6000|3|4|1|2|288000|1377|11016117|145914
1200000|1|6000|3|4|0|0|288000|1378|11024117|276791
1200000|1|6000|3|4|1|2|288000|1378|11024117|146326
1200000|1|6000|3|4|0|0|288000|1379|11032119|277444
1200000|1|6000|3|4|1|2|288000|1379|11032119|147431
1200000|1|6000|3|4|0|0|288000|1380|11040120|277530
1200000|1|6000|3|4|1|2|288000|1380|11040120|147800
1200000|1|6000|3|4|0|0|288000|1381|11048121|277569
1200000|1|6000|3|4|1|2|288000|1381|11048121|148253
1200000|1|6000|3|4|0|0|288000|1382|11056123|277367
1200000|1|6000|3|4|1|2|288000|1382|11056123|148948
1200000|1|6000|3|4|0|0|288000|1383|11064124|277119
1200000|1|6000|3|4|1|2|288000|1383|11064124|149114
1200000|1|6000|3|4|0|0|288000|1384|11072125|277037
1200000|1|6000|3|4|1|2|288000|1384|11072125|149934
1200000|1|6000|3|4|0|0|288000|1385|11080126|277405
1200000|1|6000|3|4|1|2|288000|1385|11080126|150178
1200000|1|6000|3|4|0|0|288000|1386|11088127|277284
1200000|1|6000|3|4|1|2|288000|1386|11088127|149769
1200000|1|6000|3|4|0|0|288000|1387|11096126|276997
1200000|1|6000|3|4|1|2|288000|1387|11096126|149235
1200000|1|6000|3|4|0|0|288000|1388|11104125|276914
1200000|1|6000|3|4|1|2|288000|1388|11104125|149276
1200000|1|6000|3|4|0|0|288000|1389|11112126|276340
1200000|1|6000|3|4|1|2|288000|1389|11112126|149602
1200000|1|6000|3|4|0|0|288000|1390|11120126|275929
1200000|1|6000|3|4|1|2|288000|1390|11120126|150138
1200000|1|6000|3|4|0|0|288000|1391|11128127|275766
1200000|1|6000|3|4|1|2|288000|1391|11128127|150260
1200000|1|6000|3|4|0|0|288000|1392|11136126|275520
1200000|1|6000|3|4|1|2|288000|1392|11136126|150303
1200000|1|6000|3|4|0|0|288000|1393|11144127|276093
1200000|1|6000|3|4|1|2|288000|1393|11144127|150384
1200000|1|6000|3|4|0|0|288000|1394|11152126|276337
1200000|1|6000|3|4|1|2|288000|1394|11152126|149359
1200000|1|6000|3|4|0|0|288000|1395|11160125|276791
1200000|1|6000|3|4|1|2|288000|1395|11160125|149154
1200000|1|6000|3|4|0|0|288000|1396|11168125|276833
1200000|1|6000|3|4|1|2|288000|1396|11168125|148539
1200000|1|6000|3|4|0|0|288000|1397|11176124|277077
1200000|1|6000|3|4|1|2|288000|1397|11176124|148702
1200000|1|6000|3|4|0|0|288000|1398|11184124|277079
1200000|1|6000|3|4|1|2|288000|1398|11184124|148006
1200000|1|6000|3|4|0|0|288000|1399|11192123|277652
1200000|1|6000|3|4|1|2|288000|1399|11192123|147965
1200000|1|6000|3|4|0|0|288000|1400|11200123|277530
1200000|1|6000|3|4|1|2|288000|1400|11200123|147801
1200000|1|6000|3|4|0|0|288000|1401|11208123|277735
1200000|1|6000|3|4|1|2|288000|1401|11208123|149031
1200000|1|6000|3|4|0|0|288000|1402|11216124|278225
1200000|1|6000|3|4|1|2|288000|1402|11216124|149770
1200000|1|6000|3|4|0|0|288000|1403|11224125|278184
1200000|1|6000|3|4|1|2|288000|1403|11224125|149848
1200000|1|6000|3|4|0|0|288000|1404|11232125|278800
1200000|1|6000|3|4|1|2|288000|1404|11232125|150221
1200000|1|6000|3|4|0|0|288000|1405|11240125|279045
1200000|1|6000|3|4|1|2|288000|1405|11240125|150257
1200000|1|6000|3|4|0|0|288000|1406|11248125|279127
1200000|1|6000|3|4|1|2|288000|1406|11248125|151159
1200000|1|6000|3|4|0|0|288000|1407|11256126|279167
1200000|1|6000|3|4|1|2|288000|1407|11256126|151367
1200000|1|6000|3|4|0|0|288000|1408|11264126|278881
1200000|1|6000|3|4|1|2|288000|1408|11264126|151038
1200000|1|6000|3|4|0|0|288000|1409|11272124|278840
1200000|1|6000|3|4|1|2|288000|1409|11272124|150998
1200000|1|6000|3|4|0|0|288000|1410|11280125|278842
1200000|1|6000|3|4|1|2|288000|1410|11280125|150835
1200000|1|6000|3|4|0|0|288000|1411|11288125|278843
1200000|1|6000|3|4|1|2|288000|1411|11288125|150302
1200000|1|6000|3|4|0|0|288000|1412|11296125|278838
1200000|1|6000|3|4|1|2|288000|1412|11296125|149933
1200000|1|6000|3|4|0|0|288000|1413|11304126|279047
1200000|1|6000|3|4|1|2|288000|1413|11304126|149564
1200000|1|6000|3|4|0|0|288000|1414|11312126|278919
1200000|1|6000|3|4|1|2|288000|1414|11312126|149275
1200000|1|6000|3|4|0|0|288000|1415|11320126|278554
1200000|1|6000|3|4|1|2|288000|1415|11320126|149031
1200000|1|6000|3|4|0|0|288000|1416|11328126|277858
1200000|1|6000|3|4|1|2|288000|1416|11328126|148700
1200000|1|6000|3|4|0|0|288000|1417|11336126|277611
1200000|1|6000|3|4|1|2|288000|1417|11336126|148088
1200000|1|6000|3|4|0|0|288000|1418|11344126|276952
1200000|1|6000|3|4|1|2|288000|1418|11344126|147018
1200000|1|6000|3|4|0|0|288000|1419|11352126|275848
1200000|1|6000|3|4|1|2|288000|1419|11352126|146529
1200000|1|6000|3|4|0|0|288000|1420|11360126|275561
1200000|1|6000|3|4|1|2|288000|1420|11360126|145996
1200000|1|6000|3|4|0|0|288000|1421|11368126|274451
1200000|1|6000|3|4|1|2|288000|1421|11368126|145381
1200000|1|6000|3|4|0|0|288000|1422|11376127|274126
1200000|1|6000|3|4|1|2|288000|1422|11376127|144642
1200000|1|6000|3|4|0|0|288000|1423|11384127|274617
1200000|1|6000|3|4|1|2|288000|1423|11384127|144316
1200000|1|6000|3|4|0|0|288000|1424|11392128|274618
1200000|1|6000|3|4|1|2|288000|1424|11392128|143414
1200000|1|6000|3|4|0|0|288000|1425|11400127|274250
1200000|1|6000|3|4|1|2|288000|1425|11400127|143455
1200000|1|6000|3|4|0|0|288000|1426|11408127|274084
1200000|1|6000|3|4|1|2|288000|1426|11408127|143206
1200000|1|6000|3|4|0|0|288000|1427|11416127|273305
1200000|1|6000|3|4|1|2|288000|1427|11416127|142839
1200000|1|6000|3|4|0|0|288000|1428|11424128|273060
1200000|1|6000|3|4|1|2|288000|1428|11424128|142101
1200000|1|6000|3|4|0|0|288000|1429|11432128|272320
1200000|1|6000|3|4|1|2|288000|1429|11432128|141363
1200000|1|6000|3|4|0|0|288000|1430|11440128|270886
1200000|1|6000|3|4|1|2|288000|1430|11440128|140298
1200000|1|6000|3|4|0|0|288000|1431|11448127|270477
1200000|1|6000|3|4|1|2|288000|1431|11448127|139437
1200000|1|6000|3|4|0|0|288000|1432|11456127|269492
1200000|1|6000|3|4|1|2|288000|1432|11456127|139231
1200000|1|6000|3|4|0|0|288000|1433|11464127|269412
1200000|1|6000|3|4|1|2|288000|1433|11464127|138905
1200000|1|6000|3|4|0|0|288000|1434|11472127|268714
1200000|1|6000|3|4|1|2|288000|1434|11472127|138945
1200000|1|6000|3|4|0|0|288000|1435|11480127|268752
1200000|1|6000|3|4|1|2|288000|1435|11480127|138945
1200000|1|6000|3|4|0|0|288000|1436|11488128|267895
1200000|1|6000|3|4|1|2|288000|1436|11488128|138944
1200000|1|6000|3|4|0|0|288000|1437|11496128|268385
1200000|1|6000|3|4|1|2|288000|1437|11496128|138904
1200000|1|6000|3|4|0|0|288000|1438|11504128|267894
1200000|1|6000|3|4|1|2|288000|1438|11504128|138985
1200000|1|6000|3|4|0|0|288000|1439|11512128|267648
1200000|1|6000|3|4|1|2|288000|1439|11512128|138371
1200000|1|6000|3|4|0|0|288000|1440|11520128|267280
1200000|1|6000|3|4|1|2|288000|1440|11520128|137998
1200000|1|6000|3|4|0|0|288000|1441|11528127|266824
1200000|1|6000|3|4|1|2|288000|1441|11528127|137877
1200000|1|6000|3|4|0|0|288000|1442|11536127|266664
1200000|1|6000|3|4|1|2|288000|1442|11536127|137588
1200000|1|6000|3|4|0|0|288000|1443|11544127|266127
1200000|1|6000|3|4|1|2|288000|1443|11544127|137634
1200000|1|6000|3|4|0|0|288000|1444|11552127|265762
1200000|1|6000|3|4|1|2|288000|1444|11552127|137430
1200000|1|6000|3|4|0|0|288000|1445|11560127|265188
1200000|1|6000|3|4|1|2|288000|1445|11560127|137670
1200000|1|6000|3|4|0|0|288000|1446|11568127|265023
1200000|1|6000|3|4|1|2|288000|1446|11568127|137430
1200000|1|6000|3|4|0|0|288000|1447|11576127|264777
1200000|1|6000|3|4|1|2|288000|1447|11576127|138535
1200000|1|6000|3|4|0|0|288000|1448|11584127|264326
1200000|1|6000|3|4|1|2|288000|1448|11584127|138041
1200000|1|6000|3|4|0|0|288000|1449|11592127|264205
1200000|1|6000|3|4|1|2|288000|1449|11592127|139069
1200000|1|6000|3|4|0|0|288000|1450|11600128|263878
1200000|1|6000|3|4|1|2|288000|1450|11600128|138781
1200000|1|6000|3|4|0|0|288000|1451|11608128|264161
1200000|1|6000|3|4|1|2|288000|1451|11608128|139601
1200000|1|6000|3|4|0|0|288000|1452|11616128|264818
1200000|1|6000|3|4|1|2|288000|1452|11616128|139764
1200000|1|6000|3|4|0|0|288000|1453|11624128|265021
1200000|1|6000|3|4|1|2|288000|1453|11624128|140461
1200000|1|6000|3|4|0|0|288000|1454|11632129|265228
1200000|1|6000|3|4|1|2|288000|1454|11632129|140093
1200000|1|6000|3|4|0|0|288000|1455|11640129|265638
1200000|1|6000|3|4|1|2|288000|1455|11640129|140380
1200000|1|6000|3|4|0|0|288000|1456|11648129|265966
1200000|1|6000|3|4|1|2|288000|1456|11648129|140338
1200000|1|6000|3|4|0|0|288000|1457|11656128|266334
1200000|1|6000|3|4|1|2|288000|1457|11656128|140461
1200000|1|6000|3|4|0|0|288000|1458|11664128|266254
1200000|1|6000|3|4|1|2|288000|1458|11664128|140627
1200000|1|6000|3|4|0|0|288000|1459|11672128|265639
1200000|1|6000|3|4|1|2|288000|1459|11672128|140831
1200000|1|6000|3|4|0|0|288000|1460|11680128|264614
1200000|1|6000|3|4|1|2|288000|1460|11680128|140586
1200000|1|6000|3|4|0|0|288000|1461|11688128|264367
1200000|1|6000|3|4|1|2|288000|1461|11688128|140746
1200000|1|6000|3|4|0|0|288000|1462|11696128|263959
1200000|1|6000|3|4|1|2|288000|1462|11696128|141442
1200000|1|6000|3|4|0|0|288000|1463|11704128|263754
1200000|1|6000|3|4|1|2|288000|1463|11704128|141037
1200000|1|6000|3|4|0|0|288000|1464|11712128|263958
1200000|1|6000|3|4|1|2|288000|1464|11712128|141814
1200000|1|6000|3|4|0|0|288000|1465|11720129|264490
1200000|1|6000|3|4|1|2|288000|1465|11720129|141607
1200000|1|6000|3|4|0|0|288000|1466|11728129|265266
1200000|1|6000|3|4|1|2|288000|1466|11728129|141773
1200000|1|6000|3|4|0|0|288000|1467|11736129|266297
1200000|1|6000|3|4|1|2|288000|1467|11736129|141896
1200000|1|6000|3|4|0|0|288000|1468|11744130|266787
1200000|1|6000|3|4|1|2|288000|1468|11744130|142594
1200000|1|6000|3|4|0|0|288000|1469|11752131|267730
1200000|1|6000|3|4|1|2|288000|1469|11752131|143046
1200000|1|6000|3|4|0|0|288000|1470|11760132|268140
1200000|1|6000|3|4|1|2|288000|1470|11760132|143537
1200000|1|6000|3|4|0|0|288000|1471|11768133|268182
1200000|1|6000|3|4|1|2|288000|1471|11768133|144355
1200000|1|6000|3|4|0|0|288000|1472|11776134|268715
1200000|1|6000|3|4|1|2|288000|1472|11776134|144562
1200000|1|6000|3|4|0|0|288000|1473|11784134|268590
1200000|1|6000|3|4|1|2|288000|1473|11784134|145504
1200000|1|6000|3|4|0|0|288000|1474|11792135|268589
1200000|1|6000|3|4|1|2|288000|1474|11792135|146160
1200000|1|6000|3|4|0|0|288000|1475|11800137|268222
1200000|1|6000|3|4|1|2|288000|1475|11800137|147021
1200000|1|6000|3|4|0|0|288000|1476|11808137|268222
1200000|1|6000|3|4|1|2|288000|1476|11808137|146940
1200000|1|6000|3|4|0|0|288000|1477|11816137|268465
1200000|1|6000|3|4|1|2|288000|1477|11816137|147187
1200000|1|6000|3|4|0|0|288000|1478|11824136|268592
1200000|1|6000|3|4|1|2|288000|1478|11824136|147390
1200000|1|6000|3|4|0|0|288000|1479|11832137|268550
1200000|1|6000|3|4|1|2|288000|1479|11832137|148046
1200000|1|6000|3|4|0|0|288000|1480|11840137|268219
1200000|1|6000|3|4|1|2|288000|1480|11840137|148376
1200000|1|6000|3|4|0|0|288000|1481|11848138|267689
1200000|1|6000|3|4|1|2|288000|1481|11848138|148865
1200000|1|6000|3|4|0|0|288000|1482|11856138|267238
1200000|1|6000|3|4|1|2|288000|1482|11856138|148863
1200000|1|6000|3|4|0|0|288000|1483|11864138|266664
1200000|1|6000|3|4|1|2|288000|1483|11864138|149112
1200000|1|6000|3|4|0|0|288000|1484|11872138|265968
1200000|1|6000|3|4|1|2|288000|1484|11872138|148417
1200000|1|6000|3|4|0|0|288000|1485|11880138|265638
1200000|1|6000|3|4|1|2|288000|1485|11880138|148783
1200000|1|6000|3|4|0|0|288000|1486|11888138|265308
1200000|1|6000|3|4|1|2|288000|1486|11888138|149439
1200000|1|6000|3|4|0|0|288000|1487|11896139|264901
1200000|1|6000|3|4|1|2|288000|1487|11896139|150055
1200000|1|6000|3|4|0|0|288000|1488|11904139|264860
1200000|1|6000|3|4|1|2|288000|1488|11904139|150671
1200000|1|6000|3|4|0|0|288000|1489|11912140|264285
1200000|1|6000|3|4|1|2|288000|1489|11912140|151247
1200000|1|6000|3|4|0|0|288000|1490|11920141|263710
1200000|1|6000|3|4|1|2|288000|1490|11920141|151409
1200000|1|6000|3|4|0|0|288000|1491|11928141|263179
1200000|1|6000|3|4|1|2|288000|1491|11928141|151775
1200000|1|6000|3|4|0|0|288000|1492|11936142|262850
1200000|1|6000|3|4|1|2|288000|1492|11936142|152927
1200000|1|6000|3|4|0|0|288000|1493|11944143|262151
1200000|1|6000|3|4|1|2|288000|1493|11944143|152433
1200000|1|6000|3|4|0|0|288000|1494|11952142|261291
1200000|1|6000|3|4|1|2|288000|1494|11952142|152843
1200000|1|6000|3|4|0|0|288000|1495|11960143|260676
1200000|1|6000|3|4|1|2|288000|1495|11960143|152351
1200000|1|6000|3|4|0|0|288000|1496|11968142|260637
1200000|1|6000|3|4|1|2|288000|1496|11968142|153375
1200000|1|6000|3|4|0|0|288000|1497|11976143|260923
1200000|1|6000|3|4|1|2|288000|1497|11976143|152967
1200000|1|6000|3|4|0|0|288000|1498|11984142|260555
1200000|1|6000|3|4|1|2|288000|1498|11984142|153909
1200000|1|6000|3|4|0|0|288000|1499|11992143|259982
1200000|1|6000|3|4|1|2|288000|1499|11992143|153212
1200000|1|6000|3|4|0|0|288000|1500|12000142|259365
1200000|1|6000|3|4|1|2|288000|1500|12000142|153910
1200000|1|6000|3|4|0|0|288000|1501|12008142|259038
1200000|1|6000|3|4|1|2|288000|1501|12008142|153788
1200000|1|6000|3|4|0|0|288000|1502|12016142|258669
1200000|1|6000|3|4|1|2|288000|1502|12016142|155098
1200000|1|6000|3|4|0|0|288000|1503|12024142|257848
1200000|1|6000|3|4|1|2|288000|1503|12024142|155054
1200000|1|6000|3|4|0|0|288000|1504|12032143|257767
1200000|1|6000|3|4|1|2|288000|1504|12032143|155550
1200000|1|6000|3|4|0|0|288000|1505|12040143|258052
1200000|1|6000|3|4|1|2|288000|1505|12040143|155713
1200000|1|6000|3|4|0|0|288000|1506|12048143|259286
1200000|1|6000|3|4|1|2|288000|1506|12048143|156166
1200000|1|6000|3|4|0|0|288000|1507|12056143|259038
1200000|1|6000|3|4|1|2|288000|1507|12056143|156166
1200000|1|6000|3|4|0|0|288000|1508|12064144|259569
1200000|1|6000|3|4|1|2|288000|1508|12064144|155671
1200000|1|6000|3|4|0|0|288000|1509|12072144|259448
1200000|1|6000|3|4|1|2|288000|1509|12072144|155591
1200000|1|6000|3|4|0|0|288000|1510|12080145|259983
1200000|1|6000|3|4|1|2|288000|1510|12080145|154936
1200000|1|6000|3|4|0|0|288000|1511|12088145|259569
1200000|1|6000|3|4|1|2|288000|1511|12088145|154563
1200000|1|6000|3|4|0|0|288000|1512|12096145|259859
1200000|1|6000|3|4|1|2|288000|1512|12096145|153988
1200000|1|6000|3|4|0|0|288000|1513|12104145|259490
1200000|1|6000|3|4|1|2|288000|1513|12104145|154525
1200000|1|6000|3|4|0|0|288000|1514|12112145|259325
1200000|1|6000|3|4|1|2|288000|1514|12112145|154197
1200000|1|6000|3|4|0|0|288000|1515|12120145|259162
1200000|1|6000|3|4|1|2|288000|1515|12120145|153292
1200000|1|6000|3|4|0|0|288000|1516|12128145|258586
1200000|1|6000|3|4|1|2|288000|1516|12128145|152474
1200000|1|6000|3|4|0|0|288000|1517|12136145|258793
1200000|1|6000|3|4|1|2|288000|1517|12136145|151082
1200000|1|6000|3|4|0|0|288000|1518|12144144|258547
1200000|1|6000|3|4|1|2|288000|1518|12144144|151082
1200000|1|6000|3|4|0|0|288000|1519|12152145|258993
1200000|1|6000|3|4|1|2|288000|1519|12152145|149852
1200000|1|6000|3|4|0|0|288000|1520|12160145|258382
1200000|1|6000|3|4|1|2|288000|1520|12160145|149194
1200000|1|6000|3|4|0|0|288000|1521|12168145|258834
1200000|1|6000|3|4|1|2|288000|1521|12168145|148539
1200000|1|6000|3|4|0|0|288000|1522|12176145|258669
1200000|1|6000|3|4|1|2|288000|1522|12176145|148497
1200000|1|6000|3|4|0|0|288000|1523|12184145|258709
1200000|1|6000|3|4|1|2|288000|1523|12184145|148372
1200000|1|6000|3|4|0|0|288000|1524|12192144|258916
1200000|1|6000|3|4|1|2|288000|1524|12192144|148207
1200000|1|6000|3|4|0|0|288000|1525|12200144|258956
1200000|1|6000|3|4|1|2|288000|1525|12200144|147966
1200000|1|6000|3|4|0|0|288000|1526|12208144|258299
1200000|1|6000|3|4|1|2|288000|1526|12208144|147470
1200000|1|6000|3|4|0|0|288000|1527|12216144|257764
1200000|1|6000|3|4|1|2|288000|1527|12216144|147187
1200000|1|6000|3|4|0|0|288000|1528|12224144|257149
1200000|1|6000|3|4|1|2|288000|1528|12224144|147064
1200000|1|6000|3|4|0|0|288000|1529|12232145|256211
1200000|1|6000|3|4|1|2|288000|1529|12232145|147597
1200000|1|6000|3|4|0|0|288000|1530|12240145|255757
1200000|1|6000|3|4|1|2|288000|1530|12240145|147144
1200000|1|6000|3|4|0|0|288000|1531|12248146|254976
1200000|1|6000|3|4|1|2|288000|1531|12248146|147064
1200000|1|6000|3|4|0|0|288000|1532|12256147|254362
1200000|1|6000|3|4|1|2|288000|1532|12256147|146734
1200000|1|6000|3|4|0|0|288000|1533|12264147|253831
1200000|1|6000|3|4|1|2|288000|1533|12264147|146529
1200000|1|6000|3|4|0|0|288000|1534|12272147|253543
1200000|1|6000|3|4|1|2|288000|1534|12272147|146161
1200000|1|6000|3|4|0|0|288000|1535|12280148|252642
1200000|1|6000|3|4|1|2|288000|1535|12280148|145132
1200000|1|6000|3|4|0|0|288000|1536|12288147|251860
1200000|1|6000|3|4|1|2|288000|1536|12288147|144804
1200000|1|6000|3|4|0|0|288000|1537|12296147|251209
1200000|1|6000|3|4|1|2|288000|1537|12296147|144398
1200000|1|6000|3|4|0|0|288000|1538|12304148|250221
1200000|1|6000|3|4|1|2|288000|1538|12304148|144231
1200000|1|6000|3|4|0|0|288000|1539|12312148|249441
1200000|1|6000|3|4|1|2|288000|1539|12312148|144110
1200000|1|6000|3|4|0|0|288000|1540|12320148|248293
1200000|1|6000|3|4|1|2|288000|1540|12320148|143700
1200000|1|6000|3|4|0|0|288000|1541|12328149|248132
1200000|1|6000|3|4|1|2|288000|1541|12328149|143578
1200000|1|6000|3|4|0|0|288000|1542|12336149|248336
1200000|1|6000|3|4|1|2|288000|1542|12336149|143825
1200000|1|6000|3|4|0|0|288000|1543|12344150|248050
1200000|1|6000|3|4|1|2|288000|1543|12344150|143948
1200000|1|6000|3|4|0|0|288000|1544|12352151|247599
1200000|1|6000|3|4|1|2|288000|1544|12352151|144234
1200000|1|6000|3|4|0|0|288000|1545|12360151|247313
1200000|1|6000|3|4|1|2|288000|1545|12360151|143618
1200000|1|6000|3|4|0|0|288000|1546|12368151|246819
1200000|1|6000|3|4|1|2|288000|1546|12368151|143453
1200000|1|6000|3|4|0|0|288000|1547|12376151|246206
1200000|1|6000|3|4|1|2|288000|1547|12376151|143045
1200000|1|6000|3|4|0|0|288000|1548|12384152|245548
1200000|1|6000|3|4|1|2|288000|1548|12384152|143166
1200000|1|6000|3|4|0|0|288000|1549|12392152|245386
1200000|1|6000|3|4|1|2|288000|1549|12392152|142841
1200000|1|6000|3|4|0|0|288000|1550|12400153|245590
1200000|1|6000|3|4|1|2|288000|1550|12400153|142636
1200000|1|6000|3|4|0|0|288000|1551|12408153|246080
1200000|1|6000|3|4|1|2|288000|1551|12408153|141729
1200000|1|6000|3|4|0|0|288000|1552|12416152|246533
1200000|1|6000|3|4|1|2|288000|1552|12416152|141365
1200000|1|6000|3|4|0|0|288000|1553|12424151|246205
1200000|1|6000|3|4|1|2|288000|1553|12424151|141486
1200000|1|6000|3|4|0|0|288000|1554|12432151|246656
1200000|1|6000|3|4|1|2|288000|1554|12432151|141282
1200000|1|6000|3|4|0|0|288000|1555|12440150|246615
1200000|1|6000|3|4|1|2|288000|1555|12440150|141240
1200000|1|6000|3|4|0|0|288000|1556|12448149|246657
1200000|1|6000|3|4|1|2|288000|1556|12448149|140708
1200000|1|6000|3|4|0|0|288000|1557|12456149|246451
1200000|1|6000|3|4|1|2|288000|1557|12456149|140499
1200000|1|6000|3|4|0|0|288000|1558|12464148|246983
1200000|1|6000|3|4|1|2|288000|1558|12464148|140585
1200000|1|6000|3|4|0|0|288000|1559|12472149|247351
1200000|1|6000|3|4|1|2|288000|1559|12472149|141118
1200000|1|6000|3|4|0|0|288000|1560|12480150|247395
1200000|1|6000|3|4|1|2|288000|1560|12480150|140873
1200000|1|6000|3|4|0|0|288000|1561|12488150|247680
1200000|1|6000|3|4|1|2|288000|1561|12488150|141611
1200000|1|6000|3|4|0|0|288000|1562|12496151|247311
1200000|1|6000|3|4|1|2|288000|1562|12496151|141897
1200000|1|6000|3|4|0|0|288000|1563|12504152|248133
1200000|1|6000|3|4|1|2|288000|1563|12504152|142592
1200000|1|6000|3|4|0|0|288000|1564|12512152|248214
1200000|1|6000|3|4|1|2|288000|1564|12512152|142922
1200000|1|6000|3|4|0|0|288000|1565|12520152|248293
1200000|1|6000|3|4|1|2|288000|1565|12520152|143047
1200000|1|6000|3|4|0|0|288000|1566|12528152|247353
1200000|1|6000|3|4|1|2|288000|1566|12528152|142307
1200000|1|6000|3|4|0|0|288000|1567|12536151|247680
1200000|1|6000|3|4|1|2|288000|1567|12536151|142020
1200000|1|6000|3|4|0|0|288000|1568|12544149|247435
1200000|1|6000|3|4|1|2|288000|1568|12544149|141610
1200000|1|6000|3|4|0|0|288000|1569|12552149|247762
1200000|1|6000|3|4|1|2|288000|1569|12552149|141076
1200000|1|6000|3|4|0|0|288000|1570|12560148|247475
1200000|1|6000|3|4|1|2|288000|1570|12560148|140953
1200000|1|6000|3|4|0|0|288000|1571|12568148|247886
1200000|1|6000|3|4|1|2|288000|1571|12568148|140381
1200000|1|6000|3|4|0|0|288000|1572|12576146|249157
1200000|1|6000|3|4|1|2|288000|1572|12576146|140462
1200000|1|6000|3|4|0|0|288000|1573|12584146|249937
1200000|1|6000|3|4|1|2|288000|1573|12584146|140791
1200000|1|6000|3|4|0|0|288000|1574|12592146|250631
1200000|1|6000|3|4|1|2|288000|1574|12592146|141693
1200000|1|6000|3|4|0|0|288000|1575|12600147|251043
1200000|1|6000|3|4|1|2|288000|1575|12600147|140912
1200000|1|6000|3|4|0|0|288000|1576|12608147|251327
1200000|1|6000|3|4|1|2|288000|1576|12608147|141159
1200000|1|6000|3|4|0|0|288000|1577|12616147|251778
1200000|1|6000|3|4|1|2|288000|1577|12616147|140421
1200000|1|6000|3|4|0|0|288000|1578|12624147|252110
1200000|1|6000|3|4|1|2|288000|1578|12624147|140461
1200000|1|6000|3|4|0|0|288000|1579|12632147|251903
1200000|1|6000|3|4|1|2|288000|1579|12632147|140134
1200000|1|6000|3|4|0|0|288000|1580|12640147|251576
1200000|1|6000|3|4|1|2|288000|1580|12640147|139681
1200000|1|6000|3|4|0|0|288000|1581|12648147|251412
1200000|1|6000|3|4|1|2|288000|1581|12648147|139027
1200000|1|6000|3|4|0|0|288000|1582|12656146|251577
1200000|1|6000|3|4|1|2|288000|1582|12656146|139644
1200000|1|6000|3|4|0|0|288000|1583|12664146|251452
1200000|1|6000|3|4|1|2|288000|1583|12664146|140175
1200000|1|6000|3|4|0|0|288000|1584|12672146|251330
1200000|1|6000|3|4|1|2|288000|1584|12672146|140666
1200000|1|6000|3|4|0|0|288000|1585|12680146|251044
1200000|1|6000|3|4|1|2|288000|1585|12680146|141322
1200000|1|6000|3|4|0|0|288000|1586|12688146|250879
1200000|1|6000|3|4|1|2|288000|1586|12688146|141611
1200000|1|6000|3|4|0|0|288000|1587|12696147|251208
1200000|1|6000|3|4|1|2|288000|1587|12696147|141937
1200000|1|6000|3|4|0|0|288000|1588|12704147|250716
1200000|1|6000|3|4|1|2|288000|1588|12704147|142226
1200000|1|6000|3|4|0|0|288000|1589|12712147|250550
1200000|1|6000|3|4|1|2|288000|1589|12712147|142060
1200000|1|6000|3|4|0|0|288000|1590|12720147|249974
1200000|1|6000|3|4|1|2|288000|1590|12720147|141282
1200000|1|6000|3|4|0|0|288000|1591|12728147|249854
1200000|1|6000|3|4|1|2|288000|1591|12728147|141853
1200000|1|6000|3|4|0|0|288000|1592|12736148|249850
1200000|1|6000|3|4|1|2|288000|1592|12736148|142020
1200000|1|6000|3|4|0|0|288000|1593|12744148|249320
1200000|1|6000|3|4|1|2|288000|1593|12744148|142841
1200000|1|6000|3|4|0|0|288000|1594|12752149|249156
1200000|1|6000|3|4|1|2|288000|1594|12752149|143208
1200000|1|6000|3|4|0|0|288000|1595|12760149|249075
1200000|1|6000|3|4|1|2|288000|1595|12760149|143578
1200000|1|6000|3|4|0|0|288000|1596|12768149|249444
1200000|1|6000|3|4|1|2|288000|1596|12768149|144891
1200000|1|6000|3|4|0|0|288000|1597|12776152|249772
1200000|1|6000|3|4|1|2|288000|1597|12776152|146037
1200000|1|6000|3|4|0|0|288000|1598|12784152|250180
1200000|1|6000|3|4|1|2|288000|1598|12784152|146982
1200000|1|6000|3|4|0|0|288000|1599|12792154|250429
1200000|1|6000|3|4|1|2|288000|1599|12792154|147926
1200000|1|6000|3|4|0|0|288000|1600|12800155|250470
1200000|1|6000|3|4|1|2|288000|1600|12800155|148662
1200000|1|6000|3|4|0|0|288000|1601|12808155|250425
1200000|1|6000|3|4|1|2|288000|1601|12808155|150302
1200000|1|6000|3|4|0|0|288000|1602|12816157|250386
1200000|1|6000|3|4|1|2|288000|1602|12816157|150711
1200000|1|6000|3|4|0|0|288000|1603|12824158|250224
1200000|1|6000|3|4|1|2|288000|1603|12824158|151532
1200000|1|6000|3|4|0|0|288000|1604|12832159|250055
1200000|1|6000|3|4|1|2|288000|1604|12832159|151242
1200000|1|6000|3|4|0|0|288000|1605|12840158|249936
1200000|1|6000|3|4|1|2|288000|1605|12840158|151408
1200000|1|6000|3|4|0|0|288000|1606|12848159|250303
1200000|1|6000|3|4|1|2|288000|1606|12848159|151122
1200000|1|6000|3|4|0|0|288000|1607|12856159|250346
1200000|1|6000|3|4|1|2|288000|1607|12856159|150999
1200000|1|6000|3|4|0|0|288000|1608|12864159|250511
1200000|1|6000|3|4|1|2|288000|1608|12864159|150916
1200000|1|6000|3|4|0|0|288000|1609|12872160|251163
1200000|1|6000|3|4|1|2|288000|1609|12872160|150425
1200000|1|6000|3|4|0|0|288000|1610|12880160|251413
1200000|1|6000|3|4|1|2|288000|1610|12880160|150462
1200000|1|6000|3|4|0|0|288000|1611|12888160|250922
1200000|1|6000|3|4|1|2|288000|1611|12888160|150303
1200000|1|6000|3|4|0|0|288000|1612|12896161|251001
1200000|1|6000|3|4|1|2|288000|1612|12896161|151039
1200000|1|6000|3|4|0|0|288000|1613|12904161|250961
1200000|1|6000|3|4|1|2|288000|1613|12904161|151695
1200000|1|6000|3|4|0|0|288000|1614|12912161|251455
1200000|1|6000|3|4|1|2|288000|1614|12912161|152431
1200000|1|6000|3|4|0|0|288000|1615|12920162|251822
1200000|1|6000|3|4|1|2|288000|1615|12920162|152677
1200000|1|6000|3|4|0|0|288000|1616|12928162|251903
1200000|1|6000|3|4|1|2|288000|1616|12928162|153007
1200000|1|6000|3|4|0|0|288000|1617|12936163|251782
1200000|1|6000|3|4|1|2|288000|1617|12936163|153255
1200000|1|6000|3|4|0|0|288000|1618|12944163|252067
1200000|1|6000|3|4|1|2|288000|1618|12944163|153909
1200000|1|6000|3|4|0|0|288000|1619|12952164|252477
1200000|1|6000|3|4|1|2|288000|1619|12952164|154319
1200000|1|6000|3|4|0|0|288000|1620|12960165|252519
1200000|1|6000|3|4|1|2|288000|1620|12960165|153906
1200000|1|6000|3|4|0|0|288000|1621|12968165|252846
1200000|1|6000|3|4|1|2|288000|1621|12968165|154483
1200000|1|6000|3|4|0|0|288000|1622|12976166|252643
1200000|1|6000|3|4|1|2|288000|1622|12976166|154239
1200000|1|6000|3|4|0|0|288000|1623|12984166|252846
1200000|1|6000|3|4|1|2|288000|1623|12984166|154726
1200000|1|6000|3|4|0|0|288000|1624|12992167|253790
1200000|1|6000|3|4|1|2|288000|1624|12992167|154731
1200000|1|6000|3|4|0|0|288000|1625|13000167|253666
1200000|1|6000|3|4|1|2|288000|1625|13000167|155345
1200000|1|6000|3|4|0|0|288000|1626|13008168|253628
1200000|1|6000|3|4|1|2|288000|1626|13008168|154893
1200000|1|6000|3|4|0|0|288000|1627|13016167|254159
1200000|1|6000|3|4|1|2|288000|1627|13016167|155673
1200000|1|6000|3|4|0|0|288000|1628|13024167|254319
1200000|1|6000|3|4|1|2|288000|1628|13024167|155550
1200000|1|6000|3|4|0|0|288000|1629|13032167|254897
1200000|1|6000|3|4|1|2|288000|1629|13032167|155179
1200000|1|6000|3|4|0|0|288000|1630|13040166|255309
1200000|1|6000|3|4|1|2|288000|1630|13040166|154894
1200000|1|6000|3|4|0|0|288000|1631|13048166|255267
1200000|1|6000|3|4|1|2|288000|1631|13048166|155218
1200000|1|6000|3|4|0|0|288000|1632|13056166|255594
1200000|1|6000|3|4|1|2|288000|1632|13056166|154813
1200000|1|6000|3|4|0|0|288000|1633|13064165|256290
1200000|1|6000|3|4|1|2|288000|1633|13064165|155345
1200000|1|6000|3|4|0|0|288000|1634|13072166|256496
1200000|1|6000|3|4|1|2|288000|1634|13072166|156041
1200000|1|6000|3|4|0|0|288000|1635|13080167|257192
1200000|1|6000|3|4|1|2|288000|1635|13080167|156533
1200000|1|6000|3|4|0|0|288000|1636|13088168|257151
1200000|1|6000|3|4|1|2|288000|1636|13088168|157107
1200000|1|6000|3|4|0|0|288000|1637|13096168|257316
1200000|1|6000|3|4|1|2|288000|1637|13096168|157597
1200000|1|6000|3|4|0|0|288000|1638|13104169|257356
1200000|1|6000|3|4|1|2|288000|1638|13104169|158214
1200000|1|6000|3|4|0|0|288000|1639|13112170|256455
1200000|1|6000|3|4|1|2|288000|1639|13112170|158458
1200000|1|6000|3|4|0|0|288000|1640|13120171|256660
1200000|1|6000|3|4|1|2|288000|1640|13120171|158544
1200000|1|6000|3|4|0|0|288000|1641|13128171|256537
1200000|1|6000|3|4|1|2|288000|1641|13128171|157353
1200000|1|6000|3|4|0|0|288000|1642|13136169|256988
1200000|1|6000|3|4|1|2|288000|1642|13136169|157190
1200000|1|6000|3|4|0|0|288000|1643|13144168|256414
1200000|1|6000|3|4|1|2|288000|1643|13144168|156205
1200000|1|6000|3|4|0|0|288000|1644|13152167|256620
1200000|1|6000|3|4|1|2|288000|1644|13152167|156083
1200000|1|6000|3|4|0|0|288000|1645|13160167|255960
1200000|1|6000|3|4|1|2|288000|1645|13160167|155181
1200000|1|6000|3|4|0|0|288000|1646|13168167|256291
1200000|1|6000|3|4|1|2|288000|1646|13168167|155304
1200000|1|6000|3|4|0|0|288000|1647|13176167|255800
1200000|1|6000|3|4|1|2|288000|1647|13176167|154730
1200000|1|6000|3|4|0|0|288000|1648|13184166|255962
1200000|1|6000|3|4|1|2|288000|1648|13184166|155671
1200000|1|6000|3|4|0|0|288000|1649|13192167|255881
1200000|1|6000|3|4|1|2|288000|1649|13192167|156329
1200000|1|6000|3|4|0|0|288000|1650|13200168|255756
1200000|1|6000|3|4|1|2|288000|1650|13200168|156779
1200000|1|6000|3|4|0|0|288000|1651|13208169|255264
1200000|1|6000|3|4|1|2|288000|1651|13208169|157395
1200000|1|6000|3|4|0|0|288000|1652|13216170|254975
1200000|1|6000|3|4|1|2|288000|1652|13216170|157969
1200000|1|6000|3|4|0|0|288000|1653|13224170|255101
1200000|1|6000|3|4|1|2|288000|1653|13224170|158296
1200000|1|6000|3|4|0|0|288000|1654|13232171|255061
1200000|1|6000|3|4|1|2|288000|1654|13232171|158950
1200000|1|6000|3|4|0|0|288000|1655|13240172|255472
1200000|1|6000|3|4|1|2|288000|1655|13240172|158953
1200000|1|6000|3|4|0|0|288000|1656|13248171|255266
1200000|1|6000|3|4|1|2|288000|1656|13248171|159199
1200000|1|6000|3|4|0|0|288000|1657|13256171|255431
1200000|1|6000|3|4|1|2|288000|1657|13256171|159075
1200000|1|6000|3|4|0|0|288000|1658|13264171|255183
1200000|1|6000|3|4|1|2|288000|1658|13264171|158296
1200000|1|6000|3|4|0|0|288000|1659|13272172|255183
1200000|1|6000|3|4|1|2|288000|1659|13272172|158051
1200000|1|6000|3|4|0|0|288000|1660|13280172|255141
1200000|1|6000|3|4|1|2|288000|1660|13280172|157888
1200000|1|6000|3|4|0|0|288000|1661|13288172|255715
1200000|1|6000|3|4|1|2|288000|1661|13288172|157314
1200000|1|6000|3|4|0|0|288000|1662|13296172|255427
1200000|1|6000|3|4|1|2|288000|1662|13296172|157269
1200000|1|6000|3|4|0|0|288000|1663|13304172|255347
1200000|1|6000|3|4|1|2|288000|1663|13304172|156575
1200000|1|6000|3|4|0|0|288000|1664|13312172|255471
1200000|1|6000|3|4|1|2|288000|1664|13312172|156038
1200000|1|6000|3|4|0|0|288000|1665|13320171|255676
1200000|1|6000|3|4|1|2|288000|1665|13320171|155551
1200000|1|6000|3|4|0|0|288000|1666|13328170|255634
1200000|1|6000|3|4|1|2|288000|1666|13328170|155058
1200000|1|6000|3|4|0|0|288000|1667|13336169|255593
1200000|1|6000|3|4|1|2|288000|1667|13336169|154194
1200000|1|6000|3|4|0|0|288000|1668|13344169|255718
1200000|1|6000|3|4|1|2|288000|1668|13344169|154361
1200000|1|6000|3|4|0|0|288000|1669|13352169|255921
1200000|1|6000|3|4|1|2|288000|1669|13352169|153747
1200000|1|6000|3|4|0|0|288000|1670|13360169|255799
1200000|1|6000|3|4|1|2|288000|1670|13360169|153458
1200000|1|6000|3|4|0|0|288000|1671|13368170|255718
1200000|1|6000|3|4|1|2|288000|1671|13368170|153132
1200000|1|6000|3|4|0|0|288000|1672|13376170|256084
1200000|1|6000|3|4|1|2|288000|1672|13376170|151860
1200000|1|6000|3|4|0|0|288000|1673|13384169|256167
1200000|1|6000|3|4|1|2|288000|1673|13384169|152106
1200000|1|6000|3|4|0|0|288000|1674|13392170|255840
1200000|1|6000|3|4|1|2|288000|1674|13392170|151242
1200000|1|6000|3|4|0|0|288000|1675|13400169|255631
1200000|1|6000|3|4|1|2|288000|1675|13400169|151368
1200000|1|6000|3|4|0|0|288000|1676|13408170|255798
1200000|1|6000|3|4|1|2|288000|1676|13408170|150261
1200000|1|6000|3|4|0|0|288000|1677|13416170|255512
1200000|1|6000|3|4|1|2|288000|1677|13416170|149768
1200000|1|6000|3|4|0|0|288000|1678|13424170|255512
1200000|1|6000|3|4|1|2|288000|1678|13424170|148743
1200000|1|6000|3|4|0|0|288000|1679|13432169|255103
1200000|1|6000|3|4|1|2|288000|1679|13432169|148210
1200000|1|6000|3|4|0|0|288000|1680|13440169|255060
1200000|1|6000|3|4|1|2|288000|1680|13440169|147883
1200000|1|6000|3|4|0|0|288000|1681|13448169|255266
1200000|1|6000|3|4|1|2|288000|1681|13448169|147187
1200000|1|6000|3|4|0|0|288000|1682|13456169|255101
1200000|1|6000|3|4|1|2|288000|1682|13456169|146900
1200000|1|6000|3|4|0|0|288000|1683|13464169|255427
1200000|1|6000|3|4|1|2|288000|1683|13464169|146731
1200000|1|6000|3|4|0|0|288000|1684|13472169|256168
1200000|1|6000|3|4|1|2|288000|1684|13472169|146326
1200000|1|6000|3|4|0|0|288000|1685|13480169|256866
1200000|1|6000|3|4|1|2|288000|1685|13480169|146117
1200000|1|6000|3|4|0|0|288000|1686|13488169|256947
1200000|1|6000|3|4|1|2|288000|1686|13488169|145709
1200000|1|6000|3|4|0|0|288000|1687|13496170|257850
1200000|1|6000|3|4|1|2|288000|1687|13496170|145218
1200000|1|6000|3|4|0|0|288000|1688|13504169|258011
1200000|1|6000|3|4|1|2|288000|1688|13504169|144439
1200000|1|6000|3|4|0|0|288000|1689|13512169|258833
1200000|1|6000|3|4|1|2|288000|1689|13512169|144029
1200000|1|6000|3|4|0|0|288000|1690|13520169|259037
1200000|1|6000|3|4|1|2|288000|1690|13520169|143618
1200000|1|6000|3|4|0|0|288000|1691|13528169|259240
1200000|1|6000|3|4|1|2|288000|1691|13528169|143164
1200000|1|6000|3|4|0|0|288000|1692|13536168|259202
1200000|1|6000|3|4|1|2|288000|1692|13536168|143126
1200000|1|6000|3|4|0|0|288000|1693|13544168|259981
1200000|1|6000|3|4|1|2|288000|1693|13544168|142183
1200000|1|6000|3|4|0|0|288000|1694|13552167|261170
1200000|1|6000|3|4|1|2|288000|1694|13552167|142265
1200000|1|6000|3|4|0|0|288000|1695|13560168|261948
1200000|1|6000|3|4|1|2|288000|1695|13560168|141404
1200000|1|6000|3|4|0|0|288000|1696|13568167|262689
1200000|1|6000|3|4|1|2|288000|1696|13568167|141650
1200000|1|6000|3|4|0|0|288000|1697|13576168|263178
1200000|1|6000|3|4|1|2|288000|1697|13576168|141938
1200000|1|6000|3|4|0|0|288000|1698|13584169|264326
1200000|1|6000|3|4|1|2|288000|1698|13584169|142346
1200000|1|6000|3|4|0|0|288000|1699|13592170|264901
1200000|1|6000|3|4|1|2|288000|1699|13592170|143208
1200000|1|6000|3|4|0|0|288000|1700|13600172|265926
1200000|1|6000|3|4|1|2|288000|1700|13600172|143374
1200000|1|6000|3|4|0|0|288000|1701|13608173|266377
1200000|1|6000|3|4|1|2|288000|1701|13608173|142880
1200000|1|6000|3|4|0|0|288000|1702|13616172|267156
1200000|1|6000|3|4|1|2|288000|1702|13616172|141979
1200000|1|6000|3|4|0|0|288000|1703|13624171|267730
1200000|1|6000|3|4|1|2|288000|1703|13624171|142019
1200000|1|6000|3|4|0|0|288000|1704|13632170|269040
1200000|1|6000|3|4|1|2|288000|1704|13632170|141527
1200000|1|6000|3|4|0|0|288000|1705|13640169|269740
1200000|1|6000|3|4|1|2|288000|1705|13640169|141565
1200000|1|6000|3|4|0|0|288000|1706|13648168|270149
1200000|1|6000|3|4|1|2|288000|1706|13648168|140831
1200000|1|6000|3|4|0|0|288000|1707|13656166|269698
1200000|1|6000|3|4|1|2|288000|1707|13656166|140381
1200000|1|6000|3|4|0|0|288000|1708|13664165|270682
1200000|1|6000|3|4|1|2|288000|1708|13664165|140296
1200000|1|6000|3|4|0|0|288000|1709|13672165|270558
1200000|1|6000|3|4|1|2|288000|1709|13672165|140666
1200000|1|6000|3|4|0|0|288000|1710|13680166|271009
1200000|1|6000|3|4|1|2|288000|1710|13680166|139889
1200000|1|6000|3|4|0|0|288000|1711|13688166|271294
1200000|1|6000|3|4|1|2|288000|1711|13688166|139683
1200000|1|6000|3|4|0|0|288000|1712|13696167|271789
1200000|1|6000|3|4|1|2|288000|1712|13696167|138821
1200000|1|6000|3|4|0|0|288000|1713|13704167|271872
1200000|1|6000|3|4|1|2|288000|1713|13704167|138494
1200000|1|6000|3|4|0|0|288000|1714|13712167|272445
1200000|1|6000|3|4|1|2|288000|1714|13712167|138372
1200000|1|6000|3|4|0|0|288000|1715|13720166|272156
1200000|1|6000|3|4|1|2|288000|1715|13720166|137796
1200000|1|6000|3|4|0|0|288000|1716|13728166|271707
1200000|1|6000|3|4|1|2|288000|1716|13728166|137470
1200000|1|6000|3|4|0|0|288000|1717|13736165|271625
1200000|1|6000|3|4|1|2|288000|1717|13736165|137428
1200000|1|6000|3|4|0|0|288000|1718|13744165|270886
1200000|1|6000|3|4|1|2|288000|1718|13744165|137428
1200000|1|6000|3|4|0|0|288000|1719|13752164|271008
1200000|1|6000|3|4|1|2|288000|1719|13752164|136525
1200000|1|6000|3|4|0|0|288000|1720|13760164|270396
1200000|1|6000|3|4|1|2|288000|1720|13760164|136607
1200000|1|6000|3|4|0|0|288000|1721|13768164|270477
1200000|1|6000|3|4|1|2|288000|1721|13768164|135582
1200000|1|6000|3|4|0|0|288000|1722|13776163|270354
1200000|1|6000|3|4|1|2|288000|1722|13776163|135747
1200000|1|6000|3|4|0|0|288000|1723|13784163|270105
1200000|1|6000|3|4|1|2|288000|1723|13784163|134722
1200000|1|6000|3|4|0|0|288000|1724|13792162|269822
1200000|1|6000|3|4|1|2|288000|1724|13792162|134435
1200000|1|6000|3|4|0|0|288000|1725|13800162|269492
1200000|1|6000|3|4|1|2|288000|1725|13800162|133984
1200000|1|6000|3|4|0|0|288000|1726|13808162|268672
1200000|1|6000|3|4|1|2|288000|1726|13808162|134434
1200000|1|6000|3|4|0|0|288000|1727|13816163|268346
1200000|1|6000|3|4|1|2|288000|1727|13816163|134886
1200000|1|6000|3|4|0|0|288000|1728|13824164|267524
1200000|1|6000|3|4|1|2|288000|1728|13824164|135005
1200000|1|6000|3|4|0|0|288000|1729|13832165|267111
1200000|1|6000|3|4|1|2|288000|1729|13832165|136318
1200000|1|6000|3|4|0|0|288000|1730|13840167|267321
1200000|1|6000|3|4|1|2|288000|1730|13840167|136895
1200000|1|6000|3|4|0|0|288000|1731|13848168|267320
1200000|1|6000|3|4|1|2|288000|1731|13848168|137060
1200000|1|6000|3|4|0|0|288000|1732|13856168|267604
1200000|1|6000|3|4|1|2|288000|1732|13856168|136936
1200000|1|6000|3|4|0|0|288000|1733|13864169|267480
1200000|1|6000|3|4|1|2|288000|1733|13864169|137059
1200000|1|6000|3|4|0|0|288000|1734|13872169|267317
1200000|1|6000|3|4|1|2|288000|1734|13872169|136527
1200000|1|6000|3|4|0|0|288000|1735|13880168|267193
1200000|1|6000|3|4|1|2|288000|1735|13880168|136154
1200000|1|6000|3|4|0|0|288000|1736|13888168|267361
1200000|1|6000|3|4|1|2|288000|1736|13888168|135295
1200000|1|6000|3|4|0|0|288000|1737|13896167|267113
1200000|1|6000|3|4|1|2|288000|1737|13896167|134599
1200000|1|6000|3|4|0|0|288000|1738|13904166|265968
1200000|1|6000|3|4|1|2|288000|1738|13904166|134886
1200000|1|6000|3|4|0|0|288000|1739|13912166|265638
1200000|1|6000|3|4|1|2|288000|1739|13912166|135788
1200000|1|6000|3|4|0|0|288000|1740|13920167|265187
1200000|1|6000|3|4|1|2|288000|1740|13920167|135624
1200000|1|6000|3|4|0|0|288000|1741|13928167|265066
1200000|1|6000|3|4|1|2|288000|1741|13928167|135295
1200000|1|6000|3|4|0|0|288000|1742|13936167|264856
1200000|1|6000|3|4|1|2|288000|1742|13936167|135415
1200000|1|6000|3|4|0|0|288000|1743|13944167|264573
1200000|1|6000|3|4|1|2|288000|1743|13944167|134762
1200000|1|6000|3|4|0|0|288000|1744|13952166|265227
1200000|1|6000|3|4|1|2|288000|1744|13952166|134514
1200000|1|6000|3|4|0|0|288000|1745|13960166|266130
1200000|1|6000|3|4|1|2|288000|1745|13960166|134270
1200000|1|6000|3|4|0|0|288000|1746|13968166|266661
1200000|1|6000|3|4|1|2|288000|1746|13968166|133821
1200000|1|6000|3|4|0|0|288000|1747|13976165|266828
1200000|1|6000|3|4|1|2|288000|1747|13976165|133368
1200000|1|6000|3|4|0|0|288000|1748|13984164|267158
1200000|1|6000|3|4|1|2|288000|1748|13984164|133206
1200000|1|6000|3|4|0|0|288000|1749|13992164|267237
1200000|1|6000|3|4|1|2|288000|1749|13992164|132590
1200000|1|6000|3|4|0|0|288000|1750|14000163|267484
1200000|1|6000|3|4|1|2|288000|1750|14000163|132218
1200000|1|6000|3|4|0|0|288000|1751|14008163|267484
1200000|1|6000|3|4|1|2|288000|1751|14008163|132139
1200000|1|6000|3|4|0|0|288000|1752|14016163|267360
1200000|1|6000|3|4|1|2|288000|1752|14016163|131523
1200000|1|6000|3|4|0|0|288000|1753|14024162|267440
1200000|1|6000|3|4|1|2|288000|1753|14024162|131113
1200000|1|6000|3|4|0|0|288000|1754|14032161|267771
1200000|1|6000|3|4|1|2|288000|1754|14032161|130665
1200000|1|6000|3|4|0|0|288000|1755|14040161|268056
1200000|1|6000|3|4|1|2|288000|1755|14040161|130213
1200000|1|6000|3|4|0|0|288000|1756|14048160|268345
1200000|1|6000|3|4|1|2|288000|1756|14048160|130254
1200000|1|6000|3|4|0|0|288000|1757|14056161|268837
1200000|1|6000|3|4|1|2|288000|1757|14056161|129843
1200000|1|6000|3|4|0|0|288000|1758|14064160|268670
1200000|1|6000|3|4|1|2|288000|1758|14064160|129922
1200000|1|6000|3|4|0|0|288000|1759|14072160|268179
1200000|1|6000|3|4|1|2|288000|1759|14072160|129391
1200000|1|6000|3|4|0|0|288000|1760|14080159|267690
1200000|1|6000|3|4|1|2|288000|1760|14080159|129719
1200000|1|6000|3|4|0|0|288000|1761|14088160|267157
1200000|1|6000|3|4|1|2|288000|1761|14088160|129270
1200000|1|6000|3|4|0|0|288000|1762|14096160|266991
1200000|1|6000|3|4|1|2|288000|1762|14096160|128817
1200000|1|6000|3|4|0|0|288000|1763|14104159|266868
1200000|1|6000|3|4|1|2|288000|1763|14104159|127629
1200000|1|6000|3|4|0|0|288000|1764|14112159|266623
1200000|1|6000|3|4|1|2|288000|1764|14112159|127014
1200000|1|6000|3|4|0|0|288000|1765|14120159|266829
1200000|1|6000|3|4|1|2|288000|1765|14120159|126149
1200000|1|6000|3|4|0|0|288000|1766|14128159|267319
1200000|1|6000|3|4|1|2|288000|1766|14128159|125537
1200000|1|6000|3|4|0|0|288000|1767|14136158|267975
1200000|1|6000|3|4|1|2|288000|1767|14136158|125373
1200000|1|6000|3|4|0|0|288000|1768|14144158|268509
1200000|1|6000|3|4|1|2|288000|1768|14144158|124513
1200000|1|6000|3|4|0|0|288000|1769|14152157|268222
1200000|1|6000|3|4|1|2|288000|1769|14152157|124551
1200000|1|6000|3|4|0|0|288000|1770|14160157|268672
1200000|1|6000|3|4|1|2|288000|1770|14160157|123937
1200000|1|6000|3|4|0|0|288000|1771|14168157|268918
1200000|1|6000|3|4|1|2|288000|1771|14168157|124058
1200000|1|6000|3|4|0|0|288000|1772|14176157|269247
1200000|1|6000|3|4|1|2|288000|1772|14176157|122832
1200000|1|6000|3|4|0|0|288000|1773|14184156|269082
1200000|1|6000|3|4|1|2|288000|1773|14184156|122218
1200000|1|6000|3|4|0|0|288000|1774|14192156|269125
1200000|1|6000|3|4|1|2|288000|1774|14192156|120986
1200000|1|6000|3|4|0|0|288000|1775|14200155|269289
1200000|1|6000|3|4|1|2|288000|1775|14200155|120494
1200000|1|6000|3|4|0|0|288000|1776|14208155|269820
1200000|1|6000|3|4|1|2|288000|1776|14208155|119346
1200000|1|6000|3|4|0|0|288000|1777|14216154|270681
1200000|1|6000|3|4|1|2|288000|1777|14216154|118610
1200000|1|6000|3|4|0|0|288000|1778|14224154|271216
1200000|1|6000|3|4|1|2|288000|1778|14224154|118611
1200000|1|6000|3|4|0|0|288000|1779|14232153|271870
1200000|1|6000|3|4|1|2|288000|1779|14232153|118529
1200000|1|6000|3|4|0|0|288000|1780|14240154|272076
1200000|1|6000|3|4|1|2|288000|1780|14240154|118117
1200000|1|6000|3|4|0|0|288000|1781|14248153|272607
1200000|1|6000|3|4|1|2|288000|1781|14248153|117911
1200000|1|6000|3|4|0|0|288000|1782|14256154|272980
1200000|1|6000|3|4|1|2|288000|1782|14256154|117375
1200000|1|6000|3|4|0|0|288000|1783|14264153|273387
1200000|1|6000|3|4|1|2|288000|1783|14264153|117666
1200000|1|6000|3|4|0|0|288000|1784|14272154|273634
1200000|1|6000|3|4|1|2|288000|1784|14272154|117420
1200000|1|6000|3|4|0|0|288000|1785|14280154|273713
1200000|1|6000|3|4|1|2|288000|1785|14280154|118363
1200000|1|6000|3|4|0|0|288000|1786|14288154|274783
1200000|1|6000|3|4|1|2|288000|1786|14288154|119549
1200000|1|6000|3|4|0|0|288000|1787|14296155|274699
1200000|1|6000|3|4|1|2|288000|1787|14296155|120249
1200000|1|6000|3|4|0|0|288000|1788|14304155|275068
1200000|1|6000|3|4|1|2|288000|1788|14304155|120700
1200000|1|6000|3|4|0|0|288000|1789|14312155|274454
1200000|1|6000|3|4|1|2|288000|1789|14312155|120861
1200000|1|6000|3|4|0|0|288000|1790|14320155|274742
1200000|1|6000|3|4|1|2|288000|1790|14320155|121273
1200000|1|6000|3|4|0|0|288000|1791|14328154|275109
1200000|1|6000|3|4|1|2|288000|1791|14328154|121437
1200000|1|6000|3|4|0|0|288000|1792|14336154|275438
1200000|1|6000|3|4|1|2|288000|1792|14336154|121275
1200000|1|6000|3|4|0|0|288000|1793|14344154|275480
1200000|1|6000|3|4|1|2|288000|1793|14344154|121849
1200000|1|6000|3|4|0|0|288000|1794|14352154|275316
1200000|1|6000|3|4|1|2|288000|1794|14352154|122419
1200000|1|6000|3|4|0|0|288000|1795|14360154|275561
1200000|1|6000|3|4|1|2|288000|1795|14360154|122792
1200000|1|6000|3|4|0|0|288000|1796|14368154|275725
1200000|1|6000|3|4|1|2|288000|1796|14368154|123936
1200000|1|6000|3|4|0|0|288000|1797|14376155|275971
1200000|1|6000|3|4|1|2|288000|1797|14376155|124879
1200000|1|6000|3|4|0|0|288000|1798|14384155|275850
1200000|1|6000|3|4|1|2|288000|1798|14384155|125621
1200000|1|6000|3|4|0|0|288000|1799|14392156|275479
1200000|1|6000|3|4|1|2|288000|1799|14392156|126439
1200000|1|6000|3|4|0|0|288000|1800|14400157|275315
1200000|1|6000|3|4|1|2|288000|1800|14400157|126067
1200000|1|6000|3|4|0|0|288000|1801|14408156|275315
1200000|1|6000|3|4|1|2|288000|1801|14408156|126643
1200000|1|6000|3|4|0|0|288000|1802|14416157|275235
1200000|1|6000|3|4|1|2|288000|1802|14416157|126111
1200000|1|6000|3|4|0|0|288000|1803|14424157|274945
1200000|1|6000|3|4|1|2|288000|1803|14424157|126933
1200000|1|6000|3|4|0|0|288000|1804|14432158|275026
1200000|1|6000|3|4|1|2|288000|1804|14432158|126439
1200000|1|6000|3|4|0|0|288000|1805|14440158|275438
1200000|1|6000|3|4|1|2|288000|1805|14440158|126932
1200000|1|6000|3|4|0|0|288000|1806|14448158|276214
1200000|1|6000|3|4|1|2|288000|1806|14448158|125744
1200000|1|6000|3|4|0|0|288000|1807|14456156|276585
1200000|1|6000|3|4|1|2|288000|1807|14456156|125947
1200000|1|6000|3|4|0|0|288000|1808|14464155|277448
1200000|1|6000|3|4|1|2|288000|1808|14464155|125085
1200000|1|6000|3|4|0|0|288000|1809|14472154|277609
1200000|1|6000|3|4|1|2|288000|1809|14472154|125042
1200000|1|6000|3|4|0|0|288000|1810|14480154|278430
1200000|1|6000|3|4|1|2|288000|1810|14480154|124553
1200000|1|6000|3|4|0|0|288000|1811|14488153|278307
1200000|1|6000|3|4|1|2|288000|1811|14488153|124185
1200000|1|6000|3|4|0|0|288000|1812|14496152|277735
1200000|1|6000|3|4|1|2|288000|1812|14496152|123610
1200000|1|6000|3|4|0|0|288000|1813|14504151|276791
1200000|1|6000|3|4|1|2|288000|1813|14504151|124144
1200000|1|6000|3|4|0|0|288000|1814|14512152|276544
1200000|1|6000|3|4|1|2|288000|1814|14512152|124676
1200000|1|6000|3|4|0|0|288000|1815|14520153|276175
1200000|1|6000|3|4|1|2|288000|1815|14520153|125086
1200000|1|6000|3|4|0|0|288000|1816|14528154|276217
1200000|1|6000|3|4|1|2|288000|1816|14528154|125784
1200000|1|6000|3|4|0|0|288000|1817|14536155|275767
1200000|1|6000|3|4|1|2|288000|1817|14536155|125742
1200000|1|6000|3|4|0|0|288000|1818|14544155|275724
1200000|1|6000|3|4|1|2|288000|1818|14544155|126439
1200000|1|6000|3|4|0|0|288000|1819|14552156|276340
1200000|1|6000|3|4|1|2|288000|1819|14552156|126029
1200000|1|6000|3|4|0|0|288000|1820|14560155|276708
1200000|1|6000|3|4|1|2|288000|1820|14560155|126029
1200000|1|6000|3|4|0|0|288000|1821|14568155|276422
1200000|1|6000|3|4|1|2|288000|1821|14568155|125169
1200000|1|6000|3|4|0|0|288000|1822|14576154|276421
1200000|1|6000|3|4|1|2|288000|1822|14576154|125784
1200000|1|6000|3|4|0|0|288000|1823|14584154|276094
1200000|1|6000|3|4|1|2|288000|1823|14584154|125210
1200000|1|6000|3|4|0|0|288000|1824|14592154|276013
1200000|1|6000|3|4|1|2|288000|1824|14592154|125702
1200000|1|6000|3|4|0|0|288000|1825|14600155|275890
1200000|1|6000|3|4|1|2|288000|1825|14600155|125128
1200000|1|6000|3|4|0|0|288000|1826|14608155|276339
1200000|1|6000|3|4|1|2|288000|1826|14608155|125497
1200000|1|6000|3|4|0|0|288000|1827|14616155|276791
1200000|1|6000|3|4|1|2|288000|1827|14616155|125618
1200000|1|6000|3|4|0|0|288000|1828|14624155|276747
1200000|1|6000|3|4|1|2|288000|1828|14624155|125292
1200000|1|6000|3|4|0|0|288000|1829|14632154|276996
1200000|1|6000|3|4|1|2|288000|1829|14632154|124433
1200000|1|6000|3|4|0|0|288000|1830|14640153|276789
1200000|1|6000|3|4|1|2|288000|1830|14640153|123982
1200000|1|6000|3|4|0|0|288000|1831|14648153|276995
1200000|1|6000|3|4|1|2|288000|1831|14648153|124059
1200000|1|6000|3|4|0|0|288000|1832|14656152|277198
1200000|1|6000|3|4|1|2|288000|1832|14656152|123487
1200000|1|6000|3|4|0|0|288000|1833|14664151|277033
1200000|1|6000|3|4|1|2|288000|1833|14664151|123118
1200000|1|6000|3|4|0|0|288000|1834|14672150|277078
1200000|1|6000|3|4|1|2|288000|1834|14672150|122750
1200000|1|6000|3|4|0|0|288000|1835|14680150|277733
1200000|1|6000|3|4|1|2|288000|1835|14680150|122956
1200000|1|6000|3|4|0|0|288000|1836|14688149|278472
1200000|1|6000|3|4|1|2|288000|1836|14688149|123569
1200000|1|6000|3|4|0|0|288000|1837|14696150|279046
1200000|1|6000|3|4|1|2|288000|1837|14696150|123525
1200000|1|6000|3|4|0|0|288000|1838|14704151|279617
1200000|1|6000|3|4|1|2|288000|1838|14704151|122873
1200000|1|6000|3|4|0|0|288000|1839|14712150|280316
1200000|1|6000|3|4|1|2|288000|1839|14712150|122584
1200000|1|6000|3|4|0|0|288000|1840|14720151|280891
1200000|1|6000|3|4|1|2|288000|1840|14720151|121931
1200000|1|6000|3|4|0|0|288000|1841|14728151|281584
1200000|1|6000|3|4|1|2|288000|1841|14728151|121232
1200000|1|6000|3|4|0|0|288000|1842|14736151|281999
1200000|1|6000|3|4|1|2|288000|1842|14736151|120660
1200000|1|6000|3|4|0|0|288000|1843|14744151|281876
1200000|1|6000|3|4|1|2|288000|1843|14744151|120822
1200000|1|6000|3|4|0|0|288000|1844|14752152|282735
1200000|1|6000|3|4|1|2|288000|1844|14752152|121967
1200000|1|6000|3|4|0|0|288000|1845|14760154|282777
1200000|1|6000|3|4|1|2|288000|1845|14760154|123079
1200000|1|6000|3|4|0|0|288000|1846|14768155|283270
1200000|1|6000|3|4|1|2|288000|1846|14768155|124350
1200000|1|6000|3|4|0|0|288000|1847|14776157|283924
1200000|1|6000|3|4|1|2|288000|1847|14776157|125373
1200000|1|6000|3|4|0|0|288000|1848|14784158|284499
1200000|1|6000|3|4|1|2|288000|1848|14784158|126319
1200000|1|6000|3|4|0|0|288000|1849|14792160|284581
1200000|1|6000|3|4|1|2|288000|1849|14792160|127179
1200000|1|6000|3|4|0|0|288000|1850|14800162|284416
1200000|1|6000|3|4|1|2|288000|1850|14800162|127423
1200000|1|6000|3|4|0|0|288000|1851|14808162|284334
1200000|1|6000|3|4|1|2|288000|1851|14808162|127425
1200000|1|6000|3|4|0|0|288000|1852|14816162|284213
1200000|1|6000|3|4|1|2|288000|1852|14816162|126438
1200000|1|6000|3|4|0|0|288000|1853|14824162|284170
1200000|1|6000|3|4|1|2|288000|1853|14824162|126766
1200000|1|6000|3|4|0|0|288000|1854|14832162|284045
1200000|1|6000|3|4|1|2|288000|1854|14832162|126277
1200000|1|6000|3|4|0|0|288000|1855|14840162|284253
1200000|1|6000|3|4|1|2|288000|1855|14840162|126397
1200000|1|6000|3|4|0|0|288000|1856|14848163|283679
1200000|1|6000|3|4|1|2|288000|1856|14848163|126153
1200000|1|6000|3|4|0|0|288000|1857|14856163|282983
1200000|1|6000|3|4|1|2|288000|1857|14856163|126726
1200000|1|6000|3|4|0|0|288000|1858|14864163|282039
1200000|1|6000|3|4|1|2|288000|1858|14864163|126728
1200000|1|6000|3|4|0|0|288000|1859|14872163|280889
1200000|1|6000|3|4|1|2|288000|1859|14872163|126726
1200000|1|6000|3|4|0|0|288000|1860|14880163|280194
1200000|1|6000|3|4|1|2|288000|1860|14880163|126317
1200000|1|6000|3|4|0|0|288000|1861|14888162|279209
1200000|1|6000|3|4|1|2|288000|1861|14888162|125988
1200000|1|6000|3|4|0|0|288000|1862|14896161|278594
1200000|1|6000|3|4|1|2|288000|1862|14896161|125414
1200000|1|6000|3|4|0|0|288000|1863|14904161|278059
1200000|1|6000|3|4|1|2|288000|1863|14904161|124594
1200000|1|6000|3|4|0|0|288000|1864|14912160|277408
1200000|1|6000|3|4|1|2|288000|1864|14912160|124105
1200000|1|6000|3|4|0|0|288000|1865|14920159|276588
1200000|1|6000|3|4|1|2|288000|1865|14920159|123814
1200000|1|6000|3|4|0|0|288000|1866|14928159|275684
1200000|1|6000|3|4|1|2|288000|1866|14928159|123118
1200000|1|6000|3|4|0|0|288000|1867|14936158|275026
1200000|1|6000|3|4|1|2|288000|1867|14936158|122874
1200000|1|6000|3|4|0|0|288000|1868|14944157|273511
1200000|1|6000|3|4|1|2|288000|1868|14944157|122791
1200000|1|6000|3|4|0|0|288000|1869|14952156|273184
1200000|1|6000|3|4|1|2|288000|1869|14952156|122217
1200000|1|6000|3|4|0|0|288000|1870|14960155|272032
1200000|1|6000|3|4|1|2|288000|1870|14960155|121888
1200000|1|6000|3|4|0|0|288000|1871|14968154|271871
1200000|1|6000|3|4|1|2|288000|1871|14968154|121110
1200000|1|6000|3|4|0|0|288000|1872|14976154|272034
1200000|1|6000|3|4|1|2|288000|1872|14976154|120739
1200000|1|6000|3|4|0|0|288000|1873|14984152|272648
1200000|1|6000|3|4|1|2|288000|1873|14984152|120820
1200000|1|6000|3|4|0|0|288000|1874|14992152|272813
1200000|1|6000|3|4|1|2|288000|1874|14992152|121356
1200000|1|6000|3|4|0|0|288000|1875|15000153|273345
1200000|1|6000|3|4|1|2|288000|1875|15000153|120823
1200000|1|6000|3|4|0|0|288000|1876|15008154|274002
1200000|1|6000|3|4|1|2|288000|1876|15008154|120657
1200000|1|6000|3|4|0|0|288000|1877|15016154|274494
1200000|1|6000|3|4|1|2|288000|1877|15016154|120533
1200000|1|6000|3|4|0|0|288000|1878|15024154|274332
1200000|1|6000|3|4|1|2|288000|1878|15024154|120494
1200000|1|6000|3|4|0|0|288000|1879|15032155|274660
1200000|1|6000|3|4|1|2|288000|1879|15032155|120496
1200000|1|6000|3|4|0|0|288000|1880|15040155|273921
1200000|1|6000|3|4|1|2|288000|1880|15040155|119838
1200000|1|6000|3|4|0|0|288000|1881|15048155|273387
1200000|1|6000|3|4|1|2|288000|1881|15048155|119511
1200000|1|6000|3|4|0|0|288000|1882|15056154|273385
1200000|1|6000|3|4|1|2|288000|1882|15056154|119635
1200000|1|6000|3|4|0|0|288000|1883|15064155|273184
1200000|1|6000|3|4|1|2|288000|1883|15064155|119511
1200000|1|6000|3|4|0|0|288000|1884|15072154|273306
1200000|1|6000|3|4|1|2|288000|1884|15072154|119512
1200000|1|6000|3|4|0|0|288000|1885|15080155|273141
1200000|1|6000|3|4|1|2|288000|1885|15080155|119510
1200000|1|6000|3|4|0|0|288000|1886|15088155|273755
1200000|1|6000|3|4|1|2|288000|1886|15088155|119550
1200000|1|6000|3|4|0|0|288000|1887|15096155|273839
1200000|1|6000|3|4|1|2|288000|1887|15096155|119101
1200000|1|6000|3|4|0|0|288000|1888|15104155|274574
1200000|1|6000|3|4|1|2|288000|1888|15104155|119305
1200000|1|6000|3|4|0|0|288000|1889|15112156|274166
1200000|1|6000|3|4|1|2|288000|1889|15112156|119224
1200000|1|6000|3|4|0|0|288000|1890|15120156|274291
1200000|1|6000|3|4|1|2|288000|1890|15120156|118283
1200000|1|6000|3|4|0|0|288000|1891|15128156|274126
1200000|1|6000|3|4|1|2|288000|1891|15128156|117539
1200000|1|6000|3|4|0|0|288000|1892|15136156|274127
1200000|1|6000|3|4|1|2|288000|1892|15136156|116518
1200000|1|6000|3|4|0|0|288000|1893|15144156|273676
1200000|1|6000|3|4|1|2|288000|1893|15144156|115821
1200000|1|6000|3|4|0|0|288000|1894|15152155|273633
1200000|1|6000|3|4|1|2|288000|1894|15152155|114918
1200000|1|6000|3|4|0|0|288000|1895|15160155|273387
1200000|1|6000|3|4|1|2|288000|1895|15160155|114632
1200000|1|6000|3|4|0|0|288000|1896|15168155|273346
1200000|1|6000|3|4|1|2|288000|1896|15168155|113480
1200000|1|6000|3|4|0|0|288000|1897|15176155|273548
1200000|1|6000|3|4|1|2|288000|1897|15176155|114058
1200000|1|6000|3|4|0|0|288000|1898|15184155|272977
1200000|1|6000|3|4|1|2|288000|1898|15184155|113402
1200000|1|6000|3|4|0|0|288000|1899|15192154|273019
1200000|1|6000|3|4|1|2|288000|1899|15192154|113032
1200000|1|6000|3|4|0|0|288000|1900|15200154|272978
1200000|1|6000|3|4|1|2|288000|1900|15200154|112170
1200000|1|6000|3|4|0|0|288000|1901|15208153|273266
1200000|1|6000|3|4|1|2|288000|1901|15208153|111557
1200000|1|6000|3|4|0|0|288000|1902|15216153|273921
1200000|1|6000|3|4|1|2|288000|1902|15216153|111146
1200000|1|6000|3|4|0|0|288000|1903|15224152|274536
1200000|1|6000|3|4|1|2|288000|1903|15224152|111188
1200000|1|6000|3|4|0|0|288000|1904|15232153|274947
1200000|1|6000|3|4|1|2|288000|1904|15232153|111843
1200000|1|6000|3|4|0|0|288000|1905|15240155|275479
1200000|1|6000|3|4|1|2|288000|1905|15240155|111312
1200000|1|6000|3|4|0|0|288000|1906|15248155|276381
1200000|1|6000|3|4|1|2|288000|1906|15248155|111640
1200000|1|6000|3|4|0|0|288000|1907|15256156|276583
1200000|1|6000|3|4|1|2|288000|1907|15256156|111310
1200000|1|6000|3|4|0|0|288000|1908|15264156|276626
1200000|1|6000|3|4|1|2|288000|1908|15264156|112048
1200000|1|6000|3|4|0|0|288000|1909|15272157|276175
1200000|1|6000|3|4|1|2|288000|1909|15272157|112337
1200000|1|6000|3|4|0|0|288000|1910|15280158|276587
1200000|1|6000|3|4|1|2|288000|1910|15280158|112418
1200000|1|6000|3|4|0|0|288000|1911|15288158|276053
1200000|1|6000|3|4|1|2|288000|1911|15288158|112048
1200000|1|6000|3|4|0|0|288000|1912|15296157|276299
1200000|1|6000|3|4|1|2|288000|1912|15296157|112296
1200000|1|6000|3|4|0|0|288000|1913|15304157|275680
1200000|1|6000|3|4|1|2|288000|1913|15304157|111840
1200000|1|6000|3|4|0|0|288000|1914|15312157|275970
1200000|1|6000|3|4|1|2|288000|1914|15312157|111597
1200000|1|6000|3|4|0|0|288000|1915|15320157|275849
1200000|1|6000|3|4|1|2|288000|1915|15320157|111884
1200000|1|6000|3|4|0|0|288000|1916|15328157|275561
1200000|1|6000|3|4|1|2|288000|1916|15328157|111679
1200000|1|6000|3|4|0|0|288000|1917|15336157|274577
1200000|1|6000|3|4|1|2|288000|1917|15336157|111394
1200000|1|6000|3|4|0|0|288000|1918|15344157|274084
1200000|1|6000|3|4|1|2|288000|1918|15344157|111389
1200000|1|6000|3|4|0|0|288000|1919|15352157|273388
1200000|1|6000|3|4|1|2|288000|1919|15352157|112294
1200000|1|6000|3|4|0|0|288000|1920|15360159|272526
1200000|1|6000|3|4|1|2|288000|1920|15360159|111926
1200000|1|6000|3|4|0|0|288000|1921|15368160|271706
1200000|1|6000|3|4|1|2|288000|1921|15368160|111763
1200000|1|6000|3|4|0|0|288000|1922|15376161|270805
1200000|1|6000|3|4|1|2|288000|1922|15376161|111393
1200000|1|6000|3|4|0|0|288000|1923|15384161|270150
1200000|1|6000|3|4|1|2|288000|1923|15384161|110898
1200000|1|6000|3|4|0|0|288000|1924|15392162|270025
1200000|1|6000|3|4|1|2|288000|1924|15392162|111105
1200000|1|6000|3|4|0|0|288000|1925|15400163|270473
1200000|1|6000|3|4|1|2|288000|1925|15400163|109959
1200000|1|6000|3|4|0|0|288000|1926|15408163|269944
1200000|1|6000|3|4|1|2|288000|1926|15408163|109671
1200000|1|6000|3|4|0|0|288000|1927|15416163|269821
1200000|1|6000|3|4|1|2|288000|1927|15416163|109754
1200000|1|6000|3|4|0|0|288000|1928|15424163|269124
1200000|1|6000|3|4|1|2|288000|1928|15424163|110491
1200000|1|6000|3|4|0|0|288000|1929|15432164|269246
1200000|1|6000|3|4|1|2|288000|1929|15432164|110368
1200000|1|6000|3|4|0|0|288000|1930|15440163|268591
1200000|1|6000|3|4|1|2|288000|1930|15440163|110820
1200000|1|6000|3|4|0|0|288000|1931|15448165|268468
1200000|1|6000|3|4|1|2|288000|1931|15448165|111308
1200000|1|6000|3|4|0|0|288000|1932|15456165|268223
1200000|1|6000|3|4|1|2|288000|1932|15456165|111146
1200000|1|6000|3|4|0|0|288000|1933|15464165|269126
1200000|1|6000|3|4|1|2|288000|1933|15464165|111845
1200000|1|6000|3|4|0|0|288000|1934|15472167|269739
1200000|1|6000|3|4|1|2|288000|1934|15472167|111597
1200000|1|6000|3|4|0|0|288000|1935|15480167|270231
1200000|1|6000|3|4|1|2|288000|1935|15480167|112132
1200000|1|6000|3|4|0|0|288000|1936|15488168|270968
1200000|1|6000|3|4|1|2|288000|1936|15488168|112500
1200000|1|6000|3|4|0|0|288000|1937|15496168|271255
1200000|1|6000|3|4|1|2|288000|1937|15496168|113197
1200000|1|6000|3|4|0|0|288000|1938|15504169|271502
1200000|1|6000|3|4|1|2|288000|1938|15504169|113648
1200000|1|6000|3|4|0|0|288000|1939|15512169|271543
1200000|1|6000|3|4|1|2|288000|1939|15512169|114673
1200000|1|6000|3|4|0|0|288000|1940|15520170|271457
1200000|1|6000|3|4|1|2|288000|1940|15520170|115204
1200000|1|6000|3|4|0|0|288000|1941|15528171|270435
1200000|1|6000|3|4|1|2|288000|1941|15528171|115246
1200000|1|6000|3|4|0|0|288000|1942|15536170|270682
1200000|1|6000|3|4|1|2|288000|1942|15536170|114385
1200000|1|6000|3|4|0|0|288000|1943|15544170|270108
1200000|1|6000|3|4|1|2|288000|1943|15544170|113483
1200000|1|6000|3|4|0|0|288000|1944|15552169|270639
1200000|1|6000|3|4|1|2|288000|1944|15552169|113156
1200000|1|6000|3|4|0|0|288000|1945|15560169|270315
1200000|1|6000|3|4|1|2|288000|1945|15560169|112131
1200000|1|6000|3|4|0|0|288000|1946|15568169|271133
1200000|1|6000|3|4|1|2|288000|1946|15568169|112500
1200000|1|6000|3|4|0|0|288000|1947|15576169|271912
1200000|1|6000|3|4|1|2|288000|1947|15576169|112051
1200000|1|6000|3|4|0|0|288000|1948|15584169|272076
1200000|1|6000|3|4|1|2|288000|1948|15584169|113238
1200000|1|6000|3|4|0|0|288000|1949|15592170|272277
1200000|1|6000|3|4|1|2|288000|1949|15592170|113442
1200000|1|6000|3|4|0|0|288000|1950|15600171|272240
1200000|1|6000|3|4|1|2|288000|1950|15600171|114017
1200000|1|6000|3|4|0|0|288000|1951|15608172|273019
1200000|1|6000|3|4|1|2|288000|1951|15608172|114017
1200000|1|6000|3|4|0|0|288000|1952|15616173|272733
1200000|1|6000|3|4|1|2|288000|1952|15616173|113891
1200000|1|6000|3|4|0|0|288000|1953|15624173|272896
1200000|1|6000|3|4|1|2|288000|1953|15624173|113935
1200000|1|6000|3|4|0|0|288000|1954|15632174|272158
1200000|1|6000|3|4|1|2|288000|1954|15632174|112949
1200000|1|6000|3|4|0|0|288000|1955|15640174|271993
1200000|1|6000|3|4|1|2|288000|1955|15640174|113234
1200000|1|6000|3|4|0|0|288000|1956|15648175|272609
1200000|1|6000|3|4|1|2|288000|1956|15648175|111515
1200000|1|6000|3|4|0|0|288000|1957|15656174|272441
1200000|1|6000|3|4|1|2|288000|1957|15656174|111516
1200000|1|6000|3|4|0|0|288000|1958|15664173|272979
1200000|1|6000|3|4|1|2|288000|1958|15664173|110613
1200000|1|6000|3|4|0|0|288000|1959|15672173|272567
1200000|1|6000|3|4|1|2|288000|1959|15672173|110080
1200000|1|6000|3|4|0|0|288000|1960|15680173|272977
1200000|1|6000|3|4|1|2|288000|1960|15680173|108852
1200000|1|6000|3|4|0|0|288000|1961|15688171|272404
1200000|1|6000|3|4|1|2|288000|1961|15688171|107783
1200000|1|6000|3|4|0|0|288000|1962|15696171|272321
1200000|1|6000|3|4|1|2|288000|1962|15696171|107170
1200000|1|6000|3|4|0|0|288000|1963|15704171|271257
1200000|1|6000|3|4|1|2|288000|1963|15704171|106920
1200000|1|6000|3|4|0|0|288000|1964|15712172|270437
1200000|1|6000|3|4|1|2|288000|1964|15712172|106638
1200000|1|6000|3|4|0|0|288000|1965|15720172|270025
1200000|1|6000|3|4|1|2|288000|1965|15720172|106761
1200000|1|6000|3|4|0|0|288000|1966|15728172|268878
1200000|1|6000|3|4|1|2|288000|1966|15728172|106965
1200000|1|6000|3|4|0|0|288000|1967|15736173|268384
1200000|1|6000|3|4|1|2|288000|1967|15736173|106841
1200000|1|6000|3|4|0|0|288000|1968|15744173|267360
1200000|1|6000|3|4|1|2|288000|1968|15744173|107210
1200000|1|6000|3|4|0|0|288000|1969|15752174|267604
1200000|1|6000|3|4|1|2|288000|1969|15752174|106838
1200000|1|6000|3|4|0|0|288000|1970|15760174|268017
1200000|1|6000|3|4|1|2|288000|1970|15760174|106391
1200000|1|6000|3|4|0|0|288000|1971|15768174|269122
1200000|1|6000|3|4|1|2|288000|1971|15768174|106186
1200000|1|6000|3|4|0|0|288000|1972|15776174|268959
1200000|1|6000|3|4|1|2|288000|1972|15776174|105489
1200000|1|6000|3|4|0|0|288000|1973|15784174|269291
1200000|1|6000|3|4|1|2|288000|1973|15784174|105407
1200000|1|6000|3|4|0|0|288000|1974|15792174|268631
1200000|1|6000|3|4|1|2|288000|1974|15792174|105284
1200000|1|6000|3|4|0|0|288000|1975|15800174|268263
1200000|1|6000|3|4|1|2|288000|1975|15800174|104788
1200000|1|6000|3|4|0|0|288000|1976|15808174|268057
1200000|1|6000|3|4|1|2|288000|1976|15808174|104956
1200000|1|6000|3|4|0|0|288000|1977|15816174|267773
1200000|1|6000|3|4|1|2|288000|1977|15816174|104301
1200000|1|6000|3|4|0|0|288000|1978|15824174|267281
1200000|1|6000|3|4|1|2|288000|1978|15824174|104750
1200000|1|6000|3|4|0|0|288000|1979|15832175|266623
1200000|1|6000|3|4|1|2|288000|1979|15832175|105407
1200000|1|6000|3|4|0|0|288000|1980|15840177|265846
1200000|1|6000|3|4|1|2|288000|1980|15840177|106638
1200000|1|6000|3|4|0|0|288000|1981|15848177|265064
1200000|1|6000|3|4|1|2|288000|1981|15848177|107703
1200000|1|6000|3|4|0|0|288000|1982|15856179|263997
1200000|1|6000|3|4|1|2|288000|1982|15856179|108933
1200000|1|6000|3|4|0|0|288000|1983|15864180|263178
1200000|1|6000|3|4|1|2|288000|1983|15864180|109382
1200000|1|6000|3|4|0|0|288000|1984|15872181|262646
1200000|1|6000|3|4|1|2|288000|1984|15872181|110859
1200000|1|6000|3|4|0|0|288000|1985|15880183|262847
1200000|1|6000|3|4|1|2|288000|1985|15880183|111598
1200000|1|6000|3|4|0|0|288000|1986|15888184|262853
1200000|1|6000|3|4|1|2|288000|1986|15888184|111927
1200000|1|6000|3|4|0|0|288000|1987|15896183|262727
1200000|1|6000|3|4|1|2|288000|1987|15896183|111680
1200000|1|6000|3|4|0|0|288000|1988|15904184|262727
1200000|1|6000|3|4|1|2|288000|1988|15904184|111516
1200000|1|6000|3|4|0|0|288000|1989|15912184|262235
1200000|1|6000|3|4|1|2|288000|1989|15912184|111228
1200000|1|6000|3|4|0|0|288000|1990|15920185|262523
1200000|1|6000|3|4|1|2|288000|1990|15920185|110818
1200000|1|6000|3|4|0|0|288000|1991|15928185|261658
1200000|1|6000|3|4|1|2|288000|1991|15928185|110450
1200000|1|6000|3|4|0|0|288000|1992|15936185|260675
1200000|1|6000|3|4|1|2|288000|1992|15936185|109997
1200000|1|6000|3|4|0|0|288000|1993|15944184|259490
1200000|1|6000|3|4|1|2|288000|1993|15944184|110614
1200000|1|6000|3|4|0|0|288000|1994|15952185|259325
1200000|1|6000|3|4|1|2|288000|1994|15952185|110450
1200000|1|6000|3|4|0|0|288000|1995|15960186|258178
1200000|1|6000|3|4|1|2|288000|1995|15960186|110122
1200000|1|6000|3|4|0|0|288000|1996|15968186|258301
1200000|1|6000|3|4|1|2|288000|1996|15968186|109873
1200000|1|6000|3|4|0|0|288000|1997|15976186|257602
1200000|1|6000|3|4|1|2|288000|1997|15976186|109465
1200000|1|6000|3|4|0|0|288000|1998|15984186|258053
1200000|1|6000|3|4|1|2|288000|1998|15984186|109424
1200000|1|6000|3|4|0|0|288000|1999|15992186|257644
1200000|1|6000|3|4|1|2|288000|1999|15992186|108604
1200000|1|6000|3|5|0|0|288000|0|0|232242
1200000|1|6000|3|5|1|2|288000|0|0|214791
1200000|1|6000|3|5|0|0|288000|1|7984|231936
1200000|1|6000|3|5|1|2|288000|1|7984|209301
1200000|1|6000|3|5|0|0|288000|2|15976|230868
1200000|1|6000|3|5|1|2|288000|2|15976|205282
1200000|1|6000|3|5|0|0|288000|3|23971|231851
1200000|1|6000|3|5|1|2|288000|3|23971|203191
1200000|1|6000|3|5|0|0|288000|4|31969|231646
1200000|1|6000|3|5|1|2|288000|4|31969|201918
1200000|1|6000|3|5|0|0|288000|5|39967|232593
1200000|1|6000|3|5|1|2|288000|5|39967|201879
1200000|1|6000|3|5|0|0|288000|6|47968|232839
1200000|1|6000|3|5|1|2|288000|6|47968|202372
1200000|1|6000|3|5|0|0|288000|7|55969|233209
1200000|1|6000|3|5|1|2|288000|7|55969|202329
1200000|1|6000|3|5|0|0|288000|8|63970|233699
1200000|1|6000|3|5|1|2|288000|8|63970|202741
1200000|1|6000|3|5|0|0|288000|9|71972|234397
1200000|1|6000|3|5|1|2|288000|9|71972|202864
1200000|1|6000|3|5|0|0|288000|10|79973|234970
1200000|1|6000|3|5|1|2|288000|10|79973|203478
1200000|1|6000|3|5|0|0|288000|11|87975|233986
1200000|1|6000|3|5|1|2|288000|11|87975|203233
1200000|1|6000|3|5|0|0|288000|12|95976|233779
1200000|1|6000|3|5|1|2|288000|12|95976|203480
1200000|1|6000|3|5|0|0|288000|13|103978|233330
1200000|1|6000|3|5|1|2|288000|13|103978|203440
1200000|1|6000|3|5|0|0|288000|14|111978|233206
1200000|1|6000|3|5|1|2|288000|14|111978|202535
1200000|1|6000|3|5|0|0|288000|15|119978|232550
1200000|1|6000|3|5|1|2|288000|15|119978|202987
1200000|1|6000|3|5|0|0|288000|16|127980|232385
1200000|1|6000|3|5|1|2|288000|16|127980|202742
1200000|1|6000|3|5|0|0|288000|17|135980|231977
1200000|1|6000|3|5|1|2|288000|17|135980|202986
1200000|1|6000|3|5|0|0|288000|18|143982|231568
1200000|1|6000|3|5|1|2|288000|18|143982|202658
1200000|1|6000|3|5|0|0|288000|19|151982|230831
1200000|1|6000|3|5|1|2|288000|19|151982|202167
1200000|1|6000|3|5|0|0|288000|20|159984|230297
1200000|1|6000|3|5|1|2|288000|20|159984|202086
1200000|1|6000|3|5|0|0|288000|21|167984|230460
1200000|1|6000|3|5|1|2|288000|21|167984|202003
1200000|1|6000|3|5|0|0|288000|22|175986|230010
1200000|1|6000|3|5|1|2|288000|22|175986|203275
1200000|1|6000|3|5|0|0|288000|23|183987|229681
1200000|1|6000|3|5|1|2|288000|23|183987|203397
1200000|1|6000|3|5|0|0|288000|24|191988|228860
1200000|1|6000|3|5|1|2|288000|24|191988|203847
1200000|1|6000|3|5|0|0|288000|25|199989|228697
1200000|1|6000|3|5|1|2|288000|25|199989|204629
1200000|1|6000|3|5|0|0|288000|26|207991|228079
1200000|1|6000|3|5|1|2|288000|26|207991|204792
1200000|1|6000|3|5|0|0|288000|27|215991|228861
1200000|1|6000|3|5|1|2|288000|27|215991|205118
1200000|1|6000|3|5|0|0|288000|28|223992|228450
1200000|1|6000|3|5|1|2|288000|28|223992|205161
1200000|1|6000|3|5|0|0|288000|29|231993|228777
1200000|1|6000|3|5|1|2|288000|29|231993|204544
1200000|1|6000|3|5|0|0|288000|30|239992|228903
1200000|1|6000|3|5|1|2|288000|30|239992|203887
1200000|1|6000|3|5|0|0|288000|31|247991|229804
1200000|1|6000|3|5|1|2|288000|31|247991|203354
1200000|1|6000|3|5|0|0|288000|32|255991|230380
1200000|1|6000|3|5|1|2|288000|32|255991|202904
1200000|1|6000|3|5|0|0|288000|33|263990|231527
1200000|1|6000|3|5|1|2|288000|33|263990|202825
1200000|1|6000|3|5|0|0|288000|34|271990|231076
1200000|1|6000|3|5|1|2|288000|34|271990|203024
1200000|1|6000|3|5|0|0|288000|35|279990|231158
1200000|1|6000|3|5|1|2|288000|35|279990|203518
1200000|1|6000|3|5|0|0|288000|36|287990|230830
1200000|1|6000|3|5|1|2|288000|36|287990|203438
1200000|1|6000|3|5|0|0|288000|37|295990|230952
1200000|1|6000|3|5|1|2|288000|37|295990|203356
1200000|1|6000|3|5|0|0|288000|38|303990|230993
1200000|1|6000|3|5|1|2|288000|38|303990|202905
1200000|1|6000|3|5|0|0|288000|39|311990|231278
1200000|1|6000|3|5|1|2|288000|39|311990|201634
1200000|1|6000|3|5|0|0|288000|40|319989|232059
1200000|1|6000|3|5|1|2|288000|40|319989|201058
1200000|1|6000|3|5|0|0|288000|41|327988|232796
1200000|1|6000|3|5|1|2|288000|41|327988|199949
1200000|1|6000|3|5|0|0|288000|42|335988|233168
1200000|1|6000|3|5|1|2|288000|42|335988|199255
1200000|1|6000|3|5|0|0|288000|43|343987|233167
1200000|1|6000|3|5|1|2|288000|43|343987|198600
1200000|1|6000|3|5|0|0|288000|44|351986|233331
1200000|1|6000|3|5|1|2|288000|44|351986|197657
1200000|1|6000|3|5|0|0|288000|45|359986|233330
1200000|1|6000|3|5|1|2|288000|45|359986|197576
1200000|1|6000|3|5|0|0|288000|46|367985|233496
1200000|1|6000|3|5|1|2|288000|46|367985|196551
1200000|1|6000|3|5|0|0|288000|47|375985|233372
1200000|1|6000|3|5|1|2|288000|47|375985|196017
1200000|1|6000|3|5|0|0|288000|48|383984|233577
1200000|1|6000|3|5|1|2|288000|48|383984|194784
1200000|1|6000|3|5|0|0|288000|49|391983|233205
1200000|1|6000|3|5|1|2|288000|49|391983|193886
1200000|1|6000|3|5|0|0|288000|50|399981|233125
1200000|1|6000|3|5|1|2|288000|50|399981|192490
1200000|1|6000|3|5|0|0|288000|51|407980|233617
1200000|1|6000|3|5|1|2|288000|51|407980|191955
1200000|1|6000|3|5|0|0|288000|52|415980|233084
1200000|1|6000|3|5|1|2|288000|52|415980|191262
1200000|1|6000|3|5|0|0|288000|53|423980|233536
1200000|1|6000|3|5|1|2|288000|53|423980|190235
1200000|1|6000|3|5|0|0|288000|54|431980|233084
1200000|1|6000|3|5|1|2|288000|54|431980|190072
1200000|1|6000|3|5|0|0|288000|55|439981|233782
1200000|1|6000|3|5|1|2|288000|55|439981|190031
1200000|1|6000|3|5|0|0|288000|56|447981|233782
1200000|1|6000|3|5|1|2|288000|56|447981|189826
1200000|1|6000|3|5|0|0|288000|57|455982|233987
1200000|1|6000|3|5|1|2|288000|57|455982|189576
1200000|1|6000|3|5|0|0|288000|58|463982|233250
1200000|1|6000|3|5|1|2|288000|58|463982|189046
1200000|1|6000|3|5|0|0|288000|59|471982|232513
1200000|1|6000|3|5|1|2|288000|59|471982|188756
1200000|1|6000|3|5|0|0|288000|60|479982|231896
1200000|1|6000|3|5|1|2|288000|60|479982|188882
1200000|1|6000|3|5|0|0|288000|61|487982|230832
1200000|1|6000|3|5|1|2|288000|61|487982|189290
1200000|1|6000|3|5|0|0|288000|62|495982|230624
1200000|1|6000|3|5|1|2|288000|62|495982|189128
1200000|1|6000|3|5|0|0|288000|63|503983|229887
1200000|1|6000|3|5|1|2|288000|63|503983|189702
1200000|1|6000|3|5|0|0|288000|64|511983|229231
1200000|1|6000|3|5|1|2|288000|64|511983|189413
1200000|1|6000|3|5|0|0|288000|65|519984|228943
1200000|1|6000|3|5|1|2|288000|65|519984|189867
1200000|1|6000|3|5|0|0|288000|66|527984|228740
1200000|1|6000|3|5|1|2|288000|66|527984|190153
1200000|1|6000|3|5|0|0|288000|67|535985|228285
1200000|1|6000|3|5|1|2|288000|67|535985|190438
1200000|1|6000|3|5|0|0|288000|68|543986|227467
1200000|1|6000|3|5|1|2|288000|68|543986|191056
1200000|1|6000|3|5|0|0|288000|69|551986|226813
1200000|1|6000|3|5|1|2|288000|69|551986|192039
1200000|1|6000|3|5|0|0|288000|70|559986|226521
1200000|1|6000|3|5|1|2|288000|70|559986|193269
1200000|1|6000|3|5|0|0|288000|71|567987|225990
1200000|1|6000|3|5|1|2|288000|71|567987|194129
1200000|1|6000|3|5|0|0|288000|72|575987|224885
1200000|1|6000|3|5|1|2|288000|72|575987|195073
1200000|1|6000|3|5|0|0|288000|73|583988|224271
1200000|1|6000|3|5|1|2|288000|73|583988|195034
1200000|1|6000|3|5|0|0|288000|74|591988|223697
1200000|1|6000|3|5|1|2|288000|74|591988|195687
1200000|1|6000|3|5|0|0|288000|75|599988|223160
1200000|1|6000|3|5|1|2|288000|75|599988|195772
1200000|1|6000|3|5|0|0|288000|76|607989|222463
1200000|1|6000|3|5|1|2|288000|76|607989|196592
1200000|1|6000|3|5|0|0|288000|77|615989|221766
1200000|1|6000|3|5|1|2|288000|77|615989|197125
1200000|1|6000|3|5|0|0|288000|78|623990|220622
1200000|1|6000|3|5|1|2|288000|78|623990|198109
1200000|1|6000|3|5|0|0|288000|79|631991|220375
1200000|1|6000|3|5|1|2|288000|79|631991|199094
1200000|1|6000|3|5|0|0|288000|80|639992|218980
1200000|1|6000|3|5|1|2|288000|80|639992|200034
1200000|1|6000|3|5|0|0|288000|81|647992|219060
1200000|1|6000|3|5|1|2|288000|81|647992|200688
1200000|1|6000|3|5|0|0|288000|82|655993|218489
1200000|1|6000|3|5|1|2|288000|82|655993|201142
1200000|1|6000|3|5|0|0|288000|83|663992|218653
1200000|1|6000|3|5|1|2|288000|83|663992|200323
1200000|1|6000|3|5|0|0|288000|84|671992|217996
1200000|1|6000|3|5|1|2|288000|84|671992|199744
1200000|1|6000|3|5|0|0|288000|85|679991|217997
1200000|1|6000|3|5|1|2|288000|85|679991|199379
1200000|1|6000|3|5|0|0|288000|86|687990|217503
1200000|1|6000|3|5|1|2|288000|86|687990|199256
1200000|1|6000|3|5|0|0|288000|87|695990|218403
1200000|1|6000|3|5|1|2|288000|87|695990|199131
1200000|1|6000|3|5|0|0|288000|88|703990|217751
1200000|1|6000|3|5|1|2|288000|88|703990|199419
1200000|1|6000|3|5|0|0|288000|89|711989|217504
1200000|1|6000|3|5|1|2|288000|89|711989|200239
1200000|1|6000|3|5|0|0|288000|90|719991|217338
1200000|1|6000|3|5|1|2|288000|90|719991|201795
1200000|1|6000|3|5|0|0|288000|91|727992|217136
1200000|1|6000|3|5|1|2|288000|91|727992|202248
1200000|1|6000|3|5|0|0|288000|92|735992|217176
1200000|1|6000|3|5|1|2|288000|92|735992|203233
1200000|1|6000|3|5|0|0|288000|93|743993|217258
1200000|1|6000|3|5|1|2|288000|93|743993|203522
1200000|1|6000|3|5|0|0|288000|94|751994|216971
1200000|1|6000|3|5|1|2|288000|94|751994|204135
1200000|1|6000|3|5|0|0|288000|95|759994|216768
1200000|1|6000|3|5|1|2|288000|95|759994|203931
1200000|1|6000|3|5|0|0|288000|96|767994|217178
1200000|1|6000|3|5|1|2|288000|96|767994|204462
1200000|1|6000|3|5|0|0|288000|97|775995|217668
1200000|1|6000|3|5|1|2|288000|97|775995|204094
1200000|1|6000|3|5|0|0|288000|98|783995|217751
1200000|1|6000|3|5|1|2|288000|98|783995|203434
1200000|1|6000|3|5|0|0|288000|99|791995|217625
1200000|1|6000|3|5|1|2|288000|99|791995|203275
1200000|1|6000|3|5|0|0|288000|100|799996|218079
1200000|1|6000|3|5|1|2|288000|100|799996|202413
1200000|1|6000|3|5|0|0|288000|101|807996|217996
1200000|1|6000|3|5|1|2|288000|101|807996|202369
1200000|1|6000|3|5|0|0|288000|102|815997|219018
1200000|1|6000|3|5|1|2|288000|102|815997|202249
1200000|1|6000|3|5|0|0|288000|103|823997|220046
1200000|1|6000|3|5|1|2|288000|103|823997|201385
1200000|1|6000|3|5|0|0|288000|104|831997|220171
1200000|1|6000|3|5|1|2|288000|104|831997|201102
1200000|1|6000|3|5|0|0|288000|105|839997|221235
1200000|1|6000|3|5|1|2|288000|105|839997|201880
1200000|1|6000|3|5|0|0|288000|106|847998|221031
1200000|1|6000|3|5|1|2|288000|106|847998|202372
1200000|1|6000|3|5|0|0|288000|107|855998|221851
1200000|1|6000|3|5|1|2|288000|107|855998|202986
1200000|1|6000|3|5|0|0|288000|108|863999|222137
1200000|1|6000|3|5|1|2|288000|108|863999|203355
1200000|1|6000|3|5|0|0|288000|109|871999|221852
1200000|1|6000|3|5|1|2|288000|109|871999|203273
1200000|1|6000|3|5|0|0|288000|110|879999|221154
1200000|1|6000|3|5|1|2|288000|110|879999|203888
1200000|1|6000|3|5|0|0|288000|111|887999|220541
1200000|1|6000|3|5|1|2|288000|111|887999|204421
1200000|1|6000|3|5|0|0|288000|112|896000|220863
1200000|1|6000|3|5|1|2|288000|112|896000|204828
1200000|1|6000|3|5|0|0|288000|113|904001|220661
1200000|1|6000|3|5|1|2|288000|113|904001|203685
1200000|1|6000|3|5|0|0|288000|114|912001|220991
1200000|1|6000|3|5|1|2|288000|114|912001|203561
1200000|1|6000|3|5|0|0|288000|115|920002|220904
1200000|1|6000|3|5|1|2|288000|115|920002|202696
1200000|1|6000|3|5|0|0|288000|116|928001|221523
1200000|1|6000|3|5|1|2|288000|116|928001|202573
1200000|1|6000|3|5|0|0|288000|117|936002|221482
1200000|1|6000|3|5|1|2|288000|117|936002|202290
1200000|1|6000|3|5|0|0|288000|118|944002|221523
1200000|1|6000|3|5|1|2|288000|118|944002|201385
1200000|1|6000|3|5|0|0|288000|119|952002|221442
1200000|1|6000|3|5|1|2|288000|119|952002|201550
1200000|1|6000|3|5|0|0|288000|120|960002|221154
1200000|1|6000|3|5|1|2|288000|120|960002|201224
1200000|1|6000|3|5|0|0|288000|121|968002|220908
1200000|1|6000|3|5|1|2|288000|121|968002|201430
1200000|1|6000|3|5|0|0|288000|122|976002|221030
1200000|1|6000|3|5|1|2|288000|122|976002|201467
1200000|1|6000|3|5|0|0|288000|123|984003|221276
1200000|1|6000|3|5|1|2|288000|123|984003|201303
1200000|1|6000|3|5|0|0|288000|124|992003|220826
1200000|1|6000|3|5|1|2|288000|124|992003|201059
1200000|1|6000|3|5|0|0|288000|125|1000003|221359
1200000|1|6000|3|5|1|2|288000|125|1000003|201141
1200000|1|6000|3|5|0|0|288000|126|1008004|221194
1200000|1|6000|3|5|1|2|288000|126|1008004|201348
1200000|1|6000|3|5|0|0|288000|127|1016005|221891
1200000|1|6000|3|5|1|2|288000|127|1016005|201141
1200000|1|6000|3|5|0|0|288000|128|1024005|221770
1200000|1|6000|3|5|1|2|288000|128|1024005|201921
1200000|1|6000|3|5|0|0|288000|129|1032006|222302
1200000|1|6000|3|5|1|2|288000|129|1032006|202249
1200000|1|6000|3|5|0|0|288000|130|1040006|222467
1200000|1|6000|3|5|1|2|288000|130|1040006|202700
1200000|1|6000|3|5|0|0|288000|131|1048006|222915
1200000|1|6000|3|5|1|2|288000|131|1048006|202863
1200000|1|6000|3|5|0|0|288000|132|1056006|223245
1200000|1|6000|3|5|1|2|288000|132|1056006|203231
1200000|1|6000|3|5|0|0|288000|133|1064007|223409
1200000|1|6000|3|5|1|2|288000|133|1064007|203109
1200000|1|6000|3|5|0|0|288000|134|1072007|223531
1200000|1|6000|3|5|1|2|288000|134|1072007|203850
1200000|1|6000|3|5|0|0|288000|135|1080009|222669
1200000|1|6000|3|5|1|2|288000|135|1080009|204792
1200000|1|6000|3|5|0|0|288000|136|1088010|222380
1200000|1|6000|3|5|1|2|288000|136|1088010|205732
1200000|1|6000|3|5|0|0|288000|137|1096012|222097
1200000|1|6000|3|5|1|2|288000|137|1096012|207454
1200000|1|6000|3|5|0|0|288000|138|1104015|222258
1200000|1|6000|3|5|1|2|288000|138|1104015|207783
1200000|1|6000|3|5|0|0|288000|139|1112015|221768
1200000|1|6000|3|5|1|2|288000|139|1112015|209135
1200000|1|6000|3|5|0|0|288000|140|1120017|222095
1200000|1|6000|3|5|1|2|288000|140|1120017|209833
1200000|1|6000|3|5|0|0|288000|141|1128019|223245
1200000|1|6000|3|5|1|2|288000|141|1128019|210327
1200000|1|6000|3|5|0|0|288000|142|1136019|224188
1200000|1|6000|3|5|1|2|288000|142|1136019|210490
1200000|1|6000|3|5|0|0|288000|143|1144019|224843
1200000|1|6000|3|5|1|2|288000|143|1144019|211598
1200000|1|6000|3|5|0|0|288000|144|1152019|225418
1200000|1|6000|3|5|1|2|288000|144|1152019|212496
1200000|1|6000|3|5|0|0|288000|145|1160020|225909
1200000|1|6000|3|5|1|2|288000|145|1160020|213729
1200000|1|6000|3|5|0|0|288000|146|1168020|226196
1200000|1|6000|3|5|1|2|288000|146|1168020|214916
1200000|1|6000|3|5|0|0|288000|147|1176022|226278
1200000|1|6000|3|5|1|2|288000|147|1176022|215819
1200000|1|6000|3|5|0|0|288000|148|1184022|225951
1200000|1|6000|3|5|1|2|288000|148|1184022|216352
1200000|1|6000|3|5|0|0|288000|149|1192022|225867
1200000|1|6000|3|5|1|2|288000|149|1192022|216844
1200000|1|6000|3|5|0|0|288000|150|1200022|225993
1200000|1|6000|3|5|1|2|288000|150|1200022|216231
1200000|1|6000|3|5|0|0|288000|151|1208021|226031
1200000|1|6000|3|5|1|2|288000|151|1208021|216188
1200000|1|6000|3|5|0|0|288000|152|1216020|226033
1200000|1|6000|3|5|1|2|288000|152|1216020|216065
1200000|1|6000|3|5|0|0|288000|153|1224019|226033
1200000|1|6000|3|5|1|2|288000|153|1224019|216517
1200000|1|6000|3|5|0|0|288000|154|1232019|226402
1200000|1|6000|3|5|1|2|288000|154|1232019|216641
1200000|1|6000|3|5|0|0|288000|155|1240018|226690
1200000|1|6000|3|5|1|2|288000|155|1240018|216721
1200000|1|6000|3|5|0|0|288000|156|1248018|226524
1200000|1|6000|3|5|1|2|288000|156|1248018|217582
1200000|1|6000|3|5|0|0|288000|157|1256019|226401
1200000|1|6000|3|5|1|2|288000|157|1256019|218236
1200000|1|6000|3|5|0|0|288000|158|1264019|226647
1200000|1|6000|3|5|1|2|288000|158|1264019|217993
1200000|1|6000|3|5|0|0|288000|159|1272019|227017
1200000|1|6000|3|5|1|2|288000|159|1272019|218035
1200000|1|6000|3|5|0|0|288000|160|1280019|227960
1200000|1|6000|3|5|1|2|288000|160|1280019|218116
1200000|1|6000|3|5|0|0|288000|161|1288018|228286
1200000|1|6000|3|5|1|2|288000|161|1288018|218608
1200000|1|6000|3|5|0|0|288000|162|1296018|229641
1200000|1|6000|3|5|1|2|288000|162|1296018|218362
1200000|1|6000|3|5|0|0|288000|163|1304018|229642
1200000|1|6000|3|5|1|2|288000|163|1304018|218771
1200000|1|6000|3|5|0|0|288000|164|1312018|229351
1200000|1|6000|3|5|1|2|288000|164|1312018|218608
1200000|1|6000|3|5|0|0|288000|165|1320017|229517
1200000|1|6000|3|5|1|2|288000|165|1320017|219795
1200000|1|6000|3|5|0|0|288000|166|1328018|229519
1200000|1|6000|3|5|1|2|288000|166|1328018|219507
1200000|1|6000|3|5|0|0|288000|167|1336017|229435
1200000|1|6000|3|5|1|2|288000|167|1336017|219839
1200000|1|6000|3|5|0|0|288000|168|1344017|229312
1200000|1|6000|3|5|1|2|288000|168|1344017|219385
1200000|1|6000|3|5|0|0|288000|169|1352017|229436
1200000|1|6000|3|5|1|2|288000|169|1352017|219224
1200000|1|6000|3|5|0|0|288000|170|1360017|228982
1200000|1|6000|3|5|1|2|288000|170|1360017|218895
1200000|1|6000|3|5|0|0|288000|171|1368016|229186
1200000|1|6000|3|5|1|2|288000|171|1368016|219511
1200000|1|6000|3|5|0|0|288000|172|1376017|229109
1200000|1|6000|3|5|1|2|288000|172|1376017|220534
1200000|1|6000|3|5|0|0|288000|173|1384019|229722
1200000|1|6000|3|5|1|2|288000|173|1384019|220454
1200000|1|6000|3|5|0|0|288000|174|1392019|230255
1200000|1|6000|3|5|1|2|288000|174|1392019|220864
1200000|1|6000|3|5|0|0|288000|175|1400020|231072
1200000|1|6000|3|5|1|2|288000|175|1400020|220740
1200000|1|6000|3|5|0|0|288000|176|1408021|231156
1200000|1|6000|3|5|1|2|288000|176|1408021|221146
1200000|1|6000|3|5|0|0|288000|177|1416022|231034
1200000|1|6000|3|5|1|2|288000|177|1416022|221192
1200000|1|6000|3|5|0|0|288000|178|1424022|231445
1200000|1|6000|3|5|1|2|288000|178|1424022|221355
1200000|1|6000|3|5|0|0|288000|179|1432023|231362
1200000|1|6000|3|5|1|2|288000|179|1432023|221479
1200000|1|6000|3|5|0|0|288000|180|1440023|231528
1200000|1|6000|3|5|1|2|288000|180|1440023|222298
1200000|1|6000|3|5|0|0|288000|181|1448023|231363
1200000|1|6000|3|5|1|2|288000|181|1448023|223037
1200000|1|6000|3|5|0|0|288000|182|1456024|231977
1200000|1|6000|3|5|1|2|288000|182|1456024|223774
1200000|1|6000|3|5|0|0|288000|183|1464025|231608
1200000|1|6000|3|5|1|2|288000|183|1464025|224268
1200000|1|6000|3|5|0|0|288000|184|1472026|232101
1200000|1|6000|3|5|1|2|288000|184|1472026|224181
1200000|1|6000|3|5|0|0|288000|185|1480026|232098
1200000|1|6000|3|5|1|2|288000|185|1480026|224509
1200000|1|6000|3|5|0|0|288000|186|1488027|233330
1200000|1|6000|3|5|1|2|288000|186|1488027|224756
1200000|1|6000|3|5|0|0|288000|187|1496027|234068
1200000|1|6000|3|5|1|2|288000|187|1496027|224677
1200000|1|6000|3|5|0|0|288000|188|1504027|234970
1200000|1|6000|3|5|1|2|288000|188|1504027|224676
1200000|1|6000|3|5|0|0|288000|189|1512027|235217
1200000|1|6000|3|5|1|2|288000|189|1512027|224840
1200000|1|6000|3|5|0|0|288000|190|1520027|235259
1200000|1|6000|3|5|1|2|288000|190|1520027|225001
1200000|1|6000|3|5|0|0|288000|191|1528028|235668
1200000|1|6000|3|5|1|2|288000|191|1528028|225127
1200000|1|6000|3|5|0|0|288000|192|1536028|236076
1200000|1|6000|3|5|1|2|288000|192|1536028|225534
1200000|1|6000|3|5|0|0|288000|193|1544028|235874
1200000|1|6000|3|5|1|2|288000|193|1544028|226070
1200000|1|6000|3|5|0|0|288000|194|1552028|235625
1200000|1|6000|3|5|1|2|288000|194|1552028|227342
1200000|1|6000|3|5|0|0|288000|195|1560030|235912
1200000|1|6000|3|5|1|2|288000|195|1560030|228900
1200000|1|6000|3|5|0|0|288000|196|1568032|236079
1200000|1|6000|3|5|1|2|288000|196|1568032|229063
1200000|1|6000|3|5|0|0|288000|197|1576032|236776
1200000|1|6000|3|5|1|2|288000|197|1576032|229761
1200000|1|6000|3|5|0|0|288000|198|1584033|237471
1200000|1|6000|3|5|1|2|288000|198|1584033|229964
1200000|1|6000|3|5|0|0|288000|199|1592034|237390
1200000|1|6000|3|5|1|2|288000|199|1592034|230742
1200000|1|6000|3|5|0|0|288000|200|1600035|237308
1200000|1|6000|3|5|1|2|288000|200|1600035|230581
1200000|1|6000|3|5|0|0|288000|201|1608035|237594
1200000|1|6000|3|5|1|2|288000|201|1608035|230622
1200000|1|6000|3|5|0|0|288000|202|1616035|238045
1200000|1|6000|3|5|1|2|288000|202|1616035|230828
1200000|1|6000|3|5|0|0|288000|203|1624036|237719
1200000|1|6000|3|5|1|2|288000|203|1624036|231153
1200000|1|6000|3|5|0|0|288000|204|1632037|236446
1200000|1|6000|3|5|1|2|288000|204|1632037|233532
1200000|1|6000|3|5|0|0|288000|205|1640041|234724
1200000|1|6000|3|5|1|2|288000|205|1640041|234598
1200000|1|6000|3|5|0|0|288000|206|1648042|233495
1200000|1|6000|3|5|1|2|288000|206|1648042|235582
1200000|1|6000|3|5|0|0|288000|207|1656044|232753
1200000|1|6000|3|5|1|2|288000|207|1656044|236319
1200000|1|6000|3|5|0|0|288000|208|1664046|232593
1200000|1|6000|3|5|1|2|288000|208|1664046|236932
1200000|1|6000|3|5|0|0|288000|209|1672047|231117
1200000|1|6000|3|5|1|2|288000|209|1672047|236811
1200000|1|6000|3|5|0|0|288000|210|1680046|230501
1200000|1|6000|3|5|1|2|288000|210|1680046|236852
1200000|1|6000|3|5|0|0|288000|211|1688046|229066
1200000|1|6000|3|5|1|2|288000|211|1688046|237016
1200000|1|6000|3|5|0|0|288000|212|1696047|228410
1200000|1|6000|3|5|1|2|288000|212|1696047|236894
1200000|1|6000|3|5|0|0|288000|213|1704047|227100
1200000|1|6000|3|5|1|2|288000|213|1704047|237017
1200000|1|6000|3|5|0|0|288000|214|1712047|226442
1200000|1|6000|3|5|1|2|288000|214|1712047|237673
1200000|1|6000|3|5|0|0|288000|215|1720048|225786
1200000|1|6000|3|5|1|2|288000|215|1720048|237628
1200000|1|6000|3|5|0|0|288000|216|1728048|225500
1200000|1|6000|3|5|1|2|288000|216|1728048|238042
1200000|1|6000|3|5|0|0|288000|217|1736049|225129
1200000|1|6000|3|5|1|2|288000|217|1736049|238247
1200000|1|6000|3|5|0|0|288000|218|1744049|224721
1200000|1|6000|3|5|1|2|288000|218|1744049|237670
1200000|1|6000|3|5|0|0|288000|219|1752050|224228
1200000|1|6000|3|5|1|2|288000|219|1752050|237263
1200000|1|6000|3|5|0|0|288000|220|1760050|224146
1200000|1|6000|3|5|1|2|288000|220|1760050|237262
1200000|1|6000|3|5|0|0|288000|221|1768050|224352
1200000|1|6000|3|5|1|2|288000|221|1768050|237098
1200000|1|6000|3|5|0|0|288000|222|1776050|223860
1200000|1|6000|3|5|1|2|288000|222|1776050|237222
1200000|1|6000|3|5|0|0|288000|223|1784051|223735
1200000|1|6000|3|5|1|2|288000|223|1784051|236975
1200000|1|6000|3|5|0|0|288000|224|1792050|223120
1200000|1|6000|3|5|1|2|288000|224|1792050|237345
1200000|1|6000|3|5|0|0|288000|225|1800051|222056
1200000|1|6000|3|5|1|2|288000|225|1800051|237424
1200000|1|6000|3|5|0|0|288000|226|1808051|221891
1200000|1|6000|3|5|1|2|288000|226|1808051|237386
1200000|1|6000|3|5|0|0|288000|227|1816051|221195
1200000|1|6000|3|5|1|2|288000|227|1816051|237303
1200000|1|6000|3|5|0|0|288000|228|1824052|221109
1200000|1|6000|3|5|1|2|288000|228|1824052|236894
1200000|1|6000|3|5|0|0|288000|229|1832051|220002
1200000|1|6000|3|5|1|2|288000|229|1832051|236566
1200000|1|6000|3|5|0|0|288000|230|1840052|219882
1200000|1|6000|3|5|1|2|288000|230|1840052|236361
1200000|1|6000|3|5|0|0|288000|231|1848051|219389
1200000|1|6000|3|5|1|2|288000|231|1848051|236728
1200000|1|6000|3|5|0|0|288000|232|1856053|219678
1200000|1|6000|3|5|1|2|288000|232|1856053|236440
1200000|1|6000|3|5|0|0|288000|233|1864053|219308
1200000|1|6000|3|5|1|2|288000|233|1864053|236648
1200000|1|6000|3|5|0|0|288000|234|1872054|219226
1200000|1|6000|3|5|1|2|288000|234|1872054|236730
1200000|1|6000|3|5|0|0|288000|235|1880054|219144
1200000|1|6000|3|5|1|2|288000|235|1880054|237303
1200000|1|6000|3|5|0|0|288000|236|1888055|219020
1200000|1|6000|3|5|1|2|288000|236|1888055|237550
1200000|1|6000|3|5|0|0|288000|237|1896056|218611
1200000|1|6000|3|5|1|2|288000|237|1896056|238042
1200000|1|6000|3|5|0|0|288000|238|1904056|217873
1200000|1|6000|3|5|1|2|288000|238|1904056|237836
1200000|1|6000|3|5|0|0|288000|239|1912056|217135
1200000|1|6000|3|5|1|2|288000|239|1912056|237795
1200000|1|6000|3|5|0|0|288000|240|1920056|215947
1200000|1|6000|3|5|1|2|288000|240|1920056|237920
1200000|1|6000|3|5|0|0|288000|241|1928056|215370
1200000|1|6000|3|5|1|2|288000|241|1928056|238081
1200000|1|6000|3|5|0|0|288000|242|1936057|214636
1200000|1|6000|3|5|1|2|288000|242|1936057|238861
1200000|1|6000|3|5|0|0|288000|243|1944059|213729
1200000|1|6000|3|5|1|2|288000|243|1944059|239642
1200000|1|6000|3|5|0|0|288000|244|1952061|213649
1200000|1|6000|3|5|1|2|288000|244|1952061|239886
1200000|1|6000|3|5|0|0|288000|245|1960061|214265
1200000|1|6000|3|5|1|2|288000|245|1960061|239925
1200000|1|6000|3|5|0|0|288000|246|1968061|214264
1200000|1|6000|3|5|1|2|288000|246|1968061|240175
1200000|1|6000|3|5|0|0|288000|247|1976061|214797
1200000|1|6000|3|5|1|2|288000|247|1976061|240542
1200000|1|6000|3|5|0|0|288000|248|1984063|214592
1200000|1|6000|3|5|1|2|288000|248|1984063|241937
1200000|1|6000|3|5|0|0|288000|249|1992063|214221
1200000|1|6000|3|5|1|2|288000|249|1992063|242427
1200000|1|6000|3|5|0|0|288000|250|2000063|214142
1200000|1|6000|3|5|1|2|288000|250|2000063|243330
1200000|1|6000|3|5|0|0|288000|251|2008064|214185
1200000|1|6000|3|5|1|2|288000|251|2008064|243659
1200000|1|6000|3|5|0|0|288000|252|2016065|213322
1200000|1|6000|3|5|1|2|288000|252|2016065|244602
1200000|1|6000|3|5|0|0|288000|253|2024066|212009
1200000|1|6000|3|5|1|2|288000|253|2024066|245423
1200000|1|6000|3|5|0|0|288000|254|2032067|211146
1200000|1|6000|3|5|1|2|288000|254|2032067|246402
1200000|1|6000|3|5|0|0|288000|255|2040068|210453
1200000|1|6000|3|5|1|2|288000|255|2040068|245955
1200000|1|6000|3|5|0|0|288000|256|2048068|209429
1200000|1|6000|3|5|1|2|288000|256|2048068|246116
1200000|1|6000|3|5|0|0|288000|257|2056068|208728
1200000|1|6000|3|5|1|2|288000|257|2056068|245586
1200000|1|6000|3|5|0|0|288000|258|2064068|207789
1200000|1|6000|3|5|1|2|288000|258|2064068|245832
1200000|1|6000|3|5|0|0|288000|259|2072068|207336
1200000|1|6000|3|5|1|2|288000|259|2072068|245830
1200000|1|6000|3|5|0|0|288000|260|2080069|206477
1200000|1|6000|3|5|1|2|288000|260|2080069|245793
1200000|1|6000|3|5|0|0|288000|261|2088068|206107
1200000|1|6000|3|5|1|2|288000|261|2088068|246037
1200000|1|6000|3|5|0|0|288000|262|2096068|205573
1200000|1|6000|3|5|1|2|288000|262|2096068|245749
1200000|1|6000|3|5|0|0|288000|263|2104068|204918
1200000|1|6000|3|5|1|2|288000|263|2104068|245997
1200000|1|6000|3|5|0|0|288000|264|2112069|203891
1200000|1|6000|3|5|1|2|288000|264|2112069|245298
1200000|1|6000|3|5|0|0|288000|265|2120070|203237
1200000|1|6000|3|5|1|2|288000|265|2120070|245459
1200000|1|6000|3|5|0|0|288000|266|2128070|202375
1200000|1|6000|3|5|1|2|288000|266|2128070|245585
1200000|1|6000|3|5|0|0|288000|267|2136070|202624
1200000|1|6000|3|5|1|2|288000|267|2136070|245832
1200000|1|6000|3|5|0|0|288000|268|2144071|202495
1200000|1|6000|3|5|1|2|288000|268|2144071|246198
1200000|1|6000|3|5|0|0|288000|269|2152072|202418
1200000|1|6000|3|5|1|2|288000|269|2152072|245996
1200000|1|6000|3|5|0|0|288000|270|2160071|202130
1200000|1|6000|3|5|1|2|288000|270|2160071|247020
1200000|1|6000|3|5|0|0|288000|271|2168072|201676
1200000|1|6000|3|5|1|2|288000|271|2168072|247306
1200000|1|6000|3|5|0|0|288000|272|2176072|201311
1200000|1|6000|3|5|1|2|288000|272|2176072|247839
1200000|1|6000|3|5|0|0|288000|273|2184073|200527
1200000|1|6000|3|5|1|2|288000|273|2184073|247386
1200000|1|6000|3|5|0|0|288000|274|2192073|199343
1200000|1|6000|3|5|1|2|288000|274|2192073|247554
1200000|1|6000|3|5|0|0|288000|275|2200073|198850
1200000|1|6000|3|5|1|2|288000|275|2200073|246776
1200000|1|6000|3|5|0|0|288000|276|2208073|198850
1200000|1|6000|3|5|1|2|288000|276|2208073|247719
1200000|1|6000|3|5|0|0|288000|277|2216074|198726
1200000|1|6000|3|5|1|2|288000|277|2216074|247919
1200000|1|6000|3|5|0|0|288000|278|2224075|198809
1200000|1|6000|3|5|1|2|288000|278|2224075|248535
1200000|1|6000|3|5|0|0|288000|279|2232075|198482
1200000|1|6000|3|5|1|2|288000|279|2232075|249152
1200000|1|6000|3|5|0|0|288000|280|2240075|198726
1200000|1|6000|3|5|1|2|288000|280|2240075|249686
1200000|1|6000|3|5|0|0|288000|281|2248075|199137
1200000|1|6000|3|5|1|2|288000|281|2248075|250261
1200000|1|6000|3|5|0|0|288000|282|2256076|199382
1200000|1|6000|3|5|1|2|288000|282|2256076|250504
1200000|1|6000|3|5|0|0|288000|283|2264076|198848
1200000|1|6000|3|5|1|2|288000|283|2264076|250258
1200000|1|6000|3|5|0|0|288000|284|2272076|198480
1200000|1|6000|3|5|1|2|288000|284|2272076|250257
1200000|1|6000|3|5|0|0|288000|285|2280076|198194
1200000|1|6000|3|5|1|2|288000|285|2280076|249645
1200000|1|6000|3|5|0|0|288000|286|2288077|197498
1200000|1|6000|3|5|1|2|288000|286|2288077|249193
1200000|1|6000|3|5|0|0|288000|287|2296077|197333
1200000|1|6000|3|5|1|2|288000|287|2296077|249235
1200000|1|6000|3|5|0|0|288000|288|2304077|197045
1200000|1|6000|3|5|1|2|288000|288|2304077|249234
1200000|1|6000|3|5|0|0|288000|289|2312077|196840
1200000|1|6000|3|5|1|2|288000|289|2312077|249442
1200000|1|6000|3|5|0|0|288000|290|2320078|197126
1200000|1|6000|3|5|1|2|288000|290|2320078|249641
1200000|1|6000|3|5|0|0|288000|291|2328078|197414
1200000|1|6000|3|5|1|2|288000|291|2328078|250669
1200000|1|6000|3|5|0|0|288000|292|2336079|197088
1200000|1|6000|3|5|1|2|288000|292|2336079|251735
1200000|1|6000|3|5|0|0|288000|293|2344080|197250
1200000|1|6000|3|5|1|2|288000|293|2344080|252145
1200000|1|6000|3|5|0|0|288000|294|2352080|196714
1200000|1|6000|3|5|1|2|288000|294|2352080|251900
1200000|1|6000|3|5|0|0|288000|295|2360080|196309
1200000|1|6000|3|5|1|2|288000|295|2360080|252104
1200000|1|6000|3|5|0|0|288000|296|2368081|195980
1200000|1|6000|3|5|1|2|288000|296|2368081|251818
1200000|1|6000|3|5|0|0|288000|297|2376081|195037
1200000|1|6000|3|5|1|2|288000|297|2376081|251613
1200000|1|6000|3|5|0|0|288000|298|2384081|194172
1200000|1|6000|3|5|1|2|288000|298|2384081|251326
1200000|1|6000|3|5|0|0|288000|299|2392081|193434
1200000|1|6000|3|5|1|2|288000|299|2392081|251121
1200000|1|6000|3|5|0|0|288000|300|2400081|192577
1200000|1|6000|3|5|1|2|288000|300|2400081|251776
1200000|1|6000|3|5|0|0|288000|301|2408082|192124
1200000|1|6000|3|5|1|2|288000|301|2408082|252270
1200000|1|6000|3|5|0|0|288000|302|2416083|191840
1200000|1|6000|3|5|1|2|288000|302|2416083|252637
1200000|1|6000|3|5|0|0|288000|303|2424084|191389
1200000|1|6000|3|5|1|2|288000|303|2424084|252965
1200000|1|6000|3|5|0|0|288000|304|2432084|191223
1200000|1|6000|3|5|1|2|288000|304|2432084|252803
1200000|1|6000|3|5|0|0|288000|305|2440084|190527
1200000|1|6000|3|5|1|2|288000|305|2440084|252965
1200000|1|6000|3|5|0|0|288000|306|2448084|190157
1200000|1|6000|3|5|1|2|288000|306|2448084|252925
1200000|1|6000|3|5|0|0|288000|307|2456084|188847
1200000|1|6000|3|5|1|2|288000|307|2456084|251981
1200000|1|6000|3|5|0|0|288000|308|2464083|188477
1200000|1|6000|3|5|1|2|288000|308|2464083|251654
1200000|1|6000|3|5|0|0|288000|309|2472082|187659
1200000|1|6000|3|5|1|2|288000|309|2472082|251037
1200000|1|6000|3|5|0|0|288000|310|2480081|187412
1200000|1|6000|3|5|1|2|288000|310|2480081|250508
1200000|1|6000|3|5|0|0|288000|311|2488080|186918
1200000|1|6000|3|5|1|2|288000|311|2488080|250382
1200000|1|6000|3|5|0|0|288000|312|2496080|187287
1200000|1|6000|3|5|1|2|288000|312|2496080|249973
1200000|1|6000|3|5|0|0|288000|313|2504079|186795
1200000|1|6000|3|5|1|2|288000|313|2504079|250133
1200000|1|6000|3|5|0|0|288000|314|2512079|186916
1200000|1|6000|3|5|1|2|288000|314|2512079|249849
1200000|1|6000|3|5|0|0|288000|315|2520080|186756
1200000|1|6000|3|5|1|2|288000|315|2520080|249767
1200000|1|6000|3|5|0|0|288000|316|2528079|186877
1200000|1|6000|3|5|1|2|288000|316|2528079|249195
1200000|1|6000|3|5|0|0|288000|317|2536079|186632
1200000|1|6000|3|5|1|2|288000|317|2536079|248906
1200000|1|6000|3|5|0|0|288000|318|2544078|187084
1200000|1|6000|3|5|1|2|288000|318|2544078|248700
1200000|1|6000|3|5|0|0|288000|319|2552078|187120
1200000|1|6000|3|5|1|2|288000|319|2552078|248538
1200000|1|6000|3|5|0|0|288000|320|2560077|187083
1200000|1|6000|3|5|1|2|288000|320|2560077|248005
1200000|1|6000|3|5|0|0|288000|321|2568076|187492
1200000|1|6000|3|5|1|2|288000|321|2568076|247307
1200000|1|6000|3|5|0|0|288000|322|2576075|187616
1200000|1|6000|3|5|1|2|288000|322|2576075|246611
1200000|1|6000|3|5|0|0|288000|323|2584074|187698
1200000|1|6000|3|5|1|2|288000|323|2584074|245669
1200000|1|6000|3|5|0|0|288000|324|2592073|188026
1200000|1|6000|3|5|1|2|288000|324|2592073|245257
1200000|1|6000|3|5|0|0|288000|325|2600072|188231
1200000|1|6000|3|5|1|2|288000|325|2600072|244766
1200000|1|6000|3|5|0|0|288000|326|2608072|188437
1200000|1|6000|3|5|1|2|288000|326|2608072|244847
1200000|1|6000|3|5|0|0|288000|327|2616071|189418
1200000|1|6000|3|5|1|2|288000|327|2616071|244437
1200000|1|6000|3|5|0|0|288000|328|2624070|190895
1200000|1|6000|3|5|1|2|288000|328|2624070|244926
1200000|1|6000|3|5|0|0|288000|329|2632071|191430
1200000|1|6000|3|5|1|2|288000|329|2632071|245217
1200000|1|6000|3|5|0|0|288000|330|2640071|192619
1200000|1|6000|3|5|1|2|288000|330|2640071|246279
1200000|1|6000|3|5|0|0|288000|331|2648072|193150
1200000|1|6000|3|5|1|2|288000|331|2648072|246528
1200000|1|6000|3|5|0|0|288000|332|2656072|194254
1200000|1|6000|3|5|1|2|288000|332|2656072|247143
1200000|1|6000|3|5|0|0|288000|333|2664073|194546
1200000|1|6000|3|5|1|2|288000|333|2664073|247349
1200000|1|6000|3|5|0|0|288000|334|2672074|194547
1200000|1|6000|3|5|1|2|288000|334|2672074|248128
1200000|1|6000|3|5|0|0|288000|335|2680075|194094
1200000|1|6000|3|5|1|2|288000|335|2680075|248948
1200000|1|6000|3|5|0|0|288000|336|2688077|194751
1200000|1|6000|3|5|1|2|288000|336|2688077|249481
1200000|1|6000|3|5|0|0|288000|337|2696078|195118
1200000|1|6000|3|5|1|2|288000|337|2696078|250137
1200000|1|6000|3|5|0|0|288000|338|2704079|196427
1200000|1|6000|3|5|1|2|288000|338|2704079|250956
1200000|1|6000|3|5|0|0|288000|339|2712079|197208
1200000|1|6000|3|5|1|2|288000|339|2712079|251735
1200000|1|6000|3|5|0|0|288000|340|2720080|198150
1200000|1|6000|3|5|1|2|288000|340|2720080|252388
1200000|1|6000|3|5|0|0|288000|341|2728079|199301
1200000|1|6000|3|5|1|2|288000|341|2728079|252925
1200000|1|6000|3|5|0|0|288000|342|2736080|200162
1200000|1|6000|3|5|1|2|288000|342|2736080|253704
1200000|1|6000|3|5|0|0|288000|343|2744079|200529
1200000|1|6000|3|5|1|2|288000|343|2744079|253991
1200000|1|6000|3|5|0|0|288000|344|2752080|200286
1200000|1|6000|3|5|1|2|288000|344|2752080|254361
1200000|1|6000|3|5|0|0|288000|345|2760079|199995
1200000|1|6000|3|5|1|2|288000|345|2760079|253457
1200000|1|6000|3|5|0|0|288000|346|2768078|199998
1200000|1|6000|3|5|1|2|288000|346|2768078|252680
1200000|1|6000|3|5|0|0|288000|347|2776077|199995
1200000|1|6000|3|5|1|2|288000|347|2776077|252311
1200000|1|6000|3|5|0|0|288000|348|2784077|200573
1200000|1|6000|3|5|1|2|288000|348|2784077|251574
1200000|1|6000|3|5|0|0|288000|349|2792076|200653
1200000|1|6000|3|5|1|2|288000|349|2792076|251242
1200000|1|6000|3|5|0|0|288000|350|2800075|201352
1200000|1|6000|3|5|1|2|288000|350|2800075|250834
1200000|1|6000|3|5|0|0|288000|351|2808074|201474
1200000|1|6000|3|5|1|2|288000|351|2808074|250957
1200000|1|6000|3|5|0|0|288000|352|2816074|201720
1200000|1|6000|3|5|1|2|288000|352|2816074|251490
1200000|1|6000|3|5|0|0|288000|353|2824074|201722
1200000|1|6000|3|5|1|2|288000|353|2824074|251038
1200000|1|6000|3|5|0|0|288000|354|2832073|201639
1200000|1|6000|3|5|1|2|288000|354|2832073|250752
1200000|1|6000|3|5|0|0|288000|355|2840073|201925
1200000|1|6000|3|5|1|2|288000|355|2840073|250548
1200000|1|6000|3|5|0|0|288000|356|2848073|201761
1200000|1|6000|3|5|1|2|288000|356|2848073|250096
1200000|1|6000|3|5|0|0|288000|357|2856073|202047
1200000|1|6000|3|5|1|2|288000|357|2856073|250134
1200000|1|6000|3|5|0|0|288000|358|2864073|201432
1200000|1|6000|3|5|1|2|288000|358|2864073|249069
1200000|1|6000|3|5|0|0|288000|359|2872072|200858
1200000|1|6000|3|5|1|2|288000|359|2872072|248168
1200000|1|6000|3|5|0|0|288000|360|2880072|200284
1200000|1|6000|3|5|1|2|288000|360|2880072|247186
1200000|1|6000|3|5|0|0|288000|361|2888071|200121
1200000|1|6000|3|5|1|2|288000|361|2888071|246608
1200000|1|6000|3|5|0|0|288000|362|2896071|199545
1200000|1|6000|3|5|1|2|288000|362|2896071|246284
1200000|1|6000|3|5|0|0|288000|363|2904071|198562
1200000|1|6000|3|5|1|2|288000|363|2904071|245218
1200000|1|6000|3|5|0|0|288000|364|2912070|197824
1200000|1|6000|3|5|1|2|288000|364|2912070|245011
1200000|1|6000|3|5|0|0|288000|365|2920071|197907
1200000|1|6000|3|5|1|2|288000|365|2920071|244271
1200000|1|6000|3|5|0|0|288000|366|2928071|198359
1200000|1|6000|3|5|1|2|288000|366|2928071|244356
1200000|1|6000|3|5|0|0|288000|367|2936072|198440
1200000|1|6000|3|5|1|2|288000|367|2936072|243495
1200000|1|6000|3|5|0|0|288000|368|2944071|198153
1200000|1|6000|3|5|1|2|288000|368|2944071|243003
1200000|1|6000|3|5|0|0|288000|369|2952071|197865
1200000|1|6000|3|5|1|2|288000|369|2952071|243003
1200000|1|6000|3|5|0|0|288000|370|2960071|197826
1200000|1|6000|3|5|1|2|288000|370|2960071|242266
1200000|1|6000|3|5|0|0|288000|371|2968071|197866
1200000|1|6000|3|5|1|2|288000|371|2968071|242183
1200000|1|6000|3|5|0|0|288000|372|2976071|197455
1200000|1|6000|3|5|1|2|288000|372|2976071|241446
1200000|1|6000|3|5|0|0|288000|373|2984071|197127
1200000|1|6000|3|5|1|2|288000|373|2984071|241036
1200000|1|6000|3|5|0|0|288000|374|2992071|197497
1200000|1|6000|3|5|1|2|288000|374|2992071|240622
1200000|1|6000|3|5|0|0|288000|375|3000070|197826
1200000|1|6000|3|5|1|2|288000|375|3000070|240953
1200000|1|6000|3|5|0|0|288000|376|3008071|197946
1200000|1|6000|3|5|1|2|288000|376|3008071|240502
1200000|1|6000|3|5|0|0|288000|377|3016071|197744
1200000|1|6000|3|5|1|2|288000|377|3016071|240379
1200000|1|6000|3|5|0|0|288000|378|3024071|198071
1200000|1|6000|3|5|1|2|288000|378|3024071|240172
1200000|1|6000|3|5|0|0|288000|379|3032071|197497
1200000|1|6000|3|5|1|2|288000|379|3032071|240624
1200000|1|6000|3|5|0|0|288000|380|3040071|197821
1200000|1|6000|3|5|1|2|288000|380|3040071|240539
1200000|1|6000|3|5|0|0|288000|381|3048071|197210
1200000|1|6000|3|5|1|2|288000|381|3048071|240707
1200000|1|6000|3|5|0|0|288000|382|3056072|197128
1200000|1|6000|3|5|1|2|288000|382|3056072|241323
1200000|1|6000|3|5|0|0|288000|383|3064074|196881
1200000|1|6000|3|5|1|2|288000|383|3064074|241075
1200000|1|6000|3|5|0|0|288000|384|3072075|197088
1200000|1|6000|3|5|1|2|288000|384|3072075|241565
1200000|1|6000|3|5|0|0|288000|385|3080076|197329
1200000|1|6000|3|5|1|2|288000|385|3080076|241568
1200000|1|6000|3|5|0|0|288000|386|3088077|197535
1200000|1|6000|3|5|1|2|288000|386|3088077|241690
1200000|1|6000|3|5|0|0|288000|387|3096077|197581
1200000|1|6000|3|5|1|2|288000|387|3096077|242019
1200000|1|6000|3|5|0|0|288000|388|3104078|197004
1200000|1|6000|3|5|1|2|288000|388|3104078|242471
1200000|1|6000|3|5|0|0|288000|389|3112079|197045
1200000|1|6000|3|5|1|2|288000|389|3112079|242754
1200000|1|6000|3|5|0|0|288000|390|3120080|196348
1200000|1|6000|3|5|1|2|288000|390|3120080|242593
1200000|1|6000|3|5|0|0|288000|391|3128080|195528
1200000|1|6000|3|5|1|2|288000|391|3128080|243657
1200000|1|6000|3|5|0|0|288000|392|3136082|194296
1200000|1|6000|3|5|1|2|288000|392|3136082|243944
1200000|1|6000|3|5|0|0|288000|393|3144083|193601
1200000|1|6000|3|5|1|2|288000|393|3144083|244068
1200000|1|6000|3|5|0|0|288000|394|3152084|193438
1200000|1|6000|3|5|1|2|288000|394|3152084|244069
1200000|1|6000|3|5|0|0|288000|395|3160085|193355
1200000|1|6000|3|5|1|2|288000|395|3160085|243863
1200000|1|6000|3|5|0|0|288000|396|3168086|192782
1200000|1|6000|3|5|1|2|288000|396|3168086|244068
1200000|1|6000|3|5|0|0|288000|397|3176087|191839
1200000|1|6000|3|5|1|2|288000|397|3176087|243246
1200000|1|6000|3|5|0|0|288000|398|3184086|190895
1200000|1|6000|3|5|1|2|288000|398|3184086|243411
1200000|1|6000|3|5|0|0|288000|399|3192087|189993
1200000|1|6000|3|5|1|2|288000|399|3192087|243207
1200000|1|6000|3|5|0|0|288000|400|3200087|189338
1200000|1|6000|3|5|1|2|288000|400|3200087|243453
1200000|1|6000|3|5|0|0|288000|401|3208088|188680
1200000|1|6000|3|5|1|2|288000|401|3208088|242962
1200000|1|6000|3|5|0|0|288000|402|3216088|188805
1200000|1|6000|3|5|1|2|288000|402|3216088|242633
1200000|1|6000|3|5|0|0|288000|403|3224088|189296
1200000|1|6000|3|5|1|2|288000|403|3224088|242712
1200000|1|6000|3|5|0|0|288000|404|3232089|189584
1200000|1|6000|3|5|1|2|288000|404|3232089|242920
1200000|1|6000|3|5|0|0|288000|405|3240090|189789
1200000|1|6000|3|5|1|2|288000|405|3240090|243738
1200000|1|6000|3|5|0|0|288000|406|3248091|189585
1200000|1|6000|3|5|1|2|288000|406|3248091|243986
1200000|1|6000|3|5|0|0|288000|407|3256092|189502
1200000|1|6000|3|5|1|2|288000|407|3256092|244848
1200000|1|6000|3|5|0|0|288000|408|3264094|189297
1200000|1|6000|3|5|1|2|288000|408|3264094|245299
1200000|1|6000|3|5|0|0|288000|409|3272095|189296
1200000|1|6000|3|5|1|2|288000|409|3272095|245667
1200000|1|6000|3|5|0|0|288000|410|3280096|189050
1200000|1|6000|3|5|1|2|288000|410|3280096|246118
1200000|1|6000|3|5|0|0|288000|411|3288097|189994
1200000|1|6000|3|5|1|2|288000|411|3288097|245667
1200000|1|6000|3|5|0|0|288000|412|3296097|190445
1200000|1|6000|3|5|1|2|288000|412|3296097|245052
1200000|1|6000|3|5|0|0|288000|413|3304096|191550
1200000|1|6000|3|5|1|2|288000|413|3304096|245054
1200000|1|6000|3|5|0|0|288000|414|3312096|191798
1200000|1|6000|3|5|1|2|288000|414|3312096|245051
1200000|1|6000|3|5|0|0|288000|415|3320095|193111
1200000|1|6000|3|5|1|2|288000|415|3320095|244889
1200000|1|6000|3|5|0|0|288000|416|3328095|193888
1200000|1|6000|3|5|1|2|288000|416|3328095|245421
1200000|1|6000|3|5|0|0|288000|417|3336096|193847
1200000|1|6000|3|5|1|2|288000|417|3336096|244682
1200000|1|6000|3|5|0|0|288000|418|3344095|192700
1200000|1|6000|3|5|1|2|288000|418|3344095|245628
1200000|1|6000|3|5|0|0|288000|419|3352096|191798
1200000|1|6000|3|5|1|2|288000|419|3352096|245584
1200000|1|6000|3|5|0|0|288000|420|3360097|191141
1200000|1|6000|3|5|1|2|288000|420|3360097|246322
1200000|1|6000|3|5|0|0|288000|421|3368098|190894
1200000|1|6000|3|5|1|2|288000|421|3368098|246405
1200000|1|6000|3|5|0|0|288000|422|3376098|190854
1200000|1|6000|3|5|1|2|288000|422|3376098|246486
1200000|1|6000|3|5|0|0|288000|423|3384098|190856
1200000|1|6000|3|5|1|2|288000|423|3384098|246733
1200000|1|6000|3|5|0|0|288000|424|3392098|191347
1200000|1|6000|3|5|1|2|288000|424|3392098|246856
1200000|1|6000|3|5|0|0|288000|425|3400098|191920
1200000|1|6000|3|5|1|2|288000|425|3400098|247431
1200000|1|6000|3|5|0|0|288000|426|3408098|192617
1200000|1|6000|3|5|1|2|288000|426|3408098|246325
1200000|1|6000|3|5|0|0|288000|427|3416097|192700
1200000|1|6000|3|5|1|2|288000|427|3416097|246569
1200000|1|6000|3|5|0|0|288000|428|3424097|193028
1200000|1|6000|3|5|1|2|288000|428|3424097|245216
1200000|1|6000|3|5|0|0|288000|429|3432096|193642
1200000|1|6000|3|5|1|2|288000|429|3432096|245095
1200000|1|6000|3|5|0|0|288000|430|3440096|193850
1200000|1|6000|3|5|1|2|288000|430|3440096|244111
1200000|1|6000|3|5|0|0|288000|431|3448096|194381
1200000|1|6000|3|5|1|2|288000|431|3448096|243701
1200000|1|6000|3|5|0|0|288000|432|3456096|193478
1200000|1|6000|3|5|1|2|288000|432|3456096|243410
1200000|1|6000|3|5|0|0|288000|433|3464095|193520
1200000|1|6000|3|5|1|2|288000|433|3464095|243576
1200000|1|6000|3|5|0|0|288000|434|3472095|192987
1200000|1|6000|3|5|1|2|288000|434|3472095|244806
1200000|1|6000|3|5|0|0|288000|435|3480098|193726
1200000|1|6000|3|5|1|2|288000|435|3480098|245873
1200000|1|6000|3|5|0|0|288000|436|3488100|193314
1200000|1|6000|3|5|1|2|288000|436|3488100|246607
1200000|1|6000|3|5|0|0|288000|437|3496102|193151
1200000|1|6000|3|5|1|2|288000|437|3496102|246977
1200000|1|6000|3|5|0|0|288000|438|3504103|192740
1200000|1|6000|3|5|1|2|288000|438|3504103|247676
1200000|1|6000|3|5|0|0|288000|439|3512105|193438
1200000|1|6000|3|5|1|2|288000|439|3512105|248085
1200000|1|6000|3|5|0|0|288000|440|3520106|193315
1200000|1|6000|3|5|1|2|288000|440|3520106|248165
1200000|1|6000|3|5|0|0|288000|441|3528107|193807
1200000|1|6000|3|5|1|2|288000|441|3528107|248129
1200000|1|6000|3|5|0|0|288000|442|3536108|194382
1200000|1|6000|3|5|1|2|288000|442|3536108|247388
1200000|1|6000|3|5|0|0|288000|443|3544107|194381
1200000|1|6000|3|5|1|2|288000|443|3544107|247266
1200000|1|6000|3|5|0|0|288000|444|3552107|194587
1200000|1|6000|3|5|1|2|288000|444|3552107|245708
1200000|1|6000|3|5|0|0|288000|445|3560107|194711
1200000|1|6000|3|5|1|2|288000|445|3560107|245628
1200000|1|6000|3|5|0|0|288000|446|3568107|194586
1200000|1|6000|3|5|1|2|288000|446|3568107|244643
1200000|1|6000|3|5|0|0|288000|447|3576107|194501
1200000|1|6000|3|5|1|2|288000|447|3576107|244479
1200000|1|6000|3|5|0|0|288000|448|3584107|193930
1200000|1|6000|3|5|1|2|288000|448|3584107|244355
1200000|1|6000|3|5|0|0|288000|449|3592107|193070
1200000|1|6000|3|5|1|2|288000|449|3592107|244599
1200000|1|6000|3|5|0|0|288000|450|3600109|192410
1200000|1|6000|3|5|1|2|288000|450|3600109|246202
1200000|1|6000|3|5|0|0|288000|451|3608111|192167
1200000|1|6000|3|5|1|2|288000|451|3608111|247225
1200000|1|6000|3|5|0|0|288000|452|3616112|192328
1200000|1|6000|3|5|1|2|288000|452|3616112|248781
1200000|1|6000|3|5|0|0|288000|453|3624114|191959
1200000|1|6000|3|5|1|2|288000|453|3624114|249644
1200000|1|6000|3|5|0|0|288000|454|3632115|192575
1200000|1|6000|3|5|1|2|288000|454|3632115|250590
1200000|1|6000|3|5|0|0|288000|455|3640116|193151
1200000|1|6000|3|5|1|2|288000|455|3640116|251568
1200000|1|6000|3|5|0|0|288000|456|3648117|193846
1200000|1|6000|3|5|1|2|288000|456|3648117|251407
1200000|1|6000|3|5|0|0|288000|457|3656117|194297
1200000|1|6000|3|5|1|2|288000|457|3656117|250423
1200000|1|6000|3|5|0|0|288000|458|3664116|194258
1200000|1|6000|3|5|1|2|288000|458|3664116|250014
1200000|1|6000|3|5|0|0|288000|459|3672116|194628
1200000|1|6000|3|5|1|2|288000|459|3672116|250260
1200000|1|6000|3|5|0|0|288000|460|3680115|194833
1200000|1|6000|3|5|1|2|288000|460|3680115|250670
1200000|1|6000|3|5|0|0|288000|461|3688115|195037
1200000|1|6000|3|5|1|2|288000|461|3688115|250833
1200000|1|6000|3|5|0|0|288000|462|3696115|193970
1200000|1|6000|3|5|1|2|288000|462|3696115|251079
1200000|1|6000|3|5|0|0|288000|463|3704115|193931
1200000|1|6000|3|5|1|2|288000|463|3704115|251530
1200000|1|6000|3|5|0|0|288000|464|3712115|193764
1200000|1|6000|3|5|1|2|288000|464|3712115|251982
1200000|1|6000|3|5|0|0|288000|465|3720116|194175
1200000|1|6000|3|5|1|2|288000|465|3720116|252105
1200000|1|6000|3|5|0|0|288000|466|3728116|194135
1200000|1|6000|3|5|1|2|288000|466|3728116|251612
1200000|1|6000|3|5|0|0|288000|467|3736117|194463
1200000|1|6000|3|5|1|2|288000|467|3736117|251691
1200000|1|6000|3|5|0|0|288000|468|3744117|194258
1200000|1|6000|3|5|1|2|288000|468|3744117|250915
1200000|1|6000|3|5|0|0|288000|469|3752117|194748
1200000|1|6000|3|5|1|2|288000|469|3752117|250546
1200000|1|6000|3|5|0|0|288000|470|3760117|195283
1200000|1|6000|3|5|1|2|288000|470|3760117|249973
1200000|1|6000|3|5|0|0|288000|471|3768117|195613
1200000|1|6000|3|5|1|2|288000|471|3768117|249685
1200000|1|6000|3|5|0|0|288000|472|3776118|196264
1200000|1|6000|3|5|1|2|288000|472|3776118|249601
1200000|1|6000|3|5|0|0|288000|473|3784118|196882
1200000|1|6000|3|5|1|2|288000|473|3784118|250220
1200000|1|6000|3|5|0|0|288000|474|3792118|197373
1200000|1|6000|3|5|1|2|288000|474|3792118|250301
1200000|1|6000|3|5|0|0|288000|475|3800118|197985
1200000|1|6000|3|5|1|2|288000|475|3800118|250342
1200000|1|6000|3|5|0|0|288000|476|3808118|198399
1200000|1|6000|3|5|1|2|288000|476|3808118|250382
1200000|1|6000|3|5|0|0|288000|477|3816118|198318
1200000|1|6000|3|5|1|2|288000|477|3816118|249809
1200000|1|6000|3|5|0|0|288000|478|3824117|198438
1200000|1|6000|3|5|1|2|288000|478|3824117|249685
1200000|1|6000|3|5|0|0|288000|479|3832117|197743
1200000|1|6000|3|5|1|2|288000|479|3832117|250218
1200000|1|6000|3|5|0|0|288000|480|3840118|197619
1200000|1|6000|3|5|1|2|288000|480|3840118|250259
1200000|1|6000|3|5|0|0|288000|481|3848119|197333
1200000|1|6000|3|5|1|2|288000|481|3848119|249849
1200000|1|6000|3|5|0|0|288000|482|3856121|197250
1200000|1|6000|3|5|1|2|288000|482|3856121|250055
1200000|1|6000|3|5|0|0|288000|483|3864122|196922
1200000|1|6000|3|5|1|2|288000|483|3864122|250344
1200000|1|6000|3|5|0|0|288000|484|3872123|197086
1200000|1|6000|3|5|1|2|288000|484|3872123|250547
1200000|1|6000|3|5|0|0|288000|485|3880125|196636
1200000|1|6000|3|5|1|2|288000|485|3880125|250833
1200000|1|6000|3|5|0|0|288000|486|3888126|196430
1200000|1|6000|3|5|1|2|288000|486|3888126|250338
1200000|1|6000|3|5|0|0|288000|487|3896126|195654
1200000|1|6000|3|5|1|2|288000|487|3896126|250054
1200000|1|6000|3|5|0|0|288000|488|3904126|195282
1200000|1|6000|3|5|1|2|288000|488|3904126|249848
1200000|1|6000|3|5|0|0|288000|489|3912126|194173
1200000|1|6000|3|5|1|2|288000|489|3912126|249686
1200000|1|6000|3|5|0|0|288000|490|3920126|193601
1200000|1|6000|3|5|1|2|288000|490|3920126|249685
1200000|1|6000|3|5|0|0|288000|491|3928126|192944
1200000|1|6000|3|5|1|2|288000|491|3928126|248948
1200000|1|6000|3|5|0|0|288000|492|3936126|192822
1200000|1|6000|3|5|1|2|288000|492|3936126|248907
1200000|1|6000|3|5|0|0|288000|493|3944126|192373
1200000|1|6000|3|5|1|2|288000|493|3944126|248374
1200000|1|6000|3|5|0|0|288000|494|3952126|191838
1200000|1|6000|3|5|1|2|288000|494|3952126|249400
1200000|1|6000|3|5|0|0|288000|495|3960128|191634
1200000|1|6000|3|5|1|2|288000|495|3960128|249400
1200000|1|6000|3|5|0|0|288000|496|3968129|190730
1200000|1|6000|3|5|1|2|288000|496|3968129|249563
1200000|1|6000|3|5|0|0|288000|497|3976130|189912
1200000|1|6000|3|5|1|2|288000|497|3976130|250054
1200000|1|6000|3|5|0|0|288000|498|3984132|189583
1200000|1|6000|3|5|1|2|288000|498|3984132|250300
1200000|1|6000|3|5|0|0|288000|499|3992133|189294
1200000|1|6000|3|5|1|2|288000|499|3992133|251120
1200000|1|6000|3|5|0|0|288000|500|4000134|188638
1200000|1|6000|3|5|1|2|288000|500|4000134|251367
1200000|1|6000|3|5|0|0|288000|501|4008136|188969
1200000|1|6000|3|5|1|2|288000|501|4008136|251286
1200000|1|6000|3|5|0|0|288000|502|4016135|189216
1200000|1|6000|3|5|1|2|288000|502|4016135|251367
1200000|1|6000|3|5|0|0|288000|503|4024136|188641
1200000|1|6000|3|5|1|2|288000|503|4024136|251942
1200000|1|6000|3|5|0|0|288000|504|4032137|187983
1200000|1|6000|3|5|1|2|288000|504|4032137|252719
1200000|1|6000|3|5|0|0|288000|505|4040138|187123
1200000|1|6000|3|5|1|2|288000|505|4040138|253455
1200000|1|6000|3|5|0|0|288000|506|4048138|186509
1200000|1|6000|3|5|1|2|288000|506|4048138|253865
1200000|1|6000|3|5|0|0|288000|507|4056139|186057
1200000|1|6000|3|5|1|2|288000|507|4056139|254402
1200000|1|6000|3|5|0|0|288000|508|4064140|186057
1200000|1|6000|3|5|1|2|288000|508|4064140|255181
1200000|1|6000|3|5|0|0|288000|509|4072142|186016
1200000|1|6000|3|5|1|2|288000|509|4072142|256286
1200000|1|6000|3|5|0|0|288000|510|4080143|185976
1200000|1|6000|3|5|1|2|288000|510|4080143|256121
1200000|1|6000|3|5|0|0|288000|511|4088144|185852
1200000|1|6000|3|5|1|2|288000|511|4088144|256286
1200000|1|6000|3|5|0|0|288000|512|4096145|185852
1200000|1|6000|3|5|1|2|288000|512|4096145|256493
1200000|1|6000|3|5|0|0|288000|513|4104146|186018
1200000|1|6000|3|5|1|2|288000|513|4104146|256451
1200000|1|6000|3|5|0|0|288000|514|4112147|186385
1200000|1|6000|3|5|1|2|288000|514|4112147|257107
1200000|1|6000|3|5|0|0|288000|515|4120148|186346
1200000|1|6000|3|5|1|2|288000|515|4120148|257189
1200000|1|6000|3|5|0|0|288000|516|4128149|185892
1200000|1|6000|3|5|1|2|288000|516|4128149|257104
1200000|1|6000|3|5|0|0|288000|517|4136150|185280
1200000|1|6000|3|5|1|2|288000|517|4136150|257024
1200000|1|6000|3|5|0|0|288000|518|4144149|185279
1200000|1|6000|3|5|1|2|288000|518|4144149|256819
1200000|1|6000|3|5|0|0|288000|519|4152150|185238
1200000|1|6000|3|5|1|2|288000|519|4152150|256985
1200000|1|6000|3|5|0|0|288000|520|4160150|185441
1200000|1|6000|3|5|1|2|288000|520|4160150|256001
1200000|1|6000|3|5|0|0|288000|521|4168150|184950
1200000|1|6000|3|5|1|2|288000|521|4168150|256368
1200000|1|6000|3|5|0|0|288000|522|4176151|184868
1200000|1|6000|3|5|1|2|288000|522|4176151|255467
1200000|1|6000|3|5|0|0|288000|523|4184151|184746
1200000|1|6000|3|5|1|2|288000|523|4184151|255385
1200000|1|6000|3|5|0|0|288000|524|4192151|184747
1200000|1|6000|3|5|1|2|288000|524|4192151|254647
1200000|1|6000|3|5|0|0|288000|525|4200151|185033
1200000|1|6000|3|5|1|2|288000|525|4200151|254769
1200000|1|6000|3|5|0|0|288000|526|4208151|184992
1200000|1|6000|3|5|1|2|288000|526|4208151|255098
1200000|1|6000|3|5|0|0|288000|527|4216151|184952
1200000|1|6000|3|5|1|2|288000|527|4216151|255221
1200000|1|6000|3|5|0|0|288000|528|4224152|185401
1200000|1|6000|3|5|1|2|288000|528|4224152|255590
1200000|1|6000|3|5|0|0|288000|529|4232152|185813
1200000|1|6000|3|5|1|2|288000|529|4232152|255713
1200000|1|6000|3|5|0|0|288000|530|4240152|185770
1200000|1|6000|3|5|1|2|288000|530|4240152|255588
1200000|1|6000|3|5|0|0|288000|531|4248151|185648
1200000|1|6000|3|5|1|2|288000|531|4248151|255385
1200000|1|6000|3|5|0|0|288000|532|4256151|185484
1200000|1|6000|3|5|1|2|288000|532|4256151|255382
1200000|1|6000|3|5|0|0|288000|533|4264151|185197
1200000|1|6000|3|5|1|2|288000|533|4264151|255098
1200000|1|6000|3|5|0|0|288000|534|4272151|184989
1200000|1|6000|3|5|1|2|288000|534|4272151|255014
1200000|1|6000|3|5|0|0|288000|535|4280151|184868
1200000|1|6000|3|5|1|2|288000|535|4280151|254606
1200000|1|6000|3|5|0|0|288000|536|4288151|184336
1200000|1|6000|3|5|1|2|288000|536|4288151|254524
1200000|1|6000|3|5|0|0|288000|537|4296150|184132
1200000|1|6000|3|5|1|2|288000|537|4296150|254565
1200000|1|6000|3|5|0|0|288000|538|4304150|183965
1200000|1|6000|3|5|1|2|288000|538|4304150|254483
1200000|1|6000|3|5|0|0|288000|539|4312150|183762
1200000|1|6000|3|5|1|2|288000|539|4312150|254811
1200000|1|6000|3|5|0|0|288000|540|4320150|184253
1200000|1|6000|3|5|1|2|288000|540|4320150|255384
1200000|1|6000|3|5|0|0|288000|541|4328150|184131
1200000|1|6000|3|5|1|2|288000|541|4328150|255589
1200000|1|6000|3|5|0|0|288000|542|4336150|184250
1200000|1|6000|3|5|1|2|288000|542|4336150|256000
1200000|1|6000|3|5|0|0|288000|543|4344151|184377
1200000|1|6000|3|5|1|2|288000|543|4344151|255955
1200000|1|6000|3|5|0|0|288000|544|4352150|184786
1200000|1|6000|3|5|1|2|288000|544|4352150|256450
1200000|1|6000|3|5|0|0|288000|545|4360151|184989
1200000|1|6000|3|5|1|2|288000|545|4360151|256983
1200000|1|6000|3|5|0|0|288000|546|4368151|184743
1200000|1|6000|3|5|1|2|288000|546|4368151|257270
1200000|1|6000|3|5|0|0|288000|547|4376152|184663
1200000|1|6000|3|5|1|2|288000|547|4376152|257312
1200000|1|6000|3|5|0|0|288000|548|4384151|184747
1200000|1|6000|3|5|1|2|288000|548|4384151|257022
1200000|1|6000|3|5|0|0|288000|549|4392151|184374
1200000|1|6000|3|5|1|2|288000|549|4392151|257598
1200000|1|6000|3|5|0|0|288000|550|4400151|184050
1200000|1|6000|3|5|1|2|288000|550|4400151|257310
1200000|1|6000|3|5|0|0|288000|551|4408150|184091
1200000|1|6000|3|5|1|2|288000|551|4408150|257806
1200000|1|6000|3|5|0|0|288000|552|4416150|184582
1200000|1|6000|3|5|1|2|288000|552|4416150|257432
1200000|1|6000|3|5|0|0|288000|553|4424149|185691
1200000|1|6000|3|5|1|2|288000|553|4424149|258050
1200000|1|6000|3|5|0|0|288000|554|4432150|187083
1200000|1|6000|3|5|1|2|288000|554|4432150|258172
1200000|1|6000|3|5|0|0|288000|555|4440150|188353
1200000|1|6000|3|5|1|2|288000|555|4440150|258951
1200000|1|6000|3|5|0|0|288000|556|4448150|189457
1200000|1|6000|3|5|1|2|288000|556|4448150|259157
1200000|1|6000|3|5|0|0|288000|557|4456150|190651
1200000|1|6000|3|5|1|2|288000|557|4456150|260059
1200000|1|6000|3|5|0|0|288000|558|4464151|191512
1200000|1|6000|3|5|1|2|288000|558|4464151|260633
1200000|1|6000|3|5|0|0|288000|559|4472151|191920
1200000|1|6000|3|5|1|2|288000|559|4472151|261165
1200000|1|6000|3|5|0|0|288000|560|4480152|191510
1200000|1|6000|3|5|1|2|288000|560|4480152|261249
1200000|1|6000|3|5|0|0|288000|561|4488152|191962
1200000|1|6000|3|5|1|2|288000|561|4488152|262190
1200000|1|6000|3|5|0|0|288000|562|4496153|192001
1200000|1|6000|3|5|1|2|288000|562|4496153|263010
1200000|1|6000|3|5|0|0|288000|563|4504155|192906
1200000|1|6000|3|5|1|2|288000|563|4504155|264283
1200000|1|6000|3|5|0|0|288000|564|4512157|192902
1200000|1|6000|3|5|1|2|288000|564|4512157|265759
1200000|1|6000|3|5|0|0|288000|565|4520159|193806
1200000|1|6000|3|5|1|2|288000|565|4520159|267235
1200000|1|6000|3|5|0|0|288000|566|4528161|194626
1200000|1|6000|3|5|1|2|288000|566|4528161|267932
1200000|1|6000|3|5|0|0|288000|567|4536163|196429
1200000|1|6000|3|5|1|2|288000|567|4536163|269036
1200000|1|6000|3|5|0|0|288000|568|4544164|197086
1200000|1|6000|3|5|1|2|288000|568|4544164|270063
1200000|1|6000|3|5|0|0|288000|569|4552165|198030
1200000|1|6000|3|5|1|2|288000|569|4552165|270514
1200000|1|6000|3|5|0|0|288000|570|4560166|198850
1200000|1|6000|3|5|1|2|288000|570|4560166|270469
1200000|1|6000|3|5|0|0|288000|571|4568166|200121
1200000|1|6000|3|5|1|2|288000|571|4568166|269940
1200000|1|6000|3|5|0|0|288000|572|4576166|201023
1200000|1|6000|3|5|1|2|288000|572|4576166|270063
1200000|1|6000|3|5|0|0|288000|573|4584167|202334
1200000|1|6000|3|5|1|2|288000|573|4584167|269405
1200000|1|6000|3|5|0|0|288000|574|4592167|202495
1200000|1|6000|3|5|1|2|288000|574|4592167|269981
1200000|1|6000|3|5|0|0|288000|575|4600168|202990
1200000|1|6000|3|5|1|2|288000|575|4600168|269941
1200000|1|6000|3|5|0|0|288000|576|4608169|203689
1200000|1|6000|3|5|1|2|288000|576|4608169|270309
1200000|1|6000|3|5|0|0|288000|577|4616170|204180
1200000|1|6000|3|5|1|2|288000|577|4616170|270473
1200000|1|6000|3|5|0|0|288000|578|4624170|204589
1200000|1|6000|3|5|1|2|288000|578|4624170|271375
1200000|1|6000|3|5|0|0|288000|579|4632171|205246
1200000|1|6000|3|5|1|2|288000|579|4632171|271170
1200000|1|6000|3|5|0|0|288000|580|4640171|205369
1200000|1|6000|3|5|1|2|288000|580|4640171|270883
1200000|1|6000|3|5|0|0|288000|581|4648171|205819
1200000|1|6000|3|5|1|2|288000|581|4648171|270680
1200000|1|6000|3|5|0|0|288000|582|4656172|206271
1200000|1|6000|3|5|1|2|288000|582|4656172|270228
1200000|1|6000|3|5|0|0|288000|583|4664172|207255
1200000|1|6000|3|5|1|2|288000|583|4664172|270063
1200000|1|6000|3|5|0|0|288000|584|4672172|207498
1200000|1|6000|3|5|1|2|288000|584|4672172|269117
1200000|1|6000|3|5|0|0|288000|585|4680171|207744
1200000|1|6000|3|5|1|2|288000|585|4680171|268628
1200000|1|6000|3|5|0|0|288000|586|4688170|208362
1200000|1|6000|3|5|1|2|288000|586|4688170|268218
1200000|1|6000|3|5|0|0|288000|587|4696169|208730
1200000|1|6000|3|5|1|2|288000|587|4696169|267932
1200000|1|6000|3|5|0|0|288000|588|4704168|209179
1200000|1|6000|3|5|1|2|288000|588|4704168|267603
1200000|1|6000|3|5|0|0|288000|589|4712167|209509
1200000|1|6000|3|5|1|2|288000|589|4712167|267193
1200000|1|6000|3|5|0|0|288000|590|4720166|209634
1200000|1|6000|3|5|1|2|288000|590|4720166|266290
1200000|1|6000|3|5|0|0|288000|591|4728165|209632
1200000|1|6000|3|5|1|2|288000|591|4728165|266415
1200000|1|6000|3|5|0|0|288000|592|4736165|209880
1200000|1|6000|3|5|1|2|288000|592|4736165|266289
1200000|1|6000|3|5|0|0|288000|593|4744165|209671
1200000|1|6000|3|5|1|2|288000|593|4744165|266577
1200000|1|6000|3|5|0|0|288000|594|4752166|209797
1200000|1|6000|3|5|1|2|288000|594|4752166|267027
1200000|1|6000|3|5|0|0|288000|595|4760166|209796
1200000|1|6000|3|5|1|2|288000|595|4760166|267522
1200000|1|6000|3|5|0|0|288000|596|4768167|209755
1200000|1|6000|3|5|1|2|288000|596|4768167|267931
1200000|1|6000|3|5|0|0|288000|597|4776167|210042
1200000|1|6000|3|5|1|2|288000|597|4776167|268258
1200000|1|6000|3|5|0|0|288000|598|4784167|210370
1200000|1|6000|3|5|1|2|288000|598|4784167|269076
1200000|1|6000|3|5|0|0|288000|599|4792167|209961
1200000|1|6000|3|5|1|2|288000|599|4792167|269324
1200000|1|6000|3|5|0|0|288000|600|4800168|209427
1200000|1|6000|3|5|1|2|288000|600|4800168|270063
1200000|1|6000|3|5|0|0|288000|601|4808168|208814
1200000|1|6000|3|5|1|2|288000|601|4808168|270105
1200000|1|6000|3|5|0|0|288000|602|4816168|208402
1200000|1|6000|3|5|1|2|288000|602|4816168|270923
1200000|1|6000|3|5|0|0|288000|603|4824169|208525
1200000|1|6000|3|5|1|2|288000|603|4824169|270515
1200000|1|6000|3|5|0|0|288000|604|4832169|207542
1200000|1|6000|3|5|1|2|288000|604|4832169|271292
1200000|1|6000|3|5|0|0|288000|605|4840169|207006
1200000|1|6000|3|5|1|2|288000|605|4840169|271168
1200000|1|6000|3|5|0|0|288000|606|4848169|205820
1200000|1|6000|3|5|1|2|288000|606|4848169|271865
1200000|1|6000|3|5|0|0|288000|607|4856169|204794
1200000|1|6000|3|5|1|2|288000|607|4856169|271579
1200000|1|6000|3|5|0|0|288000|608|4864169|203688
1200000|1|6000|3|5|1|2|288000|608|4864169|272110
1200000|1|6000|3|5|0|0|288000|609|4872169|202786
1200000|1|6000|3|5|1|2|288000|609|4872169|272360
1200000|1|6000|3|5|0|0|288000|610|4880169|201597
1200000|1|6000|3|5|1|2|288000|610|4880169|272606
1200000|1|6000|3|5|0|0|288000|611|4888169|200694
1200000|1|6000|3|5|1|2|288000|611|4888169|272359
1200000|1|6000|3|5|0|0|288000|612|4896168|200530
1200000|1|6000|3|5|1|2|288000|612|4896168|272729
1200000|1|6000|3|5|0|0|288000|613|4904168|199872
1200000|1|6000|3|5|1|2|288000|613|4904168|272523
1200000|1|6000|3|5|0|0|288000|614|4912168|199505
1200000|1|6000|3|5|1|2|288000|614|4912168|272729
1200000|1|6000|3|5|0|0|288000|615|4920167|198932
1200000|1|6000|3|5|1|2|288000|615|4920167|272357
1200000|1|6000|3|5|0|0|288000|616|4928167|198438
1200000|1|6000|3|5|1|2|288000|616|4928167|271415
1200000|1|6000|3|5|0|0|288000|617|4936166|198195
1200000|1|6000|3|5|1|2|288000|617|4936166|271006
1200000|1|6000|3|5|0|0|288000|618|4944166|197538
1200000|1|6000|3|5|1|2|288000|618|4944166|270597
1200000|1|6000|3|5|0|0|288000|619|4952165|197539
1200000|1|6000|3|5|1|2|288000|619|4952165|270431
1200000|1|6000|3|5|0|0|288000|620|4960165|197826
1200000|1|6000|3|5|1|2|288000|620|4960165|269653
1200000|1|6000|3|5|0|0|288000|621|4968164|198071
1200000|1|6000|3|5|1|2|288000|621|4968164|270510
1200000|1|6000|3|5|0|0|288000|622|4976165|198276
1200000|1|6000|3|5|1|2|288000|622|4976165|270310
1200000|1|6000|3|5|0|0|288000|623|4984165|198195
1200000|1|6000|3|5|1|2|288000|623|4984165|270760
1200000|1|6000|3|5|0|0|288000|624|4992165|198399
1200000|1|6000|3|5|1|2|288000|624|4992165|270351
1200000|1|6000|3|5|0|0|288000|625|5000165|198153
1200000|1|6000|3|5|1|2|288000|625|5000165|270802
1200000|1|6000|3|5|0|0|288000|626|5008165|197950
1200000|1|6000|3|5|1|2|288000|626|5008165|270596
1200000|1|6000|3|5|0|0|288000|627|5016165|197333
1200000|1|6000|3|5|1|2|288000|627|5016165|270472
1200000|1|6000|3|5|0|0|288000|628|5024165|197005
1200000|1|6000|3|5|1|2|288000|628|5024165|269777
1200000|1|6000|3|5|0|0|288000|629|5032164|196717
1200000|1|6000|3|5|1|2|288000|629|5032164|270145
1200000|1|6000|3|5|0|0|288000|630|5040165|196185
1200000|1|6000|3|5|1|2|288000|630|5040165|270920
1200000|1|6000|3|5|0|0|288000|631|5048166|196348
1200000|1|6000|3|5|1|2|288000|631|5048166|271661
1200000|1|6000|3|5|0|0|288000|632|5056167|196100
1200000|1|6000|3|5|1|2|288000|632|5056167|272440
1200000|1|6000|3|5|0|0|288000|633|5064167|196391
1200000|1|6000|3|5|1|2|288000|633|5064167|272770
1200000|1|6000|3|5|0|0|288000|634|5072167|195689
1200000|1|6000|3|5|1|2|288000|634|5072167|273795
1200000|1|6000|3|5|0|0|288000|635|5080168|194956
1200000|1|6000|3|5|1|2|288000|635|5080168|274040
1200000|1|6000|3|5|0|0|288000|636|5088168|194091
1200000|1|6000|3|5|1|2|288000|636|5088168|274246
1200000|1|6000|3|5|0|0|288000|637|5096168|192946
1200000|1|6000|3|5|1|2|288000|637|5096168|274203
1200000|1|6000|3|5|0|0|288000|638|5104169|192250
1200000|1|6000|3|5|1|2|288000|638|5104169|274983
1200000|1|6000|3|5|0|0|288000|639|5112170|190896
1200000|1|6000|3|5|1|2|288000|639|5112170|275187
1200000|1|6000|3|5|0|0|288000|640|5120171|190363
1200000|1|6000|3|5|1|2|288000|640|5120171|275434
1200000|1|6000|3|5|0|0|288000|641|5128172|189215
1200000|1|6000|3|5|1|2|288000|641|5128172|275229
1200000|1|6000|3|5|0|0|288000|642|5136173|188231
1200000|1|6000|3|5|1|2|288000|642|5136173|275064
1200000|1|6000|3|5|0|0|288000|643|5144173|187491
1200000|1|6000|3|5|1|2|288000|643|5144173|275312
1200000|1|6000|3|5|0|0|288000|644|5152174|186549
1200000|1|6000|3|5|1|2|288000|644|5152174|274077
1200000|1|6000|3|5|0|0|288000|645|5160173|185440
1200000|1|6000|3|5|1|2|288000|645|5160173|273589
1200000|1|6000|3|5|0|0|288000|646|5168172|184294
1200000|1|6000|3|5|1|2|288000|646|5168172|272643
1200000|1|6000|3|5|0|0|288000|647|5176171|183065
1200000|1|6000|3|5|1|2|288000|647|5176171|273015
1200000|1|6000|3|5|0|0|288000|648|5184172|181753
1200000|1|6000|3|5|1|2|288000|648|5184172|271744
1200000|1|6000|3|5|0|0|288000|649|5192171|181341
1200000|1|6000|3|5|1|2|288000|649|5192171|272033
1200000|1|6000|3|5|0|0|288000|650|5200171|180684
1200000|1|6000|3|5|1|2|288000|650|5200171|270637
1200000|1|6000|3|5|0|0|288000|651|5208171|179867
1200000|1|6000|3|5|1|2|288000|651|5208171|270596
1200000|1|6000|3|5|0|0|288000|652|5216171|179251
1200000|1|6000|3|5|1|2|288000|652|5216171|270186
1200000|1|6000|3|5|0|0|288000|653|5224171|178266
1200000|1|6000|3|5|1|2|288000|653|5224171|269367
1200000|1|6000|3|5|0|0|288000|654|5232171|177570
1200000|1|6000|3|5|1|2|288000|654|5232171|268793
1200000|1|6000|3|5|0|0|288000|655|5240171|176625
1200000|1|6000|3|5|1|2|288000|655|5240171|267440
1200000|1|6000|3|5|0|0|288000|656|5248170|175644
1200000|1|6000|3|5|1|2|288000|656|5248170|266456
1200000|1|6000|3|5|0|0|288000|657|5256170|174988
1200000|1|6000|3|5|1|2|288000|657|5256170|265307
1200000|1|6000|3|5|0|0|288000|658|5264169|175027
1200000|1|6000|3|5|1|2|288000|658|5264169|264607
1200000|1|6000|3|5|0|0|288000|659|5272168|175151
1200000|1|6000|3|5|1|2|288000|659|5272168|264118
1200000|1|6000|3|5|0|0|288000|660|5280167|174902
1200000|1|6000|3|5|1|2|288000|660|5280167|263709
1200000|1|6000|3|5|0|0|288000|661|5288166|175274
1200000|1|6000|3|5|1|2|288000|661|5288166|262969
1200000|1|6000|3|5|0|0|288000|662|5296166|174742
1200000|1|6000|3|5|1|2|288000|662|5296166|262233
1200000|1|6000|3|5|0|0|288000|663|5304165|174865
1200000|1|6000|3|5|1|2|288000|663|5304165|261904
1200000|1|6000|3|5|0|0|288000|664|5312165|174823
1200000|1|6000|3|5|1|2|288000|664|5312165|261125
1200000|1|6000|3|5|0|0|288000|665|5320164|174744
1200000|1|6000|3|5|1|2|288000|665|5320164|260798
1200000|1|6000|3|5|0|0|288000|666|5328164|174208
1200000|1|6000|3|5|1|2|288000|666|5328164|260059
1200000|1|6000|3|5|0|0|288000|667|5336163|173676
1200000|1|6000|3|5|1|2|288000|667|5336163|259236
1200000|1|6000|3|5|0|0|288000|668|5344163|173184
1200000|1|6000|3|5|1|2|288000|668|5344163|258418
1200000|1|6000|3|5|0|0|288000|669|5352162|173225
1200000|1|6000|3|5|1|2|288000|669|5352162|257312
1200000|1|6000|3|5|0|0|288000|670|5360161|172855
1200000|1|6000|3|5|1|2|288000|670|5360161|257601
1200000|1|6000|3|5|0|0|288000|671|5368162|172074
1200000|1|6000|3|5|1|2|288000|671|5368162|256862
1200000|1|6000|3|5|0|0|288000|672|5376161|171830
1200000|1|6000|3|5|1|2|288000|672|5376161|257434
1200000|1|6000|3|5|0|0|288000|673|5384162|171503
1200000|1|6000|3|5|1|2|288000|673|5384162|256451
1200000|1|6000|3|5|0|0|288000|674|5392161|170969
1200000|1|6000|3|5|1|2|288000|674|5392161|256737
1200000|1|6000|3|5|0|0|288000|675|5400162|170764
1200000|1|6000|3|5|1|2|288000|675|5400162|256860
1200000|1|6000|3|5|0|0|288000|676|5408163|170190
1200000|1|6000|3|5|1|2|288000|676|5408163|258214
1200000|1|6000|3|5|0|0|288000|677|5416164|169453
1200000|1|6000|3|5|1|2|288000|677|5416164|261002
1200000|1|6000|3|5|0|0|288000|678|5424164|168592
1200000|1|6000|3|5|1|2|288000|678|5424164|263872
1200000|1|6000|3|5|0|0|288000|679|5432165|168388
1200000|1|6000|3|5|1|2|288000|679|5432165|266533
1200000|1|6000|3|5|0|0|288000|680|5440165|167650
1200000|1|6000|3|5|1|2|288000|680|5440165|269079
1200000|1|6000|3|5|0|0|288000|681|5448165|166662
1200000|1|6000|3|5|1|2|288000|681|5448165|272769
1200000|1|6000|3|5|0|0|288000|682|5456167|166543
1200000|1|6000|3|5|1|2|288000|682|5456167|274859
1200000|1|6000|3|5|0|0|288000|683|5464167|165065
1200000|1|6000|3|5|1|2|288000|683|5464167|276910
1200000|1|6000|3|5|0|0|288000|684|5472168|164531
1200000|1|6000|3|5|1|2|288000|684|5472168|278714
1200000|1|6000|3|5|0|0|288000|685|5480168|163958
1200000|1|6000|3|5|1|2|288000|685|5480168|280601
1200000|1|6000|3|5|0|0|288000|686|5488169|162808
1200000|1|6000|3|5|1|2|288000|686|5488169|283142
1200000|1|6000|3|5|0|0|288000|687|5496170|162277
1200000|1|6000|3|5|1|2|288000|687|5496170|285642
1200000|1|6000|3|5|0|0|288000|688|5504170|162275
1200000|1|6000|3|5|1|2|288000|688|5504170|287857
1200000|1|6000|3|5|0|0|288000|689|5512171|162605
1200000|1|6000|3|5|1|2|288000|689|5512171|289578
1200000|1|6000|3|5|0|0|288000|690|5520170|162360
1200000|1|6000|3|5|1|2|288000|690|5520170|290767
1200000|1|6000|3|5|0|0|288000|691|5528169|162442
1200000|1|6000|3|5|1|2|288000|691|5528169|291998
1200000|1|6000|3|5|0|0|288000|692|5536169|161704
1200000|1|6000|3|5|1|2|288000|692|5536169|293350
1200000|1|6000|3|5|0|0|288000|693|5544169|161541
1200000|1|6000|3|5|1|2|288000|693|5544169|294868
1200000|1|6000|3|5|0|0|288000|694|5552169|161212
1200000|1|6000|3|5|1|2|288000|694|5552169|296381
1200000|1|6000|3|5|0|0|288000|695|5560169|160679
1200000|1|6000|3|5|1|2|288000|695|5560169|297532
1200000|1|6000|3|5|0|0|288000|696|5568169|160556
1200000|1|6000|3|5|1|2|288000|696|5568169|299665
1200000|1|6000|3|5|0|0|288000|697|5576170|160556
1200000|1|6000|3|5|1|2|288000|697|5576170|301838
1200000|1|6000|3|5|0|0|288000|698|5584172|160598
1200000|1|6000|3|5|1|2|288000|698|5584172|303479
1200000|1|6000|3|5|0|0|288000|699|5592172|160720
1200000|1|6000|3|5|1|2|288000|699|5592172|304872
1200000|1|6000|3|5|0|0|288000|700|5600174|160353
1200000|1|6000|3|5|1|2|288000|700|5600174|306224
1200000|1|6000|3|5|0|0|288000|701|5608175|160516
1200000|1|6000|3|5|1|2|288000|701|5608175|307620
1200000|1|6000|3|5|0|0|288000|702|5616176|161581
1200000|1|6000|3|5|1|2|288000|702|5616176|309217
1200000|1|6000|3|5|0|0|288000|703|5624177|161540
1200000|1|6000|3|5|1|2|288000|703|5624177|309955
1200000|1|6000|3|5|0|0|288000|704|5632177|161581
1200000|1|6000|3|5|1|2|288000|704|5632177|310939
1200000|1|6000|3|5|0|0|288000|705|5640177|161990
1200000|1|6000|3|5|1|2|288000|705|5640177|310691
1200000|1|6000|3|5|0|0|288000|706|5648175|162357
1200000|1|6000|3|5|1|2|288000|706|5648175|310733
1200000|1|6000|3|5|0|0|288000|707|5656175|163137
1200000|1|6000|3|5|1|2|288000|707|5656175|310323
1200000|1|6000|3|5|0|0|288000|708|5664174|163546
1200000|1|6000|3|5|1|2|288000|708|5664174|310409
1200000|1|6000|3|5|0|0|288000|709|5672173|163752
1200000|1|6000|3|5|1|2|288000|709|5672173|310488
1200000|1|6000|3|5|0|0|288000|710|5680173|163343
1200000|1|6000|3|5|1|2|288000|710|5680173|310896
1200000|1|6000|3|5|0|0|288000|711|5688172|163835
1200000|1|6000|3|5|1|2|288000|711|5688172|311431
1200000|1|6000|3|5|0|0|288000|712|5696172|163343
1200000|1|6000|3|5|1|2|288000|712|5696172|312294
1200000|1|6000|3|5|0|0|288000|713|5704173|164123
1200000|1|6000|3|5|1|2|288000|713|5704173|312333
1200000|1|6000|3|5|0|0|288000|714|5712174|163796
1200000|1|6000|3|5|1|2|288000|714|5712174|313277
1200000|1|6000|3|5|0|0|288000|715|5720176|164247
1200000|1|6000|3|5|1|2|288000|715|5720176|313727
1200000|1|6000|3|5|0|0|288000|716|5728177|164081
1200000|1|6000|3|5|1|2|288000|716|5728177|314093
1200000|1|6000|3|5|0|0|288000|717|5736178|164980
1200000|1|6000|3|5|1|2|288000|717|5736178|314180
1200000|1|6000|3|5|0|0|288000|718|5744179|165312
1200000|1|6000|3|5|1|2|288000|718|5744179|313769
1200000|1|6000|3|5|0|0|288000|719|5752179|165026
1200000|1|6000|3|5|1|2|288000|719|5752179|313892
1200000|1|6000|3|5|0|0|288000|720|5760179|165353
1200000|1|6000|3|5|1|2|288000|720|5760179|314508
1200000|1|6000|3|5|0|0|288000|721|5768180|164862
1200000|1|6000|3|5|1|2|288000|721|5768180|315779
1200000|1|6000|3|5|0|0|288000|722|5776181|164901
1200000|1|6000|3|5|1|2|288000|722|5776181|316474
1200000|1|6000|3|5|0|0|288000|723|5784182|164903
1200000|1|6000|3|5|1|2|288000|723|5784182|317171
1200000|1|6000|3|5|0|0|288000|724|5792182|165313
1200000|1|6000|3|5|1|2|288000|724|5792182|317663
1200000|1|6000|3|5|0|0|288000|725|5800184|165393
1200000|1|6000|3|5|1|2|288000|725|5800184|318193
1200000|1|6000|3|5|0|0|288000|726|5808184|165722
1200000|1|6000|3|5|1|2|288000|726|5808184|319059
1200000|1|6000|3|5|0|0|288000|727|5816186|166051
1200000|1|6000|3|5|1|2|288000|727|5816186|319262
1200000|1|6000|3|5|0|0|288000|728|5824187|166419
1200000|1|6000|3|5|1|2|288000|728|5824187|319099
1200000|1|6000|3|5|0|0|288000|729|5832188|166623
1200000|1|6000|3|5|1|2|288000|729|5832188|319344
1200000|1|6000|3|5|0|0|288000|730|5840188|166374
1200000|1|6000|3|5|1|2|288000|730|5840188|319960
1200000|1|6000|3|5|0|0|288000|731|5848189|166008
1200000|1|6000|3|5|1|2|288000|731|5848189|320451
1200000|1|6000|3|5|0|0|288000|732|5856190|165681
1200000|1|6000|3|5|1|2|288000|732|5856190|320371
1200000|1|6000|3|5|0|0|288000|733|5864191|165437
1200000|1|6000|3|5|1|2|288000|733|5864191|320740
1200000|1|6000|3|5|0|0|288000|734|5872191|164819
1200000|1|6000|3|5|1|2|288000|734|5872191|320779
1200000|1|6000|3|5|0|0|288000|735|5880191|164287
1200000|1|6000|3|5|1|2|288000|735|5880191|320859
1200000|1|6000|3|5|0|0|288000|736|5888190|164737
1200000|1|6000|3|5|1|2|288000|736|5888190|320493
1200000|1|6000|3|5|0|0|288000|737|5896189|164081
1200000|1|6000|3|5|1|2|288000|737|5896189|320206
1200000|1|6000|3|5|0|0|288000|738|5904189|164573
1200000|1|6000|3|5|1|2|288000|738|5904189|319959
1200000|1|6000|3|5|0|0|288000|739|5912188|163835
1200000|1|6000|3|5|1|2|288000|739|5912188|319879
1200000|1|6000|3|5|0|0|288000|740|5920188|164369
1200000|1|6000|3|5|1|2|288000|740|5920188|319303
1200000|1|6000|3|5|0|0|288000|741|5928187|164941
1200000|1|6000|3|5|1|2|288000|741|5928187|320165
1200000|1|6000|3|5|0|0|288000|742|5936188|165639
1200000|1|6000|3|5|1|2|288000|742|5936188|320863
1200000|1|6000|3|5|0|0|288000|743|5944189|165965
1200000|1|6000|3|5|1|2|288000|743|5944189|321477
1200000|1|6000|3|5|0|0|288000|744|5952191|166255
1200000|1|6000|3|5|1|2|288000|744|5952191|322499
1200000|1|6000|3|5|0|0|288000|745|5960191|166746
1200000|1|6000|3|5|1|2|288000|745|5960191|323032
1200000|1|6000|3|5|0|0|288000|746|5968192|166869
1200000|1|6000|3|5|1|2|288000|746|5968192|323978
1200000|1|6000|3|5|0|0|288000|747|5976193|167280
1200000|1|6000|3|5|1|2|288000|747|5976193|324019
1200000|1|6000|3|5|0|0|288000|748|5984194|166911
1200000|1|6000|3|5|1|2|288000|748|5984194|324758
1200000|1|6000|3|5|0|0|288000|749|5992194|166952
1200000|1|6000|3|5|1|2|288000|749|5992194|325002
1200000|1|6000|3|5|0|0|288000|750|6000194|166991
1200000|1|6000|3|5|1|2|288000|750|6000194|325657
1200000|1|6000|3|5|0|0|288000|751|6008195|167116
1200000|1|6000|3|5|1|2|288000|751|6008195|325332
1200000|1|6000|3|5|0|0|288000|752|6016195|167321
1200000|1|6000|3|5|1|2|288000|752|6016195|325823
1200000|1|6000|3|5|0|0|288000|753|6024196|167281
1200000|1|6000|3|5|1|2|288000|753|6024196|326230
1200000|1|6000|3|5|0|0|288000|754|6032196|167895
1200000|1|6000|3|5|1|2|288000|754|6032196|326600
1200000|1|6000|3|5|0|0|288000|755|6040197|168181
1200000|1|6000|3|5|1|2|288000|755|6040197|326928
1200000|1|6000|3|5|0|0|288000|756|6048197|168469
1200000|1|6000|3|5|1|2|288000|756|6048197|327091
1200000|1|6000|3|5|0|0|288000|757|6056198|168468
1200000|1|6000|3|5|1|2|288000|757|6056198|327339
1200000|1|6000|3|5|0|0|288000|758|6064199|168757
1200000|1|6000|3|5|1|2|288000|758|6064199|326726
1200000|1|6000|3|5|0|0|288000|759|6072199|168919
1200000|1|6000|3|5|1|2|288000|759|6072199|326601
1200000|1|6000|3|5|0|0|288000|760|6080199|169000
1200000|1|6000|3|5|1|2|288000|760|6080199|326150
1200000|1|6000|3|5|0|0|288000|761|6088200|168427
1200000|1|6000|3|5|1|2|288000|761|6088200|325864
1200000|1|6000|3|5|0|0|288000|762|6096201|168468
1200000|1|6000|3|5|1|2|288000|762|6096201|325330
1200000|1|6000|3|5|0|0|288000|763|6104202|168920
1200000|1|6000|3|5|1|2|288000|763|6104202|324673
1200000|1|6000|3|5|0|0|288000|764|6112202|169043
1200000|1|6000|3|5|1|2|288000|764|6112202|324592
1200000|1|6000|3|5|0|0|288000|765|6120203|169576
1200000|1|6000|3|5|1|2|288000|765|6120203|324426
1200000|1|6000|3|5|0|0|288000|766|6128202|169615
1200000|1|6000|3|5|1|2|288000|766|6128202|324675
1200000|1|6000|3|5|0|0|288000|767|6136203|170518
1200000|1|6000|3|5|1|2|288000|767|6136203|324593
1200000|1|6000|3|5|0|0|288000|768|6144203|170808
1200000|1|6000|3|5|1|2|288000|768|6144203|324307
1200000|1|6000|3|5|0|0|288000|769|6152203|170723
1200000|1|6000|3|5|1|2|288000|769|6152203|323977
1200000|1|6000|3|5|0|0|288000|770|6160203|169946
1200000|1|6000|3|5|1|2|288000|770|6160203|323404
1200000|1|6000|3|5|0|0|288000|771|6168202|169290
1200000|1|6000|3|5|1|2|288000|771|6168202|323360
1200000|1|6000|3|5|0|0|288000|772|6176202|169043
1200000|1|6000|3|5|1|2|288000|772|6176202|322255
1200000|1|6000|3|5|0|0|288000|773|6184202|168755
1200000|1|6000|3|5|1|2|288000|773|6184202|322010
1200000|1|6000|3|5|0|0|288000|774|6192201|168508
1200000|1|6000|3|5|1|2|288000|774|6192201|321724
1200000|1|6000|3|5|0|0|288000|775|6200200|168305
1200000|1|6000|3|5|1|2|288000|775|6200200|321845
1200000|1|6000|3|5|0|0|288000|776|6208200|168260
1200000|1|6000|3|5|1|2|288000|776|6208200|321477
1200000|1|6000|3|5|0|0|288000|777|6216199|168838
1200000|1|6000|3|5|1|2|288000|777|6216199|321680
1200000|1|6000|3|5|0|0|288000|778|6224199|170106
1200000|1|6000|3|5|1|2|288000|778|6224199|321189
1200000|1|6000|3|5|0|0|288000|779|6232198|170149
1200000|1|6000|3|5|1|2|288000|779|6232198|321190
1200000|1|6000|3|5|0|0|288000|780|6240198|170273
1200000|1|6000|3|5|1|2|288000|780|6240198|320247
1200000|1|6000|3|5|0|0|288000|781|6248197|170396
1200000|1|6000|3|5|1|2|288000|781|6248197|320163
1200000|1|6000|3|5|0|0|288000|782|6256196|170557
1200000|1|6000|3|5|1|2|288000|782|6256196|319549
1200000|1|6000|3|5|0|0|288000|783|6264195|170518
1200000|1|6000|3|5|1|2|288000|783|6264195|319141
1200000|1|6000|3|5|0|0|288000|784|6272194|169777
1200000|1|6000|3|5|1|2|288000|784|6272194|319222
1200000|1|6000|3|5|0|0|288000|785|6280194|169822
1200000|1|6000|3|5|1|2|288000|785|6280194|319098
1200000|1|6000|3|5|0|0|288000|786|6288193|170110
1200000|1|6000|3|5|1|2|288000|786|6288193|319713
1200000|1|6000|3|5|0|0|288000|787|6296193|171135
1200000|1|6000|3|5|1|2|288000|787|6296193|320984
1200000|1|6000|3|5|0|0|288000|788|6304194|172037
1200000|1|6000|3|5|1|2|288000|788|6304194|321641
1200000|1|6000|3|5|0|0|288000|789|6312194|172855
1200000|1|6000|3|5|1|2|288000|789|6312194|322502
1200000|1|6000|3|5|0|0|288000|790|6320195|173595
1200000|1|6000|3|5|1|2|288000|790|6320195|322996
1200000|1|6000|3|5|0|0|288000|791|6328195|174905
1200000|1|6000|3|5|1|2|288000|791|6328195|323239
1200000|1|6000|3|5|0|0|288000|792|6336195|175605
1200000|1|6000|3|5|1|2|288000|792|6336195|324060
1200000|1|6000|3|5|0|0|288000|793|6344195|176423
1200000|1|6000|3|5|1|2|288000|793|6344195|324098
1200000|1|6000|3|5|0|0|288000|794|6352195|176461
1200000|1|6000|3|5|1|2|288000|794|6352195|323281
1200000|1|6000|3|5|0|0|288000|795|6360193|177365
1200000|1|6000|3|5|1|2|288000|795|6360193|321886
1200000|1|6000|3|5|0|0|288000|796|6368191|177775
1200000|1|6000|3|5|1|2|288000|796|6368191|321847
1200000|1|6000|3|5|0|0|288000|797|6376189|178554
1200000|1|6000|3|5|1|2|288000|797|6376189|321477
1200000|1|6000|3|5|0|0|288000|798|6384188|179126
1200000|1|6000|3|5|1|2|288000|798|6384188|321066
1200000|1|6000|3|5|0|0|288000|799|6392187|180356
1200000|1|6000|3|5|1|2|288000|799|6392187|320694
1200000|1|6000|3|5|0|0|288000|800|6400186|180437
1200000|1|6000|3|5|1|2|288000|800|6400186|320452
1200000|1|6000|3|5|0|0|288000|801|6408185|181344
1200000|1|6000|3|5|1|2|288000|801|6408185|321189
1200000|1|6000|3|5|0|0|288000|802|6416186|182162
1200000|1|6000|3|5|1|2|288000|802|6416186|322134
1200000|1|6000|3|5|0|0|288000|803|6424186|182328
1200000|1|6000|3|5|1|2|288000|803|6424186|322624
1200000|1|6000|3|5|0|0|288000|804|6432187|182983
1200000|1|6000|3|5|1|2|288000|804|6432187|323362
1200000|1|6000|3|5|0|0|288000|805|6440188|183761
1200000|1|6000|3|5|1|2|288000|805|6440188|323893
1200000|1|6000|3|5|0|0|288000|806|6448188|184294
1200000|1|6000|3|5|1|2|288000|806|6448188|324881
1200000|1|6000|3|5|0|0|288000|807|6456189|184746
1200000|1|6000|3|5|1|2|288000|807|6456189|324713
1200000|1|6000|3|5|0|0|288000|808|6464189|185318
1200000|1|6000|3|5|1|2|288000|808|6464189|325533
1200000|1|6000|3|5|0|0|288000|809|6472189|185319
1200000|1|6000|3|5|1|2|288000|809|6472189|325616
1200000|1|6000|3|5|0|0|288000|810|6480189|185484
1200000|1|6000|3|5|1|2|288000|810|6480189|326230
1200000|1|6000|3|5|0|0|288000|811|6488189|185976
1200000|1|6000|3|5|1|2|288000|811|6488189|325865
1200000|1|6000|3|5|0|0|288000|812|6496189|186466
1200000|1|6000|3|5|1|2|288000|812|6496189|326070
1200000|1|6000|3|5|0|0|288000|813|6504189|186998
1200000|1|6000|3|5|1|2|288000|813|6504189|326110
1200000|1|6000|3|5|0|0|288000|814|6512189|187205
1200000|1|6000|3|5|1|2|288000|814|6512189|326602
1200000|1|6000|3|5|0|0|288000|815|6520190|187080
1200000|1|6000|3|5|1|2|288000|815|6520190|326930
1200000|1|6000|3|5|0|0|288000|816|6528190|186918
1200000|1|6000|3|5|1|2|288000|816|6528190|327627
1200000|1|6000|3|5|0|0|288000|817|6536191|186180
1200000|1|6000|3|5|1|2|288000|817|6536191|327664
1200000|1|6000|3|5|0|0|288000|818|6544192|185526
1200000|1|6000|3|5|1|2|288000|818|6544192|328200
1200000|1|6000|3|5|0|0|288000|819|6552192|184951
1200000|1|6000|3|5|1|2|288000|819|6552192|328816
1200000|1|6000|3|5|0|0|288000|820|6560193|184336
1200000|1|6000|3|5|1|2|288000|820|6560193|328815
1200000|1|6000|3|5|0|0|288000|821|6568193|184295
1200000|1|6000|3|5|1|2|288000|821|6568193|329267
1200000|1|6000|3|5|0|0|288000|822|6576193|184049
1200000|1|6000|3|5|1|2|288000|822|6576193|329103
1200000|1|6000|3|5|0|0|288000|823|6584194|183390
1200000|1|6000|3|5|1|2|288000|823|6584194|329390
1200000|1|6000|3|5|0|0|288000|824|6592193|182899
1200000|1|6000|3|5|1|2|288000|824|6592193|328734
1200000|1|6000|3|5|0|0|288000|825|6600193|182285
1200000|1|6000|3|5|1|2|288000|825|6600193|328980
1200000|1|6000|3|5|0|0|288000|826|6608192|181709
1200000|1|6000|3|5|1|2|288000|826|6608192|328198
1200000|1|6000|3|5|0|0|288000|827|6616192|181137
1200000|1|6000|3|5|1|2|288000|827|6616192|327996
1200000|1|6000|3|5|0|0|288000|828|6624191|180646
1200000|1|6000|3|5|1|2|288000|828|6624191|327132
1200000|1|6000|3|5|0|0|288000|829|6632190|180479
1200000|1|6000|3|5|1|2|288000|829|6632190|326968
1200000|1|6000|3|5|0|0|288000|830|6640190|180645
1200000|1|6000|3|5|1|2|288000|830|6640190|325901
1200000|1|6000|3|5|0|0|288000|831|6648188|180684
1200000|1|6000|3|5|1|2|288000|831|6648188|326396
1200000|1|6000|3|5|0|0|288000|832|6656189|180769
1200000|1|6000|3|5|1|2|288000|832|6656189|326643
1200000|1|6000|3|5|0|0|288000|833|6664190|180687
1200000|1|6000|3|5|1|2|288000|833|6664190|326804
1200000|1|6000|3|5|0|0|288000|834|6672190|180891
1200000|1|6000|3|5|1|2|288000|834|6672190|327664
1200000|1|6000|3|5|0|0|288000|835|6680192|180274
1200000|1|6000|3|5|1|2|288000|835|6680192|328733
1200000|1|6000|3|5|0|0|288000|836|6688193|180031
1200000|1|6000|3|5|1|2|288000|836|6688193|329637
1200000|1|6000|3|5|0|0|288000|837|6696195|180038
1200000|1|6000|3|5|1|2|288000|837|6696195|330047
1200000|1|6000|3|5|0|0|288000|838|6704196|180399
1200000|1|6000|3|5|1|2|288000|838|6704196|330373
1200000|1|6000|3|5|0|0|288000|839|6712196|180571
1200000|1|6000|3|5|1|2|288000|839|6712196|330251
1200000|1|6000|3|5|0|0|288000|840|6720196|180571
1200000|1|6000|3|5|1|2|288000|840|6720196|330578
1200000|1|6000|3|5|0|0|288000|841|6728195|181022
1200000|1|6000|3|5|1|2|288000|841|6728195|330539
1200000|1|6000|3|5|0|0|288000|842|6736195|180653
1200000|1|6000|3|5|1|2|288000|842|6736195|330540
1200000|1|6000|3|5|0|0|288000|843|6744195|181145
1200000|1|6000|3|5|1|2|288000|843|6744195|330947
1200000|1|6000|3|5|0|0|288000|844|6752196|180407
1200000|1|6000|3|5|1|2|288000|844|6752196|331559
1200000|1|6000|3|5|0|0|288000|845|6760196|179423
1200000|1|6000|3|5|1|2|288000|845|6760196|331933
1200000|1|6000|3|5|0|0|288000|846|6768197|178562
1200000|1|6000|3|5|1|2|288000|846|6768197|332793
1200000|1|6000|3|5|0|0|288000|847|6776198|177947
1200000|1|6000|3|5|1|2|288000|847|6776198|333039
1200000|1|6000|3|5|0|0|288000|848|6784199|177332
1200000|1|6000|3|5|1|2|288000|848|6784199|333774
1200000|1|6000|3|5|0|0|288000|849|6792199|176430
1200000|1|6000|3|5|1|2|288000|849|6792199|334311
1200000|1|6000|3|5|0|0|288000|850|6800200|175487
1200000|1|6000|3|5|1|2|288000|850|6800200|334802
1200000|1|6000|3|5|0|0|288000|851|6808200|174872
1200000|1|6000|3|5|1|2|288000|851|6808200|334719
1200000|1|6000|3|5|0|0|288000|852|6816201|175446
1200000|1|6000|3|5|1|2|288000|852|6816201|335459
1200000|1|6000|3|5|0|0|288000|853|6824201|176102
1200000|1|6000|3|5|1|2|288000|853|6824201|335704
1200000|1|6000|3|5|0|0|288000|854|6832202|176143
1200000|1|6000|3|5|1|2|288000|854|6832202|336521
1200000|1|6000|3|5|0|0|288000|855|6840203|176348
1200000|1|6000|3|5|1|2|288000|855|6840203|336275
1200000|1|6000|3|5|0|0|288000|856|6848203|176143
1200000|1|6000|3|5|1|2|288000|856|6848203|335988
1200000|1|6000|3|5|0|0|288000|857|6856204|175733
1200000|1|6000|3|5|1|2|288000|857|6856204|335868
1200000|1|6000|3|5|0|0|288000|858|6864204|175733
1200000|1|6000|3|5|1|2|288000|858|6864204|335459
1200000|1|6000|3|5|0|0|288000|859|6872204|175159
1200000|1|6000|3|5|1|2|288000|859|6872204|335581
1200000|1|6000|3|5|0|0|288000|860|6880204|173970
1200000|1|6000|3|5|1|2|288000|860|6880204|335376
1200000|1|6000|3|5|0|0|288000|861|6888205|173150
1200000|1|6000|3|5|1|2|288000|861|6888205|335499
1200000|1|6000|3|5|0|0|288000|862|6896205|172617
1200000|1|6000|3|5|1|2|288000|862|6896205|335868
1200000|1|6000|3|5|0|0|288000|863|6904206|171879
1200000|1|6000|3|5|1|2|288000|863|6904206|337344
1200000|1|6000|3|5|0|0|288000|864|6912207|170895
1200000|1|6000|3|5|1|2|288000|864|6912207|337879
1200000|1|6000|3|5|0|0|288000|865|6920207|170280
1200000|1|6000|3|5|1|2|288000|865|6920207|338983
1200000|1|6000|3|5|0|0|288000|866|6928208|169870
1200000|1|6000|3|5|1|2|288000|866|6928208|339682
1200000|1|6000|3|5|0|0|288000|867|6936209|170116
1200000|1|6000|3|5|1|2|288000|867|6936209|340705
1200000|1|6000|3|5|0|0|288000|868|6944210|170034
1200000|1|6000|3|5|1|2|288000|868|6944210|340911
1200000|1|6000|3|5|0|0|288000|869|6952210|169788
1200000|1|6000|3|5|1|2|288000|869|6952210|340296
1200000|1|6000|3|5|0|0|288000|870|6960209|169829
1200000|1|6000|3|5|1|2|288000|870|6960209|339351
1200000|1|6000|3|5|0|0|288000|871|6968209|169911
1200000|1|6000|3|5|1|2|288000|871|6968209|337713
1200000|1|6000|3|5|0|0|288000|872|6976208|169624
1200000|1|6000|3|5|1|2|288000|872|6976208|337343
1200000|1|6000|3|5|0|0|288000|873|6984208|169542
1200000|1|6000|3|5|1|2|288000|873|6984208|336441
1200000|1|6000|3|5|0|0|288000|874|6992207|168722
1200000|1|6000|3|5|1|2|288000|874|6992207|335827
1200000|1|6000|3|5|0|0|288000|875|7000207|167861
1200000|1|6000|3|5|1|2|288000|875|7000207|334925
1200000|1|6000|3|5|0|0|288000|876|7008206|167738
1200000|1|6000|3|5|1|2|288000|876|7008206|335375
1200000|1|6000|3|5|0|0|288000|877|7016207|168025
1200000|1|6000|3|5|1|2|288000|877|7016207|334722
1200000|1|6000|3|5|0|0|288000|878|7024206|168025
1200000|1|6000|3|5|1|2|288000|878|7024206|334143
1200000|1|6000|3|5|0|0|288000|879|7032205|168025
1200000|1|6000|3|5|1|2|288000|879|7032205|333696
1200000|1|6000|3|5|0|0|288000|880|7040205|167861
1200000|1|6000|3|5|1|2|288000|880|7040205|333038
1200000|1|6000|3|5|0|0|288000|881|7048205|168189
1200000|1|6000|3|5|1|2|288000|881|7048205|332790
1200000|1|6000|3|5|0|0|288000|882|7056204|167861
1200000|1|6000|3|5|1|2|288000|882|7056204|332096
1200000|1|6000|3|5|0|0|288000|883|7064204|167656
1200000|1|6000|3|5|1|2|288000|883|7064204|331276
1200000|1|6000|3|5|0|0|288000|884|7072203|167205
1200000|1|6000|3|5|1|2|288000|884|7072203|331110
1200000|1|6000|3|5|0|0|288000|885|7080203|166836
1200000|1|6000|3|5|1|2|288000|885|7080203|331234
1200000|1|6000|3|5|0|0|288000|886|7088203|166180
1200000|1|6000|3|5|1|2|288000|886|7088203|331767
1200000|1|6000|3|5|0|0|288000|887|7096203|165975
1200000|1|6000|3|5|1|2|288000|887|7096203|331931
1200000|1|6000|3|5|0|0|288000|888|7104203|165811
1200000|1|6000|3|5|1|2|288000|888|7104203|332835
1200000|1|6000|3|5|0|0|288000|889|7112204|165975
1200000|1|6000|3|5|1|2|288000|889|7112204|333653
1200000|1|6000|3|5|0|0|288000|890|7120206|166713
1200000|1|6000|3|5|1|2|288000|890|7120206|334515
1200000|1|6000|3|5|0|0|288000|891|7128207|167164
1200000|1|6000|3|5|1|2|288000|891|7128207|334679
1200000|1|6000|3|5|0|0|288000|892|7136207|168230
1200000|1|6000|3|5|1|2|288000|892|7136207|334106
1200000|1|6000|3|5|0|0|288000|893|7144206|168394
1200000|1|6000|3|5|1|2|288000|893|7144206|333491
1200000|1|6000|3|5|0|0|288000|894|7152206|169214
1200000|1|6000|3|5|1|2|288000|894|7152206|333161
1200000|1|6000|3|5|0|0|288000|895|7160205|169624
1200000|1|6000|3|5|1|2|288000|895|7160205|332384
1200000|1|6000|3|5|0|0|288000|896|7168205|170239
1200000|1|6000|3|5|1|2|288000|896|7168205|332300
1200000|1|6000|3|5|0|0|288000|897|7176204|170075
1200000|1|6000|3|5|1|2|288000|897|7176204|332014
1200000|1|6000|3|5|0|0|288000|898|7184204|169706
1200000|1|6000|3|5|1|2|288000|898|7184204|332014
1200000|1|6000|3|5|0|0|288000|899|7192203|168722
1200000|1|6000|3|5|1|2|288000|899|7192203|332587
1200000|1|6000|3|5|0|0|288000|900|7200204|168599
1200000|1|6000|3|5|1|2|288000|900|7200204|333243
1200000|1|6000|3|5|0|0|288000|901|7208203|168353
1200000|1|6000|3|5|1|2|288000|901|7208203|333407
1200000|1|6000|3|5|0|0|288000|902|7216203|168189
1200000|1|6000|3|5|1|2|288000|902|7216203|333815
1200000|1|6000|3|5|0|0|288000|903|7224203|167902
1200000|1|6000|3|5|1|2|288000|903|7224203|333653
1200000|1|6000|3|5|0|0|288000|904|7232203|168230
1200000|1|6000|3|5|1|2|288000|904|7232203|334145
1200000|1|6000|3|5|0|0|288000|905|7240204|168927
1200000|1|6000|3|5|1|2|288000|905|7240204|334351
1200000|1|6000|3|5|0|0|288000|906|7248203|168927
1200000|1|6000|3|5|1|2|288000|906|7248203|334063
1200000|1|6000|3|5|0|0|288000|907|7256203|168968
1200000|1|6000|3|5|1|2|288000|907|7256203|333858
1200000|1|6000|3|5|0|0|288000|908|7264203|168394
1200000|1|6000|3|5|1|2|288000|908|7264203|334063
1200000|1|6000|3|5|0|0|288000|909|7272203|168353
1200000|1|6000|3|5|1|2|288000|909|7272203|334064
1200000|1|6000|3|5|0|0|288000|910|7280203|167943
1200000|1|6000|3|5|1|2|288000|910|7280203|334020
1200000|1|6000|3|5|0|0|288000|911|7288203|167574
1200000|1|6000|3|5|1|2|288000|911|7288203|334021
1200000|1|6000|3|5|0|0|288000|912|7296202|166754
1200000|1|6000|3|5|1|2|288000|912|7296202|334228
1200000|1|6000|3|5|0|0|288000|913|7304202|166057
1200000|1|6000|3|5|1|2|288000|913|7304202|334310
1200000|1|6000|3|5|0|0|288000|914|7312202|166344
1200000|1|6000|3|5|1|2|288000|914|7312202|335254
1200000|1|6000|3|5|0|0|288000|915|7320203|165729
1200000|1|6000|3|5|1|2|288000|915|7320203|335579
1200000|1|6000|3|5|0|0|288000|916|7328204|165729
1200000|1|6000|3|5|1|2|288000|916|7328204|335622
1200000|1|6000|3|5|0|0|288000|917|7336205|165319
1200000|1|6000|3|5|1|2|288000|917|7336205|335623
1200000|1|6000|3|5|0|0|288000|918|7344206|164868
1200000|1|6000|3|5|1|2|288000|918|7344206|335376
1200000|1|6000|3|5|0|0|288000|919|7352207|164868
1200000|1|6000|3|5|1|2|288000|919|7352207|335990
1200000|1|6000|3|5|0|0|288000|920|7360208|164294
1200000|1|6000|3|5|1|2|288000|920|7360208|335908
1200000|1|6000|3|5|0|0|288000|921|7368209|164499
1200000|1|6000|3|5|1|2|288000|921|7368209|335500
1200000|1|6000|3|5|0|0|288000|922|7376208|164417
1200000|1|6000|3|5|1|2|288000|922|7376208|335250
1200000|1|6000|3|5|0|0|288000|923|7384208|164745
1200000|1|6000|3|5|1|2|288000|923|7384208|335047
1200000|1|6000|3|5|0|0|288000|924|7392208|164868
1200000|1|6000|3|5|1|2|288000|924|7392208|334392
1200000|1|6000|3|5|0|0|288000|925|7400208|165155
1200000|1|6000|3|5|1|2|288000|925|7400208|333900
1200000|1|6000|3|5|0|0|288000|926|7408208|165114
1200000|1|6000|3|5|1|2|288000|926|7408208|334105
1200000|1|6000|3|5|0|0|288000|927|7416209|165606
1200000|1|6000|3|5|1|2|288000|927|7416209|333611
1200000|1|6000|3|5|0|0|288000|928|7424209|165073
1200000|1|6000|3|5|1|2|288000|928|7424209|333490
1200000|1|6000|3|5|0|0|288000|929|7432210|164868
1200000|1|6000|3|5|1|2|288000|929|7432210|333408
1200000|1|6000|3|5|0|0|288000|930|7440211|164663
1200000|1|6000|3|5|1|2|288000|930|7440211|332872
1200000|1|6000|3|5|0|0|288000|931|7448211|164663
1200000|1|6000|3|5|1|2|288000|931|7448211|332629
1200000|1|6000|3|5|0|0|288000|932|7456211|164745
1200000|1|6000|3|5|1|2|288000|932|7456211|331973
1200000|1|6000|3|5|0|0|288000|933|7464211|164417
1200000|1|6000|3|5|1|2|288000|933|7464211|331522
1200000|1|6000|3|5|0|0|288000|934|7472211|164007
1200000|1|6000|3|5|1|2|288000|934|7472211|331152
1200000|1|6000|3|5|0|0|288000|935|7480211|163843
1200000|1|6000|3|5|1|2|288000|935|7480211|330415
1200000|1|6000|3|5|0|0|288000|936|7488211|164048
1200000|1|6000|3|5|1|2|288000|936|7488211|330742
1200000|1|6000|3|5|0|0|288000|937|7496212|163679
1200000|1|6000|3|5|1|2|288000|937|7496212|330657
1200000|1|6000|3|5|0|0|288000|938|7504213|163474
1200000|1|6000|3|5|1|2|288000|938|7504213|330579
1200000|1|6000|3|5|0|0|288000|939|7512213|162859
1200000|1|6000|3|5|1|2|288000|939|7512213|330576
1200000|1|6000|3|5|0|0|288000|940|7520213|162695
1200000|1|6000|3|5|1|2|288000|940|7520213|330210
1200000|1|6000|3|5|0|0|288000|941|7528212|162367
1200000|1|6000|3|5|1|2|288000|941|7528212|329961
1200000|1|6000|3|5|0|0|288000|942|7536212|162080
1200000|1|6000|3|5|1|2|288000|942|7536212|330006
1200000|1|6000|3|5|0|0|288000|943|7544212|161670
1200000|1|6000|3|5|1|2|288000|943|7544212|329390
1200000|1|6000|3|5|0|0|288000|944|7552211|161301
1200000|1|6000|3|5|1|2|288000|944|7552211|329842
1200000|1|6000|3|5|0|0|288000|945|7560211|160645
1200000|1|6000|3|5|1|2|288000|945|7560211|329594
1200000|1|6000|3|5|0|0|288000|946|7568212|160030
1200000|1|6000|3|5|1|2|288000|946|7568212|329718
1200000|1|6000|3|5|0|0|288000|947|7576212|159866
1200000|1|6000|3|5|1|2|288000|947|7576212|329923
1200000|1|6000|3|5|0|0|288000|948|7584212|159128
1200000|1|6000|3|5|1|2|288000|948|7584212|329553
1200000|1|6000|3|5|0|0|288000|949|7592212|159292
1200000|1|6000|3|5|1|2|288000|949|7592212|329678
1200000|1|6000|3|5|0|0|288000|950|7600212|159866
1200000|1|6000|3|5|1|2|288000|950|7600212|329349
1200000|1|6000|3|5|0|0|288000|951|7608211|161055
1200000|1|6000|3|5|1|2|288000|951|7608211|330539
1200000|1|6000|3|5|0|0|288000|952|7616212|162162
1200000|1|6000|3|5|1|2|288000|952|7616212|331642
1200000|1|6000|3|5|0|0|288000|953|7624213|163187
1200000|1|6000|3|5|1|2|288000|953|7624213|332505
1200000|1|6000|3|5|0|0|288000|954|7632214|164212
1200000|1|6000|3|5|1|2|288000|954|7632214|333694
1200000|1|6000|3|5|0|0|288000|955|7640215|165278
1200000|1|6000|3|5|1|2|288000|955|7640215|334475
1200000|1|6000|3|5|0|0|288000|956|7648216|165401
1200000|1|6000|3|5|1|2|288000|956|7648216|335416
1200000|1|6000|3|5|0|0|288000|957|7656218|165442
1200000|1|6000|3|5|1|2|288000|957|7656218|336401
1200000|1|6000|3|5|0|0|288000|958|7664219|165934
1200000|1|6000|3|5|1|2|288000|958|7664219|336809
1200000|1|6000|3|5|0|0|288000|959|7672220|165934
1200000|1|6000|3|5|1|2|288000|959|7672220|336771
1200000|1|6000|3|5|0|0|288000|960|7680219|166754
1200000|1|6000|3|5|1|2|288000|960|7680219|335990
1200000|1|6000|3|5|0|0|288000|961|7688219|166877
1200000|1|6000|3|5|1|2|288000|961|7688219|335911
1200000|1|6000|3|5|0|0|288000|962|7696220|167861
1200000|1|6000|3|5|1|2|288000|962|7696220|335376
1200000|1|6000|3|5|0|0|288000|963|7704220|168230
1200000|1|6000|3|5|1|2|288000|963|7704220|335293
1200000|1|6000|3|5|0|0|288000|964|7712220|169337
1200000|1|6000|3|5|1|2|288000|964|7712220|334967
1200000|1|6000|3|5|0|0|288000|965|7720220|170157
1200000|1|6000|3|5|1|2|288000|965|7720220|334925
1200000|1|6000|3|5|0|0|288000|966|7728220|170854
1200000|1|6000|3|5|1|2|288000|966|7728220|334514
1200000|1|6000|3|5|0|0|288000|967|7736220|171879
1200000|1|6000|3|5|1|2|288000|967|7736220|334639
1200000|1|6000|3|5|0|0|288000|968|7744220|173109
1200000|1|6000|3|5|1|2|288000|968|7744220|334596
1200000|1|6000|3|5|0|0|288000|969|7752220|174052
1200000|1|6000|3|5|1|2|288000|969|7752220|334350
1200000|1|6000|3|5|0|0|288000|970|7760221|174749
1200000|1|6000|3|5|1|2|288000|970|7760221|334105
1200000|1|6000|3|5|0|0|288000|971|7768221|175118
1200000|1|6000|3|5|1|2|288000|971|7768221|333697
1200000|1|6000|3|5|0|0|288000|972|7776221|175159
1200000|1|6000|3|5|1|2|288000|972|7776221|333942
1200000|1|6000|3|5|0|0|288000|973|7784221|174913
1200000|1|6000|3|5|1|2|288000|973|7784221|334064
1200000|1|6000|3|5|0|0|288000|974|7792222|174790
1200000|1|6000|3|5|1|2|288000|974|7792222|334064
1200000|1|6000|3|5|0|0|288000|975|7800222|174626
1200000|1|6000|3|5|1|2|288000|975|7800222|333938
1200000|1|6000|3|5|0|0|288000|976|7808221|174667
1200000|1|6000|3|5|1|2|288000|976|7808221|334679
1200000|1|6000|3|5|0|0|288000|977|7816222|174544
1200000|1|6000|3|5|1|2|288000|977|7816222|335090
1200000|1|6000|3|5|0|0|288000|978|7824222|174790
1200000|1|6000|3|5|1|2|288000|978|7824222|335869
1200000|1|6000|3|5|0|0|288000|979|7832223|174462
1200000|1|6000|3|5|1|2|288000|979|7832223|336279
1200000|1|6000|3|5|0|0|288000|980|7840223|174913
1200000|1|6000|3|5|1|2|288000|980|7840223|336646
1200000|1|6000|3|5|0|0|288000|981|7848222|174462
1200000|1|6000|3|5|1|2|288000|981|7848222|336892
1200000|1|6000|3|5|0|0|288000|982|7856222|173642
1200000|1|6000|3|5|1|2|288000|982|7856222|337302
1200000|1|6000|3|5|0|0|288000|983|7864222|173273
1200000|1|6000|3|5|1|2|288000|983|7864222|337179
1200000|1|6000|3|5|0|0|288000|984|7872223|172986
1200000|1|6000|3|5|1|2|288000|984|7872223|336482
1200000|1|6000|3|5|0|0|288000|985|7880223|172740
1200000|1|6000|3|5|1|2|288000|985|7880223|336646
1200000|1|6000|3|5|0|0|288000|986|7888223|172658
1200000|1|6000|3|5|1|2|288000|986|7888223|336279
1200000|1|6000|3|5|0|0|288000|987|7896224|172207
1200000|1|6000|3|5|1|2|288000|987|7896224|336646
1200000|1|6000|3|5|0|0|288000|988|7904224|172330
1200000|1|6000|3|5|1|2|288000|988|7904224|336605
1200000|1|6000|3|5|0|0|288000|989|7912224|171715
1200000|1|6000|3|5|1|2|288000|989|7912224|336647
1200000|1|6000|3|5|0|0|288000|990|7920225|171305
1200000|1|6000|3|5|1|2|288000|990|7920225|335827
1200000|1|6000|3|5|0|0|288000|991|7928224|170526
1200000|1|6000|3|5|1|2|288000|991|7928224|335580
1200000|1|6000|3|5|0|0|288000|992|7936223|169911
1200000|1|6000|3|5|1|2|288000|992|7936223|335294
1200000|1|6000|3|5|0|0|288000|993|7944223|169706
1200000|1|6000|3|5|1|2|288000|993|7944223|335416
1200000|1|6000|3|5|0|0|288000|994|7952224|168722
1200000|1|6000|3|5|1|2|288000|994|7952224|335459
1200000|1|6000|3|5|0|0|288000|995|7960224|168435
1200000|1|6000|3|5|1|2|288000|995|7960224|334557
1200000|1|6000|3|5|0|0|288000|996|7968224|167738
1200000|1|6000|3|5|1|2|288000|996|7968224|334352
1200000|1|6000|3|5|0|0|288000|997|7976223|167902
1200000|1|6000|3|5|1|2|288000|997|7976223|334268
1200000|1|6000|3|5|0|0|288000|998|7984223|167451
1200000|1|6000|3|5|1|2|288000|998|7984223|334269
1200000|1|6000|3|5|0|0|288000|999|7992223|167369
1200000|1|6000|3|5|1|2|288000|999|7992223|333531
1200000|1|6000|3|5|0|0|288000|1000|8000223|166795
1200000|1|6000|3|5|1|2|288000|1000|8000223|333284
1200000|1|6000|3|5|0|0|288000|1001|8008223|167000
1200000|1|6000|3|5|1|2|288000|1001|8008223|332506
1200000|1|6000|3|5|0|0|288000|1002|8016223|166754
1200000|1|6000|3|5|1|2|288000|1002|8016223|332218
1200000|1|6000|3|5|0|0|288000|1003|8024223|166795
1200000|1|6000|3|5|1|2|288000|1003|8024223|332425
1200000|1|6000|3|5|0|0|288000|1004|8032223|167287
1200000|1|6000|3|5|1|2|288000|1004|8032223|332301
1200000|1|6000|3|5|0|0|288000|1005|8040224|167287
1200000|1|6000|3|5|1|2|288000|1005|8040224|332507
1200000|1|6000|3|5|0|0|288000|1006|8048223|167205
1200000|1|6000|3|5|1|2|288000|1006|8048223|332875
1200000|1|6000|3|5|0|0|288000|1007|8056224|167164
1200000|1|6000|3|5|1|2|288000|1007|8056224|333161
1200000|1|6000|3|5|0|0|288000|1008|8064223|167000
1200000|1|6000|3|5|1|2|288000|1008|8064223|333366
1200000|1|6000|3|5|0|0|288000|1009|8072223|166959
1200000|1|6000|3|5|1|2|288000|1009|8072223|333736
1200000|1|6000|3|5|0|0|288000|1010|8080223|167082
1200000|1|6000|3|5|1|2|288000|1010|8080223|333694
1200000|1|6000|3|5|0|0|288000|1011|8088224|166262
1200000|1|6000|3|5|1|2|288000|1011|8088224|333695
1200000|1|6000|3|5|0|0|288000|1012|8096223|166098
1200000|1|6000|3|5|1|2|288000|1012|8096223|333408
1200000|1|6000|3|5|0|0|288000|1013|8104223|165360
1200000|1|6000|3|5|1|2|288000|1013|8104223|333735
1200000|1|6000|3|5|0|0|288000|1014|8112224|165893
1200000|1|6000|3|5|1|2|288000|1014|8112224|333939
1200000|1|6000|3|5|0|0|288000|1015|8120224|165647
1200000|1|6000|3|5|1|2|288000|1015|8120224|334634
1200000|1|6000|3|5|0|0|288000|1016|8128225|166180
1200000|1|6000|3|5|1|2|288000|1016|8128225|335006
1200000|1|6000|3|5|0|0|288000|1017|8136225|165688
1200000|1|6000|3|5|1|2|288000|1017|8136225|335458
1200000|1|6000|3|5|0|0|288000|1018|8144225|166016
1200000|1|6000|3|5|1|2|288000|1018|8144225|336195
1200000|1|6000|3|5|0|0|288000|1019|8152226|165934
1200000|1|6000|3|5|1|2|288000|1019|8152226|336770
1200000|1|6000|3|5|0|0|288000|1020|8160227|165893
1200000|1|6000|3|5|1|2|288000|1020|8160227|336525
1200000|1|6000|3|5|0|0|288000|1021|8168227|165606
1200000|1|6000|3|5|1|2|288000|1021|8168227|335991
1200000|1|6000|3|5|0|0|288000|1022|8176226|164745
1200000|1|6000|3|5|1|2|288000|1022|8176226|335949
1200000|1|6000|3|5|0|0|288000|1023|8184227|164540
1200000|1|6000|3|5|1|2|288000|1023|8184227|335622
1200000|1|6000|3|5|0|0|288000|1024|8192227|164745
1200000|1|6000|3|5|1|2|288000|1024|8192227|335949
1200000|1|6000|3|5|0|0|288000|1025|8200228|165647
1200000|1|6000|3|5|1|2|288000|1025|8200228|334966
1200000|1|6000|3|5|0|0|288000|1026|8208226|166016
1200000|1|6000|3|5|1|2|288000|1026|8208226|335786
1200000|1|6000|3|5|0|0|288000|1027|8216228|166344
1200000|1|6000|3|5|1|2|288000|1027|8216228|335621
1200000|1|6000|3|5|0|0|288000|1028|8224227|166959
1200000|1|6000|3|5|1|2|288000|1028|8224227|336072
1200000|1|6000|3|5|0|0|288000|1029|8232228|167123
1200000|1|6000|3|5|1|2|288000|1029|8232228|335910
1200000|1|6000|3|5|0|0|288000|1030|8240228|167902
1200000|1|6000|3|5|1|2|288000|1030|8240228|336031
1200000|1|6000|3|5|0|0|288000|1031|8248228|167861
1200000|1|6000|3|5|1|2|288000|1031|8248228|335744
1200000|1|6000|3|5|0|0|288000|1032|8256228|168148
1200000|1|6000|3|5|1|2|288000|1032|8256228|335622
1200000|1|6000|3|5|0|0|288000|1033|8264228|168886
1200000|1|6000|3|5|1|2|288000|1033|8264228|335459
1200000|1|6000|3|5|0|0|288000|1034|8272228|169911
1200000|1|6000|3|5|1|2|288000|1034|8272228|334803
1200000|1|6000|3|5|0|0|288000|1035|8280228|170772
1200000|1|6000|3|5|1|2|288000|1035|8280228|335250
1200000|1|6000|3|5|0|0|288000|1036|8288229|171879
1200000|1|6000|3|5|1|2|288000|1036|8288229|335541
1200000|1|6000|3|5|0|0|288000|1037|8296229|172658
1200000|1|6000|3|5|1|2|288000|1037|8296229|336359
1200000|1|6000|3|5|0|0|288000|1038|8304229|173314
1200000|1|6000|3|5|1|2|288000|1038|8304229|336275
1200000|1|6000|3|5|0|0|288000|1039|8312229|173273
1200000|1|6000|3|5|1|2|288000|1039|8312229|336811
1200000|1|6000|3|5|0|0|288000|1040|8320229|173191
1200000|1|6000|3|5|1|2|288000|1040|8320229|336851
1200000|1|6000|3|5|0|0|288000|1041|8328229|172289
1200000|1|6000|3|5|1|2|288000|1041|8328229|336484
1200000|1|6000|3|5|0|0|288000|1042|8336229|171961
1200000|1|6000|3|5|1|2|288000|1042|8336229|336029
1200000|1|6000|3|5|0|0|288000|1043|8344229|171674
1200000|1|6000|3|5|1|2|288000|1043|8344229|335906
1200000|1|6000|3|5|0|0|288000|1044|8352229|171223
1200000|1|6000|3|5|1|2|288000|1044|8352229|335908
1200000|1|6000|3|5|0|0|288000|1045|8360229|171428
1200000|1|6000|3|5|1|2|288000|1045|8360229|335579
1200000|1|6000|3|5|0|0|288000|1046|8368229|171510
1200000|1|6000|3|5|1|2|288000|1046|8368229|336033
1200000|1|6000|3|5|0|0|288000|1047|8376229|172166
1200000|1|6000|3|5|1|2|288000|1047|8376229|335908
1200000|1|6000|3|5|0|0|288000|1048|8384229|171510
1200000|1|6000|3|5|1|2|288000|1048|8384229|336976
1200000|1|6000|3|5|0|0|288000|1049|8392230|170936
1200000|1|6000|3|5|1|2|288000|1049|8392230|336769
1200000|1|6000|3|5|0|0|288000|1050|8400230|170198
1200000|1|6000|3|5|1|2|288000|1050|8400230|337795
1200000|1|6000|3|5|0|0|288000|1051|8408230|169542
1200000|1|6000|3|5|1|2|288000|1051|8408230|337099
1200000|1|6000|3|5|0|0|288000|1052|8416229|168763
1200000|1|6000|3|5|1|2|288000|1052|8416229|337754
1200000|1|6000|3|5|0|0|288000|1053|8424230|167984
1200000|1|6000|3|5|1|2|288000|1053|8424230|337426
1200000|1|6000|3|5|0|0|288000|1054|8432230|167205
1200000|1|6000|3|5|1|2|288000|1054|8432230|338283
1200000|1|6000|3|5|0|0|288000|1055|8440230|167123
1200000|1|6000|3|5|1|2|288000|1055|8440230|338041
1200000|1|6000|3|5|0|0|288000|1056|8448230|167246
1200000|1|6000|3|5|1|2|288000|1056|8448230|339268
1200000|1|6000|3|5|0|0|288000|1057|8456231|167205
1200000|1|6000|3|5|1|2|288000|1057|8456231|339923
1200000|1|6000|3|5|0|0|288000|1058|8464232|167123
1200000|1|6000|3|5|1|2|288000|1058|8464232|341074
1200000|1|6000|3|5|0|0|288000|1059|8472233|167041
1200000|1|6000|3|5|1|2|288000|1059|8472233|341895
1200000|1|6000|3|5|0|0|288000|1060|8480234|167164
1200000|1|6000|3|5|1|2|288000|1060|8480234|343125
1200000|1|6000|3|5|0|0|288000|1061|8488235|166672
1200000|1|6000|3|5|1|2|288000|1061|8488235|343739
1200000|1|6000|3|5|0|0|288000|1062|8496236|167451
1200000|1|6000|3|5|1|2|288000|1062|8496236|344228
1200000|1|6000|3|5|0|0|288000|1063|8504237|166877
1200000|1|6000|3|5|1|2|288000|1063|8504237|345010
1200000|1|6000|3|5|0|0|288000|1064|8512238|166631
1200000|1|6000|3|5|1|2|288000|1064|8512238|344884
1200000|1|6000|3|5|0|0|288000|1065|8520237|166549
1200000|1|6000|3|5|1|2|288000|1065|8520237|344190
1200000|1|6000|3|5|0|0|288000|1066|8528237|165811
1200000|1|6000|3|5|1|2|288000|1066|8528237|343328
1200000|1|6000|3|5|0|0|288000|1067|8536237|166385
1200000|1|6000|3|5|1|2|288000|1067|8536237|343203
1200000|1|6000|3|5|0|0|288000|1068|8544237|166221
1200000|1|6000|3|5|1|2|288000|1068|8544237|342960
1200000|1|6000|3|5|0|0|288000|1069|8552237|165975
1200000|1|6000|3|5|1|2|288000|1069|8552237|343043
1200000|1|6000|3|5|0|0|288000|1070|8560237|164786
1200000|1|6000|3|5|1|2|288000|1070|8560237|342958
1200000|1|6000|3|5|0|0|288000|1071|8568238|165155
1200000|1|6000|3|5|1|2|288000|1071|8568238|342467
1200000|1|6000|3|5|0|0|288000|1072|8576237|165155
1200000|1|6000|3|5|1|2|288000|1072|8576237|342552
1200000|1|6000|3|5|0|0|288000|1073|8584237|165565
1200000|1|6000|3|5|1|2|288000|1073|8584237|342960
1200000|1|6000|3|5|0|0|288000|1074|8592237|165155
1200000|1|6000|3|5|1|2|288000|1074|8592237|343126
1200000|1|6000|3|5|0|0|288000|1075|8600238|164458
1200000|1|6000|3|5|1|2|288000|1075|8600238|343125
1200000|1|6000|3|5|0|0|288000|1076|8608237|164212
1200000|1|6000|3|5|1|2|288000|1076|8608237|343657
1200000|1|6000|3|5|0|0|288000|1077|8616238|164130
1200000|1|6000|3|5|1|2|288000|1077|8616238|343617
1200000|1|6000|3|5|0|0|288000|1078|8624238|164622
1200000|1|6000|3|5|1|2|288000|1078|8624238|343493
1200000|1|6000|3|5|0|0|288000|1079|8632238|164458
1200000|1|6000|3|5|1|2|288000|1079|8632238|343781
1200000|1|6000|3|5|0|0|288000|1080|8640238|164786
1200000|1|6000|3|5|1|2|288000|1080|8640238|344437
1200000|1|6000|3|5|0|0|288000|1081|8648238|164745
1200000|1|6000|3|5|1|2|288000|1081|8648238|344845
1200000|1|6000|3|5|0|0|288000|1082|8656239|165073
1200000|1|6000|3|5|1|2|288000|1082|8656239|345299
1200000|1|6000|3|5|0|0|288000|1083|8664240|165565
1200000|1|6000|3|5|1|2|288000|1083|8664240|345668
1200000|1|6000|3|5|0|0|288000|1084|8672241|164950
1200000|1|6000|3|5|1|2|288000|1084|8672241|345912
1200000|1|6000|3|5|0|0|288000|1085|8680241|164294
1200000|1|6000|3|5|1|2|288000|1085|8680241|346447
1200000|1|6000|3|5|0|0|288000|1086|8688242|164171
1200000|1|6000|3|5|1|2|288000|1086|8688242|346856
1200000|1|6000|3|5|0|0|288000|1087|8696242|164130
1200000|1|6000|3|5|1|2|288000|1087|8696242|346773
1200000|1|6000|3|5|0|0|288000|1088|8704243|164048
1200000|1|6000|3|5|1|2|288000|1088|8704243|346935
1200000|1|6000|3|5|0|0|288000|1089|8712243|163966
1200000|1|6000|3|5|1|2|288000|1089|8712243|347385
1200000|1|6000|3|5|0|0|288000|1090|8720244|163556
1200000|1|6000|3|5|1|2|288000|1090|8720244|348129
1200000|1|6000|3|5|0|0|288000|1091|8728245|163720
1200000|1|6000|3|5|1|2|288000|1091|8728245|348332
1200000|1|6000|3|5|0|0|288000|1092|8736246|163146
1200000|1|6000|3|5|1|2|288000|1092|8736246|349193
1200000|1|6000|3|5|0|0|288000|1093|8744247|163310
1200000|1|6000|3|5|1|2|288000|1093|8744247|349394
1200000|1|6000|3|5|0|0|288000|1094|8752247|162490
1200000|1|6000|3|5|1|2|288000|1094|8752247|348947
1200000|1|6000|3|5|0|0|288000|1095|8760247|162695
1200000|1|6000|3|5|1|2|288000|1095|8760247|348537
1200000|1|6000|3|5|0|0|288000|1096|8768246|162039
1200000|1|6000|3|5|1|2|288000|1096|8768246|347840
1200000|1|6000|3|5|0|0|288000|1097|8776245|161670
1200000|1|6000|3|5|1|2|288000|1097|8776245|347595
1200000|1|6000|3|5|0|0|288000|1098|8784245|161219
1200000|1|6000|3|5|1|2|288000|1098|8784245|346894
1200000|1|6000|3|5|0|0|288000|1099|8792244|161629
1200000|1|6000|3|5|1|2|288000|1099|8792244|346526
1200000|1|6000|3|5|0|0|288000|1100|8800243|162244
1200000|1|6000|3|5|1|2|288000|1100|8800243|346364
1200000|1|6000|3|5|0|0|288000|1101|8808243|162654
1200000|1|6000|3|5|1|2|288000|1101|8808243|346487
1200000|1|6000|3|5|0|0|288000|1102|8816244|163351
1200000|1|6000|3|5|1|2|288000|1102|8816244|346446
1200000|1|6000|3|5|0|0|288000|1103|8824244|164007
1200000|1|6000|3|5|1|2|288000|1103|8824244|347879
1200000|1|6000|3|5|0|0|288000|1104|8832245|164663
1200000|1|6000|3|5|1|2|288000|1104|8832245|348700
1200000|1|6000|3|5|0|0|288000|1105|8840245|165073
1200000|1|6000|3|5|1|2|288000|1105|8840245|350094
1200000|1|6000|3|5|0|0|288000|1106|8848247|165729
1200000|1|6000|3|5|1|2|288000|1106|8848247|350383
1200000|1|6000|3|5|0|0|288000|1107|8856247|165114
1200000|1|6000|3|5|1|2|288000|1107|8856247|351775
1200000|1|6000|3|5|0|0|288000|1108|8864248|164499
1200000|1|6000|3|5|1|2|288000|1108|8864248|352020
1200000|1|6000|3|5|0|0|288000|1109|8872248|164294
1200000|1|6000|3|5|1|2|288000|1109|8872248|352514
1200000|1|6000|3|5|0|0|288000|1110|8880248|164253
1200000|1|6000|3|5|1|2|288000|1110|8880248|352310
1200000|1|6000|3|5|0|0|288000|1111|8888248|163802
1200000|1|6000|3|5|1|2|288000|1111|8888248|351981
1200000|1|6000|3|5|0|0|288000|1112|8896249|164212
1200000|1|6000|3|5|1|2|288000|1112|8896249|352308
1200000|1|6000|3|5|0|0|288000|1113|8904250|164130
1200000|1|6000|3|5|1|2|288000|1113|8904250|351940
1200000|1|6000|3|5|0|0|288000|1114|8912249|165114
1200000|1|6000|3|5|1|2|288000|1114|8912249|352636
1200000|1|6000|3|5|0|0|288000|1115|8920250|165852
1200000|1|6000|3|5|1|2|288000|1115|8920250|352881
1200000|1|6000|3|5|0|0|288000|1116|8928250|165647
1200000|1|6000|3|5|1|2|288000|1116|8928250|353662
1200000|1|6000|3|5|0|0|288000|1117|8936251|166385
1200000|1|6000|3|5|1|2|288000|1117|8936251|354153
1200000|1|6000|3|5|0|0|288000|1118|8944252|165893
1200000|1|6000|3|5|1|2|288000|1118|8944252|354031
1200000|1|6000|3|5|0|0|288000|1119|8952253|166549
1200000|1|6000|3|5|1|2|288000|1119|8952253|353456
1200000|1|6000|3|5|0|0|288000|1120|8960253|166303
1200000|1|6000|3|5|1|2|288000|1120|8960253|353457
1200000|1|6000|3|5|0|0|288000|1121|8968254|166672
1200000|1|6000|3|5|1|2|288000|1121|8968254|353375
1200000|1|6000|3|5|0|0|288000|1122|8976254|165483
1200000|1|6000|3|5|1|2|288000|1122|8976254|352759
1200000|1|6000|3|5|0|0|288000|1123|8984255|165196
1200000|1|6000|3|5|1|2|288000|1123|8984255|352392
1200000|1|6000|3|5|0|0|288000|1124|8992255|164868
1200000|1|6000|3|5|1|2|288000|1124|8992255|351531
1200000|1|6000|3|5|0|0|288000|1125|9000255|164417
1200000|1|6000|3|5|1|2|288000|1125|9000255|352801
1200000|1|6000|3|5|0|0|288000|1126|9008256|163966
1200000|1|6000|3|5|1|2|288000|1126|9008256|353375
1200000|1|6000|3|5|0|0|288000|1127|9016256|163474
1200000|1|6000|3|5|1|2|288000|1127|9016256|354195
1200000|1|6000|3|5|0|0|288000|1128|9024257|163269
1200000|1|6000|3|5|1|2|288000|1128|9024257|353869
1200000|1|6000|3|5|0|0|288000|1129|9032256|163597
1200000|1|6000|3|5|1|2|288000|1129|9032256|354563
1200000|1|6000|3|5|0|0|288000|1130|9040257|163925
1200000|1|6000|3|5|1|2|288000|1130|9040257|354644
1200000|1|6000|3|5|0|0|288000|1131|9048257|164335
1200000|1|6000|3|5|1|2|288000|1131|9048257|355384
1200000|1|6000|3|5|0|0|288000|1132|9056258|164786
1200000|1|6000|3|5|1|2|288000|1132|9056258|355752
1200000|1|6000|3|5|0|0|288000|1133|9064259|164991
1200000|1|6000|3|5|1|2|288000|1133|9064259|355384
1200000|1|6000|3|5|0|0|288000|1134|9072259|165401
1200000|1|6000|3|5|1|2|288000|1134|9072259|355549
1200000|1|6000|3|5|0|0|288000|1135|9080259|165688
1200000|1|6000|3|5|1|2|288000|1135|9080259|355221
1200000|1|6000|3|5|0|0|288000|1136|9088259|165155
1200000|1|6000|3|5|1|2|288000|1136|9088259|355753
1200000|1|6000|3|5|0|0|288000|1137|9096261|165483
1200000|1|6000|3|5|1|2|288000|1137|9096261|356118
1200000|1|6000|3|5|0|0|288000|1138|9104261|165811
1200000|1|6000|3|5|1|2|288000|1138|9104261|356777
1200000|1|6000|3|5|0|0|288000|1139|9112262|166877
1200000|1|6000|3|5|1|2|288000|1139|9112262|357187
1200000|1|6000|3|5|0|0|288000|1140|9120262|167000
1200000|1|6000|3|5|1|2|288000|1140|9120262|356943
1200000|1|6000|3|5|0|0|288000|1141|9128263|167738
1200000|1|6000|3|5|1|2|288000|1141|9128263|356449
1200000|1|6000|3|5|0|0|288000|1142|9136263|167410
1200000|1|6000|3|5|1|2|288000|1142|9136263|356163
1200000|1|6000|3|5|0|0|288000|1143|9144264|168025
1200000|1|6000|3|5|1|2|288000|1143|9144264|356000
1200000|1|6000|3|5|0|0|288000|1144|9152264|167410
1200000|1|6000|3|5|1|2|288000|1144|9152264|355792
1200000|1|6000|3|5|0|0|288000|1145|9160265|167164
1200000|1|6000|3|5|1|2|288000|1145|9160265|355586
1200000|1|6000|3|5|0|0|288000|1146|9168265|166672
1200000|1|6000|3|5|1|2|288000|1146|9168265|354809
1200000|1|6000|3|5|0|0|288000|1147|9176265|166303
1200000|1|6000|3|5|1|2|288000|1147|9176265|354318
1200000|1|6000|3|5|0|0|288000|1148|9184264|166221
1200000|1|6000|3|5|1|2|288000|1148|9184264|353456
1200000|1|6000|3|5|0|0|288000|1149|9192264|166016
1200000|1|6000|3|5|1|2|288000|1149|9192264|352718
1200000|1|6000|3|5|0|0|288000|1150|9200263|165811
1200000|1|6000|3|5|1|2|288000|1150|9200263|352022
1200000|1|6000|3|5|0|0|288000|1151|9208263|165934
1200000|1|6000|3|5|1|2|288000|1151|9208263|350873
1200000|1|6000|3|5|0|0|288000|1152|9216262|166016
1200000|1|6000|3|5|1|2|288000|1152|9216262|350096
1200000|1|6000|3|5|0|0|288000|1153|9224261|166221
1200000|1|6000|3|5|1|2|288000|1153|9224261|349028
1200000|1|6000|3|5|0|0|288000|1154|9232261|166262
1200000|1|6000|3|5|1|2|288000|1154|9232261|349436
1200000|1|6000|3|5|0|0|288000|1155|9240262|165688
1200000|1|6000|3|5|1|2|288000|1155|9240262|348578
1200000|1|6000|3|5|0|0|288000|1156|9248262|165483
1200000|1|6000|3|5|1|2|288000|1156|9248262|348374
1200000|1|6000|3|5|0|0|288000|1157|9256263|165196
1200000|1|6000|3|5|1|2|288000|1157|9256263|348413
1200000|1|6000|3|5|0|0|288000|1158|9264264|164827
1200000|1|6000|3|5|1|2|288000|1158|9264264|347677
1200000|1|6000|3|5|0|0|288000|1159|9272265|165319
1200000|1|6000|3|5|1|2|288000|1159|9272265|347676
1200000|1|6000|3|5|0|0|288000|1160|9280265|166385
1200000|1|6000|3|5|1|2|288000|1160|9280265|346812
1200000|1|6000|3|5|0|0|288000|1161|9288266|166754
1200000|1|6000|3|5|1|2|288000|1161|9288266|345953
1200000|1|6000|3|5|0|0|288000|1162|9296265|167000
1200000|1|6000|3|5|1|2|288000|1162|9296265|345135
1200000|1|6000|3|5|0|0|288000|1163|9304265|167533
1200000|1|6000|3|5|1|2|288000|1163|9304265|345258
1200000|1|6000|3|5|0|0|288000|1164|9312266|167533
1200000|1|6000|3|5|1|2|288000|1164|9312266|345298
1200000|1|6000|3|5|0|0|288000|1165|9320265|168066
1200000|1|6000|3|5|1|2|288000|1165|9320265|345256
1200000|1|6000|3|5|0|0|288000|1166|9328266|167615
1200000|1|6000|3|5|1|2|288000|1166|9328266|345134
1200000|1|6000|3|5|0|0|288000|1167|9336266|166918
1200000|1|6000|3|5|1|2|288000|1167|9336266|345298
1200000|1|6000|3|5|0|0|288000|1168|9344267|165401
1200000|1|6000|3|5|1|2|288000|1168|9344267|345418
1200000|1|6000|3|5|0|0|288000|1169|9352268|164499
1200000|1|6000|3|5|1|2|288000|1169|9352268|345255
1200000|1|6000|3|5|0|0|288000|1170|9360268|163064
1200000|1|6000|3|5|1|2|288000|1170|9360268|345418
1200000|1|6000|3|5|0|0|288000|1171|9368268|162203
1200000|1|6000|3|5|1|2|288000|1171|9368268|346159
1200000|1|6000|3|5|0|0|288000|1172|9376269|161137
1200000|1|6000|3|5|1|2|288000|1172|9376269|346774
1200000|1|6000|3|5|0|0|288000|1173|9384269|160194
1200000|1|6000|3|5|1|2|288000|1173|9384269|347062
1200000|1|6000|3|5|0|0|288000|1174|9392269|159743
1200000|1|6000|3|5|1|2|288000|1174|9392269|347799
1200000|1|6000|3|5|0|0|288000|1175|9400270|159866
1200000|1|6000|3|5|1|2|288000|1175|9400270|348496
1200000|1|6000|3|5|0|0|288000|1176|9408270|160358
1200000|1|6000|3|5|1|2|288000|1176|9408270|348946
1200000|1|6000|3|5|0|0|288000|1177|9416270|160317
1200000|1|6000|3|5|1|2|288000|1177|9416270|349113
1200000|1|6000|3|5|0|0|288000|1178|9424270|160932
1200000|1|6000|3|5|1|2|288000|1178|9424270|349438
1200000|1|6000|3|5|0|0|288000|1179|9432271|161014
1200000|1|6000|3|5|1|2|288000|1179|9432271|349561
1200000|1|6000|3|5|0|0|288000|1180|9440272|161260
1200000|1|6000|3|5|1|2|288000|1180|9440272|349972
1200000|1|6000|3|5|0|0|288000|1181|9448272|160809
1200000|1|6000|3|5|1|2|288000|1181|9448272|350546
1200000|1|6000|3|5|0|0|288000|1182|9456273|160481
1200000|1|6000|3|5|1|2|288000|1182|9456273|350710
1200000|1|6000|3|5|0|0|288000|1183|9464273|159784
1200000|1|6000|3|5|1|2|288000|1183|9464273|351610
1200000|1|6000|3|5|0|0|288000|1184|9472274|159825
1200000|1|6000|3|5|1|2|288000|1184|9472274|351121
1200000|1|6000|3|5|0|0|288000|1185|9480272|159579
1200000|1|6000|3|5|1|2|288000|1185|9480272|350709
1200000|1|6000|3|5|0|0|288000|1186|9488271|159292
1200000|1|6000|3|5|1|2|288000|1186|9488271|349644
1200000|1|6000|3|5|0|0|288000|1187|9496270|159005
1200000|1|6000|3|5|1|2|288000|1187|9496270|348946
1200000|1|6000|3|5|0|0|288000|1188|9504269|159210
1200000|1|6000|3|5|1|2|288000|1188|9504269|348045
1200000|1|6000|3|5|0|0|288000|1189|9512268|159497
1200000|1|6000|3|5|1|2|288000|1189|9512268|347426
1200000|1|6000|3|5|0|0|288000|1190|9520267|159661
1200000|1|6000|3|5|1|2|288000|1190|9520267|346401
1200000|1|6000|3|5|0|0|288000|1191|9528266|159087
1200000|1|6000|3|5|1|2|288000|1191|9528266|347021
1200000|1|6000|3|5|0|0|288000|1192|9536267|158882
1200000|1|6000|3|5|1|2|288000|1192|9536267|347429
1200000|1|6000|3|5|0|0|288000|1193|9544268|158677
1200000|1|6000|3|5|1|2|288000|1193|9544268|346938
1200000|1|6000|3|5|0|0|288000|1194|9552269|158472
1200000|1|6000|3|5|1|2|288000|1194|9552269|346322
1200000|1|6000|3|5|0|0|288000|1195|9560270|158513
1200000|1|6000|3|5|1|2|288000|1195|9560270|345585
1200000|1|6000|3|5|0|0|288000|1196|9568270|158226
1200000|1|6000|3|5|1|2|288000|1196|9568270|345053
1200000|1|6000|3|5|0|0|288000|1197|9576271|157283
1200000|1|6000|3|5|1|2|288000|1197|9576271|344437
1200000|1|6000|3|5|0|0|288000|1198|9584271|156996
1200000|1|6000|3|5|1|2|288000|1198|9584271|343289
1200000|1|6000|3|5|0|0|288000|1199|9592271|156996
1200000|1|6000|3|5|1|2|288000|1199|9592271|342265
1200000|1|6000|3|5|0|0|288000|1200|9600271|156586
1200000|1|6000|3|5|1|2|288000|1200|9600271|341731
1200000|1|6000|3|5|0|0|288000|1201|9608270|156381
1200000|1|6000|3|5|1|2|288000|1201|9608270|341810
1200000|1|6000|3|5|0|0|288000|1202|9616270|155848
1200000|1|6000|3|5|1|2|288000|1202|9616270|340992
1200000|1|6000|3|5|0|0|288000|1203|9624270|155397
1200000|1|6000|3|5|1|2|288000|1203|9624270|340500
1200000|1|6000|3|5|0|0|288000|1204|9632270|155725
1200000|1|6000|3|5|1|2|288000|1204|9632270|340213
1200000|1|6000|3|5|0|0|288000|1205|9640271|156586
1200000|1|6000|3|5|1|2|288000|1205|9640271|339187
1200000|1|6000|3|5|0|0|288000|1206|9648271|157037
1200000|1|6000|3|5|1|2|288000|1206|9648271|339841
1200000|1|6000|3|5|0|0|288000|1207|9656272|157201
1200000|1|6000|3|5|1|2|288000|1207|9656272|339354
1200000|1|6000|3|5|0|0|288000|1208|9664273|157939
1200000|1|6000|3|5|1|2|288000|1208|9664273|339803
1200000|1|6000|3|5|0|0|288000|1209|9672273|158226
1200000|1|6000|3|5|1|2|288000|1209|9672273|339844
1200000|1|6000|3|5|0|0|288000|1210|9680273|158636
1200000|1|6000|3|5|1|2|288000|1210|9680273|340213
1200000|1|6000|3|5|0|0|288000|1211|9688273|158759
1200000|1|6000|3|5|1|2|288000|1211|9688273|340169
1200000|1|6000|3|5|0|0|288000|1212|9696274|159374
1200000|1|6000|3|5|1|2|288000|1212|9696274|340953
1200000|1|6000|3|5|0|0|288000|1213|9704275|159087
1200000|1|6000|3|5|1|2|288000|1213|9704275|341813
1200000|1|6000|3|5|0|0|288000|1214|9712276|159579
1200000|1|6000|3|5|1|2|288000|1214|9712276|341730
1200000|1|6000|3|5|0|0|288000|1215|9720277|160276
1200000|1|6000|3|5|1|2|288000|1215|9720277|341891
1200000|1|6000|3|5|0|0|288000|1216|9728277|161014
1200000|1|6000|3|5|1|2|288000|1216|9728277|341812
1200000|1|6000|3|5|0|0|288000|1217|9736278|161465
1200000|1|6000|3|5|1|2|288000|1217|9736278|342181
1200000|1|6000|3|5|0|0|288000|1218|9744278|162367
1200000|1|6000|3|5|1|2|288000|1218|9744278|342263
1200000|1|6000|3|5|0|0|288000|1219|9752278|162080
1200000|1|6000|3|5|1|2|288000|1219|9752278|342223
1200000|1|6000|3|5|0|0|288000|1220|9760277|161998
1200000|1|6000|3|5|1|2|288000|1220|9760277|342264
1200000|1|6000|3|5|0|0|288000|1221|9768277|161260
1200000|1|6000|3|5|1|2|288000|1221|9768277|342963
1200000|1|6000|3|5|0|0|288000|1222|9776278|161096
1200000|1|6000|3|5|1|2|288000|1222|9776278|343822
1200000|1|6000|3|5|0|0|288000|1223|9784279|160194
1200000|1|6000|3|5|1|2|288000|1223|9784279|343901
1200000|1|6000|3|5|0|0|288000|1224|9792280|159292
1200000|1|6000|3|5|1|2|288000|1224|9792280|343494
1200000|1|6000|3|5|0|0|288000|1225|9800280|159046
1200000|1|6000|3|5|1|2|288000|1225|9800280|343452
1200000|1|6000|3|5|0|0|288000|1226|9808281|159128
1200000|1|6000|3|5|1|2|288000|1226|9808281|343372
1200000|1|6000|3|5|0|0|288000|1227|9816281|159046
1200000|1|6000|3|5|1|2|288000|1227|9816281|342756
1200000|1|6000|3|5|0|0|288000|1228|9824281|158308
1200000|1|6000|3|5|1|2|288000|1228|9824281|342429
1200000|1|6000|3|5|0|0|288000|1229|9832281|157242
1200000|1|6000|3|5|1|2|288000|1229|9832281|340788
1200000|1|6000|3|5|0|0|288000|1230|9840279|156094
1200000|1|6000|3|5|1|2|288000|1230|9840279|340251
1200000|1|6000|3|5|0|0|288000|1231|9848277|154741
1200000|1|6000|3|5|1|2|288000|1231|9848277|338324
1200000|1|6000|3|5|0|0|288000|1232|9856275|153429
1200000|1|6000|3|5|1|2|288000|1232|9856275|337507
1200000|1|6000|3|5|0|0|288000|1233|9864274|152076
1200000|1|6000|3|5|1|2|288000|1233|9864274|335826
1200000|1|6000|3|5|0|0|288000|1234|9872272|151666
1200000|1|6000|3|5|1|2|288000|1234|9872272|334842
1200000|1|6000|3|5|0|0|288000|1235|9880271|151256
1200000|1|6000|3|5|1|2|288000|1235|9880271|333039
1200000|1|6000|3|5|0|0|288000|1236|9888269|151994
1200000|1|6000|3|5|1|2|288000|1236|9888269|332506
1200000|1|6000|3|5|0|0|288000|1237|9896269|152035
1200000|1|6000|3|5|1|2|288000|1237|9896269|332218
1200000|1|6000|3|5|0|0|288000|1238|9904269|152199
1200000|1|6000|3|5|1|2|288000|1238|9904269|332590
1200000|1|6000|3|5|0|0|288000|1239|9912270|152732
1200000|1|6000|3|5|1|2|288000|1239|9912270|332507
1200000|1|6000|3|5|0|0|288000|1240|9920269|152527
1200000|1|6000|3|5|1|2|288000|1240|9920269|332629
1200000|1|6000|3|5|0|0|288000|1241|9928269|152404
1200000|1|6000|3|5|1|2|288000|1241|9928269|332461
1200000|1|6000|3|5|0|0|288000|1242|9936268|151748
1200000|1|6000|3|5|1|2|288000|1242|9936268|332670
1200000|1|6000|3|5|0|0|288000|1243|9944268|152117
1200000|1|6000|3|5|1|2|288000|1243|9944268|332138
1200000|1|6000|3|5|0|0|288000|1244|9952268|150928
1200000|1|6000|3|5|1|2|288000|1244|9952268|332097
1200000|1|6000|3|5|0|0|288000|1245|9960267|150600
1200000|1|6000|3|5|1|2|288000|1245|9960267|331728
1200000|1|6000|3|5|0|0|288000|1246|9968267|149657
1200000|1|6000|3|5|1|2|288000|1246|9968267|330826
1200000|1|6000|3|5|0|0|288000|1247|9976267|149370
1200000|1|6000|3|5|1|2|288000|1247|9976267|330085
1200000|1|6000|3|5|0|0|288000|1248|9984267|149329
1200000|1|6000|3|5|1|2|288000|1248|9984267|329269
1200000|1|6000|3|5|0|0|288000|1249|9992266|149042
1200000|1|6000|3|5|1|2|288000|1249|9992266|328159
1200000|1|6000|3|5|0|0|288000|1250|10000266|149329
1200000|1|6000|3|5|1|2|288000|1250|10000266|327710
1200000|1|6000|3|5|0|0|288000|1251|10008266|149493
1200000|1|6000|3|5|1|2|288000|1251|10008266|326886
1200000|1|6000|3|5|0|0|288000|1252|10016266|150313
1200000|1|6000|3|5|1|2|288000|1252|10016266|326561
1200000|1|6000|3|5|0|0|288000|1253|10024265|150805
1200000|1|6000|3|5|1|2|288000|1253|10024265|326106
1200000|1|6000|3|5|0|0|288000|1254|10032266|151338
1200000|1|6000|3|5|1|2|288000|1254|10032266|325574
1200000|1|6000|3|5|0|0|288000|1255|10040265|151543
1200000|1|6000|3|5|1|2|288000|1255|10040265|325331
1200000|1|6000|3|5|0|0|288000|1256|10048265|151953
1200000|1|6000|3|5|1|2|288000|1256|10048265|324346
1200000|1|6000|3|5|0|0|288000|1257|10056265|151625
1200000|1|6000|3|5|1|2|288000|1257|10056265|323895
1200000|1|6000|3|5|0|0|288000|1258|10064265|151051
1200000|1|6000|3|5|1|2|288000|1258|10064265|322748
1200000|1|6000|3|5|0|0|288000|1259|10072264|150764
1200000|1|6000|3|5|1|2|288000|1259|10072264|323361
1200000|1|6000|3|5|0|0|288000|1260|10080266|150477
1200000|1|6000|3|5|1|2|288000|1260|10080266|322950
1200000|1|6000|3|5|0|0|288000|1261|10088266|150313
1200000|1|6000|3|5|1|2|288000|1261|10088266|323404
1200000|1|6000|3|5|0|0|288000|1262|10096267|149452
1200000|1|6000|3|5|1|2|288000|1262|10096267|323363
1200000|1|6000|3|5|0|0|288000|1263|10104267|149247
1200000|1|6000|3|5|1|2|288000|1263|10104267|323320
1200000|1|6000|3|5|0|0|288000|1264|10112268|149903
1200000|1|6000|3|5|1|2|288000|1264|10112268|323446
1200000|1|6000|3|5|0|0|288000|1265|10120269|150846
1200000|1|6000|3|5|1|2|288000|1265|10120269|322912
1200000|1|6000|3|5|0|0|288000|1266|10128269|150395
1200000|1|6000|3|5|1|2|288000|1266|10128269|322418
1200000|1|6000|3|5|0|0|288000|1267|10136268|150641
1200000|1|6000|3|5|1|2|288000|1267|10136268|322420
1200000|1|6000|3|5|0|0|288000|1268|10144268|150354
1200000|1|6000|3|5|1|2|288000|1268|10144268|323322
1200000|1|6000|3|5|0|0|288000|1269|10152270|151174
1200000|1|6000|3|5|1|2|288000|1269|10152270|323445
1200000|1|6000|3|5|0|0|288000|1270|10160270|151010
1200000|1|6000|3|5|1|2|288000|1270|10160270|324183
1200000|1|6000|3|5|0|0|288000|1271|10168271|151010
1200000|1|6000|3|5|1|2|288000|1271|10168271|324471
1200000|1|6000|3|5|0|0|288000|1272|10176272|151092
1200000|1|6000|3|5|1|2|288000|1272|10176272|324674
1200000|1|6000|3|5|0|0|288000|1273|10184272|151502
1200000|1|6000|3|5|1|2|288000|1273|10184272|325577
1200000|1|6000|3|5|0|0|288000|1274|10192273|152240
1200000|1|6000|3|5|1|2|288000|1274|10192273|325655
1200000|1|6000|3|5|0|0|288000|1275|10200273|153429
1200000|1|6000|3|5|1|2|288000|1275|10200273|325207
1200000|1|6000|3|5|0|0|288000|1276|10208274|153511
1200000|1|6000|3|5|1|2|288000|1276|10208274|324183
1200000|1|6000|3|5|0|0|288000|1277|10216274|153675
1200000|1|6000|3|5|1|2|288000|1277|10216274|324264
1200000|1|6000|3|5|0|0|288000|1278|10224275|154167
1200000|1|6000|3|5|1|2|288000|1278|10224275|323729
1200000|1|6000|3|5|0|0|288000|1279|10232275|154290
1200000|1|6000|3|5|1|2|288000|1279|10232275|323731
1200000|1|6000|3|5|0|0|288000|1280|10240276|154823
1200000|1|6000|3|5|1|2|288000|1280|10240276|323527
1200000|1|6000|3|5|0|0|288000|1281|10248276|155192
1200000|1|6000|3|5|1|2|288000|1281|10248276|323035
1200000|1|6000|3|5|0|0|288000|1282|10256276|155889
1200000|1|6000|3|5|1|2|288000|1282|10256276|322990
1200000|1|6000|3|5|0|0|288000|1283|10264276|156791
1200000|1|6000|3|5|1|2|288000|1283|10264276|321640
1200000|1|6000|3|5|0|0|288000|1284|10272276|157447
1200000|1|6000|3|5|1|2|288000|1284|10272276|320534
1200000|1|6000|3|5|0|0|288000|1285|10280276|157980
1200000|1|6000|3|5|1|2|288000|1285|10280276|318934
1200000|1|6000|3|5|0|0|288000|1286|10288275|158923
1200000|1|6000|3|5|1|2|288000|1286|10288275|318114
1200000|1|6000|3|5|0|0|288000|1287|10296276|158718
1200000|1|6000|3|5|1|2|288000|1287|10296276|317171
1200000|1|6000|3|5|0|0|288000|1288|10304276|158964
1200000|1|6000|3|5|1|2|288000|1288|10304276|316599
1200000|1|6000|3|5|0|0|288000|1289|10312276|159005
1200000|1|6000|3|5|1|2|288000|1289|10312276|315982
1200000|1|6000|3|5|0|0|288000|1290|10320277|159046
1200000|1|6000|3|5|1|2|288000|1290|10320277|316065
1200000|1|6000|3|5|0|0|288000|1291|10328277|159005
1200000|1|6000|3|5|1|2|288000|1291|10328277|315614
1200000|1|6000|3|5|0|0|288000|1292|10336276|159210
1200000|1|6000|3|5|1|2|288000|1292|10336276|315326
1200000|1|6000|3|5|0|0|288000|1293|10344277|159005
1200000|1|6000|3|5|1|2|288000|1293|10344277|314507
1200000|1|6000|3|5|0|0|288000|1294|10352276|159292
1200000|1|6000|3|5|1|2|288000|1294|10352276|314052
1200000|1|6000|3|5|0|0|288000|1295|10360276|159210
1200000|1|6000|3|5|1|2|288000|1295|10360276|312867
1200000|1|6000|3|5|0|0|288000|1296|10368275|159333
1200000|1|6000|3|5|1|2|288000|1296|10368275|312292
1200000|1|6000|3|5|0|0|288000|1297|10376275|159374
1200000|1|6000|3|5|1|2|288000|1297|10376275|312212
1200000|1|6000|3|5|0|0|288000|1298|10384276|159251
1200000|1|6000|3|5|1|2|288000|1298|10384276|312417
1200000|1|6000|3|5|0|0|288000|1299|10392278|159169
1200000|1|6000|3|5|1|2|288000|1299|10392278|313524
1200000|1|6000|3|5|0|0|288000|1300|10400279|158841
1200000|1|6000|3|5|1|2|288000|1300|10400279|314015
1200000|1|6000|3|5|0|0|288000|1301|10408280|159251
1200000|1|6000|3|5|1|2|288000|1301|10408280|314587
1200000|1|6000|3|5|0|0|288000|1302|10416281|158841
1200000|1|6000|3|5|1|2|288000|1302|10416281|314381
1200000|1|6000|3|5|0|0|288000|1303|10424282|158759
1200000|1|6000|3|5|1|2|288000|1303|10424282|314710
1200000|1|6000|3|5|0|0|288000|1304|10432282|157488
1200000|1|6000|3|5|1|2|288000|1304|10432282|314796
1200000|1|6000|3|5|0|0|288000|1305|10440283|156709
1200000|1|6000|3|5|1|2|288000|1305|10440283|315654
1200000|1|6000|3|5|0|0|288000|1306|10448284|155725
1200000|1|6000|3|5|1|2|288000|1306|10448284|316516
1200000|1|6000|3|5|0|0|288000|1307|10456285|154782
1200000|1|6000|3|5|1|2|288000|1307|10456285|317458
1200000|1|6000|3|5|0|0|288000|1308|10464286|154003
1200000|1|6000|3|5|1|2|288000|1308|10464286|318316
1200000|1|6000|3|5|0|0|288000|1309|10472287|154290
1200000|1|6000|3|5|1|2|288000|1309|10472287|319672
1200000|1|6000|3|5|0|0|288000|1310|10480288|154823
1200000|1|6000|3|5|1|2|288000|1310|10480288|320410
1200000|1|6000|3|5|0|0|288000|1311|10488289|155069
1200000|1|6000|3|5|1|2|288000|1311|10488289|321268
1200000|1|6000|3|5|0|0|288000|1312|10496289|155028
1200000|1|6000|3|5|1|2|288000|1312|10496289|321231
1200000|1|6000|3|5|0|0|288000|1313|10504289|154782
1200000|1|6000|3|5|1|2|288000|1313|10504289|322297
1200000|1|6000|3|5|0|0|288000|1314|10512290|155069
1200000|1|6000|3|5|1|2|288000|1314|10512290|322911
1200000|1|6000|3|5|0|0|288000|1315|10520289|154700
1200000|1|6000|3|5|1|2|288000|1315|10520289|324018
1200000|1|6000|3|5|0|0|288000|1316|10528290|154454
1200000|1|6000|3|5|1|2|288000|1316|10528290|324389
1200000|1|6000|3|5|0|0|288000|1317|10536290|152896
1200000|1|6000|3|5|1|2|288000|1317|10536290|325496
1200000|1|6000|3|5|0|0|288000|1318|10544290|152076
1200000|1|6000|3|5|1|2|288000|1318|10544290|326560
1200000|1|6000|3|5|0|0|288000|1319|10552290|151502
1200000|1|6000|3|5|1|2|288000|1319|10552290|327665
1200000|1|6000|3|5|0|0|288000|1320|10560291|151297
1200000|1|6000|3|5|1|2|288000|1320|10560291|327708
1200000|1|6000|3|5|0|0|288000|1321|10568291|150723
1200000|1|6000|3|5|1|2|288000|1321|10568291|328118
1200000|1|6000|3|5|0|0|288000|1322|10576291|150313
1200000|1|6000|3|5|1|2|288000|1322|10576291|328076
1200000|1|6000|3|5|0|0|288000|1323|10584291|150354
1200000|1|6000|3|5|1|2|288000|1323|10584291|328200
1200000|1|6000|3|5|0|0|288000|1324|10592291|150764
1200000|1|6000|3|5|1|2|288000|1324|10592291|327873
1200000|1|6000|3|5|0|0|288000|1325|10600290|151707
1200000|1|6000|3|5|1|2|288000|1325|10600290|327749
1200000|1|6000|3|5|0|0|288000|1326|10608289|151830
1200000|1|6000|3|5|1|2|288000|1326|10608289|327583
1200000|1|6000|3|5|0|0|288000|1327|10616289|152732
1200000|1|6000|3|5|1|2|288000|1327|10616289|328406
1200000|1|6000|3|5|0|0|288000|1328|10624289|152568
1200000|1|6000|3|5|1|2|288000|1328|10624289|328816
1200000|1|6000|3|5|0|0|288000|1329|10632289|153347
1200000|1|6000|3|5|1|2|288000|1329|10632289|328772
1200000|1|6000|3|5|0|0|288000|1330|10640289|153347
1200000|1|6000|3|5|1|2|288000|1330|10640289|328612
1200000|1|6000|3|5|0|0|288000|1331|10648289|153552
1200000|1|6000|3|5|1|2|288000|1331|10648289|328447
1200000|1|6000|3|5|0|0|288000|1332|10656288|152650
1200000|1|6000|3|5|1|2|288000|1332|10656288|328774
1200000|1|6000|3|5|0|0|288000|1333|10664289|151789
1200000|1|6000|3|5|1|2|288000|1333|10664289|328980
1200000|1|6000|3|5|0|0|288000|1334|10672289|151543
1200000|1|6000|3|5|1|2|288000|1334|10672289|330620
1200000|1|6000|3|5|0|0|288000|1335|10680292|151010
1200000|1|6000|3|5|1|2|288000|1335|10680292|331604
1200000|1|6000|3|5|0|0|288000|1336|10688294|150805
1200000|1|6000|3|5|1|2|288000|1336|10688294|333200
1200000|1|6000|3|5|0|0|288000|1337|10696297|150354
1200000|1|6000|3|5|1|2|288000|1337|10696297|334266
1200000|1|6000|3|5|0|0|288000|1338|10704299|150354
1200000|1|6000|3|5|1|2|288000|1338|10704299|335047
1200000|1|6000|3|5|0|0|288000|1339|10712299|150559
1200000|1|6000|3|5|1|2|288000|1339|10712299|335415
1200000|1|6000|3|5|0|0|288000|1340|10720300|151256
1200000|1|6000|3|5|1|2|288000|1340|10720300|336152
1200000|1|6000|3|5|0|0|288000|1341|10728301|151666
1200000|1|6000|3|5|1|2|288000|1341|10728301|335622
1200000|1|6000|3|5|0|0|288000|1342|10736300|152691
1200000|1|6000|3|5|1|2|288000|1342|10736300|335908
1200000|1|6000|3|5|0|0|288000|1343|10744300|153019
1200000|1|6000|3|5|1|2|288000|1343|10744300|335376
1200000|1|6000|3|5|0|0|288000|1344|10752299|153798
1200000|1|6000|3|5|1|2|288000|1344|10752299|335293
1200000|1|6000|3|5|0|0|288000|1345|10760299|153962
1200000|1|6000|3|5|1|2|288000|1345|10760299|335086
1200000|1|6000|3|5|0|0|288000|1346|10768299|154536
1200000|1|6000|3|5|1|2|288000|1346|10768299|335418
1200000|1|6000|3|5|0|0|288000|1347|10776300|153839
1200000|1|6000|3|5|1|2|288000|1347|10776300|335459
1200000|1|6000|3|5|0|0|288000|1348|10784299|153880
1200000|1|6000|3|5|1|2|288000|1348|10784299|335745
1200000|1|6000|3|5|0|0|288000|1349|10792299|152937
1200000|1|6000|3|5|1|2|288000|1349|10792299|335377
1200000|1|6000|3|5|0|0|288000|1350|10800298|152568
1200000|1|6000|3|5|1|2|288000|1350|10800298|334186
1200000|1|6000|3|5|0|0|288000|1351|10808297|151871
1200000|1|6000|3|5|1|2|288000|1351|10808297|333120
1200000|1|6000|3|5|0|0|288000|1352|10816296|151420
1200000|1|6000|3|5|1|2|288000|1352|10816296|332136
1200000|1|6000|3|5|0|0|288000|1353|10824294|151297
1200000|1|6000|3|5|1|2|288000|1353|10824294|330784
1200000|1|6000|3|5|0|0|288000|1354|10832293|151666
1200000|1|6000|3|5|1|2|288000|1354|10832293|329431
1200000|1|6000|3|5|0|0|288000|1355|10840292|152158
1200000|1|6000|3|5|1|2|288000|1355|10840292|328200
1200000|1|6000|3|5|0|0|288000|1356|10848290|152732
1200000|1|6000|3|5|1|2|288000|1356|10848290|328120
1200000|1|6000|3|5|0|0|288000|1357|10856291|153716
1200000|1|6000|3|5|1|2|288000|1357|10856291|327873
1200000|1|6000|3|5|0|0|288000|1358|10864291|154249
1200000|1|6000|3|5|1|2|288000|1358|10864291|328816
1200000|1|6000|3|5|0|0|288000|1359|10872292|154659
1200000|1|6000|3|5|1|2|288000|1359|10872292|328855
1200000|1|6000|3|5|0|0|288000|1360|10880292|155520
1200000|1|6000|3|5|1|2|288000|1360|10880292|329307
1200000|1|6000|3|5|0|0|288000|1361|10888292|156053
1200000|1|6000|3|5|1|2|288000|1361|10888292|329347
1200000|1|6000|3|5|0|0|288000|1362|10896292|155192
1200000|1|6000|3|5|1|2|288000|1362|10896292|329637
1200000|1|6000|3|5|0|0|288000|1363|10904292|155192
1200000|1|6000|3|5|1|2|288000|1363|10904292|329306
1200000|1|6000|3|5|0|0|288000|1364|10912292|154577
1200000|1|6000|3|5|1|2|288000|1364|10912292|330208
1200000|1|6000|3|5|0|0|288000|1365|10920293|154167
1200000|1|6000|3|5|1|2|288000|1365|10920293|330046
1200000|1|6000|3|5|0|0|288000|1366|10928293|153388
1200000|1|6000|3|5|1|2|288000|1366|10928293|330251
1200000|1|6000|3|5|0|0|288000|1367|10936294|152855
1200000|1|6000|3|5|1|2|288000|1367|10936294|330743
1200000|1|6000|3|5|0|0|288000|1368|10944294|152404
1200000|1|6000|3|5|1|2|288000|1368|10944294|331316
1200000|1|6000|3|5|0|0|288000|1369|10952295|152978
1200000|1|6000|3|5|1|2|288000|1369|10952295|331604
1200000|1|6000|3|5|0|0|288000|1370|10960296|152896
1200000|1|6000|3|5|1|2|288000|1370|10960296|332670
1200000|1|6000|3|5|0|0|288000|1371|10968297|153511
1200000|1|6000|3|5|1|2|288000|1371|10968297|332503
1200000|1|6000|3|5|0|0|288000|1372|10976296|154331
1200000|1|6000|3|5|1|2|288000|1372|10976296|332507
1200000|1|6000|3|5|0|0|288000|1373|10984295|154454
1200000|1|6000|3|5|1|2|288000|1373|10984295|332014
1200000|1|6000|3|5|0|0|288000|1374|10992295|155479
1200000|1|6000|3|5|1|2|288000|1374|10992295|331974
1200000|1|6000|3|5|0|0|288000|1375|11000294|155602
1200000|1|6000|3|5|1|2|288000|1375|11000294|331974
1200000|1|6000|3|5|0|0|288000|1376|11008294|155971
1200000|1|6000|3|5|1|2|288000|1376|11008294|332135
1200000|1|6000|3|5|0|0|288000|1377|11016294|155889
1200000|1|6000|3|5|1|2|288000|1377|11016294|332463
1200000|1|6000|3|5|0|0|288000|1378|11024294|156873
1200000|1|6000|3|5|1|2|288000|1378|11024294|332875
1200000|1|6000|3|5|0|0|288000|1379|11032295|156832
1200000|1|6000|3|5|1|2|288000|1379|11032295|333737
1200000|1|6000|3|5|0|0|288000|1380|11040296|157283
1200000|1|6000|3|5|1|2|288000|1380|11040296|334309
1200000|1|6000|3|5|0|0|288000|1381|11048297|157488
1200000|1|6000|3|5|1|2|288000|1381|11048297|335131
1200000|1|6000|3|5|0|0|288000|1382|11056298|157693
1200000|1|6000|3|5|1|2|288000|1382|11056298|336074
1200000|1|6000|3|5|0|0|288000|1383|11064299|157693
1200000|1|6000|3|5|1|2|288000|1383|11064299|336975
1200000|1|6000|3|5|0|0|288000|1384|11072299|158431
1200000|1|6000|3|5|1|2|288000|1384|11072299|337385
1200000|1|6000|3|5|0|0|288000|1385|11080300|158841
1200000|1|6000|3|5|1|2|288000|1385|11080300|338451
1200000|1|6000|3|5|0|0|288000|1386|11088301|158677
1200000|1|6000|3|5|1|2|288000|1386|11088301|338041
1200000|1|6000|3|5|0|0|288000|1387|11096300|159005
1200000|1|6000|3|5|1|2|288000|1387|11096300|339190
1200000|1|6000|3|5|0|0|288000|1388|11104301|158882
1200000|1|6000|3|5|1|2|288000|1388|11104301|338533
1200000|1|6000|3|5|0|0|288000|1389|11112302|158718
1200000|1|6000|3|5|1|2|288000|1389|11112302|339065
1200000|1|6000|3|5|0|0|288000|1390|11120303|158759
1200000|1|6000|3|5|1|2|288000|1390|11120303|339025
1200000|1|6000|3|5|0|0|288000|1391|11128303|158636
1200000|1|6000|3|5|1|2|288000|1391|11128303|339352
1200000|1|6000|3|5|0|0|288000|1392|11136304|158144
1200000|1|6000|3|5|1|2|288000|1392|11136304|339394
1200000|1|6000|3|5|0|0|288000|1393|11144305|157447
1200000|1|6000|3|5|1|2|288000|1393|11144305|339887
1200000|1|6000|3|5|0|0|288000|1394|11152306|156504
1200000|1|6000|3|5|1|2|288000|1394|11152306|340542
1200000|1|6000|3|5|0|0|288000|1395|11160307|155479
1200000|1|6000|3|5|1|2|288000|1395|11160307|340584
1200000|1|6000|3|5|0|0|288000|1396|11168307|154741
1200000|1|6000|3|5|1|2|288000|1396|11168307|340623
1200000|1|6000|3|5|0|0|288000|1397|11176307|153429
1200000|1|6000|3|5|1|2|288000|1397|11176307|340539
1200000|1|6000|3|5|0|0|288000|1398|11184308|153142
1200000|1|6000|3|5|1|2|288000|1398|11184308|340789
1200000|1|6000|3|5|0|0|288000|1399|11192309|152691
1200000|1|6000|3|5|1|2|288000|1399|11192309|340665
1200000|1|6000|3|5|0|0|288000|1400|11200310|153552
1200000|1|6000|3|5|1|2|288000|1400|11200310|340379
1200000|1|6000|3|5|0|0|288000|1401|11208309|153552
1200000|1|6000|3|5|1|2|288000|1401|11208309|339312
1200000|1|6000|3|5|0|0|288000|1402|11216309|153101
1200000|1|6000|3|5|1|2|288000|1402|11216309|338655
1200000|1|6000|3|5|0|0|288000|1403|11224308|152855
1200000|1|6000|3|5|1|2|288000|1403|11224308|338818
1200000|1|6000|3|5|0|0|288000|1404|11232308|151994
1200000|1|6000|3|5|1|2|288000|1404|11232308|338491
1200000|1|6000|3|5|0|0|288000|1405|11240308|151543
1200000|1|6000|3|5|1|2|288000|1405|11240308|339271
1200000|1|6000|3|5|0|0|288000|1406|11248308|150395
1200000|1|6000|3|5|1|2|288000|1406|11248308|339026
1200000|1|6000|3|5|0|0|288000|1407|11256308|149657
1200000|1|6000|3|5|1|2|288000|1407|11256308|339600
1200000|1|6000|3|5|0|0|288000|1408|11264309|149206
1200000|1|6000|3|5|1|2|288000|1408|11264309|339353
1200000|1|6000|3|5|0|0|288000|1409|11272308|148632
1200000|1|6000|3|5|1|2|288000|1409|11272308|340539
1200000|1|6000|3|5|0|0|288000|1410|11280310|148058
1200000|1|6000|3|5|1|2|288000|1410|11280310|340297
1200000|1|6000|3|5|0|0|288000|1411|11288311|147443
1200000|1|6000|3|5|1|2|288000|1411|11288311|341567
1200000|1|6000|3|5|0|0|288000|1412|11296312|146869
1200000|1|6000|3|5|1|2|288000|1412|11296312|342347
1200000|1|6000|3|5|0|0|288000|1413|11304313|146213
1200000|1|6000|3|5|1|2|288000|1413|11304313|342552
1200000|1|6000|3|5|0|0|288000|1414|11312313|145188
1200000|1|6000|3|5|1|2|288000|1414|11312313|343205
1200000|1|6000|3|5|0|0|288000|1415|11320314|144491
1200000|1|6000|3|5|1|2|288000|1415|11320314|343741
1200000|1|6000|3|5|0|0|288000|1416|11328314|143917
1200000|1|6000|3|5|1|2|288000|1416|11328314|344315
1200000|1|6000|3|5|0|0|288000|1417|11336315|143630
1200000|1|6000|3|5|1|2|288000|1417|11336315|344805
1200000|1|6000|3|5|0|0|288000|1418|11344315|143056
1200000|1|6000|3|5|1|2|288000|1418|11344315|345298
1200000|1|6000|3|5|0|0|288000|1419|11352316|142359
1200000|1|6000|3|5|1|2|288000|1419|11352316|345668
1200000|1|6000|3|5|0|0|288000|1420|11360317|141662
1200000|1|6000|3|5|1|2|288000|1420|11360317|346237
1200000|1|6000|3|5|0|0|288000|1421|11368318|140842
1200000|1|6000|3|5|1|2|288000|1421|11368318|347061
1200000|1|6000|3|5|0|0|288000|1422|11376319|140719
1200000|1|6000|3|5|1|2|288000|1422|11376319|347962
1200000|1|6000|3|5|0|0|288000|1423|11384320|139981
1200000|1|6000|3|5|1|2|288000|1423|11384320|348085
1200000|1|6000|3|5|0|0|288000|1424|11392320|139735
1200000|1|6000|3|5|1|2|288000|1424|11392320|348659
1200000|1|6000|3|5|0|0|288000|1425|11400321|139366
1200000|1|6000|3|5|1|2|288000|1425|11400321|349439
1200000|1|6000|3|5|0|0|288000|1426|11408321|139448
1200000|1|6000|3|5|1|2|288000|1426|11408321|350587
1200000|1|6000|3|5|0|0|288000|1427|11416322|138792
1200000|1|6000|3|5|1|2|288000|1427|11416322|351653
1200000|1|6000|3|5|0|0|288000|1428|11424323|138259
1200000|1|6000|3|5|1|2|288000|1428|11424323|353043
1200000|1|6000|3|5|0|0|288000|1429|11432325|138218
1200000|1|6000|3|5|1|2|288000|1429|11432325|353744
1200000|1|6000|3|5|0|0|288000|1430|11440325|138956
1200000|1|6000|3|5|1|2|288000|1430|11440325|355343
1200000|1|6000|3|5|0|0|288000|1431|11448327|138546
1200000|1|6000|3|5|1|2|288000|1431|11448327|355302
1200000|1|6000|3|5|0|0|288000|1432|11456327|138505
1200000|1|6000|3|5|1|2|288000|1432|11456327|355548
1200000|1|6000|3|5|0|0|288000|1433|11464327|138505
1200000|1|6000|3|5|1|2|288000|1433|11464327|354686
1200000|1|6000|3|5|0|0|288000|1434|11472326|138382
1200000|1|6000|3|5|1|2|288000|1434|11472326|354770
1200000|1|6000|3|5|0|0|288000|1435|11480326|138833
1200000|1|6000|3|5|1|2|288000|1435|11480326|354400
1200000|1|6000|3|5|0|0|288000|1436|11488326|138874
1200000|1|6000|3|5|1|2|288000|1436|11488326|354276
1200000|1|6000|3|5|0|0|288000|1437|11496326|138751
1200000|1|6000|3|5|1|2|288000|1437|11496326|354113
1200000|1|6000|3|5|0|0|288000|1438|11504326|138095
1200000|1|6000|3|5|1|2|288000|1438|11504326|354401
1200000|1|6000|3|5|0|0|288000|1439|11512327|137685
1200000|1|6000|3|5|1|2|288000|1439|11512327|355630
1200000|1|6000|3|5|0|0|288000|1440|11520329|137480
1200000|1|6000|3|5|1|2|288000|1440|11520329|356491
1200000|1|6000|3|5|0|0|288000|1441|11528329|136947
1200000|1|6000|3|5|1|2|288000|1441|11528329|357067
1200000|1|6000|3|5|0|0|288000|1442|11536330|136660
1200000|1|6000|3|5|1|2|288000|1442|11536330|357640
1200000|1|6000|3|5|0|0|288000|1443|11544331|136291
1200000|1|6000|3|5|1|2|288000|1443|11544331|357802
1200000|1|6000|3|5|0|0|288000|1444|11552331|136414
1200000|1|6000|3|5|1|2|288000|1444|11552331|358049
1200000|1|6000|3|5|0|0|288000|1445|11560332|136250
1200000|1|6000|3|5|1|2|288000|1445|11560332|358171
1200000|1|6000|3|5|0|0|288000|1446|11568332|136742
1200000|1|6000|3|5|1|2|288000|1446|11568332|357677
1200000|1|6000|3|5|0|0|288000|1447|11576332|136742
1200000|1|6000|3|5|1|2|288000|1447|11576332|357433
1200000|1|6000|3|5|0|0|288000|1448|11584332|137357
1200000|1|6000|3|5|1|2|288000|1448|11584332|357885
1200000|1|6000|3|5|0|0|288000|1449|11592333|137193
1200000|1|6000|3|5|1|2|288000|1449|11592333|358049
1200000|1|6000|3|5|0|0|288000|1450|11600333|137357
1200000|1|6000|3|5|1|2|288000|1450|11600333|358129
1200000|1|6000|3|5|0|0|288000|1451|11608334|137398
1200000|1|6000|3|5|1|2|288000|1451|11608334|358209
1200000|1|6000|3|5|0|0|288000|1452|11616334|137111
1200000|1|6000|3|5|1|2|288000|1452|11616334|358253
1200000|1|6000|3|5|0|0|288000|1453|11624334|136988
1200000|1|6000|3|5|1|2|288000|1453|11624334|357927
1200000|1|6000|3|5|0|0|288000|1454|11632334|137398
1200000|1|6000|3|5|1|2|288000|1454|11632334|357229
1200000|1|6000|3|5|0|0|288000|1455|11640334|138423
1200000|1|6000|3|5|1|2|288000|1455|11640334|356326
1200000|1|6000|3|5|0|0|288000|1456|11648332|138464
1200000|1|6000|3|5|1|2|288000|1456|11648332|355385
1200000|1|6000|3|5|0|0|288000|1457|11656331|139038
1200000|1|6000|3|5|1|2|288000|1457|11656331|353909
1200000|1|6000|3|5|0|0|288000|1458|11664330|139489
1200000|1|6000|3|5|1|2|288000|1458|11664330|353129
1200000|1|6000|3|5|0|0|288000|1459|11672328|139776
1200000|1|6000|3|5|1|2|288000|1459|11672328|351612
1200000|1|6000|3|5|0|0|288000|1460|11680326|140104
1200000|1|6000|3|5|1|2|288000|1460|11680326|350504
1200000|1|6000|3|5|0|0|288000|1461|11688325|140678
1200000|1|6000|3|5|1|2|288000|1461|11688325|349807
1200000|1|6000|3|5|0|0|288000|1462|11696325|141252
1200000|1|6000|3|5|1|2|288000|1462|11696325|349523
1200000|1|6000|3|5|0|0|288000|1463|11704325|141580
1200000|1|6000|3|5|1|2|288000|1463|11704325|349107
1200000|1|6000|3|5|0|0|288000|1464|11712324|142031
1200000|1|6000|3|5|1|2|288000|1464|11712324|348620
1200000|1|6000|3|5|0|0|288000|1465|11720324|142318
1200000|1|6000|3|5|1|2|288000|1465|11720324|348291
1200000|1|6000|3|5|0|0|288000|1466|11728323|142564
1200000|1|6000|3|5|1|2|288000|1466|11728323|347714
1200000|1|6000|3|5|0|0|288000|1467|11736323|142359
1200000|1|6000|3|5|1|2|288000|1467|11736323|347429
1200000|1|6000|3|5|0|0|288000|1468|11744322|141826
1200000|1|6000|3|5|1|2|288000|1468|11744322|347020
1200000|1|6000|3|5|0|0|288000|1469|11752322|140350
1200000|1|6000|3|5|1|2|288000|1469|11752322|347103
1200000|1|6000|3|5|0|0|288000|1470|11760322|139243
1200000|1|6000|3|5|1|2|288000|1470|11760322|346528
1200000|1|6000|3|5|0|0|288000|1471|11768322|138300
1200000|1|6000|3|5|1|2|288000|1471|11768322|345831
1200000|1|6000|3|5|0|0|288000|1472|11776323|137357
1200000|1|6000|3|5|1|2|288000|1472|11776323|345297
1200000|1|6000|3|5|0|0|288000|1473|11784323|136619
1200000|1|6000|3|5|1|2|288000|1473|11784323|344519
1200000|1|6000|3|5|0|0|288000|1474|11792323|136783
1200000|1|6000|3|5|1|2|288000|1474|11792323|344067
1200000|1|6000|3|5|0|0|288000|1475|11800323|137480
1200000|1|6000|3|5|1|2|288000|1475|11800323|343494
1200000|1|6000|3|5|0|0|288000|1476|11808323|137685
1200000|1|6000|3|5|1|2|288000|1476|11808323|343287
1200000|1|6000|3|5|0|0|288000|1477|11816324|138013
1200000|1|6000|3|5|1|2|288000|1477|11816324|343576
1200000|1|6000|3|5|0|0|288000|1478|11824325|137931
1200000|1|6000|3|5|1|2|288000|1478|11824325|344519
1200000|1|6000|3|5|0|0|288000|1479|11832326|138341
1200000|1|6000|3|5|1|2|288000|1479|11832326|345134
1200000|1|6000|3|5|0|0|288000|1480|11840327|138013
1200000|1|6000|3|5|1|2|288000|1480|11840327|345627
1200000|1|6000|3|5|0|0|288000|1481|11848327|138136
1200000|1|6000|3|5|1|2|288000|1481|11848327|346076
1200000|1|6000|3|5|0|0|288000|1482|11856328|137931
1200000|1|6000|3|5|1|2|288000|1482|11856328|346937
1200000|1|6000|3|5|0|0|288000|1483|11864329|137521
1200000|1|6000|3|5|1|2|288000|1483|11864329|347143
1200000|1|6000|3|5|0|0|288000|1484|11872329|137398
1200000|1|6000|3|5|1|2|288000|1484|11872329|347919
1200000|1|6000|3|5|0|0|288000|1485|11880331|137603
1200000|1|6000|3|5|1|2|288000|1485|11880331|348908
1200000|1|6000|3|5|0|0|288000|1486|11888332|137808
1200000|1|6000|3|5|1|2|288000|1486|11888332|349230
1200000|1|6000|3|5|0|0|288000|1487|11896333|137644
1200000|1|6000|3|5|1|2|288000|1487|11896333|350177
1200000|1|6000|3|5|0|0|288000|1488|11904335|137644
1200000|1|6000|3|5|1|2|288000|1488|11904335|350381
1200000|1|6000|3|5|0|0|288000|1489|11912336|137726
1200000|1|6000|3|5|1|2|288000|1489|11912336|351161
1200000|1|6000|3|5|0|0|288000|1490|11920338|138095
1200000|1|6000|3|5|1|2|288000|1490|11920338|351818
1200000|1|6000|3|5|0|0|288000|1491|11928339|137767
1200000|1|6000|3|5|1|2|288000|1491|11928339|351858
1200000|1|6000|3|5|0|0|288000|1492|11936340|137480
1200000|1|6000|3|5|1|2|288000|1492|11936340|352103
1200000|1|6000|3|5|0|0|288000|1493|11944340|137480
1200000|1|6000|3|5|1|2|288000|1493|11944340|351817
1200000|1|6000|3|5|0|0|288000|1494|11952340|136906
1200000|1|6000|3|5|1|2|288000|1494|11952340|352145
1200000|1|6000|3|5|0|0|288000|1495|11960340|137070
1200000|1|6000|3|5|1|2|288000|1495|11960340|352144
1200000|1|6000|3|5|0|0|288000|1496|11968340|136578
1200000|1|6000|3|5|1|2|288000|1496|11968340|352596
1200000|1|6000|3|5|0|0|288000|1497|11976341|136045
1200000|1|6000|3|5|1|2|288000|1497|11976341|352469
1200000|1|6000|3|5|0|0|288000|1498|11984341|134897
1200000|1|6000|3|5|1|2|288000|1498|11984341|352677
1200000|1|6000|3|5|0|0|288000|1499|11992342|133954
1200000|1|6000|3|5|1|2|288000|1499|11992342|352923
1200000|1|6000|3|5|0|0|288000|1500|12000342|133011
1200000|1|6000|3|5|1|2|288000|1500|12000342|353622
1200000|1|6000|3|5|0|0|288000|1501|12008343|131863
1200000|1|6000|3|5|1|2|288000|1501|12008343|354687
1200000|1|6000|3|5|0|0|288000|1502|12016344|130633
1200000|1|6000|3|5|1|2|288000|1502|12016344|355547
1200000|1|6000|3|5|0|0|288000|1503|12024344|129772
1200000|1|6000|3|5|1|2|288000|1503|12024344|356245
1200000|1|6000|3|5|0|0|288000|1504|12032345|128173
1200000|1|6000|3|5|1|2|288000|1504|12032345|356860
1200000|1|6000|3|5|0|0|288000|1505|12040345|128091
1200000|1|6000|3|5|1|2|288000|1505|12040345|357353
1200000|1|6000|3|5|0|0|288000|1506|12048345|127353
1200000|1|6000|3|5|1|2|288000|1506|12048345|357147
1200000|1|6000|3|5|0|0|288000|1507|12056344|127271
1200000|1|6000|3|5|1|2|288000|1507|12056344|357389
1200000|1|6000|3|5|0|0|288000|1508|12064345|126533
1200000|1|6000|3|5|1|2|288000|1508|12064345|356572
1200000|1|6000|3|5|0|0|288000|1509|12072345|126328
1200000|1|6000|3|5|1|2|288000|1509|12072345|356817
1200000|1|6000|3|5|0|0|288000|1510|12080345|125959
1200000|1|6000|3|5|1|2|288000|1510|12080345|356491
1200000|1|6000|3|5|0|0|288000|1511|12088345|125877
1200000|1|6000|3|5|1|2|288000|1511|12088345|356367
1200000|1|6000|3|5|0|0|288000|1512|12096345|125221
1200000|1|6000|3|5|1|2|288000|1512|12096345|356490
1200000|1|6000|3|5|0|0|288000|1513|12104346|124852
1200000|1|6000|3|5|1|2|288000|1513|12104346|357025
1200000|1|6000|3|5|0|0|288000|1514|12112346|124032
1200000|1|6000|3|5|1|2|288000|1514|12112346|357184
1200000|1|6000|3|5|0|0|288000|1515|12120347|123540
1200000|1|6000|3|5|1|2|288000|1515|12120347|357473
1200000|1|6000|3|5|0|0|288000|1516|12128346|123253
1200000|1|6000|3|5|1|2|288000|1516|12128346|357351
1200000|1|6000|3|5|0|0|288000|1517|12136346|123171
1200000|1|6000|3|5|1|2|288000|1517|12136346|357312
1200000|1|6000|3|5|0|0|288000|1518|12144346|122884
1200000|1|6000|3|5|1|2|288000|1518|12144346|357310
1200000|1|6000|3|5|0|0|288000|1519|12152346|123171
1200000|1|6000|3|5|1|2|288000|1519|12152346|357474
1200000|1|6000|3|5|0|0|288000|1520|12160346|123827
1200000|1|6000|3|5|1|2|288000|1520|12160346|357721
1200000|1|6000|3|5|0|0|288000|1521|12168346|124237
1200000|1|6000|3|5|1|2|288000|1521|12168346|357351
1200000|1|6000|3|5|0|0|288000|1522|12176346|125016
1200000|1|6000|3|5|1|2|288000|1522|12176346|356820
1200000|1|6000|3|5|0|0|288000|1523|12184345|125098
1200000|1|6000|3|5|1|2|288000|1523|12184345|355629
1200000|1|6000|3|5|0|0|288000|1524|12192344|125754
1200000|1|6000|3|5|1|2|288000|1524|12192344|355011
1200000|1|6000|3|5|0|0|288000|1525|12200343|126082
1200000|1|6000|3|5|1|2|288000|1525|12200343|354071
1200000|1|6000|3|5|0|0|288000|1526|12208341|126697
1200000|1|6000|3|5|1|2|288000|1526|12208341|353293
1200000|1|6000|3|5|0|0|288000|1527|12216341|126697
1200000|1|6000|3|5|1|2|288000|1527|12216341|352756
1200000|1|6000|3|5|0|0|288000|1528|12224340|127189
1200000|1|6000|3|5|1|2|288000|1528|12224340|352635
1200000|1|6000|3|5|0|0|288000|1529|12232340|126861
1200000|1|6000|3|5|1|2|288000|1529|12232340|353004
1200000|1|6000|3|5|0|0|288000|1530|12240340|127271
1200000|1|6000|3|5|1|2|288000|1530|12240340|353785
1200000|1|6000|3|5|0|0|288000|1531|12248341|127558
1200000|1|6000|3|5|1|2|288000|1531|12248341|354112
1200000|1|6000|3|5|0|0|288000|1532|12256342|128173
1200000|1|6000|3|5|1|2|288000|1532|12256342|354440
1200000|1|6000|3|5|0|0|288000|1533|12264342|128460
1200000|1|6000|3|5|1|2|288000|1533|12264342|355302
1200000|1|6000|3|5|0|0|288000|1534|12272343|129321
1200000|1|6000|3|5|1|2|288000|1534|12272343|355465
1200000|1|6000|3|5|0|0|288000|1535|12280343|129854
1200000|1|6000|3|5|1|2|288000|1535|12280343|355876
1200000|1|6000|3|5|0|0|288000|1536|12288344|130223
1200000|1|6000|3|5|1|2|288000|1536|12288344|355631
1200000|1|6000|3|5|0|0|288000|1537|12296344|130879
1200000|1|6000|3|5|1|2|288000|1537|12296344|355669
1200000|1|6000|3|5|0|0|288000|1538|12304344|131412
1200000|1|6000|3|5|1|2|288000|1538|12304344|355219
1200000|1|6000|3|5|0|0|288000|1539|12312344|131617
1200000|1|6000|3|5|1|2|288000|1539|12312344|355709
1200000|1|6000|3|5|0|0|288000|1540|12320345|132109
1200000|1|6000|3|5|1|2|288000|1540|12320345|355957
1200000|1|6000|3|5|0|0|288000|1541|12328345|132683
1200000|1|6000|3|5|1|2|288000|1541|12328345|356245
1200000|1|6000|3|5|0|0|288000|1542|12336346|133216
1200000|1|6000|3|5|1|2|288000|1542|12336346|356613
1200000|1|6000|3|5|0|0|288000|1543|12344346|134036
1200000|1|6000|3|5|1|2|288000|1543|12344346|357146
1200000|1|6000|3|5|0|0|288000|1544|12352347|134118
1200000|1|6000|3|5|1|2|288000|1544|12352347|357721
1200000|1|6000|3|5|0|0|288000|1545|12360348|133995
1200000|1|6000|3|5|1|2|288000|1545|12360348|358295
1200000|1|6000|3|5|0|0|288000|1546|12368348|134118
1200000|1|6000|3|5|1|2|288000|1546|12368348|358583
1200000|1|6000|3|5|0|0|288000|1547|12376348|134282
1200000|1|6000|3|5|1|2|288000|1547|12376348|359113
1200000|1|6000|3|5|0|0|288000|1548|12384349|134487
1200000|1|6000|3|5|1|2|288000|1548|12384349|359155
1200000|1|6000|3|5|0|0|288000|1549|12392350|134610
1200000|1|6000|3|5|1|2|288000|1549|12392350|359361
1200000|1|6000|3|5|0|0|288000|1550|12400350|135061
1200000|1|6000|3|5|1|2|288000|1550|12400350|359279
1200000|1|6000|3|5|0|0|288000|1551|12408350|135389
1200000|1|6000|3|5|1|2|288000|1551|12408350|359935
1200000|1|6000|3|5|0|0|288000|1552|12416351|135471
1200000|1|6000|3|5|1|2|288000|1552|12416351|360262
1200000|1|6000|3|5|0|0|288000|1553|12424352|135389
1200000|1|6000|3|5|1|2|288000|1553|12424352|360877
1200000|1|6000|3|5|0|0|288000|1554|12432354|135553
1200000|1|6000|3|5|1|2|288000|1554|12432354|362272
1200000|1|6000|3|5|0|0|288000|1555|12440355|135266
1200000|1|6000|3|5|1|2|288000|1555|12440355|362888
1200000|1|6000|3|5|0|0|288000|1556|12448357|135184
1200000|1|6000|3|5|1|2|288000|1556|12448357|363627
1200000|1|6000|3|5|0|0|288000|1557|12456358|133872
1200000|1|6000|3|5|1|2|288000|1557|12456358|364033
1200000|1|6000|3|5|0|0|288000|1558|12464359|133421
1200000|1|6000|3|5|1|2|288000|1558|12464359|364444
1200000|1|6000|3|5|0|0|288000|1559|12472360|133052
1200000|1|6000|3|5|1|2|288000|1559|12472360|364733
1200000|1|6000|3|5|0|0|288000|1560|12480360|132929
1200000|1|6000|3|5|1|2|288000|1560|12480360|364649
1200000|1|6000|3|5|0|0|288000|1561|12488360|132806
1200000|1|6000|3|5|1|2|288000|1561|12488360|365184
1200000|1|6000|3|5|0|0|288000|1562|12496361|132191
1200000|1|6000|3|5|1|2|288000|1562|12496361|364895
1200000|1|6000|3|5|0|0|288000|1563|12504361|131740
1200000|1|6000|3|5|1|2|288000|1563|12504361|365880
1200000|1|6000|3|5|0|0|288000|1564|12512362|131494
1200000|1|6000|3|5|1|2|288000|1564|12512362|365839
1200000|1|6000|3|5|0|0|288000|1565|12520362|131289
1200000|1|6000|3|5|1|2|288000|1565|12520362|366578
1200000|1|6000|3|5|0|0|288000|1566|12528363|130059
1200000|1|6000|3|5|1|2|288000|1566|12528363|366414
1200000|1|6000|3|5|0|0|288000|1567|12536363|129239
1200000|1|6000|3|5|1|2|288000|1567|12536363|366167
1200000|1|6000|3|5|0|0|288000|1568|12544363|128460
1200000|1|6000|3|5|1|2|288000|1568|12544363|365592
1200000|1|6000|3|5|0|0|288000|1569|12552362|127435
1200000|1|6000|3|5|1|2|288000|1569|12552362|365796
1200000|1|6000|3|5|0|0|288000|1570|12560362|126656
1200000|1|6000|3|5|1|2|288000|1570|12560362|365512
1200000|1|6000|3|5|0|0|288000|1571|12568361|125508
1200000|1|6000|3|5|1|2|288000|1571|12568361|365100
1200000|1|6000|3|5|0|0|288000|1572|12576361|125959
1200000|1|6000|3|5|1|2|288000|1572|12576361|364608
1200000|1|6000|3|5|0|0|288000|1573|12584361|125385
1200000|1|6000|3|5|1|2|288000|1573|12584361|364362
1200000|1|6000|3|5|0|0|288000|1574|12592361|125467
1200000|1|6000|3|5|1|2|288000|1574|12592361|364691
1200000|1|6000|3|5|0|0|288000|1575|12600361|125098
1200000|1|6000|3|5|1|2|288000|1575|12600361|364893
1200000|1|6000|3|5|0|0|288000|1576|12608361|124688
1200000|1|6000|3|5|1|2|288000|1576|12608361|364855
1200000|1|6000|3|5|0|0|288000|1577|12616361|124114
1200000|1|6000|3|5|1|2|288000|1577|12616361|364896
1200000|1|6000|3|5|0|0|288000|1578|12624362|123458
1200000|1|6000|3|5|1|2|288000|1578|12624362|365223
1200000|1|6000|3|5|0|0|288000|1579|12632362|122884
1200000|1|6000|3|5|1|2|288000|1579|12632362|365057
1200000|1|6000|3|5|0|0|288000|1580|12640362|122474
1200000|1|6000|3|5|1|2|288000|1580|12640362|365426
1200000|1|6000|3|5|0|0|288000|1581|12648363|122925
1200000|1|6000|3|5|1|2|288000|1581|12648363|364690
1200000|1|6000|3|5|0|0|288000|1582|12656362|123048
1200000|1|6000|3|5|1|2|288000|1582|12656362|364773
1200000|1|6000|3|5|0|0|288000|1583|12664362|123376
1200000|1|6000|3|5|1|2|288000|1583|12664362|364650
1200000|1|6000|3|5|0|0|288000|1584|12672362|123130
1200000|1|6000|3|5|1|2|288000|1584|12672362|364854
1200000|1|6000|3|5|0|0|288000|1585|12680362|123294
1200000|1|6000|3|5|1|2|288000|1585|12680362|365428
1200000|1|6000|3|5|0|0|288000|1586|12688363|123253
1200000|1|6000|3|5|1|2|288000|1586|12688363|364814
1200000|1|6000|3|5|0|0|288000|1587|12696362|123376
1200000|1|6000|3|5|1|2|288000|1587|12696362|365470
1200000|1|6000|3|5|0|0|288000|1588|12704363|122433
1200000|1|6000|3|5|1|2|288000|1588|12704363|365101
1200000|1|6000|3|5|0|0|288000|1589|12712363|121900
1200000|1|6000|3|5|1|2|288000|1589|12712363|366208
1200000|1|6000|3|5|0|0|288000|1590|12720364|121572
1200000|1|6000|3|5|1|2|288000|1590|12720364|365798
1200000|1|6000|3|5|0|0|288000|1591|12728365|120834
1200000|1|6000|3|5|1|2|288000|1591|12728365|366450
1200000|1|6000|3|5|0|0|288000|1592|12736365|121162
1200000|1|6000|3|5|1|2|288000|1592|12736365|366901
1200000|1|6000|3|5|0|0|288000|1593|12744366|120834
1200000|1|6000|3|5|1|2|288000|1593|12744366|367192
1200000|1|6000|3|5|0|0|288000|1594|12752367|121203
1200000|1|6000|3|5|1|2|288000|1594|12752367|367643
1200000|1|6000|3|5|0|0|288000|1595|12760368|121244
1200000|1|6000|3|5|1|2|288000|1595|12760368|368010
1200000|1|6000|3|5|0|0|288000|1596|12768368|121572
1200000|1|6000|3|5|1|2|288000|1596|12768368|367930
1200000|1|6000|3|5|0|0|288000|1597|12776368|121490
1200000|1|6000|3|5|1|2|288000|1597|12776368|367806
1200000|1|6000|3|5|0|0|288000|1598|12784368|121121
1200000|1|6000|3|5|1|2|288000|1598|12784368|367765
1200000|1|6000|3|5|0|0|288000|1599|12792368|121162
1200000|1|6000|3|5|1|2|288000|1599|12792368|367601
1200000|1|6000|3|5|0|0|288000|1600|12800368|120998
1200000|1|6000|3|5|1|2|288000|1600|12800368|367766
1200000|1|6000|3|5|0|0|288000|1601|12808368|121039
1200000|1|6000|3|5|1|2|288000|1601|12808368|367520
1200000|1|6000|3|5|0|0|288000|1602|12816368|120670
1200000|1|6000|3|5|1|2|288000|1602|12816368|367682
1200000|1|6000|3|5|0|0|288000|1603|12824369|120875
1200000|1|6000|3|5|1|2|288000|1603|12824369|367397
1200000|1|6000|3|5|0|0|288000|1604|12832368|120957
1200000|1|6000|3|5|1|2|288000|1604|12832368|367558
1200000|1|6000|3|5|0|0|288000|1605|12840368|121326
1200000|1|6000|3|5|1|2|288000|1605|12840368|366741
1200000|1|6000|3|5|0|0|288000|1606|12848368|121244
1200000|1|6000|3|5|1|2|288000|1606|12848368|366167
1200000|1|6000|3|5|0|0|288000|1607|12856368|121285
1200000|1|6000|3|5|1|2|288000|1607|12856368|365674
1200000|1|6000|3|5|0|0|288000|1608|12864368|121121
1200000|1|6000|3|5|1|2|288000|1608|12864368|364487
1200000|1|6000|3|5|0|0|288000|1609|12872368|121162
1200000|1|6000|3|5|1|2|288000|1609|12872368|364360
1200000|1|6000|3|5|0|0|288000|1610|12880368|120834
1200000|1|6000|3|5|1|2|288000|1610|12880368|363338
1200000|1|6000|3|5|0|0|288000|1611|12888367|120793
1200000|1|6000|3|5|1|2|288000|1611|12888367|363705
1200000|1|6000|3|5|0|0|288000|1612|12896369|121203
1200000|1|6000|3|5|1|2|288000|1612|12896369|363009
1200000|1|6000|3|5|0|0|288000|1613|12904368|121244
1200000|1|6000|3|5|1|2|288000|1613|12904368|363216
1200000|1|6000|3|5|0|0|288000|1614|12912368|121736
1200000|1|6000|3|5|1|2|288000|1614|12912368|362600
1200000|1|6000|3|5|0|0|288000|1615|12920368|122105
1200000|1|6000|3|5|1|2|288000|1615|12920368|362066
1200000|1|6000|3|5|0|0|288000|1616|12928367|122925
1200000|1|6000|3|5|1|2|288000|1616|12928367|361820
1200000|1|6000|3|5|0|0|288000|1617|12936368|123294
1200000|1|6000|3|5|1|2|288000|1617|12936368|361369
1200000|1|6000|3|5|0|0|288000|1618|12944368|123581
1200000|1|6000|3|5|1|2|288000|1618|12944368|360915
1200000|1|6000|3|5|0|0|288000|1619|12952368|123540
1200000|1|6000|3|5|1|2|288000|1619|12952368|359935
1200000|1|6000|3|5|0|0|288000|1620|12960368|123786
1200000|1|6000|3|5|1|2|288000|1620|12960368|359852
1200000|1|6000|3|5|0|0|288000|1621|12968368|124114
1200000|1|6000|3|5|1|2|288000|1621|12968368|359852
1200000|1|6000|3|5|0|0|288000|1622|12976368|124360
1200000|1|6000|3|5|1|2|288000|1622|12976368|360096
1200000|1|6000|3|5|0|0|288000|1623|12984368|124852
1200000|1|6000|3|5|1|2|288000|1623|12984368|360016
1200000|1|6000|3|5|0|0|288000|1624|12992368|124688
1200000|1|6000|3|5|1|2|288000|1624|12992368|359936
1200000|1|6000|3|5|0|0|288000|1625|13000368|125303
1200000|1|6000|3|5|1|2|288000|1625|13000368|359811
1200000|1|6000|3|5|0|0|288000|1626|13008368|124196
1200000|1|6000|3|5|1|2|288000|1626|13008368|359770
1200000|1|6000|3|5|0|0|288000|1627|13016369|124114
1200000|1|6000|3|5|1|2|288000|1627|13016369|358992
1200000|1|6000|3|5|0|0|288000|1628|13024368|123704
1200000|1|6000|3|5|1|2|288000|1628|13024368|358253
1200000|1|6000|3|5|0|0|288000|1629|13032368|124155
1200000|1|6000|3|5|1|2|288000|1629|13032368|357802
1200000|1|6000|3|5|0|0|288000|1630|13040368|124032
1200000|1|6000|3|5|1|2|288000|1630|13040368|357967
1200000|1|6000|3|5|0|0|288000|1631|13048368|123663
1200000|1|6000|3|5|1|2|288000|1631|13048368|357968
1200000|1|6000|3|5|0|0|288000|1632|13056368|122597
1200000|1|6000|3|5|1|2|288000|1632|13056368|358335
1200000|1|6000|3|5|0|0|288000|1633|13064368|122146
1200000|1|6000|3|5|1|2|288000|1633|13064368|358377
1200000|1|6000|3|5|0|0|288000|1634|13072368|121900
1200000|1|6000|3|5|1|2|288000|1634|13072368|358991
1200000|1|6000|3|5|0|0|288000|1635|13080368|121490
1200000|1|6000|3|5|1|2|288000|1635|13080368|360223
1200000|1|6000|3|5|0|0|288000|1636|13088369|120711
1200000|1|6000|3|5|1|2|288000|1636|13088369|360877
1200000|1|6000|3|5|0|0|288000|1637|13096370|120178
1200000|1|6000|3|5|1|2|288000|1637|13096370|361574
1200000|1|6000|3|5|0|0|288000|1638|13104372|119850
1200000|1|6000|3|5|1|2|288000|1638|13104372|362232
1200000|1|6000|3|5|0|0|288000|1639|13112373|119891
1200000|1|6000|3|5|1|2|288000|1639|13112373|362395
1200000|1|6000|3|5|0|0|288000|1640|13120374|120260
1200000|1|6000|3|5|1|2|288000|1640|13120374|363052
1200000|1|6000|3|5|0|0|288000|1641|13128374|119645
1200000|1|6000|3|5|1|2|288000|1641|13128374|362518
1200000|1|6000|3|5|0|0|288000|1642|13136374|119317
1200000|1|6000|3|5|1|2|288000|1642|13136374|362641
1200000|1|6000|3|5|0|0|288000|1643|13144375|119481
1200000|1|6000|3|5|1|2|288000|1643|13144375|362601
1200000|1|6000|3|5|0|0|288000|1644|13152375|119399
1200000|1|6000|3|5|1|2|288000|1644|13152375|363051
1200000|1|6000|3|5|0|0|288000|1645|13160376|119030
1200000|1|6000|3|5|1|2|288000|1645|13160376|363256
1200000|1|6000|3|5|0|0|288000|1646|13168376|118620
1200000|1|6000|3|5|1|2|288000|1646|13168376|363911
1200000|1|6000|3|5|0|0|288000|1647|13176377|118456
1200000|1|6000|3|5|1|2|288000|1647|13176377|364075
1200000|1|6000|3|5|0|0|288000|1648|13184378|118087
1200000|1|6000|3|5|1|2|288000|1648|13184378|364894
1200000|1|6000|3|5|0|0|288000|1649|13192379|118702
1200000|1|6000|3|5|1|2|288000|1649|13192379|365717
1200000|1|6000|3|5|0|0|288000|1650|13200380|119071
1200000|1|6000|3|5|1|2|288000|1650|13200380|366289
1200000|1|6000|3|5|0|0|288000|1651|13208381|118866
1200000|1|6000|3|5|1|2|288000|1651|13208381|366862
1200000|1|6000|3|5|0|0|288000|1652|13216382|119071
1200000|1|6000|3|5|1|2|288000|1652|13216382|367110
1200000|1|6000|3|5|0|0|288000|1653|13224382|118620
1200000|1|6000|3|5|1|2|288000|1653|13224382|367847
1200000|1|6000|3|5|0|0|288000|1654|13232383|118948
1200000|1|6000|3|5|1|2|288000|1654|13232383|368217
1200000|1|6000|3|5|0|0|288000|1655|13240384|118948
1200000|1|6000|3|5|1|2|288000|1655|13240384|368259
1200000|1|6000|3|5|0|0|288000|1656|13248385|118620
1200000|1|6000|3|5|1|2|288000|1656|13248385|368298
1200000|1|6000|3|5|0|0|288000|1657|13256385|117964
1200000|1|6000|3|5|1|2|288000|1657|13256385|367849
1200000|1|6000|3|5|0|0|288000|1658|13264384|117841
1200000|1|6000|3|5|1|2|288000|1658|13264384|367727
1200000|1|6000|3|5|0|0|288000|1659|13272384|118046
1200000|1|6000|3|5|1|2|288000|1659|13272384|367642
1200000|1|6000|3|5|0|0|288000|1660|13280384|118128
1200000|1|6000|3|5|1|2|288000|1660|13280384|367890
1200000|1|6000|3|5|0|0|288000|1661|13288384|118005
1200000|1|6000|3|5|1|2|288000|1661|13288384|367888
1200000|1|6000|3|5|0|0|288000|1662|13296384|118169
1200000|1|6000|3|5|1|2|288000|1662|13296384|367971
1200000|1|6000|3|5|0|0|288000|1663|13304384|119030
1200000|1|6000|3|5|1|2|288000|1663|13304384|367685
1200000|1|6000|3|5|0|0|288000|1664|13312384|119727
1200000|1|6000|3|5|1|2|288000|1664|13312384|368257
1200000|1|6000|3|5|0|0|288000|1665|13320385|120219
1200000|1|6000|3|5|1|2|288000|1665|13320385|368052
1200000|1|6000|3|5|0|0|288000|1666|13328385|120793
1200000|1|6000|3|5|1|2|288000|1666|13328385|368380
1200000|1|6000|3|5|0|0|288000|1667|13336385|121408
1200000|1|6000|3|5|1|2|288000|1667|13336385|367885
1200000|1|6000|3|5|0|0|288000|1668|13344385|121982
1200000|1|6000|3|5|1|2|288000|1668|13344385|367601
1200000|1|6000|3|5|0|0|288000|1669|13352384|122310
1200000|1|6000|3|5|1|2|288000|1669|13352384|366781
1200000|1|6000|3|5|0|0|288000|1670|13360384|122679
1200000|1|6000|3|5|1|2|288000|1670|13360384|366250
1200000|1|6000|3|5|0|0|288000|1671|13368383|123335
1200000|1|6000|3|5|1|2|288000|1671|13368383|365676
1200000|1|6000|3|5|0|0|288000|1672|13376383|124278
1200000|1|6000|3|5|1|2|288000|1672|13376383|365348
1200000|1|6000|3|5|0|0|288000|1673|13384383|124893
1200000|1|6000|3|5|1|2|288000|1673|13384383|365879
1200000|1|6000|3|5|0|0|288000|1674|13392382|126041
1200000|1|6000|3|5|1|2|288000|1674|13392382|366289
1200000|1|6000|3|5|0|0|288000|1675|13400382|126943
1200000|1|6000|3|5|1|2|288000|1675|13400382|366823
1200000|1|6000|3|5|0|0|288000|1676|13408382|128214
1200000|1|6000|3|5|1|2|288000|1676|13408382|367027
1200000|1|6000|3|5|0|0|288000|1677|13416382|128173
1200000|1|6000|3|5|1|2|288000|1677|13416382|367274
1200000|1|6000|3|5|0|0|288000|1678|13424381|128214
1200000|1|6000|3|5|1|2|288000|1678|13424381|367271
1200000|1|6000|3|5|0|0|288000|1679|13432381|127271
1200000|1|6000|3|5|1|2|288000|1679|13432381|368218
1200000|1|6000|3|5|0|0|288000|1680|13440382|127271
1200000|1|6000|3|5|1|2|288000|1680|13440382|368094
1200000|1|6000|3|5|0|0|288000|1681|13448382|126779
1200000|1|6000|3|5|1|2|288000|1681|13448382|369076
1200000|1|6000|3|5|0|0|288000|1682|13456383|126205
1200000|1|6000|3|5|1|2|288000|1682|13456383|369935
1200000|1|6000|3|5|0|0|288000|1683|13464383|126410
1200000|1|6000|3|5|1|2|288000|1683|13464383|370842
1200000|1|6000|3|5|0|0|288000|1684|13472384|126533
1200000|1|6000|3|5|1|2|288000|1684|13472384|371865
1200000|1|6000|3|5|0|0|288000|1685|13480384|126820
1200000|1|6000|3|5|1|2|288000|1685|13480384|373013
1200000|1|6000|3|5|0|0|288000|1686|13488385|126656
1200000|1|6000|3|5|1|2|288000|1686|13488385|373505
1200000|1|6000|3|5|0|0|288000|1687|13496384|126492
1200000|1|6000|3|5|1|2|288000|1687|13496384|373014
1200000|1|6000|3|5|0|0|288000|1688|13504383|126123
1200000|1|6000|3|5|1|2|288000|1688|13504383|372928
1200000|1|6000|3|5|0|0|288000|1689|13512383|125877
1200000|1|6000|3|5|1|2|288000|1689|13512383|372645
1200000|1|6000|3|5|0|0|288000|1690|13520383|124893
1200000|1|6000|3|5|1|2|288000|1690|13520383|372645
1200000|1|6000|3|5|0|0|288000|1691|13528383|124155
1200000|1|6000|3|5|1|2|288000|1691|13528383|372478
1200000|1|6000|3|5|0|0|288000|1692|13536382|123499
1200000|1|6000|3|5|1|2|288000|1692|13536382|372521
1200000|1|6000|3|5|0|0|288000|1693|13544383|123622
1200000|1|6000|3|5|1|2|288000|1693|13544383|372684
1200000|1|6000|3|5|0|0|288000|1694|13552382|124032
1200000|1|6000|3|5|1|2|288000|1694|13552382|373464
1200000|1|6000|3|5|0|0|288000|1695|13560384|124196
1200000|1|6000|3|5|1|2|288000|1695|13560384|374735
1200000|1|6000|3|5|0|0|288000|1696|13568385|124442
1200000|1|6000|3|5|1|2|288000|1696|13568385|375390
1200000|1|6000|3|5|0|0|288000|1697|13576386|124032
1200000|1|6000|3|5|1|2|288000|1697|13576386|375844
1200000|1|6000|3|5|0|0|288000|1698|13584386|124114
1200000|1|6000|3|5|1|2|288000|1698|13584386|376091
1200000|1|6000|3|5|0|0|288000|1699|13592387|123950
1200000|1|6000|3|5|1|2|288000|1699|13592387|376253
1200000|1|6000|3|5|0|0|288000|1700|13600387|123704
1200000|1|6000|3|5|1|2|288000|1700|13600387|377238
1200000|1|6000|3|5|0|0|288000|1701|13608388|123089
1200000|1|6000|3|5|1|2|288000|1701|13608388|377647
1200000|1|6000|3|5|0|0|288000|1702|13616389|123294
1200000|1|6000|3|5|1|2|288000|1702|13616389|377850
1200000|1|6000|3|5|0|0|288000|1703|13624389|123130
1200000|1|6000|3|5|1|2|288000|1703|13624389|378589
1200000|1|6000|3|5|0|0|288000|1704|13632390|123499
1200000|1|6000|3|5|1|2|288000|1704|13632390|379369
1200000|1|6000|3|5|0|0|288000|1705|13640391|123458
1200000|1|6000|3|5|1|2|288000|1705|13640391|379124
1200000|1|6000|3|5|0|0|288000|1706|13648391|123622
1200000|1|6000|3|5|1|2|288000|1706|13648391|379164
1200000|1|6000|3|5|0|0|288000|1707|13656391|123376
1200000|1|6000|3|5|1|2|288000|1707|13656391|379201
1200000|1|6000|3|5|0|0|288000|1708|13664391|124196
1200000|1|6000|3|5|1|2|288000|1708|13664391|379819
1200000|1|6000|3|5|0|0|288000|1709|13672391|124073
1200000|1|6000|3|5|1|2|288000|1709|13672391|379944
1200000|1|6000|3|5|0|0|288000|1710|13680392|124852
1200000|1|6000|3|5|1|2|288000|1710|13680392|381336
1200000|1|6000|3|5|0|0|288000|1711|13688394|125221
1200000|1|6000|3|5|1|2|288000|1711|13688394|381828
1200000|1|6000|3|5|0|0|288000|1712|13696395|125631
1200000|1|6000|3|5|1|2|288000|1712|13696395|382362
1200000|1|6000|3|5|0|0|288000|1713|13704395|125877
1200000|1|6000|3|5|1|2|288000|1713|13704395|382813
1200000|1|6000|3|5|0|0|288000|1714|13712397|126861
1200000|1|6000|3|5|1|2|288000|1714|13712397|383424
1200000|1|6000|3|5|0|0|288000|1715|13720397|127804
1200000|1|6000|3|5|1|2|288000|1715|13720397|384126
1200000|1|6000|3|5|0|0|288000|1716|13728398|128419
1200000|1|6000|3|5|1|2|288000|1716|13728398|384163
1200000|1|6000|3|5|0|0|288000|1717|13736398|129608
1200000|1|6000|3|5|1|2|288000|1717|13736398|384370
1200000|1|6000|3|5|0|0|288000|1718|13744398|130756
1200000|1|6000|3|5|1|2|288000|1718|13744398|384740
1200000|1|6000|3|5|0|0|288000|1719|13752399|131822
1200000|1|6000|3|5|1|2|288000|1719|13752399|385272
1200000|1|6000|3|5|0|0|288000|1720|13760399|132806
1200000|1|6000|3|5|1|2|288000|1720|13760399|385887
1200000|1|6000|3|5|0|0|288000|1721|13768399|133626
1200000|1|6000|3|5|1|2|288000|1721|13768399|386297
1200000|1|6000|3|5|0|0|288000|1722|13776400|133544
1200000|1|6000|3|5|1|2|288000|1722|13776400|386747
1200000|1|6000|3|5|0|0|288000|1723|13784400|133667
1200000|1|6000|3|5|1|2|288000|1723|13784400|387118
1200000|1|6000|3|5|0|0|288000|1724|13792401|133298
1200000|1|6000|3|5|1|2|288000|1724|13792401|387733
1200000|1|6000|3|5|0|0|288000|1725|13800402|133134
1200000|1|6000|3|5|1|2|288000|1725|13800402|388349
1200000|1|6000|3|5|0|0|288000|1726|13808402|133298
1200000|1|6000|3|5|1|2|288000|1726|13808402|388553
1200000|1|6000|3|5|0|0|288000|1727|13816402|133380
1200000|1|6000|3|5|1|2|288000|1727|13816402|389087
1200000|1|6000|3|5|0|0|288000|1728|13824403|133585
1200000|1|6000|3|5|1|2|288000|1728|13824403|389165
1200000|1|6000|3|5|0|0|288000|1729|13832403|134323
1200000|1|6000|3|5|1|2|288000|1729|13832403|389619
1200000|1|6000|3|5|0|0|288000|1730|13840403|134774
1200000|1|6000|3|5|1|2|288000|1730|13840403|389864
1200000|1|6000|3|5|0|0|288000|1731|13848404|135061
1200000|1|6000|3|5|1|2|288000|1731|13848404|390107
1200000|1|6000|3|5|0|0|288000|1732|13856403|134856
1200000|1|6000|3|5|1|2|288000|1732|13856403|389535
1200000|1|6000|3|5|0|0|288000|1733|13864403|135184
1200000|1|6000|3|5|1|2|288000|1733|13864403|389616
1200000|1|6000|3|5|0|0|288000|1734|13872402|135553
1200000|1|6000|3|5|1|2|288000|1734|13872402|389372
1200000|1|6000|3|5|0|0|288000|1735|13880401|135717
1200000|1|6000|3|5|1|2|288000|1735|13880401|389784
1200000|1|6000|3|5|0|0|288000|1736|13888401|136086
1200000|1|6000|3|5|1|2|288000|1736|13888401|389045
1200000|1|6000|3|5|0|0|288000|1737|13896401|136045
1200000|1|6000|3|5|1|2|288000|1737|13896401|389291
1200000|1|6000|3|5|0|0|288000|1738|13904400|136414
1200000|1|6000|3|5|1|2|288000|1738|13904400|388881
1200000|1|6000|3|5|0|0|288000|1739|13912399|136332
1200000|1|6000|3|5|1|2|288000|1739|13912399|389989
1200000|1|6000|3|5|0|0|288000|1740|13920401|136250
1200000|1|6000|3|5|1|2|288000|1740|13920401|390562
1200000|1|6000|3|5|0|0|288000|1741|13928401|136045
1200000|1|6000|3|5|1|2|288000|1741|13928401|391218
1200000|1|6000|3|5|0|0|288000|1742|13936402|136209
1200000|1|6000|3|5|1|2|288000|1742|13936402|391383
1200000|1|6000|3|5|0|0|288000|1743|13944402|135840
1200000|1|6000|3|5|1|2|288000|1743|13944402|391626
1200000|1|6000|3|5|0|0|288000|1744|13952403|135676
1200000|1|6000|3|5|1|2|288000|1744|13952403|392080
1200000|1|6000|3|5|0|0|288000|1745|13960404|135307
1200000|1|6000|3|5|1|2|288000|1745|13960404|392776
1200000|1|6000|3|5|0|0|288000|1746|13968405|135225
1200000|1|6000|3|5|1|2|288000|1746|13968405|393063
1200000|1|6000|3|5|0|0|288000|1747|13976405|134897
1200000|1|6000|3|5|1|2|288000|1747|13976405|392857
1200000|1|6000|3|5|0|0|288000|1748|13984405|134446
1200000|1|6000|3|5|1|2|288000|1748|13984405|392613
1200000|1|6000|3|5|0|0|288000|1749|13992404|134159
1200000|1|6000|3|5|1|2|288000|1749|13992404|392242
1200000|1|6000|3|5|0|0|288000|1750|14000404|133872
1200000|1|6000|3|5|1|2|288000|1750|14000404|392242
1200000|1|6000|3|5|0|0|288000|1751|14008403|133257
1200000|1|6000|3|5|1|2|288000|1751|14008403|391956
1200000|1|6000|3|5|0|0|288000|1752|14016403|132232
1200000|1|6000|3|5|1|2|288000|1752|14016403|392202
1200000|1|6000|3|5|0|0|288000|1753|14024403|131494
1200000|1|6000|3|5|1|2|288000|1753|14024403|392284
1200000|1|6000|3|5|0|0|288000|1754|14032403|131371
1200000|1|6000|3|5|1|2|288000|1754|14032403|392735
1200000|1|6000|3|5|0|0|288000|1755|14040403|130838
1200000|1|6000|3|5|1|2|288000|1755|14040403|392528
1200000|1|6000|3|5|0|0|288000|1756|14048403|130797
1200000|1|6000|3|5|1|2|288000|1756|14048403|392775
1200000|1|6000|3|5|0|0|288000|1757|14056402|130387
1200000|1|6000|3|5|1|2|288000|1757|14056402|392570
1200000|1|6000|3|5|0|0|288000|1758|14064402|130223
1200000|1|6000|3|5|1|2|288000|1758|14064402|392695
1200000|1|6000|3|5|0|0|288000|1759|14072402|130346
1200000|1|6000|3|5|1|2|288000|1759|14072402|392530
1200000|1|6000|3|5|0|0|288000|1760|14080401|131084
1200000|1|6000|3|5|1|2|288000|1760|14080401|392858
1200000|1|6000|3|5|0|0|288000|1761|14088401|131371
1200000|1|6000|3|5|1|2|288000|1761|14088401|392080
1200000|1|6000|3|5|0|0|288000|1762|14096399|131617
1200000|1|6000|3|5|1|2|288000|1762|14096399|392408
1200000|1|6000|3|5|0|0|288000|1763|14104399|131904
1200000|1|6000|3|5|1|2|288000|1763|14104399|391383
1200000|1|6000|3|5|0|0|288000|1764|14112399|132150
1200000|1|6000|3|5|1|2|288000|1764|14112399|390687
1200000|1|6000|3|5|0|0|288000|1765|14120398|132355
1200000|1|6000|3|5|1|2|288000|1765|14120398|390111
1200000|1|6000|3|5|0|0|288000|1766|14128398|132191
1200000|1|6000|3|5|1|2|288000|1766|14128398|389251
1200000|1|6000|3|5|0|0|288000|1767|14136397|132109
1200000|1|6000|3|5|1|2|288000|1767|14136397|389045
1200000|1|6000|3|5|0|0|288000|1768|14144397|132027
1200000|1|6000|3|5|1|2|288000|1768|14144397|387978
1200000|1|6000|3|5|0|0|288000|1769|14152396|132150
1200000|1|6000|3|5|1|2|288000|1769|14152396|387568
1200000|1|6000|3|5|0|0|288000|1770|14160395|132601
1200000|1|6000|3|5|1|2|288000|1770|14160395|386543
1200000|1|6000|3|5|0|0|288000|1771|14168395|132765
1200000|1|6000|3|5|1|2|288000|1771|14168395|385763
1200000|1|6000|3|5|0|0|288000|1772|14176393|132888
1200000|1|6000|3|5|1|2|288000|1772|14176393|384780
1200000|1|6000|3|5|0|0|288000|1773|14184392|133667
1200000|1|6000|3|5|1|2|288000|1773|14184392|384453
1200000|1|6000|3|5|0|0|288000|1774|14192392|134405
1200000|1|6000|3|5|1|2|288000|1774|14192392|384043
1200000|1|6000|3|5|0|0|288000|1775|14200392|134897
1200000|1|6000|3|5|1|2|288000|1775|14200392|383674
1200000|1|6000|3|5|0|0|288000|1776|14208392|134528
1200000|1|6000|3|5|1|2|288000|1776|14208392|383755
1200000|1|6000|3|5|0|0|288000|1777|14216393|134569
1200000|1|6000|3|5|1|2|288000|1777|14216393|383839
1200000|1|6000|3|5|0|0|288000|1778|14224393|134405
1200000|1|6000|3|5|1|2|288000|1778|14224393|384208
1200000|1|6000|3|5|0|0|288000|1779|14232393|134610
1200000|1|6000|3|5|1|2|288000|1779|14232393|384456
1200000|1|6000|3|5|0|0|288000|1780|14240393|134405
1200000|1|6000|3|5|1|2|288000|1780|14240393|384329
1200000|1|6000|3|5|0|0|288000|1781|14248393|134241
1200000|1|6000|3|5|1|2|288000|1781|14248393|384208
1200000|1|6000|3|5|0|0|288000|1782|14256393|133708
1200000|1|6000|3|5|1|2|288000|1782|14256393|384040
1200000|1|6000|3|5|0|0|288000|1783|14264392|133339
1200000|1|6000|3|5|1|2|288000|1783|14264392|384084
1200000|1|6000|3|5|0|0|288000|1784|14272392|133298
1200000|1|6000|3|5|1|2|288000|1784|14272392|384123
1200000|1|6000|3|5|0|0|288000|1785|14280392|133011
1200000|1|6000|3|5|1|2|288000|1785|14280392|382892
1200000|1|6000|3|5|0|0|288000|1786|14288391|132396
1200000|1|6000|3|5|1|2|288000|1786|14288391|381049
1200000|1|6000|3|5|0|0|288000|1787|14296390|131658
1200000|1|6000|3|5|1|2|288000|1787|14296390|380393
1200000|1|6000|3|5|0|0|288000|1788|14304389|131248
1200000|1|6000|3|5|1|2|288000|1788|14304389|378875
1200000|1|6000|3|5|0|0|288000|1789|14312388|131330
1200000|1|6000|3|5|1|2|288000|1789|14312388|377974
1200000|1|6000|3|5|0|0|288000|1790|14320388|131207
1200000|1|6000|3|5|1|2|288000|1790|14320388|377278
1200000|1|6000|3|5|0|0|288000|1791|14328387|131453
1200000|1|6000|3|5|1|2|288000|1791|14328387|376745
1200000|1|6000|3|5|0|0|288000|1792|14336387|131658
1200000|1|6000|3|5|1|2|288000|1792|14336387|377319
1200000|1|6000|3|5|0|0|288000|1793|14344388|131863
1200000|1|6000|3|5|1|2|288000|1793|14344388|376867
1200000|1|6000|3|5|0|0|288000|1794|14352388|131699
1200000|1|6000|3|5|1|2|288000|1794|14352388|377236
1200000|1|6000|3|5|0|0|288000|1795|14360389|131740
1200000|1|6000|3|5|1|2|288000|1795|14360389|376334
1200000|1|6000|3|5|0|0|288000|1796|14368389|131371
1200000|1|6000|3|5|1|2|288000|1796|14368389|375881
1200000|1|6000|3|5|0|0|288000|1797|14376389|131576
1200000|1|6000|3|5|1|2|288000|1797|14376389|375186
1200000|1|6000|3|5|0|0|288000|1798|14384389|131986
1200000|1|6000|3|5|1|2|288000|1798|14384389|374776
1200000|1|6000|3|5|0|0|288000|1799|14392389|132027
1200000|1|6000|3|5|1|2|288000|1799|14392389|374736
1200000|1|6000|3|5|0|0|288000|1800|14400390|132273
1200000|1|6000|3|5|1|2|288000|1800|14400390|375024
1200000|1|6000|3|5|0|0|288000|1801|14408390|132683
1200000|1|6000|3|5|1|2|288000|1801|14408390|375637
1200000|1|6000|3|5|0|0|288000|1802|14416391|132929
1200000|1|6000|3|5|1|2|288000|1802|14416391|375803
1200000|1|6000|3|5|0|0|288000|1803|14424391|132888
1200000|1|6000|3|5|1|2|288000|1803|14424391|376088
1200000|1|6000|3|5|0|0|288000|1804|14432392|133462
1200000|1|6000|3|5|1|2|288000|1804|14432392|376376
1200000|1|6000|3|5|0|0|288000|1805|14440392|133298
1200000|1|6000|3|5|1|2|288000|1805|14440392|377115
1200000|1|6000|3|5|0|0|288000|1806|14448393|132724
1200000|1|6000|3|5|1|2|288000|1806|14448393|376992
1200000|1|6000|3|5|0|0|288000|1807|14456393|132396
1200000|1|6000|3|5|1|2|288000|1807|14456393|377072
1200000|1|6000|3|5|0|0|288000|1808|14464393|132068
1200000|1|6000|3|5|1|2|288000|1808|14464393|376500
1200000|1|6000|3|5|0|0|288000|1809|14472393|131822
1200000|1|6000|3|5|1|2|288000|1809|14472393|376580
1200000|1|6000|3|5|0|0|288000|1810|14480393|131371
1200000|1|6000|3|5|1|2|288000|1810|14480393|376825
1200000|1|6000|3|5|0|0|288000|1811|14488393|131043
1200000|1|6000|3|5|1|2|288000|1811|14488393|377237
1200000|1|6000|3|5|0|0|288000|1812|14496394|129813
1200000|1|6000|3|5|1|2|288000|1812|14496394|377851
1200000|1|6000|3|5|0|0|288000|1813|14504395|129403
1200000|1|6000|3|5|1|2|288000|1813|14504395|378344
1200000|1|6000|3|5|0|0|288000|1814|14512396|129280
1200000|1|6000|3|5|1|2|288000|1814|14512396|379162
1200000|1|6000|3|5|0|0|288000|1815|14520396|128993
1200000|1|6000|3|5|1|2|288000|1815|14520396|378219
1200000|1|6000|3|5|0|0|288000|1816|14528396|128829
1200000|1|6000|3|5|1|2|288000|1816|14528396|378058
1200000|1|6000|3|5|0|0|288000|1817|14536396|128747
1200000|1|6000|3|5|1|2|288000|1817|14536396|377401
1200000|1|6000|3|5|0|0|288000|1818|14544396|128296
1200000|1|6000|3|5|1|2|288000|1818|14544396|377727
1200000|1|6000|3|5|0|0|288000|1819|14552397|128665
1200000|1|6000|3|5|1|2|288000|1819|14552397|377688
1200000|1|6000|3|5|0|0|288000|1820|14560397|128706
1200000|1|6000|3|5|1|2|288000|1820|14560397|377769
1200000|1|6000|3|5|0|0|288000|1821|14568398|129198
1200000|1|6000|3|5|1|2|288000|1821|14568398|377359
1200000|1|6000|3|5|0|0|288000|1822|14576397|129444
1200000|1|6000|3|5|1|2|288000|1822|14576397|377647
1200000|1|6000|3|5|0|0|288000|1823|14584398|129731
1200000|1|6000|3|5|1|2|288000|1823|14584398|377728
1200000|1|6000|3|5|0|0|288000|1824|14592398|130223
1200000|1|6000|3|5|1|2|288000|1824|14592398|377643
1200000|1|6000|3|5|0|0|288000|1825|14600399|130797
1200000|1|6000|3|5|1|2|288000|1825|14600399|378097
1200000|1|6000|3|5|0|0|288000|1826|14608399|131207
1200000|1|6000|3|5|1|2|288000|1826|14608399|378013
1200000|1|6000|3|5|0|0|288000|1827|14616400|132314
1200000|1|6000|3|5|1|2|288000|1827|14616400|378425
1200000|1|6000|3|5|0|0|288000|1828|14624401|132929
1200000|1|6000|3|5|1|2|288000|1828|14624401|378139
1200000|1|6000|3|5|0|0|288000|1829|14632402|133339
1200000|1|6000|3|5|1|2|288000|1829|14632402|378178
1200000|1|6000|3|5|0|0|288000|1830|14640402|134036
1200000|1|6000|3|5|1|2|288000|1830|14640402|377975
1200000|1|6000|3|5|0|0|288000|1831|14648402|134651
1200000|1|6000|3|5|1|2|288000|1831|14648402|377771
1200000|1|6000|3|5|0|0|288000|1832|14656402|136004
1200000|1|6000|3|5|1|2|288000|1832|14656402|377484
1200000|1|6000|3|5|0|0|288000|1833|14664403|136988
1200000|1|6000|3|5|1|2|288000|1833|14664403|377072
1200000|1|6000|3|5|0|0|288000|1834|14672403|137603
1200000|1|6000|3|5|1|2|288000|1834|14672403|377443
1200000|1|6000|3|5|0|0|288000|1835|14680403|137644
1200000|1|6000|3|5|1|2|288000|1835|14680403|376870
1200000|1|6000|3|5|0|0|288000|1836|14688403|137808
1200000|1|6000|3|5|1|2|288000|1836|14688403|377320
1200000|1|6000|3|5|0|0|288000|1837|14696404|137316
1200000|1|6000|3|5|1|2|288000|1837|14696404|376991
1200000|1|6000|3|5|0|0|288000|1838|14704404|137439
1200000|1|6000|3|5|1|2|288000|1838|14704404|377808
1200000|1|6000|3|5|0|0|288000|1839|14712404|137316
1200000|1|6000|3|5|1|2|288000|1839|14712404|378221
1200000|1|6000|3|5|0|0|288000|1840|14720404|137316
1200000|1|6000|3|5|1|2|288000|1840|14720404|378999
1200000|1|6000|3|5|0|0|288000|1841|14728404|137029
1200000|1|6000|3|5|1|2|288000|1841|14728404|379328
1200000|1|6000|3|5|0|0|288000|1842|14736405|136332
1200000|1|6000|3|5|1|2|288000|1842|14736405|379902
1200000|1|6000|3|5|0|0|288000|1843|14744405|135676
1200000|1|6000|3|5|1|2|288000|1843|14744405|379943
1200000|1|6000|3|5|0|0|288000|1844|14752405|134979
1200000|1|6000|3|5|1|2|288000|1844|14752405|380393
1200000|1|6000|3|5|0|0|288000|1845|14760405|134159
1200000|1|6000|3|5|1|2|288000|1845|14760405|379980
1200000|1|6000|3|5|0|0|288000|1846|14768406|133298
1200000|1|6000|3|5|1|2|288000|1846|14768406|379572
1200000|1|6000|3|5|0|0|288000|1847|14776406|132437
1200000|1|6000|3|5|1|2|288000|1847|14776406|379616
1200000|1|6000|3|5|0|0|288000|1848|14784407|131453
1200000|1|6000|3|5|1|2|288000|1848|14784407|379533
1200000|1|6000|3|5|0|0|288000|1849|14792408|131412
1200000|1|6000|3|5|1|2|288000|1849|14792408|379822
1200000|1|6000|3|5|0|0|288000|1850|14800408|131412
1200000|1|6000|3|5|1|2|288000|1850|14800408|380270
1200000|1|6000|3|5|0|0|288000|1851|14808409|131412
1200000|1|6000|3|5|1|2|288000|1851|14808409|380270
1200000|1|6000|3|5|0|0|288000|1852|14816409|131371
1200000|1|6000|3|5|1|2|288000|1852|14816409|380598
1200000|1|6000|3|5|0|0|288000|1853|14824409|131002
1200000|1|6000|3|5|1|2|288000|1853|14824409|380721
1200000|1|6000|3|5|0|0|288000|1854|14832410|130838
1200000|1|6000|3|5|1|2|288000|1854|14832410|380640
1200000|1|6000|3|5|0|0|288000|1855|14840410|130674
1200000|1|6000|3|5|1|2|288000|1855|14840410|380395
1200000|1|6000|3|5|0|0|288000|1856|14848409|129936
1200000|1|6000|3|5|1|2|288000|1856|14848409|380640
1200000|1|6000|3|5|0|0|288000|1857|14856410|129854
1200000|1|6000|3|5|1|2|288000|1857|14856410|380230
1200000|1|6000|3|5|0|0|288000|1858|14864410|129772
1200000|1|6000|3|5|1|2|288000|1858|14864410|380886
1200000|1|6000|3|5|0|0|288000|1859|14872410|130346
1200000|1|6000|3|5|1|2|288000|1859|14872410|380353
1200000|1|6000|3|5|0|0|288000|1860|14880410|130346
1200000|1|6000|3|5|1|2|288000|1860|14880410|380516
1200000|1|6000|3|5|0|0|288000|1861|14888411|130469
1200000|1|6000|3|5|1|2|288000|1861|14888411|379819
1200000|1|6000|3|5|0|0|288000|1862|14896411|130428
1200000|1|6000|3|5|1|2|288000|1862|14896411|379738
1200000|1|6000|3|5|0|0|288000|1863|14904410|130674
1200000|1|6000|3|5|1|2|288000|1863|14904410|379284
1200000|1|6000|3|5|0|0|288000|1864|14912410|131002
1200000|1|6000|3|5|1|2|288000|1864|14912410|379163
1200000|1|6000|3|5|0|0|288000|1865|14920411|131002
1200000|1|6000|3|5|1|2|288000|1865|14920411|379081
1200000|1|6000|3|5|0|0|288000|1866|14928411|130469
1200000|1|6000|3|5|1|2|288000|1866|14928411|377811
1200000|1|6000|3|5|0|0|288000|1867|14936410|130346
1200000|1|6000|3|5|1|2|288000|1867|14936410|377237
1200000|1|6000|3|5|0|0|288000|1868|14944409|130756
1200000|1|6000|3|5|1|2|288000|1868|14944409|375563
1200000|1|6000|3|5|0|0|288000|1869|14952408|131002
1200000|1|6000|3|5|1|2|288000|1869|14952408|374784
1200000|1|6000|3|5|0|0|288000|1870|14960408|130961
1200000|1|6000|3|5|1|2|288000|1870|14960408|373718
1200000|1|6000|3|5|0|0|288000|1871|14968407|131125
1200000|1|6000|3|5|1|2|288000|1871|14968407|373103
1200000|1|6000|3|5|0|0|288000|1872|14976407|131166
1200000|1|6000|3|5|1|2|288000|1872|14976407|372201
1200000|1|6000|3|5|0|0|288000|1873|14984405|131658
1200000|1|6000|3|5|1|2|288000|1873|14984405|371996
1200000|1|6000|3|5|0|0|288000|1874|14992405|131617
1200000|1|6000|3|5|1|2|288000|1874|14992405|372160
1200000|1|6000|3|5|0|0|288000|1875|15000406|132027
1200000|1|6000|3|5|1|2|288000|1875|15000406|372980
1200000|1|6000|3|5|0|0|288000|1876|15008407|132601
1200000|1|6000|3|5|1|2|288000|1876|15008407|373841
1200000|1|6000|3|5|0|0|288000|1877|15016408|132765
1200000|1|6000|3|5|1|2|288000|1877|15016408|375153
1200000|1|6000|3|5|0|0|288000|1878|15024409|133380
1200000|1|6000|3|5|1|2|288000|1878|15024409|375973
1200000|1|6000|3|5|0|0|288000|1879|15032409|133995
1200000|1|6000|3|5|1|2|288000|1879|15032409|376547
1200000|1|6000|3|5|0|0|288000|1880|15040410|134282
1200000|1|6000|3|5|1|2|288000|1880|15040410|377114
1200000|1|6000|3|5|0|0|288000|1881|15048410|133995
1200000|1|6000|3|5|1|2|288000|1881|15048410|377935
1200000|1|6000|3|5|0|0|288000|1882|15056411|133790
1200000|1|6000|3|5|1|2|288000|1882|15056411|379081
1200000|1|6000|3|5|0|0|288000|1883|15064412|133831
1200000|1|6000|3|5|1|2|288000|1883|15064412|378761
1200000|1|6000|3|5|0|0|288000|1884|15072413|133995
1200000|1|6000|3|5|1|2|288000|1884|15072413|379253
1200000|1|6000|3|5|0|0|288000|1885|15080414|133995
1200000|1|6000|3|5|1|2|288000|1885|15080414|379581
1200000|1|6000|3|5|0|0|288000|1886|15088415|133544
1200000|1|6000|3|5|1|2|288000|1886|15088415|379827
1200000|1|6000|3|5|0|0|288000|1887|15096416|133380
1200000|1|6000|3|5|1|2|288000|1887|15096416|380770
1200000|1|6000|3|5|0|0|288000|1888|15104418|133667
1200000|1|6000|3|5|1|2|288000|1888|15104418|381385
1200000|1|6000|3|5|0|0|288000|1889|15112419|133913
1200000|1|6000|3|5|1|2|288000|1889|15112419|381672
1200000|1|6000|3|5|0|0|288000|1890|15120419|134405
1200000|1|6000|3|5|1|2|288000|1890|15120419|381221
1200000|1|6000|3|5|0|0|288000|1891|15128419|134241
1200000|1|6000|3|5|1|2|288000|1891|15128419|381590
1200000|1|6000|3|5|0|0|288000|1892|15136419|134528
1200000|1|6000|3|5|1|2|288000|1892|15136419|381426
1200000|1|6000|3|5|0|0|288000|1893|15144419|134241
1200000|1|6000|3|5|1|2|288000|1893|15144419|382369
1200000|1|6000|3|5|0|0|288000|1894|15152420|134323
1200000|1|6000|3|5|1|2|288000|1894|15152420|382615
1200000|1|6000|3|5|0|0|288000|1895|15160421|134077
1200000|1|6000|3|5|1|2|288000|1895|15160421|383025
1200000|1|6000|3|5|0|0|288000|1896|15168422|133995
1200000|1|6000|3|5|1|2|288000|1896|15168422|383230
1200000|1|6000|3|5|0|0|288000|1897|15176423|133749
1200000|1|6000|3|5|1|2|288000|1897|15176423|383148
1200000|1|6000|3|5|0|0|288000|1898|15184422|133913
1200000|1|6000|3|5|1|2|288000|1898|15184422|382574
1200000|1|6000|3|5|0|0|288000|1899|15192422|133585
1200000|1|6000|3|5|1|2|288000|1899|15192422|382205
1200000|1|6000|3|5|0|0|288000|1900|15200422|133585
1200000|1|6000|3|5|1|2|288000|1900|15200422|382287
1200000|1|6000|3|5|0|0|288000|1901|15208422|133298
1200000|1|6000|3|5|1|2|288000|1901|15208422|381795
1200000|1|6000|3|5|0|0|288000|1902|15216421|132683
1200000|1|6000|3|5|1|2|288000|1902|15216421|381303
1200000|1|6000|3|5|0|0|288000|1903|15224421|133011
1200000|1|6000|3|5|1|2|288000|1903|15224421|381057
1200000|1|6000|3|5|0|0|288000|1904|15232421|132929
1200000|1|6000|3|5|1|2|288000|1904|15232421|381426
1200000|1|6000|3|5|0|0|288000|1905|15240422|132724
1200000|1|6000|3|5|1|2|288000|1905|15240422|381672
1200000|1|6000|3|5|0|0|288000|1906|15248422|132601
1200000|1|6000|3|5|1|2|288000|1906|15248422|382697
1200000|1|6000|3|5|0|0|288000|1907|15256422|132765
1200000|1|6000|3|5|1|2|288000|1907|15256422|383435
1200000|1|6000|3|5|0|0|288000|1908|15264423|132437
1200000|1|6000|3|5|1|2|288000|1908|15264423|384050
1200000|1|6000|3|5|0|0|288000|1909|15272423|132437
1200000|1|6000|3|5|1|2|288000|1909|15272423|384911
1200000|1|6000|3|5|0|0|288000|1910|15280424|132355
1200000|1|6000|3|5|1|2|288000|1910|15280424|385395
1200000|1|6000|3|5|0|0|288000|1911|15288424|131740
1200000|1|6000|3|5|1|2|288000|1911|15288424|386093
1200000|1|6000|3|5|0|0|288000|1912|15296425|131617
1200000|1|6000|3|5|1|2|288000|1912|15296425|385764
1200000|1|6000|3|5|0|0|288000|1913|15304424|131002
1200000|1|6000|3|5|1|2|288000|1913|15304424|385191
1200000|1|6000|3|5|0|0|288000|1914|15312423|130633
1200000|1|6000|3|5|1|2|288000|1914|15312423|384780
1200000|1|6000|3|5|0|0|288000|1915|15320422|130510
1200000|1|6000|3|5|1|2|288000|1915|15320422|384782
1200000|1|6000|3|5|0|0|288000|1916|15328422|130264
1200000|1|6000|3|5|1|2|288000|1916|15328422|384986
1200000|1|6000|3|5|0|0|288000|1917|15336421|130100
1200000|1|6000|3|5|1|2|288000|1917|15336421|385274
1200000|1|6000|3|5|0|0|288000|1918|15344421|129690
1200000|1|6000|3|5|1|2|288000|1918|15344421|385599
1200000|1|6000|3|5|0|0|288000|1919|15352421|129198
1200000|1|6000|3|5|1|2|288000|1919|15352421|385601
1200000|1|6000|3|5|0|0|288000|1920|15360420|128829
1200000|1|6000|3|5|1|2|288000|1920|15360420|386381
1200000|1|6000|3|5|0|0|288000|1921|15368420|128911
1200000|1|6000|3|5|1|2|288000|1921|15368420|387119
1200000|1|6000|3|5|0|0|288000|1922|15376421|128542
1200000|1|6000|3|5|1|2|288000|1922|15376421|386871
1200000|1|6000|3|5|0|0|288000|1923|15384421|128706
1200000|1|6000|3|5|1|2|288000|1923|15384421|386544
1200000|1|6000|3|5|0|0|288000|1924|15392422|127763
1200000|1|6000|3|5|1|2|288000|1924|15392422|386542
1200000|1|6000|3|5|0|0|288000|1925|15400423|127886
1200000|1|6000|3|5|1|2|288000|1925|15400423|386503
1200000|1|6000|3|5|0|0|288000|1926|15408423|127763
1200000|1|6000|3|5|1|2|288000|1926|15408423|387034
1200000|1|6000|3|5|0|0|288000|1927|15416424|127722
1200000|1|6000|3|5|1|2|288000|1927|15416424|386953
1200000|1|6000|3|5|0|0|288000|1928|15424423|127230
1200000|1|6000|3|5|1|2|288000|1928|15424423|386503
1200000|1|6000|3|5|0|0|288000|1929|15432423|126533
1200000|1|6000|3|5|1|2|288000|1929|15432423|386913
1200000|1|6000|3|5|0|0|288000|1930|15440422|125877
1200000|1|6000|3|5|1|2|288000|1930|15440422|386910
1200000|1|6000|3|5|0|0|288000|1931|15448423|125631
1200000|1|6000|3|5|1|2|288000|1931|15448423|387077
1200000|1|6000|3|5|0|0|288000|1932|15456422|125549
1200000|1|6000|3|5|1|2|288000|1932|15456422|387363
1200000|1|6000|3|5|0|0|288000|1933|15464423|125139
1200000|1|6000|3|5|1|2|288000|1933|15464423|387692
1200000|1|6000|3|5|0|0|288000|1934|15472423|124852
1200000|1|6000|3|5|1|2|288000|1934|15472423|387650
1200000|1|6000|3|5|0|0|288000|1935|15480423|124319
1200000|1|6000|3|5|1|2|288000|1935|15480423|387978
1200000|1|6000|3|5|0|0|288000|1936|15488423|125344
1200000|1|6000|3|5|1|2|288000|1936|15488423|388103
1200000|1|6000|3|5|0|0|288000|1937|15496424|125180
1200000|1|6000|3|5|1|2|288000|1937|15496424|389004
1200000|1|6000|3|5|0|0|288000|1938|15504426|125303
1200000|1|6000|3|5|1|2|288000|1938|15504426|389164
1200000|1|6000|3|5|0|0|288000|1939|15512425|125549
1200000|1|6000|3|5|1|2|288000|1939|15512425|390150
1200000|1|6000|3|5|0|0|288000|1940|15520426|126000
1200000|1|6000|3|5|1|2|288000|1940|15520426|390687
1200000|1|6000|3|5|0|0|288000|1941|15528426|126574
1200000|1|6000|3|5|1|2|288000|1941|15528426|391218
1200000|1|6000|3|5|0|0|288000|1942|15536427|127189
1200000|1|6000|3|5|1|2|288000|1942|15536427|391752
1200000|1|6000|3|5|0|0|288000|1943|15544427|126984
1200000|1|6000|3|5|1|2|288000|1943|15544427|392244
1200000|1|6000|3|5|0|0|288000|1944|15552427|127148
1200000|1|6000|3|5|1|2|288000|1944|15552427|392202
1200000|1|6000|3|5|0|0|288000|1945|15560427|127394
1200000|1|6000|3|5|1|2|288000|1945|15560427|392366
1200000|1|6000|3|5|0|0|288000|1946|15568427|127722
1200000|1|6000|3|5|1|2|288000|1946|15568427|391586
1200000|1|6000|3|5|0|0|288000|1947|15576427|127927
1200000|1|6000|3|5|1|2|288000|1947|15576427|391096
1200000|1|6000|3|5|0|0|288000|1948|15584428|128009
1200000|1|6000|3|5|1|2|288000|1948|15584428|391504
1200000|1|6000|3|5|0|0|288000|1949|15592429|128747
1200000|1|6000|3|5|1|2|288000|1949|15592429|391176
1200000|1|6000|3|5|0|0|288000|1950|15600429|128583
1200000|1|6000|3|5|1|2|288000|1950|15600429|391710
1200000|1|6000|3|5|0|0|288000|1951|15608430|129731
1200000|1|6000|3|5|1|2|288000|1951|15608430|391464
1200000|1|6000|3|5|0|0|288000|1952|15616430|130346
1200000|1|6000|3|5|1|2|288000|1952|15616430|392161
1200000|1|6000|3|5|0|0|288000|1953|15624431|131002
1200000|1|6000|3|5|1|2|288000|1953|15624431|392079
1200000|1|6000|3|5|0|0|288000|1954|15632432|131289
1200000|1|6000|3|5|1|2|288000|1954|15632432|392570
1200000|1|6000|3|5|0|0|288000|1955|15640432|131576
1200000|1|6000|3|5|1|2|288000|1955|15640432|393142
1200000|1|6000|3|5|0|0|288000|1956|15648433|132068
1200000|1|6000|3|5|1|2|288000|1956|15648433|393761
1200000|1|6000|3|5|0|0|288000|1957|15656433|132478
1200000|1|6000|3|5|1|2|288000|1957|15656433|393924
1200000|1|6000|3|5|0|0|288000|1958|15664434|133380
1200000|1|6000|3|5|1|2|288000|1958|15664434|393757
1200000|1|6000|3|5|0|0|288000|1959|15672434|133503
1200000|1|6000|3|5|1|2|288000|1959|15672434|393965
1200000|1|6000|3|5|0|0|288000|1960|15680434|133134
1200000|1|6000|3|5|1|2|288000|1960|15680434|393349
1200000|1|6000|3|5|0|0|288000|1961|15688433|133421
1200000|1|6000|3|5|1|2|288000|1961|15688433|393142
1200000|1|6000|3|5|0|0|288000|1962|15696433|133667
1200000|1|6000|3|5|1|2|288000|1962|15696433|391464
1200000|1|6000|3|5|0|0|288000|1963|15704432|133790
1200000|1|6000|3|5|1|2|288000|1963|15704432|390725
1200000|1|6000|3|5|0|0|288000|1964|15712432|133708
1200000|1|6000|3|5|1|2|288000|1964|15712432|389626
1200000|1|6000|3|5|0|0|288000|1965|15720431|133913
1200000|1|6000|3|5|1|2|288000|1965|15720431|388437
1200000|1|6000|3|5|0|0|288000|1966|15728431|134692
1200000|1|6000|3|5|1|2|288000|1966|15728431|387699
1200000|1|6000|3|5|0|0|288000|1967|15736431|136127
1200000|1|6000|3|5|1|2|288000|1967|15736431|386674
1200000|1|6000|3|5|0|0|288000|1968|15744430|136824
1200000|1|6000|3|5|1|2|288000|1968|15744430|386182
1200000|1|6000|3|5|0|0|288000|1969|15752431|137234
1200000|1|6000|3|5|1|2|288000|1969|15752431|386510
1200000|1|6000|3|5|0|0|288000|1970|15760432|137890
1200000|1|6000|3|5|1|2|288000|1970|15760432|386510
1200000|1|6000|3|5|0|0|288000|1971|15768433|138136
1200000|1|6000|3|5|1|2|288000|1971|15768433|385895
1200000|1|6000|3|5|0|0|288000|1972|15776432|138341
1200000|1|6000|3|5|1|2|288000|1972|15776432|385198
1200000|1|6000|3|5|0|0|288000|1973|15784433|138505
1200000|1|6000|3|5|1|2|288000|1973|15784433|384460
1200000|1|6000|3|5|0|0|288000|1974|15792432|138341
1200000|1|6000|3|5|1|2|288000|1974|15792432|383886
1200000|1|6000|3|5|0|0|288000|1975|15800432|137234
1200000|1|6000|3|5|1|2|288000|1975|15800432|382328
1200000|1|6000|3|5|0|0|288000|1976|15808431|137562
1200000|1|6000|3|5|1|2|288000|1976|15808431|381508
1200000|1|6000|3|5|0|0|288000|1977|15816431|137275
1200000|1|6000|3|5|1|2|288000|1977|15816431|380237
1200000|1|6000|3|5|0|0|288000|1978|15824430|137480
1200000|1|6000|3|5|1|2|288000|1978|15824430|379909
1200000|1|6000|3|5|0|0|288000|1979|15832430|136988
1200000|1|6000|3|5|1|2|288000|1979|15832430|379827
1200000|1|6000|3|5|0|0|288000|1980|15840429|137152
1200000|1|6000|3|5|1|2|288000|1980|15840429|379745
1200000|1|6000|3|5|0|0|288000|1981|15848430|137111
1200000|1|6000|3|5|1|2|288000|1981|15848430|379089
1200000|1|6000|3|5|0|0|288000|1982|15856429|137234
1200000|1|6000|3|5|1|2|288000|1982|15856429|378638
1200000|1|6000|3|5|0|0|288000|1983|15864428|137521
1200000|1|6000|3|5|1|2|288000|1983|15864428|377613
1200000|1|6000|3|5|0|0|288000|1984|15872427|137603
1200000|1|6000|3|5|1|2|288000|1984|15872427|377203
1200000|1|6000|3|5|0|0|288000|1985|15880427|138054
1200000|1|6000|3|5|1|2|288000|1985|15880427|377039
1200000|1|6000|3|5|0|0|288000|1986|15888428|137726
1200000|1|6000|3|5|1|2|288000|1986|15888428|376711
1200000|1|6000|3|5|0|0|288000|1987|15896428|137726
1200000|1|6000|3|5|1|2|288000|1987|15896428|376793
1200000|1|6000|3|5|0|0|288000|1988|15904428|137316
1200000|1|6000|3|5|1|2|288000|1988|15904428|376506
1200000|1|6000|3|5|0|0|288000|1989|15912429|136947
1200000|1|6000|3|5|1|2|288000|1989|15912429|376875
1200000|1|6000|3|5|0|0|288000|1990|15920429|136045
1200000|1|6000|3|5|1|2|288000|1990|15920429|376506
1200000|1|6000|3|5|0|0|288000|1991|15928428|136332
1200000|1|6000|3|5|1|2|288000|1991|15928428|376383
1200000|1|6000|3|5|0|0|288000|1992|15936428|136742
1200000|1|6000|3|5|1|2|288000|1992|15936428|376096
1200000|1|6000|3|5|0|0|288000|1993|15944428|136947
1200000|1|6000|3|5|1|2|288000|1993|15944428|377039
1200000|1|6000|3|5|0|0|288000|1994|15952429|137316
1200000|1|6000|3|5|1|2|288000|1994|15952429|377121
1200000|1|6000|3|5|0|0|288000|1995|15960430|137111
1200000|1|6000|3|5|1|2|288000|1995|15960430|377449
1200000|1|6000|3|5|0|0|288000|1996|15968431|136988
1200000|1|6000|3|5|1|2|288000|1996|15968431|378556
1200000|1|6000|3|5|0|0|288000|1997|15976433|136496
1200000|1|6000|3|5|1|2|288000|1997|15976433|378269
1200000|1|6000|3|5|0|0|288000|1998|15984433|136455
1200000|1|6000|3|5|1|2|288000|1998|15984433|379335
1200000|1|6000|3|5|0|0|288000|1999|15992434|135799
1200000|1|6000|3|5|1|2|288000|1999|15992434|379417
