---- START ----

1200000|1|6000|8|1|0|0|408000|0|0|388656
1200000|1|6000|8|1|1|2|408000|0|0|387074
1200000|1|6000|8|1|0|0|408000|1|7995|387656
1200000|1|6000|8|1|1|2|408000|1|7995|387855
1200000|1|6000|8|1|0|0|408000|2|15994|386957
1200000|1|6000|8|1|1|2|408000|2|15994|387730
1200000|1|6000|8|1|0|0|408000|3|23994|386547
1200000|1|6000|8|1|1|2|408000|3|23994|388430
1200000|1|6000|8|1|0|0|408000|4|31996|386669
1200000|1|6000|8|1|1|2|408000|4|31996|388512
1200000|1|6000|8|1|0|0|408000|5|39997|386832
1200000|1|6000|8|1|1|2|408000|5|39997|388918
1200000|1|6000|8|1|0|0|408000|6|47999|386958
1200000|1|6000|8|1|1|2|408000|6|47999|389821
1200000|1|6000|8|1|0|0|408000|7|56002|387737
1200000|1|6000|8|1|1|2|408000|7|56002|390028
1200000|1|6000|8|1|0|0|408000|8|64004|387901
1200000|1|6000|8|1|1|2|408000|8|64004|390479
1200000|1|6000|8|1|0|0|408000|9|72007|388311
1200000|1|6000|8|1|1|2|408000|9|72007|391259
1200000|1|6000|8|1|0|0|408000|10|80011|389785
1200000|1|6000|8|1|1|2|408000|10|80011|391013
1200000|1|6000|8|1|0|0|408000|11|88012|390197
1200000|1|6000|8|1|1|2|408000|11|88012|391174
1200000|1|6000|8|1|0|0|408000|12|96014|390689
1200000|1|6000|8|1|1|2|408000|12|96014|390600
1200000|1|6000|8|1|0|0|408000|13|104016|390526
1200000|1|6000|8|1|1|2|408000|13|104016|390521
1200000|1|6000|8|1|0|0|408000|14|112017|390034
1200000|1|6000|8|1|1|2|408000|14|112017|391053
1200000|1|6000|8|1|0|0|408000|15|120019|390608
1200000|1|6000|8|1|1|2|408000|15|120019|391383
1200000|1|6000|8|1|0|0|408000|16|128021|389866
1200000|1|6000|8|1|1|2|408000|16|128021|391914
1200000|1|6000|8|1|0|0|408000|17|136023|390402
1200000|1|6000|8|1|1|2|408000|17|136023|392531
1200000|1|6000|8|1|0|0|408000|18|144025|391505
1200000|1|6000|8|1|1|2|408000|18|144025|392322
1200000|1|6000|8|1|0|0|408000|19|152027|391997
1200000|1|6000|8|1|1|2|408000|19|152027|393880
1200000|1|6000|8|1|0|0|408000|20|160030|393068
1200000|1|6000|8|1|1|2|408000|20|160030|393801
1200000|1|6000|8|1|0|0|408000|21|168031|393027
1200000|1|6000|8|1|1|2|408000|21|168031|393920
1200000|1|6000|8|1|0|0|408000|22|176032|393845
1200000|1|6000|8|1|1|2|408000|22|176032|393922
1200000|1|6000|8|1|0|0|408000|23|184033|393722
1200000|1|6000|8|1|1|2|408000|23|184033|393842
1200000|1|6000|8|1|0|0|408000|24|192034|393314
1200000|1|6000|8|1|1|2|408000|24|192034|393513
1200000|1|6000|8|1|0|0|408000|25|200035|392617
1200000|1|6000|8|1|1|2|408000|25|200035|393186
1200000|1|6000|8|1|0|0|408000|26|208036|392616
1200000|1|6000|8|1|1|2|408000|26|208036|393391
1200000|1|6000|8|1|0|0|408000|27|216037|392780
1200000|1|6000|8|1|1|2|408000|27|216037|392038
1200000|1|6000|8|1|0|0|408000|28|224037|391713
1200000|1|6000|8|1|1|2|408000|28|224037|391055
1200000|1|6000|8|1|0|0|408000|29|232037|391017
1200000|1|6000|8|1|1|2|408000|29|232037|390234
1200000|1|6000|8|1|0|0|408000|30|240038|390318
1200000|1|6000|8|1|1|2|408000|30|240038|389128
1200000|1|6000|8|1|0|0|408000|31|248037|389583
1200000|1|6000|8|1|1|2|408000|31|248037|389087
1200000|1|6000|8|1|0|0|408000|32|256038|389131
1200000|1|6000|8|1|1|2|408000|32|256038|388306
1200000|1|6000|8|1|0|0|408000|33|264038|388676
1200000|1|6000|8|1|1|2|408000|33|264038|387815
1200000|1|6000|8|1|0|0|408000|34|272038|388309
1200000|1|6000|8|1|1|2|408000|34|272038|386504
1200000|1|6000|8|1|0|0|408000|35|280037|387407
1200000|1|6000|8|1|1|2|408000|35|280037|385806
1200000|1|6000|8|1|0|0|408000|36|288036|386794
1200000|1|6000|8|1|1|2|408000|36|288036|385028
1200000|1|6000|8|1|0|0|408000|37|296034|385643
1200000|1|6000|8|1|1|2|408000|37|296034|384370
1200000|1|6000|8|1|0|0|408000|38|304033|385235
1200000|1|6000|8|1|1|2|408000|38|304033|383592
1200000|1|6000|8|1|0|0|408000|39|312032|385276
1200000|1|6000|8|1|1|2|408000|39|312032|382856
1200000|1|6000|8|1|0|0|408000|40|320031|384989
1200000|1|6000|8|1|1|2|408000|40|320031|382363
1200000|1|6000|8|1|0|0|408000|41|328030|384868
1200000|1|6000|8|1|1|2|408000|41|328030|382813
1200000|1|6000|8|1|0|0|408000|42|336031|384904
1200000|1|6000|8|1|1|2|408000|42|336031|383101
1200000|1|6000|8|1|0|0|408000|43|344031|385032
1200000|1|6000|8|1|1|2|408000|43|344031|383306
1200000|1|6000|8|1|0|0|408000|44|352032|385647
1200000|1|6000|8|1|1|2|408000|44|352032|383880
1200000|1|6000|8|1|0|0|408000|45|360033|387447
1200000|1|6000|8|1|1|2|408000|45|360033|382728
1200000|1|6000|8|1|0|0|408000|46|368034|389581
1200000|1|6000|8|1|1|2|408000|46|368034|381911
1200000|1|6000|8|1|0|0|408000|47|376034|391136
1200000|1|6000|8|1|1|2|408000|47|376034|381910
1200000|1|6000|8|1|0|0|408000|48|384034|392411
1200000|1|6000|8|1|1|2|408000|48|384034|381374
1200000|1|6000|8|1|0|0|408000|49|392034|393473
1200000|1|6000|8|1|1|2|408000|49|392034|380720
1200000|1|6000|8|1|0|0|408000|50|400033|394952
1200000|1|6000|8|1|1|2|408000|50|400033|380107
1200000|1|6000|8|1|0|0|408000|51|408033|396553
1200000|1|6000|8|1|1|2|408000|51|408033|379860
1200000|1|6000|8|1|0|0|408000|52|416032|398233
1200000|1|6000|8|1|1|2|408000|52|416032|379448
1200000|1|6000|8|1|0|0|408000|53|424032|399545
1200000|1|6000|8|1|1|2|408000|53|424032|378795
1200000|1|6000|8|1|0|0|408000|54|432031|400938
1200000|1|6000|8|1|1|2|408000|54|432031|378549
1200000|1|6000|8|1|0|0|408000|55|440031|402374
1200000|1|6000|8|1|1|2|408000|55|440031|377853
1200000|1|6000|8|1|0|0|408000|56|448030|403110
1200000|1|6000|8|1|1|2|408000|56|448030|378835
1200000|1|6000|8|1|0|0|408000|57|456031|404424
1200000|1|6000|8|1|1|2|408000|57|456031|379205
1200000|1|6000|8|1|0|0|408000|58|464032|404956
1200000|1|6000|8|1|1|2|408000|58|464032|380026
1200000|1|6000|8|1|0|0|408000|59|472033|406637
1200000|1|6000|8|1|1|2|408000|59|472033|380678
1200000|1|6000|8|1|0|0|408000|60|480035|407703
1200000|1|6000|8|1|1|2|408000|60|480035|381746
1200000|1|6000|8|1|0|0|408000|61|488036|408892
1200000|1|6000|8|1|1|2|408000|61|488036|382771
1200000|1|6000|8|1|0|0|408000|62|496038|409795
1200000|1|6000|8|1|1|2|408000|62|496038|383342
1200000|1|6000|8|1|0|0|408000|63|504039|409918
1200000|1|6000|8|1|1|2|408000|63|504039|382892
1200000|1|6000|8|1|0|0|408000|64|512038|408934
1200000|1|6000|8|1|1|2|408000|64|512038|382896
1200000|1|6000|8|1|0|0|408000|65|520039|408274
1200000|1|6000|8|1|1|2|408000|65|520039|384083
1200000|1|6000|8|1|0|0|408000|66|528041|407293
1200000|1|6000|8|1|1|2|408000|66|528041|384289
1200000|1|6000|8|1|0|0|408000|67|536041|406595
1200000|1|6000|8|1|1|2|408000|67|536041|384822
1200000|1|6000|8|1|0|0|408000|68|544042|405816
1200000|1|6000|8|1|1|2|408000|68|544042|385191
1200000|1|6000|8|1|0|0|408000|69|552042|406024
1200000|1|6000|8|1|1|2|408000|69|552042|385435
1200000|1|6000|8|1|0|0|408000|70|560043|405733
1200000|1|6000|8|1|1|2|408000|70|560043|385641
1200000|1|6000|8|1|0|0|408000|71|568044|405163
1200000|1|6000|8|1|1|2|408000|71|568044|385477
1200000|1|6000|8|1|0|0|408000|72|576043|404383
1200000|1|6000|8|1|1|2|408000|72|576043|386048
1200000|1|6000|8|1|0|0|408000|73|584045|403685
1200000|1|6000|8|1|1|2|408000|73|584045|385679
1200000|1|6000|8|1|0|0|408000|74|592044|402864
1200000|1|6000|8|1|1|2|408000|74|592044|385354
1200000|1|6000|8|1|0|0|408000|75|600045|402537
1200000|1|6000|8|1|1|2|408000|75|600045|385434
1200000|1|6000|8|1|0|0|408000|76|608045|402086
1200000|1|6000|8|1|1|2|408000|76|608045|384821
1200000|1|6000|8|1|0|0|408000|77|616045|401964
1200000|1|6000|8|1|1|2|408000|77|616045|384823
1200000|1|6000|8|1|0|0|408000|78|624046|402128
1200000|1|6000|8|1|1|2|408000|78|624046|384944
1200000|1|6000|8|1|0|0|408000|79|632046|403193
1200000|1|6000|8|1|1|2|408000|79|632046|384331
1200000|1|6000|8|1|0|0|408000|80|640045|403933
1200000|1|6000|8|1|1|2|408000|80|640045|383101
1200000|1|6000|8|1|0|0|408000|81|648043|404383
1200000|1|6000|8|1|1|2|408000|81|648043|382361
1200000|1|6000|8|1|0|0|408000|82|656042|404710
1200000|1|6000|8|1|1|2|408000|82|656042|381991
1200000|1|6000|8|1|0|0|408000|83|664041|405366
1200000|1|6000|8|1|1|2|408000|83|664041|380968
1200000|1|6000|8|1|0|0|408000|84|672040|405286
1200000|1|6000|8|1|1|2|408000|84|672040|380106
1200000|1|6000|8|1|0|0|408000|85|680039|406187
1200000|1|6000|8|1|1|2|408000|85|680039|379246
1200000|1|6000|8|1|0|0|408000|86|688037|406923
1200000|1|6000|8|1|1|2|408000|86|688037|378548
1200000|1|6000|8|1|0|0|408000|87|696036|408400
1200000|1|6000|8|1|1|2|408000|87|696036|378056
1200000|1|6000|8|1|0|0|408000|88|704037|410123
1200000|1|6000|8|1|1|2|408000|88|704037|378917
1200000|1|6000|8|1|0|0|408000|89|712038|411517
1200000|1|6000|8|1|1|2|408000|89|712038|379000
1200000|1|6000|8|1|0|0|408000|90|720039|412910
1200000|1|6000|8|1|1|2|408000|90|720039|379324
1200000|1|6000|8|1|0|0|408000|91|728039|414387
1200000|1|6000|8|1|1|2|408000|91|728039|379450
1200000|1|6000|8|1|0|0|408000|92|736040|415410
1200000|1|6000|8|1|1|2|408000|92|736040|379245
1200000|1|6000|8|1|0|0|408000|93|744040|416190
1200000|1|6000|8|1|1|2|408000|93|744040|379780
1200000|1|6000|8|1|0|0|408000|94|752041|416028
1200000|1|6000|8|1|1|2|408000|94|752041|378958
1200000|1|6000|8|1|0|0|408000|95|760040|416232
1200000|1|6000|8|1|1|2|408000|95|760040|379450
1200000|1|6000|8|1|0|0|408000|96|768041|415863
1200000|1|6000|8|1|1|2|408000|96|768041|378753
1200000|1|6000|8|1|0|0|408000|97|776040|416642
1200000|1|6000|8|1|1|2|408000|97|776040|379531
1200000|1|6000|8|1|0|0|408000|98|784041|417257
1200000|1|6000|8|1|1|2|408000|98|784041|380062
1200000|1|6000|8|1|0|0|408000|99|792042|417872
1200000|1|6000|8|1|1|2|408000|99|792042|381624
1200000|1|6000|8|1|0|0|408000|100|800045|418323
1200000|1|6000|8|1|1|2|408000|100|800045|382567
1200000|1|6000|8|1|0|0|408000|101|808047|419552
1200000|1|6000|8|1|1|2|408000|101|808047|382977
1200000|1|6000|8|1|0|0|408000|102|816048|420086
1200000|1|6000|8|1|1|2|408000|102|816048|383302
1200000|1|6000|8|1|0|0|408000|103|824048|420454
1200000|1|6000|8|1|1|2|408000|103|824048|382936
1200000|1|6000|8|1|0|0|408000|104|832048|420536
1200000|1|6000|8|1|1|2|408000|104|832048|383305
1200000|1|6000|8|1|0|0|408000|105|840049|420701
1200000|1|6000|8|1|1|2|408000|105|840049|383551
1200000|1|6000|8|1|0|0|408000|106|848050|420906
1200000|1|6000|8|1|1|2|408000|106|848050|383714
1200000|1|6000|8|1|0|0|408000|107|856050|420825
1200000|1|6000|8|1|1|2|408000|107|856050|383509
1200000|1|6000|8|1|0|0|408000|108|864050|420824
1200000|1|6000|8|1|1|2|408000|108|864050|383468
1200000|1|6000|8|1|0|0|408000|109|872050|420415
1200000|1|6000|8|1|1|2|408000|109|872050|383590
1200000|1|6000|8|1|0|0|408000|110|880051|420985
1200000|1|6000|8|1|1|2|408000|110|880051|383343
1200000|1|6000|8|1|0|0|408000|111|888050|420743
1200000|1|6000|8|1|1|2|408000|111|888050|383183
1200000|1|6000|8|1|0|0|408000|112|896051|421439
1200000|1|6000|8|1|1|2|408000|112|896051|382976
1200000|1|6000|8|1|0|0|408000|113|904050|421151
1200000|1|6000|8|1|1|2|408000|113|904050|382768
1200000|1|6000|8|1|0|0|408000|114|912050|421110
1200000|1|6000|8|1|1|2|408000|114|912050|382688
1200000|1|6000|8|1|0|0|408000|115|920050|420332
1200000|1|6000|8|1|1|2|408000|115|920050|382854
1200000|1|6000|8|1|0|0|408000|116|928050|420332
1200000|1|6000|8|1|1|2|408000|116|928050|382525
1200000|1|6000|8|1|0|0|408000|117|936050|419799
1200000|1|6000|8|1|1|2|408000|117|936050|382773
1200000|1|6000|8|1|0|0|408000|118|944050|419224
1200000|1|6000|8|1|1|2|408000|118|944050|382239
1200000|1|6000|8|1|0|0|408000|119|952050|418365
1200000|1|6000|8|1|1|2|408000|119|952050|382568
1200000|1|6000|8|1|0|0|408000|120|960050|418198
1200000|1|6000|8|1|1|2|408000|120|960050|383222
1200000|1|6000|8|1|0|0|408000|121|968052|417749
1200000|1|6000|8|1|1|2|408000|121|968052|385027
1200000|1|6000|8|1|0|0|408000|122|976053|417296
1200000|1|6000|8|1|1|2|408000|122|976053|386421
1200000|1|6000|8|1|0|0|408000|123|984055|417134
1200000|1|6000|8|1|1|2|408000|123|984055|387938
1200000|1|6000|8|1|0|0|408000|124|992056|417094
1200000|1|6000|8|1|1|2|408000|124|992056|389004
1200000|1|6000|8|1|0|0|408000|125|1000057|417013
1200000|1|6000|8|1|1|2|408000|125|1000057|390272
1200000|1|6000|8|1|0|0|408000|126|1008058|416723
1200000|1|6000|8|1|1|2|408000|126|1008058|390972
1200000|1|6000|8|1|0|0|408000|127|1016059|416516
1200000|1|6000|8|1|1|2|408000|127|1016059|392039
1200000|1|6000|8|1|0|0|408000|128|1024060|416108
1200000|1|6000|8|1|1|2|408000|128|1024060|392120
1200000|1|6000|8|1|0|0|408000|129|1032060|415618
1200000|1|6000|8|1|1|2|408000|129|1032060|392694
1200000|1|6000|8|1|0|0|408000|130|1040062|415412
1200000|1|6000|8|1|1|2|408000|130|1040062|392608
1200000|1|6000|8|1|0|0|408000|131|1048063|414961
1200000|1|6000|8|1|1|2|408000|131|1048063|393227
1200000|1|6000|8|1|0|0|408000|132|1056064|414797
1200000|1|6000|8|1|1|2|408000|132|1056064|393104
1200000|1|6000|8|1|0|0|408000|133|1064064|415003
1200000|1|6000|8|1|1|2|408000|133|1064064|393183
1200000|1|6000|8|1|0|0|408000|134|1072064|415616
1200000|1|6000|8|1|1|2|408000|134|1072064|393759
1200000|1|6000|8|1|0|0|408000|135|1080065|415453
1200000|1|6000|8|1|1|2|408000|135|1080065|393760
1200000|1|6000|8|1|0|0|408000|136|1088065|416313
1200000|1|6000|8|1|1|2|408000|136|1088065|393924
1200000|1|6000|8|1|0|0|408000|137|1096065|416888
1200000|1|6000|8|1|1|2|408000|137|1096065|393596
1200000|1|6000|8|1|0|0|408000|138|1104065|417628
1200000|1|6000|8|1|1|2|408000|138|1104065|393761
1200000|1|6000|8|1|0|0|408000|139|1112066|417831
1200000|1|6000|8|1|1|2|408000|139|1112066|393431
1200000|1|6000|8|1|0|0|408000|140|1120067|418280
1200000|1|6000|8|1|1|2|408000|140|1120067|393104
1200000|1|6000|8|1|0|0|408000|141|1128067|417749
1200000|1|6000|8|1|1|2|408000|141|1128067|392408
1200000|1|6000|8|1|0|0|408000|142|1136067|417913
1200000|1|6000|8|1|1|2|408000|142|1136067|391952
1200000|1|6000|8|1|0|0|408000|143|1144067|418897
1200000|1|6000|8|1|1|2|408000|143|1144067|390891
1200000|1|6000|8|1|0|0|408000|144|1152067|419307
1200000|1|6000|8|1|1|2|408000|144|1152067|389495
1200000|1|6000|8|1|0|0|408000|145|1160065|420372
1200000|1|6000|8|1|1|2|408000|145|1160065|389046
1200000|1|6000|8|1|0|0|408000|146|1168064|420660
1200000|1|6000|8|1|1|2|408000|146|1168064|387896
1200000|1|6000|8|1|0|0|408000|147|1176062|421395
1200000|1|6000|8|1|1|2|408000|147|1176062|387730
1200000|1|6000|8|1|0|0|408000|148|1184061|421726
1200000|1|6000|8|1|1|2|408000|148|1184061|387035
1200000|1|6000|8|1|0|0|408000|149|1192061|422750
1200000|1|6000|8|1|1|2|408000|149|1192061|386545
1200000|1|6000|8|1|0|0|408000|150|1200060|423325
1200000|1|6000|8|1|1|2|408000|150|1200060|385520
1200000|1|6000|8|1|0|0|408000|151|1208059|424064
1200000|1|6000|8|1|1|2|408000|151|1208059|384863
1200000|1|6000|8|1|0|0|408000|152|1216059|424636
1200000|1|6000|8|1|1|2|408000|152|1216059|385356
1200000|1|6000|8|1|0|0|408000|153|1224060|425211
1200000|1|6000|8|1|1|2|408000|153|1224060|385725
1200000|1|6000|8|1|0|0|408000|154|1232061|426109
1200000|1|6000|8|1|1|2|408000|154|1232061|385969
1200000|1|6000|8|1|0|0|408000|155|1240061|426851
1200000|1|6000|8|1|1|2|408000|155|1240061|386258
1200000|1|6000|8|1|0|0|408000|156|1248062|427671
1200000|1|6000|8|1|1|2|408000|156|1248062|386380
1200000|1|6000|8|1|0|0|408000|157|1256062|428408
1200000|1|6000|8|1|1|2|408000|157|1256062|386665
1200000|1|6000|8|1|0|0|408000|158|1264063|428777
1200000|1|6000|8|1|1|2|408000|158|1264063|386873
1200000|1|6000|8|1|0|0|408000|159|1272063|428983
1200000|1|6000|8|1|1|2|408000|159|1272063|386504
1200000|1|6000|8|1|0|0|408000|160|1280063|429310
1200000|1|6000|8|1|1|2|408000|160|1280063|386379
1200000|1|6000|8|1|0|0|408000|161|1288063|429844
1200000|1|6000|8|1|1|2|408000|161|1288063|385888
1200000|1|6000|8|1|0|0|408000|162|1296064|430377
1200000|1|6000|8|1|1|2|408000|162|1296064|385601
1200000|1|6000|8|1|0|0|408000|163|1304065|430253
1200000|1|6000|8|1|1|2|408000|163|1304065|384986
1200000|1|6000|8|1|0|0|408000|164|1312065|430911
1200000|1|6000|8|1|1|2|408000|164|1312065|384495
1200000|1|6000|8|1|0|0|408000|165|1320065|430049
1200000|1|6000|8|1|1|2|408000|165|1320065|384003
1200000|1|6000|8|1|0|0|408000|166|1328065|429311
1200000|1|6000|8|1|1|2|408000|166|1328065|383263
1200000|1|6000|8|1|0|0|408000|167|1336066|427999
1200000|1|6000|8|1|1|2|408000|167|1336066|382854
1200000|1|6000|8|1|0|0|408000|168|1344066|427793
1200000|1|6000|8|1|1|2|408000|168|1344066|382855
1200000|1|6000|8|1|0|0|408000|169|1352067|426976
1200000|1|6000|8|1|1|2|408000|169|1352067|382607
1200000|1|6000|8|1|0|0|408000|170|1360067|426236
1200000|1|6000|8|1|1|2|408000|170|1360067|382688
1200000|1|6000|8|1|0|0|408000|171|1368068|425535
1200000|1|6000|8|1|1|2|408000|171|1368068|382076
1200000|1|6000|8|1|0|0|408000|172|1376069|425089
1200000|1|6000|8|1|1|2|408000|172|1376069|381500
1200000|1|6000|8|1|0|0|408000|173|1384069|424759
1200000|1|6000|8|1|1|2|408000|173|1384069|380845
1200000|1|6000|8|1|0|0|408000|174|1392070|424925
1200000|1|6000|8|1|1|2|408000|174|1392070|379491
1200000|1|6000|8|1|0|0|408000|175|1400069|424472
1200000|1|6000|8|1|1|2|408000|175|1400069|379656
1200000|1|6000|8|1|0|0|408000|176|1408070|423816
1200000|1|6000|8|1|1|2|408000|176|1408070|379122
1200000|1|6000|8|1|0|0|408000|177|1416069|423653
1200000|1|6000|8|1|1|2|408000|177|1416069|379655
1200000|1|6000|8|1|0|0|408000|178|1424070|423324
1200000|1|6000|8|1|1|2|408000|178|1424070|379163
1200000|1|6000|8|1|0|0|408000|179|1432071|422504
1200000|1|6000|8|1|1|2|408000|179|1432071|379370
1200000|1|6000|8|1|0|0|408000|180|1440071|422009
1200000|1|6000|8|1|1|2|408000|180|1440071|379163
1200000|1|6000|8|1|0|0|408000|181|1448072|421932
1200000|1|6000|8|1|1|2|408000|181|1448072|380023
1200000|1|6000|8|1|0|0|408000|182|1456074|421766
1200000|1|6000|8|1|1|2|408000|182|1456074|380026
1200000|1|6000|8|1|0|0|408000|183|1464075|421725
1200000|1|6000|8|1|1|2|408000|183|1464075|379328
1200000|1|6000|8|1|0|0|408000|184|1472074|421846
1200000|1|6000|8|1|1|2|408000|184|1472074|379122
1200000|1|6000|8|1|0|0|408000|185|1480073|421807
1200000|1|6000|8|1|1|2|408000|185|1480073|378838
1200000|1|6000|8|1|0|0|408000|186|1488073|421726
1200000|1|6000|8|1|1|2|408000|186|1488073|379450
1200000|1|6000|8|1|0|0|408000|187|1496074|421927
1200000|1|6000|8|1|1|2|408000|187|1496074|379944
1200000|1|6000|8|1|0|0|408000|188|1504074|422340
1200000|1|6000|8|1|1|2|408000|188|1504074|380723
1200000|1|6000|8|1|0|0|408000|189|1512076|422504
1200000|1|6000|8|1|1|2|408000|189|1512076|381009
1200000|1|6000|8|1|0|0|408000|190|1520076|423285
1200000|1|6000|8|1|1|2|408000|190|1520076|380803
1200000|1|6000|8|1|0|0|408000|191|1528076|423489
1200000|1|6000|8|1|1|2|408000|191|1528076|379862
1200000|1|6000|8|1|0|0|408000|192|1536075|424431
1200000|1|6000|8|1|1|2|408000|192|1536075|378586
1200000|1|6000|8|1|0|0|408000|193|1544074|425289
1200000|1|6000|8|1|1|2|408000|193|1544074|377523
1200000|1|6000|8|1|0|0|408000|194|1552072|425621
1200000|1|6000|8|1|1|2|408000|194|1552072|376662
1200000|1|6000|8|1|0|0|408000|195|1560071|426113
1200000|1|6000|8|1|1|2|408000|195|1560071|375678
1200000|1|6000|8|1|0|0|408000|196|1568070|426070
1200000|1|6000|8|1|1|2|408000|196|1568070|374367
1200000|1|6000|8|1|0|0|408000|197|1576068|426153
1200000|1|6000|8|1|1|2|408000|197|1576068|374610
1200000|1|6000|8|1|0|0|408000|198|1584068|426112
1200000|1|6000|8|1|1|2|408000|198|1584068|373670
1200000|1|6000|8|1|0|0|408000|199|1592067|425908
1200000|1|6000|8|1|1|2|408000|199|1592067|372807
1200000|1|6000|8|1|0|0|408000|200|1600066|426196
1200000|1|6000|8|1|1|2|408000|200|1600066|371987
1200000|1|6000|8|1|0|0|408000|201|1608066|426810
1200000|1|6000|8|1|1|2|408000|201|1608066|371456
1200000|1|6000|8|1|0|0|408000|202|1616066|426646
1200000|1|6000|8|1|1|2|408000|202|1616066|370924
1200000|1|6000|8|1|0|0|408000|203|1624066|426319
1200000|1|6000|8|1|1|2|408000|203|1624066|370225
1200000|1|6000|8|1|0|0|408000|204|1632066|426399
1200000|1|6000|8|1|1|2|408000|204|1632066|369568
1200000|1|6000|8|1|0|0|408000|205|1640066|426314
1200000|1|6000|8|1|1|2|408000|205|1640066|369570
1200000|1|6000|8|1|0|0|408000|206|1648066|426359
1200000|1|6000|8|1|1|2|408000|206|1648066|370555
1200000|1|6000|8|1|0|0|408000|207|1656066|426071
1200000|1|6000|8|1|1|2|408000|207|1656066|370510
1200000|1|6000|8|1|0|0|408000|208|1664066|426152
1200000|1|6000|8|1|1|2|408000|208|1664066|370020
1200000|1|6000|8|1|0|0|408000|209|1672065|426154
1200000|1|6000|8|1|1|2|408000|209|1672065|369077
1200000|1|6000|8|1|0|0|408000|210|1680064|426027
1200000|1|6000|8|1|1|2|408000|210|1680064|368052
1200000|1|6000|8|1|0|0|408000|211|1688063|425128
1200000|1|6000|8|1|1|2|408000|211|1688063|367111
1200000|1|6000|8|1|0|0|408000|212|1696061|424471
1200000|1|6000|8|1|1|2|408000|212|1696061|367191
1200000|1|6000|8|1|0|0|408000|213|1704062|423937
1200000|1|6000|8|1|1|2|408000|213|1704062|367192
1200000|1|6000|8|1|0|0|408000|214|1712064|423980
1200000|1|6000|8|1|1|2|408000|214|1712064|366413
1200000|1|6000|8|1|0|0|408000|215|1720065|424678
1200000|1|6000|8|1|1|2|408000|215|1720065|366167
1200000|1|6000|8|1|0|0|408000|216|1728066|425333
1200000|1|6000|8|1|1|2|408000|216|1728066|365962
1200000|1|6000|8|1|0|0|408000|217|1736068|425742
1200000|1|6000|8|1|1|2|408000|217|1736068|365224
1200000|1|6000|8|1|0|0|408000|218|1744067|426563
1200000|1|6000|8|1|1|2|408000|218|1744067|364856
1200000|1|6000|8|1|0|0|408000|219|1752068|427053
1200000|1|6000|8|1|1|2|408000|219|1752068|363745
1200000|1|6000|8|1|0|0|408000|220|1760068|427384
1200000|1|6000|8|1|1|2|408000|220|1760068|363254
1200000|1|6000|8|1|0|0|408000|221|1768068|428118
1200000|1|6000|8|1|1|2|408000|221|1768068|362188
1200000|1|6000|8|1|0|0|408000|222|1776067|428861
1200000|1|6000|8|1|1|2|408000|222|1776067|361821
1200000|1|6000|8|1|0|0|408000|223|1784067|430009
1200000|1|6000|8|1|1|2|408000|223|1784067|360710
1200000|1|6000|8|1|0|0|408000|224|1792066|430663
1200000|1|6000|8|1|1|2|408000|224|1792066|359975
1200000|1|6000|8|1|0|0|408000|225|1800067|431444
1200000|1|6000|8|1|1|2|408000|225|1800067|359399
1200000|1|6000|8|1|0|0|408000|226|1808066|430622
1200000|1|6000|8|1|1|2|408000|226|1808066|358129
1200000|1|6000|8|1|0|0|408000|227|1816066|428820
1200000|1|6000|8|1|1|2|408000|227|1816066|357924
1200000|1|6000|8|1|0|0|408000|228|1824066|427220
1200000|1|6000|8|1|1|2|408000|228|1824066|357598
1200000|1|6000|8|1|0|0|408000|229|1832067|425537
1200000|1|6000|8|1|1|2|408000|229|1832067|358086
1200000|1|6000|8|1|0|0|408000|230|1840069|424638
1200000|1|6000|8|1|1|2|408000|230|1840069|358132
1200000|1|6000|8|1|0|0|408000|231|1848070|423325
1200000|1|6000|8|1|1|2|408000|231|1848070|357925
1200000|1|6000|8|1|0|0|408000|232|1856072|422628
1200000|1|6000|8|1|1|2|408000|232|1856072|357477
1200000|1|6000|8|1|0|0|408000|233|1864072|422176
1200000|1|6000|8|1|1|2|408000|233|1864072|357227
1200000|1|6000|8|1|0|0|408000|234|1872073|422464
1200000|1|6000|8|1|1|2|408000|234|1872073|356328
1200000|1|6000|8|1|0|0|408000|235|1880073|422258
1200000|1|6000|8|1|1|2|408000|235|1880073|356368
1200000|1|6000|8|1|0|0|408000|236|1888073|421479
1200000|1|6000|8|1|1|2|408000|236|1888073|356122
1200000|1|6000|8|1|0|0|408000|237|1896073|421439
1200000|1|6000|8|1|1|2|408000|237|1896073|356204
1200000|1|6000|8|1|0|0|408000|238|1904073|420700
1200000|1|6000|8|1|1|2|408000|238|1904073|356082
1200000|1|6000|8|1|0|0|408000|239|1912073|420577
1200000|1|6000|8|1|1|2|408000|239|1912073|355998
1200000|1|6000|8|1|0|0|408000|240|1920074|419964
1200000|1|6000|8|1|1|2|408000|240|1920074|355957
1200000|1|6000|8|1|0|0|408000|241|1928074|420372
1200000|1|6000|8|1|1|2|408000|241|1928074|356121
1200000|1|6000|8|1|0|0|408000|242|1936075|419922
1200000|1|6000|8|1|1|2|408000|242|1936075|355917
1200000|1|6000|8|1|0|0|408000|243|1944075|420579
1200000|1|6000|8|1|1|2|408000|243|1944075|356037
1200000|1|6000|8|1|0|0|408000|244|1952075|420494
1200000|1|6000|8|1|1|2|408000|244|1952075|356614
1200000|1|6000|8|1|0|0|408000|245|1960075|420780
1200000|1|6000|8|1|1|2|408000|245|1960075|357228
1200000|1|6000|8|1|0|0|408000|246|1968076|421152
1200000|1|6000|8|1|1|2|408000|246|1968076|357844
1200000|1|6000|8|1|0|0|408000|247|1976076|421805
1200000|1|6000|8|1|1|2|408000|247|1976076|358253
1200000|1|6000|8|1|0|0|408000|248|1984076|421767
1200000|1|6000|8|1|1|2|408000|248|1984076|358542
1200000|1|6000|8|1|0|0|408000|249|1992076|421930
1200000|1|6000|8|1|1|2|408000|249|1992076|358788
1200000|1|6000|8|1|0|0|408000|250|2000076|422259
1200000|1|6000|8|1|1|2|408000|250|2000076|359115
1200000|1|6000|8|1|0|0|408000|251|2008076|422668
1200000|1|6000|8|1|1|2|408000|251|2008076|359111
1200000|1|6000|8|1|0|0|408000|252|2016077|423244
1200000|1|6000|8|1|1|2|408000|252|2016077|358992
1200000|1|6000|8|1|0|0|408000|253|2024077|423816
1200000|1|6000|8|1|1|2|408000|253|2024077|358911
1200000|1|6000|8|1|0|0|408000|254|2032077|423898
1200000|1|6000|8|1|1|2|408000|254|2032077|359111
1200000|1|6000|8|1|0|0|408000|255|2040077|424677
1200000|1|6000|8|1|1|2|408000|255|2040077|359484
1200000|1|6000|8|1|0|0|408000|256|2048078|424390
1200000|1|6000|8|1|1|2|408000|256|2048078|360223
1200000|1|6000|8|1|0|0|408000|257|2056078|423491
1200000|1|6000|8|1|1|2|408000|257|2056078|361247
1200000|1|6000|8|1|0|0|408000|258|2064080|422748
1200000|1|6000|8|1|1|2|408000|258|2064080|363132
1200000|1|6000|8|1|0|0|408000|259|2072081|422175
1200000|1|6000|8|1|1|2|408000|259|2072081|363746
1200000|1|6000|8|1|0|0|408000|260|2080082|422012
1200000|1|6000|8|1|1|2|408000|260|2080082|364855
1200000|1|6000|8|1|0|0|408000|261|2088084|421605
1200000|1|6000|8|1|1|2|408000|261|2088084|365181
1200000|1|6000|8|1|0|0|408000|262|2096084|421643
1200000|1|6000|8|1|1|2|408000|262|2096084|366209
1200000|1|6000|8|1|0|0|408000|263|2104086|422793
1200000|1|6000|8|1|1|2|408000|263|2104086|366538
1200000|1|6000|8|1|0|0|408000|264|2112086|423159
1200000|1|6000|8|1|1|2|408000|264|2112086|366864
1200000|1|6000|8|1|0|0|408000|265|2120087|423365
1200000|1|6000|8|1|1|2|408000|265|2120087|367232
1200000|1|6000|8|1|0|0|408000|266|2128087|423078
1200000|1|6000|8|1|1|2|408000|266|2128087|368011
1200000|1|6000|8|1|0|0|408000|267|2136089|423243
1200000|1|6000|8|1|1|2|408000|267|2136089|369037
1200000|1|6000|8|1|0|0|408000|268|2144090|423449
1200000|1|6000|8|1|1|2|408000|268|2144090|369938
1200000|1|6000|8|1|0|0|408000|269|2152091|423075
1200000|1|6000|8|1|1|2|408000|269|2152091|371045
1200000|1|6000|8|1|0|0|408000|270|2160092|422711
1200000|1|6000|8|1|1|2|408000|270|2160092|371866
1200000|1|6000|8|1|0|0|408000|271|2168093|421927
1200000|1|6000|8|1|1|2|408000|271|2168093|373219
1200000|1|6000|8|1|0|0|408000|272|2176095|422176
1200000|1|6000|8|1|1|2|408000|272|2176095|374326
1200000|1|6000|8|1|0|0|408000|273|2184096|422010
1200000|1|6000|8|1|1|2|408000|273|2184096|374860
1200000|1|6000|8|1|0|0|408000|274|2192097|422176
1200000|1|6000|8|1|1|2|408000|274|2192097|374815
1200000|1|6000|8|1|0|0|408000|275|2200099|421889
1200000|1|6000|8|1|1|2|408000|275|2200099|375349
1200000|1|6000|8|1|0|0|408000|276|2208100|421398
1200000|1|6000|8|1|1|2|408000|276|2208100|375390
1200000|1|6000|8|1|0|0|408000|277|2216101|421604
1200000|1|6000|8|1|1|2|408000|277|2216101|376171
1200000|1|6000|8|1|0|0|408000|278|2224103|422300
1200000|1|6000|8|1|1|2|408000|278|2224103|376580
1200000|1|6000|8|1|0|0|408000|279|2232104|422629
1200000|1|6000|8|1|1|2|408000|279|2232104|376705
1200000|1|6000|8|1|0|0|408000|280|2240105|423200
1200000|1|6000|8|1|1|2|408000|280|2240105|376499
1200000|1|6000|8|1|0|0|408000|281|2248105|423859
1200000|1|6000|8|1|1|2|408000|281|2248105|376620
1200000|1|6000|8|1|0|0|408000|282|2256105|424351
1200000|1|6000|8|1|1|2|408000|282|2256105|376417
1200000|1|6000|8|1|0|0|408000|283|2264105|424923
1200000|1|6000|8|1|1|2|408000|283|2264105|376293
1200000|1|6000|8|1|0|0|408000|284|2272106|425334
1200000|1|6000|8|1|1|2|408000|284|2272106|376334
1200000|1|6000|8|1|0|0|408000|285|2280107|425006
1200000|1|6000|8|1|1|2|408000|285|2280107|375637
1200000|1|6000|8|1|0|0|408000|286|2288107|424227
1200000|1|6000|8|1|1|2|408000|286|2288107|375639
1200000|1|6000|8|1|0|0|408000|287|2296108|423900
1200000|1|6000|8|1|1|2|408000|287|2296108|374446
1200000|1|6000|8|1|0|0|408000|288|2304107|423695
1200000|1|6000|8|1|1|2|408000|288|2304107|373342
1200000|1|6000|8|1|0|0|408000|289|2312106|423447
1200000|1|6000|8|1|1|2|408000|289|2312106|373054
1200000|1|6000|8|1|0|0|408000|290|2320105|423324
1200000|1|6000|8|1|1|2|408000|290|2320105|373056
1200000|1|6000|8|1|0|0|408000|291|2328106|423162
1200000|1|6000|8|1|1|2|408000|291|2328106|373219
1200000|1|6000|8|1|0|0|408000|292|2336107|423077
1200000|1|6000|8|1|1|2|408000|292|2336107|373423
1200000|1|6000|8|1|0|0|408000|293|2344108|423365
1200000|1|6000|8|1|1|2|408000|293|2344108|373465
1200000|1|6000|8|1|0|0|408000|294|2352108|423449
1200000|1|6000|8|1|1|2|408000|294|2352108|373257
1200000|1|6000|8|1|0|0|408000|295|2360108|423325
1200000|1|6000|8|1|1|2|408000|295|2360108|373875
1200000|1|6000|8|1|0|0|408000|296|2368110|423158
1200000|1|6000|8|1|1|2|408000|296|2368110|374816
1200000|1|6000|8|1|0|0|408000|297|2376110|422792
1200000|1|6000|8|1|1|2|408000|297|2376110|375636
1200000|1|6000|8|1|0|0|408000|298|2384112|422914
1200000|1|6000|8|1|1|2|408000|298|2384112|376129
1200000|1|6000|8|1|0|0|408000|299|2392111|422993
1200000|1|6000|8|1|1|2|408000|299|2392111|376827
1200000|1|6000|8|1|0|0|408000|300|2400112|422955
1200000|1|6000|8|1|1|2|408000|300|2400112|377688
1200000|1|6000|8|1|0|0|408000|301|2408112|422217
1200000|1|6000|8|1|1|2|408000|301|2408112|378138
1200000|1|6000|8|1|0|0|408000|302|2416112|421274
1200000|1|6000|8|1|1|2|408000|302|2416112|379614
1200000|1|6000|8|1|0|0|408000|303|2424114|420661
1200000|1|6000|8|1|1|2|408000|303|2424114|379368
1200000|1|6000|8|1|0|0|408000|304|2432114|419798
1200000|1|6000|8|1|1|2|408000|304|2432114|380065
1200000|1|6000|8|1|0|0|408000|305|2440115|419265
1200000|1|6000|8|1|1|2|408000|305|2440115|380148
1200000|1|6000|8|1|0|0|408000|306|2448116|418774
1200000|1|6000|8|1|1|2|408000|306|2448116|380924
1200000|1|6000|8|1|0|0|408000|307|2456117|418283
1200000|1|6000|8|1|1|2|408000|307|2456117|381337
1200000|1|6000|8|1|0|0|408000|308|2464118|417667
1200000|1|6000|8|1|1|2|408000|308|2464118|382320
1200000|1|6000|8|1|0|0|408000|309|2472119|418282
1200000|1|6000|8|1|1|2|408000|309|2472119|382527
1200000|1|6000|8|1|0|0|408000|310|2480119|418118
1200000|1|6000|8|1|1|2|408000|310|2480119|382443
1200000|1|6000|8|1|0|0|408000|311|2488119|418570
1200000|1|6000|8|1|1|2|408000|311|2488119|381871
1200000|1|6000|8|1|0|0|408000|312|2496119|418157
1200000|1|6000|8|1|1|2|408000|312|2496119|381625
1200000|1|6000|8|1|0|0|408000|313|2504119|418237
1200000|1|6000|8|1|1|2|408000|313|2504119|381008
1200000|1|6000|8|1|0|0|408000|314|2512119|418362
1200000|1|6000|8|1|1|2|408000|314|2512119|380352
1200000|1|6000|8|1|0|0|408000|315|2520119|418155
1200000|1|6000|8|1|1|2|408000|315|2520119|380434
1200000|1|6000|8|1|0|0|408000|316|2528119|417296
1200000|1|6000|8|1|1|2|408000|316|2528119|379940
1200000|1|6000|8|1|0|0|408000|317|2536119|416765
1200000|1|6000|8|1|1|2|408000|317|2536119|380309
1200000|1|6000|8|1|0|0|408000|318|2544120|417130
1200000|1|6000|8|1|1|2|408000|318|2544120|380067
1200000|1|6000|8|1|0|0|408000|319|2552120|416722
1200000|1|6000|8|1|1|2|408000|319|2552120|379738
1200000|1|6000|8|1|0|0|408000|320|2560121|417257
1200000|1|6000|8|1|1|2|408000|320|2560121|378958
1200000|1|6000|8|1|0|0|408000|321|2568121|416926
1200000|1|6000|8|1|1|2|408000|321|2568121|377850
1200000|1|6000|8|1|0|0|408000|322|2576121|417584
1200000|1|6000|8|1|1|2|408000|322|2576121|377648
1200000|1|6000|8|1|0|0|408000|323|2584122|418692
1200000|1|6000|8|1|1|2|408000|323|2584122|376170
1200000|1|6000|8|1|0|0|408000|324|2592122|419266
1200000|1|6000|8|1|1|2|408000|324|2592122|375557
1200000|1|6000|8|1|0|0|408000|325|2600123|419306
1200000|1|6000|8|1|1|2|408000|325|2600123|374777
1200000|1|6000|8|1|0|0|408000|326|2608122|420331
1200000|1|6000|8|1|1|2|408000|326|2608122|375268
1200000|1|6000|8|1|0|0|408000|327|2616123|420783
1200000|1|6000|8|1|1|2|408000|327|2616123|375555
1200000|1|6000|8|1|0|0|408000|328|2624123|421480
1200000|1|6000|8|1|1|2|408000|328|2624123|374899
1200000|1|6000|8|1|0|0|408000|329|2632123|421808
1200000|1|6000|8|1|1|2|408000|329|2632123|375022
1200000|1|6000|8|1|0|0|408000|330|2640124|422053
1200000|1|6000|8|1|1|2|408000|330|2640124|374374
1200000|1|6000|8|1|0|0|408000|331|2648124|422217
1200000|1|6000|8|1|1|2|408000|331|2648124|373431
1200000|1|6000|8|1|0|0|408000|332|2656124|423121
1200000|1|6000|8|1|1|2|408000|332|2656124|372283
1200000|1|6000|8|1|0|0|408000|333|2664123|423777
1200000|1|6000|8|1|1|2|408000|333|2664123|372201
1200000|1|6000|8|1|0|0|408000|334|2672124|424059
1200000|1|6000|8|1|1|2|408000|334|2672124|372406
1200000|1|6000|8|1|0|0|408000|335|2680124|424597
1200000|1|6000|8|1|1|2|408000|335|2680124|372324
1200000|1|6000|8|1|0|0|408000|336|2688124|425375
1200000|1|6000|8|1|1|2|408000|336|2688124|372201
1200000|1|6000|8|1|0|0|408000|337|2696124|425949
1200000|1|6000|8|1|1|2|408000|337|2696124|372242
1200000|1|6000|8|1|0|0|408000|338|2704124|426560
1200000|1|6000|8|1|1|2|408000|338|2704124|372406
1200000|1|6000|8|1|0|0|408000|339|2712124|427014
1200000|1|6000|8|1|1|2|408000|339|2712124|372529
1200000|1|6000|8|1|0|0|408000|340|2720125|427999
1200000|1|6000|8|1|1|2|408000|340|2720125|372570
1200000|1|6000|8|1|0|0|408000|341|2728125|428448
1200000|1|6000|8|1|1|2|408000|341|2728125|371668
1200000|1|6000|8|1|0|0|408000|342|2736125|429310
1200000|1|6000|8|1|1|2|408000|342|2736125|370766
1200000|1|6000|8|1|0|0|408000|343|2744125|430213
1200000|1|6000|8|1|1|2|408000|343|2744125|370274
1200000|1|6000|8|1|0|0|408000|344|2752126|430583
1200000|1|6000|8|1|1|2|408000|344|2752126|369454
1200000|1|6000|8|1|0|0|408000|345|2760126|430948
1200000|1|6000|8|1|1|2|408000|345|2760126|369372
1200000|1|6000|8|1|0|0|408000|346|2768127|430415
1200000|1|6000|8|1|1|2|408000|346|2768127|369044
1200000|1|6000|8|1|0|0|408000|347|2776127|431198
1200000|1|6000|8|1|1|2|408000|347|2776127|367855
1200000|1|6000|8|1|0|0|408000|348|2784125|431688
1200000|1|6000|8|1|1|2|408000|348|2784125|366953
1200000|1|6000|8|1|0|0|408000|349|2792124|432261
1200000|1|6000|8|1|1|2|408000|349|2792124|365805
1200000|1|6000|8|1|0|0|408000|350|2800123|432300
1200000|1|6000|8|1|1|2|408000|350|2800123|366051
1200000|1|6000|8|1|0|0|408000|351|2808123|432878
1200000|1|6000|8|1|1|2|408000|351|2808123|364452
1200000|1|6000|8|1|0|0|408000|352|2816122|432593
1200000|1|6000|8|1|1|2|408000|352|2816122|363796
1200000|1|6000|8|1|0|0|408000|353|2824122|432674
1200000|1|6000|8|1|1|2|408000|353|2824122|361869
1200000|1|6000|8|1|0|0|408000|354|2832120|432346
1200000|1|6000|8|1|1|2|408000|354|2832120|361705
1200000|1|6000|8|1|0|0|408000|355|2840121|431893
1200000|1|6000|8|1|1|2|408000|355|2840121|361705
1200000|1|6000|8|1|0|0|408000|356|2848121|431403
1200000|1|6000|8|1|1|2|408000|356|2848121|362607
1200000|1|6000|8|1|0|0|408000|357|2856122|431033
1200000|1|6000|8|1|1|2|408000|357|2856122|363140
1200000|1|6000|8|1|0|0|408000|358|2864121|430048
1200000|1|6000|8|1|1|2|408000|358|2864121|363468
1200000|1|6000|8|1|0|0|408000|359|2872122|429926
1200000|1|6000|8|1|1|2|408000|359|2872122|363878
1200000|1|6000|8|1|0|0|408000|360|2880123|430049
1200000|1|6000|8|1|1|2|408000|360|2880123|363919
1200000|1|6000|8|1|0|0|408000|361|2888123|430498
1200000|1|6000|8|1|1|2|408000|361|2888123|364452
1200000|1|6000|8|1|0|0|408000|362|2896123|430458
1200000|1|6000|8|1|1|2|408000|362|2896123|364042
1200000|1|6000|8|1|0|0|408000|363|2904122|430335
1200000|1|6000|8|1|1|2|408000|363|2904122|363427
1200000|1|6000|8|1|0|0|408000|364|2912123|430418
1200000|1|6000|8|1|1|2|408000|364|2912123|362115
1200000|1|6000|8|1|0|0|408000|365|2920123|430624
1200000|1|6000|8|1|1|2|408000|365|2920123|360967
1200000|1|6000|8|1|0|0|408000|366|2928122|430620
1200000|1|6000|8|1|1|2|408000|366|2928122|360229
1200000|1|6000|8|1|0|0|408000|367|2936122|430049
1200000|1|6000|8|1|1|2|408000|367|2936122|359983
1200000|1|6000|8|1|0|0|408000|368|2944122|430128
1200000|1|6000|8|1|1|2|408000|368|2944122|359983
1200000|1|6000|8|1|0|0|408000|369|2952123|429925
1200000|1|6000|8|1|1|2|408000|369|2952123|360106
1200000|1|6000|8|1|0|0|408000|370|2960124|430539
1200000|1|6000|8|1|1|2|408000|370|2960124|360516
1200000|1|6000|8|1|0|0|408000|371|2968124|430089
1200000|1|6000|8|1|1|2|408000|371|2968124|360270
1200000|1|6000|8|1|0|0|408000|372|2976124|429721
1200000|1|6000|8|1|1|2|408000|372|2976124|360065
1200000|1|6000|8|1|0|0|408000|373|2984125|429513
1200000|1|6000|8|1|1|2|408000|373|2984125|359655
1200000|1|6000|8|1|0|0|408000|374|2992125|429761
1200000|1|6000|8|1|1|2|408000|374|2992125|359778
1200000|1|6000|8|1|0|0|408000|375|3000126|430336
1200000|1|6000|8|1|1|2|408000|375|3000126|358794
1200000|1|6000|8|1|0|0|408000|376|3008125|430540
1200000|1|6000|8|1|1|2|408000|376|3008125|358056
1200000|1|6000|8|1|0|0|408000|377|3016125|430417
1200000|1|6000|8|1|1|2|408000|377|3016125|356539
1200000|1|6000|8|1|0|0|408000|378|3024123|430706
1200000|1|6000|8|1|1|2|408000|378|3024123|354858
1200000|1|6000|8|1|0|0|408000|379|3032122|431030
1200000|1|6000|8|1|1|2|408000|379|3032122|353218
1200000|1|6000|8|1|0|0|408000|380|3040120|431690
1200000|1|6000|8|1|1|2|408000|380|3040120|352152
1200000|1|6000|8|1|0|0|408000|381|3048119|431976
1200000|1|6000|8|1|1|2|408000|381|3048119|350594
1200000|1|6000|8|1|0|0|408000|382|3056118|431443
1200000|1|6000|8|1|1|2|408000|382|3056118|349651
1200000|1|6000|8|1|0|0|408000|383|3064117|430742
1200000|1|6000|8|1|1|2|408000|383|3064117|347929
1200000|1|6000|8|1|0|0|408000|384|3072115|430583
1200000|1|6000|8|1|1|2|408000|384|3072115|348257
1200000|1|6000|8|1|0|0|408000|385|3080116|430499
1200000|1|6000|8|1|1|2|408000|385|3080116|348216
1200000|1|6000|8|1|0|0|408000|386|3088117|429638
1200000|1|6000|8|1|1|2|408000|386|3088117|349323
1200000|1|6000|8|1|0|0|408000|387|3096118|429679
1200000|1|6000|8|1|1|2|408000|387|3096118|349651
1200000|1|6000|8|1|0|0|408000|388|3104118|428901
1200000|1|6000|8|1|1|2|408000|388|3104118|349979
1200000|1|6000|8|1|0|0|408000|389|3112119|428942
1200000|1|6000|8|1|1|2|408000|389|3112119|350225
1200000|1|6000|8|1|0|0|408000|390|3120119|428570
1200000|1|6000|8|1|1|2|408000|390|3120119|350225
1200000|1|6000|8|1|0|0|408000|391|3128119|428696
1200000|1|6000|8|1|1|2|408000|391|3128119|349856
1200000|1|6000|8|1|0|0|408000|392|3136118|427793
1200000|1|6000|8|1|1|2|408000|392|3136118|349692
1200000|1|6000|8|1|0|0|408000|393|3144118|426974
1200000|1|6000|8|1|1|2|408000|393|3144118|349159
1200000|1|6000|8|1|0|0|408000|394|3152118|426440
1200000|1|6000|8|1|1|2|408000|394|3152118|348011
1200000|1|6000|8|1|0|0|408000|395|3160118|425949
1200000|1|6000|8|1|1|2|408000|395|3160118|347601
1200000|1|6000|8|1|0|0|408000|396|3168118|425330
1200000|1|6000|8|1|1|2|408000|396|3168118|347027
1200000|1|6000|8|1|0|0|408000|397|3176118|425170
1200000|1|6000|8|1|1|2|408000|397|3176118|346822
1200000|1|6000|8|1|0|0|408000|398|3184118|425332
1200000|1|6000|8|1|1|2|408000|398|3184118|346781
1200000|1|6000|8|1|0|0|408000|399|3192118|426153
1200000|1|6000|8|1|1|2|408000|399|3192118|347027
1200000|1|6000|8|1|0|0|408000|400|3200119|426889
1200000|1|6000|8|1|1|2|408000|400|3200119|347191
1200000|1|6000|8|1|0|0|408000|401|3208119|427339
1200000|1|6000|8|1|1|2|408000|401|3208119|346822
1200000|1|6000|8|1|0|0|408000|402|3216119|427795
1200000|1|6000|8|1|1|2|408000|402|3216119|347601
1200000|1|6000|8|1|0|0|408000|403|3224120|428247
1200000|1|6000|8|1|1|2|408000|403|3224120|348175
1200000|1|6000|8|1|0|0|408000|404|3232122|428327
1200000|1|6000|8|1|1|2|408000|404|3232122|349569
1200000|1|6000|8|1|0|0|408000|405|3240125|428449
1200000|1|6000|8|1|1|2|408000|405|3240125|350020
1200000|1|6000|8|1|0|0|408000|406|3248126|428080
1200000|1|6000|8|1|1|2|408000|406|3248126|350922
1200000|1|6000|8|1|0|0|408000|407|3256129|428409
1200000|1|6000|8|1|1|2|408000|407|3256129|350758
1200000|1|6000|8|1|0|0|408000|408|3264129|428491
1200000|1|6000|8|1|1|2|408000|408|3264129|349446
1200000|1|6000|8|1|0|0|408000|409|3272129|429107
1200000|1|6000|8|1|1|2|408000|409|3272129|350471
1200000|1|6000|8|1|0|0|408000|410|3280131|430006
1200000|1|6000|8|1|1|2|408000|410|3280131|350102
1200000|1|6000|8|1|0|0|408000|411|3288132|430705
1200000|1|6000|8|1|1|2|408000|411|3288132|350020
1200000|1|6000|8|1|0|0|408000|412|3296133|431485
1200000|1|6000|8|1|1|2|408000|412|3296133|349282
1200000|1|6000|8|1|0|0|408000|413|3304133|432057
1200000|1|6000|8|1|1|2|408000|413|3304133|348790
1200000|1|6000|8|1|0|0|408000|414|3312132|431730
1200000|1|6000|8|1|1|2|408000|414|3312132|348544
1200000|1|6000|8|1|0|0|408000|415|3320133|431524
1200000|1|6000|8|1|1|2|408000|415|3320133|347478
1200000|1|6000|8|1|0|0|408000|416|3328132|431977
1200000|1|6000|8|1|1|2|408000|416|3328132|347519
1200000|1|6000|8|1|0|0|408000|417|3336132|432016
1200000|1|6000|8|1|1|2|408000|417|3336132|347478
1200000|1|6000|8|1|0|0|408000|418|3344131|432589
1200000|1|6000|8|1|1|2|408000|418|3344131|347478
1200000|1|6000|8|1|0|0|408000|419|3352131|431895
1200000|1|6000|8|1|1|2|408000|419|3352131|347232
1200000|1|6000|8|1|0|0|408000|420|3360131|432588
1200000|1|6000|8|1|1|2|408000|420|3360131|347150
1200000|1|6000|8|1|0|0|408000|421|3368130|432837
1200000|1|6000|8|1|1|2|408000|421|3368130|346576
1200000|1|6000|8|1|0|0|408000|422|3376129|433041
1200000|1|6000|8|1|1|2|408000|422|3376129|347027
1200000|1|6000|8|1|0|0|408000|423|3384130|433289
1200000|1|6000|8|1|1|2|408000|423|3384130|346863
1200000|1|6000|8|1|0|0|408000|424|3392130|433329
1200000|1|6000|8|1|1|2|408000|424|3392130|346412
1200000|1|6000|8|1|0|0|408000|425|3400131|433245
1200000|1|6000|8|1|1|2|408000|425|3400131|346002
1200000|1|6000|8|1|0|0|408000|426|3408130|432878
1200000|1|6000|8|1|1|2|408000|426|3408130|345838
1200000|1|6000|8|1|0|0|408000|427|3416131|432673
1200000|1|6000|8|1|1|2|408000|427|3416131|345551
1200000|1|6000|8|1|0|0|408000|428|3424131|431978
1200000|1|6000|8|1|1|2|408000|428|3424131|345018
1200000|1|6000|8|1|0|0|408000|429|3432131|432100
1200000|1|6000|8|1|1|2|408000|429|3432131|344198
1200000|1|6000|8|1|0|0|408000|430|3440130|432344
1200000|1|6000|8|1|1|2|408000|430|3440130|344526
1200000|1|6000|8|1|0|0|408000|431|3448131|432261
1200000|1|6000|8|1|1|2|408000|431|3448131|345387
1200000|1|6000|8|1|0|0|408000|432|3456132|432224
1200000|1|6000|8|1|1|2|408000|432|3456132|346207
1200000|1|6000|8|1|0|0|408000|433|3464132|431975
1200000|1|6000|8|1|1|2|408000|433|3464132|347396
1200000|1|6000|8|1|0|0|408000|434|3472134|432141
1200000|1|6000|8|1|1|2|408000|434|3472134|347314
1200000|1|6000|8|1|0|0|408000|435|3480133|433001
1200000|1|6000|8|1|1|2|408000|435|3480133|347888
1200000|1|6000|8|1|0|0|408000|436|3488134|433411
1200000|1|6000|8|1|1|2|408000|436|3488134|348462
1200000|1|6000|8|1|0|0|408000|437|3496134|432998
1200000|1|6000|8|1|1|2|408000|437|3496134|349651
1200000|1|6000|8|1|0|0|408000|438|3504136|433534
1200000|1|6000|8|1|1|2|408000|438|3504136|349897
1200000|1|6000|8|1|0|0|408000|439|3512137|433288
1200000|1|6000|8|1|1|2|408000|439|3512137|350061
1200000|1|6000|8|1|0|0|408000|440|3520138|433329
1200000|1|6000|8|1|1|2|408000|440|3520138|350922
1200000|1|6000|8|1|0|0|408000|441|3528140|433329
1200000|1|6000|8|1|1|2|408000|441|3528140|351496
1200000|1|6000|8|1|0|0|408000|442|3536141|432793
1200000|1|6000|8|1|1|2|408000|442|3536141|352357
1200000|1|6000|8|1|0|0|408000|443|3544142|432017
1200000|1|6000|8|1|1|2|408000|443|3544142|352849
1200000|1|6000|8|1|0|0|408000|444|3552143|431975
1200000|1|6000|8|1|1|2|408000|444|3552143|353751
1200000|1|6000|8|1|0|0|408000|445|3560144|431484
1200000|1|6000|8|1|1|2|408000|445|3560144|354325
1200000|1|6000|8|1|0|0|408000|446|3568145|431155
1200000|1|6000|8|1|1|2|408000|446|3568145|355350
1200000|1|6000|8|1|0|0|408000|447|3576146|430952
1200000|1|6000|8|1|1|2|408000|447|3576146|357195
1200000|1|6000|8|1|0|0|408000|448|3584149|430213
1200000|1|6000|8|1|1|2|408000|448|3584149|358343
1200000|1|6000|8|1|0|0|408000|449|3592150|430129
1200000|1|6000|8|1|1|2|408000|449|3592150|359286
1200000|1|6000|8|1|0|0|408000|450|3600151|430620
1200000|1|6000|8|1|1|2|408000|450|3600151|360229
1200000|1|6000|8|1|0|0|408000|451|3608152|430706
1200000|1|6000|8|1|1|2|408000|451|3608152|361008
1200000|1|6000|8|1|0|0|408000|452|3616153|430825
1200000|1|6000|8|1|1|2|408000|452|3616153|362115
1200000|1|6000|8|1|0|0|408000|453|3624155|431362
1200000|1|6000|8|1|1|2|408000|453|3624155|363058
1200000|1|6000|8|1|0|0|408000|454|3632156|431196
1200000|1|6000|8|1|1|2|408000|454|3632156|363796
1200000|1|6000|8|1|0|0|408000|455|3640157|431156
1200000|1|6000|8|1|1|2|408000|455|3640157|364903
1200000|1|6000|8|1|0|0|408000|456|3648159|431196
1200000|1|6000|8|1|1|2|408000|456|3648159|365026
1200000|1|6000|8|1|0|0|408000|457|3656160|430869
1200000|1|6000|8|1|1|2|408000|457|3656160|366092
1200000|1|6000|8|1|0|0|408000|458|3664161|431114
1200000|1|6000|8|1|1|2|408000|458|3664161|366133
1200000|1|6000|8|1|0|0|408000|459|3672162|430910
1200000|1|6000|8|1|1|2|408000|459|3672162|366994
1200000|1|6000|8|1|0|0|408000|460|3680162|431361
1200000|1|6000|8|1|1|2|408000|460|3680162|366912
1200000|1|6000|8|1|0|0|408000|461|3688162|431483
1200000|1|6000|8|1|1|2|408000|461|3688162|367281
1200000|1|6000|8|1|0|0|408000|462|3696162|431893
1200000|1|6000|8|1|1|2|408000|462|3696162|366994
1200000|1|6000|8|1|0|0|408000|463|3704162|431444
1200000|1|6000|8|1|1|2|408000|463|3704162|367240
1200000|1|6000|8|1|0|0|408000|464|3712163|431564
1200000|1|6000|8|1|1|2|408000|464|3712163|367076
1200000|1|6000|8|1|0|0|408000|465|3720163|431895
1200000|1|6000|8|1|1|2|408000|465|3720163|367240
1200000|1|6000|8|1|0|0|408000|466|3728163|431808
1200000|1|6000|8|1|1|2|408000|466|3728163|367158
1200000|1|6000|8|1|0|0|408000|467|3736163|432590
1200000|1|6000|8|1|1|2|408000|467|3736163|367158
1200000|1|6000|8|1|0|0|408000|468|3744163|432505
1200000|1|6000|8|1|1|2|408000|468|3744163|367035
1200000|1|6000|8|1|0|0|408000|469|3752163|433287
1200000|1|6000|8|1|1|2|408000|469|3752163|366502
1200000|1|6000|8|1|0|0|408000|470|3760163|433080
1200000|1|6000|8|1|1|2|408000|470|3760163|366502
1200000|1|6000|8|1|0|0|408000|471|3768163|432959
1200000|1|6000|8|1|1|2|408000|471|3768163|365805
1200000|1|6000|8|1|0|0|408000|472|3776163|432670
1200000|1|6000|8|1|1|2|408000|472|3776163|366133
1200000|1|6000|8|1|0|0|408000|473|3784163|432345
1200000|1|6000|8|1|1|2|408000|473|3784163|365682
1200000|1|6000|8|1|0|0|408000|474|3792163|432098
1200000|1|6000|8|1|1|2|408000|474|3792163|365969
1200000|1|6000|8|1|0|0|408000|475|3800163|431648
1200000|1|6000|8|1|1|2|408000|475|3800163|365518
1200000|1|6000|8|1|0|0|408000|476|3808163|431280
1200000|1|6000|8|1|1|2|408000|476|3808163|365436
1200000|1|6000|8|1|0|0|408000|477|3816163|430707
1200000|1|6000|8|1|1|2|408000|477|3816163|365190
1200000|1|6000|8|1|0|0|408000|478|3824163|430497
1200000|1|6000|8|1|1|2|408000|478|3824163|364903
1200000|1|6000|8|1|0|0|408000|479|3832164|430213
1200000|1|6000|8|1|1|2|408000|479|3832164|365231
1200000|1|6000|8|1|0|0|408000|480|3840165|430707
1200000|1|6000|8|1|1|2|408000|480|3840165|364042
1200000|1|6000|8|1|0|0|408000|481|3848164|430414
1200000|1|6000|8|1|1|2|408000|481|3848164|364370
1200000|1|6000|8|1|0|0|408000|482|3856164|431155
1200000|1|6000|8|1|1|2|408000|482|3856164|363714
1200000|1|6000|8|1|0|0|408000|483|3864163|431484
1200000|1|6000|8|1|1|2|408000|483|3864163|364411
1200000|1|6000|8|1|0|0|408000|484|3872163|431444
1200000|1|6000|8|1|1|2|408000|484|3872163|363263
1200000|1|6000|8|1|0|0|408000|485|3880162|431936
1200000|1|6000|8|1|1|2|408000|485|3880162|363181
1200000|1|6000|8|1|0|0|408000|486|3888162|431772
1200000|1|6000|8|1|1|2|408000|486|3888162|362279
1200000|1|6000|8|1|0|0|408000|487|3896161|432099
1200000|1|6000|8|1|1|2|408000|487|3896161|362074
1200000|1|6000|8|1|0|0|408000|488|3904162|431893
1200000|1|6000|8|1|1|2|408000|488|3904162|361746
1200000|1|6000|8|1|0|0|408000|489|3912161|432918
1200000|1|6000|8|1|1|2|408000|489|3912161|361910
1200000|1|6000|8|1|0|0|408000|490|3920162|433162
1200000|1|6000|8|1|1|2|408000|490|3920162|361418
1200000|1|6000|8|1|0|0|408000|491|3928162|434312
1200000|1|6000|8|1|1|2|408000|491|3928162|360967
1200000|1|6000|8|1|0|0|408000|492|3936162|434642
1200000|1|6000|8|1|1|2|408000|492|3936162|360721
1200000|1|6000|8|1|0|0|408000|493|3944161|435668
1200000|1|6000|8|1|1|2|408000|493|3944161|360106
1200000|1|6000|8|1|0|0|408000|494|3952161|435991
1200000|1|6000|8|1|1|2|408000|494|3952161|359778
1200000|1|6000|8|1|0|0|408000|495|3960160|435666
1200000|1|6000|8|1|1|2|408000|495|3960160|359409
1200000|1|6000|8|1|0|0|408000|496|3968160|435376
1200000|1|6000|8|1|1|2|408000|496|3968160|358589
1200000|1|6000|8|1|0|0|408000|497|3976159|435381
1200000|1|6000|8|1|1|2|408000|497|3976159|358179
1200000|1|6000|8|1|0|0|408000|498|3984160|435334
1200000|1|6000|8|1|1|2|408000|498|3984160|358712
1200000|1|6000|8|1|0|0|408000|499|3992160|435010
1200000|1|6000|8|1|1|2|408000|499|3992160|359204
1200000|1|6000|8|1|0|0|408000|500|4000160|435585
1200000|1|6000|8|1|1|2|408000|500|4000160|359942
1200000|1|6000|8|1|0|0|408000|501|4008161|435501
1200000|1|6000|8|1|1|2|408000|501|4008161|360147
1200000|1|6000|8|1|0|0|408000|502|4016160|436485
1200000|1|6000|8|1|1|2|408000|502|4016160|360147
1200000|1|6000|8|1|0|0|408000|503|4024161|437634
1200000|1|6000|8|1|1|2|408000|503|4024161|360557
1200000|1|6000|8|1|0|0|408000|504|4032160|438084
1200000|1|6000|8|1|1|2|408000|504|4032160|360680
1200000|1|6000|8|1|0|0|408000|505|4040160|438781
1200000|1|6000|8|1|1|2|408000|505|4040160|360598
1200000|1|6000|8|1|0|0|408000|506|4048159|439929
1200000|1|6000|8|1|1|2|408000|506|4048159|359040
1200000|1|6000|8|1|0|0|408000|507|4056159|441241
1200000|1|6000|8|1|1|2|408000|507|4056159|357810
1200000|1|6000|8|1|0|0|408000|508|4064157|442022
1200000|1|6000|8|1|1|2|408000|508|4064157|356949
1200000|1|6000|8|1|0|0|408000|509|4072157|442307
1200000|1|6000|8|1|1|2|408000|509|4072157|355678
1200000|1|6000|8|1|0|0|408000|510|4080156|443535
1200000|1|6000|8|1|1|2|408000|510|4080156|355063
1200000|1|6000|8|1|0|0|408000|511|4088155|443291
1200000|1|6000|8|1|1|2|408000|511|4088155|353833
1200000|1|6000|8|1|0|0|408000|512|4096154|443744
1200000|1|6000|8|1|1|2|408000|512|4096154|354448
1200000|1|6000|8|1|0|0|408000|513|4104156|443616
1200000|1|6000|8|1|1|2|408000|513|4104156|355104
1200000|1|6000|8|1|0|0|408000|514|4112157|443784
1200000|1|6000|8|1|1|2|408000|514|4112157|355063
1200000|1|6000|8|1|0|0|408000|515|4120157|443907
1200000|1|6000|8|1|1|2|408000|515|4120157|354858
1200000|1|6000|8|1|0|0|408000|516|4128158|444399
1200000|1|6000|8|1|1|2|408000|516|4128158|354612
1200000|1|6000|8|1|0|0|408000|517|4136158|444234
1200000|1|6000|8|1|1|2|408000|517|4136158|354489
1200000|1|6000|8|1|0|0|408000|518|4144159|444071
1200000|1|6000|8|1|1|2|408000|518|4144159|354202
1200000|1|6000|8|1|0|0|408000|519|4152159|444399
1200000|1|6000|8|1|1|2|408000|519|4152159|353874
1200000|1|6000|8|1|0|0|408000|520|4160159|444111
1200000|1|6000|8|1|1|2|408000|520|4160159|352808
1200000|1|6000|8|1|0|0|408000|521|4168158|444070
1200000|1|6000|8|1|1|2|408000|521|4168158|352808
1200000|1|6000|8|1|0|0|408000|522|4176157|443332
1200000|1|6000|8|1|1|2|408000|522|4176157|352931
1200000|1|6000|8|1|0|0|408000|523|4184156|443414
1200000|1|6000|8|1|1|2|408000|523|4184156|353710
1200000|1|6000|8|1|0|0|408000|524|4192157|443210
1200000|1|6000|8|1|1|2|408000|524|4192157|353013
1200000|1|6000|8|1|0|0|408000|525|4200156|443455
1200000|1|6000|8|1|1|2|408000|525|4200156|353792
1200000|1|6000|8|1|0|0|408000|526|4208156|442636
1200000|1|6000|8|1|1|2|408000|526|4208156|353710
1200000|1|6000|8|1|0|0|408000|527|4216156|442307
1200000|1|6000|8|1|1|2|408000|527|4216156|354120
1200000|1|6000|8|1|0|0|408000|528|4224156|441776
1200000|1|6000|8|1|1|2|408000|528|4224156|354120
1200000|1|6000|8|1|0|0|408000|529|4232156|441201
1200000|1|6000|8|1|1|2|408000|529|4232156|354448
1200000|1|6000|8|1|0|0|408000|530|4240156|440627
1200000|1|6000|8|1|1|2|408000|530|4240156|354735
1200000|1|6000|8|1|0|0|408000|531|4248156|439847
1200000|1|6000|8|1|1|2|408000|531|4248156|355104
1200000|1|6000|8|1|0|0|408000|532|4256156|439030
1200000|1|6000|8|1|1|2|408000|532|4256156|355637
1200000|1|6000|8|1|0|0|408000|533|4264156|438332
1200000|1|6000|8|1|1|2|408000|533|4264156|355350
1200000|1|6000|8|1|0|0|408000|534|4272155|438412
1200000|1|6000|8|1|1|2|408000|534|4272155|355965
1200000|1|6000|8|1|0|0|408000|535|4280156|438206
1200000|1|6000|8|1|1|2|408000|535|4280156|356252
1200000|1|6000|8|1|0|0|408000|536|4288155|437961
1200000|1|6000|8|1|1|2|408000|536|4288155|356785
1200000|1|6000|8|1|0|0|408000|537|4296155|437880
1200000|1|6000|8|1|1|2|408000|537|4296155|356826
1200000|1|6000|8|1|0|0|408000|538|4304154|437717
1200000|1|6000|8|1|1|2|408000|538|4304154|356826
1200000|1|6000|8|1|0|0|408000|539|4312154|438004
1200000|1|6000|8|1|1|2|408000|539|4312154|356990
1200000|1|6000|8|1|0|0|408000|540|4320153|438289
1200000|1|6000|8|1|1|2|408000|540|4320153|356908
1200000|1|6000|8|1|0|0|408000|541|4328153|438904
1200000|1|6000|8|1|1|2|408000|541|4328153|356580
1200000|1|6000|8|1|0|0|408000|542|4336152|438783
1200000|1|6000|8|1|1|2|408000|542|4336152|357236
1200000|1|6000|8|1|0|0|408000|543|4344152|439563
1200000|1|6000|8|1|1|2|408000|543|4344152|357113
1200000|1|6000|8|1|0|0|408000|544|4352152|439969
1200000|1|6000|8|1|1|2|408000|544|4352152|356580
1200000|1|6000|8|1|0|0|408000|545|4360151|440787
1200000|1|6000|8|1|1|2|408000|545|4360151|356252
1200000|1|6000|8|1|0|0|408000|546|4368152|440913
1200000|1|6000|8|1|1|2|408000|546|4368152|356498
1200000|1|6000|8|1|0|0|408000|547|4376151|441158
1200000|1|6000|8|1|1|2|408000|547|4376151|356211
1200000|1|6000|8|1|0|0|408000|548|4384151|440298
1200000|1|6000|8|1|1|2|408000|548|4384151|356129
1200000|1|6000|8|1|0|0|408000|549|4392151|440216
1200000|1|6000|8|1|1|2|408000|549|4392151|356416
1200000|1|6000|8|1|0|0|408000|550|4400151|440216
1200000|1|6000|8|1|1|2|408000|550|4400151|356211
1200000|1|6000|8|1|0|0|408000|551|4408151|440135
1200000|1|6000|8|1|1|2|408000|551|4408151|355965
1200000|1|6000|8|1|0|0|408000|552|4416152|439683
1200000|1|6000|8|1|1|2|408000|552|4416152|354899
1200000|1|6000|8|1|0|0|408000|553|4424151|439888
1200000|1|6000|8|1|1|2|408000|553|4424151|354366
1200000|1|6000|8|1|0|0|408000|554|4432152|439602
1200000|1|6000|8|1|1|2|408000|554|4432152|352931
1200000|1|6000|8|1|0|0|408000|555|4440151|440012
1200000|1|6000|8|1|1|2|408000|555|4440151|352644
1200000|1|6000|8|1|0|0|408000|556|4448151|440133
1200000|1|6000|8|1|1|2|408000|556|4448151|351045
1200000|1|6000|8|1|0|0|408000|557|4456150|439889
1200000|1|6000|8|1|1|2|408000|557|4456150|350922
1200000|1|6000|8|1|0|0|408000|558|4464151|439808
1200000|1|6000|8|1|1|2|408000|558|4464151|351086
1200000|1|6000|8|1|0|0|408000|559|4472151|439642
1200000|1|6000|8|1|1|2|408000|559|4472151|351537
1200000|1|6000|8|1|0|0|408000|560|4480151|439931
1200000|1|6000|8|1|1|2|408000|560|4480151|351619
1200000|1|6000|8|1|0|0|408000|561|4488152|439929
1200000|1|6000|8|1|1|2|408000|561|4488152|350922
1200000|1|6000|8|1|0|0|408000|562|4496152|440338
1200000|1|6000|8|1|1|2|408000|562|4496152|350758
1200000|1|6000|8|1|0|0|408000|563|4504152|439644
1200000|1|6000|8|1|1|2|408000|563|4504152|350553
1200000|1|6000|8|1|0|0|408000|564|4512152|440053
1200000|1|6000|8|1|1|2|408000|564|4512152|349733
1200000|1|6000|8|1|0|0|408000|565|4520151|440134
1200000|1|6000|8|1|1|2|408000|565|4520151|347888
1200000|1|6000|8|1|0|0|408000|566|4528149|439766
1200000|1|6000|8|1|1|2|408000|566|4528149|346945
1200000|1|6000|8|1|0|0|408000|567|4536148|439480
1200000|1|6000|8|1|1|2|408000|567|4536148|345879
1200000|1|6000|8|1|0|0|408000|568|4544147|439232
1200000|1|6000|8|1|1|2|408000|568|4544147|344895
1200000|1|6000|8|1|0|0|408000|569|4552147|439274
1200000|1|6000|8|1|1|2|408000|569|4552147|344321
1200000|1|6000|8|1|0|0|408000|570|4560146|439927
1200000|1|6000|8|1|1|2|408000|570|4560146|343173
1200000|1|6000|8|1|0|0|408000|571|4568145|440832
1200000|1|6000|8|1|1|2|408000|571|4568145|342558
1200000|1|6000|8|1|0|0|408000|572|4576145|441118
1200000|1|6000|8|1|1|2|408000|572|4576145|342312
1200000|1|6000|8|1|0|0|408000|573|4584145|442021
1200000|1|6000|8|1|1|2|408000|573|4584145|342517
1200000|1|6000|8|1|0|0|408000|574|4592146|442512
1200000|1|6000|8|1|1|2|408000|574|4592146|342394
1200000|1|6000|8|1|0|0|408000|575|4600146|443452
1200000|1|6000|8|1|1|2|408000|575|4600146|341574
1200000|1|6000|8|1|0|0|408000|576|4608145|443867
1200000|1|6000|8|1|1|2|408000|576|4608145|341697
1200000|1|6000|8|1|0|0|408000|577|4616145|444765
1200000|1|6000|8|1|1|2|408000|577|4616145|341041
1200000|1|6000|8|1|0|0|408000|578|4624145|444890
1200000|1|6000|8|1|1|2|408000|578|4624145|341369
1200000|1|6000|8|1|0|0|408000|579|4632145|445584
1200000|1|6000|8|1|1|2|408000|579|4632145|340057
1200000|1|6000|8|1|0|0|408000|580|4640144|446490
1200000|1|6000|8|1|1|2|408000|580|4640144|340016
1200000|1|6000|8|1|0|0|408000|581|4648144|446655
1200000|1|6000|8|1|1|2|408000|581|4648144|339278
1200000|1|6000|8|1|0|0|408000|582|4656144|447677
1200000|1|6000|8|1|1|2|408000|582|4656144|339524
1200000|1|6000|8|1|0|0|408000|583|4664144|448253
1200000|1|6000|8|1|1|2|408000|583|4664144|339606
1200000|1|6000|8|1|0|0|408000|584|4672144|448745
1200000|1|6000|8|1|1|2|408000|584|4672144|339114
1200000|1|6000|8|1|0|0|408000|585|4680144|448293
1200000|1|6000|8|1|1|2|408000|585|4680144|339278
1200000|1|6000|8|1|0|0|408000|586|4688144|448745
1200000|1|6000|8|1|1|2|408000|586|4688144|339483
1200000|1|6000|8|1|0|0|408000|587|4696144|448829
1200000|1|6000|8|1|1|2|408000|587|4696144|339852
1200000|1|6000|8|1|0|0|408000|588|4704145|449069
1200000|1|6000|8|1|1|2|408000|588|4704145|340139
1200000|1|6000|8|1|0|0|408000|589|4712145|448746
1200000|1|6000|8|1|1|2|408000|589|4712145|340016
1200000|1|6000|8|1|0|0|408000|590|4720145|448662
1200000|1|6000|8|1|1|2|408000|590|4720145|339688
1200000|1|6000|8|1|0|0|408000|591|4728145|448746
1200000|1|6000|8|1|1|2|408000|591|4728145|339565
1200000|1|6000|8|1|0|0|408000|592|4736145|448663
1200000|1|6000|8|1|1|2|408000|592|4736145|340139
1200000|1|6000|8|1|0|0|408000|593|4744145|448332
1200000|1|6000|8|1|1|2|408000|593|4744145|340467
1200000|1|6000|8|1|0|0|408000|594|4752145|448252
1200000|1|6000|8|1|1|2|408000|594|4752145|339729
1200000|1|6000|8|1|0|0|408000|595|4760145|448705
1200000|1|6000|8|1|1|2|408000|595|4760145|339524
1200000|1|6000|8|1|0|0|408000|596|4768145|448784
1200000|1|6000|8|1|1|2|408000|596|4768145|339729
1200000|1|6000|8|1|0|0|408000|597|4776144|449113
1200000|1|6000|8|1|1|2|408000|597|4776144|339196
1200000|1|6000|8|1|0|0|408000|598|4784144|448785
1200000|1|6000|8|1|1|2|408000|598|4784144|338499
1200000|1|6000|8|1|0|0|408000|599|4792143|449155
1200000|1|6000|8|1|1|2|408000|599|4792143|337515
1200000|1|6000|8|1|0|0|408000|600|4800142|449482
1200000|1|6000|8|1|1|2|408000|600|4800142|337310
1200000|1|6000|8|1|0|0|408000|601|4808141|449647
1200000|1|6000|8|1|1|2|408000|601|4808141|336695
1200000|1|6000|8|1|0|0|408000|602|4816141|449154
1200000|1|6000|8|1|1|2|408000|602|4816141|337146
1200000|1|6000|8|1|0|0|408000|603|4824142|448824
1200000|1|6000|8|1|1|2|408000|603|4824142|335711
1200000|1|6000|8|1|0|0|408000|604|4832141|448664
1200000|1|6000|8|1|1|2|408000|604|4832141|335752
1200000|1|6000|8|1|0|0|408000|605|4840141|448497
1200000|1|6000|8|1|1|2|408000|605|4840141|334891
1200000|1|6000|8|1|0|0|408000|606|4848140|448537
1200000|1|6000|8|1|1|2|408000|606|4848140|334481
1200000|1|6000|8|1|0|0|408000|607|4856139|447965
1200000|1|6000|8|1|1|2|408000|607|4856139|333538
1200000|1|6000|8|1|0|0|408000|608|4864138|448252
1200000|1|6000|8|1|1|2|408000|608|4864138|333374
1200000|1|6000|8|1|0|0|408000|609|4872138|448541
1200000|1|6000|8|1|1|2|408000|609|4872138|333087
1200000|1|6000|8|1|0|0|408000|610|4880138|448744
1200000|1|6000|8|1|1|2|408000|610|4880138|333989
1200000|1|6000|8|1|0|0|408000|611|4888139|448170
1200000|1|6000|8|1|1|2|408000|611|4888139|334522
1200000|1|6000|8|1|0|0|408000|612|4896140|447884
1200000|1|6000|8|1|1|2|408000|612|4896140|335014
1200000|1|6000|8|1|0|0|408000|613|4904140|447637
1200000|1|6000|8|1|1|2|408000|613|4904140|335260
1200000|1|6000|8|1|0|0|408000|614|4912140|447757
1200000|1|6000|8|1|1|2|408000|614|4912140|335301
1200000|1|6000|8|1|0|0|408000|615|4920141|448089
1200000|1|6000|8|1|1|2|408000|615|4920141|335096
1200000|1|6000|8|1|0|0|408000|616|4928140|447434
1200000|1|6000|8|1|1|2|408000|616|4928140|335219
1200000|1|6000|8|1|0|0|408000|617|4936140|447676
1200000|1|6000|8|1|1|2|408000|617|4936140|335793
1200000|1|6000|8|1|0|0|408000|618|4944140|448086
1200000|1|6000|8|1|1|2|408000|618|4944140|335014
1200000|1|6000|8|1|0|0|408000|619|4952139|448581
1200000|1|6000|8|1|1|2|408000|619|4952139|334891
1200000|1|6000|8|1|0|0|408000|620|4960138|448252
1200000|1|6000|8|1|1|2|408000|620|4960138|334686
1200000|1|6000|8|1|0|0|408000|621|4968137|448130
1200000|1|6000|8|1|1|2|408000|621|4968137|334850
1200000|1|6000|8|1|0|0|408000|622|4976137|447269
1200000|1|6000|8|1|1|2|408000|622|4976137|334727
1200000|1|6000|8|1|0|0|408000|623|4984136|446408
1200000|1|6000|8|1|1|2|408000|623|4984136|335260
1200000|1|6000|8|1|0|0|408000|624|4992136|445748
1200000|1|6000|8|1|1|2|408000|624|4992136|335342
1200000|1|6000|8|1|0|0|408000|625|5000136|444888
1200000|1|6000|8|1|1|2|408000|625|5000136|336777
1200000|1|6000|8|1|0|0|408000|626|5008137|444480
1200000|1|6000|8|1|1|2|408000|626|5008137|336900
1200000|1|6000|8|1|0|0|408000|627|5016138|443415
1200000|1|6000|8|1|1|2|408000|627|5016138|338212
1200000|1|6000|8|1|0|0|408000|628|5024139|442838
1200000|1|6000|8|1|1|2|408000|628|5024139|338335
1200000|1|6000|8|1|0|0|408000|629|5032138|442141
1200000|1|6000|8|1|1|2|408000|629|5032138|339073
1200000|1|6000|8|1|0|0|408000|630|5040139|442308
1200000|1|6000|8|1|1|2|408000|630|5040139|339401
1200000|1|6000|8|1|0|0|408000|631|5048139|442881
1200000|1|6000|8|1|1|2|408000|631|5048139|340139
1200000|1|6000|8|1|0|0|408000|632|5056139|443332
1200000|1|6000|8|1|1|2|408000|632|5056139|340508
1200000|1|6000|8|1|0|0|408000|633|5064140|444111
1200000|1|6000|8|1|1|2|408000|633|5064140|340877
1200000|1|6000|8|1|0|0|408000|634|5072140|444358
1200000|1|6000|8|1|1|2|408000|634|5072140|341697
1200000|1|6000|8|1|0|0|408000|635|5080142|444849
1200000|1|6000|8|1|1|2|408000|635|5080142|341738
1200000|1|6000|8|1|0|0|408000|636|5088142|444768
1200000|1|6000|8|1|1|2|408000|636|5088142|342476
1200000|1|6000|8|1|0|0|408000|637|5096143|444808
1200000|1|6000|8|1|1|2|408000|637|5096143|342435
1200000|1|6000|8|1|0|0|408000|638|5104143|443617
1200000|1|6000|8|1|1|2|408000|638|5104143|342722
1200000|1|6000|8|1|0|0|408000|639|5112144|442716
1200000|1|6000|8|1|1|2|408000|639|5112144|342148
1200000|1|6000|8|1|0|0|408000|640|5120143|442678
1200000|1|6000|8|1|1|2|408000|640|5120143|341738
1200000|1|6000|8|1|0|0|408000|641|5128143|442840
1200000|1|6000|8|1|1|2|408000|641|5128143|340631
1200000|1|6000|8|1|0|0|408000|642|5136142|442880
1200000|1|6000|8|1|1|2|408000|642|5136142|339442
1200000|1|6000|8|1|0|0|408000|643|5144141|442470
1200000|1|6000|8|1|1|2|408000|643|5144141|338499
1200000|1|6000|8|1|0|0|408000|644|5152141|442759
1200000|1|6000|8|1|1|2|408000|644|5152141|337761
1200000|1|6000|8|1|0|0|408000|645|5160141|443047
1200000|1|6000|8|1|1|2|408000|645|5160141|336982
1200000|1|6000|8|1|0|0|408000|646|5168141|444317
1200000|1|6000|8|1|1|2|408000|646|5168141|336121
1200000|1|6000|8|1|0|0|408000|647|5176141|444603
1200000|1|6000|8|1|1|2|408000|647|5176141|335793
1200000|1|6000|8|1|0|0|408000|648|5184141|445218
1200000|1|6000|8|1|1|2|408000|648|5184141|335465
1200000|1|6000|8|1|0|0|408000|649|5192140|445547
1200000|1|6000|8|1|1|2|408000|649|5192140|335629
1200000|1|6000|8|1|0|0|408000|650|5200140|446405
1200000|1|6000|8|1|1|2|408000|650|5200140|335096
1200000|1|6000|8|1|0|0|408000|651|5208140|446940
1200000|1|6000|8|1|1|2|408000|651|5208140|335137
1200000|1|6000|8|1|0|0|408000|652|5216140|446900
1200000|1|6000|8|1|1|2|408000|652|5216140|334563
1200000|1|6000|8|1|0|0|408000|653|5224139|446285
1200000|1|6000|8|1|1|2|408000|653|5224139|334399
1200000|1|6000|8|1|0|0|408000|654|5232140|445792
1200000|1|6000|8|1|1|2|408000|654|5232140|333292
1200000|1|6000|8|1|0|0|408000|655|5240138|445713
1200000|1|6000|8|1|1|2|408000|655|5240138|333169
1200000|1|6000|8|1|0|0|408000|656|5248138|445711
1200000|1|6000|8|1|1|2|408000|656|5248138|333620
1200000|1|6000|8|1|0|0|408000|657|5256137|445876
1200000|1|6000|8|1|1|2|408000|657|5256137|333579
1200000|1|6000|8|1|0|0|408000|658|5264137|445793
1200000|1|6000|8|1|1|2|408000|658|5264137|333374
1200000|1|6000|8|1|0|0|408000|659|5272136|445793
1200000|1|6000|8|1|1|2|408000|659|5272136|333169
1200000|1|6000|8|1|0|0|408000|660|5280137|446328
1200000|1|6000|8|1|1|2|408000|660|5280137|333579
1200000|1|6000|8|1|0|0|408000|661|5288137|447393
1200000|1|6000|8|1|1|2|408000|661|5288137|334522
1200000|1|6000|8|1|0|0|408000|662|5296138|447515
1200000|1|6000|8|1|1|2|408000|662|5296138|334891
1200000|1|6000|8|1|0|0|408000|663|5304138|448291
1200000|1|6000|8|1|1|2|408000|663|5304138|334071
1200000|1|6000|8|1|0|0|408000|664|5312138|448538
1200000|1|6000|8|1|1|2|408000|664|5312138|334235
1200000|1|6000|8|1|0|0|408000|665|5320139|449237
1200000|1|6000|8|1|1|2|408000|665|5320139|334522
1200000|1|6000|8|1|0|0|408000|666|5328139|449728
1200000|1|6000|8|1|1|2|408000|666|5328139|334932
1200000|1|6000|8|1|0|0|408000|667|5336141|449769
1200000|1|6000|8|1|1|2|408000|667|5336141|334973
1200000|1|6000|8|1|0|0|408000|668|5344141|449975
1200000|1|6000|8|1|1|2|408000|668|5344141|335506
1200000|1|6000|8|1|0|0|408000|669|5352141|449971
1200000|1|6000|8|1|1|2|408000|669|5352141|335547
1200000|1|6000|8|1|0|0|408000|670|5360141|450836
1200000|1|6000|8|1|1|2|408000|670|5360141|336613
1200000|1|6000|8|1|0|0|408000|671|5368142|451819
1200000|1|6000|8|1|1|2|408000|671|5368142|337597
1200000|1|6000|8|1|0|0|408000|672|5376143|452108
1200000|1|6000|8|1|1|2|408000|672|5376143|337966
1200000|1|6000|8|1|0|0|408000|673|5384144|452842
1200000|1|6000|8|1|1|2|408000|673|5384144|338499
1200000|1|6000|8|1|0|0|408000|674|5392145|453788
1200000|1|6000|8|1|1|2|408000|674|5392145|338171
1200000|1|6000|8|1|0|0|408000|675|5400146|454568
1200000|1|6000|8|1|1|2|408000|675|5400146|338868
1200000|1|6000|8|1|0|0|408000|676|5408147|454564
1200000|1|6000|8|1|1|2|408000|676|5408147|338868
1200000|1|6000|8|1|0|0|408000|677|5416148|454567
1200000|1|6000|8|1|1|2|408000|677|5416148|338909
1200000|1|6000|8|1|0|0|408000|678|5424148|454691
1200000|1|6000|8|1|1|2|408000|678|5424148|338827
1200000|1|6000|8|1|0|0|408000|679|5432149|454689
1200000|1|6000|8|1|1|2|408000|679|5432149|338827
1200000|1|6000|8|1|0|0|408000|680|5440149|454607
1200000|1|6000|8|1|1|2|408000|680|5440149|339278
1200000|1|6000|8|1|0|0|408000|681|5448150|454650
1200000|1|6000|8|1|1|2|408000|681|5448150|338950
1200000|1|6000|8|1|0|0|408000|682|5456150|454034
1200000|1|6000|8|1|1|2|408000|682|5456150|339442
1200000|1|6000|8|1|0|0|408000|683|5464150|453743
1200000|1|6000|8|1|1|2|408000|683|5464150|338827
1200000|1|6000|8|1|0|0|408000|684|5472149|453297
1200000|1|6000|8|1|1|2|408000|684|5472149|339895
1200000|1|6000|8|1|0|0|408000|685|5480149|453008
1200000|1|6000|8|1|1|2|408000|685|5480149|339688
1200000|1|6000|8|1|0|0|408000|686|5488149|452555
1200000|1|6000|8|1|1|2|408000|686|5488149|340180
1200000|1|6000|8|1|0|0|408000|687|5496149|451903
1200000|1|6000|8|1|1|2|408000|687|5496149|340303
1200000|1|6000|8|1|0|0|408000|688|5504150|451082
1200000|1|6000|8|1|1|2|408000|688|5504150|340467
1200000|1|6000|8|1|0|0|408000|689|5512150|450550
1200000|1|6000|8|1|1|2|408000|689|5512150|339975
1200000|1|6000|8|1|0|0|408000|690|5520149|450180
1200000|1|6000|8|1|1|2|408000|690|5520149|339934
1200000|1|6000|8|1|0|0|408000|691|5528149|450546
1200000|1|6000|8|1|1|2|408000|691|5528149|339442
1200000|1|6000|8|1|0|0|408000|692|5536148|451656
1200000|1|6000|8|1|1|2|408000|692|5536148|340057
1200000|1|6000|8|1|0|0|408000|693|5544149|452147
1200000|1|6000|8|1|1|2|408000|693|5544149|340508
1200000|1|6000|8|1|0|0|408000|694|5552151|452436
1200000|1|6000|8|1|1|2|408000|694|5552151|340959
1200000|1|6000|8|1|0|0|408000|695|5560151|452722
1200000|1|6000|8|1|1|2|408000|695|5560151|341820
1200000|1|6000|8|1|0|0|408000|696|5568152|452721
1200000|1|6000|8|1|1|2|408000|696|5568152|341574
1200000|1|6000|8|1|0|0|408000|697|5576152|452600
1200000|1|6000|8|1|1|2|408000|697|5576152|341943
1200000|1|6000|8|1|0|0|408000|698|5584153|452270
1200000|1|6000|8|1|1|2|408000|698|5584153|341328
1200000|1|6000|8|1|0|0|408000|699|5592152|451612
1200000|1|6000|8|1|1|2|408000|699|5592152|341779
1200000|1|6000|8|1|0|0|408000|700|5600152|451658
1200000|1|6000|8|1|1|2|408000|700|5600152|341779
1200000|1|6000|8|1|0|0|408000|701|5608153|451779
1200000|1|6000|8|1|1|2|408000|701|5608153|342968
1200000|1|6000|8|1|0|0|408000|702|5616153|451655
1200000|1|6000|8|1|1|2|408000|702|5616153|343460
1200000|1|6000|8|1|0|0|408000|703|5624153|452144
1200000|1|6000|8|1|1|2|408000|703|5624153|344321
1200000|1|6000|8|1|0|0|408000|704|5632153|451984
1200000|1|6000|8|1|1|2|408000|704|5632153|344813
1200000|1|6000|8|1|0|0|408000|705|5640154|452476
1200000|1|6000|8|1|1|2|408000|705|5640154|345387
1200000|1|6000|8|1|0|0|408000|706|5648153|453090
1200000|1|6000|8|1|1|2|408000|706|5648153|345715
1200000|1|6000|8|1|0|0|408000|707|5656153|453826
1200000|1|6000|8|1|1|2|408000|707|5656153|346658
1200000|1|6000|8|1|0|0|408000|708|5664153|454198
1200000|1|6000|8|1|1|2|408000|708|5664153|346863
1200000|1|6000|8|1|0|0|408000|709|5672154|453992
1200000|1|6000|8|1|1|2|408000|709|5672154|346699
1200000|1|6000|8|1|0|0|408000|710|5680154|454075
1200000|1|6000|8|1|1|2|408000|710|5680154|346330
1200000|1|6000|8|1|0|0|408000|711|5688154|454567
1200000|1|6000|8|1|1|2|408000|711|5688154|345879
1200000|1|6000|8|1|0|0|408000|712|5696154|454977
1200000|1|6000|8|1|1|2|408000|712|5696154|346125
1200000|1|6000|8|1|0|0|408000|713|5704155|455429
1200000|1|6000|8|1|1|2|408000|713|5704155|346781
1200000|1|6000|8|1|0|0|408000|714|5712155|454527
1200000|1|6000|8|1|1|2|408000|714|5712155|347233
1200000|1|6000|8|1|0|0|408000|715|5720156|454649
1200000|1|6000|8|1|1|2|408000|715|5720156|347765
1200000|1|6000|8|1|0|0|408000|716|5728156|454280
1200000|1|6000|8|1|1|2|408000|716|5728156|348216
1200000|1|6000|8|1|0|0|408000|717|5736156|454116
1200000|1|6000|8|1|1|2|408000|717|5736156|348954
1200000|1|6000|8|1|0|0|408000|718|5744157|453503
1200000|1|6000|8|1|1|2|408000|718|5744157|348872
1200000|1|6000|8|1|0|0|408000|719|5752157|452721
1200000|1|6000|8|1|1|2|408000|719|5752157|348995
1200000|1|6000|8|1|0|0|408000|720|5760158|451983
1200000|1|6000|8|1|1|2|408000|720|5760158|349036
1200000|1|6000|8|1|0|0|408000|721|5768157|451862
1200000|1|6000|8|1|1|2|408000|721|5768157|348995
1200000|1|6000|8|1|0|0|408000|722|5776157|451859
1200000|1|6000|8|1|1|2|408000|722|5776157|349528
1200000|1|6000|8|1|0|0|408000|723|5784158|451695
1200000|1|6000|8|1|1|2|408000|723|5784158|348913
1200000|1|6000|8|1|0|0|408000|724|5792158|451532
1200000|1|6000|8|1|1|2|408000|724|5792158|348790
1200000|1|6000|8|1|0|0|408000|725|5800158|451697
1200000|1|6000|8|1|1|2|408000|725|5800158|348298
1200000|1|6000|8|1|0|0|408000|726|5808158|451287
1200000|1|6000|8|1|1|2|408000|726|5808158|348667
1200000|1|6000|8|1|0|0|408000|727|5816158|451409
1200000|1|6000|8|1|1|2|408000|727|5816158|348503
1200000|1|6000|8|1|0|0|408000|728|5824158|451860
1200000|1|6000|8|1|1|2|408000|728|5824158|348954
1200000|1|6000|8|1|0|0|408000|729|5832159|451657
1200000|1|6000|8|1|1|2|408000|729|5832159|348667
1200000|1|6000|8|1|0|0|408000|730|5840159|451287
1200000|1|6000|8|1|1|2|408000|730|5840159|349323
1200000|1|6000|8|1|0|0|408000|731|5848160|451285
1200000|1|6000|8|1|1|2|408000|731|5848160|350717
1200000|1|6000|8|1|0|0|408000|732|5856160|450876
1200000|1|6000|8|1|1|2|408000|732|5856160|351947
1200000|1|6000|8|1|0|0|408000|733|5864161|450304
1200000|1|6000|8|1|1|2|408000|733|5864161|352890
1200000|1|6000|8|1|0|0|408000|734|5872162|449770
1200000|1|6000|8|1|1|2|408000|734|5872162|353177
1200000|1|6000|8|1|0|0|408000|735|5880162|448785
1200000|1|6000|8|1|1|2|408000|735|5880162|353833
1200000|1|6000|8|1|0|0|408000|736|5888162|448335
1200000|1|6000|8|1|1|2|408000|736|5888162|354038
1200000|1|6000|8|1|0|0|408000|737|5896161|448048
1200000|1|6000|8|1|1|2|408000|737|5896161|355227
1200000|1|6000|8|1|0|0|408000|738|5904163|447802
1200000|1|6000|8|1|1|2|408000|738|5904163|354776
1200000|1|6000|8|1|0|0|408000|739|5912162|447351
1200000|1|6000|8|1|1|2|408000|739|5912162|354858
1200000|1|6000|8|1|0|0|408000|740|5920163|446899
1200000|1|6000|8|1|1|2|408000|740|5920163|354530
1200000|1|6000|8|1|0|0|408000|741|5928164|446528
1200000|1|6000|8|1|1|2|408000|741|5928164|354899
1200000|1|6000|8|1|0|0|408000|742|5936165|446817
1200000|1|6000|8|1|1|2|408000|742|5936165|355063
1200000|1|6000|8|1|0|0|408000|743|5944166|447228
1200000|1|6000|8|1|1|2|408000|743|5944166|355350
1200000|1|6000|8|1|0|0|408000|744|5952166|446735
1200000|1|6000|8|1|1|2|408000|744|5952166|354899
1200000|1|6000|8|1|0|0|408000|745|5960166|446859
1200000|1|6000|8|1|1|2|408000|745|5960166|354530
1200000|1|6000|8|1|0|0|408000|746|5968164|446285
1200000|1|6000|8|1|1|2|408000|746|5968164|354612
1200000|1|6000|8|1|0|0|408000|747|5976164|446897
1200000|1|6000|8|1|1|2|408000|747|5976164|354653
1200000|1|6000|8|1|0|0|408000|748|5984164|446613
1200000|1|6000|8|1|1|2|408000|748|5984164|354653
1200000|1|6000|8|1|0|0|408000|749|5992163|447106
1200000|1|6000|8|1|1|2|408000|749|5992163|354161
1200000|1|6000|8|1|0|0|408000|750|6000163|446161
1200000|1|6000|8|1|1|2|408000|750|6000163|354202
1200000|1|6000|8|1|0|0|408000|751|6008162|446080
1200000|1|6000|8|1|1|2|408000|751|6008162|354407
1200000|1|6000|8|1|0|0|408000|752|6016163|445341
1200000|1|6000|8|1|1|2|408000|752|6016163|354366
1200000|1|6000|8|1|0|0|408000|753|6024163|445014
1200000|1|6000|8|1|1|2|408000|753|6024163|353546
1200000|1|6000|8|1|0|0|408000|754|6032162|445095
1200000|1|6000|8|1|1|2|408000|754|6032162|353669
1200000|1|6000|8|1|0|0|408000|755|6040162|444768
1200000|1|6000|8|1|1|2|408000|755|6040162|353013
1200000|1|6000|8|1|0|0|408000|756|6048161|444483
1200000|1|6000|8|1|1|2|408000|756|6048161|353177
1200000|1|6000|8|1|0|0|408000|757|6056161|445174
1200000|1|6000|8|1|1|2|408000|757|6056161|352849
1200000|1|6000|8|1|0|0|408000|758|6064161|445425
1200000|1|6000|8|1|1|2|408000|758|6064161|352521
1200000|1|6000|8|1|0|0|408000|759|6072160|445748
1200000|1|6000|8|1|1|2|408000|759|6072160|352398
1200000|1|6000|8|1|0|0|408000|760|6080160|445752
1200000|1|6000|8|1|1|2|408000|760|6080160|353300
1200000|1|6000|8|1|0|0|408000|761|6088161|445504
1200000|1|6000|8|1|1|2|408000|761|6088161|353751
1200000|1|6000|8|1|0|0|408000|762|6096162|445792
1200000|1|6000|8|1|1|2|408000|762|6096162|353997
1200000|1|6000|8|1|0|0|408000|763|6104162|445424
1200000|1|6000|8|1|1|2|408000|763|6104162|354735
1200000|1|6000|8|1|0|0|408000|764|6112163|445464
1200000|1|6000|8|1|1|2|408000|764|6112163|354981
1200000|1|6000|8|1|0|0|408000|765|6120164|445054
1200000|1|6000|8|1|1|2|408000|765|6120164|355596
1200000|1|6000|8|1|0|0|408000|766|6128165|445711
1200000|1|6000|8|1|1|2|408000|766|6128165|355186
1200000|1|6000|8|1|0|0|408000|767|6136165|445502
1200000|1|6000|8|1|1|2|408000|767|6136165|355514
1200000|1|6000|8|1|0|0|408000|768|6144165|446366
1200000|1|6000|8|1|1|2|408000|768|6144165|355186
1200000|1|6000|8|1|0|0|408000|769|6152166|446407
1200000|1|6000|8|1|1|2|408000|769|6152166|355678
1200000|1|6000|8|1|0|0|408000|770|6160166|446693
1200000|1|6000|8|1|1|2|408000|770|6160166|356006
1200000|1|6000|8|1|0|0|408000|771|6168167|446860
1200000|1|6000|8|1|1|2|408000|771|6168167|356785
1200000|1|6000|8|1|0|0|408000|772|6176168|447146
1200000|1|6000|8|1|1|2|408000|772|6176168|357400
1200000|1|6000|8|1|0|0|408000|773|6184169|447311
1200000|1|6000|8|1|1|2|408000|773|6184169|357728
1200000|1|6000|8|1|0|0|408000|774|6192169|447187
1200000|1|6000|8|1|1|2|408000|774|6192169|358343
1200000|1|6000|8|1|0|0|408000|775|6200171|447680
1200000|1|6000|8|1|1|2|408000|775|6200171|358671
1200000|1|6000|8|1|0|0|408000|776|6208171|448170
1200000|1|6000|8|1|1|2|408000|776|6208171|358835
1200000|1|6000|8|1|0|0|408000|777|6216171|448455
1200000|1|6000|8|1|1|2|408000|777|6216171|358671
1200000|1|6000|8|1|0|0|408000|778|6224172|448171
1200000|1|6000|8|1|1|2|408000|778|6224172|359163
1200000|1|6000|8|1|0|0|408000|779|6232172|448126
1200000|1|6000|8|1|1|2|408000|779|6232172|359163
1200000|1|6000|8|1|0|0|408000|780|6240173|447839
1200000|1|6000|8|1|1|2|408000|780|6240173|359860
1200000|1|6000|8|1|0|0|408000|781|6248173|447926
1200000|1|6000|8|1|1|2|408000|781|6248173|359614
1200000|1|6000|8|1|0|0|408000|782|6256174|447310
1200000|1|6000|8|1|1|2|408000|782|6256174|360147
1200000|1|6000|8|1|0|0|408000|783|6264174|446982
1200000|1|6000|8|1|1|2|408000|783|6264174|360024
1200000|1|6000|8|1|0|0|408000|784|6272175|446572
1200000|1|6000|8|1|1|2|408000|784|6272175|360844
1200000|1|6000|8|1|0|0|408000|785|6280176|446163
1200000|1|6000|8|1|1|2|408000|785|6280176|361090
1200000|1|6000|8|1|0|0|408000|786|6288177|445426
1200000|1|6000|8|1|1|2|408000|786|6288177|361705
1200000|1|6000|8|1|0|0|408000|787|6296178|445463
1200000|1|6000|8|1|1|2|408000|787|6296178|361828
1200000|1|6000|8|1|0|0|408000|788|6304178|445956
1200000|1|6000|8|1|1|2|408000|788|6304178|362484
1200000|1|6000|8|1|0|0|408000|789|6312179|446245
1200000|1|6000|8|1|1|2|408000|789|6312179|362279
1200000|1|6000|8|1|0|0|408000|790|6320179|446490
1200000|1|6000|8|1|1|2|408000|790|6320179|362730
1200000|1|6000|8|1|0|0|408000|791|6328179|446694
1200000|1|6000|8|1|1|2|408000|791|6328179|363017
1200000|1|6000|8|1|0|0|408000|792|6336179|447189
1200000|1|6000|8|1|1|2|408000|792|6336179|363017
1200000|1|6000|8|1|0|0|408000|793|6344180|446696
1200000|1|6000|8|1|1|2|408000|793|6344180|363468
1200000|1|6000|8|1|0|0|408000|794|6352182|446900
1200000|1|6000|8|1|1|2|408000|794|6352182|363509
1200000|1|6000|8|1|0|0|408000|795|6360182|446490
1200000|1|6000|8|1|1|2|408000|795|6360182|363960
1200000|1|6000|8|1|0|0|408000|796|6368184|447270
1200000|1|6000|8|1|1|2|408000|796|6368184|364206
1200000|1|6000|8|1|0|0|408000|797|6376184|447023
1200000|1|6000|8|1|1|2|408000|797|6376184|364452
1200000|1|6000|8|1|0|0|408000|798|6384185|447556
1200000|1|6000|8|1|1|2|408000|798|6384185|363509
1200000|1|6000|8|1|0|0|408000|799|6392184|447310
1200000|1|6000|8|1|1|2|408000|799|6392184|362853
1200000|1|6000|8|1|0|0|408000|800|6400183|447925
1200000|1|6000|8|1|1|2|408000|800|6400183|362361
1200000|1|6000|8|1|0|0|408000|801|6408183|448454
1200000|1|6000|8|1|1|2|408000|801|6408183|362074
1200000|1|6000|8|1|0|0|408000|802|6416183|448907
1200000|1|6000|8|1|1|2|408000|802|6416183|361992
1200000|1|6000|8|1|0|0|408000|803|6424182|448540
1200000|1|6000|8|1|1|2|408000|803|6424182|361500
1200000|1|6000|8|1|0|0|408000|804|6432182|448704
1200000|1|6000|8|1|1|2|408000|804|6432182|360844
1200000|1|6000|8|1|0|0|408000|805|6440181|449400
1200000|1|6000|8|1|1|2|408000|805|6440181|360516
1200000|1|6000|8|1|0|0|408000|806|6448180|449974
1200000|1|6000|8|1|1|2|408000|806|6448180|361254
1200000|1|6000|8|1|0|0|408000|807|6456180|450345
1200000|1|6000|8|1|1|2|408000|807|6456180|361500
1200000|1|6000|8|1|0|0|408000|808|6464180|450632
1200000|1|6000|8|1|1|2|408000|808|6464180|362320
1200000|1|6000|8|1|0|0|408000|809|6472180|450631
1200000|1|6000|8|1|1|2|408000|809|6472180|361910
1200000|1|6000|8|1|0|0|408000|810|6480179|449728
1200000|1|6000|8|1|1|2|408000|810|6480179|362648
1200000|1|6000|8|1|0|0|408000|811|6488179|449483
1200000|1|6000|8|1|1|2|408000|811|6488179|362730
1200000|1|6000|8|1|0|0|408000|812|6496179|448704
1200000|1|6000|8|1|1|2|408000|812|6496179|363263
1200000|1|6000|8|1|0|0|408000|813|6504179|448209
1200000|1|6000|8|1|1|2|408000|813|6504179|361951
1200000|1|6000|8|1|0|0|408000|814|6512178|447598
1200000|1|6000|8|1|1|2|408000|814|6512178|361295
1200000|1|6000|8|1|0|0|408000|815|6520178|447557
1200000|1|6000|8|1|1|2|408000|815|6520178|359942
1200000|1|6000|8|1|0|0|408000|816|6528176|447105
1200000|1|6000|8|1|1|2|408000|816|6528176|359286
1200000|1|6000|8|1|0|0|408000|817|6536176|447597
1200000|1|6000|8|1|1|2|408000|817|6536176|358548
1200000|1|6000|8|1|0|0|408000|818|6544175|447063
1200000|1|6000|8|1|1|2|408000|818|6544175|357851
1200000|1|6000|8|1|0|0|408000|819|6552174|446650
1200000|1|6000|8|1|1|2|408000|819|6552174|357851
1200000|1|6000|8|1|0|0|408000|820|6560174|446326
1200000|1|6000|8|1|1|2|408000|820|6560174|358753
1200000|1|6000|8|1|0|0|408000|821|6568176|446038
1200000|1|6000|8|1|1|2|408000|821|6568176|359532
1200000|1|6000|8|1|0|0|408000|822|6576176|445507
1200000|1|6000|8|1|1|2|408000|822|6576176|360147
1200000|1|6000|8|1|0|0|408000|823|6584177|445053
1200000|1|6000|8|1|1|2|408000|823|6584177|361090
1200000|1|6000|8|1|0|0|408000|824|6592178|444559
1200000|1|6000|8|1|1|2|408000|824|6592178|360967
1200000|1|6000|8|1|0|0|408000|825|6600178|444195
1200000|1|6000|8|1|1|2|408000|825|6600178|362115
1200000|1|6000|8|1|0|0|408000|826|6608179|443701
1200000|1|6000|8|1|1|2|408000|826|6608179|361828
1200000|1|6000|8|1|0|0|408000|827|6616179|442594
1200000|1|6000|8|1|1|2|408000|827|6616179|362853
1200000|1|6000|8|1|0|0|408000|828|6624181|441689
1200000|1|6000|8|1|1|2|408000|828|6624181|362525
1200000|1|6000|8|1|0|0|408000|829|6632181|440913
1200000|1|6000|8|1|1|2|408000|829|6632181|363673
1200000|1|6000|8|1|0|0|408000|830|6640183|440300
1200000|1|6000|8|1|1|2|408000|830|6640183|364657
1200000|1|6000|8|1|0|0|408000|831|6648185|439806
1200000|1|6000|8|1|1|2|408000|831|6648185|364780
1200000|1|6000|8|1|0|0|408000|832|6656185|438619
1200000|1|6000|8|1|1|2|408000|832|6656185|366297
1200000|1|6000|8|1|0|0|408000|833|6664187|437633
1200000|1|6000|8|1|1|2|408000|833|6664187|366338
1200000|1|6000|8|1|0|0|408000|834|6672188|438043
1200000|1|6000|8|1|1|2|408000|834|6672188|367404
1200000|1|6000|8|1|0|0|408000|835|6680189|438045
1200000|1|6000|8|1|1|2|408000|835|6680189|367527
1200000|1|6000|8|1|0|0|408000|836|6688189|437142
1200000|1|6000|8|1|1|2|408000|836|6688189|368265
1200000|1|6000|8|1|0|0|408000|837|6696190|436321
1200000|1|6000|8|1|1|2|408000|837|6696190|368716
1200000|1|6000|8|1|0|0|408000|838|6704191|435258
1200000|1|6000|8|1|1|2|408000|838|6704191|369536
1200000|1|6000|8|1|0|0|408000|839|6712192|435051
1200000|1|6000|8|1|1|2|408000|839|6712192|369905
1200000|1|6000|8|1|0|0|408000|840|6720193|434969
1200000|1|6000|8|1|1|2|408000|840|6720193|370233
1200000|1|6000|8|1|0|0|408000|841|6728194|435543
1200000|1|6000|8|1|1|2|408000|841|6728194|370725
1200000|1|6000|8|1|0|0|408000|842|6736195|435093
1200000|1|6000|8|1|1|2|408000|842|6736195|370684
1200000|1|6000|8|1|0|0|408000|843|6744195|435337
1200000|1|6000|8|1|1|2|408000|843|6744195|370192
1200000|1|6000|8|1|0|0|408000|844|6752194|435297
1200000|1|6000|8|1|1|2|408000|844|6752194|370233
1200000|1|6000|8|1|0|0|408000|845|6760194|435216
1200000|1|6000|8|1|1|2|408000|845|6760194|370274
1200000|1|6000|8|1|0|0|408000|846|6768193|435049
1200000|1|6000|8|1|1|2|408000|846|6768193|369946
1200000|1|6000|8|1|0|0|408000|847|6776193|435580
1200000|1|6000|8|1|1|2|408000|847|6776193|369782
1200000|1|6000|8|1|0|0|408000|848|6784192|435706
1200000|1|6000|8|1|1|2|408000|848|6784192|369618
1200000|1|6000|8|1|0|0|408000|849|6792192|435215
1200000|1|6000|8|1|1|2|408000|849|6792192|370397
1200000|1|6000|8|1|0|0|408000|850|6800192|434887
1200000|1|6000|8|1|1|2|408000|850|6800192|372242
1200000|1|6000|8|1|0|0|408000|851|6808195|434803
1200000|1|6000|8|1|1|2|408000|851|6808195|373841
1200000|1|6000|8|1|0|0|408000|852|6816197|434640
1200000|1|6000|8|1|1|2|408000|852|6816197|374743
1200000|1|6000|8|1|0|0|408000|853|6824199|434191
1200000|1|6000|8|1|1|2|408000|853|6824199|375604
1200000|1|6000|8|1|0|0|408000|854|6832200|433943
1200000|1|6000|8|1|1|2|408000|854|6832200|376096
1200000|1|6000|8|1|0|0|408000|855|6840201|433575
1200000|1|6000|8|1|1|2|408000|855|6840201|377244
1200000|1|6000|8|1|0|0|408000|856|6848202|434353
1200000|1|6000|8|1|1|2|408000|856|6848202|376916
1200000|1|6000|8|1|0|0|408000|857|6856201|434763
1200000|1|6000|8|1|1|2|408000|857|6856201|378310
1200000|1|6000|8|1|0|0|408000|858|6864203|435212
1200000|1|6000|8|1|1|2|408000|858|6864203|378310
1200000|1|6000|8|1|0|0|408000|859|6872203|435091
1200000|1|6000|8|1|1|2|408000|859|6872203|379048
1200000|1|6000|8|1|0|0|408000|860|6880204|435254
1200000|1|6000|8|1|1|2|408000|860|6880204|379376
1200000|1|6000|8|1|0|0|408000|861|6888205|435298
1200000|1|6000|8|1|1|2|408000|861|6888205|379663
1200000|1|6000|8|1|0|0|408000|862|6896205|435378
1200000|1|6000|8|1|1|2|408000|862|6896205|380237
1200000|1|6000|8|1|0|0|408000|863|6904206|434968
1200000|1|6000|8|1|1|2|408000|863|6904206|380442
1200000|1|6000|8|1|0|0|408000|864|6912207|434434
1200000|1|6000|8|1|1|2|408000|864|6912207|380975
1200000|1|6000|8|1|0|0|408000|865|6920208|434599
1200000|1|6000|8|1|1|2|408000|865|6920208|379950
1200000|1|6000|8|1|0|0|408000|866|6928206|434559
1200000|1|6000|8|1|1|2|408000|866|6928206|379253
1200000|1|6000|8|1|0|0|408000|867|6936206|435173
1200000|1|6000|8|1|1|2|408000|867|6936206|378269
1200000|1|6000|8|1|0|0|408000|868|6944206|435298
1200000|1|6000|8|1|1|2|408000|868|6944206|377859
1200000|1|6000|8|1|0|0|408000|869|6952206|435460
1200000|1|6000|8|1|1|2|408000|869|6952206|377326
1200000|1|6000|8|1|0|0|408000|870|6960206|435749
1200000|1|6000|8|1|1|2|408000|870|6960206|376547
1200000|1|6000|8|1|0|0|408000|871|6968206|436445
1200000|1|6000|8|1|1|2|408000|871|6968206|375891
1200000|1|6000|8|1|0|0|408000|872|6976205|436651
1200000|1|6000|8|1|1|2|408000|872|6976205|375235
1200000|1|6000|8|1|0|0|408000|873|6984205|436897
1200000|1|6000|8|1|1|2|408000|873|6984205|375358
1200000|1|6000|8|1|0|0|408000|874|6992204|436650
1200000|1|6000|8|1|1|2|408000|874|6992204|374579
1200000|1|6000|8|1|0|0|408000|875|7000204|436609
1200000|1|6000|8|1|1|2|408000|875|7000204|374169
1200000|1|6000|8|1|0|0|408000|876|7008203|436445
1200000|1|6000|8|1|1|2|408000|876|7008203|372898
1200000|1|6000|8|1|0|0|408000|877|7016202|437100
1200000|1|6000|8|1|1|2|408000|877|7016202|372201
1200000|1|6000|8|1|0|0|408000|878|7024202|437756
1200000|1|6000|8|1|1|2|408000|878|7024202|371586
1200000|1|6000|8|1|0|0|408000|879|7032201|438741
1200000|1|6000|8|1|1|2|408000|879|7032201|370520
1200000|1|6000|8|1|0|0|408000|880|7040201|439723
1200000|1|6000|8|1|1|2|408000|880|7040201|369167
1200000|1|6000|8|1|0|0|408000|881|7048201|440749
1200000|1|6000|8|1|1|2|408000|881|7048201|368388
1200000|1|6000|8|1|0|0|408000|882|7056201|441406
1200000|1|6000|8|1|1|2|408000|882|7056201|367609
1200000|1|6000|8|1|0|0|408000|883|7064200|442227
1200000|1|6000|8|1|1|2|408000|883|7064200|366994
1200000|1|6000|8|1|0|0|408000|884|7072200|442594
1200000|1|6000|8|1|1|2|408000|884|7072200|366051
1200000|1|6000|8|1|0|0|408000|885|7080199|442431
1200000|1|6000|8|1|1|2|408000|885|7080199|365723
1200000|1|6000|8|1|0|0|408000|886|7088199|442759
1200000|1|6000|8|1|1|2|408000|886|7088199|364411
1200000|1|6000|8|1|0|0|408000|887|7096199|443128
1200000|1|6000|8|1|1|2|408000|887|7096199|364944
1200000|1|6000|8|1|0|0|408000|888|7104200|443334
1200000|1|6000|8|1|1|2|408000|888|7104200|364944
1200000|1|6000|8|1|0|0|408000|889|7112200|443702
1200000|1|6000|8|1|1|2|408000|889|7112200|365272
1200000|1|6000|8|1|0|0|408000|890|7120201|444111
1200000|1|6000|8|1|1|2|408000|890|7120201|365723
1200000|1|6000|8|1|0|0|408000|891|7128202|444194
1200000|1|6000|8|1|1|2|408000|891|7128202|366010
1200000|1|6000|8|1|0|0|408000|892|7136203|444973
1200000|1|6000|8|1|1|2|408000|892|7136203|366338
1200000|1|6000|8|1|0|0|408000|893|7144204|445095
1200000|1|6000|8|1|1|2|408000|893|7144204|366092
1200000|1|6000|8|1|0|0|408000|894|7152205|445424
1200000|1|6000|8|1|1|2|408000|894|7152205|366297
1200000|1|6000|8|1|0|0|408000|895|7160205|444847
1200000|1|6000|8|1|1|2|408000|895|7160205|365969
1200000|1|6000|8|1|0|0|408000|896|7168205|444971
1200000|1|6000|8|1|1|2|408000|896|7168205|365518
1200000|1|6000|8|1|0|0|408000|897|7176205|444521
1200000|1|6000|8|1|1|2|408000|897|7176205|365518
1200000|1|6000|8|1|0|0|408000|898|7184205|444809
1200000|1|6000|8|1|1|2|408000|898|7184205|365805
1200000|1|6000|8|1|0|0|408000|899|7192205|444070
1200000|1|6000|8|1|1|2|408000|899|7192205|366010
1200000|1|6000|8|1|0|0|408000|900|7200206|443906
1200000|1|6000|8|1|1|2|408000|900|7200206|366092
1200000|1|6000|8|1|0|0|408000|901|7208206|443373
1200000|1|6000|8|1|1|2|408000|901|7208206|366133
1200000|1|6000|8|1|0|0|408000|902|7216206|442509
1200000|1|6000|8|1|1|2|408000|902|7216206|366215
1200000|1|6000|8|1|0|0|408000|903|7224206|441776
1200000|1|6000|8|1|1|2|408000|903|7224206|366092
1200000|1|6000|8|1|0|0|408000|904|7232206|440504
1200000|1|6000|8|1|1|2|408000|904|7232206|364739
1200000|1|6000|8|1|0|0|408000|905|7240206|439971
1200000|1|6000|8|1|1|2|408000|905|7240206|365436
1200000|1|6000|8|1|0|0|408000|906|7248207|439150
1200000|1|6000|8|1|1|2|408000|906|7248207|364698
1200000|1|6000|8|1|0|0|408000|907|7256207|438946
1200000|1|6000|8|1|1|2|408000|907|7256207|364780
1200000|1|6000|8|1|0|0|408000|908|7264207|438412
1200000|1|6000|8|1|1|2|408000|908|7264207|364329
1200000|1|6000|8|1|0|0|408000|909|7272207|438086
1200000|1|6000|8|1|1|2|408000|909|7272207|364657
1200000|1|6000|8|1|0|0|408000|910|7280208|437962
1200000|1|6000|8|1|1|2|408000|910|7280208|364329
1200000|1|6000|8|1|0|0|408000|911|7288207|437753
1200000|1|6000|8|1|1|2|408000|911|7288207|364616
1200000|1|6000|8|1|0|0|408000|912|7296208|437304
1200000|1|6000|8|1|1|2|408000|912|7296208|364780
1200000|1|6000|8|1|0|0|408000|913|7304208|436774
1200000|1|6000|8|1|1|2|408000|913|7304208|363960
1200000|1|6000|8|1|0|0|408000|914|7312208|436364
1200000|1|6000|8|1|1|2|408000|914|7312208|364001
1200000|1|6000|8|1|0|0|408000|915|7320209|436567
1200000|1|6000|8|1|1|2|408000|915|7320209|363468
1200000|1|6000|8|1|0|0|408000|916|7328209|437018
1200000|1|6000|8|1|1|2|408000|916|7328209|362976
1200000|1|6000|8|1|0|0|408000|917|7336209|437634
1200000|1|6000|8|1|1|2|408000|917|7336209|362033
1200000|1|6000|8|1|0|0|408000|918|7344208|438245
1200000|1|6000|8|1|1|2|408000|918|7344208|361295
1200000|1|6000|8|1|0|0|408000|919|7352207|439107
1200000|1|6000|8|1|1|2|408000|919|7352207|360475
1200000|1|6000|8|1|0|0|408000|920|7360206|439889
1200000|1|6000|8|1|1|2|408000|920|7360206|359778
1200000|1|6000|8|1|0|0|408000|921|7368205|440997
1200000|1|6000|8|1|1|2|408000|921|7368205|359040
1200000|1|6000|8|1|0|0|408000|922|7376204|440956
1200000|1|6000|8|1|1|2|408000|922|7376204|358056
1200000|1|6000|8|1|0|0|408000|923|7384204|441571
1200000|1|6000|8|1|1|2|408000|923|7384204|357195
1200000|1|6000|8|1|0|0|408000|924|7392202|441695
1200000|1|6000|8|1|1|2|408000|924|7392202|356867
1200000|1|6000|8|1|0|0|408000|925|7400203|441649
1200000|1|6000|8|1|1|2|408000|925|7400203|357277
1200000|1|6000|8|1|0|0|408000|926|7408203|442428
1200000|1|6000|8|1|1|2|408000|926|7408203|357072
1200000|1|6000|8|1|0|0|408000|927|7416204|443536
1200000|1|6000|8|1|1|2|408000|927|7416204|356703
1200000|1|6000|8|1|0|0|408000|928|7424204|444769
1200000|1|6000|8|1|1|2|408000|928|7424204|357154
1200000|1|6000|8|1|0|0|408000|929|7432205|445302
1200000|1|6000|8|1|1|2|408000|929|7432205|357072
1200000|1|6000|8|1|0|0|408000|930|7440206|445503
1200000|1|6000|8|1|1|2|408000|930|7440206|357359
1200000|1|6000|8|1|0|0|408000|931|7448206|444727
1200000|1|6000|8|1|1|2|408000|931|7448206|356867
1200000|1|6000|8|1|0|0|408000|932|7456206|444482
1200000|1|6000|8|1|1|2|408000|932|7456206|356375
1200000|1|6000|8|1|0|0|408000|933|7464205|443661
1200000|1|6000|8|1|1|2|408000|933|7464205|356170
1200000|1|6000|8|1|0|0|408000|934|7472205|443579
1200000|1|6000|8|1|1|2|408000|934|7472205|355801
1200000|1|6000|8|1|0|0|408000|935|7480204|443455
1200000|1|6000|8|1|1|2|408000|935|7480204|355883
1200000|1|6000|8|1|0|0|408000|936|7488205|443579
1200000|1|6000|8|1|1|2|408000|936|7488205|355719
1200000|1|6000|8|1|0|0|408000|937|7496204|444072
1200000|1|6000|8|1|1|2|408000|937|7496204|355965
1200000|1|6000|8|1|0|0|408000|938|7504205|444108
1200000|1|6000|8|1|1|2|408000|938|7504205|355637
1200000|1|6000|8|1|0|0|408000|939|7512204|445179
1200000|1|6000|8|1|1|2|408000|939|7512204|356088
1200000|1|6000|8|1|0|0|408000|940|7520205|445506
1200000|1|6000|8|1|1|2|408000|940|7520205|356457
1200000|1|6000|8|1|0|0|408000|941|7528206|446203
1200000|1|6000|8|1|1|2|408000|941|7528206|355842
1200000|1|6000|8|1|0|0|408000|942|7536206|446203
1200000|1|6000|8|1|1|2|408000|942|7536206|355637
1200000|1|6000|8|1|0|0|408000|943|7544206|446978
1200000|1|6000|8|1|1|2|408000|943|7544206|355760
1200000|1|6000|8|1|0|0|408000|944|7552206|446695
1200000|1|6000|8|1|1|2|408000|944|7552206|355268
1200000|1|6000|8|1|0|0|408000|945|7560207|446941
1200000|1|6000|8|1|1|2|408000|945|7560207|354653
1200000|1|6000|8|1|0|0|408000|946|7568207|446203
1200000|1|6000|8|1|1|2|408000|946|7568207|354284
1200000|1|6000|8|1|0|0|408000|947|7576207|445793
1200000|1|6000|8|1|1|2|408000|947|7576207|352726
1200000|1|6000|8|1|0|0|408000|948|7584205|445546
1200000|1|6000|8|1|1|2|408000|948|7584205|351988
1200000|1|6000|8|1|0|0|408000|949|7592204|445055
1200000|1|6000|8|1|1|2|408000|949|7592204|350225
1200000|1|6000|8|1|0|0|408000|950|7600202|444809
1200000|1|6000|8|1|1|2|408000|950|7600202|349692
1200000|1|6000|8|1|0|0|408000|951|7608202|444194
1200000|1|6000|8|1|1|2|408000|951|7608202|347683
1200000|1|6000|8|1|0|0|408000|952|7616200|444195
1200000|1|6000|8|1|1|2|408000|952|7616200|347191
1200000|1|6000|8|1|0|0|408000|953|7624200|444112
1200000|1|6000|8|1|1|2|408000|953|7624200|345879
1200000|1|6000|8|1|0|0|408000|954|7632199|444849
1200000|1|6000|8|1|1|2|408000|954|7632199|344321
1200000|1|6000|8|1|0|0|408000|955|7640198|445465
1200000|1|6000|8|1|1|2|408000|955|7640198|343050
1200000|1|6000|8|1|0|0|408000|956|7648197|446078
1200000|1|6000|8|1|1|2|408000|956|7648197|341410
1200000|1|6000|8|1|0|0|408000|957|7656196|446202
1200000|1|6000|8|1|1|2|408000|957|7656196|340549
1200000|1|6000|8|1|0|0|408000|958|7664195|446527
1200000|1|6000|8|1|1|2|408000|958|7664195|339893
1200000|1|6000|8|1|0|0|408000|959|7672195|446244
1200000|1|6000|8|1|1|2|408000|959|7672195|338581
1200000|1|6000|8|1|0|0|408000|960|7680194|446613
1200000|1|6000|8|1|1|2|408000|960|7680194|337884
1200000|1|6000|8|1|0|0|408000|961|7688193|446487
1200000|1|6000|8|1|1|2|408000|961|7688193|336244
1200000|1|6000|8|1|0|0|408000|962|7696193|446243
1200000|1|6000|8|1|1|2|408000|962|7696193|336244
1200000|1|6000|8|1|0|0|408000|963|7704193|446408
1200000|1|6000|8|1|1|2|408000|963|7704193|335588
1200000|1|6000|8|1|0|0|408000|964|7712193|445953
1200000|1|6000|8|1|1|2|408000|964|7712193|335055
1200000|1|6000|8|1|0|0|408000|965|7720194|446327
1200000|1|6000|8|1|1|2|408000|965|7720194|334358
1200000|1|6000|8|1|0|0|408000|966|7728193|445503
1200000|1|6000|8|1|1|2|408000|966|7728193|333907
1200000|1|6000|8|1|0|0|408000|967|7736194|445872
1200000|1|6000|8|1|1|2|408000|967|7736194|333210
1200000|1|6000|8|1|0|0|408000|968|7744194|445748
1200000|1|6000|8|1|1|2|408000|968|7744194|332595
1200000|1|6000|8|1|0|0|408000|969|7752194|446490
1200000|1|6000|8|1|1|2|408000|969|7752194|332308
1200000|1|6000|8|1|0|0|408000|970|7760195|446696
1200000|1|6000|8|1|1|2|408000|970|7760195|331857
1200000|1|6000|8|1|0|0|408000|971|7768195|447268
1200000|1|6000|8|1|1|2|408000|971|7768195|332103
1200000|1|6000|8|1|0|0|408000|972|7776195|447597
1200000|1|6000|8|1|1|2|408000|972|7776195|332021
1200000|1|6000|8|1|0|0|408000|973|7784194|448377
1200000|1|6000|8|1|1|2|408000|973|7784194|331980
1200000|1|6000|8|1|0|0|408000|974|7792194|448701
1200000|1|6000|8|1|1|2|408000|974|7792194|332103
1200000|1|6000|8|1|0|0|408000|975|7800195|449566
1200000|1|6000|8|1|1|2|408000|975|7800195|332062
1200000|1|6000|8|1|0|0|408000|976|7808195|449360
1200000|1|6000|8|1|1|2|408000|976|7808195|332062
1200000|1|6000|8|1|0|0|408000|977|7816194|449073
1200000|1|6000|8|1|1|2|408000|977|7816194|332349
1200000|1|6000|8|1|0|0|408000|978|7824195|449115
1200000|1|6000|8|1|1|2|408000|978|7824195|332800
1200000|1|6000|8|1|0|0|408000|979|7832195|449361
1200000|1|6000|8|1|1|2|408000|979|7832195|332595
1200000|1|6000|8|1|0|0|408000|980|7840195|449688
1200000|1|6000|8|1|1|2|408000|980|7840195|332841
1200000|1|6000|8|1|0|0|408000|981|7848195|449401
1200000|1|6000|8|1|1|2|408000|981|7848195|333046
1200000|1|6000|8|1|0|0|408000|982|7856195|449975
1200000|1|6000|8|1|1|2|408000|982|7856195|333415
1200000|1|6000|8|1|0|0|408000|983|7864195|450550
1200000|1|6000|8|1|1|2|408000|983|7864195|333128
1200000|1|6000|8|1|0|0|408000|984|7872195|451000
1200000|1|6000|8|1|1|2|408000|984|7872195|333292
1200000|1|6000|8|1|0|0|408000|985|7880195|451038
1200000|1|6000|8|1|1|2|408000|985|7880195|333251
1200000|1|6000|8|1|0|0|408000|986|7888195|450961
1200000|1|6000|8|1|1|2|408000|986|7888195|333005
1200000|1|6000|8|1|0|0|408000|987|7896196|451042
1200000|1|6000|8|1|1|2|408000|987|7896196|332267
1200000|1|6000|8|1|0|0|408000|988|7904195|451042
1200000|1|6000|8|1|1|2|408000|988|7904195|331652
1200000|1|6000|8|1|0|0|408000|989|7912196|450834
1200000|1|6000|8|1|1|2|408000|989|7912196|330996
1200000|1|6000|8|1|0|0|408000|990|7920196|450956
1200000|1|6000|8|1|1|2|408000|990|7920196|331201
1200000|1|6000|8|1|0|0|408000|991|7928196|450671
1200000|1|6000|8|1|1|2|408000|991|7928196|330709
1200000|1|6000|8|1|0|0|408000|992|7936196|450673
1200000|1|6000|8|1|1|2|408000|992|7936196|330832
1200000|1|6000|8|1|0|0|408000|993|7944197|450342
1200000|1|6000|8|1|1|2|408000|993|7944197|332226
1200000|1|6000|8|1|0|0|408000|994|7952199|450139
1200000|1|6000|8|1|1|2|408000|994|7952199|333497
1200000|1|6000|8|1|0|0|408000|995|7960200|450344
1200000|1|6000|8|1|1|2|408000|995|7960200|334030
1200000|1|6000|8|1|0|0|408000|996|7968201|450304
1200000|1|6000|8|1|1|2|408000|996|7968201|334235
1200000|1|6000|8|1|0|0|408000|997|7976201|450591
1200000|1|6000|8|1|1|2|408000|997|7976201|334850
1200000|1|6000|8|1|0|0|408000|998|7984203|450715
1200000|1|6000|8|1|1|2|408000|998|7984203|335178
1200000|1|6000|8|1|0|0|408000|999|7992203|450755
1200000|1|6000|8|1|1|2|408000|999|7992203|335137
1200000|1|6000|8|1|0|0|408000|1000|8000204|450836
1200000|1|6000|8|1|1|2|408000|1000|8000204|335014
1200000|1|6000|8|1|0|0|408000|1001|8008204|451244
1200000|1|6000|8|1|1|2|408000|1001|8008204|334973
1200000|1|6000|8|1|0|0|408000|1002|8016205|450919
1200000|1|6000|8|1|1|2|408000|1002|8016205|335670
1200000|1|6000|8|1|0|0|408000|1003|8024206|451163
1200000|1|6000|8|1|1|2|408000|1003|8024206|336080
1200000|1|6000|8|1|0|0|408000|1004|8032207|451041
1200000|1|6000|8|1|1|2|408000|1004|8032207|337269
1200000|1|6000|8|1|0|0|408000|1005|8040209|450959
1200000|1|6000|8|1|1|2|408000|1005|8040209|337761
1200000|1|6000|8|1|0|0|408000|1006|8048210|450345
1200000|1|6000|8|1|1|2|408000|1006|8048210|338458
1200000|1|6000|8|1|0|0|408000|1007|8056211|450304
1200000|1|6000|8|1|1|2|408000|1007|8056211|337925
1200000|1|6000|8|1|0|0|408000|1008|8064211|450261
1200000|1|6000|8|1|1|2|408000|1008|8064211|338663
1200000|1|6000|8|1|0|0|408000|1009|8072211|449974
1200000|1|6000|8|1|1|2|408000|1009|8072211|338704
1200000|1|6000|8|1|0|0|408000|1010|8080211|449894
1200000|1|6000|8|1|1|2|408000|1010|8080211|338868
1200000|1|6000|8|1|0|0|408000|1011|8088211|449317
1200000|1|6000|8|1|1|2|408000|1011|8088211|339237
1200000|1|6000|8|1|0|0|408000|1012|8096212|449483
1200000|1|6000|8|1|1|2|408000|1012|8096212|338950
1200000|1|6000|8|1|0|0|408000|1013|8104212|449360
1200000|1|6000|8|1|1|2|408000|1013|8104212|339565
1200000|1|6000|8|1|0|0|408000|1014|8112212|449359
1200000|1|6000|8|1|1|2|408000|1014|8112212|338909
1200000|1|6000|8|1|0|0|408000|1015|8120212|449029
1200000|1|6000|8|1|1|2|408000|1015|8120212|338663
1200000|1|6000|8|1|0|0|408000|1016|8128211|449236
1200000|1|6000|8|1|1|2|408000|1016|8128211|337228
1200000|1|6000|8|1|0|0|408000|1017|8136210|448664
1200000|1|6000|8|1|1|2|408000|1017|8136210|336572
1200000|1|6000|8|1|0|0|408000|1018|8144209|448868
1200000|1|6000|8|1|1|2|408000|1018|8144209|335588
1200000|1|6000|8|1|0|0|408000|1019|8152208|448295
1200000|1|6000|8|1|1|2|408000|1019|8152208|334809
1200000|1|6000|8|1|0|0|408000|1020|8160208|448294
1200000|1|6000|8|1|1|2|408000|1020|8160208|333948
1200000|1|6000|8|1|0|0|408000|1021|8168206|448008
1200000|1|6000|8|1|1|2|408000|1021|8168206|333456
1200000|1|6000|8|1|0|0|408000|1022|8176206|448049
1200000|1|6000|8|1|1|2|408000|1022|8176206|333210
1200000|1|6000|8|1|0|0|408000|1023|8184206|448373
1200000|1|6000|8|1|1|2|408000|1023|8184206|333661
1200000|1|6000|8|1|0|0|408000|1024|8192206|448252
1200000|1|6000|8|1|1|2|408000|1024|8192206|334194
1200000|1|6000|8|1|0|0|408000|1025|8200205|448823
1200000|1|6000|8|1|1|2|408000|1025|8200205|334686
1200000|1|6000|8|1|0|0|408000|1026|8208205|449032
1200000|1|6000|8|1|1|2|408000|1026|8208205|334727
1200000|1|6000|8|1|0|0|408000|1027|8216205|449687
1200000|1|6000|8|1|1|2|408000|1027|8216205|335178
1200000|1|6000|8|1|0|0|408000|1028|8224206|450303
1200000|1|6000|8|1|1|2|408000|1028|8224206|335219
1200000|1|6000|8|1|0|0|408000|1029|8232205|450507
1200000|1|6000|8|1|1|2|408000|1029|8232205|335916
1200000|1|6000|8|1|0|0|408000|1030|8240206|450836
1200000|1|6000|8|1|1|2|408000|1030|8240206|335506
1200000|1|6000|8|1|0|0|408000|1031|8248206|450672
1200000|1|6000|8|1|1|2|408000|1031|8248206|335424
1200000|1|6000|8|1|0|0|408000|1032|8256206|450590
1200000|1|6000|8|1|1|2|408000|1032|8256206|336244
1200000|1|6000|8|1|0|0|408000|1033|8264207|450590
1200000|1|6000|8|1|1|2|408000|1033|8264207|336162
1200000|1|6000|8|1|0|0|408000|1034|8272207|450343
1200000|1|6000|8|1|1|2|408000|1034|8272207|337064
1200000|1|6000|8|1|0|0|408000|1035|8280207|450959
1200000|1|6000|8|1|1|2|408000|1035|8280207|336818
1200000|1|6000|8|1|0|0|408000|1036|8288207|450221
1200000|1|6000|8|1|1|2|408000|1036|8288207|337269
1200000|1|6000|8|1|0|0|408000|1037|8296207|450425
1200000|1|6000|8|1|1|2|408000|1037|8296207|337597
1200000|1|6000|8|1|0|0|408000|1038|8304207|450261
1200000|1|6000|8|1|1|2|408000|1038|8304207|339401
1200000|1|6000|8|1|0|0|408000|1039|8312209|450015
1200000|1|6000|8|1|1|2|408000|1039|8312209|339852
1200000|1|6000|8|1|0|0|408000|1040|8320210|450344
1200000|1|6000|8|1|1|2|408000|1040|8320210|340836
1200000|1|6000|8|1|0|0|408000|1041|8328211|450425
1200000|1|6000|8|1|1|2|408000|1041|8328211|340631
1200000|1|6000|8|1|0|0|408000|1042|8336211|451083
1200000|1|6000|8|1|1|2|408000|1042|8336211|340672
1200000|1|6000|8|1|0|0|408000|1043|8344211|451410
1200000|1|6000|8|1|1|2|408000|1043|8344211|340631
1200000|1|6000|8|1|0|0|408000|1044|8352210|451820
1200000|1|6000|8|1|1|2|408000|1044|8352210|341082
1200000|1|6000|8|1|0|0|408000|1045|8360211|452231
1200000|1|6000|8|1|1|2|408000|1045|8360211|341041
1200000|1|6000|8|1|0|0|408000|1046|8368211|452519
1200000|1|6000|8|1|1|2|408000|1046|8368211|341533
1200000|1|6000|8|1|0|0|408000|1047|8376211|452394
1200000|1|6000|8|1|1|2|408000|1047|8376211|342066
1200000|1|6000|8|1|0|0|408000|1048|8384211|452763
1200000|1|6000|8|1|1|2|408000|1048|8384211|342476
1200000|1|6000|8|1|0|0|408000|1049|8392211|452682
1200000|1|6000|8|1|1|2|408000|1049|8392211|343132
1200000|1|6000|8|1|0|0|408000|1050|8400212|453706
1200000|1|6000|8|1|1|2|408000|1050|8400212|343214
1200000|1|6000|8|1|0|0|408000|1051|8408212|454031
1200000|1|6000|8|1|1|2|408000|1051|8408212|343460
1200000|1|6000|8|1|0|0|408000|1052|8416212|455099
1200000|1|6000|8|1|1|2|408000|1052|8416212|344321
1200000|1|6000|8|1|0|0|408000|1053|8424213|455798
1200000|1|6000|8|1|1|2|408000|1053|8424213|344690
1200000|1|6000|8|1|0|0|408000|1054|8432214|456617
1200000|1|6000|8|1|1|2|408000|1054|8432214|344608
1200000|1|6000|8|1|0|0|408000|1055|8440215|456780
1200000|1|6000|8|1|1|2|408000|1055|8440215|344690
1200000|1|6000|8|1|0|0|408000|1056|8448216|457231
1200000|1|6000|8|1|1|2|408000|1056|8448216|344895
1200000|1|6000|8|1|0|0|408000|1057|8456218|457151
1200000|1|6000|8|1|1|2|408000|1057|8456218|344895
1200000|1|6000|8|1|0|0|408000|1058|8464218|457354
1200000|1|6000|8|1|1|2|408000|1058|8464218|345100
1200000|1|6000|8|1|0|0|408000|1059|8472219|457807
1200000|1|6000|8|1|1|2|408000|1059|8472219|344936
1200000|1|6000|8|1|0|0|408000|1060|8480220|457642
1200000|1|6000|8|1|1|2|408000|1060|8480220|345428
1200000|1|6000|8|1|0|0|408000|1061|8488220|458051
1200000|1|6000|8|1|1|2|408000|1061|8488220|346166
1200000|1|6000|8|1|0|0|408000|1062|8496222|457929
1200000|1|6000|8|1|1|2|408000|1062|8496222|346371
1200000|1|6000|8|1|0|0|408000|1063|8504222|458502
1200000|1|6000|8|1|1|2|408000|1063|8504222|346904
1200000|1|6000|8|1|0|0|408000|1064|8512224|458626
1200000|1|6000|8|1|1|2|408000|1064|8512224|347314
1200000|1|6000|8|1|0|0|408000|1065|8520225|459283
1200000|1|6000|8|1|1|2|408000|1065|8520225|347683
1200000|1|6000|8|1|0|0|408000|1066|8528226|458463
1200000|1|6000|8|1|1|2|408000|1066|8528226|347970
1200000|1|6000|8|1|0|0|408000|1067|8536227|458336
1200000|1|6000|8|1|1|2|408000|1067|8536227|347232
1200000|1|6000|8|1|0|0|408000|1068|8544226|457519
1200000|1|6000|8|1|1|2|408000|1068|8544226|347068
1200000|1|6000|8|1|0|0|408000|1069|8552226|457027
1200000|1|6000|8|1|1|2|408000|1069|8552226|347068
1200000|1|6000|8|1|0|0|408000|1070|8560226|456371
1200000|1|6000|8|1|1|2|408000|1070|8560226|347109
1200000|1|6000|8|1|0|0|408000|1071|8568226|455919
1200000|1|6000|8|1|1|2|408000|1071|8568226|347314
1200000|1|6000|8|1|0|0|408000|1072|8576226|456085
1200000|1|6000|8|1|1|2|408000|1072|8576226|347355
1200000|1|6000|8|1|0|0|408000|1073|8584227|455550
1200000|1|6000|8|1|1|2|408000|1073|8584227|347314
1200000|1|6000|8|1|0|0|408000|1074|8592226|456411
1200000|1|6000|8|1|1|2|408000|1074|8592226|347437
1200000|1|6000|8|1|0|0|408000|1075|8600228|456738
1200000|1|6000|8|1|1|2|408000|1075|8600228|347765
1200000|1|6000|8|1|0|0|408000|1076|8608228|457191
1200000|1|6000|8|1|1|2|408000|1076|8608228|346699
1200000|1|6000|8|1|0|0|408000|1077|8616229|456084
1200000|1|6000|8|1|1|2|408000|1077|8616229|346166
1200000|1|6000|8|1|0|0|408000|1078|8624229|456084
1200000|1|6000|8|1|1|2|408000|1078|8624229|345879
1200000|1|6000|8|1|0|0|408000|1079|8632230|455060
1200000|1|6000|8|1|1|2|408000|1079|8632230|345510
1200000|1|6000|8|1|0|0|408000|1080|8640231|454894
1200000|1|6000|8|1|1|2|408000|1080|8640231|345551
1200000|1|6000|8|1|0|0|408000|1081|8648230|454198
1200000|1|6000|8|1|1|2|408000|1081|8648230|344977
1200000|1|6000|8|1|0|0|408000|1082|8656230|454158
1200000|1|6000|8|1|1|2|408000|1082|8656230|343747
1200000|1|6000|8|1|0|0|408000|1083|8664229|453788
1200000|1|6000|8|1|1|2|408000|1083|8664229|343624
1200000|1|6000|8|1|0|0|408000|1084|8672228|453830
1200000|1|6000|8|1|1|2|408000|1084|8672228|343255
1200000|1|6000|8|1|0|0|408000|1085|8680226|453460
1200000|1|6000|8|1|1|2|408000|1085|8680226|343009
1200000|1|6000|8|1|0|0|408000|1086|8688225|452845
1200000|1|6000|8|1|1|2|408000|1086|8688225|342148
1200000|1|6000|8|1|0|0|408000|1087|8696224|453419
1200000|1|6000|8|1|1|2|408000|1087|8696224|341697
1200000|1|6000|8|1|0|0|408000|1088|8704223|453664
1200000|1|6000|8|1|1|2|408000|1088|8704223|341082
1200000|1|6000|8|1|0|0|408000|1089|8712221|453337
1200000|1|6000|8|1|1|2|408000|1089|8712221|341656
1200000|1|6000|8|1|0|0|408000|1090|8720222|452883
1200000|1|6000|8|1|1|2|408000|1090|8720222|341574
1200000|1|6000|8|1|0|0|408000|1091|8728223|453255
1200000|1|6000|8|1|1|2|408000|1091|8728223|342230
1200000|1|6000|8|1|0|0|408000|1092|8736224|453172
1200000|1|6000|8|1|1|2|408000|1092|8736224|342189
1200000|1|6000|8|1|0|0|408000|1093|8744224|453133
1200000|1|6000|8|1|1|2|408000|1093|8744224|342271
1200000|1|6000|8|1|0|0|408000|1094|8752225|452680
1200000|1|6000|8|1|1|2|408000|1094|8752225|342558
1200000|1|6000|8|1|0|0|408000|1095|8760225|452841
1200000|1|6000|8|1|1|2|408000|1095|8760225|342517
1200000|1|6000|8|1|0|0|408000|1096|8768225|453005
1200000|1|6000|8|1|1|2|408000|1096|8768225|342189
1200000|1|6000|8|1|0|0|408000|1097|8776224|452597
1200000|1|6000|8|1|1|2|408000|1097|8776224|341902
1200000|1|6000|8|1|0|0|408000|1098|8784223|452473
1200000|1|6000|8|1|1|2|408000|1098|8784223|342271
1200000|1|6000|8|1|0|0|408000|1099|8792223|452269
1200000|1|6000|8|1|1|2|408000|1099|8792223|341984
1200000|1|6000|8|1|0|0|408000|1100|8800223|452066
1200000|1|6000|8|1|1|2|408000|1100|8800223|342148
1200000|1|6000|8|1|0|0|408000|1101|8808223|451653
1200000|1|6000|8|1|1|2|408000|1101|8808223|342394
1200000|1|6000|8|1|0|0|408000|1102|8816223|451615
1200000|1|6000|8|1|1|2|408000|1102|8816223|341984
1200000|1|6000|8|1|0|0|408000|1103|8824223|450958
1200000|1|6000|8|1|1|2|408000|1103|8824223|341779
1200000|1|6000|8|1|0|0|408000|1104|8832222|450919
1200000|1|6000|8|1|1|2|408000|1104|8832222|342435
1200000|1|6000|8|1|0|0|408000|1105|8840223|451204
1200000|1|6000|8|1|1|2|408000|1105|8840223|342025
1200000|1|6000|8|1|0|0|408000|1106|8848223|451204
1200000|1|6000|8|1|1|2|408000|1106|8848223|341041
1200000|1|6000|8|1|0|0|408000|1107|8856222|451328
1200000|1|6000|8|1|1|2|408000|1107|8856222|339647
1200000|1|6000|8|1|0|0|408000|1108|8864222|451283
1200000|1|6000|8|1|1|2|408000|1108|8864222|340057
1200000|1|6000|8|1|0|0|408000|1109|8872222|451122
1200000|1|6000|8|1|1|2|408000|1109|8872222|338991
1200000|1|6000|8|1|0|0|408000|1110|8880221|450631
1200000|1|6000|8|1|1|2|408000|1110|8880221|338950
1200000|1|6000|8|1|0|0|408000|1111|8888221|450222
1200000|1|6000|8|1|1|2|408000|1111|8888221|338130
1200000|1|6000|8|1|0|0|408000|1112|8896220|449603
1200000|1|6000|8|1|1|2|408000|1112|8896220|338130
1200000|1|6000|8|1|0|0|408000|1113|8904221|449196
1200000|1|6000|8|1|1|2|408000|1113|8904221|338089
1200000|1|6000|8|1|0|0|408000|1114|8912220|448622
1200000|1|6000|8|1|1|2|408000|1114|8912220|338581
1200000|1|6000|8|1|0|0|408000|1115|8920220|447392
1200000|1|6000|8|1|1|2|408000|1115|8920220|339073
1200000|1|6000|8|1|0|0|408000|1116|8928221|446733
1200000|1|6000|8|1|1|2|408000|1116|8928221|339032
1200000|1|6000|8|1|0|0|408000|1117|8936221|446078
1200000|1|6000|8|1|1|2|408000|1117|8936221|338704
1200000|1|6000|8|1|0|0|408000|1118|8944220|445710
1200000|1|6000|8|1|1|2|408000|1118|8944220|338335
1200000|1|6000|8|1|0|0|408000|1119|8952220|445259
1200000|1|6000|8|1|1|2|408000|1119|8952220|338950
1200000|1|6000|8|1|0|0|408000|1120|8960220|445136
1200000|1|6000|8|1|1|2|408000|1120|8960220|338417
1200000|1|6000|8|1|0|0|408000|1121|8968220|444970
1200000|1|6000|8|1|1|2|408000|1121|8968220|338458
1200000|1|6000|8|1|0|0|408000|1122|8976220|444480
1200000|1|6000|8|1|1|2|408000|1122|8976220|338540
1200000|1|6000|8|1|0|0|408000|1123|8984220|444439
1200000|1|6000|8|1|1|2|408000|1123|8984220|339032
1200000|1|6000|8|1|0|0|408000|1124|8992220|443703
1200000|1|6000|8|1|1|2|408000|1124|8992220|338786
1200000|1|6000|8|1|0|0|408000|1125|9000221|444726
1200000|1|6000|8|1|1|2|408000|1125|9000221|339319
1200000|1|6000|8|1|0|0|408000|1126|9008221|444605
1200000|1|6000|8|1|1|2|408000|1126|9008221|338909
1200000|1|6000|8|1|0|0|408000|1127|9016220|445133
1200000|1|6000|8|1|1|2|408000|1127|9016220|339442
1200000|1|6000|8|1|0|0|408000|1128|9024221|445544
1200000|1|6000|8|1|1|2|408000|1128|9024221|338663
1200000|1|6000|8|1|0|0|408000|1129|9032220|445137
1200000|1|6000|8|1|1|2|408000|1129|9032220|337761
1200000|1|6000|8|1|0|0|408000|1130|9040220|445179
1200000|1|6000|8|1|1|2|408000|1130|9040220|337392
1200000|1|6000|8|1|0|0|408000|1131|9048220|445261
1200000|1|6000|8|1|1|2|408000|1131|9048220|336408
1200000|1|6000|8|1|0|0|408000|1132|9056220|445096
1200000|1|6000|8|1|1|2|408000|1132|9056220|336080
1200000|1|6000|8|1|0|0|408000|1133|9064220|445547
1200000|1|6000|8|1|1|2|408000|1133|9064220|335178
1200000|1|6000|8|1|0|0|408000|1134|9072220|445958
1200000|1|6000|8|1|1|2|408000|1134|9072220|335547
1200000|1|6000|8|1|0|0|408000|1135|9080220|446204
1200000|1|6000|8|1|1|2|408000|1135|9080220|335260
1200000|1|6000|8|1|0|0|408000|1136|9088220|446614
1200000|1|6000|8|1|1|2|408000|1136|9088220|335711
1200000|1|6000|8|1|0|0|408000|1137|9096221|446409
1200000|1|6000|8|1|1|2|408000|1137|9096221|335260
1200000|1|6000|8|1|0|0|408000|1138|9104221|446240
1200000|1|6000|8|1|1|2|408000|1138|9104221|335506
1200000|1|6000|8|1|0|0|408000|1139|9112222|446817
1200000|1|6000|8|1|1|2|408000|1139|9112222|335219
1200000|1|6000|8|1|0|0|408000|1140|9120222|446285
1200000|1|6000|8|1|1|2|408000|1140|9120222|334276
1200000|1|6000|8|1|0|0|408000|1141|9128222|446654
1200000|1|6000|8|1|1|2|408000|1141|9128222|333374
1200000|1|6000|8|1|0|0|408000|1142|9136221|445915
1200000|1|6000|8|1|1|2|408000|1142|9136221|333210
1200000|1|6000|8|1|0|0|408000|1143|9144222|446530
1200000|1|6000|8|1|1|2|408000|1143|9144222|333743
1200000|1|6000|8|1|0|0|408000|1144|9152222|446039
1200000|1|6000|8|1|1|2|408000|1144|9152222|333784
1200000|1|6000|8|1|0|0|408000|1145|9160222|445916
1200000|1|6000|8|1|1|2|408000|1145|9160222|334932
1200000|1|6000|8|1|0|0|408000|1146|9168223|445465
1200000|1|6000|8|1|1|2|408000|1146|9168223|335260
1200000|1|6000|8|1|0|0|408000|1147|9176223|445055
1200000|1|6000|8|1|1|2|408000|1147|9176223|335752
1200000|1|6000|8|1|0|0|408000|1148|9184223|444726
1200000|1|6000|8|1|1|2|408000|1148|9184223|336121
1200000|1|6000|8|1|0|0|408000|1149|9192224|444481
1200000|1|6000|8|1|1|2|408000|1149|9192224|336490
1200000|1|6000|8|1|0|0|408000|1150|9200224|444646
1200000|1|6000|8|1|1|2|408000|1150|9200224|335916
1200000|1|6000|8|1|0|0|408000|1151|9208223|443988
1200000|1|6000|8|1|1|2|408000|1151|9208223|335424
1200000|1|6000|8|1|0|0|408000|1152|9216223|443947
1200000|1|6000|8|1|1|2|408000|1152|9216223|334891
1200000|1|6000|8|1|0|0|408000|1153|9224222|443743
1200000|1|6000|8|1|1|2|408000|1153|9224222|334686
1200000|1|6000|8|1|0|0|408000|1154|9232222|443334
1200000|1|6000|8|1|1|2|408000|1154|9232222|335055
1200000|1|6000|8|1|0|0|408000|1155|9240221|442100
1200000|1|6000|8|1|1|2|408000|1155|9240221|334768
1200000|1|6000|8|1|0|0|408000|1156|9248221|441323
1200000|1|6000|8|1|1|2|408000|1156|9248221|335260
1200000|1|6000|8|1|0|0|408000|1157|9256221|439971
1200000|1|6000|8|1|1|2|408000|1157|9256221|335178
1200000|1|6000|8|1|0|0|408000|1158|9264222|438781
1200000|1|6000|8|1|1|2|408000|1158|9264222|335547
1200000|1|6000|8|1|0|0|408000|1159|9272221|437510
1200000|1|6000|8|1|1|2|408000|1159|9272221|334727
1200000|1|6000|8|1|0|0|408000|1160|9280220|436365
1200000|1|6000|8|1|1|2|408000|1160|9280220|334973
1200000|1|6000|8|1|0|0|408000|1161|9288220|435212
1200000|1|6000|8|1|1|2|408000|1161|9288220|334563
1200000|1|6000|8|1|0|0|408000|1162|9296220|434518
1200000|1|6000|8|1|1|2|408000|1162|9296220|335055
1200000|1|6000|8|1|0|0|408000|1163|9304220|433945
1200000|1|6000|8|1|1|2|408000|1163|9304220|334481
1200000|1|6000|8|1|0|0|408000|1164|9312219|433575
1200000|1|6000|8|1|1|2|408000|1164|9312219|334440
1200000|1|6000|8|1|0|0|408000|1165|9320218|433329
1200000|1|6000|8|1|1|2|408000|1165|9320218|333866
1200000|1|6000|8|1|0|0|408000|1166|9328217|432920
1200000|1|6000|8|1|1|2|408000|1166|9328217|334276
1200000|1|6000|8|1|0|0|408000|1167|9336217|432710
1200000|1|6000|8|1|1|2|408000|1167|9336217|334112
1200000|1|6000|8|1|0|0|408000|1168|9344216|431850
1200000|1|6000|8|1|1|2|408000|1168|9344216|334276
1200000|1|6000|8|1|0|0|408000|1169|9352216|431647
1200000|1|6000|8|1|1|2|408000|1169|9352216|334317
1200000|1|6000|8|1|0|0|408000|1170|9360215|430947
1200000|1|6000|8|1|1|2|408000|1170|9360215|334153
1200000|1|6000|8|1|0|0|408000|1171|9368214|431482
1200000|1|6000|8|1|1|2|408000|1171|9368214|334522
1200000|1|6000|8|1|0|0|408000|1172|9376214|430869
1200000|1|6000|8|1|1|2|408000|1172|9376214|334686
1200000|1|6000|8|1|0|0|408000|1173|9384214|431281
1200000|1|6000|8|1|1|2|408000|1173|9384214|334030
1200000|1|6000|8|1|0|0|408000|1174|9392213|430747
1200000|1|6000|8|1|1|2|408000|1174|9392213|333620
1200000|1|6000|8|1|0|0|408000|1175|9400213|431235
1200000|1|6000|8|1|1|2|408000|1175|9400213|333169
1200000|1|6000|8|1|0|0|408000|1176|9408213|431032
1200000|1|6000|8|1|1|2|408000|1176|9408213|332431
1200000|1|6000|8|1|0|0|408000|1177|9416213|431441
1200000|1|6000|8|1|1|2|408000|1177|9416213|331775
1200000|1|6000|8|1|0|0|408000|1178|9424212|431647
1200000|1|6000|8|1|1|2|408000|1178|9424212|331242
1200000|1|6000|8|1|0|0|408000|1179|9432212|430868
1200000|1|6000|8|1|1|2|408000|1179|9432212|330299
1200000|1|6000|8|1|0|0|408000|1180|9440210|430540
1200000|1|6000|8|1|1|2|408000|1180|9440210|330463
1200000|1|6000|8|1|0|0|408000|1181|9448210|430255
1200000|1|6000|8|1|1|2|408000|1181|9448210|330545
1200000|1|6000|8|1|0|0|408000|1182|9456210|430050
1200000|1|6000|8|1|1|2|408000|1182|9456210|331283
1200000|1|6000|8|1|0|0|408000|1183|9464211|429885
1200000|1|6000|8|1|1|2|408000|1183|9464211|331529
1200000|1|6000|8|1|0|0|408000|1184|9472211|429679
1200000|1|6000|8|1|1|2|408000|1184|9472211|331283
1200000|1|6000|8|1|0|0|408000|1185|9480211|429803
1200000|1|6000|8|1|1|2|408000|1185|9480211|330750
1200000|1|6000|8|1|0|0|408000|1186|9488210|430131
1200000|1|6000|8|1|1|2|408000|1186|9488210|330463
1200000|1|6000|8|1|0|0|408000|1187|9496210|429803
1200000|1|6000|8|1|1|2|408000|1187|9496210|330791
1200000|1|6000|8|1|0|0|408000|1188|9504211|429430
1200000|1|6000|8|1|1|2|408000|1188|9504211|330586
1200000|1|6000|8|1|0|0|408000|1189|9512211|429065
1200000|1|6000|8|1|1|2|408000|1189|9512211|330709
1200000|1|6000|8|1|0|0|408000|1190|9520213|428532
1200000|1|6000|8|1|1|2|408000|1190|9520213|330504
1200000|1|6000|8|1|0|0|408000|1191|9528213|428282
1200000|1|6000|8|1|1|2|408000|1191|9528213|330750
1200000|1|6000|8|1|0|0|408000|1192|9536214|427261
1200000|1|6000|8|1|1|2|408000|1192|9536214|330709
1200000|1|6000|8|1|0|0|408000|1193|9544213|426770
1200000|1|6000|8|1|1|2|408000|1193|9544213|330586
1200000|1|6000|8|1|0|0|408000|1194|9552214|426236
1200000|1|6000|8|1|1|2|408000|1194|9552214|329766
1200000|1|6000|8|1|0|0|408000|1195|9560213|425867
1200000|1|6000|8|1|1|2|408000|1195|9560213|329192
1200000|1|6000|8|1|0|0|408000|1196|9568212|425252
1200000|1|6000|8|1|1|2|408000|1196|9568212|328372
1200000|1|6000|8|1|0|0|408000|1197|9576211|424678
1200000|1|6000|8|1|1|2|408000|1197|9576211|327347
1200000|1|6000|8|1|0|0|408000|1198|9584210|424062
1200000|1|6000|8|1|1|2|408000|1198|9584210|326650
1200000|1|6000|8|1|0|0|408000|1199|9592209|423774
1200000|1|6000|8|1|1|2|408000|1199|9592209|326076
1200000|1|6000|8|1|0|0|408000|1200|9600209|423568
1200000|1|6000|8|1|1|2|408000|1200|9600209|324969
1200000|1|6000|8|1|0|0|408000|1201|9608208|422996
1200000|1|6000|8|1|1|2|408000|1201|9608208|325092
1200000|1|6000|8|1|0|0|408000|1202|9616209|422343
1200000|1|6000|8|1|1|2|408000|1202|9616209|324436
1200000|1|6000|8|1|0|0|408000|1203|9624209|422217
1200000|1|6000|8|1|1|2|408000|1203|9624209|324559
1200000|1|6000|8|1|0|0|408000|1204|9632209|421685
1200000|1|6000|8|1|1|2|408000|1204|9632209|324887
1200000|1|6000|8|1|0|0|408000|1205|9640208|421192
1200000|1|6000|8|1|1|2|408000|1205|9640208|325133
1200000|1|6000|8|1|0|0|408000|1206|9648208|420538
1200000|1|6000|8|1|1|2|408000|1206|9648208|324969
1200000|1|6000|8|1|0|0|408000|1207|9656208|419837
1200000|1|6000|8|1|1|2|408000|1207|9656208|324969
1200000|1|6000|8|1|0|0|408000|1208|9664207|419306
1200000|1|6000|8|1|1|2|408000|1208|9664207|324887
1200000|1|6000|8|1|0|0|408000|1209|9672206|418774
1200000|1|6000|8|1|1|2|408000|1209|9672206|325010
1200000|1|6000|8|1|0|0|408000|1210|9680206|417913
1200000|1|6000|8|1|1|2|408000|1210|9680206|325707
1200000|1|6000|8|1|0|0|408000|1211|9688207|417543
1200000|1|6000|8|1|1|2|408000|1211|9688207|325092
1200000|1|6000|8|1|0|0|408000|1212|9696207|416599
1200000|1|6000|8|1|1|2|408000|1212|9696207|325789
1200000|1|6000|8|1|0|0|408000|1213|9704208|416190
1200000|1|6000|8|1|1|2|408000|1213|9704208|325420
1200000|1|6000|8|1|0|0|408000|1214|9712209|415536
1200000|1|6000|8|1|1|2|408000|1214|9712209|326240
1200000|1|6000|8|1|0|0|408000|1215|9720210|415413
1200000|1|6000|8|1|1|2|408000|1215|9720210|325912
1200000|1|6000|8|1|0|0|408000|1216|9728210|415495
1200000|1|6000|8|1|1|2|408000|1216|9728210|325748
1200000|1|6000|8|1|0|0|408000|1217|9736210|414879
1200000|1|6000|8|1|1|2|408000|1217|9736210|325584
1200000|1|6000|8|1|0|0|408000|1218|9744210|414510
1200000|1|6000|8|1|1|2|408000|1218|9744210|326527
1200000|1|6000|8|1|0|0|408000|1219|9752210|413773
1200000|1|6000|8|1|1|2|408000|1219|9752210|327552
1200000|1|6000|8|1|0|0|408000|1220|9760211|413690
1200000|1|6000|8|1|1|2|408000|1220|9760211|328454
1200000|1|6000|8|1|0|0|408000|1221|9768211|413321
1200000|1|6000|8|1|1|2|408000|1221|9768211|329151
1200000|1|6000|8|1|0|0|408000|1222|9776211|413321
1200000|1|6000|8|1|1|2|408000|1222|9776211|329889
1200000|1|6000|8|1|0|0|408000|1223|9784212|413399
1200000|1|6000|8|1|1|2|408000|1223|9784212|330176
1200000|1|6000|8|1|0|0|408000|1224|9792212|414263
1200000|1|6000|8|1|1|2|408000|1224|9792212|330873
1200000|1|6000|8|1|0|0|408000|1225|9800213|414671
1200000|1|6000|8|1|1|2|408000|1225|9800213|331365
1200000|1|6000|8|1|0|0|408000|1226|9808214|415699
1200000|1|6000|8|1|1|2|408000|1226|9808214|331693
1200000|1|6000|8|1|0|0|408000|1227|9816214|416069
1200000|1|6000|8|1|1|2|408000|1227|9816214|332431
1200000|1|6000|8|1|0|0|408000|1228|9824214|416847
1200000|1|6000|8|1|1|2|408000|1228|9824214|332595
1200000|1|6000|8|1|0|0|408000|1229|9832215|417626
1200000|1|6000|8|1|1|2|408000|1229|9832215|333210
1200000|1|6000|8|1|0|0|408000|1230|9840215|417256
1200000|1|6000|8|1|1|2|408000|1230|9840215|333866
1200000|1|6000|8|1|0|0|408000|1231|9848216|416929
1200000|1|6000|8|1|1|2|408000|1231|9848216|334194
1200000|1|6000|8|1|0|0|408000|1232|9856216|417013
1200000|1|6000|8|1|1|2|408000|1232|9856216|335588
1200000|1|6000|8|1|0|0|408000|1233|9864217|417216
1200000|1|6000|8|1|1|2|408000|1233|9864217|336326
1200000|1|6000|8|1|0|0|408000|1234|9872218|417214
1200000|1|6000|8|1|1|2|408000|1234|9872218|336654
1200000|1|6000|8|1|0|0|408000|1235|9880218|417627
1200000|1|6000|8|1|1|2|408000|1235|9880218|336982
1200000|1|6000|8|1|0|0|408000|1236|9888218|417788
1200000|1|6000|8|1|1|2|408000|1236|9888218|337638
1200000|1|6000|8|1|0|0|408000|1237|9896219|418568
1200000|1|6000|8|1|1|2|408000|1237|9896219|338581
1200000|1|6000|8|1|0|0|408000|1238|9904219|418405
1200000|1|6000|8|1|1|2|408000|1238|9904219|339360
1200000|1|6000|8|1|0|0|408000|1239|9912219|417787
1200000|1|6000|8|1|1|2|408000|1239|9912219|339770
1200000|1|6000|8|1|0|0|408000|1240|9920219|417339
1200000|1|6000|8|1|1|2|408000|1240|9920219|339483
1200000|1|6000|8|1|0|0|408000|1241|9928218|417379
1200000|1|6000|8|1|1|2|408000|1241|9928218|338909
1200000|1|6000|8|1|0|0|408000|1242|9936218|417299
1200000|1|6000|8|1|1|2|408000|1242|9936218|338540
1200000|1|6000|8|1|0|0|408000|1243|9944217|416847
1200000|1|6000|8|1|1|2|408000|1243|9944217|338212
1200000|1|6000|8|1|0|0|408000|1244|9952216|416519
1200000|1|6000|8|1|1|2|408000|1244|9952216|337884
1200000|1|6000|8|1|0|0|408000|1245|9960216|415618
1200000|1|6000|8|1|1|2|408000|1245|9960216|337802
1200000|1|6000|8|1|0|0|408000|1246|9968215|415903
1200000|1|6000|8|1|1|2|408000|1246|9968215|338171
1200000|1|6000|8|1|0|0|408000|1247|9976215|415287
1200000|1|6000|8|1|1|2|408000|1247|9976215|338868
1200000|1|6000|8|1|0|0|408000|1248|9984216|414920
1200000|1|6000|8|1|1|2|408000|1248|9984216|338294
1200000|1|6000|8|1|0|0|408000|1249|9992215|414183
1200000|1|6000|8|1|1|2|408000|1249|9992215|337556
1200000|1|6000|8|1|0|0|408000|1250|10000215|413566
1200000|1|6000|8|1|1|2|408000|1250|10000215|336326
1200000|1|6000|8|1|0|0|408000|1251|10008215|412870
1200000|1|6000|8|1|1|2|408000|1251|10008215|335301
1200000|1|6000|8|1|0|0|408000|1252|10016214|412460
1200000|1|6000|8|1|1|2|408000|1252|10016214|334850
1200000|1|6000|8|1|0|0|408000|1253|10024214|411721
1200000|1|6000|8|1|1|2|408000|1253|10024214|333702
1200000|1|6000|8|1|0|0|408000|1254|10032214|411434
1200000|1|6000|8|1|1|2|408000|1254|10032214|332431
1200000|1|6000|8|1|0|0|408000|1255|10040213|411107
1200000|1|6000|8|1|1|2|408000|1255|10040213|331570
1200000|1|6000|8|1|0|0|408000|1256|10048212|410818
1200000|1|6000|8|1|1|2|408000|1256|10048212|331447
1200000|1|6000|8|1|0|0|408000|1257|10056211|410452
1200000|1|6000|8|1|1|2|408000|1257|10056211|330709
1200000|1|6000|8|1|0|0|408000|1258|10064210|410204
1200000|1|6000|8|1|1|2|408000|1258|10064210|329766
1200000|1|6000|8|1|0|0|408000|1259|10072209|409791
1200000|1|6000|8|1|1|2|408000|1259|10072209|329315
1200000|1|6000|8|1|0|0|408000|1260|10080209|409508
1200000|1|6000|8|1|1|2|408000|1260|10080209|328249
1200000|1|6000|8|1|0|0|408000|1261|10088208|409507
1200000|1|6000|8|1|1|2|408000|1261|10088208|328167
1200000|1|6000|8|1|0|0|408000|1262|10096208|409672
1200000|1|6000|8|1|1|2|408000|1262|10096208|327306
1200000|1|6000|8|1|0|0|408000|1263|10104207|409673
1200000|1|6000|8|1|1|2|408000|1263|10104207|328167
1200000|1|6000|8|1|0|0|408000|1264|10112208|410043
1200000|1|6000|8|1|1|2|408000|1264|10112208|328126
1200000|1|6000|8|1|0|0|408000|1265|10120208|409590
1200000|1|6000|8|1|1|2|408000|1265|10120208|328823
1200000|1|6000|8|1|0|0|408000|1266|10128208|409426
1200000|1|6000|8|1|1|2|408000|1266|10128208|329315
1200000|1|6000|8|1|0|0|408000|1267|10136209|409669
1200000|1|6000|8|1|1|2|408000|1267|10136209|329807
1200000|1|6000|8|1|0|0|408000|1268|10144209|409508
1200000|1|6000|8|1|1|2|408000|1268|10144209|330135
1200000|1|6000|8|1|0|0|408000|1269|10152209|409016
1200000|1|6000|8|1|1|2|408000|1269|10152209|331119
1200000|1|6000|8|1|0|0|408000|1270|10160210|408362
1200000|1|6000|8|1|1|2|408000|1270|10160210|330914
1200000|1|6000|8|1|0|0|408000|1271|10168210|407990
1200000|1|6000|8|1|1|2|408000|1271|10168210|330545
1200000|1|6000|8|1|0|0|408000|1272|10176210|407007
1200000|1|6000|8|1|1|2|408000|1272|10176210|330504
1200000|1|6000|8|1|0|0|408000|1273|10184210|407293
1200000|1|6000|8|1|1|2|408000|1273|10184210|330217
1200000|1|6000|8|1|0|0|408000|1274|10192210|406269
1200000|1|6000|8|1|1|2|408000|1274|10192210|330545
1200000|1|6000|8|1|0|0|408000|1275|10200211|406553
1200000|1|6000|8|1|1|2|408000|1275|10200211|331324
1200000|1|6000|8|1|0|0|408000|1276|10208212|405612
1200000|1|6000|8|1|1|2|408000|1276|10208212|331324
1200000|1|6000|8|1|0|0|408000|1277|10216211|404546
1200000|1|6000|8|1|1|2|408000|1277|10216211|331775
1200000|1|6000|8|1|0|0|408000|1278|10224212|403726
1200000|1|6000|8|1|1|2|408000|1278|10224212|331816
1200000|1|6000|8|1|0|0|408000|1279|10232212|402909
1200000|1|6000|8|1|1|2|408000|1279|10232212|331570
1200000|1|6000|8|1|0|0|408000|1280|10240213|402463
1200000|1|6000|8|1|1|2|408000|1280|10240213|331652
1200000|1|6000|8|1|0|0|408000|1281|10248213|401233
1200000|1|6000|8|1|1|2|408000|1281|10248213|331406
1200000|1|6000|8|1|0|0|408000|1282|10256214|400577
1200000|1|6000|8|1|1|2|408000|1282|10256214|331406
1200000|1|6000|8|1|0|0|408000|1283|10264215|400003
1200000|1|6000|8|1|1|2|408000|1283|10264215|331365
1200000|1|6000|8|1|0|0|408000|1284|10272216|399716
1200000|1|6000|8|1|1|2|408000|1284|10272216|331037
1200000|1|6000|8|1|0|0|408000|1285|10280216|399593
1200000|1|6000|8|1|1|2|408000|1285|10280216|331160
1200000|1|6000|8|1|0|0|408000|1286|10288216|399429
1200000|1|6000|8|1|1|2|408000|1286|10288216|331365
1200000|1|6000|8|1|0|0|408000|1287|10296217|398691
1200000|1|6000|8|1|1|2|408000|1287|10296217|331611
1200000|1|6000|8|1|0|0|408000|1288|10304217|397789
1200000|1|6000|8|1|1|2|408000|1288|10304217|331652
1200000|1|6000|8|1|0|0|408000|1289|10312218|397461
1200000|1|6000|8|1|1|2|408000|1289|10312218|331447
1200000|1|6000|8|1|0|0|408000|1290|10320218|397871
1200000|1|6000|8|1|1|2|408000|1290|10320218|331119
1200000|1|6000|8|1|0|0|408000|1291|10328219|398322
1200000|1|6000|8|1|1|2|408000|1291|10328219|331037
1200000|1|6000|8|1|0|0|408000|1292|10336220|398814
1200000|1|6000|8|1|1|2|408000|1292|10336220|330545
1200000|1|6000|8|1|0|0|408000|1293|10344220|399142
1200000|1|6000|8|1|1|2|408000|1293|10344220|330750
1200000|1|6000|8|1|0|0|408000|1294|10352219|399675
1200000|1|6000|8|1|1|2|408000|1294|10352219|331365
1200000|1|6000|8|1|0|0|408000|1295|10360220|400126
1200000|1|6000|8|1|1|2|408000|1295|10360220|332021
1200000|1|6000|8|1|0|0|408000|1296|10368220|400618
1200000|1|6000|8|1|1|2|408000|1296|10368220|332103
1200000|1|6000|8|1|0|0|408000|1297|10376220|400126
1200000|1|6000|8|1|1|2|408000|1297|10376220|332595
1200000|1|6000|8|1|0|0|408000|1298|10384220|399716
1200000|1|6000|8|1|1|2|408000|1298|10384220|333169
1200000|1|6000|8|1|0|0|408000|1299|10392220|400249
1200000|1|6000|8|1|1|2|408000|1299|10392220|332882
1200000|1|6000|8|1|0|0|408000|1300|10400220|400659
1200000|1|6000|8|1|1|2|408000|1300|10400220|332226
1200000|1|6000|8|1|0|0|408000|1301|10408218|400577
1200000|1|6000|8|1|1|2|408000|1301|10408218|332390
1200000|1|6000|8|1|0|0|408000|1302|10416218|401233
1200000|1|6000|8|1|1|2|408000|1302|10416218|332964
1200000|1|6000|8|1|0|0|408000|1303|10424219|401602
1200000|1|6000|8|1|1|2|408000|1303|10424219|333661
1200000|1|6000|8|1|0|0|408000|1304|10432220|401971
1200000|1|6000|8|1|1|2|408000|1304|10432220|334358
1200000|1|6000|8|1|0|0|408000|1305|10440220|402545
1200000|1|6000|8|1|1|2|408000|1305|10440220|334727
1200000|1|6000|8|1|0|0|408000|1306|10448220|402504
1200000|1|6000|8|1|1|2|408000|1306|10448220|335547
1200000|1|6000|8|1|0|0|408000|1307|10456220|402258
1200000|1|6000|8|1|1|2|408000|1307|10456220|336285
1200000|1|6000|8|1|0|0|408000|1308|10464221|402217
1200000|1|6000|8|1|1|2|408000|1308|10464221|337925
1200000|1|6000|8|1|0|0|408000|1309|10472222|401848
1200000|1|6000|8|1|1|2|408000|1309|10472222|338171
1200000|1|6000|8|1|0|0|408000|1310|10480223|402094
1200000|1|6000|8|1|1|2|408000|1310|10480223|339688
1200000|1|6000|8|1|0|0|408000|1311|10488224|402299
1200000|1|6000|8|1|1|2|408000|1311|10488224|340180
1200000|1|6000|8|1|0|0|408000|1312|10496224|402709
1200000|1|6000|8|1|1|2|408000|1312|10496224|341123
1200000|1|6000|8|1|0|0|408000|1313|10504225|403652
1200000|1|6000|8|1|1|2|408000|1313|10504225|341246
1200000|1|6000|8|1|0|0|408000|1314|10512225|403734
1200000|1|6000|8|1|1|2|408000|1314|10512225|342435
1200000|1|6000|8|1|0|0|408000|1315|10520226|404513
1200000|1|6000|8|1|1|2|408000|1315|10520226|343255
1200000|1|6000|8|1|0|0|408000|1316|10528227|404349
1200000|1|6000|8|1|1|2|408000|1316|10528227|343747
1200000|1|6000|8|1|0|0|408000|1317|10536228|404841
1200000|1|6000|8|1|1|2|408000|1317|10536228|344567
1200000|1|6000|8|1|0|0|408000|1318|10544229|404882
1200000|1|6000|8|1|1|2|408000|1318|10544229|345100
1200000|1|6000|8|1|0|0|408000|1319|10552230|405579
1200000|1|6000|8|1|1|2|408000|1319|10552230|345715
1200000|1|6000|8|1|0|0|408000|1320|10560231|404677
1200000|1|6000|8|1|1|2|408000|1320|10560231|346658
1200000|1|6000|8|1|0|0|408000|1321|10568232|404882
1200000|1|6000|8|1|1|2|408000|1321|10568232|346904
1200000|1|6000|8|1|0|0|408000|1322|10576233|404718
1200000|1|6000|8|1|1|2|408000|1322|10576233|346740
1200000|1|6000|8|1|0|0|408000|1323|10584233|405333
1200000|1|6000|8|1|1|2|408000|1323|10584233|346494
1200000|1|6000|8|1|0|0|408000|1324|10592232|405128
1200000|1|6000|8|1|1|2|408000|1324|10592232|346330
1200000|1|6000|8|1|0|0|408000|1325|10600233|405210
1200000|1|6000|8|1|1|2|408000|1325|10600233|345797
1200000|1|6000|8|1|0|0|408000|1326|10608233|405579
1200000|1|6000|8|1|1|2|408000|1326|10608233|345059
1200000|1|6000|8|1|0|0|408000|1327|10616233|405579
1200000|1|6000|8|1|1|2|408000|1327|10616233|345551
1200000|1|6000|8|1|0|0|408000|1328|10624234|405046
1200000|1|6000|8|1|1|2|408000|1328|10624234|345141
1200000|1|6000|8|1|0|0|408000|1329|10632235|404882
1200000|1|6000|8|1|1|2|408000|1329|10632235|344362
1200000|1|6000|8|1|0|0|408000|1330|10640235|404800
1200000|1|6000|8|1|1|2|408000|1330|10640235|343706
1200000|1|6000|8|1|0|0|408000|1331|10648234|404472
1200000|1|6000|8|1|1|2|408000|1331|10648234|343583
1200000|1|6000|8|1|0|0|408000|1332|10656234|404636
1200000|1|6000|8|1|1|2|408000|1332|10656234|343050
1200000|1|6000|8|1|0|0|408000|1333|10664233|404185
1200000|1|6000|8|1|1|2|408000|1333|10664233|342312
1200000|1|6000|8|1|0|0|408000|1334|10672232|404513
1200000|1|6000|8|1|1|2|408000|1334|10672232|342148
1200000|1|6000|8|1|0|0|408000|1335|10680232|405374
1200000|1|6000|8|1|1|2|408000|1335|10680232|341492
1200000|1|6000|8|1|0|0|408000|1336|10688231|406645
1200000|1|6000|8|1|1|2|408000|1336|10688231|341943
1200000|1|6000|8|1|0|0|408000|1337|10696232|407588
1200000|1|6000|8|1|1|2|408000|1337|10696232|341205
1200000|1|6000|8|1|0|0|408000|1338|10704232|408408
1200000|1|6000|8|1|1|2|408000|1338|10704232|341082
1200000|1|6000|8|1|0|0|408000|1339|10712231|409269
1200000|1|6000|8|1|1|2|408000|1339|10712231|340672
1200000|1|6000|8|1|0|0|408000|1340|10720230|409925
1200000|1|6000|8|1|1|2|408000|1340|10720230|340918
1200000|1|6000|8|1|0|0|408000|1341|10728230|410499
1200000|1|6000|8|1|1|2|408000|1341|10728230|340508
1200000|1|6000|8|1|0|0|408000|1342|10736229|409966
1200000|1|6000|8|1|1|2|408000|1342|10736229|340262
1200000|1|6000|8|1|0|0|408000|1343|10744228|409802
1200000|1|6000|8|1|1|2|408000|1343|10744228|339934
1200000|1|6000|8|1|0|0|408000|1344|10752227|409228
1200000|1|6000|8|1|1|2|408000|1344|10752227|340385
1200000|1|6000|8|1|0|0|408000|1345|10760227|409597
1200000|1|6000|8|1|1|2|408000|1345|10760227|340836
1200000|1|6000|8|1|0|0|408000|1346|10768228|409146
1200000|1|6000|8|1|1|2|408000|1346|10768228|341369
1200000|1|6000|8|1|0|0|408000|1347|10776228|409351
1200000|1|6000|8|1|1|2|408000|1347|10776228|342312
1200000|1|6000|8|1|0|0|408000|1348|10784228|409556
1200000|1|6000|8|1|1|2|408000|1348|10784228|343091
1200000|1|6000|8|1|0|0|408000|1349|10792229|409884
1200000|1|6000|8|1|1|2|408000|1349|10792229|343911
1200000|1|6000|8|1|0|0|408000|1350|10800230|410253
1200000|1|6000|8|1|1|2|408000|1350|10800230|344567
1200000|1|6000|8|1|0|0|408000|1351|10808230|410253
1200000|1|6000|8|1|1|2|408000|1351|10808230|344854
1200000|1|6000|8|1|0|0|408000|1352|10816230|410212
1200000|1|6000|8|1|1|2|408000|1352|10816230|345510
1200000|1|6000|8|1|0|0|408000|1353|10824230|410253
1200000|1|6000|8|1|1|2|408000|1353|10824230|345920
1200000|1|6000|8|1|0|0|408000|1354|10832231|410130
1200000|1|6000|8|1|1|2|408000|1354|10832231|345510
1200000|1|6000|8|1|0|0|408000|1355|10840230|409925
1200000|1|6000|8|1|1|2|408000|1355|10840230|345428
1200000|1|6000|8|1|0|0|408000|1356|10848231|410048
1200000|1|6000|8|1|1|2|408000|1356|10848231|345961
1200000|1|6000|8|1|0|0|408000|1357|10856232|409679
1200000|1|6000|8|1|1|2|408000|1357|10856232|346166
1200000|1|6000|8|1|0|0|408000|1358|10864232|409761
1200000|1|6000|8|1|1|2|408000|1358|10864232|346330
1200000|1|6000|8|1|0|0|408000|1359|10872233|410089
1200000|1|6000|8|1|1|2|408000|1359|10872233|346740
1200000|1|6000|8|1|0|0|408000|1360|10880233|410294
1200000|1|6000|8|1|1|2|408000|1360|10880233|347519
1200000|1|6000|8|1|0|0|408000|1361|10888234|410212
1200000|1|6000|8|1|1|2|408000|1361|10888234|348462
1200000|1|6000|8|1|0|0|408000|1362|10896235|409966
1200000|1|6000|8|1|1|2|408000|1362|10896235|348626
1200000|1|6000|8|1|0|0|408000|1363|10904236|409597
1200000|1|6000|8|1|1|2|408000|1363|10904236|349446
1200000|1|6000|8|1|0|0|408000|1364|10912237|409023
1200000|1|6000|8|1|1|2|408000|1364|10912237|348954
1200000|1|6000|8|1|0|0|408000|1365|10920237|409064
1200000|1|6000|8|1|1|2|408000|1365|10920237|349405
1200000|1|6000|8|1|0|0|408000|1366|10928238|409146
1200000|1|6000|8|1|1|2|408000|1366|10928238|349036
1200000|1|6000|8|1|0|0|408000|1367|10936238|409392
1200000|1|6000|8|1|1|2|408000|1367|10936238|348954
1200000|1|6000|8|1|0|0|408000|1368|10944239|409597
1200000|1|6000|8|1|1|2|408000|1368|10944239|348585
1200000|1|6000|8|1|0|0|408000|1369|10952239|409802
1200000|1|6000|8|1|1|2|408000|1369|10952239|348790
1200000|1|6000|8|1|0|0|408000|1370|10960239|409966
1200000|1|6000|8|1|1|2|408000|1370|10960239|348790
1200000|1|6000|8|1|0|0|408000|1371|10968239|410007
1200000|1|6000|8|1|1|2|408000|1371|10968239|348626
1200000|1|6000|8|1|0|0|408000|1372|10976239|409843
1200000|1|6000|8|1|1|2|408000|1372|10976239|349036
1200000|1|6000|8|1|0|0|408000|1373|10984240|410212
1200000|1|6000|8|1|1|2|408000|1373|10984240|349118
1200000|1|6000|8|1|0|0|408000|1374|10992241|409310
1200000|1|6000|8|1|1|2|408000|1374|10992241|348462
1200000|1|6000|8|1|0|0|408000|1375|11000240|408695
1200000|1|6000|8|1|1|2|408000|1375|11000240|347888
1200000|1|6000|8|1|0|0|408000|1376|11008239|408326
1200000|1|6000|8|1|1|2|408000|1376|11008239|347027
1200000|1|6000|8|1|0|0|408000|1377|11016239|407834
1200000|1|6000|8|1|1|2|408000|1377|11016239|346371
1200000|1|6000|8|1|0|0|408000|1378|11024238|408244
1200000|1|6000|8|1|1|2|408000|1378|11024238|345264
1200000|1|6000|8|1|0|0|408000|1379|11032238|407793
1200000|1|6000|8|1|1|2|408000|1379|11032238|344608
1200000|1|6000|8|1|0|0|408000|1380|11040236|407793
1200000|1|6000|8|1|1|2|408000|1380|11040236|343952
1200000|1|6000|8|1|0|0|408000|1381|11048236|407219
1200000|1|6000|8|1|1|2|408000|1381|11048236|343296
1200000|1|6000|8|1|0|0|408000|1382|11056235|406932
1200000|1|6000|8|1|1|2|408000|1382|11056235|343542
1200000|1|6000|8|1|0|0|408000|1383|11064237|406235
1200000|1|6000|8|1|1|2|408000|1383|11064237|343952
1200000|1|6000|8|1|0|0|408000|1384|11072236|406153
1200000|1|6000|8|1|1|2|408000|1384|11072236|344116
1200000|1|6000|8|1|0|0|408000|1385|11080237|405784
1200000|1|6000|8|1|1|2|408000|1385|11080237|343706
1200000|1|6000|8|1|0|0|408000|1386|11088237|405538
1200000|1|6000|8|1|1|2|408000|1386|11088237|343829
1200000|1|6000|8|1|0|0|408000|1387|11096238|405333
1200000|1|6000|8|1|1|2|408000|1387|11096238|343091
1200000|1|6000|8|1|0|0|408000|1388|11104238|405292
1200000|1|6000|8|1|1|2|408000|1388|11104238|342722
1200000|1|6000|8|1|0|0|408000|1389|11112237|405825
1200000|1|6000|8|1|1|2|408000|1389|11112237|342476
1200000|1|6000|8|1|0|0|408000|1390|11120238|405907
1200000|1|6000|8|1|1|2|408000|1390|11120238|341779
1200000|1|6000|8|1|0|0|408000|1391|11128238|406030
1200000|1|6000|8|1|1|2|408000|1391|11128238|341574
1200000|1|6000|8|1|0|0|408000|1392|11136238|405702
1200000|1|6000|8|1|1|2|408000|1392|11136238|341574
1200000|1|6000|8|1|0|0|408000|1393|11144238|406112
1200000|1|6000|8|1|1|2|408000|1393|11144238|341615
1200000|1|6000|8|1|0|0|408000|1394|11152239|405497
1200000|1|6000|8|1|1|2|408000|1394|11152239|340795
1200000|1|6000|8|1|0|0|408000|1395|11160238|405989
1200000|1|6000|8|1|1|2|408000|1395|11160238|340713
1200000|1|6000|8|1|0|0|408000|1396|11168239|405210
1200000|1|6000|8|1|1|2|408000|1396|11168239|339975
1200000|1|6000|8|1|0|0|408000|1397|11176238|405620
1200000|1|6000|8|1|1|2|408000|1397|11176238|339934
1200000|1|6000|8|1|0|0|408000|1398|11184238|405005
1200000|1|6000|8|1|1|2|408000|1398|11184238|338827
1200000|1|6000|8|1|0|0|408000|1399|11192238|405333
1200000|1|6000|8|1|1|2|408000|1399|11192238|338499
1200000|1|6000|8|1|0|0|408000|1400|11200239|405251
1200000|1|6000|8|1|1|2|408000|1400|11200239|338294
1200000|1|6000|8|1|0|0|408000|1401|11208239|405579
1200000|1|6000|8|1|1|2|408000|1401|11208239|337884
1200000|1|6000|8|1|0|0|408000|1402|11216239|406317
1200000|1|6000|8|1|1|2|408000|1402|11216239|337556
1200000|1|6000|8|1|0|0|408000|1403|11224239|406768
1200000|1|6000|8|1|1|2|408000|1403|11224239|336408
1200000|1|6000|8|1|0|0|408000|1404|11232238|406686
1200000|1|6000|8|1|1|2|408000|1404|11232238|336818
1200000|1|6000|8|1|0|0|408000|1405|11240239|406522
1200000|1|6000|8|1|1|2|408000|1405|11240239|336654
1200000|1|6000|8|1|0|0|408000|1406|11248239|406768
1200000|1|6000|8|1|1|2|408000|1406|11248239|337392
1200000|1|6000|8|1|0|0|408000|1407|11256239|406563
1200000|1|6000|8|1|1|2|408000|1407|11256239|337638
1200000|1|6000|8|1|0|0|408000|1408|11264238|406973
1200000|1|6000|8|1|1|2|408000|1408|11264238|338786
1200000|1|6000|8|1|0|0|408000|1409|11272239|406891
1200000|1|6000|8|1|1|2|408000|1409|11272239|338704
1200000|1|6000|8|1|0|0|408000|1410|11280239|407424
1200000|1|6000|8|1|1|2|408000|1410|11280239|339483
1200000|1|6000|8|1|0|0|408000|1411|11288239|407014
1200000|1|6000|8|1|1|2|408000|1411|11288239|339401
1200000|1|6000|8|1|0|0|408000|1412|11296239|406768
1200000|1|6000|8|1|1|2|408000|1412|11296239|340180
1200000|1|6000|8|1|0|0|408000|1413|11304239|406563
1200000|1|6000|8|1|1|2|408000|1413|11304239|339565
1200000|1|6000|8|1|0|0|408000|1414|11312239|406358
1200000|1|6000|8|1|1|2|408000|1414|11312239|339524
1200000|1|6000|8|1|0|0|408000|1415|11320240|406112
1200000|1|6000|8|1|1|2|408000|1415|11320240|339114
1200000|1|6000|8|1|0|0|408000|1416|11328240|406235
1200000|1|6000|8|1|1|2|408000|1416|11328240|339278
1200000|1|6000|8|1|0|0|408000|1417|11336240|406563
1200000|1|6000|8|1|1|2|408000|1417|11336240|339893
1200000|1|6000|8|1|0|0|408000|1418|11344240|406399
1200000|1|6000|8|1|1|2|408000|1418|11344240|339565
1200000|1|6000|8|1|0|0|408000|1419|11352240|406563
1200000|1|6000|8|1|1|2|408000|1419|11352240|340344
1200000|1|6000|8|1|0|0|408000|1420|11360241|405989
1200000|1|6000|8|1|1|2|408000|1420|11360241|340426
1200000|1|6000|8|1|0|0|408000|1421|11368240|405989
1200000|1|6000|8|1|1|2|408000|1421|11368240|340754
1200000|1|6000|8|1|0|0|408000|1422|11376241|405415
1200000|1|6000|8|1|1|2|408000|1422|11376241|340795
1200000|1|6000|8|1|0|0|408000|1423|11384241|405333
1200000|1|6000|8|1|1|2|408000|1423|11384241|340713
1200000|1|6000|8|1|0|0|408000|1424|11392240|404800
1200000|1|6000|8|1|1|2|408000|1424|11392240|340713
1200000|1|6000|8|1|0|0|408000|1425|11400240|404923
1200000|1|6000|8|1|1|2|408000|1425|11400240|341123
1200000|1|6000|8|1|0|0|408000|1426|11408240|405333
1200000|1|6000|8|1|1|2|408000|1426|11408240|340508
1200000|1|6000|8|1|0|0|408000|1427|11416240|405374
1200000|1|6000|8|1|1|2|408000|1427|11416240|340508
1200000|1|6000|8|1|0|0|408000|1428|11424240|406071
1200000|1|6000|8|1|1|2|408000|1428|11424240|339729
1200000|1|6000|8|1|0|0|408000|1429|11432240|406194
1200000|1|6000|8|1|1|2|408000|1429|11432240|339647
1200000|1|6000|8|1|0|0|408000|1430|11440240|406030
1200000|1|6000|8|1|1|2|408000|1430|11440240|339770
1200000|1|6000|8|1|0|0|408000|1431|11448241|405825
1200000|1|6000|8|1|1|2|408000|1431|11448241|339114
1200000|1|6000|8|1|0|0|408000|1432|11456240|405210
1200000|1|6000|8|1|1|2|408000|1432|11456240|339401
1200000|1|6000|8|1|0|0|408000|1433|11464241|405579
1200000|1|6000|8|1|1|2|408000|1433|11464241|338376
1200000|1|6000|8|1|0|0|408000|1434|11472240|406235
1200000|1|6000|8|1|1|2|408000|1434|11472240|339237
1200000|1|6000|8|1|0|0|408000|1435|11480242|406850
1200000|1|6000|8|1|1|2|408000|1435|11480242|338786
1200000|1|6000|8|1|0|0|408000|1436|11488241|407506
1200000|1|6000|8|1|1|2|408000|1436|11488241|339442
1200000|1|6000|8|1|0|0|408000|1437|11496241|408285
1200000|1|6000|8|1|1|2|408000|1437|11496241|339524
1200000|1|6000|8|1|0|0|408000|1438|11504241|408818
1200000|1|6000|8|1|1|2|408000|1438|11504241|340672
1200000|1|6000|8|1|0|0|408000|1439|11512242|409392
1200000|1|6000|8|1|1|2|408000|1439|11512242|341451
1200000|1|6000|8|1|0|0|408000|1440|11520243|410007
1200000|1|6000|8|1|1|2|408000|1440|11520243|342517
1200000|1|6000|8|1|0|0|408000|1441|11528244|410910
1200000|1|6000|8|1|1|2|408000|1441|11528244|342845
1200000|1|6000|8|1|0|0|408000|1442|11536245|411114
1200000|1|6000|8|1|1|2|408000|1442|11536245|342558
1200000|1|6000|8|1|0|0|408000|1443|11544244|412057
1200000|1|6000|8|1|1|2|408000|1443|11544244|341697
1200000|1|6000|8|1|0|0|408000|1444|11552244|412344
1200000|1|6000|8|1|1|2|408000|1444|11552244|340180
1200000|1|6000|8|1|0|0|408000|1445|11560243|413123
1200000|1|6000|8|1|1|2|408000|1445|11560243|339401
1200000|1|6000|8|1|0|0|408000|1446|11568242|413697
1200000|1|6000|8|1|1|2|408000|1446|11568242|338499
1200000|1|6000|8|1|0|0|408000|1447|11576241|413123
1200000|1|6000|8|1|1|2|408000|1447|11576241|338294
1200000|1|6000|8|1|0|0|408000|1448|11584240|413000
1200000|1|6000|8|1|1|2|408000|1448|11584240|337515
1200000|1|6000|8|1|0|0|408000|1449|11592239|412508
1200000|1|6000|8|1|1|2|408000|1449|11592239|337843
1200000|1|6000|8|1|0|0|408000|1450|11600239|412385
1200000|1|6000|8|1|1|2|408000|1450|11600239|338335
1200000|1|6000|8|1|0|0|408000|1451|11608240|412467
1200000|1|6000|8|1|1|2|408000|1451|11608240|339073
1200000|1|6000|8|1|0|0|408000|1452|11616240|412221
1200000|1|6000|8|1|1|2|408000|1452|11616240|339073
1200000|1|6000|8|1|0|0|408000|1453|11624240|412385
1200000|1|6000|8|1|1|2|408000|1453|11624240|339770
1200000|1|6000|8|1|0|0|408000|1454|11632241|412057
1200000|1|6000|8|1|1|2|408000|1454|11632241|339442
1200000|1|6000|8|1|0|0|408000|1455|11640241|412344
1200000|1|6000|8|1|1|2|408000|1455|11640241|339237
1200000|1|6000|8|1|0|0|408000|1456|11648241|413123
1200000|1|6000|8|1|1|2|408000|1456|11648241|338704
1200000|1|6000|8|1|0|0|408000|1457|11656240|413697
1200000|1|6000|8|1|1|2|408000|1457|11656240|338499
1200000|1|6000|8|1|0|0|408000|1458|11664240|414025
1200000|1|6000|8|1|1|2|408000|1458|11664240|337884
1200000|1|6000|8|1|0|0|408000|1459|11672240|414025
1200000|1|6000|8|1|1|2|408000|1459|11672240|336736
1200000|1|6000|8|1|0|0|408000|1460|11680240|414148
1200000|1|6000|8|1|1|2|408000|1460|11680240|336285
1200000|1|6000|8|1|0|0|408000|1461|11688240|413697
1200000|1|6000|8|1|1|2|408000|1461|11688240|335178
1200000|1|6000|8|1|0|0|408000|1462|11696240|413697
1200000|1|6000|8|1|1|2|408000|1462|11696240|334481
1200000|1|6000|8|1|0|0|408000|1463|11704240|413369
1200000|1|6000|8|1|1|2|408000|1463|11704240|333784
1200000|1|6000|8|1|0|0|408000|1464|11712240|412918
1200000|1|6000|8|1|1|2|408000|1464|11712240|332677
1200000|1|6000|8|1|0|0|408000|1465|11720240|412959
1200000|1|6000|8|1|1|2|408000|1465|11720240|331447
1200000|1|6000|8|1|0|0|408000|1466|11728239|412754
1200000|1|6000|8|1|1|2|408000|1466|11728239|331078
1200000|1|6000|8|1|0|0|408000|1467|11736238|412508
1200000|1|6000|8|1|1|2|408000|1467|11736238|330176
1200000|1|6000|8|1|0|0|408000|1468|11744236|412221
1200000|1|6000|8|1|1|2|408000|1468|11744236|329604
1200000|1|6000|8|1|0|0|408000|1469|11752236|412139
1200000|1|6000|8|1|1|2|408000|1469|11752236|328700
1200000|1|6000|8|1|0|0|408000|1470|11760236|413041
1200000|1|6000|8|1|1|2|408000|1470|11760236|327634
1200000|1|6000|8|1|0|0|408000|1471|11768235|413820
1200000|1|6000|8|1|1|2|408000|1471|11768235|326650
1200000|1|6000|8|1|0|0|408000|1472|11776235|414025
1200000|1|6000|8|1|1|2|408000|1472|11776235|325871
1200000|1|6000|8|1|0|0|408000|1473|11784234|414312
1200000|1|6000|8|1|1|2|408000|1473|11784234|325215
1200000|1|6000|8|1|0|0|408000|1474|11792233|415132
1200000|1|6000|8|1|1|2|408000|1474|11792233|324600
1200000|1|6000|8|1|0|0|408000|1475|11800232|415337
1200000|1|6000|8|1|1|2|408000|1475|11800232|324395
1200000|1|6000|8|1|0|0|408000|1476|11808232|416280
1200000|1|6000|8|1|1|2|408000|1476|11808232|325174
1200000|1|6000|8|1|0|0|408000|1477|11816232|415993
1200000|1|6000|8|1|1|2|408000|1477|11816232|325010
1200000|1|6000|8|1|0|0|408000|1478|11824232|416198
1200000|1|6000|8|1|1|2|408000|1478|11824232|325830
1200000|1|6000|8|1|0|0|408000|1479|11832233|416157
1200000|1|6000|8|1|1|2|408000|1479|11832233|325625
1200000|1|6000|8|1|0|0|408000|1480|11840232|416485
1200000|1|6000|8|1|1|2|408000|1480|11840232|325584
1200000|1|6000|8|1|0|0|408000|1481|11848233|416526
1200000|1|6000|8|1|1|2|408000|1481|11848233|325871
1200000|1|6000|8|1|0|0|408000|1482|11856233|416485
1200000|1|6000|8|1|1|2|408000|1482|11856233|326240
1200000|1|6000|8|1|0|0|408000|1483|11864234|417018
1200000|1|6000|8|1|1|2|408000|1483|11864234|326978
1200000|1|6000|8|1|0|0|408000|1484|11872234|416977
1200000|1|6000|8|1|1|2|408000|1484|11872234|327265
1200000|1|6000|8|1|0|0|408000|1485|11880235|416977
1200000|1|6000|8|1|1|2|408000|1485|11880235|328331
1200000|1|6000|8|1|0|0|408000|1486|11888236|417182
1200000|1|6000|8|1|1|2|408000|1486|11888236|328946
1200000|1|6000|8|1|0|0|408000|1487|11896236|417223
1200000|1|6000|8|1|1|2|408000|1487|11896236|329233
1200000|1|6000|8|1|0|0|408000|1488|11904236|417264
1200000|1|6000|8|1|1|2|408000|1488|11904236|329397
1200000|1|6000|8|1|0|0|408000|1489|11912235|417428
1200000|1|6000|8|1|1|2|408000|1489|11912235|330176
1200000|1|6000|8|1|0|0|408000|1490|11920236|417223
1200000|1|6000|8|1|1|2|408000|1490|11920236|330463
1200000|1|6000|8|1|0|0|408000|1491|11928236|416977
1200000|1|6000|8|1|1|2|408000|1491|11928236|331160
1200000|1|6000|8|1|0|0|408000|1492|11936236|416977
1200000|1|6000|8|1|1|2|408000|1492|11936236|331570
1200000|1|6000|8|1|0|0|408000|1493|11944236|417018
1200000|1|6000|8|1|1|2|408000|1493|11944236|332103
1200000|1|6000|8|1|0|0|408000|1494|11952236|418125
1200000|1|6000|8|1|1|2|408000|1494|11952236|332103
1200000|1|6000|8|1|0|0|408000|1495|11960235|418822
1200000|1|6000|8|1|1|2|408000|1495|11960235|332021
1200000|1|6000|8|1|0|0|408000|1496|11968235|419560
1200000|1|6000|8|1|1|2|408000|1496|11968235|331611
1200000|1|6000|8|1|0|0|408000|1497|11976235|420093
1200000|1|6000|8|1|1|2|408000|1497|11976235|331529
1200000|1|6000|8|1|0|0|408000|1498|11984235|421159
1200000|1|6000|8|1|1|2|408000|1498|11984235|331570
1200000|1|6000|8|1|0|0|408000|1499|11992235|422143
1200000|1|6000|8|1|1|2|408000|1499|11992235|332103
1200000|1|6000|8|1|0|0|408000|1500|12000236|423209
1200000|1|6000|8|1|1|2|408000|1500|12000236|332841
1200000|1|6000|8|1|0|0|408000|1501|12008237|423045
1200000|1|6000|8|1|1|2|408000|1501|12008237|332841
1200000|1|6000|8|1|0|0|408000|1502|12016237|423209
1200000|1|6000|8|1|1|2|408000|1502|12016237|333620
1200000|1|6000|8|1|0|0|408000|1503|12024238|423537
1200000|1|6000|8|1|1|2|408000|1503|12024238|333743
1200000|1|6000|8|1|0|0|408000|1504|12032238|423906
1200000|1|6000|8|1|1|2|408000|1504|12032238|333743
1200000|1|6000|8|1|0|0|408000|1505|12040238|424357
1200000|1|6000|8|1|1|2|408000|1505|12040238|334563
1200000|1|6000|8|1|0|0|408000|1506|12048239|424603
1200000|1|6000|8|1|1|2|408000|1506|12048239|334481
1200000|1|6000|8|1|0|0|408000|1507|12056239|425054
1200000|1|6000|8|1|1|2|408000|1507|12056239|334891
1200000|1|6000|8|1|0|0|408000|1508|12064240|425218
1200000|1|6000|8|1|1|2|408000|1508|12064240|334399
1200000|1|6000|8|1|0|0|408000|1509|12072239|425054
1200000|1|6000|8|1|1|2|408000|1509|12072239|334522
1200000|1|6000|8|1|0|0|408000|1510|12080240|424849
1200000|1|6000|8|1|1|2|408000|1510|12080240|334481
1200000|1|6000|8|1|0|0|408000|1511|12088240|424439
1200000|1|6000|8|1|1|2|408000|1511|12088240|334153
1200000|1|6000|8|1|0|0|408000|1512|12096240|424111
1200000|1|6000|8|1|1|2|408000|1512|12096240|334399
1200000|1|6000|8|1|0|0|408000|1513|12104240|423824
1200000|1|6000|8|1|1|2|408000|1513|12104240|333989
1200000|1|6000|8|1|0|0|408000|1514|12112240|423332
1200000|1|6000|8|1|1|2|408000|1514|12112240|334194
1200000|1|6000|8|1|0|0|408000|1515|12120239|422553
1200000|1|6000|8|1|1|2|408000|1515|12120239|333415
1200000|1|6000|8|1|0|0|408000|1516|12128239|421487
1200000|1|6000|8|1|1|2|408000|1516|12128239|332800
1200000|1|6000|8|1|0|0|408000|1517|12136238|421200
1200000|1|6000|8|1|1|2|408000|1517|12136238|332513
1200000|1|6000|8|1|0|0|408000|1518|12144238|420380
1200000|1|6000|8|1|1|2|408000|1518|12144238|332472
1200000|1|6000|8|1|0|0|408000|1519|12152237|419478
1200000|1|6000|8|1|1|2|408000|1519|12152237|331447
1200000|1|6000|8|1|0|0|408000|1520|12160236|418904
1200000|1|6000|8|1|1|2|408000|1520|12160236|330053
1200000|1|6000|8|1|0|0|408000|1521|12168235|417674
1200000|1|6000|8|1|1|2|408000|1521|12168235|329561
1200000|1|6000|8|1|0|0|408000|1522|12176234|417305
1200000|1|6000|8|1|1|2|408000|1522|12176234|329233
1200000|1|6000|8|1|0|0|408000|1523|12184234|417592
1200000|1|6000|8|1|1|2|408000|1523|12184234|329397
1200000|1|6000|8|1|0|0|408000|1524|12192235|418002
1200000|1|6000|8|1|1|2|408000|1524|12192235|329397
1200000|1|6000|8|1|0|0|408000|1525|12200235|417920
1200000|1|6000|8|1|1|2|408000|1525|12200235|328700
1200000|1|6000|8|1|0|0|408000|1526|12208234|418576
1200000|1|6000|8|1|1|2|408000|1526|12208234|328618
1200000|1|6000|8|1|0|0|408000|1527|12216235|418125
1200000|1|6000|8|1|1|2|408000|1527|12216235|328700
1200000|1|6000|8|1|0|0|408000|1528|12224236|418576
1200000|1|6000|8|1|1|2|408000|1528|12224236|328536
1200000|1|6000|8|1|0|0|408000|1529|12232236|417879
1200000|1|6000|8|1|1|2|408000|1529|12232236|327880
1200000|1|6000|8|1|0|0|408000|1530|12240236|417756
1200000|1|6000|8|1|1|2|408000|1530|12240236|327634
1200000|1|6000|8|1|0|0|408000|1531|12248236|417715
1200000|1|6000|8|1|1|2|408000|1531|12248236|326773
1200000|1|6000|8|1|0|0|408000|1532|12256235|418699
1200000|1|6000|8|1|1|2|408000|1532|12256235|327552
1200000|1|6000|8|1|0|0|408000|1533|12264236|419396
1200000|1|6000|8|1|1|2|408000|1533|12264236|326732
1200000|1|6000|8|1|0|0|408000|1534|12272236|419929
1200000|1|6000|8|1|1|2|408000|1534|12272236|326732
1200000|1|6000|8|1|0|0|408000|1535|12280236|420257
1200000|1|6000|8|1|1|2|408000|1535|12280236|326322
1200000|1|6000|8|1|0|0|408000|1536|12288237|420913
1200000|1|6000|8|1|1|2|408000|1536|12288237|326363
1200000|1|6000|8|1|0|0|408000|1537|12296237|421446
1200000|1|6000|8|1|1|2|408000|1537|12296237|326281
1200000|1|6000|8|1|0|0|408000|1538|12304237|421815
1200000|1|6000|8|1|1|2|408000|1538|12304237|325461
1200000|1|6000|8|1|0|0|408000|1539|12312237|421979
1200000|1|6000|8|1|1|2|408000|1539|12312237|325256
1200000|1|6000|8|1|0|0|408000|1540|12320237|422922
1200000|1|6000|8|1|1|2|408000|1540|12320237|324846
1200000|1|6000|8|1|0|0|408000|1541|12328236|423578
1200000|1|6000|8|1|1|2|408000|1541|12328236|325256
1200000|1|6000|8|1|0|0|408000|1542|12336237|424111
1200000|1|6000|8|1|1|2|408000|1542|12336237|324477
1200000|1|6000|8|1|0|0|408000|1543|12344236|424521
1200000|1|6000|8|1|1|2|408000|1543|12344236|325092
1200000|1|6000|8|1|0|0|408000|1544|12352238|424972
1200000|1|6000|8|1|1|2|408000|1544|12352238|324108
1200000|1|6000|8|1|0|0|408000|1545|12360237|425710
1200000|1|6000|8|1|1|2|408000|1545|12360237|323903
1200000|1|6000|8|1|0|0|408000|1546|12368238|425956
1200000|1|6000|8|1|1|2|408000|1546|12368238|323247
1200000|1|6000|8|1|0|0|408000|1547|12376237|425956
1200000|1|6000|8|1|1|2|408000|1547|12376237|323165
1200000|1|6000|8|1|0|0|408000|1548|12384238|426776
1200000|1|6000|8|1|1|2|408000|1548|12384238|322714
1200000|1|6000|8|1|0|0|408000|1549|12392238|426981
1200000|1|6000|8|1|1|2|408000|1549|12392238|322960
1200000|1|6000|8|1|0|0|408000|1550|12400238|427309
1200000|1|6000|8|1|1|2|408000|1550|12400238|323001
1200000|1|6000|8|1|0|0|408000|1551|12408239|427719
1200000|1|6000|8|1|1|2|408000|1551|12408239|322837
1200000|1|6000|8|1|0|0|408000|1552|12416239|428785
1200000|1|6000|8|1|1|2|408000|1552|12416239|323288
1200000|1|6000|8|1|0|0|408000|1553|12424239|429154
1200000|1|6000|8|1|1|2|408000|1553|12424239|323165
1200000|1|6000|8|1|0|0|408000|1554|12432239|428949
1200000|1|6000|8|1|1|2|408000|1554|12432239|323042
1200000|1|6000|8|1|0|0|408000|1555|12440240|429072
1200000|1|6000|8|1|1|2|408000|1555|12440240|322591
1200000|1|6000|8|1|0|0|408000|1556|12448239|428949
1200000|1|6000|8|1|1|2|408000|1556|12448239|322919
1200000|1|6000|8|1|0|0|408000|1557|12456240|428293
1200000|1|6000|8|1|1|2|408000|1557|12456240|322878
1200000|1|6000|8|1|0|0|408000|1558|12464239|427719
1200000|1|6000|8|1|1|2|408000|1558|12464239|322878
1200000|1|6000|8|1|0|0|408000|1559|12472239|427432
1200000|1|6000|8|1|1|2|408000|1559|12472239|322919
1200000|1|6000|8|1|0|0|408000|1560|12480240|427883
1200000|1|6000|8|1|1|2|408000|1560|12480240|322591
1200000|1|6000|8|1|0|0|408000|1561|12488239|428539
1200000|1|6000|8|1|1|2|408000|1561|12488239|320459
1200000|1|6000|8|1|0|0|408000|1562|12496235|429810
1200000|1|6000|8|1|1|2|408000|1562|12496235|318778
1200000|1|6000|8|1|0|0|408000|1563|12504233|430138
1200000|1|6000|8|1|1|2|408000|1563|12504233|317343
1200000|1|6000|8|1|0|0|408000|1564|12512230|430548
1200000|1|6000|8|1|1|2|408000|1564|12512230|314924
1200000|1|6000|8|1|0|0|408000|1565|12520227|431204
1200000|1|6000|8|1|1|2|408000|1565|12520227|313817
1200000|1|6000|8|1|0|0|408000|1566|12528225|431368
1200000|1|6000|8|1|1|2|408000|1566|12528225|311603
1200000|1|6000|8|1|0|0|408000|1567|12536222|430466
1200000|1|6000|8|1|1|2|408000|1567|12536222|310906
1200000|1|6000|8|1|0|0|408000|1568|12544220|429769
1200000|1|6000|8|1|1|2|408000|1568|12544220|308979
1200000|1|6000|8|1|0|0|408000|1569|12552216|428990
1200000|1|6000|8|1|1|2|408000|1569|12552216|308487
1200000|1|6000|8|1|0|0|408000|1570|12560215|429031
1200000|1|6000|8|1|1|2|408000|1570|12560215|307175
1200000|1|6000|8|1|0|0|408000|1571|12568213|428826
1200000|1|6000|8|1|1|2|408000|1571|12568213|306560
1200000|1|6000|8|1|0|0|408000|1572|12576212|428375
1200000|1|6000|8|1|1|2|408000|1572|12576212|305822
1200000|1|6000|8|1|0|0|408000|1573|12584210|428170
1200000|1|6000|8|1|1|2|408000|1573|12584210|305043
1200000|1|6000|8|1|0|0|408000|1574|12592208|427514
1200000|1|6000|8|1|1|2|408000|1574|12592208|304387
1200000|1|6000|8|1|0|0|408000|1575|12600207|427063
1200000|1|6000|8|1|1|2|408000|1575|12600207|303403
1200000|1|6000|8|1|0|0|408000|1576|12608205|425751
1200000|1|6000|8|1|1|2|408000|1576|12608205|302337
1200000|1|6000|8|1|0|0|408000|1577|12616204|424767
1200000|1|6000|8|1|1|2|408000|1577|12616204|301681
1200000|1|6000|8|1|0|0|408000|1578|12624203|424234
1200000|1|6000|8|1|1|2|408000|1578|12624203|300779
1200000|1|6000|8|1|0|0|408000|1579|12632202|423701
1200000|1|6000|8|1|1|2|408000|1579|12632202|299426
1200000|1|6000|8|1|0|0|408000|1580|12640201|423250
1200000|1|6000|8|1|1|2|408000|1580|12640201|299221
1200000|1|6000|8|1|0|0|408000|1581|12648202|422799
1200000|1|6000|8|1|1|2|408000|1581|12648202|298278
1200000|1|6000|8|1|0|0|408000|1582|12656200|422143
1200000|1|6000|8|1|1|2|408000|1582|12656200|297499
1200000|1|6000|8|1|0|0|408000|1583|12664200|421487
1200000|1|6000|8|1|1|2|408000|1583|12664200|296884
1200000|1|6000|8|1|0|0|408000|1584|12672199|420995
1200000|1|6000|8|1|1|2|408000|1584|12672199|296556
1200000|1|6000|8|1|0|0|408000|1585|12680200|421118
1200000|1|6000|8|1|1|2|408000|1585|12680200|296310
1200000|1|6000|8|1|0|0|408000|1586|12688199|420913
1200000|1|6000|8|1|1|2|408000|1586|12688199|295777
1200000|1|6000|8|1|0|0|408000|1587|12696198|420503
1200000|1|6000|8|1|1|2|408000|1587|12696198|295203
1200000|1|6000|8|1|0|0|408000|1588|12704198|420011
1200000|1|6000|8|1|1|2|408000|1588|12704198|294629
1200000|1|6000|8|1|0|0|408000|1589|12712198|420216
1200000|1|6000|8|1|1|2|408000|1589|12712198|294506
1200000|1|6000|8|1|0|0|408000|1590|12720198|419847
1200000|1|6000|8|1|1|2|408000|1590|12720198|293440
1200000|1|6000|8|1|0|0|408000|1591|12728198|419519
1200000|1|6000|8|1|1|2|408000|1591|12728198|292538
1200000|1|6000|8|1|0|0|408000|1592|12736197|418904
1200000|1|6000|8|1|1|2|408000|1592|12736197|291513
1200000|1|6000|8|1|0|0|408000|1593|12744197|418986
1200000|1|6000|8|1|1|2|408000|1593|12744197|291103
1200000|1|6000|8|1|0|0|408000|1594|12752196|418289
1200000|1|6000|8|1|1|2|408000|1594|12752196|291062
1200000|1|6000|8|1|0|0|408000|1595|12760195|418166
1200000|1|6000|8|1|1|2|408000|1595|12760195|290857
1200000|1|6000|8|1|0|0|408000|1596|12768195|417510
1200000|1|6000|8|1|1|2|408000|1596|12768195|291103
1200000|1|6000|8|1|0|0|408000|1597|12776195|417797
1200000|1|6000|8|1|1|2|408000|1597|12776195|291062
1200000|1|6000|8|1|0|0|408000|1598|12784196|417961
1200000|1|6000|8|1|1|2|408000|1598|12784196|290816
1200000|1|6000|8|1|0|0|408000|1599|12792195|418002
1200000|1|6000|8|1|1|2|408000|1599|12792195|290652
1200000|1|6000|8|1|0|0|408000|1600|12800195|419109
1200000|1|6000|8|1|1|2|408000|1600|12800195|289504
1200000|1|6000|8|1|0|0|408000|1601|12808194|419068
1200000|1|6000|8|1|1|2|408000|1601|12808194|289094
1200000|1|6000|8|1|0|0|408000|1602|12816194|420011
1200000|1|6000|8|1|1|2|408000|1602|12816194|288807
1200000|1|6000|8|1|0|0|408000|1603|12824194|419765
1200000|1|6000|8|1|1|2|408000|1603|12824194|288807
1200000|1|6000|8|1|0|0|408000|1604|12832194|420462
1200000|1|6000|8|1|1|2|408000|1604|12832194|288602
1200000|1|6000|8|1|0|0|408000|1605|12840193|420052
1200000|1|6000|8|1|1|2|408000|1605|12840193|288725
1200000|1|6000|8|1|0|0|408000|1606|12848193|419519
1200000|1|6000|8|1|1|2|408000|1606|12848193|288520
1200000|1|6000|8|1|0|0|408000|1607|12856192|418248
1200000|1|6000|8|1|1|2|408000|1607|12856192|289422
1200000|1|6000|8|1|0|0|408000|1608|12864193|417551
1200000|1|6000|8|1|1|2|408000|1608|12864193|290529
1200000|1|6000|8|1|0|0|408000|1609|12872194|416977
1200000|1|6000|8|1|1|2|408000|1609|12872194|291964
1200000|1|6000|8|1|0|0|408000|1610|12880195|416567
1200000|1|6000|8|1|1|2|408000|1610|12880195|293071
1200000|1|6000|8|1|0|0|408000|1611|12888196|416075
1200000|1|6000|8|1|1|2|408000|1611|12888196|293522
1200000|1|6000|8|1|0|0|408000|1612|12896196|416444
1200000|1|6000|8|1|1|2|408000|1612|12896196|294588
1200000|1|6000|8|1|0|0|408000|1613|12904196|416813
1200000|1|6000|8|1|1|2|408000|1613|12904196|294875
1200000|1|6000|8|1|0|0|408000|1614|12912196|416444
1200000|1|6000|8|1|1|2|408000|1614|12912196|296351
1200000|1|6000|8|1|0|0|408000|1615|12920197|416075
1200000|1|6000|8|1|1|2|408000|1615|12920197|296925
1200000|1|6000|8|1|0|0|408000|1616|12928197|415665
1200000|1|6000|8|1|1|2|408000|1616|12928197|297335
1200000|1|6000|8|1|0|0|408000|1617|12936198|415132
1200000|1|6000|8|1|1|2|408000|1617|12936198|297458
1200000|1|6000|8|1|0|0|408000|1618|12944199|414435
1200000|1|6000|8|1|1|2|408000|1618|12944199|297581
1200000|1|6000|8|1|0|0|408000|1619|12952199|413082
1200000|1|6000|8|1|1|2|408000|1619|12952199|298442
1200000|1|6000|8|1|0|0|408000|1620|12960200|411565
1200000|1|6000|8|1|1|2|408000|1620|12960200|298729
1200000|1|6000|8|1|0|0|408000|1621|12968201|410704
1200000|1|6000|8|1|1|2|408000|1621|12968201|299549
1200000|1|6000|8|1|0|0|408000|1622|12976201|410089
1200000|1|6000|8|1|1|2|408000|1622|12976201|300369
1200000|1|6000|8|1|0|0|408000|1623|12984201|409351
1200000|1|6000|8|1|1|2|408000|1623|12984201|301107
1200000|1|6000|8|1|0|0|408000|1624|12992202|408326
1200000|1|6000|8|1|1|2|408000|1624|12992202|300861
1200000|1|6000|8|1|0|0|408000|1625|13000202|408080
1200000|1|6000|8|1|1|2|408000|1625|13000202|300943
1200000|1|6000|8|1|0|0|408000|1626|13008203|407055
1200000|1|6000|8|1|1|2|408000|1626|13008203|301025
1200000|1|6000|8|1|0|0|408000|1627|13016203|407260
1200000|1|6000|8|1|1|2|408000|1627|13016203|301804
1200000|1|6000|8|1|0|0|408000|1628|13024205|406440
1200000|1|6000|8|1|1|2|408000|1628|13024205|301845
1200000|1|6000|8|1|0|0|408000|1629|13032205|406235
1200000|1|6000|8|1|1|2|408000|1629|13032205|301517
1200000|1|6000|8|1|0|0|408000|1630|13040205|405907
1200000|1|6000|8|1|1|2|408000|1630|13040205|301353
1200000|1|6000|8|1|0|0|408000|1631|13048205|405620
1200000|1|6000|8|1|1|2|408000|1631|13048205|300697
1200000|1|6000|8|1|0|0|408000|1632|13056204|404964
1200000|1|6000|8|1|1|2|408000|1632|13056204|300533
1200000|1|6000|8|1|0|0|408000|1633|13064204|404472
1200000|1|6000|8|1|1|2|408000|1633|13064204|298975
1200000|1|6000|8|1|0|0|408000|1634|13072203|404021
1200000|1|6000|8|1|1|2|408000|1634|13072203|298647
1200000|1|6000|8|1|0|0|408000|1635|13080203|403201
1200000|1|6000|8|1|1|2|408000|1635|13080203|297171
1200000|1|6000|8|1|0|0|408000|1636|13088201|402422
1200000|1|6000|8|1|1|2|408000|1636|13088201|297212
1200000|1|6000|8|1|0|0|408000|1637|13096202|401643
1200000|1|6000|8|1|1|2|408000|1637|13096202|296146
1200000|1|6000|8|1|0|0|408000|1638|13104201|401028
1200000|1|6000|8|1|1|2|408000|1638|13104201|295900
1200000|1|6000|8|1|0|0|408000|1639|13112200|400659
1200000|1|6000|8|1|1|2|408000|1639|13112200|295285
1200000|1|6000|8|1|0|0|408000|1640|13120199|400126
1200000|1|6000|8|1|1|2|408000|1640|13120199|295244
1200000|1|6000|8|1|0|0|408000|1641|13128199|399675
1200000|1|6000|8|1|1|2|408000|1641|13128199|294875
1200000|1|6000|8|1|0|0|408000|1642|13136198|400126
1200000|1|6000|8|1|1|2|408000|1642|13136198|294219
1200000|1|6000|8|1|0|0|408000|1643|13144198|400577
1200000|1|6000|8|1|1|2|408000|1643|13144198|293399
1200000|1|6000|8|1|0|0|408000|1644|13152197|400126
1200000|1|6000|8|1|1|2|408000|1644|13152197|293071
1200000|1|6000|8|1|0|0|408000|1645|13160197|400167
1200000|1|6000|8|1|1|2|408000|1645|13160197|293481
1200000|1|6000|8|1|0|0|408000|1646|13168197|399757
1200000|1|6000|8|1|1|2|408000|1646|13168197|293235
1200000|1|6000|8|1|0|0|408000|1647|13176197|399798
1200000|1|6000|8|1|1|2|408000|1647|13176197|293727
1200000|1|6000|8|1|0|0|408000|1648|13184198|399511
1200000|1|6000|8|1|1|2|408000|1648|13184198|293727
1200000|1|6000|8|1|0|0|408000|1649|13192198|399921
1200000|1|6000|8|1|1|2|408000|1649|13192198|294137
1200000|1|6000|8|1|0|0|408000|1650|13200198|400085
1200000|1|6000|8|1|1|2|408000|1650|13200198|294711
1200000|1|6000|8|1|0|0|408000|1651|13208199|401028
1200000|1|6000|8|1|1|2|408000|1651|13208199|294670
1200000|1|6000|8|1|0|0|408000|1652|13216198|400987
1200000|1|6000|8|1|1|2|408000|1652|13216198|294752
1200000|1|6000|8|1|0|0|408000|1653|13224197|401315
1200000|1|6000|8|1|1|2|408000|1653|13224197|294465
1200000|1|6000|8|1|0|0|408000|1654|13232197|401192
1200000|1|6000|8|1|1|2|408000|1654|13232197|294178
1200000|1|6000|8|1|0|0|408000|1655|13240197|401520
1200000|1|6000|8|1|1|2|408000|1655|13240197|294342
1200000|1|6000|8|1|0|0|408000|1656|13248197|401356
1200000|1|6000|8|1|1|2|408000|1656|13248197|294096
1200000|1|6000|8|1|0|0|408000|1657|13256197|401807
1200000|1|6000|8|1|1|2|408000|1657|13256197|294178
1200000|1|6000|8|1|0|0|408000|1658|13264197|402340
1200000|1|6000|8|1|1|2|408000|1658|13264197|294137
1200000|1|6000|8|1|0|0|408000|1659|13272197|403406
1200000|1|6000|8|1|1|2|408000|1659|13272197|294383
1200000|1|6000|8|1|0|0|408000|1660|13280199|404308
1200000|1|6000|8|1|1|2|408000|1660|13280199|294629
1200000|1|6000|8|1|0|0|408000|1661|13288198|405128
1200000|1|6000|8|1|1|2|408000|1661|13288198|293973
1200000|1|6000|8|1|0|0|408000|1662|13296198|405784
1200000|1|6000|8|1|1|2|408000|1662|13296198|293604
1200000|1|6000|8|1|0|0|408000|1663|13304198|405661
1200000|1|6000|8|1|1|2|408000|1663|13304198|292948
1200000|1|6000|8|1|0|0|408000|1664|13312199|405948
1200000|1|6000|8|1|1|2|408000|1664|13312199|292579
1200000|1|6000|8|1|0|0|408000|1665|13320200|406153
1200000|1|6000|8|1|1|2|408000|1665|13320200|292456
1200000|1|6000|8|1|0|0|408000|1666|13328200|406358
1200000|1|6000|8|1|1|2|408000|1666|13328200|291513
1200000|1|6000|8|1|0|0|408000|1667|13336200|406358
1200000|1|6000|8|1|1|2|408000|1667|13336200|291185
1200000|1|6000|8|1|0|0|408000|1668|13344200|406235
1200000|1|6000|8|1|1|2|408000|1668|13344200|291226
1200000|1|6000|8|1|0|0|408000|1669|13352201|407014
1200000|1|6000|8|1|1|2|408000|1669|13352201|291103
1200000|1|6000|8|1|0|0|408000|1670|13360200|407014
1200000|1|6000|8|1|1|2|408000|1670|13360200|290857
1200000|1|6000|8|1|0|0|408000|1671|13368201|407834
1200000|1|6000|8|1|1|2|408000|1671|13368201|289709
1200000|1|6000|8|1|0|0|408000|1672|13376200|407383
1200000|1|6000|8|1|1|2|408000|1672|13376200|289258
1200000|1|6000|8|1|0|0|408000|1673|13384200|406768
1200000|1|6000|8|1|1|2|408000|1673|13384200|288561
1200000|1|6000|8|1|0|0|408000|1674|13392200|405497
1200000|1|6000|8|1|1|2|408000|1674|13392200|289053
1200000|1|6000|8|1|0|0|408000|1675|13400202|405292
1200000|1|6000|8|1|1|2|408000|1675|13400202|289422
1200000|1|6000|8|1|0|0|408000|1676|13408204|404267
1200000|1|6000|8|1|1|2|408000|1676|13408204|290242
1200000|1|6000|8|1|0|0|408000|1677|13416205|404144
1200000|1|6000|8|1|1|2|408000|1677|13416205|290898
1200000|1|6000|8|1|0|0|408000|1678|13424207|403324
1200000|1|6000|8|1|1|2|408000|1678|13424207|291841
1200000|1|6000|8|1|0|0|408000|1679|13432208|403529
1200000|1|6000|8|1|1|2|408000|1679|13432208|292784
1200000|1|6000|8|1|0|0|408000|1680|13440209|403898
1200000|1|6000|8|1|1|2|408000|1680|13440209|293604
1200000|1|6000|8|1|0|0|408000|1681|13448211|403980
1200000|1|6000|8|1|1|2|408000|1681|13448211|294178
1200000|1|6000|8|1|0|0|408000|1682|13456212|403283
1200000|1|6000|8|1|1|2|408000|1682|13456212|293194
1200000|1|6000|8|1|0|0|408000|1683|13464211|402463
1200000|1|6000|8|1|1|2|408000|1683|13464211|293235
1200000|1|6000|8|1|0|0|408000|1684|13472210|402299
1200000|1|6000|8|1|1|2|408000|1684|13472210|293112
1200000|1|6000|8|1|0|0|408000|1685|13480211|401602
1200000|1|6000|8|1|1|2|408000|1685|13480211|293112
1200000|1|6000|8|1|0|0|408000|1686|13488211|401356
1200000|1|6000|8|1|1|2|408000|1686|13488211|293276
1200000|1|6000|8|1|0|0|408000|1687|13496211|401561
1200000|1|6000|8|1|1|2|408000|1687|13496211|293563
1200000|1|6000|8|1|0|0|408000|1688|13504211|402176
1200000|1|6000|8|1|1|2|408000|1688|13504211|293153
1200000|1|6000|8|1|0|0|408000|1689|13512211|402422
1200000|1|6000|8|1|1|2|408000|1689|13512211|293973
1200000|1|6000|8|1|0|0|408000|1690|13520212|402668
1200000|1|6000|8|1|1|2|408000|1690|13520212|293768
1200000|1|6000|8|1|0|0|408000|1691|13528212|403037
1200000|1|6000|8|1|1|2|408000|1691|13528212|294506
1200000|1|6000|8|1|0|0|408000|1692|13536212|403242
1200000|1|6000|8|1|1|2|408000|1692|13536212|294875
1200000|1|6000|8|1|0|0|408000|1693|13544212|403365
1200000|1|6000|8|1|1|2|408000|1693|13544212|295900
1200000|1|6000|8|1|0|0|408000|1694|13552213|402873
1200000|1|6000|8|1|1|2|408000|1694|13552213|296433
1200000|1|6000|8|1|0|0|408000|1695|13560213|402627
1200000|1|6000|8|1|1|2|408000|1695|13560213|296843
1200000|1|6000|8|1|0|0|408000|1696|13568213|402176
1200000|1|6000|8|1|1|2|408000|1696|13568213|296761
1200000|1|6000|8|1|0|0|408000|1697|13576213|402586
1200000|1|6000|8|1|1|2|408000|1697|13576213|296966
1200000|1|6000|8|1|0|0|408000|1698|13584213|402668
1200000|1|6000|8|1|1|2|408000|1698|13584213|296597
1200000|1|6000|8|1|0|0|408000|1699|13592213|403037
1200000|1|6000|8|1|1|2|408000|1699|13592213|296146
1200000|1|6000|8|1|0|0|408000|1700|13600213|403488
1200000|1|6000|8|1|1|2|408000|1700|13600213|295777
1200000|1|6000|8|1|0|0|408000|1701|13608213|403611
1200000|1|6000|8|1|1|2|408000|1701|13608213|295285
1200000|1|6000|8|1|0|0|408000|1702|13616213|403898
1200000|1|6000|8|1|1|2|408000|1702|13616213|295080
1200000|1|6000|8|1|0|0|408000|1703|13624212|403324
1200000|1|6000|8|1|1|2|408000|1703|13624212|294752
1200000|1|6000|8|1|0|0|408000|1704|13632212|403775
1200000|1|6000|8|1|1|2|408000|1704|13632212|295121
1200000|1|6000|8|1|0|0|408000|1705|13640213|403693
1200000|1|6000|8|1|1|2|408000|1705|13640213|294752
1200000|1|6000|8|1|0|0|408000|1706|13648212|403939
1200000|1|6000|8|1|1|2|408000|1706|13648212|295080
1200000|1|6000|8|1|0|0|408000|1707|13656213|404062
1200000|1|6000|8|1|1|2|408000|1707|13656213|294875
1200000|1|6000|8|1|0|0|408000|1708|13664213|404636
1200000|1|6000|8|1|1|2|408000|1708|13664213|294711
1200000|1|6000|8|1|0|0|408000|1709|13672213|405046
1200000|1|6000|8|1|1|2|408000|1709|13672213|294588
1200000|1|6000|8|1|0|0|408000|1710|13680213|405251
1200000|1|6000|8|1|1|2|408000|1710|13680213|294137
1200000|1|6000|8|1|0|0|408000|1711|13688214|405169
1200000|1|6000|8|1|1|2|408000|1711|13688214|293727
1200000|1|6000|8|1|0|0|408000|1712|13696213|405087
1200000|1|6000|8|1|1|2|408000|1712|13696213|293235
1200000|1|6000|8|1|0|0|408000|1713|13704213|405128
1200000|1|6000|8|1|1|2|408000|1713|13704213|293686
1200000|1|6000|8|1|0|0|408000|1714|13712213|405251
1200000|1|6000|8|1|1|2|408000|1714|13712213|293891
1200000|1|6000|8|1|0|0|408000|1715|13720213|405702
1200000|1|6000|8|1|1|2|408000|1715|13720213|294998
1200000|1|6000|8|1|0|0|408000|1716|13728214|405784
1200000|1|6000|8|1|1|2|408000|1716|13728214|294998
1200000|1|6000|8|1|0|0|408000|1717|13736213|406768
1200000|1|6000|8|1|1|2|408000|1717|13736213|296228
1200000|1|6000|8|1|0|0|408000|1718|13744214|408039
1200000|1|6000|8|1|1|2|408000|1718|13744214|295982
1200000|1|6000|8|1|0|0|408000|1719|13752214|409925
1200000|1|6000|8|1|1|2|408000|1719|13752214|296802
1200000|1|6000|8|1|0|0|408000|1720|13760215|411278
1200000|1|6000|8|1|1|2|408000|1720|13760215|296720
1200000|1|6000|8|1|0|0|408000|1721|13768216|412713
1200000|1|6000|8|1|1|2|408000|1721|13768216|296269
1200000|1|6000|8|1|0|0|408000|1722|13776216|413738
1200000|1|6000|8|1|1|2|408000|1722|13776216|296228
1200000|1|6000|8|1|0|0|408000|1723|13784216|415419
1200000|1|6000|8|1|1|2|408000|1723|13784216|296392
1200000|1|6000|8|1|0|0|408000|1724|13792216|415747
1200000|1|6000|8|1|1|2|408000|1724|13792216|296966
1200000|1|6000|8|1|0|0|408000|1725|13800216|416362
1200000|1|6000|8|1|1|2|408000|1725|13800216|297540
1200000|1|6000|8|1|0|0|408000|1726|13808217|416403
1200000|1|6000|8|1|1|2|408000|1726|13808217|297909
1200000|1|6000|8|1|0|0|408000|1727|13816218|417264
1200000|1|6000|8|1|1|2|408000|1727|13816218|298729
1200000|1|6000|8|1|0|0|408000|1728|13824218|417305
1200000|1|6000|8|1|1|2|408000|1728|13824218|298934
1200000|1|6000|8|1|0|0|408000|1729|13832219|418289
1200000|1|6000|8|1|1|2|408000|1729|13832219|298237
1200000|1|6000|8|1|0|0|408000|1730|13840219|418535
1200000|1|6000|8|1|1|2|408000|1730|13840219|298319
1200000|1|6000|8|1|0|0|408000|1731|13848220|419314
1200000|1|6000|8|1|1|2|408000|1731|13848220|298483
1200000|1|6000|8|1|0|0|408000|1732|13856221|419683
1200000|1|6000|8|1|1|2|408000|1732|13856221|298524
1200000|1|6000|8|1|0|0|408000|1733|13864221|419929
1200000|1|6000|8|1|1|2|408000|1733|13864221|299180
1200000|1|6000|8|1|0|0|408000|1734|13872222|418658
1200000|1|6000|8|1|1|2|408000|1734|13872222|298811
1200000|1|6000|8|1|0|0|408000|1735|13880223|417879
1200000|1|6000|8|1|1|2|408000|1735|13880223|299344
1200000|1|6000|8|1|0|0|408000|1736|13888224|417838
1200000|1|6000|8|1|1|2|408000|1736|13888224|298524
1200000|1|6000|8|1|0|0|408000|1737|13896224|417469
1200000|1|6000|8|1|1|2|408000|1737|13896224|298319
1200000|1|6000|8|1|0|0|408000|1738|13904225|417264
1200000|1|6000|8|1|1|2|408000|1738|13904225|297663
1200000|1|6000|8|1|0|0|408000|1739|13912225|417018
1200000|1|6000|8|1|1|2|408000|1739|13912225|297335
1200000|1|6000|8|1|0|0|408000|1740|13920226|417674
1200000|1|6000|8|1|1|2|408000|1740|13920226|296884
1200000|1|6000|8|1|0|0|408000|1741|13928226|418166
1200000|1|6000|8|1|1|2|408000|1741|13928226|296064
1200000|1|6000|8|1|0|0|408000|1742|13936227|419068
1200000|1|6000|8|1|1|2|408000|1742|13936227|295121
1200000|1|6000|8|1|0|0|408000|1743|13944226|418904
1200000|1|6000|8|1|1|2|408000|1743|13944226|294793
1200000|1|6000|8|1|0|0|408000|1744|13952226|418986
1200000|1|6000|8|1|1|2|408000|1744|13952226|294547
1200000|1|6000|8|1|0|0|408000|1745|13960226|418576
1200000|1|6000|8|1|1|2|408000|1745|13960226|293932
1200000|1|6000|8|1|0|0|408000|1746|13968225|419109
1200000|1|6000|8|1|1|2|408000|1746|13968225|293112
1200000|1|6000|8|1|0|0|408000|1747|13976225|418412
1200000|1|6000|8|1|1|2|408000|1747|13976225|292620
1200000|1|6000|8|1|0|0|408000|1748|13984225|418412
1200000|1|6000|8|1|1|2|408000|1748|13984225|292005
1200000|1|6000|8|1|0|0|408000|1749|13992225|417182
1200000|1|6000|8|1|1|2|408000|1749|13992225|292005
1200000|1|6000|8|1|0|0|408000|1750|14000227|416567
1200000|1|6000|8|1|1|2|408000|1750|14000227|292538
1200000|1|6000|8|1|0|0|408000|1751|14008228|416485
1200000|1|6000|8|1|1|2|408000|1751|14008228|293727
1200000|1|6000|8|1|0|0|408000|1752|14016230|415706
1200000|1|6000|8|1|1|2|408000|1752|14016230|294875
1200000|1|6000|8|1|0|0|408000|1753|14024231|415911
1200000|1|6000|8|1|1|2|408000|1753|14024231|295736
1200000|1|6000|8|1|0|0|408000|1754|14032232|415378
1200000|1|6000|8|1|1|2|408000|1754|14032232|296474
1200000|1|6000|8|1|0|0|408000|1755|14040234|415460
1200000|1|6000|8|1|1|2|408000|1755|14040234|297130
1200000|1|6000|8|1|0|0|408000|1756|14048235|414763
1200000|1|6000|8|1|1|2|408000|1756|14048235|298114
1200000|1|6000|8|1|0|0|408000|1757|14056236|415009
1200000|1|6000|8|1|1|2|408000|1757|14056236|298237
1200000|1|6000|8|1|0|0|408000|1758|14064236|415050
1200000|1|6000|8|1|1|2|408000|1758|14064236|298401
1200000|1|6000|8|1|0|0|408000|1759|14072237|415460
1200000|1|6000|8|1|1|2|408000|1759|14072237|297335
1200000|1|6000|8|1|0|0|408000|1760|14080236|415255
1200000|1|6000|8|1|1|2|408000|1760|14080236|297827
1200000|1|6000|8|1|0|0|408000|1761|14088237|414886
1200000|1|6000|8|1|1|2|408000|1761|14088237|297130
1200000|1|6000|8|1|0|0|408000|1762|14096237|414066
1200000|1|6000|8|1|1|2|408000|1762|14096237|297458
1200000|1|6000|8|1|0|0|408000|1763|14104238|413287
1200000|1|6000|8|1|1|2|408000|1763|14104238|297294
1200000|1|6000|8|1|0|0|408000|1764|14112239|412303
1200000|1|6000|8|1|1|2|408000|1764|14112239|297786
1200000|1|6000|8|1|0|0|408000|1765|14120240|411237
1200000|1|6000|8|1|1|2|408000|1765|14120240|297991
1200000|1|6000|8|1|0|0|408000|1766|14128239|409966
1200000|1|6000|8|1|1|2|408000|1766|14128239|297622
1200000|1|6000|8|1|0|0|408000|1767|14136240|409105
1200000|1|6000|8|1|1|2|408000|1767|14136240|297991
1200000|1|6000|8|1|0|0|408000|1768|14144241|407424
1200000|1|6000|8|1|1|2|408000|1768|14144241|296638
1200000|1|6000|8|1|0|0|408000|1769|14152241|407055
1200000|1|6000|8|1|1|2|408000|1769|14152241|296679
1200000|1|6000|8|1|0|0|408000|1770|14160242|406276
1200000|1|6000|8|1|1|2|408000|1770|14160242|296228
1200000|1|6000|8|1|0|0|408000|1771|14168243|405784
1200000|1|6000|8|1|1|2|408000|1771|14168243|295941
1200000|1|6000|8|1|0|0|408000|1772|14176243|405333
1200000|1|6000|8|1|1|2|408000|1772|14176243|295285
1200000|1|6000|8|1|0|0|408000|1773|14184243|405128
1200000|1|6000|8|1|1|2|408000|1773|14184243|294957
1200000|1|6000|8|1|0|0|408000|1774|14192243|404636
1200000|1|6000|8|1|1|2|408000|1774|14192243|294793
1200000|1|6000|8|1|0|0|408000|1775|14200243|404185
1200000|1|6000|8|1|1|2|408000|1775|14200243|294424
1200000|1|6000|8|1|0|0|408000|1776|14208243|403488
1200000|1|6000|8|1|1|2|408000|1776|14208243|294424
1200000|1|6000|8|1|0|0|408000|1777|14216243|403078
1200000|1|6000|8|1|1|2|408000|1777|14216243|293727
1200000|1|6000|8|1|0|0|408000|1778|14224243|403488
1200000|1|6000|8|1|1|2|408000|1778|14224243|292989
1200000|1|6000|8|1|0|0|408000|1779|14232243|401889
1200000|1|6000|8|1|1|2|408000|1779|14232243|292415
1200000|1|6000|8|1|0|0|408000|1780|14240243|401725
1200000|1|6000|8|1|1|2|408000|1780|14240243|291759
1200000|1|6000|8|1|0|0|408000|1781|14248243|401028
1200000|1|6000|8|1|1|2|408000|1781|14248243|291882
1200000|1|6000|8|1|0|0|408000|1782|14256242|400577
1200000|1|6000|8|1|1|2|408000|1782|14256242|292333
1200000|1|6000|8|1|0|0|408000|1783|14264244|400085
1200000|1|6000|8|1|1|2|408000|1783|14264244|292907
1200000|1|6000|8|1|0|0|408000|1784|14272244|399306
1200000|1|6000|8|1|1|2|408000|1784|14272244|292825
1200000|1|6000|8|1|0|0|408000|1785|14280244|397871
1200000|1|6000|8|1|1|2|408000|1785|14280244|293071
1200000|1|6000|8|1|0|0|408000|1786|14288244|396887
1200000|1|6000|8|1|1|2|408000|1786|14288244|293071
1200000|1|6000|8|1|0|0|408000|1787|14296244|396108
1200000|1|6000|8|1|1|2|408000|1787|14296244|294137
1200000|1|6000|8|1|0|0|408000|1788|14304246|394878
1200000|1|6000|8|1|1|2|408000|1788|14304246|293973
1200000|1|6000|8|1|0|0|408000|1789|14312246|393976
1200000|1|6000|8|1|1|2|408000|1789|14312246|294588
1200000|1|6000|8|1|0|0|408000|1790|14320247|393607
1200000|1|6000|8|1|1|2|408000|1790|14320247|295121
1200000|1|6000|8|1|0|0|408000|1791|14328247|392828
1200000|1|6000|8|1|1|2|408000|1791|14328247|295613
1200000|1|6000|8|1|0|0|408000|1792|14336248|392705
1200000|1|6000|8|1|1|2|408000|1792|14336248|296105
1200000|1|6000|8|1|0|0|408000|1793|14344248|392213
1200000|1|6000|8|1|1|2|408000|1793|14344248|296433
1200000|1|6000|8|1|0|0|408000|1794|14352249|392787
1200000|1|6000|8|1|1|2|408000|1794|14352249|296966
1200000|1|6000|8|1|0|0|408000|1795|14360249|392869
1200000|1|6000|8|1|1|2|408000|1795|14360249|297540
1200000|1|6000|8|1|0|0|408000|1796|14368250|392828
1200000|1|6000|8|1|1|2|408000|1796|14368250|298811
1200000|1|6000|8|1|0|0|408000|1797|14376251|393115
1200000|1|6000|8|1|1|2|408000|1797|14376251|299139
1200000|1|6000|8|1|0|0|408000|1798|14384251|392910
1200000|1|6000|8|1|1|2|408000|1798|14384251|300123
1200000|1|6000|8|1|0|0|408000|1799|14392252|393689
1200000|1|6000|8|1|1|2|408000|1799|14392252|300369
1200000|1|6000|8|1|0|0|408000|1800|14400253|392746
1200000|1|6000|8|1|1|2|408000|1800|14400253|301025
1200000|1|6000|8|1|0|0|408000|1801|14408254|392869
1200000|1|6000|8|1|1|2|408000|1801|14408254|301025
1200000|1|6000|8|1|0|0|408000|1802|14416254|392418
1200000|1|6000|8|1|1|2|408000|1802|14416254|302009
1200000|1|6000|8|1|0|0|408000|1803|14424255|392787
1200000|1|6000|8|1|1|2|408000|1803|14424255|302296
1200000|1|6000|8|1|0|0|408000|1804|14432256|392623
1200000|1|6000|8|1|1|2|408000|1804|14432256|302665
1200000|1|6000|8|1|0|0|408000|1805|14440256|391557
1200000|1|6000|8|1|1|2|408000|1805|14440256|304715
1200000|1|6000|8|1|0|0|408000|1806|14448259|390286
1200000|1|6000|8|1|1|2|408000|1806|14448259|305781
1200000|1|6000|8|1|0|0|408000|1807|14456260|390450
1200000|1|6000|8|1|1|2|408000|1807|14456260|306560
1200000|1|6000|8|1|0|0|408000|1808|14464261|390081
1200000|1|6000|8|1|1|2|408000|1808|14464261|307585
1200000|1|6000|8|1|0|0|408000|1809|14472262|388769
1200000|1|6000|8|1|1|2|408000|1809|14472262|307339
1200000|1|6000|8|1|0|0|408000|1810|14480261|387621
1200000|1|6000|8|1|1|2|408000|1810|14480261|307667
1200000|1|6000|8|1|0|0|408000|1811|14488261|386350
1200000|1|6000|8|1|1|2|408000|1811|14488261|307585
1200000|1|6000|8|1|0|0|408000|1812|14496261|384956
1200000|1|6000|8|1|1|2|408000|1812|14496261|307872
1200000|1|6000|8|1|0|0|408000|1813|14504261|383931
1200000|1|6000|8|1|1|2|408000|1813|14504261|307913
1200000|1|6000|8|1|0|0|408000|1814|14512261|382865
1200000|1|6000|8|1|1|2|408000|1814|14512261|308036
1200000|1|6000|8|1|0|0|408000|1815|14520261|382127
1200000|1|6000|8|1|1|2|408000|1815|14520261|308118
1200000|1|6000|8|1|0|0|408000|1816|14528261|381922
1200000|1|6000|8|1|1|2|408000|1816|14528261|308241
1200000|1|6000|8|1|0|0|408000|1817|14536261|382086
1200000|1|6000|8|1|1|2|408000|1817|14536261|308446
1200000|1|6000|8|1|0|0|408000|1818|14544261|381965
1200000|1|6000|8|1|1|2|408000|1818|14544261|307708
1200000|1|6000|8|1|0|0|408000|1819|14552260|382045
1200000|1|6000|8|1|1|2|408000|1819|14552260|307544
1200000|1|6000|8|1|0|0|408000|1820|14560259|381881
1200000|1|6000|8|1|1|2|408000|1820|14560259|307298
1200000|1|6000|8|1|0|0|408000|1821|14568259|382086
1200000|1|6000|8|1|1|2|408000|1821|14568259|306806
1200000|1|6000|8|1|0|0|408000|1822|14576257|380897
1200000|1|6000|8|1|1|2|408000|1822|14576257|306970
1200000|1|6000|8|1|0|0|408000|1823|14584257|380815
1200000|1|6000|8|1|1|2|408000|1823|14584257|306970
1200000|1|6000|8|1|0|0|408000|1824|14592256|379175
1200000|1|6000|8|1|1|2|408000|1824|14592256|307421
1200000|1|6000|8|1|0|0|408000|1825|14600256|378437
1200000|1|6000|8|1|1|2|408000|1825|14600256|307462
1200000|1|6000|8|1|0|0|408000|1826|14608255|377289
1200000|1|6000|8|1|1|2|408000|1826|14608255|307421
1200000|1|6000|8|1|0|0|408000|1827|14616254|376387
1200000|1|6000|8|1|1|2|408000|1827|14616254|307093
1200000|1|6000|8|1|0|0|408000|1828|14624252|375362
1200000|1|6000|8|1|1|2|408000|1828|14624252|307052
1200000|1|6000|8|1|0|0|408000|1829|14632251|374747
1200000|1|6000|8|1|1|2|408000|1829|14632251|306765
1200000|1|6000|8|1|0|0|408000|1830|14640250|373968
1200000|1|6000|8|1|1|2|408000|1830|14640250|306929
1200000|1|6000|8|1|0|0|408000|1831|14648249|373640
1200000|1|6000|8|1|1|2|408000|1831|14648249|306560
1200000|1|6000|8|1|0|0|408000|1832|14656247|373681
1200000|1|6000|8|1|1|2|408000|1832|14656247|306929
1200000|1|6000|8|1|0|0|408000|1833|14664248|373476
1200000|1|6000|8|1|1|2|408000|1833|14664248|307872
1200000|1|6000|8|1|0|0|408000|1834|14672248|373353
1200000|1|6000|8|1|1|2|408000|1834|14672248|308077
1200000|1|6000|8|1|0|0|408000|1835|14680248|372861
1200000|1|6000|8|1|1|2|408000|1835|14680248|308364
1200000|1|6000|8|1|0|0|408000|1836|14688248|372738
1200000|1|6000|8|1|1|2|408000|1836|14688248|308487
1200000|1|6000|8|1|0|0|408000|1837|14696248|372902
1200000|1|6000|8|1|1|2|408000|1837|14696248|309348
1200000|1|6000|8|1|0|0|408000|1838|14704247|372410
1200000|1|6000|8|1|1|2|408000|1838|14704247|309758
1200000|1|6000|8|1|0|0|408000|1839|14712247|371918
1200000|1|6000|8|1|1|2|408000|1839|14712247|310086
1200000|1|6000|8|1|0|0|408000|1840|14720247|371754
1200000|1|6000|8|1|1|2|408000|1840|14720247|309471
1200000|1|6000|8|1|0|0|408000|1841|14728246|371672
1200000|1|6000|8|1|1|2|408000|1841|14728246|310168
1200000|1|6000|8|1|0|0|408000|1842|14736246|371795
1200000|1|6000|8|1|1|2|408000|1842|14736246|309348
1200000|1|6000|8|1|0|0|408000|1843|14744245|371713
1200000|1|6000|8|1|1|2|408000|1843|14744245|310045
1200000|1|6000|8|1|0|0|408000|1844|14752244|371590
1200000|1|6000|8|1|1|2|408000|1844|14752244|309963
1200000|1|6000|8|1|0|0|408000|1845|14760243|371590
1200000|1|6000|8|1|1|2|408000|1845|14760243|310783
1200000|1|6000|8|1|0|0|408000|1846|14768244|371754
1200000|1|6000|8|1|1|2|408000|1846|14768244|310783
1200000|1|6000|8|1|0|0|408000|1847|14776244|371959
1200000|1|6000|8|1|1|2|408000|1847|14776244|312341
1200000|1|6000|8|1|0|0|408000|1848|14784245|371959
1200000|1|6000|8|1|1|2|408000|1848|14784245|312546
1200000|1|6000|8|1|0|0|408000|1849|14792246|372164
1200000|1|6000|8|1|1|2|408000|1849|14792246|313038
1200000|1|6000|8|1|0|0|408000|1850|14800247|371877
1200000|1|6000|8|1|1|2|408000|1850|14800247|312874
1200000|1|6000|8|1|0|0|408000|1851|14808247|371877
1200000|1|6000|8|1|1|2|408000|1851|14808247|312997
1200000|1|6000|8|1|0|0|408000|1852|14816248|372123
1200000|1|6000|8|1|1|2|408000|1852|14816248|313776
1200000|1|6000|8|1|0|0|408000|1853|14824249|372697
1200000|1|6000|8|1|1|2|408000|1853|14824249|313858
1200000|1|6000|8|1|0|0|408000|1854|14832249|372410
1200000|1|6000|8|1|1|2|408000|1854|14832249|313817
1200000|1|6000|8|1|0|0|408000|1855|14840249|372369
1200000|1|6000|8|1|1|2|408000|1855|14840249|313366
1200000|1|6000|8|1|0|0|408000|1856|14848248|372123
1200000|1|6000|8|1|1|2|408000|1856|14848248|313612
1200000|1|6000|8|1|0|0|408000|1857|14856248|372082
1200000|1|6000|8|1|1|2|408000|1857|14856248|312874
1200000|1|6000|8|1|0|0|408000|1858|14864247|372369
1200000|1|6000|8|1|1|2|408000|1858|14864247|313038
1200000|1|6000|8|1|0|0|408000|1859|14872248|372205
1200000|1|6000|8|1|1|2|408000|1859|14872248|312054
1200000|1|6000|8|1|0|0|408000|1860|14880247|371385
1200000|1|6000|8|1|1|2|408000|1860|14880247|312710
1200000|1|6000|8|1|0|0|408000|1861|14888247|370565
1200000|1|6000|8|1|1|2|408000|1861|14888247|311972
1200000|1|6000|8|1|0|0|408000|1862|14896247|369417
1200000|1|6000|8|1|1|2|408000|1862|14896247|312300
1200000|1|6000|8|1|0|0|408000|1863|14904248|368474
1200000|1|6000|8|1|1|2|408000|1863|14904248|311972
1200000|1|6000|8|1|0|0|408000|1864|14912248|367859
1200000|1|6000|8|1|1|2|408000|1864|14912248|312054
1200000|1|6000|8|1|0|0|408000|1865|14920249|367490
1200000|1|6000|8|1|1|2|408000|1865|14920249|312095
1200000|1|6000|8|1|0|0|408000|1866|14928249|366752
1200000|1|6000|8|1|1|2|408000|1866|14928249|311521
1200000|1|6000|8|1|0|0|408000|1867|14936249|366096
1200000|1|6000|8|1|1|2|408000|1867|14936249|311644
1200000|1|6000|8|1|0|0|408000|1868|14944250|366055
1200000|1|6000|8|1|1|2|408000|1868|14944250|310906
1200000|1|6000|8|1|0|0|408000|1869|14952249|365891
1200000|1|6000|8|1|1|2|408000|1869|14952249|311398
1200000|1|6000|8|1|0|0|408000|1870|14960250|365932
1200000|1|6000|8|1|1|2|408000|1870|14960250|311152
1200000|1|6000|8|1|0|0|408000|1871|14968250|364661
1200000|1|6000|8|1|1|2|408000|1871|14968250|312095
1200000|1|6000|8|1|0|0|408000|1872|14976250|363964
1200000|1|6000|8|1|1|2|408000|1872|14976250|311972
1200000|1|6000|8|1|0|0|408000|1873|14984250|363185
1200000|1|6000|8|1|1|2|408000|1873|14984250|312546
1200000|1|6000|8|1|0|0|408000|1874|14992250|362406
1200000|1|6000|8|1|1|2|408000|1874|14992250|312382
1200000|1|6000|8|1|0|0|408000|1875|15000250|361914
1200000|1|6000|8|1|1|2|408000|1875|15000250|312751
1200000|1|6000|8|1|0|0|408000|1876|15008250|360520
1200000|1|6000|8|1|1|2|408000|1876|15008250|312833
1200000|1|6000|8|1|0|0|408000|1877|15016250|359946
1200000|1|6000|8|1|1|2|408000|1877|15016250|313161
1200000|1|6000|8|1|0|0|408000|1878|15024249|359003
1200000|1|6000|8|1|1|2|408000|1878|15024249|312587
1200000|1|6000|8|1|0|0|408000|1879|15032249|358593
1200000|1|6000|8|1|1|2|408000|1879|15032249|312136
1200000|1|6000|8|1|0|0|408000|1880|15040249|358470
1200000|1|6000|8|1|1|2|408000|1880|15040249|312546
1200000|1|6000|8|1|0|0|408000|1881|15048249|358224
1200000|1|6000|8|1|1|2|408000|1881|15048249|312546
1200000|1|6000|8|1|0|0|408000|1882|15056249|357322
1200000|1|6000|8|1|1|2|408000|1882|15056249|312628
1200000|1|6000|8|1|0|0|408000|1883|15064250|356871
1200000|1|6000|8|1|1|2|408000|1883|15064250|312300
1200000|1|6000|8|1|0|0|408000|1884|15072249|356953
1200000|1|6000|8|1|1|2|408000|1884|15072249|313325
1200000|1|6000|8|1|0|0|408000|1885|15080250|357240
1200000|1|6000|8|1|1|2|408000|1885|15080250|313653
1200000|1|6000|8|1|0|0|408000|1886|15088250|357240
1200000|1|6000|8|1|1|2|408000|1886|15088250|315170
1200000|1|6000|8|1|0|0|408000|1887|15096251|357035
1200000|1|6000|8|1|1|2|408000|1887|15096251|315416
1200000|1|6000|8|1|0|0|408000|1888|15104251|357445
1200000|1|6000|8|1|1|2|408000|1888|15104251|316277
1200000|1|6000|8|1|0|0|408000|1889|15112252|357404
1200000|1|6000|8|1|1|2|408000|1889|15112252|316605
1200000|1|6000|8|1|0|0|408000|1890|15120254|357650
1200000|1|6000|8|1|1|2|408000|1890|15120254|316810
1200000|1|6000|8|1|0|0|408000|1891|15128254|356912
1200000|1|6000|8|1|1|2|408000|1891|15128254|317056
1200000|1|6000|8|1|0|0|408000|1892|15136254|356215
1200000|1|6000|8|1|1|2|408000|1892|15136254|317712
1200000|1|6000|8|1|0|0|408000|1893|15144255|355846
1200000|1|6000|8|1|1|2|408000|1893|15144255|318286
1200000|1|6000|8|1|0|0|408000|1894|15152256|355436
1200000|1|6000|8|1|1|2|408000|1894|15152256|318901
1200000|1|6000|8|1|0|0|408000|1895|15160257|355436
1200000|1|6000|8|1|1|2|408000|1895|15160257|319557
1200000|1|6000|8|1|0|0|408000|1896|15168259|354780
1200000|1|6000|8|1|1|2|408000|1896|15168259|320664
1200000|1|6000|8|1|0|0|408000|1897|15176260|355477
1200000|1|6000|8|1|1|2|408000|1897|15176260|320869
1200000|1|6000|8|1|0|0|408000|1898|15184261|356092
1200000|1|6000|8|1|1|2|408000|1898|15184261|321320
1200000|1|6000|8|1|0|0|408000|1899|15192262|356666
1200000|1|6000|8|1|1|2|408000|1899|15192262|320377
1200000|1|6000|8|1|0|0|408000|1900|15200261|357035
1200000|1|6000|8|1|1|2|408000|1900|15200261|320090
1200000|1|6000|8|1|0|0|408000|1901|15208260|357322
1200000|1|6000|8|1|1|2|408000|1901|15208260|318901
1200000|1|6000|8|1|0|0|408000|1902|15216259|356707
1200000|1|6000|8|1|1|2|408000|1902|15216259|317384
1200000|1|6000|8|1|0|0|408000|1903|15224259|357240
1200000|1|6000|8|1|1|2|408000|1903|15224259|316482
1200000|1|6000|8|1|0|0|408000|1904|15232258|357076
1200000|1|6000|8|1|1|2|408000|1904|15232258|316072
1200000|1|6000|8|1|0|0|408000|1905|15240258|355928
1200000|1|6000|8|1|1|2|408000|1905|15240258|315252
1200000|1|6000|8|1|0|0|408000|1906|15248258|355682
1200000|1|6000|8|1|1|2|408000|1906|15248258|315006
1200000|1|6000|8|1|0|0|408000|1907|15256258|355764
1200000|1|6000|8|1|1|2|408000|1907|15256258|314473
1200000|1|6000|8|1|0|0|408000|1908|15264259|355764
1200000|1|6000|8|1|1|2|408000|1908|15264259|314637
1200000|1|6000|8|1|0|0|408000|1909|15272258|355682
1200000|1|6000|8|1|1|2|408000|1909|15272258|314678
1200000|1|6000|8|1|0|0|408000|1910|15280258|356215
1200000|1|6000|8|1|1|2|408000|1910|15280258|314719
1200000|1|6000|8|1|0|0|408000|1911|15288258|356133
1200000|1|6000|8|1|1|2|408000|1911|15288258|314145
1200000|1|6000|8|1|0|0|408000|1912|15296257|356830
1200000|1|6000|8|1|1|2|408000|1912|15296257|313858
1200000|1|6000|8|1|0|0|408000|1913|15304257|356502
1200000|1|6000|8|1|1|2|408000|1913|15304257|313571
1200000|1|6000|8|1|0|0|408000|1914|15312257|356461
1200000|1|6000|8|1|1|2|408000|1914|15312257|312628
1200000|1|6000|8|1|0|0|408000|1915|15320255|356051
1200000|1|6000|8|1|1|2|408000|1915|15320255|312300
1200000|1|6000|8|1|0|0|408000|1916|15328255|355887
1200000|1|6000|8|1|1|2|408000|1916|15328255|310865
1200000|1|6000|8|1|0|0|408000|1917|15336255|355436
1200000|1|6000|8|1|1|2|408000|1917|15336255|310578
1200000|1|6000|8|1|0|0|408000|1918|15344255|355272
1200000|1|6000|8|1|1|2|408000|1918|15344255|309143
1200000|1|6000|8|1|0|0|408000|1919|15352254|354657
1200000|1|6000|8|1|1|2|408000|1919|15352254|308569
1200000|1|6000|8|1|0|0|408000|1920|15360255|354575
1200000|1|6000|8|1|1|2|408000|1920|15360255|307790
1200000|1|6000|8|1|0|0|408000|1921|15368254|354124
1200000|1|6000|8|1|1|2|408000|1921|15368254|307216
1200000|1|6000|8|1|0|0|408000|1922|15376255|353755
1200000|1|6000|8|1|1|2|408000|1922|15376255|306888
1200000|1|6000|8|1|0|0|408000|1923|15384255|353017
1200000|1|6000|8|1|1|2|408000|1923|15384255|307462
1200000|1|6000|8|1|0|0|408000|1924|15392255|352033
1200000|1|6000|8|1|1|2|408000|1924|15392255|307626
1200000|1|6000|8|1|0|0|408000|1925|15400254|351500
1200000|1|6000|8|1|1|2|408000|1925|15400254|307421
1200000|1|6000|8|1|0|0|408000|1926|15408254|350065
1200000|1|6000|8|1|1|2|408000|1926|15408254|307011
1200000|1|6000|8|1|0|0|408000|1927|15416253|349942
1200000|1|6000|8|1|1|2|408000|1927|15416253|307339
1200000|1|6000|8|1|0|0|408000|1928|15424253|349737
1200000|1|6000|8|1|1|2|408000|1928|15424253|308364
1200000|1|6000|8|1|0|0|408000|1929|15432254|350270
1200000|1|6000|8|1|1|2|408000|1929|15432254|308446
1200000|1|6000|8|1|0|0|408000|1930|15440255|350270
1200000|1|6000|8|1|1|2|408000|1930|15440255|307913
1200000|1|6000|8|1|0|0|408000|1931|15448254|350188
1200000|1|6000|8|1|1|2|408000|1931|15448254|306396
1200000|1|6000|8|1|0|0|408000|1932|15456253|350352
1200000|1|6000|8|1|1|2|408000|1932|15456253|304879
1200000|1|6000|8|1|0|0|408000|1933|15464252|349860
1200000|1|6000|8|1|1|2|408000|1933|15464252|303690
1200000|1|6000|8|1|0|0|408000|1934|15472250|349204
1200000|1|6000|8|1|1|2|408000|1934|15472250|302624
1200000|1|6000|8|1|0|0|408000|1935|15480250|348835
1200000|1|6000|8|1|1|2|408000|1935|15480250|301599
1200000|1|6000|8|1|0|0|408000|1936|15488248|349081
1200000|1|6000|8|1|1|2|408000|1936|15488248|300369
1200000|1|6000|8|1|0|0|408000|1937|15496247|349532
1200000|1|6000|8|1|1|2|408000|1937|15496247|299385
1200000|1|6000|8|1|0|0|408000|1938|15504246|350147
1200000|1|6000|8|1|1|2|408000|1938|15504246|298606
1200000|1|6000|8|1|0|0|408000|1939|15512245|350270
1200000|1|6000|8|1|1|2|408000|1939|15512245|297786
1200000|1|6000|8|1|0|0|408000|1940|15520243|350844
1200000|1|6000|8|1|1|2|408000|1940|15520243|296679
1200000|1|6000|8|1|0|0|408000|1941|15528241|351131
1200000|1|6000|8|1|1|2|408000|1941|15528241|295654
1200000|1|6000|8|1|0|0|408000|1942|15536240|351828
1200000|1|6000|8|1|1|2|408000|1942|15536240|294629
1200000|1|6000|8|1|0|0|408000|1943|15544238|352402
1200000|1|6000|8|1|1|2|408000|1943|15544238|293645
1200000|1|6000|8|1|0|0|408000|1944|15552237|352197
1200000|1|6000|8|1|1|2|408000|1944|15552237|293358
1200000|1|6000|8|1|0|0|408000|1945|15560237|352648
1200000|1|6000|8|1|1|2|408000|1945|15560237|293071
1200000|1|6000|8|1|0|0|408000|1946|15568237|352771
1200000|1|6000|8|1|1|2|408000|1946|15568237|293768
1200000|1|6000|8|1|0|0|408000|1947|15576237|353509
1200000|1|6000|8|1|1|2|408000|1947|15576237|294629
1200000|1|6000|8|1|0|0|408000|1948|15584238|353591
1200000|1|6000|8|1|1|2|408000|1948|15584238|295859
1200000|1|6000|8|1|0|0|408000|1949|15592238|353960
1200000|1|6000|8|1|1|2|408000|1949|15592238|296146
1200000|1|6000|8|1|0|0|408000|1950|15600239|353509
1200000|1|6000|8|1|1|2|408000|1950|15600239|296105
1200000|1|6000|8|1|0|0|408000|1951|15608239|352976
1200000|1|6000|8|1|1|2|408000|1951|15608239|296351
1200000|1|6000|8|1|0|0|408000|1952|15616239|353017
1200000|1|6000|8|1|1|2|408000|1952|15616239|296720
1200000|1|6000|8|1|0|0|408000|1953|15624239|352730
1200000|1|6000|8|1|1|2|408000|1953|15624239|295695
1200000|1|6000|8|1|0|0|408000|1954|15632238|352730
1200000|1|6000|8|1|1|2|408000|1954|15632238|295326
1200000|1|6000|8|1|0|0|408000|1955|15640238|353017
1200000|1|6000|8|1|1|2|408000|1955|15640238|294916
1200000|1|6000|8|1|0|0|408000|1956|15648238|353345
1200000|1|6000|8|1|1|2|408000|1956|15648238|294547
1200000|1|6000|8|1|0|0|408000|1957|15656237|354411
1200000|1|6000|8|1|1|2|408000|1957|15656237|294424
1200000|1|6000|8|1|0|0|408000|1958|15664237|355682
1200000|1|6000|8|1|1|2|408000|1958|15664237|294547
1200000|1|6000|8|1|0|0|408000|1959|15672237|355354
1200000|1|6000|8|1|1|2|408000|1959|15672237|294793
1200000|1|6000|8|1|0|0|408000|1960|15680237|355969
1200000|1|6000|8|1|1|2|408000|1960|15680237|295162
1200000|1|6000|8|1|0|0|408000|1961|15688238|356133
1200000|1|6000|8|1|1|2|408000|1961|15688238|296310
1200000|1|6000|8|1|0|0|408000|1962|15696239|356461
1200000|1|6000|8|1|1|2|408000|1962|15696239|296351
1200000|1|6000|8|1|0|0|408000|1963|15704240|356707
1200000|1|6000|8|1|1|2|408000|1963|15704240|296966
1200000|1|6000|8|1|0|0|408000|1964|15712241|356625
1200000|1|6000|8|1|1|2|408000|1964|15712241|296064
1200000|1|6000|8|1|0|0|408000|1965|15720240|356502
1200000|1|6000|8|1|1|2|408000|1965|15720240|296474
1200000|1|6000|8|1|0|0|408000|1966|15728241|357076
1200000|1|6000|8|1|1|2|408000|1966|15728241|296392
1200000|1|6000|8|1|0|0|408000|1967|15736241|357281
1200000|1|6000|8|1|1|2|408000|1967|15736241|297048
1200000|1|6000|8|1|0|0|408000|1968|15744242|357281
1200000|1|6000|8|1|1|2|408000|1968|15744242|296720
1200000|1|6000|8|1|0|0|408000|1969|15752242|357486
1200000|1|6000|8|1|1|2|408000|1969|15752242|296966
1200000|1|6000|8|1|0|0|408000|1970|15760242|356994
1200000|1|6000|8|1|1|2|408000|1970|15760242|297048
1200000|1|6000|8|1|0|0|408000|1971|15768242|357281
1200000|1|6000|8|1|1|2|408000|1971|15768242|297048
1200000|1|6000|8|1|0|0|408000|1972|15776243|357363
1200000|1|6000|8|1|1|2|408000|1972|15776243|297417
1200000|1|6000|8|1|0|0|408000|1973|15784243|357076
1200000|1|6000|8|1|1|2|408000|1973|15784243|297294
1200000|1|6000|8|1|0|0|408000|1974|15792243|356953
1200000|1|6000|8|1|1|2|408000|1974|15792243|297294
1200000|1|6000|8|1|0|0|408000|1975|15800244|357404
1200000|1|6000|8|1|1|2|408000|1975|15800244|296351
1200000|1|6000|8|1|0|0|408000|1976|15808243|357486
1200000|1|6000|8|1|1|2|408000|1976|15808243|296761
1200000|1|6000|8|1|0|0|408000|1977|15816244|357814
1200000|1|6000|8|1|1|2|408000|1977|15816244|297089
1200000|1|6000|8|1|0|0|408000|1978|15824245|358306
1200000|1|6000|8|1|1|2|408000|1978|15824245|297909
1200000|1|6000|8|1|0|0|408000|1979|15832247|357855
1200000|1|6000|8|1|1|2|408000|1979|15832247|297786
1200000|1|6000|8|1|0|0|408000|1980|15840247|357404
1200000|1|6000|8|1|1|2|408000|1980|15840247|297745
1200000|1|6000|8|1|0|0|408000|1981|15848247|357035
1200000|1|6000|8|1|1|2|408000|1981|15848247|297171
1200000|1|6000|8|1|0|0|408000|1982|15856247|357117
1200000|1|6000|8|1|1|2|408000|1982|15856247|296884
1200000|1|6000|8|1|0|0|408000|1983|15864247|356912
1200000|1|6000|8|1|1|2|408000|1983|15864247|297376
1200000|1|6000|8|1|0|0|408000|1984|15872247|356789
1200000|1|6000|8|1|1|2|408000|1984|15872247|296720
1200000|1|6000|8|1|0|0|408000|1985|15880247|356748
1200000|1|6000|8|1|1|2|408000|1985|15880247|296392
1200000|1|6000|8|1|0|0|408000|1986|15888246|356830
1200000|1|6000|8|1|1|2|408000|1986|15888246|295531
1200000|1|6000|8|1|0|0|408000|1987|15896245|357322
1200000|1|6000|8|1|1|2|408000|1987|15896245|296023
1200000|1|6000|8|1|0|0|408000|1988|15904246|357240
1200000|1|6000|8|1|1|2|408000|1988|15904246|295859
1200000|1|6000|8|1|0|0|408000|1989|15912246|356256
1200000|1|6000|8|1|1|2|408000|1989|15912246|295777
1200000|1|6000|8|1|0|0|408000|1990|15920247|355723
1200000|1|6000|8|1|1|2|408000|1990|15920247|295654
1200000|1|6000|8|1|0|0|408000|1991|15928246|355313
1200000|1|6000|8|1|1|2|408000|1991|15928246|295408
1200000|1|6000|8|1|0|0|408000|1992|15936247|354534
1200000|1|6000|8|1|1|2|408000|1992|15936247|295654
1200000|1|6000|8|1|0|0|408000|1993|15944247|354247
1200000|1|6000|8|1|1|2|408000|1993|15944247|295367
1200000|1|6000|8|1|0|0|408000|1994|15952247|353673
1200000|1|6000|8|1|1|2|408000|1994|15952247|295490
1200000|1|6000|8|1|0|0|408000|1995|15960247|353263
1200000|1|6000|8|1|1|2|408000|1995|15960247|295121
1200000|1|6000|8|1|0|0|408000|1996|15968247|353304
1200000|1|6000|8|1|1|2|408000|1996|15968247|295203
1200000|1|6000|8|1|0|0|408000|1997|15976247|353058
1200000|1|6000|8|1|1|2|408000|1997|15976247|295039
1200000|1|6000|8|1|0|0|408000|1998|15984246|352566
1200000|1|6000|8|1|1|2|408000|1998|15984246|295080
1200000|1|6000|8|1|0|0|408000|1999|15992246|351992
1200000|1|6000|8|1|1|2|408000|1999|15992246|294260
1200000|1|6000|8|2|0|0|408000|0|0|400595
1200000|1|6000|8|2|1|2|408000|0|0|394751
1200000|1|6000|8|2|0|0|408000|1|7989|399470
1200000|1|6000|8|2|1|2|408000|1|7989|392291
1200000|1|6000|8|2|0|0|408000|2|15983|399757
1200000|1|6000|8|2|1|2|408000|2|15983|391307
1200000|1|6000|8|2|0|0|408000|3|23979|400167
1200000|1|6000|8|2|1|2|408000|3|23979|390938
1200000|1|6000|8|2|0|0|408000|4|31977|401397
1200000|1|6000|8|2|1|2|408000|4|31977|391594
1200000|1|6000|8|2|0|0|408000|5|39977|402709
1200000|1|6000|8|2|1|2|408000|5|39977|391102
1200000|1|6000|8|2|0|0|408000|6|47977|403734
1200000|1|6000|8|2|1|2|408000|6|47977|392291
1200000|1|6000|8|2|0|0|408000|7|55979|405087
1200000|1|6000|8|2|1|2|408000|7|55979|393193
1200000|1|6000|8|2|0|0|408000|8|63981|406030
1200000|1|6000|8|2|1|2|408000|8|63981|394628
1200000|1|6000|8|2|0|0|408000|9|71982|406604
1200000|1|6000|8|2|1|2|408000|9|71982|394915
1200000|1|6000|8|2|0|0|408000|10|79983|406194
1200000|1|6000|8|2|1|2|408000|10|79983|395571
1200000|1|6000|8|2|0|0|408000|11|87984|406440
1200000|1|6000|8|2|1|2|408000|11|87984|396555
1200000|1|6000|8|2|0|0|408000|12|95986|406768
1200000|1|6000|8|2|1|2|408000|12|95986|397088
1200000|1|6000|8|2|0|0|408000|13|103986|407711
1200000|1|6000|8|2|1|2|408000|13|103986|397949
1200000|1|6000|8|2|0|0|408000|14|111988|408777
1200000|1|6000|8|2|1|2|408000|14|111988|398769
1200000|1|6000|8|2|0|0|408000|15|119988|409474
1200000|1|6000|8|2|1|2|408000|15|119988|399835
1200000|1|6000|8|2|0|0|408000|16|127989|410827
1200000|1|6000|8|2|1|2|408000|16|127989|400860
1200000|1|6000|8|2|0|0|408000|17|135990|410950
1200000|1|6000|8|2|1|2|408000|17|135990|401393
1200000|1|6000|8|2|0|0|408000|18|143991|410827
1200000|1|6000|8|2|1|2|408000|18|143991|402213
1200000|1|6000|8|2|0|0|408000|19|151992|409925
1200000|1|6000|8|2|1|2|408000|19|151992|402049
1200000|1|6000|8|2|0|0|408000|20|159992|409884
1200000|1|6000|8|2|1|2|408000|20|159992|401721
1200000|1|6000|8|2|0|0|408000|21|167992|408859
1200000|1|6000|8|2|1|2|408000|21|167992|401106
1200000|1|6000|8|2|0|0|408000|22|175991|408654
1200000|1|6000|8|2|1|2|408000|22|175991|400655
1200000|1|6000|8|2|0|0|408000|23|183991|407998
1200000|1|6000|8|2|1|2|408000|23|183991|400860
1200000|1|6000|8|2|0|0|408000|24|191992|407834
1200000|1|6000|8|2|1|2|408000|24|191992|400532
1200000|1|6000|8|2|0|0|408000|25|199992|407465
1200000|1|6000|8|2|1|2|408000|25|199992|400286
1200000|1|6000|8|2|0|0|408000|26|207991|407424
1200000|1|6000|8|2|1|2|408000|26|207991|400122
1200000|1|6000|8|2|0|0|408000|27|215991|406932
1200000|1|6000|8|2|1|2|408000|27|215991|400450
1200000|1|6000|8|2|0|0|408000|28|223991|406235
1200000|1|6000|8|2|1|2|408000|28|223991|399917
1200000|1|6000|8|2|0|0|408000|29|231991|405333
1200000|1|6000|8|2|1|2|408000|29|231991|399261
1200000|1|6000|8|2|0|0|408000|30|239991|404636
1200000|1|6000|8|2|1|2|408000|30|239991|398359
1200000|1|6000|8|2|0|0|408000|31|247990|403980
1200000|1|6000|8|2|1|2|408000|31|247990|397621
1200000|1|6000|8|2|0|0|408000|32|255991|402791
1200000|1|6000|8|2|1|2|408000|32|255991|396924
1200000|1|6000|8|2|0|0|408000|33|263990|401725
1200000|1|6000|8|2|1|2|408000|33|263990|395981
1200000|1|6000|8|2|0|0|408000|34|271990|400946
1200000|1|6000|8|2|1|2|408000|34|271990|395079
1200000|1|6000|8|2|0|0|408000|35|279990|400454
1200000|1|6000|8|2|1|2|408000|35|279990|395202
1200000|1|6000|8|2|0|0|408000|36|287991|399921
1200000|1|6000|8|2|1|2|408000|36|287991|395038
1200000|1|6000|8|2|0|0|408000|37|295991|399306
1200000|1|6000|8|2|1|2|408000|37|295991|396145
1200000|1|6000|8|2|0|0|408000|38|303993|398732
1200000|1|6000|8|2|1|2|408000|38|303993|396637
1200000|1|6000|8|2|0|0|408000|39|311994|397994
1200000|1|6000|8|2|1|2|408000|39|311994|397334
1200000|1|6000|8|2|0|0|408000|40|319995|397584
1200000|1|6000|8|2|1|2|408000|40|319995|397580
1200000|1|6000|8|2|0|0|408000|41|327996|397502
1200000|1|6000|8|2|1|2|408000|41|327996|397908
1200000|1|6000|8|2|0|0|408000|42|335997|397010
1200000|1|6000|8|2|1|2|408000|42|335997|398113
1200000|1|6000|8|2|0|0|408000|43|343997|396559
1200000|1|6000|8|2|1|2|408000|43|343997|397252
1200000|1|6000|8|2|0|0|408000|44|351997|396108
1200000|1|6000|8|2|1|2|408000|44|351997|396350
1200000|1|6000|8|2|0|0|408000|45|359996|395903
1200000|1|6000|8|2|1|2|408000|45|359996|395612
1200000|1|6000|8|2|0|0|408000|46|367995|395124
1200000|1|6000|8|2|1|2|408000|46|367995|395202
1200000|1|6000|8|2|0|0|408000|47|375995|394919
1200000|1|6000|8|2|1|2|408000|47|375995|394669
1200000|1|6000|8|2|0|0|408000|48|383995|394058
1200000|1|6000|8|2|1|2|408000|48|383995|394505
1200000|1|6000|8|2|0|0|408000|49|391994|394099
1200000|1|6000|8|2|1|2|408000|49|391994|393890
1200000|1|6000|8|2|0|0|408000|50|399994|394427
1200000|1|6000|8|2|1|2|408000|50|399994|393726
1200000|1|6000|8|2|0|0|408000|51|407994|395206
1200000|1|6000|8|2|1|2|408000|51|407994|393275
1200000|1|6000|8|2|0|0|408000|52|415994|395575
1200000|1|6000|8|2|1|2|408000|52|415994|393275
1200000|1|6000|8|2|0|0|408000|53|423994|395493
1200000|1|6000|8|2|1|2|408000|53|423994|393398
1200000|1|6000|8|2|0|0|408000|54|431995|395616
1200000|1|6000|8|2|1|2|408000|54|431995|392701
1200000|1|6000|8|2|0|0|408000|55|439995|395534
1200000|1|6000|8|2|1|2|408000|55|439995|393193
1200000|1|6000|8|2|0|0|408000|56|447995|395411
1200000|1|6000|8|2|1|2|408000|56|447995|392455
1200000|1|6000|8|2|0|0|408000|57|455995|394837
1200000|1|6000|8|2|1|2|408000|57|455995|393275
1200000|1|6000|8|2|0|0|408000|58|463995|394755
1200000|1|6000|8|2|1|2|408000|58|463995|392619
1200000|1|6000|8|2|0|0|408000|59|471995|395165
1200000|1|6000|8|2|1|2|408000|59|471995|393029
1200000|1|6000|8|2|0|0|408000|60|479995|395821
1200000|1|6000|8|2|1|2|408000|60|479995|392660
1200000|1|6000|8|2|0|0|408000|61|487995|396518
1200000|1|6000|8|2|1|2|408000|61|487995|393316
1200000|1|6000|8|2|0|0|408000|62|495995|397584
1200000|1|6000|8|2|1|2|408000|62|495995|393603
1200000|1|6000|8|2|0|0|408000|63|503995|398199
1200000|1|6000|8|2|1|2|408000|63|503995|393767
1200000|1|6000|8|2|0|0|408000|64|511994|398896
1200000|1|6000|8|2|1|2|408000|64|511994|393357
1200000|1|6000|8|2|0|0|408000|65|519994|399388
1200000|1|6000|8|2|1|2|408000|65|519994|393521
1200000|1|6000|8|2|0|0|408000|66|527993|400208
1200000|1|6000|8|2|1|2|408000|66|527993|393480
1200000|1|6000|8|2|0|0|408000|67|535993|399716
1200000|1|6000|8|2|1|2|408000|67|535993|393931
1200000|1|6000|8|2|0|0|408000|68|543993|400085
1200000|1|6000|8|2|1|2|408000|68|543993|394464
1200000|1|6000|8|2|0|0|408000|69|551995|400249
1200000|1|6000|8|2|1|2|408000|69|551995|394833
1200000|1|6000|8|2|0|0|408000|70|559995|400741
1200000|1|6000|8|2|1|2|408000|70|559995|395530
1200000|1|6000|8|2|0|0|408000|71|567997|401520
1200000|1|6000|8|2|1|2|408000|71|567997|396227
1200000|1|6000|8|2|0|0|408000|72|575998|401479
1200000|1|6000|8|2|1|2|408000|72|575998|397088
1200000|1|6000|8|2|0|0|408000|73|583999|401930
1200000|1|6000|8|2|1|2|408000|73|583999|398195
1200000|1|6000|8|2|0|0|408000|74|592000|402381
1200000|1|6000|8|2|1|2|408000|74|592000|399015
1200000|1|6000|8|2|0|0|408000|75|600000|402750
1200000|1|6000|8|2|1|2|408000|75|600000|399015
1200000|1|6000|8|2|0|0|408000|76|607999|402996
1200000|1|6000|8|2|1|2|408000|76|607999|398933
1200000|1|6000|8|2|0|0|408000|77|615998|403611
1200000|1|6000|8|2|1|2|408000|77|615998|398154
1200000|1|6000|8|2|0|0|408000|78|623998|403611
1200000|1|6000|8|2|1|2|408000|78|623998|397703
1200000|1|6000|8|2|0|0|408000|79|631997|403857
1200000|1|6000|8|2|1|2|408000|79|631997|397334
1200000|1|6000|8|2|0|0|408000|80|639998|404267
1200000|1|6000|8|2|1|2|408000|80|639998|397211
1200000|1|6000|8|2|0|0|408000|81|647997|404595
1200000|1|6000|8|2|1|2|408000|81|647997|397170
1200000|1|6000|8|2|0|0|408000|82|655997|404800
1200000|1|6000|8|2|1|2|408000|82|655997|396391
1200000|1|6000|8|2|0|0|408000|83|663996|404308
1200000|1|6000|8|2|1|2|408000|83|663996|397211
1200000|1|6000|8|2|0|0|408000|84|671997|404267
1200000|1|6000|8|2|1|2|408000|84|671997|398195
1200000|1|6000|8|2|0|0|408000|85|679999|404103
1200000|1|6000|8|2|1|2|408000|85|679999|398769
1200000|1|6000|8|2|0|0|408000|86|688000|404390
1200000|1|6000|8|2|1|2|408000|86|688000|399056
1200000|1|6000|8|2|0|0|408000|87|696001|403857
1200000|1|6000|8|2|1|2|408000|87|696001|399220
1200000|1|6000|8|2|0|0|408000|88|704001|403980
1200000|1|6000|8|2|1|2|408000|88|704001|399589
1200000|1|6000|8|2|0|0|408000|89|712002|403365
1200000|1|6000|8|2|1|2|408000|89|712002|399917
1200000|1|6000|8|2|0|0|408000|90|720002|403693
1200000|1|6000|8|2|1|2|408000|90|720002|400368
1200000|1|6000|8|2|0|0|408000|91|728003|403857
1200000|1|6000|8|2|1|2|408000|91|728003|399794
1200000|1|6000|8|2|0|0|408000|92|736002|403775
1200000|1|6000|8|2|1|2|408000|92|736002|398646
1200000|1|6000|8|2|0|0|408000|93|744001|404021
1200000|1|6000|8|2|1|2|408000|93|744001|398277
1200000|1|6000|8|2|0|0|408000|94|752000|403406
1200000|1|6000|8|2|1|2|408000|94|752000|398195
1200000|1|6000|8|2|0|0|408000|95|760000|403365
1200000|1|6000|8|2|1|2|408000|95|760000|398236
1200000|1|6000|8|2|0|0|408000|96|768000|402955
1200000|1|6000|8|2|1|2|408000|96|768000|398031
1200000|1|6000|8|2|0|0|408000|97|776000|403529
1200000|1|6000|8|2|1|2|408000|97|776000|398195
1200000|1|6000|8|2|0|0|408000|98|784000|403693
1200000|1|6000|8|2|1|2|408000|98|784000|397990
1200000|1|6000|8|2|0|0|408000|99|791999|403611
1200000|1|6000|8|2|1|2|408000|99|791999|398277
1200000|1|6000|8|2|0|0|408000|100|800000|403611
1200000|1|6000|8|2|1|2|408000|100|800000|398031
1200000|1|6000|8|2|0|0|408000|101|807999|402709
1200000|1|6000|8|2|1|2|408000|101|807999|396842
1200000|1|6000|8|2|0|0|408000|102|815999|402586
1200000|1|6000|8|2|1|2|408000|102|815999|395817
1200000|1|6000|8|2|0|0|408000|103|823998|402299
1200000|1|6000|8|2|1|2|408000|103|823998|395243
1200000|1|6000|8|2|0|0|408000|104|831999|402258
1200000|1|6000|8|2|1|2|408000|104|831999|394505
1200000|1|6000|8|2|0|0|408000|105|839998|401151
1200000|1|6000|8|2|1|2|408000|105|839998|394382
1200000|1|6000|8|2|0|0|408000|106|847999|401233
1200000|1|6000|8|2|1|2|408000|106|847999|392783
1200000|1|6000|8|2|0|0|408000|107|855997|401520
1200000|1|6000|8|2|1|2|408000|107|855997|393152
1200000|1|6000|8|2|0|0|408000|108|863999|401889
1200000|1|6000|8|2|1|2|408000|108|863999|392537
1200000|1|6000|8|2|0|0|408000|109|871999|402381
1200000|1|6000|8|2|1|2|408000|109|871999|393070
1200000|1|6000|8|2|0|0|408000|110|880000|402504
1200000|1|6000|8|2|1|2|408000|110|880000|392455
1200000|1|6000|8|2|0|0|408000|111|888000|402873
1200000|1|6000|8|2|1|2|408000|111|888000|391635
1200000|1|6000|8|2|0|0|408000|112|896000|402422
1200000|1|6000|8|2|1|2|408000|112|896000|391266
1200000|1|6000|8|2|0|0|408000|113|904001|403078
1200000|1|6000|8|2|1|2|408000|113|904001|389954
1200000|1|6000|8|2|0|0|408000|114|912001|402873
1200000|1|6000|8|2|1|2|408000|114|912001|389872
1200000|1|6000|8|2|0|0|408000|115|920002|402545
1200000|1|6000|8|2|1|2|408000|115|920002|389339
1200000|1|6000|8|2|0|0|408000|116|928002|402914
1200000|1|6000|8|2|1|2|408000|116|928002|389134
1200000|1|6000|8|2|0|0|408000|117|936003|402709
1200000|1|6000|8|2|1|2|408000|117|936003|389134
1200000|1|6000|8|2|0|0|408000|118|944003|403119
1200000|1|6000|8|2|1|2|408000|118|944003|389093
1200000|1|6000|8|2|0|0|408000|119|952004|402463
1200000|1|6000|8|2|1|2|408000|119|952004|389708
1200000|1|6000|8|2|0|0|408000|120|960005|402914
1200000|1|6000|8|2|1|2|408000|120|960005|389872
1200000|1|6000|8|2|0|0|408000|121|968005|402340
1200000|1|6000|8|2|1|2|408000|121|968005|389831
1200000|1|6000|8|2|0|0|408000|122|976006|403037
1200000|1|6000|8|2|1|2|408000|122|976006|389708
1200000|1|6000|8|2|0|0|408000|123|984006|402750
1200000|1|6000|8|2|1|2|408000|123|984006|388929
1200000|1|6000|8|2|0|0|408000|124|992005|402873
1200000|1|6000|8|2|1|2|408000|124|992005|388150
1200000|1|6000|8|2|0|0|408000|125|1000005|402709
1200000|1|6000|8|2|1|2|408000|125|1000005|387535
1200000|1|6000|8|2|0|0|408000|126|1008004|402217
1200000|1|6000|8|2|1|2|408000|126|1008004|386920
1200000|1|6000|8|2|0|0|408000|127|1016004|402217
1200000|1|6000|8|2|1|2|408000|127|1016004|386305
1200000|1|6000|8|2|0|0|408000|128|1024004|401848
1200000|1|6000|8|2|1|2|408000|128|1024004|386059
1200000|1|6000|8|2|0|0|408000|129|1032003|401725
1200000|1|6000|8|2|1|2|408000|129|1032003|385854
1200000|1|6000|8|2|0|0|408000|130|1040003|400618
1200000|1|6000|8|2|1|2|408000|130|1040003|386264
1200000|1|6000|8|2|0|0|408000|131|1048003|400372
1200000|1|6000|8|2|1|2|408000|131|1048003|386510
1200000|1|6000|8|2|0|0|408000|132|1056005|399880
1200000|1|6000|8|2|1|2|408000|132|1056005|387740
1200000|1|6000|8|2|0|0|408000|133|1064006|399634
1200000|1|6000|8|2|1|2|408000|133|1064006|387207
1200000|1|6000|8|2|0|0|408000|134|1072006|399224
1200000|1|6000|8|2|1|2|408000|134|1072006|387125
1200000|1|6000|8|2|0|0|408000|135|1080007|398609
1200000|1|6000|8|2|1|2|408000|135|1080007|386838
1200000|1|6000|8|2|0|0|408000|136|1088007|398199
1200000|1|6000|8|2|1|2|408000|136|1088007|386797
1200000|1|6000|8|2|0|0|408000|137|1096008|398076
1200000|1|6000|8|2|1|2|408000|137|1096008|386674
1200000|1|6000|8|2|0|0|408000|138|1104009|398896
1200000|1|6000|8|2|1|2|408000|138|1104009|386100
1200000|1|6000|8|2|0|0|408000|139|1112009|398076
1200000|1|6000|8|2|1|2|408000|139|1112009|385690
1200000|1|6000|8|2|0|0|408000|140|1120009|397666
1200000|1|6000|8|2|1|2|408000|140|1120009|385485
1200000|1|6000|8|2|0|0|408000|141|1128009|397338
1200000|1|6000|8|2|1|2|408000|141|1128009|385526
1200000|1|6000|8|2|0|0|408000|142|1136009|397092
1200000|1|6000|8|2|1|2|408000|142|1136009|385116
1200000|1|6000|8|2|0|0|408000|143|1144009|397215
1200000|1|6000|8|2|1|2|408000|143|1144009|384624
1200000|1|6000|8|2|0|0|408000|144|1152010|396395
1200000|1|6000|8|2|1|2|408000|144|1152010|383927
1200000|1|6000|8|2|0|0|408000|145|1160010|395985
1200000|1|6000|8|2|1|2|408000|145|1160010|383558
1200000|1|6000|8|2|0|0|408000|146|1168011|396559
1200000|1|6000|8|2|1|2|408000|146|1168011|383107
1200000|1|6000|8|2|0|0|408000|147|1176012|396887
1200000|1|6000|8|2|1|2|408000|147|1176012|383148
1200000|1|6000|8|2|0|0|408000|148|1184013|397461
1200000|1|6000|8|2|1|2|408000|148|1184013|382902
1200000|1|6000|8|2|0|0|408000|149|1192014|397666
1200000|1|6000|8|2|1|2|408000|149|1192014|383435
1200000|1|6000|8|2|0|0|408000|150|1200014|398076
1200000|1|6000|8|2|1|2|408000|150|1200014|383640
1200000|1|6000|8|2|0|0|408000|151|1208015|398691
1200000|1|6000|8|2|1|2|408000|151|1208015|384214
1200000|1|6000|8|2|0|0|408000|152|1216016|399265
1200000|1|6000|8|2|1|2|408000|152|1216016|384501
1200000|1|6000|8|2|0|0|408000|153|1224017|399306
1200000|1|6000|8|2|1|2|408000|153|1224017|385157
1200000|1|6000|8|2|0|0|408000|154|1232019|399429
1200000|1|6000|8|2|1|2|408000|154|1232019|385690
1200000|1|6000|8|2|0|0|408000|155|1240020|399552
1200000|1|6000|8|2|1|2|408000|155|1240020|384747
1200000|1|6000|8|2|0|0|408000|156|1248019|399839
1200000|1|6000|8|2|1|2|408000|156|1248019|384132
1200000|1|6000|8|2|0|0|408000|157|1256019|399716
1200000|1|6000|8|2|1|2|408000|157|1256019|383435
1200000|1|6000|8|2|0|0|408000|158|1264019|399716
1200000|1|6000|8|2|1|2|408000|158|1264019|383107
1200000|1|6000|8|2|0|0|408000|159|1272018|399429
1200000|1|6000|8|2|1|2|408000|159|1272018|382492
1200000|1|6000|8|2|0|0|408000|160|1280018|399183
1200000|1|6000|8|2|1|2|408000|160|1280018|382164
1200000|1|6000|8|2|0|0|408000|161|1288017|399060
1200000|1|6000|8|2|1|2|408000|161|1288017|382164
1200000|1|6000|8|2|0|0|408000|162|1296018|398281
1200000|1|6000|8|2|1|2|408000|162|1296018|382123
1200000|1|6000|8|2|0|0|408000|163|1304017|398322
1200000|1|6000|8|2|1|2|408000|163|1304017|382902
1200000|1|6000|8|2|0|0|408000|164|1312019|397871
1200000|1|6000|8|2|1|2|408000|164|1312019|383271
1200000|1|6000|8|2|0|0|408000|165|1320019|397748
1200000|1|6000|8|2|1|2|408000|165|1320019|383640
1200000|1|6000|8|2|0|0|408000|166|1328020|397256
1200000|1|6000|8|2|1|2|408000|166|1328020|383681
1200000|1|6000|8|2|0|0|408000|167|1336021|396273
1200000|1|6000|8|2|1|2|408000|167|1336021|384009
1200000|1|6000|8|2|0|0|408000|168|1344021|396723
1200000|1|6000|8|2|1|2|408000|168|1344021|384173
1200000|1|6000|8|2|0|0|408000|169|1352022|396969
1200000|1|6000|8|2|1|2|408000|169|1352022|384462
1200000|1|6000|8|2|0|0|408000|170|1360022|396928
1200000|1|6000|8|2|1|2|408000|170|1360022|383968
1200000|1|6000|8|2|0|0|408000|171|1368021|397215
1200000|1|6000|8|2|1|2|408000|171|1368021|383148
1200000|1|6000|8|2|0|0|408000|172|1376020|397092
1200000|1|6000|8|2|1|2|408000|172|1376020|382410
1200000|1|6000|8|2|0|0|408000|173|1384019|396969
1200000|1|6000|8|2|1|2|408000|173|1384019|382533
1200000|1|6000|8|2|0|0|408000|174|1392019|397010
1200000|1|6000|8|2|1|2|408000|174|1392019|381877
1200000|1|6000|8|2|0|0|408000|175|1400018|396764
1200000|1|6000|8|2|1|2|408000|175|1400018|381180
1200000|1|6000|8|2|0|0|408000|176|1408017|395862
1200000|1|6000|8|2|1|2|408000|176|1408017|380565
1200000|1|6000|8|2|0|0|408000|177|1416017|395247
1200000|1|6000|8|2|1|2|408000|177|1416017|380688
1200000|1|6000|8|2|0|0|408000|178|1424017|395165
1200000|1|6000|8|2|1|2|408000|178|1424017|380934
1200000|1|6000|8|2|0|0|408000|179|1432017|395780
1200000|1|6000|8|2|1|2|408000|179|1432017|380729
1200000|1|6000|8|2|0|0|408000|180|1440016|397215
1200000|1|6000|8|2|1|2|408000|180|1440016|379171
1200000|1|6000|8|2|0|0|408000|181|1448016|398978
1200000|1|6000|8|2|1|2|408000|181|1448016|378146
1200000|1|6000|8|2|0|0|408000|182|1456015|401028
1200000|1|6000|8|2|1|2|408000|182|1456015|378720
1200000|1|6000|8|2|0|0|408000|183|1464016|403201
1200000|1|6000|8|2|1|2|408000|183|1464016|378187
1200000|1|6000|8|2|0|0|408000|184|1472016|404554
1200000|1|6000|8|2|1|2|408000|184|1472016|377859
1200000|1|6000|8|2|0|0|408000|185|1480015|405210
1200000|1|6000|8|2|1|2|408000|185|1480015|376998
1200000|1|6000|8|2|0|0|408000|186|1488015|406235
1200000|1|6000|8|2|1|2|408000|186|1488015|376629
1200000|1|6000|8|2|0|0|408000|187|1496015|407793
1200000|1|6000|8|2|1|2|408000|187|1496015|376055
1200000|1|6000|8|2|0|0|408000|188|1504014|408572
1200000|1|6000|8|2|1|2|408000|188|1504014|375481
1200000|1|6000|8|2|0|0|408000|189|1512013|409556
1200000|1|6000|8|2|1|2|408000|189|1512013|374989
1200000|1|6000|8|2|0|0|408000|190|1520013|410950
1200000|1|6000|8|2|1|2|408000|190|1520013|374579
1200000|1|6000|8|2|0|0|408000|191|1528013|412918
1200000|1|6000|8|2|1|2|408000|191|1528013|374374
1200000|1|6000|8|2|0|0|408000|192|1536013|414435
1200000|1|6000|8|2|1|2|408000|192|1536013|373964
1200000|1|6000|8|2|0|0|408000|193|1544012|415337
1200000|1|6000|8|2|1|2|408000|193|1544012|374538
1200000|1|6000|8|2|0|0|408000|194|1552014|416690
1200000|1|6000|8|2|1|2|408000|194|1552014|374743
1200000|1|6000|8|2|0|0|408000|195|1560014|417838
1200000|1|6000|8|2|1|2|408000|195|1560014|374989
1200000|1|6000|8|2|0|0|408000|196|1568015|418494
1200000|1|6000|8|2|1|2|408000|196|1568015|374661
1200000|1|6000|8|2|0|0|408000|197|1576015|419683
1200000|1|6000|8|2|1|2|408000|197|1576015|374538
1200000|1|6000|8|2|0|0|408000|198|1584016|420544
1200000|1|6000|8|2|1|2|408000|198|1584016|374579
1200000|1|6000|8|2|0|0|408000|199|1592016|421774
1200000|1|6000|8|2|1|2|408000|199|1592016|374620
1200000|1|6000|8|2|0|0|408000|200|1600017|422307
1200000|1|6000|8|2|1|2|408000|200|1600017|373800
1200000|1|6000|8|2|0|0|408000|201|1608016|422717
1200000|1|6000|8|2|1|2|408000|201|1608016|372734
1200000|1|6000|8|2|0|0|408000|202|1616014|423496
1200000|1|6000|8|2|1|2|408000|202|1616014|373062
1200000|1|6000|8|2|0|0|408000|203|1624014|423988
1200000|1|6000|8|2|1|2|408000|203|1624014|372611
1200000|1|6000|8|2|0|0|408000|204|1632013|424562
1200000|1|6000|8|2|1|2|408000|204|1632013|373185
1200000|1|6000|8|2|0|0|408000|205|1640013|425218
1200000|1|6000|8|2|1|2|408000|205|1640013|373185
1200000|1|6000|8|2|0|0|408000|206|1648013|425464
1200000|1|6000|8|2|1|2|408000|206|1648013|373267
1200000|1|6000|8|2|0|0|408000|207|1656012|425546
1200000|1|6000|8|2|1|2|408000|207|1656012|372898
1200000|1|6000|8|2|0|0|408000|208|1664012|425505
1200000|1|6000|8|2|1|2|408000|208|1664012|374866
1200000|1|6000|8|2|0|0|408000|209|1672014|425505
1200000|1|6000|8|2|1|2|408000|209|1672014|375112
1200000|1|6000|8|2|0|0|408000|210|1680015|425464
1200000|1|6000|8|2|1|2|408000|210|1680015|375276
1200000|1|6000|8|2|0|0|408000|211|1688017|425669
1200000|1|6000|8|2|1|2|408000|211|1688017|375194
1200000|1|6000|8|2|0|0|408000|212|1696017|425587
1200000|1|6000|8|2|1|2|408000|212|1696017|375153
1200000|1|6000|8|2|0|0|408000|213|1704018|425546
1200000|1|6000|8|2|1|2|408000|213|1704018|375850
1200000|1|6000|8|2|0|0|408000|214|1712019|425464
1200000|1|6000|8|2|1|2|408000|214|1712019|375932
1200000|1|6000|8|2|0|0|408000|215|1720019|424931
1200000|1|6000|8|2|1|2|408000|215|1720019|376301
1200000|1|6000|8|2|0|0|408000|216|1728019|424849
1200000|1|6000|8|2|1|2|408000|216|1728019|375932
1200000|1|6000|8|2|0|0|408000|217|1736019|424685
1200000|1|6000|8|2|1|2|408000|217|1736019|375276
1200000|1|6000|8|2|0|0|408000|218|1744018|424152
1200000|1|6000|8|2|1|2|408000|218|1744018|374415
1200000|1|6000|8|2|0|0|408000|219|1752018|423947
1200000|1|6000|8|2|1|2|408000|219|1752018|373718
1200000|1|6000|8|2|0|0|408000|220|1760019|423086
1200000|1|6000|8|2|1|2|408000|220|1760019|373349
1200000|1|6000|8|2|0|0|408000|221|1768019|422061
1200000|1|6000|8|2|1|2|408000|221|1768019|373513
1200000|1|6000|8|2|0|0|408000|222|1776020|420954
1200000|1|6000|8|2|1|2|408000|222|1776020|373021
1200000|1|6000|8|2|0|0|408000|223|1784019|420790
1200000|1|6000|8|2|1|2|408000|223|1784019|372529
1200000|1|6000|8|2|0|0|408000|224|1792020|419642
1200000|1|6000|8|2|1|2|408000|224|1792020|372898
1200000|1|6000|8|2|0|0|408000|225|1800019|418781
1200000|1|6000|8|2|1|2|408000|225|1800019|373062
1200000|1|6000|8|2|0|0|408000|226|1808019|417141
1200000|1|6000|8|2|1|2|408000|226|1808019|373267
1200000|1|6000|8|2|0|0|408000|227|1816019|416075
1200000|1|6000|8|2|1|2|408000|227|1816019|373185
1200000|1|6000|8|2|0|0|408000|228|1824019|415091
1200000|1|6000|8|2|1|2|408000|228|1824019|373226
1200000|1|6000|8|2|0|0|408000|229|1832019|415255
1200000|1|6000|8|2|1|2|408000|229|1832019|372529
1200000|1|6000|8|2|0|0|408000|230|1840019|415378
1200000|1|6000|8|2|1|2|408000|230|1840019|372365
1200000|1|6000|8|2|0|0|408000|231|1848019|415255
1200000|1|6000|8|2|1|2|408000|231|1848019|371873
1200000|1|6000|8|2|0|0|408000|232|1856019|415665
1200000|1|6000|8|2|1|2|408000|232|1856019|371176
1200000|1|6000|8|2|0|0|408000|233|1864019|415706
1200000|1|6000|8|2|1|2|408000|233|1864019|370561
1200000|1|6000|8|2|0|0|408000|234|1872019|415460
1200000|1|6000|8|2|1|2|408000|234|1872019|369987
1200000|1|6000|8|2|0|0|408000|235|1880019|415747
1200000|1|6000|8|2|1|2|408000|235|1880019|369249
1200000|1|6000|8|2|0|0|408000|236|1888019|415255
1200000|1|6000|8|2|1|2|408000|236|1888019|369003
1200000|1|6000|8|2|0|0|408000|237|1896019|414804
1200000|1|6000|8|2|1|2|408000|237|1896019|368183
1200000|1|6000|8|2|0|0|408000|238|1904019|415132
1200000|1|6000|8|2|1|2|408000|238|1904019|368265
1200000|1|6000|8|2|0|0|408000|239|1912019|415337
1200000|1|6000|8|2|1|2|408000|239|1912019|367322
1200000|1|6000|8|2|0|0|408000|240|1920018|416362
1200000|1|6000|8|2|1|2|408000|240|1920018|366912
1200000|1|6000|8|2|0|0|408000|241|1928018|416567
1200000|1|6000|8|2|1|2|408000|241|1928018|365805
1200000|1|6000|8|2|0|0|408000|242|1936017|417018
1200000|1|6000|8|2|1|2|408000|242|1936017|365887
1200000|1|6000|8|2|0|0|408000|243|1944017|417797
1200000|1|6000|8|2|1|2|408000|243|1944017|365600
1200000|1|6000|8|2|0|0|408000|244|1952017|419232
1200000|1|6000|8|2|1|2|408000|244|1952017|365067
1200000|1|6000|8|2|0|0|408000|245|1960016|419314
1200000|1|6000|8|2|1|2|408000|245|1960016|364780
1200000|1|6000|8|2|0|0|408000|246|1968017|420093
1200000|1|6000|8|2|1|2|408000|246|1968017|364821
1200000|1|6000|8|2|0|0|408000|247|1976017|420667
1200000|1|6000|8|2|1|2|408000|247|1976017|364534
1200000|1|6000|8|2|0|0|408000|248|1984017|421610
1200000|1|6000|8|2|1|2|408000|248|1984017|364206
1200000|1|6000|8|2|0|0|408000|249|1992017|422225
1200000|1|6000|8|2|1|2|408000|249|1992017|364370
1200000|1|6000|8|2|0|0|408000|250|2000017|422307
1200000|1|6000|8|2|1|2|408000|250|2000017|364288
1200000|1|6000|8|2|0|0|408000|251|2008018|422676
1200000|1|6000|8|2|1|2|408000|251|2008018|364862
1200000|1|6000|8|2|0|0|408000|252|2016019|423537
1200000|1|6000|8|2|1|2|408000|252|2016019|364985
1200000|1|6000|8|2|0|0|408000|253|2024019|424234
1200000|1|6000|8|2|1|2|408000|253|2024019|364780
1200000|1|6000|8|2|0|0|408000|254|2032019|424808
1200000|1|6000|8|2|1|2|408000|254|2032019|363960
1200000|1|6000|8|2|0|0|408000|255|2040018|425505
1200000|1|6000|8|2|1|2|408000|255|2040018|363632
1200000|1|6000|8|2|0|0|408000|256|2048018|426284
1200000|1|6000|8|2|1|2|408000|256|2048018|363263
1200000|1|6000|8|2|0|0|408000|257|2056017|426940
1200000|1|6000|8|2|1|2|408000|257|2056017|362771
1200000|1|6000|8|2|0|0|408000|258|2064017|427514
1200000|1|6000|8|2|1|2|408000|258|2064017|363222
1200000|1|6000|8|2|0|0|408000|259|2072017|427063
1200000|1|6000|8|2|1|2|408000|259|2072017|363263
1200000|1|6000|8|2|0|0|408000|260|2080018|426407
1200000|1|6000|8|2|1|2|408000|260|2080018|363140
1200000|1|6000|8|2|0|0|408000|261|2088017|426079
1200000|1|6000|8|2|1|2|408000|261|2088017|362607
1200000|1|6000|8|2|0|0|408000|262|2096017|425669
1200000|1|6000|8|2|1|2|408000|262|2096017|363509
1200000|1|6000|8|2|0|0|408000|263|2104018|425259
1200000|1|6000|8|2|1|2|408000|263|2104018|363632
1200000|1|6000|8|2|0|0|408000|264|2112018|424890
1200000|1|6000|8|2|1|2|408000|264|2112018|364616
1200000|1|6000|8|2|0|0|408000|265|2120019|425054
1200000|1|6000|8|2|1|2|408000|265|2120019|364698
1200000|1|6000|8|2|0|0|408000|266|2128018|425095
1200000|1|6000|8|2|1|2|408000|266|2128018|365149
1200000|1|6000|8|2|0|0|408000|267|2136019|424972
1200000|1|6000|8|2|1|2|408000|267|2136019|365190
1200000|1|6000|8|2|0|0|408000|268|2144019|425218
1200000|1|6000|8|2|1|2|408000|268|2144019|366338
1200000|1|6000|8|2|0|0|408000|269|2152020|425341
1200000|1|6000|8|2|1|2|408000|269|2152020|366215
1200000|1|6000|8|2|0|0|408000|270|2160020|425136
1200000|1|6000|8|2|1|2|408000|270|2160020|366338
1200000|1|6000|8|2|0|0|408000|271|2168020|424808
1200000|1|6000|8|2|1|2|408000|271|2168020|366420
1200000|1|6000|8|2|0|0|408000|272|2176020|424562
1200000|1|6000|8|2|1|2|408000|272|2176020|366297
1200000|1|6000|8|2|0|0|408000|273|2184019|424275
1200000|1|6000|8|2|1|2|408000|273|2184019|367076
1200000|1|6000|8|2|0|0|408000|274|2192019|424521
1200000|1|6000|8|2|1|2|408000|274|2192019|367568
1200000|1|6000|8|2|0|0|408000|275|2200020|425300
1200000|1|6000|8|2|1|2|408000|275|2200020|367814
1200000|1|6000|8|2|0|0|408000|276|2208019|425464
1200000|1|6000|8|2|1|2|408000|276|2208019|368019
1200000|1|6000|8|2|0|0|408000|277|2216019|425546
1200000|1|6000|8|2|1|2|408000|277|2216019|368921
1200000|1|6000|8|2|0|0|408000|278|2224020|426120
1200000|1|6000|8|2|1|2|408000|278|2224020|369659
1200000|1|6000|8|2|0|0|408000|279|2232020|426038
1200000|1|6000|8|2|1|2|408000|279|2232020|370561
1200000|1|6000|8|2|0|0|408000|280|2240021|426448
1200000|1|6000|8|2|1|2|408000|280|2240021|370479
1200000|1|6000|8|2|0|0|408000|281|2248020|426653
1200000|1|6000|8|2|1|2|408000|281|2248020|371217
1200000|1|6000|8|2|0|0|408000|282|2256020|426284
1200000|1|6000|8|2|1|2|408000|282|2256020|371709
1200000|1|6000|8|2|0|0|408000|283|2264021|425997
1200000|1|6000|8|2|1|2|408000|283|2264021|372119
1200000|1|6000|8|2|0|0|408000|284|2272021|426694
1200000|1|6000|8|2|1|2|408000|284|2272021|372652
1200000|1|6000|8|2|0|0|408000|285|2280021|426981
1200000|1|6000|8|2|1|2|408000|285|2280021|373431
1200000|1|6000|8|2|0|0|408000|286|2288022|427022
1200000|1|6000|8|2|1|2|408000|286|2288022|374456
1200000|1|6000|8|2|0|0|408000|287|2296023|426940
1200000|1|6000|8|2|1|2|408000|287|2296023|374948
1200000|1|6000|8|2|0|0|408000|288|2304024|427309
1200000|1|6000|8|2|1|2|408000|288|2304024|375727
1200000|1|6000|8|2|0|0|408000|289|2312025|427637
1200000|1|6000|8|2|1|2|408000|289|2312025|376506
1200000|1|6000|8|2|0|0|408000|290|2320026|427801
1200000|1|6000|8|2|1|2|408000|290|2320026|377121
1200000|1|6000|8|2|0|0|408000|291|2328027|427883
1200000|1|6000|8|2|1|2|408000|291|2328027|377982
1200000|1|6000|8|2|0|0|408000|292|2336029|428047
1200000|1|6000|8|2|1|2|408000|292|2336029|377695
1200000|1|6000|8|2|0|0|408000|293|2344029|427924
1200000|1|6000|8|2|1|2|408000|293|2344029|377818
1200000|1|6000|8|2|0|0|408000|294|2352029|428662
1200000|1|6000|8|2|1|2|408000|294|2352029|376998
1200000|1|6000|8|2|0|0|408000|295|2360028|428539
1200000|1|6000|8|2|1|2|408000|295|2360028|376424
1200000|1|6000|8|2|0|0|408000|296|2368028|428703
1200000|1|6000|8|2|1|2|408000|296|2368028|376055
1200000|1|6000|8|2|0|0|408000|297|2376028|428375
1200000|1|6000|8|2|1|2|408000|297|2376028|375645
1200000|1|6000|8|2|0|0|408000|298|2384028|428047
1200000|1|6000|8|2|1|2|408000|298|2384028|375153
1200000|1|6000|8|2|0|0|408000|299|2392028|428047
1200000|1|6000|8|2|1|2|408000|299|2392028|374866
1200000|1|6000|8|2|0|0|408000|300|2400029|428170
1200000|1|6000|8|2|1|2|408000|300|2400029|374661
1200000|1|6000|8|2|0|0|408000|301|2408029|429400
1200000|1|6000|8|2|1|2|408000|301|2408029|374825
1200000|1|6000|8|2|0|0|408000|302|2416030|429195
1200000|1|6000|8|2|1|2|408000|302|2416030|376055
1200000|1|6000|8|2|0|0|408000|303|2424032|430056
1200000|1|6000|8|2|1|2|408000|303|2424032|376424
1200000|1|6000|8|2|0|0|408000|304|2432033|429851
1200000|1|6000|8|2|1|2|408000|304|2432033|377367
1200000|1|6000|8|2|0|0|408000|305|2440034|429933
1200000|1|6000|8|2|1|2|408000|305|2440034|377449
1200000|1|6000|8|2|0|0|408000|306|2448035|430015
1200000|1|6000|8|2|1|2|408000|306|2448035|378679
1200000|1|6000|8|2|0|0|408000|307|2456036|429441
1200000|1|6000|8|2|1|2|408000|307|2456036|378597
1200000|1|6000|8|2|0|0|408000|308|2464037|428580
1200000|1|6000|8|2|1|2|408000|308|2464037|378597
1200000|1|6000|8|2|0|0|408000|309|2472037|427965
1200000|1|6000|8|2|1|2|408000|309|2472037|377654
1200000|1|6000|8|2|0|0|408000|310|2480036|427473
1200000|1|6000|8|2|1|2|408000|310|2480036|376629
1200000|1|6000|8|2|0|0|408000|311|2488035|427104
1200000|1|6000|8|2|1|2|408000|311|2488035|376301
1200000|1|6000|8|2|0|0|408000|312|2496035|426694
1200000|1|6000|8|2|1|2|408000|312|2496035|375358
1200000|1|6000|8|2|0|0|408000|313|2504034|425997
1200000|1|6000|8|2|1|2|408000|313|2504034|375563
1200000|1|6000|8|2|0|0|408000|314|2512035|425997
1200000|1|6000|8|2|1|2|408000|314|2512035|374538
1200000|1|6000|8|2|0|0|408000|315|2520034|426243
1200000|1|6000|8|2|1|2|408000|315|2520034|374661
1200000|1|6000|8|2|0|0|408000|316|2528035|425751
1200000|1|6000|8|2|1|2|408000|316|2528035|374333
1200000|1|6000|8|2|0|0|408000|317|2536035|425915
1200000|1|6000|8|2|1|2|408000|317|2536035|374456
1200000|1|6000|8|2|0|0|408000|318|2544035|425710
1200000|1|6000|8|2|1|2|408000|318|2544035|373267
1200000|1|6000|8|2|0|0|408000|319|2552034|425669
1200000|1|6000|8|2|1|2|408000|319|2552034|372119
1200000|1|6000|8|2|0|0|408000|320|2560034|425423
1200000|1|6000|8|2|1|2|408000|320|2560034|370889
1200000|1|6000|8|2|0|0|408000|321|2568034|425259
1200000|1|6000|8|2|1|2|408000|321|2568034|369905
1200000|1|6000|8|2|0|0|408000|322|2576034|425054
1200000|1|6000|8|2|1|2|408000|322|2576034|368798
1200000|1|6000|8|2|0|0|408000|323|2584033|425464
1200000|1|6000|8|2|1|2|408000|323|2584033|368388
1200000|1|6000|8|2|0|0|408000|324|2592033|425628
1200000|1|6000|8|2|1|2|408000|324|2592033|366789
1200000|1|6000|8|2|0|0|408000|325|2600032|425874
1200000|1|6000|8|2|1|2|408000|325|2600032|366215
1200000|1|6000|8|2|0|0|408000|326|2608032|426161
1200000|1|6000|8|2|1|2|408000|326|2608032|365559
1200000|1|6000|8|2|0|0|408000|327|2616032|426612
1200000|1|6000|8|2|1|2|408000|327|2616032|365272
1200000|1|6000|8|2|0|0|408000|328|2624032|426858
1200000|1|6000|8|2|1|2|408000|328|2624032|364411
1200000|1|6000|8|2|0|0|408000|329|2632032|427063
1200000|1|6000|8|2|1|2|408000|329|2632032|363345
1200000|1|6000|8|2|0|0|408000|330|2640032|426858
1200000|1|6000|8|2|1|2|408000|330|2640032|363345
1200000|1|6000|8|2|0|0|408000|331|2648033|427186
1200000|1|6000|8|2|1|2|408000|331|2648033|361951
1200000|1|6000|8|2|0|0|408000|332|2656033|427391
1200000|1|6000|8|2|1|2|408000|332|2656033|361951
1200000|1|6000|8|2|0|0|408000|333|2664033|427760
1200000|1|6000|8|2|1|2|408000|333|2664033|359901
1200000|1|6000|8|2|0|0|408000|334|2672031|428088
1200000|1|6000|8|2|1|2|408000|334|2672031|358958
1200000|1|6000|8|2|0|0|408000|335|2680029|428457
1200000|1|6000|8|2|1|2|408000|335|2680029|358261
1200000|1|6000|8|2|0|0|408000|336|2688028|428867
1200000|1|6000|8|2|1|2|408000|336|2688028|356990
1200000|1|6000|8|2|0|0|408000|337|2696027|429154
1200000|1|6000|8|2|1|2|408000|337|2696027|356334
1200000|1|6000|8|2|0|0|408000|338|2704025|430015
1200000|1|6000|8|2|1|2|408000|338|2704025|355063
1200000|1|6000|8|2|0|0|408000|339|2712024|429564
1200000|1|6000|8|2|1|2|408000|339|2712024|354407
1200000|1|6000|8|2|0|0|408000|340|2720023|429810
1200000|1|6000|8|2|1|2|408000|340|2720023|353464
1200000|1|6000|8|2|0|0|408000|341|2728023|430056
1200000|1|6000|8|2|1|2|408000|341|2728023|354325
1200000|1|6000|8|2|0|0|408000|342|2736025|430548
1200000|1|6000|8|2|1|2|408000|342|2736025|354489
1200000|1|6000|8|2|0|0|408000|343|2744027|430261
1200000|1|6000|8|2|1|2|408000|343|2744027|354899
1200000|1|6000|8|2|0|0|408000|344|2752029|430630
1200000|1|6000|8|2|1|2|408000|344|2752029|355719
1200000|1|6000|8|2|0|0|408000|345|2760030|430712
1200000|1|6000|8|2|1|2|408000|345|2760030|355719
1200000|1|6000|8|2|0|0|408000|346|2768031|430917
1200000|1|6000|8|2|1|2|408000|346|2768031|355678
1200000|1|6000|8|2|0|0|408000|347|2776032|431040
1200000|1|6000|8|2|1|2|408000|347|2776032|355596
1200000|1|6000|8|2|0|0|408000|348|2784032|430753
1200000|1|6000|8|2|1|2|408000|348|2784032|355801
1200000|1|6000|8|2|0|0|408000|349|2792032|430507
1200000|1|6000|8|2|1|2|408000|349|2792032|355391
1200000|1|6000|8|2|0|0|408000|350|2800032|430507
1200000|1|6000|8|2|1|2|408000|350|2800032|355637
1200000|1|6000|8|2|0|0|408000|351|2808032|430548
1200000|1|6000|8|2|1|2|408000|351|2808032|355432
1200000|1|6000|8|2|0|0|408000|352|2816033|431204
1200000|1|6000|8|2|1|2|408000|352|2816033|354940
1200000|1|6000|8|2|0|0|408000|353|2824032|431491
1200000|1|6000|8|2|1|2|408000|353|2824032|355145
1200000|1|6000|8|2|0|0|408000|354|2832033|431737
1200000|1|6000|8|2|1|2|408000|354|2832033|354817
1200000|1|6000|8|2|0|0|408000|355|2840033|432803
1200000|1|6000|8|2|1|2|408000|355|2840033|355391
1200000|1|6000|8|2|0|0|408000|356|2848033|433418
1200000|1|6000|8|2|1|2|408000|356|2848033|354776
1200000|1|6000|8|2|0|0|408000|357|2856032|433828
1200000|1|6000|8|2|1|2|408000|357|2856032|355555
1200000|1|6000|8|2|0|0|408000|358|2864033|434279
1200000|1|6000|8|2|1|2|408000|358|2864033|355022
1200000|1|6000|8|2|0|0|408000|359|2872033|435058
1200000|1|6000|8|2|1|2|408000|359|2872033|355309
1200000|1|6000|8|2|0|0|408000|360|2880033|435509
1200000|1|6000|8|2|1|2|408000|360|2880033|355268
1200000|1|6000|8|2|0|0|408000|361|2888033|436001
1200000|1|6000|8|2|1|2|408000|361|2888033|355145
1200000|1|6000|8|2|0|0|408000|362|2896033|435960
1200000|1|6000|8|2|1|2|408000|362|2896033|354817
1200000|1|6000|8|2|0|0|408000|363|2904033|436411
1200000|1|6000|8|2|1|2|408000|363|2904033|354489
1200000|1|6000|8|2|0|0|408000|364|2912033|437272
1200000|1|6000|8|2|1|2|408000|364|2912033|354776
1200000|1|6000|8|2|0|0|408000|365|2920034|437887
1200000|1|6000|8|2|1|2|408000|365|2920034|353710
1200000|1|6000|8|2|0|0|408000|366|2928032|438174
1200000|1|6000|8|2|1|2|408000|366|2928032|354038
1200000|1|6000|8|2|0|0|408000|367|2936032|438953
1200000|1|6000|8|2|1|2|408000|367|2936032|353792
1200000|1|6000|8|2|0|0|408000|368|2944032|439609
1200000|1|6000|8|2|1|2|408000|368|2944032|353464
1200000|1|6000|8|2|0|0|408000|369|2952032|440388
1200000|1|6000|8|2|1|2|408000|369|2952032|353013
1200000|1|6000|8|2|0|0|408000|370|2960031|440921
1200000|1|6000|8|2|1|2|408000|370|2960031|352562
1200000|1|6000|8|2|0|0|408000|371|2968031|441987
1200000|1|6000|8|2|1|2|408000|371|2968031|351906
1200000|1|6000|8|2|0|0|408000|372|2976031|441700
1200000|1|6000|8|2|1|2|408000|372|2976031|351824
1200000|1|6000|8|2|0|0|408000|373|2984031|442356
1200000|1|6000|8|2|1|2|408000|373|2984031|352644
1200000|1|6000|8|2|0|0|408000|374|2992032|442479
1200000|1|6000|8|2|1|2|408000|374|2992032|352890
1200000|1|6000|8|2|0|0|408000|375|3000033|443217
1200000|1|6000|8|2|1|2|408000|375|3000033|353341
1200000|1|6000|8|2|0|0|408000|376|3008034|443627
1200000|1|6000|8|2|1|2|408000|376|3008034|353300
1200000|1|6000|8|2|0|0|408000|377|3016035|444283
1200000|1|6000|8|2|1|2|408000|377|3016035|353710
1200000|1|6000|8|2|0|0|408000|378|3024036|444652
1200000|1|6000|8|2|1|2|408000|378|3024036|353587
1200000|1|6000|8|2|0|0|408000|379|3032036|445062
1200000|1|6000|8|2|1|2|408000|379|3032036|354079
1200000|1|6000|8|2|0|0|408000|380|3040037|445062
1200000|1|6000|8|2|1|2|408000|380|3040037|354038
1200000|1|6000|8|2|0|0|408000|381|3048038|444734
1200000|1|6000|8|2|1|2|408000|381|3048038|353874
1200000|1|6000|8|2|0|0|408000|382|3056037|444693
1200000|1|6000|8|2|1|2|408000|382|3056037|352480
1200000|1|6000|8|2|0|0|408000|383|3064036|444611
1200000|1|6000|8|2|1|2|408000|383|3064036|352603
1200000|1|6000|8|2|0|0|408000|384|3072036|444816
1200000|1|6000|8|2|1|2|408000|384|3072036|352029
1200000|1|6000|8|2|0|0|408000|385|3080036|444857
1200000|1|6000|8|2|1|2|408000|385|3080036|351455
1200000|1|6000|8|2|0|0|408000|386|3088035|444775
1200000|1|6000|8|2|1|2|408000|386|3088035|350963
1200000|1|6000|8|2|0|0|408000|387|3096035|445021
1200000|1|6000|8|2|1|2|408000|387|3096035|350430
1200000|1|6000|8|2|0|0|408000|388|3104035|445185
1200000|1|6000|8|2|1|2|408000|388|3104035|350799
1200000|1|6000|8|2|0|0|408000|389|3112035|445431
1200000|1|6000|8|2|1|2|408000|389|3112035|350717
1200000|1|6000|8|2|0|0|408000|390|3120036|445144
1200000|1|6000|8|2|1|2|408000|390|3120036|352234
1200000|1|6000|8|2|0|0|408000|391|3128039|445349
1200000|1|6000|8|2|1|2|408000|391|3128039|352439
1200000|1|6000|8|2|0|0|408000|392|3136040|445062
1200000|1|6000|8|2|1|2|408000|392|3136040|352972
1200000|1|6000|8|2|0|0|408000|393|3144040|444611
1200000|1|6000|8|2|1|2|408000|393|3144040|353341
1200000|1|6000|8|2|0|0|408000|394|3152042|444365
1200000|1|6000|8|2|1|2|408000|394|3152042|354079
1200000|1|6000|8|2|0|0|408000|395|3160043|443750
1200000|1|6000|8|2|1|2|408000|395|3160043|354776
1200000|1|6000|8|2|0|0|408000|396|3168044|443996
1200000|1|6000|8|2|1|2|408000|396|3168044|354530
1200000|1|6000|8|2|0|0|408000|397|3176045|443832
1200000|1|6000|8|2|1|2|408000|397|3176045|354776
1200000|1|6000|8|2|0|0|408000|398|3184046|444324
1200000|1|6000|8|2|1|2|408000|398|3184046|355227
1200000|1|6000|8|2|0|0|408000|399|3192046|444119
1200000|1|6000|8|2|1|2|408000|399|3192046|356129
1200000|1|6000|8|2|0|0|408000|400|3200047|444283
1200000|1|6000|8|2|1|2|408000|400|3200047|356539
1200000|1|6000|8|2|0|0|408000|401|3208048|444283
1200000|1|6000|8|2|1|2|408000|401|3208048|357482
1200000|1|6000|8|2|0|0|408000|402|3216050|444119
1200000|1|6000|8|2|1|2|408000|402|3216050|358302
1200000|1|6000|8|2|0|0|408000|403|3224052|444447
1200000|1|6000|8|2|1|2|408000|403|3224052|358917
1200000|1|6000|8|2|0|0|408000|404|3232053|444160
1200000|1|6000|8|2|1|2|408000|404|3232053|359655
1200000|1|6000|8|2|0|0|408000|405|3240055|444447
1200000|1|6000|8|2|1|2|408000|405|3240055|360475
1200000|1|6000|8|2|0|0|408000|406|3248057|444037
1200000|1|6000|8|2|1|2|408000|406|3248057|360434
1200000|1|6000|8|2|0|0|408000|407|3256057|444898
1200000|1|6000|8|2|1|2|408000|407|3256057|360229
1200000|1|6000|8|2|0|0|408000|408|3264060|444980
1200000|1|6000|8|2|1|2|408000|408|3264060|360147
1200000|1|6000|8|2|0|0|408000|409|3272060|444898
1200000|1|6000|8|2|1|2|408000|409|3272060|359737
1200000|1|6000|8|2|0|0|408000|410|3280061|444570
1200000|1|6000|8|2|1|2|408000|410|3280061|359737
1200000|1|6000|8|2|0|0|408000|411|3288063|444816
1200000|1|6000|8|2|1|2|408000|411|3288063|359614
1200000|1|6000|8|2|0|0|408000|412|3296063|445513
1200000|1|6000|8|2|1|2|408000|412|3296063|359491
1200000|1|6000|8|2|0|0|408000|413|3304063|445431
1200000|1|6000|8|2|1|2|408000|413|3304063|358835
1200000|1|6000|8|2|0|0|408000|414|3312062|445759
1200000|1|6000|8|2|1|2|408000|414|3312062|358138
1200000|1|6000|8|2|0|0|408000|415|3320063|445595
1200000|1|6000|8|2|1|2|408000|415|3320063|357318
1200000|1|6000|8|2|0|0|408000|416|3328062|445923
1200000|1|6000|8|2|1|2|408000|416|3328062|356867
1200000|1|6000|8|2|0|0|408000|417|3336062|446374
1200000|1|6000|8|2|1|2|408000|417|3336062|356621
1200000|1|6000|8|2|0|0|408000|418|3344062|446784
1200000|1|6000|8|2|1|2|408000|418|3344062|356006
1200000|1|6000|8|2|0|0|408000|419|3352062|447563
1200000|1|6000|8|2|1|2|408000|419|3352062|355391
1200000|1|6000|8|2|0|0|408000|420|3360062|448219
1200000|1|6000|8|2|1|2|408000|420|3360062|354899
1200000|1|6000|8|2|0|0|408000|421|3368062|449203
1200000|1|6000|8|2|1|2|408000|421|3368062|354694
1200000|1|6000|8|2|0|0|408000|422|3376062|450064
1200000|1|6000|8|2|1|2|408000|422|3376062|354858
1200000|1|6000|8|2|0|0|408000|423|3384063|450966
1200000|1|6000|8|2|1|2|408000|423|3384063|353833
1200000|1|6000|8|2|0|0|408000|424|3392063|451868
1200000|1|6000|8|2|1|2|408000|424|3392063|353054
1200000|1|6000|8|2|0|0|408000|425|3400063|452688
1200000|1|6000|8|2|1|2|408000|425|3400063|352480
1200000|1|6000|8|2|0|0|408000|426|3408064|452893
1200000|1|6000|8|2|1|2|408000|426|3408064|351332
1200000|1|6000|8|2|0|0|408000|427|3416064|452606
1200000|1|6000|8|2|1|2|408000|427|3416064|350922
1200000|1|6000|8|2|0|0|408000|428|3424064|451868
1200000|1|6000|8|2|1|2|408000|428|3424064|350307
1200000|1|6000|8|2|0|0|408000|429|3432064|451827
1200000|1|6000|8|2|1|2|408000|429|3432064|349528
1200000|1|6000|8|2|0|0|408000|430|3440064|451868
1200000|1|6000|8|2|1|2|408000|430|3440064|348790
1200000|1|6000|8|2|0|0|408000|431|3448063|451827
1200000|1|6000|8|2|1|2|408000|431|3448063|349405
1200000|1|6000|8|2|0|0|408000|432|3456064|451950
1200000|1|6000|8|2|1|2|408000|432|3456064|348749
1200000|1|6000|8|2|0|0|408000|433|3464063|451950
1200000|1|6000|8|2|1|2|408000|433|3464063|348462
1200000|1|6000|8|2|0|0|408000|434|3472063|452524
1200000|1|6000|8|2|1|2|408000|434|3472063|348380
1200000|1|6000|8|2|0|0|408000|435|3480063|453590
1200000|1|6000|8|2|1|2|408000|435|3480063|348011
1200000|1|6000|8|2|0|0|408000|436|3488063|454369
1200000|1|6000|8|2|1|2|408000|436|3488063|348052
1200000|1|6000|8|2|0|0|408000|437|3496063|454820
1200000|1|6000|8|2|1|2|408000|437|3496063|348134
1200000|1|6000|8|2|0|0|408000|438|3504064|455394
1200000|1|6000|8|2|1|2|408000|438|3504064|348380
1200000|1|6000|8|2|0|0|408000|439|3512064|456255
1200000|1|6000|8|2|1|2|408000|439|3512064|348093
1200000|1|6000|8|2|0|0|408000|440|3520064|456624
1200000|1|6000|8|2|1|2|408000|440|3520064|348216
1200000|1|6000|8|2|0|0|408000|441|3528065|457444
1200000|1|6000|8|2|1|2|408000|441|3528065|347847
1200000|1|6000|8|2|0|0|408000|442|3536065|457567
1200000|1|6000|8|2|1|2|408000|442|3536065|347970
1200000|1|6000|8|2|0|0|408000|443|3544066|458510
1200000|1|6000|8|2|1|2|408000|443|3544066|348093
1200000|1|6000|8|2|0|0|408000|444|3552066|458346
1200000|1|6000|8|2|1|2|408000|444|3552066|348216
1200000|1|6000|8|2|0|0|408000|445|3560067|458920
1200000|1|6000|8|2|1|2|408000|445|3560067|346904
1200000|1|6000|8|2|0|0|408000|446|3568065|458756
1200000|1|6000|8|2|1|2|408000|446|3568065|346330
1200000|1|6000|8|2|0|0|408000|447|3576063|459207
1200000|1|6000|8|2|1|2|408000|447|3576063|345264
1200000|1|6000|8|2|0|0|408000|448|3584062|459289
1200000|1|6000|8|2|1|2|408000|448|3584062|344567
1200000|1|6000|8|2|0|0|408000|449|3592061|459986
1200000|1|6000|8|2|1|2|408000|449|3592061|344362
1200000|1|6000|8|2|0|0|408000|450|3600061|460314
1200000|1|6000|8|2|1|2|408000|450|3600061|343706
1200000|1|6000|8|2|0|0|408000|451|3608060|459945
1200000|1|6000|8|2|1|2|408000|451|3608060|342886
1200000|1|6000|8|2|0|0|408000|452|3616059|458920
1200000|1|6000|8|2|1|2|408000|452|3616059|342681
1200000|1|6000|8|2|0|0|408000|453|3624059|457526
1200000|1|6000|8|2|1|2|408000|453|3624059|343173
1200000|1|6000|8|2|0|0|408000|454|3632060|457198
1200000|1|6000|8|2|1|2|408000|454|3632060|343132
1200000|1|6000|8|2|0|0|408000|455|3640060|456296
1200000|1|6000|8|2|1|2|408000|455|3640060|342476
1200000|1|6000|8|2|0|0|408000|456|3648061|455517
1200000|1|6000|8|2|1|2|408000|456|3648061|342476
1200000|1|6000|8|2|0|0|408000|457|3656061|454533
1200000|1|6000|8|2|1|2|408000|457|3656061|342394
1200000|1|6000|8|2|0|0|408000|458|3664062|454082
1200000|1|6000|8|2|1|2|408000|458|3664062|341984
1200000|1|6000|8|2|0|0|408000|459|3672061|453795
1200000|1|6000|8|2|1|2|408000|459|3672061|342148
1200000|1|6000|8|2|0|0|408000|460|3680062|454246
1200000|1|6000|8|2|1|2|408000|460|3680062|341943
1200000|1|6000|8|2|0|0|408000|461|3688062|454123
1200000|1|6000|8|2|1|2|408000|461|3688062|342886
1200000|1|6000|8|2|0|0|408000|462|3696064|453836
1200000|1|6000|8|2|1|2|408000|462|3696064|343993
1200000|1|6000|8|2|0|0|408000|463|3704065|453303
1200000|1|6000|8|2|1|2|408000|463|3704065|345633
1200000|1|6000|8|2|0|0|408000|464|3712066|452852
1200000|1|6000|8|2|1|2|408000|464|3712066|347191
1200000|1|6000|8|2|0|0|408000|465|3720068|452524
1200000|1|6000|8|2|1|2|408000|465|3720068|348093
1200000|1|6000|8|2|0|0|408000|466|3728069|451868
1200000|1|6000|8|2|1|2|408000|466|3728069|349036
1200000|1|6000|8|2|0|0|408000|467|3736071|452360
1200000|1|6000|8|2|1|2|408000|467|3736071|349856
1200000|1|6000|8|2|0|0|408000|468|3744072|451868
1200000|1|6000|8|2|1|2|408000|468|3744072|350143
1200000|1|6000|8|2|0|0|408000|469|3752073|451786
1200000|1|6000|8|2|1|2|408000|469|3752073|349979
1200000|1|6000|8|2|0|0|408000|470|3760073|451868
1200000|1|6000|8|2|1|2|408000|470|3760073|349241
1200000|1|6000|8|2|0|0|408000|471|3768072|451868
1200000|1|6000|8|2|1|2|408000|471|3768072|349077
1200000|1|6000|8|2|0|0|408000|472|3776072|452237
1200000|1|6000|8|2|1|2|408000|472|3776072|349036
1200000|1|6000|8|2|0|0|408000|473|3784073|451868
1200000|1|6000|8|2|1|2|408000|473|3784073|349610
1200000|1|6000|8|2|0|0|408000|474|3792073|451622
1200000|1|6000|8|2|1|2|408000|474|3792073|349733
1200000|1|6000|8|2|0|0|408000|475|3800073|451458
1200000|1|6000|8|2|1|2|408000|475|3800073|350061
1200000|1|6000|8|2|0|0|408000|476|3808074|451745
1200000|1|6000|8|2|1|2|408000|476|3808074|350184
1200000|1|6000|8|2|0|0|408000|477|3816074|451663
1200000|1|6000|8|2|1|2|408000|477|3816074|350061
1200000|1|6000|8|2|0|0|408000|478|3824073|452442
1200000|1|6000|8|2|1|2|408000|478|3824073|349118
1200000|1|6000|8|2|0|0|408000|479|3832073|452688
1200000|1|6000|8|2|1|2|408000|479|3832073|347929
1200000|1|6000|8|2|0|0|408000|480|3840072|453262
1200000|1|6000|8|2|1|2|408000|480|3840072|347068
1200000|1|6000|8|2|0|0|408000|481|3848071|453754
1200000|1|6000|8|2|1|2|408000|481|3848071|345674
1200000|1|6000|8|2|0|0|408000|482|3856070|454410
1200000|1|6000|8|2|1|2|408000|482|3856070|344608
1200000|1|6000|8|2|0|0|408000|483|3864069|454738
1200000|1|6000|8|2|1|2|408000|483|3864069|343624
1200000|1|6000|8|2|0|0|408000|484|3872068|454820
1200000|1|6000|8|2|1|2|408000|484|3872068|342681
1200000|1|6000|8|2|0|0|408000|485|3880067|454820
1200000|1|6000|8|2|1|2|408000|485|3880067|343296
1200000|1|6000|8|2|0|0|408000|486|3888069|454738
1200000|1|6000|8|2|1|2|408000|486|3888069|343911
1200000|1|6000|8|2|0|0|408000|487|3896069|454943
1200000|1|6000|8|2|1|2|408000|487|3896069|343747
1200000|1|6000|8|2|0|0|408000|488|3904070|455189
1200000|1|6000|8|2|1|2|408000|488|3904070|343091
1200000|1|6000|8|2|0|0|408000|489|3912070|456091
1200000|1|6000|8|2|1|2|408000|489|3912070|342763
1200000|1|6000|8|2|0|0|408000|490|3920070|455681
1200000|1|6000|8|2|1|2|408000|490|3920070|342476
1200000|1|6000|8|2|0|0|408000|491|3928071|455804
1200000|1|6000|8|2|1|2|408000|491|3928071|342230
1200000|1|6000|8|2|0|0|408000|492|3936070|455722
1200000|1|6000|8|2|1|2|408000|492|3936070|342271
1200000|1|6000|8|2|0|0|408000|493|3944071|455845
1200000|1|6000|8|2|1|2|408000|493|3944071|341451
1200000|1|6000|8|2|0|0|408000|494|3952070|456378
1200000|1|6000|8|2|1|2|408000|494|3952070|341697
1200000|1|6000|8|2|0|0|408000|495|3960070|456993
1200000|1|6000|8|2|1|2|408000|495|3960070|341615
1200000|1|6000|8|2|0|0|408000|496|3968071|458059
1200000|1|6000|8|2|1|2|408000|496|3968071|342025
1200000|1|6000|8|2|0|0|408000|497|3976071|458305
1200000|1|6000|8|2|1|2|408000|497|3976071|342435
1200000|1|6000|8|2|0|0|408000|498|3984072|458879
1200000|1|6000|8|2|1|2|408000|498|3984072|342681
1200000|1|6000|8|2|0|0|408000|499|3992072|458551
1200000|1|6000|8|2|1|2|408000|499|3992072|342927
1200000|1|6000|8|2|0|0|408000|500|4000073|458346
1200000|1|6000|8|2|1|2|408000|500|4000073|343296
1200000|1|6000|8|2|0|0|408000|501|4008073|457444
1200000|1|6000|8|2|1|2|408000|501|4008073|343091
1200000|1|6000|8|2|0|0|408000|502|4016074|457116
1200000|1|6000|8|2|1|2|408000|502|4016074|343419
1200000|1|6000|8|2|0|0|408000|503|4024073|456747
1200000|1|6000|8|2|1|2|408000|503|4024073|343747
1200000|1|6000|8|2|0|0|408000|504|4032074|456091
1200000|1|6000|8|2|1|2|408000|504|4032074|344403
1200000|1|6000|8|2|0|0|408000|505|4040074|455886
1200000|1|6000|8|2|1|2|408000|505|4040074|344936
1200000|1|6000|8|2|0|0|408000|506|4048074|455558
1200000|1|6000|8|2|1|2|408000|506|4048074|345592
1200000|1|6000|8|2|0|0|408000|507|4056074|455722
1200000|1|6000|8|2|1|2|408000|507|4056074|346166
1200000|1|6000|8|2|0|0|408000|508|4064075|454943
1200000|1|6000|8|2|1|2|408000|508|4064075|346986
1200000|1|6000|8|2|0|0|408000|509|4072075|454902
1200000|1|6000|8|2|1|2|408000|509|4072075|347191
1200000|1|6000|8|2|0|0|408000|510|4080075|454410
1200000|1|6000|8|2|1|2|408000|510|4080075|347847
1200000|1|6000|8|2|0|0|408000|511|4088076|454123
1200000|1|6000|8|2|1|2|408000|511|4088076|348298
1200000|1|6000|8|2|0|0|408000|512|4096076|453713
1200000|1|6000|8|2|1|2|408000|512|4096076|349077
1200000|1|6000|8|2|0|0|408000|513|4104077|453508
1200000|1|6000|8|2|1|2|408000|513|4104077|349241
1200000|1|6000|8|2|0|0|408000|514|4112076|453221
1200000|1|6000|8|2|1|2|408000|514|4112076|350020
1200000|1|6000|8|2|0|0|408000|515|4120077|452688
1200000|1|6000|8|2|1|2|408000|515|4120077|350676
1200000|1|6000|8|2|0|0|408000|516|4128077|451540
1200000|1|6000|8|2|1|2|408000|516|4128077|351906
1200000|1|6000|8|2|0|0|408000|517|4136078|450187
1200000|1|6000|8|2|1|2|408000|517|4136078|352726
1200000|1|6000|8|2|0|0|408000|518|4144079|449326
1200000|1|6000|8|2|1|2|408000|518|4144079|352972
1200000|1|6000|8|2|0|0|408000|519|4152079|448424
1200000|1|6000|8|2|1|2|408000|519|4152079|353464
1200000|1|6000|8|2|0|0|408000|520|4160080|447153
1200000|1|6000|8|2|1|2|408000|520|4160080|353587
1200000|1|6000|8|2|0|0|408000|521|4168081|446374
1200000|1|6000|8|2|1|2|408000|521|4168081|354366
1200000|1|6000|8|2|0|0|408000|522|4176081|445759
1200000|1|6000|8|2|1|2|408000|522|4176081|354325
1200000|1|6000|8|2|0|0|408000|523|4184081|446538
1200000|1|6000|8|2|1|2|408000|523|4184081|354858
1200000|1|6000|8|2|0|0|408000|524|4192082|446702
1200000|1|6000|8|2|1|2|408000|524|4192082|354694
1200000|1|6000|8|2|0|0|408000|525|4200082|446784
1200000|1|6000|8|2|1|2|408000|525|4200082|355432
1200000|1|6000|8|2|0|0|408000|526|4208083|446661
1200000|1|6000|8|2|1|2|408000|526|4208083|355063
1200000|1|6000|8|2|0|0|408000|527|4216083|446333
1200000|1|6000|8|2|1|2|408000|527|4216083|355186
1200000|1|6000|8|2|0|0|408000|528|4224083|446292
1200000|1|6000|8|2|1|2|408000|528|4224083|354817
1200000|1|6000|8|2|0|0|408000|529|4232084|445718
1200000|1|6000|8|2|1|2|408000|529|4232084|354366
1200000|1|6000|8|2|0|0|408000|530|4240084|446620
1200000|1|6000|8|2|1|2|408000|530|4240084|354448
1200000|1|6000|8|2|0|0|408000|531|4248085|445923
1200000|1|6000|8|2|1|2|408000|531|4248085|354079
1200000|1|6000|8|2|0|0|408000|532|4256084|445636
1200000|1|6000|8|2|1|2|408000|532|4256084|354653
1200000|1|6000|8|2|0|0|408000|533|4264086|445226
1200000|1|6000|8|2|1|2|408000|533|4264086|354776
1200000|1|6000|8|2|0|0|408000|534|4272086|445185
1200000|1|6000|8|2|1|2|408000|534|4272086|355596
1200000|1|6000|8|2|0|0|408000|535|4280087|445308
1200000|1|6000|8|2|1|2|408000|535|4280087|355391
1200000|1|6000|8|2|0|0|408000|536|4288088|445226
1200000|1|6000|8|2|1|2|408000|536|4288088|355555
1200000|1|6000|8|2|0|0|408000|537|4296088|445431
1200000|1|6000|8|2|1|2|408000|537|4296088|355555
1200000|1|6000|8|2|0|0|408000|538|4304089|445841
1200000|1|6000|8|2|1|2|408000|538|4304089|354899
1200000|1|6000|8|2|0|0|408000|539|4312089|446456
1200000|1|6000|8|2|1|2|408000|539|4312089|355145
1200000|1|6000|8|2|0|0|408000|540|4320090|446456
1200000|1|6000|8|2|1|2|408000|540|4320090|354571
1200000|1|6000|8|2|0|0|408000|541|4328090|446661
1200000|1|6000|8|2|1|2|408000|541|4328090|355514
1200000|1|6000|8|2|0|0|408000|542|4336091|446538
1200000|1|6000|8|2|1|2|408000|542|4336091|355801
1200000|1|6000|8|2|0|0|408000|543|4344092|446620
1200000|1|6000|8|2|1|2|408000|543|4344092|356703
1200000|1|6000|8|2|0|0|408000|544|4352093|446579
1200000|1|6000|8|2|1|2|408000|544|4352093|357564
1200000|1|6000|8|2|0|0|408000|545|4360094|445185
1200000|1|6000|8|2|1|2|408000|545|4360094|358384
1200000|1|6000|8|2|0|0|408000|546|4368096|445390
1200000|1|6000|8|2|1|2|408000|546|4368096|359942
1200000|1|6000|8|2|0|0|408000|547|4376099|444775
1200000|1|6000|8|2|1|2|408000|547|4376099|360352
1200000|1|6000|8|2|0|0|408000|548|4384099|445144
1200000|1|6000|8|2|1|2|408000|548|4384099|359532
1200000|1|6000|8|2|0|0|408000|549|4392099|444734
1200000|1|6000|8|2|1|2|408000|549|4392099|358958
1200000|1|6000|8|2|0|0|408000|550|4400100|445349
1200000|1|6000|8|2|1|2|408000|550|4400100|358384
1200000|1|6000|8|2|0|0|408000|551|4408100|444980
1200000|1|6000|8|2|1|2|408000|551|4408100|357646
1200000|1|6000|8|2|0|0|408000|552|4416100|445636
1200000|1|6000|8|2|1|2|408000|552|4416100|357318
1200000|1|6000|8|2|0|0|408000|553|4424100|445185
1200000|1|6000|8|2|1|2|408000|553|4424100|356375
1200000|1|6000|8|2|0|0|408000|554|4432100|445677
1200000|1|6000|8|2|1|2|408000|554|4432100|356047
1200000|1|6000|8|2|0|0|408000|555|4440100|446046
1200000|1|6000|8|2|1|2|408000|555|4440100|355924
1200000|1|6000|8|2|0|0|408000|556|4448101|446579
1200000|1|6000|8|2|1|2|408000|556|4448101|355309
1200000|1|6000|8|2|0|0|408000|557|4456101|446784
1200000|1|6000|8|2|1|2|408000|557|4456101|355432
1200000|1|6000|8|2|0|0|408000|558|4464102|447317
1200000|1|6000|8|2|1|2|408000|558|4464102|354489
1200000|1|6000|8|2|0|0|408000|559|4472102|447563
1200000|1|6000|8|2|1|2|408000|559|4472102|354612
1200000|1|6000|8|2|0|0|408000|560|4480102|448014
1200000|1|6000|8|2|1|2|408000|560|4480102|354120
1200000|1|6000|8|2|0|0|408000|561|4488102|447440
1200000|1|6000|8|2|1|2|408000|561|4488102|354366
1200000|1|6000|8|2|0|0|408000|562|4496103|446743
1200000|1|6000|8|2|1|2|408000|562|4496103|354284
1200000|1|6000|8|2|0|0|408000|563|4504104|446087
1200000|1|6000|8|2|1|2|408000|563|4504104|354038
1200000|1|6000|8|2|0|0|408000|564|4512103|445555
1200000|1|6000|8|2|1|2|408000|564|4512103|354284
1200000|1|6000|8|2|0|0|408000|565|4520104|445472
1200000|1|6000|8|2|1|2|408000|565|4520104|353751
1200000|1|6000|8|2|0|0|408000|566|4528105|445103
1200000|1|6000|8|2|1|2|408000|566|4528105|353628
1200000|1|6000|8|2|0|0|408000|567|4536105|445349
1200000|1|6000|8|2|1|2|408000|567|4536105|352808
1200000|1|6000|8|2|0|0|408000|568|4544105|445021
1200000|1|6000|8|2|1|2|408000|568|4544105|352767
1200000|1|6000|8|2|0|0|408000|569|4552105|445226
1200000|1|6000|8|2|1|2|408000|569|4552105|351619
1200000|1|6000|8|2|0|0|408000|570|4560104|444734
1200000|1|6000|8|2|1|2|408000|570|4560104|351086
1200000|1|6000|8|2|0|0|408000|571|4568104|445185
1200000|1|6000|8|2|1|2|408000|571|4568104|351660
1200000|1|6000|8|2|0|0|408000|572|4576105|444939
1200000|1|6000|8|2|1|2|408000|572|4576105|351865
1200000|1|6000|8|2|0|0|408000|573|4584105|444652
1200000|1|6000|8|2|1|2|408000|573|4584105|351783
1200000|1|6000|8|2|0|0|408000|574|4592105|444611
1200000|1|6000|8|2|1|2|408000|574|4592105|351332
1200000|1|6000|8|2|0|0|408000|575|4600105|445431
1200000|1|6000|8|2|1|2|408000|575|4600105|351250
1200000|1|6000|8|2|0|0|408000|576|4608105|445554
1200000|1|6000|8|2|1|2|408000|576|4608105|351127
1200000|1|6000|8|2|0|0|408000|577|4616106|444693
1200000|1|6000|8|2|1|2|408000|577|4616106|350922
1200000|1|6000|8|2|0|0|408000|578|4624106|445226
1200000|1|6000|8|2|1|2|408000|578|4624106|350471
1200000|1|6000|8|2|0|0|408000|579|4632106|444529
1200000|1|6000|8|2|1|2|408000|579|4632106|350512
1200000|1|6000|8|2|0|0|408000|580|4640106|444611
1200000|1|6000|8|2|1|2|408000|580|4640106|350266
1200000|1|6000|8|2|0|0|408000|581|4648106|443914
1200000|1|6000|8|2|1|2|408000|581|4648106|349815
1200000|1|6000|8|2|0|0|408000|582|4656106|442725
1200000|1|6000|8|2|1|2|408000|582|4656106|349897
1200000|1|6000|8|2|0|0|408000|583|4664107|442643
1200000|1|6000|8|2|1|2|408000|583|4664107|349364
1200000|1|6000|8|2|0|0|408000|584|4672106|443135
1200000|1|6000|8|2|1|2|408000|584|4672106|349282
1200000|1|6000|8|2|0|0|408000|585|4680106|443750
1200000|1|6000|8|2|1|2|408000|585|4680106|348626
1200000|1|6000|8|2|0|0|408000|586|4688105|444201
1200000|1|6000|8|2|1|2|408000|586|4688105|348503
1200000|1|6000|8|2|0|0|408000|587|4696105|444365
1200000|1|6000|8|2|1|2|408000|587|4696105|347765
1200000|1|6000|8|2|0|0|408000|588|4704104|444201
1200000|1|6000|8|2|1|2|408000|588|4704104|347560
1200000|1|6000|8|2|0|0|408000|589|4712104|444078
1200000|1|6000|8|2|1|2|408000|589|4712104|346945
1200000|1|6000|8|2|0|0|408000|590|4720103|443627
1200000|1|6000|8|2|1|2|408000|590|4720103|347027
1200000|1|6000|8|2|0|0|408000|591|4728103|443258
1200000|1|6000|8|2|1|2|408000|591|4728103|346740
1200000|1|6000|8|2|0|0|408000|592|4736103|443217
1200000|1|6000|8|2|1|2|408000|592|4736103|347642
1200000|1|6000|8|2|0|0|408000|593|4744104|442971
1200000|1|6000|8|2|1|2|408000|593|4744104|347437
1200000|1|6000|8|2|0|0|408000|594|4752104|443299
1200000|1|6000|8|2|1|2|408000|594|4752104|347273
1200000|1|6000|8|2|0|0|408000|595|4760105|442807
1200000|1|6000|8|2|1|2|408000|595|4760105|346863
1200000|1|6000|8|2|0|0|408000|596|4768105|443135
1200000|1|6000|8|2|1|2|408000|596|4768105|346412
1200000|1|6000|8|2|0|0|408000|597|4776106|442889
1200000|1|6000|8|2|1|2|408000|597|4776106|346002
1200000|1|6000|8|2|0|0|408000|598|4784106|443627
1200000|1|6000|8|2|1|2|408000|598|4784106|345428
1200000|1|6000|8|2|0|0|408000|599|4792106|443217
1200000|1|6000|8|2|1|2|408000|599|4792106|344649
1200000|1|6000|8|2|0|0|408000|600|4800105|443791
1200000|1|6000|8|2|1|2|408000|600|4800105|343870
1200000|1|6000|8|2|0|0|408000|601|4808105|443668
1200000|1|6000|8|2|1|2|408000|601|4808105|343542
1200000|1|6000|8|2|0|0|408000|602|4816105|443914
1200000|1|6000|8|2|1|2|408000|602|4816105|343214
1200000|1|6000|8|2|0|0|408000|603|4824105|443504
1200000|1|6000|8|2|1|2|408000|603|4824105|342968
1200000|1|6000|8|2|0|0|408000|604|4832106|443422
1200000|1|6000|8|2|1|2|408000|604|4832106|341943
1200000|1|6000|8|2|0|0|408000|605|4840105|443463
1200000|1|6000|8|2|1|2|408000|605|4840105|341902
1200000|1|6000|8|2|0|0|408000|606|4848106|442848
1200000|1|6000|8|2|1|2|408000|606|4848106|341492
1200000|1|6000|8|2|0|0|408000|607|4856107|442479
1200000|1|6000|8|2|1|2|408000|607|4856107|340918
1200000|1|6000|8|2|0|0|408000|608|4864106|442889
1200000|1|6000|8|2|1|2|408000|608|4864106|340344
1200000|1|6000|8|2|0|0|408000|609|4872106|443094
1200000|1|6000|8|2|1|2|408000|609|4872106|341205
1200000|1|6000|8|2|0|0|408000|610|4880107|442971
1200000|1|6000|8|2|1|2|408000|610|4880107|340918
1200000|1|6000|8|2|0|0|408000|611|4888107|443422
1200000|1|6000|8|2|1|2|408000|611|4888107|340959
1200000|1|6000|8|2|0|0|408000|612|4896107|443996
1200000|1|6000|8|2|1|2|408000|612|4896107|341082
1200000|1|6000|8|2|0|0|408000|613|4904107|444857
1200000|1|6000|8|2|1|2|408000|613|4904107|340672
1200000|1|6000|8|2|0|0|408000|614|4912106|444816
1200000|1|6000|8|2|1|2|408000|614|4912106|340385
1200000|1|6000|8|2|0|0|408000|615|4920106|445103
1200000|1|6000|8|2|1|2|408000|615|4920106|339401
1200000|1|6000|8|2|0|0|408000|616|4928105|445390
1200000|1|6000|8|2|1|2|408000|616|4928105|338458
1200000|1|6000|8|2|0|0|408000|617|4936104|445964
1200000|1|6000|8|2|1|2|408000|617|4936104|337146
1200000|1|6000|8|2|0|0|408000|618|4944103|446169
1200000|1|6000|8|2|1|2|408000|618|4944103|336941
1200000|1|6000|8|2|0|0|408000|619|4952103|446907
1200000|1|6000|8|2|1|2|408000|619|4952103|335793
1200000|1|6000|8|2|0|0|408000|620|4960102|447153
1200000|1|6000|8|2|1|2|408000|620|4960102|335834
1200000|1|6000|8|2|0|0|408000|621|4968101|447973
1200000|1|6000|8|2|1|2|408000|621|4968101|335506
1200000|1|6000|8|2|0|0|408000|622|4976101|448301
1200000|1|6000|8|2|1|2|408000|622|4976101|335998
1200000|1|6000|8|2|0|0|408000|623|4984102|448301
1200000|1|6000|8|2|1|2|408000|623|4984102|336162
1200000|1|6000|8|2|0|0|408000|624|4992102|448547
1200000|1|6000|8|2|1|2|408000|624|4992102|336408
1200000|1|6000|8|2|0|0|408000|625|5000102|448424
1200000|1|6000|8|2|1|2|408000|625|5000102|336449
1200000|1|6000|8|2|0|0|408000|626|5008102|448834
1200000|1|6000|8|2|1|2|408000|626|5008102|336203
1200000|1|6000|8|2|0|0|408000|627|5016101|448506
1200000|1|6000|8|2|1|2|408000|627|5016101|336162
1200000|1|6000|8|2|0|0|408000|628|5024101|449039
1200000|1|6000|8|2|1|2|408000|628|5024101|336080
1200000|1|6000|8|2|0|0|408000|629|5032101|449244
1200000|1|6000|8|2|1|2|408000|629|5032101|335342
1200000|1|6000|8|2|0|0|408000|630|5040100|449449
1200000|1|6000|8|2|1|2|408000|630|5040100|335465
1200000|1|6000|8|2|0|0|408000|631|5048100|449900
1200000|1|6000|8|2|1|2|408000|631|5048100|336080
1200000|1|6000|8|2|0|0|408000|632|5056100|450105
1200000|1|6000|8|2|1|2|408000|632|5056100|335629
1200000|1|6000|8|2|0|0|408000|633|5064100|450433
1200000|1|6000|8|2|1|2|408000|633|5064100|336039
1200000|1|6000|8|2|0|0|408000|634|5072100|450515
1200000|1|6000|8|2|1|2|408000|634|5072100|335547
1200000|1|6000|8|2|0|0|408000|635|5080100|450023
1200000|1|6000|8|2|1|2|408000|635|5080100|335998
1200000|1|6000|8|2|0|0|408000|636|5088100|449900
1200000|1|6000|8|2|1|2|408000|636|5088100|336244
1200000|1|6000|8|2|0|0|408000|637|5096100|449859
1200000|1|6000|8|2|1|2|408000|637|5096100|336695
1200000|1|6000|8|2|0|0|408000|638|5104100|449285
1200000|1|6000|8|2|1|2|408000|638|5104100|336490
1200000|1|6000|8|2|0|0|408000|639|5112100|449244
1200000|1|6000|8|2|1|2|408000|639|5112100|337064
1200000|1|6000|8|2|0|0|408000|640|5120101|448998
1200000|1|6000|8|2|1|2|408000|640|5120101|336777
1200000|1|6000|8|2|0|0|408000|641|5128101|448834
1200000|1|6000|8|2|1|2|408000|641|5128101|337064
1200000|1|6000|8|2|0|0|408000|642|5136101|448916
1200000|1|6000|8|2|1|2|408000|642|5136101|336818
1200000|1|6000|8|2|0|0|408000|643|5144101|448506
1200000|1|6000|8|2|1|2|408000|643|5144101|336654
1200000|1|6000|8|2|0|0|408000|644|5152100|448711
1200000|1|6000|8|2|1|2|408000|644|5152100|336121
1200000|1|6000|8|2|0|0|408000|645|5160100|448547
1200000|1|6000|8|2|1|2|408000|645|5160100|336449
1200000|1|6000|8|2|0|0|408000|646|5168100|449162
1200000|1|6000|8|2|1|2|408000|646|5168100|336531
1200000|1|6000|8|2|0|0|408000|647|5176100|449449
1200000|1|6000|8|2|1|2|408000|647|5176100|336613
1200000|1|6000|8|2|0|0|408000|648|5184101|450064
1200000|1|6000|8|2|1|2|408000|648|5184101|337023
1200000|1|6000|8|2|0|0|408000|649|5192101|450761
1200000|1|6000|8|2|1|2|408000|649|5192101|337146
1200000|1|6000|8|2|0|0|408000|650|5200102|451827
1200000|1|6000|8|2|1|2|408000|650|5200102|337351
1200000|1|6000|8|2|0|0|408000|651|5208102|452237
1200000|1|6000|8|2|1|2|408000|651|5208102|337556
1200000|1|6000|8|2|0|0|408000|652|5216102|452319
1200000|1|6000|8|2|1|2|408000|652|5216102|337966
1200000|1|6000|8|2|0|0|408000|653|5224102|452483
1200000|1|6000|8|2|1|2|408000|653|5224102|337269
1200000|1|6000|8|2|0|0|408000|654|5232102|452606
1200000|1|6000|8|2|1|2|408000|654|5232102|337474
1200000|1|6000|8|2|0|0|408000|655|5240101|452647
1200000|1|6000|8|2|1|2|408000|655|5240101|337228
1200000|1|6000|8|2|0|0|408000|656|5248101|452975
1200000|1|6000|8|2|1|2|408000|656|5248101|337433
1200000|1|6000|8|2|0|0|408000|657|5256101|452688
1200000|1|6000|8|2|1|2|408000|657|5256101|337679
1200000|1|6000|8|2|0|0|408000|658|5264102|453385
1200000|1|6000|8|2|1|2|408000|658|5264102|337802
1200000|1|6000|8|2|0|0|408000|659|5272102|454041
1200000|1|6000|8|2|1|2|408000|659|5272102|338048
1200000|1|6000|8|2|0|0|408000|660|5280102|454738
1200000|1|6000|8|2|1|2|408000|660|5280102|338253
1200000|1|6000|8|2|0|0|408000|661|5288102|455599
1200000|1|6000|8|2|1|2|408000|661|5288102|338581
1200000|1|6000|8|2|0|0|408000|662|5296102|456542
1200000|1|6000|8|2|1|2|408000|662|5296102|338212
1200000|1|6000|8|2|0|0|408000|663|5304102|457198
1200000|1|6000|8|2|1|2|408000|663|5304102|338991
1200000|1|6000|8|2|0|0|408000|664|5312103|457731
1200000|1|6000|8|2|1|2|408000|664|5312103|338335
1200000|1|6000|8|2|0|0|408000|665|5320103|457567
1200000|1|6000|8|2|1|2|408000|665|5320103|339483
1200000|1|6000|8|2|0|0|408000|666|5328104|457403
1200000|1|6000|8|2|1|2|408000|666|5328104|339237
1200000|1|6000|8|2|0|0|408000|667|5336104|457526
1200000|1|6000|8|2|1|2|408000|667|5336104|340672
1200000|1|6000|8|2|0|0|408000|668|5344106|456747
1200000|1|6000|8|2|1|2|408000|668|5344106|340836
1200000|1|6000|8|2|0|0|408000|669|5352107|456665
1200000|1|6000|8|2|1|2|408000|669|5352107|341533
1200000|1|6000|8|2|0|0|408000|670|5360108|455927
1200000|1|6000|8|2|1|2|408000|670|5360108|342476
1200000|1|6000|8|2|0|0|408000|671|5368110|456009
1200000|1|6000|8|2|1|2|408000|671|5368110|343132
1200000|1|6000|8|2|0|0|408000|672|5376111|456132
1200000|1|6000|8|2|1|2|408000|672|5376111|343993
1200000|1|6000|8|2|0|0|408000|673|5384112|455599
1200000|1|6000|8|2|1|2|408000|673|5384112|344034
1200000|1|6000|8|2|0|0|408000|674|5392113|455804
1200000|1|6000|8|2|1|2|408000|674|5392113|344526
1200000|1|6000|8|2|0|0|408000|675|5400114|455681
1200000|1|6000|8|2|1|2|408000|675|5400114|345346
1200000|1|6000|8|2|0|0|408000|676|5408115|455722
1200000|1|6000|8|2|1|2|408000|676|5408115|345797
1200000|1|6000|8|2|0|0|408000|677|5416117|455435
1200000|1|6000|8|2|1|2|408000|677|5416117|345961
1200000|1|6000|8|2|0|0|408000|678|5424118|455230
1200000|1|6000|8|2|1|2|408000|678|5424118|346453
1200000|1|6000|8|2|0|0|408000|679|5432120|454574
1200000|1|6000|8|2|1|2|408000|679|5432120|346699
1200000|1|6000|8|2|0|0|408000|680|5440121|455640
1200000|1|6000|8|2|1|2|408000|680|5440121|347683
1200000|1|6000|8|2|0|0|408000|681|5448122|455230
1200000|1|6000|8|2|1|2|408000|681|5448122|347929
1200000|1|6000|8|2|0|0|408000|682|5456122|454738
1200000|1|6000|8|2|1|2|408000|682|5456122|348093
1200000|1|6000|8|2|0|0|408000|683|5464122|454574
1200000|1|6000|8|2|1|2|408000|683|5464122|347396
1200000|1|6000|8|2|0|0|408000|684|5472121|454451
1200000|1|6000|8|2|1|2|408000|684|5472121|347191
1200000|1|6000|8|2|0|0|408000|685|5480121|454574
1200000|1|6000|8|2|1|2|408000|685|5480121|347191
1200000|1|6000|8|2|0|0|408000|686|5488121|454615
1200000|1|6000|8|2|1|2|408000|686|5488121|346494
1200000|1|6000|8|2|0|0|408000|687|5496121|454000
1200000|1|6000|8|2|1|2|408000|687|5496121|346576
1200000|1|6000|8|2|0|0|408000|688|5504121|453221
1200000|1|6000|8|2|1|2|408000|688|5504121|346330
1200000|1|6000|8|2|0|0|408000|689|5512121|453221
1200000|1|6000|8|2|1|2|408000|689|5512121|346371
1200000|1|6000|8|2|0|0|408000|690|5520121|453549
1200000|1|6000|8|2|1|2|408000|690|5520121|346658
1200000|1|6000|8|2|0|0|408000|691|5528121|453590
1200000|1|6000|8|2|1|2|408000|691|5528121|347109
1200000|1|6000|8|2|0|0|408000|692|5536122|453959
1200000|1|6000|8|2|1|2|408000|692|5536122|346494
1200000|1|6000|8|2|0|0|408000|693|5544121|453754
1200000|1|6000|8|2|1|2|408000|693|5544121|347109
1200000|1|6000|8|2|0|0|408000|694|5552122|453959
1200000|1|6000|8|2|1|2|408000|694|5552122|346535
1200000|1|6000|8|2|0|0|408000|695|5560122|454328
1200000|1|6000|8|2|1|2|408000|695|5560122|346699
1200000|1|6000|8|2|0|0|408000|696|5568122|455066
1200000|1|6000|8|2|1|2|408000|696|5568122|347027
1200000|1|6000|8|2|0|0|408000|697|5576122|455394
1200000|1|6000|8|2|1|2|408000|697|5576122|347314
1200000|1|6000|8|2|0|0|408000|698|5584122|456501
1200000|1|6000|8|2|1|2|408000|698|5584122|346207
1200000|1|6000|8|2|0|0|408000|699|5592121|456993
1200000|1|6000|8|2|1|2|408000|699|5592121|345674
1200000|1|6000|8|2|0|0|408000|700|5600122|458018
1200000|1|6000|8|2|1|2|408000|700|5600122|345223
1200000|1|6000|8|2|0|0|408000|701|5608122|458305
1200000|1|6000|8|2|1|2|408000|701|5608122|344567
1200000|1|6000|8|2|0|0|408000|702|5616122|458469
1200000|1|6000|8|2|1|2|408000|702|5616122|344608
1200000|1|6000|8|2|0|0|408000|703|5624122|458961
1200000|1|6000|8|2|1|2|408000|703|5624122|344649
1200000|1|6000|8|2|0|0|408000|704|5632123|458961
1200000|1|6000|8|2|1|2|408000|704|5632123|344239
1200000|1|6000|8|2|0|0|408000|705|5640123|459863
1200000|1|6000|8|2|1|2|408000|705|5640123|344239
1200000|1|6000|8|2|0|0|408000|706|5648123|460232
1200000|1|6000|8|2|1|2|408000|706|5648123|344649
1200000|1|6000|8|2|0|0|408000|707|5656123|461289
1200000|1|6000|8|2|1|2|408000|707|5656123|345182
1200000|1|6000|8|2|0|0|408000|708|5664123|461946
1200000|1|6000|8|2|1|2|408000|708|5664123|345387
1200000|1|6000|8|2|0|0|408000|709|5672123|462850
1200000|1|6000|8|2|1|2|408000|709|5672123|345264
1200000|1|6000|8|2|0|0|408000|710|5680123|463545
1200000|1|6000|8|2|1|2|408000|710|5680123|345223
1200000|1|6000|8|2|0|0|408000|711|5688123|463588
1200000|1|6000|8|2|1|2|408000|711|5688123|345387
1200000|1|6000|8|2|0|0|408000|712|5696123|463013
1200000|1|6000|8|2|1|2|408000|712|5696123|344690
1200000|1|6000|8|2|0|0|408000|713|5704123|462932
1200000|1|6000|8|2|1|2|408000|713|5704123|345100
1200000|1|6000|8|2|0|0|408000|714|5712123|462889
1200000|1|6000|8|2|1|2|408000|714|5712123|345346
1200000|1|6000|8|2|0|0|408000|715|5720123|463013
1200000|1|6000|8|2|1|2|408000|715|5720123|345797
1200000|1|6000|8|2|0|0|408000|716|5728123|462847
1200000|1|6000|8|2|1|2|408000|716|5728123|345387
1200000|1|6000|8|2|0|0|408000|717|5736123|462232
1200000|1|6000|8|2|1|2|408000|717|5736123|346043
1200000|1|6000|8|2|0|0|408000|718|5744123|462890
1200000|1|6000|8|2|1|2|408000|718|5744123|346084
1200000|1|6000|8|2|0|0|408000|719|5752122|463013
1200000|1|6000|8|2|1|2|408000|719|5752122|346658
1200000|1|6000|8|2|0|0|408000|720|5760122|463300
1200000|1|6000|8|2|1|2|408000|720|5760122|346576
1200000|1|6000|8|2|0|0|408000|721|5768122|463340
1200000|1|6000|8|2|1|2|408000|721|5768122|346863
1200000|1|6000|8|2|0|0|408000|722|5776122|463132
1200000|1|6000|8|2|1|2|408000|722|5776122|347150
1200000|1|6000|8|2|0|0|408000|723|5784122|463177
1200000|1|6000|8|2|1|2|408000|723|5784122|347724
1200000|1|6000|8|2|0|0|408000|724|5792122|462520
1200000|1|6000|8|2|1|2|408000|724|5792122|348339
1200000|1|6000|8|2|0|0|408000|725|5800123|461864
1200000|1|6000|8|2|1|2|408000|725|5800123|349159
1200000|1|6000|8|2|0|0|408000|726|5808123|460304
1200000|1|6000|8|2|1|2|408000|726|5808123|349938
1200000|1|6000|8|2|0|0|408000|727|5816123|459363
1200000|1|6000|8|2|1|2|408000|727|5816123|349979
1200000|1|6000|8|2|0|0|408000|728|5824122|459036
1200000|1|6000|8|2|1|2|408000|728|5824122|349733
1200000|1|6000|8|2|0|0|408000|729|5832122|458009
1200000|1|6000|8|2|1|2|408000|729|5832122|349405
1200000|1|6000|8|2|0|0|408000|730|5840122|457477
1200000|1|6000|8|2|1|2|408000|730|5840122|349405
1200000|1|6000|8|2|0|0|408000|731|5848122|456327
1200000|1|6000|8|2|1|2|408000|731|5848122|348913
1200000|1|6000|8|2|0|0|408000|732|5856121|456451
1200000|1|6000|8|2|1|2|408000|732|5856121|348913
1200000|1|6000|8|2|0|0|408000|733|5864121|456328
1200000|1|6000|8|2|1|2|408000|733|5864121|348626
1200000|1|6000|8|2|0|0|408000|734|5872121|456125
1200000|1|6000|8|2|1|2|408000|734|5872121|349856
1200000|1|6000|8|2|0|0|408000|735|5880123|455879
1200000|1|6000|8|2|1|2|408000|735|5880123|351045
1200000|1|6000|8|2|0|0|408000|736|5888124|455755
1200000|1|6000|8|2|1|2|408000|736|5888124|352849
1200000|1|6000|8|2|0|0|408000|737|5896126|455424
1200000|1|6000|8|2|1|2|408000|737|5896126|353095
1200000|1|6000|8|2|0|0|408000|738|5904127|454893
1200000|1|6000|8|2|1|2|408000|738|5904127|354325
1200000|1|6000|8|2|0|0|408000|739|5912128|453948
1200000|1|6000|8|2|1|2|408000|739|5912128|354899
1200000|1|6000|8|2|0|0|408000|740|5920129|453378
1200000|1|6000|8|2|1|2|408000|740|5920129|356293
1200000|1|6000|8|2|0|0|408000|741|5928130|452636
1200000|1|6000|8|2|1|2|408000|741|5928130|356580
1200000|1|6000|8|2|0|0|408000|742|5936131|452063
1200000|1|6000|8|2|1|2|408000|742|5936131|356334
1200000|1|6000|8|2|0|0|408000|743|5944131|451411
1200000|1|6000|8|2|1|2|408000|743|5944131|356375
1200000|1|6000|8|2|0|0|408000|744|5952131|451040
1200000|1|6000|8|2|1|2|408000|744|5952131|356580
1200000|1|6000|8|2|0|0|408000|745|5960132|450015
1200000|1|6000|8|2|1|2|408000|745|5960132|357195
1200000|1|6000|8|2|0|0|408000|746|5968133|449973
1200000|1|6000|8|2|1|2|408000|746|5968133|357769
1200000|1|6000|8|2|0|0|408000|747|5976134|449643
1200000|1|6000|8|2|1|2|408000|747|5976134|358220
1200000|1|6000|8|2|0|0|408000|748|5984135|449606
1200000|1|6000|8|2|1|2|408000|748|5984135|358425
1200000|1|6000|8|2|0|0|408000|749|5992136|448990
1200000|1|6000|8|2|1|2|408000|749|5992136|357933
1200000|1|6000|8|2|0|0|408000|750|6000135|448293
1200000|1|6000|8|2|1|2|408000|750|6000135|357769
1200000|1|6000|8|2|0|0|408000|751|6008134|447840
1200000|1|6000|8|2|1|2|408000|751|6008134|357769
1200000|1|6000|8|2|0|0|408000|752|6016134|447433
1200000|1|6000|8|2|1|2|408000|752|6016134|357400
1200000|1|6000|8|2|0|0|408000|753|6024133|447187
1200000|1|6000|8|2|1|2|408000|753|6024133|357195
1200000|1|6000|8|2|0|0|408000|754|6032133|446736
1200000|1|6000|8|2|1|2|408000|754|6032133|356785
1200000|1|6000|8|2|0|0|408000|755|6040132|447597
1200000|1|6000|8|2|1|2|408000|755|6040132|356826
1200000|1|6000|8|2|0|0|408000|756|6048132|448003
1200000|1|6000|8|2|1|2|408000|756|6048132|356826
1200000|1|6000|8|2|0|0|408000|757|6056132|448660
1200000|1|6000|8|2|1|2|408000|757|6056132|357728
1200000|1|6000|8|2|0|0|408000|758|6064134|449236
1200000|1|6000|8|2|1|2|408000|758|6064134|358220
1200000|1|6000|8|2|0|0|408000|759|6072135|449974
1200000|1|6000|8|2|1|2|408000|759|6072135|358507
1200000|1|6000|8|2|0|0|408000|760|6080136|450837
1200000|1|6000|8|2|1|2|408000|760|6080136|358630
1200000|1|6000|8|2|0|0|408000|761|6088136|451614
1200000|1|6000|8|2|1|2|408000|761|6088136|358917
1200000|1|6000|8|2|0|0|408000|762|6096137|452025
1200000|1|6000|8|2|1|2|408000|762|6096137|359122
1200000|1|6000|8|2|0|0|408000|763|6104137|452636
1200000|1|6000|8|2|1|2|408000|763|6104137|359204
1200000|1|6000|8|2|0|0|408000|764|6112138|453295
1200000|1|6000|8|2|1|2|408000|764|6112138|358958
1200000|1|6000|8|2|0|0|408000|765|6120137|454278
1200000|1|6000|8|2|1|2|408000|765|6120137|359450
1200000|1|6000|8|2|0|0|408000|766|6128139|454935
1200000|1|6000|8|2|1|2|408000|766|6128139|360270
1200000|1|6000|8|2|0|0|408000|767|6136139|456372
1200000|1|6000|8|2|1|2|408000|767|6136139|361049
1200000|1|6000|8|2|0|0|408000|768|6144140|457478
1200000|1|6000|8|2|1|2|408000|768|6144140|361582
1200000|1|6000|8|2|0|0|408000|769|6152140|458912
1200000|1|6000|8|2|1|2|408000|769|6152140|361705
1200000|1|6000|8|2|0|0|408000|770|6160140|458954
1200000|1|6000|8|2|1|2|408000|770|6160140|362648
1200000|1|6000|8|2|0|0|408000|771|6168141|460308
1200000|1|6000|8|2|1|2|408000|771|6168141|363345
1200000|1|6000|8|2|0|0|408000|772|6176142|460307
1200000|1|6000|8|2|1|2|408000|772|6176142|364247
1200000|1|6000|8|2|0|0|408000|773|6184143|461248
1200000|1|6000|8|2|1|2|408000|773|6184143|363796
1200000|1|6000|8|2|0|0|408000|774|6192143|461128
1200000|1|6000|8|2|1|2|408000|774|6192143|363304
1200000|1|6000|8|2|0|0|408000|775|6200144|461906
1200000|1|6000|8|2|1|2|408000|775|6200144|363304
1200000|1|6000|8|2|0|0|408000|776|6208144|461945
1200000|1|6000|8|2|1|2|408000|776|6208144|363345
1200000|1|6000|8|2|0|0|408000|777|6216145|463053
1200000|1|6000|8|2|1|2|408000|777|6216145|363755
1200000|1|6000|8|2|0|0|408000|778|6224146|462973
1200000|1|6000|8|2|1|2|408000|778|6224146|363386
1200000|1|6000|8|2|0|0|408000|779|6232146|462889
1200000|1|6000|8|2|1|2|408000|779|6232146|363427
1200000|1|6000|8|2|0|0|408000|780|6240146|462767
1200000|1|6000|8|2|1|2|408000|780|6240146|363017
1200000|1|6000|8|2|0|0|408000|781|6248147|462766
1200000|1|6000|8|2|1|2|408000|781|6248147|363837
1200000|1|6000|8|2|0|0|408000|782|6256148|462521
1200000|1|6000|8|2|1|2|408000|782|6256148|363509
1200000|1|6000|8|2|0|0|408000|783|6264148|462479
1200000|1|6000|8|2|1|2|408000|783|6264148|363591
1200000|1|6000|8|2|0|0|408000|784|6272148|462562
1200000|1|6000|8|2|1|2|408000|784|6272148|363427
1200000|1|6000|8|2|0|0|408000|785|6280149|463136
1200000|1|6000|8|2|1|2|408000|785|6280149|363181
1200000|1|6000|8|2|0|0|408000|786|6288149|462846
1200000|1|6000|8|2|1|2|408000|786|6288149|363591
1200000|1|6000|8|2|0|0|408000|787|6296151|462232
1200000|1|6000|8|2|1|2|408000|787|6296151|362894
1200000|1|6000|8|2|0|0|408000|788|6304151|461660
1200000|1|6000|8|2|1|2|408000|788|6304151|363591
1200000|1|6000|8|2|0|0|408000|789|6312152|460717
1200000|1|6000|8|2|1|2|408000|789|6312152|362812
1200000|1|6000|8|2|0|0|408000|790|6320152|460059
1200000|1|6000|8|2|1|2|408000|790|6320152|362976
1200000|1|6000|8|2|0|0|408000|791|6328153|458913
1200000|1|6000|8|2|1|2|408000|791|6328153|362689
1200000|1|6000|8|2|0|0|408000|792|6336153|458543
1200000|1|6000|8|2|1|2|408000|792|6336153|362525
1200000|1|6000|8|2|0|0|408000|793|6344154|458706
1200000|1|6000|8|2|1|2|408000|793|6344154|362607
1200000|1|6000|8|2|0|0|408000|794|6352155|459401
1200000|1|6000|8|2|1|2|408000|794|6352155|361951
1200000|1|6000|8|2|0|0|408000|795|6360155|460426
1200000|1|6000|8|2|1|2|408000|795|6360155|362402
1200000|1|6000|8|2|0|0|408000|796|6368156|460800
1200000|1|6000|8|2|1|2|408000|796|6368156|362976
1200000|1|6000|8|2|0|0|408000|797|6376157|461700
1200000|1|6000|8|2|1|2|408000|797|6376157|363960
1200000|1|6000|8|2|0|0|408000|798|6384158|461861
1200000|1|6000|8|2|1|2|408000|798|6384158|364534
1200000|1|6000|8|2|0|0|408000|799|6392159|461905
1200000|1|6000|8|2|1|2|408000|799|6392159|365231
1200000|1|6000|8|2|0|0|408000|800|6400160|461456
1200000|1|6000|8|2|1|2|408000|800|6400160|365518
1200000|1|6000|8|2|0|0|408000|801|6408160|460593
1200000|1|6000|8|2|1|2|408000|801|6408160|366297
1200000|1|6000|8|2|0|0|408000|802|6416161|459857
1200000|1|6000|8|2|1|2|408000|802|6416161|367076
1200000|1|6000|8|2|0|0|408000|803|6424162|459528
1200000|1|6000|8|2|1|2|408000|803|6424162|366912
1200000|1|6000|8|2|0|0|408000|804|6432163|459241
1200000|1|6000|8|2|1|2|408000|804|6432163|367896
1200000|1|6000|8|2|0|0|408000|805|6440164|459073
1200000|1|6000|8|2|1|2|408000|805|6440164|368388
1200000|1|6000|8|2|0|0|408000|806|6448165|459610
1200000|1|6000|8|2|1|2|408000|806|6448165|369290
1200000|1|6000|8|2|0|0|408000|807|6456165|460062
1200000|1|6000|8|2|1|2|408000|807|6456165|370069
1200000|1|6000|8|2|0|0|408000|808|6464166|461002
1200000|1|6000|8|2|1|2|408000|808|6464166|370766
1200000|1|6000|8|2|0|0|408000|809|6472166|462110
1200000|1|6000|8|2|1|2|408000|809|6472166|370479
1200000|1|6000|8|2|0|0|408000|810|6480166|463505
1200000|1|6000|8|2|1|2|408000|810|6480166|370684
1200000|1|6000|8|2|0|0|408000|811|6488165|464981
1200000|1|6000|8|2|1|2|408000|811|6488165|369536
1200000|1|6000|8|2|0|0|408000|812|6496165|466087
1200000|1|6000|8|2|1|2|408000|812|6496165|368716
1200000|1|6000|8|2|0|0|408000|813|6504164|467155
1200000|1|6000|8|2|1|2|408000|813|6504164|368183
1200000|1|6000|8|2|0|0|408000|814|6512164|467523
1200000|1|6000|8|2|1|2|408000|814|6512164|367199
1200000|1|6000|8|2|0|0|408000|815|6520163|467809
1200000|1|6000|8|2|1|2|408000|815|6520163|366707
1200000|1|6000|8|2|0|0|408000|816|6528163|468055
1200000|1|6000|8|2|1|2|408000|816|6528163|366256
1200000|1|6000|8|2|0|0|408000|817|6536162|468262
1200000|1|6000|8|2|1|2|408000|817|6536162|367896
1200000|1|6000|8|2|0|0|408000|818|6544164|469123
1200000|1|6000|8|2|1|2|408000|818|6544164|368511
1200000|1|6000|8|2|0|0|408000|819|6552165|469571
1200000|1|6000|8|2|1|2|408000|819|6552165|369413
1200000|1|6000|8|2|0|0|408000|820|6560166|470968
1200000|1|6000|8|2|1|2|408000|820|6560166|369659
1200000|1|6000|8|2|0|0|408000|821|6568168|471950
1200000|1|6000|8|2|1|2|408000|821|6568168|369741
1200000|1|6000|8|2|0|0|408000|822|6576168|473670
1200000|1|6000|8|2|1|2|408000|822|6576168|370438
1200000|1|6000|8|2|0|0|408000|823|6584169|474861
1200000|1|6000|8|2|1|2|408000|823|6584169|370397
1200000|1|6000|8|2|0|0|408000|824|6592169|476255
1200000|1|6000|8|2|1|2|408000|824|6592169|369864
1200000|1|6000|8|2|0|0|408000|825|6600169|477075
1200000|1|6000|8|2|1|2|408000|825|6600169|370028
1200000|1|6000|8|2|0|0|408000|826|6608169|478184
1200000|1|6000|8|2|1|2|408000|826|6608169|370110
1200000|1|6000|8|2|0|0|408000|827|6616170|479454
1200000|1|6000|8|2|1|2|408000|827|6616170|369782
1200000|1|6000|8|2|0|0|408000|828|6624170|480725
1200000|1|6000|8|2|1|2|408000|828|6624170|370110
1200000|1|6000|8|2|0|0|408000|829|6632171|481664
1200000|1|6000|8|2|1|2|408000|829|6632171|370520
1200000|1|6000|8|2|0|0|408000|830|6640172|482118
1200000|1|6000|8|2|1|2|408000|830|6640172|370520
1200000|1|6000|8|2|0|0|408000|831|6648172|481749
1200000|1|6000|8|2|1|2|408000|831|6648172|370315
1200000|1|6000|8|2|0|0|408000|832|6656172|481587
1200000|1|6000|8|2|1|2|408000|832|6656172|369577
1200000|1|6000|8|2|0|0|408000|833|6664171|480929
1200000|1|6000|8|2|1|2|408000|833|6664171|368675
1200000|1|6000|8|2|0|0|408000|834|6672171|481052
1200000|1|6000|8|2|1|2|408000|834|6672171|368060
1200000|1|6000|8|2|0|0|408000|835|6680170|480930
1200000|1|6000|8|2|1|2|408000|835|6680170|368142
1200000|1|6000|8|2|0|0|408000|836|6688170|481298
1200000|1|6000|8|2|1|2|408000|836|6688170|367568
1200000|1|6000|8|2|0|0|408000|837|6696169|481545
1200000|1|6000|8|2|1|2|408000|837|6696169|367732
1200000|1|6000|8|2|0|0|408000|838|6704169|481217
1200000|1|6000|8|2|1|2|408000|838|6704169|366748
1200000|1|6000|8|2|0|0|408000|839|6712168|480644
1200000|1|6000|8|2|1|2|408000|839|6712168|367281
1200000|1|6000|8|2|0|0|408000|840|6720168|479781
1200000|1|6000|8|2|1|2|408000|840|6720168|366707
1200000|1|6000|8|2|0|0|408000|841|6728167|479084
1200000|1|6000|8|2|1|2|408000|841|6728167|367158
1200000|1|6000|8|2|0|0|408000|842|6736168|478347
1200000|1|6000|8|2|1|2|408000|842|6736168|366338
1200000|1|6000|8|2|0|0|408000|843|6744168|477773
1200000|1|6000|8|2|1|2|408000|843|6744168|366174
1200000|1|6000|8|2|0|0|408000|844|6752168|476869
1200000|1|6000|8|2|1|2|408000|844|6752168|364944
1200000|1|6000|8|2|0|0|408000|845|6760167|476213
1200000|1|6000|8|2|1|2|408000|845|6760167|364698
1200000|1|6000|8|2|0|0|408000|846|6768166|476090
1200000|1|6000|8|2|1|2|408000|846|6768166|364083
1200000|1|6000|8|2|0|0|408000|847|6776166|475104
1200000|1|6000|8|2|1|2|408000|847|6776166|364739
1200000|1|6000|8|2|0|0|408000|848|6784167|474698
1200000|1|6000|8|2|1|2|408000|848|6784167|364985
1200000|1|6000|8|2|0|0|408000|849|6792167|473795
1200000|1|6000|8|2|1|2|408000|849|6792167|365108
1200000|1|6000|8|2|0|0|408000|850|6800168|473344
1200000|1|6000|8|2|1|2|408000|850|6800168|365395
1200000|1|6000|8|2|0|0|408000|851|6808168|472853
1200000|1|6000|8|2|1|2|408000|851|6808168|365805
1200000|1|6000|8|2|0|0|408000|852|6816169|472402
1200000|1|6000|8|2|1|2|408000|852|6816169|366256
1200000|1|6000|8|2|0|0|408000|853|6824170|472690
1200000|1|6000|8|2|1|2|408000|853|6824170|366215
1200000|1|6000|8|2|0|0|408000|854|6832170|472237
1200000|1|6000|8|2|1|2|408000|854|6832170|366010
1200000|1|6000|8|2|0|0|408000|855|6840170|472934
1200000|1|6000|8|2|1|2|408000|855|6840170|365641
1200000|1|6000|8|2|0|0|408000|856|6848169|473058
1200000|1|6000|8|2|1|2|408000|856|6848169|365190
1200000|1|6000|8|2|0|0|408000|857|6856169|472444
1200000|1|6000|8|2|1|2|408000|857|6856169|365354
1200000|1|6000|8|2|0|0|408000|858|6864169|472442
1200000|1|6000|8|2|1|2|408000|858|6864169|365190
1200000|1|6000|8|2|0|0|408000|859|6872170|471581
1200000|1|6000|8|2|1|2|408000|859|6872170|365887
1200000|1|6000|8|2|0|0|408000|860|6880171|471212
1200000|1|6000|8|2|1|2|408000|860|6880171|365436
1200000|1|6000|8|2|0|0|408000|861|6888171|471415
1200000|1|6000|8|2|1|2|408000|861|6888171|366051
1200000|1|6000|8|2|0|0|408000|862|6896171|471662
1200000|1|6000|8|2|1|2|408000|862|6896171|364739
1200000|1|6000|8|2|0|0|408000|863|6904170|471952
1200000|1|6000|8|2|1|2|408000|863|6904170|364985
1200000|1|6000|8|2|0|0|408000|864|6912170|471952
1200000|1|6000|8|2|1|2|408000|864|6912170|363632
1200000|1|6000|8|2|0|0|408000|865|6920168|472564
1200000|1|6000|8|2|1|2|408000|865|6920168|364124
1200000|1|6000|8|2|0|0|408000|866|6928169|472565
1200000|1|6000|8|2|1|2|408000|866|6928169|362894
1200000|1|6000|8|2|0|0|408000|867|6936168|472893
1200000|1|6000|8|2|1|2|408000|867|6936168|363222
1200000|1|6000|8|2|0|0|408000|868|6944168|473140
1200000|1|6000|8|2|1|2|408000|868|6944168|362935
1200000|1|6000|8|2|0|0|408000|869|6952168|474369
1200000|1|6000|8|2|1|2|408000|869|6952168|363386
1200000|1|6000|8|2|0|0|408000|870|6960168|475272
1200000|1|6000|8|2|1|2|408000|870|6960168|363755
1200000|1|6000|8|2|0|0|408000|871|6968169|475436
1200000|1|6000|8|2|1|2|408000|871|6968169|363919
1200000|1|6000|8|2|0|0|408000|872|6976170|476052
1200000|1|6000|8|2|1|2|408000|872|6976170|364329
1200000|1|6000|8|2|0|0|408000|873|6984171|477075
1200000|1|6000|8|2|1|2|408000|873|6984171|364452
1200000|1|6000|8|2|0|0|408000|874|6992172|477445
1200000|1|6000|8|2|1|2|408000|874|6992172|364739
1200000|1|6000|8|2|0|0|408000|875|7000172|477158
1200000|1|6000|8|2|1|2|408000|875|7000172|364616
1200000|1|6000|8|2|0|0|408000|876|7008173|476378
1200000|1|6000|8|2|1|2|408000|876|7008173|365190
1200000|1|6000|8|2|0|0|408000|877|7016174|475395
1200000|1|6000|8|2|1|2|408000|877|7016174|364862
1200000|1|6000|8|2|0|0|408000|878|7024174|475350
1200000|1|6000|8|2|1|2|408000|878|7024174|365600
1200000|1|6000|8|2|0|0|408000|879|7032174|474697
1200000|1|6000|8|2|1|2|408000|879|7032174|365969
1200000|1|6000|8|2|0|0|408000|880|7040175|474247
1200000|1|6000|8|2|1|2|408000|880|7040175|365600
1200000|1|6000|8|2|0|0|408000|881|7048175|474329
1200000|1|6000|8|2|1|2|408000|881|7048175|365928
1200000|1|6000|8|2|0|0|408000|882|7056175|474533
1200000|1|6000|8|2|1|2|408000|882|7056175|365764
1200000|1|6000|8|2|0|0|408000|883|7064175|475558
1200000|1|6000|8|2|1|2|408000|883|7064175|366256
1200000|1|6000|8|2|0|0|408000|884|7072176|475888
1200000|1|6000|8|2|1|2|408000|884|7072176|365559
1200000|1|6000|8|2|0|0|408000|885|7080176|476790
1200000|1|6000|8|2|1|2|408000|885|7080176|366010
1200000|1|6000|8|2|0|0|408000|886|7088176|477362
1200000|1|6000|8|2|1|2|408000|886|7088176|366502
1200000|1|6000|8|2|0|0|408000|887|7096176|477895
1200000|1|6000|8|2|1|2|408000|887|7096176|367978
1200000|1|6000|8|2|0|0|408000|888|7104177|478634
1200000|1|6000|8|2|1|2|408000|888|7104177|368306
1200000|1|6000|8|2|0|0|408000|889|7112177|478508
1200000|1|6000|8|2|1|2|408000|889|7112177|369536
1200000|1|6000|8|2|0|0|408000|890|7120178|477773
1200000|1|6000|8|2|1|2|408000|890|7120178|369982
1200000|1|6000|8|2|0|0|408000|891|7128179|477078
1200000|1|6000|8|2|1|2|408000|891|7128179|370960
1200000|1|6000|8|2|0|0|408000|892|7136179|476545
1200000|1|6000|8|2|1|2|408000|892|7136179|371619
1200000|1|6000|8|2|0|0|408000|893|7144180|475887
1200000|1|6000|8|2|1|2|408000|893|7144180|371252
1200000|1|6000|8|2|0|0|408000|894|7152180|476174
1200000|1|6000|8|2|1|2|408000|894|7152180|370800
1200000|1|6000|8|2|0|0|408000|895|7160180|475883
1200000|1|6000|8|2|1|2|408000|895|7160180|370513
1200000|1|6000|8|2|0|0|408000|896|7168181|475683
1200000|1|6000|8|2|1|2|408000|896|7168181|370309
1200000|1|6000|8|2|0|0|408000|897|7176181|475558
1200000|1|6000|8|2|1|2|408000|897|7176181|370676
1200000|1|6000|8|2|0|0|408000|898|7184182|475190
1200000|1|6000|8|2|1|2|408000|898|7184182|370309
1200000|1|6000|8|2|0|0|408000|899|7192182|474452
1200000|1|6000|8|2|1|2|408000|899|7192182|369365
1200000|1|6000|8|2|0|0|408000|900|7200181|473304
1200000|1|6000|8|2|1|2|408000|900|7200181|369119
1200000|1|6000|8|2|0|0|408000|901|7208180|472894
1200000|1|6000|8|2|1|2|408000|901|7208180|368464
1200000|1|6000|8|2|0|0|408000|902|7216180|471784
1200000|1|6000|8|2|1|2|408000|902|7216180|368013
1200000|1|6000|8|2|0|0|408000|903|7224179|471621
1200000|1|6000|8|2|1|2|408000|903|7224179|367437
1200000|1|6000|8|2|0|0|408000|904|7232179|470348
1200000|1|6000|8|2|1|2|408000|904|7232179|367068
1200000|1|6000|8|2|0|0|408000|905|7240179|470065
1200000|1|6000|8|2|1|2|408000|905|7240179|366584
1200000|1|6000|8|2|0|0|408000|906|7248178|469693
1200000|1|6000|8|2|1|2|408000|906|7248178|365887
1200000|1|6000|8|2|0|0|408000|907|7256178|470063
1200000|1|6000|8|2|1|2|408000|907|7256178|366824
1200000|1|6000|8|2|0|0|408000|908|7264180|469655
1200000|1|6000|8|2|1|2|408000|908|7264180|367519
1200000|1|6000|8|2|0|0|408000|909|7272180|469655
1200000|1|6000|8|2|1|2|408000|909|7272180|369074
1200000|1|6000|8|2|0|0|408000|910|7280181|469204
1200000|1|6000|8|2|1|2|408000|910|7280181|369365
1200000|1|6000|8|2|0|0|408000|911|7288182|468671
1200000|1|6000|8|2|1|2|408000|911|7288182|370472
1200000|1|6000|8|2|0|0|408000|912|7296182|468795
1200000|1|6000|8|2|1|2|408000|912|7296182|370678
1200000|1|6000|8|2|0|0|408000|913|7304183|468465
1200000|1|6000|8|2|1|2|408000|913|7304183|371209
1200000|1|6000|8|2|0|0|408000|914|7312182|468466
1200000|1|6000|8|2|1|2|408000|914|7312182|370636
1200000|1|6000|8|2|0|0|408000|915|7320182|468708
1200000|1|6000|8|2|1|2|408000|915|7320182|370102
1200000|1|6000|8|2|0|0|408000|916|7328180|468876
1200000|1|6000|8|2|1|2|408000|916|7328180|369120
1200000|1|6000|8|2|0|0|408000|917|7336180|468878
1200000|1|6000|8|2|1|2|408000|917|7336180|368011
1200000|1|6000|8|2|0|0|408000|918|7344179|469410
1200000|1|6000|8|2|1|2|408000|918|7344179|367561
1200000|1|6000|8|2|0|0|408000|919|7352180|469040
1200000|1|6000|8|2|1|2|408000|919|7352180|366535
1200000|1|6000|8|2|0|0|408000|920|7360179|470557
1200000|1|6000|8|2|1|2|408000|920|7360179|366085
1200000|1|6000|8|2|0|0|408000|921|7368179|470764
1200000|1|6000|8|2|1|2|408000|921|7368179|365149
1200000|1|6000|8|2|0|0|408000|922|7376179|471172
1200000|1|6000|8|2|1|2|408000|922|7376179|366086
1200000|1|6000|8|2|0|0|408000|923|7384180|471291
1200000|1|6000|8|2|1|2|408000|923|7384180|366126
1200000|1|6000|8|2|0|0|408000|924|7392181|471541
1200000|1|6000|8|2|1|2|408000|924|7392181|366126
1200000|1|6000|8|2|0|0|408000|925|7400181|472073
1200000|1|6000|8|2|1|2|408000|925|7400181|365754
1200000|1|6000|8|2|0|0|408000|926|7408182|471910
1200000|1|6000|8|2|1|2|408000|926|7408182|365347
1200000|1|6000|8|2|0|0|408000|927|7416182|472361
1200000|1|6000|8|2|1|2|408000|927|7416182|365509
1200000|1|6000|8|2|0|0|408000|928|7424182|472485
1200000|1|6000|8|2|1|2|408000|928|7424182|365059
1200000|1|6000|8|2|0|0|408000|929|7432182|474288
1200000|1|6000|8|2|1|2|408000|929|7432182|364117
1200000|1|6000|8|2|0|0|408000|930|7440181|475476
1200000|1|6000|8|2|1|2|408000|930|7440181|363010
1200000|1|6000|8|2|0|0|408000|931|7448179|476335
1200000|1|6000|8|2|1|2|408000|931|7448179|363255
1200000|1|6000|8|2|0|0|408000|932|7456179|476583
1200000|1|6000|8|2|1|2|408000|932|7456179|362894
1200000|1|6000|8|2|0|0|408000|933|7464178|477482
1200000|1|6000|8|2|1|2|408000|933|7464178|362689
1200000|1|6000|8|2|0|0|408000|934|7472178|477731
1200000|1|6000|8|2|1|2|408000|934|7472178|361746
1200000|1|6000|8|2|0|0|408000|935|7480177|477527
1200000|1|6000|8|2|1|2|408000|935|7480177|361787
1200000|1|6000|8|2|0|0|408000|936|7488177|477034
1200000|1|6000|8|2|1|2|408000|936|7488177|361049
1200000|1|6000|8|2|0|0|408000|937|7496176|476048
1200000|1|6000|8|2|1|2|408000|937|7496176|361746
1200000|1|6000|8|2|0|0|408000|938|7504177|475641
1200000|1|6000|8|2|1|2|408000|938|7504177|362033
1200000|1|6000|8|2|0|0|408000|939|7512178|475314
1200000|1|6000|8|2|1|2|408000|939|7512178|362771
1200000|1|6000|8|2|0|0|408000|940|7520178|475356
1200000|1|6000|8|2|1|2|408000|940|7520178|363788
1200000|1|6000|8|2|0|0|408000|941|7528179|475027
1200000|1|6000|8|2|1|2|408000|941|7528179|364199
1200000|1|6000|8|2|0|0|408000|942|7536179|475640
1200000|1|6000|8|2|1|2|408000|942|7536179|365388
1200000|1|6000|8|2|0|0|408000|943|7544180|476090
1200000|1|6000|8|2|1|2|408000|943|7544180|365963
1200000|1|6000|8|2|0|0|408000|944|7552180|476255
1200000|1|6000|8|2|1|2|408000|944|7552180|366126
1200000|1|6000|8|2|0|0|408000|945|7560179|476460
1200000|1|6000|8|2|1|2|408000|945|7560179|366577
1200000|1|6000|8|2|0|0|408000|946|7568179|476337
1200000|1|6000|8|2|1|2|408000|946|7568179|366946
1200000|1|6000|8|2|0|0|408000|947|7576179|476503
1200000|1|6000|8|2|1|2|408000|947|7576179|366907
1200000|1|6000|8|2|0|0|408000|948|7584179|476420
1200000|1|6000|8|2|1|2|408000|948|7584179|367888
1200000|1|6000|8|2|0|0|408000|949|7592180|475679
1200000|1|6000|8|2|1|2|408000|949|7592180|368792
1200000|1|6000|8|2|0|0|408000|950|7600180|475395
1200000|1|6000|8|2|1|2|408000|950|7600180|369855
1200000|1|6000|8|2|0|0|408000|951|7608180|475432
1200000|1|6000|8|2|1|2|408000|951|7608180|370841
1200000|1|6000|8|2|0|0|408000|952|7616180|475231
1200000|1|6000|8|2|1|2|408000|952|7616180|372809
1200000|1|6000|8|2|0|0|408000|953|7624182|475518
1200000|1|6000|8|2|1|2|408000|953|7624182|373953
1200000|1|6000|8|2|0|0|408000|954|7632183|475228
1200000|1|6000|8|2|1|2|408000|954|7632183|375391
1200000|1|6000|8|2|0|0|408000|955|7640185|475641
1200000|1|6000|8|2|1|2|408000|955|7640185|377318
1200000|1|6000|8|2|0|0|408000|956|7648187|475437
1200000|1|6000|8|2|1|2|408000|956|7648187|378630
1200000|1|6000|8|2|0|0|408000|957|7656188|476048
1200000|1|6000|8|2|1|2|408000|957|7656188|380475
1200000|1|6000|8|2|0|0|408000|958|7664190|476788
1200000|1|6000|8|2|1|2|408000|958|7664190|381911
1200000|1|6000|8|2|0|0|408000|959|7672191|476830
1200000|1|6000|8|2|1|2|408000|959|7672191|382487
1200000|1|6000|8|2|0|0|408000|960|7680191|476744
1200000|1|6000|8|2|1|2|408000|960|7680191|383018
1200000|1|6000|8|2|0|0|408000|961|7688191|476255
1200000|1|6000|8|2|1|2|408000|961|7688191|382812
1200000|1|6000|8|2|0|0|408000|962|7696190|476337
1200000|1|6000|8|2|1|2|408000|962|7696190|383019
1200000|1|6000|8|2|0|0|408000|963|7704191|476420
1200000|1|6000|8|2|1|2|408000|963|7704191|383179
1200000|1|6000|8|2|0|0|408000|964|7712191|476009
1200000|1|6000|8|2|1|2|408000|964|7712191|383633
1200000|1|6000|8|2|0|0|408000|965|7720192|474863
1200000|1|6000|8|2|1|2|408000|965|7720192|383876
1200000|1|6000|8|2|0|0|408000|966|7728193|474863
1200000|1|6000|8|2|1|2|408000|966|7728193|384331
1200000|1|6000|8|2|0|0|408000|967|7736194|473710
1200000|1|6000|8|2|1|2|408000|967|7736194|384863
1200000|1|6000|8|2|0|0|408000|968|7744195|472934
1200000|1|6000|8|2|1|2|408000|968|7744195|384823
1200000|1|6000|8|2|0|0|408000|969|7752195|472153
1200000|1|6000|8|2|1|2|408000|969|7752195|383961
1200000|1|6000|8|2|0|0|408000|970|7760196|471253
1200000|1|6000|8|2|1|2|408000|970|7760196|383672
1200000|1|6000|8|2|0|0|408000|971|7768196|470885
1200000|1|6000|8|2|1|2|408000|971|7768196|383386
1200000|1|6000|8|2|0|0|408000|972|7776197|469655
1200000|1|6000|8|2|1|2|408000|972|7776197|382854
1200000|1|6000|8|2|0|0|408000|973|7784197|468835
1200000|1|6000|8|2|1|2|408000|973|7784197|382814
1200000|1|6000|8|2|0|0|408000|974|7792198|468056
1200000|1|6000|8|2|1|2|408000|974|7792198|381912
1200000|1|6000|8|2|0|0|408000|975|7800198|467442
1200000|1|6000|8|2|1|2|408000|975|7800198|381788
1200000|1|6000|8|2|0|0|408000|976|7808198|465962
1200000|1|6000|8|2|1|2|408000|976|7808198|382157
1200000|1|6000|8|2|0|0|408000|977|7816199|464940
1200000|1|6000|8|2|1|2|408000|977|7816199|382484
1200000|1|6000|8|2|0|0|408000|978|7824199|464490
1200000|1|6000|8|2|1|2|408000|978|7824199|382812
1200000|1|6000|8|2|0|0|408000|979|7832200|463792
1200000|1|6000|8|2|1|2|408000|979|7832200|382732
1200000|1|6000|8|2|0|0|408000|980|7840200|463257
1200000|1|6000|8|2|1|2|408000|980|7840200|382608
1200000|1|6000|8|2|0|0|408000|981|7848201|463177
1200000|1|6000|8|2|1|2|408000|981|7848201|382281
1200000|1|6000|8|2|0|0|408000|982|7856201|462685
1200000|1|6000|8|2|1|2|408000|982|7856201|382114
1200000|1|6000|8|2|0|0|408000|983|7864202|462767
1200000|1|6000|8|2|1|2|408000|983|7864202|381828
1200000|1|6000|8|2|0|0|408000|984|7872201|462479
1200000|1|6000|8|2|1|2|408000|984|7872201|382484
1200000|1|6000|8|2|0|0|408000|985|7880202|462356
1200000|1|6000|8|2|1|2|408000|985|7880202|382322
1200000|1|6000|8|2|0|0|408000|986|7888202|461742
1200000|1|6000|8|2|1|2|408000|986|7888202|382896
1200000|1|6000|8|2|0|0|408000|987|7896203|461987
1200000|1|6000|8|2|1|2|408000|987|7896203|383100
1200000|1|6000|8|2|0|0|408000|988|7904204|461537
1200000|1|6000|8|2|1|2|408000|988|7904204|383467
1200000|1|6000|8|2|0|0|408000|989|7912204|461579
1200000|1|6000|8|2|1|2|408000|989|7912204|383060
1200000|1|6000|8|2|0|0|408000|990|7920203|461824
1200000|1|6000|8|2|1|2|408000|990|7920203|382033
1200000|1|6000|8|2|0|0|408000|991|7928202|461946
1200000|1|6000|8|2|1|2|408000|991|7928202|381829
1200000|1|6000|8|2|0|0|408000|992|7936202|462436
1200000|1|6000|8|2|1|2|408000|992|7936202|381336
1200000|1|6000|8|2|0|0|408000|993|7944201|462358
1200000|1|6000|8|2|1|2|408000|993|7944201|381336
1200000|1|6000|8|2|0|0|408000|994|7952201|462766
1200000|1|6000|8|2|1|2|408000|994|7952201|380434
1200000|1|6000|8|2|0|0|408000|995|7960200|462440
1200000|1|6000|8|2|1|2|408000|995|7960200|380599
1200000|1|6000|8|2|0|0|408000|996|7968200|462685
1200000|1|6000|8|2|1|2|408000|996|7968200|380477
1200000|1|6000|8|2|0|0|408000|997|7976199|462517
1200000|1|6000|8|2|1|2|408000|997|7976199|381748
1200000|1|6000|8|2|0|0|408000|998|7984202|463053
1200000|1|6000|8|2|1|2|408000|998|7984202|382075
1200000|1|6000|8|2|0|0|408000|999|7992201|462890
1200000|1|6000|8|2|1|2|408000|999|7992201|382360
1200000|1|6000|8|2|0|0|408000|1000|8000202|462889
1200000|1|6000|8|2|1|2|408000|1000|8000202|382650
1200000|1|6000|8|2|0|0|408000|1001|8008203|462847
1200000|1|6000|8|2|1|2|408000|1001|8008203|383223
1200000|1|6000|8|2|0|0|408000|1002|8016203|462643
1200000|1|6000|8|2|1|2|408000|1002|8016203|383674
1200000|1|6000|8|2|0|0|408000|1003|8024204|462642
1200000|1|6000|8|2|1|2|408000|1003|8024204|384249
1200000|1|6000|8|2|0|0|408000|1004|8032204|462806
1200000|1|6000|8|2|1|2|408000|1004|8032204|384124
1200000|1|6000|8|2|0|0|408000|1005|8040205|463382
1200000|1|6000|8|2|1|2|408000|1005|8040205|383840
1200000|1|6000|8|2|0|0|408000|1006|8048204|463668
1200000|1|6000|8|2|1|2|408000|1006|8048204|383634
1200000|1|6000|8|2|0|0|408000|1007|8056205|464038
1200000|1|6000|8|2|1|2|408000|1007|8056205|383386
1200000|1|6000|8|2|0|0|408000|1008|8064205|464201
1200000|1|6000|8|2|1|2|408000|1008|8064205|383960
1200000|1|6000|8|2|0|0|408000|1009|8072205|464242
1200000|1|6000|8|2|1|2|408000|1009|8072205|383178
1200000|1|6000|8|2|0|0|408000|1010|8080205|464161
1200000|1|6000|8|2|1|2|408000|1010|8080205|383346
1200000|1|6000|8|2|0|0|408000|1011|8088206|464365
1200000|1|6000|8|2|1|2|408000|1011|8088206|382977
1200000|1|6000|8|2|0|0|408000|1012|8096206|464243
1200000|1|6000|8|2|1|2|408000|1012|8096206|382073
1200000|1|6000|8|2|0|0|408000|1013|8104205|464368
1200000|1|6000|8|2|1|2|408000|1013|8104205|381337
1200000|1|6000|8|2|0|0|408000|1014|8112204|464327
1200000|1|6000|8|2|1|2|408000|1014|8112204|380641
1200000|1|6000|8|2|0|0|408000|1015|8120203|464653
1200000|1|6000|8|2|1|2|408000|1015|8120203|380312
1200000|1|6000|8|2|0|0|408000|1016|8128203|464776
1200000|1|6000|8|2|1|2|408000|1016|8128203|378795
1200000|1|6000|8|2|0|0|408000|1017|8136202|464571
1200000|1|6000|8|2|1|2|408000|1017|8136202|378672
1200000|1|6000|8|2|0|0|408000|1018|8144202|464159
1200000|1|6000|8|2|1|2|408000|1018|8144202|377113
1200000|1|6000|8|2|0|0|408000|1019|8152201|464201
1200000|1|6000|8|2|1|2|408000|1019|8152201|377276
1200000|1|6000|8|2|0|0|408000|1020|8160202|464775
1200000|1|6000|8|2|1|2|408000|1020|8160202|376580
1200000|1|6000|8|2|0|0|408000|1021|8168201|464776
1200000|1|6000|8|2|1|2|408000|1021|8168201|377156
1200000|1|6000|8|2|0|0|408000|1022|8176201|464736
1200000|1|6000|8|2|1|2|408000|1022|8176201|376827
1200000|1|6000|8|2|0|0|408000|1023|8184201|464897
1200000|1|6000|8|2|1|2|408000|1023|8184201|376744
1200000|1|6000|8|2|0|0|408000|1024|8192201|465801
1200000|1|6000|8|2|1|2|408000|1024|8192201|376376
1200000|1|6000|8|2|0|0|408000|1025|8200200|465759
1200000|1|6000|8|2|1|2|408000|1025|8200200|375554
1200000|1|6000|8|2|0|0|408000|1026|8208199|466456
1200000|1|6000|8|2|1|2|408000|1026|8208199|374900
1200000|1|6000|8|2|0|0|408000|1027|8216197|466456
1200000|1|6000|8|2|1|2|408000|1027|8216197|375307
1200000|1|6000|8|2|0|0|408000|1028|8224198|466415
1200000|1|6000|8|2|1|2|408000|1028|8224198|375023
1200000|1|6000|8|2|0|0|408000|1029|8232198|466006
1200000|1|6000|8|2|1|2|408000|1029|8232198|374445
1200000|1|6000|8|2|0|0|408000|1030|8240198|465679
1200000|1|6000|8|2|1|2|408000|1030|8240198|374654
1200000|1|6000|8|2|0|0|408000|1031|8248199|465387
1200000|1|6000|8|2|1|2|408000|1031|8248199|373956
1200000|1|6000|8|2|0|0|408000|1032|8256199|465062
1200000|1|6000|8|2|1|2|408000|1032|8256199|373872
1200000|1|6000|8|2|0|0|408000|1033|8264200|464735
1200000|1|6000|8|2|1|2|408000|1033|8264200|373177
1200000|1|6000|8|2|0|0|408000|1034|8272199|464693
1200000|1|6000|8|2|1|2|408000|1034|8272199|373013
1200000|1|6000|8|2|0|0|408000|1035|8280201|464570
1200000|1|6000|8|2|1|2|408000|1035|8280201|373260
1200000|1|6000|8|2|0|0|408000|1036|8288200|464777
1200000|1|6000|8|2|1|2|408000|1036|8288200|373260
1200000|1|6000|8|2|0|0|408000|1037|8296201|464695
1200000|1|6000|8|2|1|2|408000|1037|8296201|373383
1200000|1|6000|8|2|0|0|408000|1038|8304201|464570
1200000|1|6000|8|2|1|2|408000|1038|8304201|373466
1200000|1|6000|8|2|0|0|408000|1039|8312202|464528
1200000|1|6000|8|2|1|2|408000|1039|8312202|373628
1200000|1|6000|8|2|0|0|408000|1040|8320203|464367
1200000|1|6000|8|2|1|2|408000|1040|8320203|373096
1200000|1|6000|8|2|0|0|408000|1041|8328203|464736
1200000|1|6000|8|2|1|2|408000|1041|8328203|372848
1200000|1|6000|8|2|0|0|408000|1042|8336204|464527
1200000|1|6000|8|2|1|2|408000|1042|8336204|372808
1200000|1|6000|8|2|0|0|408000|1043|8344204|464571
1200000|1|6000|8|2|1|2|408000|1043|8344204|373218
1200000|1|6000|8|2|0|0|408000|1044|8352205|464734
1200000|1|6000|8|2|1|2|408000|1044|8352205|373465
1200000|1|6000|8|2|0|0|408000|1045|8360205|464609
1200000|1|6000|8|2|1|2|408000|1045|8360205|373507
1200000|1|6000|8|2|0|0|408000|1046|8368206|465021
1200000|1|6000|8|2|1|2|408000|1046|8368206|373424
1200000|1|6000|8|2|0|0|408000|1047|8376206|464528
1200000|1|6000|8|2|1|2|408000|1047|8376206|373586
1200000|1|6000|8|2|0|0|408000|1048|8384206|463955
1200000|1|6000|8|2|1|2|408000|1048|8384206|373711
1200000|1|6000|8|2|0|0|408000|1049|8392206|463134
1200000|1|6000|8|2|1|2|408000|1049|8392206|374486
1200000|1|6000|8|2|0|0|408000|1050|8400207|462110
1200000|1|6000|8|2|1|2|408000|1050|8400207|375063
1200000|1|6000|8|2|0|0|408000|1051|8408209|460881
1200000|1|6000|8|2|1|2|408000|1051|8408209|375842
1200000|1|6000|8|2|0|0|408000|1052|8416210|459362
1200000|1|6000|8|2|1|2|408000|1052|8416210|376294
1200000|1|6000|8|2|0|0|408000|1053|8424210|458503
1200000|1|6000|8|2|1|2|408000|1053|8424210|377195
1200000|1|6000|8|2|0|0|408000|1054|8432212|457109
1200000|1|6000|8|2|1|2|408000|1054|8432212|377810
1200000|1|6000|8|2|0|0|408000|1055|8440213|457561
1200000|1|6000|8|2|1|2|408000|1055|8440213|378630
1200000|1|6000|8|2|0|0|408000|1056|8448214|456575
1200000|1|6000|8|2|1|2|408000|1056|8448214|378506
1200000|1|6000|8|2|0|0|408000|1057|8456215|456700
1200000|1|6000|8|2|1|2|408000|1057|8456215|378836
1200000|1|6000|8|2|0|0|408000|1058|8464215|456248
1200000|1|6000|8|2|1|2|408000|1058|8464215|378754
1200000|1|6000|8|2|0|0|408000|1059|8472216|455387
1200000|1|6000|8|2|1|2|408000|1059|8472216|379533
1200000|1|6000|8|2|0|0|408000|1060|8480218|454730
1200000|1|6000|8|2|1|2|408000|1060|8480218|380475
1200000|1|6000|8|2|0|0|408000|1061|8488220|453825
1200000|1|6000|8|2|1|2|408000|1061|8488220|381132
1200000|1|6000|8|2|0|0|408000|1062|8496222|452144
1200000|1|6000|8|2|1|2|408000|1062|8496222|382730
1200000|1|6000|8|2|0|0|408000|1063|8504225|450670
1200000|1|6000|8|2|1|2|408000|1063|8504225|383018
1200000|1|6000|8|2|0|0|408000|1064|8512227|449890
1200000|1|6000|8|2|1|2|408000|1064|8512227|382936
1200000|1|6000|8|2|0|0|408000|1065|8520227|449237
1200000|1|6000|8|2|1|2|408000|1065|8520227|382403
1200000|1|6000|8|2|0|0|408000|1066|8528227|448048
1200000|1|6000|8|2|1|2|408000|1066|8528227|382156
1200000|1|6000|8|2|0|0|408000|1067|8536226|447474
1200000|1|6000|8|2|1|2|408000|1067|8536226|381666
1200000|1|6000|8|2|0|0|408000|1068|8544226|446282
1200000|1|6000|8|2|1|2|408000|1068|8544226|381253
1200000|1|6000|8|2|0|0|408000|1069|8552226|446040
1200000|1|6000|8|2|1|2|408000|1069|8552226|380106
1200000|1|6000|8|2|0|0|408000|1070|8560225|445753
1200000|1|6000|8|2|1|2|408000|1070|8560225|379164
1200000|1|6000|8|2|0|0|408000|1071|8568225|445710
1200000|1|6000|8|2|1|2|408000|1071|8568225|378753
1200000|1|6000|8|2|0|0|408000|1072|8576224|446160
1200000|1|6000|8|2|1|2|408000|1072|8576224|378466
1200000|1|6000|8|2|0|0|408000|1073|8584224|446326
1200000|1|6000|8|2|1|2|408000|1073|8584224|378630
1200000|1|6000|8|2|0|0|408000|1074|8592225|446982
1200000|1|6000|8|2|1|2|408000|1074|8592225|378056
1200000|1|6000|8|2|0|0|408000|1075|8600225|446982
1200000|1|6000|8|2|1|2|408000|1075|8600225|377729
1200000|1|6000|8|2|0|0|408000|1076|8608225|447925
1200000|1|6000|8|2|1|2|408000|1076|8608225|377032
1200000|1|6000|8|2|0|0|408000|1077|8616224|448048
1200000|1|6000|8|2|1|2|408000|1077|8616224|376334
1200000|1|6000|8|2|0|0|408000|1078|8624224|448704
1200000|1|6000|8|2|1|2|408000|1078|8624224|375432
1200000|1|6000|8|2|0|0|408000|1079|8632223|448210
1200000|1|6000|8|2|1|2|408000|1079|8632223|374940
1200000|1|6000|8|2|0|0|408000|1080|8640223|448170
1200000|1|6000|8|2|1|2|408000|1080|8640223|375266
1200000|1|6000|8|2|0|0|408000|1081|8648224|448211
1200000|1|6000|8|2|1|2|408000|1081|8648224|375101
1200000|1|6000|8|2|0|0|408000|1082|8656224|448337
1200000|1|6000|8|2|1|2|408000|1082|8656224|375925
1200000|1|6000|8|2|0|0|408000|1083|8664225|448786
1200000|1|6000|8|2|1|2|408000|1083|8664225|375637
1200000|1|6000|8|2|0|0|408000|1084|8672225|449361
1200000|1|6000|8|2|1|2|408000|1084|8672225|377072
1200000|1|6000|8|2|0|0|408000|1085|8680227|449566
1200000|1|6000|8|2|1|2|408000|1085|8680227|376991
1200000|1|6000|8|2|0|0|408000|1086|8688226|450218
1200000|1|6000|8|2|1|2|408000|1086|8688226|377357
1200000|1|6000|8|2|0|0|408000|1087|8696227|450509
1200000|1|6000|8|2|1|2|408000|1087|8696227|377274
1200000|1|6000|8|2|0|0|408000|1088|8704227|450959
1200000|1|6000|8|2|1|2|408000|1088|8704227|377154
1200000|1|6000|8|2|0|0|408000|1089|8712227|451123
1200000|1|6000|8|2|1|2|408000|1089|8712227|377441
1200000|1|6000|8|2|0|0|408000|1090|8720228|451040
1200000|1|6000|8|2|1|2|408000|1090|8720228|377563
1200000|1|6000|8|2|0|0|408000|1091|8728228|451000
1200000|1|6000|8|2|1|2|408000|1091|8728228|378425
1200000|1|6000|8|2|0|0|408000|1092|8736229|450344
1200000|1|6000|8|2|1|2|408000|1092|8736229|378917
1200000|1|6000|8|2|0|0|408000|1093|8744229|449602
1200000|1|6000|8|2|1|2|408000|1093|8744229|380065
1200000|1|6000|8|2|0|0|408000|1094|8752230|449648
1200000|1|6000|8|2|1|2|408000|1094|8752230|380189
1200000|1|6000|8|2|0|0|408000|1095|8760230|449769
1200000|1|6000|8|2|1|2|408000|1095|8760230|381583
1200000|1|6000|8|2|0|0|408000|1096|8768231|449607
1200000|1|6000|8|2|1|2|408000|1096|8768231|381913
1200000|1|6000|8|2|0|0|408000|1097|8776231|449237
1200000|1|6000|8|2|1|2|408000|1097|8776231|382444
1200000|1|6000|8|2|0|0|408000|1098|8784232|449155
1200000|1|6000|8|2|1|2|408000|1098|8784232|382444
1200000|1|6000|8|2|0|0|408000|1099|8792231|449359
1200000|1|6000|8|2|1|2|408000|1099|8792231|382975
1200000|1|6000|8|2|0|0|408000|1100|8800232|449933
1200000|1|6000|8|2|1|2|408000|1100|8800232|383551
1200000|1|6000|8|2|0|0|408000|1101|8808232|449769
1200000|1|6000|8|2|1|2|408000|1101|8808232|384166
1200000|1|6000|8|2|0|0|408000|1102|8816233|449770
1200000|1|6000|8|2|1|2|408000|1102|8816233|384534
1200000|1|6000|8|2|0|0|408000|1103|8824233|449402
1200000|1|6000|8|2|1|2|408000|1103|8824233|384900
1200000|1|6000|8|2|0|0|408000|1104|8832233|449812
1200000|1|6000|8|2|1|2|408000|1104|8832233|384986
1200000|1|6000|8|2|0|0|408000|1105|8840233|449400
1200000|1|6000|8|2|1|2|408000|1105|8840233|385558
1200000|1|6000|8|2|0|0|408000|1106|8848233|449566
1200000|1|6000|8|2|1|2|408000|1106|8848233|385723
1200000|1|6000|8|2|0|0|408000|1107|8856234|449481
1200000|1|6000|8|2|1|2|408000|1107|8856234|386380
1200000|1|6000|8|2|0|0|408000|1108|8864234|449647
1200000|1|6000|8|2|1|2|408000|1108|8864234|386339
1200000|1|6000|8|2|0|0|408000|1109|8872234|449193
1200000|1|6000|8|2|1|2|408000|1109|8872234|386502
1200000|1|6000|8|2|0|0|408000|1110|8880233|449072
1200000|1|6000|8|2|1|2|408000|1110|8880233|386297
1200000|1|6000|8|2|0|0|408000|1111|8888233|448910
1200000|1|6000|8|2|1|2|408000|1111|8888233|386053
1200000|1|6000|8|2|0|0|408000|1112|8896233|448621
1200000|1|6000|8|2|1|2|408000|1112|8896233|385602
1200000|1|6000|8|2|0|0|408000|1113|8904233|448372
1200000|1|6000|8|2|1|2|408000|1113|8904233|386053
1200000|1|6000|8|2|0|0|408000|1114|8912234|447801
1200000|1|6000|8|2|1|2|408000|1114|8912234|385600
1200000|1|6000|8|2|0|0|408000|1115|8920233|446694
1200000|1|6000|8|2|1|2|408000|1115|8920233|385556
1200000|1|6000|8|2|0|0|408000|1116|8928234|446368
1200000|1|6000|8|2|1|2|408000|1116|8928234|385765
1200000|1|6000|8|2|0|0|408000|1117|8936234|446160
1200000|1|6000|8|2|1|2|408000|1117|8936234|386215
1200000|1|6000|8|2|0|0|408000|1118|8944235|445339
1200000|1|6000|8|2|1|2|408000|1118|8944235|387406
1200000|1|6000|8|2|0|0|408000|1119|8952236|445177
1200000|1|6000|8|2|1|2|408000|1119|8952236|387651
1200000|1|6000|8|2|0|0|408000|1120|8960237|443786
1200000|1|6000|8|2|1|2|408000|1120|8960237|388595
1200000|1|6000|8|2|0|0|408000|1121|8968239|443497
1200000|1|6000|8|2|1|2|408000|1121|8968239|388593
1200000|1|6000|8|2|0|0|408000|1122|8976240|443453
1200000|1|6000|8|2|1|2|408000|1122|8976240|389287
1200000|1|6000|8|2|0|0|408000|1123|8984241|443904
1200000|1|6000|8|2|1|2|408000|1123|8984241|389537
1200000|1|6000|8|2|0|0|408000|1124|8992242|444192
1200000|1|6000|8|2|1|2|408000|1124|8992242|389659
1200000|1|6000|8|2|0|0|408000|1125|9000243|444273
1200000|1|6000|8|2|1|2|408000|1125|9000243|389004
1200000|1|6000|8|2|0|0|408000|1126|9008242|444684
1200000|1|6000|8|2|1|2|408000|1126|9008242|388758
1200000|1|6000|8|2|0|0|408000|1127|9016242|444356
1200000|1|6000|8|2|1|2|408000|1127|9016242|388799
1200000|1|6000|8|2|0|0|408000|1128|9024243|444890
1200000|1|6000|8|2|1|2|408000|1128|9024243|388514
1200000|1|6000|8|2|0|0|408000|1129|9032243|444477
1200000|1|6000|8|2|1|2|408000|1129|9032243|388636
1200000|1|6000|8|2|0|0|408000|1130|9040244|444727
1200000|1|6000|8|2|1|2|408000|1130|9040244|388264
1200000|1|6000|8|2|0|0|408000|1131|9048244|444481
1200000|1|6000|8|2|1|2|408000|1131|9048244|388470
1200000|1|6000|8|2|0|0|408000|1132|9056245|444275
1200000|1|6000|8|2|1|2|408000|1132|9056245|388552
1200000|1|6000|8|2|0|0|408000|1133|9064245|444440
1200000|1|6000|8|2|1|2|408000|1133|9064245|389168
1200000|1|6000|8|2|0|0|408000|1134|9072246|444358
1200000|1|6000|8|2|1|2|408000|1134|9072246|390028
1200000|1|6000|8|2|0|0|408000|1135|9080246|444603
1200000|1|6000|8|2|1|2|408000|1135|9080246|390234
1200000|1|6000|8|2|0|0|408000|1136|9088247|444727
1200000|1|6000|8|2|1|2|408000|1136|9088247|391256
1200000|1|6000|8|2|0|0|408000|1137|9096248|444605
1200000|1|6000|8|2|1|2|408000|1137|9096248|391053
1200000|1|6000|8|2|0|0|408000|1138|9104248|444439
1200000|1|6000|8|2|1|2|408000|1138|9104248|391747
1200000|1|6000|8|2|0|0|408000|1139|9112249|444726
1200000|1|6000|8|2|1|2|408000|1139|9112249|391300
1200000|1|6000|8|2|0|0|408000|1140|9120248|444767
1200000|1|6000|8|2|1|2|408000|1140|9120248|392075
1200000|1|6000|8|2|0|0|408000|1141|9128249|445013
1200000|1|6000|8|2|1|2|408000|1141|9128249|390890
1200000|1|6000|8|2|0|0|408000|1142|9136248|445177
1200000|1|6000|8|2|1|2|408000|1142|9136248|390603
1200000|1|6000|8|2|0|0|408000|1143|9144248|445259
1200000|1|6000|8|2|1|2|408000|1143|9144248|390029
1200000|1|6000|8|2|0|0|408000|1144|9152248|445669
1200000|1|6000|8|2|1|2|408000|1144|9152248|390109
1200000|1|6000|8|2|0|0|408000|1145|9160249|445300
1200000|1|6000|8|2|1|2|408000|1145|9160249|389905
1200000|1|6000|8|2|0|0|408000|1146|9168249|445874
1200000|1|6000|8|2|1|2|408000|1146|9168249|389946
1200000|1|6000|8|2|0|0|408000|1147|9176249|444932
1200000|1|6000|8|2|1|2|408000|1147|9176249|390235
1200000|1|6000|8|2|0|0|408000|1148|9184250|445301
1200000|1|6000|8|2|1|2|408000|1148|9184250|390398
1200000|1|6000|8|2|0|0|408000|1149|9192250|444972
1200000|1|6000|8|2|1|2|408000|1149|9192250|390561
1200000|1|6000|8|2|0|0|408000|1150|9200250|445260
1200000|1|6000|8|2|1|2|408000|1150|9200250|390315
1200000|1|6000|8|2|0|0|408000|1151|9208250|444809
1200000|1|6000|8|2|1|2|408000|1151|9208250|390480
1200000|1|6000|8|2|0|0|408000|1152|9216251|445220
1200000|1|6000|8|2|1|2|408000|1152|9216251|390193
1200000|1|6000|8|2|0|0|408000|1153|9224251|445871
1200000|1|6000|8|2|1|2|408000|1153|9224251|390152
1200000|1|6000|8|2|0|0|408000|1154|9232252|446490
1200000|1|6000|8|2|1|2|408000|1154|9232252|389411
1200000|1|6000|8|2|0|0|408000|1155|9240251|447555
1200000|1|6000|8|2|1|2|408000|1155|9240251|389287
1200000|1|6000|8|2|0|0|408000|1156|9248252|447966
1200000|1|6000|8|2|1|2|408000|1156|9248252|390111
1200000|1|6000|8|2|0|0|408000|1157|9256253|448581
1200000|1|6000|8|2|1|2|408000|1157|9256253|389823
1200000|1|6000|8|2|0|0|408000|1158|9264253|448988
1200000|1|6000|8|2|1|2|408000|1158|9264253|390316
1200000|1|6000|8|2|0|0|408000|1159|9272254|448745
1200000|1|6000|8|2|1|2|408000|1159|9272254|390398
1200000|1|6000|8|2|0|0|408000|1160|9280254|448785
1200000|1|6000|8|2|1|2|408000|1160|9280254|391462
1200000|1|6000|8|2|0|0|408000|1161|9288255|449687
1200000|1|6000|8|2|1|2|408000|1161|9288255|391792
1200000|1|6000|8|2|0|0|408000|1162|9296256|450181
1200000|1|6000|8|2|1|2|408000|1162|9296256|392652
1200000|1|6000|8|2|0|0|408000|1163|9304257|450508
1200000|1|6000|8|2|1|2|408000|1163|9304257|392408
1200000|1|6000|8|2|0|0|408000|1164|9312258|451040
1200000|1|6000|8|2|1|2|408000|1164|9312258|391668
1200000|1|6000|8|2|0|0|408000|1165|9320258|451490
1200000|1|6000|8|2|1|2|408000|1165|9320258|391874
1200000|1|6000|8|2|0|0|408000|1166|9328259|452189
1200000|1|6000|8|2|1|2|408000|1166|9328259|391258
1200000|1|6000|8|2|0|0|408000|1167|9336259|451980
1200000|1|6000|8|2|1|2|408000|1167|9336259|392078
1200000|1|6000|8|2|0|0|408000|1168|9344260|451573
1200000|1|6000|8|2|1|2|408000|1168|9344260|391502
1200000|1|6000|8|2|0|0|408000|1169|9352260|451329
1200000|1|6000|8|2|1|2|408000|1169|9352260|391053
1200000|1|6000|8|2|0|0|408000|1170|9360259|451492
1200000|1|6000|8|2|1|2|408000|1170|9360259|390232
1200000|1|6000|8|2|0|0|408000|1171|9368258|451368
1200000|1|6000|8|2|1|2|408000|1171|9368258|390231
1200000|1|6000|8|2|0|0|408000|1172|9376258|451328
1200000|1|6000|8|2|1|2|408000|1172|9376258|389331
1200000|1|6000|8|2|0|0|408000|1173|9384257|451533
1200000|1|6000|8|2|1|2|408000|1173|9384257|388965
1200000|1|6000|8|2|0|0|408000|1174|9392256|451409
1200000|1|6000|8|2|1|2|408000|1174|9392256|388020
1200000|1|6000|8|2|0|0|408000|1175|9400255|451205
1200000|1|6000|8|2|1|2|408000|1175|9400255|387609
1200000|1|6000|8|2|0|0|408000|1176|9408255|450672
1200000|1|6000|8|2|1|2|408000|1176|9408255|387360
1200000|1|6000|8|2|0|0|408000|1177|9416255|450587
1200000|1|6000|8|2|1|2|408000|1177|9416255|387856
1200000|1|6000|8|2|0|0|408000|1178|9424257|450263
1200000|1|6000|8|2|1|2|408000|1178|9424257|388593
1200000|1|6000|8|2|0|0|408000|1179|9432258|449604
1200000|1|6000|8|2|1|2|408000|1179|9432258|389005
1200000|1|6000|8|2|0|0|408000|1180|9440258|449321
1200000|1|6000|8|2|1|2|408000|1180|9440258|389536
1200000|1|6000|8|2|0|0|408000|1181|9448259|448579
1200000|1|6000|8|2|1|2|408000|1181|9448259|389537
1200000|1|6000|8|2|0|0|408000|1182|9456259|449237
1200000|1|6000|8|2|1|2|408000|1182|9456259|390152
1200000|1|6000|8|2|0|0|408000|1183|9464260|449072
1200000|1|6000|8|2|1|2|408000|1183|9464260|390066
1200000|1|6000|8|2|0|0|408000|1184|9472260|449154
1200000|1|6000|8|2|1|2|408000|1184|9472260|390886
1200000|1|6000|8|2|0|0|408000|1185|9480261|448746
1200000|1|6000|8|2|1|2|408000|1185|9480261|391218
1200000|1|6000|8|2|0|0|408000|1186|9488262|448908
1200000|1|6000|8|2|1|2|408000|1186|9488262|391299
1200000|1|6000|8|2|0|0|408000|1187|9496263|448415
1200000|1|6000|8|2|1|2|408000|1187|9496263|392732
1200000|1|6000|8|2|0|0|408000|1188|9504265|448704
1200000|1|6000|8|2|1|2|408000|1188|9504265|393187
1200000|1|6000|8|2|0|0|408000|1189|9512266|448006
1200000|1|6000|8|2|1|2|408000|1189|9512266|394415
1200000|1|6000|8|2|0|0|408000|1190|9520268|447719
1200000|1|6000|8|2|1|2|408000|1190|9520268|394703
1200000|1|6000|8|2|0|0|408000|1191|9528269|447885
1200000|1|6000|8|2|1|2|408000|1191|9528269|395565
1200000|1|6000|8|2|0|0|408000|1192|9536270|447802
1200000|1|6000|8|2|1|2|408000|1192|9536270|395441
1200000|1|6000|8|2|0|0|408000|1193|9544270|447799
1200000|1|6000|8|2|1|2|408000|1193|9544270|396055
1200000|1|6000|8|2|0|0|408000|1194|9552270|447470
1200000|1|6000|8|2|1|2|408000|1194|9552270|396466
1200000|1|6000|8|2|0|0|408000|1195|9560270|447511
1200000|1|6000|8|2|1|2|408000|1195|9560270|396752
1200000|1|6000|8|2|0|0|408000|1196|9568270|447392
1200000|1|6000|8|2|1|2|408000|1196|9568270|397531
1200000|1|6000|8|2|0|0|408000|1197|9576271|447802
1200000|1|6000|8|2|1|2|408000|1197|9576271|398024
1200000|1|6000|8|2|0|0|408000|1198|9584272|448416
1200000|1|6000|8|2|1|2|408000|1198|9584272|398353
1200000|1|6000|8|2|0|0|408000|1199|9592272|449769
1200000|1|6000|8|2|1|2|408000|1199|9592272|398229
1200000|1|6000|8|2|0|0|408000|1200|9600271|451125
1200000|1|6000|8|2|1|2|408000|1200|9600271|397734
1200000|1|6000|8|2|0|0|408000|1201|9608271|452436
1200000|1|6000|8|2|1|2|408000|1201|9608271|397736
1200000|1|6000|8|2|0|0|408000|1202|9616270|453501
1200000|1|6000|8|2|1|2|408000|1202|9616270|397367
1200000|1|6000|8|2|0|0|408000|1203|9624269|454648
1200000|1|6000|8|2|1|2|408000|1203|9624269|397286
1200000|1|6000|8|2|0|0|408000|1204|9632268|455182
1200000|1|6000|8|2|1|2|408000|1204|9632268|397367
1200000|1|6000|8|2|0|0|408000|1205|9640267|455878
1200000|1|6000|8|2|1|2|408000|1205|9640267|397367
1200000|1|6000|8|2|0|0|408000|1206|9648266|455223
1200000|1|6000|8|2|1|2|408000|1206|9648266|397569
1200000|1|6000|8|2|0|0|408000|1207|9656266|455224
1200000|1|6000|8|2|1|2|408000|1207|9656266|398887
1200000|1|6000|8|2|0|0|408000|1208|9664267|455016
1200000|1|6000|8|2|1|2|408000|1208|9664267|398597
1200000|1|6000|8|2|0|0|408000|1209|9672267|455142
1200000|1|6000|8|2|1|2|408000|1209|9672267|398475
1200000|1|6000|8|2|0|0|408000|1210|9680268|455099
1200000|1|6000|8|2|1|2|408000|1210|9680268|398558
1200000|1|6000|8|2|0|0|408000|1211|9688268|455017
1200000|1|6000|8|2|1|2|408000|1211|9688268|398226
1200000|1|6000|8|2|0|0|408000|1212|9696269|454853
1200000|1|6000|8|2|1|2|408000|1212|9696269|398350
1200000|1|6000|8|2|0|0|408000|1213|9704268|454321
1200000|1|6000|8|2|1|2|408000|1213|9704268|398228
1200000|1|6000|8|2|0|0|408000|1214|9712269|453911
1200000|1|6000|8|2|1|2|408000|1214|9712269|397654
1200000|1|6000|8|2|0|0|408000|1215|9720269|453665
1200000|1|6000|8|2|1|2|408000|1215|9720269|397616
1200000|1|6000|8|2|0|0|408000|1216|9728269|453213
1200000|1|6000|8|2|1|2|408000|1216|9728269|397451
1200000|1|6000|8|2|0|0|408000|1217|9736269|452636
1200000|1|6000|8|2|1|2|408000|1217|9736269|397406
1200000|1|6000|8|2|0|0|408000|1218|9744269|452147
1200000|1|6000|8|2|1|2|408000|1218|9744269|397408
1200000|1|6000|8|2|0|0|408000|1219|9752270|451983
1200000|1|6000|8|2|1|2|408000|1219|9752270|397818
1200000|1|6000|8|2|0|0|408000|1220|9760271|452227
1200000|1|6000|8|2|1|2|408000|1220|9760271|397614
1200000|1|6000|8|2|0|0|408000|1221|9768271|452516
1200000|1|6000|8|2|1|2|408000|1221|9768271|397902
1200000|1|6000|8|2|0|0|408000|1222|9776272|452762
1200000|1|6000|8|2|1|2|408000|1222|9776272|397654
1200000|1|6000|8|2|0|0|408000|1223|9784273|453050
1200000|1|6000|8|2|1|2|408000|1223|9784273|397818
1200000|1|6000|8|2|0|0|408000|1224|9792272|453089
1200000|1|6000|8|2|1|2|408000|1224|9792272|398597
1200000|1|6000|8|2|0|0|408000|1225|9800273|453294
1200000|1|6000|8|2|1|2|408000|1225|9800273|399091
1200000|1|6000|8|2|0|0|408000|1226|9808274|452844
1200000|1|6000|8|2|1|2|408000|1226|9808274|399539
1200000|1|6000|8|2|0|0|408000|1227|9816274|452351
1200000|1|6000|8|2|1|2|408000|1227|9816274|400607
1200000|1|6000|8|2|0|0|408000|1228|9824274|452106
1200000|1|6000|8|2|1|2|408000|1228|9824274|400607
1200000|1|6000|8|2|0|0|408000|1229|9832275|453005
1200000|1|6000|8|2|1|2|408000|1229|9832275|400075
1200000|1|6000|8|2|0|0|408000|1230|9840274|453419
1200000|1|6000|8|2|1|2|408000|1230|9840274|399988
1200000|1|6000|8|2|0|0|408000|1231|9848274|453830
1200000|1|6000|8|2|1|2|408000|1231|9848274|400198
1200000|1|6000|8|2|0|0|408000|1232|9856275|454116
1200000|1|6000|8|2|1|2|408000|1232|9856275|400483
1200000|1|6000|8|2|0|0|408000|1233|9864275|454851
1200000|1|6000|8|2|1|2|408000|1233|9864275|400813
1200000|1|6000|8|2|0|0|408000|1234|9872276|455224
1200000|1|6000|8|2|1|2|408000|1234|9872276|401019
1200000|1|6000|8|2|0|0|408000|1235|9880276|455716
1200000|1|6000|8|2|1|2|408000|1235|9880276|401305
1200000|1|6000|8|2|0|0|408000|1236|9888276|455142
1200000|1|6000|8|2|1|2|408000|1236|9888276|402493
1200000|1|6000|8|2|0|0|408000|1237|9896277|454731
1200000|1|6000|8|2|1|2|408000|1237|9896277|402246
1200000|1|6000|8|2|0|0|408000|1238|9904277|454935
1200000|1|6000|8|2|1|2|408000|1238|9904277|403026
1200000|1|6000|8|2|0|0|408000|1239|9912278|455060
1200000|1|6000|8|2|1|2|408000|1239|9912278|402654
1200000|1|6000|8|2|0|0|408000|1240|9920277|455510
1200000|1|6000|8|2|1|2|408000|1240|9920277|403517
1200000|1|6000|8|2|0|0|408000|1241|9928278|455468
1200000|1|6000|8|2|1|2|408000|1241|9928278|403395
1200000|1|6000|8|2|0|0|408000|1242|9936278|455261
1200000|1|6000|8|2|1|2|408000|1242|9936278|405444
1200000|1|6000|8|2|0|0|408000|1243|9944280|455183
1200000|1|6000|8|2|1|2|408000|1243|9944280|406266
1200000|1|6000|8|2|0|0|408000|1244|9952281|455837
1200000|1|6000|8|2|1|2|408000|1244|9952281|407496
1200000|1|6000|8|2|0|0|408000|1245|9960282|455797
1200000|1|6000|8|2|1|2|408000|1245|9960282|407699
1200000|1|6000|8|2|0|0|408000|1246|9968283|456165
1200000|1|6000|8|2|1|2|408000|1246|9968283|408684
1200000|1|6000|8|2|0|0|408000|1247|9976283|455797
1200000|1|6000|8|2|1|2|408000|1247|9976283|408847
1200000|1|6000|8|2|0|0|408000|1248|9984282|455675
1200000|1|6000|8|2|1|2|408000|1248|9984282|409461
1200000|1|6000|8|2|0|0|408000|1249|9992283|455876
1200000|1|6000|8|2|1|2|408000|1249|9992283|409584
1200000|1|6000|8|2|0|0|408000|1250|10000282|455304
1200000|1|6000|8|2|1|2|408000|1250|10000282|409380
1200000|1|6000|8|2|0|0|408000|1251|10008282|455469
1200000|1|6000|8|2|1|2|408000|1251|10008282|409582
1200000|1|6000|8|2|0|0|408000|1252|10016282|455263
1200000|1|6000|8|2|1|2|408000|1252|10016282|410981
1200000|1|6000|8|2|0|0|408000|1253|10024283|455263
1200000|1|6000|8|2|1|2|408000|1253|10024283|411267
1200000|1|6000|8|2|0|0|408000|1254|10032285|455427
1200000|1|6000|8|2|1|2|408000|1254|10032285|410937
1200000|1|6000|8|2|0|0|408000|1255|10040285|455716
1200000|1|6000|8|2|1|2|408000|1255|10040285|411062
1200000|1|6000|8|2|0|0|408000|1256|10048286|455468
1200000|1|6000|8|2|1|2|408000|1256|10048286|410979
1200000|1|6000|8|2|0|0|408000|1257|10056286|455634
1200000|1|6000|8|2|1|2|408000|1257|10056286|411060
1200000|1|6000|8|2|0|0|408000|1258|10064286|455839
1200000|1|6000|8|2|1|2|408000|1258|10064286|410775
1200000|1|6000|8|2|0|0|408000|1259|10072286|456700
1200000|1|6000|8|2|1|2|408000|1259|10072286|410938
1200000|1|6000|8|2|0|0|408000|1260|10080286|456944
1200000|1|6000|8|2|1|2|408000|1260|10080286|411718
1200000|1|6000|8|2|0|0|408000|1261|10088288|457931
1200000|1|6000|8|2|1|2|408000|1261|10088288|412250
1200000|1|6000|8|2|0|0|408000|1262|10096288|458463
1200000|1|6000|8|2|1|2|408000|1262|10096288|412412
1200000|1|6000|8|2|0|0|408000|1263|10104289|459240
1200000|1|6000|8|2|1|2|408000|1263|10104289|412700
1200000|1|6000|8|2|0|0|408000|1264|10112290|460021
1200000|1|6000|8|2|1|2|408000|1264|10112290|412412
1200000|1|6000|8|2|0|0|408000|1265|10120291|459977
1200000|1|6000|8|2|1|2|408000|1265|10120291|412580
1200000|1|6000|8|2|0|0|408000|1266|10128291|459609
1200000|1|6000|8|2|1|2|408000|1266|10128291|412130
1200000|1|6000|8|2|0|0|408000|1267|10136292|459322
1200000|1|6000|8|2|1|2|408000|1267|10136292|411842
1200000|1|6000|8|2|0|0|408000|1268|10144292|459445
1200000|1|6000|8|2|1|2|408000|1268|10144292|412333
1200000|1|6000|8|2|0|0|408000|1269|10152292|459565
1200000|1|6000|8|2|1|2|408000|1269|10152292|413030
1200000|1|6000|8|2|0|0|408000|1270|10160293|460225
1200000|1|6000|8|2|1|2|408000|1270|10160293|413645
1200000|1|6000|8|2|0|0|408000|1271|10168294|460390
1200000|1|6000|8|2|1|2|408000|1271|10168294|414011
1200000|1|6000|8|2|0|0|408000|1272|10176295|461127
1200000|1|6000|8|2|1|2|408000|1272|10176295|415366
1200000|1|6000|8|2|0|0|408000|1273|10184297|461741
1200000|1|6000|8|2|1|2|408000|1273|10184297|416393
1200000|1|6000|8|2|0|0|408000|1274|10192298|463340
1200000|1|6000|8|2|1|2|408000|1274|10192298|417090
1200000|1|6000|8|2|0|0|408000|1275|10200299|464406
1200000|1|6000|8|2|1|2|408000|1275|10200299|416351
1200000|1|6000|8|2|0|0|408000|1276|10208298|465103
1200000|1|6000|8|2|1|2|408000|1276|10208298|415982
1200000|1|6000|8|2|0|0|408000|1277|10216298|465268
1200000|1|6000|8|2|1|2|408000|1277|10216298|415326
1200000|1|6000|8|2|0|0|408000|1278|10224298|465515
1200000|1|6000|8|2|1|2|408000|1278|10224298|415119
1200000|1|6000|8|2|0|0|408000|1279|10232298|465474
1200000|1|6000|8|2|1|2|408000|1279|10232298|415119
1200000|1|6000|8|2|0|0|408000|1280|10240298|465636
1200000|1|6000|8|2|1|2|408000|1280|10240298|415284
1200000|1|6000|8|2|0|0|408000|1281|10248298|465472
1200000|1|6000|8|2|1|2|408000|1281|10248298|415612
1200000|1|6000|8|2|0|0|408000|1282|10256298|465801
1200000|1|6000|8|2|1|2|408000|1282|10256298|415529
1200000|1|6000|8|2|0|0|408000|1283|10264299|466045
1200000|1|6000|8|2|1|2|408000|1283|10264299|415817
1200000|1|6000|8|2|0|0|408000|1284|10272298|466169
1200000|1|6000|8|2|1|2|408000|1284|10272298|415121
1200000|1|6000|8|2|0|0|408000|1285|10280297|466252
1200000|1|6000|8|2|1|2|408000|1285|10280297|415857
1200000|1|6000|8|2|0|0|408000|1286|10288298|466905
1200000|1|6000|8|2|1|2|408000|1286|10288298|415981
1200000|1|6000|8|2|0|0|408000|1287|10296299|467768
1200000|1|6000|8|2|1|2|408000|1287|10296299|417169
1200000|1|6000|8|2|0|0|408000|1288|10304300|468631
1200000|1|6000|8|2|1|2|408000|1288|10304300|417990
1200000|1|6000|8|2|0|0|408000|1289|10312302|469573
1200000|1|6000|8|2|1|2|408000|1289|10312302|417909
1200000|1|6000|8|2|0|0|408000|1290|10320302|470229
1200000|1|6000|8|2|1|2|408000|1290|10320302|417047
1200000|1|6000|8|2|0|0|408000|1291|10328301|470352
1200000|1|6000|8|2|1|2|408000|1291|10328301|416434
1200000|1|6000|8|2|0|0|408000|1292|10336300|470228
1200000|1|6000|8|2|1|2|408000|1292|10336300|416225
1200000|1|6000|8|2|0|0|408000|1293|10344299|470108
1200000|1|6000|8|2|1|2|408000|1293|10344299|415612
1200000|1|6000|8|2|0|0|408000|1294|10352297|469777
1200000|1|6000|8|2|1|2|408000|1294|10352297|415243
1200000|1|6000|8|2|0|0|408000|1295|10360296|470313
1200000|1|6000|8|2|1|2|408000|1295|10360296|414505
1200000|1|6000|8|2|0|0|408000|1296|10368295|469655
1200000|1|6000|8|2|1|2|408000|1296|10368295|414464
1200000|1|6000|8|2|0|0|408000|1297|10376295|469820
1200000|1|6000|8|2|1|2|408000|1297|10376295|414953
1200000|1|6000|8|2|0|0|408000|1298|10384296|469979
1200000|1|6000|8|2|1|2|408000|1298|10384296|415856
1200000|1|6000|8|2|0|0|408000|1299|10392296|470926
1200000|1|6000|8|2|1|2|408000|1299|10392296|415855
1200000|1|6000|8|2|0|0|408000|1300|10400296|470967
1200000|1|6000|8|2|1|2|408000|1300|10400296|415983
1200000|1|6000|8|2|0|0|408000|1301|10408296|471825
1200000|1|6000|8|2|1|2|408000|1301|10408296|415856
1200000|1|6000|8|2|0|0|408000|1302|10416296|471332
1200000|1|6000|8|2|1|2|408000|1302|10416296|415899
1200000|1|6000|8|2|0|0|408000|1303|10424296|472319
1200000|1|6000|8|2|1|2|408000|1303|10424296|415817
1200000|1|6000|8|2|0|0|408000|1304|10432295|471458
1200000|1|6000|8|2|1|2|408000|1304|10432295|416433
1200000|1|6000|8|2|0|0|408000|1305|10440296|471542
1200000|1|6000|8|2|1|2|408000|1305|10440296|416720
1200000|1|6000|8|2|0|0|408000|1306|10448296|471376
1200000|1|6000|8|2|1|2|408000|1306|10448296|417783
1200000|1|6000|8|2|0|0|408000|1307|10456297|471540
1200000|1|6000|8|2|1|2|408000|1307|10456297|418809
1200000|1|6000|8|2|0|0|408000|1308|10464298|471538
1200000|1|6000|8|2|1|2|408000|1308|10464298|419631
1200000|1|6000|8|2|0|0|408000|1309|10472299|471624
1200000|1|6000|8|2|1|2|408000|1309|10472299|420369
1200000|1|6000|8|2|0|0|408000|1310|10480300|471294
1200000|1|6000|8|2|1|2|408000|1310|10480300|420860
1200000|1|6000|8|2|0|0|408000|1311|10488300|471213
1200000|1|6000|8|2|1|2|408000|1311|10488300|421188
1200000|1|6000|8|2|0|0|408000|1312|10496300|471582
1200000|1|6000|8|2|1|2|408000|1312|10496300|420901
1200000|1|6000|8|2|0|0|408000|1313|10504299|471541
1200000|1|6000|8|2|1|2|408000|1313|10504299|420737
1200000|1|6000|8|2|0|0|408000|1314|10512299|471788
1200000|1|6000|8|2|1|2|408000|1314|10512299|419712
1200000|1|6000|8|2|0|0|408000|1315|10520299|471828
1200000|1|6000|8|2|1|2|408000|1315|10520299|420041
1200000|1|6000|8|2|0|0|408000|1316|10528300|471828
1200000|1|6000|8|2|1|2|408000|1316|10528300|418933
1200000|1|6000|8|2|0|0|408000|1317|10536299|471376
1200000|1|6000|8|2|1|2|408000|1317|10536299|419263
1200000|1|6000|8|2|0|0|408000|1318|10544300|470843
1200000|1|6000|8|2|1|2|408000|1318|10544300|418526
1200000|1|6000|8|2|0|0|408000|1319|10552300|468178
1200000|1|6000|8|2|1|2|408000|1319|10552300|419958
1200000|1|6000|8|2|0|0|408000|1320|10560303|465141
1200000|1|6000|8|2|1|2|408000|1320|10560303|421763
1200000|1|6000|8|2|0|0|408000|1321|10568306|462643
1200000|1|6000|8|2|1|2|408000|1321|10568306|423281
1200000|1|6000|8|2|0|0|408000|1322|10576307|459856
1200000|1|6000|8|2|1|2|408000|1322|10576307|424428
1200000|1|6000|8|2|0|0|408000|1323|10584308|457642
1200000|1|6000|8|2|1|2|408000|1323|10584308|425534
1200000|1|6000|8|2|0|0|408000|1324|10592309|454727
1200000|1|6000|8|2|1|2|408000|1324|10592309|426231
1200000|1|6000|8|2|0|0|408000|1325|10600311|453090
1200000|1|6000|8|2|1|2|408000|1325|10600311|427663
1200000|1|6000|8|2|0|0|408000|1326|10608312|450795
1200000|1|6000|8|2|1|2|408000|1326|10608312|428117
1200000|1|6000|8|2|0|0|408000|1327|10616313|448908
1200000|1|6000|8|2|1|2|408000|1327|10616313|427994
1200000|1|6000|8|2|0|0|408000|1328|10624313|447429
1200000|1|6000|8|2|1|2|408000|1328|10624313|427092
1200000|1|6000|8|2|0|0|408000|1329|10632312|445051
1200000|1|6000|8|2|1|2|408000|1329|10632312|426601
1200000|1|6000|8|2|0|0|408000|1330|10640313|443580
1200000|1|6000|8|2|1|2|408000|1330|10640313|426188
1200000|1|6000|8|2|0|0|408000|1331|10648313|440955
1200000|1|6000|8|2|1|2|408000|1331|10648313|425657
1200000|1|6000|8|2|0|0|408000|1332|10656313|439189
1200000|1|6000|8|2|1|2|408000|1332|10656313|425741
1200000|1|6000|8|2|0|0|408000|1333|10664314|437718
1200000|1|6000|8|2|1|2|408000|1333|10664314|425453
1200000|1|6000|8|2|0|0|408000|1334|10672314|436650
1200000|1|6000|8|2|1|2|408000|1334|10672314|425945
1200000|1|6000|8|2|0|0|408000|1335|10680316|435543
1200000|1|6000|8|2|1|2|408000|1335|10680316|426274
1200000|1|6000|8|2|0|0|408000|1336|10688315|433862
1200000|1|6000|8|2|1|2|408000|1336|10688315|426562
1200000|1|6000|8|2|0|0|408000|1337|10696316|432549
1200000|1|6000|8|2|1|2|408000|1337|10696316|426518
1200000|1|6000|8|2|0|0|408000|1338|10704316|431074
1200000|1|6000|8|2|1|2|408000|1338|10704316|426108
1200000|1|6000|8|2|0|0|408000|1339|10712317|429718
1200000|1|6000|8|2|1|2|408000|1339|10712317|425941
1200000|1|6000|8|2|0|0|408000|1340|10720317|429064
1200000|1|6000|8|2|1|2|408000|1340|10720317|425532
1200000|1|6000|8|2|0|0|408000|1341|10728317|428571
1200000|1|6000|8|2|1|2|408000|1341|10728317|424921
1200000|1|6000|8|2|0|0|408000|1342|10736316|428491
1200000|1|6000|8|2|1|2|408000|1342|10736316|425248
1200000|1|6000|8|2|0|0|408000|1343|10744317|428201
1200000|1|6000|8|2|1|2|408000|1343|10744317|425409
1200000|1|6000|8|2|0|0|408000|1344|10752317|428368
1200000|1|6000|8|2|1|2|408000|1344|10752317|426025
1200000|1|6000|8|2|0|0|408000|1345|10760316|427832
1200000|1|6000|8|2|1|2|408000|1345|10760316|426598
1200000|1|6000|8|2|0|0|408000|1346|10768317|428122
1200000|1|6000|8|2|1|2|408000|1346|10768317|426519
1200000|1|6000|8|2|0|0|408000|1347|10776317|428490
1200000|1|6000|8|2|1|2|408000|1347|10776317|427092
1200000|1|6000|8|2|0|0|408000|1348|10784318|429144
1200000|1|6000|8|2|1|2|408000|1348|10784318|427258
1200000|1|6000|8|2|0|0|408000|1349|10792318|428940
1200000|1|6000|8|2|1|2|408000|1349|10792318|427995
1200000|1|6000|8|2|0|0|408000|1350|10800319|428942
1200000|1|6000|8|2|1|2|408000|1350|10800319|429018
1200000|1|6000|8|2|0|0|408000|1351|10808321|429597
1200000|1|6000|8|2|1|2|408000|1351|10808321|429635
1200000|1|6000|8|2|0|0|408000|1352|10816321|430091
1200000|1|6000|8|2|1|2|408000|1352|10816321|430537
1200000|1|6000|8|2|0|0|408000|1353|10824323|430660
1200000|1|6000|8|2|1|2|408000|1353|10824323|430987
1200000|1|6000|8|2|0|0|408000|1354|10832323|430418
1200000|1|6000|8|2|1|2|408000|1354|10832323|432178
1200000|1|6000|8|2|0|0|408000|1355|10840324|430830
1200000|1|6000|8|2|1|2|408000|1355|10840324|432669
1200000|1|6000|8|2|0|0|408000|1356|10848325|429843
1200000|1|6000|8|2|1|2|408000|1356|10848325|433243
1200000|1|6000|8|2|0|0|408000|1357|10856325|429597
1200000|1|6000|8|2|1|2|408000|1357|10856325|432873
1200000|1|6000|8|2|0|0|408000|1358|10864324|428409
1200000|1|6000|8|2|1|2|408000|1358|10864324|433531
1200000|1|6000|8|2|0|0|408000|1359|10872324|428325
1200000|1|6000|8|2|1|2|408000|1359|10872324|433365
1200000|1|6000|8|2|0|0|408000|1360|10880324|427958
1200000|1|6000|8|2|1|2|408000|1360|10880324|433527
1200000|1|6000|8|2|0|0|408000|1361|10888323|427015
1200000|1|6000|8|2|1|2|408000|1361|10888323|433530
1200000|1|6000|8|2|0|0|408000|1362|10896324|426847
1200000|1|6000|8|2|1|2|408000|1362|10896324|434306
1200000|1|6000|8|2|0|0|408000|1363|10904324|427465
1200000|1|6000|8|2|1|2|408000|1363|10904324|434595
1200000|1|6000|8|2|0|0|408000|1364|10912325|427793
1200000|1|6000|8|2|1|2|408000|1364|10912325|434350
1200000|1|6000|8|2|0|0|408000|1365|10920324|428409
1200000|1|6000|8|2|1|2|408000|1365|10920324|434390
1200000|1|6000|8|2|0|0|408000|1366|10928324|428204
1200000|1|6000|8|2|1|2|408000|1366|10928324|434432
1200000|1|6000|8|2|0|0|408000|1367|10936323|428242
1200000|1|6000|8|2|1|2|408000|1367|10936323|434633
1200000|1|6000|8|2|0|0|408000|1368|10944323|428450
1200000|1|6000|8|2|1|2|408000|1368|10944323|434227
1200000|1|6000|8|2|0|0|408000|1369|10952322|428286
1200000|1|6000|8|2|1|2|408000|1369|10952322|434553
1200000|1|6000|8|2|0|0|408000|1370|10960323|428041
1200000|1|6000|8|2|1|2|408000|1370|10960323|434063
1200000|1|6000|8|2|0|0|408000|1371|10968322|428697
1200000|1|6000|8|2|1|2|408000|1371|10968322|434802
1200000|1|6000|8|2|0|0|408000|1372|10976322|429106
1200000|1|6000|8|2|1|2|408000|1372|10976322|434595
1200000|1|6000|8|2|0|0|408000|1373|10984322|429597
1200000|1|6000|8|2|1|2|408000|1373|10984322|434392
1200000|1|6000|8|2|0|0|408000|1374|10992321|429761
1200000|1|6000|8|2|1|2|408000|1374|10992321|433530
1200000|1|6000|8|2|0|0|408000|1375|11000321|430048
1200000|1|6000|8|2|1|2|408000|1375|11000321|433160
1200000|1|6000|8|2|0|0|408000|1376|11008321|430378
1200000|1|6000|8|2|1|2|408000|1376|11008321|432423
1200000|1|6000|8|2|0|0|408000|1377|11016320|430578
1200000|1|6000|8|2|1|2|408000|1377|11016320|432012
1200000|1|6000|8|2|0|0|408000|1378|11024320|430990
1200000|1|6000|8|2|1|2|408000|1378|11024320|431806
1200000|1|6000|8|2|0|0|408000|1379|11032320|430541
1200000|1|6000|8|2|1|2|408000|1379|11032320|431848
1200000|1|6000|8|2|0|0|408000|1380|11040321|431033
1200000|1|6000|8|2|1|2|408000|1380|11040321|432544
1200000|1|6000|8|2|0|0|408000|1381|11048322|431402
1200000|1|6000|8|2|1|2|408000|1381|11048322|433489
1200000|1|6000|8|2|0|0|408000|1382|11056322|431893
1200000|1|6000|8|2|1|2|408000|1382|11056322|434513
1200000|1|6000|8|2|0|0|408000|1383|11064323|432386
1200000|1|6000|8|2|1|2|408000|1383|11064323|435125
1200000|1|6000|8|2|0|0|408000|1384|11072323|432505
1200000|1|6000|8|2|1|2|408000|1384|11072323|435989
1200000|1|6000|8|2|0|0|408000|1385|11080325|432222
1200000|1|6000|8|2|1|2|408000|1385|11080325|436440
1200000|1|6000|8|2|0|0|408000|1386|11088325|432097
1200000|1|6000|8|2|1|2|408000|1386|11088325|436976
1200000|1|6000|8|2|0|0|408000|1387|11096326|432222
1200000|1|6000|8|2|1|2|408000|1387|11096326|436643
1200000|1|6000|8|2|0|0|408000|1388|11104326|431853
1200000|1|6000|8|2|1|2|408000|1388|11104326|436851
1200000|1|6000|8|2|0|0|408000|1389|11112325|431400
1200000|1|6000|8|2|1|2|408000|1389|11112325|436684
1200000|1|6000|8|2|0|0|408000|1390|11120325|431075
1200000|1|6000|8|2|1|2|408000|1390|11120325|437549
1200000|1|6000|8|2|0|0|408000|1391|11128326|431197
1200000|1|6000|8|2|1|2|408000|1391|11128326|438163
1200000|1|6000|8|2|0|0|408000|1392|11136327|431566
1200000|1|6000|8|2|1|2|408000|1392|11136327|439187
1200000|1|6000|8|2|0|0|408000|1393|11144327|432055
1200000|1|6000|8|2|1|2|408000|1393|11144327|439966
1200000|1|6000|8|2|0|0|408000|1394|11152327|431850
1200000|1|6000|8|2|1|2|408000|1394|11152327|440008
1200000|1|6000|8|2|0|0|408000|1395|11160327|431813
1200000|1|6000|8|2|1|2|408000|1395|11160327|440294
1200000|1|6000|8|2|0|0|408000|1396|11168327|431812
1200000|1|6000|8|2|1|2|408000|1396|11168327|440829
1200000|1|6000|8|2|0|0|408000|1397|11176327|431403
1200000|1|6000|8|2|1|2|408000|1397|11176327|441157
1200000|1|6000|8|2|0|0|408000|1398|11184327|431606
1200000|1|6000|8|2|1|2|408000|1398|11184327|441485
1200000|1|6000|8|2|0|0|408000|1399|11192327|430745
1200000|1|6000|8|2|1|2|408000|1399|11192327|441771
1200000|1|6000|8|2|0|0|408000|1400|11200327|430459
1200000|1|6000|8|2|1|2|408000|1400|11200327|441648
1200000|1|6000|8|2|0|0|408000|1401|11208326|430950
1200000|1|6000|8|2|1|2|408000|1401|11208326|442180
1200000|1|6000|8|2|0|0|408000|1402|11216327|431484
1200000|1|6000|8|2|1|2|408000|1402|11216327|442633
1200000|1|6000|8|2|0|0|408000|1403|11224327|432386
1200000|1|6000|8|2|1|2|408000|1403|11224327|442220
1200000|1|6000|8|2|0|0|408000|1404|11232326|432590
1200000|1|6000|8|2|1|2|408000|1404|11232326|441812
1200000|1|6000|8|2|0|0|408000|1405|11240326|432998
1200000|1|6000|8|2|1|2|408000|1405|11240326|441522
1200000|1|6000|8|2|0|0|408000|1406|11248326|432590
1200000|1|6000|8|2|1|2|408000|1406|11248326|441198
1200000|1|6000|8|2|0|0|408000|1407|11256326|433617
1200000|1|6000|8|2|1|2|408000|1407|11256326|441197
1200000|1|6000|8|2|0|0|408000|1408|11264326|433657
1200000|1|6000|8|2|1|2|408000|1408|11264326|441114
1200000|1|6000|8|2|0|0|408000|1409|11272326|434350
1200000|1|6000|8|2|1|2|408000|1409|11272326|440541
1200000|1|6000|8|2|0|0|408000|1410|11280325|434805
1200000|1|6000|8|2|1|2|408000|1410|11280325|440458
1200000|1|6000|8|2|0|0|408000|1411|11288325|435663
1200000|1|6000|8|2|1|2|408000|1411|11288325|440622
1200000|1|6000|8|2|0|0|408000|1412|11296325|436487
1200000|1|6000|8|2|1|2|408000|1412|11296325|439803
1200000|1|6000|8|2|0|0|408000|1413|11304325|437265
1200000|1|6000|8|2|1|2|408000|1413|11304325|439597
1200000|1|6000|8|2|0|0|408000|1414|11312325|437839
1200000|1|6000|8|2|1|2|408000|1414|11312325|439105
1200000|1|6000|8|2|0|0|408000|1415|11320325|437962
1200000|1|6000|8|2|1|2|408000|1415|11320325|439147
1200000|1|6000|8|2|0|0|408000|1416|11328325|437510
1200000|1|6000|8|2|1|2|408000|1416|11328325|438939
1200000|1|6000|8|2|0|0|408000|1417|11336325|437060
1200000|1|6000|8|2|1|2|408000|1417|11336325|439065
1200000|1|6000|8|2|0|0|408000|1418|11344325|436649
1200000|1|6000|8|2|1|2|408000|1418|11344325|438693
1200000|1|6000|8|2|0|0|408000|1419|11352325|436405
1200000|1|6000|8|2|1|2|408000|1419|11352325|438778
1200000|1|6000|8|2|0|0|408000|1420|11360326|436487
1200000|1|6000|8|2|1|2|408000|1420|11360326|438655
1200000|1|6000|8|2|0|0|408000|1421|11368326|436446
1200000|1|6000|8|2|1|2|408000|1421|11368326|438573
1200000|1|6000|8|2|0|0|408000|1422|11376326|436936
1200000|1|6000|8|2|1|2|408000|1422|11376326|438283
1200000|1|6000|8|2|0|0|408000|1423|11384325|437304
1200000|1|6000|8|2|1|2|408000|1423|11384325|438038
1200000|1|6000|8|2|0|0|408000|1424|11392325|436937
1200000|1|6000|8|2|1|2|408000|1424|11392325|438001
1200000|1|6000|8|2|0|0|408000|1425|11400325|436975
1200000|1|6000|8|2|1|2|408000|1425|11400325|439024
1200000|1|6000|8|2|0|0|408000|1426|11408326|436897
1200000|1|6000|8|2|1|2|408000|1426|11408326|439106
1200000|1|6000|8|2|0|0|408000|1427|11416327|436732
1200000|1|6000|8|2|1|2|408000|1427|11416327|439433
1200000|1|6000|8|2|0|0|408000|1428|11424328|436404
1200000|1|6000|8|2|1|2|408000|1428|11424328|439311
1200000|1|6000|8|2|0|0|408000|1429|11432329|436775
1200000|1|6000|8|2|1|2|408000|1429|11432329|439188
1200000|1|6000|8|2|0|0|408000|1430|11440329|436486
1200000|1|6000|8|2|1|2|408000|1430|11440329|439188
1200000|1|6000|8|2|0|0|408000|1431|11448330|436732
1200000|1|6000|8|2|1|2|408000|1431|11448330|439107
1200000|1|6000|8|2|0|0|408000|1432|11456330|437632
1200000|1|6000|8|2|1|2|408000|1432|11456330|439147
1200000|1|6000|8|2|0|0|408000|1433|11464331|438126
1200000|1|6000|8|2|1|2|408000|1433|11464331|439353
1200000|1|6000|8|2|0|0|408000|1434|11472331|438414
1200000|1|6000|8|2|1|2|408000|1434|11472331|438901
1200000|1|6000|8|2|0|0|408000|1435|11480332|438742
1200000|1|6000|8|2|1|2|408000|1435|11480332|438613
1200000|1|6000|8|2|0|0|408000|1436|11488332|438944
1200000|1|6000|8|2|1|2|408000|1436|11488332|438490
1200000|1|6000|8|2|0|0|408000|1437|11496333|438863
1200000|1|6000|8|2|1|2|408000|1437|11496333|438696
1200000|1|6000|8|2|0|0|408000|1438|11504334|438085
1200000|1|6000|8|2|1|2|408000|1438|11504334|438736
1200000|1|6000|8|2|0|0|408000|1439|11512335|437717
1200000|1|6000|8|2|1|2|408000|1439|11512335|439513
1200000|1|6000|8|2|0|0|408000|1440|11520337|437548
1200000|1|6000|8|2|1|2|408000|1440|11520337|439310
1200000|1|6000|8|2|0|0|408000|1441|11528337|436897
1200000|1|6000|8|2|1|2|408000|1441|11528337|439147
1200000|1|6000|8|2|0|0|408000|1442|11536338|436445
1200000|1|6000|8|2|1|2|408000|1442|11536338|439597
1200000|1|6000|8|2|0|0|408000|1443|11544339|435378
1200000|1|6000|8|2|1|2|408000|1443|11544339|439269
1200000|1|6000|8|2|0|0|408000|1444|11552340|435460
1200000|1|6000|8|2|1|2|408000|1444|11552340|439350
1200000|1|6000|8|2|0|0|408000|1445|11560341|435829
1200000|1|6000|8|2|1|2|408000|1445|11560341|439352
1200000|1|6000|8|2|0|0|408000|1446|11568341|436364
1200000|1|6000|8|2|1|2|408000|1446|11568341|439271
1200000|1|6000|8|2|0|0|408000|1447|11576342|436568
1200000|1|6000|8|2|1|2|408000|1447|11576342|438655
1200000|1|6000|8|2|0|0|408000|1448|11584342|436774
1200000|1|6000|8|2|1|2|408000|1448|11584342|439188
1200000|1|6000|8|2|0|0|408000|1449|11592342|437060
1200000|1|6000|8|2|1|2|408000|1449|11592342|438942
1200000|1|6000|8|2|0|0|408000|1450|11600342|436856
1200000|1|6000|8|2|1|2|408000|1450|11600342|439024
1200000|1|6000|8|2|0|0|408000|1451|11608342|437389
1200000|1|6000|8|2|1|2|408000|1451|11608342|439389
1200000|1|6000|8|2|0|0|408000|1452|11616342|436934
1200000|1|6000|8|2|1|2|408000|1452|11616342|439638
1200000|1|6000|8|2|0|0|408000|1453|11624343|436568
1200000|1|6000|8|2|1|2|408000|1453|11624343|440007
1200000|1|6000|8|2|0|0|408000|1454|11632343|436609
1200000|1|6000|8|2|1|2|408000|1454|11632343|440007
1200000|1|6000|8|2|0|0|408000|1455|11640343|436976
1200000|1|6000|8|2|1|2|408000|1455|11640343|439802
1200000|1|6000|8|2|0|0|408000|1456|11648343|437019
1200000|1|6000|8|2|1|2|408000|1456|11648343|438490
1200000|1|6000|8|2|0|0|408000|1457|11656341|437387
1200000|1|6000|8|2|1|2|408000|1457|11656341|437877
1200000|1|6000|8|2|0|0|408000|1458|11664342|437551
1200000|1|6000|8|2|1|2|408000|1458|11664342|437632
1200000|1|6000|8|2|0|0|408000|1459|11672342|438001
1200000|1|6000|8|2|1|2|408000|1459|11672342|437097
1200000|1|6000|8|2|0|0|408000|1460|11680342|437511
1200000|1|6000|8|2|1|2|408000|1460|11680342|436278
1200000|1|6000|8|2|0|0|408000|1461|11688341|437429
1200000|1|6000|8|2|1|2|408000|1461|11688341|435333
1200000|1|6000|8|2|0|0|408000|1462|11696341|437265
1200000|1|6000|8|2|1|2|408000|1462|11696341|434801
1200000|1|6000|8|2|0|0|408000|1463|11704340|436813
1200000|1|6000|8|2|1|2|408000|1463|11704340|435128
1200000|1|6000|8|2|0|0|408000|1464|11712341|436322
1200000|1|6000|8|2|1|2|408000|1464|11712341|435049
1200000|1|6000|8|2|0|0|408000|1465|11720340|435789
1200000|1|6000|8|2|1|2|408000|1465|11720340|435330
1200000|1|6000|8|2|0|0|408000|1466|11728341|435586
1200000|1|6000|8|2|1|2|408000|1466|11728341|434881
1200000|1|6000|8|2|0|0|408000|1467|11736341|435831
1200000|1|6000|8|2|1|2|408000|1467|11736341|434925
1200000|1|6000|8|2|0|0|408000|1468|11744341|435871
1200000|1|6000|8|2|1|2|408000|1468|11744341|433940
1200000|1|6000|8|2|0|0|408000|1469|11752340|436609
1200000|1|6000|8|2|1|2|408000|1469|11752340|434352
1200000|1|6000|8|2|0|0|408000|1470|11760341|436689
1200000|1|6000|8|2|1|2|408000|1470|11760341|434226
1200000|1|6000|8|2|0|0|408000|1471|11768341|436444
1200000|1|6000|8|2|1|2|408000|1471|11768341|435169
1200000|1|6000|8|2|0|0|408000|1472|11776342|436320
1200000|1|6000|8|2|1|2|408000|1472|11776342|435703
1200000|1|6000|8|2|0|0|408000|1473|11784343|436322
1200000|1|6000|8|2|1|2|408000|1473|11784343|436521
1200000|1|6000|8|2|0|0|408000|1474|11792343|436444
1200000|1|6000|8|2|1|2|408000|1474|11792343|437507
1200000|1|6000|8|2|0|0|408000|1475|11800344|435993
1200000|1|6000|8|2|1|2|408000|1475|11800344|438163
1200000|1|6000|8|2|0|0|408000|1476|11808345|435953
1200000|1|6000|8|2|1|2|408000|1476|11808345|439106
1200000|1|6000|8|2|0|0|408000|1477|11816346|436117
1200000|1|6000|8|2|1|2|408000|1477|11816346|439762
1200000|1|6000|8|2|0|0|408000|1478|11824347|436116
1200000|1|6000|8|2|1|2|408000|1478|11824347|439434
1200000|1|6000|8|2|0|0|408000|1479|11832347|436487
1200000|1|6000|8|2|1|2|408000|1479|11832347|439515
1200000|1|6000|8|2|0|0|408000|1480|11840348|436443
1200000|1|6000|8|2|1|2|408000|1480|11840348|439352
1200000|1|6000|8|2|0|0|408000|1481|11848348|437018
1200000|1|6000|8|2|1|2|408000|1481|11848348|439638
1200000|1|6000|8|2|0|0|408000|1482|11856349|436731
1200000|1|6000|8|2|1|2|408000|1482|11856349|440747
1200000|1|6000|8|2|0|0|408000|1483|11864350|435871
1200000|1|6000|8|2|1|2|408000|1483|11864350|441565
1200000|1|6000|8|2|0|0|408000|1484|11872351|434886
1200000|1|6000|8|2|1|2|408000|1484|11872351|441976
1200000|1|6000|8|2|0|0|408000|1485|11880351|434599
1200000|1|6000|8|2|1|2|408000|1485|11880351|442055
1200000|1|6000|8|2|0|0|408000|1486|11888352|434271
1200000|1|6000|8|2|1|2|408000|1486|11888352|442674
1200000|1|6000|8|2|0|0|408000|1487|11896353|433534
1200000|1|6000|8|2|1|2|408000|1487|11896353|441360
1200000|1|6000|8|2|0|0|408000|1488|11904352|433246
1200000|1|6000|8|2|1|2|408000|1488|11904352|440952
1200000|1|6000|8|2|0|0|408000|1489|11912352|432549
1200000|1|6000|8|2|1|2|408000|1489|11912352|439597
1200000|1|6000|8|2|0|0|408000|1490|11920351|432551
1200000|1|6000|8|2|1|2|408000|1490|11920351|438899
1200000|1|6000|8|2|0|0|408000|1491|11928350|433083
1200000|1|6000|8|2|1|2|408000|1491|11928350|437793
1200000|1|6000|8|2|0|0|408000|1492|11936349|432918
1200000|1|6000|8|2|1|2|408000|1492|11936349|437834
1200000|1|6000|8|2|0|0|408000|1493|11944350|432673
1200000|1|6000|8|2|1|2|408000|1493|11944350|437712
1200000|1|6000|8|2|0|0|408000|1494|11952349|432713
1200000|1|6000|8|2|1|2|408000|1494|11952349|437217
1200000|1|6000|8|2|0|0|408000|1495|11960350|432265
1200000|1|6000|8|2|1|2|408000|1495|11960350|436442
1200000|1|6000|8|2|0|0|408000|1496|11968349|432180
1200000|1|6000|8|2|1|2|408000|1496|11968349|436153
1200000|1|6000|8|2|0|0|408000|1497|11976350|431731
1200000|1|6000|8|2|1|2|408000|1497|11976350|434882
1200000|1|6000|8|2|0|0|408000|1498|11984349|431237
1200000|1|6000|8|2|1|2|408000|1498|11984349|434800
1200000|1|6000|8|2|0|0|408000|1499|11992349|431280
1200000|1|6000|8|2|1|2|408000|1499|11992349|433202
1200000|1|6000|8|2|0|0|408000|1500|12000348|430911
1200000|1|6000|8|2|1|2|408000|1500|12000348|432423
1200000|1|6000|8|2|0|0|408000|1501|12008347|431443
1200000|1|6000|8|2|1|2|408000|1501|12008347|431561
1200000|1|6000|8|2|0|0|408000|1502|12016346|430993
1200000|1|6000|8|2|1|2|408000|1502|12016346|430986
1200000|1|6000|8|2|0|0|408000|1503|12024346|431566
1200000|1|6000|8|2|1|2|408000|1503|12024346|430662
1200000|1|6000|8|2|0|0|408000|1504|12032346|431403
1200000|1|6000|8|2|1|2|408000|1504|12032346|430247
1200000|1|6000|8|2|0|0|408000|1505|12040346|431443
1200000|1|6000|8|2|1|2|408000|1505|12040346|429796
1200000|1|6000|8|2|0|0|408000|1506|12048346|431360
1200000|1|6000|8|2|1|2|408000|1506|12048346|429306
1200000|1|6000|8|2|0|0|408000|1507|12056345|431196
1200000|1|6000|8|2|1|2|408000|1507|12056345|429226
1200000|1|6000|8|2|0|0|408000|1508|12064346|430868
1200000|1|6000|8|2|1|2|408000|1508|12064346|429102
1200000|1|6000|8|2|0|0|408000|1509|12072345|430745
1200000|1|6000|8|2|1|2|408000|1509|12072345|428939
1200000|1|6000|8|2|0|0|408000|1510|12080345|430006
1200000|1|6000|8|2|1|2|408000|1510|12080345|428323
1200000|1|6000|8|2|0|0|408000|1511|12088344|429762
1200000|1|6000|8|2|1|2|408000|1511|12088344|428325
1200000|1|6000|8|2|0|0|408000|1512|12096344|429885
1200000|1|6000|8|2|1|2|408000|1512|12096344|427626
1200000|1|6000|8|2|0|0|408000|1513|12104343|429144
1200000|1|6000|8|2|1|2|408000|1513|12104343|427750
1200000|1|6000|8|2|0|0|408000|1514|12112343|429064
1200000|1|6000|8|2|1|2|408000|1514|12112343|427462
1200000|1|6000|8|2|0|0|408000|1515|12120343|428899
1200000|1|6000|8|2|1|2|408000|1515|12120343|428239
1200000|1|6000|8|2|0|0|408000|1516|12128345|428941
1200000|1|6000|8|2|1|2|408000|1516|12128345|428118
1200000|1|6000|8|2|0|0|408000|1517|12136345|428737
1200000|1|6000|8|2|1|2|408000|1517|12136345|428487
1200000|1|6000|8|2|0|0|408000|1518|12144346|428614
1200000|1|6000|8|2|1|2|408000|1518|12144346|429307
1200000|1|6000|8|2|0|0|408000|1519|12152347|428286
1200000|1|6000|8|2|1|2|408000|1519|12152347|429553
1200000|1|6000|8|2|0|0|408000|1520|12160348|428162
1200000|1|6000|8|2|1|2|408000|1520|12160348|430373
1200000|1|6000|8|2|0|0|408000|1521|12168349|428245
1200000|1|6000|8|2|1|2|408000|1521|12168349|430005
1200000|1|6000|8|2|0|0|408000|1522|12176349|428246
1200000|1|6000|8|2|1|2|408000|1522|12176349|430621
1200000|1|6000|8|2|0|0|408000|1523|12184350|428368
1200000|1|6000|8|2|1|2|408000|1523|12184350|430330
1200000|1|6000|8|2|0|0|408000|1524|12192350|427998
1200000|1|6000|8|2|1|2|408000|1524|12192350|431153
1200000|1|6000|8|2|0|0|408000|1525|12200351|427794
1200000|1|6000|8|2|1|2|408000|1525|12200351|431439
1200000|1|6000|8|2|0|0|408000|1526|12208351|427427
1200000|1|6000|8|2|1|2|408000|1526|12208351|432177
1200000|1|6000|8|2|0|0|408000|1527|12216352|427916
1200000|1|6000|8|2|1|2|408000|1527|12216352|433160
1200000|1|6000|8|2|0|0|408000|1528|12224354|427959
1200000|1|6000|8|2|1|2|408000|1528|12224354|433816
1200000|1|6000|8|2|0|0|408000|1529|12232355|428737
1200000|1|6000|8|2|1|2|408000|1529|12232355|433694
1200000|1|6000|8|2|0|0|408000|1530|12240354|429189
1200000|1|6000|8|2|1|2|408000|1530|12240354|433651
1200000|1|6000|8|2|0|0|408000|1531|12248354|430133
1200000|1|6000|8|2|1|2|408000|1531|12248354|433939
1200000|1|6000|8|2|0|0|408000|1532|12256353|430581
1200000|1|6000|8|2|1|2|408000|1532|12256353|433980
1200000|1|6000|8|2|0|0|408000|1533|12264353|430581
1200000|1|6000|8|2|1|2|408000|1533|12264353|434472
1200000|1|6000|8|2|0|0|408000|1534|12272354|430704
1200000|1|6000|8|2|1|2|408000|1534|12272354|433817
1200000|1|6000|8|2|0|0|408000|1535|12280353|430624
1200000|1|6000|8|2|1|2|408000|1535|12280353|434267
1200000|1|6000|8|2|0|0|408000|1536|12288353|431525
1200000|1|6000|8|2|1|2|408000|1536|12288353|434022
1200000|1|6000|8|2|0|0|408000|1537|12296353|431280
1200000|1|6000|8|2|1|2|408000|1537|12296353|435006
1200000|1|6000|8|2|0|0|408000|1538|12304354|431690
1200000|1|6000|8|2|1|2|408000|1538|12304354|434594
1200000|1|6000|8|2|0|0|408000|1539|12312354|432015
1200000|1|6000|8|2|1|2|408000|1539|12312354|435291
1200000|1|6000|8|2|0|0|408000|1540|12320354|432467
1200000|1|6000|8|2|1|2|408000|1540|12320354|435127
1200000|1|6000|8|2|0|0|408000|1541|12328354|432918
1200000|1|6000|8|2|1|2|408000|1541|12328354|435087
1200000|1|6000|8|2|0|0|408000|1542|12336354|433038
1200000|1|6000|8|2|1|2|408000|1542|12336354|435003
1200000|1|6000|8|2|0|0|408000|1543|12344354|432792
1200000|1|6000|8|2|1|2|408000|1543|12344354|435166
1200000|1|6000|8|2|0|0|408000|1544|12352353|432590
1200000|1|6000|8|2|1|2|408000|1544|12352353|434185
1200000|1|6000|8|2|0|0|408000|1545|12360352|432669
1200000|1|6000|8|2|1|2|408000|1545|12360352|433654
1200000|1|6000|8|2|0|0|408000|1546|12368350|432301
1200000|1|6000|8|2|1|2|408000|1546|12368350|432833
1200000|1|6000|8|2|0|0|408000|1547|12376348|432386
1200000|1|6000|8|2|1|2|408000|1547|12376348|432178
1200000|1|6000|8|2|0|0|408000|1548|12384347|432139
1200000|1|6000|8|2|1|2|408000|1548|12384347|431440
1200000|1|6000|8|2|0|0|408000|1549|12392345|432469
1200000|1|6000|8|2|1|2|408000|1549|12392345|431316
1200000|1|6000|8|2|0|0|408000|1550|12400344|432466
1200000|1|6000|8|2|1|2|408000|1550|12400344|430332
1200000|1|6000|8|2|0|0|408000|1551|12408343|432671
1200000|1|6000|8|2|1|2|408000|1551|12408343|430085
1200000|1|6000|8|2|0|0|408000|1552|12416342|432633
1200000|1|6000|8|2|1|2|408000|1552|12416342|430660
1200000|1|6000|8|2|0|0|408000|1553|12424343|432426
1200000|1|6000|8|2|1|2|408000|1553|12424343|430824
1200000|1|6000|8|2|0|0|408000|1554|12432343|432059
1200000|1|6000|8|2|1|2|408000|1554|12432343|431111
1200000|1|6000|8|2|0|0|408000|1555|12440343|431975
1200000|1|6000|8|2|1|2|408000|1555|12440343|430947
1200000|1|6000|8|2|0|0|408000|1556|12448343|432305
1200000|1|6000|8|2|1|2|408000|1556|12448343|430823
1200000|1|6000|8|2|0|0|408000|1557|12456343|431568
1200000|1|6000|8|2|1|2|408000|1557|12456343|430579
1200000|1|6000|8|2|0|0|408000|1558|12464342|431685
1200000|1|6000|8|2|1|2|408000|1558|12464342|431029
1200000|1|6000|8|2|0|0|408000|1559|12472342|431197
1200000|1|6000|8|2|1|2|408000|1559|12472342|431316
1200000|1|6000|8|2|0|0|408000|1560|12480342|431769
1200000|1|6000|8|2|1|2|408000|1560|12480342|432218
1200000|1|6000|8|2|0|0|408000|1561|12488343|431319
1200000|1|6000|8|2|1|2|408000|1561|12488343|431479
1200000|1|6000|8|2|0|0|408000|1562|12496343|431526
1200000|1|6000|8|2|1|2|408000|1562|12496343|432012
1200000|1|6000|8|2|0|0|408000|1563|12504344|431402
1200000|1|6000|8|2|1|2|408000|1563|12504344|431807
1200000|1|6000|8|2|0|0|408000|1564|12512345|431647
1200000|1|6000|8|2|1|2|408000|1564|12512345|432011
1200000|1|6000|8|2|0|0|408000|1565|12520345|431770
1200000|1|6000|8|2|1|2|408000|1565|12520345|432341
1200000|1|6000|8|2|0|0|408000|1566|12528346|431689
1200000|1|6000|8|2|1|2|408000|1566|12528346|431808
1200000|1|6000|8|2|0|0|408000|1567|12536346|431688
1200000|1|6000|8|2|1|2|408000|1567|12536346|432379
1200000|1|6000|8|2|0|0|408000|1568|12544347|431193
1200000|1|6000|8|2|1|2|408000|1568|12544347|432791
1200000|1|6000|8|2|0|0|408000|1569|12552347|430909
1200000|1|6000|8|2|1|2|408000|1569|12552347|433653
1200000|1|6000|8|2|0|0|408000|1570|12560348|430415
1200000|1|6000|8|2|1|2|408000|1570|12560348|433529
1200000|1|6000|8|2|0|0|408000|1571|12568348|430622
1200000|1|6000|8|2|1|2|408000|1571|12568348|433939
1200000|1|6000|8|2|0|0|408000|1572|12576349|430623
1200000|1|6000|8|2|1|2|408000|1572|12576349|433981
1200000|1|6000|8|2|0|0|408000|1573|12584350|431689
1200000|1|6000|8|2|1|2|408000|1573|12584350|434923
1200000|1|6000|8|2|0|0|408000|1574|12592351|431236
1200000|1|6000|8|2|1|2|408000|1574|12592351|434679
1200000|1|6000|8|2|0|0|408000|1575|12600352|431362
1200000|1|6000|8|2|1|2|408000|1575|12600352|434022
1200000|1|6000|8|2|0|0|408000|1576|12608351|431198
1200000|1|6000|8|2|1|2|408000|1576|12608351|434432
1200000|1|6000|8|2|0|0|408000|1577|12616351|431730
1200000|1|6000|8|2|1|2|408000|1577|12616351|434839
1200000|1|6000|8|2|0|0|408000|1578|12624351|431893
1200000|1|6000|8|2|1|2|408000|1578|12624351|434924
1200000|1|6000|8|2|0|0|408000|1579|12632351|431685
1200000|1|6000|8|2|1|2|408000|1579|12632351|434678
1200000|1|6000|8|2|0|0|408000|1580|12640350|432795
1200000|1|6000|8|2|1|2|408000|1580|12640350|434556
1200000|1|6000|8|2|0|0|408000|1581|12648350|433739
1200000|1|6000|8|2|1|2|408000|1581|12648350|434843
1200000|1|6000|8|2|0|0|408000|1582|12656350|435746
1200000|1|6000|8|2|1|2|408000|1582|12656350|435088
1200000|1|6000|8|2|0|0|408000|1583|12664350|437184
1200000|1|6000|8|2|1|2|408000|1583|12664350|434800
1200000|1|6000|8|2|0|0|408000|1584|12672350|438329
1200000|1|6000|8|2|1|2|408000|1584|12672350|435005
1200000|1|6000|8|2|0|0|408000|1585|12680350|439314
1200000|1|6000|8|2|1|2|408000|1585|12680350|434883
1200000|1|6000|8|2|0|0|408000|1586|12688349|440586
1200000|1|6000|8|2|1|2|408000|1586|12688349|435170
1200000|1|6000|8|2|0|0|408000|1587|12696349|440872
1200000|1|6000|8|2|1|2|408000|1587|12696349|434800
1200000|1|6000|8|2|0|0|408000|1588|12704349|440667
1200000|1|6000|8|2|1|2|408000|1588|12704349|434842
1200000|1|6000|8|2|0|0|408000|1589|12712349|440627
1200000|1|6000|8|2|1|2|408000|1589|12712349|434062
1200000|1|6000|8|2|0|0|408000|1590|12720347|441120
1200000|1|6000|8|2|1|2|408000|1590|12720347|434471
1200000|1|6000|8|2|0|0|408000|1591|12728347|441567
1200000|1|6000|8|2|1|2|408000|1591|12728347|433818
1200000|1|6000|8|2|0|0|408000|1592|12736348|442512
1200000|1|6000|8|2|1|2|408000|1592|12736348|433815
1200000|1|6000|8|2|0|0|408000|1593|12744348|443496
1200000|1|6000|8|2|1|2|408000|1593|12744348|434224
1200000|1|6000|8|2|0|0|408000|1594|12752350|443661
1200000|1|6000|8|2|1|2|408000|1594|12752350|434309
1200000|1|6000|8|2|0|0|408000|1595|12760351|443662
1200000|1|6000|8|2|1|2|408000|1595|12760351|434472
1200000|1|6000|8|2|0|0|408000|1596|12768352|443742
1200000|1|6000|8|2|1|2|408000|1596|12768352|434513
1200000|1|6000|8|2|0|0|408000|1597|12776352|443865
1200000|1|6000|8|2|1|2|408000|1597|12776352|434514
1200000|1|6000|8|2|0|0|408000|1598|12784353|443620
1200000|1|6000|8|2|1|2|408000|1598|12784353|434268
1200000|1|6000|8|2|0|0|408000|1599|12792353|444026
1200000|1|6000|8|2|1|2|408000|1599|12792353|435008
1200000|1|6000|8|2|0|0|408000|1600|12800353|443824
1200000|1|6000|8|2|1|2|408000|1600|12800353|435375
1200000|1|6000|8|2|0|0|408000|1601|12808353|443661
1200000|1|6000|8|2|1|2|408000|1601|12808353|435335
1200000|1|6000|8|2|0|0|408000|1602|12816353|443947
1200000|1|6000|8|2|1|2|408000|1602|12816353|435498
1200000|1|6000|8|2|0|0|408000|1603|12824353|443948
1200000|1|6000|8|2|1|2|408000|1603|12824353|435827
1200000|1|6000|8|2|0|0|408000|1604|12832353|444768
1200000|1|6000|8|2|1|2|408000|1604|12832353|435579
1200000|1|6000|8|2|0|0|408000|1605|12840353|444400
1200000|1|6000|8|2|1|2|408000|1605|12840353|435868
1200000|1|6000|8|2|0|0|408000|1606|12848352|445175
1200000|1|6000|8|2|1|2|408000|1606|12848352|435334
1200000|1|6000|8|2|0|0|408000|1607|12856353|445177
1200000|1|6000|8|2|1|2|408000|1607|12856353|435335
1200000|1|6000|8|2|0|0|408000|1608|12864353|446079
1200000|1|6000|8|2|1|2|408000|1608|12864353|435620
1200000|1|6000|8|2|0|0|408000|1609|12872354|446040
1200000|1|6000|8|2|1|2|408000|1609|12872354|435577
1200000|1|6000|8|2|0|0|408000|1610|12880355|446366
1200000|1|6000|8|2|1|2|408000|1610|12880355|435825
1200000|1|6000|8|2|0|0|408000|1611|12888355|445834
1200000|1|6000|8|2|1|2|408000|1611|12888355|435579
1200000|1|6000|8|2|0|0|408000|1612|12896356|445463
1200000|1|6000|8|2|1|2|408000|1612|12896356|435908
1200000|1|6000|8|2|0|0|408000|1613|12904356|445384
1200000|1|6000|8|2|1|2|408000|1613|12904356|436193
1200000|1|6000|8|2|0|0|408000|1614|12912357|444767
1200000|1|6000|8|2|1|2|408000|1614|12912357|436480
1200000|1|6000|8|2|0|0|408000|1615|12920357|444314
1200000|1|6000|8|2|1|2|408000|1615|12920357|436770
1200000|1|6000|8|2|0|0|408000|1616|12928358|443989
1200000|1|6000|8|2|1|2|408000|1616|12928358|436683
1200000|1|6000|8|2|0|0|408000|1617|12936358|443207
1200000|1|6000|8|2|1|2|408000|1617|12936358|436360
1200000|1|6000|8|2|0|0|408000|1618|12944358|442349
1200000|1|6000|8|2|1|2|408000|1618|12944358|435618
1200000|1|6000|8|2|0|0|408000|1619|12952357|442226
1200000|1|6000|8|2|1|2|408000|1619|12952357|435784
1200000|1|6000|8|2|0|0|408000|1620|12960357|441976
1200000|1|6000|8|2|1|2|408000|1620|12960357|435785
1200000|1|6000|8|2|0|0|408000|1621|12968357|441568
1200000|1|6000|8|2|1|2|408000|1621|12968357|435541
1200000|1|6000|8|2|0|0|408000|1622|12976357|440955
1200000|1|6000|8|2|1|2|408000|1622|12976357|434514
1200000|1|6000|8|2|0|0|408000|1623|12984356|440585
1200000|1|6000|8|2|1|2|408000|1623|12984356|434104
1200000|1|6000|8|2|0|0|408000|1624|12992355|440420
1200000|1|6000|8|2|1|2|408000|1624|12992355|433568
1200000|1|6000|8|2|0|0|408000|1625|13000354|440791
1200000|1|6000|8|2|1|2|408000|1625|13000354|433981
1200000|1|6000|8|2|0|0|408000|1626|13008355|441406
1200000|1|6000|8|2|1|2|408000|1626|13008355|433937
1200000|1|6000|8|2|0|0|408000|1627|13016355|441159
1200000|1|6000|8|2|1|2|408000|1627|13016355|434101
1200000|1|6000|8|2|0|0|408000|1628|13024356|441405
1200000|1|6000|8|2|1|2|408000|1628|13024356|433488
1200000|1|6000|8|2|0|0|408000|1629|13032356|441326
1200000|1|6000|8|2|1|2|408000|1629|13032356|432586
1200000|1|6000|8|2|0|0|408000|1630|13040356|441281
1200000|1|6000|8|2|1|2|408000|1630|13040356|431890
1200000|1|6000|8|2|0|0|408000|1631|13048357|441120
1200000|1|6000|8|2|1|2|408000|1631|13048357|431067
1200000|1|6000|8|2|0|0|408000|1632|13056357|440914
1200000|1|6000|8|2|1|2|408000|1632|13056357|430452
1200000|1|6000|8|2|0|0|408000|1633|13064357|441078
1200000|1|6000|8|2|1|2|408000|1633|13064357|429717
1200000|1|6000|8|2|0|0|408000|1634|13072356|441365
1200000|1|6000|8|2|1|2|408000|1634|13072356|429552
1200000|1|6000|8|2|0|0|408000|1635|13080357|441939
1200000|1|6000|8|2|1|2|408000|1635|13080357|428934
1200000|1|6000|8|2|0|0|408000|1636|13088357|441898
1200000|1|6000|8|2|1|2|408000|1636|13088357|428692
1200000|1|6000|8|2|0|0|408000|1637|13096357|442144
1200000|1|6000|8|2|1|2|408000|1637|13096357|428815
1200000|1|6000|8|2|0|0|408000|1638|13104358|441938
1200000|1|6000|8|2|1|2|408000|1638|13104358|428036
1200000|1|6000|8|2|0|0|408000|1639|13112358|441816
1200000|1|6000|8|2|1|2|408000|1639|13112358|427996
1200000|1|6000|8|2|0|0|408000|1640|13120358|441366
1200000|1|6000|8|2|1|2|408000|1640|13120358|426970
1200000|1|6000|8|2|0|0|408000|1641|13128357|441281
1200000|1|6000|8|2|1|2|408000|1641|13128357|425821
1200000|1|6000|8|2|0|0|408000|1642|13136357|441241
1200000|1|6000|8|2|1|2|408000|1642|13136357|425370
1200000|1|6000|8|2|0|0|408000|1643|13144356|441115
1200000|1|6000|8|2|1|2|408000|1643|13144356|424264
1200000|1|6000|8|2|0|0|408000|1644|13152356|441033
1200000|1|6000|8|2|1|2|408000|1644|13152356|422870
1200000|1|6000|8|2|0|0|408000|1645|13160355|441039
1200000|1|6000|8|2|1|2|408000|1645|13160355|421803
1200000|1|6000|8|2|0|0|408000|1646|13168355|441077
1200000|1|6000|8|2|1|2|408000|1646|13168355|420614
1200000|1|6000|8|2|0|0|408000|1647|13176354|441569
1200000|1|6000|8|2|1|2|408000|1647|13176354|420534
1200000|1|6000|8|2|0|0|408000|1648|13184354|441283
1200000|1|6000|8|2|1|2|408000|1648|13184354|419343
1200000|1|6000|8|2|0|0|408000|1649|13192354|440585
1200000|1|6000|8|2|1|2|408000|1649|13192354|419220
1200000|1|6000|8|2|0|0|408000|1650|13200355|440053
1200000|1|6000|8|2|1|2|408000|1650|13200355|418811
1200000|1|6000|8|2|0|0|408000|1651|13208355|439439
1200000|1|6000|8|2|1|2|408000|1651|13208355|417823
1200000|1|6000|8|2|0|0|408000|1652|13216355|438904
1200000|1|6000|8|2|1|2|408000|1652|13216355|417007
1200000|1|6000|8|2|0|0|408000|1653|13224355|438781
1200000|1|6000|8|2|1|2|408000|1653|13224355|415899
1200000|1|6000|8|2|0|0|408000|1654|13232355|438412
1200000|1|6000|8|2|1|2|408000|1654|13232355|414915
1200000|1|6000|8|2|0|0|408000|1655|13240355|439109
1200000|1|6000|8|2|1|2|408000|1655|13240355|413808
1200000|1|6000|8|2|0|0|408000|1656|13248355|440667
1200000|1|6000|8|2|1|2|408000|1656|13248355|413070
1200000|1|6000|8|2|0|0|408000|1657|13256355|440993
1200000|1|6000|8|2|1|2|408000|1657|13256355|412372
1200000|1|6000|8|2|0|0|408000|1658|13264355|441856
1200000|1|6000|8|2|1|2|408000|1658|13264355|412253
1200000|1|6000|8|2|0|0|408000|1659|13272356|442349
1200000|1|6000|8|2|1|2|408000|1659|13272356|412292
1200000|1|6000|8|2|0|0|408000|1660|13280356|442962
1200000|1|6000|8|2|1|2|408000|1660|13280356|412620
1200000|1|6000|8|2|0|0|408000|1661|13288357|444111
1200000|1|6000|8|2|1|2|408000|1661|13288357|413644
1200000|1|6000|8|2|0|0|408000|1662|13296358|443866
1200000|1|6000|8|2|1|2|408000|1662|13296358|413195
1200000|1|6000|8|2|0|0|408000|1663|13304358|443946
1200000|1|6000|8|2|1|2|408000|1663|13304358|413194
1200000|1|6000|8|2|0|0|408000|1664|13312358|444113
1200000|1|6000|8|2|1|2|408000|1664|13312358|412864
1200000|1|6000|8|2|0|0|408000|1665|13320359|445179
1200000|1|6000|8|2|1|2|408000|1665|13320359|413112
1200000|1|6000|8|2|0|0|408000|1666|13328360|445835
1200000|1|6000|8|2|1|2|408000|1666|13328360|413153
1200000|1|6000|8|2|0|0|408000|1667|13336360|446158
1200000|1|6000|8|2|1|2|408000|1667|13336360|413890
1200000|1|6000|8|2|0|0|408000|1668|13344362|446530
1200000|1|6000|8|2|1|2|408000|1668|13344362|414219
1200000|1|6000|8|2|0|0|408000|1669|13352362|447637
1200000|1|6000|8|2|1|2|408000|1669|13352362|414956
1200000|1|6000|8|2|0|0|408000|1670|13360364|446981
1200000|1|6000|8|2|1|2|408000|1670|13360364|415121
1200000|1|6000|8|2|0|0|408000|1671|13368364|447311
1200000|1|6000|8|2|1|2|408000|1671|13368364|415163
1200000|1|6000|8|2|0|0|408000|1672|13376364|447023
1200000|1|6000|8|2|1|2|408000|1672|13376364|416021
1200000|1|6000|8|2|0|0|408000|1673|13384365|447474
1200000|1|6000|8|2|1|2|408000|1673|13384365|416187
1200000|1|6000|8|2|0|0|408000|1674|13392365|447599
1200000|1|6000|8|2|1|2|408000|1674|13392365|416145
1200000|1|6000|8|2|0|0|408000|1675|13400365|448050
1200000|1|6000|8|2|1|2|408000|1675|13400365|415612
1200000|1|6000|8|2|0|0|408000|1676|13408365|447964
1200000|1|6000|8|2|1|2|408000|1676|13408365|415695
1200000|1|6000|8|2|0|0|408000|1677|13416366|448578
1200000|1|6000|8|2|1|2|408000|1677|13416366|415858
1200000|1|6000|8|2|0|0|408000|1678|13424366|448415
1200000|1|6000|8|2|1|2|408000|1678|13424366|415569
1200000|1|6000|8|2|0|0|408000|1679|13432366|447558
1200000|1|6000|8|2|1|2|408000|1679|13432366|414915
1200000|1|6000|8|2|0|0|408000|1680|13440366|447679
1200000|1|6000|8|2|1|2|408000|1680|13440366|414873
1200000|1|6000|8|2|0|0|408000|1681|13448366|447348
1200000|1|6000|8|2|1|2|408000|1681|13448366|414915
1200000|1|6000|8|2|0|0|408000|1682|13456366|447556
1200000|1|6000|8|2|1|2|408000|1682|13456366|414917
1200000|1|6000|8|2|0|0|408000|1683|13464366|447063
1200000|1|6000|8|2|1|2|408000|1683|13464366|414836
1200000|1|6000|8|2|0|0|408000|1684|13472366|447432
1200000|1|6000|8|2|1|2|408000|1684|13472366|413687
1200000|1|6000|8|2|0|0|408000|1685|13480366|447596
1200000|1|6000|8|2|1|2|408000|1685|13480366|413563
1200000|1|6000|8|2|0|0|408000|1686|13488366|448376
1200000|1|6000|8|2|1|2|408000|1686|13488366|413359
1200000|1|6000|8|2|0|0|408000|1687|13496367|449320
1200000|1|6000|8|2|1|2|408000|1687|13496367|413358
1200000|1|6000|8|2|0|0|408000|1688|13504367|450096
1200000|1|6000|8|2|1|2|408000|1688|13504367|413438
1200000|1|6000|8|2|0|0|408000|1689|13512368|450754
1200000|1|6000|8|2|1|2|408000|1689|13512368|413805
1200000|1|6000|8|2|0|0|408000|1690|13520370|451574
1200000|1|6000|8|2|1|2|408000|1690|13520370|414670
1200000|1|6000|8|2|0|0|408000|1691|13528371|452394
1200000|1|6000|8|2|1|2|408000|1691|13528371|414712
1200000|1|6000|8|2|0|0|408000|1692|13536372|452271
1200000|1|6000|8|2|1|2|408000|1692|13536372|415244
1200000|1|6000|8|2|0|0|408000|1693|13544373|451573
1200000|1|6000|8|2|1|2|408000|1693|13544373|414631
1200000|1|6000|8|2|0|0|408000|1694|13552373|451078
1200000|1|6000|8|2|1|2|408000|1694|13552373|414585
1200000|1|6000|8|2|0|0|408000|1695|13560373|450465
1200000|1|6000|8|2|1|2|408000|1695|13560373|414465
1200000|1|6000|8|2|0|0|408000|1696|13568373|450140
1200000|1|6000|8|2|1|2|408000|1696|13568373|414834
1200000|1|6000|8|2|0|0|408000|1697|13576374|449850
1200000|1|6000|8|2|1|2|408000|1697|13576374|414707
1200000|1|6000|8|2|0|0|408000|1698|13584373|449605
1200000|1|6000|8|2|1|2|408000|1698|13584373|414629
1200000|1|6000|8|2|0|0|408000|1699|13592372|449442
1200000|1|6000|8|2|1|2|408000|1699|13592372|414670
1200000|1|6000|8|2|0|0|408000|1700|13600372|450222
1200000|1|6000|8|2|1|2|408000|1700|13600372|414876
1200000|1|6000|8|2|0|0|408000|1701|13608372|450138
1200000|1|6000|8|2|1|2|408000|1701|13608372|415244
1200000|1|6000|8|2|0|0|408000|1702|13616372|450097
1200000|1|6000|8|2|1|2|408000|1702|13616372|416103
1200000|1|6000|8|2|0|0|408000|1703|13624374|449892
1200000|1|6000|8|2|1|2|408000|1703|13624374|416758
1200000|1|6000|8|2|0|0|408000|1704|13632374|450057
1200000|1|6000|8|2|1|2|408000|1704|13632374|417499
1200000|1|6000|8|2|0|0|408000|1705|13640375|449890
1200000|1|6000|8|2|1|2|408000|1705|13640375|418401
1200000|1|6000|8|2|0|0|408000|1706|13648376|449976
1200000|1|6000|8|2|1|2|408000|1706|13648376|419505
1200000|1|6000|8|2|0|0|408000|1707|13656377|449934
1200000|1|6000|8|2|1|2|408000|1707|13656377|420450
1200000|1|6000|8|2|0|0|408000|1708|13664378|450057
1200000|1|6000|8|2|1|2|408000|1708|13664378|420778
1200000|1|6000|8|2|0|0|408000|1709|13672378|450300
1200000|1|6000|8|2|1|2|408000|1709|13672378|421927
1200000|1|6000|8|2|0|0|408000|1710|13680379|450176
1200000|1|6000|8|2|1|2|408000|1710|13680379|422132
1200000|1|6000|8|2|0|0|408000|1711|13688380|450097
1200000|1|6000|8|2|1|2|408000|1711|13688380|422708
1200000|1|6000|8|2|0|0|408000|1712|13696380|449441
1200000|1|6000|8|2|1|2|408000|1712|13696380|423484
1200000|1|6000|8|2|0|0|408000|1713|13704380|449525
1200000|1|6000|8|2|1|2|408000|1713|13704380|425002
1200000|1|6000|8|2|0|0|408000|1714|13712382|449279
1200000|1|6000|8|2|1|2|408000|1714|13712382|426190
1200000|1|6000|8|2|0|0|408000|1715|13720384|448455
1200000|1|6000|8|2|1|2|408000|1715|13720384|427380
1200000|1|6000|8|2|0|0|408000|1716|13728384|447433
1200000|1|6000|8|2|1|2|408000|1716|13728384|427380
1200000|1|6000|8|2|0|0|408000|1717|13736384|446653
1200000|1|6000|8|2|1|2|408000|1717|13736384|428610
1200000|1|6000|8|2|0|0|408000|1718|13744385|446407
1200000|1|6000|8|2|1|2|408000|1718|13744385|428158
1200000|1|6000|8|2|0|0|408000|1719|13752385|445466
1200000|1|6000|8|2|1|2|408000|1719|13752385|428037
1200000|1|6000|8|2|0|0|408000|1720|13760385|444891
1200000|1|6000|8|2|1|2|408000|1720|13760385|427912
1200000|1|6000|8|2|0|0|408000|1721|13768386|444441
1200000|1|6000|8|2|1|2|408000|1721|13768386|428774
1200000|1|6000|8|2|0|0|408000|1722|13776387|443868
1200000|1|6000|8|2|1|2|408000|1722|13776387|429306
1200000|1|6000|8|2|0|0|408000|1723|13784388|443496
1200000|1|6000|8|2|1|2|408000|1723|13784388|430660
1200000|1|6000|8|2|0|0|408000|1724|13792390|441652
1200000|1|6000|8|2|1|2|408000|1724|13792390|430369
1200000|1|6000|8|2|0|0|408000|1725|13800389|440914
1200000|1|6000|8|2|1|2|408000|1725|13800389|430251
1200000|1|6000|8|2|0|0|408000|1726|13808389|438780
1200000|1|6000|8|2|1|2|408000|1726|13808389|430168
1200000|1|6000|8|2|0|0|408000|1727|13816388|437302
1200000|1|6000|8|2|1|2|408000|1727|13816388|429716
1200000|1|6000|8|2|0|0|408000|1728|13824388|436323
1200000|1|6000|8|2|1|2|408000|1728|13824388|429308
1200000|1|6000|8|2|0|0|408000|1729|13832387|434637
1200000|1|6000|8|2|1|2|408000|1729|13832387|428445
1200000|1|6000|8|2|0|0|408000|1730|13840387|433164
1200000|1|6000|8|2|1|2|408000|1730|13840387|428035
1200000|1|6000|8|2|0|0|408000|1731|13848386|432919
1200000|1|6000|8|2|1|2|408000|1731|13848386|427381
1200000|1|6000|8|2|0|0|408000|1732|13856386|431647
1200000|1|6000|8|2|1|2|408000|1732|13856386|427788
1200000|1|6000|8|2|0|0|408000|1733|13864387|430827
1200000|1|6000|8|2|1|2|408000|1733|13864387|427584
1200000|1|6000|8|2|0|0|408000|1734|13872387|428985
1200000|1|6000|8|2|1|2|408000|1734|13872387|427338
1200000|1|6000|8|2|0|0|408000|1735|13880387|427629
1200000|1|6000|8|2|1|2|408000|1735|13880387|427218
1200000|1|6000|8|2|0|0|408000|1736|13888387|426318
1200000|1|6000|8|2|1|2|408000|1736|13888387|427216
1200000|1|6000|8|2|0|0|408000|1737|13896387|424924
1200000|1|6000|8|2|1|2|408000|1737|13896387|427175
1200000|1|6000|8|2|0|0|408000|1738|13904387|423528
1200000|1|6000|8|2|1|2|408000|1738|13904387|426762
1200000|1|6000|8|2|0|0|408000|1739|13912387|422505
1200000|1|6000|8|2|1|2|408000|1739|13912387|426355
1200000|1|6000|8|2|0|0|408000|1740|13920387|421476
1200000|1|6000|8|2|1|2|408000|1740|13920387|426068
1200000|1|6000|8|2|0|0|408000|1741|13928387|420495
1200000|1|6000|8|2|1|2|408000|1741|13928387|426681
1200000|1|6000|8|2|0|0|408000|1742|13936387|419263
1200000|1|6000|8|2|1|2|408000|1742|13936387|426848
1200000|1|6000|8|2|0|0|408000|1743|13944389|418240
1200000|1|6000|8|2|1|2|408000|1743|13944389|426232
1200000|1|6000|8|2|0|0|408000|1744|13952389|417339
1200000|1|6000|8|2|1|2|408000|1744|13952389|425413
1200000|1|6000|8|2|0|0|408000|1745|13960388|416971
1200000|1|6000|8|2|1|2|408000|1745|13960388|424428
1200000|1|6000|8|2|0|0|408000|1746|13968388|417420
1200000|1|6000|8|2|1|2|408000|1746|13968388|423688
1200000|1|6000|8|2|0|0|408000|1747|13976388|417379
1200000|1|6000|8|2|1|2|408000|1747|13976388|423976
1200000|1|6000|8|2|0|0|408000|1748|13984390|417872
1200000|1|6000|8|2|1|2|408000|1748|13984390|423977
1200000|1|6000|8|2|0|0|408000|1749|13992389|418118
1200000|1|6000|8|2|1|2|408000|1749|13992389|423935
1200000|1|6000|8|2|0|0|408000|1750|14000390|418118
1200000|1|6000|8|2|1|2|408000|1750|14000390|423731
1200000|1|6000|8|2|0|0|408000|1751|14008390|418898
1200000|1|6000|8|2|1|2|408000|1751|14008390|423812
1200000|1|6000|8|2|0|0|408000|1752|14016391|418035
1200000|1|6000|8|2|1|2|408000|1752|14016391|423976
1200000|1|6000|8|2|0|0|408000|1753|14024391|417995
1200000|1|6000|8|2|1|2|408000|1753|14024391|424018
1200000|1|6000|8|2|0|0|408000|1754|14032392|416885
1200000|1|6000|8|2|1|2|408000|1754|14032392|423320
1200000|1|6000|8|2|0|0|408000|1755|14040392|417052
1200000|1|6000|8|2|1|2|408000|1755|14040392|422949
1200000|1|6000|8|2|0|0|408000|1756|14048392|416436
1200000|1|6000|8|2|1|2|408000|1756|14048392|422336
1200000|1|6000|8|2|0|0|408000|1757|14056392|417174
1200000|1|6000|8|2|1|2|408000|1757|14056392|422171
1200000|1|6000|8|2|0|0|408000|1758|14064391|416763
1200000|1|6000|8|2|1|2|408000|1758|14064391|422746
1200000|1|6000|8|2|0|0|408000|1759|14072392|416927
1200000|1|6000|8|2|1|2|408000|1759|14072392|422788
1200000|1|6000|8|2|0|0|408000|1760|14080393|417913
1200000|1|6000|8|2|1|2|408000|1760|14080393|423157
1200000|1|6000|8|2|0|0|408000|1761|14088393|418036
1200000|1|6000|8|2|1|2|408000|1761|14088393|423034
1200000|1|6000|8|2|0|0|408000|1762|14096393|418568
1200000|1|6000|8|2|1|2|408000|1762|14096393|423649
1200000|1|6000|8|2|0|0|408000|1763|14104394|418939
1200000|1|6000|8|2|1|2|408000|1763|14104394|424302
1200000|1|6000|8|2|0|0|408000|1764|14112395|419512
1200000|1|6000|8|2|1|2|408000|1764|14112395|425329
1200000|1|6000|8|2|0|0|408000|1765|14120396|420004
1200000|1|6000|8|2|1|2|408000|1765|14120396|425247
1200000|1|6000|8|2|0|0|408000|1766|14128396|420661
1200000|1|6000|8|2|1|2|408000|1766|14128396|425452
1200000|1|6000|8|2|0|0|408000|1767|14136396|420088
1200000|1|6000|8|2|1|2|408000|1767|14136396|425450
1200000|1|6000|8|2|0|0|408000|1768|14144398|419879
1200000|1|6000|8|2|1|2|408000|1768|14144398|426437
1200000|1|6000|8|2|0|0|408000|1769|14152398|419266
1200000|1|6000|8|2|1|2|408000|1769|14152398|426764
1200000|1|6000|8|2|0|0|408000|1770|14160399|418897
1200000|1|6000|8|2|1|2|408000|1770|14160399|427623
1200000|1|6000|8|2|0|0|408000|1771|14168400|418650
1200000|1|6000|8|2|1|2|408000|1771|14168400|427298
1200000|1|6000|8|2|0|0|408000|1772|14176401|418201
1200000|1|6000|8|2|1|2|408000|1772|14176401|427872
1200000|1|6000|8|2|0|0|408000|1773|14184402|418158
1200000|1|6000|8|2|1|2|408000|1773|14184402|427174
1200000|1|6000|8|2|0|0|408000|1774|14192401|417789
1200000|1|6000|8|2|1|2|408000|1774|14192401|427011
1200000|1|6000|8|2|0|0|408000|1775|14200402|418035
1200000|1|6000|8|2|1|2|408000|1775|14200402|426392
1200000|1|6000|8|2|0|0|408000|1776|14208401|416888
1200000|1|6000|8|2|1|2|408000|1776|14208401|425657
1200000|1|6000|8|2|0|0|408000|1777|14216401|417256
1200000|1|6000|8|2|1|2|408000|1777|14216401|425945
1200000|1|6000|8|2|0|0|408000|1778|14224402|416764
1200000|1|6000|8|2|1|2|408000|1778|14224402|425985
1200000|1|6000|8|2|0|0|408000|1779|14232402|416559
1200000|1|6000|8|2|1|2|408000|1779|14232402|426683
1200000|1|6000|8|2|0|0|408000|1780|14240402|415984
1200000|1|6000|8|2|1|2|408000|1780|14240402|426313
1200000|1|6000|8|2|0|0|408000|1781|14248403|415699
1200000|1|6000|8|2|1|2|408000|1781|14248403|426191
1200000|1|6000|8|2|0|0|408000|1782|14256402|414550
1200000|1|6000|8|2|1|2|408000|1782|14256402|425576
1200000|1|6000|8|2|0|0|408000|1783|14264402|414795
1200000|1|6000|8|2|1|2|408000|1783|14264402|426148
1200000|1|6000|8|2|0|0|408000|1784|14272402|414223
1200000|1|6000|8|2|1|2|408000|1784|14272402|426232
1200000|1|6000|8|2|0|0|408000|1785|14280402|413813
1200000|1|6000|8|2|1|2|408000|1785|14280402|427380
1200000|1|6000|8|2|0|0|408000|1786|14288404|413690
1200000|1|6000|8|2|1|2|408000|1786|14288404|427871
1200000|1|6000|8|2|0|0|408000|1787|14296405|412950
1200000|1|6000|8|2|1|2|408000|1787|14296405|428527
1200000|1|6000|8|2|0|0|408000|1788|14304406|412665
1200000|1|6000|8|2|1|2|408000|1788|14304406|429182
1200000|1|6000|8|2|0|0|408000|1789|14312407|412502
1200000|1|6000|8|2|1|2|408000|1789|14312407|429431
1200000|1|6000|8|2|0|0|408000|1790|14320408|411517
1200000|1|6000|8|2|1|2|408000|1790|14320408|430618
1200000|1|6000|8|2|0|0|408000|1791|14328410|409918
1200000|1|6000|8|2|1|2|408000|1791|14328410|430210
1200000|1|6000|8|2|0|0|408000|1792|14336410|408439
1200000|1|6000|8|2|1|2|408000|1792|14336410|431476
1200000|1|6000|8|2|0|0|408000|1793|14344413|406801
1200000|1|6000|8|2|1|2|408000|1793|14344413|431646
1200000|1|6000|8|2|0|0|408000|1794|14352414|405654
1200000|1|6000|8|2|1|2|408000|1794|14352414|432259
1200000|1|6000|8|2|0|0|408000|1795|14360416|404793
1200000|1|6000|8|2|1|2|408000|1795|14360416|433776
1200000|1|6000|8|2|0|0|408000|1796|14368419|403480
1200000|1|6000|8|2|1|2|408000|1796|14368419|434267
1200000|1|6000|8|2|0|0|408000|1797|14376421|403071
1200000|1|6000|8|2|1|2|408000|1797|14376421|435292
1200000|1|6000|8|2|0|0|408000|1798|14384423|403071
1200000|1|6000|8|2|1|2|408000|1798|14384423|436976
1200000|1|6000|8|2|0|0|408000|1799|14392426|403603
1200000|1|6000|8|2|1|2|408000|1799|14392426|437585
1200000|1|6000|8|2|0|0|408000|1800|14400427|403111
1200000|1|6000|8|2|1|2|408000|1800|14400427|438204
1200000|1|6000|8|2|0|0|408000|1801|14408428|402907
1200000|1|6000|8|2|1|2|408000|1801|14408428|438534
1200000|1|6000|8|2|0|0|408000|1802|14416429|402207
1200000|1|6000|8|2|1|2|408000|1802|14416429|438738
1200000|1|6000|8|2|0|0|408000|1803|14424430|401925
1200000|1|6000|8|2|1|2|408000|1803|14424430|439307
1200000|1|6000|8|2|0|0|408000|1804|14432431|401550
1200000|1|6000|8|2|1|2|408000|1804|14432431|439721
1200000|1|6000|8|2|0|0|408000|1805|14440432|401840
1200000|1|6000|8|2|1|2|408000|1805|14440432|440336
1200000|1|6000|8|2|0|0|408000|1806|14448433|402576
1200000|1|6000|8|2|1|2|408000|1806|14448433|441155
1200000|1|6000|8|2|0|0|408000|1807|14456434|402414
1200000|1|6000|8|2|1|2|408000|1807|14456434|441034
1200000|1|6000|8|2|0|0|408000|1808|14464434|403112
1200000|1|6000|8|2|1|2|408000|1808|14464434|440787
1200000|1|6000|8|2|0|0|408000|1809|14472434|403072
1200000|1|6000|8|2|1|2|408000|1809|14472434|440870
1200000|1|6000|8|2|0|0|408000|1810|14480435|404015
1200000|1|6000|8|2|1|2|408000|1810|14480435|441608
1200000|1|6000|8|2|0|0|408000|1811|14488435|404300
1200000|1|6000|8|2|1|2|408000|1811|14488435|441648
1200000|1|6000|8|2|0|0|408000|1812|14496436|405122
1200000|1|6000|8|2|1|2|408000|1812|14496436|443082
1200000|1|6000|8|2|0|0|408000|1813|14504437|406145
1200000|1|6000|8|2|1|2|408000|1813|14504437|442425
1200000|1|6000|8|2|0|0|408000|1814|14512437|406922
1200000|1|6000|8|2|1|2|408000|1814|14512437|441768
1200000|1|6000|8|2|0|0|408000|1815|14520437|408361
1200000|1|6000|8|2|1|2|408000|1815|14520437|440951
1200000|1|6000|8|2|0|0|408000|1816|14528436|409425
1200000|1|6000|8|2|1|2|408000|1816|14528436|440008
1200000|1|6000|8|2|0|0|408000|1817|14536435|410368
1200000|1|6000|8|2|1|2|408000|1817|14536435|439352
1200000|1|6000|8|2|0|0|408000|1818|14544434|411188
1200000|1|6000|8|2|1|2|408000|1818|14544434|438820
1200000|1|6000|8|2|0|0|408000|1819|14552434|412049
1200000|1|6000|8|2|1|2|408000|1819|14552434|437712
1200000|1|6000|8|2|0|0|408000|1820|14560432|412091
1200000|1|6000|8|2|1|2|408000|1820|14560432|437466
1200000|1|6000|8|2|0|0|408000|1821|14568432|412745
1200000|1|6000|8|2|1|2|408000|1821|14568432|437749
1200000|1|6000|8|2|0|0|408000|1822|14576431|412827
1200000|1|6000|8|2|1|2|408000|1822|14576431|438367
1200000|1|6000|8|2|0|0|408000|1823|14584433|413198
1200000|1|6000|8|2|1|2|408000|1823|14584433|439106
1200000|1|6000|8|2|0|0|408000|1824|14592433|413321
1200000|1|6000|8|2|1|2|408000|1824|14592433|439515
1200000|1|6000|8|2|0|0|408000|1825|14600434|414386
1200000|1|6000|8|2|1|2|408000|1825|14600434|439886
1200000|1|6000|8|2|0|0|408000|1826|14608434|414796
1200000|1|6000|8|2|1|2|408000|1826|14608434|439844
1200000|1|6000|8|2|0|0|408000|1827|14616434|414714
1200000|1|6000|8|2|1|2|408000|1827|14616434|440500
1200000|1|6000|8|2|0|0|408000|1828|14624435|413855
1200000|1|6000|8|2|1|2|408000|1828|14624435|440045
1200000|1|6000|8|2|0|0|408000|1829|14632435|413526
1200000|1|6000|8|2|1|2|408000|1829|14632435|439105
1200000|1|6000|8|2|0|0|408000|1830|14640434|413727
1200000|1|6000|8|2|1|2|408000|1830|14640434|438858
1200000|1|6000|8|2|0|0|408000|1831|14648434|413321
1200000|1|6000|8|2|1|2|408000|1831|14648434|439271
1200000|1|6000|8|2|0|0|408000|1832|14656434|412829
1200000|1|6000|8|2|1|2|408000|1832|14656434|439432
1200000|1|6000|8|2|0|0|408000|1833|14664435|412295
1200000|1|6000|8|2|1|2|408000|1833|14664435|438897
1200000|1|6000|8|2|0|0|408000|1834|14672435|412048
1200000|1|6000|8|2|1|2|408000|1834|14672435|438941
1200000|1|6000|8|2|0|0|408000|1835|14680435|412131
1200000|1|6000|8|2|1|2|408000|1835|14680435|439024
1200000|1|6000|8|2|0|0|408000|1836|14688435|411476
1200000|1|6000|8|2|1|2|408000|1836|14688435|438693
1200000|1|6000|8|2|0|0|408000|1837|14696435|411187
1200000|1|6000|8|2|1|2|408000|1837|14696435|438162
1200000|1|6000|8|2|0|0|408000|1838|14704434|410493
1200000|1|6000|8|2|1|2|408000|1838|14704434|436890
1200000|1|6000|8|2|0|0|408000|1839|14712433|409876
1200000|1|6000|8|2|1|2|408000|1839|14712433|436277
1200000|1|6000|8|2|0|0|408000|1840|14720432|409796
1200000|1|6000|8|2|1|2|408000|1840|14720432|435457
1200000|1|6000|8|2|0|0|408000|1841|14728430|409632
1200000|1|6000|8|2|1|2|408000|1841|14728430|435293
1200000|1|6000|8|2|0|0|408000|1842|14736430|409591
1200000|1|6000|8|2|1|2|408000|1842|14736430|433651
1200000|1|6000|8|2|0|0|408000|1843|14744428|409386
1200000|1|6000|8|2|1|2|408000|1843|14744428|434064
1200000|1|6000|8|2|0|0|408000|1844|14752427|409056
1200000|1|6000|8|2|1|2|408000|1844|14752427|433693
1200000|1|6000|8|2|0|0|408000|1845|14760427|408728
1200000|1|6000|8|2|1|2|408000|1845|14760427|434637
1200000|1|6000|8|2|0|0|408000|1846|14768428|408278
1200000|1|6000|8|2|1|2|408000|1846|14768428|435744
1200000|1|6000|8|2|0|0|408000|1847|14776428|406597
1200000|1|6000|8|2|1|2|408000|1847|14776428|437588
1200000|1|6000|8|2|0|0|408000|1848|14784427|405859
1200000|1|6000|8|2|1|2|408000|1848|14784427|440050
1200000|1|6000|8|2|0|0|408000|1849|14792427|405244
1200000|1|6000|8|2|1|2|408000|1849|14792427|441811
1200000|1|6000|8|2|0|0|408000|1850|14800427|406147
1200000|1|6000|8|2|1|2|408000|1850|14800427|444231
1200000|1|6000|8|2|0|0|408000|1851|14808427|405978
1200000|1|6000|8|2|1|2|408000|1851|14808427|446239
1200000|1|6000|8|2|0|0|408000|1852|14816427|405981
1200000|1|6000|8|2|1|2|408000|1852|14816427|448331
1200000|1|6000|8|2|0|0|408000|1853|14824426|406063
1200000|1|6000|8|2|1|2|408000|1853|14824426|449520
1200000|1|6000|8|2|0|0|408000|1854|14832426|405529
1200000|1|6000|8|2|1|2|408000|1854|14832426|450504
1200000|1|6000|8|2|0|0|408000|1855|14840425|406105
1200000|1|6000|8|2|1|2|408000|1855|14840425|451816
1200000|1|6000|8|2|0|0|408000|1856|14848425|405940
1200000|1|6000|8|2|1|2|408000|1856|14848425|453621
1200000|1|6000|8|2|0|0|408000|1857|14856426|405366
1200000|1|6000|8|2|1|2|408000|1857|14856426|455628
1200000|1|6000|8|2|0|0|408000|1858|14864426|404260
1200000|1|6000|8|2|1|2|408000|1858|14864426|457514
1200000|1|6000|8|2|0|0|408000|1859|14872426|404383
1200000|1|6000|8|2|1|2|408000|1859|14872426|458950
1200000|1|6000|8|2|0|0|408000|1860|14880425|403728
1200000|1|6000|8|2|1|2|408000|1860|14880425|460753
1200000|1|6000|8|2|0|0|408000|1861|14888425|403767
1200000|1|6000|8|2|1|2|408000|1861|14888425|461656
1200000|1|6000|8|2|0|0|408000|1862|14896425|403523
1200000|1|6000|8|2|1|2|408000|1862|14896425|463252
1200000|1|6000|8|2|0|0|408000|1863|14904425|403068
1200000|1|6000|8|2|1|2|408000|1863|14904425|464320
1200000|1|6000|8|2|0|0|408000|1864|14912425|402251
1200000|1|6000|8|2|1|2|408000|1864|14912425|465263
1200000|1|6000|8|2|0|0|408000|1865|14920425|401554
1200000|1|6000|8|2|1|2|408000|1865|14920425|466822
1200000|1|6000|8|2|0|0|408000|1866|14928425|401185
1200000|1|6000|8|2|1|2|408000|1866|14928425|467848
1200000|1|6000|8|2|0|0|408000|1867|14936425|400693
1200000|1|6000|8|2|1|2|408000|1867|14936425|470183
1200000|1|6000|8|2|0|0|408000|1868|14944426|400734
1200000|1|6000|8|2|1|2|408000|1868|14944426|470594
1200000|1|6000|8|2|0|0|408000|1869|14952426|400405
1200000|1|6000|8|2|1|2|408000|1869|14952426|472190
1200000|1|6000|8|2|0|0|408000|1870|14960427|400446
1200000|1|6000|8|2|1|2|408000|1870|14960427|472643
1200000|1|6000|8|2|0|0|408000|1871|14968426|400447
1200000|1|6000|8|2|1|2|408000|1871|14968426|473585
1200000|1|6000|8|2|0|0|408000|1872|14976426|400815
1200000|1|6000|8|2|1|2|408000|1872|14976426|473752
1200000|1|6000|8|2|0|0|408000|1873|14984426|400895
1200000|1|6000|8|2|1|2|408000|1873|14984426|474736
1200000|1|6000|8|2|0|0|408000|1874|14992426|400447
1200000|1|6000|8|2|1|2|408000|1874|14992426|474039
1200000|1|6000|8|2|0|0|408000|1875|15000425|400038
1200000|1|6000|8|2|1|2|408000|1875|15000425|473668
1200000|1|6000|8|2|0|0|408000|1876|15008424|399422
1200000|1|6000|8|2|1|2|408000|1876|15008424|472726
1200000|1|6000|8|2|0|0|408000|1877|15016423|399257
1200000|1|6000|8|2|1|2|408000|1877|15016423|472192
1200000|1|6000|8|2|0|0|408000|1878|15024422|398846
1200000|1|6000|8|2|1|2|408000|1878|15024422|471085
1200000|1|6000|8|2|0|0|408000|1879|15032420|398273
1200000|1|6000|8|2|1|2|408000|1879|15032420|470512
1200000|1|6000|8|2|0|0|408000|1880|15040419|398025
1200000|1|6000|8|2|1|2|408000|1880|15040419|469486
1200000|1|6000|8|2|0|0|408000|1881|15048418|397985
1200000|1|6000|8|2|1|2|408000|1881|15048418|468954
1200000|1|6000|8|2|0|0|408000|1882|15056417|397946
1200000|1|6000|8|2|1|2|408000|1882|15056417|469527
1200000|1|6000|8|2|0|0|408000|1883|15064418|397331
1200000|1|6000|8|2|1|2|408000|1883|15064418|470101
1200000|1|6000|8|2|0|0|408000|1884|15072418|397413
1200000|1|6000|8|2|1|2|408000|1884|15072418|469896
1200000|1|6000|8|2|0|0|408000|1885|15080417|397617
1200000|1|6000|8|2|1|2|408000|1885|15080417|469607
1200000|1|6000|8|2|0|0|408000|1886|15088417|397495
1200000|1|6000|8|2|1|2|408000|1886|15088417|469569
1200000|1|6000|8|2|0|0|408000|1887|15096417|397287
1200000|1|6000|8|2|1|2|408000|1887|15096417|468749
1200000|1|6000|8|2|0|0|408000|1888|15104417|397332
1200000|1|6000|8|2|1|2|408000|1888|15104417|468994
1200000|1|6000|8|2|0|0|408000|1889|15112417|397824
1200000|1|6000|8|2|1|2|408000|1889|15112417|468464
1200000|1|6000|8|2|0|0|408000|1890|15120417|398272
1200000|1|6000|8|2|1|2|408000|1890|15120417|469200
1200000|1|6000|8|2|0|0|408000|1891|15128419|398808
1200000|1|6000|8|2|1|2|408000|1891|15128419|469772
1200000|1|6000|8|2|0|0|408000|1892|15136419|399213
1200000|1|6000|8|2|1|2|408000|1892|15136419|471168
1200000|1|6000|8|2|0|0|408000|1893|15144420|399626
1200000|1|6000|8|2|1|2|408000|1893|15144420|471988
1200000|1|6000|8|2|0|0|408000|1894|15152421|400119
1200000|1|6000|8|2|1|2|408000|1894|15152421|473054
1200000|1|6000|8|2|0|0|408000|1895|15160422|400201
1200000|1|6000|8|2|1|2|408000|1895|15160422|473545
1200000|1|6000|8|2|0|0|408000|1896|15168422|399993
1200000|1|6000|8|2|1|2|408000|1896|15168422|474160
1200000|1|6000|8|2|0|0|408000|1897|15176422|400283
1200000|1|6000|8|2|1|2|408000|1897|15176422|475309
1200000|1|6000|8|2|0|0|408000|1898|15184424|400447
1200000|1|6000|8|2|1|2|408000|1898|15184424|475227
1200000|1|6000|8|2|0|0|408000|1899|15192424|400856
1200000|1|6000|8|2|1|2|408000|1899|15192424|476703
1200000|1|6000|8|2|0|0|408000|1900|15200426|400773
1200000|1|6000|8|2|1|2|408000|1900|15200426|478014
1200000|1|6000|8|2|0|0|408000|1901|15208428|401430
1200000|1|6000|8|2|1|2|408000|1901|15208428|478959
1200000|1|6000|8|2|0|0|408000|1902|15216429|401063
1200000|1|6000|8|2|1|2|408000|1902|15216429|479861
1200000|1|6000|8|2|0|0|408000|1903|15224430|401962
1200000|1|6000|8|2|1|2|408000|1903|15224430|480925
1200000|1|6000|8|2|0|0|408000|1904|15232431|401676
1200000|1|6000|8|2|1|2|408000|1904|15232431|482688
1200000|1|6000|8|2|0|0|408000|1905|15240432|401716
1200000|1|6000|8|2|1|2|408000|1905|15240432|483632
1200000|1|6000|8|2|0|0|408000|1906|15248433|401145
1200000|1|6000|8|2|1|2|408000|1906|15248433|483590
1200000|1|6000|8|2|0|0|408000|1907|15256434|401269
1200000|1|6000|8|2|1|2|408000|1907|15256434|484123
1200000|1|6000|8|2|0|0|408000|1908|15264435|401103
1200000|1|6000|8|2|1|2|408000|1908|15264435|484204
1200000|1|6000|8|2|0|0|408000|1909|15272435|401430
1200000|1|6000|8|2|1|2|408000|1909|15272435|485272
1200000|1|6000|8|2|0|0|408000|1910|15280437|400939
1200000|1|6000|8|2|1|2|408000|1910|15280437|485230
1200000|1|6000|8|2|0|0|408000|1911|15288437|399705
1200000|1|6000|8|2|1|2|408000|1911|15288437|486131
1200000|1|6000|8|2|0|0|408000|1912|15296438|398275
1200000|1|6000|8|2|1|2|408000|1912|15296438|486256
1200000|1|6000|8|2|0|0|408000|1913|15304439|397126
1200000|1|6000|8|2|1|2|408000|1913|15304439|487526
1200000|1|6000|8|2|0|0|408000|1914|15312440|395651
1200000|1|6000|8|2|1|2|408000|1914|15312440|487770
1200000|1|6000|8|2|0|0|408000|1915|15320440|394379
1200000|1|6000|8|2|1|2|408000|1915|15320440|488183
1200000|1|6000|8|2|0|0|408000|1916|15328440|393068
1200000|1|6000|8|2|1|2|408000|1916|15328440|488593
1200000|1|6000|8|2|0|0|408000|1917|15336441|392494
1200000|1|6000|8|2|1|2|408000|1917|15336441|488798
1200000|1|6000|8|2|0|0|408000|1918|15344441|392163
1200000|1|6000|8|2|1|2|408000|1918|15344441|489290
1200000|1|6000|8|2|0|0|408000|1919|15352443|392289
1200000|1|6000|8|2|1|2|408000|1919|15352443|488841
1200000|1|6000|8|2|0|0|408000|1920|15360442|392164
1200000|1|6000|8|2|1|2|408000|1920|15360442|488264
1200000|1|6000|8|2|0|0|408000|1921|15368441|391915
1200000|1|6000|8|2|1|2|408000|1921|15368441|487280
1200000|1|6000|8|2|0|0|408000|1922|15376440|392041
1200000|1|6000|8|2|1|2|408000|1922|15376440|487278
1200000|1|6000|8|2|0|0|408000|1923|15384440|391466
1200000|1|6000|8|2|1|2|408000|1923|15384440|485763
1200000|1|6000|8|2|0|0|408000|1924|15392439|391550
1200000|1|6000|8|2|1|2|408000|1924|15392439|485434
1200000|1|6000|8|2|0|0|408000|1925|15400439|390851
1200000|1|6000|8|2|1|2|408000|1925|15400439|484572
1200000|1|6000|8|2|0|0|408000|1926|15408439|390935
1200000|1|6000|8|2|1|2|408000|1926|15408439|484779
1200000|1|6000|8|2|0|0|408000|1927|15416440|390726
1200000|1|6000|8|2|1|2|408000|1927|15416440|485026
1200000|1|6000|8|2|0|0|408000|1928|15424441|391057
1200000|1|6000|8|2|1|2|408000|1928|15424441|485887
1200000|1|6000|8|2|0|0|408000|1929|15432442|391018
1200000|1|6000|8|2|1|2|408000|1929|15432442|486542
1200000|1|6000|8|2|0|0|408000|1930|15440442|391179
1200000|1|6000|8|2|1|2|408000|1930|15440442|486173
1200000|1|6000|8|2|0|0|408000|1931|15448441|391386
1200000|1|6000|8|2|1|2|408000|1931|15448441|485518
1200000|1|6000|8|2|0|0|408000|1932|15456439|390893
1200000|1|6000|8|2|1|2|408000|1932|15456439|484616
1200000|1|6000|8|2|0|0|408000|1933|15464437|391344
1200000|1|6000|8|2|1|2|408000|1933|15464437|484081
1200000|1|6000|8|2|0|0|408000|1934|15472435|390280
1200000|1|6000|8|2|1|2|408000|1934|15472435|483551
1200000|1|6000|8|2|0|0|408000|1935|15480435|390771
1200000|1|6000|8|2|1|2|408000|1935|15480435|483672
1200000|1|6000|8|2|0|0|408000|1936|15488434|390688
1200000|1|6000|8|2|1|2|408000|1936|15488434|482278
1200000|1|6000|8|2|0|0|408000|1937|15496434|391140
1200000|1|6000|8|2|1|2|408000|1937|15496434|481870
1200000|1|6000|8|2|0|0|408000|1938|15504433|390975
1200000|1|6000|8|2|1|2|408000|1938|15504433|480802
1200000|1|6000|8|2|0|0|408000|1939|15512433|390893
1200000|1|6000|8|2|1|2|408000|1939|15512433|479982
1200000|1|6000|8|2|0|0|408000|1940|15520432|389992
1200000|1|6000|8|2|1|2|408000|1940|15520432|478834
1200000|1|6000|8|2|0|0|408000|1941|15528431|389910
1200000|1|6000|8|2|1|2|408000|1941|15528431|477478
1200000|1|6000|8|2|0|0|408000|1942|15536429|389377
1200000|1|6000|8|2|1|2|408000|1942|15536429|477441
1200000|1|6000|8|2|0|0|408000|1943|15544429|388840
1200000|1|6000|8|2|1|2|408000|1943|15544429|477768
1200000|1|6000|8|2|0|0|408000|1944|15552429|388311
1200000|1|6000|8|2|1|2|408000|1944|15552429|477892
1200000|1|6000|8|2|0|0|408000|1945|15560429|387656
1200000|1|6000|8|2|1|2|408000|1945|15560429|478508
1200000|1|6000|8|2|0|0|408000|1946|15568430|387533
1200000|1|6000|8|2|1|2|408000|1946|15568430|478673
1200000|1|6000|8|2|0|0|408000|1947|15576429|387327
1200000|1|6000|8|2|1|2|408000|1947|15576429|478834
1200000|1|6000|8|2|0|0|408000|1948|15584430|387654
1200000|1|6000|8|2|1|2|408000|1948|15584430|478836
1200000|1|6000|8|2|0|0|408000|1949|15592430|387080
1200000|1|6000|8|2|1|2|408000|1949|15592430|478547
1200000|1|6000|8|2|0|0|408000|1950|15600431|387159
1200000|1|6000|8|2|1|2|408000|1950|15600431|478260
1200000|1|6000|8|2|0|0|408000|1951|15608430|386709
1200000|1|6000|8|2|1|2|408000|1951|15608430|478216
1200000|1|6000|8|2|0|0|408000|1952|15616431|386298
1200000|1|6000|8|2|1|2|408000|1952|15616431|478586
1200000|1|6000|8|2|0|0|408000|1953|15624431|386093
1200000|1|6000|8|2|1|2|408000|1953|15624431|478342
1200000|1|6000|8|2|0|0|408000|1954|15632431|385113
1200000|1|6000|8|2|1|2|408000|1954|15632431|478220
1200000|1|6000|8|2|0|0|408000|1955|15640431|384495
1200000|1|6000|8|2|1|2|408000|1955|15640431|477932
1200000|1|6000|8|2|0|0|408000|1956|15648432|384990
1200000|1|6000|8|2|1|2|408000|1956|15648432|477603
1200000|1|6000|8|2|0|0|408000|1957|15656432|385438
1200000|1|6000|8|2|1|2|408000|1957|15656432|476990
1200000|1|6000|8|2|0|0|408000|1958|15664431|385851
1200000|1|6000|8|2|1|2|408000|1958|15664431|476704
1200000|1|6000|8|2|0|0|408000|1959|15672430|386506
1200000|1|6000|8|2|1|2|408000|1959|15672430|475841
1200000|1|6000|8|2|0|0|408000|1960|15680429|386711
1200000|1|6000|8|2|1|2|408000|1960|15680429|475310
1200000|1|6000|8|2|0|0|408000|1961|15688429|387163
1200000|1|6000|8|2|1|2|408000|1961|15688429|474816
1200000|1|6000|8|2|0|0|408000|1962|15696429|387695
1200000|1|6000|8|2|1|2|408000|1962|15696429|474736
1200000|1|6000|8|2|0|0|408000|1963|15704429|387410
1200000|1|6000|8|2|1|2|408000|1963|15704429|474282
1200000|1|6000|8|2|0|0|408000|1964|15712428|387652
1200000|1|6000|8|2|1|2|408000|1964|15712428|474407
1200000|1|6000|8|2|0|0|408000|1965|15720428|388226
1200000|1|6000|8|2|1|2|408000|1965|15720428|473339
1200000|1|6000|8|2|0|0|408000|1966|15728427|388270
1200000|1|6000|8|2|1|2|408000|1966|15728427|473463
1200000|1|6000|8|2|0|0|408000|1967|15736426|388595
1200000|1|6000|8|2|1|2|408000|1967|15736426|472685
1200000|1|6000|8|2|0|0|408000|1968|15744426|388680
1200000|1|6000|8|2|1|2|408000|1968|15744426|473095
1200000|1|6000|8|2|0|0|408000|1969|15752426|388762
1200000|1|6000|8|2|1|2|408000|1969|15752426|471907
1200000|1|6000|8|2|0|0|408000|1970|15760424|389092
1200000|1|6000|8|2|1|2|408000|1970|15760424|472070
1200000|1|6000|8|2|0|0|408000|1971|15768424|389542
1200000|1|6000|8|2|1|2|408000|1971|15768424|470921
1200000|1|6000|8|2|0|0|408000|1972|15776423|389620
1200000|1|6000|8|2|1|2|408000|1972|15776423|471823
1200000|1|6000|8|2|0|0|408000|1973|15784424|389910
1200000|1|6000|8|2|1|2|408000|1973|15784424|471455
1200000|1|6000|8|2|0|0|408000|1974|15792424|390567
1200000|1|6000|8|2|1|2|408000|1974|15792424|471287
1200000|1|6000|8|2|0|0|408000|1975|15800425|390685
1200000|1|6000|8|2|1|2|408000|1975|15800425|470757
1200000|1|6000|8|2|0|0|408000|1976|15808425|391016
1200000|1|6000|8|2|1|2|408000|1976|15808425|469978
1200000|1|6000|8|2|0|0|408000|1977|15816425|390648
1200000|1|6000|8|2|1|2|408000|1977|15816425|469568
1200000|1|6000|8|2|0|0|408000|1978|15824425|390566
1200000|1|6000|8|2|1|2|408000|1978|15824425|468954
1200000|1|6000|8|2|0|0|408000|1979|15832425|390566
1200000|1|6000|8|2|1|2|408000|1979|15832425|468133
1200000|1|6000|8|2|0|0|408000|1980|15840424|390894
1200000|1|6000|8|2|1|2|408000|1980|15840424|467354
1200000|1|6000|8|2|0|0|408000|1981|15848423|391181
1200000|1|6000|8|2|1|2|408000|1981|15848423|467395
1200000|1|6000|8|2|0|0|408000|1982|15856423|390850
1200000|1|6000|8|2|1|2|408000|1982|15856423|467149
1200000|1|6000|8|2|0|0|408000|1983|15864423|391426
1200000|1|6000|8|2|1|2|408000|1983|15864423|467027
1200000|1|6000|8|2|0|0|408000|1984|15872423|391549
1200000|1|6000|8|2|1|2|408000|1984|15872423|467067
1200000|1|6000|8|2|0|0|408000|1985|15880423|392041
1200000|1|6000|8|2|1|2|408000|1985|15880423|467270
1200000|1|6000|8|2|0|0|408000|1986|15888423|391920
1200000|1|6000|8|2|1|2|408000|1986|15888423|467437
1200000|1|6000|8|2|0|0|408000|1987|15896423|392411
1200000|1|6000|8|2|1|2|408000|1987|15896423|467560
1200000|1|6000|8|2|0|0|408000|1988|15904425|392453
1200000|1|6000|8|2|1|2|408000|1988|15904425|468628
1200000|1|6000|8|2|0|0|408000|1989|15912426|392780
1200000|1|6000|8|2|1|2|408000|1989|15912426|468256
1200000|1|6000|8|2|0|0|408000|1990|15920426|392328
1200000|1|6000|8|2|1|2|408000|1990|15920426|469487
1200000|1|6000|8|2|0|0|408000|1991|15928429|392862
1200000|1|6000|8|2|1|2|408000|1991|15928429|469360
1200000|1|6000|8|2|0|0|408000|1992|15936429|392820
1200000|1|6000|8|2|1|2|408000|1992|15936429|470554
1200000|1|6000|8|2|0|0|408000|1993|15944431|393026
1200000|1|6000|8|2|1|2|408000|1993|15944431|470677
1200000|1|6000|8|2|0|0|408000|1994|15952431|392739
1200000|1|6000|8|2|1|2|408000|1994|15952431|470431
1200000|1|6000|8|2|0|0|408000|1995|15960432|392247
1200000|1|6000|8|2|1|2|408000|1995|15960432|470102
1200000|1|6000|8|2|0|0|408000|1996|15968431|392123
1200000|1|6000|8|2|1|2|408000|1996|15968431|469527
1200000|1|6000|8|2|0|0|408000|1997|15976431|391549
1200000|1|6000|8|2|1|2|408000|1997|15976431|469857
1200000|1|6000|8|2|0|0|408000|1998|15984431|391917
1200000|1|6000|8|2|1|2|408000|1998|15984431|469568
1200000|1|6000|8|2|0|0|408000|1999|15992431|391386
1200000|1|6000|8|2|1|2|408000|1999|15992431|470060
1200000|1|6000|8|3|0|0|408000|0|0|397266
1200000|1|6000|8|3|1|2|408000|0|0|396671
1200000|1|6000|8|3|0|0|408000|1|7992|397823
1200000|1|6000|8|3|1|2|408000|1|7992|398146
1200000|1|6000|8|3|0|0|408000|2|15988|398684
1200000|1|6000|8|3|1|2|408000|2|15988|398348
1200000|1|6000|8|3|0|0|408000|3|23986|399012
1200000|1|6000|8|3|1|2|408000|3|23986|399008
1200000|1|6000|8|3|0|0|408000|4|31985|399708
1200000|1|6000|8|3|1|2|408000|4|31985|399088
1200000|1|6000|8|3|0|0|408000|5|39985|399463
1200000|1|6000|8|3|1|2|408000|5|39985|398722
1200000|1|6000|8|3|0|0|408000|6|47985|399341
1200000|1|6000|8|3|1|2|408000|6|47985|398556
1200000|1|6000|8|3|0|0|408000|7|55986|398968
1200000|1|6000|8|3|1|2|408000|7|55986|398435
1200000|1|6000|8|3|0|0|408000|8|63986|398848
1200000|1|6000|8|3|1|2|408000|8|63986|398354
1200000|1|6000|8|3|0|0|408000|9|71987|398889
1200000|1|6000|8|3|1|2|408000|9|71987|398841
1200000|1|6000|8|3|0|0|408000|10|79987|399053
1200000|1|6000|8|3|1|2|408000|10|79987|399131
1200000|1|6000|8|3|0|0|408000|11|87987|399299
1200000|1|6000|8|3|1|2|408000|11|87987|399580
1200000|1|6000|8|3|0|0|408000|12|95988|399545
1200000|1|6000|8|3|1|2|408000|12|95988|399663
1200000|1|6000|8|3|0|0|408000|13|103988|400488
1200000|1|6000|8|3|1|2|408000|13|103988|400196
1200000|1|6000|8|3|0|0|408000|14|111989|401430
1200000|1|6000|8|3|1|2|408000|14|111989|400606
1200000|1|6000|8|3|0|0|408000|15|119989|401635
1200000|1|6000|8|3|1|2|408000|15|119989|401141
1200000|1|6000|8|3|0|0|408000|16|127990|401800
1200000|1|6000|8|3|1|2|408000|16|127990|400729
1200000|1|6000|8|3|0|0|408000|17|135990|401592
1200000|1|6000|8|3|1|2|408000|17|135990|400566
1200000|1|6000|8|3|0|0|408000|18|143990|402370
1200000|1|6000|8|3|1|2|408000|18|143990|401096
1200000|1|6000|8|3|0|0|408000|19|151991|402496
1200000|1|6000|8|3|1|2|408000|19|151991|401959
1200000|1|6000|8|3|0|0|408000|20|159992|402579
1200000|1|6000|8|3|1|2|408000|20|159992|402657
1200000|1|6000|8|3|0|0|408000|21|167992|402330
1200000|1|6000|8|3|1|2|408000|21|167992|403394
1200000|1|6000|8|3|0|0|408000|22|175993|402165
1200000|1|6000|8|3|1|2|408000|22|175993|403928
1200000|1|6000|8|3|0|0|408000|23|183993|402988
1200000|1|6000|8|3|1|2|408000|23|183993|404090
1200000|1|6000|8|3|0|0|408000|24|191994|403315
1200000|1|6000|8|3|1|2|408000|24|191994|405610
1200000|1|6000|8|3|0|0|408000|25|199996|404177
1200000|1|6000|8|3|1|2|408000|25|199996|405811
1200000|1|6000|8|3|0|0|408000|26|207996|404218
1200000|1|6000|8|3|1|2|408000|26|207996|406593
1200000|1|6000|8|3|0|0|408000|27|215996|404708
1200000|1|6000|8|3|1|2|408000|27|215996|407782
1200000|1|6000|8|3|0|0|408000|28|223998|405367
1200000|1|6000|8|3|1|2|408000|28|223998|408479
1200000|1|6000|8|3|0|0|408000|29|231999|406474
1200000|1|6000|8|3|1|2|408000|29|231999|409460
1200000|1|6000|8|3|0|0|408000|30|240000|406270
1200000|1|6000|8|3|1|2|408000|30|240000|409709
1200000|1|6000|8|3|0|0|408000|31|248000|406515
1200000|1|6000|8|3|1|2|408000|31|248000|410037
1200000|1|6000|8|3|0|0|408000|32|256001|406760
1200000|1|6000|8|3|1|2|408000|32|256001|410774
1200000|1|6000|8|3|0|0|408000|33|264002|407049
1200000|1|6000|8|3|1|2|408000|33|264002|411636
1200000|1|6000|8|3|0|0|408000|34|272002|407414
1200000|1|6000|8|3|1|2|408000|34|272002|412086
1200000|1|6000|8|3|0|0|408000|35|280003|407950
1200000|1|6000|8|3|1|2|408000|35|280003|412944
1200000|1|6000|8|3|0|0|408000|36|288003|408360
1200000|1|6000|8|3|1|2|408000|36|288003|413276
1200000|1|6000|8|3|0|0|408000|37|296004|408360
1200000|1|6000|8|3|1|2|408000|37|296004|413562
1200000|1|6000|8|3|0|0|408000|38|304004|409096
1200000|1|6000|8|3|1|2|408000|38|304004|414381
1200000|1|6000|8|3|0|0|408000|39|312005|408974
1200000|1|6000|8|3|1|2|408000|39|312005|414712
1200000|1|6000|8|3|0|0|408000|40|320005|409508
1200000|1|6000|8|3|1|2|408000|40|320005|415121
1200000|1|6000|8|3|0|0|408000|41|328005|409261
1200000|1|6000|8|3|1|2|408000|41|328005|414502
1200000|1|6000|8|3|0|0|408000|42|336005|409468
1200000|1|6000|8|3|1|2|408000|42|336005|414343
1200000|1|6000|8|3|0|0|408000|43|344006|409751
1200000|1|6000|8|3|1|2|408000|43|344006|414342
1200000|1|6000|8|3|0|0|408000|44|352006|409794
1200000|1|6000|8|3|1|2|408000|44|352006|414711
1200000|1|6000|8|3|0|0|408000|45|360007|410201
1200000|1|6000|8|3|1|2|408000|45|360007|415367
1200000|1|6000|8|3|0|0|408000|46|368008|410533
1200000|1|6000|8|3|1|2|408000|46|368008|415489
1200000|1|6000|8|3|0|0|408000|47|376008|411026
1200000|1|6000|8|3|1|2|408000|47|376008|415569
1200000|1|6000|8|3|0|0|408000|48|384008|411475
1200000|1|6000|8|3|1|2|408000|48|384008|414506
1200000|1|6000|8|3|0|0|408000|49|392007|411436
1200000|1|6000|8|3|1|2|408000|49|392007|413808
1200000|1|6000|8|3|0|0|408000|50|400006|411435
1200000|1|6000|8|3|1|2|408000|50|400006|413479
1200000|1|6000|8|3|0|0|408000|51|408006|411925
1200000|1|6000|8|3|1|2|408000|51|408006|413398
1200000|1|6000|8|3|0|0|408000|52|416006|412665
1200000|1|6000|8|3|1|2|408000|52|416006|413603
1200000|1|6000|8|3|0|0|408000|53|424005|412419
1200000|1|6000|8|3|1|2|408000|53|424005|413317
1200000|1|6000|8|3|0|0|408000|54|432006|412335
1200000|1|6000|8|3|1|2|408000|54|432006|412742
1200000|1|6000|8|3|0|0|408000|55|440005|412048
1200000|1|6000|8|3|1|2|408000|55|440005|412575
1200000|1|6000|8|3|0|0|408000|56|448005|411884
1200000|1|6000|8|3|1|2|408000|56|448005|412252
1200000|1|6000|8|3|0|0|408000|57|456005|411271
1200000|1|6000|8|3|1|2|408000|57|456005|410896
1200000|1|6000|8|3|0|0|408000|58|464004|411231
1200000|1|6000|8|3|1|2|408000|58|464004|409996
1200000|1|6000|8|3|0|0|408000|59|472004|410738
1200000|1|6000|8|3|1|2|408000|59|472004|409176
1200000|1|6000|8|3|0|0|408000|60|480003|410696
1200000|1|6000|8|3|1|2|408000|60|480003|408027
1200000|1|6000|8|3|0|0|408000|61|488003|409796
1200000|1|6000|8|3|1|2|408000|61|488003|407371
1200000|1|6000|8|3|0|0|408000|62|496003|408730
1200000|1|6000|8|3|1|2|408000|62|496003|405895
1200000|1|6000|8|3|0|0|408000|63|504001|407126
1200000|1|6000|8|3|1|2|408000|63|504001|405485
1200000|1|6000|8|3|0|0|408000|64|512002|405859
1200000|1|6000|8|3|1|2|408000|64|512002|405936
1200000|1|6000|8|3|0|0|408000|65|520003|404466
1200000|1|6000|8|3|1|2|408000|65|520003|406387
1200000|1|6000|8|3|0|0|408000|66|528003|403480
1200000|1|6000|8|3|1|2|408000|66|528003|407126
1200000|1|6000|8|3|0|0|408000|67|536004|402906
1200000|1|6000|8|3|1|2|408000|67|536004|407166
1200000|1|6000|8|3|0|0|408000|68|544004|401678
1200000|1|6000|8|3|1|2|408000|68|544004|407083
1200000|1|6000|8|3|0|0|408000|69|552005|401678
1200000|1|6000|8|3|1|2|408000|69|552005|406794
1200000|1|6000|8|3|0|0|408000|70|560005|401430
1200000|1|6000|8|3|1|2|408000|70|560005|407000
1200000|1|6000|8|3|0|0|408000|71|568006|401637
1200000|1|6000|8|3|1|2|408000|71|568006|406305
1200000|1|6000|8|3|0|0|408000|72|576005|401512
1200000|1|6000|8|3|1|2|408000|72|576005|405321
1200000|1|6000|8|3|0|0|408000|73|584004|401676
1200000|1|6000|8|3|1|2|408000|73|584004|403807
1200000|1|6000|8|3|0|0|408000|74|592003|401471
1200000|1|6000|8|3|1|2|408000|74|592003|402535
1200000|1|6000|8|3|0|0|408000|75|600003|400980
1200000|1|6000|8|3|1|2|408000|75|600003|402082
1200000|1|6000|8|3|0|0|408000|76|608003|400855
1200000|1|6000|8|3|1|2|408000|76|608003|401016
1200000|1|6000|8|3|0|0|408000|77|616002|400078
1200000|1|6000|8|3|1|2|408000|77|616002|400439
1200000|1|6000|8|3|0|0|408000|78|624002|399954
1200000|1|6000|8|3|1|2|408000|78|624002|399665
1200000|1|6000|8|3|0|0|408000|79|632001|400240
1200000|1|6000|8|3|1|2|408000|79|632001|399172
1200000|1|6000|8|3|0|0|408000|80|640002|400897
1200000|1|6000|8|3|1|2|408000|80|640002|398597
1200000|1|6000|8|3|0|0|408000|81|648001|401638
1200000|1|6000|8|3|1|2|408000|81|648001|397615
1200000|1|6000|8|3|0|0|408000|82|656001|401678
1200000|1|6000|8|3|1|2|408000|82|656001|396751
1200000|1|6000|8|3|0|0|408000|83|664000|401633
1200000|1|6000|8|3|1|2|408000|83|664000|395726
1200000|1|6000|8|3|0|0|408000|84|672000|401883
1200000|1|6000|8|3|1|2|408000|84|672000|395195
1200000|1|6000|8|3|0|0|408000|85|680000|402619
1200000|1|6000|8|3|1|2|408000|85|680000|394826
1200000|1|6000|8|3|0|0|408000|86|688001|402538
1200000|1|6000|8|3|1|2|408000|86|688001|393638
1200000|1|6000|8|3|0|0|408000|87|695999|402497
1200000|1|6000|8|3|1|2|408000|87|695999|394253
1200000|1|6000|8|3|0|0|408000|88|704001|402004
1200000|1|6000|8|3|1|2|408000|88|704001|394005
1200000|1|6000|8|3|0|0|408000|89|712001|402291
1200000|1|6000|8|3|1|2|408000|89|712001|395483
1200000|1|6000|8|3|0|0|408000|90|720003|402578
1200000|1|6000|8|3|1|2|408000|90|720003|396384
1200000|1|6000|8|3|0|0|408000|91|728004|402742
1200000|1|6000|8|3|1|2|408000|91|728004|396832
1200000|1|6000|8|3|0|0|408000|92|736004|403560
1200000|1|6000|8|3|1|2|408000|92|736004|397082
1200000|1|6000|8|3|0|0|408000|93|744004|402990
1200000|1|6000|8|3|1|2|408000|93|744004|396999
1200000|1|6000|8|3|0|0|408000|94|752005|403193
1200000|1|6000|8|3|1|2|408000|94|752005|397324
1200000|1|6000|8|3|0|0|408000|95|760006|402825
1200000|1|6000|8|3|1|2|408000|95|760006|397036
1200000|1|6000|8|3|0|0|408000|96|768006|402703
1200000|1|6000|8|3|1|2|408000|96|768006|396999
1200000|1|6000|8|3|0|0|408000|97|776007|401964
1200000|1|6000|8|3|1|2|408000|97|776007|396630
1200000|1|6000|8|3|0|0|408000|98|784007|402087
1200000|1|6000|8|3|1|2|408000|98|784007|397123
1200000|1|6000|8|3|0|0|408000|99|792007|401556
1200000|1|6000|8|3|1|2|408000|99|792007|397450
1200000|1|6000|8|3|0|0|408000|100|800008|401842
1200000|1|6000|8|3|1|2|408000|100|800008|398105
1200000|1|6000|8|3|0|0|408000|101|808008|401346
1200000|1|6000|8|3|1|2|408000|101|808008|398762
1200000|1|6000|8|3|0|0|408000|102|816009|400648
1200000|1|6000|8|3|1|2|408000|102|816009|399296
1200000|1|6000|8|3|0|0|408000|103|824009|399544
1200000|1|6000|8|3|1|2|408000|103|824009|399788
1200000|1|6000|8|3|0|0|408000|104|832011|399095
1200000|1|6000|8|3|1|2|408000|104|832011|400935
1200000|1|6000|8|3|0|0|408000|105|840011|398518
1200000|1|6000|8|3|1|2|408000|105|840011|400976
1200000|1|6000|8|3|0|0|408000|106|848012|397617
1200000|1|6000|8|3|1|2|408000|106|848012|401387
1200000|1|6000|8|3|0|0|408000|107|856013|396836
1200000|1|6000|8|3|1|2|408000|107|856013|401180
1200000|1|6000|8|3|0|0|408000|108|864013|396100
1200000|1|6000|8|3|1|2|408000|108|864013|402533
1200000|1|6000|8|3|0|0|408000|109|872014|396016
1200000|1|6000|8|3|1|2|408000|109|872014|402412
1200000|1|6000|8|3|0|0|408000|110|880014|396347
1200000|1|6000|8|3|1|2|408000|110|880014|403394
1200000|1|6000|8|3|0|0|408000|111|888016|396717
1200000|1|6000|8|3|1|2|408000|111|888016|403393
1200000|1|6000|8|3|0|0|408000|112|896016|396673
1200000|1|6000|8|3|1|2|408000|112|896016|404949
1200000|1|6000|8|3|0|0|408000|113|904016|396387
1200000|1|6000|8|3|1|2|408000|113|904016|405813
1200000|1|6000|8|3|0|0|408000|114|912017|396223
1200000|1|6000|8|3|1|2|408000|114|912017|407045
1200000|1|6000|8|3|0|0|408000|115|920017|396306
1200000|1|6000|8|3|1|2|408000|115|920017|407984
1200000|1|6000|8|3|0|0|408000|116|928018|396713
1200000|1|6000|8|3|1|2|408000|116|928018|409340
1200000|1|6000|8|3|0|0|408000|117|936019|396510
1200000|1|6000|8|3|1|2|408000|117|936019|410734
1200000|1|6000|8|3|0|0|408000|118|944020|397001
1200000|1|6000|8|3|1|2|408000|118|944020|411715
1200000|1|6000|8|3|0|0|408000|119|952021|397781
1200000|1|6000|8|3|1|2|408000|119|952021|412373
1200000|1|6000|8|3|0|0|408000|120|960022|398315
1200000|1|6000|8|3|1|2|408000|120|960022|412743
1200000|1|6000|8|3|0|0|408000|121|968023|398150
1200000|1|6000|8|3|1|2|408000|121|968023|413111
1200000|1|6000|8|3|0|0|408000|122|976024|399092
1200000|1|6000|8|3|1|2|408000|122|976024|413726
1200000|1|6000|8|3|0|0|408000|123|984024|398888
1200000|1|6000|8|3|1|2|408000|123|984024|413930
1200000|1|6000|8|3|0|0|408000|124|992024|399012
1200000|1|6000|8|3|1|2|408000|124|992024|414133
1200000|1|6000|8|3|0|0|408000|125|1000024|399094
1200000|1|6000|8|3|1|2|408000|125|1000024|414466
1200000|1|6000|8|3|0|0|408000|126|1008024|399298
1200000|1|6000|8|3|1|2|408000|126|1008024|415162
1200000|1|6000|8|3|0|0|408000|127|1016025|399828
1200000|1|6000|8|3|1|2|408000|127|1016025|414466
1200000|1|6000|8|3|0|0|408000|128|1024025|400449
1200000|1|6000|8|3|1|2|408000|128|1024025|414137
1200000|1|6000|8|3|0|0|408000|129|1032025|400694
1200000|1|6000|8|3|1|2|408000|129|1032025|414261
1200000|1|6000|8|3|0|0|408000|130|1040025|400816
1200000|1|6000|8|3|1|2|408000|130|1040025|413768
1200000|1|6000|8|3|0|0|408000|131|1048026|401595
1200000|1|6000|8|3|1|2|408000|131|1048026|414096
1200000|1|6000|8|3|0|0|408000|132|1056025|401224
1200000|1|6000|8|3|1|2|408000|132|1056025|413562
1200000|1|6000|8|3|0|0|408000|133|1064025|400488
1200000|1|6000|8|3|1|2|408000|133|1064025|413192
1200000|1|6000|8|3|0|0|408000|134|1072025|400283
1200000|1|6000|8|3|1|2|408000|134|1072025|412538
1200000|1|6000|8|3|0|0|408000|135|1080024|400077
1200000|1|6000|8|3|1|2|408000|135|1080024|412498
1200000|1|6000|8|3|0|0|408000|136|1088024|399298
1200000|1|6000|8|3|1|2|408000|136|1088024|412086
1200000|1|6000|8|3|0|0|408000|137|1096024|398765
1200000|1|6000|8|3|1|2|408000|137|1096024|411675
1200000|1|6000|8|3|0|0|408000|138|1104023|398191
1200000|1|6000|8|3|1|2|408000|138|1104023|411145
1200000|1|6000|8|3|0|0|408000|139|1112023|397699
1200000|1|6000|8|3|1|2|408000|139|1112023|411103
1200000|1|6000|8|3|0|0|408000|140|1120023|396633
1200000|1|6000|8|3|1|2|408000|140|1120023|410979
1200000|1|6000|8|3|0|0|408000|141|1128023|395609
1200000|1|6000|8|3|1|2|408000|141|1128023|411266
1200000|1|6000|8|3|0|0|408000|142|1136024|394993
1200000|1|6000|8|3|1|2|408000|142|1136024|411800
1200000|1|6000|8|3|0|0|408000|143|1144025|394007
1200000|1|6000|8|3|1|2|408000|143|1144025|412702
1200000|1|6000|8|3|0|0|408000|144|1152026|394174
1200000|1|6000|8|3|1|2|408000|144|1152026|413397
1200000|1|6000|8|3|0|0|408000|145|1160026|392902
1200000|1|6000|8|3|1|2|408000|145|1160026|413684
1200000|1|6000|8|3|0|0|408000|146|1168026|392699
1200000|1|6000|8|3|1|2|408000|146|1168026|414300
1200000|1|6000|8|3|0|0|408000|147|1176027|393106
1200000|1|6000|8|3|1|2|408000|147|1176027|414957
1200000|1|6000|8|3|0|0|408000|148|1184028|393273
1200000|1|6000|8|3|1|2|408000|148|1184028|415490
1200000|1|6000|8|3|0|0|408000|149|1192029|393231
1200000|1|6000|8|3|1|2|408000|149|1192029|414835
1200000|1|6000|8|3|0|0|408000|150|1200029|392452
1200000|1|6000|8|3|1|2|408000|150|1200029|414342
1200000|1|6000|8|3|0|0|408000|151|1208030|392369
1200000|1|6000|8|3|1|2|408000|151|1208030|414300
1200000|1|6000|8|3|0|0|408000|152|1216030|392245
1200000|1|6000|8|3|1|2|408000|152|1216030|414544
1200000|1|6000|8|3|0|0|408000|153|1224031|391304
1200000|1|6000|8|3|1|2|408000|153|1224031|414958
1200000|1|6000|8|3|0|0|408000|154|1232032|390073
1200000|1|6000|8|3|1|2|408000|154|1232032|414958
1200000|1|6000|8|3|0|0|408000|155|1240032|389951
1200000|1|6000|8|3|1|2|408000|155|1240032|415408
1200000|1|6000|8|3|0|0|408000|156|1248033|390279
1200000|1|6000|8|3|1|2|408000|156|1248033|415571
1200000|1|6000|8|3|0|0|408000|157|1256034|390525
1200000|1|6000|8|3|1|2|408000|157|1256034|416350
1200000|1|6000|8|3|0|0|408000|158|1264035|391057
1200000|1|6000|8|3|1|2|408000|158|1264035|416269
1200000|1|6000|8|3|0|0|408000|159|1272036|391262
1200000|1|6000|8|3|1|2|408000|159|1272036|417212
1200000|1|6000|8|3|0|0|408000|160|1280037|391919
1200000|1|6000|8|3|1|2|408000|160|1280037|417747
1200000|1|6000|8|3|0|0|408000|161|1288038|391879
1200000|1|6000|8|3|1|2|408000|161|1288038|418075
1200000|1|6000|8|3|0|0|408000|162|1296039|391587
1200000|1|6000|8|3|1|2|408000|162|1296039|418934
1200000|1|6000|8|3|0|0|408000|163|1304040|390197
1200000|1|6000|8|3|1|2|408000|163|1304040|419181
1200000|1|6000|8|3|0|0|408000|164|1312041|388844
1200000|1|6000|8|3|1|2|408000|164|1312041|418567
1200000|1|6000|8|3|0|0|408000|165|1320041|387698
1200000|1|6000|8|3|1|2|408000|165|1320041|417048
1200000|1|6000|8|3|0|0|408000|166|1328041|386917
1200000|1|6000|8|3|1|2|408000|166|1328041|415940
1200000|1|6000|8|3|0|0|408000|167|1336041|385647
1200000|1|6000|8|3|1|2|408000|167|1336041|414996
1200000|1|6000|8|3|0|0|408000|168|1344040|385399
1200000|1|6000|8|3|1|2|408000|168|1344040|414344
1200000|1|6000|8|3|0|0|408000|169|1352040|384539
1200000|1|6000|8|3|1|2|408000|169|1352040|413809
1200000|1|6000|8|3|0|0|408000|170|1360040|384211
1200000|1|6000|8|3|1|2|408000|170|1360040|413769
1200000|1|6000|8|3|0|0|408000|171|1368041|383880
1200000|1|6000|8|3|1|2|408000|171|1368041|413889
1200000|1|6000|8|3|0|0|408000|172|1376042|383391
1200000|1|6000|8|3|1|2|408000|172|1376042|414301
1200000|1|6000|8|3|0|0|408000|173|1384042|382814
1200000|1|6000|8|3|1|2|408000|173|1384042|414585
1200000|1|6000|8|3|0|0|408000|174|1392042|382200
1200000|1|6000|8|3|1|2|408000|174|1392042|413970
1200000|1|6000|8|3|0|0|408000|175|1400041|382202
1200000|1|6000|8|3|1|2|408000|175|1400041|413563
1200000|1|6000|8|3|0|0|408000|176|1408041|382530
1200000|1|6000|8|3|1|2|408000|176|1408041|413194
1200000|1|6000|8|3|0|0|408000|177|1416041|382611
1200000|1|6000|8|3|1|2|408000|177|1416041|413358
1200000|1|6000|8|3|0|0|408000|178|1424042|382202
1200000|1|6000|8|3|1|2|408000|178|1424042|412412
1200000|1|6000|8|3|0|0|408000|179|1432041|381998
1200000|1|6000|8|3|1|2|408000|179|1432041|411145
1200000|1|6000|8|3|0|0|408000|180|1440040|381584
1200000|1|6000|8|3|1|2|408000|180|1440040|410037
1200000|1|6000|8|3|0|0|408000|181|1448039|381546
1200000|1|6000|8|3|1|2|408000|181|1448039|409832
1200000|1|6000|8|3|0|0|408000|182|1456039|381217
1200000|1|6000|8|3|1|2|408000|182|1456039|409134
1200000|1|6000|8|3|0|0|408000|183|1464039|381136
1200000|1|6000|8|3|1|2|408000|183|1464039|409093
1200000|1|6000|8|3|0|0|408000|184|1472039|381095
1200000|1|6000|8|3|1|2|408000|184|1472039|407906
1200000|1|6000|8|3|0|0|408000|185|1480038|381014
1200000|1|6000|8|3|1|2|408000|185|1480038|408561
1200000|1|6000|8|3|0|0|408000|186|1488039|381054
1200000|1|6000|8|3|1|2|408000|186|1488039|408274
1200000|1|6000|8|3|0|0|408000|187|1496039|380605
1200000|1|6000|8|3|1|2|408000|187|1496039|408151
1200000|1|6000|8|3|0|0|408000|188|1504039|380726
1200000|1|6000|8|3|1|2|408000|188|1504039|407496
1200000|1|6000|8|3|0|0|408000|189|1512039|380398
1200000|1|6000|8|3|1|2|408000|189|1512039|407494
1200000|1|6000|8|3|0|0|408000|190|1520039|380112
1200000|1|6000|8|3|1|2|408000|190|1520039|406838
1200000|1|6000|8|3|0|0|408000|191|1528039|379948
1200000|1|6000|8|3|1|2|408000|191|1528039|406756
1200000|1|6000|8|3|0|0|408000|192|1536040|380398
1200000|1|6000|8|3|1|2|408000|192|1536040|406221
1200000|1|6000|8|3|0|0|408000|193|1544039|381177
1200000|1|6000|8|3|1|2|408000|193|1544039|405772
1200000|1|6000|8|3|0|0|408000|194|1552039|381055
1200000|1|6000|8|3|1|2|408000|194|1552039|405033
1200000|1|6000|8|3|0|0|408000|195|1560039|381299
1200000|1|6000|8|3|1|2|408000|195|1560039|404789
1200000|1|6000|8|3|0|0|408000|196|1568039|381136
1200000|1|6000|8|3|1|2|408000|196|1568039|404706
1200000|1|6000|8|3|0|0|408000|197|1576039|381752
1200000|1|6000|8|3|1|2|408000|197|1576039|404050
1200000|1|6000|8|3|0|0|408000|198|1584038|380887
1200000|1|6000|8|3|1|2|408000|198|1584038|404010
1200000|1|6000|8|3|0|0|408000|199|1592037|381299
1200000|1|6000|8|3|1|2|408000|199|1592037|403844
1200000|1|6000|8|3|0|0|408000|200|1600037|380765
1200000|1|6000|8|3|1|2|408000|200|1600037|404460
1200000|1|6000|8|3|0|0|408000|201|1608039|381053
1200000|1|6000|8|3|1|2|408000|201|1608039|404092
1200000|1|6000|8|3|0|0|408000|202|1616038|381340
1200000|1|6000|8|3|1|2|408000|202|1616038|404872
1200000|1|6000|8|3|0|0|408000|203|1624039|381381
1200000|1|6000|8|3|1|2|408000|203|1624039|404913
1200000|1|6000|8|3|0|0|408000|204|1632039|381792
1200000|1|6000|8|3|1|2|408000|204|1632039|405116
1200000|1|6000|8|3|0|0|408000|205|1640039|381956
1200000|1|6000|8|3|1|2|408000|205|1640039|405321
1200000|1|6000|8|3|0|0|408000|206|1648039|382530
1200000|1|6000|8|3|1|2|408000|206|1648039|405445
1200000|1|6000|8|3|0|0|408000|207|1656039|382567
1200000|1|6000|8|3|1|2|408000|207|1656039|405690
1200000|1|6000|8|3|0|0|408000|208|1664039|383019
1200000|1|6000|8|3|1|2|408000|208|1664039|405690
1200000|1|6000|8|3|0|0|408000|209|1672038|383105
1200000|1|6000|8|3|1|2|408000|209|1672038|405976
1200000|1|6000|8|3|0|0|408000|210|1680039|383268
1200000|1|6000|8|3|1|2|408000|210|1680039|405362
1200000|1|6000|8|3|0|0|408000|211|1688038|383269
1200000|1|6000|8|3|1|2|408000|211|1688038|405939
1200000|1|6000|8|3|0|0|408000|212|1696039|383760
1200000|1|6000|8|3|1|2|408000|212|1696039|405608
1200000|1|6000|8|3|0|0|408000|213|1704039|383552
1200000|1|6000|8|3|1|2|408000|213|1704039|406511
1200000|1|6000|8|3|0|0|408000|214|1712039|383265
1200000|1|6000|8|3|1|2|408000|214|1712039|406633
1200000|1|6000|8|3|0|0|408000|215|1720039|382777
1200000|1|6000|8|3|1|2|408000|215|1720039|407819
1200000|1|6000|8|3|0|0|408000|216|1728040|382119
1200000|1|6000|8|3|1|2|408000|216|1728040|407987
1200000|1|6000|8|3|0|0|408000|217|1736040|381709
1200000|1|6000|8|3|1|2|408000|217|1736040|408232
1200000|1|6000|8|3|0|0|408000|218|1744041|381013
1200000|1|6000|8|3|1|2|408000|218|1744041|408317
1200000|1|6000|8|3|0|0|408000|219|1752041|380968
1200000|1|6000|8|3|1|2|408000|219|1752041|408232
1200000|1|6000|8|3|0|0|408000|220|1760042|380398
1200000|1|6000|8|3|1|2|408000|220|1760042|407948
1200000|1|6000|8|3|0|0|408000|221|1768042|379865
1200000|1|6000|8|3|1|2|408000|221|1768042|407741
1200000|1|6000|8|3|0|0|408000|222|1776042|378510
1200000|1|6000|8|3|1|2|408000|222|1776042|407249
1200000|1|6000|8|3|0|0|408000|223|1784042|378308
1200000|1|6000|8|3|1|2|408000|223|1784042|407085
1200000|1|6000|8|3|0|0|408000|224|1792042|377691
1200000|1|6000|8|3|1|2|408000|224|1792042|407331
1200000|1|6000|8|3|0|0|408000|225|1800042|376790
1200000|1|6000|8|3|1|2|408000|225|1800042|407373
1200000|1|6000|8|3|0|0|408000|226|1808042|376091
1200000|1|6000|8|3|1|2|408000|226|1808042|408024
1200000|1|6000|8|3|0|0|408000|227|1816043|375600
1200000|1|6000|8|3|1|2|408000|227|1816043|406999
1200000|1|6000|8|3|0|0|408000|228|1824042|374861
1200000|1|6000|8|3|1|2|408000|228|1824042|407164
1200000|1|6000|8|3|0|0|408000|229|1832042|374121
1200000|1|6000|8|3|1|2|408000|229|1832042|406676
1200000|1|6000|8|3|0|0|408000|230|1840042|374494
1200000|1|6000|8|3|1|2|408000|230|1840042|406837
1200000|1|6000|8|3|0|0|408000|231|1848043|374247
1200000|1|6000|8|3|1|2|408000|231|1848043|406881
1200000|1|6000|8|3|0|0|408000|232|1856043|374207
1200000|1|6000|8|3|1|2|408000|232|1856043|406222
1200000|1|6000|8|3|0|0|408000|233|1864042|373713
1200000|1|6000|8|3|1|2|408000|233|1864042|405323
1200000|1|6000|8|3|0|0|408000|234|1872042|373264
1200000|1|6000|8|3|1|2|408000|234|1872042|404298
1200000|1|6000|8|3|0|0|408000|235|1880042|373140
1200000|1|6000|8|3|1|2|408000|235|1880042|404461
1200000|1|6000|8|3|0|0|408000|236|1888042|373138
1200000|1|6000|8|3|1|2|408000|236|1888042|403231
1200000|1|6000|8|3|0|0|408000|237|1896042|373469
1200000|1|6000|8|3|1|2|408000|237|1896042|403186
1200000|1|6000|8|3|0|0|408000|238|1904042|374206
1200000|1|6000|8|3|1|2|408000|238|1904042|402408
1200000|1|6000|8|3|0|0|408000|239|1912042|375026
1200000|1|6000|8|3|1|2|408000|239|1912042|403150
1200000|1|6000|8|3|0|0|408000|240|1920043|375272
1200000|1|6000|8|3|1|2|408000|240|1920043|402943
1200000|1|6000|8|3|0|0|408000|241|1928042|375928
1200000|1|6000|8|3|1|2|408000|241|1928042|403517
1200000|1|6000|8|3|0|0|408000|242|1936042|376417
1200000|1|6000|8|3|1|2|408000|242|1936042|403927
1200000|1|6000|8|3|0|0|408000|243|1944042|376709
1200000|1|6000|8|3|1|2|408000|243|1944042|404092
1200000|1|6000|8|3|0|0|408000|244|1952042|376135
1200000|1|6000|8|3|1|2|408000|244|1952042|404211
1200000|1|6000|8|3|0|0|408000|245|1960042|375725
1200000|1|6000|8|3|1|2|408000|245|1960042|404706
1200000|1|6000|8|3|0|0|408000|246|1968043|375026
1200000|1|6000|8|3|1|2|408000|246|1968043|405155
1200000|1|6000|8|3|0|0|408000|247|1976044|374741
1200000|1|6000|8|3|1|2|408000|247|1976044|405569
1200000|1|6000|8|3|0|0|408000|248|1984045|374167
1200000|1|6000|8|3|1|2|408000|248|1984045|407003
1200000|1|6000|8|3|0|0|408000|249|1992047|374084
1200000|1|6000|8|3|1|2|408000|249|1992047|407413
1200000|1|6000|8|3|0|0|408000|250|2000048|373920
1200000|1|6000|8|3|1|2|408000|250|2000048|408685
1200000|1|6000|8|3|0|0|408000|251|2008050|374573
1200000|1|6000|8|3|1|2|408000|251|2008050|409667
1200000|1|6000|8|3|0|0|408000|252|2016051|374206
1200000|1|6000|8|3|1|2|408000|252|2016051|410324
1200000|1|6000|8|3|0|0|408000|253|2024052|375149
1200000|1|6000|8|3|1|2|408000|253|2024052|410324
1200000|1|6000|8|3|0|0|408000|254|2032052|375557
1200000|1|6000|8|3|1|2|408000|254|2032052|410611
1200000|1|6000|8|3|0|0|408000|255|2040051|375970
1200000|1|6000|8|3|1|2|408000|255|2040051|410365
1200000|1|6000|8|3|0|0|408000|256|2048051|376174
1200000|1|6000|8|3|1|2|408000|256|2048051|409709
1200000|1|6000|8|3|0|0|408000|257|2056050|376708
1200000|1|6000|8|3|1|2|408000|257|2056050|409872
1200000|1|6000|8|3|0|0|408000|258|2064051|376092
1200000|1|6000|8|3|1|2|408000|258|2064051|409750
1200000|1|6000|8|3|0|0|408000|259|2072050|376011
1200000|1|6000|8|3|1|2|408000|259|2072050|409668
1200000|1|6000|8|3|0|0|408000|260|2080050|376011
1200000|1|6000|8|3|1|2|408000|260|2080050|410157
1200000|1|6000|8|3|0|0|408000|261|2088050|376133
1200000|1|6000|8|3|1|2|408000|261|2088050|410980
1200000|1|6000|8|3|0|0|408000|262|2096052|376995
1200000|1|6000|8|3|1|2|408000|262|2096052|411759
1200000|1|6000|8|3|0|0|408000|263|2104052|377361
1200000|1|6000|8|3|1|2|408000|263|2104052|412743
1200000|1|6000|8|3|0|0|408000|264|2112053|378634
1200000|1|6000|8|3|1|2|408000|264|2112053|413933
1200000|1|6000|8|3|0|0|408000|265|2120055|378963
1200000|1|6000|8|3|1|2|408000|265|2120055|414629
1200000|1|6000|8|3|0|0|408000|266|2128056|379248
1200000|1|6000|8|3|1|2|408000|266|2128056|415489
1200000|1|6000|8|3|0|0|408000|267|2136057|378305
1200000|1|6000|8|3|1|2|408000|267|2136057|417826
1200000|1|6000|8|3|0|0|408000|268|2144061|378471
1200000|1|6000|8|3|1|2|408000|268|2144061|417909
1200000|1|6000|8|3|0|0|408000|269|2152061|377688
1200000|1|6000|8|3|1|2|408000|269|2152061|417458
1200000|1|6000|8|3|0|0|408000|270|2160060|378101
1200000|1|6000|8|3|1|2|408000|270|2160060|416844
1200000|1|6000|8|3|0|0|408000|271|2168060|377445
1200000|1|6000|8|3|1|2|408000|271|2168060|416841
1200000|1|6000|8|3|0|0|408000|272|2176061|377486
1200000|1|6000|8|3|1|2|408000|272|2176061|416719
1200000|1|6000|8|3|0|0|408000|273|2184062|377117
1200000|1|6000|8|3|1|2|408000|273|2184062|417459
1200000|1|6000|8|3|0|0|408000|274|2192063|376995
1200000|1|6000|8|3|1|2|408000|274|2192063|417457
1200000|1|6000|8|3|0|0|408000|275|2200063|376421
1200000|1|6000|8|3|1|2|408000|275|2200063|417828
1200000|1|6000|8|3|0|0|408000|276|2208064|376134
1200000|1|6000|8|3|1|2|408000|276|2208064|418643
1200000|1|6000|8|3|0|0|408000|277|2216065|375601
1200000|1|6000|8|3|1|2|408000|277|2216065|418648
1200000|1|6000|8|3|0|0|408000|278|2224065|374900
1200000|1|6000|8|3|1|2|408000|278|2224065|419098
1200000|1|6000|8|3|0|0|408000|279|2232066|374862
1200000|1|6000|8|3|1|2|408000|279|2232066|418194
1200000|1|6000|8|3|0|0|408000|280|2240066|374248
1200000|1|6000|8|3|1|2|408000|280|2240066|418524
1200000|1|6000|8|3|0|0|408000|281|2248067|374780
1200000|1|6000|8|3|1|2|408000|281|2248067|418154
1200000|1|6000|8|3|0|0|408000|282|2256067|374577
1200000|1|6000|8|3|1|2|408000|282|2256067|418401
1200000|1|6000|8|3|0|0|408000|283|2264067|374903
1200000|1|6000|8|3|1|2|408000|283|2264067|417947
1200000|1|6000|8|3|0|0|408000|284|2272067|374944
1200000|1|6000|8|3|1|2|408000|284|2272067|418975
1200000|1|6000|8|3|0|0|408000|285|2280068|375026
1200000|1|6000|8|3|1|2|408000|285|2280068|419261
1200000|1|6000|8|3|0|0|408000|286|2288068|374782
1200000|1|6000|8|3|1|2|408000|286|2288068|420123
1200000|1|6000|8|3|0|0|408000|287|2296068|374778
1200000|1|6000|8|3|1|2|408000|287|2296068|420574
1200000|1|6000|8|3|0|0|408000|288|2304069|374452
1200000|1|6000|8|3|1|2|408000|288|2304069|420737
1200000|1|6000|8|3|0|0|408000|289|2312069|374739
1200000|1|6000|8|3|1|2|408000|289|2312069|421065
1200000|1|6000|8|3|0|0|408000|290|2320069|374904
1200000|1|6000|8|3|1|2|408000|290|2320069|421394
1200000|1|6000|8|3|0|0|408000|291|2328070|375108
1200000|1|6000|8|3|1|2|408000|291|2328070|421395
1200000|1|6000|8|3|0|0|408000|292|2336070|375560
1200000|1|6000|8|3|1|2|408000|292|2336070|421393
1200000|1|6000|8|3|0|0|408000|293|2344070|375561
1200000|1|6000|8|3|1|2|408000|293|2344070|422214
1200000|1|6000|8|3|0|0|408000|294|2352071|376135
1200000|1|6000|8|3|1|2|408000|294|2352071|422788
1200000|1|6000|8|3|0|0|408000|295|2360071|376051
1200000|1|6000|8|3|1|2|408000|295|2360071|423195
1200000|1|6000|8|3|0|0|408000|296|2368072|376666
1200000|1|6000|8|3|1|2|408000|296|2368072|423976
1200000|1|6000|8|3|0|0|408000|297|2376073|376420
1200000|1|6000|8|3|1|2|408000|297|2376073|424222
1200000|1|6000|8|3|0|0|408000|298|2384072|376420
1200000|1|6000|8|3|1|2|408000|298|2384072|424797
1200000|1|6000|8|3|0|0|408000|299|2392073|376505
1200000|1|6000|8|3|1|2|408000|299|2392073|424634
1200000|1|6000|8|3|0|0|408000|300|2400073|376874
1200000|1|6000|8|3|1|2|408000|300|2400073|424305
1200000|1|6000|8|3|0|0|408000|301|2408074|377282
1200000|1|6000|8|3|1|2|408000|301|2408074|424182
1200000|1|6000|8|3|0|0|408000|302|2416074|377406
1200000|1|6000|8|3|1|2|408000|302|2416074|424099
1200000|1|6000|8|3|0|0|408000|303|2424075|377401
1200000|1|6000|8|3|1|2|408000|303|2424075|424140
1200000|1|6000|8|3|0|0|408000|304|2432075|376705
1200000|1|6000|8|3|1|2|408000|304|2432075|424469
1200000|1|6000|8|3|0|0|408000|305|2440076|375393
1200000|1|6000|8|3|1|2|408000|305|2440076|424223
1200000|1|6000|8|3|0|0|408000|306|2448075|374085
1200000|1|6000|8|3|1|2|408000|306|2448075|423855
1200000|1|6000|8|3|0|0|408000|307|2456074|372974
1200000|1|6000|8|3|1|2|408000|307|2456074|422911
1200000|1|6000|8|3|0|0|408000|308|2464072|372198
1200000|1|6000|8|3|1|2|408000|308|2464072|422501
1200000|1|6000|8|3|0|0|408000|309|2472072|371215
1200000|1|6000|8|3|1|2|408000|309|2472072|421923
1200000|1|6000|8|3|0|0|408000|310|2480071|371010
1200000|1|6000|8|3|1|2|408000|310|2480071|421681
1200000|1|6000|8|3|0|0|408000|311|2488071|371129
1200000|1|6000|8|3|1|2|408000|311|2488071|420573
1200000|1|6000|8|3|0|0|408000|312|2496071|371538
1200000|1|6000|8|3|1|2|408000|312|2496071|420982
1200000|1|6000|8|3|0|0|408000|313|2504071|371871
1200000|1|6000|8|3|1|2|408000|313|2504071|420040
1200000|1|6000|8|3|0|0|408000|314|2512070|372445
1200000|1|6000|8|3|1|2|408000|314|2512070|419426
1200000|1|6000|8|3|0|0|408000|315|2520069|372814
1200000|1|6000|8|3|1|2|408000|315|2520069|418935
1200000|1|6000|8|3|0|0|408000|316|2528069|373018
1200000|1|6000|8|3|1|2|408000|316|2528069|418438
1200000|1|6000|8|3|0|0|408000|317|2536068|373018
1200000|1|6000|8|3|1|2|408000|317|2536068|417992
1200000|1|6000|8|3|0|0|408000|318|2544068|372196
1200000|1|6000|8|3|1|2|408000|318|2544068|417212
1200000|1|6000|8|3|0|0|408000|319|2552067|371010
1200000|1|6000|8|3|1|2|408000|319|2552067|416717
1200000|1|6000|8|3|0|0|408000|320|2560067|370025
1200000|1|6000|8|3|1|2|408000|320|2560067|416265
1200000|1|6000|8|3|0|0|408000|321|2568066|369370
1200000|1|6000|8|3|1|2|408000|321|2568066|417006
1200000|1|6000|8|3|0|0|408000|322|2576067|368589
1200000|1|6000|8|3|1|2|408000|322|2576067|416922
1200000|1|6000|8|3|0|0|408000|323|2584068|368058
1200000|1|6000|8|3|1|2|408000|323|2584068|417170
1200000|1|6000|8|3|0|0|408000|324|2592068|367646
1200000|1|6000|8|3|1|2|408000|324|2592068|417049
1200000|1|6000|8|3|0|0|408000|325|2600069|367032
1200000|1|6000|8|3|1|2|408000|325|2600069|417294
1200000|1|6000|8|3|0|0|408000|326|2608069|367728
1200000|1|6000|8|3|1|2|408000|326|2608069|417335
1200000|1|6000|8|3|0|0|408000|327|2616069|367811
1200000|1|6000|8|3|1|2|408000|327|2616069|416757
1200000|1|6000|8|3|0|0|408000|328|2624069|367807
1200000|1|6000|8|3|1|2|408000|328|2624069|416392
1200000|1|6000|8|3|0|0|408000|329|2632069|367730
1200000|1|6000|8|3|1|2|408000|329|2632069|415939
1200000|1|6000|8|3|0|0|408000|330|2640070|367768
1200000|1|6000|8|3|1|2|408000|330|2640070|415978
1200000|1|6000|8|3|0|0|408000|331|2648069|367728
1200000|1|6000|8|3|1|2|408000|331|2648069|415408
1200000|1|6000|8|3|0|0|408000|332|2656070|368098
1200000|1|6000|8|3|1|2|408000|332|2656070|415735
1200000|1|6000|8|3|0|0|408000|333|2664071|367402
1200000|1|6000|8|3|1|2|408000|333|2664071|415530
1200000|1|6000|8|3|0|0|408000|334|2672070|366500
1200000|1|6000|8|3|1|2|408000|334|2672070|415368
1200000|1|6000|8|3|0|0|408000|335|2680071|365635
1200000|1|6000|8|3|1|2|408000|335|2680071|415860
1200000|1|6000|8|3|0|0|408000|336|2688072|364941
1200000|1|6000|8|3|1|2|408000|336|2688072|416183
1200000|1|6000|8|3|0|0|408000|337|2696072|364653
1200000|1|6000|8|3|1|2|408000|337|2696072|416475
1200000|1|6000|8|3|0|0|408000|338|2704072|364036
1200000|1|6000|8|3|1|2|408000|338|2704072|416311
1200000|1|6000|8|3|0|0|408000|339|2712073|363751
1200000|1|6000|8|3|1|2|408000|339|2712073|416719
1200000|1|6000|8|3|0|0|408000|340|2720074|363708
1200000|1|6000|8|3|1|2|408000|340|2720074|416350
1200000|1|6000|8|3|0|0|408000|341|2728074|363792
1200000|1|6000|8|3|1|2|408000|341|2728074|416309
1200000|1|6000|8|3|0|0|408000|342|2736074|362930
1200000|1|6000|8|3|1|2|408000|342|2736074|415777
1200000|1|6000|8|3|0|0|408000|343|2744074|363424
1200000|1|6000|8|3|1|2|408000|343|2744074|415613
1200000|1|6000|8|3|0|0|408000|344|2752074|363057
1200000|1|6000|8|3|1|2|408000|344|2752074|415284
1200000|1|6000|8|3|0|0|408000|345|2760075|363341
1200000|1|6000|8|3|1|2|408000|345|2760075|415367
1200000|1|6000|8|3|0|0|408000|346|2768075|362767
1200000|1|6000|8|3|1|2|408000|346|2768075|415736
1200000|1|6000|8|3|0|0|408000|347|2776076|362810
1200000|1|6000|8|3|1|2|408000|347|2776076|416187
1200000|1|6000|8|3|0|0|408000|348|2784076|361577
1200000|1|6000|8|3|1|2|408000|348|2784076|416474
1200000|1|6000|8|3|0|0|408000|349|2792077|361293
1200000|1|6000|8|3|1|2|408000|349|2792077|416471
1200000|1|6000|8|3|0|0|408000|350|2800076|360103
1200000|1|6000|8|3|1|2|408000|350|2800076|417254
1200000|1|6000|8|3|0|0|408000|351|2808077|359650
1200000|1|6000|8|3|1|2|408000|351|2808077|417089
1200000|1|6000|8|3|0|0|408000|352|2816077|358790
1200000|1|6000|8|3|1|2|408000|352|2816077|417335
1200000|1|6000|8|3|0|0|408000|353|2824078|358094
1200000|1|6000|8|3|1|2|408000|353|2824078|416432
1200000|1|6000|8|3|0|0|408000|354|2832077|357150
1200000|1|6000|8|3|1|2|408000|354|2832077|417170
1200000|1|6000|8|3|0|0|408000|355|2840078|356617
1200000|1|6000|8|3|1|2|408000|355|2840078|416842
1200000|1|6000|8|3|0|0|408000|356|2848078|356658
1200000|1|6000|8|3|1|2|408000|356|2848078|417249
1200000|1|6000|8|3|0|0|408000|357|2856079|356988
1200000|1|6000|8|3|1|2|408000|357|2856079|416721
1200000|1|6000|8|3|0|0|408000|358|2864078|357767
1200000|1|6000|8|3|1|2|408000|358|2864078|417457
1200000|1|6000|8|3|0|0|408000|359|2872079|358177
1200000|1|6000|8|3|1|2|408000|359|2872079|417785
1200000|1|6000|8|3|0|0|408000|360|2880080|358095
1200000|1|6000|8|3|1|2|408000|360|2880080|418112
1200000|1|6000|8|3|0|0|408000|361|2888081|358460
1200000|1|6000|8|3|1|2|408000|361|2888081|418932
1200000|1|6000|8|3|0|0|408000|362|2896082|358751
1200000|1|6000|8|3|1|2|408000|362|2896082|419508
1200000|1|6000|8|3|0|0|408000|363|2904082|357968
1200000|1|6000|8|3|1|2|408000|363|2904082|420410
1200000|1|6000|8|3|0|0|408000|364|2912084|357068
1200000|1|6000|8|3|1|2|408000|364|2912084|420697
1200000|1|6000|8|3|0|0|408000|365|2920084|356166
1200000|1|6000|8|3|1|2|408000|365|2920084|421517
1200000|1|6000|8|3|0|0|408000|366|2928085|355510
1200000|1|6000|8|3|1|2|408000|366|2928085|422501
1200000|1|6000|8|3|0|0|408000|367|2936087|355307
1200000|1|6000|8|3|1|2|408000|367|2936087|422747
1200000|1|6000|8|3|0|0|408000|368|2944089|354977
1200000|1|6000|8|3|1|2|408000|368|2944089|423117
1200000|1|6000|8|3|0|0|408000|369|2952091|354568
1200000|1|6000|8|3|1|2|408000|369|2952091|423404
1200000|1|6000|8|3|0|0|408000|370|2960092|354401
1200000|1|6000|8|3|1|2|408000|370|2960092|423977
1200000|1|6000|8|3|0|0|408000|371|2968095|355019
1200000|1|6000|8|3|1|2|408000|371|2968095|424224
1200000|1|6000|8|3|0|0|408000|372|2976097|355797
1200000|1|6000|8|3|1|2|408000|372|2976097|424550
1200000|1|6000|8|3|0|0|408000|373|2984098|355964
1200000|1|6000|8|3|1|2|408000|373|2984098|424183
1200000|1|6000|8|3|0|0|408000|374|2992098|356618
1200000|1|6000|8|3|1|2|408000|374|2992098|424878
1200000|1|6000|8|3|0|0|408000|375|3000098|356987
1200000|1|6000|8|3|1|2|408000|375|3000098|425411
1200000|1|6000|8|3|0|0|408000|376|3008099|357068
1200000|1|6000|8|3|1|2|408000|376|3008099|426232
1200000|1|6000|8|3|0|0|408000|377|3016100|357396
1200000|1|6000|8|3|1|2|408000|377|3016100|426315
1200000|1|6000|8|3|0|0|408000|378|3024100|357393
1200000|1|6000|8|3|1|2|408000|378|3024100|426886
1200000|1|6000|8|3|0|0|408000|379|3032101|357762
1200000|1|6000|8|3|1|2|408000|379|3032101|426559
1200000|1|6000|8|3|0|0|408000|380|3040101|357152
1200000|1|6000|8|3|1|2|408000|380|3040101|426069
1200000|1|6000|8|3|0|0|408000|381|3048102|356865
1200000|1|6000|8|3|1|2|408000|381|3048102|425330
1200000|1|6000|8|3|0|0|408000|382|3056100|356494
1200000|1|6000|8|3|1|2|408000|382|3056100|423935
1200000|1|6000|8|3|0|0|408000|383|3064101|356576
1200000|1|6000|8|3|1|2|408000|383|3064101|422583
1200000|1|6000|8|3|0|0|408000|384|3072099|356209
1200000|1|6000|8|3|1|2|408000|384|3072099|421929
1200000|1|6000|8|3|0|0|408000|385|3080100|356371
1200000|1|6000|8|3|1|2|408000|385|3080100|420575
1200000|1|6000|8|3|0|0|408000|386|3088098|356166
1200000|1|6000|8|3|1|2|408000|386|3088098|420204
1200000|1|6000|8|3|0|0|408000|387|3096098|356496
1200000|1|6000|8|3|1|2|408000|387|3096098|419671
1200000|1|6000|8|3|0|0|408000|388|3104098|356453
1200000|1|6000|8|3|1|2|408000|388|3104098|420245
1200000|1|6000|8|3|0|0|408000|389|3112099|356128
1200000|1|6000|8|3|1|2|408000|389|3112099|421107
1200000|1|6000|8|3|0|0|408000|390|3120101|356289
1200000|1|6000|8|3|1|2|408000|390|3120101|421926
1200000|1|6000|8|3|0|0|408000|391|3128102|356085
1200000|1|6000|8|3|1|2|408000|391|3128102|422335
1200000|1|6000|8|3|0|0|408000|392|3136102|356166
1200000|1|6000|8|3|1|2|408000|392|3136102|422336
1200000|1|6000|8|3|0|0|408000|393|3144103|355264
1200000|1|6000|8|3|1|2|408000|393|3144103|422621
1200000|1|6000|8|3|0|0|408000|394|3152103|355061
1200000|1|6000|8|3|1|2|408000|394|3152103|422867
1200000|1|6000|8|3|0|0|408000|395|3160104|355388
1200000|1|6000|8|3|1|2|408000|395|3160104|423444
1200000|1|6000|8|3|0|0|408000|396|3168105|355266
1200000|1|6000|8|3|1|2|408000|396|3168105|424673
1200000|1|6000|8|3|0|0|408000|397|3176107|355182
1200000|1|6000|8|3|1|2|408000|397|3176107|425576
1200000|1|6000|8|3|0|0|408000|398|3184109|355142
1200000|1|6000|8|3|1|2|408000|398|3184109|426517
1200000|1|6000|8|3|0|0|408000|399|3192111|355550
1200000|1|6000|8|3|1|2|408000|399|3192111|427748
1200000|1|6000|8|3|0|0|408000|400|3200113|355263
1200000|1|6000|8|3|1|2|408000|400|3200113|428898
1200000|1|6000|8|3|0|0|408000|401|3208115|355552
1200000|1|6000|8|3|1|2|408000|401|3208115|430824
1200000|1|6000|8|3|0|0|408000|402|3216117|355592
1200000|1|6000|8|3|1|2|408000|402|3216117|430865
1200000|1|6000|8|3|0|0|408000|403|3224118|355836
1200000|1|6000|8|3|1|2|408000|403|3224118|431193
1200000|1|6000|8|3|0|0|408000|404|3232118|356371
1200000|1|6000|8|3|1|2|408000|404|3232118|430701
1200000|1|6000|8|3|0|0|408000|405|3240118|356413
1200000|1|6000|8|3|1|2|408000|405|3240118|431481
1200000|1|6000|8|3|0|0|408000|406|3248119|356290
1200000|1|6000|8|3|1|2|408000|406|3248119|432300
1200000|1|6000|8|3|0|0|408000|407|3256121|356496
1200000|1|6000|8|3|1|2|408000|407|3256121|432627
1200000|1|6000|8|3|0|0|408000|408|3264121|355921
1200000|1|6000|8|3|1|2|408000|408|3264121|433653
1200000|1|6000|8|3|0|0|408000|409|3272122|355469
1200000|1|6000|8|3|1|2|408000|409|3272122|433939
1200000|1|6000|8|3|0|0|408000|410|3280122|354733
1200000|1|6000|8|3|1|2|408000|410|3280122|435497
1200000|1|6000|8|3|0|0|408000|411|3288124|354199
1200000|1|6000|8|3|1|2|408000|411|3288124|436524
1200000|1|6000|8|3|0|0|408000|412|3296125|353913
1200000|1|6000|8|3|1|2|408000|412|3296125|437303
1200000|1|6000|8|3|0|0|408000|413|3304126|353215
1200000|1|6000|8|3|1|2|408000|413|3304126|437875
1200000|1|6000|8|3|0|0|408000|414|3312127|353257
1200000|1|6000|8|3|1|2|408000|414|3312127|439064
1200000|1|6000|8|3|0|0|408000|415|3320128|352804
1200000|1|6000|8|3|1|2|408000|415|3320128|440787
1200000|1|6000|8|3|0|0|408000|416|3328131|353749
1200000|1|6000|8|3|1|2|408000|416|3328131|442303
1200000|1|6000|8|3|0|0|408000|417|3336134|353296
1200000|1|6000|8|3|1|2|408000|417|3336134|443861
1200000|1|6000|8|3|0|0|408000|418|3344136|353254
1200000|1|6000|8|3|1|2|408000|418|3344136|444682
1200000|1|6000|8|3|0|0|408000|419|3352137|352804
1200000|1|6000|8|3|1|2|408000|419|3352137|445420
1200000|1|6000|8|3|0|0|408000|420|3360138|352764
1200000|1|6000|8|3|1|2|408000|420|3360138|447140
1200000|1|6000|8|3|0|0|408000|421|3368140|352353
1200000|1|6000|8|3|1|2|408000|421|3368140|448781
1200000|1|6000|8|3|0|0|408000|422|3376143|352067
1200000|1|6000|8|3|1|2|408000|422|3376143|449927
1200000|1|6000|8|3|0|0|408000|423|3384144|351900
1200000|1|6000|8|3|1|2|408000|423|3384144|450749
1200000|1|6000|8|3|0|0|408000|424|3392145|351531
1200000|1|6000|8|3|1|2|408000|424|3392145|450997
1200000|1|6000|8|3|0|0|408000|425|3400144|351531
1200000|1|6000|8|3|1|2|408000|425|3400144|451363
1200000|1|6000|8|3|0|0|408000|426|3408145|351329
1200000|1|6000|8|3|1|2|408000|426|3408145|452143
1200000|1|6000|8|3|0|0|408000|427|3416145|351367
1200000|1|6000|8|3|1|2|408000|427|3416145|452226
1200000|1|6000|8|3|0|0|408000|428|3424145|351084
1200000|1|6000|8|3|1|2|408000|428|3424145|452348
1200000|1|6000|8|3|0|0|408000|429|3432144|351616
1200000|1|6000|8|3|1|2|408000|429|3432144|452061
1200000|1|6000|8|3|0|0|408000|430|3440144|351248
1200000|1|6000|8|3|1|2|408000|430|3440144|452021
1200000|1|6000|8|3|0|0|408000|431|3448144|350878
1200000|1|6000|8|3|1|2|408000|431|3448144|452185
1200000|1|6000|8|3|0|0|408000|432|3456144|350057
1200000|1|6000|8|3|1|2|408000|432|3456144|452882
1200000|1|6000|8|3|0|0|408000|433|3464145|349074
1200000|1|6000|8|3|1|2|408000|433|3464145|453372
1200000|1|6000|8|3|0|0|408000|434|3472145|348500
1200000|1|6000|8|3|1|2|408000|434|3472145|454316
1200000|1|6000|8|3|0|0|408000|435|3480147|348296
1200000|1|6000|8|3|1|2|408000|435|3480147|454685
1200000|1|6000|8|3|0|0|408000|436|3488148|347886
1200000|1|6000|8|3|1|2|408000|436|3488148|455014
1200000|1|6000|8|3|0|0|408000|437|3496150|347600
1200000|1|6000|8|3|1|2|408000|437|3496150|455668
1200000|1|6000|8|3|0|0|408000|438|3504151|347023
1200000|1|6000|8|3|1|2|408000|438|3504151|456896
1200000|1|6000|8|3|0|0|408000|439|3512153|346079
1200000|1|6000|8|3|1|2|408000|439|3512153|458455
1200000|1|6000|8|3|0|0|408000|440|3520155|344892
1200000|1|6000|8|3|1|2|408000|440|3520155|458130
1200000|1|6000|8|3|0|0|408000|441|3528155|344030
1200000|1|6000|8|3|1|2|408000|441|3528155|459112
1200000|1|6000|8|3|0|0|408000|442|3536157|342965
1200000|1|6000|8|3|1|2|408000|442|3536157|459196
1200000|1|6000|8|3|0|0|408000|443|3544157|342268
1200000|1|6000|8|3|1|2|408000|443|3544157|459482
1200000|1|6000|8|3|0|0|408000|444|3552158|340629
1200000|1|6000|8|3|1|2|408000|444|3552158|459891
1200000|1|6000|8|3|0|0|408000|445|3560160|340383
1200000|1|6000|8|3|1|2|408000|445|3560160|460056
1200000|1|6000|8|3|0|0|408000|446|3568161|340012
1200000|1|6000|8|3|1|2|408000|446|3568161|460222
1200000|1|6000|8|3|0|0|408000|447|3576162|340381
1200000|1|6000|8|3|1|2|408000|447|3576162|459851
1200000|1|6000|8|3|0|0|408000|448|3584162|339725
1200000|1|6000|8|3|1|2|408000|448|3584162|460509
1200000|1|6000|8|3|0|0|408000|449|3592163|339440
1200000|1|6000|8|3|1|2|408000|449|3592163|460262
1200000|1|6000|8|3|0|0|408000|450|3600164|338822
1200000|1|6000|8|3|1|2|408000|450|3600164|460466
1200000|1|6000|8|3|0|0|408000|451|3608165|337758
1200000|1|6000|8|3|1|2|408000|451|3608165|460590
1200000|1|6000|8|3|0|0|408000|452|3616166|337347
1200000|1|6000|8|3|1|2|408000|452|3616166|460466
1200000|1|6000|8|3|0|0|408000|453|3624167|336200
1200000|1|6000|8|3|1|2|408000|453|3624167|461286
1200000|1|6000|8|3|0|0|408000|454|3632168|336037
1200000|1|6000|8|3|1|2|408000|454|3632168|461902
1200000|1|6000|8|3|0|0|408000|455|3640170|335789
1200000|1|6000|8|3|1|2|408000|455|3640170|461898
1200000|1|6000|8|3|0|0|408000|456|3648170|335996
1200000|1|6000|8|3|1|2|408000|456|3648170|461406
1200000|1|6000|8|3|0|0|408000|457|3656169|336448
1200000|1|6000|8|3|1|2|408000|457|3656169|461615
1200000|1|6000|8|3|0|0|408000|458|3664169|336692
1200000|1|6000|8|3|1|2|408000|458|3664169|461449
1200000|1|6000|8|3|0|0|408000|459|3672169|336734
1200000|1|6000|8|3|1|2|408000|459|3672169|461778
1200000|1|6000|8|3|0|0|408000|460|3680168|336937
1200000|1|6000|8|3|1|2|408000|460|3680168|462064
1200000|1|6000|8|3|0|0|408000|461|3688169|337224
1200000|1|6000|8|3|1|2|408000|461|3688169|462108
1200000|1|6000|8|3|0|0|408000|462|3696168|337511
1200000|1|6000|8|3|1|2|408000|462|3696168|462351
1200000|1|6000|8|3|0|0|408000|463|3704169|338250
1200000|1|6000|8|3|1|2|408000|463|3704169|463211
1200000|1|6000|8|3|0|0|408000|464|3712170|338415
1200000|1|6000|8|3|1|2|408000|464|3712170|463416
1200000|1|6000|8|3|0|0|408000|465|3720171|339521
1200000|1|6000|8|3|1|2|408000|465|3720171|464036
1200000|1|6000|8|3|0|0|408000|466|3728173|339807
1200000|1|6000|8|3|1|2|408000|466|3728173|464732
1200000|1|6000|8|3|0|0|408000|467|3736174|340094
1200000|1|6000|8|3|1|2|408000|467|3736174|465387
1200000|1|6000|8|3|0|0|408000|468|3744175|339848
1200000|1|6000|8|3|1|2|408000|468|3744175|466085
1200000|1|6000|8|3|0|0|408000|469|3752176|340419
1200000|1|6000|8|3|1|2|408000|469|3752176|466699
1200000|1|6000|8|3|0|0|408000|470|3760177|340135
1200000|1|6000|8|3|1|2|408000|470|3760177|466699
1200000|1|6000|8|3|0|0|408000|471|3768177|340342
1200000|1|6000|8|3|1|2|408000|471|3768177|466535
1200000|1|6000|8|3|0|0|408000|472|3776177|340832
1200000|1|6000|8|3|1|2|408000|472|3776177|466864
1200000|1|6000|8|3|0|0|408000|473|3784176|340628
1200000|1|6000|8|3|1|2|408000|473|3784176|466655
1200000|1|6000|8|3|0|0|408000|474|3792177|341240
1200000|1|6000|8|3|1|2|408000|474|3792177|466613
1200000|1|6000|8|3|0|0|408000|475|3800177|341283
1200000|1|6000|8|3|1|2|408000|475|3800177|466208
1200000|1|6000|8|3|0|0|408000|476|3808178|342145
1200000|1|6000|8|3|1|2|408000|476|3808178|466494
1200000|1|6000|8|3|0|0|408000|477|3816178|342637
1200000|1|6000|8|3|1|2|408000|477|3816178|466656
1200000|1|6000|8|3|0|0|408000|478|3824178|342925
1200000|1|6000|8|3|1|2|408000|478|3824178|466167
1200000|1|6000|8|3|0|0|408000|479|3832178|342678
1200000|1|6000|8|3|1|2|408000|479|3832178|465468
1200000|1|6000|8|3|0|0|408000|480|3840177|342720
1200000|1|6000|8|3|1|2|408000|480|3840177|465345
1200000|1|6000|8|3|0|0|408000|481|3848178|342636
1200000|1|6000|8|3|1|2|408000|481|3848178|465099
1200000|1|6000|8|3|0|0|408000|482|3856177|342799
1200000|1|6000|8|3|1|2|408000|482|3856177|465060
1200000|1|6000|8|3|0|0|408000|483|3864178|342719
1200000|1|6000|8|3|1|2|408000|483|3864178|464974
1200000|1|6000|8|3|0|0|408000|484|3872178|342349
1200000|1|6000|8|3|1|2|408000|484|3872178|464441
1200000|1|6000|8|3|0|0|408000|485|3880178|343047
1200000|1|6000|8|3|1|2|408000|485|3880178|463870
1200000|1|6000|8|3|0|0|408000|486|3888178|343334
1200000|1|6000|8|3|1|2|408000|486|3888178|463419
1200000|1|6000|8|3|0|0|408000|487|3896178|343743
1200000|1|6000|8|3|1|2|408000|487|3896178|463050
1200000|1|6000|8|3|0|0|408000|488|3904177|343827
1200000|1|6000|8|3|1|2|408000|488|3904177|462926
1200000|1|6000|8|3|0|0|408000|489|3912178|343987
1200000|1|6000|8|3|1|2|408000|489|3912178|462517
1200000|1|6000|8|3|0|0|408000|490|3920178|343825
1200000|1|6000|8|3|1|2|408000|490|3920178|462391
1200000|1|6000|8|3|0|0|408000|491|3928178|343248
1200000|1|6000|8|3|1|2|408000|491|3928178|462393
1200000|1|6000|8|3|0|0|408000|492|3936178|342880
1200000|1|6000|8|3|1|2|408000|492|3936178|462595
1200000|1|6000|8|3|0|0|408000|493|3944179|342555
1200000|1|6000|8|3|1|2|408000|493|3944179|463255
1200000|1|6000|8|3|0|0|408000|494|3952180|342474
1200000|1|6000|8|3|1|2|408000|494|3952180|463870
1200000|1|6000|8|3|0|0|408000|495|3960181|342226
1200000|1|6000|8|3|1|2|408000|495|3960181|464157
1200000|1|6000|8|3|0|0|408000|496|3968182|342227
1200000|1|6000|8|3|1|2|408000|496|3968182|464361
1200000|1|6000|8|3|0|0|408000|497|3976183|342145
1200000|1|6000|8|3|1|2|408000|497|3976183|464730
1200000|1|6000|8|3|0|0|408000|498|3984183|342924
1200000|1|6000|8|3|1|2|408000|498|3984183|464977
1200000|1|6000|8|3|0|0|408000|499|3992185|343455
1200000|1|6000|8|3|1|2|408000|499|3992185|465141
1200000|1|6000|8|3|0|0|408000|500|4000185|343740
1200000|1|6000|8|3|1|2|408000|500|4000185|464608
1200000|1|6000|8|3|0|0|408000|501|4008186|344277
1200000|1|6000|8|3|1|2|408000|501|4008186|465018
1200000|1|6000|8|3|0|0|408000|502|4016186|344687
1200000|1|6000|8|3|1|2|408000|502|4016186|465346
1200000|1|6000|8|3|0|0|408000|503|4024188|345384
1200000|1|6000|8|3|1|2|408000|503|4024188|466205
1200000|1|6000|8|3|0|0|408000|504|4032190|345876
1200000|1|6000|8|3|1|2|408000|504|4032190|467270
1200000|1|6000|8|3|0|0|408000|505|4040193|346446
1200000|1|6000|8|3|1|2|408000|505|4040193|468174
1200000|1|6000|8|3|0|0|408000|506|4048195|346367
1200000|1|6000|8|3|1|2|408000|506|4048195|469691
1200000|1|6000|8|3|0|0|408000|507|4056198|345712
1200000|1|6000|8|3|1|2|408000|507|4056198|469527
1200000|1|6000|8|3|0|0|408000|508|4064198|345384
1200000|1|6000|8|3|1|2|408000|508|4064198|469897
1200000|1|6000|8|3|0|0|408000|509|4072198|344729
1200000|1|6000|8|3|1|2|408000|509|4072198|468953
1200000|1|6000|8|3|0|0|408000|510|4080198|344438
1200000|1|6000|8|3|1|2|408000|510|4080198|469652
1200000|1|6000|8|3|0|0|408000|511|4088199|344154
1200000|1|6000|8|3|1|2|408000|511|4088199|469363
1200000|1|6000|8|3|0|0|408000|512|4096199|343786
1200000|1|6000|8|3|1|2|408000|512|4096199|469282
1200000|1|6000|8|3|0|0|408000|513|4104199|343950
1200000|1|6000|8|3|1|2|408000|513|4104199|469241
1200000|1|6000|8|3|0|0|408000|514|4112199|343619
1200000|1|6000|8|3|1|2|408000|514|4112199|468952
1200000|1|6000|8|3|0|0|408000|515|4120199|343212
1200000|1|6000|8|3|1|2|408000|515|4120199|469487
1200000|1|6000|8|3|0|0|408000|516|4128200|342104
1200000|1|6000|8|3|1|2|408000|516|4128200|469733
1200000|1|6000|8|3|0|0|408000|517|4136201|341362
1200000|1|6000|8|3|1|2|408000|517|4136201|469402
1200000|1|6000|8|3|0|0|408000|518|4144201|340134
1200000|1|6000|8|3|1|2|408000|518|4144201|468668
1200000|1|6000|8|3|0|0|408000|519|4152202|339193
1200000|1|6000|8|3|1|2|408000|519|4152202|468379
1200000|1|6000|8|3|0|0|408000|520|4160203|338041
1200000|1|6000|8|3|1|2|408000|520|4160203|468051
1200000|1|6000|8|3|0|0|408000|521|4168203|337431
1200000|1|6000|8|3|1|2|408000|521|4168203|467684
1200000|1|6000|8|3|0|0|408000|522|4176204|338044
1200000|1|6000|8|3|1|2|408000|522|4176204|467110
1200000|1|6000|8|3|0|0|408000|523|4184203|338288
1200000|1|6000|8|3|1|2|408000|523|4184203|466204
1200000|1|6000|8|3|0|0|408000|524|4192204|338784
1200000|1|6000|8|3|1|2|408000|524|4192204|466617
1200000|1|6000|8|3|0|0|408000|525|4200204|338004
1200000|1|6000|8|3|1|2|408000|525|4200204|466411
1200000|1|6000|8|3|0|0|408000|526|4208204|338411
1200000|1|6000|8|3|1|2|408000|526|4208204|466700
1200000|1|6000|8|3|0|0|408000|527|4216205|337717
1200000|1|6000|8|3|1|2|408000|527|4216205|466083
1200000|1|6000|8|3|0|0|408000|528|4224204|336898
1200000|1|6000|8|3|1|2|408000|528|4224204|465632
1200000|1|6000|8|3|0|0|408000|529|4232204|336404
1200000|1|6000|8|3|1|2|408000|529|4232204|465428
1200000|1|6000|8|3|0|0|408000|530|4240204|335911
1200000|1|6000|8|3|1|2|408000|530|4240204|465224
1200000|1|6000|8|3|0|0|408000|531|4248205|335953
1200000|1|6000|8|3|1|2|408000|531|4248205|465100
1200000|1|6000|8|3|0|0|408000|532|4256205|335584
1200000|1|6000|8|3|1|2|408000|532|4256205|464768
1200000|1|6000|8|3|0|0|408000|533|4264206|335584
1200000|1|6000|8|3|1|2|408000|533|4264206|464855
1200000|1|6000|8|3|0|0|408000|534|4272206|335913
1200000|1|6000|8|3|1|2|408000|534|4272206|464568
1200000|1|6000|8|3|0|0|408000|535|4280206|336118
1200000|1|6000|8|3|1|2|408000|535|4280206|464440
1200000|1|6000|8|3|0|0|408000|536|4288206|335873
1200000|1|6000|8|3|1|2|408000|536|4288206|464482
1200000|1|6000|8|3|0|0|408000|537|4296207|336606
1200000|1|6000|8|3|1|2|408000|537|4296207|464116
1200000|1|6000|8|3|0|0|408000|538|4304207|337267
1200000|1|6000|8|3|1|2|408000|538|4304207|463952
1200000|1|6000|8|3|0|0|408000|539|4312207|337389
1200000|1|6000|8|3|1|2|408000|539|4312207|464853
1200000|1|6000|8|3|0|0|408000|540|4320208|337797
1200000|1|6000|8|3|1|2|408000|540|4320208|464772
1200000|1|6000|8|3|0|0|408000|541|4328208|338167
1200000|1|6000|8|3|1|2|408000|541|4328208|464606
1200000|1|6000|8|3|0|0|408000|542|4336209|338825
1200000|1|6000|8|3|1|2|408000|542|4336209|464321
1200000|1|6000|8|3|0|0|408000|543|4344209|338825
1200000|1|6000|8|3|1|2|408000|543|4344209|464403
1200000|1|6000|8|3|0|0|408000|544|4352209|339849
1200000|1|6000|8|3|1|2|408000|544|4352209|463993
1200000|1|6000|8|3|0|0|408000|545|4360209|339316
1200000|1|6000|8|3|1|2|408000|545|4360209|464319
1200000|1|6000|8|3|0|0|408000|546|4368210|339274
1200000|1|6000|8|3|1|2|408000|546|4368210|464074
1200000|1|6000|8|3|0|0|408000|547|4376211|339603
1200000|1|6000|8|3|1|2|408000|547|4376211|464526
1200000|1|6000|8|3|0|0|408000|548|4384211|340014
1200000|1|6000|8|3|1|2|408000|548|4384211|464730
1200000|1|6000|8|3|0|0|408000|549|4392211|340300
1200000|1|6000|8|3|1|2|408000|549|4392211|464730
1200000|1|6000|8|3|0|0|408000|550|4400211|340543
1200000|1|6000|8|3|1|2|408000|550|4400211|464894
1200000|1|6000|8|3|0|0|408000|551|4408211|341038
1200000|1|6000|8|3|1|2|408000|551|4408211|465633
1200000|1|6000|8|3|0|0|408000|552|4416212|341037
1200000|1|6000|8|3|1|2|408000|552|4416212|465675
1200000|1|6000|8|3|0|0|408000|553|4424212|340955
1200000|1|6000|8|3|1|2|408000|553|4424212|465880
1200000|1|6000|8|3|0|0|408000|554|4432212|340502
1200000|1|6000|8|3|1|2|408000|554|4432212|465630
1200000|1|6000|8|3|0|0|408000|555|4440212|340915
1200000|1|6000|8|3|1|2|408000|555|4440212|466248
1200000|1|6000|8|3|0|0|408000|556|4448213|341162
1200000|1|6000|8|3|1|2|408000|556|4448213|466126
1200000|1|6000|8|3|0|0|408000|557|4456213|341244
1200000|1|6000|8|3|1|2|408000|557|4456213|466449
1200000|1|6000|8|3|0|0|408000|558|4464212|340996
1200000|1|6000|8|3|1|2|408000|558|4464212|466863
1200000|1|6000|8|3|0|0|408000|559|4472212|340341
1200000|1|6000|8|3|1|2|408000|559|4472212|467642
1200000|1|6000|8|3|0|0|408000|560|4480213|340094
1200000|1|6000|8|3|1|2|408000|560|4480213|467805
1200000|1|6000|8|3|0|0|408000|561|4488213|340218
1200000|1|6000|8|3|1|2|408000|561|4488213|468994
1200000|1|6000|8|3|0|0|408000|562|4496214|340340
1200000|1|6000|8|3|1|2|408000|562|4496214|468667
1200000|1|6000|8|3|0|0|408000|563|4504213|339972
1200000|1|6000|8|3|1|2|408000|563|4504213|468953
1200000|1|6000|8|3|0|0|408000|564|4512213|340298
1200000|1|6000|8|3|1|2|408000|564|4512213|469242
1200000|1|6000|8|3|0|0|408000|565|4520213|340421
1200000|1|6000|8|3|1|2|408000|565|4520213|469364
1200000|1|6000|8|3|0|0|408000|566|4528214|341244
1200000|1|6000|8|3|1|2|408000|566|4528214|469160
1200000|1|6000|8|3|0|0|408000|567|4536213|340711
1200000|1|6000|8|3|1|2|408000|567|4536213|469199
1200000|1|6000|8|3|0|0|408000|568|4544213|341037
1200000|1|6000|8|3|1|2|408000|568|4544213|469651
1200000|1|6000|8|3|0|0|408000|569|4552214|340875
1200000|1|6000|8|3|1|2|408000|569|4552214|470062
1200000|1|6000|8|3|0|0|408000|570|4560214|341283
1200000|1|6000|8|3|1|2|408000|570|4560214|470347
1200000|1|6000|8|3|0|0|408000|571|4568214|341571
1200000|1|6000|8|3|1|2|408000|571|4568214|470758
1200000|1|6000|8|3|0|0|408000|572|4576214|342021
1200000|1|6000|8|3|1|2|408000|572|4576214|471209
1200000|1|6000|8|3|0|0|408000|573|4584214|342350
1200000|1|6000|8|3|1|2|408000|573|4584214|471291
1200000|1|6000|8|3|0|0|408000|574|4592215|343292
1200000|1|6000|8|3|1|2|408000|574|4592215|471291
1200000|1|6000|8|3|0|0|408000|575|4600214|344154
1200000|1|6000|8|3|1|2|408000|575|4600214|471904
1200000|1|6000|8|3|0|0|408000|576|4608216|344400
1200000|1|6000|8|3|1|2|408000|576|4608216|473545
1200000|1|6000|8|3|0|0|408000|577|4616218|344853
1200000|1|6000|8|3|1|2|408000|577|4616218|474367
1200000|1|6000|8|3|0|0|408000|578|4624220|345138
1200000|1|6000|8|3|1|2|408000|578|4624220|475308
1200000|1|6000|8|3|0|0|408000|579|4632221|346201
1200000|1|6000|8|3|1|2|408000|579|4632221|476169
1200000|1|6000|8|3|0|0|408000|580|4640223|346942
1200000|1|6000|8|3|1|2|408000|580|4640223|477027
1200000|1|6000|8|3|0|0|408000|581|4648226|346696
1200000|1|6000|8|3|1|2|408000|581|4648226|478096
1200000|1|6000|8|3|0|0|408000|582|4656227|346283
1200000|1|6000|8|3|1|2|408000|582|4656227|478426
1200000|1|6000|8|3|0|0|408000|583|4664229|346285
1200000|1|6000|8|3|1|2|408000|583|4664229|478176
1200000|1|6000|8|3|0|0|408000|584|4672228|346489
1200000|1|6000|8|3|1|2|408000|584|4672228|477770
1200000|1|6000|8|3|0|0|408000|585|4680228|346983
1200000|1|6000|8|3|1|2|408000|585|4680228|478134
1200000|1|6000|8|3|0|0|408000|586|4688228|347228
1200000|1|6000|8|3|1|2|408000|586|4688228|478507
1200000|1|6000|8|3|0|0|408000|587|4696230|347434
1200000|1|6000|8|3|1|2|408000|587|4696230|478914
1200000|1|6000|8|3|0|0|408000|588|4704230|347803
1200000|1|6000|8|3|1|2|408000|588|4704230|478999
1200000|1|6000|8|3|0|0|408000|589|4712231|348990
1200000|1|6000|8|3|1|2|408000|589|4712231|479119
1200000|1|6000|8|3|0|0|408000|590|4720231|348869
1200000|1|6000|8|3|1|2|408000|590|4720231|479327
1200000|1|6000|8|3|0|0|408000|591|4728232|349153
1200000|1|6000|8|3|1|2|408000|591|4728232|479859
1200000|1|6000|8|3|0|0|408000|592|4736233|348828
1200000|1|6000|8|3|1|2|408000|592|4736233|480229
1200000|1|6000|8|3|0|0|408000|593|4744234|349278
1200000|1|6000|8|3|1|2|408000|593|4744234|481336
1200000|1|6000|8|3|0|0|408000|594|4752235|349321
1200000|1|6000|8|3|1|2|408000|594|4752235|482074
1200000|1|6000|8|3|0|0|408000|595|4760236|349567
1200000|1|6000|8|3|1|2|408000|595|4760236|482485
1200000|1|6000|8|3|0|0|408000|596|4768237|349606
1200000|1|6000|8|3|1|2|408000|596|4768237|483222
1200000|1|6000|8|3|0|0|408000|597|4776238|349604
1200000|1|6000|8|3|1|2|408000|597|4776238|483591
1200000|1|6000|8|3|0|0|408000|598|4784238|350385
1200000|1|6000|8|3|1|2|408000|598|4784238|484286
1200000|1|6000|8|3|0|0|408000|599|4792239|350673
1200000|1|6000|8|3|1|2|408000|599|4792239|484165
1200000|1|6000|8|3|0|0|408000|600|4800239|351409
1200000|1|6000|8|3|1|2|408000|600|4800239|485232
1200000|1|6000|8|3|0|0|408000|601|4808240|351451
1200000|1|6000|8|3|1|2|408000|601|4808240|486049
1200000|1|6000|8|3|0|0|408000|602|4816241|351861
1200000|1|6000|8|3|1|2|408000|602|4816241|487197
1200000|1|6000|8|3|0|0|408000|603|4824241|351451
1200000|1|6000|8|3|1|2|408000|603|4824241|487774
1200000|1|6000|8|3|0|0|408000|604|4832242|351984
1200000|1|6000|8|3|1|2|408000|604|4832242|488511
1200000|1|6000|8|3|0|0|408000|605|4840242|352148
1200000|1|6000|8|3|1|2|408000|605|4840242|488059
1200000|1|6000|8|3|0|0|408000|606|4848241|352395
1200000|1|6000|8|3|1|2|408000|606|4848241|488265
1200000|1|6000|8|3|0|0|408000|607|4856241|352887
1200000|1|6000|8|3|1|2|408000|607|4856241|487528
1200000|1|6000|8|3|0|0|408000|608|4864240|353171
1200000|1|6000|8|3|1|2|408000|608|4864240|486664
1200000|1|6000|8|3|0|0|408000|609|4872239|353542
1200000|1|6000|8|3|1|2|408000|609|4872239|486501
1200000|1|6000|8|3|0|0|408000|610|4880239|354158
1200000|1|6000|8|3|1|2|408000|610|4880239|485928
1200000|1|6000|8|3|0|0|408000|611|4888238|354362
1200000|1|6000|8|3|1|2|408000|611|4888238|486133
1200000|1|6000|8|3|0|0|408000|612|4896238|354319
1200000|1|6000|8|3|1|2|408000|612|4896238|485927
1200000|1|6000|8|3|0|0|408000|613|4904238|354529
1200000|1|6000|8|3|1|2|408000|613|4904238|487034
1200000|1|6000|8|3|0|0|408000|614|4912239|355101
1200000|1|6000|8|3|1|2|408000|614|4912239|487323
1200000|1|6000|8|3|0|0|408000|615|4920239|355389
1200000|1|6000|8|3|1|2|408000|615|4920239|487773
1200000|1|6000|8|3|0|0|408000|616|4928240|355961
1200000|1|6000|8|3|1|2|408000|616|4928240|487814
1200000|1|6000|8|3|0|0|408000|617|4936240|356085
1200000|1|6000|8|3|1|2|408000|617|4936240|488183
1200000|1|6000|8|3|0|0|408000|618|4944241|356084
1200000|1|6000|8|3|1|2|408000|618|4944241|488387
1200000|1|6000|8|3|0|0|408000|619|4952241|356003
1200000|1|6000|8|3|1|2|408000|619|4952241|488387
1200000|1|6000|8|3|0|0|408000|620|4960241|356535
1200000|1|6000|8|3|1|2|408000|620|4960241|487934
1200000|1|6000|8|3|0|0|408000|621|4968241|356575
1200000|1|6000|8|3|1|2|408000|621|4968241|487937
1200000|1|6000|8|3|0|0|408000|622|4976242|356904
1200000|1|6000|8|3|1|2|408000|622|4976242|488430
1200000|1|6000|8|3|0|0|408000|623|4984242|357192
1200000|1|6000|8|3|1|2|408000|623|4984242|488838
1200000|1|6000|8|3|0|0|408000|624|4992242|356987
1200000|1|6000|8|3|1|2|408000|624|4992242|489533
1200000|1|6000|8|3|0|0|408000|625|5000242|357520
1200000|1|6000|8|3|1|2|408000|625|5000242|489536
1200000|1|6000|8|3|0|0|408000|626|5008243|357560
1200000|1|6000|8|3|1|2|408000|626|5008243|489987
1200000|1|6000|8|3|0|0|408000|627|5016243|357191
1200000|1|6000|8|3|1|2|408000|627|5016243|490766
1200000|1|6000|8|3|0|0|408000|628|5024244|356536
1200000|1|6000|8|3|1|2|408000|628|5024244|491460
1200000|1|6000|8|3|0|0|408000|629|5032245|356001
1200000|1|6000|8|3|1|2|408000|629|5032245|491665
1200000|1|6000|8|3|0|0|408000|630|5040246|355593
1200000|1|6000|8|3|1|2|408000|630|5040246|491749
1200000|1|6000|8|3|0|0|408000|631|5048246|355100
1200000|1|6000|8|3|1|2|408000|631|5048246|491629
1200000|1|6000|8|3|0|0|408000|632|5056247|354690
1200000|1|6000|8|3|1|2|408000|632|5056247|491872
1200000|1|6000|8|3|0|0|408000|633|5064247|353871
1200000|1|6000|8|3|1|2|408000|633|5064247|492116
1200000|1|6000|8|3|0|0|408000|634|5072248|354035
1200000|1|6000|8|3|1|2|408000|634|5072248|492077
1200000|1|6000|8|3|0|0|408000|635|5080249|354444
1200000|1|6000|8|3|1|2|408000|635|5080249|492566
1200000|1|6000|8|3|0|0|408000|636|5088250|354401
1200000|1|6000|8|3|1|2|408000|636|5088250|494046
1200000|1|6000|8|3|0|0|408000|637|5096252|354610
1200000|1|6000|8|3|1|2|408000|637|5096252|495275
1200000|1|6000|8|3|0|0|408000|638|5104254|354240
1200000|1|6000|8|3|1|2|408000|638|5104254|496338
1200000|1|6000|8|3|0|0|408000|639|5112256|354482
1200000|1|6000|8|3|1|2|408000|639|5112256|497819
1200000|1|6000|8|3|0|0|408000|640|5120258|354114
1200000|1|6000|8|3|1|2|408000|640|5120258|497693
1200000|1|6000|8|3|0|0|408000|641|5128259|353172
1200000|1|6000|8|3|1|2|408000|641|5128259|498596
1200000|1|6000|8|3|0|0|408000|642|5136261|351903
1200000|1|6000|8|3|1|2|408000|642|5136261|498637
1200000|1|6000|8|3|0|0|408000|643|5144262|350096
1200000|1|6000|8|3|1|2|408000|643|5144262|498351
1200000|1|6000|8|3|0|0|408000|644|5152262|349524
1200000|1|6000|8|3|1|2|408000|644|5152262|497982
1200000|1|6000|8|3|0|0|408000|645|5160262|348172
1200000|1|6000|8|3|1|2|408000|645|5160262|498432
1200000|1|6000|8|3|0|0|408000|646|5168263|347392
1200000|1|6000|8|3|1|2|408000|646|5168263|498884
1200000|1|6000|8|3|0|0|408000|647|5176263|346368
1200000|1|6000|8|3|1|2|408000|647|5176263|498675
1200000|1|6000|8|3|0|0|408000|648|5184263|345671
1200000|1|6000|8|3|1|2|408000|648|5184263|499172
1200000|1|6000|8|3|0|0|408000|649|5192264|345300
1200000|1|6000|8|3|1|2|408000|649|5192264|499005
1200000|1|6000|8|3|0|0|408000|650|5200263|344522
1200000|1|6000|8|3|1|2|408000|650|5200263|499909
1200000|1|6000|8|3|0|0|408000|651|5208265|343293
1200000|1|6000|8|3|1|2|408000|651|5208265|500155
1200000|1|6000|8|3|0|0|408000|652|5216265|342349
1200000|1|6000|8|3|1|2|408000|652|5216265|501753
1200000|1|6000|8|3|0|0|408000|653|5224266|341039
1200000|1|6000|8|3|1|2|408000|653|5224266|502860
1200000|1|6000|8|3|0|0|408000|654|5232267|339891
1200000|1|6000|8|3|1|2|408000|654|5232267|503927
1200000|1|6000|8|3|0|0|408000|655|5240268|338374
1200000|1|6000|8|3|1|2|408000|655|5240268|504666
1200000|1|6000|8|3|0|0|408000|656|5248270|337471
1200000|1|6000|8|3|1|2|408000|656|5248270|505442
1200000|1|6000|8|3|0|0|408000|657|5256270|335830
1200000|1|6000|8|3|1|2|408000|657|5256270|505772
1200000|1|6000|8|3|0|0|408000|658|5264271|334969
1200000|1|6000|8|3|1|2|408000|658|5264271|506591
1200000|1|6000|8|3|0|0|408000|659|5272271|334028
1200000|1|6000|8|3|1|2|408000|659|5272271|506384
1200000|1|6000|8|3|0|0|408000|660|5280272|332921
1200000|1|6000|8|3|1|2|408000|660|5280272|506510
1200000|1|6000|8|3|0|0|408000|661|5288272|331855
1200000|1|6000|8|3|1|2|408000|661|5288272|506426
1200000|1|6000|8|3|0|0|408000|662|5296273|331073
1200000|1|6000|8|3|1|2|408000|662|5296273|506796
1200000|1|6000|8|3|0|0|408000|663|5304274|330746
1200000|1|6000|8|3|1|2|408000|663|5304274|506797
1200000|1|6000|8|3|0|0|408000|664|5312274|330990
1200000|1|6000|8|3|1|2|408000|664|5312274|507043
1200000|1|6000|8|3|0|0|408000|665|5320275|330460
1200000|1|6000|8|3|1|2|408000|665|5320275|506837
1200000|1|6000|8|3|0|0|408000|666|5328275|330049
1200000|1|6000|8|3|1|2|408000|666|5328275|507082
1200000|1|6000|8|3|0|0|408000|667|5336275|330254
1200000|1|6000|8|3|1|2|408000|667|5336275|506470
1200000|1|6000|8|3|0|0|408000|668|5344274|329967
1200000|1|6000|8|3|1|2|408000|668|5344274|506181
1200000|1|6000|8|3|0|0|408000|669|5352274|330870
1200000|1|6000|8|3|1|2|408000|669|5352274|505768
1200000|1|6000|8|3|0|0|408000|670|5360273|331320
1200000|1|6000|8|3|1|2|408000|670|5360273|505075
1200000|1|6000|8|3|0|0|408000|671|5368273|330869
1200000|1|6000|8|3|1|2|408000|671|5368273|504541
1200000|1|6000|8|3|0|0|408000|672|5376272|330950
1200000|1|6000|8|3|1|2|408000|672|5376272|504254
1200000|1|6000|8|3|0|0|408000|673|5384272|330748
1200000|1|6000|8|3|1|2|408000|673|5384272|504461
1200000|1|6000|8|3|0|0|408000|674|5392272|330993
1200000|1|6000|8|3|1|2|408000|674|5392272|504418
1200000|1|6000|8|3|0|0|408000|675|5400273|331117
1200000|1|6000|8|3|1|2|408000|675|5400273|504418
1200000|1|6000|8|3|0|0|408000|676|5408273|330953
1200000|1|6000|8|3|1|2|408000|676|5408273|504621
1200000|1|6000|8|3|0|0|408000|677|5416273|331198
1200000|1|6000|8|3|1|2|408000|677|5416273|504744
1200000|1|6000|8|3|0|0|408000|678|5424274|330500
1200000|1|6000|8|3|1|2|408000|678|5424274|504953
1200000|1|6000|8|3|0|0|408000|679|5432274|329926
1200000|1|6000|8|3|1|2|408000|679|5432274|505035
1200000|1|6000|8|3|0|0|408000|680|5440274|329557
1200000|1|6000|8|3|1|2|408000|680|5440274|504583
1200000|1|6000|8|3|0|0|408000|681|5448273|329965
1200000|1|6000|8|3|1|2|408000|681|5448273|504705
1200000|1|6000|8|3|0|0|408000|682|5456274|329598
1200000|1|6000|8|3|1|2|408000|682|5456274|505033
1200000|1|6000|8|3|0|0|408000|683|5464275|329436
1200000|1|6000|8|3|1|2|408000|683|5464275|505444
1200000|1|6000|8|3|0|0|408000|684|5472275|329187
1200000|1|6000|8|3|1|2|408000|684|5472275|505567
1200000|1|6000|8|3|0|0|408000|685|5480275|329065
1200000|1|6000|8|3|1|2|408000|685|5480275|505608
1200000|1|6000|8|3|0|0|408000|686|5488275|330252
1200000|1|6000|8|3|1|2|408000|686|5488275|506056
1200000|1|6000|8|3|0|0|408000|687|5496276|330789
1200000|1|6000|8|3|1|2|408000|687|5496276|506752
1200000|1|6000|8|3|0|0|408000|688|5504277|330620
1200000|1|6000|8|3|1|2|408000|688|5504277|506961
1200000|1|6000|8|3|0|0|408000|689|5512278|330256
1200000|1|6000|8|3|1|2|408000|689|5512278|507452
1200000|1|6000|8|3|0|0|408000|690|5520278|329722
1200000|1|6000|8|3|1|2|408000|690|5520278|507535
1200000|1|6000|8|3|0|0|408000|691|5528279|329350
1200000|1|6000|8|3|1|2|408000|691|5528279|508027
1200000|1|6000|8|3|0|0|408000|692|5536279|329065
1200000|1|6000|8|3|1|2|408000|692|5536279|507658
1200000|1|6000|8|3|0|0|408000|693|5544279|328123
1200000|1|6000|8|3|1|2|408000|693|5544279|507984
1200000|1|6000|8|3|0|0|408000|694|5552279|327300
1200000|1|6000|8|3|1|2|408000|694|5552279|507945
1200000|1|6000|8|3|0|0|408000|695|5560279|325992
1200000|1|6000|8|3|1|2|408000|695|5560279|508150
1200000|1|6000|8|3|0|0|408000|696|5568279|325662
1200000|1|6000|8|3|1|2|408000|696|5568279|508397
1200000|1|6000|8|3|0|0|408000|697|5576280|324393
1200000|1|6000|8|3|1|2|408000|697|5576280|509134
1200000|1|6000|8|3|0|0|408000|698|5584281|324143
1200000|1|6000|8|3|1|2|408000|698|5584281|509502
1200000|1|6000|8|3|0|0|408000|699|5592281|323858
1200000|1|6000|8|3|1|2|408000|699|5592281|509420
1200000|1|6000|8|3|0|0|408000|700|5600282|323286
1200000|1|6000|8|3|1|2|408000|700|5600282|510364
1200000|1|6000|8|3|0|0|408000|701|5608283|323204
1200000|1|6000|8|3|1|2|408000|701|5608283|510241
1200000|1|6000|8|3|0|0|408000|702|5616284|323366
1200000|1|6000|8|3|1|2|408000|702|5616284|511102
1200000|1|6000|8|3|0|0|408000|703|5624284|323817
1200000|1|6000|8|3|1|2|408000|703|5624284|510364
1200000|1|6000|8|3|0|0|408000|704|5632283|323653
1200000|1|6000|8|3|1|2|408000|704|5632283|510733
1200000|1|6000|8|3|0|0|408000|705|5640283|323818
1200000|1|6000|8|3|1|2|408000|705|5640283|509135
1200000|1|6000|8|3|0|0|408000|706|5648282|323323
1200000|1|6000|8|3|1|2|408000|706|5648282|509012
1200000|1|6000|8|3|0|0|408000|707|5656281|322626
1200000|1|6000|8|3|1|2|408000|707|5656281|507864
1200000|1|6000|8|3|0|0|408000|708|5664280|321891
1200000|1|6000|8|3|1|2|408000|708|5664280|507657
1200000|1|6000|8|3|0|0|408000|709|5672279|321808
1200000|1|6000|8|3|1|2|408000|709|5672279|506839
1200000|1|6000|8|3|0|0|408000|710|5680277|321770
1200000|1|6000|8|3|1|2|408000|710|5680277|507493
1200000|1|6000|8|3|0|0|408000|711|5688278|321767
1200000|1|6000|8|3|1|2|408000|711|5688278|506837
1200000|1|6000|8|3|0|0|408000|712|5696277|321933
1200000|1|6000|8|3|1|2|408000|712|5696277|506796
1200000|1|6000|8|3|0|0|408000|713|5704277|321314
1200000|1|6000|8|3|1|2|408000|713|5704277|506305
1200000|1|6000|8|3|0|0|408000|714|5712275|321686
1200000|1|6000|8|3|1|2|408000|714|5712275|506634
1200000|1|6000|8|3|0|0|408000|715|5720275|321642
1200000|1|6000|8|3|1|2|408000|715|5720275|506797
1200000|1|6000|8|3|0|0|408000|716|5728275|321727
1200000|1|6000|8|3|1|2|408000|716|5728275|507001
1200000|1|6000|8|3|0|0|408000|717|5736276|321563
1200000|1|6000|8|3|1|2|408000|717|5736276|506715
1200000|1|6000|8|3|0|0|408000|718|5744275|321440
1200000|1|6000|8|3|1|2|408000|718|5744275|507326
1200000|1|6000|8|3|0|0|408000|719|5752276|321277
1200000|1|6000|8|3|1|2|408000|719|5752276|507041
1200000|1|6000|8|3|0|0|408000|720|5760276|321111
1200000|1|6000|8|3|1|2|408000|720|5760276|506140
1200000|1|6000|8|3|0|0|408000|721|5768275|320783
1200000|1|6000|8|3|1|2|408000|721|5768275|505850
1200000|1|6000|8|3|0|0|408000|722|5776276|320168
1200000|1|6000|8|3|1|2|408000|722|5776276|505646
1200000|1|6000|8|3|0|0|408000|723|5784276|319471
1200000|1|6000|8|3|1|2|408000|723|5784276|505280
1200000|1|6000|8|3|0|0|408000|724|5792276|319103
1200000|1|6000|8|3|1|2|408000|724|5792276|505032
1200000|1|6000|8|3|0|0|408000|725|5800276|319388
1200000|1|6000|8|3|1|2|408000|725|5800276|504172
1200000|1|6000|8|3|0|0|408000|726|5808276|319184
1200000|1|6000|8|3|1|2|408000|726|5808276|504497
1200000|1|6000|8|3|0|0|408000|727|5816276|318694
1200000|1|6000|8|3|1|2|408000|727|5816276|503886
1200000|1|6000|8|3|0|0|408000|728|5824277|318406
1200000|1|6000|8|3|1|2|408000|728|5824277|503558
1200000|1|6000|8|3|0|0|408000|729|5832276|318159
1200000|1|6000|8|3|1|2|408000|729|5832276|503436
1200000|1|6000|8|3|0|0|408000|730|5840277|318241
1200000|1|6000|8|3|1|2|408000|730|5840277|503516
1200000|1|6000|8|3|0|0|408000|731|5848278|318529
1200000|1|6000|8|3|1|2|408000|731|5848278|504051
1200000|1|6000|8|3|0|0|408000|732|5856280|318118
1200000|1|6000|8|3|1|2|408000|732|5856280|504419
1200000|1|6000|8|3|0|0|408000|733|5864282|317544
1200000|1|6000|8|3|1|2|408000|733|5864282|504378
1200000|1|6000|8|3|0|0|408000|734|5872282|317093
1200000|1|6000|8|3|1|2|408000|734|5872282|504292
1200000|1|6000|8|3|0|0|408000|735|5880283|316480
1200000|1|6000|8|3|1|2|408000|735|5880283|504787
1200000|1|6000|8|3|0|0|408000|736|5888284|316353
1200000|1|6000|8|3|1|2|408000|736|5888284|505689
1200000|1|6000|8|3|0|0|408000|737|5896286|316602
1200000|1|6000|8|3|1|2|408000|737|5896286|506551
1200000|1|6000|8|3|0|0|408000|738|5904287|315824
1200000|1|6000|8|3|1|2|408000|738|5904287|507085
1200000|1|6000|8|3|0|0|408000|739|5912288|315946
1200000|1|6000|8|3|1|2|408000|739|5912288|507576
1200000|1|6000|8|3|0|0|408000|740|5920290|315327
1200000|1|6000|8|3|1|2|408000|740|5920290|506714
1200000|1|6000|8|3|0|0|408000|741|5928289|315576
1200000|1|6000|8|3|1|2|408000|741|5928289|506264
1200000|1|6000|8|3|0|0|408000|742|5936289|314879
1200000|1|6000|8|3|1|2|408000|742|5936289|504831
1200000|1|6000|8|3|0|0|408000|743|5944287|315330
1200000|1|6000|8|3|1|2|408000|743|5944287|503105
1200000|1|6000|8|3|0|0|408000|744|5952285|314757
1200000|1|6000|8|3|1|2|408000|744|5952285|501877
1200000|1|6000|8|3|0|0|408000|745|5960283|314757
1200000|1|6000|8|3|1|2|408000|745|5960283|500482
1200000|1|6000|8|3|0|0|408000|746|5968282|314714
1200000|1|6000|8|3|1|2|408000|746|5968282|499372
1200000|1|6000|8|3|0|0|408000|747|5976280|314635
1200000|1|6000|8|3|1|2|408000|747|5976280|498390
1200000|1|6000|8|3|0|0|408000|748|5984278|313895
1200000|1|6000|8|3|1|2|408000|748|5984278|498311
1200000|1|6000|8|3|0|0|408000|749|5992278|313691
1200000|1|6000|8|3|1|2|408000|749|5992278|497244
1200000|1|6000|8|3|0|0|408000|750|6000278|314101
1200000|1|6000|8|3|1|2|408000|750|6000278|495480
1200000|1|6000|8|3|0|0|408000|751|6008277|313359
1200000|1|6000|8|3|1|2|408000|751|6008277|494621
1200000|1|6000|8|3|0|0|408000|752|6016277|313363
1200000|1|6000|8|3|1|2|408000|752|6016277|493143
1200000|1|6000|8|3|0|0|408000|753|6024276|313075
1200000|1|6000|8|3|1|2|408000|753|6024276|492365
1200000|1|6000|8|3|0|0|408000|754|6032276|312545
1200000|1|6000|8|3|1|2|408000|754|6032276|491257
1200000|1|6000|8|3|0|0|408000|755|6040274|312421
1200000|1|6000|8|3|1|2|408000|755|6040274|490355
1200000|1|6000|8|3|0|0|408000|756|6048275|312584
1200000|1|6000|8|3|1|2|408000|756|6048275|489946
1200000|1|6000|8|3|0|0|408000|757|6056275|312542
1200000|1|6000|8|3|1|2|408000|757|6056275|490479
1200000|1|6000|8|3|0|0|408000|758|6064276|312543
1200000|1|6000|8|3|1|2|408000|758|6064276|490234
1200000|1|6000|8|3|0|0|408000|759|6072276|312380
1200000|1|6000|8|3|1|2|408000|759|6072276|489905
1200000|1|6000|8|3|0|0|408000|760|6080277|311765
1200000|1|6000|8|3|1|2|408000|760|6080277|488798
1200000|1|6000|8|3|0|0|408000|761|6088278|312256
1200000|1|6000|8|3|1|2|408000|761|6088278|488225
1200000|1|6000|8|3|0|0|408000|762|6096278|312130
1200000|1|6000|8|3|1|2|408000|762|6096278|487446
1200000|1|6000|8|3|0|0|408000|763|6104278|312954
1200000|1|6000|8|3|1|2|408000|763|6104278|486993
1200000|1|6000|8|3|0|0|408000|764|6112278|313610
1200000|1|6000|8|3|1|2|408000|764|6112278|487360
1200000|1|6000|8|3|0|0|408000|765|6120279|314264
1200000|1|6000|8|3|1|2|408000|765|6120279|487157
1200000|1|6000|8|3|0|0|408000|766|6128279|314019
1200000|1|6000|8|3|1|2|408000|766|6128279|487362
1200000|1|6000|8|3|0|0|408000|767|6136280|314797
1200000|1|6000|8|3|1|2|408000|767|6136280|487199
1200000|1|6000|8|3|0|0|408000|768|6144279|314264
1200000|1|6000|8|3|1|2|408000|768|6144279|487896
1200000|1|6000|8|3|0|0|408000|769|6152280|314428
1200000|1|6000|8|3|1|2|408000|769|6152280|487647
1200000|1|6000|8|3|0|0|408000|770|6160280|313526
1200000|1|6000|8|3|1|2|408000|770|6160280|488183
1200000|1|6000|8|3|0|0|408000|771|6168282|313774
1200000|1|6000|8|3|1|2|408000|771|6168282|489371
1200000|1|6000|8|3|0|0|408000|772|6176284|314016
1200000|1|6000|8|3|1|2|408000|772|6176284|490027
1200000|1|6000|8|3|0|0|408000|773|6184286|314058
1200000|1|6000|8|3|1|2|408000|773|6184286|490804
1200000|1|6000|8|3|0|0|408000|774|6192287|314183
1200000|1|6000|8|3|1|2|408000|774|6192287|491913
1200000|1|6000|8|3|0|0|408000|775|6200289|314673
1200000|1|6000|8|3|1|2|408000|775|6200289|492446
1200000|1|6000|8|3|0|0|408000|776|6208291|314716
1200000|1|6000|8|3|1|2|408000|776|6208291|493265
1200000|1|6000|8|3|0|0|408000|777|6216293|314716
1200000|1|6000|8|3|1|2|408000|777|6216293|493552
1200000|1|6000|8|3|0|0|408000|778|6224294|315332
1200000|1|6000|8|3|1|2|408000|778|6224294|493265
1200000|1|6000|8|3|0|0|408000|779|6232294|315372
1200000|1|6000|8|3|1|2|408000|779|6232294|492528
1200000|1|6000|8|3|0|0|408000|780|6240294|315537
1200000|1|6000|8|3|1|2|408000|780|6240294|491872
1200000|1|6000|8|3|0|0|408000|781|6248294|315372
1200000|1|6000|8|3|1|2|408000|781|6248294|491705
1200000|1|6000|8|3|0|0|408000|782|6256295|314917
1200000|1|6000|8|3|1|2|408000|782|6256295|491135
1200000|1|6000|8|3|0|0|408000|783|6264296|313772
1200000|1|6000|8|3|1|2|408000|783|6264296|490767
1200000|1|6000|8|3|0|0|408000|784|6272297|313241
1200000|1|6000|8|3|1|2|408000|784|6272297|490190
1200000|1|6000|8|3|0|0|408000|785|6280297|313361
1200000|1|6000|8|3|1|2|408000|785|6280297|489330
1200000|1|6000|8|3|0|0|408000|786|6288297|313239
1200000|1|6000|8|3|1|2|408000|786|6288297|488675
1200000|1|6000|8|3|0|0|408000|787|6296296|312543
1200000|1|6000|8|3|1|2|408000|787|6296296|489126
1200000|1|6000|8|3|0|0|408000|788|6304296|312790
1200000|1|6000|8|3|1|2|408000|788|6304296|489127
1200000|1|6000|8|3|0|0|408000|789|6312295|313035
1200000|1|6000|8|3|1|2|408000|789|6312295|489289
1200000|1|6000|8|3|0|0|408000|790|6320296|313485
1200000|1|6000|8|3|1|2|408000|790|6320296|488881
1200000|1|6000|8|3|0|0|408000|791|6328295|313650
1200000|1|6000|8|3|1|2|408000|791|6328295|488552
1200000|1|6000|8|3|0|0|408000|792|6336295|312749
1200000|1|6000|8|3|1|2|408000|792|6336295|488061
1200000|1|6000|8|3|0|0|408000|793|6344295|312626
1200000|1|6000|8|3|1|2|408000|793|6344295|487445
1200000|1|6000|8|3|0|0|408000|794|6352294|312130
1200000|1|6000|8|3|1|2|408000|794|6352294|486378
1200000|1|6000|8|3|0|0|408000|795|6360293|312294
1200000|1|6000|8|3|1|2|408000|795|6360293|485930
1200000|1|6000|8|3|0|0|408000|796|6368293|311803
1200000|1|6000|8|3|1|2|408000|796|6368293|484984
1200000|1|6000|8|3|0|0|408000|797|6376293|311842
1200000|1|6000|8|3|1|2|408000|797|6376293|484862
1200000|1|6000|8|3|0|0|408000|798|6384292|310944
1200000|1|6000|8|3|1|2|408000|798|6384292|483836
1200000|1|6000|8|3|0|0|408000|799|6392292|310902
1200000|1|6000|8|3|1|2|408000|799|6392292|483631
1200000|1|6000|8|3|0|0|408000|800|6400291|310408
1200000|1|6000|8|3|1|2|408000|800|6400291|482976
1200000|1|6000|8|3|0|0|408000|801|6408291|310042
1200000|1|6000|8|3|1|2|408000|801|6408291|482771
1200000|1|6000|8|3|0|0|408000|802|6416290|309304
1200000|1|6000|8|3|1|2|408000|802|6416290|482525
1200000|1|6000|8|3|0|0|408000|803|6424290|309100
1200000|1|6000|8|3|1|2|408000|803|6424290|481581
1200000|1|6000|8|3|0|0|408000|804|6432289|308280
1200000|1|6000|8|3|1|2|408000|804|6432289|481294
1200000|1|6000|8|3|0|0|408000|805|6440289|307868
1200000|1|6000|8|3|1|2|408000|805|6440289|480557
1200000|1|6000|8|3|0|0|408000|806|6448289|307828
1200000|1|6000|8|3|1|2|408000|806|6448289|480639
1200000|1|6000|8|3|0|0|408000|807|6456289|307457
1200000|1|6000|8|3|1|2|408000|807|6456289|480106
1200000|1|6000|8|3|0|0|408000|808|6464288|307663
1200000|1|6000|8|3|1|2|408000|808|6464288|481005
1200000|1|6000|8|3|0|0|408000|809|6472289|307377
1200000|1|6000|8|3|1|2|408000|809|6472289|480596
1200000|1|6000|8|3|0|0|408000|810|6480290|306883
1200000|1|6000|8|3|1|2|408000|810|6480290|480843
1200000|1|6000|8|3|0|0|408000|811|6488290|306392
1200000|1|6000|8|3|1|2|408000|811|6488290|480474
1200000|1|6000|8|3|0|0|408000|812|6496290|305981
1200000|1|6000|8|3|1|2|408000|812|6496290|480803
1200000|1|6000|8|3|0|0|408000|813|6504291|305655
1200000|1|6000|8|3|1|2|408000|813|6504291|481046
1200000|1|6000|8|3|0|0|408000|814|6512291|305737
1200000|1|6000|8|3|1|2|408000|814|6512291|480884
1200000|1|6000|8|3|0|0|408000|815|6520292|306476
1200000|1|6000|8|3|1|2|408000|815|6520292|480352
1200000|1|6000|8|3|0|0|408000|816|6528291|307251
1200000|1|6000|8|3|1|2|408000|816|6528291|480434
1200000|1|6000|8|3|0|0|408000|817|6536292|308075
1200000|1|6000|8|3|1|2|408000|817|6536292|479696
1200000|1|6000|8|3|0|0|408000|818|6544292|308155
1200000|1|6000|8|3|1|2|408000|818|6544292|478752
1200000|1|6000|8|3|0|0|408000|819|6552291|309057
1200000|1|6000|8|3|1|2|408000|819|6552291|478505
1200000|1|6000|8|3|0|0|408000|820|6560292|308972
1200000|1|6000|8|3|1|2|408000|820|6560292|478137
1200000|1|6000|8|3|0|0|408000|821|6568293|308975
1200000|1|6000|8|3|1|2|408000|821|6568293|477809
1200000|1|6000|8|3|0|0|408000|822|6576294|308155
1200000|1|6000|8|3|1|2|408000|822|6576294|477728
1200000|1|6000|8|3|0|0|408000|823|6584295|308688
1200000|1|6000|8|3|1|2|408000|823|6584295|477112
1200000|1|6000|8|3|0|0|408000|824|6592295|308607
1200000|1|6000|8|3|1|2|408000|824|6592295|477564
1200000|1|6000|8|3|0|0|408000|825|6600296|309141
1200000|1|6000|8|3|1|2|408000|825|6600296|478012
1200000|1|6000|8|3|0|0|408000|826|6608296|309222
1200000|1|6000|8|3|1|2|408000|826|6608296|477891
1200000|1|6000|8|3|0|0|408000|827|6616296|310451
1200000|1|6000|8|3|1|2|408000|827|6616296|477971
1200000|1|6000|8|3|0|0|408000|828|6624297|311067
1200000|1|6000|8|3|1|2|408000|828|6624297|477847
1200000|1|6000|8|3|0|0|408000|829|6632297|311597
1200000|1|6000|8|3|1|2|408000|829|6632297|477847
1200000|1|6000|8|3|0|0|408000|830|6640297|311642
1200000|1|6000|8|3|1|2|408000|830|6640297|477276
1200000|1|6000|8|3|0|0|408000|831|6648297|310615
1200000|1|6000|8|3|1|2|408000|831|6648297|476371
1200000|1|6000|8|3|0|0|408000|832|6656296|308607
1200000|1|6000|8|3|1|2|408000|832|6656296|474939
1200000|1|6000|8|3|0|0|408000|833|6664296|306965
1200000|1|6000|8|3|1|2|408000|833|6664296|473218
1200000|1|6000|8|3|0|0|408000|834|6672294|305612
1200000|1|6000|8|3|1|2|408000|834|6672294|473053
1200000|1|6000|8|3|0|0|408000|835|6680295|304794
1200000|1|6000|8|3|1|2|408000|835|6680295|471741
1200000|1|6000|8|3|0|0|408000|836|6688294|304425
1200000|1|6000|8|3|1|2|408000|836|6688294|471538
1200000|1|6000|8|3|0|0|408000|837|6696294|303974
1200000|1|6000|8|3|1|2|408000|837|6696294|469939
1200000|1|6000|8|3|0|0|408000|838|6704294|303359
1200000|1|6000|8|3|1|2|408000|838|6704294|470470
1200000|1|6000|8|3|0|0|408000|839|6712295|303153
1200000|1|6000|8|3|1|2|408000|839|6712295|470348
1200000|1|6000|8|3|0|0|408000|840|6720295|302620
1200000|1|6000|8|3|1|2|408000|840|6720295|469816
1200000|1|6000|8|3|0|0|408000|841|6728296|302335
1200000|1|6000|8|3|1|2|408000|841|6728296|469775
1200000|1|6000|8|3|0|0|408000|842|6736296|301759
1200000|1|6000|8|3|1|2|408000|842|6736296|469282
1200000|1|6000|8|3|0|0|408000|843|6744296|301720
1200000|1|6000|8|3|1|2|408000|843|6744296|469159
1200000|1|6000|8|3|0|0|408000|844|6752297|301227
1200000|1|6000|8|3|1|2|408000|844|6752297|468543
1200000|1|6000|8|3|0|0|408000|845|6760297|301555
1200000|1|6000|8|3|1|2|408000|845|6760297|467518
1200000|1|6000|8|3|0|0|408000|846|6768296|301103
1200000|1|6000|8|3|1|2|408000|846|6768296|466945
1200000|1|6000|8|3|0|0|408000|847|6776296|301021
1200000|1|6000|8|3|1|2|408000|847|6776296|466411
1200000|1|6000|8|3|0|0|408000|848|6784296|301143
1200000|1|6000|8|3|1|2|408000|848|6784296|466495
1200000|1|6000|8|3|0|0|408000|849|6792297|301387
1200000|1|6000|8|3|1|2|408000|849|6792297|465998
1200000|1|6000|8|3|0|0|408000|850|6800298|301309
1200000|1|6000|8|3|1|2|408000|850|6800298|465385
1200000|1|6000|8|3|0|0|408000|851|6808299|301350
1200000|1|6000|8|3|1|2|408000|851|6808299|464976
1200000|1|6000|8|3|0|0|408000|852|6816299|300612
1200000|1|6000|8|3|1|2|408000|852|6816299|464486
1200000|1|6000|8|3|0|0|408000|853|6824300|299383
1200000|1|6000|8|3|1|2|408000|853|6824300|464158
1200000|1|6000|8|3|0|0|408000|854|6832300|298728
1200000|1|6000|8|3|1|2|408000|854|6832300|463952
1200000|1|6000|8|3|0|0|408000|855|6840300|297537
1200000|1|6000|8|3|1|2|408000|855|6840300|463501
1200000|1|6000|8|3|0|0|408000|856|6848300|296754
1200000|1|6000|8|3|1|2|408000|856|6848300|463460
1200000|1|6000|8|3|0|0|408000|857|6856302|295692
1200000|1|6000|8|3|1|2|408000|857|6856302|463172
1200000|1|6000|8|3|0|0|408000|858|6864302|295652
1200000|1|6000|8|3|1|2|408000|858|6864302|462967
1200000|1|6000|8|3|0|0|408000|859|6872303|296226
1200000|1|6000|8|3|1|2|408000|859|6872303|462109
1200000|1|6000|8|3|0|0|408000|860|6880303|296349
1200000|1|6000|8|3|1|2|408000|860|6880303|461901
1200000|1|6000|8|3|0|0|408000|861|6888303|296635
1200000|1|6000|8|3|1|2|408000|861|6888303|461451
1200000|1|6000|8|3|0|0|408000|862|6896304|296839
1200000|1|6000|8|3|1|2|408000|862|6896304|462395
1200000|1|6000|8|3|0|0|408000|863|6904304|296880
1200000|1|6000|8|3|1|2|408000|863|6904304|463090
1200000|1|6000|8|3|0|0|408000|864|6912305|296266
1200000|1|6000|8|3|1|2|408000|864|6912305|463418
1200000|1|6000|8|3|0|0|408000|865|6920305|295938
1200000|1|6000|8|3|1|2|408000|865|6920305|463378
1200000|1|6000|8|3|0|0|408000|866|6928306|294707
1200000|1|6000|8|3|1|2|408000|866|6928306|463379
1200000|1|6000|8|3|0|0|408000|867|6936306|293230
1200000|1|6000|8|3|1|2|408000|867|6936306|463992
1200000|1|6000|8|3|0|0|408000|868|6944307|292163
1200000|1|6000|8|3|1|2|408000|868|6944307|463908
1200000|1|6000|8|3|0|0|408000|869|6952308|291346
1200000|1|6000|8|3|1|2|408000|869|6952308|463376
1200000|1|6000|8|3|0|0|408000|870|6960308|290399
1200000|1|6000|8|3|1|2|408000|870|6960308|462887
1200000|1|6000|8|3|0|0|408000|871|6968308|289993
1200000|1|6000|8|3|1|2|408000|871|6968308|462639
1200000|1|6000|8|3|0|0|408000|872|6976308|288682
1200000|1|6000|8|3|1|2|408000|872|6976308|462518
1200000|1|6000|8|3|0|0|408000|873|6984308|288595
1200000|1|6000|8|3|1|2|408000|873|6984308|462514
1200000|1|6000|8|3|0|0|408000|874|6992308|287820
1200000|1|6000|8|3|1|2|408000|874|6992308|462555
1200000|1|6000|8|3|0|0|408000|875|7000308|287698
1200000|1|6000|8|3|1|2|408000|875|7000308|462024
1200000|1|6000|8|3|0|0|408000|876|7008308|286916
1200000|1|6000|8|3|1|2|408000|876|7008308|461574
1200000|1|6000|8|3|0|0|408000|877|7016308|286630
1200000|1|6000|8|3|1|2|408000|877|7016308|459770
1200000|1|6000|8|3|0|0|408000|878|7024307|286054
1200000|1|6000|8|3|1|2|408000|878|7024307|458783
1200000|1|6000|8|3|0|0|408000|879|7032306|285361
1200000|1|6000|8|3|1|2|408000|879|7032306|457187
1200000|1|6000|8|3|0|0|408000|880|7040305|284703
1200000|1|6000|8|3|1|2|408000|880|7040305|456449
1200000|1|6000|8|3|0|0|408000|881|7048305|284129
1200000|1|6000|8|3|1|2|408000|881|7048305|455503
1200000|1|6000|8|3|0|0|408000|882|7056304|283881
1200000|1|6000|8|3|1|2|408000|882|7056304|454891
1200000|1|6000|8|3|0|0|408000|883|7064305|283552
1200000|1|6000|8|3|1|2|408000|883|7064305|454479
1200000|1|6000|8|3|0|0|408000|884|7072304|283350
1200000|1|6000|8|3|1|2|408000|884|7072304|453538
1200000|1|6000|8|3|0|0|408000|885|7080303|282942
1200000|1|6000|8|3|1|2|408000|885|7080303|453989
1200000|1|6000|8|3|0|0|408000|886|7088303|282612
1200000|1|6000|8|3|1|2|408000|886|7088303|453415
1200000|1|6000|8|3|0|0|408000|887|7096303|282162
1200000|1|6000|8|3|1|2|408000|887|7096303|452799
1200000|1|6000|8|3|0|0|408000|888|7104302|282448
1200000|1|6000|8|3|1|2|408000|888|7104302|451897
1200000|1|6000|8|3|0|0|408000|889|7112301|282285
1200000|1|6000|8|3|1|2|408000|889|7112301|451076
1200000|1|6000|8|3|0|0|408000|890|7120300|281710
1200000|1|6000|8|3|1|2|408000|890|7120300|451077
1200000|1|6000|8|3|0|0|408000|891|7128301|281097
1200000|1|6000|8|3|1|2|408000|891|7128301|451899
1200000|1|6000|8|3|0|0|408000|892|7136302|280358
1200000|1|6000|8|3|1|2|408000|892|7136302|451854
1200000|1|6000|8|3|0|0|408000|893|7144303|279986
1200000|1|6000|8|3|1|2|408000|893|7144303|451979
1200000|1|6000|8|3|0|0|408000|894|7152304|279374
1200000|1|6000|8|3|1|2|408000|894|7152304|451979
1200000|1|6000|8|3|0|0|408000|895|7160305|278881
1200000|1|6000|8|3|1|2|408000|895|7160305|451897
1200000|1|6000|8|3|0|0|408000|896|7168306|279496
1200000|1|6000|8|3|1|2|408000|896|7168306|452022
1200000|1|6000|8|3|0|0|408000|897|7176307|280482
1200000|1|6000|8|3|1|2|408000|897|7176307|451979
1200000|1|6000|8|3|0|0|408000|898|7184307|281056
1200000|1|6000|8|3|1|2|408000|898|7184307|451652
1200000|1|6000|8|3|0|0|408000|899|7192308|280972
1200000|1|6000|8|3|1|2|408000|899|7192308|451816
1200000|1|6000|8|3|0|0|408000|900|7200308|280519
1200000|1|6000|8|3|1|2|408000|900|7200308|451977
1200000|1|6000|8|3|0|0|408000|901|7208309|280478
1200000|1|6000|8|3|1|2|408000|901|7208309|452513
1200000|1|6000|8|3|0|0|408000|902|7216309|280933
1200000|1|6000|8|3|1|2|408000|902|7216309|452223
1200000|1|6000|8|3|0|0|408000|903|7224310|279988
1200000|1|6000|8|3|1|2|408000|903|7224310|452512
1200000|1|6000|8|3|0|0|408000|904|7232310|279087
1200000|1|6000|8|3|1|2|408000|904|7232310|452718
1200000|1|6000|8|3|0|0|408000|905|7240311|279087
1200000|1|6000|8|3|1|2|408000|905|7240311|452390
1200000|1|6000|8|3|0|0|408000|906|7248310|279047
1200000|1|6000|8|3|1|2|408000|906|7248310|451897
1200000|1|6000|8|3|0|0|408000|907|7256309|278714
1200000|1|6000|8|3|1|2|408000|907|7256309|451280
1200000|1|6000|8|3|0|0|408000|908|7264308|278392
1200000|1|6000|8|3|1|2|408000|908|7264308|450708
1200000|1|6000|8|3|0|0|408000|909|7272308|278104
1200000|1|6000|8|3|1|2|408000|909|7272308|450298
1200000|1|6000|8|3|0|0|408000|910|7280307|278104
1200000|1|6000|8|3|1|2|408000|910|7280307|450176
1200000|1|6000|8|3|0|0|408000|911|7288307|277981
1200000|1|6000|8|3|1|2|408000|911|7288307|449273
1200000|1|6000|8|3|0|0|408000|912|7296307|277156
1200000|1|6000|8|3|1|2|408000|912|7296307|449557
1200000|1|6000|8|3|0|0|408000|913|7304307|276214
1200000|1|6000|8|3|1|2|408000|913|7304307|450254
1200000|1|6000|8|3|0|0|408000|914|7312309|275639
1200000|1|6000|8|3|1|2|408000|914|7312309|450422
1200000|1|6000|8|3|0|0|408000|915|7320309|274535
1200000|1|6000|8|3|1|2|408000|915|7320309|450706
1200000|1|6000|8|3|0|0|408000|916|7328310|273799
1200000|1|6000|8|3|1|2|408000|916|7328310|451202
1200000|1|6000|8|3|0|0|408000|917|7336311|272978
1200000|1|6000|8|3|1|2|408000|917|7336311|451567
1200000|1|6000|8|3|0|0|408000|918|7344312|273264
1200000|1|6000|8|3|1|2|408000|918|7344312|452308
1200000|1|6000|8|3|0|0|408000|919|7352313|273798
1200000|1|6000|8|3|1|2|408000|919|7352313|452922
1200000|1|6000|8|3|0|0|408000|920|7360314|274126
1200000|1|6000|8|3|1|2|408000|920|7360314|452389
1200000|1|6000|8|3|0|0|408000|921|7368313|274371
1200000|1|6000|8|3|1|2|408000|921|7368313|452186
1200000|1|6000|8|3|0|0|408000|922|7376313|273922
1200000|1|6000|8|3|1|2|408000|922|7376313|451651
1200000|1|6000|8|3|0|0|408000|923|7384312|273923
1200000|1|6000|8|3|1|2|408000|923|7384312|451282
1200000|1|6000|8|3|0|0|408000|924|7392312|273101
1200000|1|6000|8|3|1|2|408000|924|7392312|450913
1200000|1|6000|8|3|0|0|408000|925|7400312|272691
1200000|1|6000|8|3|1|2|408000|925|7400312|450791
1200000|1|6000|8|3|0|0|408000|926|7408311|272606
1200000|1|6000|8|3|1|2|408000|926|7408311|450708
1200000|1|6000|8|3|0|0|408000|927|7416311|272979
1200000|1|6000|8|3|1|2|408000|927|7416311|450709
1200000|1|6000|8|3|0|0|408000|928|7424311|273142
1200000|1|6000|8|3|1|2|408000|928|7424311|451443
1200000|1|6000|8|3|0|0|408000|929|7432313|272855
1200000|1|6000|8|3|1|2|408000|929|7432313|451525
1200000|1|6000|8|3|0|0|408000|930|7440314|273390
1200000|1|6000|8|3|1|2|408000|930|7440314|451981
1200000|1|6000|8|3|0|0|408000|931|7448314|273551
1200000|1|6000|8|3|1|2|408000|931|7448314|452267
1200000|1|6000|8|3|0|0|408000|932|7456315|274125
1200000|1|6000|8|3|1|2|408000|932|7456315|452513
1200000|1|6000|8|3|0|0|408000|933|7464315|273838
1200000|1|6000|8|3|1|2|408000|933|7464315|452881
1200000|1|6000|8|3|0|0|408000|934|7472316|273510
1200000|1|6000|8|3|1|2|408000|934|7472316|452881
1200000|1|6000|8|3|0|0|408000|935|7480316|273590
1200000|1|6000|8|3|1|2|408000|935|7480316|453126
1200000|1|6000|8|3|0|0|408000|936|7488317|273507
1200000|1|6000|8|3|1|2|408000|936|7488317|453579
1200000|1|6000|8|3|0|0|408000|937|7496317|273467
1200000|1|6000|8|3|1|2|408000|937|7496317|453621
1200000|1|6000|8|3|0|0|408000|938|7504318|273262
1200000|1|6000|8|3|1|2|408000|938|7504318|453908
1200000|1|6000|8|3|0|0|408000|939|7512319|273798
1200000|1|6000|8|3|1|2|408000|939|7512319|453906
1200000|1|6000|8|3|0|0|408000|940|7520319|273676
1200000|1|6000|8|3|1|2|408000|940|7520319|454272
1200000|1|6000|8|3|0|0|408000|941|7528320|273306
1200000|1|6000|8|3|1|2|408000|941|7528320|454523
1200000|1|6000|8|3|0|0|408000|942|7536320|271911
1200000|1|6000|8|3|1|2|408000|942|7536320|454686
1200000|1|6000|8|3|0|0|408000|943|7544321|271668
1200000|1|6000|8|3|1|2|408000|943|7544321|453946
1200000|1|6000|8|3|0|0|408000|944|7552319|270684
1200000|1|6000|8|3|1|2|408000|944|7552319|453331
1200000|1|6000|8|3|0|0|408000|945|7560319|270970
1200000|1|6000|8|3|1|2|408000|945|7560319|452594
1200000|1|6000|8|3|0|0|408000|946|7568318|270108
1200000|1|6000|8|3|1|2|408000|946|7568318|452594
1200000|1|6000|8|3|0|0|408000|947|7576318|269822
1200000|1|6000|8|3|1|2|408000|947|7576318|452142
1200000|1|6000|8|3|0|0|408000|948|7584317|269617
1200000|1|6000|8|3|1|2|408000|948|7584317|452020
1200000|1|6000|8|3|0|0|408000|949|7592317|270681
1200000|1|6000|8|3|1|2|408000|949|7592317|451772
1200000|1|6000|8|3|0|0|408000|950|7600317|270803
1200000|1|6000|8|3|1|2|408000|950|7600317|452676
1200000|1|6000|8|3|0|0|408000|951|7608318|270806
1200000|1|6000|8|3|1|2|408000|951|7608318|454068
1200000|1|6000|8|3|0|0|408000|952|7616320|271217
1200000|1|6000|8|3|1|2|408000|952|7616320|454233
1200000|1|6000|8|3|0|0|408000|953|7624321|271176
1200000|1|6000|8|3|1|2|408000|953|7624321|454647
1200000|1|6000|8|3|0|0|408000|954|7632322|271666
1200000|1|6000|8|3|1|2|408000|954|7632322|455177
1200000|1|6000|8|3|0|0|408000|955|7640323|271296
1200000|1|6000|8|3|1|2|408000|955|7640323|455302
1200000|1|6000|8|3|0|0|408000|956|7648323|271501
1200000|1|6000|8|3|1|2|408000|956|7648323|456121
1200000|1|6000|8|3|0|0|408000|957|7656324|271133
1200000|1|6000|8|3|1|2|408000|957|7656324|455425
1200000|1|6000|8|3|0|0|408000|958|7664323|271746
1200000|1|6000|8|3|1|2|408000|958|7664323|456242
1200000|1|6000|8|3|0|0|408000|959|7672324|272158
1200000|1|6000|8|3|1|2|408000|959|7672324|455547
1200000|1|6000|8|3|0|0|408000|960|7680324|272527
1200000|1|6000|8|3|1|2|408000|960|7680324|456450
1200000|1|6000|8|3|0|0|408000|961|7688324|272650
1200000|1|6000|8|3|1|2|408000|961|7688324|456080
1200000|1|6000|8|3|0|0|408000|962|7696325|273261
1200000|1|6000|8|3|1|2|408000|962|7696325|456654
1200000|1|6000|8|3|0|0|408000|963|7704325|273509
1200000|1|6000|8|3|1|2|408000|963|7704325|456449
1200000|1|6000|8|3|0|0|408000|964|7712326|274044
1200000|1|6000|8|3|1|2|408000|964|7712326|456736
1200000|1|6000|8|3|0|0|408000|965|7720327|273838
1200000|1|6000|8|3|1|2|408000|965|7720327|456491
1200000|1|6000|8|3|0|0|408000|966|7728326|274165
1200000|1|6000|8|3|1|2|408000|966|7728326|456080
1200000|1|6000|8|3|0|0|408000|967|7736326|274537
1200000|1|6000|8|3|1|2|408000|967|7736326|456448
1200000|1|6000|8|3|0|0|408000|968|7744325|274947
1200000|1|6000|8|3|1|2|408000|968|7744325|456366
1200000|1|6000|8|3|0|0|408000|969|7752325|275314
1200000|1|6000|8|3|1|2|408000|969|7752325|456614
1200000|1|6000|8|3|0|0|408000|970|7760325|275232
1200000|1|6000|8|3|1|2|408000|970|7760325|456571
1200000|1|6000|8|3|0|0|408000|971|7768325|276092
1200000|1|6000|8|3|1|2|408000|971|7768325|456325
1200000|1|6000|8|3|0|0|408000|972|7776324|276299
1200000|1|6000|8|3|1|2|408000|972|7776324|455955
1200000|1|6000|8|3|0|0|408000|973|7784324|278020
1200000|1|6000|8|3|1|2|408000|973|7784324|455914
1200000|1|6000|8|3|0|0|408000|974|7792323|279006
1200000|1|6000|8|3|1|2|408000|974|7792323|455015
1200000|1|6000|8|3|0|0|408000|975|7800323|279908
1200000|1|6000|8|3|1|2|408000|975|7800323|455217
1200000|1|6000|8|3|0|0|408000|976|7808323|280564
1200000|1|6000|8|3|1|2|408000|976|7808323|454645
1200000|1|6000|8|3|0|0|408000|977|7816322|281712
1200000|1|6000|8|3|1|2|408000|977|7816322|454479
1200000|1|6000|8|3|0|0|408000|978|7824321|281712
1200000|1|6000|8|3|1|2|408000|978|7824321|454805
1200000|1|6000|8|3|0|0|408000|979|7832321|281752
1200000|1|6000|8|3|1|2|408000|979|7832321|455465
1200000|1|6000|8|3|0|0|408000|980|7840322|280644
1200000|1|6000|8|3|1|2|408000|980|7840322|455753
1200000|1|6000|8|3|0|0|408000|981|7848322|280031
1200000|1|6000|8|3|1|2|408000|981|7848322|456203
1200000|1|6000|8|3|0|0|408000|982|7856323|279575
1200000|1|6000|8|3|1|2|408000|982|7856323|456081
1200000|1|6000|8|3|0|0|408000|983|7864323|278924
1200000|1|6000|8|3|1|2|408000|983|7864323|455588
1200000|1|6000|8|3|0|0|408000|984|7872323|278553
1200000|1|6000|8|3|1|2|408000|984|7872323|455466
1200000|1|6000|8|3|0|0|408000|985|7880323|278267
1200000|1|6000|8|3|1|2|408000|985|7880323|454317
1200000|1|6000|8|3|0|0|408000|986|7888322|277527
1200000|1|6000|8|3|1|2|408000|986|7888322|454276
1200000|1|6000|8|3|0|0|408000|987|7896322|277120
1200000|1|6000|8|3|1|2|408000|987|7896322|453946
1200000|1|6000|8|3|0|0|408000|988|7904322|276299
1200000|1|6000|8|3|1|2|408000|988|7904322|454928
1200000|1|6000|8|3|0|0|408000|989|7912323|275233
1200000|1|6000|8|3|1|2|408000|989|7912323|454642
1200000|1|6000|8|3|0|0|408000|990|7920323|274290
1200000|1|6000|8|3|1|2|408000|990|7920323|454685
1200000|1|6000|8|3|0|0|408000|991|7928324|273798
1200000|1|6000|8|3|1|2|408000|991|7928324|454601
1200000|1|6000|8|3|0|0|408000|992|7936324|272811
1200000|1|6000|8|3|1|2|408000|992|7936324|454235
1200000|1|6000|8|3|0|0|408000|993|7944325|272649
1200000|1|6000|8|3|1|2|408000|993|7944325|453824
1200000|1|6000|8|3|0|0|408000|994|7952324|272198
1200000|1|6000|8|3|1|2|408000|994|7952324|453251
1200000|1|6000|8|3|0|0|408000|995|7960324|272568
1200000|1|6000|8|3|1|2|408000|995|7960324|452881
1200000|1|6000|8|3|0|0|408000|996|7968324|272116
1200000|1|6000|8|3|1|2|408000|996|7968324|452061
1200000|1|6000|8|3|0|0|408000|997|7976323|272362
1200000|1|6000|8|3|1|2|408000|997|7976323|451611
1200000|1|6000|8|3|0|0|408000|998|7984322|271707
1200000|1|6000|8|3|1|2|408000|998|7984322|451486
1200000|1|6000|8|3|0|0|408000|999|7992321|271625
1200000|1|6000|8|3|1|2|408000|999|7992321|451362
1200000|1|6000|8|3|0|0|408000|1000|8000321|271091
1200000|1|6000|8|3|1|2|408000|1000|8000321|450910
1200000|1|6000|8|3|0|0|408000|1001|8008320|270396
1200000|1|6000|8|3|1|2|408000|1001|8008320|450995
1200000|1|6000|8|3|0|0|408000|1002|8016321|270230
1200000|1|6000|8|3|1|2|408000|1002|8016321|451240
1200000|1|6000|8|3|0|0|408000|1003|8024321|269165
1200000|1|6000|8|3|1|2|408000|1003|8024321|451610
1200000|1|6000|8|3|0|0|408000|1004|8032321|268915
1200000|1|6000|8|3|1|2|408000|1004|8032321|451077
1200000|1|6000|8|3|0|0|408000|1005|8040321|268341
1200000|1|6000|8|3|1|2|408000|1005|8040321|450501
1200000|1|6000|8|3|0|0|408000|1006|8048322|268101
1200000|1|6000|8|3|1|2|408000|1006|8048322|449357
1200000|1|6000|8|3|0|0|408000|1007|8056322|267566
1200000|1|6000|8|3|1|2|408000|1007|8056322|448986
1200000|1|6000|8|3|0|0|408000|1008|8064323|267607
1200000|1|6000|8|3|1|2|408000|1008|8064323|448288
1200000|1|6000|8|3|0|0|408000|1009|8072323|267278
1200000|1|6000|8|3|1|2|408000|1009|8072323|448617
1200000|1|6000|8|3|0|0|408000|1010|8080323|267442
1200000|1|6000|8|3|1|2|408000|1010|8080323|447796
1200000|1|6000|8|3|0|0|408000|1011|8088323|267193
1200000|1|6000|8|3|1|2|408000|1011|8088323|448081
1200000|1|6000|8|3|0|0|408000|1012|8096323|266705
1200000|1|6000|8|3|1|2|408000|1012|8096323|447963
1200000|1|6000|8|3|0|0|408000|1013|8104324|266497
1200000|1|6000|8|3|1|2|408000|1013|8104324|447715
1200000|1|6000|8|3|0|0|408000|1014|8112324|266132
1200000|1|6000|8|3|1|2|408000|1014|8112324|447595
1200000|1|6000|8|3|0|0|408000|1015|8120325|265597
1200000|1|6000|8|3|1|2|408000|1015|8120325|447143
1200000|1|6000|8|3|0|0|408000|1016|8128325|265229
1200000|1|6000|8|3|1|2|408000|1016|8128325|448208
1200000|1|6000|8|3|0|0|408000|1017|8136328|265389
1200000|1|6000|8|3|1|2|408000|1017|8136328|448414
1200000|1|6000|8|3|0|0|408000|1018|8144329|265185
1200000|1|6000|8|3|1|2|408000|1018|8144329|448496
1200000|1|6000|8|3|0|0|408000|1019|8152330|265102
1200000|1|6000|8|3|1|2|408000|1019|8152330|448577
1200000|1|6000|8|3|0|0|408000|1020|8160331|265105
1200000|1|6000|8|3|1|2|408000|1020|8160331|449355
1200000|1|6000|8|3|0|0|408000|1021|8168333|264860
1200000|1|6000|8|3|1|2|408000|1021|8168333|450010
1200000|1|6000|8|3|0|0|408000|1022|8176335|264942
1200000|1|6000|8|3|1|2|408000|1022|8176335|450789
1200000|1|6000|8|3|0|0|408000|1023|8184337|264859
1200000|1|6000|8|3|1|2|408000|1023|8184337|451407
1200000|1|6000|8|3|0|0|408000|1024|8192338|264942
1200000|1|6000|8|3|1|2|408000|1024|8192338|452021
1200000|1|6000|8|3|0|0|408000|1025|8200340|265639
1200000|1|6000|8|3|1|2|408000|1025|8200340|452021
1200000|1|6000|8|3|0|0|408000|1026|8208340|266255
1200000|1|6000|8|3|1|2|408000|1026|8208340|452059
1200000|1|6000|8|3|0|0|408000|1027|8216341|266252
1200000|1|6000|8|3|1|2|408000|1027|8216341|452963
1200000|1|6000|8|3|0|0|408000|1028|8224341|266541
1200000|1|6000|8|3|1|2|408000|1028|8224341|453374
1200000|1|6000|8|3|0|0|408000|1029|8232342|266622
1200000|1|6000|8|3|1|2|408000|1029|8232342|454726
1200000|1|6000|8|3|0|0|408000|1030|8240343|266416
1200000|1|6000|8|3|1|2|408000|1030|8240343|455341
1200000|1|6000|8|3|0|0|408000|1031|8248345|266459
1200000|1|6000|8|3|1|2|408000|1031|8248345|456530
1200000|1|6000|8|3|0|0|408000|1032|8256346|265759
1200000|1|6000|8|3|1|2|408000|1032|8256346|456858
1200000|1|6000|8|3|0|0|408000|1033|8264347|265967
1200000|1|6000|8|3|1|2|408000|1033|8264347|457634
1200000|1|6000|8|3|0|0|408000|1034|8272348|266173
1200000|1|6000|8|3|1|2|408000|1034|8272348|457801
1200000|1|6000|8|3|0|0|408000|1035|8280349|266663
1200000|1|6000|8|3|1|2|408000|1035|8280349|458126
1200000|1|6000|8|3|0|0|408000|1036|8288350|266829
1200000|1|6000|8|3|1|2|408000|1036|8288350|458376
1200000|1|6000|8|3|0|0|408000|1037|8296350|267644
1200000|1|6000|8|3|1|2|408000|1037|8296350|458129
1200000|1|6000|8|3|0|0|408000|1038|8304350|268057
1200000|1|6000|8|3|1|2|408000|1038|8304350|459070
1200000|1|6000|8|3|0|0|408000|1039|8312351|268549
1200000|1|6000|8|3|1|2|408000|1039|8312351|458745
1200000|1|6000|8|3|0|0|408000|1040|8320350|268510
1200000|1|6000|8|3|1|2|408000|1040|8320350|458782
1200000|1|6000|8|3|0|0|408000|1041|8328350|269492
1200000|1|6000|8|3|1|2|408000|1041|8328350|458745
1200000|1|6000|8|3|0|0|408000|1042|8336349|269371
1200000|1|6000|8|3|1|2|408000|1042|8336349|459197
1200000|1|6000|8|3|0|0|408000|1043|8344350|269862
1200000|1|6000|8|3|1|2|408000|1043|8344350|459072
1200000|1|6000|8|3|0|0|408000|1044|8352349|269533
1200000|1|6000|8|3|1|2|408000|1044|8352349|459524
1200000|1|6000|8|3|0|0|408000|1045|8360350|269450
1200000|1|6000|8|3|1|2|408000|1045|8360350|459197
1200000|1|6000|8|3|0|0|408000|1046|8368349|269366
1200000|1|6000|8|3|1|2|408000|1046|8368349|459359
1200000|1|6000|8|3|0|0|408000|1047|8376349|269288
1200000|1|6000|8|3|1|2|408000|1047|8376349|459441
1200000|1|6000|8|3|0|0|408000|1048|8384349|269412
1200000|1|6000|8|3|1|2|408000|1048|8384349|459976
1200000|1|6000|8|3|0|0|408000|1049|8392349|269615
1200000|1|6000|8|3|1|2|408000|1049|8392349|459479
1200000|1|6000|8|3|0|0|408000|1050|8400349|270027
1200000|1|6000|8|3|1|2|408000|1050|8400349|458499
1200000|1|6000|8|3|0|0|408000|1051|8408348|270231
1200000|1|6000|8|3|1|2|408000|1051|8408348|458046
1200000|1|6000|8|3|0|0|408000|1052|8416349|270804
1200000|1|6000|8|3|1|2|408000|1052|8416349|457022
1200000|1|6000|8|3|0|0|408000|1053|8424348|271583
1200000|1|6000|8|3|1|2|408000|1053|8424348|456736
1200000|1|6000|8|3|0|0|408000|1054|8432348|272238
1200000|1|6000|8|3|1|2|408000|1054|8432348|455465
1200000|1|6000|8|3|0|0|408000|1055|8440347|272114
1200000|1|6000|8|3|1|2|408000|1055|8440347|455137
1200000|1|6000|8|3|0|0|408000|1056|8448347|272115
1200000|1|6000|8|3|1|2|408000|1056|8448347|454398
1200000|1|6000|8|3|0|0|408000|1057|8456347|271990
1200000|1|6000|8|3|1|2|408000|1057|8456347|455138
1200000|1|6000|8|3|0|0|408000|1058|8464347|272240
1200000|1|6000|8|3|1|2|408000|1058|8464347|454973
1200000|1|6000|8|3|0|0|408000|1059|8472345|271871
1200000|1|6000|8|3|1|2|408000|1059|8472345|455218
1200000|1|6000|8|3|0|0|408000|1060|8480345|272323
1200000|1|6000|8|3|1|2|408000|1060|8480345|454805
1200000|1|6000|8|3|0|0|408000|1061|8488344|272198
1200000|1|6000|8|3|1|2|408000|1061|8488344|455013
1200000|1|6000|8|3|0|0|408000|1062|8496344|272444
1200000|1|6000|8|3|1|2|408000|1062|8496344|454972
1200000|1|6000|8|3|0|0|408000|1063|8504344|272445
1200000|1|6000|8|3|1|2|408000|1063|8504344|456163
1200000|1|6000|8|3|0|0|408000|1064|8512346|271828
1200000|1|6000|8|3|1|2|408000|1064|8512346|456161
1200000|1|6000|8|3|0|0|408000|1065|8520346|271745
1200000|1|6000|8|3|1|2|408000|1065|8520346|455423
1200000|1|6000|8|3|0|0|408000|1066|8528347|271173
1200000|1|6000|8|3|1|2|408000|1066|8528347|455260
1200000|1|6000|8|3|0|0|408000|1067|8536347|271255
1200000|1|6000|8|3|1|2|408000|1067|8536347|454972
1200000|1|6000|8|3|0|0|408000|1068|8544348|270313
1200000|1|6000|8|3|1|2|408000|1068|8544348|455339
1200000|1|6000|8|3|0|0|408000|1069|8552349|270478
1200000|1|6000|8|3|1|2|408000|1069|8552349|455055
1200000|1|6000|8|3|0|0|408000|1070|8560349|270271
1200000|1|6000|8|3|1|2|408000|1070|8560349|454563
1200000|1|6000|8|3|0|0|408000|1071|8568349|270024
1200000|1|6000|8|3|1|2|408000|1071|8568349|453944
1200000|1|6000|8|3|0|0|408000|1072|8576348|269781
1200000|1|6000|8|3|1|2|408000|1072|8576348|452471
1200000|1|6000|8|3|0|0|408000|1073|8584348|269452
1200000|1|6000|8|3|1|2|408000|1073|8584348|451364
1200000|1|6000|8|3|0|0|408000|1074|8592347|269411
1200000|1|6000|8|3|1|2|408000|1074|8592347|450176
1200000|1|6000|8|3|0|0|408000|1075|8600347|269000
1200000|1|6000|8|3|1|2|408000|1075|8600347|448905
1200000|1|6000|8|3|0|0|408000|1076|8608347|269818
1200000|1|6000|8|3|1|2|408000|1076|8608347|448292
1200000|1|6000|8|3|0|0|408000|1077|8616347|269700
1200000|1|6000|8|3|1|2|408000|1077|8616347|446773
1200000|1|6000|8|3|0|0|408000|1078|8624346|269821
1200000|1|6000|8|3|1|2|408000|1078|8624346|447059
1200000|1|6000|8|3|0|0|408000|1079|8632347|269452
1200000|1|6000|8|3|1|2|408000|1079|8632347|445910
1200000|1|6000|8|3|0|0|408000|1080|8640346|269247
1200000|1|6000|8|3|1|2|408000|1080|8640346|444966
1200000|1|6000|8|3|0|0|408000|1081|8648346|269328
1200000|1|6000|8|3|1|2|408000|1081|8648346|443861
1200000|1|6000|8|3|0|0|408000|1082|8656346|269083
1200000|1|6000|8|3|1|2|408000|1082|8656346|442632
1200000|1|6000|8|3|0|0|408000|1083|8664345|268220
1200000|1|6000|8|3|1|2|408000|1083|8664345|441852
1200000|1|6000|8|3|0|0|408000|1084|8672345|267114
1200000|1|6000|8|3|1|2|408000|1084|8672345|440296
1200000|1|6000|8|3|0|0|408000|1085|8680344|266991
1200000|1|6000|8|3|1|2|408000|1085|8680344|439558
1200000|1|6000|8|3|0|0|408000|1086|8688344|266663
1200000|1|6000|8|3|1|2|408000|1086|8688344|438655
1200000|1|6000|8|3|0|0|408000|1087|8696344|266583
1200000|1|6000|8|3|1|2|408000|1087|8696344|438408
1200000|1|6000|8|3|0|0|408000|1088|8704345|266214
1200000|1|6000|8|3|1|2|408000|1088|8704345|437670
1200000|1|6000|8|3|0|0|408000|1089|8712344|265763
1200000|1|6000|8|3|1|2|408000|1089|8712344|437549
1200000|1|6000|8|3|0|0|408000|1090|8720344|266212
1200000|1|6000|8|3|1|2|408000|1090|8720344|436605
1200000|1|6000|8|3|0|0|408000|1091|8728343|265886
1200000|1|6000|8|3|1|2|408000|1091|8728343|436563
1200000|1|6000|8|3|0|0|408000|1092|8736344|265803
1200000|1|6000|8|3|1|2|408000|1092|8736344|435865
1200000|1|6000|8|3|0|0|408000|1093|8744343|265228
1200000|1|6000|8|3|1|2|408000|1093|8744343|436769
1200000|1|6000|8|3|0|0|408000|1094|8752345|264820
1200000|1|6000|8|3|1|2|408000|1094|8752345|437508
1200000|1|6000|8|3|0|0|408000|1095|8760346|264654
1200000|1|6000|8|3|1|2|408000|1095|8760346|438283
1200000|1|6000|8|3|0|0|408000|1096|8768347|264164
1200000|1|6000|8|3|1|2|408000|1096|8768347|439269
1200000|1|6000|8|3|0|0|408000|1097|8776348|264000
1200000|1|6000|8|3|1|2|408000|1097|8776348|440130
1200000|1|6000|8|3|0|0|408000|1098|8784349|263425
1200000|1|6000|8|3|1|2|408000|1098|8784349|441445
1200000|1|6000|8|3|0|0|408000|1099|8792350|263383
1200000|1|6000|8|3|1|2|408000|1099|8792350|441932
1200000|1|6000|8|3|0|0|408000|1100|8800350|263998
1200000|1|6000|8|3|1|2|408000|1100|8800350|442671
1200000|1|6000|8|3|0|0|408000|1101|8808352|264246
1200000|1|6000|8|3|1|2|408000|1101|8808352|443903
1200000|1|6000|8|3|0|0|408000|1102|8816353|264532
1200000|1|6000|8|3|1|2|408000|1102|8816353|443328
1200000|1|6000|8|3|0|0|408000|1103|8824354|264942
1200000|1|6000|8|3|1|2|408000|1103|8824354|443863
1200000|1|6000|8|3|0|0|408000|1104|8832355|265228
1200000|1|6000|8|3|1|2|408000|1104|8832355|443902
1200000|1|6000|8|3|0|0|408000|1105|8840356|265311
1200000|1|6000|8|3|1|2|408000|1105|8840356|444925
1200000|1|6000|8|3|0|0|408000|1106|8848357|264736
1200000|1|6000|8|3|1|2|408000|1106|8848357|445420
1200000|1|6000|8|3|0|0|408000|1107|8856359|263549
1200000|1|6000|8|3|1|2|408000|1107|8856359|445706
1200000|1|6000|8|3|0|0|408000|1108|8864360|263139
1200000|1|6000|8|3|1|2|408000|1108|8864360|445750
1200000|1|6000|8|3|0|0|408000|1109|8872361|262851
1200000|1|6000|8|3|1|2|408000|1109|8872361|445828
1200000|1|6000|8|3|0|0|408000|1110|8880361|262235
1200000|1|6000|8|3|1|2|408000|1110|8880361|447799
1200000|1|6000|8|3|0|0|408000|1111|8888363|261786
1200000|1|6000|8|3|1|2|408000|1111|8888363|447917
1200000|1|6000|8|3|0|0|408000|1112|8896363|261785
1200000|1|6000|8|3|1|2|408000|1112|8896363|448781
1200000|1|6000|8|3|0|0|408000|1113|8904364|262072
1200000|1|6000|8|3|1|2|408000|1113|8904364|449438
1200000|1|6000|8|3|0|0|408000|1114|8912365|262810
1200000|1|6000|8|3|1|2|408000|1114|8912365|450625
1200000|1|6000|8|3|0|0|408000|1115|8920366|262565
1200000|1|6000|8|3|1|2|408000|1115|8920366|450750
1200000|1|6000|8|3|0|0|408000|1116|8928366|262234
1200000|1|6000|8|3|1|2|408000|1116|8928366|450340
1200000|1|6000|8|3|0|0|408000|1117|8936366|262113
1200000|1|6000|8|3|1|2|408000|1117|8936366|449229
1200000|1|6000|8|3|0|0|408000|1118|8944366|261334
1200000|1|6000|8|3|1|2|408000|1118|8944366|448167
1200000|1|6000|8|3|0|0|408000|1119|8952365|261253
1200000|1|6000|8|3|1|2|408000|1119|8952365|447675
1200000|1|6000|8|3|0|0|408000|1120|8960365|260428
1200000|1|6000|8|3|1|2|408000|1120|8960365|447184
1200000|1|6000|8|3|0|0|408000|1121|8968365|260267
1200000|1|6000|8|3|1|2|408000|1121|8968365|446896
1200000|1|6000|8|3|0|0|408000|1122|8976365|260021
1200000|1|6000|8|3|1|2|408000|1122|8976365|446608
1200000|1|6000|8|3|0|0|408000|1123|8984365|260880
1200000|1|6000|8|3|1|2|408000|1123|8984365|446647
1200000|1|6000|8|3|0|0|408000|1124|8992365|261006
1200000|1|6000|8|3|1|2|408000|1124|8992365|446568
1200000|1|6000|8|3|0|0|408000|1125|9000365|261211
1200000|1|6000|8|3|1|2|408000|1125|9000365|446280
1200000|1|6000|8|3|0|0|408000|1126|9008365|261702
1200000|1|6000|8|3|1|2|408000|1126|9008365|445870
1200000|1|6000|8|3|0|0|408000|1127|9016365|262274
1200000|1|6000|8|3|1|2|408000|1127|9016365|445870
1200000|1|6000|8|3|0|0|408000|1128|9024365|262931
1200000|1|6000|8|3|1|2|408000|1128|9024365|445750
1200000|1|6000|8|3|0|0|408000|1129|9032365|262768
1200000|1|6000|8|3|1|2|408000|1129|9032365|445378
1200000|1|6000|8|3|0|0|408000|1130|9040364|262154
1200000|1|6000|8|3|1|2|408000|1130|9040364|444806
1200000|1|6000|8|3|0|0|408000|1131|9048364|261826
1200000|1|6000|8|3|1|2|408000|1131|9048364|444150
1200000|1|6000|8|3|0|0|408000|1132|9056363|261581
1200000|1|6000|8|3|1|2|408000|1132|9056363|444641
1200000|1|6000|8|3|0|0|408000|1133|9064363|261375
1200000|1|6000|8|3|1|2|408000|1133|9064363|444683
1200000|1|6000|8|3|0|0|408000|1134|9072363|261171
1200000|1|6000|8|3|1|2|408000|1134|9072363|445502
1200000|1|6000|8|3|0|0|408000|1135|9080363|261046
1200000|1|6000|8|3|1|2|408000|1135|9080363|444966
1200000|1|6000|8|3|0|0|408000|1136|9088363|260966
1200000|1|6000|8|3|1|2|408000|1136|9088363|445788
1200000|1|6000|8|3|0|0|408000|1137|9096363|261785
1200000|1|6000|8|3|1|2|408000|1137|9096363|445543
1200000|1|6000|8|3|0|0|408000|1138|9104363|261662
1200000|1|6000|8|3|1|2|408000|1138|9104363|446854
1200000|1|6000|8|3|0|0|408000|1139|9112365|262112
1200000|1|6000|8|3|1|2|408000|1139|9112365|446567
1200000|1|6000|8|3|0|0|408000|1140|9120365|261989
1200000|1|6000|8|3|1|2|408000|1140|9120365|447182
1200000|1|6000|8|3|0|0|408000|1141|9128365|262850
1200000|1|6000|8|3|1|2|408000|1141|9128365|447756
1200000|1|6000|8|3|0|0|408000|1142|9136366|262933
1200000|1|6000|8|3|1|2|408000|1142|9136366|448245
1200000|1|6000|8|3|0|0|408000|1143|9144367|262192
1200000|1|6000|8|3|1|2|408000|1143|9144367|449191
1200000|1|6000|8|3|0|0|408000|1144|9152368|261129
1200000|1|6000|8|3|1|2|408000|1144|9152368|449806
1200000|1|6000|8|3|0|0|408000|1145|9160368|260841
1200000|1|6000|8|3|1|2|408000|1145|9160368|450214
1200000|1|6000|8|3|0|0|408000|1146|9168368|260433
1200000|1|6000|8|3|1|2|408000|1146|9168368|451159
1200000|1|6000|8|3|0|0|408000|1147|9176369|260350
1200000|1|6000|8|3|1|2|408000|1147|9176369|452020
1200000|1|6000|8|3|0|0|408000|1148|9184370|260144
1200000|1|6000|8|3|1|2|408000|1148|9184370|452512
1200000|1|6000|8|3|0|0|408000|1149|9192370|259613
1200000|1|6000|8|3|1|2|408000|1149|9192370|452717
1200000|1|6000|8|3|0|0|408000|1150|9200371|259654
1200000|1|6000|8|3|1|2|408000|1150|9200371|453127
1200000|1|6000|8|3|0|0|408000|1151|9208372|258789
1200000|1|6000|8|3|1|2|408000|1151|9208372|453908
1200000|1|6000|8|3|0|0|408000|1152|9216372|258053
1200000|1|6000|8|3|1|2|408000|1152|9216372|454604
1200000|1|6000|8|3|0|0|408000|1153|9224373|256455
1200000|1|6000|8|3|1|2|408000|1153|9224373|454562
1200000|1|6000|8|3|0|0|408000|1154|9232372|255717
1200000|1|6000|8|3|1|2|408000|1154|9232372|453990
1200000|1|6000|8|3|0|0|408000|1155|9240372|254814
1200000|1|6000|8|3|1|2|408000|1155|9240372|453867
1200000|1|6000|8|3|0|0|408000|1156|9248371|254117
1200000|1|6000|8|3|1|2|408000|1156|9248371|453783
1200000|1|6000|8|3|0|0|408000|1157|9256371|253296
1200000|1|6000|8|3|1|2|408000|1157|9256371|453990
1200000|1|6000|8|3|0|0|408000|1158|9264370|253092
1200000|1|6000|8|3|1|2|408000|1158|9264370|454026
1200000|1|6000|8|3|0|0|408000|1159|9272370|252721
1200000|1|6000|8|3|1|2|408000|1159|9272370|454439
1200000|1|6000|8|3|0|0|408000|1160|9280370|252928
1200000|1|6000|8|3|1|2|408000|1160|9280370|454641
1200000|1|6000|8|3|0|0|408000|1161|9288371|252807
1200000|1|6000|8|3|1|2|408000|1161|9288371|454933
1200000|1|6000|8|3|0|0|408000|1162|9296371|252925
1200000|1|6000|8|3|1|2|408000|1162|9296371|453741
1200000|1|6000|8|3|0|0|408000|1163|9304370|252887
1200000|1|6000|8|3|1|2|408000|1163|9304370|453620
1200000|1|6000|8|3|0|0|408000|1164|9312370|252437
1200000|1|6000|8|3|1|2|408000|1164|9312370|452797
1200000|1|6000|8|3|0|0|408000|1165|9320370|251944
1200000|1|6000|8|3|1|2|408000|1165|9320370|452182
1200000|1|6000|8|3|0|0|408000|1166|9328370|250879
1200000|1|6000|8|3|1|2|408000|1166|9328370|451529
1200000|1|6000|8|3|0|0|408000|1167|9336369|250017
1200000|1|6000|8|3|1|2|408000|1167|9336369|450460
1200000|1|6000|8|3|0|0|408000|1168|9344369|249896
1200000|1|6000|8|3|1|2|408000|1168|9344369|449642
1200000|1|6000|8|3|0|0|408000|1169|9352368|248993
1200000|1|6000|8|3|1|2|408000|1169|9352368|449479
1200000|1|6000|8|3|0|0|408000|1170|9360368|248829
1200000|1|6000|8|3|1|2|408000|1170|9360368|449601
1200000|1|6000|8|3|0|0|408000|1171|9368368|248010
1200000|1|6000|8|3|1|2|408000|1171|9368368|450010
1200000|1|6000|8|3|0|0|408000|1172|9376370|248214
1200000|1|6000|8|3|1|2|408000|1172|9376370|449765
1200000|1|6000|8|3|0|0|408000|1173|9384371|247883
1200000|1|6000|8|3|1|2|408000|1173|9384371|450544
1200000|1|6000|8|3|0|0|408000|1174|9392373|248664
1200000|1|6000|8|3|1|2|408000|1174|9392373|450870
1200000|1|6000|8|3|0|0|408000|1175|9400374|248254
1200000|1|6000|8|3|1|2|408000|1175|9400374|450749
1200000|1|6000|8|3|0|0|408000|1176|9408374|248378
1200000|1|6000|8|3|1|2|408000|1176|9408374|450094
1200000|1|6000|8|3|0|0|408000|1177|9416373|248539
1200000|1|6000|8|3|1|2|408000|1177|9416373|450011
1200000|1|6000|8|3|0|0|408000|1178|9424372|248747
1200000|1|6000|8|3|1|2|408000|1178|9424372|449316
1200000|1|6000|8|3|0|0|408000|1179|9432371|249196
1200000|1|6000|8|3|1|2|408000|1179|9432371|448741
1200000|1|6000|8|3|0|0|408000|1180|9440369|248705
1200000|1|6000|8|3|1|2|408000|1180|9440369|447881
1200000|1|6000|8|3|0|0|408000|1181|9448368|248869
1200000|1|6000|8|3|1|2|408000|1181|9448368|447959
1200000|1|6000|8|3|0|0|408000|1182|9456366|249116
1200000|1|6000|8|3|1|2|408000|1182|9456366|447184
1200000|1|6000|8|3|0|0|408000|1183|9464365|250059
1200000|1|6000|8|3|1|2|408000|1183|9464365|448576
1200000|1|6000|8|3|0|0|408000|1184|9472366|250798
1200000|1|6000|8|3|1|2|408000|1184|9472366|448041
1200000|1|6000|8|3|0|0|408000|1185|9480367|251330
1200000|1|6000|8|3|1|2|408000|1185|9480367|447551
1200000|1|6000|8|3|0|0|408000|1186|9488366|251944
1200000|1|6000|8|3|1|2|408000|1186|9488366|447635
1200000|1|6000|8|3|0|0|408000|1187|9496366|252518
1200000|1|6000|8|3|1|2|408000|1187|9496366|447592
1200000|1|6000|8|3|0|0|408000|1188|9504365|253663
1200000|1|6000|8|3|1|2|408000|1188|9504365|447469
1200000|1|6000|8|3|0|0|408000|1189|9512365|253870
1200000|1|6000|8|3|1|2|408000|1189|9512365|446897
1200000|1|6000|8|3|0|0|408000|1190|9520363|253749
1200000|1|6000|8|3|1|2|408000|1190|9520363|446935
1200000|1|6000|8|3|0|0|408000|1191|9528363|253790
1200000|1|6000|8|3|1|2|408000|1191|9528363|446363
1200000|1|6000|8|3|0|0|408000|1192|9536361|254484
1200000|1|6000|8|3|1|2|408000|1192|9536361|446444
1200000|1|6000|8|3|0|0|408000|1193|9544361|255184
1200000|1|6000|8|3|1|2|408000|1193|9544361|445748
1200000|1|6000|8|3|0|0|408000|1194|9552360|255552
1200000|1|6000|8|3|1|2|408000|1194|9552360|445708
1200000|1|6000|8|3|0|0|408000|1195|9560360|256125
1200000|1|6000|8|3|1|2|408000|1195|9560360|445378
1200000|1|6000|8|3|0|0|408000|1196|9568359|256251
1200000|1|6000|8|3|1|2|408000|1196|9568359|445214
1200000|1|6000|8|3|0|0|408000|1197|9576359|256700
1200000|1|6000|8|3|1|2|408000|1197|9576359|444970
1200000|1|6000|8|3|0|0|408000|1198|9584358|255553
1200000|1|6000|8|3|1|2|408000|1198|9584358|446075
1200000|1|6000|8|3|0|0|408000|1199|9592359|255471
1200000|1|6000|8|3|1|2|408000|1199|9592359|445625
1200000|1|6000|8|3|0|0|408000|1200|9600359|255020
1200000|1|6000|8|3|1|2|408000|1200|9600359|445747
1200000|1|6000|8|3|0|0|408000|1201|9608361|254938
1200000|1|6000|8|3|1|2|408000|1201|9608361|445868
1200000|1|6000|8|3|0|0|408000|1202|9616362|254693
1200000|1|6000|8|3|1|2|408000|1202|9616362|445542
1200000|1|6000|8|3|0|0|408000|1203|9624362|254815
1200000|1|6000|8|3|1|2|408000|1203|9624362|445869
1200000|1|6000|8|3|0|0|408000|1204|9632363|255060
1200000|1|6000|8|3|1|2|408000|1204|9632363|445539
1200000|1|6000|8|3|0|0|408000|1205|9640363|255347
1200000|1|6000|8|3|1|2|408000|1205|9640363|445830
1200000|1|6000|8|3|0|0|408000|1206|9648363|255920
1200000|1|6000|8|3|1|2|408000|1206|9648363|445339
1200000|1|6000|8|3|0|0|408000|1207|9656363|255716
1200000|1|6000|8|3|1|2|408000|1207|9656363|446528
1200000|1|6000|8|3|0|0|408000|1208|9664363|256042
1200000|1|6000|8|3|1|2|408000|1208|9664363|446897
1200000|1|6000|8|3|0|0|408000|1209|9672363|256167
1200000|1|6000|8|3|1|2|408000|1209|9672363|447840
1200000|1|6000|8|3|0|0|408000|1210|9680364|256249
1200000|1|6000|8|3|1|2|408000|1210|9680364|448085
1200000|1|6000|8|3|0|0|408000|1211|9688364|255471
1200000|1|6000|8|3|1|2|408000|1211|9688364|449106
1200000|1|6000|8|3|0|0|408000|1212|9696365|255388
1200000|1|6000|8|3|1|2|408000|1212|9696365|449683
1200000|1|6000|8|3|0|0|408000|1213|9704366|255429
1200000|1|6000|8|3|1|2|408000|1213|9704366|450585
1200000|1|6000|8|3|0|0|408000|1214|9712366|255511
1200000|1|6000|8|3|1|2|408000|1214|9712366|451323
1200000|1|6000|8|3|0|0|408000|1215|9720368|255882
1200000|1|6000|8|3|1|2|408000|1215|9720368|451813
1200000|1|6000|8|3|0|0|408000|1216|9728368|255508
1200000|1|6000|8|3|1|2|408000|1216|9728368|452346
1200000|1|6000|8|3|0|0|408000|1217|9736369|255878
1200000|1|6000|8|3|1|2|408000|1217|9736369|453416
1200000|1|6000|8|3|0|0|408000|1218|9744369|255388
1200000|1|6000|8|3|1|2|408000|1218|9744369|453908
1200000|1|6000|8|3|0|0|408000|1219|9752370|256167
1200000|1|6000|8|3|1|2|408000|1219|9752370|454564
1200000|1|6000|8|3|0|0|408000|1220|9760370|255184
1200000|1|6000|8|3|1|2|408000|1220|9760370|455503
1200000|1|6000|8|3|0|0|408000|1221|9768371|254360
1200000|1|6000|8|3|1|2|408000|1221|9768371|457310
1200000|1|6000|8|3|0|0|408000|1222|9776374|253666
1200000|1|6000|8|3|1|2|408000|1222|9776374|458007
1200000|1|6000|8|3|0|0|408000|1223|9784375|253011
1200000|1|6000|8|3|1|2|408000|1223|9784375|458827
1200000|1|6000|8|3|0|0|408000|1224|9792376|252967
1200000|1|6000|8|3|1|2|408000|1224|9792376|459812
1200000|1|6000|8|3|0|0|408000|1225|9800377|252848
1200000|1|6000|8|3|1|2|408000|1225|9800377|460262
1200000|1|6000|8|3|0|0|408000|1226|9808379|252561
1200000|1|6000|8|3|1|2|408000|1226|9808379|461163
1200000|1|6000|8|3|0|0|408000|1227|9816380|252847
1200000|1|6000|8|3|1|2|408000|1227|9816380|461614
1200000|1|6000|8|3|0|0|408000|1228|9824381|252561
1200000|1|6000|8|3|1|2|408000|1228|9824381|461778
1200000|1|6000|8|3|0|0|408000|1229|9832381|252231
1200000|1|6000|8|3|1|2|408000|1229|9832381|460835
1200000|1|6000|8|3|0|0|408000|1230|9840380|251863
1200000|1|6000|8|3|1|2|408000|1230|9840380|461493
1200000|1|6000|8|3|0|0|408000|1231|9848381|251408
1200000|1|6000|8|3|1|2|408000|1231|9848381|461901
1200000|1|6000|8|3|0|0|408000|1232|9856382|250838
1200000|1|6000|8|3|1|2|408000|1232|9856382|462393
1200000|1|6000|8|3|0|0|408000|1233|9864382|250306
1200000|1|6000|8|3|1|2|408000|1233|9864382|463254
1200000|1|6000|8|3|0|0|408000|1234|9872384|250717
1200000|1|6000|8|3|1|2|408000|1234|9872384|463459
1200000|1|6000|8|3|0|0|408000|1235|9880384|251617
1200000|1|6000|8|3|1|2|408000|1235|9880384|464035
1200000|1|6000|8|3|0|0|408000|1236|9888385|252068
1200000|1|6000|8|3|1|2|408000|1236|9888385|464936
1200000|1|6000|8|3|0|0|408000|1237|9896386|252561
1200000|1|6000|8|3|1|2|408000|1237|9896386|465387
1200000|1|6000|8|3|0|0|408000|1238|9904386|252887
1200000|1|6000|8|3|1|2|408000|1238|9904386|466330
1200000|1|6000|8|3|0|0|408000|1239|9912387|253257
1200000|1|6000|8|3|1|2|408000|1239|9912387|467150
1200000|1|6000|8|3|0|0|408000|1240|9920387|253340
1200000|1|6000|8|3|1|2|408000|1240|9920387|468053
1200000|1|6000|8|3|0|0|408000|1241|9928388|253543
1200000|1|6000|8|3|1|2|408000|1241|9928388|468174
1200000|1|6000|8|3|0|0|408000|1242|9936388|253133
1200000|1|6000|8|3|1|2|408000|1242|9936388|468500
1200000|1|6000|8|3|0|0|408000|1243|9944389|253544
1200000|1|6000|8|3|1|2|408000|1243|9944389|469447
1200000|1|6000|8|3|0|0|408000|1244|9952390|254404
1200000|1|6000|8|3|1|2|408000|1244|9952390|470062
1200000|1|6000|8|3|0|0|408000|1245|9960391|254854
1200000|1|6000|8|3|1|2|408000|1245|9960391|471206
1200000|1|6000|8|3|0|0|408000|1246|9968392|255595
1200000|1|6000|8|3|1|2|408000|1246|9968392|471743
1200000|1|6000|8|3|0|0|408000|1247|9976393|255798
1200000|1|6000|8|3|1|2|408000|1247|9976393|472316
1200000|1|6000|8|3|0|0|408000|1248|9984394|255757
1200000|1|6000|8|3|1|2|408000|1248|9984394|472972
1200000|1|6000|8|3|0|0|408000|1249|9992395|255922
1200000|1|6000|8|3|1|2|408000|1249|9992395|473710
1200000|1|6000|8|3|0|0|408000|1250|10000396|255635
1200000|1|6000|8|3|1|2|408000|1250|10000396|473507
1200000|1|6000|8|3|0|0|408000|1251|10008396|255921
1200000|1|6000|8|3|1|2|408000|1251|10008396|473586
1200000|1|6000|8|3|0|0|408000|1252|10016396|255553
1200000|1|6000|8|3|1|2|408000|1252|10016396|472028
1200000|1|6000|8|3|0|0|408000|1253|10024395|255716
1200000|1|6000|8|3|1|2|408000|1253|10024395|471863
1200000|1|6000|8|3|0|0|408000|1254|10032394|255553
1200000|1|6000|8|3|1|2|408000|1254|10032394|470798
1200000|1|6000|8|3|0|0|408000|1255|10040393|255881
1200000|1|6000|8|3|1|2|408000|1255|10040393|470387
1200000|1|6000|8|3|0|0|408000|1256|10048393|256125
1200000|1|6000|8|3|1|2|408000|1256|10048393|470142
1200000|1|6000|8|3|0|0|408000|1257|10056393|256618
1200000|1|6000|8|3|1|2|408000|1257|10056393|469979
1200000|1|6000|8|3|0|0|408000|1258|10064393|257071
1200000|1|6000|8|3|1|2|408000|1258|10064393|471455
1200000|1|6000|8|3|0|0|408000|1259|10072396|257357
1200000|1|6000|8|3|1|2|408000|1259|10072396|471331
1200000|1|6000|8|3|0|0|408000|1260|10080396|257727
1200000|1|6000|8|3|1|2|408000|1260|10080396|472108
1200000|1|6000|8|3|0|0|408000|1261|10088397|257972
1200000|1|6000|8|3|1|2|408000|1261|10088397|471537
1200000|1|6000|8|3|0|0|408000|1262|10096397|258258
1200000|1|6000|8|3|1|2|408000|1262|10096397|472523
1200000|1|6000|8|3|0|0|408000|1263|10104399|258832
1200000|1|6000|8|3|1|2|408000|1263|10104399|472807
1200000|1|6000|8|3|0|0|408000|1264|10112400|259857
1200000|1|6000|8|3|1|2|408000|1264|10112400|472808
1200000|1|6000|8|3|0|0|408000|1265|10120400|259735
1200000|1|6000|8|3|1|2|408000|1265|10120400|472767
1200000|1|6000|8|3|0|0|408000|1266|10128400|260884
1200000|1|6000|8|3|1|2|408000|1266|10128400|472681
1200000|1|6000|8|3|0|0|408000|1267|10136400|261576
1200000|1|6000|8|3|1|2|408000|1267|10136400|473422
1200000|1|6000|8|3|0|0|408000|1268|10144401|262523
1200000|1|6000|8|3|1|2|408000|1268|10144401|473957
1200000|1|6000|8|3|0|0|408000|1269|10152401|263426
1200000|1|6000|8|3|1|2|408000|1269|10152401|474776
1200000|1|6000|8|3|0|0|408000|1270|10160402|263752
1200000|1|6000|8|3|1|2|408000|1270|10160402|475188
1200000|1|6000|8|3|0|0|408000|1271|10168403|264860
1200000|1|6000|8|3|1|2|408000|1271|10168403|476006
1200000|1|6000|8|3|0|0|408000|1272|10176403|265803
1200000|1|6000|8|3|1|2|408000|1272|10176403|477033
1200000|1|6000|8|3|0|0|408000|1273|10184404|266661
1200000|1|6000|8|3|1|2|408000|1273|10184404|478097
1200000|1|6000|8|3|0|0|408000|1274|10192406|267319
1200000|1|6000|8|3|1|2|408000|1274|10192406|478139
1200000|1|6000|8|3|0|0|408000|1275|10200406|267729
1200000|1|6000|8|3|1|2|408000|1275|10200406|478549
1200000|1|6000|8|3|0|0|408000|1276|10208407|268426
1200000|1|6000|8|3|1|2|408000|1276|10208407|478955
1200000|1|6000|8|3|0|0|408000|1277|10216409|269001
1200000|1|6000|8|3|1|2|408000|1277|10216409|480147
1200000|1|6000|8|3|0|0|408000|1278|10224411|268550
1200000|1|6000|8|3|1|2|408000|1278|10224411|480761
1200000|1|6000|8|3|0|0|408000|1279|10232412|267975
1200000|1|6000|8|3|1|2|408000|1279|10232412|481991
1200000|1|6000|8|3|0|0|408000|1280|10240413|268057
1200000|1|6000|8|3|1|2|408000|1280|10240413|481992
1200000|1|6000|8|3|0|0|408000|1281|10248413|268427
1200000|1|6000|8|3|1|2|408000|1281|10248413|482444
1200000|1|6000|8|3|0|0|408000|1282|10256413|268262
1200000|1|6000|8|3|1|2|408000|1282|10256413|481908
1200000|1|6000|8|3|0|0|408000|1283|10264413|268960
1200000|1|6000|8|3|1|2|408000|1283|10264413|482239
1200000|1|6000|8|3|0|0|408000|1284|10272413|269494
1200000|1|6000|8|3|1|2|408000|1284|10272413|482238
1200000|1|6000|8|3|0|0|408000|1285|10280413|270350
1200000|1|6000|8|3|1|2|408000|1285|10280413|482854
1200000|1|6000|8|3|0|0|408000|1286|10288414|270518
1200000|1|6000|8|3|1|2|408000|1286|10288414|483427
1200000|1|6000|8|3|0|0|408000|1287|10296414|271010
1200000|1|6000|8|3|1|2|408000|1287|10296414|483386
1200000|1|6000|8|3|0|0|408000|1288|10304414|270968
1200000|1|6000|8|3|1|2|408000|1288|10304414|484821
1200000|1|6000|8|3|0|0|408000|1289|10312415|270884
1200000|1|6000|8|3|1|2|408000|1289|10312415|484491
1200000|1|6000|8|3|0|0|408000|1290|10320416|271339
1200000|1|6000|8|3|1|2|408000|1290|10320416|486047
1200000|1|6000|8|3|0|0|408000|1291|10328417|270927
1200000|1|6000|8|3|1|2|408000|1291|10328417|486790
1200000|1|6000|8|3|0|0|408000|1292|10336418|270924
1200000|1|6000|8|3|1|2|408000|1292|10336418|488102
1200000|1|6000|8|3|0|0|408000|1293|10344419|269943
1200000|1|6000|8|3|1|2|408000|1293|10344419|489126
1200000|1|6000|8|3|0|0|408000|1294|10352420|270109
1200000|1|6000|8|3|1|2|408000|1294|10352420|490233
1200000|1|6000|8|3|0|0|408000|1295|10360421|269902
1200000|1|6000|8|3|1|2|408000|1295|10360421|490192
1200000|1|6000|8|3|0|0|408000|1296|10368420|270353
1200000|1|6000|8|3|1|2|408000|1296|10368420|490234
1200000|1|6000|8|3|0|0|408000|1297|10376419|269863
1200000|1|6000|8|3|1|2|408000|1297|10376419|490233
1200000|1|6000|8|3|0|0|408000|1298|10384419|269861
1200000|1|6000|8|3|1|2|408000|1298|10384419|490233
1200000|1|6000|8|3|0|0|408000|1299|10392418|269657
1200000|1|6000|8|3|1|2|408000|1299|10392418|489782
1200000|1|6000|8|3|0|0|408000|1300|10400417|269779
1200000|1|6000|8|3|1|2|408000|1300|10400417|489699
1200000|1|6000|8|3|0|0|408000|1301|10408416|269450
1200000|1|6000|8|3|1|2|408000|1301|10408416|489700
1200000|1|6000|8|3|0|0|408000|1302|10416416|269780
1200000|1|6000|8|3|1|2|408000|1302|10416416|490193
1200000|1|6000|8|3|0|0|408000|1303|10424416|269737
1200000|1|6000|8|3|1|2|408000|1303|10424416|490849
1200000|1|6000|8|3|0|0|408000|1304|10432417|269575
1200000|1|6000|8|3|1|2|408000|1304|10432417|491094
1200000|1|6000|8|3|0|0|408000|1305|10440417|269863
1200000|1|6000|8|3|1|2|408000|1305|10440417|490806
1200000|1|6000|8|3|0|0|408000|1306|10448418|270027
1200000|1|6000|8|3|1|2|408000|1306|10448418|490435
1200000|1|6000|8|3|0|0|408000|1307|10456418|270599
1200000|1|6000|8|3|1|2|408000|1307|10456418|490192
1200000|1|6000|8|3|0|0|408000|1308|10464418|270437
1200000|1|6000|8|3|1|2|408000|1308|10464418|490273
1200000|1|6000|8|3|0|0|408000|1309|10472419|270601
1200000|1|6000|8|3|1|2|408000|1309|10472419|490068
1200000|1|6000|8|3|0|0|408000|1310|10480419|269941
1200000|1|6000|8|3|1|2|408000|1310|10480419|489491
1200000|1|6000|8|3|0|0|408000|1311|10488419|269739
1200000|1|6000|8|3|1|2|408000|1311|10488419|489655
1200000|1|6000|8|3|0|0|408000|1312|10496418|269820
1200000|1|6000|8|3|1|2|408000|1312|10496418|488837
1200000|1|6000|8|3|0|0|408000|1313|10504418|269737
1200000|1|6000|8|3|1|2|408000|1313|10504418|488429
1200000|1|6000|8|3|0|0|408000|1314|10512417|269534
1200000|1|6000|8|3|1|2|408000|1314|10512417|487810
1200000|1|6000|8|3|0|0|408000|1315|10520418|269369
1200000|1|6000|8|3|1|2|408000|1315|10520418|486911
1200000|1|6000|8|3|0|0|408000|1316|10528417|269287
1200000|1|6000|8|3|1|2|408000|1316|10528417|486501
1200000|1|6000|8|3|0|0|408000|1317|10536417|268674
1200000|1|6000|8|3|1|2|408000|1317|10536417|485720
1200000|1|6000|8|3|0|0|408000|1318|10544416|269164
1200000|1|6000|8|3|1|2|408000|1318|10544416|486503
1200000|1|6000|8|3|0|0|408000|1319|10552418|268506
1200000|1|6000|8|3|1|2|408000|1319|10552418|486334
1200000|1|6000|8|3|0|0|408000|1320|10560419|268467
1200000|1|6000|8|3|1|2|408000|1320|10560419|486707
1200000|1|6000|8|3|0|0|408000|1321|10568420|267931
1200000|1|6000|8|3|1|2|408000|1321|10568420|487033
1200000|1|6000|8|3|0|0|408000|1322|10576421|267768
1200000|1|6000|8|3|1|2|408000|1322|10576421|486910
1200000|1|6000|8|3|0|0|408000|1323|10584422|266786
1200000|1|6000|8|3|1|2|408000|1323|10584422|487200
1200000|1|6000|8|3|0|0|408000|1324|10592423|266665
1200000|1|6000|8|3|1|2|408000|1324|10592423|487075
1200000|1|6000|8|3|0|0|408000|1325|10600423|266376
1200000|1|6000|8|3|1|2|408000|1325|10600423|487651
1200000|1|6000|8|3|0|0|408000|1326|10608425|266295
1200000|1|6000|8|3|1|2|408000|1326|10608425|488552
1200000|1|6000|8|3|0|0|408000|1327|10616427|266171
1200000|1|6000|8|3|1|2|408000|1327|10616427|489988
1200000|1|6000|8|3|0|0|408000|1328|10624428|265885
1200000|1|6000|8|3|1|2|408000|1328|10624428|490887
1200000|1|6000|8|3|0|0|408000|1329|10632430|265840
1200000|1|6000|8|3|1|2|408000|1329|10632430|492363
1200000|1|6000|8|3|0|0|408000|1330|10640431|265471
1200000|1|6000|8|3|1|2|408000|1330|10640431|492895
1200000|1|6000|8|3|0|0|408000|1331|10648433|264205
1200000|1|6000|8|3|1|2|408000|1331|10648433|494289
1200000|1|6000|8|3|0|0|408000|1332|10656435|262932
1200000|1|6000|8|3|1|2|408000|1332|10656435|494333
1200000|1|6000|8|3|0|0|408000|1333|10664436|261620
1200000|1|6000|8|3|1|2|408000|1333|10664436|495851
1200000|1|6000|8|3|0|0|408000|1334|10672437|260595
1200000|1|6000|8|3|1|2|408000|1334|10672437|495972
1200000|1|6000|8|3|0|0|408000|1335|10680438|259735
1200000|1|6000|8|3|1|2|408000|1335|10680438|497326
1200000|1|6000|8|3|0|0|408000|1336|10688440|259120
1200000|1|6000|8|3|1|2|408000|1336|10688440|498474
1200000|1|6000|8|3|0|0|408000|1337|10696441|258297
1200000|1|6000|8|3|1|2|408000|1337|10696441|499826
1200000|1|6000|8|3|0|0|408000|1338|10704443|258706
1200000|1|6000|8|3|1|2|408000|1338|10704443|501547
1200000|1|6000|8|3|0|0|408000|1339|10712445|259366
1200000|1|6000|8|3|1|2|408000|1339|10712445|502532
1200000|1|6000|8|3|0|0|408000|1340|10720446|259816
1200000|1|6000|8|3|1|2|408000|1340|10720446|503557
1200000|1|6000|8|3|0|0|408000|1341|10728448|259818
1200000|1|6000|8|3|1|2|408000|1341|10728448|504337
1200000|1|6000|8|3|0|0|408000|1342|10736448|259488
1200000|1|6000|8|3|1|2|408000|1342|10736448|504664
1200000|1|6000|8|3|0|0|408000|1343|10744448|259365
1200000|1|6000|8|3|1|2|408000|1343|10744448|505361
1200000|1|6000|8|3|0|0|408000|1344|10752448|259121
1200000|1|6000|8|3|1|2|408000|1344|10752448|506015
1200000|1|6000|8|3|0|0|408000|1345|10760449|259201
1200000|1|6000|8|3|1|2|408000|1345|10760449|507042
1200000|1|6000|8|3|0|0|408000|1346|10768450|258382
1200000|1|6000|8|3|1|2|408000|1346|10768450|507696
1200000|1|6000|8|3|0|0|408000|1347|10776450|258629
1200000|1|6000|8|3|1|2|408000|1347|10776450|508479
1200000|1|6000|8|3|0|0|408000|1348|10784450|257931
1200000|1|6000|8|3|1|2|408000|1348|10784450|509336
1200000|1|6000|8|3|0|0|408000|1349|10792451|258095
1200000|1|6000|8|3|1|2|408000|1349|10792451|509954
1200000|1|6000|8|3|0|0|408000|1350|10800452|257766
1200000|1|6000|8|3|1|2|408000|1350|10800452|510323
1200000|1|6000|8|3|0|0|408000|1351|10808453|257971
1200000|1|6000|8|3|1|2|408000|1351|10808453|510570
1200000|1|6000|8|3|0|0|408000|1352|10816454|257479
1200000|1|6000|8|3|1|2|408000|1352|10816454|510897
1200000|1|6000|8|3|0|0|408000|1353|10824454|258014
1200000|1|6000|8|3|1|2|408000|1353|10824454|510731
1200000|1|6000|8|3|0|0|408000|1354|10832454|258218
1200000|1|6000|8|3|1|2|408000|1354|10832454|510652
1200000|1|6000|8|3|0|0|408000|1355|10840454|258338
1200000|1|6000|8|3|1|2|408000|1355|10840454|510196
1200000|1|6000|8|3|0|0|408000|1356|10848453|259325
1200000|1|6000|8|3|1|2|408000|1356|10848453|510896
1200000|1|6000|8|3|0|0|408000|1357|10856454|259366
1200000|1|6000|8|3|1|2|408000|1357|10856454|510401
1200000|1|6000|8|3|0|0|408000|1358|10864455|259857
1200000|1|6000|8|3|1|2|408000|1358|10864455|510077
1200000|1|6000|8|3|0|0|408000|1359|10872457|260389
1200000|1|6000|8|3|1|2|408000|1359|10872457|510281
1200000|1|6000|8|3|0|0|408000|1360|10880458|260718
1200000|1|6000|8|3|1|2|408000|1360|10880458|509543
1200000|1|6000|8|3|0|0|408000|1361|10888459|260801
1200000|1|6000|8|3|1|2|408000|1361|10888459|510076
1200000|1|6000|8|3|0|0|408000|1362|10896461|261171
1200000|1|6000|8|3|1|2|408000|1362|10896461|509382
1200000|1|6000|8|3|0|0|408000|1363|10904461|260802
1200000|1|6000|8|3|1|2|408000|1363|10904461|508643
1200000|1|6000|8|3|0|0|408000|1364|10912461|260554
1200000|1|6000|8|3|1|2|408000|1364|10912461|509134
1200000|1|6000|8|3|0|0|408000|1365|10920461|260472
1200000|1|6000|8|3|1|2|408000|1365|10920461|509380
1200000|1|6000|8|3|0|0|408000|1366|10928461|260185
1200000|1|6000|8|3|1|2|408000|1366|10928461|509583
1200000|1|6000|8|3|0|0|408000|1367|10936461|260678
1200000|1|6000|8|3|1|2|408000|1367|10936461|508889
1200000|1|6000|8|3|0|0|408000|1368|10944461|259897
1200000|1|6000|8|3|1|2|408000|1368|10944461|508930
1200000|1|6000|8|3|0|0|408000|1369|10952461|260431
1200000|1|6000|8|3|1|2|408000|1369|10952461|508397
1200000|1|6000|8|3|0|0|408000|1370|10960461|260104
1200000|1|6000|8|3|1|2|408000|1370|10960461|508519
1200000|1|6000|8|3|0|0|408000|1371|10968461|260474
1200000|1|6000|8|3|1|2|408000|1371|10968461|507658
1200000|1|6000|8|3|0|0|408000|1372|10976461|260347
1200000|1|6000|8|3|1|2|408000|1372|10976461|506878
1200000|1|6000|8|3|0|0|408000|1373|10984461|260759
1200000|1|6000|8|3|1|2|408000|1373|10984461|506511
1200000|1|6000|8|3|0|0|408000|1374|10992461|260677
1200000|1|6000|8|3|1|2|408000|1374|10992461|506304
1200000|1|6000|8|3|0|0|408000|1375|11000461|261126
1200000|1|6000|8|3|1|2|408000|1375|11000461|506345
1200000|1|6000|8|3|0|0|408000|1376|11008461|261168
1200000|1|6000|8|3|1|2|408000|1376|11008461|505649
1200000|1|6000|8|3|0|0|408000|1377|11016461|261131
1200000|1|6000|8|3|1|2|408000|1377|11016461|504746
1200000|1|6000|8|3|0|0|408000|1378|11024460|261210
1200000|1|6000|8|3|1|2|408000|1378|11024460|504948
1200000|1|6000|8|3|0|0|408000|1379|11032460|260554
1200000|1|6000|8|3|1|2|408000|1379|11032460|505035
1200000|1|6000|8|3|0|0|408000|1380|11040461|259940
1200000|1|6000|8|3|1|2|408000|1380|11040461|504828
1200000|1|6000|8|3|0|0|408000|1381|11048461|259899
1200000|1|6000|8|3|1|2|408000|1381|11048461|504375
1200000|1|6000|8|3|0|0|408000|1382|11056461|259692
1200000|1|6000|8|3|1|2|408000|1382|11056461|503844
1200000|1|6000|8|3|0|0|408000|1383|11064461|258793
1200000|1|6000|8|3|1|2|408000|1383|11064461|503106
1200000|1|6000|8|3|0|0|408000|1384|11072461|258753
1200000|1|6000|8|3|1|2|408000|1384|11072461|502656
1200000|1|6000|8|3|0|0|408000|1385|11080460|258711
1200000|1|6000|8|3|1|2|408000|1385|11080460|503026
1200000|1|6000|8|3|0|0|408000|1386|11088461|258625
1200000|1|6000|8|3|1|2|408000|1386|11088461|502943
1200000|1|6000|8|3|0|0|408000|1387|11096461|258501
1200000|1|6000|8|3|1|2|408000|1387|11096461|503434
1200000|1|6000|8|3|0|0|408000|1388|11104462|258503
1200000|1|6000|8|3|1|2|408000|1388|11104462|503682
1200000|1|6000|8|3|0|0|408000|1389|11112461|258423
1200000|1|6000|8|3|1|2|408000|1389|11112461|504215
1200000|1|6000|8|3|0|0|408000|1390|11120462|258301
1200000|1|6000|8|3|1|2|408000|1390|11120462|504173
1200000|1|6000|8|3|0|0|408000|1391|11128462|258709
1200000|1|6000|8|3|1|2|408000|1391|11128462|504664
1200000|1|6000|8|3|0|0|408000|1392|11136461|257685
1200000|1|6000|8|3|1|2|408000|1392|11136461|504788
1200000|1|6000|8|3|0|0|408000|1393|11144461|257726
1200000|1|6000|8|3|1|2|408000|1393|11144461|505322
1200000|1|6000|8|3|0|0|408000|1394|11152461|256905
1200000|1|6000|8|3|1|2|408000|1394|11152461|504953
1200000|1|6000|8|3|0|0|408000|1395|11160461|257150
1200000|1|6000|8|3|1|2|408000|1395|11160461|504541
1200000|1|6000|8|3|0|0|408000|1396|11168461|256413
1200000|1|6000|8|3|1|2|408000|1396|11168461|504542
1200000|1|6000|8|3|0|0|408000|1397|11176462|256413
1200000|1|6000|8|3|1|2|408000|1397|11176462|504213
1200000|1|6000|8|3|0|0|408000|1398|11184461|255757
1200000|1|6000|8|3|1|2|408000|1398|11184461|504377
1200000|1|6000|8|3|0|0|408000|1399|11192462|256374
1200000|1|6000|8|3|1|2|408000|1399|11192462|504092
1200000|1|6000|8|3|0|0|408000|1400|11200462|255882
1200000|1|6000|8|3|1|2|408000|1400|11200462|504254
1200000|1|6000|8|3|0|0|408000|1401|11208462|255881
1200000|1|6000|8|3|1|2|408000|1401|11208462|504172
1200000|1|6000|8|3|0|0|408000|1402|11216462|256125
1200000|1|6000|8|3|1|2|408000|1402|11216462|503763
1200000|1|6000|8|3|0|0|408000|1403|11224462|255757
1200000|1|6000|8|3|1|2|408000|1403|11224462|503476
1200000|1|6000|8|3|0|0|408000|1404|11232461|255922
1200000|1|6000|8|3|1|2|408000|1404|11232461|503519
1200000|1|6000|8|3|0|0|408000|1405|11240461|255960
1200000|1|6000|8|3|1|2|408000|1405|11240461|503394
1200000|1|6000|8|3|0|0|408000|1406|11248462|256087
1200000|1|6000|8|3|1|2|408000|1406|11248462|503145
1200000|1|6000|8|3|0|0|408000|1407|11256461|255590
1200000|1|6000|8|3|1|2|408000|1407|11256461|502409
1200000|1|6000|8|3|0|0|408000|1408|11264461|255471
1200000|1|6000|8|3|1|2|408000|1408|11264461|502120
1200000|1|6000|8|3|0|0|408000|1409|11272460|255224
1200000|1|6000|8|3|1|2|408000|1409|11272460|501914
1200000|1|6000|8|3|0|0|408000|1410|11280460|255552
1200000|1|6000|8|3|1|2|408000|1410|11280460|502001
1200000|1|6000|8|3|0|0|408000|1411|11288460|255592
1200000|1|6000|8|3|1|2|408000|1411|11288460|502328
1200000|1|6000|8|3|0|0|408000|1412|11296461|255553
1200000|1|6000|8|3|1|2|408000|1412|11296461|501917
1200000|1|6000|8|3|0|0|408000|1413|11304460|255262
1200000|1|6000|8|3|1|2|408000|1413|11304460|502124
1200000|1|6000|8|3|0|0|408000|1414|11312461|255593
1200000|1|6000|8|3|1|2|408000|1414|11312461|501340
1200000|1|6000|8|3|0|0|408000|1415|11320459|255552
1200000|1|6000|8|3|1|2|408000|1415|11320459|501836
1200000|1|6000|8|3|0|0|408000|1416|11328460|255390
1200000|1|6000|8|3|1|2|408000|1416|11328460|501590
1200000|1|6000|8|3|0|0|408000|1417|11336459|255923
1200000|1|6000|8|3|1|2|408000|1417|11336459|501299
1200000|1|6000|8|3|0|0|408000|1418|11344460|255716
1200000|1|6000|8|3|1|2|408000|1418|11344460|500851
1200000|1|6000|8|3|0|0|408000|1419|11352459|256086
1200000|1|6000|8|3|1|2|408000|1419|11352459|500851
1200000|1|6000|8|3|0|0|408000|1420|11360459|256331
1200000|1|6000|8|3|1|2|408000|1420|11360459|500442
1200000|1|6000|8|3|0|0|408000|1421|11368459|256947
1200000|1|6000|8|3|1|2|408000|1421|11368459|500194
1200000|1|6000|8|3|0|0|408000|1422|11376459|256536
1200000|1|6000|8|3|1|2|408000|1422|11376459|499252
1200000|1|6000|8|3|0|0|408000|1423|11384457|256701
1200000|1|6000|8|3|1|2|408000|1423|11384457|499130
1200000|1|6000|8|3|0|0|408000|1424|11392458|256536
1200000|1|6000|8|3|1|2|408000|1424|11392458|499458
1200000|1|6000|8|3|0|0|408000|1425|11400458|256825
1200000|1|6000|8|3|1|2|408000|1425|11400458|499702
1200000|1|6000|8|3|0|0|408000|1426|11408458|256825
1200000|1|6000|8|3|1|2|408000|1426|11408458|499823
1200000|1|6000|8|3|0|0|408000|1427|11416458|256619
1200000|1|6000|8|3|1|2|408000|1427|11416458|499704
1200000|1|6000|8|3|0|0|408000|1428|11424458|255922
1200000|1|6000|8|3|1|2|408000|1428|11424458|500115
1200000|1|6000|8|3|0|0|408000|1429|11432459|255553
1200000|1|6000|8|3|1|2|408000|1429|11432459|498882
1200000|1|6000|8|3|0|0|408000|1430|11440458|255590
1200000|1|6000|8|3|1|2|408000|1430|11440458|499375
1200000|1|6000|8|3|0|0|408000|1431|11448458|255549
1200000|1|6000|8|3|1|2|408000|1431|11448458|498309
1200000|1|6000|8|3|0|0|408000|1432|11456457|255841
1200000|1|6000|8|3|1|2|408000|1432|11456457|498187
1200000|1|6000|8|3|0|0|408000|1433|11464457|256003
1200000|1|6000|8|3|1|2|408000|1433|11464457|497612
1200000|1|6000|8|3|0|0|408000|1434|11472457|256126
1200000|1|6000|8|3|1|2|408000|1434|11472457|497409
1200000|1|6000|8|3|0|0|408000|1435|11480457|256210
1200000|1|6000|8|3|1|2|408000|1435|11480457|497407
1200000|1|6000|8|3|0|0|408000|1436|11488457|256988
1200000|1|6000|8|3|1|2|408000|1436|11488457|496995
1200000|1|6000|8|3|0|0|408000|1437|11496457|257069
1200000|1|6000|8|3|1|2|408000|1437|11496457|496670
1200000|1|6000|8|3|0|0|408000|1438|11504456|256905
1200000|1|6000|8|3|1|2|408000|1438|11504456|495930
1200000|1|6000|8|3|0|0|408000|1439|11512456|256782
1200000|1|6000|8|3|1|2|408000|1439|11512456|496341
1200000|1|6000|8|3|0|0|408000|1440|11520456|256455
1200000|1|6000|8|3|1|2|408000|1440|11520456|495359
1200000|1|6000|8|3|0|0|408000|1441|11528456|256410
1200000|1|6000|8|3|1|2|408000|1441|11528456|495398
1200000|1|6000|8|3|0|0|408000|1442|11536456|256451
1200000|1|6000|8|3|1|2|408000|1442|11536456|494783
1200000|1|6000|8|3|0|0|408000|1443|11544456|256046
1200000|1|6000|8|3|1|2|408000|1443|11544456|494703
1200000|1|6000|8|3|0|0|408000|1444|11552456|255265
1200000|1|6000|8|3|1|2|408000|1444|11552456|494497
1200000|1|6000|8|3|0|0|408000|1445|11560455|254816
1200000|1|6000|8|3|1|2|408000|1445|11560455|494907
1200000|1|6000|8|3|0|0|408000|1446|11568456|254528
1200000|1|6000|8|3|1|2|408000|1446|11568456|493964
1200000|1|6000|8|3|0|0|408000|1447|11576455|253910
1200000|1|6000|8|3|1|2|408000|1447|11576455|493349
1200000|1|6000|8|3|0|0|408000|1448|11584455|253995
1200000|1|6000|8|3|1|2|408000|1448|11584455|492979
1200000|1|6000|8|3|0|0|408000|1449|11592454|253378
1200000|1|6000|8|3|1|2|408000|1449|11592454|492857
1200000|1|6000|8|3|0|0|408000|1450|11600455|253213
1200000|1|6000|8|3|1|2|408000|1450|11600455|492897
1200000|1|6000|8|3|0|0|408000|1451|11608454|252354
1200000|1|6000|8|3|1|2|408000|1451|11608454|492281
1200000|1|6000|8|3|0|0|408000|1452|11616454|251166
1200000|1|6000|8|3|1|2|408000|1452|11616454|492034
1200000|1|6000|8|3|0|0|408000|1453|11624453|250629
1200000|1|6000|8|3|1|2|408000|1453|11624453|492365
1200000|1|6000|8|3|0|0|408000|1454|11632454|249732
1200000|1|6000|8|3|1|2|408000|1454|11632454|493553
1200000|1|6000|8|3|0|0|408000|1455|11640456|248745
1200000|1|6000|8|3|1|2|408000|1455|11640456|493841
1200000|1|6000|8|3|0|0|408000|1456|11648456|247679
1200000|1|6000|8|3|1|2|408000|1456|11648456|494005
1200000|1|6000|8|3|0|0|408000|1457|11656458|246163
1200000|1|6000|8|3|1|2|408000|1457|11656458|494211
1200000|1|6000|8|3|0|0|408000|1458|11664458|246246
1200000|1|6000|8|3|1|2|408000|1458|11664458|494332
1200000|1|6000|8|3|0|0|408000|1459|11672459|246242
1200000|1|6000|8|3|1|2|408000|1459|11672459|494907
1200000|1|6000|8|3|0|0|408000|1460|11680459|246778
1200000|1|6000|8|3|1|2|408000|1460|11680459|494370
1200000|1|6000|8|3|0|0|408000|1461|11688459|246860
1200000|1|6000|8|3|1|2|408000|1461|11688459|494620
1200000|1|6000|8|3|0|0|408000|1462|11696460|247554
1200000|1|6000|8|3|1|2|408000|1462|11696460|494660
1200000|1|6000|8|3|0|0|408000|1463|11704461|247559
1200000|1|6000|8|3|1|2|408000|1463|11704461|495152
1200000|1|6000|8|3|0|0|408000|1464|11712462|247723
1200000|1|6000|8|3|1|2|408000|1464|11712462|494989
1200000|1|6000|8|3|0|0|408000|1465|11720462|247432
1200000|1|6000|8|3|1|2|408000|1465|11720462|495439
1200000|1|6000|8|3|0|0|408000|1466|11728464|246817
1200000|1|6000|8|3|1|2|408000|1466|11728464|495519
1200000|1|6000|8|3|0|0|408000|1467|11736464|246982
1200000|1|6000|8|3|1|2|408000|1467|11736464|495728
1200000|1|6000|8|3|0|0|408000|1468|11744465|246164
1200000|1|6000|8|3|1|2|408000|1468|11744465|496260
1200000|1|6000|8|3|0|0|408000|1469|11752466|246125
1200000|1|6000|8|3|1|2|408000|1469|11752466|495684
1200000|1|6000|8|3|0|0|408000|1470|11760467|245426
1200000|1|6000|8|3|1|2|408000|1470|11760467|495072
1200000|1|6000|8|3|0|0|408000|1471|11768467|245796
1200000|1|6000|8|3|1|2|408000|1471|11768467|494619
1200000|1|6000|8|3|0|0|408000|1472|11776468|245427
1200000|1|6000|8|3|1|2|408000|1472|11776468|494251
1200000|1|6000|8|3|0|0|408000|1473|11784468|245998
1200000|1|6000|8|3|1|2|408000|1473|11784468|494292
1200000|1|6000|8|3|0|0|408000|1474|11792469|245710
1200000|1|6000|8|3|1|2|408000|1474|11792469|493719
1200000|1|6000|8|3|0|0|408000|1475|11800469|245382
1200000|1|6000|8|3|1|2|408000|1475|11800469|492815
1200000|1|6000|8|3|0|0|408000|1476|11808469|245468
1200000|1|6000|8|3|1|2|408000|1476|11808469|492366
1200000|1|6000|8|3|0|0|408000|1477|11816469|244973
1200000|1|6000|8|3|1|2|408000|1477|11816469|492444
1200000|1|6000|8|3|0|0|408000|1478|11824469|245057
1200000|1|6000|8|3|1|2|408000|1478|11824469|492570
1200000|1|6000|8|3|0|0|408000|1479|11832468|244647
1200000|1|6000|8|3|1|2|408000|1479|11832468|492651
1200000|1|6000|8|3|0|0|408000|1480|11840469|244152
1200000|1|6000|8|3|1|2|408000|1480|11840469|492367
1200000|1|6000|8|3|0|0|408000|1481|11848469|243294
1200000|1|6000|8|3|1|2|408000|1481|11848469|492035
1200000|1|6000|8|3|0|0|408000|1482|11856469|242841
1200000|1|6000|8|3|1|2|408000|1482|11856469|491669
1200000|1|6000|8|3|0|0|408000|1483|11864469|242598
1200000|1|6000|8|3|1|2|408000|1483|11864469|492160
1200000|1|6000|8|3|0|0|408000|1484|11872471|242350
1200000|1|6000|8|3|1|2|408000|1484|11872471|492404
1200000|1|6000|8|3|0|0|408000|1485|11880472|242185
1200000|1|6000|8|3|1|2|408000|1485|11880472|492528
1200000|1|6000|8|3|0|0|408000|1486|11888473|242063
1200000|1|6000|8|3|1|2|408000|1486|11888473|492651
1200000|1|6000|8|3|0|0|408000|1487|11896475|241490
1200000|1|6000|8|3|1|2|408000|1487|11896475|492898
1200000|1|6000|8|3|0|0|408000|1488|11904475|241738
1200000|1|6000|8|3|1|2|408000|1488|11904475|493021
1200000|1|6000|8|3|0|0|408000|1489|11912476|242266
1200000|1|6000|8|3|1|2|408000|1489|11912476|493348
1200000|1|6000|8|3|0|0|408000|1490|11920477|241204
1200000|1|6000|8|3|1|2|408000|1490|11920477|492611
1200000|1|6000|8|3|0|0|408000|1491|11928477|240997
1200000|1|6000|8|3|1|2|408000|1491|11928477|491995
1200000|1|6000|8|3|0|0|408000|1492|11936476|240874
1200000|1|6000|8|3|1|2|408000|1492|11936476|490767
1200000|1|6000|8|3|0|0|408000|1493|11944476|240507
1200000|1|6000|8|3|1|2|408000|1493|11944476|489614
1200000|1|6000|8|3|0|0|408000|1494|11952476|240467
1200000|1|6000|8|3|1|2|408000|1494|11952476|488470
1200000|1|6000|8|3|0|0|408000|1495|11960476|240054
1200000|1|6000|8|3|1|2|408000|1495|11960476|487444
1200000|1|6000|8|3|0|0|408000|1496|11968476|239153
1200000|1|6000|8|3|1|2|408000|1496|11968476|486338
1200000|1|6000|8|3|0|0|408000|1497|11976476|238661
1200000|1|6000|8|3|1|2|408000|1497|11976476|485560
1200000|1|6000|8|3|0|0|408000|1498|11984476|238334
1200000|1|6000|8|3|1|2|408000|1498|11984476|485600
1200000|1|6000|8|3|0|0|408000|1499|11992477|237883
1200000|1|6000|8|3|1|2|408000|1499|11992477|486704
1200000|1|6000|8|3|0|0|408000|1500|12000478|236980
1200000|1|6000|8|3|1|2|408000|1500|12000478|487200
1200000|1|6000|8|3|0|0|408000|1501|12008479|236569
1200000|1|6000|8|3|1|2|408000|1501|12008479|487728
1200000|1|6000|8|3|0|0|408000|1502|12016480|235791
1200000|1|6000|8|3|1|2|408000|1502|12016480|488388
1200000|1|6000|8|3|0|0|408000|1503|12024481|235995
1200000|1|6000|8|3|1|2|408000|1503|12024481|488675
1200000|1|6000|8|3|0|0|408000|1504|12032482|235750
1200000|1|6000|8|3|1|2|408000|1504|12032482|489084
1200000|1|6000|8|3|0|0|408000|1505|12040483|235752
1200000|1|6000|8|3|1|2|408000|1505|12040483|488018
1200000|1|6000|8|3|0|0|408000|1506|12048482|235625
1200000|1|6000|8|3|1|2|408000|1506|12048482|487937
1200000|1|6000|8|3|0|0|408000|1507|12056482|236038
1200000|1|6000|8|3|1|2|408000|1507|12056482|487526
1200000|1|6000|8|3|0|0|408000|1508|12064481|236242
1200000|1|6000|8|3|1|2|408000|1508|12064481|488758
1200000|1|6000|8|3|0|0|408000|1509|12072482|236325
1200000|1|6000|8|3|1|2|408000|1509|12072482|489576
1200000|1|6000|8|3|0|0|408000|1510|12080483|235911
1200000|1|6000|8|3|1|2|408000|1510|12080483|490928
1200000|1|6000|8|3|0|0|408000|1511|12088485|234766
1200000|1|6000|8|3|1|2|408000|1511|12088485|492405
1200000|1|6000|8|3|0|0|408000|1512|12096487|234356
1200000|1|6000|8|3|1|2|408000|1512|12096487|493800
1200000|1|6000|8|3|0|0|408000|1513|12104488|233250
1200000|1|6000|8|3|1|2|408000|1513|12104488|494826
1200000|1|6000|8|3|0|0|408000|1514|12112489|232389
1200000|1|6000|8|3|1|2|408000|1514|12112489|494988
1200000|1|6000|8|3|0|0|408000|1515|12120490|231158
1200000|1|6000|8|3|1|2|408000|1515|12120490|494415
1200000|1|6000|8|3|0|0|408000|1516|12128490|230665
1200000|1|6000|8|3|1|2|408000|1516|12128490|494578
1200000|1|6000|8|3|0|0|408000|1517|12136490|229560
1200000|1|6000|8|3|1|2|408000|1517|12136490|494087
1200000|1|6000|8|3|0|0|408000|1518|12144490|229682
1200000|1|6000|8|3|1|2|408000|1518|12144490|494210
1200000|1|6000|8|3|0|0|408000|1519|12152489|229641
1200000|1|6000|8|3|1|2|408000|1519|12152489|493800
1200000|1|6000|8|3|0|0|408000|1520|12160489|229598
1200000|1|6000|8|3|1|2|408000|1520|12160489|493759
1200000|1|6000|8|3|0|0|408000|1521|12168489|229764
1200000|1|6000|8|3|1|2|408000|1521|12168489|493800
1200000|1|6000|8|3|0|0|408000|1522|12176488|229231
1200000|1|6000|8|3|1|2|408000|1522|12176488|493514
1200000|1|6000|8|3|0|0|408000|1523|12184487|229434
1200000|1|6000|8|3|1|2|408000|1523|12184487|493636
1200000|1|6000|8|3|0|0|408000|1524|12192487|228574
1200000|1|6000|8|3|1|2|408000|1524|12192487|493758
1200000|1|6000|8|3|0|0|408000|1525|12200488|228780
1200000|1|6000|8|3|1|2|408000|1525|12200488|493757
1200000|1|6000|8|3|0|0|408000|1526|12208487|227920
1200000|1|6000|8|3|1|2|408000|1526|12208487|493431
1200000|1|6000|8|3|0|0|408000|1527|12216488|227960
1200000|1|6000|8|3|1|2|408000|1527|12216488|493676
1200000|1|6000|8|3|0|0|408000|1528|12224488|227427
1200000|1|6000|8|3|1|2|408000|1528|12224488|493878
1200000|1|6000|8|3|0|0|408000|1529|12232489|227014
1200000|1|6000|8|3|1|2|408000|1529|12232489|494538
1200000|1|6000|8|3|0|0|408000|1530|12240490|226687
1200000|1|6000|8|3|1|2|408000|1530|12240490|494824
1200000|1|6000|8|3|0|0|408000|1531|12248490|226279
1200000|1|6000|8|3|1|2|408000|1531|12248490|495891
1200000|1|6000|8|3|0|0|408000|1532|12256492|226196
1200000|1|6000|8|3|1|2|408000|1532|12256492|495887
1200000|1|6000|8|3|0|0|408000|1533|12264492|225992
1200000|1|6000|8|3|1|2|408000|1533|12264492|496793
1200000|1|6000|8|3|0|0|408000|1534|12272494|225787
1200000|1|6000|8|3|1|2|408000|1534|12272494|496751
1200000|1|6000|8|3|0|0|408000|1535|12280494|226484
1200000|1|6000|8|3|1|2|408000|1535|12280494|496506
1200000|1|6000|8|3|0|0|408000|1536|12288494|227057
1200000|1|6000|8|3|1|2|408000|1536|12288494|495808
1200000|1|6000|8|3|0|0|408000|1537|12296493|227137
1200000|1|6000|8|3|1|2|408000|1537|12296493|496013
1200000|1|6000|8|3|0|0|408000|1538|12304493|227510
1200000|1|6000|8|3|1|2|408000|1538|12304493|496384
1200000|1|6000|8|3|0|0|408000|1539|12312492|227918
1200000|1|6000|8|3|1|2|408000|1539|12312492|496505
1200000|1|6000|8|3|0|0|408000|1540|12320492|227797
1200000|1|6000|8|3|1|2|408000|1540|12320492|496341
1200000|1|6000|8|3|0|0|408000|1541|12328492|227059
1200000|1|6000|8|3|1|2|408000|1541|12328492|496792
1200000|1|6000|8|3|0|0|408000|1542|12336492|226034
1200000|1|6000|8|3|1|2|408000|1542|12336492|497080
1200000|1|6000|8|3|0|0|408000|1543|12344492|225540
1200000|1|6000|8|3|1|2|408000|1543|12344492|496997
1200000|1|6000|8|3|0|0|408000|1544|12352491|225007
1200000|1|6000|8|3|1|2|408000|1544|12352491|496055
1200000|1|6000|8|3|0|0|408000|1545|12360490|224885
1200000|1|6000|8|3|1|2|408000|1545|12360490|494661
1200000|1|6000|8|3|0|0|408000|1546|12368490|224598
1200000|1|6000|8|3|1|2|408000|1546|12368490|493596
1200000|1|6000|8|3|0|0|408000|1547|12376489|224311
1200000|1|6000|8|3|1|2|408000|1547|12376489|492610
1200000|1|6000|8|3|0|0|408000|1548|12384488|224597
1200000|1|6000|8|3|1|2|408000|1548|12384488|491873
1200000|1|6000|8|3|0|0|408000|1549|12392487|223860
1200000|1|6000|8|3|1|2|408000|1549|12392487|490885
1200000|1|6000|8|3|0|0|408000|1550|12400485|222585
1200000|1|6000|8|3|1|2|408000|1550|12400485|490807
1200000|1|6000|8|3|0|0|408000|1551|12408485|221523
1200000|1|6000|8|3|1|2|408000|1551|12408485|490806
1200000|1|6000|8|3|0|0|408000|1552|12416485|220702
1200000|1|6000|8|3|1|2|408000|1552|12416485|489904
1200000|1|6000|8|3|0|0|408000|1553|12424485|219594
1200000|1|6000|8|3|1|2|408000|1553|12424485|489168
1200000|1|6000|8|3|0|0|408000|1554|12432485|219185
1200000|1|6000|8|3|1|2|408000|1554|12432485|488552
1200000|1|6000|8|3|0|0|408000|1555|12440485|218447
1200000|1|6000|8|3|1|2|408000|1555|12440485|487528
1200000|1|6000|8|3|0|0|408000|1556|12448484|218896
1200000|1|6000|8|3|1|2|408000|1556|12448484|486543
1200000|1|6000|8|3|0|0|408000|1557|12456484|219061
1200000|1|6000|8|3|1|2|408000|1557|12456484|485147
1200000|1|6000|8|3|0|0|408000|1558|12464483|219391
1200000|1|6000|8|3|1|2|408000|1558|12464483|485600
1200000|1|6000|8|3|0|0|408000|1559|12472484|218859
1200000|1|6000|8|3|1|2|408000|1559|12472484|485679
1200000|1|6000|8|3|0|0|408000|1560|12480485|218572
1200000|1|6000|8|3|1|2|408000|1560|12480485|486911
1200000|1|6000|8|3|0|0|408000|1561|12488486|218365
1200000|1|6000|8|3|1|2|408000|1561|12488486|486953
1200000|1|6000|8|3|0|0|408000|1562|12496488|218407
1200000|1|6000|8|3|1|2|408000|1562|12496488|487524
1200000|1|6000|8|3|0|0|408000|1563|12504488|217750
1200000|1|6000|8|3|1|2|408000|1563|12504488|487938
1200000|1|6000|8|3|0|0|408000|1564|12512489|217752
1200000|1|6000|8|3|1|2|408000|1564|12512489|487855
1200000|1|6000|8|3|0|0|408000|1565|12520490|218530
1200000|1|6000|8|3|1|2|408000|1565|12520490|487691
1200000|1|6000|8|3|0|0|408000|1566|12528490|218897
1200000|1|6000|8|3|1|2|408000|1566|12528490|486789
1200000|1|6000|8|3|0|0|408000|1567|12536489|219719
1200000|1|6000|8|3|1|2|408000|1567|12536489|486912
1200000|1|6000|8|3|0|0|408000|1568|12544489|219715
1200000|1|6000|8|3|1|2|408000|1568|12544489|486543
1200000|1|6000|8|3|0|0|408000|1569|12552488|220170
1200000|1|6000|8|3|1|2|408000|1569|12552488|487118
1200000|1|6000|8|3|0|0|408000|1570|12560488|220007
1200000|1|6000|8|3|1|2|408000|1570|12560488|487363
1200000|1|6000|8|3|0|0|408000|1571|12568489|220417
1200000|1|6000|8|3|1|2|408000|1571|12568489|487691
1200000|1|6000|8|3|0|0|408000|1572|12576489|220006
1200000|1|6000|8|3|1|2|408000|1572|12576489|488058
1200000|1|6000|8|3|0|0|408000|1573|12584489|220090
1200000|1|6000|8|3|1|2|408000|1573|12584489|489127
1200000|1|6000|8|3|0|0|408000|1574|12592491|220743
1200000|1|6000|8|3|1|2|408000|1574|12592491|489576
1200000|1|6000|8|3|0|0|408000|1575|12600492|220949
1200000|1|6000|8|3|1|2|408000|1575|12600492|489655
1200000|1|6000|8|3|0|0|408000|1576|12608493|221685
1200000|1|6000|8|3|1|2|408000|1576|12608493|489819
1200000|1|6000|8|3|0|0|408000|1577|12616493|222506
1200000|1|6000|8|3|1|2|408000|1577|12616493|489659
1200000|1|6000|8|3|0|0|408000|1578|12624494|223900
1200000|1|6000|8|3|1|2|408000|1578|12624494|489865
1200000|1|6000|8|3|0|0|408000|1579|12632494|224148
1200000|1|6000|8|3|1|2|408000|1579|12632494|490150
1200000|1|6000|8|3|0|0|408000|1580|12640495|223735
1200000|1|6000|8|3|1|2|408000|1580|12640495|490229
1200000|1|6000|8|3|0|0|408000|1581|12648495|223368
1200000|1|6000|8|3|1|2|408000|1581|12648495|490438
1200000|1|6000|8|3|0|0|408000|1582|12656495|223655
1200000|1|6000|8|3|1|2|408000|1582|12656495|490396
1200000|1|6000|8|3|0|0|408000|1583|12664494|224064
1200000|1|6000|8|3|1|2|408000|1583|12664494|490561
1200000|1|6000|8|3|0|0|408000|1584|12672494|224270
1200000|1|6000|8|3|1|2|408000|1584|12672494|490681
1200000|1|6000|8|3|0|0|408000|1585|12680494|224230
1200000|1|6000|8|3|1|2|408000|1585|12680494|490641
1200000|1|6000|8|3|0|0|408000|1586|12688494|224431
1200000|1|6000|8|3|1|2|408000|1586|12688494|490353
1200000|1|6000|8|3|0|0|408000|1587|12696494|225212
1200000|1|6000|8|3|1|2|408000|1587|12696494|489742
1200000|1|6000|8|3|0|0|408000|1588|12704493|225788
1200000|1|6000|8|3|1|2|408000|1588|12704493|489619
1200000|1|6000|8|3|0|0|408000|1589|12712493|226238
1200000|1|6000|8|3|1|2|408000|1589|12712493|490071
1200000|1|6000|8|3|0|0|408000|1590|12720494|226647
1200000|1|6000|8|3|1|2|408000|1590|12720494|489824
1200000|1|6000|8|3|0|0|408000|1591|12728494|226975
1200000|1|6000|8|3|1|2|408000|1591|12728494|489823
1200000|1|6000|8|3|0|0|408000|1592|12736494|226690
1200000|1|6000|8|3|1|2|408000|1592|12736494|489658
1200000|1|6000|8|3|0|0|408000|1593|12744494|227303
1200000|1|6000|8|3|1|2|408000|1593|12744494|489906
1200000|1|6000|8|3|0|0|408000|1594|12752495|227550
1200000|1|6000|8|3|1|2|408000|1594|12752495|489906
1200000|1|6000|8|3|0|0|408000|1595|12760495|228575
1200000|1|6000|8|3|1|2|408000|1595|12760495|490766
1200000|1|6000|8|3|0|0|408000|1596|12768496|229189
1200000|1|6000|8|3|1|2|408000|1596|12768496|490643
1200000|1|6000|8|3|0|0|408000|1597|12776495|230213
1200000|1|6000|8|3|1|2|408000|1597|12776495|489494
1200000|1|6000|8|3|0|0|408000|1598|12784495|230626
1200000|1|6000|8|3|1|2|408000|1598|12784495|488589
1200000|1|6000|8|3|0|0|408000|1599|12792495|231569
1200000|1|6000|8|3|1|2|408000|1599|12792495|488550
1200000|1|6000|8|3|0|0|408000|1600|12800495|231978
1200000|1|6000|8|3|1|2|408000|1600|12800495|488060
1200000|1|6000|8|3|0|0|408000|1601|12808495|232881
1200000|1|6000|8|3|1|2|408000|1601|12808495|487980
1200000|1|6000|8|3|0|0|408000|1602|12816494|232917
1200000|1|6000|8|3|1|2|408000|1602|12816494|487855
1200000|1|6000|8|3|0|0|408000|1603|12824495|233778
1200000|1|6000|8|3|1|2|408000|1603|12824495|487568
1200000|1|6000|8|3|0|0|408000|1604|12832495|234232
1200000|1|6000|8|3|1|2|408000|1604|12832495|487730
1200000|1|6000|8|3|0|0|408000|1605|12840494|234230
1200000|1|6000|8|3|1|2|408000|1605|12840494|486747
1200000|1|6000|8|3|0|0|408000|1606|12848494|234766
1200000|1|6000|8|3|1|2|408000|1606|12848494|486255
1200000|1|6000|8|3|0|0|408000|1607|12856495|235136
1200000|1|6000|8|3|1|2|408000|1607|12856495|485474
1200000|1|6000|8|3|0|0|408000|1608|12864495|235503
1200000|1|6000|8|3|1|2|408000|1608|12864495|484901
1200000|1|6000|8|3|0|0|408000|1609|12872495|236567
1200000|1|6000|8|3|1|2|408000|1609|12872495|484533
1200000|1|6000|8|3|0|0|408000|1610|12880495|237389
1200000|1|6000|8|3|1|2|408000|1610|12880495|483179
1200000|1|6000|8|3|0|0|408000|1611|12888494|238291
1200000|1|6000|8|3|1|2|408000|1611|12888494|482811
1200000|1|6000|8|3|0|0|408000|1612|12896495|239482
1200000|1|6000|8|3|1|2|408000|1612|12896495|481542
1200000|1|6000|8|3|0|0|408000|1613|12904494|239891
1200000|1|6000|8|3|1|2|408000|1613|12904494|481127
1200000|1|6000|8|3|0|0|408000|1614|12912494|240505
1200000|1|6000|8|3|1|2|408000|1614|12912494|480061
1200000|1|6000|8|3|0|0|408000|1615|12920493|240749
1200000|1|6000|8|3|1|2|408000|1615|12920493|479366
1200000|1|6000|8|3|0|0|408000|1616|12928494|240216
1200000|1|6000|8|3|1|2|408000|1616|12928494|478711
1200000|1|6000|8|3|0|0|408000|1617|12936493|239317
1200000|1|6000|8|3|1|2|408000|1617|12936493|477441
1200000|1|6000|8|3|0|0|408000|1618|12944493|238455
1200000|1|6000|8|3|1|2|408000|1618|12944493|476500
1200000|1|6000|8|3|0|0|408000|1619|12952492|237595
1200000|1|6000|8|3|1|2|408000|1619|12952492|476294
1200000|1|6000|8|3|0|0|408000|1620|12960492|237226
1200000|1|6000|8|3|1|2|408000|1620|12960492|476334
1200000|1|6000|8|3|0|0|408000|1621|12968493|236078
1200000|1|6000|8|3|1|2|408000|1621|12968493|476129
1200000|1|6000|8|3|0|0|408000|1622|12976495|235627
1200000|1|6000|8|3|1|2|408000|1622|12976495|476089
1200000|1|6000|8|3|0|0|408000|1623|12984496|235955
1200000|1|6000|8|3|1|2|408000|1623|12984496|476659
1200000|1|6000|8|3|0|0|408000|1624|12992498|236239
1200000|1|6000|8|3|1|2|408000|1624|12992498|476498
1200000|1|6000|8|3|0|0|408000|1625|13000499|236324
1200000|1|6000|8|3|1|2|408000|1625|13000499|475843
1200000|1|6000|8|3|0|0|408000|1626|13008499|236201
1200000|1|6000|8|3|1|2|408000|1626|13008499|475431
1200000|1|6000|8|3|0|0|408000|1627|13016498|236365
1200000|1|6000|8|3|1|2|408000|1627|13016498|474322
1200000|1|6000|8|3|0|0|408000|1628|13024498|236200
1200000|1|6000|8|3|1|2|408000|1628|13024498|473874
1200000|1|6000|8|3|0|0|408000|1629|13032497|236160
1200000|1|6000|8|3|1|2|408000|1629|13032497|472808
1200000|1|6000|8|3|0|0|408000|1630|13040497|235669
1200000|1|6000|8|3|1|2|408000|1630|13040497|472397
1200000|1|6000|8|3|0|0|408000|1631|13048497|235176
1200000|1|6000|8|3|1|2|408000|1631|13048497|471578
1200000|1|6000|8|3|0|0|408000|1632|13056496|234353
1200000|1|6000|8|3|1|2|408000|1632|13056496|470877
1200000|1|6000|8|3|0|0|408000|1633|13064496|234191
1200000|1|6000|8|3|1|2|408000|1633|13064496|471127
1200000|1|6000|8|3|0|0|408000|1634|13072497|233986
1200000|1|6000|8|3|1|2|408000|1634|13072497|471044
1200000|1|6000|8|3|0|0|408000|1635|13080498|233905
1200000|1|6000|8|3|1|2|408000|1635|13080498|472275
1200000|1|6000|8|3|0|0|408000|1636|13088499|233166
1200000|1|6000|8|3|1|2|408000|1636|13088499|471659
1200000|1|6000|8|3|0|0|408000|1637|13096499|233205
1200000|1|6000|8|3|1|2|408000|1637|13096499|472439
1200000|1|6000|8|3|0|0|408000|1638|13104500|233617
1200000|1|6000|8|3|1|2|408000|1638|13104500|471988
1200000|1|6000|8|3|0|0|408000|1639|13112499|234724
1200000|1|6000|8|3|1|2|408000|1639|13112499|472480
1200000|1|6000|8|3|0|0|408000|1640|13120500|234558
1200000|1|6000|8|3|1|2|408000|1640|13120500|471783
1200000|1|6000|8|3|0|0|408000|1641|13128499|234356
1200000|1|6000|8|3|1|2|408000|1641|13128499|471947
1200000|1|6000|8|3|0|0|408000|1642|13136500|234313
1200000|1|6000|8|3|1|2|408000|1642|13136500|472849
1200000|1|6000|8|3|0|0|408000|1643|13144502|234107
1200000|1|6000|8|3|1|2|408000|1643|13144502|473299
1200000|1|6000|8|3|0|0|408000|1644|13152504|234602
1200000|1|6000|8|3|1|2|408000|1644|13152504|474857
1200000|1|6000|8|3|0|0|408000|1645|13160507|234274
1200000|1|6000|8|3|1|2|408000|1645|13160507|476128
1200000|1|6000|8|3|0|0|408000|1646|13168509|234807
1200000|1|6000|8|3|1|2|408000|1646|13168509|477073
1200000|1|6000|8|3|0|0|408000|1647|13176511|234850
1200000|1|6000|8|3|1|2|408000|1647|13176511|477276
1200000|1|6000|8|3|0|0|408000|1648|13184511|235587
1200000|1|6000|8|3|1|2|408000|1648|13184511|477318
1200000|1|6000|8|3|0|0|408000|1649|13192511|235258
1200000|1|6000|8|3|1|2|408000|1649|13192511|477442
1200000|1|6000|8|3|0|0|408000|1650|13200511|235711
1200000|1|6000|8|3|1|2|408000|1650|13200511|476744
1200000|1|6000|8|3|0|0|408000|1651|13208511|235791
1200000|1|6000|8|3|1|2|408000|1651|13208511|476784
1200000|1|6000|8|3|0|0|408000|1652|13216511|235873
1200000|1|6000|8|3|1|2|408000|1652|13216511|476416
1200000|1|6000|8|3|0|0|408000|1653|13224511|235829
1200000|1|6000|8|3|1|2|408000|1653|13224511|476535
1200000|1|6000|8|3|0|0|408000|1654|13232511|235668
1200000|1|6000|8|3|1|2|408000|1654|13232511|476455
1200000|1|6000|8|3|0|0|408000|1655|13240510|235913
1200000|1|6000|8|3|1|2|408000|1655|13240510|476907
1200000|1|6000|8|3|0|0|408000|1656|13248510|235749
1200000|1|6000|8|3|1|2|408000|1656|13248510|476947
1200000|1|6000|8|3|0|0|408000|1657|13256510|235954
1200000|1|6000|8|3|1|2|408000|1657|13256510|476047
1200000|1|6000|8|3|0|0|408000|1658|13264510|236038
1200000|1|6000|8|3|1|2|408000|1658|13264510|474982
1200000|1|6000|8|3|0|0|408000|1659|13272509|236160
1200000|1|6000|8|3|1|2|408000|1659|13272509|474407
1200000|1|6000|8|3|0|0|408000|1660|13280509|236283
1200000|1|6000|8|3|1|2|408000|1660|13280509|473545
1200000|1|6000|8|3|0|0|408000|1661|13288509|235503
1200000|1|6000|8|3|1|2|408000|1661|13288509|472481
1200000|1|6000|8|3|0|0|408000|1662|13296508|233987
1200000|1|6000|8|3|1|2|408000|1662|13296508|471784
1200000|1|6000|8|3|0|0|408000|1663|13304508|233370
1200000|1|6000|8|3|1|2|408000|1663|13304508|471456
1200000|1|6000|8|3|0|0|408000|1664|13312509|233126
1200000|1|6000|8|3|1|2|408000|1664|13312509|472686
1200000|1|6000|8|3|0|0|408000|1665|13320510|232630
1200000|1|6000|8|3|1|2|408000|1665|13320510|472563
1200000|1|6000|8|3|0|0|408000|1666|13328509|232346
1200000|1|6000|8|3|1|2|408000|1666|13328509|473791
1200000|1|6000|8|3|0|0|408000|1667|13336511|231854
1200000|1|6000|8|3|1|2|408000|1667|13336511|473792
1200000|1|6000|8|3|0|0|408000|1668|13344511|231528
1200000|1|6000|8|3|1|2|408000|1668|13344511|474448
1200000|1|6000|8|3|0|0|408000|1669|13352512|230707
1200000|1|6000|8|3|1|2|408000|1669|13352512|474735
1200000|1|6000|8|3|0|0|408000|1670|13360513|231032
1200000|1|6000|8|3|1|2|408000|1670|13360513|474365
1200000|1|6000|8|3|0|0|408000|1671|13368513|230706
1200000|1|6000|8|3|1|2|408000|1671|13368513|474077
1200000|1|6000|8|3|0|0|408000|1672|13376514|230584
1200000|1|6000|8|3|1|2|408000|1672|13376514|473956
1200000|1|6000|8|3|0|0|408000|1673|13384515|229724
1200000|1|6000|8|3|1|2|408000|1673|13384515|474363
1200000|1|6000|8|3|0|0|408000|1674|13392516|228613
1200000|1|6000|8|3|1|2|408000|1674|13392516|474696
1200000|1|6000|8|3|0|0|408000|1675|13400517|227713
1200000|1|6000|8|3|1|2|408000|1675|13400517|475065
1200000|1|6000|8|3|0|0|408000|1676|13408518|227100
1200000|1|6000|8|3|1|2|408000|1676|13408518|474940
1200000|1|6000|8|3|0|0|408000|1677|13416518|226483
1200000|1|6000|8|3|1|2|408000|1677|13416518|475433
1200000|1|6000|8|3|0|0|408000|1678|13424519|225705
1200000|1|6000|8|3|1|2|408000|1678|13424519|475637
1200000|1|6000|8|3|0|0|408000|1679|13432520|225374
1200000|1|6000|8|3|1|2|408000|1679|13432520|476867
1200000|1|6000|8|3|0|0|408000|1680|13440521|224842
1200000|1|6000|8|3|1|2|408000|1680|13440521|477357
1200000|1|6000|8|3|0|0|408000|1681|13448522|224434
1200000|1|6000|8|3|1|2|408000|1681|13448522|477520
1200000|1|6000|8|3|0|0|408000|1682|13456522|223984
1200000|1|6000|8|3|1|2|408000|1682|13456522|477769
1200000|1|6000|8|3|0|0|408000|1683|13464523|224556
1200000|1|6000|8|3|1|2|408000|1683|13464523|478098
1200000|1|6000|8|3|0|0|408000|1684|13472524|225006
1200000|1|6000|8|3|1|2|408000|1684|13472524|478219
1200000|1|6000|8|3|0|0|408000|1685|13480524|225213
1200000|1|6000|8|3|1|2|408000|1685|13480524|479039
1200000|1|6000|8|3|0|0|408000|1686|13488526|224923
1200000|1|6000|8|3|1|2|408000|1686|13488526|479081
1200000|1|6000|8|3|0|0|408000|1687|13496526|225045
1200000|1|6000|8|3|1|2|408000|1687|13496526|479369
1200000|1|6000|8|3|0|0|408000|1688|13504527|225090
1200000|1|6000|8|3|1|2|408000|1688|13504527|480308
1200000|1|6000|8|3|0|0|408000|1689|13512527|224967
1200000|1|6000|8|3|1|2|408000|1689|13512527|480269
1200000|1|6000|8|3|0|0|408000|1690|13520528|224556
1200000|1|6000|8|3|1|2|408000|1690|13520528|481090
1200000|1|6000|8|3|0|0|408000|1691|13528529|224107
1200000|1|6000|8|3|1|2|408000|1691|13528529|481131
1200000|1|6000|8|3|0|0|408000|1692|13536530|223859
1200000|1|6000|8|3|1|2|408000|1692|13536530|481378
1200000|1|6000|8|3|0|0|408000|1693|13544530|223779
1200000|1|6000|8|3|1|2|408000|1693|13544530|481747
1200000|1|6000|8|3|0|0|408000|1694|13552531|223818
1200000|1|6000|8|3|1|2|408000|1694|13552531|483303
1200000|1|6000|8|3|0|0|408000|1695|13560532|223737
1200000|1|6000|8|3|1|2|408000|1695|13560532|483588
1200000|1|6000|8|3|0|0|408000|1696|13568533|223819
1200000|1|6000|8|3|1|2|408000|1696|13568533|484411
1200000|1|6000|8|3|0|0|408000|1697|13576534|223450
1200000|1|6000|8|3|1|2|408000|1697|13576534|485273
1200000|1|6000|8|3|0|0|408000|1698|13584535|223369
1200000|1|6000|8|3|1|2|408000|1698|13584535|485679
1200000|1|6000|8|3|0|0|408000|1699|13592536|223614
1200000|1|6000|8|3|1|2|408000|1699|13592536|485845
1200000|1|6000|8|3|0|0|408000|1700|13600536|223323
1200000|1|6000|8|3|1|2|408000|1700|13600536|486707
1200000|1|6000|8|3|0|0|408000|1701|13608538|223241
1200000|1|6000|8|3|1|2|408000|1701|13608538|486912
1200000|1|6000|8|3|0|0|408000|1702|13616538|223121
1200000|1|6000|8|3|1|2|408000|1702|13616538|486012
1200000|1|6000|8|3|0|0|408000|1703|13624539|222998
1200000|1|6000|8|3|1|2|408000|1703|13624539|486255
1200000|1|6000|8|3|0|0|408000|1704|13632540|222426
1200000|1|6000|8|3|1|2|408000|1704|13632540|485765
1200000|1|6000|8|3|0|0|408000|1705|13640540|222138
1200000|1|6000|8|3|1|2|408000|1705|13640540|485518
1200000|1|6000|8|3|0|0|408000|1706|13648540|221973
1200000|1|6000|8|3|1|2|408000|1706|13648540|485599
1200000|1|6000|8|3|0|0|408000|1707|13656542|221728
1200000|1|6000|8|3|1|2|408000|1707|13656542|484370
1200000|1|6000|8|3|0|0|408000|1708|13664541|222015
1200000|1|6000|8|3|1|2|408000|1708|13664541|484820
1200000|1|6000|8|3|0|0|408000|1709|13672542|221892
1200000|1|6000|8|3|1|2|408000|1709|13672542|485107
1200000|1|6000|8|3|0|0|408000|1710|13680543|222220
1200000|1|6000|8|3|1|2|408000|1710|13680543|486542
1200000|1|6000|8|3|0|0|408000|1711|13688544|221727
1200000|1|6000|8|3|1|2|408000|1711|13688544|486708
1200000|1|6000|8|3|0|0|408000|1712|13696544|221192
1200000|1|6000|8|3|1|2|408000|1712|13696544|488922
1200000|1|6000|8|3|0|0|408000|1713|13704547|220212
1200000|1|6000|8|3|1|2|408000|1713|13704547|489823
1200000|1|6000|8|3|0|0|408000|1714|13712549|219760
1200000|1|6000|8|3|1|2|408000|1714|13712549|490027
1200000|1|6000|8|3|0|0|408000|1715|13720550|219310
1200000|1|6000|8|3|1|2|408000|1715|13720550|490027
1200000|1|6000|8|3|0|0|408000|1716|13728551|219103
1200000|1|6000|8|3|1|2|408000|1716|13728551|489248
1200000|1|6000|8|3|0|0|408000|1717|13736549|219063
1200000|1|6000|8|3|1|2|408000|1717|13736549|487974
1200000|1|6000|8|3|0|0|408000|1718|13744549|218980
1200000|1|6000|8|3|1|2|408000|1718|13744549|486379
1200000|1|6000|8|3|0|0|408000|1719|13752548|219228
1200000|1|6000|8|3|1|2|408000|1719|13752548|485723
1200000|1|6000|8|3|0|0|408000|1720|13760548|218813
1200000|1|6000|8|3|1|2|408000|1720|13760548|484330
1200000|1|6000|8|3|0|0|408000|1721|13768548|219842
1200000|1|6000|8|3|1|2|408000|1721|13768548|484080
1200000|1|6000|8|3|0|0|408000|1722|13776547|220248
1200000|1|6000|8|3|1|2|408000|1722|13776547|483468
1200000|1|6000|8|3|0|0|408000|1723|13784547|220867
1200000|1|6000|8|3|1|2|408000|1723|13784547|484083
1200000|1|6000|8|3|0|0|408000|1724|13792549|221478
1200000|1|6000|8|3|1|2|408000|1724|13792549|484084
1200000|1|6000|8|3|0|0|408000|1725|13800550|221973
1200000|1|6000|8|3|1|2|408000|1725|13800550|484534
1200000|1|6000|8|3|0|0|408000|1726|13808551|222671
1200000|1|6000|8|3|1|2|408000|1726|13808551|484616
1200000|1|6000|8|3|0|0|408000|1727|13816551|223531
1200000|1|6000|8|3|1|2|408000|1727|13816551|483919
1200000|1|6000|8|3|0|0|408000|1728|13824551|223570
1200000|1|6000|8|3|1|2|408000|1728|13824551|484042
1200000|1|6000|8|3|0|0|408000|1729|13832552|222918
1200000|1|6000|8|3|1|2|408000|1729|13832552|483263
1200000|1|6000|8|3|0|0|408000|1730|13840552|222629
1200000|1|6000|8|3|1|2|408000|1730|13840552|483304
1200000|1|6000|8|3|0|0|408000|1731|13848553|221852
1200000|1|6000|8|3|1|2|408000|1731|13848553|483180
1200000|1|6000|8|3|0|0|408000|1732|13856553|221810
1200000|1|6000|8|3|1|2|408000|1732|13856553|483673
1200000|1|6000|8|3|0|0|408000|1733|13864554|221237
1200000|1|6000|8|3|1|2|408000|1733|13864554|484534
1200000|1|6000|8|3|0|0|408000|1734|13872555|220866
1200000|1|6000|8|3|1|2|408000|1734|13872555|484288
1200000|1|6000|8|3|0|0|408000|1735|13880555|220989
1200000|1|6000|8|3|1|2|408000|1735|13880555|484862
1200000|1|6000|8|3|0|0|408000|1736|13888556|220539
1200000|1|6000|8|3|1|2|408000|1736|13888556|484574
1200000|1|6000|8|3|0|0|408000|1737|13896556|219800
1200000|1|6000|8|3|1|2|408000|1737|13896556|485105
1200000|1|6000|8|3|0|0|408000|1738|13904557|219104
1200000|1|6000|8|3|1|2|408000|1738|13904557|484043
1200000|1|6000|8|3|0|0|408000|1739|13912556|218858
1200000|1|6000|8|3|1|2|408000|1739|13912556|484161
1200000|1|6000|8|3|0|0|408000|1740|13920555|218079
1200000|1|6000|8|3|1|2|408000|1740|13920555|482851
1200000|1|6000|8|3|0|0|408000|1741|13928554|217423
1200000|1|6000|8|3|1|2|408000|1741|13928554|482197
1200000|1|6000|8|3|0|0|408000|1742|13936554|216815
1200000|1|6000|8|3|1|2|408000|1742|13936554|481541
1200000|1|6000|8|3|0|0|408000|1743|13944553|215790
1200000|1|6000|8|3|1|2|408000|1743|13944553|481501
1200000|1|6000|8|3|0|0|408000|1744|13952553|215831
1200000|1|6000|8|3|1|2|408000|1744|13952553|481213
1200000|1|6000|8|3|0|0|408000|1745|13960552|215708
1200000|1|6000|8|3|1|2|408000|1745|13960552|482237
1200000|1|6000|8|3|0|0|408000|1746|13968554|215913
1200000|1|6000|8|3|1|2|408000|1746|13968554|482890
1200000|1|6000|8|3|0|0|408000|1747|13976555|215708
1200000|1|6000|8|3|1|2|408000|1747|13976555|482238
1200000|1|6000|8|3|0|0|408000|1748|13984555|215954
1200000|1|6000|8|3|1|2|408000|1748|13984555|482280
1200000|1|6000|8|3|0|0|408000|1749|13992556|215462
1200000|1|6000|8|3|1|2|408000|1749|13992556|481992
1200000|1|6000|8|3|0|0|408000|1750|14000557|215298
1200000|1|6000|8|3|1|2|408000|1750|14000557|482198
1200000|1|6000|8|3|0|0|408000|1751|14008558|214150
1200000|1|6000|8|3|1|2|408000|1751|14008558|482236
1200000|1|6000|8|3|0|0|408000|1752|14016558|213617
1200000|1|6000|8|3|1|2|408000|1752|14016558|481827
1200000|1|6000|8|3|0|0|408000|1753|14024559|213166
1200000|1|6000|8|3|1|2|408000|1753|14024559|481581
1200000|1|6000|8|3|0|0|408000|1754|14032558|212387
1200000|1|6000|8|3|1|2|408000|1754|14032558|481745
1200000|1|6000|8|3|0|0|408000|1755|14040559|212100
1200000|1|6000|8|3|1|2|408000|1755|14040559|482525
1200000|1|6000|8|3|0|0|408000|1756|14048560|211895
1200000|1|6000|8|3|1|2|408000|1756|14048560|482360
1200000|1|6000|8|3|0|0|408000|1757|14056561|211526
1200000|1|6000|8|3|1|2|408000|1757|14056561|482812
1200000|1|6000|8|3|0|0|408000|1758|14064561|211895
1200000|1|6000|8|3|1|2|408000|1758|14064561|482404
1200000|1|6000|8|3|0|0|408000|1759|14072562|212141
1200000|1|6000|8|3|1|2|408000|1759|14072562|482976
1200000|1|6000|8|3|0|0|408000|1760|14080563|211772
1200000|1|6000|8|3|1|2|408000|1760|14080563|482070
1200000|1|6000|8|3|0|0|408000|1761|14088563|211526
1200000|1|6000|8|3|1|2|408000|1761|14088563|482481
1200000|1|6000|8|3|0|0|408000|1762|14096564|211772
1200000|1|6000|8|3|1|2|408000|1762|14096564|481907
1200000|1|6000|8|3|0|0|408000|1763|14104564|211977
1200000|1|6000|8|3|1|2|408000|1763|14104564|481336
1200000|1|6000|8|3|0|0|408000|1764|14112565|212141
1200000|1|6000|8|3|1|2|408000|1764|14112565|481827
1200000|1|6000|8|3|0|0|408000|1765|14120566|212059
1200000|1|6000|8|3|1|2|408000|1765|14120566|480763
1200000|1|6000|8|3|0|0|408000|1766|14128566|212182
1200000|1|6000|8|3|1|2|408000|1766|14128566|480800
1200000|1|6000|8|3|0|0|408000|1767|14136566|212223
1200000|1|6000|8|3|1|2|408000|1767|14136566|480475
1200000|1|6000|8|3|0|0|408000|1768|14144567|212592
1200000|1|6000|8|3|1|2|408000|1768|14144567|480472
1200000|1|6000|8|3|0|0|408000|1769|14152568|212428
1200000|1|6000|8|3|1|2|408000|1769|14152568|481250
1200000|1|6000|8|3|0|0|408000|1770|14160568|212510
1200000|1|6000|8|3|1|2|408000|1770|14160568|482278
1200000|1|6000|8|3|0|0|408000|1771|14168569|212633
1200000|1|6000|8|3|1|2|408000|1771|14168569|483552
1200000|1|6000|8|3|0|0|408000|1772|14176571|213002
1200000|1|6000|8|3|1|2|408000|1772|14176571|483959
1200000|1|6000|8|3|0|0|408000|1773|14184571|213371
1200000|1|6000|8|3|1|2|408000|1773|14184571|485067
1200000|1|6000|8|3|0|0|408000|1774|14192572|213904
1200000|1|6000|8|3|1|2|408000|1774|14192572|485107
1200000|1|6000|8|3|0|0|408000|1775|14200571|213535
1200000|1|6000|8|3|1|2|408000|1775|14200571|486214
1200000|1|6000|8|3|0|0|408000|1776|14208573|213617
1200000|1|6000|8|3|1|2|408000|1776|14208573|486583
1200000|1|6000|8|3|0|0|408000|1777|14216573|213658
1200000|1|6000|8|3|1|2|408000|1777|14216573|486827
1200000|1|6000|8|3|0|0|408000|1778|14224574|213945
1200000|1|6000|8|3|1|2|408000|1778|14224574|486624
1200000|1|6000|8|3|0|0|408000|1779|14232575|214314
1200000|1|6000|8|3|1|2|408000|1779|14232575|486952
1200000|1|6000|8|3|0|0|408000|1780|14240576|214314
1200000|1|6000|8|3|1|2|408000|1780|14240576|486785
1200000|1|6000|8|3|0|0|408000|1781|14248577|214560
1200000|1|6000|8|3|1|2|408000|1781|14248577|486624
1200000|1|6000|8|3|0|0|408000|1782|14256577|214888
1200000|1|6000|8|3|1|2|408000|1782|14256577|486790
1200000|1|6000|8|3|0|0|408000|1783|14264577|214888
1200000|1|6000|8|3|1|2|408000|1783|14264577|486912
1200000|1|6000|8|3|0|0|408000|1784|14272577|214929
1200000|1|6000|8|3|1|2|408000|1784|14272577|487280
1200000|1|6000|8|3|0|0|408000|1785|14280578|214888
1200000|1|6000|8|3|1|2|408000|1785|14280578|486345
1200000|1|6000|8|3|0|0|408000|1786|14288579|214642
1200000|1|6000|8|3|1|2|408000|1786|14288579|486058
1200000|1|6000|8|3|0|0|408000|1787|14296580|214355
1200000|1|6000|8|3|1|2|408000|1787|14296580|485238
1200000|1|6000|8|3|0|0|408000|1788|14304580|213781
1200000|1|6000|8|3|1|2|408000|1788|14304580|484623
1200000|1|6000|8|3|0|0|408000|1789|14312580|213289
1200000|1|6000|8|3|1|2|408000|1789|14312580|484131
1200000|1|6000|8|3|0|0|408000|1790|14320581|212920
1200000|1|6000|8|3|1|2|408000|1790|14320581|482819
1200000|1|6000|8|3|0|0|408000|1791|14328581|211977
1200000|1|6000|8|3|1|2|408000|1791|14328581|483516
1200000|1|6000|8|3|0|0|408000|1792|14336583|211526
1200000|1|6000|8|3|1|2|408000|1792|14336583|483516
1200000|1|6000|8|3|0|0|408000|1793|14344583|211157
1200000|1|6000|8|3|1|2|408000|1793|14344583|484254
1200000|1|6000|8|3|0|0|408000|1794|14352585|210993
1200000|1|6000|8|3|1|2|408000|1794|14352585|484336
1200000|1|6000|8|3|0|0|408000|1795|14360586|210378
1200000|1|6000|8|3|1|2|408000|1795|14360586|484582
1200000|1|6000|8|3|0|0|408000|1796|14368586|208902
1200000|1|6000|8|3|1|2|408000|1796|14368586|485074
1200000|1|6000|8|3|0|0|408000|1797|14376587|209025
1200000|1|6000|8|3|1|2|408000|1797|14376587|485402
1200000|1|6000|8|3|0|0|408000|1798|14384588|208287
1200000|1|6000|8|3|1|2|408000|1798|14384588|485648
1200000|1|6000|8|3|0|0|408000|1799|14392589|207795
1200000|1|6000|8|3|1|2|408000|1799|14392589|485566
1200000|1|6000|8|3|0|0|408000|1800|14400590|207180
1200000|1|6000|8|3|1|2|408000|1800|14400590|486509
1200000|1|6000|8|3|0|0|408000|1801|14408591|207016
1200000|1|6000|8|3|1|2|408000|1801|14408591|487042
1200000|1|6000|8|3|0|0|408000|1802|14416592|205827
1200000|1|6000|8|3|1|2|408000|1802|14416592|487903
1200000|1|6000|8|3|0|0|408000|1803|14424592|206975
1200000|1|6000|8|3|1|2|408000|1803|14424592|488682
1200000|1|6000|8|3|0|0|408000|1804|14432593|207303
1200000|1|6000|8|3|1|2|408000|1804|14432593|489707
1200000|1|6000|8|3|0|0|408000|1805|14440594|207918
1200000|1|6000|8|3|1|2|408000|1805|14440594|489502
1200000|1|6000|8|3|0|0|408000|1806|14448593|208369
1200000|1|6000|8|3|1|2|408000|1806|14448593|489461
1200000|1|6000|8|3|0|0|408000|1807|14456592|208902
1200000|1|6000|8|3|1|2|408000|1807|14456592|488026
1200000|1|6000|8|3|0|0|408000|1808|14464592|208820
1200000|1|6000|8|3|1|2|408000|1808|14464592|487001
1200000|1|6000|8|3|0|0|408000|1809|14472591|208615
1200000|1|6000|8|3|1|2|408000|1809|14472591|486673
1200000|1|6000|8|3|0|0|408000|1810|14480590|208451
1200000|1|6000|8|3|1|2|408000|1810|14480590|485525
1200000|1|6000|8|3|0|0|408000|1811|14488590|208902
1200000|1|6000|8|3|1|2|408000|1811|14488590|485689
1200000|1|6000|8|3|0|0|408000|1812|14496590|209558
1200000|1|6000|8|3|1|2|408000|1812|14496590|485074
1200000|1|6000|8|3|0|0|408000|1813|14504589|209681
1200000|1|6000|8|3|1|2|408000|1813|14504589|486345
1200000|1|6000|8|3|0|0|408000|1814|14512591|210255
1200000|1|6000|8|3|1|2|408000|1814|14512591|486386
1200000|1|6000|8|3|0|0|408000|1815|14520591|210378
1200000|1|6000|8|3|1|2|408000|1815|14520591|487288
1200000|1|6000|8|3|0|0|408000|1816|14528592|211075
1200000|1|6000|8|3|1|2|408000|1816|14528592|487452
1200000|1|6000|8|3|0|0|408000|1817|14536594|211075
1200000|1|6000|8|3|1|2|408000|1817|14536594|487575
1200000|1|6000|8|3|0|0|408000|1818|14544594|210747
1200000|1|6000|8|3|1|2|408000|1818|14544594|487575
1200000|1|6000|8|3|0|0|408000|1819|14552595|210173
1200000|1|6000|8|3|1|2|408000|1819|14552595|487288
1200000|1|6000|8|3|0|0|408000|1820|14560595|209845
1200000|1|6000|8|3|1|2|408000|1820|14560595|486632
1200000|1|6000|8|3|0|0|408000|1821|14568595|209640
1200000|1|6000|8|3|1|2|408000|1821|14568595|485812
1200000|1|6000|8|3|0|0|408000|1822|14576593|209517
1200000|1|6000|8|3|1|2|408000|1822|14576593|484541
1200000|1|6000|8|3|0|0|408000|1823|14584592|209804
1200000|1|6000|8|3|1|2|408000|1823|14584592|483270
1200000|1|6000|8|3|0|0|408000|1824|14592591|209271
1200000|1|6000|8|3|1|2|408000|1824|14592591|482819
1200000|1|6000|8|3|0|0|408000|1825|14600590|209394
1200000|1|6000|8|3|1|2|408000|1825|14600590|482204
1200000|1|6000|8|3|0|0|408000|1826|14608589|208861
1200000|1|6000|8|3|1|2|408000|1826|14608589|481056
1200000|1|6000|8|3|0|0|408000|1827|14616588|209066
1200000|1|6000|8|3|1|2|408000|1827|14616588|480236
1200000|1|6000|8|3|0|0|408000|1828|14624588|210337
1200000|1|6000|8|3|1|2|408000|1828|14624588|478596
1200000|1|6000|8|3|0|0|408000|1829|14632589|211690
1200000|1|6000|8|3|1|2|408000|1829|14632589|479334
1200000|1|6000|8|3|0|0|408000|1830|14640590|213166
1200000|1|6000|8|3|1|2|408000|1830|14640590|479826
1200000|1|6000|8|3|0|0|408000|1831|14648591|214888
1200000|1|6000|8|3|1|2|408000|1831|14648591|480441
1200000|1|6000|8|3|0|0|408000|1832|14656592|216323
1200000|1|6000|8|3|1|2|408000|1832|14656592|480564
1200000|1|6000|8|3|0|0|408000|1833|14664593|217307
1200000|1|6000|8|3|1|2|408000|1833|14664593|481671
1200000|1|6000|8|3|0|0|408000|1834|14672594|218824
1200000|1|6000|8|3|1|2|408000|1834|14672594|481917
1200000|1|6000|8|3|0|0|408000|1835|14680594|219480
1200000|1|6000|8|3|1|2|408000|1835|14680594|482655
1200000|1|6000|8|3|0|0|408000|1836|14688596|220710
1200000|1|6000|8|3|1|2|408000|1836|14688596|483147
1200000|1|6000|8|3|0|0|408000|1837|14696597|222011
1200000|1|6000|8|3|1|2|408000|1837|14696597|482368
1200000|1|6000|8|3|0|0|408000|1838|14704598|223204
1200000|1|6000|8|3|1|2|408000|1838|14704598|483024
1200000|1|6000|8|3|0|0|408000|1839|14712599|224311
1200000|1|6000|8|3|1|2|408000|1839|14712599|482819
1200000|1|6000|8|3|0|0|408000|1840|14720601|225581
1200000|1|6000|8|3|1|2|408000|1840|14720601|483434
1200000|1|6000|8|3|0|0|408000|1841|14728603|226440
1200000|1|6000|8|3|1|2|408000|1841|14728603|483762
1200000|1|6000|8|3|0|0|408000|1842|14736604|226851
1200000|1|6000|8|3|1|2|408000|1842|14736604|483844
1200000|1|6000|8|3|0|0|408000|1843|14744605|227262
1200000|1|6000|8|3|1|2|408000|1843|14744605|483885
1200000|1|6000|8|3|0|0|408000|1844|14752606|227793
1200000|1|6000|8|3|1|2|408000|1844|14752606|483434
1200000|1|6000|8|3|0|0|408000|1845|14760606|228289
1200000|1|6000|8|3|1|2|408000|1845|14760606|484131
1200000|1|6000|8|3|0|0|408000|1846|14768606|228287
1200000|1|6000|8|3|1|2|408000|1846|14768606|483762
1200000|1|6000|8|3|0|0|408000|1847|14776607|229027
1200000|1|6000|8|3|1|2|408000|1847|14776607|484254
1200000|1|6000|8|3|0|0|408000|1848|14784608|229025
1200000|1|6000|8|3|1|2|408000|1848|14784608|484090
1200000|1|6000|8|3|0|0|408000|1849|14792609|230134
1200000|1|6000|8|3|1|2|408000|1849|14792609|483434
1200000|1|6000|8|3|0|0|408000|1850|14800609|230214
1200000|1|6000|8|3|1|2|408000|1850|14800609|482901
1200000|1|6000|8|3|0|0|408000|1851|14808609|230376
1200000|1|6000|8|3|1|2|408000|1851|14808609|482204
1200000|1|6000|8|3|0|0|408000|1852|14816608|230666
1200000|1|6000|8|3|1|2|408000|1852|14816608|482040
1200000|1|6000|8|3|0|0|408000|1853|14824608|230498
1200000|1|6000|8|3|1|2|408000|1853|14824608|481425
1200000|1|6000|8|3|0|0|408000|1854|14832607|230832
1200000|1|6000|8|3|1|2|408000|1854|14832607|481548
1200000|1|6000|8|3|0|0|408000|1855|14840607|230788
1200000|1|6000|8|3|1|2|408000|1855|14840607|480564
1200000|1|6000|8|3|0|0|408000|1856|14848607|231159
1200000|1|6000|8|3|1|2|408000|1856|14848607|479990
1200000|1|6000|8|3|0|0|408000|1857|14856607|230829
1200000|1|6000|8|3|1|2|408000|1857|14856607|479293
1200000|1|6000|8|3|0|0|408000|1858|14864606|231280
1200000|1|6000|8|3|1|2|408000|1858|14864606|480031
1200000|1|6000|8|3|0|0|408000|1859|14872608|230952
1200000|1|6000|8|3|1|2|408000|1859|14872608|480318
1200000|1|6000|8|3|0|0|408000|1860|14880609|230831
1200000|1|6000|8|3|1|2|408000|1860|14880609|480318
1200000|1|6000|8|3|0|0|408000|1861|14888610|230501
1200000|1|6000|8|3|1|2|408000|1861|14888610|480523
1200000|1|6000|8|3|0|0|408000|1862|14896610|230092
1200000|1|6000|8|3|1|2|408000|1862|14896610|480605
1200000|1|6000|8|3|0|0|408000|1863|14904611|229641
1200000|1|6000|8|3|1|2|408000|1863|14904611|481384
1200000|1|6000|8|3|0|0|408000|1864|14912612|230134
1200000|1|6000|8|3|1|2|408000|1864|14912612|481343
1200000|1|6000|8|3|0|0|408000|1865|14920612|230338
1200000|1|6000|8|3|1|2|408000|1865|14920612|481302
1200000|1|6000|8|3|0|0|408000|1866|14928612|230092
1200000|1|6000|8|3|1|2|408000|1866|14928612|480687
1200000|1|6000|8|3|0|0|408000|1867|14936611|230173
1200000|1|6000|8|3|1|2|408000|1867|14936611|480892
1200000|1|6000|8|3|0|0|408000|1868|14944612|229723
1200000|1|6000|8|3|1|2|408000|1868|14944612|480605
1200000|1|6000|8|3|0|0|408000|1869|14952612|230132
1200000|1|6000|8|3|1|2|408000|1869|14952612|481015
1200000|1|6000|8|3|0|0|408000|1870|14960613|229969
1200000|1|6000|8|3|1|2|408000|1870|14960613|480974
1200000|1|6000|8|3|0|0|408000|1871|14968613|230296
1200000|1|6000|8|3|1|2|408000|1871|14968613|481138
1200000|1|6000|8|3|0|0|408000|1872|14976614|230747
1200000|1|6000|8|3|1|2|408000|1872|14976614|481015
1200000|1|6000|8|3|0|0|408000|1873|14984614|231692
1200000|1|6000|8|3|1|2|408000|1873|14984614|480605
1200000|1|6000|8|3|0|0|408000|1874|14992614|232224
1200000|1|6000|8|3|1|2|408000|1874|14992614|480564
1200000|1|6000|8|3|0|0|408000|1875|15000613|232631
1200000|1|6000|8|3|1|2|408000|1875|15000613|480031
1200000|1|6000|8|3|0|0|408000|1876|15008613|232921
1200000|1|6000|8|3|1|2|408000|1876|15008613|479744
1200000|1|6000|8|3|0|0|408000|1877|15016613|233494
1200000|1|6000|8|3|1|2|408000|1877|15016613|478965
1200000|1|6000|8|3|0|0|408000|1878|15024612|233494
1200000|1|6000|8|3|1|2|408000|1878|15024612|479129
1200000|1|6000|8|3|0|0|408000|1879|15032612|232592
1200000|1|6000|8|3|1|2|408000|1879|15032612|478473
1200000|1|6000|8|3|0|0|408000|1880|15040611|232384
1200000|1|6000|8|3|1|2|408000|1880|15040611|478227
1200000|1|6000|8|3|0|0|408000|1881|15048611|232470
1200000|1|6000|8|3|1|2|408000|1881|15048611|477489
1200000|1|6000|8|3|0|0|408000|1882|15056611|232307
1200000|1|6000|8|3|1|2|408000|1882|15056611|478022
1200000|1|6000|8|3|0|0|408000|1883|15064612|232060
1200000|1|6000|8|3|1|2|408000|1883|15064612|478186
1200000|1|6000|8|3|0|0|408000|1884|15072611|231937
1200000|1|6000|8|3|1|2|408000|1884|15072611|478145
1200000|1|6000|8|3|0|0|408000|1885|15080612|232141
1200000|1|6000|8|3|1|2|408000|1885|15080612|477448
1200000|1|6000|8|3|0|0|408000|1886|15088611|233576
1200000|1|6000|8|3|1|2|408000|1886|15088611|476997
1200000|1|6000|8|3|0|0|408000|1887|15096611|233577
1200000|1|6000|8|3|1|2|408000|1887|15096611|477079
1200000|1|6000|8|3|0|0|408000|1888|15104610|233496
1200000|1|6000|8|3|1|2|408000|1888|15104610|477653
1200000|1|6000|8|3|0|0|408000|1889|15112611|233536
1200000|1|6000|8|3|1|2|408000|1889|15112611|478309
1200000|1|6000|8|3|0|0|408000|1890|15120612|233657
1200000|1|6000|8|3|1|2|408000|1890|15120612|478227
1200000|1|6000|8|3|0|0|408000|1891|15128612|233496
1200000|1|6000|8|3|1|2|408000|1891|15128612|478309
1200000|1|6000|8|3|0|0|408000|1892|15136613|233863
1200000|1|6000|8|3|1|2|408000|1892|15136613|478555
1200000|1|6000|8|3|0|0|408000|1893|15144613|233453
1200000|1|6000|8|3|1|2|408000|1893|15144613|478883
1200000|1|6000|8|3|0|0|408000|1894|15152614|232881
1200000|1|6000|8|3|1|2|408000|1894|15152614|479006
1200000|1|6000|8|3|0|0|408000|1895|15160614|231732
1200000|1|6000|8|3|1|2|408000|1895|15160614|478678
1200000|1|6000|8|3|0|0|408000|1896|15168614|231119
1200000|1|6000|8|3|1|2|408000|1896|15168614|477653
1200000|1|6000|8|3|0|0|408000|1897|15176612|230171
1200000|1|6000|8|3|1|2|408000|1897|15176612|477366
1200000|1|6000|8|3|0|0|408000|1898|15184611|229149
1200000|1|6000|8|3|1|2|408000|1898|15184611|476464
1200000|1|6000|8|3|0|0|408000|1899|15192610|228411
1200000|1|6000|8|3|1|2|408000|1899|15192610|475931
1200000|1|6000|8|3|0|0|408000|1900|15200609|227180
1200000|1|6000|8|3|1|2|408000|1900|15200609|475603
1200000|1|6000|8|3|0|0|408000|1901|15208609|226320
1200000|1|6000|8|3|1|2|408000|1901|15208609|475152
1200000|1|6000|8|3|0|0|408000|1902|15216608|226237
1200000|1|6000|8|3|1|2|408000|1902|15216608|475234
1200000|1|6000|8|3|0|0|408000|1903|15224608|226483
1200000|1|6000|8|3|1|2|408000|1903|15224608|476136
1200000|1|6000|8|3|0|0|408000|1904|15232609|226320
1200000|1|6000|8|3|1|2|408000|1904|15232609|477038
1200000|1|6000|8|3|0|0|408000|1905|15240609|226320
1200000|1|6000|8|3|1|2|408000|1905|15240609|477284
1200000|1|6000|8|3|0|0|408000|1906|15248609|226156
1200000|1|6000|8|3|1|2|408000|1906|15248609|477653
1200000|1|6000|8|3|0|0|408000|1907|15256610|225458
1200000|1|6000|8|3|1|2|408000|1907|15256610|477858
1200000|1|6000|8|3|0|0|408000|1908|15264610|225090
1200000|1|6000|8|3|1|2|408000|1908|15264610|478555
1200000|1|6000|8|3|0|0|408000|1909|15272610|225459
1200000|1|6000|8|3|1|2|408000|1909|15272610|478596
1200000|1|6000|8|3|0|0|408000|1910|15280610|226153
1200000|1|6000|8|3|1|2|408000|1910|15280610|478432
1200000|1|6000|8|3|0|0|408000|1911|15288609|226606
1200000|1|6000|8|3|1|2|408000|1911|15288609|477571
1200000|1|6000|8|3|0|0|408000|1912|15296608|227385
1200000|1|6000|8|3|1|2|408000|1912|15296608|476054
1200000|1|6000|8|3|0|0|408000|1913|15304607|228162
1200000|1|6000|8|3|1|2|408000|1913|15304607|475111
1200000|1|6000|8|3|0|0|408000|1914|15312605|228575
1200000|1|6000|8|3|1|2|408000|1914|15312605|473471
1200000|1|6000|8|3|0|0|408000|1915|15320604|228946
1200000|1|6000|8|3|1|2|408000|1915|15320604|472405
1200000|1|6000|8|3|0|0|408000|1916|15328603|229067
1200000|1|6000|8|3|1|2|408000|1916|15328603|471257
1200000|1|6000|8|3|0|0|408000|1917|15336602|228616
1200000|1|6000|8|3|1|2|408000|1917|15336602|470191
1200000|1|6000|8|3|0|0|408000|1918|15344602|229435
1200000|1|6000|8|3|1|2|408000|1918|15344602|470314
1200000|1|6000|8|3|0|0|408000|1919|15352603|229478
1200000|1|6000|8|3|1|2|408000|1919|15352603|470847
1200000|1|6000|8|3|0|0|408000|1920|15360603|229927
1200000|1|6000|8|3|1|2|408000|1920|15360603|471544
1200000|1|6000|8|3|0|0|408000|1921|15368604|230135
1200000|1|6000|8|3|1|2|408000|1921|15368604|471503
1200000|1|6000|8|3|0|0|408000|1922|15376604|230788
1200000|1|6000|8|3|1|2|408000|1922|15376604|472159
1200000|1|6000|8|3|0|0|408000|1923|15384605|231484
1200000|1|6000|8|3|1|2|408000|1923|15384605|472364
1200000|1|6000|8|3|0|0|408000|1924|15392606|232881
1200000|1|6000|8|3|1|2|408000|1924|15392606|472323
1200000|1|6000|8|3|0|0|408000|1925|15400606|233782
1200000|1|6000|8|3|1|2|408000|1925|15400606|471995
1200000|1|6000|8|3|0|0|408000|1926|15408605|234973
1200000|1|6000|8|3|1|2|408000|1926|15408605|471544
1200000|1|6000|8|3|0|0|408000|1927|15416605|236161
1200000|1|6000|8|3|1|2|408000|1927|15416605|471134
1200000|1|6000|8|3|0|0|408000|1928|15424604|236938
1200000|1|6000|8|3|1|2|408000|1928|15424604|470642
1200000|1|6000|8|3|0|0|408000|1929|15432604|237881
1200000|1|6000|8|3|1|2|408000|1929|15432604|470314
1200000|1|6000|8|3|0|0|408000|1930|15440604|238166
1200000|1|6000|8|3|1|2|408000|1930|15440604|469576
1200000|1|6000|8|3|0|0|408000|1931|15448604|239439
1200000|1|6000|8|3|1|2|408000|1931|15448604|469822
1200000|1|6000|8|3|0|0|408000|1932|15456604|239436
1200000|1|6000|8|3|1|2|408000|1932|15456604|469781
1200000|1|6000|8|3|0|0|408000|1933|15464604|239479
1200000|1|6000|8|3|1|2|408000|1933|15464604|470929
1200000|1|6000|8|3|0|0|408000|1934|15472605|240013
1200000|1|6000|8|3|1|2|408000|1934|15472605|471093
1200000|1|6000|8|3|0|0|408000|1935|15480605|240628
1200000|1|6000|8|3|1|2|408000|1935|15480605|471790
1200000|1|6000|8|3|0|0|408000|1936|15488606|241204
1200000|1|6000|8|3|1|2|408000|1936|15488606|471831
1200000|1|6000|8|3|0|0|408000|1937|15496607|241899
1200000|1|6000|8|3|1|2|408000|1937|15496607|472692
1200000|1|6000|8|3|0|0|408000|1938|15504608|242473
1200000|1|6000|8|3|1|2|408000|1938|15504608|473594
1200000|1|6000|8|3|0|0|408000|1939|15512609|243457
1200000|1|6000|8|3|1|2|408000|1939|15512609|474127
1200000|1|6000|8|3|0|0|408000|1940|15520609|243663
1200000|1|6000|8|3|1|2|408000|1940|15520609|475357
1200000|1|6000|8|3|0|0|408000|1941|15528610|244319
1200000|1|6000|8|3|1|2|408000|1941|15528610|475685
1200000|1|6000|8|3|0|0|408000|1942|15536610|244317
1200000|1|6000|8|3|1|2|408000|1942|15536610|475972
1200000|1|6000|8|3|0|0|408000|1943|15544611|244359
1200000|1|6000|8|3|1|2|408000|1943|15544611|475972
1200000|1|6000|8|3|0|0|408000|1944|15552611|244771
1200000|1|6000|8|3|1|2|408000|1944|15552611|476382
1200000|1|6000|8|3|0|0|408000|1945|15560613|244443
1200000|1|6000|8|3|1|2|408000|1945|15560613|476505
1200000|1|6000|8|3|0|0|408000|1946|15568613|244602
1200000|1|6000|8|3|1|2|408000|1946|15568613|476833
1200000|1|6000|8|3|0|0|408000|1947|15576614|244154
1200000|1|6000|8|3|1|2|408000|1947|15576614|476341
1200000|1|6000|8|3|0|0|408000|1948|15584614|244564
1200000|1|6000|8|3|1|2|408000|1948|15584614|476710
1200000|1|6000|8|3|0|0|408000|1949|15592615|243826
1200000|1|6000|8|3|1|2|408000|1949|15592615|476956
1200000|1|6000|8|3|0|0|408000|1950|15600616|243456
1200000|1|6000|8|3|1|2|408000|1950|15600616|477243
1200000|1|6000|8|3|0|0|408000|1951|15608617|242638
1200000|1|6000|8|3|1|2|408000|1951|15608617|477448
1200000|1|6000|8|3|0|0|408000|1952|15616618|242311
1200000|1|6000|8|3|1|2|408000|1952|15616618|477079
1200000|1|6000|8|3|0|0|408000|1953|15624618|241160
1200000|1|6000|8|3|1|2|408000|1953|15624618|476669
1200000|1|6000|8|3|0|0|408000|1954|15632619|240342
1200000|1|6000|8|3|1|2|408000|1954|15632619|476423
1200000|1|6000|8|3|0|0|408000|1955|15640619|240423
1200000|1|6000|8|3|1|2|408000|1955|15640619|476751
1200000|1|6000|8|3|0|0|408000|1956|15648620|240423
1200000|1|6000|8|3|1|2|408000|1956|15648620|476833
1200000|1|6000|8|3|0|0|408000|1957|15656621|240301
1200000|1|6000|8|3|1|2|408000|1957|15656621|477530
1200000|1|6000|8|3|0|0|408000|1958|15664621|240093
1200000|1|6000|8|3|1|2|408000|1958|15664621|478227
1200000|1|6000|8|3|0|0|408000|1959|15672623|239851
1200000|1|6000|8|3|1|2|408000|1959|15672623|478883
1200000|1|6000|8|3|0|0|408000|1960|15680624|239687
1200000|1|6000|8|3|1|2|408000|1960|15680624|478637
1200000|1|6000|8|3|0|0|408000|1961|15688624|239522
1200000|1|6000|8|3|1|2|408000|1961|15688624|479211
1200000|1|6000|8|3|0|0|408000|1962|15696625|238783
1200000|1|6000|8|3|1|2|408000|1962|15696625|479375
1200000|1|6000|8|3|0|0|408000|1963|15704625|238662
1200000|1|6000|8|3|1|2|408000|1963|15704625|479621
1200000|1|6000|8|3|0|0|408000|1964|15712626|238495
1200000|1|6000|8|3|1|2|408000|1964|15712626|480113
1200000|1|6000|8|3|0|0|408000|1965|15720626|237797
1200000|1|6000|8|3|1|2|408000|1965|15720626|480277
1200000|1|6000|8|3|0|0|408000|1966|15728627|237348
1200000|1|6000|8|3|1|2|408000|1966|15728627|480933
1200000|1|6000|8|3|0|0|408000|1967|15736628|237227
1200000|1|6000|8|3|1|2|408000|1967|15736628|480933
1200000|1|6000|8|3|0|0|408000|1968|15744628|237063
1200000|1|6000|8|3|1|2|408000|1968|15744628|482122
1200000|1|6000|8|3|0|0|408000|1969|15752630|237266
1200000|1|6000|8|3|1|2|408000|1969|15752630|482040
1200000|1|6000|8|3|0|0|408000|1970|15760630|237267
1200000|1|6000|8|3|1|2|408000|1970|15760630|482573
1200000|1|6000|8|3|0|0|408000|1971|15768630|236816
1200000|1|6000|8|3|1|2|408000|1971|15768630|481712
1200000|1|6000|8|3|0|0|408000|1972|15776629|236899
1200000|1|6000|8|3|1|2|408000|1972|15776629|481835
1200000|1|6000|8|3|0|0|408000|1973|15784629|236732
1200000|1|6000|8|3|1|2|408000|1973|15784629|481917
1200000|1|6000|8|3|0|0|408000|1974|15792629|235995
1200000|1|6000|8|3|1|2|408000|1974|15792629|482286
1200000|1|6000|8|3|0|0|408000|1975|15800629|235914
1200000|1|6000|8|3|1|2|408000|1975|15800629|482245
1200000|1|6000|8|3|0|0|408000|1976|15808628|235750
1200000|1|6000|8|3|1|2|408000|1976|15808628|482409
1200000|1|6000|8|3|0|0|408000|1977|15816628|235505
1200000|1|6000|8|3|1|2|408000|1977|15816628|482614
1200000|1|6000|8|3|0|0|408000|1978|15824629|234478
1200000|1|6000|8|3|1|2|408000|1978|15824629|482983
1200000|1|6000|8|3|0|0|408000|1979|15832628|234355
1200000|1|6000|8|3|1|2|408000|1979|15832628|482286
1200000|1|6000|8|3|0|0|408000|1980|15840628|234151
1200000|1|6000|8|3|1|2|408000|1980|15840628|481138
1200000|1|6000|8|3|0|0|408000|1981|15848627|234070
1200000|1|6000|8|3|1|2|408000|1981|15848627|481015
1200000|1|6000|8|3|0|0|408000|1982|15856627|234192
1200000|1|6000|8|3|1|2|408000|1982|15856627|480441
1200000|1|6000|8|3|0|0|408000|1983|15864626|233455
1200000|1|6000|8|3|1|2|408000|1983|15864626|480031
1200000|1|6000|8|3|0|0|408000|1984|15872626|232469
1200000|1|6000|8|3|1|2|408000|1984|15872626|479047
1200000|1|6000|8|3|0|0|408000|1985|15880625|231937
1200000|1|6000|8|3|1|2|408000|1985|15880625|478924
1200000|1|6000|8|3|0|0|408000|1986|15888625|231567
1200000|1|6000|8|3|1|2|408000|1986|15888625|479498
1200000|1|6000|8|3|0|0|408000|1987|15896626|230908
1200000|1|6000|8|3|1|2|408000|1987|15896626|479375
1200000|1|6000|8|3|0|0|408000|1988|15904627|230215
1200000|1|6000|8|3|1|2|408000|1988|15904627|479457
1200000|1|6000|8|3|0|0|408000|1989|15912627|229601
1200000|1|6000|8|3|1|2|408000|1989|15912627|479047
1200000|1|6000|8|3|0|0|408000|1990|15920628|229271
1200000|1|6000|8|3|1|2|408000|1990|15920628|478965
1200000|1|6000|8|3|0|0|408000|1991|15928629|228615
1200000|1|6000|8|3|1|2|408000|1991|15928629|478719
1200000|1|6000|8|3|0|0|408000|1992|15936630|228122
1200000|1|6000|8|3|1|2|408000|1992|15936630|478555
1200000|1|6000|8|3|0|0|408000|1993|15944631|228207
1200000|1|6000|8|3|1|2|408000|1993|15944631|477448
1200000|1|6000|8|3|0|0|408000|1994|15952629|227343
1200000|1|6000|8|3|1|2|408000|1994|15952629|477202
1200000|1|6000|8|3|0|0|408000|1995|15960629|227139
1200000|1|6000|8|3|1|2|408000|1995|15960629|476997
1200000|1|6000|8|3|0|0|408000|1996|15968628|226647
1200000|1|6000|8|3|1|2|408000|1996|15968628|476956
1200000|1|6000|8|3|0|0|408000|1997|15976628|226114
1200000|1|6000|8|3|1|2|408000|1997|15976628|476792
1200000|1|6000|8|3|0|0|408000|1998|15984627|225705
1200000|1|6000|8|3|1|2|408000|1998|15984627|476669
1200000|1|6000|8|3|0|0|408000|1999|15992628|225876
1200000|1|6000|8|3|1|2|408000|1999|15992628|476669
1200000|1|6000|8|4|0|0|408000|0|0|385999
1200000|1|6000|8|4|1|2|408000|0|0|382198
1200000|1|6000|8|4|0|0|408000|1|7989|385284
1200000|1|6000|8|4|1|2|408000|1|7989|380431
1200000|1|6000|8|4|0|0|408000|2|15984|385571
1200000|1|6000|8|4|1|2|408000|2|15984|378996
1200000|1|6000|8|4|0|0|408000|3|23980|386760
1200000|1|6000|8|4|1|2|408000|3|23980|378016
1200000|1|6000|8|4|0|0|408000|4|31978|387908
1200000|1|6000|8|4|1|2|408000|4|31978|377770
1200000|1|6000|8|4|0|0|408000|5|39977|389415
1200000|1|6000|8|4|1|2|408000|5|39977|377725
1200000|1|6000|8|4|0|0|408000|6|47976|390320
1200000|1|6000|8|4|1|2|408000|6|47976|378098
1200000|1|6000|8|4|0|0|408000|7|55976|391508
1200000|1|6000|8|4|1|2|408000|7|55976|378464
1200000|1|6000|8|4|0|0|408000|8|63976|392041
1200000|1|6000|8|4|1|2|408000|8|63976|379123
1200000|1|6000|8|4|0|0|408000|9|71977|393026
1200000|1|6000|8|4|1|2|408000|9|71977|379078
1200000|1|6000|8|4|0|0|408000|10|79976|393720
1200000|1|6000|8|4|1|2|408000|10|79976|379122
1200000|1|6000|8|4|0|0|408000|11|87976|394421
1200000|1|6000|8|4|1|2|408000|11|87976|378058
1200000|1|6000|8|4|0|0|408000|12|95976|395487
1200000|1|6000|8|4|1|2|408000|12|95976|378263
1200000|1|6000|8|4|0|0|408000|13|103976|396017
1200000|1|6000|8|4|1|2|408000|13|103976|377236
1200000|1|6000|8|4|0|0|408000|14|111975|396961
1200000|1|6000|8|4|1|2|408000|14|111975|377812
1200000|1|6000|8|4|0|0|408000|15|119975|397249
1200000|1|6000|8|4|1|2|408000|15|119975|377234
1200000|1|6000|8|4|0|0|408000|16|127974|397819
1200000|1|6000|8|4|1|2|408000|16|127974|377769
1200000|1|6000|8|4|0|0|408000|17|135974|398027
1200000|1|6000|8|4|1|2|408000|17|135974|377317
1200000|1|6000|8|4|0|0|408000|18|143974|398026
1200000|1|6000|8|4|1|2|408000|18|143974|378181
1200000|1|6000|8|4|0|0|408000|19|151974|397741
1200000|1|6000|8|4|1|2|408000|19|151974|378629
1200000|1|6000|8|4|0|0|408000|20|159974|397574
1200000|1|6000|8|4|1|2|408000|20|159974|378918
1200000|1|6000|8|4|0|0|408000|21|167974|397051
1200000|1|6000|8|4|1|2|408000|21|167974|379040
1200000|1|6000|8|4|0|0|408000|22|175974|396764
1200000|1|6000|8|4|1|2|408000|22|175974|379122
1200000|1|6000|8|4|0|0|408000|23|183974|397010
1200000|1|6000|8|4|1|2|408000|23|183974|379165
1200000|1|6000|8|4|0|0|408000|24|191974|397420
1200000|1|6000|8|4|1|2|408000|24|191974|378467
1200000|1|6000|8|4|0|0|408000|25|199973|397741
1200000|1|6000|8|4|1|2|408000|25|199973|379038
1200000|1|6000|8|4|0|0|408000|26|207973|397943
1200000|1|6000|8|4|1|2|408000|26|207973|378589
1200000|1|6000|8|4|0|0|408000|27|215973|398272
1200000|1|6000|8|4|1|2|408000|27|215973|379367
1200000|1|6000|8|4|0|0|408000|28|223974|398559
1200000|1|6000|8|4|1|2|408000|28|223974|379367
1200000|1|6000|8|4|0|0|408000|29|231974|398930
1200000|1|6000|8|4|1|2|408000|29|231974|379778
1200000|1|6000|8|4|0|0|408000|30|239975|399461
1200000|1|6000|8|4|1|2|408000|30|239975|380066
1200000|1|6000|8|4|0|0|408000|31|247975|398643
1200000|1|6000|8|4|1|2|408000|31|247975|380517
1200000|1|6000|8|4|0|0|408000|32|255975|397042
1200000|1|6000|8|4|1|2|408000|32|255975|380888
1200000|1|6000|8|4|0|0|408000|33|263976|396018
1200000|1|6000|8|4|1|2|408000|33|263976|381622
1200000|1|6000|8|4|0|0|408000|34|271976|394501
1200000|1|6000|8|4|1|2|408000|34|271976|381584
1200000|1|6000|8|4|0|0|408000|35|279976|393805
1200000|1|6000|8|4|1|2|408000|35|279976|381744
1200000|1|6000|8|4|0|0|408000|36|287977|392336
1200000|1|6000|8|4|1|2|408000|36|287977|382034
1200000|1|6000|8|4|0|0|408000|37|295979|391926
1200000|1|6000|8|4|1|2|408000|37|295979|382156
1200000|1|6000|8|4|0|0|408000|38|303979|391188
1200000|1|6000|8|4|1|2|408000|38|303979|383264
1200000|1|6000|8|4|0|0|408000|39|311981|391311
1200000|1|6000|8|4|1|2|408000|39|311981|383591
1200000|1|6000|8|4|0|0|408000|40|319981|391024
1200000|1|6000|8|4|1|2|408000|40|319981|383878
1200000|1|6000|8|4|0|0|408000|41|327981|390491
1200000|1|6000|8|4|1|2|408000|41|327981|384289
1200000|1|6000|8|4|0|0|408000|42|335982|389835
1200000|1|6000|8|4|1|2|408000|42|335982|384286
1200000|1|6000|8|4|0|0|408000|43|343982|389466
1200000|1|6000|8|4|1|2|408000|43|343982|384002
1200000|1|6000|8|4|0|0|408000|44|351983|388892
1200000|1|6000|8|4|1|2|408000|44|351983|384165
1200000|1|6000|8|4|0|0|408000|45|359983|387949
1200000|1|6000|8|4|1|2|408000|45|359983|384657
1200000|1|6000|8|4|0|0|408000|46|367984|387416
1200000|1|6000|8|4|1|2|408000|46|367984|385273
1200000|1|6000|8|4|0|0|408000|47|375985|387334
1200000|1|6000|8|4|1|2|408000|47|375985|385970
1200000|1|6000|8|4|0|0|408000|48|383987|387334
1200000|1|6000|8|4|1|2|408000|48|383987|386052
1200000|1|6000|8|4|0|0|408000|49|391987|388154
1200000|1|6000|8|4|1|2|408000|49|391987|385682
1200000|1|6000|8|4|0|0|408000|50|399987|388400
1200000|1|6000|8|4|1|2|408000|50|399987|385969
1200000|1|6000|8|4|0|0|408000|51|407987|388892
1200000|1|6000|8|4|1|2|408000|51|407987|386542
1200000|1|6000|8|4|0|0|408000|52|415987|389179
1200000|1|6000|8|4|1|2|408000|52|415987|386994
1200000|1|6000|8|4|0|0|408000|53|423986|390491
1200000|1|6000|8|4|1|2|408000|53|423986|387364
1200000|1|6000|8|4|0|0|408000|54|431986|390163
1200000|1|6000|8|4|1|2|408000|54|431986|388060
1200000|1|6000|8|4|0|0|408000|55|439986|389671
1200000|1|6000|8|4|1|2|408000|55|439986|388306
1200000|1|6000|8|4|0|0|408000|56|447986|389302
1200000|1|6000|8|4|1|2|408000|56|447986|389003
1200000|1|6000|8|4|0|0|408000|57|455987|389056
1200000|1|6000|8|4|1|2|408000|57|455987|389292
1200000|1|6000|8|4|0|0|408000|58|463987|388892
1200000|1|6000|8|4|1|2|408000|58|463987|390110
1200000|1|6000|8|4|0|0|408000|59|471986|388236
1200000|1|6000|8|4|1|2|408000|59|471986|390315
1200000|1|6000|8|4|0|0|408000|60|479986|388154
1200000|1|6000|8|4|1|2|408000|60|479986|391217
1200000|1|6000|8|4|0|0|408000|61|487986|387785
1200000|1|6000|8|4|1|2|408000|61|487986|391670
1200000|1|6000|8|4|0|0|408000|62|495986|387621
1200000|1|6000|8|4|1|2|408000|62|495986|392408
1200000|1|6000|8|4|0|0|408000|63|503986|386596
1200000|1|6000|8|4|1|2|408000|63|503986|393145
1200000|1|6000|8|4|0|0|408000|64|511987|386350
1200000|1|6000|8|4|1|2|408000|64|511987|394212
1200000|1|6000|8|4|0|0|408000|65|519987|386063
1200000|1|6000|8|4|1|2|408000|65|519987|394825
1200000|1|6000|8|4|0|0|408000|66|527987|385776
1200000|1|6000|8|4|1|2|408000|66|527987|394293
1200000|1|6000|8|4|0|0|408000|67|535987|385243
1200000|1|6000|8|4|1|2|408000|67|535987|393880
1200000|1|6000|8|4|0|0|408000|68|543987|384874
1200000|1|6000|8|4|1|2|408000|68|543987|393185
1200000|1|6000|8|4|0|0|408000|69|551986|384628
1200000|1|6000|8|4|1|2|408000|69|551986|393473
1200000|1|6000|8|4|0|0|408000|70|559986|383972
1200000|1|6000|8|4|1|2|408000|70|559986|392858
1200000|1|6000|8|4|0|0|408000|71|567984|384423
1200000|1|6000|8|4|1|2|408000|71|567984|392899
1200000|1|6000|8|4|0|0|408000|72|575984|384095
1200000|1|6000|8|4|1|2|408000|72|575984|392408
1200000|1|6000|8|4|0|0|408000|73|583983|384259
1200000|1|6000|8|4|1|2|408000|73|583983|393841
1200000|1|6000|8|4|0|0|408000|74|591984|384546
1200000|1|6000|8|4|1|2|408000|74|591984|393760
1200000|1|6000|8|4|0|0|408000|75|599984|384915
1200000|1|6000|8|4|1|2|408000|75|599984|394293
1200000|1|6000|8|4|0|0|408000|76|607985|385120
1200000|1|6000|8|4|1|2|408000|76|607985|394335
1200000|1|6000|8|4|0|0|408000|77|615986|385243
1200000|1|6000|8|4|1|2|408000|77|615986|394375
1200000|1|6000|8|4|0|0|408000|78|623986|386104
1200000|1|6000|8|4|1|2|408000|78|623986|394496
1200000|1|6000|8|4|0|0|408000|79|631987|386596
1200000|1|6000|8|4|1|2|408000|79|631987|394620
1200000|1|6000|8|4|0|0|408000|80|639987|386391
1200000|1|6000|8|4|1|2|408000|80|639987|394498
1200000|1|6000|8|4|0|0|408000|81|647988|385981
1200000|1|6000|8|4|1|2|408000|81|647988|394250
1200000|1|6000|8|4|0|0|408000|82|655988|385899
1200000|1|6000|8|4|1|2|408000|82|655988|394948
1200000|1|6000|8|4|0|0|408000|83|663989|385858
1200000|1|6000|8|4|1|2|408000|83|663989|395728
1200000|1|6000|8|4|0|0|408000|84|671989|385571
1200000|1|6000|8|4|1|2|408000|84|671989|396752
1200000|1|6000|8|4|0|0|408000|85|679990|385530
1200000|1|6000|8|4|1|2|408000|85|679990|397122
1200000|1|6000|8|4|0|0|408000|86|687991|385776
1200000|1|6000|8|4|1|2|408000|86|687991|397858
1200000|1|6000|8|4|0|0|408000|87|695992|386350
1200000|1|6000|8|4|1|2|408000|87|695992|398394
1200000|1|6000|8|4|0|0|408000|88|703992|387539
1200000|1|6000|8|4|1|2|408000|88|703992|399457
1200000|1|6000|8|4|0|0|408000|89|711993|388482
1200000|1|6000|8|4|1|2|408000|89|711993|400156
1200000|1|6000|8|4|0|0|408000|90|719995|389384
1200000|1|6000|8|4|1|2|408000|90|719995|399988
1200000|1|6000|8|4|0|0|408000|91|727994|390286
1200000|1|6000|8|4|1|2|408000|91|727994|399660
1200000|1|6000|8|4|0|0|408000|92|735995|390737
1200000|1|6000|8|4|1|2|408000|92|735995|400074
1200000|1|6000|8|4|0|0|408000|93|743996|391270
1200000|1|6000|8|4|1|2|408000|93|743996|400033
1200000|1|6000|8|4|0|0|408000|94|751997|391065
1200000|1|6000|8|4|1|2|408000|94|751997|400359
1200000|1|6000|8|4|0|0|408000|95|759998|391311
1200000|1|6000|8|4|1|2|408000|95|759998|400033
1200000|1|6000|8|4|0|0|408000|96|767999|392131
1200000|1|6000|8|4|1|2|408000|96|767999|400197
1200000|1|6000|8|4|0|0|408000|97|776000|392787
1200000|1|6000|8|4|1|2|408000|97|776000|400480
1200000|1|6000|8|4|0|0|408000|98|784000|393763
1200000|1|6000|8|4|1|2|408000|98|784000|400439
1200000|1|6000|8|4|0|0|408000|99|792000|394625
1200000|1|6000|8|4|1|2|408000|99|792000|399747
1200000|1|6000|8|4|0|0|408000|100|800000|395853
1200000|1|6000|8|4|1|2|408000|100|800000|399336
1200000|1|6000|8|4|0|0|408000|101|808001|397043
1200000|1|6000|8|4|1|2|408000|101|808001|398841
1200000|1|6000|8|4|0|0|408000|102|816002|398233
1200000|1|6000|8|4|1|2|408000|102|816002|398433
1200000|1|6000|8|4|0|0|408000|103|824003|398311
1200000|1|6000|8|4|1|2|408000|103|824003|398106
1200000|1|6000|8|4|0|0|408000|104|832003|397783
1200000|1|6000|8|4|1|2|408000|104|832003|397902
1200000|1|6000|8|4|0|0|408000|105|840004|396880
1200000|1|6000|8|4|1|2|408000|105|840004|397449
1200000|1|6000|8|4|0|0|408000|106|848005|396841
1200000|1|6000|8|4|1|2|408000|106|848005|398021
1200000|1|6000|8|4|0|0|408000|107|856005|396634
1200000|1|6000|8|4|1|2|408000|107|856005|398557
1200000|1|6000|8|4|0|0|408000|108|864006|396922
1200000|1|6000|8|4|1|2|408000|108|864006|399214
1200000|1|6000|8|4|0|0|408000|109|872007|397536
1200000|1|6000|8|4|1|2|408000|109|872007|399581
1200000|1|6000|8|4|0|0|408000|110|880008|397782
1200000|1|6000|8|4|1|2|408000|110|880008|399868
1200000|1|6000|8|4|0|0|408000|111|888010|398271
1200000|1|6000|8|4|1|2|408000|111|888010|400073
1200000|1|6000|8|4|0|0|408000|112|896010|398725
1200000|1|6000|8|4|1|2|408000|112|896010|399497
1200000|1|6000|8|4|0|0|408000|113|904011|398931
1200000|1|6000|8|4|1|2|408000|113|904011|399419
1200000|1|6000|8|4|0|0|408000|114|912011|398763
1200000|1|6000|8|4|1|2|408000|114|912011|398802
1200000|1|6000|8|4|0|0|408000|115|920012|398847
1200000|1|6000|8|4|1|2|408000|115|920012|398679
1200000|1|6000|8|4|0|0|408000|116|928013|398356
1200000|1|6000|8|4|1|2|408000|116|928013|398433
1200000|1|6000|8|4|0|0|408000|117|936013|397946
1200000|1|6000|8|4|1|2|408000|117|936013|398800
1200000|1|6000|8|4|0|0|408000|118|944015|397338
1200000|1|6000|8|4|1|2|408000|118|944015|398639
1200000|1|6000|8|4|0|0|408000|119|952016|396641
1200000|1|6000|8|4|1|2|408000|119|952016|398720
1200000|1|6000|8|4|0|0|408000|120|960017|396846
1200000|1|6000|8|4|1|2|408000|120|960017|398886
1200000|1|6000|8|4|0|0|408000|121|968018|396846
1200000|1|6000|8|4|1|2|408000|121|968018|398310
1200000|1|6000|8|4|0|0|408000|122|976017|396846
1200000|1|6000|8|4|1|2|408000|122|976017|398557
1200000|1|6000|8|4|0|0|408000|123|984018|396764
1200000|1|6000|8|4|1|2|408000|123|984018|398722
1200000|1|6000|8|4|0|0|408000|124|992017|396477
1200000|1|6000|8|4|1|2|408000|124|992017|398761
1200000|1|6000|8|4|0|0|408000|125|1000017|396149
1200000|1|6000|8|4|1|2|408000|125|1000017|399214
1200000|1|6000|8|4|0|0|408000|126|1008017|396395
1200000|1|6000|8|4|1|2|408000|126|1008017|399255
1200000|1|6000|8|4|0|0|408000|127|1016017|396805
1200000|1|6000|8|4|1|2|408000|127|1016017|399212
1200000|1|6000|8|4|0|0|408000|128|1024016|396764
1200000|1|6000|8|4|1|2|408000|128|1024016|399497
1200000|1|6000|8|4|0|0|408000|129|1032017|397133
1200000|1|6000|8|4|1|2|408000|129|1032017|399542
1200000|1|6000|8|4|0|0|408000|130|1040017|397420
1200000|1|6000|8|4|1|2|408000|130|1040017|399172
1200000|1|6000|8|4|0|0|408000|131|1048017|397748
1200000|1|6000|8|4|1|2|408000|131|1048017|399168
1200000|1|6000|8|4|0|0|408000|132|1056016|397830
1200000|1|6000|8|4|1|2|408000|132|1056016|398927
1200000|1|6000|8|4|0|0|408000|133|1064016|397912
1200000|1|6000|8|4|1|2|408000|133|1064016|398925
1200000|1|6000|8|4|0|0|408000|134|1072016|397625
1200000|1|6000|8|4|1|2|408000|134|1072016|398761
1200000|1|6000|8|4|0|0|408000|135|1080015|398199
1200000|1|6000|8|4|1|2|408000|135|1080015|398885
1200000|1|6000|8|4|0|0|408000|136|1088015|398445
1200000|1|6000|8|4|1|2|408000|136|1088015|398558
1200000|1|6000|8|4|0|0|408000|137|1096014|398076
1200000|1|6000|8|4|1|2|408000|137|1096014|398926
1200000|1|6000|8|4|0|0|408000|138|1104013|397830
1200000|1|6000|8|4|1|2|408000|138|1104013|398599
1200000|1|6000|8|4|0|0|408000|139|1112014|397584
1200000|1|6000|8|4|1|2|408000|139|1112014|398267
1200000|1|6000|8|4|0|0|408000|140|1120014|397707
1200000|1|6000|8|4|1|2|408000|140|1120014|398065
1200000|1|6000|8|4|0|0|408000|141|1128013|397420
1200000|1|6000|8|4|1|2|408000|141|1128013|397573
1200000|1|6000|8|4|0|0|408000|142|1136013|397010
1200000|1|6000|8|4|1|2|408000|142|1136013|397450
1200000|1|6000|8|4|0|0|408000|143|1144013|397297
1200000|1|6000|8|4|1|2|408000|143|1144013|397039
1200000|1|6000|8|4|0|0|408000|144|1152013|396846
1200000|1|6000|8|4|1|2|408000|144|1152013|396958
1200000|1|6000|8|4|0|0|408000|145|1160012|397256
1200000|1|6000|8|4|1|2|408000|145|1160012|397532
1200000|1|6000|8|4|0|0|408000|146|1168014|397338
1200000|1|6000|8|4|1|2|408000|146|1168014|398474
1200000|1|6000|8|4|0|0|408000|147|1176015|397789
1200000|1|6000|8|4|1|2|408000|147|1176015|398352
1200000|1|6000|8|4|0|0|408000|148|1184016|397789
1200000|1|6000|8|4|1|2|408000|148|1184016|398761
1200000|1|6000|8|4|0|0|408000|149|1192016|397625
1200000|1|6000|8|4|1|2|408000|149|1192016|398761
1200000|1|6000|8|4|0|0|408000|150|1200017|398363
1200000|1|6000|8|4|1|2|408000|150|1200017|398475
1200000|1|6000|8|4|0|0|408000|151|1208018|398404
1200000|1|6000|8|4|1|2|408000|151|1208018|398472
1200000|1|6000|8|4|0|0|408000|152|1216018|398609
1200000|1|6000|8|4|1|2|408000|152|1216018|398558
1200000|1|6000|8|4|0|0|408000|153|1224019|397748
1200000|1|6000|8|4|1|2|408000|153|1224019|397859
1200000|1|6000|8|4|0|0|408000|154|1232018|397502
1200000|1|6000|8|4|1|2|408000|154|1232018|396589
1200000|1|6000|8|4|0|0|408000|155|1240017|396723
1200000|1|6000|8|4|1|2|408000|155|1240017|395694
1200000|1|6000|8|4|0|0|408000|156|1248017|395821
1200000|1|6000|8|4|1|2|408000|156|1248017|395284
1200000|1|6000|8|4|0|0|408000|157|1256016|395862
1200000|1|6000|8|4|1|2|408000|157|1256016|395120
1200000|1|6000|8|4|0|0|408000|158|1264016|394837
1200000|1|6000|8|4|1|2|408000|158|1264016|394587
1200000|1|6000|8|4|0|0|408000|159|1272016|395083
1200000|1|6000|8|4|1|2|408000|159|1272016|393726
1200000|1|6000|8|4|0|0|408000|160|1280016|394222
1200000|1|6000|8|4|1|2|408000|160|1280016|393931
1200000|1|6000|8|4|0|0|408000|161|1288016|394263
1200000|1|6000|8|4|1|2|408000|161|1288016|393275
1200000|1|6000|8|4|0|0|408000|162|1296016|393771
1200000|1|6000|8|4|1|2|408000|162|1296016|393357
1200000|1|6000|8|4|0|0|408000|163|1304016|393402
1200000|1|6000|8|4|1|2|408000|163|1304016|392988
1200000|1|6000|8|4|0|0|408000|164|1312015|392992
1200000|1|6000|8|4|1|2|408000|164|1312015|393152
1200000|1|6000|8|4|0|0|408000|165|1320015|393156
1200000|1|6000|8|4|1|2|408000|165|1320015|393152
1200000|1|6000|8|4|0|0|408000|166|1328015|393197
1200000|1|6000|8|4|1|2|408000|166|1328015|393152
1200000|1|6000|8|4|0|0|408000|167|1336014|392746
1200000|1|6000|8|4|1|2|408000|167|1336014|393234
1200000|1|6000|8|4|0|0|408000|168|1344014|392500
1200000|1|6000|8|4|1|2|408000|168|1344014|392742
1200000|1|6000|8|4|0|0|408000|169|1352013|391434
1200000|1|6000|8|4|1|2|408000|169|1352013|393316
1200000|1|6000|8|4|0|0|408000|170|1360014|390942
1200000|1|6000|8|4|1|2|408000|170|1360014|393193
1200000|1|6000|8|4|0|0|408000|171|1368014|390122
1200000|1|6000|8|4|1|2|408000|171|1368014|394054
1200000|1|6000|8|4|0|0|408000|172|1376015|389876
1200000|1|6000|8|4|1|2|408000|172|1376015|394095
1200000|1|6000|8|4|0|0|408000|173|1384015|389589
1200000|1|6000|8|4|1|2|408000|173|1384015|394956
1200000|1|6000|8|4|0|0|408000|174|1392016|389548
1200000|1|6000|8|4|1|2|408000|174|1392016|394792
1200000|1|6000|8|4|0|0|408000|175|1400016|390122
1200000|1|6000|8|4|1|2|408000|175|1400016|395243
1200000|1|6000|8|4|0|0|408000|176|1408016|390286
1200000|1|6000|8|4|1|2|408000|176|1408016|394874
1200000|1|6000|8|4|0|0|408000|177|1416015|390573
1200000|1|6000|8|4|1|2|408000|177|1416015|395027
1200000|1|6000|8|4|0|0|408000|178|1424015|390204
1200000|1|6000|8|4|1|2|408000|178|1424015|395400
1200000|1|6000|8|4|0|0|408000|179|1432015|390368
1200000|1|6000|8|4|1|2|408000|179|1432015|395771
1200000|1|6000|8|4|0|0|408000|180|1440016|389589
1200000|1|6000|8|4|1|2|408000|180|1440016|396098
1200000|1|6000|8|4|0|0|408000|181|1448016|389589
1200000|1|6000|8|4|1|2|408000|181|1448016|396424
1200000|1|6000|8|4|0|0|408000|182|1456016|389261
1200000|1|6000|8|4|1|2|408000|182|1456016|396792
1200000|1|6000|8|4|0|0|408000|183|1464017|389548
1200000|1|6000|8|4|1|2|408000|183|1464017|397204
1200000|1|6000|8|4|0|0|408000|184|1472017|389015
1200000|1|6000|8|4|1|2|408000|184|1472017|397328
1200000|1|6000|8|4|0|0|408000|185|1480017|388769
1200000|1|6000|8|4|1|2|408000|185|1480017|397531
1200000|1|6000|8|4|0|0|408000|186|1488016|388154
1200000|1|6000|8|4|1|2|408000|186|1488016|396753
1200000|1|6000|8|4|0|0|408000|187|1496016|388031
1200000|1|6000|8|4|1|2|408000|187|1496016|395973
1200000|1|6000|8|4|0|0|408000|188|1504016|387785
1200000|1|6000|8|4|1|2|408000|188|1504016|395770
1200000|1|6000|8|4|0|0|408000|189|1512016|387252
1200000|1|6000|8|4|1|2|408000|189|1512016|395120
1200000|1|6000|8|4|0|0|408000|190|1520015|387006
1200000|1|6000|8|4|1|2|408000|190|1520015|395038
1200000|1|6000|8|4|0|0|408000|191|1528015|387170
1200000|1|6000|8|4|1|2|408000|191|1528015|393890
1200000|1|6000|8|4|0|0|408000|192|1536014|387498
1200000|1|6000|8|4|1|2|408000|192|1536014|394382
1200000|1|6000|8|4|0|0|408000|193|1544015|387375
1200000|1|6000|8|4|1|2|408000|193|1544015|393808
1200000|1|6000|8|4|0|0|408000|194|1552014|387334
1200000|1|6000|8|4|1|2|408000|194|1552014|394170
1200000|1|6000|8|4|0|0|408000|195|1560013|387088
1200000|1|6000|8|4|1|2|408000|195|1560013|393357
1200000|1|6000|8|4|0|0|408000|196|1568013|386473
1200000|1|6000|8|4|1|2|408000|196|1568013|393267
1200000|1|6000|8|4|0|0|408000|197|1576012|385858
1200000|1|6000|8|4|1|2|408000|197|1576012|392742
1200000|1|6000|8|4|0|0|408000|198|1584011|385407
1200000|1|6000|8|4|1|2|408000|198|1584011|392568
1200000|1|6000|8|4|0|0|408000|199|1592011|385735
1200000|1|6000|8|4|1|2|408000|199|1592011|391874
1200000|1|6000|8|4|0|0|408000|200|1600010|385366
1200000|1|6000|8|4|1|2|408000|200|1600010|391422
1200000|1|6000|8|4|0|0|408000|201|1608009|385571
1200000|1|6000|8|4|1|2|408000|201|1608009|391307
1200000|1|6000|8|4|0|0|408000|202|1616009|386186
1200000|1|6000|8|4|1|2|408000|202|1616009|391706
1200000|1|6000|8|4|0|0|408000|203|1624009|385940
1200000|1|6000|8|4|1|2|408000|203|1624009|391997
1200000|1|6000|8|4|0|0|408000|204|1632009|385858
1200000|1|6000|8|4|1|2|408000|204|1632009|392243
1200000|1|6000|8|4|0|0|408000|205|1640009|386063
1200000|1|6000|8|4|1|2|408000|205|1640009|392895
1200000|1|6000|8|4|0|0|408000|206|1648009|385735
1200000|1|6000|8|4|1|2|408000|206|1648009|393720
1200000|1|6000|8|4|0|0|408000|207|1656009|385284
1200000|1|6000|8|4|1|2|408000|207|1656009|394663
1200000|1|6000|8|4|0|0|408000|208|1664009|384915
1200000|1|6000|8|4|1|2|408000|208|1664009|394945
1200000|1|6000|8|4|0|0|408000|209|1672009|384218
1200000|1|6000|8|4|1|2|408000|209|1672009|395278
1200000|1|6000|8|4|0|0|408000|210|1680009|383767
1200000|1|6000|8|4|1|2|408000|210|1680009|395109
1200000|1|6000|8|4|0|0|408000|211|1688009|383029
1200000|1|6000|8|4|1|2|408000|211|1688009|395686
1200000|1|6000|8|4|0|0|408000|212|1696009|382988
1200000|1|6000|8|4|1|2|408000|212|1696009|395522
1200000|1|6000|8|4|0|0|408000|213|1704009|382783
1200000|1|6000|8|4|1|2|408000|213|1704009|395970
1200000|1|6000|8|4|0|0|408000|214|1712009|382742
1200000|1|6000|8|4|1|2|408000|214|1712009|396258
1200000|1|6000|8|4|0|0|408000|215|1720009|382291
1200000|1|6000|8|4|1|2|408000|215|1720009|397081
1200000|1|6000|8|4|0|0|408000|216|1728009|381840
1200000|1|6000|8|4|1|2|408000|216|1728009|397943
1200000|1|6000|8|4|0|0|408000|217|1736010|381758
1200000|1|6000|8|4|1|2|408000|217|1736010|398638
1200000|1|6000|8|4|0|0|408000|218|1744010|381758
1200000|1|6000|8|4|1|2|408000|218|1744010|398762
1200000|1|6000|8|4|0|0|408000|219|1752011|381922
1200000|1|6000|8|4|1|2|408000|219|1752011|398926
1200000|1|6000|8|4|0|0|408000|220|1760011|381717
1200000|1|6000|8|4|1|2|408000|220|1760011|398840
1200000|1|6000|8|4|0|0|408000|221|1768011|381676
1200000|1|6000|8|4|1|2|408000|221|1768011|398884
1200000|1|6000|8|4|0|0|408000|222|1776011|381266
1200000|1|6000|8|4|1|2|408000|222|1776011|398801
1200000|1|6000|8|4|0|0|408000|223|1784011|381881
1200000|1|6000|8|4|1|2|408000|223|1784011|399376
1200000|1|6000|8|4|0|0|408000|224|1792012|381553
1200000|1|6000|8|4|1|2|408000|224|1792012|399418
1200000|1|6000|8|4|0|0|408000|225|1800012|381266
1200000|1|6000|8|4|1|2|408000|225|1800012|400071
1200000|1|6000|8|4|0|0|408000|226|1808013|380733
1200000|1|6000|8|4|1|2|408000|226|1808013|399991
1200000|1|6000|8|4|0|0|408000|227|1816013|380815
1200000|1|6000|8|4|1|2|408000|227|1816013|399829
1200000|1|6000|8|4|0|0|408000|228|1824014|380938
1200000|1|6000|8|4|1|2|408000|228|1824014|399338
1200000|1|6000|8|4|0|0|408000|229|1832014|380405
1200000|1|6000|8|4|1|2|408000|229|1832014|398762
1200000|1|6000|8|4|0|0|408000|230|1840014|380446
1200000|1|6000|8|4|1|2|408000|230|1840014|398269
1200000|1|6000|8|4|0|0|408000|231|1848014|379216
1200000|1|6000|8|4|1|2|408000|231|1848014|397654
1200000|1|6000|8|4|0|0|408000|232|1856014|379339
1200000|1|6000|8|4|1|2|408000|232|1856014|397531
1200000|1|6000|8|4|0|0|408000|233|1864014|378273
1200000|1|6000|8|4|1|2|408000|233|1864014|397901
1200000|1|6000|8|4|0|0|408000|234|1872016|378027
1200000|1|6000|8|4|1|2|408000|234|1872016|398803
1200000|1|6000|8|4|0|0|408000|235|1880017|376018
1200000|1|6000|8|4|1|2|408000|235|1880017|400850
1200000|1|6000|8|4|0|0|408000|236|1888020|374829
1200000|1|6000|8|4|1|2|408000|236|1888020|402248
1200000|1|6000|8|4|0|0|408000|237|1896023|372697
1200000|1|6000|8|4|1|2|408000|237|1896023|402781
1200000|1|6000|8|4|0|0|408000|238|1904024|371303
1200000|1|6000|8|4|1|2|408000|238|1904024|403066
1200000|1|6000|8|4|0|0|408000|239|1912025|370811
1200000|1|6000|8|4|1|2|408000|239|1912025|404214
1200000|1|6000|8|4|0|0|408000|240|1920027|370442
1200000|1|6000|8|4|1|2|408000|240|1920027|404132
1200000|1|6000|8|4|0|0|408000|241|1928028|370155
1200000|1|6000|8|4|1|2|408000|241|1928028|404253
1200000|1|6000|8|4|0|0|408000|242|1936028|369663
1200000|1|6000|8|4|1|2|408000|242|1936028|402904
1200000|1|6000|8|4|0|0|408000|243|1944027|368925
1200000|1|6000|8|4|1|2|408000|243|1944027|402992
1200000|1|6000|8|4|0|0|408000|244|1952029|368474
1200000|1|6000|8|4|1|2|408000|244|1952029|402910
1200000|1|6000|8|4|0|0|408000|245|1960029|367900
1200000|1|6000|8|4|1|2|408000|245|1960029|402951
1200000|1|6000|8|4|0|0|408000|246|1968030|367367
1200000|1|6000|8|4|1|2|408000|246|1968030|403197
1200000|1|6000|8|4|0|0|408000|247|1976030|367613
1200000|1|6000|8|4|1|2|408000|247|1976030|402869
1200000|1|6000|8|4|0|0|408000|248|1984030|366670
1200000|1|6000|8|4|1|2|408000|248|1984030|403935
1200000|1|6000|8|4|0|0|408000|249|1992032|365112
1200000|1|6000|8|4|1|2|408000|249|1992032|403812
1200000|1|6000|8|4|0|0|408000|250|2000033|364620
1200000|1|6000|8|4|1|2|408000|250|2000033|404960
1200000|1|6000|8|4|0|0|408000|251|2008034|363431
1200000|1|6000|8|4|1|2|408000|251|2008034|404755
1200000|1|6000|8|4|0|0|408000|252|2016035|363062
1200000|1|6000|8|4|1|2|408000|252|2016035|405083
1200000|1|6000|8|4|0|0|408000|253|2024035|362160
1200000|1|6000|8|4|1|2|408000|253|2024035|405247
1200000|1|6000|8|4|0|0|408000|254|2032037|362078
1200000|1|6000|8|4|1|2|408000|254|2032037|405452
1200000|1|6000|8|4|0|0|408000|255|2040037|361381
1200000|1|6000|8|4|1|2|408000|255|2040037|405739
1200000|1|6000|8|4|0|0|408000|256|2048038|361627
1200000|1|6000|8|4|1|2|408000|256|2048038|405124
1200000|1|6000|8|4|0|0|408000|257|2056038|361094
1200000|1|6000|8|4|1|2|408000|257|2056038|405575
1200000|1|6000|8|4|0|0|408000|258|2064040|360561
1200000|1|6000|8|4|1|2|408000|258|2064040|406108
1200000|1|6000|8|4|0|0|408000|259|2072041|360274
1200000|1|6000|8|4|1|2|408000|259|2072041|406887
1200000|1|6000|8|4|0|0|408000|260|2080043|360110
1200000|1|6000|8|4|1|2|408000|260|2080043|407174
1200000|1|6000|8|4|0|0|408000|261|2088044|360192
1200000|1|6000|8|4|1|2|408000|261|2088044|407707
1200000|1|6000|8|4|0|0|408000|262|2096045|360274
1200000|1|6000|8|4|1|2|408000|262|2096045|408076
1200000|1|6000|8|4|0|0|408000|263|2104046|360766
1200000|1|6000|8|4|1|2|408000|263|2104046|408404
1200000|1|6000|8|4|0|0|408000|264|2112046|360233
1200000|1|6000|8|4|1|2|408000|264|2112046|408814
1200000|1|6000|8|4|0|0|408000|265|2120047|360028
1200000|1|6000|8|4|1|2|408000|265|2120047|408322
1200000|1|6000|8|4|0|0|408000|266|2128046|360069
1200000|1|6000|8|4|1|2|408000|266|2128046|408363
1200000|1|6000|8|4|0|0|408000|267|2136046|359864
1200000|1|6000|8|4|1|2|408000|267|2136046|407625
1200000|1|6000|8|4|0|0|408000|268|2144046|359905
1200000|1|6000|8|4|1|2|408000|268|2144046|407789
1200000|1|6000|8|4|0|0|408000|269|2152046|359618
1200000|1|6000|8|4|1|2|408000|269|2152046|407010
1200000|1|6000|8|4|0|0|408000|270|2160046|359700
1200000|1|6000|8|4|1|2|408000|270|2160046|406969
1200000|1|6000|8|4|0|0|408000|271|2168045|360520
1200000|1|6000|8|4|1|2|408000|271|2168045|407010
1200000|1|6000|8|4|0|0|408000|272|2176046|361381
1200000|1|6000|8|4|1|2|408000|272|2176046|406641
1200000|1|6000|8|4|0|0|408000|273|2184046|362201
1200000|1|6000|8|4|1|2|408000|273|2184046|406149
1200000|1|6000|8|4|0|0|408000|274|2192045|362939
1200000|1|6000|8|4|1|2|408000|274|2192045|405739
1200000|1|6000|8|4|0|0|408000|275|2200044|364087
1200000|1|6000|8|4|1|2|408000|275|2200044|405534
1200000|1|6000|8|4|0|0|408000|276|2208044|364989
1200000|1|6000|8|4|1|2|408000|276|2208044|404509
1200000|1|6000|8|4|0|0|408000|277|2216043|365481
1200000|1|6000|8|4|1|2|408000|277|2216043|403935
1200000|1|6000|8|4|0|0|408000|278|2224043|365194
1200000|1|6000|8|4|1|2|408000|278|2224043|403320
1200000|1|6000|8|4|0|0|408000|279|2232043|366506
1200000|1|6000|8|4|1|2|408000|279|2232043|403648
1200000|1|6000|8|4|0|0|408000|280|2240043|366629
1200000|1|6000|8|4|1|2|408000|280|2240043|403279
1200000|1|6000|8|4|0|0|408000|281|2248044|367572
1200000|1|6000|8|4|1|2|408000|281|2248044|403402
1200000|1|6000|8|4|0|0|408000|282|2256043|367818
1200000|1|6000|8|4|1|2|408000|282|2256043|402992
1200000|1|6000|8|4|0|0|408000|283|2264044|368843
1200000|1|6000|8|4|1|2|408000|283|2264044|403115
1200000|1|6000|8|4|0|0|408000|284|2272044|368843
1200000|1|6000|8|4|1|2|408000|284|2272044|403115
1200000|1|6000|8|4|0|0|408000|285|2280045|369253
1200000|1|6000|8|4|1|2|408000|285|2280045|403443
1200000|1|6000|8|4|0|0|408000|286|2288045|369212
1200000|1|6000|8|4|1|2|408000|286|2288045|403279
1200000|1|6000|8|4|0|0|408000|287|2296045|369130
1200000|1|6000|8|4|1|2|408000|287|2296045|402295
1200000|1|6000|8|4|0|0|408000|288|2304044|369704
1200000|1|6000|8|4|1|2|408000|288|2304044|402090
1200000|1|6000|8|4|0|0|408000|289|2312043|370155
1200000|1|6000|8|4|1|2|408000|289|2312043|401270
1200000|1|6000|8|4|0|0|408000|290|2320042|370647
1200000|1|6000|8|4|1|2|408000|290|2320042|401311
1200000|1|6000|8|4|0|0|408000|291|2328041|370975
1200000|1|6000|8|4|1|2|408000|291|2328041|400655
1200000|1|6000|8|4|0|0|408000|292|2336041|370811
1200000|1|6000|8|4|1|2|408000|292|2336041|400819
1200000|1|6000|8|4|0|0|408000|293|2344040|370114
1200000|1|6000|8|4|1|2|408000|293|2344040|400204
1200000|1|6000|8|4|0|0|408000|294|2352040|369950
1200000|1|6000|8|4|1|2|408000|294|2352040|400409
1200000|1|6000|8|4|0|0|408000|295|2360040|369950
1200000|1|6000|8|4|1|2|408000|295|2360040|400532
1200000|1|6000|8|4|0|0|408000|296|2368040|369704
1200000|1|6000|8|4|1|2|408000|296|2368040|400327
1200000|1|6000|8|4|0|0|408000|297|2376039|368884
1200000|1|6000|8|4|1|2|408000|297|2376039|399876
1200000|1|6000|8|4|0|0|408000|298|2384039|368679
1200000|1|6000|8|4|1|2|408000|298|2384039|399835
1200000|1|6000|8|4|0|0|408000|299|2392039|368720
1200000|1|6000|8|4|1|2|408000|299|2392039|399671
1200000|1|6000|8|4|0|0|408000|300|2400038|369458
1200000|1|6000|8|4|1|2|408000|300|2400038|400081
1200000|1|6000|8|4|0|0|408000|301|2408039|369212
1200000|1|6000|8|4|1|2|408000|301|2408039|399958
1200000|1|6000|8|4|0|0|408000|302|2416039|369294
1200000|1|6000|8|4|1|2|408000|302|2416039|400081
1200000|1|6000|8|4|0|0|408000|303|2424039|368966
1200000|1|6000|8|4|1|2|408000|303|2424039|399876
1200000|1|6000|8|4|0|0|408000|304|2432039|368720
1200000|1|6000|8|4|1|2|408000|304|2432039|399917
1200000|1|6000|8|4|0|0|408000|305|2440039|368269
1200000|1|6000|8|4|1|2|408000|305|2440039|399835
1200000|1|6000|8|4|0|0|408000|306|2448039|368351
1200000|1|6000|8|4|1|2|408000|306|2448039|400163
1200000|1|6000|8|4|0|0|408000|307|2456039|369048
1200000|1|6000|8|4|1|2|408000|307|2456039|400245
1200000|1|6000|8|4|0|0|408000|308|2464039|369827
1200000|1|6000|8|4|1|2|408000|308|2464039|400040
1200000|1|6000|8|4|0|0|408000|309|2472038|369950
1200000|1|6000|8|4|1|2|408000|309|2472038|399917
1200000|1|6000|8|4|0|0|408000|310|2480038|369663
1200000|1|6000|8|4|1|2|408000|310|2480038|399138
1200000|1|6000|8|4|0|0|408000|311|2488038|369376
1200000|1|6000|8|4|1|2|408000|311|2488038|398072
1200000|1|6000|8|4|0|0|408000|312|2496038|368802
1200000|1|6000|8|4|1|2|408000|312|2496038|397539
1200000|1|6000|8|4|0|0|408000|313|2504038|368556
1200000|1|6000|8|4|1|2|408000|313|2504038|397170
1200000|1|6000|8|4|0|0|408000|314|2512038|368105
1200000|1|6000|8|4|1|2|408000|314|2512038|396760
1200000|1|6000|8|4|0|0|408000|315|2520038|367326
1200000|1|6000|8|4|1|2|408000|315|2520038|396309
1200000|1|6000|8|4|0|0|408000|316|2528038|367818
1200000|1|6000|8|4|1|2|408000|316|2528038|395530
1200000|1|6000|8|4|0|0|408000|317|2536038|368187
1200000|1|6000|8|4|1|2|408000|317|2536038|395981
1200000|1|6000|8|4|0|0|408000|318|2544039|368720
1200000|1|6000|8|4|1|2|408000|318|2544039|396555
1200000|1|6000|8|4|0|0|408000|319|2552039|368884
1200000|1|6000|8|4|1|2|408000|319|2552039|397498
1200000|1|6000|8|4|0|0|408000|320|2560040|369007
1200000|1|6000|8|4|1|2|408000|320|2560040|397990
1200000|1|6000|8|4|0|0|408000|321|2568040|369171
1200000|1|6000|8|4|1|2|408000|321|2568040|398154
1200000|1|6000|8|4|0|0|408000|322|2576040|369704
1200000|1|6000|8|4|1|2|408000|322|2576040|398195
1200000|1|6000|8|4|0|0|408000|323|2584040|369581
1200000|1|6000|8|4|1|2|408000|323|2584040|398769
1200000|1|6000|8|4|0|0|408000|324|2592041|369704
1200000|1|6000|8|4|1|2|408000|324|2592041|399261
1200000|1|6000|8|4|0|0|408000|325|2600042|369704
1200000|1|6000|8|4|1|2|408000|325|2600042|398851
1200000|1|6000|8|4|0|0|408000|326|2608042|369089
1200000|1|6000|8|4|1|2|408000|326|2608042|398523
1200000|1|6000|8|4|0|0|408000|327|2616043|368966
1200000|1|6000|8|4|1|2|408000|327|2616043|398564
1200000|1|6000|8|4|0|0|408000|328|2624043|368720
1200000|1|6000|8|4|1|2|408000|328|2624043|398687
1200000|1|6000|8|4|0|0|408000|329|2632045|368925
1200000|1|6000|8|4|1|2|408000|329|2632045|398974
1200000|1|6000|8|4|0|0|408000|330|2640045|369007
1200000|1|6000|8|4|1|2|408000|330|2640045|398605
1200000|1|6000|8|4|0|0|408000|331|2648046|369335
1200000|1|6000|8|4|1|2|408000|331|2648046|397785
1200000|1|6000|8|4|0|0|408000|332|2656046|369499
1200000|1|6000|8|4|1|2|408000|332|2656046|397129
1200000|1|6000|8|4|0|0|408000|333|2664045|369868
1200000|1|6000|8|4|1|2|408000|333|2664045|396637
1200000|1|6000|8|4|0|0|408000|334|2672044|370401
1200000|1|6000|8|4|1|2|408000|334|2672044|396391
1200000|1|6000|8|4|0|0|408000|335|2680043|370934
1200000|1|6000|8|4|1|2|408000|335|2680043|395694
1200000|1|6000|8|4|0|0|408000|336|2688043|370852
1200000|1|6000|8|4|1|2|408000|336|2688043|395448
1200000|1|6000|8|4|0|0|408000|337|2696042|371795
1200000|1|6000|8|4|1|2|408000|337|2696042|394710
1200000|1|6000|8|4|0|0|408000|338|2704041|371672
1200000|1|6000|8|4|1|2|408000|338|2704041|394177
1200000|1|6000|8|4|0|0|408000|339|2712041|371344
1200000|1|6000|8|4|1|2|408000|339|2712041|394751
1200000|1|6000|8|4|0|0|408000|340|2720042|370852
1200000|1|6000|8|4|1|2|408000|340|2720042|395448
1200000|1|6000|8|4|0|0|408000|341|2728043|370606
1200000|1|6000|8|4|1|2|408000|341|2728043|396350
1200000|1|6000|8|4|0|0|408000|342|2736043|370934
1200000|1|6000|8|4|1|2|408000|342|2736043|397006
1200000|1|6000|8|4|0|0|408000|343|2744044|370975
1200000|1|6000|8|4|1|2|408000|343|2744044|397785
1200000|1|6000|8|4|0|0|408000|344|2752045|371098
1200000|1|6000|8|4|1|2|408000|344|2752045|398277
1200000|1|6000|8|4|0|0|408000|345|2760046|371262
1200000|1|6000|8|4|1|2|408000|345|2760046|398523
1200000|1|6000|8|4|0|0|408000|346|2768046|371590
1200000|1|6000|8|4|1|2|408000|346|2768046|398154
1200000|1|6000|8|4|0|0|408000|347|2776046|371549
1200000|1|6000|8|4|1|2|408000|347|2776046|397252
1200000|1|6000|8|4|0|0|408000|348|2784044|371508
1200000|1|6000|8|4|1|2|408000|348|2784044|395694
1200000|1|6000|8|4|0|0|408000|349|2792044|371262
1200000|1|6000|8|4|1|2|408000|349|2792044|394833
1200000|1|6000|8|4|0|0|408000|350|2800043|371303
1200000|1|6000|8|4|1|2|408000|350|2800043|394218
1200000|1|6000|8|4|0|0|408000|351|2808042|370483
1200000|1|6000|8|4|1|2|408000|351|2808042|394136
1200000|1|6000|8|4|0|0|408000|352|2816042|370360
1200000|1|6000|8|4|1|2|408000|352|2816042|394054
1200000|1|6000|8|4|0|0|408000|353|2824042|369704
1200000|1|6000|8|4|1|2|408000|353|2824042|393562
1200000|1|6000|8|4|0|0|408000|354|2832042|368925
1200000|1|6000|8|4|1|2|408000|354|2832042|394587
1200000|1|6000|8|4|0|0|408000|355|2840043|368515
1200000|1|6000|8|4|1|2|408000|355|2840043|395325
1200000|1|6000|8|4|0|0|408000|356|2848044|367572
1200000|1|6000|8|4|1|2|408000|356|2848044|396309
1200000|1|6000|8|4|0|0|408000|357|2856044|367326
1200000|1|6000|8|4|1|2|408000|357|2856044|397047
1200000|1|6000|8|4|0|0|408000|358|2864045|366465
1200000|1|6000|8|4|1|2|408000|358|2864045|397703
1200000|1|6000|8|4|0|0|408000|359|2872045|366260
1200000|1|6000|8|4|1|2|408000|359|2872045|398113
1200000|1|6000|8|4|0|0|408000|360|2880046|365686
1200000|1|6000|8|4|1|2|408000|360|2880046|398728
1200000|1|6000|8|4|0|0|408000|361|2888046|365727
1200000|1|6000|8|4|1|2|408000|361|2888046|398441
1200000|1|6000|8|4|0|0|408000|362|2896046|365973
1200000|1|6000|8|4|1|2|408000|362|2896046|397867
1200000|1|6000|8|4|0|0|408000|363|2904044|366465
1200000|1|6000|8|4|1|2|408000|363|2904044|397088
1200000|1|6000|8|4|0|0|408000|364|2912044|366752
1200000|1|6000|8|4|1|2|408000|364|2912044|397006
1200000|1|6000|8|4|0|0|408000|365|2920043|367080
1200000|1|6000|8|4|1|2|408000|365|2920043|396760
1200000|1|6000|8|4|0|0|408000|366|2928043|366752
1200000|1|6000|8|4|1|2|408000|366|2928043|396637
1200000|1|6000|8|4|0|0|408000|367|2936042|367285
1200000|1|6000|8|4|1|2|408000|367|2936042|396555
1200000|1|6000|8|4|0|0|408000|368|2944043|366670
1200000|1|6000|8|4|1|2|408000|368|2944043|396555
1200000|1|6000|8|4|0|0|408000|369|2952042|365973
1200000|1|6000|8|4|1|2|408000|369|2952042|397908
1200000|1|6000|8|4|0|0|408000|370|2960044|365400
1200000|1|6000|8|4|1|2|408000|370|2960044|399015
1200000|1|6000|8|4|0|0|408000|371|2968044|364989
1200000|1|6000|8|4|1|2|408000|371|2968044|399097
1200000|1|6000|8|4|0|0|408000|372|2976044|364866
1200000|1|6000|8|4|1|2|408000|372|2976044|399302
1200000|1|6000|8|4|0|0|408000|373|2984045|364292
1200000|1|6000|8|4|1|2|408000|373|2984045|399138
1200000|1|6000|8|4|0|0|408000|374|2992045|364661
1200000|1|6000|8|4|1|2|408000|374|2992045|399466
1200000|1|6000|8|4|0|0|408000|375|3000045|364087
1200000|1|6000|8|4|1|2|408000|375|3000045|399466
1200000|1|6000|8|4|0|0|408000|376|3008045|364620
1200000|1|6000|8|4|1|2|408000|376|3008045|399507
1200000|1|6000|8|4|0|0|408000|377|3016045|365112
1200000|1|6000|8|4|1|2|408000|377|3016045|399712
1200000|1|6000|8|4|0|0|408000|378|3024045|365071
1200000|1|6000|8|4|1|2|408000|378|3024045|398933
1200000|1|6000|8|4|0|0|408000|379|3032045|365112
1200000|1|6000|8|4|1|2|408000|379|3032045|398195
1200000|1|6000|8|4|0|0|408000|380|3040045|365359
1200000|1|6000|8|4|1|2|408000|380|3040045|398031
1200000|1|6000|8|4|0|0|408000|381|3048045|365399
1200000|1|6000|8|4|1|2|408000|381|3048045|397744
1200000|1|6000|8|4|0|0|408000|382|3056045|365235
1200000|1|6000|8|4|1|2|408000|382|3056045|397580
1200000|1|6000|8|4|0|0|408000|383|3064046|365686
1200000|1|6000|8|4|1|2|408000|383|3064046|397457
1200000|1|6000|8|4|0|0|408000|384|3072046|365235
1200000|1|6000|8|4|1|2|408000|384|3072046|397129
1200000|1|6000|8|4|0|0|408000|385|3080046|365481
1200000|1|6000|8|4|1|2|408000|385|3080046|397088
1200000|1|6000|8|4|0|0|408000|386|3088045|365194
1200000|1|6000|8|4|1|2|408000|386|3088045|397580
1200000|1|6000|8|4|0|0|408000|387|3096046|365194
1200000|1|6000|8|4|1|2|408000|387|3096046|397867
1200000|1|6000|8|4|0|0|408000|388|3104046|364579
1200000|1|6000|8|4|1|2|408000|388|3104046|397867
1200000|1|6000|8|4|0|0|408000|389|3112046|364456
1200000|1|6000|8|4|1|2|408000|389|3112046|397580
1200000|1|6000|8|4|0|0|408000|390|3120045|363720
1200000|1|6000|8|4|1|2|408000|390|3120045|397662
1200000|1|6000|8|4|0|0|408000|391|3128045|363349
1200000|1|6000|8|4|1|2|408000|391|3128045|397785
1200000|1|6000|8|4|0|0|408000|392|3136046|362939
1200000|1|6000|8|4|1|2|408000|392|3136046|397211
1200000|1|6000|8|4|0|0|408000|393|3144045|362406
1200000|1|6000|8|4|1|2|408000|393|3144045|396104
1200000|1|6000|8|4|0|0|408000|394|3152045|362693
1200000|1|6000|8|4|1|2|408000|394|3152045|394546
1200000|1|6000|8|4|0|0|408000|395|3160044|362611
1200000|1|6000|8|4|1|2|408000|395|3160044|393931
1200000|1|6000|8|4|0|0|408000|396|3168044|362242
1200000|1|6000|8|4|1|2|408000|396|3168044|392619
1200000|1|6000|8|4|0|0|408000|397|3176043|362242
1200000|1|6000|8|4|1|2|408000|397|3176043|392332
1200000|1|6000|8|4|0|0|408000|398|3184042|362488
1200000|1|6000|8|4|1|2|408000|398|3184042|391266
1200000|1|6000|8|4|0|0|408000|399|3192041|361955
1200000|1|6000|8|4|1|2|408000|399|3192041|392004
1200000|1|6000|8|4|0|0|408000|400|3200042|361258
1200000|1|6000|8|4|1|2|408000|400|3200042|390979
1200000|1|6000|8|4|0|0|408000|401|3208043|360438
1200000|1|6000|8|4|1|2|408000|401|3208043|391348
1200000|1|6000|8|4|0|0|408000|402|3216043|359905
1200000|1|6000|8|4|1|2|408000|402|3216043|391184
1200000|1|6000|8|4|0|0|408000|403|3224044|359577
1200000|1|6000|8|4|1|2|408000|403|3224044|390692
1200000|1|6000|8|4|0|0|408000|404|3232044|359372
1200000|1|6000|8|4|1|2|408000|404|3232044|390405
1200000|1|6000|8|4|0|0|408000|405|3240044|358880
1200000|1|6000|8|4|1|2|408000|405|3240044|389585
1200000|1|6000|8|4|0|0|408000|406|3248044|359413
1200000|1|6000|8|4|1|2|408000|406|3248044|388888
1200000|1|6000|8|4|0|0|408000|407|3256044|360233
1200000|1|6000|8|4|1|2|408000|407|3256044|388643
1200000|1|6000|8|4|0|0|408000|408|3264044|360315
1200000|1|6000|8|4|1|2|408000|408|3264044|389257
1200000|1|6000|8|4|0|0|408000|409|3272045|360561
1200000|1|6000|8|4|1|2|408000|409|3272045|389708
1200000|1|6000|8|4|0|0|408000|410|3280045|360807
1200000|1|6000|8|4|1|2|408000|410|3280045|390487
1200000|1|6000|8|4|0|0|408000|411|3288047|360479
1200000|1|6000|8|4|1|2|408000|411|3288047|390774
1200000|1|6000|8|4|0|0|408000|412|3296047|360602
1200000|1|6000|8|4|1|2|408000|412|3296047|390446
1200000|1|6000|8|4|0|0|408000|413|3304048|360479
1200000|1|6000|8|4|1|2|408000|413|3304048|391020
1200000|1|6000|8|4|0|0|408000|414|3312049|360807
1200000|1|6000|8|4|1|2|408000|414|3312049|390897
1200000|1|6000|8|4|0|0|408000|415|3320049|360971
1200000|1|6000|8|4|1|2|408000|415|3320049|392496
1200000|1|6000|8|4|0|0|408000|416|3328051|361094
1200000|1|6000|8|4|1|2|408000|416|3328051|392660
1200000|1|6000|8|4|0|0|408000|417|3336052|360889
1200000|1|6000|8|4|1|2|408000|417|3336052|393111
1200000|1|6000|8|4|0|0|408000|418|3344054|361135
1200000|1|6000|8|4|1|2|408000|418|3344054|393193
1200000|1|6000|8|4|0|0|408000|419|3352054|361791
1200000|1|6000|8|4|1|2|408000|419|3352054|393480
1200000|1|6000|8|4|0|0|408000|420|3360054|362611
1200000|1|6000|8|4|1|2|408000|420|3360054|393849
1200000|1|6000|8|4|0|0|408000|421|3368055|362734
1200000|1|6000|8|4|1|2|408000|421|3368055|393767
1200000|1|6000|8|4|0|0|408000|422|3376055|362816
1200000|1|6000|8|4|1|2|408000|422|3376055|393972
1200000|1|6000|8|4|0|0|408000|423|3384056|362857
1200000|1|6000|8|4|1|2|408000|423|3384056|393562
1200000|1|6000|8|4|0|0|408000|424|3392055|362529
1200000|1|6000|8|4|1|2|408000|424|3392055|393931
1200000|1|6000|8|4|0|0|408000|425|3400055|362898
1200000|1|6000|8|4|1|2|408000|425|3400055|393357
1200000|1|6000|8|4|0|0|408000|426|3408055|363636
1200000|1|6000|8|4|1|2|408000|426|3408055|393685
1200000|1|6000|8|4|0|0|408000|427|3416055|363800
1200000|1|6000|8|4|1|2|408000|427|3416055|394259
1200000|1|6000|8|4|0|0|408000|428|3424056|363390
1200000|1|6000|8|4|1|2|408000|428|3424056|394833
1200000|1|6000|8|4|0|0|408000|429|3432057|363062
1200000|1|6000|8|4|1|2|408000|429|3432057|394792
1200000|1|6000|8|4|0|0|408000|430|3440056|362570
1200000|1|6000|8|4|1|2|408000|430|3440056|395038
1200000|1|6000|8|4|0|0|408000|431|3448056|362857
1200000|1|6000|8|4|1|2|408000|431|3448056|394669
1200000|1|6000|8|4|0|0|408000|432|3456055|362365
1200000|1|6000|8|4|1|2|408000|432|3456055|394095
1200000|1|6000|8|4|0|0|408000|433|3464054|362406
1200000|1|6000|8|4|1|2|408000|433|3464054|393480
1200000|1|6000|8|4|0|0|408000|434|3472054|361709
1200000|1|6000|8|4|1|2|408000|434|3472054|392783
1200000|1|6000|8|4|0|0|408000|435|3480053|361955
1200000|1|6000|8|4|1|2|408000|435|3480053|391635
1200000|1|6000|8|4|0|0|408000|436|3488051|361053
1200000|1|6000|8|4|1|2|408000|436|3488051|391184
1200000|1|6000|8|4|0|0|408000|437|3496050|360561
1200000|1|6000|8|4|1|2|408000|437|3496050|390979
1200000|1|6000|8|4|0|0|408000|438|3504050|360069
1200000|1|6000|8|4|1|2|408000|438|3504050|390282
1200000|1|6000|8|4|0|0|408000|439|3512050|359536
1200000|1|6000|8|4|1|2|408000|439|3512050|390323
1200000|1|6000|8|4|0|0|408000|440|3520049|359659
1200000|1|6000|8|4|1|2|408000|440|3520049|389380
1200000|1|6000|8|4|0|0|408000|441|3528049|358839
1200000|1|6000|8|4|1|2|408000|441|3528049|389175
1200000|1|6000|8|4|0|0|408000|442|3536048|357978
1200000|1|6000|8|4|1|2|408000|442|3536048|388478
1200000|1|6000|8|4|0|0|408000|443|3544047|357609
1200000|1|6000|8|4|1|2|408000|443|3544047|388888
1200000|1|6000|8|4|0|0|408000|444|3552047|358142
1200000|1|6000|8|4|1|2|408000|444|3552047|388601
1200000|1|6000|8|4|0|0|408000|445|3560047|358306
1200000|1|6000|8|4|1|2|408000|445|3560047|389216
1200000|1|6000|8|4|0|0|408000|446|3568048|358060
1200000|1|6000|8|4|1|2|408000|446|3568048|388191
1200000|1|6000|8|4|0|0|408000|447|3576047|357691
1200000|1|6000|8|4|1|2|408000|447|3576047|387740
1200000|1|6000|8|4|0|0|408000|448|3584048|357076
1200000|1|6000|8|4|1|2|408000|448|3584048|387289
1200000|1|6000|8|4|0|0|408000|449|3592047|356625
1200000|1|6000|8|4|1|2|408000|449|3592047|387043
1200000|1|6000|8|4|0|0|408000|450|3600048|356461
1200000|1|6000|8|4|1|2|408000|450|3600048|387166
1200000|1|6000|8|4|0|0|408000|451|3608049|355518
1200000|1|6000|8|4|1|2|408000|451|3608049|386674
1200000|1|6000|8|4|0|0|408000|452|3616049|355682
1200000|1|6000|8|4|1|2|408000|452|3616049|386797
1200000|1|6000|8|4|0|0|408000|453|3624050|355969
1200000|1|6000|8|4|1|2|408000|453|3624050|386510
1200000|1|6000|8|4|0|0|408000|454|3632049|356666
1200000|1|6000|8|4|1|2|408000|454|3632049|386838
1200000|1|6000|8|4|0|0|408000|455|3640050|356543
1200000|1|6000|8|4|1|2|408000|455|3640050|386879
1200000|1|6000|8|4|0|0|408000|456|3648050|356871
1200000|1|6000|8|4|1|2|408000|456|3648050|387371
1200000|1|6000|8|4|0|0|408000|457|3656050|357035
1200000|1|6000|8|4|1|2|408000|457|3656050|387248
1200000|1|6000|8|4|0|0|408000|458|3664050|357527
1200000|1|6000|8|4|1|2|408000|458|3664050|387371
1200000|1|6000|8|4|0|0|408000|459|3672050|357896
1200000|1|6000|8|4|1|2|408000|459|3672050|387412
1200000|1|6000|8|4|0|0|408000|460|3680051|357650
1200000|1|6000|8|4|1|2|408000|460|3680051|387617
1200000|1|6000|8|4|0|0|408000|461|3688052|357814
1200000|1|6000|8|4|1|2|408000|461|3688052|387699
1200000|1|6000|8|4|0|0|408000|462|3696052|357650
1200000|1|6000|8|4|1|2|408000|462|3696052|386715
1200000|1|6000|8|4|0|0|408000|463|3704053|357322
1200000|1|6000|8|4|1|2|408000|463|3704053|386264
1200000|1|6000|8|4|0|0|408000|464|3712054|356953
1200000|1|6000|8|4|1|2|408000|464|3712054|386141
1200000|1|6000|8|4|0|0|408000|465|3720054|357117
1200000|1|6000|8|4|1|2|408000|465|3720054|385526
1200000|1|6000|8|4|0|0|408000|466|3728055|356461
1200000|1|6000|8|4|1|2|408000|466|3728055|385075
1200000|1|6000|8|4|0|0|408000|467|3736054|356707
1200000|1|6000|8|4|1|2|408000|467|3736054|384419
1200000|1|6000|8|4|0|0|408000|468|3744055|356953
1200000|1|6000|8|4|1|2|408000|468|3744055|383394
1200000|1|6000|8|4|0|0|408000|469|3752055|357240
1200000|1|6000|8|4|1|2|408000|469|3752055|383066
1200000|1|6000|8|4|0|0|408000|470|3760055|357609
1200000|1|6000|8|4|1|2|408000|470|3760055|383353
1200000|1|6000|8|4|0|0|408000|471|3768055|357896
1200000|1|6000|8|4|1|2|408000|471|3768055|383927
1200000|1|6000|8|4|0|0|408000|472|3776056|357568
1200000|1|6000|8|4|1|2|408000|472|3776056|384009
1200000|1|6000|8|4|0|0|408000|473|3784056|357650
1200000|1|6000|8|4|1|2|408000|473|3784056|384091
1200000|1|6000|8|4|0|0|408000|474|3792056|357937
1200000|1|6000|8|4|1|2|408000|474|3792056|383681
1200000|1|6000|8|4|0|0|408000|475|3800056|358101
1200000|1|6000|8|4|1|2|408000|475|3800056|383476
1200000|1|6000|8|4|0|0|408000|476|3808056|357691
1200000|1|6000|8|4|1|2|408000|476|3808056|384132
1200000|1|6000|8|4|0|0|408000|477|3816058|357650
1200000|1|6000|8|4|1|2|408000|477|3816058|384952
1200000|1|6000|8|4|0|0|408000|478|3824060|357650
1200000|1|6000|8|4|1|2|408000|478|3824060|385690
1200000|1|6000|8|4|0|0|408000|479|3832061|357568
1200000|1|6000|8|4|1|2|408000|479|3832061|386592
1200000|1|6000|8|4|0|0|408000|480|3840062|357691
1200000|1|6000|8|4|1|2|408000|480|3840062|387043
1200000|1|6000|8|4|0|0|408000|481|3848063|357732
1200000|1|6000|8|4|1|2|408000|481|3848063|387289
1200000|1|6000|8|4|0|0|408000|482|3856064|357978
1200000|1|6000|8|4|1|2|408000|482|3856064|387617
1200000|1|6000|8|4|0|0|408000|483|3864064|358429
1200000|1|6000|8|4|1|2|408000|483|3864064|388314
1200000|1|6000|8|4|0|0|408000|484|3872065|359249
1200000|1|6000|8|4|1|2|408000|484|3872065|388560
1200000|1|6000|8|4|0|0|408000|485|3880065|360561
1200000|1|6000|8|4|1|2|408000|485|3880065|389421
1200000|1|6000|8|4|0|0|408000|486|3888066|361545
1200000|1|6000|8|4|1|2|408000|486|3888066|389872
1200000|1|6000|8|4|0|0|408000|487|3896067|362693
1200000|1|6000|8|4|1|2|408000|487|3896067|390118
1200000|1|6000|8|4|0|0|408000|488|3904067|363554
1200000|1|6000|8|4|1|2|408000|488|3904067|390733
1200000|1|6000|8|4|0|0|408000|489|3912068|364210
1200000|1|6000|8|4|1|2|408000|489|3912068|390938
1200000|1|6000|8|4|0|0|408000|490|3920067|364497
1200000|1|6000|8|4|1|2|408000|490|3920067|392004
1200000|1|6000|8|4|0|0|408000|491|3928069|364948
1200000|1|6000|8|4|1|2|408000|491|3928069|391758
1200000|1|6000|8|4|0|0|408000|492|3936068|364251
1200000|1|6000|8|4|1|2|408000|492|3936068|393070
1200000|1|6000|8|4|0|0|408000|493|3944069|364538
1200000|1|6000|8|4|1|2|408000|493|3944069|392619
1200000|1|6000|8|4|0|0|408000|494|3952069|364825
1200000|1|6000|8|4|1|2|408000|494|3952069|393808
1200000|1|6000|8|4|0|0|408000|495|3960069|365235
1200000|1|6000|8|4|1|2|408000|495|3960069|394095
1200000|1|6000|8|4|0|0|408000|496|3968069|365768
1200000|1|6000|8|4|1|2|408000|496|3968069|395243
1200000|1|6000|8|4|0|0|408000|497|3976070|365932
1200000|1|6000|8|4|1|2|408000|497|3976070|395735
1200000|1|6000|8|4|0|0|408000|498|3984071|366342
1200000|1|6000|8|4|1|2|408000|498|3984071|397006
1200000|1|6000|8|4|0|0|408000|499|3992072|366342
1200000|1|6000|8|4|1|2|408000|499|3992072|397334
1200000|1|6000|8|4|0|0|408000|500|4000072|367490
1200000|1|6000|8|4|1|2|408000|500|4000072|397621
1200000|1|6000|8|4|0|0|408000|501|4008072|367818
1200000|1|6000|8|4|1|2|408000|501|4008072|398113
1200000|1|6000|8|4|0|0|408000|502|4016073|368433
1200000|1|6000|8|4|1|2|408000|502|4016073|397908
1200000|1|6000|8|4|0|0|408000|503|4024073|368638
1200000|1|6000|8|4|1|2|408000|503|4024073|398113
1200000|1|6000|8|4|0|0|408000|504|4032073|369827
1200000|1|6000|8|4|1|2|408000|504|4032073|398318
1200000|1|6000|8|4|0|0|408000|505|4040073|370196
1200000|1|6000|8|4|1|2|408000|505|4040073|398523
1200000|1|6000|8|4|0|0|408000|506|4048074|370483
1200000|1|6000|8|4|1|2|408000|506|4048074|399138
1200000|1|6000|8|4|0|0|408000|507|4056075|370934
1200000|1|6000|8|4|1|2|408000|507|4056075|398810
1200000|1|6000|8|4|0|0|408000|508|4064075|371098
1200000|1|6000|8|4|1|2|408000|508|4064075|398605
1200000|1|6000|8|4|0|0|408000|509|4072075|371426
1200000|1|6000|8|4|1|2|408000|509|4072075|397703
1200000|1|6000|8|4|0|0|408000|510|4080074|371672
1200000|1|6000|8|4|1|2|408000|510|4080074|396432
1200000|1|6000|8|4|0|0|408000|511|4088073|371631
1200000|1|6000|8|4|1|2|408000|511|4088073|395653
1200000|1|6000|8|4|0|0|408000|512|4096073|371877
1200000|1|6000|8|4|1|2|408000|512|4096073|395120
1200000|1|6000|8|4|0|0|408000|513|4104074|372328
1200000|1|6000|8|4|1|2|408000|513|4104074|393890
1200000|1|6000|8|4|0|0|408000|514|4112074|373025
1200000|1|6000|8|4|1|2|408000|514|4112074|393521
1200000|1|6000|8|4|0|0|408000|515|4120074|373517
1200000|1|6000|8|4|1|2|408000|515|4120074|392250
1200000|1|6000|8|4|0|0|408000|516|4128074|373148
1200000|1|6000|8|4|1|2|408000|516|4128074|391881
1200000|1|6000|8|4|0|0|408000|517|4136074|372943
1200000|1|6000|8|4|1|2|408000|517|4136074|390651
1200000|1|6000|8|4|0|0|408000|518|4144074|372656
1200000|1|6000|8|4|1|2|408000|518|4144074|390979
1200000|1|6000|8|4|0|0|408000|519|4152074|372328
1200000|1|6000|8|4|1|2|408000|519|4152074|390364
1200000|1|6000|8|4|0|0|408000|520|4160073|371877
1200000|1|6000|8|4|1|2|408000|520|4160073|390159
1200000|1|6000|8|4|0|0|408000|521|4168073|371385
1200000|1|6000|8|4|1|2|408000|521|4168073|389544
1200000|1|6000|8|4|0|0|408000|522|4176072|371508
1200000|1|6000|8|4|1|2|408000|522|4176072|389380
1200000|1|6000|8|4|0|0|408000|523|4184072|371590
1200000|1|6000|8|4|1|2|408000|523|4184072|389175
1200000|1|6000|8|4|0|0|408000|524|4192072|371098
1200000|1|6000|8|4|1|2|408000|524|4192072|388191
1200000|1|6000|8|4|0|0|408000|525|4200072|370360
1200000|1|6000|8|4|1|2|408000|525|4200072|388560
1200000|1|6000|8|4|0|0|408000|526|4208073|370155
1200000|1|6000|8|4|1|2|408000|526|4208073|388396
1200000|1|6000|8|4|0|0|408000|527|4216072|369704
1200000|1|6000|8|4|1|2|408000|527|4216072|389544
1200000|1|6000|8|4|0|0|408000|528|4224073|369458
1200000|1|6000|8|4|1|2|408000|528|4224073|389093
1200000|1|6000|8|4|0|0|408000|529|4232073|368925
1200000|1|6000|8|4|1|2|408000|529|4232073|389257
1200000|1|6000|8|4|0|0|408000|530|4240073|368269
1200000|1|6000|8|4|1|2|408000|530|4240073|389216
1200000|1|6000|8|4|0|0|408000|531|4248072|367900
1200000|1|6000|8|4|1|2|408000|531|4248072|389339
1200000|1|6000|8|4|0|0|408000|532|4256071|368228
1200000|1|6000|8|4|1|2|408000|532|4256071|389585
1200000|1|6000|8|4|0|0|408000|533|4264072|368679
1200000|1|6000|8|4|1|2|408000|533|4264072|390364
1200000|1|6000|8|4|0|0|408000|534|4272073|369335
1200000|1|6000|8|4|1|2|408000|534|4272073|389749
1200000|1|6000|8|4|0|0|408000|535|4280073|369581
1200000|1|6000|8|4|1|2|408000|535|4280073|389831
1200000|1|6000|8|4|0|0|408000|536|4288074|369499
1200000|1|6000|8|4|1|2|408000|536|4288074|389831
1200000|1|6000|8|4|0|0|408000|537|4296075|370114
1200000|1|6000|8|4|1|2|408000|537|4296075|389790
1200000|1|6000|8|4|0|0|408000|538|4304076|370196
1200000|1|6000|8|4|1|2|408000|538|4304076|390610
1200000|1|6000|8|4|0|0|408000|539|4312077|369827
1200000|1|6000|8|4|1|2|408000|539|4312077|390938
1200000|1|6000|8|4|0|0|408000|540|4320078|370196
1200000|1|6000|8|4|1|2|408000|540|4320078|391266
1200000|1|6000|8|4|0|0|408000|541|4328079|370278
1200000|1|6000|8|4|1|2|408000|541|4328079|391020
1200000|1|6000|8|4|0|0|408000|542|4336079|370811
1200000|1|6000|8|4|1|2|408000|542|4336079|391307
1200000|1|6000|8|4|0|0|408000|543|4344080|371344
1200000|1|6000|8|4|1|2|408000|543|4344080|390938
1200000|1|6000|8|4|0|0|408000|544|4352080|371959
1200000|1|6000|8|4|1|2|408000|544|4352080|390405
1200000|1|6000|8|4|0|0|408000|545|4360080|372492
1200000|1|6000|8|4|1|2|408000|545|4360080|390528
1200000|1|6000|8|4|0|0|408000|546|4368081|373189
1200000|1|6000|8|4|1|2|408000|546|4368081|389831
1200000|1|6000|8|4|0|0|408000|547|4376080|373804
1200000|1|6000|8|4|1|2|408000|547|4376080|390036
1200000|1|6000|8|4|0|0|408000|548|4384080|373722
1200000|1|6000|8|4|1|2|408000|548|4384080|389503
1200000|1|6000|8|4|0|0|408000|549|4392081|374214
1200000|1|6000|8|4|1|2|408000|549|4392081|390159
1200000|1|6000|8|4|0|0|408000|550|4400083|374337
1200000|1|6000|8|4|1|2|408000|550|4400083|390077
1200000|1|6000|8|4|0|0|408000|551|4408083|374501
1200000|1|6000|8|4|1|2|408000|551|4408083|390487
1200000|1|6000|8|4|0|0|408000|552|4416084|374214
1200000|1|6000|8|4|1|2|408000|552|4416084|391020
1200000|1|6000|8|4|0|0|408000|553|4424085|374788
1200000|1|6000|8|4|1|2|408000|553|4424085|390815
1200000|1|6000|8|4|0|0|408000|554|4432086|374665
1200000|1|6000|8|4|1|2|408000|554|4432086|391225
1200000|1|6000|8|4|0|0|408000|555|4440087|374542
1200000|1|6000|8|4|1|2|408000|555|4440087|391020
1200000|1|6000|8|4|0|0|408000|556|4448087|373558
1200000|1|6000|8|4|1|2|408000|556|4448087|390938
1200000|1|6000|8|4|0|0|408000|557|4456087|372615
1200000|1|6000|8|4|1|2|408000|557|4456087|390569
1200000|1|6000|8|4|0|0|408000|558|4464087|371795
1200000|1|6000|8|4|1|2|408000|558|4464087|390241
1200000|1|6000|8|4|0|0|408000|559|4472086|371262
1200000|1|6000|8|4|1|2|408000|559|4472086|389749
1200000|1|6000|8|4|0|0|408000|560|4480086|370237
1200000|1|6000|8|4|1|2|408000|560|4480086|389298
1200000|1|6000|8|4|0|0|408000|561|4488087|368925
1200000|1|6000|8|4|1|2|408000|561|4488087|389298
1200000|1|6000|8|4|0|0|408000|562|4496087|369007
1200000|1|6000|8|4|1|2|408000|562|4496087|388929
1200000|1|6000|8|4|0|0|408000|563|4504088|369540
1200000|1|6000|8|4|1|2|408000|563|4504088|388847
1200000|1|6000|8|4|0|0|408000|564|4512088|370032
1200000|1|6000|8|4|1|2|408000|564|4512088|388806
1200000|1|6000|8|4|0|0|408000|565|4520089|370073
1200000|1|6000|8|4|1|2|408000|565|4520089|389667
1200000|1|6000|8|4|0|0|408000|566|4528090|369950
1200000|1|6000|8|4|1|2|408000|566|4528090|390282
1200000|1|6000|8|4|0|0|408000|567|4536091|370155
1200000|1|6000|8|4|1|2|408000|567|4536091|391840
1200000|1|6000|8|4|0|0|408000|568|4544092|369499
1200000|1|6000|8|4|1|2|408000|568|4544092|392619
1200000|1|6000|8|4|0|0|408000|569|4552094|369499
1200000|1|6000|8|4|1|2|408000|569|4552094|394054
1200000|1|6000|8|4|0|0|408000|570|4560095|368597
1200000|1|6000|8|4|1|2|408000|570|4560095|395407
1200000|1|6000|8|4|0|0|408000|571|4568096|367859
1200000|1|6000|8|4|1|2|408000|571|4568096|396022
1200000|1|6000|8|4|0|0|408000|572|4576097|367039
1200000|1|6000|8|4|1|2|408000|572|4576097|395735
1200000|1|6000|8|4|0|0|408000|573|4584097|366588
1200000|1|6000|8|4|1|2|408000|573|4584097|395120
1200000|1|6000|8|4|0|0|408000|574|4592096|366137
1200000|1|6000|8|4|1|2|408000|574|4592096|395079
1200000|1|6000|8|4|0|0|408000|575|4600096|366055
1200000|1|6000|8|4|1|2|408000|575|4600096|394997
1200000|1|6000|8|4|0|0|408000|576|4608095|365686
1200000|1|6000|8|4|1|2|408000|576|4608095|395653
1200000|1|6000|8|4|0|0|408000|577|4616096|365358
1200000|1|6000|8|4|1|2|408000|577|4616096|395571
1200000|1|6000|8|4|0|0|408000|578|4624096|365481
1200000|1|6000|8|4|1|2|408000|578|4624096|396227
1200000|1|6000|8|4|0|0|408000|579|4632096|365645
1200000|1|6000|8|4|1|2|408000|579|4632096|396719
1200000|1|6000|8|4|0|0|408000|580|4640096|365358
1200000|1|6000|8|4|1|2|408000|580|4640096|397744
1200000|1|6000|8|4|0|0|408000|581|4648097|364702
1200000|1|6000|8|4|1|2|408000|581|4648097|397826
1200000|1|6000|8|4|0|0|408000|582|4656097|364128
1200000|1|6000|8|4|1|2|408000|582|4656097|397211
1200000|1|6000|8|4|0|0|408000|583|4664097|363759
1200000|1|6000|8|4|1|2|408000|583|4664097|396637
1200000|1|6000|8|4|0|0|408000|584|4672096|363718
1200000|1|6000|8|4|1|2|408000|584|4672096|396268
1200000|1|6000|8|4|0|0|408000|585|4680096|363349
1200000|1|6000|8|4|1|2|408000|585|4680096|395981
1200000|1|6000|8|4|0|0|408000|586|4688096|363882
1200000|1|6000|8|4|1|2|408000|586|4688096|395653
1200000|1|6000|8|4|0|0|408000|587|4696096|364128
1200000|1|6000|8|4|1|2|408000|587|4696096|395079
1200000|1|6000|8|4|0|0|408000|588|4704096|364989
1200000|1|6000|8|4|1|2|408000|588|4704096|394628
1200000|1|6000|8|4|0|0|408000|589|4712096|364743
1200000|1|6000|8|4|1|2|408000|589|4712096|394710
1200000|1|6000|8|4|0|0|408000|590|4720095|365235
1200000|1|6000|8|4|1|2|408000|590|4720095|394177
1200000|1|6000|8|4|0|0|408000|591|4728095|364948
1200000|1|6000|8|4|1|2|408000|591|4728095|394587
1200000|1|6000|8|4|0|0|408000|592|4736095|365604
1200000|1|6000|8|4|1|2|408000|592|4736095|393890
1200000|1|6000|8|4|0|0|408000|593|4744095|365604
1200000|1|6000|8|4|1|2|408000|593|4744095|393685
1200000|1|6000|8|4|0|0|408000|594|4752095|365317
1200000|1|6000|8|4|1|2|408000|594|4752095|392988
1200000|1|6000|8|4|0|0|408000|595|4760095|364866
1200000|1|6000|8|4|1|2|408000|595|4760095|393070
1200000|1|6000|8|4|0|0|408000|596|4768095|364579
1200000|1|6000|8|4|1|2|408000|596|4768095|392619
1200000|1|6000|8|4|0|0|408000|597|4776095|364620
1200000|1|6000|8|4|1|2|408000|597|4776095|391840
1200000|1|6000|8|4|0|0|408000|598|4784094|364743
1200000|1|6000|8|4|1|2|408000|598|4784094|391717
1200000|1|6000|8|4|0|0|408000|599|4792094|365235
1200000|1|6000|8|4|1|2|408000|599|4792094|391389
1200000|1|6000|8|4|0|0|408000|600|4800094|365317
1200000|1|6000|8|4|1|2|408000|600|4800094|391143
1200000|1|6000|8|4|0|0|408000|601|4808094|365112
1200000|1|6000|8|4|1|2|408000|601|4808094|390241
1200000|1|6000|8|4|0|0|408000|602|4816093|365071
1200000|1|6000|8|4|1|2|408000|602|4816093|390569
1200000|1|6000|8|4|0|0|408000|603|4824094|365604
1200000|1|6000|8|4|1|2|408000|603|4824094|389626
1200000|1|6000|8|4|0|0|408000|604|4832094|364907
1200000|1|6000|8|4|1|2|408000|604|4832094|389954
1200000|1|6000|8|4|0|0|408000|605|4840094|364743
1200000|1|6000|8|4|1|2|408000|605|4840094|389667
1200000|1|6000|8|4|0|0|408000|606|4848094|364825
1200000|1|6000|8|4|1|2|408000|606|4848094|389913
1200000|1|6000|8|4|0|0|408000|607|4856094|364743
1200000|1|6000|8|4|1|2|408000|607|4856094|390077
1200000|1|6000|8|4|0|0|408000|608|4864094|365276
1200000|1|6000|8|4|1|2|408000|608|4864094|390118
1200000|1|6000|8|4|0|0|408000|609|4872094|365276
1200000|1|6000|8|4|1|2|408000|609|4872094|389790
1200000|1|6000|8|4|0|0|408000|610|4880094|365645
1200000|1|6000|8|4|1|2|408000|610|4880094|389708
1200000|1|6000|8|4|0|0|408000|611|4888094|364415
1200000|1|6000|8|4|1|2|408000|611|4888094|389339
1200000|1|6000|8|4|0|0|408000|612|4896093|364087
1200000|1|6000|8|4|1|2|408000|612|4896093|389052
1200000|1|6000|8|4|0|0|408000|613|4904093|363144
1200000|1|6000|8|4|1|2|408000|613|4904093|389257
1200000|1|6000|8|4|0|0|408000|614|4912094|362939
1200000|1|6000|8|4|1|2|408000|614|4912094|388847
1200000|1|6000|8|4|0|0|408000|615|4920094|361955
1200000|1|6000|8|4|1|2|408000|615|4920094|389380
1200000|1|6000|8|4|0|0|408000|616|4928096|361750
1200000|1|6000|8|4|1|2|408000|616|4928096|389134
1200000|1|6000|8|4|0|0|408000|617|4936096|360930
1200000|1|6000|8|4|1|2|408000|617|4936096|389503
1200000|1|6000|8|4|0|0|408000|618|4944097|360930
1200000|1|6000|8|4|1|2|408000|618|4944097|389749
1200000|1|6000|8|4|0|0|408000|619|4952098|361094
1200000|1|6000|8|4|1|2|408000|619|4952098|390282
1200000|1|6000|8|4|0|0|408000|620|4960099|361545
1200000|1|6000|8|4|1|2|408000|620|4960099|390077
1200000|1|6000|8|4|0|0|408000|621|4968099|361914
1200000|1|6000|8|4|1|2|408000|621|4968099|390036
1200000|1|6000|8|4|0|0|408000|622|4976098|362365
1200000|1|6000|8|4|1|2|408000|622|4976098|389954
1200000|1|6000|8|4|0|0|408000|623|4984098|362447
1200000|1|6000|8|4|1|2|408000|623|4984098|389175
1200000|1|6000|8|4|0|0|408000|624|4992097|362242
1200000|1|6000|8|4|1|2|408000|624|4992097|389339
1200000|1|6000|8|4|0|0|408000|625|5000098|362734
1200000|1|6000|8|4|1|2|408000|625|5000098|388519
1200000|1|6000|8|4|0|0|408000|626|5008097|362324
1200000|1|6000|8|4|1|2|408000|626|5008097|388847
1200000|1|6000|8|4|0|0|408000|627|5016097|362242
1200000|1|6000|8|4|1|2|408000|627|5016097|388437
1200000|1|6000|8|4|0|0|408000|628|5024097|362119
1200000|1|6000|8|4|1|2|408000|628|5024097|389134
1200000|1|6000|8|4|0|0|408000|629|5032098|362242
1200000|1|6000|8|4|1|2|408000|629|5032098|389462
1200000|1|6000|8|4|0|0|408000|630|5040099|362242
1200000|1|6000|8|4|1|2|408000|630|5040099|389995
1200000|1|6000|8|4|0|0|408000|631|5048100|361996
1200000|1|6000|8|4|1|2|408000|631|5048100|390405
1200000|1|6000|8|4|0|0|408000|632|5056101|362365
1200000|1|6000|8|4|1|2|408000|632|5056101|390897
1200000|1|6000|8|4|0|0|408000|633|5064101|362283
1200000|1|6000|8|4|1|2|408000|633|5064101|391635
1200000|1|6000|8|4|0|0|408000|634|5072102|362980
1200000|1|6000|8|4|1|2|408000|634|5072102|391922
1200000|1|6000|8|4|0|0|408000|635|5080102|363308
1200000|1|6000|8|4|1|2|408000|635|5080102|392250
1200000|1|6000|8|4|0|0|408000|636|5088102|364087
1200000|1|6000|8|4|1|2|408000|636|5088102|392742
1200000|1|6000|8|4|0|0|408000|637|5096104|363759
1200000|1|6000|8|4|1|2|408000|637|5096104|394587
1200000|1|6000|8|4|0|0|408000|638|5104106|364087
1200000|1|6000|8|4|1|2|408000|638|5104106|395981
1200000|1|6000|8|4|0|0|408000|639|5112108|363841
1200000|1|6000|8|4|1|2|408000|639|5112108|397293
1200000|1|6000|8|4|0|0|408000|640|5120110|363841
1200000|1|6000|8|4|1|2|408000|640|5120110|398564
1200000|1|6000|8|4|0|0|408000|641|5128112|363923
1200000|1|6000|8|4|1|2|408000|641|5128112|399835
1200000|1|6000|8|4|0|0|408000|642|5136114|363964
1200000|1|6000|8|4|1|2|408000|642|5136114|400737
1200000|1|6000|8|4|0|0|408000|643|5144116|363841
1200000|1|6000|8|4|1|2|408000|643|5144116|402008
1200000|1|6000|8|4|0|0|408000|644|5152117|363759
1200000|1|6000|8|4|1|2|408000|644|5152117|402336
1200000|1|6000|8|4|0|0|408000|645|5160118|364251
1200000|1|6000|8|4|1|2|408000|645|5160118|403935
1200000|1|6000|8|4|0|0|408000|646|5168121|364620
1200000|1|6000|8|4|1|2|408000|646|5168121|404673
1200000|1|6000|8|4|0|0|408000|647|5176123|365030
1200000|1|6000|8|4|1|2|408000|647|5176123|405083
1200000|1|6000|8|4|0|0|408000|648|5184125|364784
1200000|1|6000|8|4|1|2|408000|648|5184125|406190
1200000|1|6000|8|4|0|0|408000|649|5192127|364784
1200000|1|6000|8|4|1|2|408000|649|5192127|406272
1200000|1|6000|8|4|0|0|408000|650|5200129|364579
1200000|1|6000|8|4|1|2|408000|650|5200129|407461
1200000|1|6000|8|4|0|0|408000|651|5208131|364538
1200000|1|6000|8|4|1|2|408000|651|5208131|408404
1200000|1|6000|8|4|0|0|408000|652|5216133|364620
1200000|1|6000|8|4|1|2|408000|652|5216133|408363
1200000|1|6000|8|4|0|0|408000|653|5224133|365112
1200000|1|6000|8|4|1|2|408000|653|5224133|408937
1200000|1|6000|8|4|0|0|408000|654|5232135|364948
1200000|1|6000|8|4|1|2|408000|654|5232135|408486
1200000|1|6000|8|4|0|0|408000|655|5240135|364702
1200000|1|6000|8|4|1|2|408000|655|5240135|408732
1200000|1|6000|8|4|0|0|408000|656|5248137|364989
1200000|1|6000|8|4|1|2|408000|656|5248137|408199
1200000|1|6000|8|4|0|0|408000|657|5256137|363718
1200000|1|6000|8|4|1|2|408000|657|5256137|408117
1200000|1|6000|8|4|0|0|408000|658|5264138|363349
1200000|1|6000|8|4|1|2|408000|658|5264138|408199
1200000|1|6000|8|4|0|0|408000|659|5272140|362488
1200000|1|6000|8|4|1|2|408000|659|5272140|407707
1200000|1|6000|8|4|0|0|408000|660|5280140|362611
1200000|1|6000|8|4|1|2|408000|660|5280140|407994
1200000|1|6000|8|4|0|0|408000|661|5288142|361709
1200000|1|6000|8|4|1|2|408000|661|5288142|407994
1200000|1|6000|8|4|0|0|408000|662|5296142|361340
1200000|1|6000|8|4|1|2|408000|662|5296142|408896
1200000|1|6000|8|4|0|0|408000|663|5304144|361012
1200000|1|6000|8|4|1|2|408000|663|5304144|409429
1200000|1|6000|8|4|0|0|408000|664|5312145|360766
1200000|1|6000|8|4|1|2|408000|664|5312145|410167
1200000|1|6000|8|4|0|0|408000|665|5320146|361135
1200000|1|6000|8|4|1|2|408000|665|5320146|410577
1200000|1|6000|8|4|0|0|408000|666|5328147|361258
1200000|1|6000|8|4|1|2|408000|666|5328147|411274
1200000|1|6000|8|4|0|0|408000|667|5336148|361709
1200000|1|6000|8|4|1|2|408000|667|5336148|411479
1200000|1|6000|8|4|0|0|408000|668|5344149|361135
1200000|1|6000|8|4|1|2|408000|668|5344149|411397
1200000|1|6000|8|4|0|0|408000|669|5352149|361586
1200000|1|6000|8|4|1|2|408000|669|5352149|411807
1200000|1|6000|8|4|0|0|408000|670|5360149|361627
1200000|1|6000|8|4|1|2|408000|670|5360149|411233
1200000|1|6000|8|4|0|0|408000|671|5368149|361791
1200000|1|6000|8|4|1|2|408000|671|5368149|411315
1200000|1|6000|8|4|0|0|408000|672|5376149|361791
1200000|1|6000|8|4|1|2|408000|672|5376149|411069
1200000|1|6000|8|4|0|0|408000|673|5384149|361996
1200000|1|6000|8|4|1|2|408000|673|5384149|410946
1200000|1|6000|8|4|0|0|408000|674|5392148|361791
1200000|1|6000|8|4|1|2|408000|674|5392148|411028
1200000|1|6000|8|4|0|0|408000|675|5400149|362037
1200000|1|6000|8|4|1|2|408000|675|5400149|411028
1200000|1|6000|8|4|0|0|408000|676|5408148|362037
1200000|1|6000|8|4|1|2|408000|676|5408148|411561
1200000|1|6000|8|4|0|0|408000|677|5416150|361873
1200000|1|6000|8|4|1|2|408000|677|5416150|411192
1200000|1|6000|8|4|0|0|408000|678|5424149|361791
1200000|1|6000|8|4|1|2|408000|678|5424149|410905
1200000|1|6000|8|4|0|0|408000|679|5432150|361586
1200000|1|6000|8|4|1|2|408000|679|5432150|409921
1200000|1|6000|8|4|0|0|408000|680|5440149|361381
1200000|1|6000|8|4|1|2|408000|680|5440149|409101
1200000|1|6000|8|4|0|0|408000|681|5448149|361053
1200000|1|6000|8|4|1|2|408000|681|5448149|408158
1200000|1|6000|8|4|0|0|408000|682|5456149|360725
1200000|1|6000|8|4|1|2|408000|682|5456149|407789
1200000|1|6000|8|4|0|0|408000|683|5464149|360561
1200000|1|6000|8|4|1|2|408000|683|5464149|407584
1200000|1|6000|8|4|0|0|408000|684|5472149|360930
1200000|1|6000|8|4|1|2|408000|684|5472149|406928
1200000|1|6000|8|4|0|0|408000|685|5480148|361914
1200000|1|6000|8|4|1|2|408000|685|5480148|406149
1200000|1|6000|8|4|0|0|408000|686|5488149|363636
1200000|1|6000|8|4|1|2|408000|686|5488149|404632
1200000|1|6000|8|4|0|0|408000|687|5496149|365276
1200000|1|6000|8|4|1|2|408000|687|5496149|404181
1200000|1|6000|8|4|0|0|408000|688|5504149|366711
1200000|1|6000|8|4|1|2|408000|688|5504149|403525
1200000|1|6000|8|4|0|0|408000|689|5512149|368228
1200000|1|6000|8|4|1|2|408000|689|5512149|403279
1200000|1|6000|8|4|0|0|408000|690|5520149|369581
1200000|1|6000|8|4|1|2|408000|690|5520149|402992
1200000|1|6000|8|4|0|0|408000|691|5528149|370647
1200000|1|6000|8|4|1|2|408000|691|5528149|402582
1200000|1|6000|8|4|0|0|408000|692|5536149|370893
1200000|1|6000|8|4|1|2|408000|692|5536149|401557
1200000|1|6000|8|4|0|0|408000|693|5544149|371590
1200000|1|6000|8|4|1|2|408000|693|5544149|401065
1200000|1|6000|8|4|0|0|408000|694|5552150|372328
1200000|1|6000|8|4|1|2|408000|694|5552150|401352
1200000|1|6000|8|4|0|0|408000|695|5560150|373312
1200000|1|6000|8|4|1|2|408000|695|5560150|400737
1200000|1|6000|8|4|0|0|408000|696|5568150|374706
1200000|1|6000|8|4|1|2|408000|696|5568150|400696
1200000|1|6000|8|4|0|0|408000|697|5576150|375854
1200000|1|6000|8|4|1|2|408000|697|5576150|400245
1200000|1|6000|8|4|0|0|408000|698|5584150|376592
1200000|1|6000|8|4|1|2|408000|698|5584150|400860
1200000|1|6000|8|4|0|0|408000|699|5592150|377084
1200000|1|6000|8|4|1|2|408000|699|5592150|400327
1200000|1|6000|8|4|0|0|408000|700|5600150|377207
1200000|1|6000|8|4|1|2|408000|700|5600150|400532
1200000|1|6000|8|4|0|0|408000|701|5608151|377699
1200000|1|6000|8|4|1|2|408000|701|5608151|400286
1200000|1|6000|8|4|0|0|408000|702|5616150|377781
1200000|1|6000|8|4|1|2|408000|702|5616150|400532
1200000|1|6000|8|4|0|0|408000|703|5624150|377740
1200000|1|6000|8|4|1|2|408000|703|5624150|400040
1200000|1|6000|8|4|0|0|408000|704|5632150|377781
1200000|1|6000|8|4|1|2|408000|704|5632150|399999
1200000|1|6000|8|4|0|0|408000|705|5640150|378396
1200000|1|6000|8|4|1|2|408000|705|5640150|399835
1200000|1|6000|8|4|0|0|408000|706|5648150|379011
1200000|1|6000|8|4|1|2|408000|706|5648150|399917
1200000|1|6000|8|4|0|0|408000|707|5656150|379339
1200000|1|6000|8|4|1|2|408000|707|5656150|399876
1200000|1|6000|8|4|0|0|408000|708|5664149|378683
1200000|1|6000|8|4|1|2|408000|708|5664149|399876
1200000|1|6000|8|4|0|0|408000|709|5672150|377863
1200000|1|6000|8|4|1|2|408000|709|5672150|400122
1200000|1|6000|8|4|0|0|408000|710|5680151|376879
1200000|1|6000|8|4|1|2|408000|710|5680151|400081
1200000|1|6000|8|4|0|0|408000|711|5688152|376059
1200000|1|6000|8|4|1|2|408000|711|5688152|399917
1200000|1|6000|8|4|0|0|408000|712|5696152|375690
1200000|1|6000|8|4|1|2|408000|712|5696152|399548
1200000|1|6000|8|4|0|0|408000|713|5704153|374542
1200000|1|6000|8|4|1|2|408000|713|5704153|399384
1200000|1|6000|8|4|0|0|408000|714|5712153|373476
1200000|1|6000|8|4|1|2|408000|714|5712153|399671
1200000|1|6000|8|4|0|0|408000|715|5720154|372943
1200000|1|6000|8|4|1|2|408000|715|5720154|399302
1200000|1|6000|8|4|0|0|408000|716|5728155|373271
1200000|1|6000|8|4|1|2|408000|716|5728155|398523
1200000|1|6000|8|4|0|0|408000|717|5736154|373394
1200000|1|6000|8|4|1|2|408000|717|5736154|398154
1200000|1|6000|8|4|0|0|408000|718|5744154|373025
1200000|1|6000|8|4|1|2|408000|718|5744154|398277
1200000|1|6000|8|4|0|0|408000|719|5752153|372492
1200000|1|6000|8|4|1|2|408000|719|5752153|397950
1200000|1|6000|8|4|0|0|408000|720|5760152|372082
1200000|1|6000|8|4|1|2|408000|720|5760152|397498
1200000|1|6000|8|4|0|0|408000|721|5768151|371836
1200000|1|6000|8|4|1|2|408000|721|5768151|397334
1200000|1|6000|8|4|0|0|408000|722|5776151|371304
1200000|1|6000|8|4|1|2|408000|722|5776151|397170
1200000|1|6000|8|4|0|0|408000|723|5784151|370237
1200000|1|6000|8|4|1|2|408000|723|5784151|397457
1200000|1|6000|8|4|0|0|408000|724|5792151|369335
1200000|1|6000|8|4|1|2|408000|724|5792151|397047
1200000|1|6000|8|4|0|0|408000|725|5800151|368884
1200000|1|6000|8|4|1|2|408000|725|5800151|396514
1200000|1|6000|8|4|0|0|408000|726|5808151|368269
1200000|1|6000|8|4|1|2|408000|726|5808151|395489
1200000|1|6000|8|4|0|0|408000|727|5816150|367900
1200000|1|6000|8|4|1|2|408000|727|5816150|395325
1200000|1|6000|8|4|0|0|408000|728|5824149|367121
1200000|1|6000|8|4|1|2|408000|728|5824149|394013
1200000|1|6000|8|4|0|0|408000|729|5832148|366875
1200000|1|6000|8|4|1|2|408000|729|5832148|393562
1200000|1|6000|8|4|0|0|408000|730|5840147|366670
1200000|1|6000|8|4|1|2|408000|730|5840147|392373
1200000|1|6000|8|4|0|0|408000|731|5848145|367162
1200000|1|6000|8|4|1|2|408000|731|5848145|391430
1200000|1|6000|8|4|0|0|408000|732|5856144|366219
1200000|1|6000|8|4|1|2|408000|732|5856144|391102
1200000|1|6000|8|4|0|0|408000|733|5864144|365645
1200000|1|6000|8|4|1|2|408000|733|5864144|392004
1200000|1|6000|8|4|0|0|408000|734|5872145|364866
1200000|1|6000|8|4|1|2|408000|734|5872145|392291
1200000|1|6000|8|4|0|0|408000|735|5880145|364087
1200000|1|6000|8|4|1|2|408000|735|5880145|392414
1200000|1|6000|8|4|0|0|408000|736|5888146|364251
1200000|1|6000|8|4|1|2|408000|736|5888146|392168
1200000|1|6000|8|4|0|0|408000|737|5896146|363308
1200000|1|6000|8|4|1|2|408000|737|5896146|392004
1200000|1|6000|8|4|0|0|408000|738|5904146|363759
1200000|1|6000|8|4|1|2|408000|738|5904146|391922
1200000|1|6000|8|4|0|0|408000|739|5912146|364046
1200000|1|6000|8|4|1|2|408000|739|5912146|391102
1200000|1|6000|8|4|0|0|408000|740|5920145|364948
1200000|1|6000|8|4|1|2|408000|740|5920145|391061
1200000|1|6000|8|4|0|0|408000|741|5928145|365276
1200000|1|6000|8|4|1|2|408000|741|5928145|390692
1200000|1|6000|8|4|0|0|408000|742|5936145|365768
1200000|1|6000|8|4|1|2|408000|742|5936145|391922
1200000|1|6000|8|4|0|0|408000|743|5944145|366342
1200000|1|6000|8|4|1|2|408000|743|5944145|392496
1200000|1|6000|8|4|0|0|408000|744|5952145|366014
1200000|1|6000|8|4|1|2|408000|744|5952145|393480
1200000|1|6000|8|4|0|0|408000|745|5960146|366260
1200000|1|6000|8|4|1|2|408000|745|5960146|393931
1200000|1|6000|8|4|0|0|408000|746|5968146|366137
1200000|1|6000|8|4|1|2|408000|746|5968146|394792
1200000|1|6000|8|4|0|0|408000|747|5976146|365932
1200000|1|6000|8|4|1|2|408000|747|5976146|395202
1200000|1|6000|8|4|0|0|408000|748|5984146|366219
1200000|1|6000|8|4|1|2|408000|748|5984146|395530
1200000|1|6000|8|4|0|0|408000|749|5992146|366834
1200000|1|6000|8|4|1|2|408000|749|5992146|395899
1200000|1|6000|8|4|0|0|408000|750|6000146|366916
1200000|1|6000|8|4|1|2|408000|750|6000146|395284
1200000|1|6000|8|4|0|0|408000|751|6008145|367244
1200000|1|6000|8|4|1|2|408000|751|6008145|395530
1200000|1|6000|8|4|0|0|408000|752|6016146|367367
1200000|1|6000|8|4|1|2|408000|752|6016146|395489
1200000|1|6000|8|4|0|0|408000|753|6024146|367736
1200000|1|6000|8|4|1|2|408000|753|6024146|395940
1200000|1|6000|8|4|0|0|408000|754|6032147|368187
1200000|1|6000|8|4|1|2|408000|754|6032147|395817
1200000|1|6000|8|4|0|0|408000|755|6040147|368392
1200000|1|6000|8|4|1|2|408000|755|6040147|396473
1200000|1|6000|8|4|0|0|408000|756|6048147|368925
1200000|1|6000|8|4|1|2|408000|756|6048147|397334
1200000|1|6000|8|4|0|0|408000|757|6056148|369294
1200000|1|6000|8|4|1|2|408000|757|6056148|397703
1200000|1|6000|8|4|0|0|408000|758|6064148|369704
1200000|1|6000|8|4|1|2|408000|758|6064148|397498
1200000|1|6000|8|4|0|0|408000|759|6072148|369909
1200000|1|6000|8|4|1|2|408000|759|6072148|397129
1200000|1|6000|8|4|0|0|408000|760|6080148|370852
1200000|1|6000|8|4|1|2|408000|760|6080148|396678
1200000|1|6000|8|4|0|0|408000|761|6088148|371467
1200000|1|6000|8|4|1|2|408000|761|6088148|396350
1200000|1|6000|8|4|0|0|408000|762|6096148|371508
1200000|1|6000|8|4|1|2|408000|762|6096148|396350
1200000|1|6000|8|4|0|0|408000|763|6104148|371344
1200000|1|6000|8|4|1|2|408000|763|6104148|396309
1200000|1|6000|8|4|0|0|408000|764|6112149|370565
1200000|1|6000|8|4|1|2|408000|764|6112149|396022
1200000|1|6000|8|4|0|0|408000|765|6120149|370155
1200000|1|6000|8|4|1|2|408000|765|6120149|395899
1200000|1|6000|8|4|0|0|408000|766|6128150|369622
1200000|1|6000|8|4|1|2|408000|766|6128150|396760
1200000|1|6000|8|4|0|0|408000|767|6136150|368802
1200000|1|6000|8|4|1|2|408000|767|6136150|397703
1200000|1|6000|8|4|0|0|408000|768|6144152|368228
1200000|1|6000|8|4|1|2|408000|768|6144152|398195
1200000|1|6000|8|4|0|0|408000|769|6152152|367818
1200000|1|6000|8|4|1|2|408000|769|6152152|398810
1200000|1|6000|8|4|0|0|408000|770|6160154|368515
1200000|1|6000|8|4|1|2|408000|770|6160154|399302
1200000|1|6000|8|4|0|0|408000|771|6168154|369048
1200000|1|6000|8|4|1|2|408000|771|6168154|399589
1200000|1|6000|8|4|0|0|408000|772|6176156|368556
1200000|1|6000|8|4|1|2|408000|772|6176156|399630
1200000|1|6000|8|4|0|0|408000|773|6184156|368023
1200000|1|6000|8|4|1|2|408000|773|6184156|399220
1200000|1|6000|8|4|0|0|408000|774|6192155|367039
1200000|1|6000|8|4|1|2|408000|774|6192155|399097
1200000|1|6000|8|4|0|0|408000|775|6200155|366547
1200000|1|6000|8|4|1|2|408000|775|6200155|399138
1200000|1|6000|8|4|0|0|408000|776|6208155|365645
1200000|1|6000|8|4|1|2|408000|776|6208155|398892
1200000|1|6000|8|4|0|0|408000|777|6216155|364620
1200000|1|6000|8|4|1|2|408000|777|6216155|399220
1200000|1|6000|8|4|0|0|408000|778|6224155|364128
1200000|1|6000|8|4|1|2|408000|778|6224155|399712
1200000|1|6000|8|4|0|0|408000|779|6232155|364005
1200000|1|6000|8|4|1|2|408000|779|6232155|399630
1200000|1|6000|8|4|0|0|408000|780|6240155|365563
1200000|1|6000|8|4|1|2|408000|780|6240155|400204
1200000|1|6000|8|4|0|0|408000|781|6248156|365768
1200000|1|6000|8|4|1|2|408000|781|6248156|400532
1200000|1|6000|8|4|0|0|408000|782|6256155|366752
1200000|1|6000|8|4|1|2|408000|782|6256155|399794
1200000|1|6000|8|4|0|0|408000|783|6264155|366998
1200000|1|6000|8|4|1|2|408000|783|6264155|399220
1200000|1|6000|8|4|0|0|408000|784|6272155|367080
1200000|1|6000|8|4|1|2|408000|784|6272155|398031
1200000|1|6000|8|4|0|0|408000|785|6280155|367900
1200000|1|6000|8|4|1|2|408000|785|6280155|397621
1200000|1|6000|8|4|0|0|408000|786|6288155|366957
1200000|1|6000|8|4|1|2|408000|786|6288155|397375
1200000|1|6000|8|4|0|0|408000|787|6296155|366834
1200000|1|6000|8|4|1|2|408000|787|6296155|396842
1200000|1|6000|8|4|0|0|408000|788|6304155|366055
1200000|1|6000|8|4|1|2|408000|788|6304155|396842
1200000|1|6000|8|4|0|0|408000|789|6312156|366957
1200000|1|6000|8|4|1|2|408000|789|6312156|397457
1200000|1|6000|8|4|0|0|408000|790|6320156|366670
1200000|1|6000|8|4|1|2|408000|790|6320156|398359
1200000|1|6000|8|4|0|0|408000|791|6328157|367162
1200000|1|6000|8|4|1|2|408000|791|6328157|398195
1200000|1|6000|8|4|0|0|408000|792|6336158|367408
1200000|1|6000|8|4|1|2|408000|792|6336158|398400
1200000|1|6000|8|4|0|0|408000|793|6344158|367777
1200000|1|6000|8|4|1|2|408000|793|6344158|398154
1200000|1|6000|8|4|0|0|408000|794|6352159|368433
1200000|1|6000|8|4|1|2|408000|794|6352159|398359
1200000|1|6000|8|4|0|0|408000|795|6360160|368761
1200000|1|6000|8|4|1|2|408000|795|6360160|398154
1200000|1|6000|8|4|0|0|408000|796|6368161|368474
1200000|1|6000|8|4|1|2|408000|796|6368161|397498
1200000|1|6000|8|4|0|0|408000|797|6376160|368105
1200000|1|6000|8|4|1|2|408000|797|6376160|397498
1200000|1|6000|8|4|0|0|408000|798|6384161|368146
1200000|1|6000|8|4|1|2|408000|798|6384161|397867
1200000|1|6000|8|4|0|0|408000|799|6392161|367859
1200000|1|6000|8|4|1|2|408000|799|6392161|398441
1200000|1|6000|8|4|0|0|408000|800|6400161|367818
1200000|1|6000|8|4|1|2|408000|800|6400161|398974
1200000|1|6000|8|4|0|0|408000|801|6408162|367736
1200000|1|6000|8|4|1|2|408000|801|6408162|399384
1200000|1|6000|8|4|0|0|408000|802|6416163|367736
1200000|1|6000|8|4|1|2|408000|802|6416163|399548
1200000|1|6000|8|4|0|0|408000|803|6424164|367982
1200000|1|6000|8|4|1|2|408000|803|6424164|400327
1200000|1|6000|8|4|0|0|408000|804|6432164|368269
1200000|1|6000|8|4|1|2|408000|804|6432164|400450
1200000|1|6000|8|4|0|0|408000|805|6440165|368146
1200000|1|6000|8|4|1|2|408000|805|6440165|401106
1200000|1|6000|8|4|0|0|408000|806|6448166|367900
1200000|1|6000|8|4|1|2|408000|806|6448166|400245
1200000|1|6000|8|4|0|0|408000|807|6456166|368146
1200000|1|6000|8|4|1|2|408000|807|6456166|399753
1200000|1|6000|8|4|0|0|408000|808|6464167|368105
1200000|1|6000|8|4|1|2|408000|808|6464167|399548
1200000|1|6000|8|4|0|0|408000|809|6472168|367941
1200000|1|6000|8|4|1|2|408000|809|6472168|399302
1200000|1|6000|8|4|0|0|408000|810|6480169|367203
1200000|1|6000|8|4|1|2|408000|810|6480169|399138
1200000|1|6000|8|4|0|0|408000|811|6488169|366465
1200000|1|6000|8|4|1|2|408000|811|6488169|399097
1200000|1|6000|8|4|0|0|408000|812|6496170|365727
1200000|1|6000|8|4|1|2|408000|812|6496170|398892
1200000|1|6000|8|4|0|0|408000|813|6504170|365563
1200000|1|6000|8|4|1|2|408000|813|6504170|398564
1200000|1|6000|8|4|0|0|408000|814|6512170|364251
1200000|1|6000|8|4|1|2|408000|814|6512170|399220
1200000|1|6000|8|4|0|0|408000|815|6520170|363677
1200000|1|6000|8|4|1|2|408000|815|6520170|399507
1200000|1|6000|8|4|0|0|408000|816|6528170|362406
1200000|1|6000|8|4|1|2|408000|816|6528170|399917
1200000|1|6000|8|4|0|0|408000|817|6536170|361955
1200000|1|6000|8|4|1|2|408000|817|6536170|399876
1200000|1|6000|8|4|0|0|408000|818|6544170|361381
1200000|1|6000|8|4|1|2|408000|818|6544170|400040
1200000|1|6000|8|4|0|0|408000|819|6552170|360807
1200000|1|6000|8|4|1|2|408000|819|6552170|400532
1200000|1|6000|8|4|0|0|408000|820|6560170|359700
1200000|1|6000|8|4|1|2|408000|820|6560170|400409
1200000|1|6000|8|4|0|0|408000|821|6568171|358839
1200000|1|6000|8|4|1|2|408000|821|6568171|400163
1200000|1|6000|8|4|0|0|408000|822|6576171|357978
1200000|1|6000|8|4|1|2|408000|822|6576171|398728
1200000|1|6000|8|4|0|0|408000|823|6584171|357199
1200000|1|6000|8|4|1|2|408000|823|6584171|397580
1200000|1|6000|8|4|0|0|408000|824|6592170|356256
1200000|1|6000|8|4|1|2|408000|824|6592170|396883
1200000|1|6000|8|4|0|0|408000|825|6600170|354944
1200000|1|6000|8|4|1|2|408000|825|6600170|395858
1200000|1|6000|8|4|0|0|408000|826|6608170|354042
1200000|1|6000|8|4|1|2|408000|826|6608170|395243
1200000|1|6000|8|4|0|0|408000|827|6616169|353837
1200000|1|6000|8|4|1|2|408000|827|6616169|393726
1200000|1|6000|8|4|0|0|408000|828|6624169|353468
1200000|1|6000|8|4|1|2|408000|828|6624169|393521
1200000|1|6000|8|4|0|0|408000|829|6632169|353673
1200000|1|6000|8|4|1|2|408000|829|6632169|394423
1200000|1|6000|8|4|0|0|408000|830|6640171|353263
1200000|1|6000|8|4|1|2|408000|830|6640171|395120
1200000|1|6000|8|4|0|0|408000|831|6648171|353427
1200000|1|6000|8|4|1|2|408000|831|6648171|395981
1200000|1|6000|8|4|0|0|408000|832|6656172|353017
1200000|1|6000|8|4|1|2|408000|832|6656172|396637
1200000|1|6000|8|4|0|0|408000|833|6664173|353222
1200000|1|6000|8|4|1|2|408000|833|6664173|397293
1200000|1|6000|8|4|0|0|408000|834|6672174|352443
1200000|1|6000|8|4|1|2|408000|834|6672174|397949
1200000|1|6000|8|4|0|0|408000|835|6680175|352115
1200000|1|6000|8|4|1|2|408000|835|6680175|398154
1200000|1|6000|8|4|0|0|408000|836|6688175|351254
1200000|1|6000|8|4|1|2|408000|836|6688175|398195
1200000|1|6000|8|4|0|0|408000|837|6696175|350885
1200000|1|6000|8|4|1|2|408000|837|6696175|398277
1200000|1|6000|8|4|0|0|408000|838|6704176|350557
1200000|1|6000|8|4|1|2|408000|838|6704176|398482
1200000|1|6000|8|4|0|0|408000|839|6712177|349778
1200000|1|6000|8|4|1|2|408000|839|6712177|398851
1200000|1|6000|8|4|0|0|408000|840|6720177|349737
1200000|1|6000|8|4|1|2|408000|840|6720177|399507
1200000|1|6000|8|4|0|0|408000|841|6728178|349245
1200000|1|6000|8|4|1|2|408000|841|6728178|400368
1200000|1|6000|8|4|0|0|408000|842|6736178|349450
1200000|1|6000|8|4|1|2|408000|842|6736178|400737
1200000|1|6000|8|4|0|0|408000|843|6744179|349040
1200000|1|6000|8|4|1|2|408000|843|6744179|401188
1200000|1|6000|8|4|0|0|408000|844|6752179|349573
1200000|1|6000|8|4|1|2|408000|844|6752179|401926
1200000|1|6000|8|4|0|0|408000|845|6760181|349655
1200000|1|6000|8|4|1|2|408000|845|6760181|404140
1200000|1|6000|8|4|0|0|408000|846|6768183|350106
1200000|1|6000|8|4|1|2|408000|846|6768183|404796
1200000|1|6000|8|4|0|0|408000|847|6776184|350229
1200000|1|6000|8|4|1|2|408000|847|6776184|405944
1200000|1|6000|8|4|0|0|408000|848|6784186|350393
1200000|1|6000|8|4|1|2|408000|848|6784186|407502
1200000|1|6000|8|4|0|0|408000|849|6792188|350557
1200000|1|6000|8|4|1|2|408000|849|6792188|408076
1200000|1|6000|8|4|0|0|408000|850|6800189|351254
1200000|1|6000|8|4|1|2|408000|850|6800189|409552
1200000|1|6000|8|4|0|0|408000|851|6808190|351828
1200000|1|6000|8|4|1|2|408000|851|6808190|410618
1200000|1|6000|8|4|0|0|408000|852|6816192|352443
1200000|1|6000|8|4|1|2|408000|852|6816192|410987
1200000|1|6000|8|4|0|0|408000|853|6824192|353878
1200000|1|6000|8|4|1|2|408000|853|6824192|411479
1200000|1|6000|8|4|0|0|408000|854|6832193|354739
1200000|1|6000|8|4|1|2|408000|854|6832193|412381
1200000|1|6000|8|4|0|0|408000|855|6840193|355928
1200000|1|6000|8|4|1|2|408000|855|6840193|413078
1200000|1|6000|8|4|0|0|408000|856|6848194|356994
1200000|1|6000|8|4|1|2|408000|856|6848194|413529
1200000|1|6000|8|4|0|0|408000|857|6856195|358388
1200000|1|6000|8|4|1|2|408000|857|6856195|414513
1200000|1|6000|8|4|0|0|408000|858|6864196|359044
1200000|1|6000|8|4|1|2|408000|858|6864196|414923
1200000|1|6000|8|4|0|0|408000|859|6872196|360479
1200000|1|6000|8|4|1|2|408000|859|6872196|415702
1200000|1|6000|8|4|0|0|408000|860|6880197|360766
1200000|1|6000|8|4|1|2|408000|860|6880197|415784
1200000|1|6000|8|4|0|0|408000|861|6888197|361545
1200000|1|6000|8|4|1|2|408000|861|6888197|415620
1200000|1|6000|8|4|0|0|408000|862|6896197|361996
1200000|1|6000|8|4|1|2|408000|862|6896197|415620
1200000|1|6000|8|4|0|0|408000|863|6904197|362734
1200000|1|6000|8|4|1|2|408000|863|6904197|415128
1200000|1|6000|8|4|0|0|408000|864|6912196|362939
1200000|1|6000|8|4|1|2|408000|864|6912196|415702
1200000|1|6000|8|4|0|0|408000|865|6920197|363882
1200000|1|6000|8|4|1|2|408000|865|6920197|415948
1200000|1|6000|8|4|0|0|408000|866|6928197|363841
1200000|1|6000|8|4|1|2|408000|866|6928197|416604
1200000|1|6000|8|4|0|0|408000|867|6936197|364046
1200000|1|6000|8|4|1|2|408000|867|6936197|416112
1200000|1|6000|8|4|0|0|408000|868|6944196|363923
1200000|1|6000|8|4|1|2|408000|868|6944196|416604
1200000|1|6000|8|4|0|0|408000|869|6952197|363841
1200000|1|6000|8|4|1|2|408000|869|6952197|416194
1200000|1|6000|8|4|0|0|408000|870|6960196|364087
1200000|1|6000|8|4|1|2|408000|870|6960196|415784
1200000|1|6000|8|4|0|0|408000|871|6968196|364374
1200000|1|6000|8|4|1|2|408000|871|6968196|415415
1200000|1|6000|8|4|0|0|408000|872|6976196|364825
1200000|1|6000|8|4|1|2|408000|872|6976196|414718
1200000|1|6000|8|4|0|0|408000|873|6984196|364907
1200000|1|6000|8|4|1|2|408000|873|6984196|414185
1200000|1|6000|8|4|0|0|408000|874|6992196|365112
1200000|1|6000|8|4|1|2|408000|874|6992196|413611
1200000|1|6000|8|4|0|0|408000|875|7000196|364538
1200000|1|6000|8|4|1|2|408000|875|7000196|413529
1200000|1|6000|8|4|0|0|408000|876|7008195|364743
1200000|1|6000|8|4|1|2|408000|876|7008195|413201
1200000|1|6000|8|4|0|0|408000|877|7016196|364661
1200000|1|6000|8|4|1|2|408000|877|7016196|413652
1200000|1|6000|8|4|0|0|408000|878|7024197|364415
1200000|1|6000|8|4|1|2|408000|878|7024197|413816
1200000|1|6000|8|4|0|0|408000|879|7032197|364128
1200000|1|6000|8|4|1|2|408000|879|7032197|414226
1200000|1|6000|8|4|0|0|408000|880|7040198|363554
1200000|1|6000|8|4|1|2|408000|880|7040198|414185
1200000|1|6000|8|4|0|0|408000|881|7048198|363636
1200000|1|6000|8|4|1|2|408000|881|7048198|414308
1200000|1|6000|8|4|0|0|408000|882|7056199|362857
1200000|1|6000|8|4|1|2|408000|882|7056199|414431
1200000|1|6000|8|4|0|0|408000|883|7064200|362693
1200000|1|6000|8|4|1|2|408000|883|7064200|414841
1200000|1|6000|8|4|0|0|408000|884|7072200|361791
1200000|1|6000|8|4|1|2|408000|884|7072200|415169
1200000|1|6000|8|4|0|0|408000|885|7080201|361463
1200000|1|6000|8|4|1|2|408000|885|7080201|416276
1200000|1|6000|8|4|0|0|408000|886|7088203|360233
1200000|1|6000|8|4|1|2|408000|886|7088203|416645
1200000|1|6000|8|4|0|0|408000|887|7096204|359987
1200000|1|6000|8|4|1|2|408000|887|7096204|416686
1200000|1|6000|8|4|0|0|408000|888|7104204|359618
1200000|1|6000|8|4|1|2|408000|888|7104204|416440
1200000|1|6000|8|4|0|0|408000|889|7112205|359085
1200000|1|6000|8|4|1|2|408000|889|7112205|416153
1200000|1|6000|8|4|0|0|408000|890|7120205|359249
1200000|1|6000|8|4|1|2|408000|890|7120205|415620
1200000|1|6000|8|4|0|0|408000|891|7128205|359495
1200000|1|6000|8|4|1|2|408000|891|7128205|415538
1200000|1|6000|8|4|0|0|408000|892|7136205|358757
1200000|1|6000|8|4|1|2|408000|892|7136205|415456
1200000|1|6000|8|4|0|0|408000|893|7144206|358183
1200000|1|6000|8|4|1|2|408000|893|7144206|416358
1200000|1|6000|8|4|0|0|408000|894|7152207|357650
1200000|1|6000|8|4|1|2|408000|894|7152207|417260
1200000|1|6000|8|4|0|0|408000|895|7160209|356830
1200000|1|6000|8|4|1|2|408000|895|7160209|418818
1200000|1|6000|8|4|0|0|408000|896|7168210|355887
1200000|1|6000|8|4|1|2|408000|896|7168210|418900
1200000|1|6000|8|4|0|0|408000|897|7176210|355313
1200000|1|6000|8|4|1|2|408000|897|7176210|420048
1200000|1|6000|8|4|0|0|408000|898|7184211|354534
1200000|1|6000|8|4|1|2|408000|898|7184211|420212
1200000|1|6000|8|4|0|0|408000|899|7192211|354083
1200000|1|6000|8|4|1|2|408000|899|7192211|420909
1200000|1|6000|8|4|0|0|408000|900|7200211|354903
1200000|1|6000|8|4|1|2|408000|900|7200211|421155
1200000|1|6000|8|4|0|0|408000|901|7208212|355313
1200000|1|6000|8|4|1|2|408000|901|7208212|421893
1200000|1|6000|8|4|0|0|408000|902|7216213|355600
1200000|1|6000|8|4|1|2|408000|902|7216213|421688
1200000|1|6000|8|4|0|0|408000|903|7224215|355805
1200000|1|6000|8|4|1|2|408000|903|7224215|421319
1200000|1|6000|8|4|0|0|408000|904|7232215|355805
1200000|1|6000|8|4|1|2|408000|904|7232215|421565
1200000|1|6000|8|4|0|0|408000|905|7240217|356010
1200000|1|6000|8|4|1|2|408000|905|7240217|421319
1200000|1|6000|8|4|0|0|408000|906|7248218|355108
1200000|1|6000|8|4|1|2|408000|906|7248218|421319
1200000|1|6000|8|4|0|0|408000|907|7256218|354288
1200000|1|6000|8|4|1|2|408000|907|7256218|421442
1200000|1|6000|8|4|0|0|408000|908|7264220|353099
1200000|1|6000|8|4|1|2|408000|908|7264220|421278
1200000|1|6000|8|4|0|0|408000|909|7272220|352935
1200000|1|6000|8|4|1|2|408000|909|7272220|421852
1200000|1|6000|8|4|0|0|408000|910|7280222|352115
1200000|1|6000|8|4|1|2|408000|910|7280222|421647
1200000|1|6000|8|4|0|0|408000|911|7288222|351664
1200000|1|6000|8|4|1|2|408000|911|7288222|422098
1200000|1|6000|8|4|0|0|408000|912|7296223|351172
1200000|1|6000|8|4|1|2|408000|912|7296223|422467
1200000|1|6000|8|4|0|0|408000|913|7304224|350639
1200000|1|6000|8|4|1|2|408000|913|7304224|422795
1200000|1|6000|8|4|0|0|408000|914|7312225|350598
1200000|1|6000|8|4|1|2|408000|914|7312225|422426
1200000|1|6000|8|4|0|0|408000|915|7320226|350147
1200000|1|6000|8|4|1|2|408000|915|7320226|422631
1200000|1|6000|8|4|0|0|408000|916|7328226|351090
1200000|1|6000|8|4|1|2|408000|916|7328226|422590
1200000|1|6000|8|4|0|0|408000|917|7336226|351049
1200000|1|6000|8|4|1|2|408000|917|7336226|422057
1200000|1|6000|8|4|0|0|408000|918|7344226|351213
1200000|1|6000|8|4|1|2|408000|918|7344226|421647
1200000|1|6000|8|4|0|0|408000|919|7352226|351213
1200000|1|6000|8|4|1|2|408000|919|7352226|420499
1200000|1|6000|8|4|0|0|408000|920|7360226|351131
1200000|1|6000|8|4|1|2|408000|920|7360226|420745
1200000|1|6000|8|4|0|0|408000|921|7368226|350885
1200000|1|6000|8|4|1|2|408000|921|7368226|419720
1200000|1|6000|8|4|0|0|408000|922|7376226|350803
1200000|1|6000|8|4|1|2|408000|922|7376226|419638
1200000|1|6000|8|4|0|0|408000|923|7384226|351213
1200000|1|6000|8|4|1|2|408000|923|7384226|419228
1200000|1|6000|8|4|0|0|408000|924|7392226|351090
1200000|1|6000|8|4|1|2|408000|924|7392226|419228
1200000|1|6000|8|4|0|0|408000|925|7400226|350721
1200000|1|6000|8|4|1|2|408000|925|7400226|418531
1200000|1|6000|8|4|0|0|408000|926|7408226|350844
1200000|1|6000|8|4|1|2|408000|926|7408226|417096
1200000|1|6000|8|4|0|0|408000|927|7416225|351090
1200000|1|6000|8|4|1|2|408000|927|7416225|416645
1200000|1|6000|8|4|0|0|408000|928|7424225|351049
1200000|1|6000|8|4|1|2|408000|928|7424225|415251
1200000|1|6000|8|4|0|0|408000|929|7432224|351090
1200000|1|6000|8|4|1|2|408000|929|7432224|415292
1200000|1|6000|8|4|0|0|408000|930|7440224|350844
1200000|1|6000|8|4|1|2|408000|930|7440224|414144
1200000|1|6000|8|4|0|0|408000|931|7448223|351705
1200000|1|6000|8|4|1|2|408000|931|7448223|413898
1200000|1|6000|8|4|0|0|408000|932|7456223|351500
1200000|1|6000|8|4|1|2|408000|932|7456223|413406
1200000|1|6000|8|4|0|0|408000|933|7464223|351664
1200000|1|6000|8|4|1|2|408000|933|7464223|413939
1200000|1|6000|8|4|0|0|408000|934|7472224|351090
1200000|1|6000|8|4|1|2|408000|934|7472224|413611
1200000|1|6000|8|4|0|0|408000|935|7480224|351131
1200000|1|6000|8|4|1|2|408000|935|7480224|413898
1200000|1|6000|8|4|0|0|408000|936|7488225|350844
1200000|1|6000|8|4|1|2|408000|936|7488225|413980
1200000|1|6000|8|4|0|0|408000|937|7496225|350598
1200000|1|6000|8|4|1|2|408000|937|7496225|414062
1200000|1|6000|8|4|0|0|408000|938|7504225|350721
1200000|1|6000|8|4|1|2|408000|938|7504225|414144
1200000|1|6000|8|4|0|0|408000|939|7512225|350557
1200000|1|6000|8|4|1|2|408000|939|7512225|413570
1200000|1|6000|8|4|0|0|408000|940|7520225|351951
1200000|1|6000|8|4|1|2|408000|940|7520225|413283
1200000|1|6000|8|4|0|0|408000|941|7528226|352033
1200000|1|6000|8|4|1|2|408000|941|7528226|412463
1200000|1|6000|8|4|0|0|408000|942|7536225|352853
1200000|1|6000|8|4|1|2|408000|942|7536225|412258
1200000|1|6000|8|4|0|0|408000|943|7544225|353509
1200000|1|6000|8|4|1|2|408000|943|7544225|411971
1200000|1|6000|8|4|0|0|408000|944|7552225|354493
1200000|1|6000|8|4|1|2|408000|944|7552225|411356
1200000|1|6000|8|4|0|0|408000|945|7560224|354575
1200000|1|6000|8|4|1|2|408000|945|7560224|411110
1200000|1|6000|8|4|0|0|408000|946|7568224|355764
1200000|1|6000|8|4|1|2|408000|946|7568224|410864
1200000|1|6000|8|4|0|0|408000|947|7576224|355723
1200000|1|6000|8|4|1|2|408000|947|7576224|410454
1200000|1|6000|8|4|0|0|408000|948|7584223|356625
1200000|1|6000|8|4|1|2|408000|948|7584223|410290
1200000|1|6000|8|4|0|0|408000|949|7592224|357117
1200000|1|6000|8|4|1|2|408000|949|7592224|410454
1200000|1|6000|8|4|0|0|408000|950|7600225|357691
1200000|1|6000|8|4|1|2|408000|950|7600225|410372
1200000|1|6000|8|4|0|0|408000|951|7608226|358224
1200000|1|6000|8|4|1|2|408000|951|7608226|410003
1200000|1|6000|8|4|0|0|408000|952|7616226|358921
1200000|1|6000|8|4|1|2|408000|952|7616226|410249
1200000|1|6000|8|4|0|0|408000|953|7624227|359290
1200000|1|6000|8|4|1|2|408000|953|7624227|409921
1200000|1|6000|8|4|0|0|408000|954|7632227|359823
1200000|1|6000|8|4|1|2|408000|954|7632227|409921
1200000|1|6000|8|4|0|0|408000|955|7640227|359987
1200000|1|6000|8|4|1|2|408000|955|7640227|409921
1200000|1|6000|8|4|0|0|408000|956|7648228|359536
1200000|1|6000|8|4|1|2|408000|956|7648228|409634
1200000|1|6000|8|4|0|0|408000|957|7656227|359167
1200000|1|6000|8|4|1|2|408000|957|7656227|409634
1200000|1|6000|8|4|0|0|408000|958|7664228|359126
1200000|1|6000|8|4|1|2|408000|958|7664228|409962
1200000|1|6000|8|4|0|0|408000|959|7672227|359331
1200000|1|6000|8|4|1|2|408000|959|7672227|410700
1200000|1|6000|8|4|0|0|408000|960|7680228|359372
1200000|1|6000|8|4|1|2|408000|960|7680228|411602
1200000|1|6000|8|4|0|0|408000|961|7688229|359618
1200000|1|6000|8|4|1|2|408000|961|7688229|412627
1200000|1|6000|8|4|0|0|408000|962|7696230|359208
1200000|1|6000|8|4|1|2|408000|962|7696230|412996
1200000|1|6000|8|4|0|0|408000|963|7704230|358552
1200000|1|6000|8|4|1|2|408000|963|7704230|413447
1200000|1|6000|8|4|0|0|408000|964|7712231|357486
1200000|1|6000|8|4|1|2|408000|964|7712231|413447
1200000|1|6000|8|4|0|0|408000|965|7720231|356133
1200000|1|6000|8|4|1|2|408000|965|7720231|413078
1200000|1|6000|8|4|0|0|408000|966|7728231|355108
1200000|1|6000|8|4|1|2|408000|966|7728231|412668
1200000|1|6000|8|4|0|0|408000|967|7736230|354124
1200000|1|6000|8|4|1|2|408000|967|7736230|412504
1200000|1|6000|8|4|0|0|408000|968|7744230|352976
1200000|1|6000|8|4|1|2|408000|968|7744230|412586
1200000|1|6000|8|4|0|0|408000|969|7752230|352074
1200000|1|6000|8|4|1|2|408000|969|7752230|412750
1200000|1|6000|8|4|0|0|408000|970|7760230|351582
1200000|1|6000|8|4|1|2|408000|970|7760230|413037
1200000|1|6000|8|4|0|0|408000|971|7768230|351131
1200000|1|6000|8|4|1|2|408000|971|7768230|412586
1200000|1|6000|8|4|0|0|408000|972|7776228|351254
1200000|1|6000|8|4|1|2|408000|972|7776228|412586
1200000|1|6000|8|4|0|0|408000|973|7784229|350762
1200000|1|6000|8|4|1|2|408000|973|7784229|412381
1200000|1|6000|8|4|0|0|408000|974|7792228|350065
1200000|1|6000|8|4|1|2|408000|974|7792228|411233
1200000|1|6000|8|4|0|0|408000|975|7800228|349368
1200000|1|6000|8|4|1|2|408000|975|7800228|410536
1200000|1|6000|8|4|0|0|408000|976|7808227|348179
1200000|1|6000|8|4|1|2|408000|976|7808227|410044
1200000|1|6000|8|4|0|0|408000|977|7816227|347810
1200000|1|6000|8|4|1|2|408000|977|7816227|409142
1200000|1|6000|8|4|0|0|408000|978|7824226|347523
1200000|1|6000|8|4|1|2|408000|978|7824226|408650
1200000|1|6000|8|4|0|0|408000|979|7832225|348056
1200000|1|6000|8|4|1|2|408000|979|7832225|407748
1200000|1|6000|8|4|0|0|408000|980|7840224|347728
1200000|1|6000|8|4|1|2|408000|980|7840224|408240
1200000|1|6000|8|4|0|0|408000|981|7848225|347523
1200000|1|6000|8|4|1|2|408000|981|7848225|408404
1200000|1|6000|8|4|0|0|408000|982|7856225|347933
1200000|1|6000|8|4|1|2|408000|982|7856225|408814
1200000|1|6000|8|4|0|0|408000|983|7864226|347523
1200000|1|6000|8|4|1|2|408000|983|7864226|409019
1200000|1|6000|8|4|0|0|408000|984|7872226|347728
1200000|1|6000|8|4|1|2|408000|984|7872226|409142
1200000|1|6000|8|4|0|0|408000|985|7880227|347359
1200000|1|6000|8|4|1|2|408000|985|7880227|408978
1200000|1|6000|8|4|0|0|408000|986|7888227|346662
1200000|1|6000|8|4|1|2|408000|986|7888227|409183
1200000|1|6000|8|4|0|0|408000|987|7896228|345965
1200000|1|6000|8|4|1|2|408000|987|7896228|409019
1200000|1|6000|8|4|0|0|408000|988|7904228|345924
1200000|1|6000|8|4|1|2|408000|988|7904228|409183
1200000|1|6000|8|4|0|0|408000|989|7912229|345801
1200000|1|6000|8|4|1|2|408000|989|7912229|409921
1200000|1|6000|8|4|0|0|408000|990|7920231|345186
1200000|1|6000|8|4|1|2|408000|990|7920231|410700
1200000|1|6000|8|4|0|0|408000|991|7928233|345022
1200000|1|6000|8|4|1|2|408000|991|7928233|411438
1200000|1|6000|8|4|0|0|408000|992|7936234|344981
1200000|1|6000|8|4|1|2|408000|992|7936234|411725
1200000|1|6000|8|4|0|0|408000|993|7944236|344858
1200000|1|6000|8|4|1|2|408000|993|7944236|412135
1200000|1|6000|8|4|0|0|408000|994|7952237|344612
1200000|1|6000|8|4|1|2|408000|994|7952237|412955
1200000|1|6000|8|4|0|0|408000|995|7960240|344079
1200000|1|6000|8|4|1|2|408000|995|7960240|413570
1200000|1|6000|8|4|0|0|408000|996|7968241|342972
1200000|1|6000|8|4|1|2|408000|996|7968241|413201
1200000|1|6000|8|4|0|0|408000|997|7976241|342029
1200000|1|6000|8|4|1|2|408000|997|7976241|413324
1200000|1|6000|8|4|0|0|408000|998|7984242|341865
1200000|1|6000|8|4|1|2|408000|998|7984242|412955
1200000|1|6000|8|4|0|0|408000|999|7992241|340922
1200000|1|6000|8|4|1|2|408000|999|7992241|412586
1200000|1|6000|8|4|0|0|408000|1000|8000242|340553
1200000|1|6000|8|4|1|2|408000|1000|8000242|412750
1200000|1|6000|8|4|0|0|408000|1001|8008243|339856
1200000|1|6000|8|4|1|2|408000|1001|8008243|412258
1200000|1|6000|8|4|0|0|408000|1002|8016243|339651
1200000|1|6000|8|4|1|2|408000|1002|8016243|412463
1200000|1|6000|8|4|0|0|408000|1003|8024244|339651
1200000|1|6000|8|4|1|2|408000|1003|8024244|412135
1200000|1|6000|8|4|0|0|408000|1004|8032244|339528
1200000|1|6000|8|4|1|2|408000|1004|8032244|411725
1200000|1|6000|8|4|0|0|408000|1005|8040245|339815
1200000|1|6000|8|4|1|2|408000|1005|8040245|410823
1200000|1|6000|8|4|0|0|408000|1006|8048244|339692
1200000|1|6000|8|4|1|2|408000|1006|8048244|410331
1200000|1|6000|8|4|0|0|408000|1007|8056244|339938
1200000|1|6000|8|4|1|2|408000|1007|8056244|410003
1200000|1|6000|8|4|0|0|408000|1008|8064243|340102
1200000|1|6000|8|4|1|2|408000|1008|8064243|409552
1200000|1|6000|8|4|0|0|408000|1009|8072243|339856
1200000|1|6000|8|4|1|2|408000|1009|8072243|409265
1200000|1|6000|8|4|0|0|408000|1010|8080243|339569
1200000|1|6000|8|4|1|2|408000|1010|8080243|408814
1200000|1|6000|8|4|0|0|408000|1011|8088243|338462
1200000|1|6000|8|4|1|2|408000|1011|8088243|408568
1200000|1|6000|8|4|0|0|408000|1012|8096243|338913
1200000|1|6000|8|4|1|2|408000|1012|8096243|408363
1200000|1|6000|8|4|0|0|408000|1013|8104243|338298
1200000|1|6000|8|4|1|2|408000|1013|8104243|408363
1200000|1|6000|8|4|0|0|408000|1014|8112244|338790
1200000|1|6000|8|4|1|2|408000|1014|8112244|409142
1200000|1|6000|8|4|0|0|408000|1015|8120244|338339
1200000|1|6000|8|4|1|2|408000|1015|8120244|409921
1200000|1|6000|8|4|0|0|408000|1016|8128245|338667
1200000|1|6000|8|4|1|2|408000|1016|8128245|410413
1200000|1|6000|8|4|0|0|408000|1017|8136245|338216
1200000|1|6000|8|4|1|2|408000|1017|8136245|410782
1200000|1|6000|8|4|0|0|408000|1018|8144246|338298
1200000|1|6000|8|4|1|2|408000|1018|8144246|411069
1200000|1|6000|8|4|0|0|408000|1019|8152246|337478
1200000|1|6000|8|4|1|2|408000|1019|8152246|411315
1200000|1|6000|8|4|0|0|408000|1020|8160247|336781
1200000|1|6000|8|4|1|2|408000|1020|8160247|411602
1200000|1|6000|8|4|0|0|408000|1021|8168247|336863
1200000|1|6000|8|4|1|2|408000|1021|8168247|411356
1200000|1|6000|8|4|0|0|408000|1022|8176247|336576
1200000|1|6000|8|4|1|2|408000|1022|8176247|410495
1200000|1|6000|8|4|0|0|408000|1023|8184246|336412
1200000|1|6000|8|4|1|2|408000|1023|8184246|409921
1200000|1|6000|8|4|0|0|408000|1024|8192247|336125
1200000|1|6000|8|4|1|2|408000|1024|8192247|409101
1200000|1|6000|8|4|0|0|408000|1025|8200246|335920
1200000|1|6000|8|4|1|2|408000|1025|8200246|408732
1200000|1|6000|8|4|0|0|408000|1026|8208246|336207
1200000|1|6000|8|4|1|2|408000|1026|8208246|407994
1200000|1|6000|8|4|0|0|408000|1027|8216246|337068
1200000|1|6000|8|4|1|2|408000|1027|8216246|407994
1200000|1|6000|8|4|0|0|408000|1028|8224246|337396
1200000|1|6000|8|4|1|2|408000|1028|8224246|407830
1200000|1|6000|8|4|0|0|408000|1029|8232247|338052
1200000|1|6000|8|4|1|2|408000|1029|8232247|408527
1200000|1|6000|8|4|0|0|408000|1030|8240247|337970
1200000|1|6000|8|4|1|2|408000|1030|8240247|408117
1200000|1|6000|8|4|0|0|408000|1031|8248248|339036
1200000|1|6000|8|4|1|2|408000|1031|8248248|408117
1200000|1|6000|8|4|0|0|408000|1032|8256248|339446
1200000|1|6000|8|4|1|2|408000|1032|8256248|407994
1200000|1|6000|8|4|0|0|408000|1033|8264248|340225
1200000|1|6000|8|4|1|2|408000|1033|8264248|407297
1200000|1|6000|8|4|0|0|408000|1034|8272248|340389
1200000|1|6000|8|4|1|2|408000|1034|8272248|406969
1200000|1|6000|8|4|0|0|408000|1035|8280249|341168
1200000|1|6000|8|4|1|2|408000|1035|8280249|406231
1200000|1|6000|8|4|0|0|408000|1036|8288248|341906
1200000|1|6000|8|4|1|2|408000|1036|8288248|406231
1200000|1|6000|8|4|0|0|408000|1037|8296249|342234
1200000|1|6000|8|4|1|2|408000|1037|8296249|406026
1200000|1|6000|8|4|0|0|408000|1038|8304250|343013
1200000|1|6000|8|4|1|2|408000|1038|8304250|405944
1200000|1|6000|8|4|0|0|408000|1039|8312252|343792
1200000|1|6000|8|4|1|2|408000|1039|8312252|406518
1200000|1|6000|8|4|0|0|408000|1040|8320253|344571
1200000|1|6000|8|4|1|2|408000|1040|8320253|406395
1200000|1|6000|8|4|0|0|408000|1041|8328254|345268
1200000|1|6000|8|4|1|2|408000|1041|8328254|406969
1200000|1|6000|8|4|0|0|408000|1042|8336255|345678
1200000|1|6000|8|4|1|2|408000|1042|8336255|406969
1200000|1|6000|8|4|0|0|408000|1043|8344256|346088
1200000|1|6000|8|4|1|2|408000|1043|8344256|407379
1200000|1|6000|8|4|0|0|408000|1044|8352256|346621
1200000|1|6000|8|4|1|2|408000|1044|8352256|406887
1200000|1|6000|8|4|0|0|408000|1045|8360257|347277
1200000|1|6000|8|4|1|2|408000|1045|8360257|406354
1200000|1|6000|8|4|0|0|408000|1046|8368256|348015
1200000|1|6000|8|4|1|2|408000|1046|8368256|405780
1200000|1|6000|8|4|0|0|408000|1047|8376256|348671
1200000|1|6000|8|4|1|2|408000|1047|8376256|404714
1200000|1|6000|8|4|0|0|408000|1048|8384256|349163
1200000|1|6000|8|4|1|2|408000|1048|8384256|405206
1200000|1|6000|8|4|0|0|408000|1049|8392257|349655
1200000|1|6000|8|4|1|2|408000|1049|8392257|403935
1200000|1|6000|8|4|0|0|408000|1050|8400257|349368
1200000|1|6000|8|4|1|2|408000|1050|8400257|403976
1200000|1|6000|8|4|0|0|408000|1051|8408257|349696
1200000|1|6000|8|4|1|2|408000|1051|8408257|403402
1200000|1|6000|8|4|0|0|408000|1052|8416258|349819
1200000|1|6000|8|4|1|2|408000|1052|8416258|402787
1200000|1|6000|8|4|0|0|408000|1053|8424258|349450
1200000|1|6000|8|4|1|2|408000|1053|8424258|402623
1200000|1|6000|8|4|0|0|408000|1054|8432258|349491
1200000|1|6000|8|4|1|2|408000|1054|8432258|402951
1200000|1|6000|8|4|0|0|408000|1055|8440258|349245
1200000|1|6000|8|4|1|2|408000|1055|8440258|404058
1200000|1|6000|8|4|0|0|408000|1056|8448260|349737
1200000|1|6000|8|4|1|2|408000|1056|8448260|404345
1200000|1|6000|8|4|0|0|408000|1057|8456260|349655
1200000|1|6000|8|4|1|2|408000|1057|8456260|405370
1200000|1|6000|8|4|0|0|408000|1058|8464262|350311
1200000|1|6000|8|4|1|2|408000|1058|8464262|405124
1200000|1|6000|8|4|0|0|408000|1059|8472262|349696
1200000|1|6000|8|4|1|2|408000|1059|8472262|405493
1200000|1|6000|8|4|0|0|408000|1060|8480262|349778
1200000|1|6000|8|4|1|2|408000|1060|8480262|405780
1200000|1|6000|8|4|0|0|408000|1061|8488262|349819
1200000|1|6000|8|4|1|2|408000|1061|8488262|405698
1200000|1|6000|8|4|0|0|408000|1062|8496263|349778
1200000|1|6000|8|4|1|2|408000|1062|8496263|405452
1200000|1|6000|8|4|0|0|408000|1063|8504262|350270
1200000|1|6000|8|4|1|2|408000|1063|8504262|405698
1200000|1|6000|8|4|0|0|408000|1064|8512263|350516
1200000|1|6000|8|4|1|2|408000|1064|8512263|406149
1200000|1|6000|8|4|0|0|408000|1065|8520263|350885
1200000|1|6000|8|4|1|2|408000|1065|8520263|406272
1200000|1|6000|8|4|0|0|408000|1066|8528262|350680
1200000|1|6000|8|4|1|2|408000|1066|8528262|406969
1200000|1|6000|8|4|0|0|408000|1067|8536263|351049
1200000|1|6000|8|4|1|2|408000|1067|8536263|407420
1200000|1|6000|8|4|0|0|408000|1068|8544263|350598
1200000|1|6000|8|4|1|2|408000|1068|8544263|407666
1200000|1|6000|8|4|0|0|408000|1069|8552263|350229
1200000|1|6000|8|4|1|2|408000|1069|8552263|408363
1200000|1|6000|8|4|0|0|408000|1070|8560263|349860
1200000|1|6000|8|4|1|2|408000|1070|8560263|408978
1200000|1|6000|8|4|0|0|408000|1071|8568263|349532
1200000|1|6000|8|4|1|2|408000|1071|8568263|408855
1200000|1|6000|8|4|0|0|408000|1072|8576263|349081
1200000|1|6000|8|4|1|2|408000|1072|8576263|409306
1200000|1|6000|8|4|0|0|408000|1073|8584263|349081
1200000|1|6000|8|4|1|2|408000|1073|8584263|409593
1200000|1|6000|8|4|0|0|408000|1074|8592263|348958
1200000|1|6000|8|4|1|2|408000|1074|8592263|410126
1200000|1|6000|8|4|0|0|408000|1075|8600263|348835
1200000|1|6000|8|4|1|2|408000|1075|8600263|410454
1200000|1|6000|8|4|0|0|408000|1076|8608263|348671
1200000|1|6000|8|4|1|2|408000|1076|8608263|411315
1200000|1|6000|8|4|0|0|408000|1077|8616264|348712
1200000|1|6000|8|4|1|2|408000|1077|8616264|411643
1200000|1|6000|8|4|0|0|408000|1078|8624264|348302
1200000|1|6000|8|4|1|2|408000|1078|8624264|411233
1200000|1|6000|8|4|0|0|408000|1079|8632264|347892
1200000|1|6000|8|4|1|2|408000|1079|8632264|411315
1200000|1|6000|8|4|0|0|408000|1080|8640265|347605
1200000|1|6000|8|4|1|2|408000|1080|8640265|410905
1200000|1|6000|8|4|0|0|408000|1081|8648265|347031
1200000|1|6000|8|4|1|2|408000|1081|8648265|410741
1200000|1|6000|8|4|0|0|408000|1082|8656265|346375
1200000|1|6000|8|4|1|2|408000|1082|8656265|410700
1200000|1|6000|8|4|0|0|408000|1083|8664265|345842
1200000|1|6000|8|4|1|2|408000|1083|8664265|410413
1200000|1|6000|8|4|0|0|408000|1084|8672265|345556
1200000|1|6000|8|4|1|2|408000|1084|8672265|409962
1200000|1|6000|8|4|0|0|408000|1085|8680265|345186
1200000|1|6000|8|4|1|2|408000|1085|8680265|409511
1200000|1|6000|8|4|0|0|408000|1086|8688265|344735
1200000|1|6000|8|4|1|2|408000|1086|8688265|409511
1200000|1|6000|8|4|0|0|408000|1087|8696265|344940
1200000|1|6000|8|4|1|2|408000|1087|8696265|409183
1200000|1|6000|8|4|0|0|408000|1088|8704265|344407
1200000|1|6000|8|4|1|2|408000|1088|8704265|408978
1200000|1|6000|8|4|0|0|408000|1089|8712265|344161
1200000|1|6000|8|4|1|2|408000|1089|8712265|408650
1200000|1|6000|8|4|0|0|408000|1090|8720265|344038
1200000|1|6000|8|4|1|2|408000|1090|8720265|408281
1200000|1|6000|8|4|0|0|408000|1091|8728266|343792
1200000|1|6000|8|4|1|2|408000|1091|8728266|407912
1200000|1|6000|8|4|0|0|408000|1092|8736266|343710
1200000|1|6000|8|4|1|2|408000|1092|8736266|406887
1200000|1|6000|8|4|0|0|408000|1093|8744265|343095
1200000|1|6000|8|4|1|2|408000|1093|8744265|405821
1200000|1|6000|8|4|0|0|408000|1094|8752264|342808
1200000|1|6000|8|4|1|2|408000|1094|8752264|405247
1200000|1|6000|8|4|0|0|408000|1095|8760263|342029
1200000|1|6000|8|4|1|2|408000|1095|8760263|403566
1200000|1|6000|8|4|0|0|408000|1096|8768262|341578
1200000|1|6000|8|4|1|2|408000|1096|8768262|403199
1200000|1|6000|8|4|0|0|408000|1097|8776262|340512
1200000|1|6000|8|4|1|2|408000|1097|8776262|401680
1200000|1|6000|8|4|0|0|408000|1098|8784261|340348
1200000|1|6000|8|4|1|2|408000|1098|8784261|401147
1200000|1|6000|8|4|0|0|408000|1099|8792260|339159
1200000|1|6000|8|4|1|2|408000|1099|8792260|400081
1200000|1|6000|8|4|0|0|408000|1100|8800259|338667
1200000|1|6000|8|4|1|2|408000|1100|8800259|399589
1200000|1|6000|8|4|0|0|408000|1101|8808260|338175
1200000|1|6000|8|4|1|2|408000|1101|8808260|397949
1200000|1|6000|8|4|0|0|408000|1102|8816258|337314
1200000|1|6000|8|4|1|2|408000|1102|8816258|396596
1200000|1|6000|8|4|0|0|408000|1103|8824257|336740
1200000|1|6000|8|4|1|2|408000|1103|8824257|395407
1200000|1|6000|8|4|0|0|408000|1104|8832256|335715
1200000|1|6000|8|4|1|2|408000|1104|8832256|393849
1200000|1|6000|8|4|0|0|408000|1105|8840255|335018
1200000|1|6000|8|4|1|2|408000|1105|8840255|392578
1200000|1|6000|8|4|0|0|408000|1106|8848253|333993
1200000|1|6000|8|4|1|2|408000|1106|8848253|391553
1200000|1|6000|8|4|0|0|408000|1107|8856252|333952
1200000|1|6000|8|4|1|2|408000|1107|8856252|389913
1200000|1|6000|8|4|0|0|408000|1108|8864251|333952
1200000|1|6000|8|4|1|2|408000|1108|8864251|389708
1200000|1|6000|8|4|0|0|408000|1109|8872251|334362
1200000|1|6000|8|4|1|2|408000|1109|8872251|389667
1200000|1|6000|8|4|0|0|408000|1110|8880252|334403
1200000|1|6000|8|4|1|2|408000|1110|8880252|389298
1200000|1|6000|8|4|0|0|408000|1111|8888251|334526
1200000|1|6000|8|4|1|2|408000|1111|8888251|388560
1200000|1|6000|8|4|0|0|408000|1112|8896252|334731
1200000|1|6000|8|4|1|2|408000|1112|8896252|387863
1200000|1|6000|8|4|0|0|408000|1113|8904251|334854
1200000|1|6000|8|4|1|2|408000|1113|8904251|387576
1200000|1|6000|8|4|0|0|408000|1114|8912251|334649
1200000|1|6000|8|4|1|2|408000|1114|8912251|386715
1200000|1|6000|8|4|0|0|408000|1115|8920251|333542
1200000|1|6000|8|4|1|2|408000|1115|8920251|386018
1200000|1|6000|8|4|0|0|408000|1116|8928251|331943
1200000|1|6000|8|4|1|2|408000|1116|8928251|385075
1200000|1|6000|8|4|0|0|408000|1117|8936250|330262
1200000|1|6000|8|4|1|2|408000|1117|8936250|384460
1200000|1|6000|8|4|0|0|408000|1118|8944250|328786
1200000|1|6000|8|4|1|2|408000|1118|8944250|383886
1200000|1|6000|8|4|0|0|408000|1119|8952250|327720
1200000|1|6000|8|4|1|2|408000|1119|8952250|383968
1200000|1|6000|8|4|0|0|408000|1120|8960251|326285
1200000|1|6000|8|4|1|2|408000|1120|8960251|383763
1200000|1|6000|8|4|0|0|408000|1121|8968251|325506
1200000|1|6000|8|4|1|2|408000|1121|8968251|383599
1200000|1|6000|8|4|0|0|408000|1122|8976252|325178
1200000|1|6000|8|4|1|2|408000|1122|8976252|383927
1200000|1|6000|8|4|0|0|408000|1123|8984253|325629
1200000|1|6000|8|4|1|2|408000|1123|8984253|383804
1200000|1|6000|8|4|0|0|408000|1124|8992254|326080
1200000|1|6000|8|4|1|2|408000|1124|8992254|383722
1200000|1|6000|8|4|0|0|408000|1125|9000254|326449
1200000|1|6000|8|4|1|2|408000|1125|9000254|383927
1200000|1|6000|8|4|0|0|408000|1126|9008255|326285
1200000|1|6000|8|4|1|2|408000|1126|9008255|383312
1200000|1|6000|8|4|0|0|408000|1127|9016254|326203
1200000|1|6000|8|4|1|2|408000|1127|9016254|382943
1200000|1|6000|8|4|0|0|408000|1128|9024254|326121
1200000|1|6000|8|4|1|2|408000|1128|9024254|382574
1200000|1|6000|8|4|0|0|408000|1129|9032254|326203
1200000|1|6000|8|4|1|2|408000|1129|9032254|382615
1200000|1|6000|8|4|0|0|408000|1130|9040254|325998
1200000|1|6000|8|4|1|2|408000|1130|9040254|381918
1200000|1|6000|8|4|0|0|408000|1131|9048255|326244
1200000|1|6000|8|4|1|2|408000|1131|9048255|382082
1200000|1|6000|8|4|0|0|408000|1132|9056255|327187
1200000|1|6000|8|4|1|2|408000|1132|9056255|381754
1200000|1|6000|8|4|0|0|408000|1133|9064256|327884
1200000|1|6000|8|4|1|2|408000|1133|9064256|381180
1200000|1|6000|8|4|0|0|408000|1134|9072255|329032
1200000|1|6000|8|4|1|2|408000|1134|9072255|380401
1200000|1|6000|8|4|0|0|408000|1135|9080255|329196
1200000|1|6000|8|4|1|2|408000|1135|9080255|379089
1200000|1|6000|8|4|0|0|408000|1136|9088254|329770
1200000|1|6000|8|4|1|2|408000|1136|9088254|378351
1200000|1|6000|8|4|0|0|408000|1137|9096253|330549
1200000|1|6000|8|4|1|2|408000|1137|9096253|377449
1200000|1|6000|8|4|0|0|408000|1138|9104253|330549
1200000|1|6000|8|4|1|2|408000|1138|9104253|376629
1200000|1|6000|8|4|0|0|408000|1139|9112252|330303
1200000|1|6000|8|4|1|2|408000|1139|9112252|375604
1200000|1|6000|8|4|0|0|408000|1140|9120251|330631
1200000|1|6000|8|4|1|2|408000|1140|9120251|374743
1200000|1|6000|8|4|0|0|408000|1141|9128250|330221
1200000|1|6000|8|4|1|2|408000|1141|9128250|374169
1200000|1|6000|8|4|0|0|408000|1142|9136250|330262
1200000|1|6000|8|4|1|2|408000|1142|9136250|374374
1200000|1|6000|8|4|0|0|408000|1143|9144250|330180
1200000|1|6000|8|4|1|2|408000|1143|9144250|374415
1200000|1|6000|8|4|0|0|408000|1144|9152250|330713
1200000|1|6000|8|4|1|2|408000|1144|9152250|374661
1200000|1|6000|8|4|0|0|408000|1145|9160250|330672
1200000|1|6000|8|4|1|2|408000|1145|9160250|374661
1200000|1|6000|8|4|0|0|408000|1146|9168250|330672
1200000|1|6000|8|4|1|2|408000|1146|9168250|374989
1200000|1|6000|8|4|0|0|408000|1147|9176250|330631
1200000|1|6000|8|4|1|2|408000|1147|9176250|374866
1200000|1|6000|8|4|0|0|408000|1148|9184250|330672
1200000|1|6000|8|4|1|2|408000|1148|9184250|374866
1200000|1|6000|8|4|0|0|408000|1149|9192250|330836
1200000|1|6000|8|4|1|2|408000|1149|9192250|374169
1200000|1|6000|8|4|0|0|408000|1150|9200248|331041
1200000|1|6000|8|4|1|2|408000|1150|9200248|373144
1200000|1|6000|8|4|0|0|408000|1151|9208247|330959
1200000|1|6000|8|4|1|2|408000|1151|9208247|372447
1200000|1|6000|8|4|0|0|408000|1152|9216247|330754
1200000|1|6000|8|4|1|2|408000|1152|9216247|372201
1200000|1|6000|8|4|0|0|408000|1153|9224248|330672
1200000|1|6000|8|4|1|2|408000|1153|9224248|372242
1200000|1|6000|8|4|0|0|408000|1154|9232248|331205
1200000|1|6000|8|4|1|2|408000|1154|9232248|372365
1200000|1|6000|8|4|0|0|408000|1155|9240249|330918
1200000|1|6000|8|4|1|2|408000|1155|9240249|373062
1200000|1|6000|8|4|0|0|408000|1156|9248250|330180
1200000|1|6000|8|4|1|2|408000|1156|9248250|373472
1200000|1|6000|8|4|0|0|408000|1157|9256251|329688
1200000|1|6000|8|4|1|2|408000|1157|9256251|374743
1200000|1|6000|8|4|0|0|408000|1158|9264253|328663
1200000|1|6000|8|4|1|2|408000|1158|9264253|375522
1200000|1|6000|8|4|0|0|408000|1159|9272254|327802
1200000|1|6000|8|4|1|2|408000|1159|9272254|376670
1200000|1|6000|8|4|0|0|408000|1160|9280256|327679
1200000|1|6000|8|4|1|2|408000|1160|9280256|377654
1200000|1|6000|8|4|0|0|408000|1161|9288258|326695
1200000|1|6000|8|4|1|2|408000|1161|9288258|378146
1200000|1|6000|8|4|0|0|408000|1162|9296260|326695
1200000|1|6000|8|4|1|2|408000|1162|9296260|379868
1200000|1|6000|8|4|0|0|408000|1163|9304263|326080
1200000|1|6000|8|4|1|2|408000|1163|9304263|381385
1200000|1|6000|8|4|0|0|408000|1164|9312266|325588
1200000|1|6000|8|4|1|2|408000|1164|9312266|382984
1200000|1|6000|8|4|0|0|408000|1165|9320269|324358
1200000|1|6000|8|4|1|2|408000|1165|9320269|383435
1200000|1|6000|8|4|0|0|408000|1166|9328270|323661
1200000|1|6000|8|4|1|2|408000|1166|9328270|383599
1200000|1|6000|8|4|0|0|408000|1167|9336271|323087
1200000|1|6000|8|4|1|2|408000|1167|9336271|384255
1200000|1|6000|8|4|0|0|408000|1168|9344272|322185
1200000|1|6000|8|4|1|2|408000|1168|9344272|384952
1200000|1|6000|8|4|0|0|408000|1169|9352273|321324
1200000|1|6000|8|4|1|2|408000|1169|9352273|385239
1200000|1|6000|8|4|0|0|408000|1170|9360274|320094
1200000|1|6000|8|4|1|2|408000|1170|9360274|385567
1200000|1|6000|8|4|0|0|408000|1171|9368275|319356
1200000|1|6000|8|4|1|2|408000|1171|9368275|386346
1200000|1|6000|8|4|0|0|408000|1172|9376276|319356
1200000|1|6000|8|4|1|2|408000|1172|9376276|385854
1200000|1|6000|8|4|0|0|408000|1173|9384277|318905
1200000|1|6000|8|4|1|2|408000|1173|9384277|385034
1200000|1|6000|8|4|0|0|408000|1174|9392276|318495
1200000|1|6000|8|4|1|2|408000|1174|9392276|383435
1200000|1|6000|8|4|0|0|408000|1175|9400275|318208
1200000|1|6000|8|4|1|2|408000|1175|9400275|381836
1200000|1|6000|8|4|0|0|408000|1176|9408275|317716
1200000|1|6000|8|4|1|2|408000|1176|9408275|380975
1200000|1|6000|8|4|0|0|408000|1177|9416275|317880
1200000|1|6000|8|4|1|2|408000|1177|9416275|379089
1200000|1|6000|8|4|0|0|408000|1178|9424274|317880
1200000|1|6000|8|4|1|2|408000|1178|9424274|378064
1200000|1|6000|8|4|0|0|408000|1179|9432274|317634
1200000|1|6000|8|4|1|2|408000|1179|9432274|377326
1200000|1|6000|8|4|0|0|408000|1180|9440274|318044
1200000|1|6000|8|4|1|2|408000|1180|9440274|376629
1200000|1|6000|8|4|0|0|408000|1181|9448274|318085
1200000|1|6000|8|4|1|2|408000|1181|9448274|377203
1200000|1|6000|8|4|0|0|408000|1182|9456275|318495
1200000|1|6000|8|4|1|2|408000|1182|9456275|377654
1200000|1|6000|8|4|0|0|408000|1183|9464276|318823
1200000|1|6000|8|4|1|2|408000|1183|9464276|378597
1200000|1|6000|8|4|0|0|408000|1184|9472277|318782
1200000|1|6000|8|4|1|2|408000|1184|9472277|378105
1200000|1|6000|8|4|0|0|408000|1185|9480277|319028
1200000|1|6000|8|4|1|2|408000|1185|9480277|378146
1200000|1|6000|8|4|0|0|408000|1186|9488277|319192
1200000|1|6000|8|4|1|2|408000|1186|9488277|377736
1200000|1|6000|8|4|0|0|408000|1187|9496277|318987
1200000|1|6000|8|4|1|2|408000|1187|9496277|377449
1200000|1|6000|8|4|0|0|408000|1188|9504278|318044
1200000|1|6000|8|4|1|2|408000|1188|9504278|376465
1200000|1|6000|8|4|0|0|408000|1189|9512277|317388
1200000|1|6000|8|4|1|2|408000|1189|9512277|375440
1200000|1|6000|8|4|0|0|408000|1190|9520276|317347
1200000|1|6000|8|4|1|2|408000|1190|9520276|375276
1200000|1|6000|8|4|0|0|408000|1191|9528275|316732
1200000|1|6000|8|4|1|2|408000|1191|9528275|374989
1200000|1|6000|8|4|0|0|408000|1192|9536275|316896
1200000|1|6000|8|4|1|2|408000|1192|9536275|375071
1200000|1|6000|8|4|0|0|408000|1193|9544275|316281
1200000|1|6000|8|4|1|2|408000|1193|9544275|374292
1200000|1|6000|8|4|0|0|408000|1194|9552274|315461
1200000|1|6000|8|4|1|2|408000|1194|9552274|374292
1200000|1|6000|8|4|0|0|408000|1195|9560274|314600
1200000|1|6000|8|4|1|2|408000|1195|9560274|373718
1200000|1|6000|8|4|0|0|408000|1196|9568273|314805
1200000|1|6000|8|4|1|2|408000|1196|9568273|374702
1200000|1|6000|8|4|0|0|408000|1197|9576275|314969
1200000|1|6000|8|4|1|2|408000|1197|9576275|374907
1200000|1|6000|8|4|0|0|408000|1198|9584276|314682
1200000|1|6000|8|4|1|2|408000|1198|9584276|374743
1200000|1|6000|8|4|0|0|408000|1199|9592277|314190
1200000|1|6000|8|4|1|2|408000|1199|9592277|374087
1200000|1|6000|8|4|0|0|408000|1200|9600277|313452
1200000|1|6000|8|4|1|2|408000|1200|9600277|373759
1200000|1|6000|8|4|0|0|408000|1201|9608277|313165
1200000|1|6000|8|4|1|2|408000|1201|9608277|373759
1200000|1|6000|8|4|0|0|408000|1202|9616277|312837
1200000|1|6000|8|4|1|2|408000|1202|9616277|373882
1200000|1|6000|8|4|0|0|408000|1203|9624278|313288
1200000|1|6000|8|4|1|2|408000|1203|9624278|373964
1200000|1|6000|8|4|0|0|408000|1204|9632278|313001
1200000|1|6000|8|4|1|2|408000|1204|9632278|373595
1200000|1|6000|8|4|0|0|408000|1205|9640278|313247
1200000|1|6000|8|4|1|2|408000|1205|9640278|374292
1200000|1|6000|8|4|0|0|408000|1206|9648278|312796
1200000|1|6000|8|4|1|2|408000|1206|9648278|374374
1200000|1|6000|8|4|0|0|408000|1207|9656278|312550
1200000|1|6000|8|4|1|2|408000|1207|9656278|374333
1200000|1|6000|8|4|0|0|408000|1208|9664279|311771
1200000|1|6000|8|4|1|2|408000|1208|9664279|373595
1200000|1|6000|8|4|0|0|408000|1209|9672278|311648
1200000|1|6000|8|4|1|2|408000|1209|9672278|373513
1200000|1|6000|8|4|0|0|408000|1210|9680279|310664
1200000|1|6000|8|4|1|2|408000|1210|9680279|373636
1200000|1|6000|8|4|0|0|408000|1211|9688280|310418
1200000|1|6000|8|4|1|2|408000|1211|9688280|373554
1200000|1|6000|8|4|0|0|408000|1212|9696280|311033
1200000|1|6000|8|4|1|2|408000|1212|9696280|372898
1200000|1|6000|8|4|0|0|408000|1213|9704279|311361
1200000|1|6000|8|4|1|2|408000|1213|9704279|371504
1200000|1|6000|8|4|0|0|408000|1214|9712278|311689
1200000|1|6000|8|4|1|2|408000|1214|9712278|370684
1200000|1|6000|8|4|0|0|408000|1215|9720277|311771
1200000|1|6000|8|4|1|2|408000|1215|9720277|369823
1200000|1|6000|8|4|0|0|408000|1216|9728277|311443
1200000|1|6000|8|4|1|2|408000|1216|9728277|368839
1200000|1|6000|8|4|0|0|408000|1217|9736276|311689
1200000|1|6000|8|4|1|2|408000|1217|9736276|368101
1200000|1|6000|8|4|0|0|408000|1218|9744276|312304
1200000|1|6000|8|4|1|2|408000|1218|9744276|367035
1200000|1|6000|8|4|0|0|408000|1219|9752275|312837
1200000|1|6000|8|4|1|2|408000|1219|9752275|366420
1200000|1|6000|8|4|0|0|408000|1220|9760274|312181
1200000|1|6000|8|4|1|2|408000|1220|9760274|366256
1200000|1|6000|8|4|0|0|408000|1221|9768275|311689
1200000|1|6000|8|4|1|2|408000|1221|9768275|366625
1200000|1|6000|8|4|0|0|408000|1222|9776275|311976
1200000|1|6000|8|4|1|2|408000|1222|9776275|366871
1200000|1|6000|8|4|0|0|408000|1223|9784276|312222
1200000|1|6000|8|4|1|2|408000|1223|9784276|366174
1200000|1|6000|8|4|0|0|408000|1224|9792276|312386
1200000|1|6000|8|4|1|2|408000|1224|9792276|366748
1200000|1|6000|8|4|0|0|408000|1225|9800277|312017
1200000|1|6000|8|4|1|2|408000|1225|9800277|366215
1200000|1|6000|8|4|0|0|408000|1226|9808277|312263
1200000|1|6000|8|4|1|2|408000|1226|9808277|366502
1200000|1|6000|8|4|0|0|408000|1227|9816278|311853
1200000|1|6000|8|4|1|2|408000|1227|9816278|366420
1200000|1|6000|8|4|0|0|408000|1228|9824278|311689
1200000|1|6000|8|4|1|2|408000|1228|9824278|367076
1200000|1|6000|8|4|0|0|408000|1229|9832279|311238
1200000|1|6000|8|4|1|2|408000|1229|9832279|366461
1200000|1|6000|8|4|0|0|408000|1230|9840280|311402
1200000|1|6000|8|4|1|2|408000|1230|9840280|366256
1200000|1|6000|8|4|0|0|408000|1231|9848280|310869
1200000|1|6000|8|4|1|2|408000|1231|9848280|366338
1200000|1|6000|8|4|0|0|408000|1232|9856280|310664
1200000|1|6000|8|4|1|2|408000|1232|9856280|365395
1200000|1|6000|8|4|0|0|408000|1233|9864279|310213
1200000|1|6000|8|4|1|2|408000|1233|9864279|365600
1200000|1|6000|8|4|0|0|408000|1234|9872280|310377
1200000|1|6000|8|4|1|2|408000|1234|9872280|365190
1200000|1|6000|8|4|0|0|408000|1235|9880280|310869
1200000|1|6000|8|4|1|2|408000|1235|9880280|365067
1200000|1|6000|8|4|0|0|408000|1236|9888280|311074
1200000|1|6000|8|4|1|2|408000|1236|9888280|364288
1200000|1|6000|8|4|0|0|408000|1237|9896280|311238
1200000|1|6000|8|4|1|2|408000|1237|9896280|364657
1200000|1|6000|8|4|0|0|408000|1238|9904281|310910
1200000|1|6000|8|4|1|2|408000|1238|9904281|364329
1200000|1|6000|8|4|0|0|408000|1239|9912281|311238
1200000|1|6000|8|4|1|2|408000|1239|9912281|364206
1200000|1|6000|8|4|0|0|408000|1240|9920281|311156
1200000|1|6000|8|4|1|2|408000|1240|9920281|364411
1200000|1|6000|8|4|0|0|408000|1241|9928282|311484
1200000|1|6000|8|4|1|2|408000|1241|9928282|364493
1200000|1|6000|8|4|0|0|408000|1242|9936283|310869
1200000|1|6000|8|4|1|2|408000|1242|9936283|364493
1200000|1|6000|8|4|0|0|408000|1243|9944284|311033
1200000|1|6000|8|4|1|2|408000|1243|9944284|363837
1200000|1|6000|8|4|0|0|408000|1244|9952283|311566
1200000|1|6000|8|4|1|2|408000|1244|9952283|364329
1200000|1|6000|8|4|0|0|408000|1245|9960285|312345
1200000|1|6000|8|4|1|2|408000|1245|9960285|363755
1200000|1|6000|8|4|0|0|408000|1246|9968285|312427
1200000|1|6000|8|4|1|2|408000|1246|9968285|363714
1200000|1|6000|8|4|0|0|408000|1247|9976286|312960
1200000|1|6000|8|4|1|2|408000|1247|9976286|363919
1200000|1|6000|8|4|0|0|408000|1248|9984286|313739
1200000|1|6000|8|4|1|2|408000|1248|9984286|364001
1200000|1|6000|8|4|0|0|408000|1249|9992287|314313
1200000|1|6000|8|4|1|2|408000|1249|9992287|364493
1200000|1|6000|8|4|0|0|408000|1250|10000287|314436
1200000|1|6000|8|4|1|2|408000|1250|10000287|364083
1200000|1|6000|8|4|0|0|408000|1251|10008288|314108
1200000|1|6000|8|4|1|2|408000|1251|10008288|364616
1200000|1|6000|8|4|0|0|408000|1252|10016289|314149
1200000|1|6000|8|4|1|2|408000|1252|10016289|364001
1200000|1|6000|8|4|0|0|408000|1253|10024289|314190
1200000|1|6000|8|4|1|2|408000|1253|10024289|364370
1200000|1|6000|8|4|0|0|408000|1254|10032290|314190
1200000|1|6000|8|4|1|2|408000|1254|10032290|363796
1200000|1|6000|8|4|0|0|408000|1255|10040290|313698
1200000|1|6000|8|4|1|2|408000|1255|10040290|363591
1200000|1|6000|8|4|0|0|408000|1256|10048291|313739
1200000|1|6000|8|4|1|2|408000|1256|10048291|363673
1200000|1|6000|8|4|0|0|408000|1257|10056291|313001
1200000|1|6000|8|4|1|2|408000|1257|10056291|363386
1200000|1|6000|8|4|0|0|408000|1258|10064292|313903
1200000|1|6000|8|4|1|2|408000|1258|10064292|364083
1200000|1|6000|8|4|0|0|408000|1259|10072293|313985
1200000|1|6000|8|4|1|2|408000|1259|10072293|363878
1200000|1|6000|8|4|0|0|408000|1260|10080293|314641
1200000|1|6000|8|4|1|2|408000|1260|10080293|364657
1200000|1|6000|8|4|0|0|408000|1261|10088295|314887
1200000|1|6000|8|4|1|2|408000|1261|10088295|364206
1200000|1|6000|8|4|0|0|408000|1262|10096295|315297
1200000|1|6000|8|4|1|2|408000|1262|10096295|364452
1200000|1|6000|8|4|0|0|408000|1263|10104296|315543
1200000|1|6000|8|4|1|2|408000|1263|10104296|364616
1200000|1|6000|8|4|0|0|408000|1264|10112296|315789
1200000|1|6000|8|4|1|2|408000|1264|10112296|364493
1200000|1|6000|8|4|0|0|408000|1265|10120297|315789
1200000|1|6000|8|4|1|2|408000|1265|10120297|364493
1200000|1|6000|8|4|0|0|408000|1266|10128297|315461
1200000|1|6000|8|4|1|2|408000|1266|10128297|364247
1200000|1|6000|8|4|0|0|408000|1267|10136298|314969
1200000|1|6000|8|4|1|2|408000|1267|10136298|364288
1200000|1|6000|8|4|0|0|408000|1268|10144298|312960
1200000|1|6000|8|4|1|2|408000|1268|10144298|363673
1200000|1|6000|8|4|0|0|408000|1269|10152298|312222
1200000|1|6000|8|4|1|2|408000|1269|10152298|363386
1200000|1|6000|8|4|0|0|408000|1270|10160298|310910
1200000|1|6000|8|4|1|2|408000|1270|10160298|362361
1200000|1|6000|8|4|0|0|408000|1271|10168297|310582
1200000|1|6000|8|4|1|2|408000|1271|10168297|361951
1200000|1|6000|8|4|0|0|408000|1272|10176298|309311
1200000|1|6000|8|4|1|2|408000|1272|10176298|361418
1200000|1|6000|8|4|0|0|408000|1273|10184297|308204
1200000|1|6000|8|4|1|2|408000|1273|10184297|360967
1200000|1|6000|8|4|0|0|408000|1274|10192297|307835
1200000|1|6000|8|4|1|2|408000|1274|10192297|360762
1200000|1|6000|8|4|0|0|408000|1275|10200297|308327
1200000|1|6000|8|4|1|2|408000|1275|10200297|359860
1200000|1|6000|8|4|0|0|408000|1276|10208296|308983
1200000|1|6000|8|4|1|2|408000|1276|10208296|359983
1200000|1|6000|8|4|0|0|408000|1277|10216297|308942
1200000|1|6000|8|4|1|2|408000|1277|10216297|359655
1200000|1|6000|8|4|0|0|408000|1278|10224298|308860
1200000|1|6000|8|4|1|2|408000|1278|10224298|359491
1200000|1|6000|8|4|0|0|408000|1279|10232298|309147
1200000|1|6000|8|4|1|2|408000|1279|10232298|359163
1200000|1|6000|8|4|0|0|408000|1280|10240298|309147
1200000|1|6000|8|4|1|2|408000|1280|10240298|358876
1200000|1|6000|8|4|0|0|408000|1281|10248299|309352
1200000|1|6000|8|4|1|2|408000|1281|10248299|358056
1200000|1|6000|8|4|0|0|408000|1282|10256298|308983
1200000|1|6000|8|4|1|2|408000|1282|10256298|357892
1200000|1|6000|8|4|0|0|408000|1283|10264299|309557
1200000|1|6000|8|4|1|2|408000|1283|10264299|357523
1200000|1|6000|8|4|0|0|408000|1284|10272298|310090
1200000|1|6000|8|4|1|2|408000|1284|10272298|357933
1200000|1|6000|8|4|0|0|408000|1285|10280300|311279
1200000|1|6000|8|4|1|2|408000|1285|10280300|359163
1200000|1|6000|8|4|0|0|408000|1286|10288302|311648
1200000|1|6000|8|4|1|2|408000|1286|10288302|359860
1200000|1|6000|8|4|0|0|408000|1287|10296303|311935
1200000|1|6000|8|4|1|2|408000|1287|10296303|360434
1200000|1|6000|8|4|0|0|408000|1288|10304306|312509
1200000|1|6000|8|4|1|2|408000|1288|10304306|361254
1200000|1|6000|8|4|0|0|408000|1289|10312307|312755
1200000|1|6000|8|4|1|2|408000|1289|10312307|361910
1200000|1|6000|8|4|0|0|408000|1290|10320309|312714
1200000|1|6000|8|4|1|2|408000|1290|10320309|362853
1200000|1|6000|8|4|0|0|408000|1291|10328311|311648
1200000|1|6000|8|4|1|2|408000|1291|10328311|363304
1200000|1|6000|8|4|0|0|408000|1292|10336312|311607
1200000|1|6000|8|4|1|2|408000|1292|10336312|364083
1200000|1|6000|8|4|0|0|408000|1293|10344314|311607
1200000|1|6000|8|4|1|2|408000|1293|10344314|363509
1200000|1|6000|8|4|0|0|408000|1294|10352314|312468
1200000|1|6000|8|4|1|2|408000|1294|10352314|363796
1200000|1|6000|8|4|0|0|408000|1295|10360315|312837
1200000|1|6000|8|4|1|2|408000|1295|10360315|364288
1200000|1|6000|8|4|0|0|408000|1296|10368315|313329
1200000|1|6000|8|4|1|2|408000|1296|10368315|363837
1200000|1|6000|8|4|0|0|408000|1297|10376316|313042
1200000|1|6000|8|4|1|2|408000|1297|10376316|364247
1200000|1|6000|8|4|0|0|408000|1298|10384317|313903
1200000|1|6000|8|4|1|2|408000|1298|10384317|363673
1200000|1|6000|8|4|0|0|408000|1299|10392317|314846
1200000|1|6000|8|4|1|2|408000|1299|10392317|364534
1200000|1|6000|8|4|0|0|408000|1300|10400318|315133
1200000|1|6000|8|4|1|2|408000|1300|10400318|363837
1200000|1|6000|8|4|0|0|408000|1301|10408317|314928
1200000|1|6000|8|4|1|2|408000|1301|10408317|364657
1200000|1|6000|8|4|0|0|408000|1302|10416319|314846
1200000|1|6000|8|4|1|2|408000|1302|10416319|364247
1200000|1|6000|8|4|0|0|408000|1303|10424319|314641
1200000|1|6000|8|4|1|2|408000|1303|10424319|364657
1200000|1|6000|8|4|0|0|408000|1304|10432320|314313
1200000|1|6000|8|4|1|2|408000|1304|10432320|365272
1200000|1|6000|8|4|0|0|408000|1305|10440320|313985
1200000|1|6000|8|4|1|2|408000|1305|10440320|365108
1200000|1|6000|8|4|0|0|408000|1306|10448321|313534
1200000|1|6000|8|4|1|2|408000|1306|10448321|365928
1200000|1|6000|8|4|0|0|408000|1307|10456322|313739
1200000|1|6000|8|4|1|2|408000|1307|10456322|365600
1200000|1|6000|8|4|0|0|408000|1308|10464322|313575
1200000|1|6000|8|4|1|2|408000|1308|10464322|366584
1200000|1|6000|8|4|0|0|408000|1309|10472324|313452
1200000|1|6000|8|4|1|2|408000|1309|10472324|365928
1200000|1|6000|8|4|0|0|408000|1310|10480324|313534
1200000|1|6000|8|4|1|2|408000|1310|10480324|366461
1200000|1|6000|8|4|0|0|408000|1311|10488324|313370
1200000|1|6000|8|4|1|2|408000|1311|10488324|366338
1200000|1|6000|8|4|0|0|408000|1312|10496325|313452
1200000|1|6000|8|4|1|2|408000|1312|10496325|366707
1200000|1|6000|8|4|0|0|408000|1313|10504325|313411
1200000|1|6000|8|4|1|2|408000|1313|10504325|366871
1200000|1|6000|8|4|0|0|408000|1314|10512326|313944
1200000|1|6000|8|4|1|2|408000|1314|10512326|366953
1200000|1|6000|8|4|0|0|408000|1315|10520326|312878
1200000|1|6000|8|4|1|2|408000|1315|10520326|366912
1200000|1|6000|8|4|0|0|408000|1316|10528326|313452
1200000|1|6000|8|4|1|2|408000|1316|10528326|366625
1200000|1|6000|8|4|0|0|408000|1317|10536326|312919
1200000|1|6000|8|4|1|2|408000|1317|10536326|367117
1200000|1|6000|8|4|0|0|408000|1318|10544327|313083
1200000|1|6000|8|4|1|2|408000|1318|10544327|367281
1200000|1|6000|8|4|0|0|408000|1319|10552327|312468
1200000|1|6000|8|4|1|2|408000|1319|10552327|367527
1200000|1|6000|8|4|0|0|408000|1320|10560327|312427
1200000|1|6000|8|4|1|2|408000|1320|10560327|367486
1200000|1|6000|8|4|0|0|408000|1321|10568327|312181
1200000|1|6000|8|4|1|2|408000|1321|10568327|367896
1200000|1|6000|8|4|0|0|408000|1322|10576328|312714
1200000|1|6000|8|4|1|2|408000|1322|10576328|367773
1200000|1|6000|8|4|0|0|408000|1323|10584328|313001
1200000|1|6000|8|4|1|2|408000|1323|10584328|367937
1200000|1|6000|8|4|0|0|408000|1324|10592329|313862
1200000|1|6000|8|4|1|2|408000|1324|10592329|368101
1200000|1|6000|8|4|0|0|408000|1325|10600330|314641
1200000|1|6000|8|4|1|2|408000|1325|10600330|367732
1200000|1|6000|8|4|0|0|408000|1326|10608330|315379
1200000|1|6000|8|4|1|2|408000|1326|10608330|368183
1200000|1|6000|8|4|0|0|408000|1327|10616330|315666
1200000|1|6000|8|4|1|2|408000|1327|10616330|367896
1200000|1|6000|8|4|0|0|408000|1328|10624330|315953
1200000|1|6000|8|4|1|2|408000|1328|10624330|368347
1200000|1|6000|8|4|0|0|408000|1329|10632331|316732
1200000|1|6000|8|4|1|2|408000|1329|10632331|368019
1200000|1|6000|8|4|0|0|408000|1330|10640331|316896
1200000|1|6000|8|4|1|2|408000|1330|10640331|368675
1200000|1|6000|8|4|0|0|408000|1331|10648332|316322
1200000|1|6000|8|4|1|2|408000|1331|10648332|368716
1200000|1|6000|8|4|0|0|408000|1332|10656332|315051
1200000|1|6000|8|4|1|2|408000|1332|10656332|368511
1200000|1|6000|8|4|0|0|408000|1333|10664332|314272
1200000|1|6000|8|4|1|2|408000|1333|10664332|368962
1200000|1|6000|8|4|0|0|408000|1334|10672333|313083
1200000|1|6000|8|4|1|2|408000|1334|10672333|369659
1200000|1|6000|8|4|0|0|408000|1335|10680333|312222
1200000|1|6000|8|4|1|2|408000|1335|10680333|370766
1200000|1|6000|8|4|0|0|408000|1336|10688335|311894
1200000|1|6000|8|4|1|2|408000|1336|10688335|371176
1200000|1|6000|8|4|0|0|408000|1337|10696335|311197
1200000|1|6000|8|4|1|2|408000|1337|10696335|372078
1200000|1|6000|8|4|0|0|408000|1338|10704336|311566
1200000|1|6000|8|4|1|2|408000|1338|10704336|372857
1200000|1|6000|8|4|0|0|408000|1339|10712336|310787
1200000|1|6000|8|4|1|2|408000|1339|10712336|373595
1200000|1|6000|8|4|0|0|408000|1340|10720337|310951
1200000|1|6000|8|4|1|2|408000|1340|10720337|373718
1200000|1|6000|8|4|0|0|408000|1341|10728337|310131
1200000|1|6000|8|4|1|2|408000|1341|10728337|372898
1200000|1|6000|8|4|0|0|408000|1342|10736336|309762
1200000|1|6000|8|4|1|2|408000|1342|10736336|371873
1200000|1|6000|8|4|0|0|408000|1343|10744335|308737
1200000|1|6000|8|4|1|2|408000|1343|10744335|371340
1200000|1|6000|8|4|0|0|408000|1344|10752335|308204
1200000|1|6000|8|4|1|2|408000|1344|10752335|370561
1200000|1|6000|8|4|0|0|408000|1345|10760335|307220
1200000|1|6000|8|4|1|2|408000|1345|10760335|370151
1200000|1|6000|8|4|0|0|408000|1346|10768334|307343
1200000|1|6000|8|4|1|2|408000|1346|10768334|369577
1200000|1|6000|8|4|0|0|408000|1347|10776334|307466
1200000|1|6000|8|4|1|2|408000|1347|10776334|369167
1200000|1|6000|8|4|0|0|408000|1348|10784333|307507
1200000|1|6000|8|4|1|2|408000|1348|10784333|369249
1200000|1|6000|8|4|0|0|408000|1349|10792333|307671
1200000|1|6000|8|4|1|2|408000|1349|10792333|368962
1200000|1|6000|8|4|0|0|408000|1350|10800332|307712
1200000|1|6000|8|4|1|2|408000|1350|10800332|368388
1200000|1|6000|8|4|0|0|408000|1351|10808332|308081
1200000|1|6000|8|4|1|2|408000|1351|10808332|367363
1200000|1|6000|8|4|0|0|408000|1352|10816332|307999
1200000|1|6000|8|4|1|2|408000|1352|10816332|366625
1200000|1|6000|8|4|0|0|408000|1353|10824332|308204
1200000|1|6000|8|4|1|2|408000|1353|10824332|365026
1200000|1|6000|8|4|0|0|408000|1354|10832331|308040
1200000|1|6000|8|4|1|2|408000|1354|10832331|364903
1200000|1|6000|8|4|0|0|408000|1355|10840331|308450
1200000|1|6000|8|4|1|2|408000|1355|10840331|363304
1200000|1|6000|8|4|0|0|408000|1356|10848329|308655
1200000|1|6000|8|4|1|2|408000|1356|10848329|363099
1200000|1|6000|8|4|0|0|408000|1357|10856330|308696
1200000|1|6000|8|4|1|2|408000|1357|10856330|363263
1200000|1|6000|8|4|0|0|408000|1358|10864331|309229
1200000|1|6000|8|4|1|2|408000|1358|10864331|364288
1200000|1|6000|8|4|0|0|408000|1359|10872332|308983
1200000|1|6000|8|4|1|2|408000|1359|10872332|364780
1200000|1|6000|8|4|0|0|408000|1360|10880333|309065
1200000|1|6000|8|4|1|2|408000|1360|10880333|364821
1200000|1|6000|8|4|0|0|408000|1361|10888333|308696
1200000|1|6000|8|4|1|2|408000|1361|10888333|365313
1200000|1|6000|8|4|0|0|408000|1362|10896334|308368
1200000|1|6000|8|4|1|2|408000|1362|10896334|364903
1200000|1|6000|8|4|0|0|408000|1363|10904334|307794
1200000|1|6000|8|4|1|2|408000|1363|10904334|364903
1200000|1|6000|8|4|0|0|408000|1364|10912334|306933
1200000|1|6000|8|4|1|2|408000|1364|10912334|363837
1200000|1|6000|8|4|0|0|408000|1365|10920333|306933
1200000|1|6000|8|4|1|2|408000|1365|10920333|364452
1200000|1|6000|8|4|0|0|408000|1366|10928334|306359
1200000|1|6000|8|4|1|2|408000|1366|10928334|364165
1200000|1|6000|8|4|0|0|408000|1367|10936335|306154
1200000|1|6000|8|4|1|2|408000|1367|10936335|364370
1200000|1|6000|8|4|0|0|408000|1368|10944335|305539
1200000|1|6000|8|4|1|2|408000|1368|10944335|364001
1200000|1|6000|8|4|0|0|408000|1369|10952336|305047
1200000|1|6000|8|4|1|2|408000|1369|10952336|364042
1200000|1|6000|8|4|0|0|408000|1370|10960336|305047
1200000|1|6000|8|4|1|2|408000|1370|10960336|364247
1200000|1|6000|8|4|0|0|408000|1371|10968337|305949
1200000|1|6000|8|4|1|2|408000|1371|10968337|363673
1200000|1|6000|8|4|0|0|408000|1372|10976336|306605
1200000|1|6000|8|4|1|2|408000|1372|10976336|363837
1200000|1|6000|8|4|0|0|408000|1373|10984336|307138
1200000|1|6000|8|4|1|2|408000|1373|10984336|362320
1200000|1|6000|8|4|0|0|408000|1374|10992335|307425
1200000|1|6000|8|4|1|2|408000|1374|10992335|361869
1200000|1|6000|8|4|0|0|408000|1375|11000334|307507
1200000|1|6000|8|4|1|2|408000|1375|11000334|360885
1200000|1|6000|8|4|0|0|408000|1376|11008334|307794
1200000|1|6000|8|4|1|2|408000|1376|11008334|361131
1200000|1|6000|8|4|0|0|408000|1377|11016334|307917
1200000|1|6000|8|4|1|2|408000|1377|11016334|360557
1200000|1|6000|8|4|0|0|408000|1378|11024333|307958
1200000|1|6000|8|4|1|2|408000|1378|11024333|360393
1200000|1|6000|8|4|0|0|408000|1379|11032333|307753
1200000|1|6000|8|4|1|2|408000|1379|11032333|359532
1200000|1|6000|8|4|0|0|408000|1380|11040331|307958
1200000|1|6000|8|4|1|2|408000|1380|11040331|359409
1200000|1|6000|8|4|0|0|408000|1381|11048331|308368
1200000|1|6000|8|4|1|2|408000|1381|11048331|358753
1200000|1|6000|8|4|0|0|408000|1382|11056330|308696
1200000|1|6000|8|4|1|2|408000|1382|11056330|358220
1200000|1|6000|8|4|0|0|408000|1383|11064329|309762
1200000|1|6000|8|4|1|2|408000|1383|11064329|357482
1200000|1|6000|8|4|0|0|408000|1384|11072328|310131
1200000|1|6000|8|4|1|2|408000|1384|11072328|356908
1200000|1|6000|8|4|0|0|408000|1385|11080328|311074
1200000|1|6000|8|4|1|2|408000|1385|11080328|356703
1200000|1|6000|8|4|0|0|408000|1386|11088327|310910
1200000|1|6000|8|4|1|2|408000|1386|11088327|356293
1200000|1|6000|8|4|0|0|408000|1387|11096326|311320
1200000|1|6000|8|4|1|2|408000|1387|11096326|355268
1200000|1|6000|8|4|0|0|408000|1388|11104325|310459
1200000|1|6000|8|4|1|2|408000|1388|11104325|355268
1200000|1|6000|8|4|0|0|408000|1389|11112325|310459
1200000|1|6000|8|4|1|2|408000|1389|11112325|355227
1200000|1|6000|8|4|0|0|408000|1390|11120326|309926
1200000|1|6000|8|4|1|2|408000|1390|11120326|355350
1200000|1|6000|8|4|0|0|408000|1391|11128326|309762
1200000|1|6000|8|4|1|2|408000|1391|11128326|355391
1200000|1|6000|8|4|0|0|408000|1392|11136326|309352
1200000|1|6000|8|4|1|2|408000|1392|11136326|355268
1200000|1|6000|8|4|0|0|408000|1393|11144327|309270
1200000|1|6000|8|4|1|2|408000|1393|11144327|355104
1200000|1|6000|8|4|0|0|408000|1394|11152327|309311
1200000|1|6000|8|4|1|2|408000|1394|11152327|355186
1200000|1|6000|8|4|0|0|408000|1395|11160327|309803
1200000|1|6000|8|4|1|2|408000|1395|11160327|354817
1200000|1|6000|8|4|0|0|408000|1396|11168327|309639
1200000|1|6000|8|4|1|2|408000|1396|11168327|355514
1200000|1|6000|8|4|0|0|408000|1397|11176328|309229
1200000|1|6000|8|4|1|2|408000|1397|11176328|356703
1200000|1|6000|8|4|0|0|408000|1398|11184330|308368
1200000|1|6000|8|4|1|2|408000|1398|11184330|358671
1200000|1|6000|8|4|0|0|408000|1399|11192332|307589
1200000|1|6000|8|4|1|2|408000|1399|11192332|359737
1200000|1|6000|8|4|0|0|408000|1400|11200333|307056
1200000|1|6000|8|4|1|2|408000|1400|11200333|361787
1200000|1|6000|8|4|0|0|408000|1401|11208335|306359
1200000|1|6000|8|4|1|2|408000|1401|11208335|362853
1200000|1|6000|8|4|0|0|408000|1402|11216337|305744
1200000|1|6000|8|4|1|2|408000|1402|11216337|365354
1200000|1|6000|8|4|0|0|408000|1403|11224339|305211
1200000|1|6000|8|4|1|2|408000|1403|11224339|366338
1200000|1|6000|8|4|0|0|408000|1404|11232340|305375
1200000|1|6000|8|4|1|2|408000|1404|11232340|368142
1200000|1|6000|8|4|0|0|408000|1405|11240341|305170
1200000|1|6000|8|4|1|2|408000|1405|11240341|367814
1200000|1|6000|8|4|0|0|408000|1406|11248341|305334
1200000|1|6000|8|4|1|2|408000|1406|11248341|368060
1200000|1|6000|8|4|0|0|408000|1407|11256341|305129
1200000|1|6000|8|4|1|2|408000|1407|11256341|367855
1200000|1|6000|8|4|0|0|408000|1408|11264342|305621
1200000|1|6000|8|4|1|2|408000|1408|11264342|367937
1200000|1|6000|8|4|0|0|408000|1409|11272342|305703
1200000|1|6000|8|4|1|2|408000|1409|11272342|368347
1200000|1|6000|8|4|0|0|408000|1410|11280343|305908
1200000|1|6000|8|4|1|2|408000|1410|11280343|368593
1200000|1|6000|8|4|0|0|408000|1411|11288343|305662
1200000|1|6000|8|4|1|2|408000|1411|11288343|369126
1200000|1|6000|8|4|0|0|408000|1412|11296345|304432
1200000|1|6000|8|4|1|2|408000|1412|11296345|368962
1200000|1|6000|8|4|0|0|408000|1413|11304344|303776
1200000|1|6000|8|4|1|2|408000|1413|11304344|369290
1200000|1|6000|8|4|0|0|408000|1414|11312345|303325
1200000|1|6000|8|4|1|2|408000|1414|11312345|369167
1200000|1|6000|8|4|0|0|408000|1415|11320345|302751
1200000|1|6000|8|4|1|2|408000|1415|11320345|369126
1200000|1|6000|8|4|0|0|408000|1416|11328346|302341
1200000|1|6000|8|4|1|2|408000|1416|11328346|368839
1200000|1|6000|8|4|0|0|408000|1417|11336346|301808
1200000|1|6000|8|4|1|2|408000|1417|11336346|368757
1200000|1|6000|8|4|0|0|408000|1418|11344346|302218
1200000|1|6000|8|4|1|2|408000|1418|11344346|368511
1200000|1|6000|8|4|0|0|408000|1419|11352345|302505
1200000|1|6000|8|4|1|2|408000|1419|11352345|368265
1200000|1|6000|8|4|0|0|408000|1420|11360345|303079
1200000|1|6000|8|4|1|2|408000|1420|11360345|367773
1200000|1|6000|8|4|0|0|408000|1421|11368345|303202
1200000|1|6000|8|4|1|2|408000|1421|11368345|367855
1200000|1|6000|8|4|0|0|408000|1422|11376346|303489
1200000|1|6000|8|4|1|2|408000|1422|11376346|368224
1200000|1|6000|8|4|0|0|408000|1423|11384346|303571
1200000|1|6000|8|4|1|2|408000|1423|11384346|368511
1200000|1|6000|8|4|0|0|408000|1424|11392346|303325
1200000|1|6000|8|4|1|2|408000|1424|11392346|368593
1200000|1|6000|8|4|0|0|408000|1425|11400347|303202
1200000|1|6000|8|4|1|2|408000|1425|11400347|368224
1200000|1|6000|8|4|0|0|408000|1426|11408347|302710
1200000|1|6000|8|4|1|2|408000|1426|11408347|368101
1200000|1|6000|8|4|0|0|408000|1427|11416347|302341
1200000|1|6000|8|4|1|2|408000|1427|11416347|367240
1200000|1|6000|8|4|0|0|408000|1428|11424347|302505
1200000|1|6000|8|4|1|2|408000|1428|11424347|367363
1200000|1|6000|8|4|0|0|408000|1429|11432348|302710
1200000|1|6000|8|4|1|2|408000|1429|11432348|366338
1200000|1|6000|8|4|0|0|408000|1430|11440347|302628
1200000|1|6000|8|4|1|2|408000|1430|11440347|365518
1200000|1|6000|8|4|0|0|408000|1431|11448347|302218
1200000|1|6000|8|4|1|2|408000|1431|11448347|365272
1200000|1|6000|8|4|0|0|408000|1432|11456347|302095
1200000|1|6000|8|4|1|2|408000|1432|11456347|364452
1200000|1|6000|8|4|0|0|408000|1433|11464346|301890
1200000|1|6000|8|4|1|2|408000|1433|11464346|363960
1200000|1|6000|8|4|0|0|408000|1434|11472346|302382
1200000|1|6000|8|4|1|2|408000|1434|11472346|363058
1200000|1|6000|8|4|0|0|408000|1435|11480346|302341
1200000|1|6000|8|4|1|2|408000|1435|11480346|362484
1200000|1|6000|8|4|0|0|408000|1436|11488345|302669
1200000|1|6000|8|4|1|2|408000|1436|11488345|362238
1200000|1|6000|8|4|0|0|408000|1437|11496346|303202
1200000|1|6000|8|4|1|2|408000|1437|11496346|363591
1200000|1|6000|8|4|0|0|408000|1438|11504348|303284
1200000|1|6000|8|4|1|2|408000|1438|11504348|363837
1200000|1|6000|8|4|0|0|408000|1439|11512349|303284
1200000|1|6000|8|4|1|2|408000|1439|11512349|364411
1200000|1|6000|8|4|0|0|408000|1440|11520351|303038
1200000|1|6000|8|4|1|2|408000|1440|11520351|364821
1200000|1|6000|8|4|0|0|408000|1441|11528352|303243
1200000|1|6000|8|4|1|2|408000|1441|11528352|364698
1200000|1|6000|8|4|0|0|408000|1442|11536353|302792
1200000|1|6000|8|4|1|2|408000|1442|11536353|365149
1200000|1|6000|8|4|0|0|408000|1443|11544355|302997
1200000|1|6000|8|4|1|2|408000|1443|11544355|364862
1200000|1|6000|8|4|0|0|408000|1444|11552355|302628
1200000|1|6000|8|4|1|2|408000|1444|11552355|364247
1200000|1|6000|8|4|0|0|408000|1445|11560356|302874
1200000|1|6000|8|4|1|2|408000|1445|11560356|364199
1200000|1|6000|8|4|0|0|408000|1446|11568357|303243
1200000|1|6000|8|4|1|2|408000|1446|11568357|364035
1200000|1|6000|8|4|0|0|408000|1447|11576358|302997
1200000|1|6000|8|4|1|2|408000|1447|11576358|364774
1200000|1|6000|8|4|0|0|408000|1448|11584359|303407
1200000|1|6000|8|4|1|2|408000|1448|11584359|364118
1200000|1|6000|8|4|0|0|408000|1449|11592360|303325
1200000|1|6000|8|4|1|2|408000|1449|11592360|364568
1200000|1|6000|8|4|0|0|408000|1450|11600362|302833
1200000|1|6000|8|4|1|2|408000|1450|11600362|364937
1200000|1|6000|8|4|0|0|408000|1451|11608363|302751
1200000|1|6000|8|4|1|2|408000|1451|11608363|364811
1200000|1|6000|8|4|0|0|408000|1452|11616363|302341
1200000|1|6000|8|4|1|2|408000|1452|11616363|365631
1200000|1|6000|8|4|0|0|408000|1453|11624366|302095
1200000|1|6000|8|4|1|2|408000|1453|11624366|365879
1200000|1|6000|8|4|0|0|408000|1454|11632366|301685
1200000|1|6000|8|4|1|2|408000|1454|11632366|367274
1200000|1|6000|8|4|0|0|408000|1455|11640367|301398
1200000|1|6000|8|4|1|2|408000|1455|11640367|367847
1200000|1|6000|8|4|0|0|408000|1456|11648369|300865
1200000|1|6000|8|4|1|2|408000|1456|11648369|369119
1200000|1|6000|8|4|0|0|408000|1457|11656370|300701
1200000|1|6000|8|4|1|2|408000|1457|11656370|369733
1200000|1|6000|8|4|0|0|408000|1458|11664371|300578
1200000|1|6000|8|4|1|2|408000|1458|11664371|370515
1200000|1|6000|8|4|0|0|408000|1459|11672372|299963
1200000|1|6000|8|4|1|2|408000|1459|11672372|371416
1200000|1|6000|8|4|0|0|408000|1460|11680373|298897
1200000|1|6000|8|4|1|2|408000|1460|11680373|371415
1200000|1|6000|8|4|0|0|408000|1461|11688373|298897
1200000|1|6000|8|4|1|2|408000|1461|11688373|371209
1200000|1|6000|8|4|0|0|408000|1462|11696373|297913
1200000|1|6000|8|4|1|2|408000|1462|11696373|371210
1200000|1|6000|8|4|0|0|408000|1463|11704373|297339
1200000|1|6000|8|4|1|2|408000|1463|11704373|371375
1200000|1|6000|8|4|0|0|408000|1464|11712373|296806
1200000|1|6000|8|4|1|2|408000|1464|11712373|371498
1200000|1|6000|8|4|0|0|408000|1465|11720373|296150
1200000|1|6000|8|4|1|2|408000|1465|11720373|371702
1200000|1|6000|8|4|0|0|408000|1466|11728373|295986
1200000|1|6000|8|4|1|2|408000|1466|11728373|371781
1200000|1|6000|8|4|0|0|408000|1467|11736373|296232
1200000|1|6000|8|4|1|2|408000|1467|11736373|371824
1200000|1|6000|8|4|0|0|408000|1468|11744373|297134
1200000|1|6000|8|4|1|2|408000|1468|11744373|371949
1200000|1|6000|8|4|0|0|408000|1469|11752373|297585
1200000|1|6000|8|4|1|2|408000|1469|11752373|372481
1200000|1|6000|8|4|0|0|408000|1470|11760373|297872
1200000|1|6000|8|4|1|2|408000|1470|11760373|371743
1200000|1|6000|8|4|0|0|408000|1471|11768373|297544
1200000|1|6000|8|4|1|2|408000|1471|11768373|371375
1200000|1|6000|8|4|0|0|408000|1472|11776374|298159
1200000|1|6000|8|4|1|2|408000|1472|11776374|370678
1200000|1|6000|8|4|0|0|408000|1473|11784374|297626
1200000|1|6000|8|4|1|2|408000|1473|11784374|370021
1200000|1|6000|8|4|0|0|408000|1474|11792374|297421
1200000|1|6000|8|4|1|2|408000|1474|11792374|369692
1200000|1|6000|8|4|0|0|408000|1475|11800374|295699
1200000|1|6000|8|4|1|2|408000|1475|11800374|369202
1200000|1|6000|8|4|0|0|408000|1476|11808374|294879
1200000|1|6000|8|4|1|2|408000|1476|11808374|369488
1200000|1|6000|8|4|0|0|408000|1477|11816374|294510
1200000|1|6000|8|4|1|2|408000|1477|11816374|368790
1200000|1|6000|8|4|0|0|408000|1478|11824374|294223
1200000|1|6000|8|4|1|2|408000|1478|11824374|369612
1200000|1|6000|8|4|0|0|408000|1479|11832374|294141
1200000|1|6000|8|4|1|2|408000|1479|11832374|369775
1200000|1|6000|8|4|0|0|408000|1480|11840374|293813
1200000|1|6000|8|4|1|2|408000|1480|11840374|370186
1200000|1|6000|8|4|0|0|408000|1481|11848375|293936
1200000|1|6000|8|4|1|2|408000|1481|11848375|369979
1200000|1|6000|8|4|0|0|408000|1482|11856375|293321
1200000|1|6000|8|4|1|2|408000|1482|11856375|370345
1200000|1|6000|8|4|0|0|408000|1483|11864374|293649
1200000|1|6000|8|4|1|2|408000|1483|11864374|370391
1200000|1|6000|8|4|0|0|408000|1484|11872374|293608
1200000|1|6000|8|4|1|2|408000|1484|11872374|370227
1200000|1|6000|8|4|0|0|408000|1485|11880374|293403
1200000|1|6000|8|4|1|2|408000|1485|11880374|370471
1200000|1|6000|8|4|0|0|408000|1486|11888374|292993
1200000|1|6000|8|4|1|2|408000|1486|11888374|370267
1200000|1|6000|8|4|0|0|408000|1487|11896374|292952
1200000|1|6000|8|4|1|2|408000|1487|11896374|370636
1200000|1|6000|8|4|0|0|408000|1488|11904375|292706
1200000|1|6000|8|4|1|2|408000|1488|11904375|370799
1200000|1|6000|8|4|0|0|408000|1489|11912375|292255
1200000|1|6000|8|4|1|2|408000|1489|11912375|371250
1200000|1|6000|8|4|0|0|408000|1490|11920375|292419
1200000|1|6000|8|4|1|2|408000|1490|11920375|371784
1200000|1|6000|8|4|0|0|408000|1491|11928375|292624
1200000|1|6000|8|4|1|2|408000|1491|11928375|372031
1200000|1|6000|8|4|0|0|408000|1492|11936375|293854
1200000|1|6000|8|4|1|2|408000|1492|11936375|372441
1200000|1|6000|8|4|0|0|408000|1493|11944376|294428
1200000|1|6000|8|4|1|2|408000|1493|11944376|372316
1200000|1|6000|8|4|0|0|408000|1494|11952375|295781
1200000|1|6000|8|4|1|2|408000|1494|11952375|372521
1200000|1|6000|8|4|0|0|408000|1495|11960376|296068
1200000|1|6000|8|4|1|2|408000|1495|11960376|372769
1200000|1|6000|8|4|0|0|408000|1496|11968375|297093
1200000|1|6000|8|4|1|2|408000|1496|11968375|372725
1200000|1|6000|8|4|0|0|408000|1497|11976375|297954
1200000|1|6000|8|4|1|2|408000|1497|11976375|372848
1200000|1|6000|8|4|0|0|408000|1498|11984375|298282
1200000|1|6000|8|4|1|2|408000|1498|11984375|372684
1200000|1|6000|8|4|0|0|408000|1499|11992375|297872
1200000|1|6000|8|4|1|2|408000|1499|11992375|372727
1200000|1|6000|8|4|0|0|408000|1500|12000374|297462
1200000|1|6000|8|4|1|2|408000|1500|12000374|373425
1200000|1|6000|8|4|0|0|408000|1501|12008375|297093
1200000|1|6000|8|4|1|2|408000|1501|12008375|374898
1200000|1|6000|8|4|0|0|408000|1502|12016376|296437
1200000|1|6000|8|4|1|2|408000|1502|12016376|374776
1200000|1|6000|8|4|0|0|408000|1503|12024378|296191
1200000|1|6000|8|4|1|2|408000|1503|12024378|375434
1200000|1|6000|8|4|0|0|408000|1504|12032380|296027
1200000|1|6000|8|4|1|2|408000|1504|12032380|375432
1200000|1|6000|8|4|0|0|408000|1505|12040381|295945
1200000|1|6000|8|4|1|2|408000|1505|12040381|375881
1200000|1|6000|8|4|0|0|408000|1506|12048382|296355
1200000|1|6000|8|4|1|2|408000|1506|12048382|376295
1200000|1|6000|8|4|0|0|408000|1507|12056383|296806
1200000|1|6000|8|4|1|2|408000|1507|12056383|376663
1200000|1|6000|8|4|0|0|408000|1508|12064384|296642
1200000|1|6000|8|4|1|2|408000|1508|12064384|376660
1200000|1|6000|8|4|0|0|408000|1509|12072384|296888
1200000|1|6000|8|4|1|2|408000|1509|12072384|377195
1200000|1|6000|8|4|0|0|408000|1510|12080384|296314
1200000|1|6000|8|4|1|2|408000|1510|12080384|378342
1200000|1|6000|8|4|0|0|408000|1511|12088386|296642
1200000|1|6000|8|4|1|2|408000|1511|12088386|378712
1200000|1|6000|8|4|0|0|408000|1512|12096387|296314
1200000|1|6000|8|4|1|2|408000|1512|12096387|379820
1200000|1|6000|8|4|0|0|408000|1513|12104389|296396
1200000|1|6000|8|4|1|2|408000|1513|12104389|380106
1200000|1|6000|8|4|0|0|408000|1514|12112390|295535
1200000|1|6000|8|4|1|2|408000|1514|12112390|380680
1200000|1|6000|8|4|0|0|408000|1515|12120391|294469
1200000|1|6000|8|4|1|2|408000|1515|12120391|380882
1200000|1|6000|8|4|0|0|408000|1516|12128392|294223
1200000|1|6000|8|4|1|2|408000|1516|12128392|380722
1200000|1|6000|8|4|0|0|408000|1517|12136393|293895
1200000|1|6000|8|4|1|2|408000|1517|12136393|380063
1200000|1|6000|8|4|0|0|408000|1518|12144393|294182
1200000|1|6000|8|4|1|2|408000|1518|12144393|379778
1200000|1|6000|8|4|0|0|408000|1519|12152393|294510
1200000|1|6000|8|4|1|2|408000|1519|12152393|379902
1200000|1|6000|8|4|0|0|408000|1520|12160393|294756
1200000|1|6000|8|4|1|2|408000|1520|12160393|379164
1200000|1|6000|8|4|0|0|408000|1521|12168394|294551
1200000|1|6000|8|4|1|2|408000|1521|12168394|378917
1200000|1|6000|8|4|0|0|408000|1522|12176394|295002
1200000|1|6000|8|4|1|2|408000|1522|12176394|378590
1200000|1|6000|8|4|0|0|408000|1523|12184394|294305
1200000|1|6000|8|4|1|2|408000|1523|12184394|378342
1200000|1|6000|8|4|0|0|408000|1524|12192394|294264
1200000|1|6000|8|4|1|2|408000|1524|12192394|378919
1200000|1|6000|8|4|0|0|408000|1525|12200395|294182
1200000|1|6000|8|4|1|2|408000|1525|12200395|378344
1200000|1|6000|8|4|0|0|408000|1526|12208395|293936
1200000|1|6000|8|4|1|2|408000|1526|12208395|378095
1200000|1|6000|8|4|0|0|408000|1527|12216395|293567
1200000|1|6000|8|4|1|2|408000|1527|12216395|376869
1200000|1|6000|8|4|0|0|408000|1528|12224395|292911
1200000|1|6000|8|4|1|2|408000|1528|12224395|376786
1200000|1|6000|8|4|0|0|408000|1529|12232396|292706
1200000|1|6000|8|4|1|2|408000|1529|12232396|376335
1200000|1|6000|8|4|0|0|408000|1530|12240395|293239
1200000|1|6000|8|4|1|2|408000|1530|12240395|376171
1200000|1|6000|8|4|0|0|408000|1531|12248396|294510
1200000|1|6000|8|4|1|2|408000|1531|12248396|376172
1200000|1|6000|8|4|0|0|408000|1532|12256396|294838
1200000|1|6000|8|4|1|2|408000|1532|12256396|375512
1200000|1|6000|8|4|0|0|408000|1533|12264396|295740
1200000|1|6000|8|4|1|2|408000|1533|12264396|375186
1200000|1|6000|8|4|0|0|408000|1534|12272395|295945
1200000|1|6000|8|4|1|2|408000|1534|12272395|374367
1200000|1|6000|8|4|0|0|408000|1535|12280395|296765
1200000|1|6000|8|4|1|2|408000|1535|12280395|374325
1200000|1|6000|8|4|0|0|408000|1536|12288395|297298
1200000|1|6000|8|4|1|2|408000|1536|12288395|373751
1200000|1|6000|8|4|0|0|408000|1537|12296395|297831
1200000|1|6000|8|4|1|2|408000|1537|12296395|373712
1200000|1|6000|8|4|0|0|408000|1538|12304395|297872
1200000|1|6000|8|4|1|2|408000|1538|12304395|373670
1200000|1|6000|8|4|0|0|408000|1539|12312395|297626
1200000|1|6000|8|4|1|2|408000|1539|12312395|373425
1200000|1|6000|8|4|0|0|408000|1540|12320395|297872
1200000|1|6000|8|4|1|2|408000|1540|12320395|373383
1200000|1|6000|8|4|0|0|408000|1541|12328395|297790
1200000|1|6000|8|4|1|2|408000|1541|12328395|372890
1200000|1|6000|8|4|0|0|408000|1542|12336394|298036
1200000|1|6000|8|4|1|2|408000|1542|12336394|372232
1200000|1|6000|8|4|0|0|408000|1543|12344393|297749
1200000|1|6000|8|4|1|2|408000|1543|12344393|371537
1200000|1|6000|8|4|0|0|408000|1544|12352393|298159
1200000|1|6000|8|4|1|2|408000|1544|12352393|371086
1200000|1|6000|8|4|0|0|408000|1545|12360393|297954
1200000|1|6000|8|4|1|2|408000|1545|12360393|370595
1200000|1|6000|8|4|0|0|408000|1546|12368392|298979
1200000|1|6000|8|4|1|2|408000|1546|12368392|370226
1200000|1|6000|8|4|0|0|408000|1547|12376392|299717
1200000|1|6000|8|4|1|2|408000|1547|12376392|369485
1200000|1|6000|8|4|0|0|408000|1548|12384391|301562
1200000|1|6000|8|4|1|2|408000|1548|12384391|369569
1200000|1|6000|8|4|0|0|408000|1549|12392392|302956
1200000|1|6000|8|4|1|2|408000|1549|12392392|369940
1200000|1|6000|8|4|0|0|408000|1550|12400393|304145
1200000|1|6000|8|4|1|2|408000|1550|12400393|370468
1200000|1|6000|8|4|0|0|408000|1551|12408395|305539
1200000|1|6000|8|4|1|2|408000|1551|12408395|371127
1200000|1|6000|8|4|0|0|408000|1552|12416396|306851
1200000|1|6000|8|4|1|2|408000|1552|12416396|371535
1200000|1|6000|8|4|0|0|408000|1553|12424398|308327
1200000|1|6000|8|4|1|2|408000|1553|12424398|371783
1200000|1|6000|8|4|0|0|408000|1554|12432398|308942
1200000|1|6000|8|4|1|2|408000|1554|12432398|371824
1200000|1|6000|8|4|0|0|408000|1555|12440400|309516
1200000|1|6000|8|4|1|2|408000|1555|12440400|372191
1200000|1|6000|8|4|0|0|408000|1556|12448400|310377
1200000|1|6000|8|4|1|2|408000|1556|12448400|371824
1200000|1|6000|8|4|0|0|408000|1557|12456400|311402
1200000|1|6000|8|4|1|2|408000|1557|12456400|372152
1200000|1|6000|8|4|0|0|408000|1558|12464400|313042
1200000|1|6000|8|4|1|2|408000|1558|12464400|372194
1200000|1|6000|8|4|0|0|408000|1559|12472401|313657
1200000|1|6000|8|4|1|2|408000|1559|12472401|372724
1200000|1|6000|8|4|0|0|408000|1560|12480403|314969
1200000|1|6000|8|4|1|2|408000|1560|12480403|372438
1200000|1|6000|8|4|0|0|408000|1561|12488403|316281
1200000|1|6000|8|4|1|2|408000|1561|12488403|372479
1200000|1|6000|8|4|0|0|408000|1562|12496405|316937
1200000|1|6000|8|4|1|2|408000|1562|12496405|372728
1200000|1|6000|8|4|0|0|408000|1563|12504405|316773
1200000|1|6000|8|4|1|2|408000|1563|12504405|372809
1200000|1|6000|8|4|0|0|408000|1564|12512406|317101
1200000|1|6000|8|4|1|2|408000|1564|12512406|372604
1200000|1|6000|8|4|0|0|408000|1565|12520406|316855
1200000|1|6000|8|4|1|2|408000|1565|12520406|371823
1200000|1|6000|8|4|0|0|408000|1566|12528406|316978
1200000|1|6000|8|4|1|2|408000|1566|12528406|371579
1200000|1|6000|8|4|0|0|408000|1567|12536405|316568
1200000|1|6000|8|4|1|2|408000|1567|12536405|371578
1200000|1|6000|8|4|0|0|408000|1568|12544405|316691
1200000|1|6000|8|4|1|2|408000|1568|12544405|371374
1200000|1|6000|8|4|0|0|408000|1569|12552405|316568
1200000|1|6000|8|4|1|2|408000|1569|12552405|371046
1200000|1|6000|8|4|0|0|408000|1570|12560405|317347
1200000|1|6000|8|4|1|2|408000|1570|12560405|370719
1200000|1|6000|8|4|0|0|408000|1571|12568405|317552
1200000|1|6000|8|4|1|2|408000|1571|12568405|370225
1200000|1|6000|8|4|0|0|408000|1572|12576405|317470
1200000|1|6000|8|4|1|2|408000|1572|12576405|369937
1200000|1|6000|8|4|0|0|408000|1573|12584406|317388
1200000|1|6000|8|4|1|2|408000|1573|12584406|369611
1200000|1|6000|8|4|0|0|408000|1574|12592406|317142
1200000|1|6000|8|4|1|2|408000|1574|12592406|368504
1200000|1|6000|8|4|0|0|408000|1575|12600405|316732
1200000|1|6000|8|4|1|2|408000|1575|12600405|366864
1200000|1|6000|8|4|0|0|408000|1576|12608405|316322
1200000|1|6000|8|4|1|2|408000|1576|12608405|366412
1200000|1|6000|8|4|0|0|408000|1577|12616405|316158
1200000|1|6000|8|4|1|2|408000|1577|12616405|365185
1200000|1|6000|8|4|0|0|408000|1578|12624404|315994
1200000|1|6000|8|4|1|2|408000|1578|12624404|364441
1200000|1|6000|8|4|0|0|408000|1579|12632404|315625
1200000|1|6000|8|4|1|2|408000|1579|12632404|363458
1200000|1|6000|8|4|0|0|408000|1580|12640403|315666
1200000|1|6000|8|4|1|2|408000|1580|12640403|362558
1200000|1|6000|8|4|0|0|408000|1581|12648403|315420
1200000|1|6000|8|4|1|2|408000|1581|12648403|362312
1200000|1|6000|8|4|0|0|408000|1582|12656403|315297
1200000|1|6000|8|4|1|2|408000|1582|12656403|361740
1200000|1|6000|8|4|0|0|408000|1583|12664403|315338
1200000|1|6000|8|4|1|2|408000|1583|12664403|361288
1200000|1|6000|8|4|0|0|408000|1584|12672403|315092
1200000|1|6000|8|4|1|2|408000|1584|12672403|360345
1200000|1|6000|8|4|0|0|408000|1585|12680403|314559
1200000|1|6000|8|4|1|2|408000|1585|12680403|360137
1200000|1|6000|8|4|0|0|408000|1586|12688403|314559
1200000|1|6000|8|4|1|2|408000|1586|12688403|359564
1200000|1|6000|8|4|0|0|408000|1587|12696403|314928
1200000|1|6000|8|4|1|2|408000|1587|12696403|359033
1200000|1|6000|8|4|0|0|408000|1588|12704403|315789
1200000|1|6000|8|4|1|2|408000|1588|12704403|358705
1200000|1|6000|8|4|0|0|408000|1589|12712403|315994
1200000|1|6000|8|4|1|2|408000|1589|12712403|359238
1200000|1|6000|8|4|0|0|408000|1590|12720404|316117
1200000|1|6000|8|4|1|2|408000|1590|12720404|358746
1200000|1|6000|8|4|0|0|408000|1591|12728405|316691
1200000|1|6000|8|4|1|2|408000|1591|12728405|358335
1200000|1|6000|8|4|0|0|408000|1592|12736406|317593
1200000|1|6000|8|4|1|2|408000|1592|12736406|357882
1200000|1|6000|8|4|0|0|408000|1593|12744407|318413
1200000|1|6000|8|4|1|2|408000|1593|12744407|357968
1200000|1|6000|8|4|0|0|408000|1594|12752408|317921
1200000|1|6000|8|4|1|2|408000|1594|12752408|357763
1200000|1|6000|8|4|0|0|408000|1595|12760409|317921
1200000|1|6000|8|4|1|2|408000|1595|12760409|357638
1200000|1|6000|8|4|0|0|408000|1596|12768409|317757
1200000|1|6000|8|4|1|2|408000|1596|12768409|357311
1200000|1|6000|8|4|0|0|408000|1597|12776411|317757
1200000|1|6000|8|4|1|2|408000|1597|12776411|358086
1200000|1|6000|8|4|0|0|408000|1598|12784412|317798
1200000|1|6000|8|4|1|2|408000|1598|12784412|358786
1200000|1|6000|8|4|0|0|408000|1599|12792413|317716
1200000|1|6000|8|4|1|2|408000|1599|12792413|359731
1200000|1|6000|8|4|0|0|408000|1600|12800414|317347
1200000|1|6000|8|4|1|2|408000|1600|12800414|360140
1200000|1|6000|8|4|0|0|408000|1601|12808415|317757
1200000|1|6000|8|4|1|2|408000|1601|12808415|361121
1200000|1|6000|8|4|0|0|408000|1602|12816416|317593
1200000|1|6000|8|4|1|2|408000|1602|12816416|361985
1200000|1|6000|8|4|0|0|408000|1603|12824418|317962
1200000|1|6000|8|4|1|2|408000|1603|12824418|361697
1200000|1|6000|8|4|0|0|408000|1604|12832418|317880
1200000|1|6000|8|4|1|2|408000|1604|12832418|361532
1200000|1|6000|8|4|0|0|408000|1605|12840418|318044
1200000|1|6000|8|4|1|2|408000|1605|12840418|361042
1200000|1|6000|8|4|0|0|408000|1606|12848418|317839
1200000|1|6000|8|4|1|2|408000|1606|12848418|361369
1200000|1|6000|8|4|0|0|408000|1607|12856418|317347
1200000|1|6000|8|4|1|2|408000|1607|12856418|361040
1200000|1|6000|8|4|0|0|408000|1608|12864418|317511
1200000|1|6000|8|4|1|2|408000|1608|12864418|361453
1200000|1|6000|8|4|0|0|408000|1609|12872418|317675
1200000|1|6000|8|4|1|2|408000|1609|12872418|361657
1200000|1|6000|8|4|0|0|408000|1610|12880418|318003
1200000|1|6000|8|4|1|2|408000|1610|12880418|362272
1200000|1|6000|8|4|0|0|408000|1611|12888419|318782
1200000|1|6000|8|4|1|2|408000|1611|12888419|362188
1200000|1|6000|8|4|0|0|408000|1612|12896418|319807
1200000|1|6000|8|4|1|2|408000|1612|12896418|362433
1200000|1|6000|8|4|0|0|408000|1613|12904417|320094
1200000|1|6000|8|4|1|2|408000|1613|12904417|361940
1200000|1|6000|8|4|0|0|408000|1614|12912417|320750
1200000|1|6000|8|4|1|2|408000|1614|12912417|361448
1200000|1|6000|8|4|0|0|408000|1615|12920416|321529
1200000|1|6000|8|4|1|2|408000|1615|12920416|360837
1200000|1|6000|8|4|0|0|408000|1616|12928415|321898
1200000|1|6000|8|4|1|2|408000|1616|12928415|360428
1200000|1|6000|8|4|0|0|408000|1617|12936413|322103
1200000|1|6000|8|4|1|2|408000|1617|12936413|359976
1200000|1|6000|8|4|0|0|408000|1618|12944412|321283
1200000|1|6000|8|4|1|2|408000|1618|12944412|360387
1200000|1|6000|8|4|0|0|408000|1619|12952412|321119
1200000|1|6000|8|4|1|2|408000|1619|12952412|360346
1200000|1|6000|8|4|0|0|408000|1620|12960412|320627
1200000|1|6000|8|4|1|2|408000|1620|12960412|359605
1200000|1|6000|8|4|0|0|408000|1621|12968412|320873
1200000|1|6000|8|4|1|2|408000|1621|12968412|358868
1200000|1|6000|8|4|0|0|408000|1622|12976412|321160
1200000|1|6000|8|4|1|2|408000|1622|12976412|358784
1200000|1|6000|8|4|0|0|408000|1623|12984413|320832
1200000|1|6000|8|4|1|2|408000|1623|12984413|359565
1200000|1|6000|8|4|0|0|408000|1624|12992415|320914
1200000|1|6000|8|4|1|2|408000|1624|12992415|359156
1200000|1|6000|8|4|0|0|408000|1625|13000415|321857
1200000|1|6000|8|4|1|2|408000|1625|13000415|358578
1200000|1|6000|8|4|0|0|408000|1626|13008414|322226
1200000|1|6000|8|4|1|2|408000|1626|13008414|358253
1200000|1|6000|8|4|0|0|408000|1627|13016414|322308
1200000|1|6000|8|4|1|2|408000|1627|13016414|357884
1200000|1|6000|8|4|0|0|408000|1628|13024414|322472
1200000|1|6000|8|4|1|2|408000|1628|13024414|357677
1200000|1|6000|8|4|0|0|408000|1629|13032413|322226
1200000|1|6000|8|4|1|2|408000|1629|13032413|357064
1200000|1|6000|8|4|0|0|408000|1630|13040414|322267
1200000|1|6000|8|4|1|2|408000|1630|13040414|356611
1200000|1|6000|8|4|0|0|408000|1631|13048414|321488
1200000|1|6000|8|4|1|2|408000|1631|13048414|356120
1200000|1|6000|8|4|0|0|408000|1632|13056414|320914
1200000|1|6000|8|4|1|2|408000|1632|13056414|355137
1200000|1|6000|8|4|0|0|408000|1633|13064413|321406
1200000|1|6000|8|4|1|2|408000|1633|13064413|354933
1200000|1|6000|8|4|0|0|408000|1634|13072414|321447
1200000|1|6000|8|4|1|2|408000|1634|13072414|353537
1200000|1|6000|8|4|0|0|408000|1635|13080413|321611
1200000|1|6000|8|4|1|2|408000|1635|13080413|353783
1200000|1|6000|8|4|0|0|408000|1636|13088414|321324
1200000|1|6000|8|4|1|2|408000|1636|13088414|353169
1200000|1|6000|8|4|0|0|408000|1637|13096413|321078
1200000|1|6000|8|4|1|2|408000|1637|13096413|353129
1200000|1|6000|8|4|0|0|408000|1638|13104413|320709
1200000|1|6000|8|4|1|2|408000|1638|13104413|352637
1200000|1|6000|8|4|0|0|408000|1639|13112413|321447
1200000|1|6000|8|4|1|2|408000|1639|13112413|352556
1200000|1|6000|8|4|0|0|408000|1640|13120412|321447
1200000|1|6000|8|4|1|2|408000|1640|13120412|352186
1200000|1|6000|8|4|0|0|408000|1641|13128411|321939
1200000|1|6000|8|4|1|2|408000|1641|13128411|351939
1200000|1|6000|8|4|0|0|408000|1642|13136411|322226
1200000|1|6000|8|4|1|2|408000|1642|13136411|351281
1200000|1|6000|8|4|0|0|408000|1643|13144411|323087
1200000|1|6000|8|4|1|2|408000|1643|13144411|351366
1200000|1|6000|8|4|0|0|408000|1644|13152411|323415
1200000|1|6000|8|4|1|2|408000|1644|13152411|351693
1200000|1|6000|8|4|0|0|408000|1645|13160411|323907
1200000|1|6000|8|4|1|2|408000|1645|13160411|351526
1200000|1|6000|8|4|0|0|408000|1646|13168411|324030
1200000|1|6000|8|4|1|2|408000|1646|13168411|351817
1200000|1|6000|8|4|0|0|408000|1647|13176411|324153
1200000|1|6000|8|4|1|2|408000|1647|13176411|351283
1200000|1|6000|8|4|0|0|408000|1648|13184410|323579
1200000|1|6000|8|4|1|2|408000|1648|13184410|351694
1200000|1|6000|8|4|0|0|408000|1649|13192411|323005
1200000|1|6000|8|4|1|2|408000|1649|13192411|350997
1200000|1|6000|8|4|0|0|408000|1650|13200410|322800
1200000|1|6000|8|4|1|2|408000|1650|13200410|351079
1200000|1|6000|8|4|0|0|408000|1651|13208409|322718
1200000|1|6000|8|4|1|2|408000|1651|13208409|350505
1200000|1|6000|8|4|0|0|408000|1652|13216408|322513
1200000|1|6000|8|4|1|2|408000|1652|13216408|351284
1200000|1|6000|8|4|0|0|408000|1653|13224408|322554
1200000|1|6000|8|4|1|2|408000|1653|13224408|350505
1200000|1|6000|8|4|0|0|408000|1654|13232407|322554
1200000|1|6000|8|4|1|2|408000|1654|13232407|350708
1200000|1|6000|8|4|0|0|408000|1655|13240407|321652
1200000|1|6000|8|4|1|2|408000|1655|13240407|350259
1200000|1|6000|8|4|0|0|408000|1656|13248407|321160
1200000|1|6000|8|4|1|2|408000|1656|13248407|351816
1200000|1|6000|8|4|0|0|408000|1657|13256408|320422
1200000|1|6000|8|4|1|2|408000|1657|13256408|352062
1200000|1|6000|8|4|0|0|408000|1658|13264410|320627
1200000|1|6000|8|4|1|2|408000|1658|13264410|352267
1200000|1|6000|8|4|0|0|408000|1659|13272411|320504
1200000|1|6000|8|4|1|2|408000|1659|13272411|353171
1200000|1|6000|8|4|0|0|408000|1660|13280413|320422
1200000|1|6000|8|4|1|2|408000|1660|13280413|353046
1200000|1|6000|8|4|0|0|408000|1661|13288414|319971
1200000|1|6000|8|4|1|2|408000|1661|13288414|353375
1200000|1|6000|8|4|0|0|408000|1662|13296416|320053
1200000|1|6000|8|4|1|2|408000|1662|13296416|353046
1200000|1|6000|8|4|0|0|408000|1663|13304416|319479
1200000|1|6000|8|4|1|2|408000|1663|13304416|352514
1200000|1|6000|8|4|0|0|408000|1664|13312416|318864
1200000|1|6000|8|4|1|2|408000|1664|13312416|351489
1200000|1|6000|8|4|0|0|408000|1665|13320415|318536
1200000|1|6000|8|4|1|2|408000|1665|13320415|350794
1200000|1|6000|8|4|0|0|408000|1666|13328414|317634
1200000|1|6000|8|4|1|2|408000|1666|13328414|350547
1200000|1|6000|8|4|0|0|408000|1667|13336414|316773
1200000|1|6000|8|4|1|2|408000|1667|13336414|350012
1200000|1|6000|8|4|0|0|408000|1668|13344414|316076
1200000|1|6000|8|4|1|2|408000|1668|13344414|349153
1200000|1|6000|8|4|0|0|408000|1669|13352414|315338
1200000|1|6000|8|4|1|2|408000|1669|13352414|348782
1200000|1|6000|8|4|0|0|408000|1670|13360414|315912
1200000|1|6000|8|4|1|2|408000|1670|13360414|348370
1200000|1|6000|8|4|0|0|408000|1671|13368413|316568
1200000|1|6000|8|4|1|2|408000|1671|13368413|348047
1200000|1|6000|8|4|0|0|408000|1672|13376413|317101
1200000|1|6000|8|4|1|2|408000|1672|13376413|348496
1200000|1|6000|8|4|0|0|408000|1673|13384414|317675
1200000|1|6000|8|4|1|2|408000|1673|13384414|347964
1200000|1|6000|8|4|0|0|408000|1674|13392414|318372
1200000|1|6000|8|4|1|2|408000|1674|13392414|347798
1200000|1|6000|8|4|0|0|408000|1675|13400414|318536
1200000|1|6000|8|4|1|2|408000|1675|13400414|346855
1200000|1|6000|8|4|0|0|408000|1676|13408413|319028
1200000|1|6000|8|4|1|2|408000|1676|13408413|345586
1200000|1|6000|8|4|0|0|408000|1677|13416413|320135
1200000|1|6000|8|4|1|2|408000|1677|13416413|344806
1200000|1|6000|8|4|0|0|408000|1678|13424412|321119
1200000|1|6000|8|4|1|2|408000|1678|13424412|344150
1200000|1|6000|8|4|0|0|408000|1679|13432413|322226
1200000|1|6000|8|4|1|2|408000|1679|13432413|342878
1200000|1|6000|8|4|0|0|408000|1680|13440412|323292
1200000|1|6000|8|4|1|2|408000|1680|13440412|343083
1200000|1|6000|8|4|0|0|408000|1681|13448411|324399
1200000|1|6000|8|4|1|2|408000|1681|13448411|342756
1200000|1|6000|8|4|0|0|408000|1682|13456410|325383
1200000|1|6000|8|4|1|2|408000|1682|13456410|342921
1200000|1|6000|8|4|0|0|408000|1683|13464411|326613
1200000|1|6000|8|4|1|2|408000|1683|13464411|342510
1200000|1|6000|8|4|0|0|408000|1684|13472410|327064
1200000|1|6000|8|4|1|2|408000|1684|13472410|342593
1200000|1|6000|8|4|0|0|408000|1685|13480410|326777
1200000|1|6000|8|4|1|2|408000|1685|13480410|342100
1200000|1|6000|8|4|0|0|408000|1686|13488410|327433
1200000|1|6000|8|4|1|2|408000|1686|13488410|343042
1200000|1|6000|8|4|0|0|408000|1687|13496411|327515
1200000|1|6000|8|4|1|2|408000|1687|13496411|343742
1200000|1|6000|8|4|0|0|408000|1688|13504413|328130
1200000|1|6000|8|4|1|2|408000|1688|13504413|344028
1200000|1|6000|8|4|0|0|408000|1689|13512414|328786
1200000|1|6000|8|4|1|2|408000|1689|13512414|344150
1200000|1|6000|8|4|0|0|408000|1690|13520415|329155
1200000|1|6000|8|4|1|2|408000|1690|13520415|344560
1200000|1|6000|8|4|0|0|408000|1691|13528415|329442
1200000|1|6000|8|4|1|2|408000|1691|13528415|344843
1200000|1|6000|8|4|0|0|408000|1692|13536416|329360
1200000|1|6000|8|4|1|2|408000|1692|13536416|345215
1200000|1|6000|8|4|0|0|408000|1693|13544416|329032
1200000|1|6000|8|4|1|2|408000|1693|13544416|345380
1200000|1|6000|8|4|0|0|408000|1694|13552416|327966
1200000|1|6000|8|4|1|2|408000|1694|13552416|346281
1200000|1|6000|8|4|0|0|408000|1695|13560417|327679
1200000|1|6000|8|4|1|2|408000|1695|13560417|346940
1200000|1|6000|8|4|0|0|408000|1696|13568417|326900
1200000|1|6000|8|4|1|2|408000|1696|13568417|347799
1200000|1|6000|8|4|0|0|408000|1697|13576419|326818
1200000|1|6000|8|4|1|2|408000|1697|13576419|347841
1200000|1|6000|8|4|0|0|408000|1698|13584419|326244
1200000|1|6000|8|4|1|2|408000|1698|13584419|348044
1200000|1|6000|8|4|0|0|408000|1699|13592420|326859
1200000|1|6000|8|4|1|2|408000|1699|13592420|348453
1200000|1|6000|8|4|0|0|408000|1700|13600420|327064
1200000|1|6000|8|4|1|2|408000|1700|13600420|348619
1200000|1|6000|8|4|0|0|408000|1701|13608421|327146
1200000|1|6000|8|4|1|2|408000|1701|13608421|348864
1200000|1|6000|8|4|0|0|408000|1702|13616420|327105
1200000|1|6000|8|4|1|2|408000|1702|13616420|348290
1200000|1|6000|8|4|0|0|408000|1703|13624420|327310
1200000|1|6000|8|4|1|2|408000|1703|13624420|348782
1200000|1|6000|8|4|0|0|408000|1704|13632420|327433
1200000|1|6000|8|4|1|2|408000|1704|13632420|348291
1200000|1|6000|8|4|0|0|408000|1705|13640420|327638
1200000|1|6000|8|4|1|2|408000|1705|13640420|348784
1200000|1|6000|8|4|0|0|408000|1706|13648419|328212
1200000|1|6000|8|4|1|2|408000|1706|13648419|348864
1200000|1|6000|8|4|0|0|408000|1707|13656419|327884
1200000|1|6000|8|4|1|2|408000|1707|13656419|349440
1200000|1|6000|8|4|0|0|408000|1708|13664419|328581
1200000|1|6000|8|4|1|2|408000|1708|13664419|349357
1200000|1|6000|8|4|0|0|408000|1709|13672419|329073
1200000|1|6000|8|4|1|2|408000|1709|13672419|349768
1200000|1|6000|8|4|0|0|408000|1710|13680419|329401
1200000|1|6000|8|4|1|2|408000|1710|13680419|348333
1200000|1|6000|8|4|0|0|408000|1711|13688418|329483
1200000|1|6000|8|4|1|2|408000|1711|13688418|347799
1200000|1|6000|8|4|0|0|408000|1712|13696418|329401
1200000|1|6000|8|4|1|2|408000|1712|13696418|346895
1200000|1|6000|8|4|0|0|408000|1713|13704417|329360
1200000|1|6000|8|4|1|2|408000|1713|13704417|345995
1200000|1|6000|8|4|0|0|408000|1714|13712416|328909
1200000|1|6000|8|4|1|2|408000|1714|13712416|345379
1200000|1|6000|8|4|0|0|408000|1715|13720415|329360
1200000|1|6000|8|4|1|2|408000|1715|13720415|344642
1200000|1|6000|8|4|0|0|408000|1716|13728415|329237
1200000|1|6000|8|4|1|2|408000|1716|13728415|344023
1200000|1|6000|8|4|0|0|408000|1717|13736414|329237
1200000|1|6000|8|4|1|2|408000|1717|13736414|343904
1200000|1|6000|8|4|0|0|408000|1718|13744414|329155
1200000|1|6000|8|4|1|2|408000|1718|13744414|343327
1200000|1|6000|8|4|0|0|408000|1719|13752413|329893
1200000|1|6000|8|4|1|2|408000|1719|13752413|342920
1200000|1|6000|8|4|0|0|408000|1720|13760413|330098
1200000|1|6000|8|4|1|2|408000|1720|13760413|342715
1200000|1|6000|8|4|0|0|408000|1721|13768413|329729
1200000|1|6000|8|4|1|2|408000|1721|13768413|342592
1200000|1|6000|8|4|0|0|408000|1722|13776413|328663
1200000|1|6000|8|4|1|2|408000|1722|13776413|341853
1200000|1|6000|8|4|0|0|408000|1723|13784412|327966
1200000|1|6000|8|4|1|2|408000|1723|13784412|342098
1200000|1|6000|8|4|0|0|408000|1724|13792413|327720
1200000|1|6000|8|4|1|2|408000|1724|13792413|341238
1200000|1|6000|8|4|0|0|408000|1725|13800413|327064
1200000|1|6000|8|4|1|2|408000|1725|13800413|341525
1200000|1|6000|8|4|0|0|408000|1726|13808412|326654
1200000|1|6000|8|4|1|2|408000|1726|13808412|341033
1200000|1|6000|8|4|0|0|408000|1727|13816412|326326
1200000|1|6000|8|4|1|2|408000|1727|13816412|341116
1200000|1|6000|8|4|0|0|408000|1728|13824411|326449
1200000|1|6000|8|4|1|2|408000|1728|13824411|340664
1200000|1|6000|8|4|0|0|408000|1729|13832411|325383
1200000|1|6000|8|4|1|2|408000|1729|13832411|340953
1200000|1|6000|8|4|0|0|408000|1730|13840410|325711
1200000|1|6000|8|4|1|2|408000|1730|13840410|340705
1200000|1|6000|8|4|0|0|408000|1731|13848410|325793
1200000|1|6000|8|4|1|2|408000|1731|13848410|341115
1200000|1|6000|8|4|0|0|408000|1732|13856411|325834
1200000|1|6000|8|4|1|2|408000|1732|13856411|341691
1200000|1|6000|8|4|0|0|408000|1733|13864412|325711
1200000|1|6000|8|4|1|2|408000|1733|13864412|341892
1200000|1|6000|8|4|0|0|408000|1734|13872413|325506
1200000|1|6000|8|4|1|2|408000|1734|13872413|342879
1200000|1|6000|8|4|0|0|408000|1735|13880414|325260
1200000|1|6000|8|4|1|2|408000|1735|13880414|343411
1200000|1|6000|8|4|0|0|408000|1736|13888415|325342
1200000|1|6000|8|4|1|2|408000|1736|13888415|343904
1200000|1|6000|8|4|0|0|408000|1737|13896416|325793
1200000|1|6000|8|4|1|2|408000|1737|13896416|344559
1200000|1|6000|8|4|0|0|408000|1738|13904416|325219
1200000|1|6000|8|4|1|2|408000|1738|13904416|344518
1200000|1|6000|8|4|0|0|408000|1739|13912416|325506
1200000|1|6000|8|4|1|2|408000|1739|13912416|344682
1200000|1|6000|8|4|0|0|408000|1740|13920416|324727
1200000|1|6000|8|4|1|2|408000|1740|13920416|345092
1200000|1|6000|8|4|0|0|408000|1741|13928416|325301
1200000|1|6000|8|4|1|2|408000|1741|13928416|345460
1200000|1|6000|8|4|0|0|408000|1742|13936417|325014
1200000|1|6000|8|4|1|2|408000|1742|13936417|345709
1200000|1|6000|8|4|0|0|408000|1743|13944418|324932
1200000|1|6000|8|4|1|2|408000|1743|13944418|346487
1200000|1|6000|8|4|0|0|408000|1744|13952418|325342
1200000|1|6000|8|4|1|2|408000|1744|13952418|347140
1200000|1|6000|8|4|0|0|408000|1745|13960419|326121
1200000|1|6000|8|4|1|2|408000|1745|13960419|347758
1200000|1|6000|8|4|0|0|408000|1746|13968420|326326
1200000|1|6000|8|4|1|2|408000|1746|13968420|348497
1200000|1|6000|8|4|0|0|408000|1747|13976421|326080
1200000|1|6000|8|4|1|2|408000|1747|13976421|348782
1200000|1|6000|8|4|0|0|408000|1748|13984422|326531
1200000|1|6000|8|4|1|2|408000|1748|13984422|349807
1200000|1|6000|8|4|0|0|408000|1749|13992423|326244
1200000|1|6000|8|4|1|2|408000|1749|13992423|350219
1200000|1|6000|8|4|0|0|408000|1750|14000423|326449
1200000|1|6000|8|4|1|2|408000|1750|14000423|351075
1200000|1|6000|8|4|0|0|408000|1751|14008424|326162
1200000|1|6000|8|4|1|2|408000|1751|14008424|352063
1200000|1|6000|8|4|0|0|408000|1752|14016425|326080
1200000|1|6000|8|4|1|2|408000|1752|14016425|352925
1200000|1|6000|8|4|0|0|408000|1753|14024426|325547
1200000|1|6000|8|4|1|2|408000|1753|14024426|353210
1200000|1|6000|8|4|0|0|408000|1754|14032426|325301
1200000|1|6000|8|4|1|2|408000|1754|14032426|352227
1200000|1|6000|8|4|0|0|408000|1755|14040425|324686
1200000|1|6000|8|4|1|2|408000|1755|14040425|351407
1200000|1|6000|8|4|0|0|408000|1756|14048424|324481
1200000|1|6000|8|4|1|2|408000|1756|14048424|349973
1200000|1|6000|8|4|0|0|408000|1757|14056424|323702
1200000|1|6000|8|4|1|2|408000|1757|14056424|349767
1200000|1|6000|8|4|0|0|408000|1758|14064423|323661
1200000|1|6000|8|4|1|2|408000|1758|14064423|348535
1200000|1|6000|8|4|0|0|408000|1759|14072422|323702
1200000|1|6000|8|4|1|2|408000|1759|14072422|348538
1200000|1|6000|8|4|0|0|408000|1760|14080422|323620
1200000|1|6000|8|4|1|2|408000|1760|14080422|348168
1200000|1|6000|8|4|0|0|408000|1761|14088422|323948
1200000|1|6000|8|4|1|2|408000|1761|14088422|349600
1200000|1|6000|8|4|0|0|408000|1762|14096425|323743
1200000|1|6000|8|4|1|2|408000|1762|14096425|349563
1200000|1|6000|8|4|0|0|408000|1763|14104426|324235
1200000|1|6000|8|4|1|2|408000|1763|14104426|349070
1200000|1|6000|8|4|0|0|408000|1764|14112427|323497
1200000|1|6000|8|4|1|2|408000|1764|14112427|348580
1200000|1|6000|8|4|0|0|408000|1765|14120427|323620
1200000|1|6000|8|4|1|2|408000|1765|14120427|347634
1200000|1|6000|8|4|0|0|408000|1766|14128428|323005
1200000|1|6000|8|4|1|2|408000|1766|14128428|347063
1200000|1|6000|8|4|0|0|408000|1767|14136429|322882
1200000|1|6000|8|4|1|2|408000|1767|14136429|346406
1200000|1|6000|8|4|0|0|408000|1768|14144429|321488
1200000|1|6000|8|4|1|2|408000|1768|14144429|344847
1200000|1|6000|8|4|0|0|408000|1769|14152429|320627
1200000|1|6000|8|4|1|2|408000|1769|14152429|343780
1200000|1|6000|8|4|0|0|408000|1770|14160429|319602
1200000|1|6000|8|4|1|2|408000|1770|14160429|343288
1200000|1|6000|8|4|0|0|408000|1771|14168428|319028
1200000|1|6000|8|4|1|2|408000|1771|14168428|342961
1200000|1|6000|8|4|0|0|408000|1772|14176427|318618
1200000|1|6000|8|4|1|2|408000|1772|14176427|342384
1200000|1|6000|8|4|0|0|408000|1773|14184427|318741
1200000|1|6000|8|4|1|2|408000|1773|14184427|341649
1200000|1|6000|8|4|0|0|408000|1774|14192427|318864
1200000|1|6000|8|4|1|2|408000|1774|14192427|341444
1200000|1|6000|8|4|0|0|408000|1775|14200427|319479
1200000|1|6000|8|4|1|2|408000|1775|14200427|340583
1200000|1|6000|8|4|0|0|408000|1776|14208427|320217
1200000|1|6000|8|4|1|2|408000|1776|14208427|341483
1200000|1|6000|8|4|0|0|408000|1777|14216429|320955
1200000|1|6000|8|4|1|2|408000|1777|14216429|341404
1200000|1|6000|8|4|0|0|408000|1778|14224430|321652
1200000|1|6000|8|4|1|2|408000|1778|14224430|341484
1200000|1|6000|8|4|0|0|408000|1779|14232431|322267
1200000|1|6000|8|4|1|2|408000|1779|14232431|341813
1200000|1|6000|8|4|0|0|408000|1780|14240432|322472
1200000|1|6000|8|4|1|2|408000|1780|14240432|341033
1200000|1|6000|8|4|0|0|408000|1781|14248432|323251
1200000|1|6000|8|4|1|2|408000|1781|14248432|341157
1200000|1|6000|8|4|0|0|408000|1782|14256433|323579
1200000|1|6000|8|4|1|2|408000|1782|14256433|340952
1200000|1|6000|8|4|0|0|408000|1783|14264433|323620
1200000|1|6000|8|4|1|2|408000|1783|14264433|340789
1200000|1|6000|8|4|0|0|408000|1784|14272433|324071
1200000|1|6000|8|4|1|2|408000|1784|14272433|340664
1200000|1|6000|8|4|0|0|408000|1785|14280434|324563
1200000|1|6000|8|4|1|2|408000|1785|14280434|340625
1200000|1|6000|8|4|0|0|408000|1786|14288434|325178
1200000|1|6000|8|4|1|2|408000|1786|14288434|340748
1200000|1|6000|8|4|0|0|408000|1787|14296435|325752
1200000|1|6000|8|4|1|2|408000|1787|14296435|340952
1200000|1|6000|8|4|0|0|408000|1788|14304436|325957
1200000|1|6000|8|4|1|2|408000|1788|14304436|341362
1200000|1|6000|8|4|0|0|408000|1789|14312437|326613
1200000|1|6000|8|4|1|2|408000|1789|14312437|341238
1200000|1|6000|8|4|0|0|408000|1790|14320437|327351
1200000|1|6000|8|4|1|2|408000|1790|14320437|341851
1200000|1|6000|8|4|0|0|408000|1791|14328439|328089
1200000|1|6000|8|4|1|2|408000|1791|14328439|342059
1200000|1|6000|8|4|0|0|408000|1792|14336440|328335
1200000|1|6000|8|4|1|2|408000|1792|14336440|342387
1200000|1|6000|8|4|0|0|408000|1793|14344441|328909
1200000|1|6000|8|4|1|2|408000|1793|14344441|343002
1200000|1|6000|8|4|0|0|408000|1794|14352442|329155
1200000|1|6000|8|4|1|2|408000|1794|14352442|343822
1200000|1|6000|8|4|0|0|408000|1795|14360443|330139
1200000|1|6000|8|4|1|2|408000|1795|14360443|344231
1200000|1|6000|8|4|0|0|408000|1796|14368444|329565
1200000|1|6000|8|4|1|2|408000|1796|14368444|344928
1200000|1|6000|8|4|0|0|408000|1797|14376445|328950
1200000|1|6000|8|4|1|2|408000|1797|14376445|345664
1200000|1|6000|8|4|0|0|408000|1798|14384446|328253
1200000|1|6000|8|4|1|2|408000|1798|14384446|345463
1200000|1|6000|8|4|0|0|408000|1799|14392446|328130
1200000|1|6000|8|4|1|2|408000|1799|14392446|345089
1200000|1|6000|8|4|0|0|408000|1800|14400445|327679
1200000|1|6000|8|4|1|2|408000|1800|14400445|343781
1200000|1|6000|8|4|0|0|408000|1801|14408445|327105
1200000|1|6000|8|4|1|2|408000|1801|14408445|343617
1200000|1|6000|8|4|0|0|408000|1802|14416445|326736
1200000|1|6000|8|4|1|2|408000|1802|14416445|343084
1200000|1|6000|8|4|0|0|408000|1803|14424445|326613
1200000|1|6000|8|4|1|2|408000|1803|14424445|342428
1200000|1|6000|8|4|0|0|408000|1804|14432444|326408
1200000|1|6000|8|4|1|2|408000|1804|14432444|342301
1200000|1|6000|8|4|0|0|408000|1805|14440445|326449
1200000|1|6000|8|4|1|2|408000|1805|14440445|341892
1200000|1|6000|8|4|0|0|408000|1806|14448444|326203
1200000|1|6000|8|4|1|2|408000|1806|14448444|343003
1200000|1|6000|8|4|0|0|408000|1807|14456447|325465
1200000|1|6000|8|4|1|2|408000|1807|14456447|343371
1200000|1|6000|8|4|0|0|408000|1808|14464447|324850
1200000|1|6000|8|4|1|2|408000|1808|14464447|343494
1200000|1|6000|8|4|0|0|408000|1809|14472448|324768
1200000|1|6000|8|4|1|2|408000|1809|14472448|343575
1200000|1|6000|8|4|0|0|408000|1810|14480449|324440
1200000|1|6000|8|4|1|2|408000|1810|14480449|343903
1200000|1|6000|8|4|0|0|408000|1811|14488450|323620
1200000|1|6000|8|4|1|2|408000|1811|14488450|345011
1200000|1|6000|8|4|0|0|408000|1812|14496453|323497
1200000|1|6000|8|4|1|2|408000|1812|14496453|345749
1200000|1|6000|8|4|0|0|408000|1813|14504455|321939
1200000|1|6000|8|4|1|2|408000|1813|14504455|345668
1200000|1|6000|8|4|0|0|408000|1814|14512455|321488
1200000|1|6000|8|4|1|2|408000|1814|14512455|345745
1200000|1|6000|8|4|0|0|408000|1815|14520455|320463
1200000|1|6000|8|4|1|2|408000|1815|14520455|346898
1200000|1|6000|8|4|0|0|408000|1816|14528456|319397
1200000|1|6000|8|4|1|2|408000|1816|14528456|348250
1200000|1|6000|8|4|0|0|408000|1817|14536458|318085
1200000|1|6000|8|4|1|2|408000|1817|14536458|348659
1200000|1|6000|8|4|0|0|408000|1818|14544458|316896
1200000|1|6000|8|4|1|2|408000|1818|14544458|349275
1200000|1|6000|8|4|0|0|408000|1819|14552459|315912
1200000|1|6000|8|4|1|2|408000|1819|14552459|349930
1200000|1|6000|8|4|0|0|408000|1820|14560460|316486
1200000|1|6000|8|4|1|2|408000|1820|14560460|350545
1200000|1|6000|8|4|0|0|408000|1821|14568460|316445
1200000|1|6000|8|4|1|2|408000|1821|14568460|350710
1200000|1|6000|8|4|0|0|408000|1822|14576461|316363
1200000|1|6000|8|4|1|2|408000|1822|14576461|350793
1200000|1|6000|8|4|0|0|408000|1823|14584461|316322
1200000|1|6000|8|4|1|2|408000|1823|14584461|351162
1200000|1|6000|8|4|0|0|408000|1824|14592461|316363
1200000|1|6000|8|4|1|2|408000|1824|14592461|351161
1200000|1|6000|8|4|0|0|408000|1825|14600461|315994
1200000|1|6000|8|4|1|2|408000|1825|14600461|352021
1200000|1|6000|8|4|0|0|408000|1826|14608462|315953
1200000|1|6000|8|4|1|2|408000|1826|14608462|351816
1200000|1|6000|8|4|0|0|408000|1827|14616462|315297
1200000|1|6000|8|4|1|2|408000|1827|14616462|352719
1200000|1|6000|8|4|0|0|408000|1828|14624463|315379
1200000|1|6000|8|4|1|2|408000|1828|14624463|352637
1200000|1|6000|8|4|0|0|408000|1829|14632463|315256
1200000|1|6000|8|4|1|2|408000|1829|14632463|352595
1200000|1|6000|8|4|0|0|408000|1830|14640462|315010
1200000|1|6000|8|4|1|2|408000|1830|14640462|351038
1200000|1|6000|8|4|0|0|408000|1831|14648460|314805
1200000|1|6000|8|4|1|2|408000|1831|14648460|350587
1200000|1|6000|8|4|0|0|408000|1832|14656460|314641
1200000|1|6000|8|4|1|2|408000|1832|14656460|349727
1200000|1|6000|8|4|0|0|408000|1833|14664460|314559
1200000|1|6000|8|4|1|2|408000|1833|14664460|348946
1200000|1|6000|8|4|0|0|408000|1834|14672459|315584
1200000|1|6000|8|4|1|2|408000|1834|14672459|348251
1200000|1|6000|8|4|0|0|408000|1835|14680459|316199
1200000|1|6000|8|4|1|2|408000|1835|14680459|347880
1200000|1|6000|8|4|0|0|408000|1836|14688459|317101
1200000|1|6000|8|4|1|2|408000|1836|14688459|347594
1200000|1|6000|8|4|0|0|408000|1837|14696459|317757
1200000|1|6000|8|4|1|2|408000|1837|14696459|346897
1200000|1|6000|8|4|0|0|408000|1838|14704458|319356
1200000|1|6000|8|4|1|2|408000|1838|14704458|346077
1200000|1|6000|8|4|0|0|408000|1839|14712457|320504
1200000|1|6000|8|4|1|2|408000|1839|14712457|345013
1200000|1|6000|8|4|0|0|408000|1840|14720456|321078
1200000|1|6000|8|4|1|2|408000|1840|14720456|343370
1200000|1|6000|8|4|0|0|408000|1841|14728455|321898
1200000|1|6000|8|4|1|2|408000|1841|14728455|342632
1200000|1|6000|8|4|0|0|408000|1842|14736454|322636
1200000|1|6000|8|4|1|2|408000|1842|14736454|341402
1200000|1|6000|8|4|0|0|408000|1843|14744453|323005
1200000|1|6000|8|4|1|2|408000|1843|14744453|340828
1200000|1|6000|8|4|0|0|408000|1844|14752453|323210
1200000|1|6000|8|4|1|2|408000|1844|14752453|340828
1200000|1|6000|8|4|0|0|408000|1845|14760453|323497
1200000|1|6000|8|4|1|2|408000|1845|14760453|341896
1200000|1|6000|8|4|0|0|408000|1846|14768453|323866
1200000|1|6000|8|4|1|2|408000|1846|14768453|342223
1200000|1|6000|8|4|0|0|408000|1847|14776453|323866
1200000|1|6000|8|4|1|2|408000|1847|14776453|342633
1200000|1|6000|8|4|0|0|408000|1848|14784453|324932
1200000|1|6000|8|4|1|2|408000|1848|14784453|342264
1200000|1|6000|8|4|0|0|408000|1849|14792453|325219
1200000|1|6000|8|4|1|2|408000|1849|14792453|342303
1200000|1|6000|8|4|0|0|408000|1850|14800453|326572
1200000|1|6000|8|4|1|2|408000|1850|14800453|341361
1200000|1|6000|8|4|0|0|408000|1851|14808453|327146
1200000|1|6000|8|4|1|2|408000|1851|14808453|340456
1200000|1|6000|8|4|0|0|408000|1852|14816452|327720
1200000|1|6000|8|4|1|2|408000|1852|14816452|340254
1200000|1|6000|8|4|0|0|408000|1853|14824452|327966
1200000|1|6000|8|4|1|2|408000|1853|14824452|339107
1200000|1|6000|8|4|0|0|408000|1854|14832451|328499
1200000|1|6000|8|4|1|2|408000|1854|14832451|339927
1200000|1|6000|8|4|0|0|408000|1855|14840452|328458
1200000|1|6000|8|4|1|2|408000|1855|14840452|340050
1200000|1|6000|8|4|0|0|408000|1856|14848452|329032
1200000|1|6000|8|4|1|2|408000|1856|14848452|341030
1200000|1|6000|8|4|0|0|408000|1857|14856453|329237
1200000|1|6000|8|4|1|2|408000|1857|14856453|341076
1200000|1|6000|8|4|0|0|408000|1858|14864453|329524
1200000|1|6000|8|4|1|2|408000|1858|14864453|341483
1200000|1|6000|8|4|0|0|408000|1859|14872453|329606
1200000|1|6000|8|4|1|2|408000|1859|14872453|341154
1200000|1|6000|8|4|0|0|408000|1860|14880452|329483
1200000|1|6000|8|4|1|2|408000|1860|14880452|341399
1200000|1|6000|8|4|0|0|408000|1861|14888451|329852
1200000|1|6000|8|4|1|2|408000|1861|14888451|340870
1200000|1|6000|8|4|0|0|408000|1862|14896451|329524
1200000|1|6000|8|4|1|2|408000|1862|14896451|340379
1200000|1|6000|8|4|0|0|408000|1863|14904450|329606
1200000|1|6000|8|4|1|2|408000|1863|14904450|340131
1200000|1|6000|8|4|0|0|408000|1864|14912451|329073
1200000|1|6000|8|4|1|2|408000|1864|14912451|339516
1200000|1|6000|8|4|0|0|408000|1865|14920450|330016
1200000|1|6000|8|4|1|2|408000|1865|14920450|339349
1200000|1|6000|8|4|0|0|408000|1866|14928450|329647
1200000|1|6000|8|4|1|2|408000|1866|14928450|339763
1200000|1|6000|8|4|0|0|408000|1867|14936451|329852
1200000|1|6000|8|4|1|2|408000|1867|14936451|340173
1200000|1|6000|8|4|0|0|408000|1868|14944452|330057
1200000|1|6000|8|4|1|2|408000|1868|14944452|340336
1200000|1|6000|8|4|0|0|408000|1869|14952453|329852
1200000|1|6000|8|4|1|2|408000|1869|14952453|340827
1200000|1|6000|8|4|0|0|408000|1870|14960454|330016
1200000|1|6000|8|4|1|2|408000|1870|14960454|341155
1200000|1|6000|8|4|0|0|408000|1871|14968454|330385
1200000|1|6000|8|4|1|2|408000|1871|14968454|341608
1200000|1|6000|8|4|0|0|408000|1872|14976455|330549
1200000|1|6000|8|4|1|2|408000|1872|14976455|341360
1200000|1|6000|8|4|0|0|408000|1873|14984456|331000
1200000|1|6000|8|4|1|2|408000|1873|14984456|341362
1200000|1|6000|8|4|0|0|408000|1874|14992456|331369
1200000|1|6000|8|4|1|2|408000|1874|14992456|342099
1200000|1|6000|8|4|0|0|408000|1875|15000457|331451
1200000|1|6000|8|4|1|2|408000|1875|15000457|341484
1200000|1|6000|8|4|0|0|408000|1876|15008457|331820
1200000|1|6000|8|4|1|2|408000|1876|15008457|341730
1200000|1|6000|8|4|0|0|408000|1877|15016458|332353
1200000|1|6000|8|4|1|2|408000|1877|15016458|341239
1200000|1|6000|8|4|0|0|408000|1878|15024458|332681
1200000|1|6000|8|4|1|2|408000|1878|15024458|341565
1200000|1|6000|8|4|0|0|408000|1879|15032459|332025
1200000|1|6000|8|4|1|2|408000|1879|15032459|341730
1200000|1|6000|8|4|0|0|408000|1880|15040460|331902
1200000|1|6000|8|4|1|2|408000|1880|15040460|341403
1200000|1|6000|8|4|0|0|408000|1881|15048460|331492
1200000|1|6000|8|4|1|2|408000|1881|15048460|342140
1200000|1|6000|8|4|0|0|408000|1882|15056461|331041
1200000|1|6000|8|4|1|2|408000|1882|15056461|341648
1200000|1|6000|8|4|0|0|408000|1883|15064461|330549
1200000|1|6000|8|4|1|2|408000|1883|15064461|342468
1200000|1|6000|8|4|0|0|408000|1884|15072463|330631
1200000|1|6000|8|4|1|2|408000|1884|15072463|342920
1200000|1|6000|8|4|0|0|408000|1885|15080464|329975
1200000|1|6000|8|4|1|2|408000|1885|15080464|343697
1200000|1|6000|8|4|0|0|408000|1886|15088465|330057
1200000|1|6000|8|4|1|2|408000|1886|15088465|344436
1200000|1|6000|8|4|0|0|408000|1887|15096466|330467
1200000|1|6000|8|4|1|2|408000|1887|15096466|344930
1200000|1|6000|8|4|0|0|408000|1888|15104466|330508
1200000|1|6000|8|4|1|2|408000|1888|15104466|345459
1200000|1|6000|8|4|0|0|408000|1889|15112468|330754
1200000|1|6000|8|4|1|2|408000|1889|15112468|345543
1200000|1|6000|8|4|0|0|408000|1890|15120468|330672
1200000|1|6000|8|4|1|2|408000|1890|15120468|345050
1200000|1|6000|8|4|0|0|408000|1891|15128469|331000
1200000|1|6000|8|4|1|2|408000|1891|15128469|344683
1200000|1|6000|8|4|0|0|408000|1892|15136470|331369
1200000|1|6000|8|4|1|2|408000|1892|15136470|344272
1200000|1|6000|8|4|0|0|408000|1893|15144471|331328
1200000|1|6000|8|4|1|2|408000|1893|15144471|343986
1200000|1|6000|8|4|0|0|408000|1894|15152471|331410
1200000|1|6000|8|4|1|2|408000|1894|15152471|344067
1200000|1|6000|8|4|0|0|408000|1895|15160472|331984
1200000|1|6000|8|4|1|2|408000|1895|15160472|343616
1200000|1|6000|8|4|0|0|408000|1896|15168472|332558
1200000|1|6000|8|4|1|2|408000|1896|15168472|343249
1200000|1|6000|8|4|0|0|408000|1897|15176473|332968
1200000|1|6000|8|4|1|2|408000|1897|15176473|343823
1200000|1|6000|8|4|0|0|408000|1898|15184474|333296
1200000|1|6000|8|4|1|2|408000|1898|15184474|344314
1200000|1|6000|8|4|0|0|408000|1899|15192476|333952
1200000|1|6000|8|4|1|2|408000|1899|15192476|344928
1200000|1|6000|8|4|0|0|408000|1900|15200477|334198
1200000|1|6000|8|4|1|2|408000|1900|15200477|345216
1200000|1|6000|8|4|0|0|408000|1901|15208478|333788
1200000|1|6000|8|4|1|2|408000|1901|15208478|345337
1200000|1|6000|8|4|0|0|408000|1902|15216478|333419
1200000|1|6000|8|4|1|2|408000|1902|15216478|345377
1200000|1|6000|8|4|0|0|408000|1903|15224479|332640
1200000|1|6000|8|4|1|2|408000|1903|15224479|344969
1200000|1|6000|8|4|0|0|408000|1904|15232479|331943
1200000|1|6000|8|4|1|2|408000|1904|15232479|344683
1200000|1|6000|8|4|0|0|408000|1905|15240478|331082
1200000|1|6000|8|4|1|2|408000|1905|15240478|344600
1200000|1|6000|8|4|0|0|408000|1906|15248477|330467
1200000|1|6000|8|4|1|2|408000|1906|15248477|344436
1200000|1|6000|8|4|0|0|408000|1907|15256477|330139
1200000|1|6000|8|4|1|2|408000|1907|15256477|344476
1200000|1|6000|8|4|0|0|408000|1908|15264476|330098
1200000|1|6000|8|4|1|2|408000|1908|15264476|344562
1200000|1|6000|8|4|0|0|408000|1909|15272475|329975
1200000|1|6000|8|4|1|2|408000|1909|15272475|344561
1200000|1|6000|8|4|0|0|408000|1910|15280475|329729
1200000|1|6000|8|4|1|2|408000|1910|15280475|344562
1200000|1|6000|8|4|0|0|408000|1911|15288475|328950
1200000|1|6000|8|4|1|2|408000|1911|15288475|344929
1200000|1|6000|8|4|0|0|408000|1912|15296476|328458
1200000|1|6000|8|4|1|2|408000|1912|15296476|344557
1200000|1|6000|8|4|0|0|408000|1913|15304475|328253
1200000|1|6000|8|4|1|2|408000|1913|15304475|343983
1200000|1|6000|8|4|0|0|408000|1914|15312476|327638
1200000|1|6000|8|4|1|2|408000|1914|15312476|343781
1200000|1|6000|8|4|0|0|408000|1915|15320475|327392
1200000|1|6000|8|4|1|2|408000|1915|15320475|343577
1200000|1|6000|8|4|0|0|408000|1916|15328476|326900
1200000|1|6000|8|4|1|2|408000|1916|15328476|343165
1200000|1|6000|8|4|0|0|408000|1917|15336475|326449
1200000|1|6000|8|4|1|2|408000|1917|15336475|343086
1200000|1|6000|8|4|0|0|408000|1918|15344475|326572
1200000|1|6000|8|4|1|2|408000|1918|15344475|343413
1200000|1|6000|8|4|0|0|408000|1919|15352475|326572
1200000|1|6000|8|4|1|2|408000|1919|15352475|342920
1200000|1|6000|8|4|0|0|408000|1920|15360475|326244
1200000|1|6000|8|4|1|2|408000|1920|15360475|343002
1200000|1|6000|8|4|0|0|408000|1921|15368475|325014
1200000|1|6000|8|4|1|2|408000|1921|15368475|343001
1200000|1|6000|8|4|0|0|408000|1922|15376475|325219
1200000|1|6000|8|4|1|2|408000|1922|15376475|342511
1200000|1|6000|8|4|0|0|408000|1923|15384474|324481
1200000|1|6000|8|4|1|2|408000|1923|15384474|342305
1200000|1|6000|8|4|0|0|408000|1924|15392474|324850
1200000|1|6000|8|4|1|2|408000|1924|15392474|341813
1200000|1|6000|8|4|0|0|408000|1925|15400474|325096
1200000|1|6000|8|4|1|2|408000|1925|15400474|341772
1200000|1|6000|8|4|0|0|408000|1926|15408474|324891
1200000|1|6000|8|4|1|2|408000|1926|15408474|341526
1200000|1|6000|8|4|0|0|408000|1927|15416474|324932
1200000|1|6000|8|4|1|2|408000|1927|15416474|342222
1200000|1|6000|8|4|0|0|408000|1928|15424474|324809
1200000|1|6000|8|4|1|2|408000|1928|15424474|342676
1200000|1|6000|8|4|0|0|408000|1929|15432476|325055
1200000|1|6000|8|4|1|2|408000|1929|15432476|342632
1200000|1|6000|8|4|0|0|408000|1930|15440475|325014
1200000|1|6000|8|4|1|2|408000|1930|15440475|342714
1200000|1|6000|8|4|0|0|408000|1931|15448476|324891
1200000|1|6000|8|4|1|2|408000|1931|15448476|342468
1200000|1|6000|8|4|0|0|408000|1932|15456476|324481
1200000|1|6000|8|4|1|2|408000|1932|15456476|342876
1200000|1|6000|8|4|0|0|408000|1933|15464477|324850
1200000|1|6000|8|4|1|2|408000|1933|15464477|341814
1200000|1|6000|8|4|0|0|408000|1934|15472475|325096
1200000|1|6000|8|4|1|2|408000|1934|15472475|342055
1200000|1|6000|8|4|0|0|408000|1935|15480476|325178
1200000|1|6000|8|4|1|2|408000|1935|15480476|341855
1200000|1|6000|8|4|0|0|408000|1936|15488476|325711
1200000|1|6000|8|4|1|2|408000|1936|15488476|341975
1200000|1|6000|8|4|0|0|408000|1937|15496476|325383
1200000|1|6000|8|4|1|2|408000|1937|15496476|341566
1200000|1|6000|8|4|0|0|408000|1938|15504476|326039
1200000|1|6000|8|4|1|2|408000|1938|15504476|341895
1200000|1|6000|8|4|0|0|408000|1939|15512477|326080
1200000|1|6000|8|4|1|2|408000|1939|15512477|342511
1200000|1|6000|8|4|0|0|408000|1940|15520478|326490
1200000|1|6000|8|4|1|2|408000|1940|15520478|343576
1200000|1|6000|8|4|0|0|408000|1941|15528480|326941
1200000|1|6000|8|4|1|2|408000|1941|15528480|344396
1200000|1|6000|8|4|0|0|408000|1942|15536481|327269
1200000|1|6000|8|4|1|2|408000|1942|15536481|344270
1200000|1|6000|8|4|0|0|408000|1943|15544481|328130
1200000|1|6000|8|4|1|2|408000|1943|15544481|344108
1200000|1|6000|8|4|0|0|408000|1944|15552481|328499
1200000|1|6000|8|4|1|2|408000|1944|15552481|343409
1200000|1|6000|8|4|0|0|408000|1945|15560481|328991
1200000|1|6000|8|4|1|2|408000|1945|15560481|342879
1200000|1|6000|8|4|0|0|408000|1946|15568480|328253
1200000|1|6000|8|4|1|2|408000|1946|15568480|342388
1200000|1|6000|8|4|0|0|408000|1947|15576480|328089
1200000|1|6000|8|4|1|2|408000|1947|15576480|342140
1200000|1|6000|8|4|0|0|408000|1948|15584479|327310
1200000|1|6000|8|4|1|2|408000|1948|15584479|341855
1200000|1|6000|8|4|0|0|408000|1949|15592479|327187
1200000|1|6000|8|4|1|2|408000|1949|15592479|341608
1200000|1|6000|8|4|0|0|408000|1950|15600478|326654
1200000|1|6000|8|4|1|2|408000|1950|15600478|340380
1200000|1|6000|8|4|0|0|408000|1951|15608478|326531
1200000|1|6000|8|4|1|2|408000|1951|15608478|339190
1200000|1|6000|8|4|0|0|408000|1952|15616477|326900
1200000|1|6000|8|4|1|2|408000|1952|15616477|337917
1200000|1|6000|8|4|0|0|408000|1953|15624476|326777
1200000|1|6000|8|4|1|2|408000|1953|15624476|336318
1200000|1|6000|8|4|0|0|408000|1954|15632475|327228
1200000|1|6000|8|4|1|2|408000|1954|15632475|335541
1200000|1|6000|8|4|0|0|408000|1955|15640474|328007
1200000|1|6000|8|4|1|2|408000|1955|15640474|334351
1200000|1|6000|8|4|0|0|408000|1956|15648473|328581
1200000|1|6000|8|4|1|2|408000|1956|15648473|334719
1200000|1|6000|8|4|0|0|408000|1957|15656474|328827
1200000|1|6000|8|4|1|2|408000|1957|15656474|335212
1200000|1|6000|8|4|0|0|408000|1958|15664475|329442
1200000|1|6000|8|4|1|2|408000|1958|15664475|336113
1200000|1|6000|8|4|0|0|408000|1959|15672476|329975
1200000|1|6000|8|4|1|2|408000|1959|15672476|335537
1200000|1|6000|8|4|0|0|408000|1960|15680476|330795
1200000|1|6000|8|4|1|2|408000|1960|15680476|335949
1200000|1|6000|8|4|0|0|408000|1961|15688476|330262
1200000|1|6000|8|4|1|2|408000|1961|15688476|335539
1200000|1|6000|8|4|0|0|408000|1962|15696476|329852
1200000|1|6000|8|4|1|2|408000|1962|15696476|335415
1200000|1|6000|8|4|0|0|408000|1963|15704477|328253
1200000|1|6000|8|4|1|2|408000|1963|15704477|334351
1200000|1|6000|8|4|0|0|408000|1964|15712476|327556
1200000|1|6000|8|4|1|2|408000|1964|15712476|333202
1200000|1|6000|8|4|0|0|408000|1965|15720474|326941
1200000|1|6000|8|4|1|2|408000|1965|15720474|332874
1200000|1|6000|8|4|0|0|408000|1966|15728473|325752
1200000|1|6000|8|4|1|2|408000|1966|15728473|332670
1200000|1|6000|8|4|0|0|408000|1967|15736472|325424
1200000|1|6000|8|4|1|2|408000|1967|15736472|331973
1200000|1|6000|8|4|0|0|408000|1968|15744470|324768
1200000|1|6000|8|4|1|2|408000|1968|15744470|331275
1200000|1|6000|8|4|0|0|408000|1969|15752470|325219
1200000|1|6000|8|4|1|2|408000|1969|15752470|330784
1200000|1|6000|8|4|0|0|408000|1970|15760469|325547
1200000|1|6000|8|4|1|2|408000|1970|15760469|330373
1200000|1|6000|8|4|0|0|408000|1971|15768468|326039
1200000|1|6000|8|4|1|2|408000|1971|15768468|330170
1200000|1|6000|8|4|0|0|408000|1972|15776468|326613
1200000|1|6000|8|4|1|2|408000|1972|15776468|329182
1200000|1|6000|8|4|0|0|408000|1973|15784467|326654
1200000|1|6000|8|4|1|2|408000|1973|15784467|327463
1200000|1|6000|8|4|0|0|408000|1974|15792466|326777
1200000|1|6000|8|4|1|2|408000|1974|15792466|326520
1200000|1|6000|8|4|0|0|408000|1975|15800465|326203
1200000|1|6000|8|4|1|2|408000|1975|15800465|325413
1200000|1|6000|8|4|0|0|408000|1976|15808464|326736
1200000|1|6000|8|4|1|2|408000|1976|15808464|324593
1200000|1|6000|8|4|0|0|408000|1977|15816464|327474
1200000|1|6000|8|4|1|2|408000|1977|15816464|323570
1200000|1|6000|8|4|0|0|408000|1978|15824462|328786
1200000|1|6000|8|4|1|2|408000|1978|15824462|323692
1200000|1|6000|8|4|0|0|408000|1979|15832463|329934
1200000|1|6000|8|4|1|2|408000|1979|15832463|323896
1200000|1|6000|8|4|0|0|408000|1980|15840464|331000
1200000|1|6000|8|4|1|2|408000|1980|15840464|324633
1200000|1|6000|8|4|0|0|408000|1981|15848464|331697
1200000|1|6000|8|4|1|2|408000|1981|15848464|325248
1200000|1|6000|8|4|0|0|408000|1982|15856464|332722
1200000|1|6000|8|4|1|2|408000|1982|15856464|325453
1200000|1|6000|8|4|0|0|408000|1983|15864464|333665
1200000|1|6000|8|4|1|2|408000|1983|15864464|326024
1200000|1|6000|8|4|0|0|408000|1984|15872465|333542
1200000|1|6000|8|4|1|2|408000|1984|15872465|325781
1200000|1|6000|8|4|0|0|408000|1985|15880464|334198
1200000|1|6000|8|4|1|2|408000|1985|15880464|326029
1200000|1|6000|8|4|0|0|408000|1986|15888464|334198
1200000|1|6000|8|4|1|2|408000|1986|15888464|325495
1200000|1|6000|8|4|0|0|408000|1987|15896463|334690
1200000|1|6000|8|4|1|2|408000|1987|15896463|325699
1200000|1|6000|8|4|0|0|408000|1988|15904464|334936
1200000|1|6000|8|4|1|2|408000|1988|15904464|324470
1200000|1|6000|8|4|0|0|408000|1989|15912463|335592
1200000|1|6000|8|4|1|2|408000|1989|15912463|323933
1200000|1|6000|8|4|0|0|408000|1990|15920463|335797
1200000|1|6000|8|4|1|2|408000|1990|15920463|323363
1200000|1|6000|8|4|0|0|408000|1991|15928463|336166
1200000|1|6000|8|4|1|2|408000|1991|15928463|323444
1200000|1|6000|8|4|0|0|408000|1992|15936464|335756
1200000|1|6000|8|4|1|2|408000|1992|15936464|323239
1200000|1|6000|8|4|0|0|408000|1993|15944464|335879
1200000|1|6000|8|4|1|2|408000|1993|15944464|323236
1200000|1|6000|8|4|0|0|408000|1994|15952465|336166
1200000|1|6000|8|4|1|2|408000|1994|15952465|323158
1200000|1|6000|8|4|0|0|408000|1995|15960465|335920
1200000|1|6000|8|4|1|2|408000|1995|15960465|322789
1200000|1|6000|8|4|0|0|408000|1996|15968465|336043
1200000|1|6000|8|4|1|2|408000|1996|15968465|322912
1200000|1|6000|8|4|0|0|408000|1997|15976465|335510
1200000|1|6000|8|4|1|2|408000|1997|15976465|322585
1200000|1|6000|8|4|0|0|408000|1998|15984466|336289
1200000|1|6000|8|4|1|2|408000|1998|15984466|322665
1200000|1|6000|8|4|0|0|408000|1999|15992466|336166
1200000|1|6000|8|4|1|2|408000|1999|15992466|322380
1200000|1|6000|8|5|0|0|408000|0|0|407763
1200000|1|6000|8|5|1|2|408000|0|0|403517
1200000|1|6000|8|5|0|0|408000|1|7991|408321
1200000|1|6000|8|5|1|2|408000|1|7991|402533
1200000|1|6000|8|5|0|0|408000|2|15987|409343
1200000|1|6000|8|5|1|2|408000|2|15987|401961
1200000|1|6000|8|5|0|0|408000|3|23985|410447
1200000|1|6000|8|5|1|2|408000|3|23985|401671
1200000|1|6000|8|5|0|0|408000|4|31984|411477
1200000|1|6000|8|5|1|2|408000|4|31984|402000
1200000|1|6000|8|5|0|0|408000|5|39984|412580
1200000|1|6000|8|5|1|2|408000|5|39984|402739
1200000|1|6000|8|5|0|0|408000|6|47984|413404
1200000|1|6000|8|5|1|2|408000|6|47984|403437
1200000|1|6000|8|5|0|0|408000|7|55985|413935
1200000|1|6000|8|5|1|2|408000|7|55985|404872
1200000|1|6000|8|5|0|0|408000|8|63986|415044
1200000|1|6000|8|5|1|2|408000|8|63986|405772
1200000|1|6000|8|5|0|0|408000|9|71986|415657
1200000|1|6000|8|5|1|2|408000|9|71986|407046
1200000|1|6000|8|5|0|0|408000|10|79988|416559
1200000|1|6000|8|5|1|2|408000|10|79988|407740
1200000|1|6000|8|5|0|0|408000|11|87989|417217
1200000|1|6000|8|5|1|2|408000|11|87989|408767
1200000|1|6000|8|5|0|0|408000|12|95990|418076
1200000|1|6000|8|5|1|2|408000|12|95990|410118
1200000|1|6000|8|5|0|0|408000|13|103992|419431
1200000|1|6000|8|5|1|2|408000|13|103992|411143
1200000|1|6000|8|5|0|0|408000|14|111993|420086
1200000|1|6000|8|5|1|2|408000|14|111993|411510
1200000|1|6000|8|5|0|0|408000|15|119994|421316
1200000|1|6000|8|5|1|2|408000|15|119994|412127
1200000|1|6000|8|5|0|0|408000|16|127993|422053
1200000|1|6000|8|5|1|2|408000|16|127993|412415
1200000|1|6000|8|5|0|0|408000|17|135994|422791
1200000|1|6000|8|5|1|2|408000|17|135994|412620
1200000|1|6000|8|5|0|0|408000|18|143994|423324
1200000|1|6000|8|5|1|2|408000|18|143994|412822
1200000|1|6000|8|5|0|0|408000|19|151994|423039
1200000|1|6000|8|5|1|2|408000|19|151994|413603
1200000|1|6000|8|5|0|0|408000|20|159995|422547
1200000|1|6000|8|5|1|2|408000|20|159995|413481
1200000|1|6000|8|5|0|0|408000|21|167995|422832
1200000|1|6000|8|5|1|2|408000|21|167995|414096
1200000|1|6000|8|5|0|0|408000|22|175995|423489
1200000|1|6000|8|5|1|2|408000|22|175995|413604
1200000|1|6000|8|5|0|0|408000|23|183995|423774
1200000|1|6000|8|5|1|2|408000|23|183995|413401
1200000|1|6000|8|5|0|0|408000|24|191996|424268
1200000|1|6000|8|5|1|2|408000|24|191996|413192
1200000|1|6000|8|5|0|0|408000|25|199995|424308
1200000|1|6000|8|5|1|2|408000|25|199995|413234
1200000|1|6000|8|5|0|0|408000|26|207996|423899
1200000|1|6000|8|5|1|2|408000|26|207996|413603
1200000|1|6000|8|5|0|0|408000|27|215997|423201
1200000|1|6000|8|5|1|2|408000|27|215997|413191
1200000|1|6000|8|5|0|0|408000|28|223997|422588
1200000|1|6000|8|5|1|2|408000|28|223997|412537
1200000|1|6000|8|5|0|0|408000|29|231995|422300
1200000|1|6000|8|5|1|2|408000|29|231995|411346
1200000|1|6000|8|5|0|0|408000|30|239995|422301
1200000|1|6000|8|5|1|2|408000|30|239995|410570
1200000|1|6000|8|5|0|0|408000|31|247993|422382
1200000|1|6000|8|5|1|2|408000|31|247993|409708
1200000|1|6000|8|5|0|0|408000|32|255992|421930
1200000|1|6000|8|5|1|2|408000|32|255992|408639
1200000|1|6000|8|5|0|0|408000|33|263991|422545
1200000|1|6000|8|5|1|2|408000|33|263991|407742
1200000|1|6000|8|5|0|0|408000|34|271990|423039
1200000|1|6000|8|5|1|2|408000|34|271990|406470
1200000|1|6000|8|5|0|0|408000|35|279989|423570
1200000|1|6000|8|5|1|2|408000|35|279989|406964
1200000|1|6000|8|5|0|0|408000|36|287990|424103
1200000|1|6000|8|5|1|2|408000|36|287990|407126
1200000|1|6000|8|5|0|0|408000|37|295990|424392
1200000|1|6000|8|5|1|2|408000|37|295990|407784
1200000|1|6000|8|5|0|0|408000|38|303991|424226
1200000|1|6000|8|5|1|2|408000|38|303991|407864
1200000|1|6000|8|5|0|0|408000|39|311990|424185
1200000|1|6000|8|5|1|2|408000|39|311990|407739
1200000|1|6000|8|5|0|0|408000|40|319991|424554
1200000|1|6000|8|5|1|2|408000|40|319991|407372
1200000|1|6000|8|5|0|0|408000|41|327991|424759
1200000|1|6000|8|5|1|2|408000|41|327991|407453
1200000|1|6000|8|5|0|0|408000|42|335991|425048
1200000|1|6000|8|5|1|2|408000|42|335991|407410
1200000|1|6000|8|5|0|0|408000|43|343991|425498
1200000|1|6000|8|5|1|2|408000|43|343991|407658
1200000|1|6000|8|5|0|0|408000|44|351990|425536
1200000|1|6000|8|5|1|2|408000|44|351990|407947
1200000|1|6000|8|5|0|0|408000|45|359991|425784
1200000|1|6000|8|5|1|2|408000|45|359991|407823
1200000|1|6000|8|5|0|0|408000|46|367990|426113
1200000|1|6000|8|5|1|2|408000|46|367990|408480
1200000|1|6000|8|5|0|0|408000|47|375991|426232
1200000|1|6000|8|5|1|2|408000|47|375991|408396
1200000|1|6000|8|5|0|0|408000|48|383991|426155
1200000|1|6000|8|5|1|2|408000|48|383991|408521
1200000|1|6000|8|5|0|0|408000|49|391991|426728
1200000|1|6000|8|5|1|2|408000|49|391991|408316
1200000|1|6000|8|5|0|0|408000|50|399990|427262
1200000|1|6000|8|5|1|2|408000|50|399990|408641
1200000|1|6000|8|5|0|0|408000|51|407991|427383
1200000|1|6000|8|5|1|2|408000|51|407991|408397
1200000|1|6000|8|5|0|0|408000|52|415990|427589
1200000|1|6000|8|5|1|2|408000|52|415990|409259
1200000|1|6000|8|5|0|0|408000|53|423991|427506
1200000|1|6000|8|5|1|2|408000|53|423991|409462
1200000|1|6000|8|5|0|0|408000|54|431991|428450
1200000|1|6000|8|5|1|2|408000|54|431991|409462
1200000|1|6000|8|5|0|0|408000|55|439991|429269
1200000|1|6000|8|5|1|2|408000|55|439991|409055
1200000|1|6000|8|5|0|0|408000|56|447990|429474
1200000|1|6000|8|5|1|2|408000|56|447990|409013
1200000|1|6000|8|5|0|0|408000|57|455990|429720
1200000|1|6000|8|5|1|2|408000|57|455990|408476
1200000|1|6000|8|5|0|0|408000|58|463989|429924
1200000|1|6000|8|5|1|2|408000|58|463989|407494
1200000|1|6000|8|5|0|0|408000|59|471989|430828
1200000|1|6000|8|5|1|2|408000|59|471989|406797
1200000|1|6000|8|5|0|0|408000|60|479988|430866
1200000|1|6000|8|5|1|2|408000|60|479988|405978
1200000|1|6000|8|5|0|0|408000|61|487988|431156
1200000|1|6000|8|5|1|2|408000|61|487988|405688
1200000|1|6000|8|5|0|0|408000|62|495987|430746
1200000|1|6000|8|5|1|2|408000|62|495987|405567
1200000|1|6000|8|5|0|0|408000|63|503988|431398
1200000|1|6000|8|5|1|2|408000|63|503988|405690
1200000|1|6000|8|5|0|0|408000|64|511988|431729
1200000|1|6000|8|5|1|2|408000|64|511988|405282
1200000|1|6000|8|5|0|0|408000|65|519988|431730
1200000|1|6000|8|5|1|2|408000|65|519988|405484
1200000|1|6000|8|5|0|0|408000|66|527988|432302
1200000|1|6000|8|5|1|2|408000|66|527988|404662
1200000|1|6000|8|5|0|0|408000|67|535988|431853
1200000|1|6000|8|5|1|2|408000|67|535988|404665
1200000|1|6000|8|5|0|0|408000|68|543988|432838
1200000|1|6000|8|5|1|2|408000|68|543988|403723
1200000|1|6000|8|5|0|0|408000|69|551987|433329
1200000|1|6000|8|5|1|2|408000|69|551987|403271
1200000|1|6000|8|5|0|0|408000|70|559987|434027
1200000|1|6000|8|5|1|2|408000|70|559987|402863
1200000|1|6000|8|5|0|0|408000|71|567987|434764
1200000|1|6000|8|5|1|2|408000|71|567987|402492
1200000|1|6000|8|5|0|0|408000|72|575987|435460
1200000|1|6000|8|5|1|2|408000|72|575987|403233
1200000|1|6000|8|5|0|0|408000|73|583988|435990
1200000|1|6000|8|5|1|2|408000|73|583988|402535
1200000|1|6000|8|5|0|0|408000|74|591987|436567
1200000|1|6000|8|5|1|2|408000|74|591987|402780
1200000|1|6000|8|5|0|0|408000|75|599987|436404
1200000|1|6000|8|5|1|2|408000|75|599987|402285
1200000|1|6000|8|5|0|0|408000|76|607987|436154
1200000|1|6000|8|5|1|2|408000|76|607987|402162
1200000|1|6000|8|5|0|0|408000|77|615986|436896
1200000|1|6000|8|5|1|2|408000|77|615986|401387
1200000|1|6000|8|5|0|0|408000|78|623985|437347
1200000|1|6000|8|5|1|2|408000|78|623985|400975
1200000|1|6000|8|5|0|0|408000|79|631986|437676
1200000|1|6000|8|5|1|2|408000|79|631986|400685
1200000|1|6000|8|5|0|0|408000|80|639986|438246
1200000|1|6000|8|5|1|2|408000|80|639986|400361
1200000|1|6000|8|5|0|0|408000|81|647985|438782
1200000|1|6000|8|5|1|2|408000|81|647985|400402
1200000|1|6000|8|5|0|0|408000|82|655986|439398
1200000|1|6000|8|5|1|2|408000|82|655986|400237
1200000|1|6000|8|5|0|0|408000|83|663986|438988
1200000|1|6000|8|5|1|2|408000|83|663986|399828
1200000|1|6000|8|5|0|0|408000|84|671985|438413
1200000|1|6000|8|5|1|2|408000|84|671985|399747
1200000|1|6000|8|5|0|0|408000|85|679985|437840
1200000|1|6000|8|5|1|2|408000|85|679985|400032
1200000|1|6000|8|5|0|0|408000|86|687985|437142
1200000|1|6000|8|5|1|2|408000|86|687985|400157
1200000|1|6000|8|5|0|0|408000|87|695986|436852
1200000|1|6000|8|5|1|2|408000|87|695986|400316
1200000|1|6000|8|5|0|0|408000|88|703986|436240
1200000|1|6000|8|5|1|2|408000|88|703986|400481
1200000|1|6000|8|5|0|0|408000|89|711986|435747
1200000|1|6000|8|5|1|2|408000|89|711986|400934
1200000|1|6000|8|5|0|0|408000|90|719987|435584
1200000|1|6000|8|5|1|2|408000|90|719987|401016
1200000|1|6000|8|5|0|0|408000|91|727987|435297
1200000|1|6000|8|5|1|2|408000|91|727987|401551
1200000|1|6000|8|5|0|0|408000|92|735988|435256
1200000|1|6000|8|5|1|2|408000|92|735988|401181
1200000|1|6000|8|5|0|0|408000|93|743987|435050
1200000|1|6000|8|5|1|2|408000|93|743987|401838
1200000|1|6000|8|5|0|0|408000|94|751988|434761
1200000|1|6000|8|5|1|2|408000|94|751988|401878
1200000|1|6000|8|5|0|0|408000|95|759988|434887
1200000|1|6000|8|5|1|2|408000|95|759988|401711
1200000|1|6000|8|5|0|0|408000|96|767988|434807
1200000|1|6000|8|5|1|2|408000|96|767988|402245
1200000|1|6000|8|5|0|0|408000|97|775988|434843
1200000|1|6000|8|5|1|2|408000|97|775988|402451
1200000|1|6000|8|5|0|0|408000|98|783989|434719
1200000|1|6000|8|5|1|2|408000|98|783989|402575
1200000|1|6000|8|5|0|0|408000|99|791989|434518
1200000|1|6000|8|5|1|2|408000|99|791989|401467
1200000|1|6000|8|5|0|0|408000|100|799988|434314
1200000|1|6000|8|5|1|2|408000|100|799988|400935
1200000|1|6000|8|5|0|0|408000|101|807988|434270
1200000|1|6000|8|5|1|2|408000|101|807988|399869
1200000|1|6000|8|5|0|0|408000|102|815988|433653
1200000|1|6000|8|5|1|2|408000|102|815988|399209
1200000|1|6000|8|5|0|0|408000|103|823988|433493
1200000|1|6000|8|5|1|2|408000|103|823988|398679
1200000|1|6000|8|5|0|0|408000|104|831988|432470
1200000|1|6000|8|5|1|2|408000|104|831988|398064
1200000|1|6000|8|5|0|0|408000|105|839988|432714
1200000|1|6000|8|5|1|2|408000|105|839988|397775
1200000|1|6000|8|5|0|0|408000|106|847988|432098
1200000|1|6000|8|5|1|2|408000|106|847988|398065
1200000|1|6000|8|5|0|0|408000|107|855989|432344
1200000|1|6000|8|5|1|2|408000|107|855989|397901
1200000|1|6000|8|5|0|0|408000|108|863989|432221
1200000|1|6000|8|5|1|2|408000|108|863989|397610
1200000|1|6000|8|5|0|0|408000|109|871989|432591
1200000|1|6000|8|5|1|2|408000|109|871989|396712
1200000|1|6000|8|5|0|0|408000|110|879988|433082
1200000|1|6000|8|5|1|2|408000|110|879988|396549
1200000|1|6000|8|5|0|0|408000|111|887989|433944
1200000|1|6000|8|5|1|2|408000|111|887989|395809
1200000|1|6000|8|5|0|0|408000|112|895988|434888
1200000|1|6000|8|5|1|2|408000|112|895988|395402
1200000|1|6000|8|5|0|0|408000|113|903988|435460
1200000|1|6000|8|5|1|2|408000|113|903988|395275
1200000|1|6000|8|5|0|0|408000|114|911988|436401
1200000|1|6000|8|5|1|2|408000|114|911988|395155
1200000|1|6000|8|5|0|0|408000|115|919987|437100
1200000|1|6000|8|5|1|2|408000|115|919987|394990
1200000|1|6000|8|5|0|0|408000|116|927987|437264
1200000|1|6000|8|5|1|2|408000|116|927987|395237
1200000|1|6000|8|5|0|0|408000|117|935987|436689
1200000|1|6000|8|5|1|2|408000|117|935987|395235
1200000|1|6000|8|5|0|0|408000|118|943987|435994
1200000|1|6000|8|5|1|2|408000|118|943987|395318
1200000|1|6000|8|5|0|0|408000|119|951987|435460
1200000|1|6000|8|5|1|2|408000|119|951987|395401
1200000|1|6000|8|5|0|0|408000|120|959987|435379
1200000|1|6000|8|5|1|2|408000|120|959987|394374
1200000|1|6000|8|5|0|0|408000|121|967987|434804
1200000|1|6000|8|5|1|2|408000|121|967987|394580
1200000|1|6000|8|5|0|0|408000|122|975987|434395
1200000|1|6000|8|5|1|2|408000|122|975987|394048
1200000|1|6000|8|5|0|0|408000|123|983986|434067
1200000|1|6000|8|5|1|2|408000|123|983986|394412
1200000|1|6000|8|5|0|0|408000|124|991986|433983
1200000|1|6000|8|5|1|2|408000|124|991986|393595
1200000|1|6000|8|5|0|0|408000|125|999986|433738
1200000|1|6000|8|5|1|2|408000|125|999986|394088
1200000|1|6000|8|5|0|0|408000|126|1007986|433042
1200000|1|6000|8|5|1|2|408000|126|1007986|394047
1200000|1|6000|8|5|0|0|408000|127|1015986|432837
1200000|1|6000|8|5|1|2|408000|127|1015986|394619
1200000|1|6000|8|5|0|0|408000|128|1023986|432139
1200000|1|6000|8|5|1|2|408000|128|1023986|393882
1200000|1|6000|8|5|0|0|408000|129|1031986|431688
1200000|1|6000|8|5|1|2|408000|129|1031986|394005
1200000|1|6000|8|5|0|0|408000|130|1039985|430499
1200000|1|6000|8|5|1|2|408000|130|1039985|393839
1200000|1|6000|8|5|0|0|408000|131|1047986|429968
1200000|1|6000|8|5|1|2|408000|131|1047986|393761
1200000|1|6000|8|5|0|0|408000|132|1055986|428983
1200000|1|6000|8|5|1|2|408000|132|1055986|393963
1200000|1|6000|8|5|0|0|408000|133|1063986|428163
1200000|1|6000|8|5|1|2|408000|133|1063986|394334
1200000|1|6000|8|5|0|0|408000|134|1071987|426850
1200000|1|6000|8|5|1|2|408000|134|1071987|394537
1200000|1|6000|8|5|0|0|408000|135|1079987|426070
1200000|1|6000|8|5|1|2|408000|135|1079987|394744
1200000|1|6000|8|5|0|0|408000|136|1087987|424839
1200000|1|6000|8|5|1|2|408000|136|1087987|394867
1200000|1|6000|8|5|0|0|408000|137|1095987|424020
1200000|1|6000|8|5|1|2|408000|137|1095987|394988
1200000|1|6000|8|5|0|0|408000|138|1103987|423038
1200000|1|6000|8|5|1|2|408000|138|1103987|395360
1200000|1|6000|8|5|0|0|408000|139|1111986|423285
1200000|1|6000|8|5|1|2|408000|139|1111986|395318
1200000|1|6000|8|5|0|0|408000|140|1119986|423775
1200000|1|6000|8|5|1|2|408000|140|1119986|396055
1200000|1|6000|8|5|0|0|408000|141|1127987|423939
1200000|1|6000|8|5|1|2|408000|141|1127987|395975
1200000|1|6000|8|5|0|0|408000|142|1135988|423653
1200000|1|6000|8|5|1|2|408000|142|1135988|395195
1200000|1|6000|8|5|0|0|408000|143|1143987|423941
1200000|1|6000|8|5|1|2|408000|143|1143987|394456
1200000|1|6000|8|5|0|0|408000|144|1151987|423444
1200000|1|6000|8|5|1|2|408000|144|1151987|392980
1200000|1|6000|8|5|0|0|408000|145|1159986|422258
1200000|1|6000|8|5|1|2|408000|145|1159986|393064
1200000|1|6000|8|5|0|0|408000|146|1167986|420864
1200000|1|6000|8|5|1|2|408000|146|1167986|392570
1200000|1|6000|8|5|0|0|408000|147|1175987|419799
1200000|1|6000|8|5|1|2|408000|147|1175987|392981
1200000|1|6000|8|5|0|0|408000|148|1183988|418733
1200000|1|6000|8|5|1|2|408000|148|1183988|392654
1200000|1|6000|8|5|0|0|408000|149|1191987|417663
1200000|1|6000|8|5|1|2|408000|149|1191987|393679
1200000|1|6000|8|5|0|0|408000|150|1199987|416887
1200000|1|6000|8|5|1|2|408000|150|1199987|393515
1200000|1|6000|8|5|0|0|408000|151|1207987|416314
1200000|1|6000|8|5|1|2|408000|151|1207987|393882
1200000|1|6000|8|5|0|0|408000|152|1215987|417010
1200000|1|6000|8|5|1|2|408000|152|1215987|393884
1200000|1|6000|8|5|0|0|408000|153|1223987|417462
1200000|1|6000|8|5|1|2|408000|153|1223987|394415
1200000|1|6000|8|5|0|0|408000|154|1231987|417708
1200000|1|6000|8|5|1|2|408000|154|1231987|394659
1200000|1|6000|8|5|0|0|408000|155|1239988|417299
1200000|1|6000|8|5|1|2|408000|155|1239988|394744
1200000|1|6000|8|5|0|0|408000|156|1247988|417093
1200000|1|6000|8|5|1|2|408000|156|1247988|394538
1200000|1|6000|8|5|0|0|408000|157|1255987|416679
1200000|1|6000|8|5|1|2|408000|157|1255987|393884
1200000|1|6000|8|5|0|0|408000|158|1263987|416313
1200000|1|6000|8|5|1|2|408000|158|1263987|394008
1200000|1|6000|8|5|0|0|408000|159|1271987|415532
1200000|1|6000|8|5|1|2|408000|159|1271987|393924
1200000|1|6000|8|5|0|0|408000|160|1279987|414593
1200000|1|6000|8|5|1|2|408000|160|1279987|393925
1200000|1|6000|8|5|0|0|408000|161|1287987|414019
1200000|1|6000|8|5|1|2|408000|161|1287987|394047
1200000|1|6000|8|5|0|0|408000|162|1295987|413403
1200000|1|6000|8|5|1|2|408000|162|1295987|393881
1200000|1|6000|8|5|0|0|408000|163|1303987|413323
1200000|1|6000|8|5|1|2|408000|163|1303987|393186
1200000|1|6000|8|5|0|0|408000|164|1311987|412666
1200000|1|6000|8|5|1|2|408000|164|1311987|393473
1200000|1|6000|8|5|0|0|408000|165|1319987|412582
1200000|1|6000|8|5|1|2|408000|165|1319987|392775
1200000|1|6000|8|5|0|0|408000|166|1327986|412542
1200000|1|6000|8|5|1|2|408000|166|1327986|392243
1200000|1|6000|8|5|0|0|408000|167|1335986|412871
1200000|1|6000|8|5|1|2|408000|167|1335986|392282
1200000|1|6000|8|5|0|0|408000|168|1343986|412541
1200000|1|6000|8|5|1|2|408000|168|1343986|392734
1200000|1|6000|8|5|0|0|408000|169|1351987|412622
1200000|1|6000|8|5|1|2|408000|169|1351987|393883
1200000|1|6000|8|5|0|0|408000|170|1359988|412090
1200000|1|6000|8|5|1|2|408000|170|1359988|393843
1200000|1|6000|8|5|0|0|408000|171|1367989|411927
1200000|1|6000|8|5|1|2|408000|171|1367989|394660
1200000|1|6000|8|5|0|0|408000|172|1375990|412296
1200000|1|6000|8|5|1|2|408000|172|1375990|394581
1200000|1|6000|8|5|0|0|408000|173|1383991|412708
1200000|1|6000|8|5|1|2|408000|173|1383991|394949
1200000|1|6000|8|5|0|0|408000|174|1391992|412132
1200000|1|6000|8|5|1|2|408000|174|1391992|394455
1200000|1|6000|8|5|0|0|408000|175|1399992|411189
1200000|1|6000|8|5|1|2|408000|175|1399992|393679
1200000|1|6000|8|5|0|0|408000|176|1407992|411021
1200000|1|6000|8|5|1|2|408000|176|1407992|392860
1200000|1|6000|8|5|0|0|408000|177|1415991|410163
1200000|1|6000|8|5|1|2|408000|177|1415991|392448
1200000|1|6000|8|5|0|0|408000|178|1423990|409463
1200000|1|6000|8|5|1|2|408000|178|1423990|391913
1200000|1|6000|8|5|0|0|408000|179|1431990|408811
1200000|1|6000|8|5|1|2|408000|179|1431990|391256
1200000|1|6000|8|5|0|0|408000|180|1439990|408688
1200000|1|6000|8|5|1|2|408000|180|1439990|391669
1200000|1|6000|8|5|0|0|408000|181|1447990|409303
1200000|1|6000|8|5|1|2|408000|181|1447990|391217
1200000|1|6000|8|5|0|0|408000|182|1455990|409548
1200000|1|6000|8|5|1|2|408000|182|1455990|391506
1200000|1|6000|8|5|0|0|408000|183|1463990|409873
1200000|1|6000|8|5|1|2|408000|183|1463990|390399
1200000|1|6000|8|5|0|0|408000|184|1471990|410041
1200000|1|6000|8|5|1|2|408000|184|1471990|390111
1200000|1|6000|8|5|0|0|408000|185|1479990|410450
1200000|1|6000|8|5|1|2|408000|185|1479990|389330
1200000|1|6000|8|5|0|0|408000|186|1487989|410001
1200000|1|6000|8|5|1|2|408000|186|1487989|388921
1200000|1|6000|8|5|0|0|408000|187|1495989|408853
1200000|1|6000|8|5|1|2|408000|187|1495989|388268
1200000|1|6000|8|5|0|0|408000|188|1503988|408441
1200000|1|6000|8|5|1|2|408000|188|1503988|387365
1200000|1|6000|8|5|0|0|408000|189|1511987|407909
1200000|1|6000|8|5|1|2|408000|189|1511987|386995
1200000|1|6000|8|5|0|0|408000|190|1519987|408029
1200000|1|6000|8|5|1|2|408000|190|1519987|386827
1200000|1|6000|8|5|0|0|408000|191|1527986|407747
1200000|1|6000|8|5|1|2|408000|191|1527986|387115
1200000|1|6000|8|5|0|0|408000|192|1535986|407827
1200000|1|6000|8|5|1|2|408000|192|1535986|387118
1200000|1|6000|8|5|0|0|408000|193|1543986|407130
1200000|1|6000|8|5|1|2|408000|193|1543986|386995
1200000|1|6000|8|5|0|0|408000|194|1551985|406761
1200000|1|6000|8|5|1|2|408000|194|1551985|387078
1200000|1|6000|8|5|0|0|408000|195|1559985|406678
1200000|1|6000|8|5|1|2|408000|195|1559985|387651
1200000|1|6000|8|5|0|0|408000|196|1567985|406965
1200000|1|6000|8|5|1|2|408000|196|1567985|387445
1200000|1|6000|8|5|0|0|408000|197|1575985|407459
1200000|1|6000|8|5|1|2|408000|197|1575985|387653
1200000|1|6000|8|5|0|0|408000|198|1583985|407580
1200000|1|6000|8|5|1|2|408000|198|1583985|387241
1200000|1|6000|8|5|0|0|408000|199|1591984|408073
1200000|1|6000|8|5|1|2|408000|199|1591984|387117
1200000|1|6000|8|5|0|0|408000|200|1599984|408441
1200000|1|6000|8|5|1|2|408000|200|1599984|387035
1200000|1|6000|8|5|0|0|408000|201|1607984|409140
1200000|1|6000|8|5|1|2|408000|201|1607984|387689
1200000|1|6000|8|5|0|0|408000|202|1615985|408280
1200000|1|6000|8|5|1|2|408000|202|1615985|387116
1200000|1|6000|8|5|0|0|408000|203|1623984|407787
1200000|1|6000|8|5|1|2|408000|203|1623984|387733
1200000|1|6000|8|5|0|0|408000|204|1631984|407252
1200000|1|6000|8|5|1|2|408000|204|1631984|387159
1200000|1|6000|8|5|0|0|408000|205|1639983|407334
1200000|1|6000|8|5|1|2|408000|205|1639983|387856
1200000|1|6000|8|5|0|0|408000|206|1647984|407048
1200000|1|6000|8|5|1|2|408000|206|1647984|387527
1200000|1|6000|8|5|0|0|408000|207|1655983|406761
1200000|1|6000|8|5|1|2|408000|207|1655983|387610
1200000|1|6000|8|5|0|0|408000|208|1663984|407007
1200000|1|6000|8|5|1|2|408000|208|1663984|387609
1200000|1|6000|8|5|0|0|408000|209|1671983|407212
1200000|1|6000|8|5|1|2|408000|209|1671983|388305
1200000|1|6000|8|5|0|0|408000|210|1679984|407498
1200000|1|6000|8|5|1|2|408000|210|1679984|388636
1200000|1|6000|8|5|0|0|408000|211|1687984|406965
1200000|1|6000|8|5|1|2|408000|211|1687984|389250
1200000|1|6000|8|5|0|0|408000|212|1695983|407335
1200000|1|6000|8|5|1|2|408000|212|1695983|389005
1200000|1|6000|8|5|0|0|408000|213|1703983|406842
1200000|1|6000|8|5|1|2|408000|213|1703983|388921
1200000|1|6000|8|5|0|0|408000|214|1711982|406594
1200000|1|6000|8|5|1|2|408000|214|1711982|389452
1200000|1|6000|8|5|0|0|408000|215|1719982|406145
1200000|1|6000|8|5|1|2|408000|215|1719982|389496
1200000|1|6000|8|5|0|0|408000|216|1727982|406349
1200000|1|6000|8|5|1|2|408000|216|1727982|389495
1200000|1|6000|8|5|0|0|408000|217|1735981|406267
1200000|1|6000|8|5|1|2|408000|217|1735981|389380
1200000|1|6000|8|5|0|0|408000|218|1743981|406391
1200000|1|6000|8|5|1|2|408000|218|1743981|389257
1200000|1|6000|8|5|0|0|408000|219|1751980|406350
1200000|1|6000|8|5|1|2|408000|219|1751980|388314
1200000|1|6000|8|5|0|0|408000|220|1759980|406433
1200000|1|6000|8|5|1|2|408000|220|1759980|388355
1200000|1|6000|8|5|0|0|408000|221|1767980|406595
1200000|1|6000|8|5|1|2|408000|221|1767980|387904
1200000|1|6000|8|5|0|0|408000|222|1775980|405938
1200000|1|6000|8|5|1|2|408000|222|1775980|387740
1200000|1|6000|8|5|0|0|408000|223|1783979|405492
1200000|1|6000|8|5|1|2|408000|223|1783979|387412
1200000|1|6000|8|5|0|0|408000|224|1791979|405530
1200000|1|6000|8|5|1|2|408000|224|1791979|388595
1200000|1|6000|8|5|0|0|408000|225|1799981|405448
1200000|1|6000|8|5|1|2|408000|225|1799981|388923
1200000|1|6000|8|5|0|0|408000|226|1807981|405121
1200000|1|6000|8|5|1|2|408000|226|1807981|389576
1200000|1|6000|8|5|0|0|408000|227|1815982|405158
1200000|1|6000|8|5|1|2|408000|227|1815982|390109
1200000|1|6000|8|5|0|0|408000|228|1823983|404259
1200000|1|6000|8|5|1|2|408000|228|1823983|389865
1200000|1|6000|8|5|0|0|408000|229|1831984|405409
1200000|1|6000|8|5|1|2|408000|229|1831984|390233
1200000|1|6000|8|5|0|0|408000|230|1839985|406063
1200000|1|6000|8|5|1|2|408000|230|1839985|389700
1200000|1|6000|8|5|0|0|408000|231|1847985|407211
1200000|1|6000|8|5|1|2|408000|231|1847985|389167
1200000|1|6000|8|5|0|0|408000|232|1855984|407700
1200000|1|6000|8|5|1|2|408000|232|1855984|387980
1200000|1|6000|8|5|0|0|408000|233|1863983|407990
1200000|1|6000|8|5|1|2|408000|233|1863983|387402
1200000|1|6000|8|5|0|0|408000|234|1871982|408894
1200000|1|6000|8|5|1|2|408000|234|1871982|386708
1200000|1|6000|8|5|0|0|408000|235|1879982|409180
1200000|1|6000|8|5|1|2|408000|235|1879982|386748
1200000|1|6000|8|5|0|0|408000|236|1887982|409179
1200000|1|6000|8|5|1|2|408000|236|1887982|386258
1200000|1|6000|8|5|0|0|408000|237|1895981|408280
1200000|1|6000|8|5|1|2|408000|237|1895981|386010
1200000|1|6000|8|5|0|0|408000|238|1903982|408893
1200000|1|6000|8|5|1|2|408000|238|1903982|386051
1200000|1|6000|8|5|0|0|408000|239|1911983|408729
1200000|1|6000|8|5|1|2|408000|239|1911983|385519
1200000|1|6000|8|5|0|0|408000|240|1919983|409096
1200000|1|6000|8|5|1|2|408000|240|1919983|385069
1200000|1|6000|8|5|0|0|408000|241|1927983|408930
1200000|1|6000|8|5|1|2|408000|241|1927983|384166
1200000|1|6000|8|5|0|0|408000|242|1935982|409262
1200000|1|6000|8|5|1|2|408000|242|1935982|383551
1200000|1|6000|8|5|0|0|408000|243|1943983|408974
1200000|1|6000|8|5|1|2|408000|243|1943983|383059
1200000|1|6000|8|5|0|0|408000|244|1951982|408807
1200000|1|6000|8|5|1|2|408000|244|1951982|382076
1200000|1|6000|8|5|0|0|408000|245|1959981|408279
1200000|1|6000|8|5|1|2|408000|245|1959981|381706
1200000|1|6000|8|5|0|0|408000|246|1967981|407662
1200000|1|6000|8|5|1|2|408000|246|1967981|380967
1200000|1|6000|8|5|0|0|408000|247|1975981|407049
1200000|1|6000|8|5|1|2|408000|247|1975981|380319
1200000|1|6000|8|5|0|0|408000|248|1983980|406720
1200000|1|6000|8|5|1|2|408000|248|1983980|379950
1200000|1|6000|8|5|0|0|408000|249|1991980|406472
1200000|1|6000|8|5|1|2|408000|249|1991980|379212
1200000|1|6000|8|5|0|0|408000|250|1999980|406679
1200000|1|6000|8|5|1|2|408000|250|1999980|378884
1200000|1|6000|8|5|0|0|408000|251|2007979|405937
1200000|1|6000|8|5|1|2|408000|251|2007979|377900
1200000|1|6000|8|5|0|0|408000|252|2015979|404752
1200000|1|6000|8|5|1|2|408000|252|2015979|378958
1200000|1|6000|8|5|0|0|408000|253|2023981|404300
1200000|1|6000|8|5|1|2|408000|253|2023981|378549
1200000|1|6000|8|5|0|0|408000|254|2031981|403358
1200000|1|6000|8|5|1|2|408000|254|2031981|378671
1200000|1|6000|8|5|0|0|408000|255|2039982|403194
1200000|1|6000|8|5|1|2|408000|255|2039982|378631
1200000|1|6000|8|5|0|0|408000|256|2047983|402539
1200000|1|6000|8|5|1|2|408000|256|2047983|377972
1200000|1|6000|8|5|0|0|408000|257|2055983|402046
1200000|1|6000|8|5|1|2|408000|257|2055983|378137
1200000|1|6000|8|5|0|0|408000|258|2063984|401059
1200000|1|6000|8|5|1|2|408000|258|2063984|377892
1200000|1|6000|8|5|0|0|408000|259|2071985|400610
1200000|1|6000|8|5|1|2|408000|259|2071985|377729
1200000|1|6000|8|5|0|0|408000|260|2079985|399790
1200000|1|6000|8|5|1|2|408000|260|2079985|377318
1200000|1|6000|8|5|0|0|408000|261|2087986|399300
1200000|1|6000|8|5|1|2|408000|261|2087986|377771
1200000|1|6000|8|5|0|0|408000|262|2095987|398477
1200000|1|6000|8|5|1|2|408000|262|2095987|377930
1200000|1|6000|8|5|0|0|408000|263|2103988|397535
1200000|1|6000|8|5|1|2|408000|263|2103988|377360
1200000|1|6000|8|5|0|0|408000|264|2111987|397123
1200000|1|6000|8|5|1|2|408000|264|2111987|377073
1200000|1|6000|8|5|0|0|408000|265|2119988|397124
1200000|1|6000|8|5|1|2|408000|265|2119988|376621
1200000|1|6000|8|5|0|0|408000|266|2127988|397291
1200000|1|6000|8|5|1|2|408000|266|2127988|376622
1200000|1|6000|8|5|0|0|408000|267|2135988|397166
1200000|1|6000|8|5|1|2|408000|267|2135988|376006
1200000|1|6000|8|5|0|0|408000|268|2143988|397126
1200000|1|6000|8|5|1|2|408000|268|2143988|375637
1200000|1|6000|8|5|0|0|408000|269|2151988|397046
1200000|1|6000|8|5|1|2|408000|269|2151988|374941
1200000|1|6000|8|5|0|0|408000|270|2159988|397535
1200000|1|6000|8|5|1|2|408000|270|2159988|374122
1200000|1|6000|8|5|0|0|408000|271|2167988|398232
1200000|1|6000|8|5|1|2|408000|271|2167988|373625
1200000|1|6000|8|5|0|0|408000|272|2175987|398970
1200000|1|6000|8|5|1|2|408000|272|2175987|372563
1200000|1|6000|8|5|0|0|408000|273|2183987|398930
1200000|1|6000|8|5|1|2|408000|273|2183987|371944
1200000|1|6000|8|5|0|0|408000|274|2191986|399956
1200000|1|6000|8|5|1|2|408000|274|2191986|371825
1200000|1|6000|8|5|0|0|408000|275|2199986|400443
1200000|1|6000|8|5|1|2|408000|275|2199986|372067
1200000|1|6000|8|5|0|0|408000|276|2207985|401304
1200000|1|6000|8|5|1|2|408000|276|2207985|371866
1200000|1|6000|8|5|0|0|408000|277|2215985|401919
1200000|1|6000|8|5|1|2|408000|277|2215985|371906
1200000|1|6000|8|5|0|0|408000|278|2223985|401635
1200000|1|6000|8|5|1|2|408000|278|2223985|371989
1200000|1|6000|8|5|0|0|408000|279|2231984|400940
1200000|1|6000|8|5|1|2|408000|279|2231984|372152
1200000|1|6000|8|5|0|0|408000|280|2239984|400898
1200000|1|6000|8|5|1|2|408000|280|2239984|372275
1200000|1|6000|8|5|0|0|408000|281|2247983|400977
1200000|1|6000|8|5|1|2|408000|281|2247983|371865
1200000|1|6000|8|5|0|0|408000|282|2255983|400854
1200000|1|6000|8|5|1|2|408000|282|2255983|371988
1200000|1|6000|8|5|0|0|408000|283|2263983|400694
1200000|1|6000|8|5|1|2|408000|283|2263983|371947
1200000|1|6000|8|5|0|0|408000|284|2271982|401061
1200000|1|6000|8|5|1|2|408000|284|2271982|372190
1200000|1|6000|8|5|0|0|408000|285|2279982|401513
1200000|1|6000|8|5|1|2|408000|285|2279982|372646
1200000|1|6000|8|5|0|0|408000|286|2287982|402045
1200000|1|6000|8|5|1|2|408000|286|2287982|373011
1200000|1|6000|8|5|0|0|408000|287|2295982|402250
1200000|1|6000|8|5|1|2|408000|287|2295982|373174
1200000|1|6000|8|5|0|0|408000|288|2303982|402129
1200000|1|6000|8|5|1|2|408000|288|2303982|373548
1200000|1|6000|8|5|0|0|408000|289|2311981|402702
1200000|1|6000|8|5|1|2|408000|289|2311981|373308
1200000|1|6000|8|5|0|0|408000|290|2319980|402498
1200000|1|6000|8|5|1|2|408000|290|2319980|372939
1200000|1|6000|8|5|0|0|408000|291|2327979|402784
1200000|1|6000|8|5|1|2|408000|291|2327979|373144
1200000|1|6000|8|5|0|0|408000|292|2335979|403359
1200000|1|6000|8|5|1|2|408000|292|2335979|373267
1200000|1|6000|8|5|0|0|408000|293|2343979|403849
1200000|1|6000|8|5|1|2|408000|293|2343979|373800
1200000|1|6000|8|5|0|0|408000|294|2351980|404465
1200000|1|6000|8|5|1|2|408000|294|2351980|374374
1200000|1|6000|8|5|0|0|408000|295|2359980|405651
1200000|1|6000|8|5|1|2|408000|295|2359980|373472
1200000|1|6000|8|5|0|0|408000|296|2367980|406145
1200000|1|6000|8|5|1|2|408000|296|2367980|373390
1200000|1|6000|8|5|0|0|408000|297|2375979|406640
1200000|1|6000|8|5|1|2|408000|297|2375979|372570
1200000|1|6000|8|5|0|0|408000|298|2383978|406758
1200000|1|6000|8|5|1|2|408000|298|2383978|372160
1200000|1|6000|8|5|0|0|408000|299|2391978|407171
1200000|1|6000|8|5|1|2|408000|299|2391978|371914
1200000|1|6000|8|5|0|0|408000|300|2399978|408156
1200000|1|6000|8|5|1|2|408000|300|2399978|371094
1200000|1|6000|8|5|0|0|408000|301|2407977|408439
1200000|1|6000|8|5|1|2|408000|301|2407977|370889
1200000|1|6000|8|5|0|0|408000|302|2415977|408766
1200000|1|6000|8|5|1|2|408000|302|2415977|371053
1200000|1|6000|8|5|0|0|408000|303|2423977|409135
1200000|1|6000|8|5|1|2|408000|303|2423977|371053
1200000|1|6000|8|5|0|0|408000|304|2431977|409795
1200000|1|6000|8|5|1|2|408000|304|2431977|370807
1200000|1|6000|8|5|0|0|408000|305|2439977|409917
1200000|1|6000|8|5|1|2|408000|305|2439977|370192
1200000|1|6000|8|5|0|0|408000|306|2447976|409672
1200000|1|6000|8|5|1|2|408000|306|2447976|369618
1200000|1|6000|8|5|0|0|408000|307|2455976|409098
1200000|1|6000|8|5|1|2|408000|307|2455976|369618
1200000|1|6000|8|5|0|0|408000|308|2463977|408936
1200000|1|6000|8|5|1|2|408000|308|2463977|369495
1200000|1|6000|8|5|0|0|408000|309|2471977|409015
1200000|1|6000|8|5|1|2|408000|309|2471977|369577
1200000|1|6000|8|5|0|0|408000|310|2479976|408522
1200000|1|6000|8|5|1|2|408000|310|2479976|369413
1200000|1|6000|8|5|0|0|408000|311|2487975|408565
1200000|1|6000|8|5|1|2|408000|311|2487975|369454
1200000|1|6000|8|5|0|0|408000|312|2495974|408647
1200000|1|6000|8|5|1|2|408000|312|2495974|369413
1200000|1|6000|8|5|0|0|408000|313|2503974|410246
1200000|1|6000|8|5|1|2|408000|313|2503974|369618
1200000|1|6000|8|5|0|0|408000|314|2511974|411477
1200000|1|6000|8|5|1|2|408000|314|2511974|369167
1200000|1|6000|8|5|0|0|408000|315|2519974|412171
1200000|1|6000|8|5|1|2|408000|315|2519974|368880
1200000|1|6000|8|5|0|0|408000|316|2527973|412948
1200000|1|6000|8|5|1|2|408000|316|2527973|368880
1200000|1|6000|8|5|0|0|408000|317|2535974|413440
1200000|1|6000|8|5|1|2|408000|317|2535974|368880
1200000|1|6000|8|5|0|0|408000|318|2543974|413645
1200000|1|6000|8|5|1|2|408000|318|2543974|369126
1200000|1|6000|8|5|0|0|408000|319|2551973|413649
1200000|1|6000|8|5|1|2|408000|319|2551973|368552
1200000|1|6000|8|5|0|0|408000|320|2559973|412951
1200000|1|6000|8|5|1|2|408000|320|2559973|369003
1200000|1|6000|8|5|0|0|408000|321|2567973|412625
1200000|1|6000|8|5|1|2|408000|321|2567973|368962
1200000|1|6000|8|5|0|0|408000|322|2575973|412828
1200000|1|6000|8|5|1|2|408000|322|2575973|370110
1200000|1|6000|8|5|0|0|408000|323|2583973|413321
1200000|1|6000|8|5|1|2|408000|323|2583973|370356
1200000|1|6000|8|5|0|0|408000|324|2591975|413116
1200000|1|6000|8|5|1|2|408000|324|2591975|370151
1200000|1|6000|8|5|0|0|408000|325|2599974|413402
1200000|1|6000|8|5|1|2|408000|325|2599974|370192
1200000|1|6000|8|5|0|0|408000|326|2607975|413646
1200000|1|6000|8|5|1|2|408000|326|2607975|370315
1200000|1|6000|8|5|0|0|408000|327|2615975|414793
1200000|1|6000|8|5|1|2|408000|327|2615975|370069
1200000|1|6000|8|5|0|0|408000|328|2623975|416109
1200000|1|6000|8|5|1|2|408000|328|2623975|369782
1200000|1|6000|8|5|0|0|408000|329|2631974|416149
1200000|1|6000|8|5|1|2|408000|329|2631974|369864
1200000|1|6000|8|5|0|0|408000|330|2639974|417257
1200000|1|6000|8|5|1|2|408000|330|2639974|369987
1200000|1|6000|8|5|0|0|408000|331|2647974|417667
1200000|1|6000|8|5|1|2|408000|331|2647974|370520
1200000|1|6000|8|5|0|0|408000|332|2655974|418651
1200000|1|6000|8|5|1|2|408000|332|2655974|370848
1200000|1|6000|8|5|0|0|408000|333|2663975|418650
1200000|1|6000|8|5|1|2|408000|333|2663975|370807
1200000|1|6000|8|5|0|0|408000|334|2671975|418977
1200000|1|6000|8|5|1|2|408000|334|2671975|370766
1200000|1|6000|8|5|0|0|408000|335|2679975|418647
1200000|1|6000|8|5|1|2|408000|335|2679975|371504
1200000|1|6000|8|5|0|0|408000|336|2687976|418937
1200000|1|6000|8|5|1|2|408000|336|2687976|371832
1200000|1|6000|8|5|0|0|408000|337|2695977|419511
1200000|1|6000|8|5|1|2|408000|337|2695977|371504
1200000|1|6000|8|5|0|0|408000|338|2703977|419675
1200000|1|6000|8|5|1|2|408000|338|2703977|372160
1200000|1|6000|8|5|0|0|408000|339|2711978|420454
1200000|1|6000|8|5|1|2|408000|339|2711978|372570
1200000|1|6000|8|5|0|0|408000|340|2719979|420373
1200000|1|6000|8|5|1|2|408000|340|2719979|372652
1200000|1|6000|8|5|0|0|408000|341|2727979|421398
1200000|1|6000|8|5|1|2|408000|341|2727979|372447
1200000|1|6000|8|5|0|0|408000|342|2735979|421807
1200000|1|6000|8|5|1|2|408000|342|2735979|372447
1200000|1|6000|8|5|0|0|408000|343|2743979|422259
1200000|1|6000|8|5|1|2|408000|343|2743979|372160
1200000|1|6000|8|5|0|0|408000|344|2751979|422791
1200000|1|6000|8|5|1|2|408000|344|2751979|372078
1200000|1|6000|8|5|0|0|408000|345|2759978|423485
1200000|1|6000|8|5|1|2|408000|345|2759978|371053
1200000|1|6000|8|5|0|0|408000|346|2767978|423486
1200000|1|6000|8|5|1|2|408000|346|2767978|370479
1200000|1|6000|8|5|0|0|408000|347|2775977|423528
1200000|1|6000|8|5|1|2|408000|347|2775977|369741
1200000|1|6000|8|5|0|0|408000|348|2783977|422669
1200000|1|6000|8|5|1|2|408000|348|2783977|369044
1200000|1|6000|8|5|0|0|408000|349|2791976|422380
1200000|1|6000|8|5|1|2|408000|349|2791976|369372
1200000|1|6000|8|5|0|0|408000|350|2799977|421561
1200000|1|6000|8|5|1|2|408000|350|2799977|369044
1200000|1|6000|8|5|0|0|408000|351|2807976|421110
1200000|1|6000|8|5|1|2|408000|351|2807976|368716
1200000|1|6000|8|5|0|0|408000|352|2815976|420742
1200000|1|6000|8|5|1|2|408000|352|2815976|367732
1200000|1|6000|8|5|0|0|408000|353|2823976|420331
1200000|1|6000|8|5|1|2|408000|353|2823976|367896
1200000|1|6000|8|5|0|0|408000|354|2831975|419963
1200000|1|6000|8|5|1|2|408000|354|2831975|367158
1200000|1|6000|8|5|0|0|408000|355|2839975|419019
1200000|1|6000|8|5|1|2|408000|355|2839975|367445
1200000|1|6000|8|5|0|0|408000|356|2847975|418282
1200000|1|6000|8|5|1|2|408000|356|2847975|366953
1200000|1|6000|8|5|0|0|408000|357|2855975|418035
1200000|1|6000|8|5|1|2|408000|357|2855975|366912
1200000|1|6000|8|5|0|0|408000|358|2863975|417298
1200000|1|6000|8|5|1|2|408000|358|2863975|367650
1200000|1|6000|8|5|0|0|408000|359|2871976|416355
1200000|1|6000|8|5|1|2|408000|359|2871976|368306
1200000|1|6000|8|5|0|0|408000|360|2879977|415616
1200000|1|6000|8|5|1|2|408000|360|2879977|368798
1200000|1|6000|8|5|0|0|408000|361|2887977|414757
1200000|1|6000|8|5|1|2|408000|361|2887977|369495
1200000|1|6000|8|5|0|0|408000|362|2895976|414223
1200000|1|6000|8|5|1|2|408000|362|2895976|370151
1200000|1|6000|8|5|0|0|408000|363|2903977|414550
1200000|1|6000|8|5|1|2|408000|363|2903977|370930
1200000|1|6000|8|5|0|0|408000|364|2911977|414140
1200000|1|6000|8|5|1|2|408000|364|2911977|371176
1200000|1|6000|8|5|0|0|408000|365|2919977|413851
1200000|1|6000|8|5|1|2|408000|365|2919977|371299
1200000|1|6000|8|5|0|0|408000|366|2927976|413238
1200000|1|6000|8|5|1|2|408000|366|2927976|371217
1200000|1|6000|8|5|0|0|408000|367|2935977|413444
1200000|1|6000|8|5|1|2|408000|367|2935977|370807
1200000|1|6000|8|5|0|0|408000|368|2943977|413361
1200000|1|6000|8|5|1|2|408000|368|2943977|371135
1200000|1|6000|8|5|0|0|408000|369|2951977|413525
1200000|1|6000|8|5|1|2|408000|369|2951977|371627
1200000|1|6000|8|5|0|0|408000|370|2959978|414061
1200000|1|6000|8|5|1|2|408000|370|2959978|372201
1200000|1|6000|8|5|0|0|408000|371|2967978|414958
1200000|1|6000|8|5|1|2|408000|371|2967978|372570
1200000|1|6000|8|5|0|0|408000|372|2975978|414632
1200000|1|6000|8|5|1|2|408000|372|2975978|373062
1200000|1|6000|8|5|0|0|408000|373|2983978|414304
1200000|1|6000|8|5|1|2|408000|373|2983978|373800
1200000|1|6000|8|5|0|0|408000|374|2991978|414224
1200000|1|6000|8|5|1|2|408000|374|2991978|373759
1200000|1|6000|8|5|0|0|408000|375|2999977|414182
1200000|1|6000|8|5|1|2|408000|375|2999977|374456
1200000|1|6000|8|5|0|0|408000|376|3007977|414099
1200000|1|6000|8|5|1|2|408000|376|3007977|374620
1200000|1|6000|8|5|0|0|408000|377|3015977|413567
1200000|1|6000|8|5|1|2|408000|377|3015977|374907
1200000|1|6000|8|5|0|0|408000|378|3023977|413895
1200000|1|6000|8|5|1|2|408000|378|3023977|375850
1200000|1|6000|8|5|0|0|408000|379|3031977|413813
1200000|1|6000|8|5|1|2|408000|379|3031977|375932
1200000|1|6000|8|5|0|0|408000|380|3039977|414221
1200000|1|6000|8|5|1|2|408000|380|3039977|375686
1200000|1|6000|8|5|0|0|408000|381|3047976|414470
1200000|1|6000|8|5|1|2|408000|381|3047976|374989
1200000|1|6000|8|5|0|0|408000|382|3055976|414264
1200000|1|6000|8|5|1|2|408000|382|3055976|374333
1200000|1|6000|8|5|0|0|408000|383|3063974|414387
1200000|1|6000|8|5|1|2|408000|383|3063974|373554
1200000|1|6000|8|5|0|0|408000|384|3071972|414264
1200000|1|6000|8|5|1|2|408000|384|3071972|372529
1200000|1|6000|8|5|0|0|408000|385|3079970|414921
1200000|1|6000|8|5|1|2|408000|385|3079970|371914
1200000|1|6000|8|5|0|0|408000|386|3087969|415411
1200000|1|6000|8|5|1|2|408000|386|3087969|371135
1200000|1|6000|8|5|0|0|408000|387|3095967|415493
1200000|1|6000|8|5|1|2|408000|387|3095967|370930
1200000|1|6000|8|5|0|0|408000|388|3103967|414920
1200000|1|6000|8|5|1|2|408000|388|3103967|371053
1200000|1|6000|8|5|0|0|408000|389|3111967|415001
1200000|1|6000|8|5|1|2|408000|389|3111967|371258
1200000|1|6000|8|5|0|0|408000|390|3119968|414921
1200000|1|6000|8|5|1|2|408000|390|3119968|371627
1200000|1|6000|8|5|0|0|408000|391|3127968|414219
1200000|1|6000|8|5|1|2|408000|391|3127968|371504
1200000|1|6000|8|5|0|0|408000|392|3135968|413936
1200000|1|6000|8|5|1|2|408000|392|3135968|370930
1200000|1|6000|8|5|0|0|408000|393|3143967|412992
1200000|1|6000|8|5|1|2|408000|393|3143967|370520
1200000|1|6000|8|5|0|0|408000|394|3151966|412951
1200000|1|6000|8|5|1|2|408000|394|3151966|369700
1200000|1|6000|8|5|0|0|408000|395|3159966|412828
1200000|1|6000|8|5|1|2|408000|395|3159966|369331
1200000|1|6000|8|5|0|0|408000|396|3167964|412457
1200000|1|6000|8|5|1|2|408000|396|3167964|368183
1200000|1|6000|8|5|0|0|408000|397|3175963|412050
1200000|1|6000|8|5|1|2|408000|397|3175963|367896
1200000|1|6000|8|5|0|0|408000|398|3183962|411640
1200000|1|6000|8|5|1|2|408000|398|3183962|366994
1200000|1|6000|8|5|0|0|408000|399|3191961|411763
1200000|1|6000|8|5|1|2|408000|399|3191961|366707
1200000|1|6000|8|5|0|0|408000|400|3199961|410573
1200000|1|6000|8|5|1|2|408000|400|3199961|366502
1200000|1|6000|8|5|0|0|408000|401|3207961|409509
1200000|1|6000|8|5|1|2|408000|401|3207961|365764
1200000|1|6000|8|5|0|0|408000|402|3215960|408152
1200000|1|6000|8|5|1|2|408000|402|3215960|366215
1200000|1|6000|8|5|0|0|408000|403|3223961|406967
1200000|1|6000|8|5|1|2|408000|403|3223961|365723
1200000|1|6000|8|5|0|0|408000|404|3231959|405898
1200000|1|6000|8|5|1|2|408000|404|3231959|365887
1200000|1|6000|8|5|0|0|408000|405|3239959|404628
1200000|1|6000|8|5|1|2|408000|405|3239959|365313
1200000|1|6000|8|5|0|0|408000|406|3247958|403889
1200000|1|6000|8|5|1|2|408000|406|3247958|365559
1200000|1|6000|8|5|0|0|408000|407|3255958|403112
1200000|1|6000|8|5|1|2|408000|407|3255958|365190
1200000|1|6000|8|5|0|0|408000|408|3263957|403400
1200000|1|6000|8|5|1|2|408000|408|3263957|364862
1200000|1|6000|8|5|0|0|408000|409|3271957|402827
1200000|1|6000|8|5|1|2|408000|409|3271957|364657
1200000|1|6000|8|5|0|0|408000|410|3279956|402581
1200000|1|6000|8|5|1|2|408000|410|3279956|364903
1200000|1|6000|8|5|0|0|408000|411|3287957|402169
1200000|1|6000|8|5|1|2|408000|411|3287957|364698
1200000|1|6000|8|5|0|0|408000|412|3295957|402375
1200000|1|6000|8|5|1|2|408000|412|3295957|364862
1200000|1|6000|8|5|0|0|408000|413|3303958|401839
1200000|1|6000|8|5|1|2|408000|413|3303958|364575
1200000|1|6000|8|5|0|0|408000|414|3311959|401842
1200000|1|6000|8|5|1|2|408000|414|3311959|364370
1200000|1|6000|8|5|0|0|408000|415|3319959|401061
1200000|1|6000|8|5|1|2|408000|415|3319959|364165
1200000|1|6000|8|5|0|0|408000|416|3327959|401143
1200000|1|6000|8|5|1|2|408000|416|3327959|363632
1200000|1|6000|8|5|0|0|408000|417|3335959|400693
1200000|1|6000|8|5|1|2|408000|417|3335959|363099
1200000|1|6000|8|5|0|0|408000|418|3343959|400692
1200000|1|6000|8|5|1|2|408000|418|3343959|362361
1200000|1|6000|8|5|0|0|408000|419|3351959|400527
1200000|1|6000|8|5|1|2|408000|419|3351959|362648
1200000|1|6000|8|5|0|0|408000|420|3359958|400653
1200000|1|6000|8|5|1|2|408000|420|3359958|362525
1200000|1|6000|8|5|0|0|408000|421|3367958|400362
1200000|1|6000|8|5|1|2|408000|421|3367958|363017
1200000|1|6000|8|5|0|0|408000|422|3375958|400405
1200000|1|6000|8|5|1|2|408000|422|3375958|362648
1200000|1|6000|8|5|0|0|408000|423|3383958|400079
1200000|1|6000|8|5|1|2|408000|423|3383958|362648
1200000|1|6000|8|5|0|0|408000|424|3391958|399588
1200000|1|6000|8|5|1|2|408000|424|3391958|361951
1200000|1|6000|8|5|0|0|408000|425|3399958|399791
1200000|1|6000|8|5|1|2|408000|425|3399958|362935
1200000|1|6000|8|5|0|0|408000|426|3407960|400161
1200000|1|6000|8|5|1|2|408000|426|3407960|363181
1200000|1|6000|8|5|0|0|408000|427|3415961|399915
1200000|1|6000|8|5|1|2|408000|427|3415961|361664
1200000|1|6000|8|5|0|0|408000|428|3423961|399791
1200000|1|6000|8|5|1|2|408000|428|3423961|361869
1200000|1|6000|8|5|0|0|408000|429|3431962|399585
1200000|1|6000|8|5|1|2|408000|429|3431962|361254
1200000|1|6000|8|5|0|0|408000|430|3439962|399748
1200000|1|6000|8|5|1|2|408000|430|3439962|361746
1200000|1|6000|8|5|0|0|408000|431|3447963|400037
1200000|1|6000|8|5|1|2|408000|431|3447963|361500
1200000|1|6000|8|5|0|0|408000|432|3455963|400201
1200000|1|6000|8|5|1|2|408000|432|3455963|361336
1200000|1|6000|8|5|0|0|408000|433|3463964|400119
1200000|1|6000|8|5|1|2|408000|433|3463964|361336
1200000|1|6000|8|5|0|0|408000|434|3471964|400692
1200000|1|6000|8|5|1|2|408000|434|3471964|361336
1200000|1|6000|8|5|0|0|408000|435|3479964|400447
1200000|1|6000|8|5|1|2|408000|435|3479964|361500
1200000|1|6000|8|5|0|0|408000|436|3487965|400979
1200000|1|6000|8|5|1|2|408000|436|3487965|361008
1200000|1|6000|8|5|0|0|408000|437|3495965|401469
1200000|1|6000|8|5|1|2|408000|437|3495965|360967
1200000|1|6000|8|5|0|0|408000|438|3503966|401964
1200000|1|6000|8|5|1|2|408000|438|3503966|361008
1200000|1|6000|8|5|0|0|408000|439|3511966|401718
1200000|1|6000|8|5|1|2|408000|439|3511966|360967
1200000|1|6000|8|5|0|0|408000|440|3519967|401554
1200000|1|6000|8|5|1|2|408000|440|3519967|360352
1200000|1|6000|8|5|0|0|408000|441|3527966|401554
1200000|1|6000|8|5|1|2|408000|441|3527966|360106
1200000|1|6000|8|5|0|0|408000|442|3535966|401637
1200000|1|6000|8|5|1|2|408000|442|3535966|359983
1200000|1|6000|8|5|0|0|408000|443|3543965|402207
1200000|1|6000|8|5|1|2|408000|443|3543965|358999
1200000|1|6000|8|5|0|0|408000|444|3551964|401924
1200000|1|6000|8|5|1|2|408000|444|3551964|358548
1200000|1|6000|8|5|0|0|408000|445|3559963|402415
1200000|1|6000|8|5|1|2|408000|445|3559963|358302
1200000|1|6000|8|5|0|0|408000|446|3567963|402537
1200000|1|6000|8|5|1|2|408000|446|3567963|357523
1200000|1|6000|8|5|0|0|408000|447|3575963|403235
1200000|1|6000|8|5|1|2|408000|447|3575963|358220
1200000|1|6000|8|5|0|0|408000|448|3583964|403152
1200000|1|6000|8|5|1|2|408000|448|3583964|358671
1200000|1|6000|8|5|0|0|408000|449|3591965|403235
1200000|1|6000|8|5|1|2|408000|449|3591965|358753
1200000|1|6000|8|5|0|0|408000|450|3599965|403439
1200000|1|6000|8|5|1|2|408000|450|3599965|359245
1200000|1|6000|8|5|0|0|408000|451|3607966|403849
1200000|1|6000|8|5|1|2|408000|451|3607966|359245
1200000|1|6000|8|5|0|0|408000|452|3615966|403891
1200000|1|6000|8|5|1|2|408000|452|3615966|359696
1200000|1|6000|8|5|0|0|408000|453|3623967|403604
1200000|1|6000|8|5|1|2|408000|453|3623967|359983
1200000|1|6000|8|5|0|0|408000|454|3631967|404302
1200000|1|6000|8|5|1|2|408000|454|3631967|361213
1200000|1|6000|8|5|0|0|408000|455|3639968|404423
1200000|1|6000|8|5|1|2|408000|455|3639968|361828
1200000|1|6000|8|5|0|0|408000|456|3647970|404507
1200000|1|6000|8|5|1|2|408000|456|3647970|361951
1200000|1|6000|8|5|0|0|408000|457|3655971|404135
1200000|1|6000|8|5|1|2|408000|457|3655971|362566
1200000|1|6000|8|5|0|0|408000|458|3663972|404054
1200000|1|6000|8|5|1|2|408000|458|3663972|362402
1200000|1|6000|8|5|0|0|408000|459|3671974|404259
1200000|1|6000|8|5|1|2|408000|459|3671974|362771
1200000|1|6000|8|5|0|0|408000|460|3679975|404915
1200000|1|6000|8|5|1|2|408000|460|3679975|363058
1200000|1|6000|8|5|0|0|408000|461|3687976|404995
1200000|1|6000|8|5|1|2|408000|461|3687976|362853
1200000|1|6000|8|5|0|0|408000|462|3695976|405326
1200000|1|6000|8|5|1|2|408000|462|3695976|363140
1200000|1|6000|8|5|0|0|408000|463|3703976|406024
1200000|1|6000|8|5|1|2|408000|463|3703976|363591
1200000|1|6000|8|5|0|0|408000|464|3711976|406514
1200000|1|6000|8|5|1|2|408000|464|3711976|364370
1200000|1|6000|8|5|0|0|408000|465|3719977|406843
1200000|1|6000|8|5|1|2|408000|465|3719977|364821
1200000|1|6000|8|5|0|0|408000|466|3727978|406555
1200000|1|6000|8|5|1|2|408000|466|3727978|365436
1200000|1|6000|8|5|0|0|408000|467|3735978|406393
1200000|1|6000|8|5|1|2|408000|467|3735978|365313
1200000|1|6000|8|5|0|0|408000|468|3743978|405938
1200000|1|6000|8|5|1|2|408000|468|3743978|365190
1200000|1|6000|8|5|0|0|408000|469|3751978|406147
1200000|1|6000|8|5|1|2|408000|469|3751978|364411
1200000|1|6000|8|5|0|0|408000|470|3759977|405449
1200000|1|6000|8|5|1|2|408000|470|3759977|363837
1200000|1|6000|8|5|0|0|408000|471|3767977|405489
1200000|1|6000|8|5|1|2|408000|471|3767977|363878
1200000|1|6000|8|5|0|0|408000|472|3775977|405076
1200000|1|6000|8|5|1|2|408000|472|3775977|363099
1200000|1|6000|8|5|0|0|408000|473|3783977|405655
1200000|1|6000|8|5|1|2|408000|473|3783977|363222
1200000|1|6000|8|5|0|0|408000|474|3791976|405654
1200000|1|6000|8|5|1|2|408000|474|3791976|363304
1200000|1|6000|8|5|0|0|408000|475|3799977|406021
1200000|1|6000|8|5|1|2|408000|475|3799977|364206
1200000|1|6000|8|5|0|0|408000|476|3807977|406307
1200000|1|6000|8|5|1|2|408000|476|3807977|363755
1200000|1|6000|8|5|0|0|408000|477|3815977|406514
1200000|1|6000|8|5|1|2|408000|477|3815977|363673
1200000|1|6000|8|5|0|0|408000|478|3823978|407048
1200000|1|6000|8|5|1|2|408000|478|3823978|362320
1200000|1|6000|8|5|0|0|408000|479|3831977|407005
1200000|1|6000|8|5|1|2|408000|479|3831977|362033
1200000|1|6000|8|5|0|0|408000|480|3839977|406350
1200000|1|6000|8|5|1|2|408000|480|3839977|361418
1200000|1|6000|8|5|0|0|408000|481|3847977|405327
1200000|1|6000|8|5|1|2|408000|481|3847977|360926
1200000|1|6000|8|5|0|0|408000|482|3855977|405327
1200000|1|6000|8|5|1|2|408000|482|3855977|360721
1200000|1|6000|8|5|0|0|408000|483|3863976|404299
1200000|1|6000|8|5|1|2|408000|483|3863976|361049
1200000|1|6000|8|5|0|0|408000|484|3871976|403810
1200000|1|6000|8|5|1|2|408000|484|3871976|360188
1200000|1|6000|8|5|0|0|408000|485|3879975|403316
1200000|1|6000|8|5|1|2|408000|485|3879975|359655
1200000|1|6000|8|5|0|0|408000|486|3887975|403686
1200000|1|6000|8|5|1|2|408000|486|3887975|358958
1200000|1|6000|8|5|0|0|408000|487|3895974|403272
1200000|1|6000|8|5|1|2|408000|487|3895974|358138
1200000|1|6000|8|5|0|0|408000|488|3903974|403969
1200000|1|6000|8|5|1|2|408000|488|3903974|357933
1200000|1|6000|8|5|0|0|408000|489|3911975|403725
1200000|1|6000|8|5|1|2|408000|489|3911975|357687
1200000|1|6000|8|5|0|0|408000|490|3919975|404710
1200000|1|6000|8|5|1|2|408000|490|3919975|357605
1200000|1|6000|8|5|0|0|408000|491|3927975|405161
1200000|1|6000|8|5|1|2|408000|491|3927975|357605
1200000|1|6000|8|5|0|0|408000|492|3935974|405777
1200000|1|6000|8|5|1|2|408000|492|3935974|357154
1200000|1|6000|8|5|0|0|408000|493|3943973|405572
1200000|1|6000|8|5|1|2|408000|493|3943973|357441
1200000|1|6000|8|5|0|0|408000|494|3951973|406719
1200000|1|6000|8|5|1|2|408000|494|3951973|357113
1200000|1|6000|8|5|0|0|408000|495|3959973|406350
1200000|1|6000|8|5|1|2|408000|495|3959973|357318
1200000|1|6000|8|5|0|0|408000|496|3967972|406552
1200000|1|6000|8|5|1|2|408000|496|3967972|357728
1200000|1|6000|8|5|0|0|408000|497|3975974|406843
1200000|1|6000|8|5|1|2|408000|497|3975974|357277
1200000|1|6000|8|5|0|0|408000|498|3983973|407085
1200000|1|6000|8|5|1|2|408000|498|3983973|356908
1200000|1|6000|8|5|0|0|408000|499|3991974|406965
1200000|1|6000|8|5|1|2|408000|499|3991974|356662
1200000|1|6000|8|5|0|0|408000|500|3999975|406556
1200000|1|6000|8|5|1|2|408000|500|3999975|356416
1200000|1|6000|8|5|0|0|408000|501|4007975|406925
1200000|1|6000|8|5|1|2|408000|501|4007975|355760
1200000|1|6000|8|5|0|0|408000|502|4015975|406638
1200000|1|6000|8|5|1|2|408000|502|4015975|355309
1200000|1|6000|8|5|0|0|408000|503|4023975|406843
1200000|1|6000|8|5|1|2|408000|503|4023975|354940
1200000|1|6000|8|5|0|0|408000|504|4031975|406473
1200000|1|6000|8|5|1|2|408000|504|4031975|355104
1200000|1|6000|8|5|0|0|408000|505|4039975|407008
1200000|1|6000|8|5|1|2|408000|505|4039975|355309
1200000|1|6000|8|5|0|0|408000|506|4047975|407581
1200000|1|6000|8|5|1|2|408000|506|4047975|355842
1200000|1|6000|8|5|0|0|408000|507|4055975|407868
1200000|1|6000|8|5|1|2|408000|507|4055975|356047
1200000|1|6000|8|5|0|0|408000|508|4063975|408317
1200000|1|6000|8|5|1|2|408000|508|4063975|356170
1200000|1|6000|8|5|0|0|408000|509|4071976|408483
1200000|1|6000|8|5|1|2|408000|509|4071976|356539
1200000|1|6000|8|5|0|0|408000|510|4079976|408975
1200000|1|6000|8|5|1|2|408000|510|4079976|356621
1200000|1|6000|8|5|0|0|408000|511|4087977|409058
1200000|1|6000|8|5|1|2|408000|511|4087977|356744
1200000|1|6000|8|5|0|0|408000|512|4095978|409628
1200000|1|6000|8|5|1|2|408000|512|4095978|356949
1200000|1|6000|8|5|0|0|408000|513|4103978|409300
1200000|1|6000|8|5|1|2|408000|513|4103978|356990
1200000|1|6000|8|5|0|0|408000|514|4111979|409138
1200000|1|6000|8|5|1|2|408000|514|4111979|356867
1200000|1|6000|8|5|0|0|408000|515|4119979|409138
1200000|1|6000|8|5|1|2|408000|515|4119979|356908
1200000|1|6000|8|5|0|0|408000|516|4127978|409098
1200000|1|6000|8|5|1|2|408000|516|4127978|356867
1200000|1|6000|8|5|0|0|408000|517|4135978|409672
1200000|1|6000|8|5|1|2|408000|517|4135978|357523
1200000|1|6000|8|5|0|0|408000|518|4143979|410123
1200000|1|6000|8|5|1|2|408000|518|4143979|357318
1200000|1|6000|8|5|0|0|408000|519|4151979|410287
1200000|1|6000|8|5|1|2|408000|519|4151979|357113
1200000|1|6000|8|5|0|0|408000|520|4159979|410736
1200000|1|6000|8|5|1|2|408000|520|4159979|357031
1200000|1|6000|8|5|0|0|408000|521|4167980|411107
1200000|1|6000|8|5|1|2|408000|521|4167980|356580
1200000|1|6000|8|5|0|0|408000|522|4175980|411354
1200000|1|6000|8|5|1|2|408000|522|4175980|356902
1200000|1|6000|8|5|0|0|408000|523|4183981|411231
1200000|1|6000|8|5|1|2|408000|523|4183981|356817
1200000|1|6000|8|5|0|0|408000|524|4191981|411559
1200000|1|6000|8|5|1|2|408000|524|4191981|356736
1200000|1|6000|8|5|0|0|408000|525|4199981|411761
1200000|1|6000|8|5|1|2|408000|525|4199981|356490
1200000|1|6000|8|5|0|0|408000|526|4207981|411803
1200000|1|6000|8|5|1|2|408000|526|4207981|356457
1200000|1|6000|8|5|0|0|408000|527|4215980|411926
1200000|1|6000|8|5|1|2|408000|527|4215980|355959
1200000|1|6000|8|5|0|0|408000|528|4223981|411558
1200000|1|6000|8|5|1|2|408000|528|4223981|355350
1200000|1|6000|8|5|0|0|408000|529|4231980|412337
1200000|1|6000|8|5|1|2|408000|529|4231980|354735
1200000|1|6000|8|5|0|0|408000|530|4239981|412297
1200000|1|6000|8|5|1|2|408000|530|4239981|354038
1200000|1|6000|8|5|0|0|408000|531|4247980|412584
1200000|1|6000|8|5|1|2|408000|531|4247980|354524
1200000|1|6000|8|5|0|0|408000|532|4255982|413077
1200000|1|6000|8|5|1|2|408000|532|4255982|354478
1200000|1|6000|8|5|0|0|408000|533|4263983|412583
1200000|1|6000|8|5|1|2|408000|533|4263983|354438
1200000|1|6000|8|5|0|0|408000|534|4271983|412953
1200000|1|6000|8|5|1|2|408000|534|4271983|354482
1200000|1|6000|8|5|0|0|408000|535|4279984|412621
1200000|1|6000|8|5|1|2|408000|535|4279984|354646
1200000|1|6000|8|5|0|0|408000|536|4287985|411968
1200000|1|6000|8|5|1|2|408000|536|4287985|354768
1200000|1|6000|8|5|0|0|408000|537|4295985|411721
1200000|1|6000|8|5|1|2|408000|537|4295985|354683
1200000|1|6000|8|5|0|0|408000|538|4303986|411066
1200000|1|6000|8|5|1|2|408000|538|4303986|354643
1200000|1|6000|8|5|0|0|408000|539|4311986|410819
1200000|1|6000|8|5|1|2|408000|539|4311986|355630
1200000|1|6000|8|5|0|0|408000|540|4319987|410365
1200000|1|6000|8|5|1|2|408000|540|4319987|356777
1200000|1|6000|8|5|0|0|408000|541|4327989|410205
1200000|1|6000|8|5|1|2|408000|541|4327989|357802
1200000|1|6000|8|5|0|0|408000|542|4335990|409712
1200000|1|6000|8|5|1|2|408000|542|4335990|358377
1200000|1|6000|8|5|0|0|408000|543|4343991|408892
1200000|1|6000|8|5|1|2|408000|543|4343991|359034
1200000|1|6000|8|5|0|0|408000|544|4351992|408606
1200000|1|6000|8|5|1|2|408000|544|4351992|359607
1200000|1|6000|8|5|0|0|408000|545|4359993|407823
1200000|1|6000|8|5|1|2|408000|545|4359993|359893
1200000|1|6000|8|5|0|0|408000|546|4367994|407416
1200000|1|6000|8|5|1|2|408000|546|4367994|360261
1200000|1|6000|8|5|0|0|408000|547|4375994|406802
1200000|1|6000|8|5|1|2|408000|547|4375994|360180
1200000|1|6000|8|5|0|0|408000|548|4383994|406020
1200000|1|6000|8|5|1|2|408000|548|4383994|360795
1200000|1|6000|8|5|0|0|408000|549|4391994|405737
1200000|1|6000|8|5|1|2|408000|549|4391994|360920
1200000|1|6000|8|5|0|0|408000|550|4399994|404916
1200000|1|6000|8|5|1|2|408000|550|4399994|361695
1200000|1|6000|8|5|0|0|408000|551|4407995|404628
1200000|1|6000|8|5|1|2|408000|551|4407995|362066
1200000|1|6000|8|5|0|0|408000|552|4415996|404134
1200000|1|6000|8|5|1|2|408000|552|4415996|362804
1200000|1|6000|8|5|0|0|408000|553|4423997|404053
1200000|1|6000|8|5|1|2|408000|553|4423997|362354
1200000|1|6000|8|5|0|0|408000|554|4431996|403687
1200000|1|6000|8|5|1|2|408000|554|4431996|361902
1200000|1|6000|8|5|0|0|408000|555|4439997|403928
1200000|1|6000|8|5|1|2|408000|555|4439997|361820
1200000|1|6000|8|5|0|0|408000|556|4447997|403481
1200000|1|6000|8|5|1|2|408000|556|4447997|361370
1200000|1|6000|8|5|0|0|408000|557|4455997|403850
1200000|1|6000|8|5|1|2|408000|557|4455997|361492
1200000|1|6000|8|5|0|0|408000|558|4463998|404257
1200000|1|6000|8|5|1|2|408000|558|4463998|360511
1200000|1|6000|8|5|0|0|408000|559|4471997|404175
1200000|1|6000|8|5|1|2|408000|559|4471997|360345
1200000|1|6000|8|5|0|0|408000|560|4479997|404998
1200000|1|6000|8|5|1|2|408000|560|4479997|359978
1200000|1|6000|8|5|0|0|408000|561|4487998|404792
1200000|1|6000|8|5|1|2|408000|561|4487998|360385
1200000|1|6000|8|5|0|0|408000|562|4495998|404998
1200000|1|6000|8|5|1|2|408000|562|4495998|360426
1200000|1|6000|8|5|0|0|408000|563|4503998|404792
1200000|1|6000|8|5|1|2|408000|563|4503998|360590
1200000|1|6000|8|5|0|0|408000|564|4511999|403686
1200000|1|6000|8|5|1|2|408000|564|4511999|360874
1200000|1|6000|8|5|0|0|408000|565|4520000|403931
1200000|1|6000|8|5|1|2|408000|565|4520000|360591
1200000|1|6000|8|5|0|0|408000|566|4528001|403891
1200000|1|6000|8|5|1|2|408000|566|4528001|360259
1200000|1|6000|8|5|0|0|408000|567|4536000|404261
1200000|1|6000|8|5|1|2|408000|567|4536000|359771
1200000|1|6000|8|5|0|0|408000|568|4544000|404343
1200000|1|6000|8|5|1|2|408000|568|4544000|359894
1200000|1|6000|8|5|0|0|408000|569|4551999|404342
1200000|1|6000|8|5|1|2|408000|569|4551999|359237
1200000|1|6000|8|5|0|0|408000|570|4559998|404424
1200000|1|6000|8|5|1|2|408000|570|4559998|359485
1200000|1|6000|8|5|0|0|408000|571|4567998|404669
1200000|1|6000|8|5|1|2|408000|571|4567998|359321
1200000|1|6000|8|5|0|0|408000|572|4575997|404177
1200000|1|6000|8|5|1|2|408000|572|4575997|359033
1200000|1|6000|8|5|0|0|408000|573|4583997|404342
1200000|1|6000|8|5|1|2|408000|573|4583997|358171
1200000|1|6000|8|5|0|0|408000|574|4591996|404342
1200000|1|6000|8|5|1|2|408000|574|4591996|356815
1200000|1|6000|8|5|0|0|408000|575|4599995|404507
1200000|1|6000|8|5|1|2|408000|575|4599995|355547
1200000|1|6000|8|5|0|0|408000|576|4607993|405161
1200000|1|6000|8|5|1|2|408000|576|4607993|353372
1200000|1|6000|8|5|0|0|408000|577|4615991|405243
1200000|1|6000|8|5|1|2|408000|577|4615991|352924
1200000|1|6000|8|5|0|0|408000|578|4623991|405774
1200000|1|6000|8|5|1|2|408000|578|4623991|352063
1200000|1|6000|8|5|0|0|408000|579|4631991|406392
1200000|1|6000|8|5|1|2|408000|579|4631991|351940
1200000|1|6000|8|5|0|0|408000|580|4639991|406802
1200000|1|6000|8|5|1|2|408000|580|4639991|351818
1200000|1|6000|8|5|0|0|408000|581|4647991|406557
1200000|1|6000|8|5|1|2|408000|581|4647991|351613
1200000|1|6000|8|5|0|0|408000|582|4655990|406966
1200000|1|6000|8|5|1|2|408000|582|4655990|351120
1200000|1|6000|8|5|0|0|408000|583|4663988|406719
1200000|1|6000|8|5|1|2|408000|583|4663988|350749
1200000|1|6000|8|5|0|0|408000|584|4671988|407211
1200000|1|6000|8|5|1|2|408000|584|4671988|349849
1200000|1|6000|8|5|0|0|408000|585|4679986|406107
1200000|1|6000|8|5|1|2|408000|585|4679986|349070
1200000|1|6000|8|5|0|0|408000|586|4687985|406020
1200000|1|6000|8|5|1|2|408000|586|4687985|348496
1200000|1|6000|8|5|0|0|408000|587|4695984|405367
1200000|1|6000|8|5|1|2|408000|587|4695984|349112
1200000|1|6000|8|5|0|0|408000|588|4703986|405080
1200000|1|6000|8|5|1|2|408000|588|4703986|349153
1200000|1|6000|8|5|0|0|408000|589|4711986|404297
1200000|1|6000|8|5|1|2|408000|589|4711986|348948
1200000|1|6000|8|5|0|0|408000|590|4719986|403850
1200000|1|6000|8|5|1|2|408000|590|4719986|348536
1200000|1|6000|8|5|0|0|408000|591|4727985|403316
1200000|1|6000|8|5|1|2|408000|591|4727985|347595
1200000|1|6000|8|5|0|0|408000|592|4735984|403810
1200000|1|6000|8|5|1|2|408000|592|4735984|347594
1200000|1|6000|8|5|0|0|408000|593|4743983|404259
1200000|1|6000|8|5|1|2|408000|593|4743983|347347
1200000|1|6000|8|5|0|0|408000|594|4751983|404670
1200000|1|6000|8|5|1|2|408000|594|4751983|347840
1200000|1|6000|8|5|0|0|408000|595|4759983|404958
1200000|1|6000|8|5|1|2|408000|595|4759983|347758
1200000|1|6000|8|5|0|0|408000|596|4767983|405449
1200000|1|6000|8|5|1|2|408000|596|4767983|348328
1200000|1|6000|8|5|0|0|408000|597|4775984|405733
1200000|1|6000|8|5|1|2|408000|597|4775984|348578
1200000|1|6000|8|5|0|0|408000|598|4783984|405777
1200000|1|6000|8|5|1|2|408000|598|4783984|349110
1200000|1|6000|8|5|0|0|408000|599|4791984|406512
1200000|1|6000|8|5|1|2|408000|599|4791984|349599
1200000|1|6000|8|5|0|0|408000|600|4799985|406514
1200000|1|6000|8|5|1|2|408000|600|4799985|349891
1200000|1|6000|8|5|0|0|408000|601|4807985|407130
1200000|1|6000|8|5|1|2|408000|601|4807985|350095
1200000|1|6000|8|5|0|0|408000|602|4815985|407950
1200000|1|6000|8|5|1|2|408000|602|4815985|349644
1200000|1|6000|8|5|0|0|408000|603|4823985|409136
1200000|1|6000|8|5|1|2|408000|603|4823985|349353
1200000|1|6000|8|5|0|0|408000|604|4831985|409589
1200000|1|6000|8|5|1|2|408000|604|4831985|348783
1200000|1|6000|8|5|0|0|408000|605|4839985|409876
1200000|1|6000|8|5|1|2|408000|605|4839985|348864
1200000|1|6000|8|5|0|0|408000|606|4847986|410409
1200000|1|6000|8|5|1|2|408000|606|4847986|348251
1200000|1|6000|8|5|0|0|408000|607|4855986|411270
1200000|1|6000|8|5|1|2|408000|607|4855986|348372
1200000|1|6000|8|5|0|0|408000|608|4863986|411638
1200000|1|6000|8|5|1|2|408000|608|4863986|348577
1200000|1|6000|8|5|0|0|408000|609|4871987|412459
1200000|1|6000|8|5|1|2|408000|609|4871987|349357
1200000|1|6000|8|5|0|0|408000|610|4879987|413075
1200000|1|6000|8|5|1|2|408000|610|4879987|349275
1200000|1|6000|8|5|0|0|408000|611|4887988|414264
1200000|1|6000|8|5|1|2|408000|611|4887988|349030
1200000|1|6000|8|5|0|0|408000|612|4895988|415126
1200000|1|6000|8|5|1|2|408000|612|4895988|348987
1200000|1|6000|8|5|0|0|408000|613|4903989|415577
1200000|1|6000|8|5|1|2|408000|613|4903989|348415
1200000|1|6000|8|5|0|0|408000|614|4911989|415082
1200000|1|6000|8|5|1|2|408000|614|4911989|348822
1200000|1|6000|8|5|0|0|408000|615|4919990|414797
1200000|1|6000|8|5|1|2|408000|615|4919990|348455
1200000|1|6000|8|5|0|0|408000|616|4927991|415451
1200000|1|6000|8|5|1|2|408000|616|4927991|348864
1200000|1|6000|8|5|0|0|408000|617|4935992|415372
1200000|1|6000|8|5|1|2|408000|617|4935992|349850
1200000|1|6000|8|5|0|0|408000|618|4943992|415822
1200000|1|6000|8|5|1|2|408000|618|4943992|350055
1200000|1|6000|8|5|0|0|408000|619|4951993|415412
1200000|1|6000|8|5|1|2|408000|619|4951993|350339
1200000|1|6000|8|5|0|0|408000|620|4959993|415247
1200000|1|6000|8|5|1|2|408000|620|4959993|350586
1200000|1|6000|8|5|0|0|408000|621|4967994|415083
1200000|1|6000|8|5|1|2|408000|621|4967994|351161
1200000|1|6000|8|5|0|0|408000|622|4975994|415863
1200000|1|6000|8|5|1|2|408000|622|4975994|350300
1200000|1|6000|8|5|0|0|408000|623|4983993|416191
1200000|1|6000|8|5|1|2|408000|623|4983993|350381
1200000|1|6000|8|5|0|0|408000|624|4991993|416272
1200000|1|6000|8|5|1|2|408000|624|4991993|349357
1200000|1|6000|8|5|0|0|408000|625|4999992|415947
1200000|1|6000|8|5|1|2|408000|625|4999992|349276
1200000|1|6000|8|5|0|0|408000|626|5007992|416274
1200000|1|6000|8|5|1|2|408000|626|5007992|348618
1200000|1|6000|8|5|0|0|408000|627|5015991|416027
1200000|1|6000|8|5|1|2|408000|627|5015991|348411
1200000|1|6000|8|5|0|0|408000|628|5023991|416314
1200000|1|6000|8|5|1|2|408000|628|5023991|348005
1200000|1|6000|8|5|0|0|408000|629|5031990|416314
1200000|1|6000|8|5|1|2|408000|629|5031990|348619
1200000|1|6000|8|5|0|0|408000|630|5039991|416148
1200000|1|6000|8|5|1|2|408000|630|5039991|348742
1200000|1|6000|8|5|0|0|408000|631|5047991|415985
1200000|1|6000|8|5|1|2|408000|631|5047991|349396
1200000|1|6000|8|5|0|0|408000|632|5055992|415411
1200000|1|6000|8|5|1|2|408000|632|5055992|349931
1200000|1|6000|8|5|0|0|408000|633|5063992|415125
1200000|1|6000|8|5|1|2|408000|633|5063992|350215
1200000|1|6000|8|5|0|0|408000|634|5071993|415577
1200000|1|6000|8|5|1|2|408000|634|5071993|350383
1200000|1|6000|8|5|0|0|408000|635|5079992|415987
1200000|1|6000|8|5|1|2|408000|635|5079992|350463
1200000|1|6000|8|5|0|0|408000|636|5087993|415698
1200000|1|6000|8|5|1|2|408000|636|5087993|350872
1200000|1|6000|8|5|0|0|408000|637|5095993|416762
1200000|1|6000|8|5|1|2|408000|637|5095993|350301
1200000|1|6000|8|5|0|0|408000|638|5103993|416971
1200000|1|6000|8|5|1|2|408000|638|5103993|350010
1200000|1|6000|8|5|0|0|408000|639|5111992|417706
1200000|1|6000|8|5|1|2|408000|639|5111992|349849
1200000|1|6000|8|5|0|0|408000|640|5119993|417421
1200000|1|6000|8|5|1|2|408000|640|5119993|349971
1200000|1|6000|8|5|0|0|408000|641|5127993|417750
1200000|1|6000|8|5|1|2|408000|641|5127993|349849
1200000|1|6000|8|5|0|0|408000|642|5135992|417544
1200000|1|6000|8|5|1|2|408000|642|5135992|350216
1200000|1|6000|8|5|0|0|408000|643|5143992|417545
1200000|1|6000|8|5|1|2|408000|643|5143992|349685
1200000|1|6000|8|5|0|0|408000|644|5151992|417954
1200000|1|6000|8|5|1|2|408000|644|5151992|349932
1200000|1|6000|8|5|0|0|408000|645|5159991|417873
1200000|1|6000|8|5|1|2|408000|645|5159991|349274
1200000|1|6000|8|5|0|0|408000|646|5167990|418445
1200000|1|6000|8|5|1|2|408000|646|5167990|349558
1200000|1|6000|8|5|0|0|408000|647|5175989|418489
1200000|1|6000|8|5|1|2|408000|647|5175989|348496
1200000|1|6000|8|5|0|0|408000|648|5183988|418037
1200000|1|6000|8|5|1|2|408000|648|5183988|348126
1200000|1|6000|8|5|0|0|408000|649|5191988|417707
1200000|1|6000|8|5|1|2|408000|649|5191988|347716
1200000|1|6000|8|5|0|0|408000|650|5199987|417298
1200000|1|6000|8|5|1|2|408000|650|5199987|348291
1200000|1|6000|8|5|0|0|408000|651|5207988|416559
1200000|1|6000|8|5|1|2|408000|651|5207988|348247
1200000|1|6000|8|5|0|0|408000|652|5215988|416560
1200000|1|6000|8|5|1|2|408000|652|5215988|347841
1200000|1|6000|8|5|0|0|408000|653|5223989|416479
1200000|1|6000|8|5|1|2|408000|653|5223989|347964
1200000|1|6000|8|5|0|0|408000|654|5231989|415982
1200000|1|6000|8|5|1|2|408000|654|5231989|347225
1200000|1|6000|8|5|0|0|408000|655|5239989|416109
1200000|1|6000|8|5|1|2|408000|655|5239989|347636
1200000|1|6000|8|5|0|0|408000|656|5247990|415206
1200000|1|6000|8|5|1|2|408000|656|5247990|346569
1200000|1|6000|8|5|0|0|408000|657|5255989|414264
1200000|1|6000|8|5|1|2|408000|657|5255989|346278
1200000|1|6000|8|5|0|0|408000|658|5263989|413567
1200000|1|6000|8|5|1|2|408000|658|5263989|345663
1200000|1|6000|8|5|0|0|408000|659|5271988|413157
1200000|1|6000|8|5|1|2|408000|659|5271988|345584
1200000|1|6000|8|5|0|0|408000|660|5279988|412667
1200000|1|6000|8|5|1|2|408000|660|5279988|345175
1200000|1|6000|8|5|0|0|408000|661|5287988|411886
1200000|1|6000|8|5|1|2|408000|661|5287988|344970
1200000|1|6000|8|5|0|0|408000|662|5295989|411270
1200000|1|6000|8|5|1|2|408000|662|5295989|344843
1200000|1|6000|8|5|0|0|408000|663|5303989|411311
1200000|1|6000|8|5|1|2|408000|663|5303989|344557
1200000|1|6000|8|5|0|0|408000|664|5311988|410858
1200000|1|6000|8|5|1|2|408000|664|5311988|344846
1200000|1|6000|8|5|0|0|408000|665|5319989|410205
1200000|1|6000|8|5|1|2|408000|665|5319989|343780
1200000|1|6000|8|5|0|0|408000|666|5327988|409384
1200000|1|6000|8|5|1|2|408000|666|5327988|342713
1200000|1|6000|8|5|0|0|408000|667|5335988|408359
1200000|1|6000|8|5|1|2|408000|667|5335988|342304
1200000|1|6000|8|5|0|0|408000|668|5343988|407376
1200000|1|6000|8|5|1|2|408000|668|5343988|341072
1200000|1|6000|8|5|0|0|408000|669|5351988|406391
1200000|1|6000|8|5|1|2|408000|669|5351988|340255
1200000|1|6000|8|5|0|0|408000|670|5359989|405941
1200000|1|6000|8|5|1|2|408000|670|5359989|339557
1200000|1|6000|8|5|0|0|408000|671|5367989|405695
1200000|1|6000|8|5|1|2|408000|671|5367989|338654
1200000|1|6000|8|5|0|0|408000|672|5375989|406187
1200000|1|6000|8|5|1|2|408000|672|5375989|338656
1200000|1|6000|8|5|0|0|408000|673|5383989|405572
1200000|1|6000|8|5|1|2|408000|673|5383989|337180
1200000|1|6000|8|5|0|0|408000|674|5391988|405204
1200000|1|6000|8|5|1|2|408000|674|5391988|336479
1200000|1|6000|8|5|0|0|408000|675|5399989|404301
1200000|1|6000|8|5|1|2|408000|675|5399989|334883
1200000|1|6000|8|5|0|0|408000|676|5407988|403685
1200000|1|6000|8|5|1|2|408000|676|5407988|334393
1200000|1|6000|8|5|0|0|408000|677|5415989|403811
1200000|1|6000|8|5|1|2|408000|677|5415989|333571
1200000|1|6000|8|5|0|0|408000|678|5423989|403768
1200000|1|6000|8|5|1|2|408000|678|5423989|333860
1200000|1|6000|8|5|0|0|408000|679|5431992|403559
1200000|1|6000|8|5|1|2|408000|679|5431992|334883
1200000|1|6000|8|5|0|0|408000|680|5439994|403109
1200000|1|6000|8|5|1|2|408000|680|5439994|335170
1200000|1|6000|8|5|0|0|408000|681|5447996|402948
1200000|1|6000|8|5|1|2|408000|681|5447996|336851
1200000|1|6000|8|5|0|0|408000|682|5455999|402741
1200000|1|6000|8|5|1|2|408000|682|5455999|337425
1200000|1|6000|8|5|0|0|408000|683|5464000|402619
1200000|1|6000|8|5|1|2|408000|683|5464000|338124
1200000|1|6000|8|5|0|0|408000|684|5472002|402044
1200000|1|6000|8|5|1|2|408000|684|5472002|338288
1200000|1|6000|8|5|0|0|408000|685|5480003|402251
1200000|1|6000|8|5|1|2|408000|685|5480003|337753
1200000|1|6000|8|5|0|0|408000|686|5488004|402291
1200000|1|6000|8|5|1|2|408000|686|5488004|337756
1200000|1|6000|8|5|0|0|408000|687|5496004|402702
1200000|1|6000|8|5|1|2|408000|687|5496004|338329
1200000|1|6000|8|5|0|0|408000|688|5504004|402906
1200000|1|6000|8|5|1|2|408000|688|5504004|338488
1200000|1|6000|8|5|0|0|408000|689|5512004|402949
1200000|1|6000|8|5|1|2|408000|689|5512004|338406
1200000|1|6000|8|5|0|0|408000|690|5520005|403520
1200000|1|6000|8|5|1|2|408000|690|5520005|338945
1200000|1|6000|8|5|0|0|408000|691|5528005|403152
1200000|1|6000|8|5|1|2|408000|691|5528005|338862
1200000|1|6000|8|5|0|0|408000|692|5536006|403193
1200000|1|6000|8|5|1|2|408000|692|5536006|338943
1200000|1|6000|8|5|0|0|408000|693|5544006|402210
1200000|1|6000|8|5|1|2|408000|693|5544006|338124
1200000|1|6000|8|5|0|0|408000|694|5552005|402906
1200000|1|6000|8|5|1|2|408000|694|5552005|337097
1200000|1|6000|8|5|0|0|408000|695|5560005|402660
1200000|1|6000|8|5|1|2|408000|695|5560005|336850
1200000|1|6000|8|5|0|0|408000|696|5568005|402742
1200000|1|6000|8|5|1|2|408000|696|5568005|336071
1200000|1|6000|8|5|0|0|408000|697|5576005|402496
1200000|1|6000|8|5|1|2|408000|697|5576005|336195
1200000|1|6000|8|5|0|0|408000|698|5584005|402374
1200000|1|6000|8|5|1|2|408000|698|5584005|335581
1200000|1|6000|8|5|0|0|408000|699|5592004|401798
1200000|1|6000|8|5|1|2|408000|699|5592004|336484
1200000|1|6000|8|5|0|0|408000|700|5600006|401468
1200000|1|6000|8|5|1|2|408000|700|5600006|337138
1200000|1|6000|8|5|0|0|408000|701|5608007|401185
1200000|1|6000|8|5|1|2|408000|701|5608007|338328
1200000|1|6000|8|5|0|0|408000|702|5616007|401143
1200000|1|6000|8|5|1|2|408000|702|5616007|338655
1200000|1|6000|8|5|0|0|408000|703|5624007|400489
1200000|1|6000|8|5|1|2|408000|703|5624007|339349
1200000|1|6000|8|5|0|0|408000|704|5632008|400652
1200000|1|6000|8|5|1|2|408000|704|5632008|339106
1200000|1|6000|8|5|0|0|408000|705|5640007|400608
1200000|1|6000|8|5|1|2|408000|705|5640007|339559
1200000|1|6000|8|5|0|0|408000|706|5648007|400692
1200000|1|6000|8|5|1|2|408000|706|5648007|340583
1200000|1|6000|8|5|0|0|408000|707|5656009|400979
1200000|1|6000|8|5|1|2|408000|707|5656009|340379
1200000|1|6000|8|5|0|0|408000|708|5664009|400734
1200000|1|6000|8|5|1|2|408000|708|5664009|341527
1200000|1|6000|8|5|0|0|408000|709|5672011|400979
1200000|1|6000|8|5|1|2|408000|709|5672011|341854
1200000|1|6000|8|5|0|0|408000|710|5680011|401061
1200000|1|6000|8|5|1|2|408000|710|5680011|342507
1200000|1|6000|8|5|0|0|408000|711|5688012|401017
1200000|1|6000|8|5|1|2|408000|711|5688012|342839
1200000|1|6000|8|5|0|0|408000|712|5696013|400735
1200000|1|6000|8|5|1|2|408000|712|5696013|343083
1200000|1|6000|8|5|0|0|408000|713|5704013|400324
1200000|1|6000|8|5|1|2|408000|713|5704013|343083
1200000|1|6000|8|5|0|0|408000|714|5712013|399870
1200000|1|6000|8|5|1|2|408000|714|5712013|342470
1200000|1|6000|8|5|0|0|408000|715|5720012|399665
1200000|1|6000|8|5|1|2|408000|715|5720012|341811
1200000|1|6000|8|5|0|0|408000|716|5728012|399503
1200000|1|6000|8|5|1|2|408000|716|5728012|341649
1200000|1|6000|8|5|0|0|408000|717|5736013|398602
1200000|1|6000|8|5|1|2|408000|717|5736013|341936
1200000|1|6000|8|5|0|0|408000|718|5744014|398149
1200000|1|6000|8|5|1|2|408000|718|5744014|342182
1200000|1|6000|8|5|0|0|408000|719|5752014|398476
1200000|1|6000|8|5|1|2|408000|719|5752014|342916
1200000|1|6000|8|5|0|0|408000|720|5760015|399011
1200000|1|6000|8|5|1|2|408000|720|5760015|342304
1200000|1|6000|8|5|0|0|408000|721|5768014|399053
1200000|1|6000|8|5|1|2|408000|721|5768014|342839
1200000|1|6000|8|5|0|0|408000|722|5776015|399175
1200000|1|6000|8|5|1|2|408000|722|5776015|342097
1200000|1|6000|8|5|0|0|408000|723|5784014|399421
1200000|1|6000|8|5|1|2|408000|723|5784014|342223
1200000|1|6000|8|5|0|0|408000|724|5792014|399913
1200000|1|6000|8|5|1|2|408000|724|5792014|341321
1200000|1|6000|8|5|0|0|408000|725|5800014|399664
1200000|1|6000|8|5|1|2|408000|725|5800014|341035
1200000|1|6000|8|5|0|0|408000|726|5808014|399339
1200000|1|6000|8|5|1|2|408000|726|5808014|340337
1200000|1|6000|8|5|0|0|408000|727|5816014|398803
1200000|1|6000|8|5|1|2|408000|727|5816014|339928
1200000|1|6000|8|5|0|0|408000|728|5824014|398517
1200000|1|6000|8|5|1|2|408000|728|5824014|339024
1200000|1|6000|8|5|0|0|408000|729|5832014|398643
1200000|1|6000|8|5|1|2|408000|729|5832014|337999
1200000|1|6000|8|5|0|0|408000|730|5840013|398644
1200000|1|6000|8|5|1|2|408000|730|5840013|338000
1200000|1|6000|8|5|0|0|408000|731|5848013|398685
1200000|1|6000|8|5|1|2|408000|731|5848013|336690
1200000|1|6000|8|5|0|0|408000|732|5856012|398968
1200000|1|6000|8|5|1|2|408000|732|5856012|336647
1200000|1|6000|8|5|0|0|408000|733|5864013|399749
1200000|1|6000|8|5|1|2|408000|733|5864013|335211
1200000|1|6000|8|5|0|0|408000|734|5872011|400118
1200000|1|6000|8|5|1|2|408000|734|5872011|335130
1200000|1|6000|8|5|0|0|408000|735|5880011|400857
1200000|1|6000|8|5|1|2|408000|735|5880011|333858
1200000|1|6000|8|5|0|0|408000|736|5888011|400773
1200000|1|6000|8|5|1|2|408000|736|5888011|332545
1200000|1|6000|8|5|0|0|408000|737|5896010|401514
1200000|1|6000|8|5|1|2|408000|737|5896010|331441
1200000|1|6000|8|5|0|0|408000|738|5904010|402866
1200000|1|6000|8|5|1|2|408000|738|5904010|328856
1200000|1|6000|8|5|0|0|408000|739|5912011|403399
1200000|1|6000|8|5|1|2|408000|739|5912011|327298
1200000|1|6000|8|5|0|0|408000|740|5920011|403029
1200000|1|6000|8|5|1|2|408000|740|5920011|325863
1200000|1|6000|8|5|0|0|408000|741|5928011|403360
1200000|1|6000|8|5|1|2|408000|741|5928011|323895
1200000|1|6000|8|5|0|0|408000|742|5936010|403686
1200000|1|6000|8|5|1|2|408000|742|5936010|323486
1200000|1|6000|8|5|0|0|408000|743|5944010|404137
1200000|1|6000|8|5|1|2|408000|743|5944010|323568
1200000|1|6000|8|5|0|0|408000|744|5952010|404627
1200000|1|6000|8|5|1|2|408000|744|5952010|322912
1200000|1|6000|8|5|0|0|408000|745|5960010|405896
1200000|1|6000|8|5|1|2|408000|745|5960010|322666
1200000|1|6000|8|5|0|0|408000|746|5968011|407130
1200000|1|6000|8|5|1|2|408000|746|5968011|321314
1200000|1|6000|8|5|0|0|408000|747|5976011|407704
1200000|1|6000|8|5|1|2|408000|747|5976011|320781
1200000|1|6000|8|5|0|0|408000|748|5984012|407787
1200000|1|6000|8|5|1|2|408000|748|5984012|319508
1200000|1|6000|8|5|0|0|408000|749|5992011|407907
1200000|1|6000|8|5|1|2|408000|749|5992011|318320
1200000|1|6000|8|5|0|0|408000|750|6000010|407704
1200000|1|6000|8|5|1|2|408000|750|6000010|317048
1200000|1|6000|8|5|0|0|408000|751|6008008|407744
1200000|1|6000|8|5|1|2|408000|751|6008008|314629
1200000|1|6000|8|5|0|0|408000|752|6016005|407868
1200000|1|6000|8|5|1|2|408000|752|6016005|313441
1200000|1|6000|8|5|0|0|408000|753|6024003|407786
1200000|1|6000|8|5|1|2|408000|753|6024003|310981
1200000|1|6000|8|5|0|0|408000|754|6032000|407373
1200000|1|6000|8|5|1|2|408000|754|6032000|309628
1200000|1|6000|8|5|0|0|408000|755|6039998|406680
1200000|1|6000|8|5|1|2|408000|755|6039998|307988
1200000|1|6000|8|5|0|0|408000|756|6047996|406391
1200000|1|6000|8|5|1|2|408000|756|6047996|306799
1200000|1|6000|8|5|0|0|408000|757|6055995|405449
1200000|1|6000|8|5|1|2|408000|757|6055995|305447
1200000|1|6000|8|5|0|0|408000|758|6063993|405121
1200000|1|6000|8|5|1|2|408000|758|6063993|304504
1200000|1|6000|8|5|0|0|408000|759|6071991|404219
1200000|1|6000|8|5|1|2|408000|759|6071991|303395
1200000|1|6000|8|5|0|0|408000|760|6079990|403688
1200000|1|6000|8|5|1|2|408000|760|6079990|302247
1200000|1|6000|8|5|0|0|408000|761|6087988|403358
1200000|1|6000|8|5|1|2|408000|761|6087988|301426
1200000|1|6000|8|5|0|0|408000|762|6095986|403523
1200000|1|6000|8|5|1|2|408000|762|6095986|300891
1200000|1|6000|8|5|0|0|408000|763|6103985|402945
1200000|1|6000|8|5|1|2|408000|763|6103985|300360
1200000|1|6000|8|5|0|0|408000|764|6111984|402619
1200000|1|6000|8|5|1|2|408000|764|6111984|299337
1200000|1|6000|8|5|0|0|408000|765|6119983|401800
1200000|1|6000|8|5|1|2|408000|765|6119983|298845
1200000|1|6000|8|5|0|0|408000|766|6127981|401429
1200000|1|6000|8|5|1|2|408000|766|6127981|298066
1200000|1|6000|8|5|0|0|408000|767|6135981|402127
1200000|1|6000|8|5|1|2|408000|767|6135981|297704
1200000|1|6000|8|5|0|0|408000|768|6143980|401882
1200000|1|6000|8|5|1|2|408000|768|6143980|297089
1200000|1|6000|8|5|0|0|408000|769|6151979|402128
1200000|1|6000|8|5|1|2|408000|769|6151979|297089
1200000|1|6000|8|5|0|0|408000|770|6159980|402086
1200000|1|6000|8|5|1|2|408000|770|6159980|296966
1200000|1|6000|8|5|0|0|408000|771|6167980|402744
1200000|1|6000|8|5|1|2|408000|771|6167980|296597
1200000|1|6000|8|5|0|0|408000|772|6175979|403031
1200000|1|6000|8|5|1|2|408000|772|6175979|296884
1200000|1|6000|8|5|0|0|408000|773|6183979|403027
1200000|1|6000|8|5|1|2|408000|773|6183979|296228
1200000|1|6000|8|5|0|0|408000|774|6191979|403358
1200000|1|6000|8|5|1|2|408000|774|6191979|296802
1200000|1|6000|8|5|0|0|408000|775|6199979|403849
1200000|1|6000|8|5|1|2|408000|775|6199979|295982
1200000|1|6000|8|5|0|0|408000|776|6207978|403891
1200000|1|6000|8|5|1|2|408000|776|6207978|296515
1200000|1|6000|8|5|0|0|408000|777|6215979|404178
1200000|1|6000|8|5|1|2|408000|777|6215979|296966
1200000|1|6000|8|5|0|0|408000|778|6223979|404709
1200000|1|6000|8|5|1|2|408000|778|6223979|298032
1200000|1|6000|8|5|0|0|408000|779|6231981|404629
1200000|1|6000|8|5|1|2|408000|779|6231981|298517
1200000|1|6000|8|5|0|0|408000|780|6239981|405323
1200000|1|6000|8|5|1|2|408000|780|6239981|299419
1200000|1|6000|8|5|0|0|408000|781|6247982|405491
1200000|1|6000|8|5|1|2|408000|781|6247982|299952
1200000|1|6000|8|5|0|0|408000|782|6255983|405899
1200000|1|6000|8|5|1|2|408000|782|6255983|300483
1200000|1|6000|8|5|0|0|408000|783|6263984|405448
1200000|1|6000|8|5|1|2|408000|783|6263984|301304
1200000|1|6000|8|5|0|0|408000|784|6271985|405942
1200000|1|6000|8|5|1|2|408000|784|6271985|300895
1200000|1|6000|8|5|0|0|408000|785|6279985|406227
1200000|1|6000|8|5|1|2|408000|785|6279985|300773
1200000|1|6000|8|5|0|0|408000|786|6287986|406266
1200000|1|6000|8|5|1|2|408000|786|6287986|300485
1200000|1|6000|8|5|0|0|408000|787|6295986|405940
1200000|1|6000|8|5|1|2|408000|787|6295986|300731
1200000|1|6000|8|5|0|0|408000|788|6303987|405489
1200000|1|6000|8|5|1|2|408000|788|6303987|301017
1200000|1|6000|8|5|0|0|408000|789|6311988|405737
1200000|1|6000|8|5|1|2|408000|789|6311988|301060
1200000|1|6000|8|5|0|0|408000|790|6319989|405243
1200000|1|6000|8|5|1|2|408000|790|6319989|301794
1200000|1|6000|8|5|0|0|408000|791|6327990|405162
1200000|1|6000|8|5|1|2|408000|791|6327990|302330
1200000|1|6000|8|5|0|0|408000|792|6335991|404753
1200000|1|6000|8|5|1|2|408000|792|6335991|303602
1200000|1|6000|8|5|0|0|408000|793|6343992|404750
1200000|1|6000|8|5|1|2|408000|793|6343992|304503
1200000|1|6000|8|5|0|0|408000|794|6351993|404056
1200000|1|6000|8|5|1|2|408000|794|6351993|305650
1200000|1|6000|8|5|0|0|408000|795|6359994|404505
1200000|1|6000|8|5|1|2|408000|795|6359994|306674
1200000|1|6000|8|5|0|0|408000|796|6367996|404260
1200000|1|6000|8|5|1|2|408000|796|6367996|306963
1200000|1|6000|8|5|0|0|408000|797|6375996|404711
1200000|1|6000|8|5|1|2|408000|797|6375996|307824
1200000|1|6000|8|5|0|0|408000|798|6383998|404752
1200000|1|6000|8|5|1|2|408000|798|6383998|307987
1200000|1|6000|8|5|0|0|408000|799|6391999|405285
1200000|1|6000|8|5|1|2|408000|799|6391999|307618
1200000|1|6000|8|5|0|0|408000|800|6400000|405202
1200000|1|6000|8|5|1|2|408000|800|6400000|307783
1200000|1|6000|8|5|0|0|408000|801|6408001|405407
1200000|1|6000|8|5|1|2|408000|801|6408001|307495
1200000|1|6000|8|5|0|0|408000|802|6416002|405118
1200000|1|6000|8|5|1|2|408000|802|6416002|307947
1200000|1|6000|8|5|0|0|408000|803|6424004|405163
1200000|1|6000|8|5|1|2|408000|803|6424004|307904
1200000|1|6000|8|5|0|0|408000|804|6432004|405531
1200000|1|6000|8|5|1|2|408000|804|6432004|308191
1200000|1|6000|8|5|0|0|408000|805|6440006|405654
1200000|1|6000|8|5|1|2|408000|805|6440006|309259
1200000|1|6000|8|5|0|0|408000|806|6448007|405979
1200000|1|6000|8|5|1|2|408000|806|6448007|309338
1200000|1|6000|8|5|0|0|408000|807|6456008|405859
1200000|1|6000|8|5|1|2|408000|807|6456008|309751
1200000|1|6000|8|5|0|0|408000|808|6464009|406064
1200000|1|6000|8|5|1|2|408000|808|6464009|309177
1200000|1|6000|8|5|0|0|408000|809|6472010|406270
1200000|1|6000|8|5|1|2|408000|809|6472010|309547
1200000|1|6000|8|5|0|0|408000|810|6480011|407129
1200000|1|6000|8|5|1|2|408000|810|6480011|309382
1200000|1|6000|8|5|0|0|408000|811|6488012|406925
1200000|1|6000|8|5|1|2|408000|811|6488012|309382
1200000|1|6000|8|5|0|0|408000|812|6496013|407745
1200000|1|6000|8|5|1|2|408000|812|6496013|308969
1200000|1|6000|8|5|0|0|408000|813|6504013|407783
1200000|1|6000|8|5|1|2|408000|813|6504013|309136
1200000|1|6000|8|5|0|0|408000|814|6512014|407703
1200000|1|6000|8|5|1|2|408000|814|6512014|309506
1200000|1|6000|8|5|0|0|408000|815|6520015|407621
1200000|1|6000|8|5|1|2|408000|815|6520015|309629
1200000|1|6000|8|5|0|0|408000|816|6528016|407581
1200000|1|6000|8|5|1|2|408000|816|6528016|309790
1200000|1|6000|8|5|0|0|408000|817|6536017|407868
1200000|1|6000|8|5|1|2|408000|817|6536017|309915
1200000|1|6000|8|5|0|0|408000|818|6544018|407949
1200000|1|6000|8|5|1|2|408000|818|6544018|309791
1200000|1|6000|8|5|0|0|408000|819|6552018|408358
1200000|1|6000|8|5|1|2|408000|819|6552018|309832
1200000|1|6000|8|5|0|0|408000|820|6560018|408648
1200000|1|6000|8|5|1|2|408000|820|6560018|309504
1200000|1|6000|8|5|0|0|408000|821|6568019|408728
1200000|1|6000|8|5|1|2|408000|821|6568019|310037
1200000|1|6000|8|5|0|0|408000|822|6576019|409017
1200000|1|6000|8|5|1|2|408000|822|6576019|309382
1200000|1|6000|8|5|0|0|408000|823|6584020|408401
1200000|1|6000|8|5|1|2|408000|823|6584020|309832
1200000|1|6000|8|5|0|0|408000|824|6592020|406803
1200000|1|6000|8|5|1|2|408000|824|6592020|309299
1200000|1|6000|8|5|0|0|408000|825|6600020|405528
1200000|1|6000|8|5|1|2|408000|825|6600020|309749
1200000|1|6000|8|5|0|0|408000|826|6608021|404629
1200000|1|6000|8|5|1|2|408000|826|6608021|309136
1200000|1|6000|8|5|0|0|408000|827|6616021|403644
1200000|1|6000|8|5|1|2|408000|827|6616021|308808
1200000|1|6000|8|5|0|0|408000|828|6624022|402661
1200000|1|6000|8|5|1|2|408000|828|6624022|308725
1200000|1|6000|8|5|0|0|408000|829|6632022|401963
1200000|1|6000|8|5|1|2|408000|829|6632022|307906
1200000|1|6000|8|5|0|0|408000|830|6640023|401429
1200000|1|6000|8|5|1|2|408000|830|6640023|307743
1200000|1|6000|8|5|0|0|408000|831|6648022|401348
1200000|1|6000|8|5|1|2|408000|831|6648022|307250
1200000|1|6000|8|5|0|0|408000|832|6656022|401472
1200000|1|6000|8|5|1|2|408000|832|6656022|308235
1200000|1|6000|8|5|0|0|408000|833|6664024|401223
1200000|1|6000|8|5|1|2|408000|833|6664024|308602
1200000|1|6000|8|5|0|0|408000|834|6672025|401512
1200000|1|6000|8|5|1|2|408000|834|6672025|309829
1200000|1|6000|8|5|0|0|408000|835|6680028|400652
1200000|1|6000|8|5|1|2|408000|835|6680028|310854
1200000|1|6000|8|5|0|0|408000|836|6688030|400694
1200000|1|6000|8|5|1|2|408000|836|6688030|311473
1200000|1|6000|8|5|0|0|408000|837|6696031|400651
1200000|1|6000|8|5|1|2|408000|837|6696031|311884
1200000|1|6000|8|5|0|0|408000|838|6704032|400611
1200000|1|6000|8|5|1|2|408000|838|6704032|311185
1200000|1|6000|8|5|0|0|408000|839|6712032|399463
1200000|1|6000|8|5|1|2|408000|839|6712032|311923
1200000|1|6000|8|5|0|0|408000|840|6720034|398972
1200000|1|6000|8|5|1|2|408000|840|6720034|312211
1200000|1|6000|8|5|0|0|408000|841|6728035|398558
1200000|1|6000|8|5|1|2|408000|841|6728035|312333
1200000|1|6000|8|5|0|0|408000|842|6736036|398065
1200000|1|6000|8|5|1|2|408000|842|6736036|312618
1200000|1|6000|8|5|0|0|408000|843|6744037|397905
1200000|1|6000|8|5|1|2|408000|843|6744037|312786
1200000|1|6000|8|5|0|0|408000|844|6752038|398562
1200000|1|6000|8|5|1|2|408000|844|6752038|313359
1200000|1|6000|8|5|0|0|408000|845|6760039|399379
1200000|1|6000|8|5|1|2|408000|845|6760039|312785
1200000|1|6000|8|5|0|0|408000|846|6768040|399710
1200000|1|6000|8|5|1|2|408000|846|6768040|312661
1200000|1|6000|8|5|0|0|408000|847|6776040|400407
1200000|1|6000|8|5|1|2|408000|847|6776040|312495
1200000|1|6000|8|5|0|0|408000|848|6784040|400898
1200000|1|6000|8|5|1|2|408000|848|6784040|312824
1200000|1|6000|8|5|0|0|408000|849|6792040|401635
1200000|1|6000|8|5|1|2|408000|849|6792040|312868
1200000|1|6000|8|5|0|0|408000|850|6800041|402006
1200000|1|6000|8|5|1|2|408000|850|6800041|313195
1200000|1|6000|8|5|0|0|408000|851|6808041|401594
1200000|1|6000|8|5|1|2|408000|851|6808041|313606
1200000|1|6000|8|5|0|0|408000|852|6816041|401676
1200000|1|6000|8|5|1|2|408000|852|6816041|313482
1200000|1|6000|8|5|0|0|408000|853|6824041|401348
1200000|1|6000|8|5|1|2|408000|853|6824041|314385
1200000|1|6000|8|5|0|0|408000|854|6832043|401674
1200000|1|6000|8|5|1|2|408000|854|6832043|313237
1200000|1|6000|8|5|0|0|408000|855|6840042|401513
1200000|1|6000|8|5|1|2|408000|855|6840042|314057
1200000|1|6000|8|5|0|0|408000|856|6848042|401550
1200000|1|6000|8|5|1|2|408000|856|6848042|313728
1200000|1|6000|8|5|0|0|408000|857|6856042|401386
1200000|1|6000|8|5|1|2|408000|857|6856042|314218
1200000|1|6000|8|5|0|0|408000|858|6864043|400939
1200000|1|6000|8|5|1|2|408000|858|6864043|314056
1200000|1|6000|8|5|0|0|408000|859|6872043|400898
1200000|1|6000|8|5|1|2|408000|859|6872043|314795
1200000|1|6000|8|5|0|0|408000|860|6880043|399956
1200000|1|6000|8|5|1|2|408000|860|6880043|315121
1200000|1|6000|8|5|0|0|408000|861|6888044|399422
1200000|1|6000|8|5|1|2|408000|861|6888044|315692
1200000|1|6000|8|5|0|0|408000|862|6896044|398929
1200000|1|6000|8|5|1|2|408000|862|6896044|315575
1200000|1|6000|8|5|0|0|408000|863|6904044|398929
1200000|1|6000|8|5|1|2|408000|863|6904044|315693
1200000|1|6000|8|5|0|0|408000|864|6912044|398601
1200000|1|6000|8|5|1|2|408000|864|6912044|316023
1200000|1|6000|8|5|0|0|408000|865|6920044|398846
1200000|1|6000|8|5|1|2|408000|865|6920044|315940
1200000|1|6000|8|5|0|0|408000|866|6928044|398150
1200000|1|6000|8|5|1|2|408000|866|6928044|315941
1200000|1|6000|8|5|0|0|408000|867|6936044|397615
1200000|1|6000|8|5|1|2|408000|867|6936044|316557
1200000|1|6000|8|5|0|0|408000|868|6944045|397327
1200000|1|6000|8|5|1|2|408000|868|6944045|316517
1200000|1|6000|8|5|0|0|408000|869|6952046|397002
1200000|1|6000|8|5|1|2|408000|869|6952046|315819
1200000|1|6000|8|5|0|0|408000|870|6960045|396757
1200000|1|6000|8|5|1|2|408000|870|6960045|316024
1200000|1|6000|8|5|0|0|408000|871|6968046|396061
1200000|1|6000|8|5|1|2|408000|871|6968046|315162
1200000|1|6000|8|5|0|0|408000|872|6976046|395814
1200000|1|6000|8|5|1|2|408000|872|6976046|314998
1200000|1|6000|8|5|0|0|408000|873|6984046|395158
1200000|1|6000|8|5|1|2|408000|873|6984046|314671
1200000|1|6000|8|5|0|0|408000|874|6992046|394912
1200000|1|6000|8|5|1|2|408000|874|6992046|314467
1200000|1|6000|8|5|0|0|408000|875|7000046|394380
1200000|1|6000|8|5|1|2|408000|875|7000046|314875
1200000|1|6000|8|5|0|0|408000|876|7008047|394173
1200000|1|6000|8|5|1|2|408000|876|7008047|314711
1200000|1|6000|8|5|0|0|408000|877|7016046|393478
1200000|1|6000|8|5|1|2|408000|877|7016046|315041
1200000|1|6000|8|5|0|0|408000|878|7024047|393397
1200000|1|6000|8|5|1|2|408000|878|7024047|314713
1200000|1|6000|8|5|0|0|408000|879|7032047|393355
1200000|1|6000|8|5|1|2|408000|879|7032047|315162
1200000|1|6000|8|5|0|0|408000|880|7040048|393232
1200000|1|6000|8|5|1|2|408000|880|7040048|315121
1200000|1|6000|8|5|0|0|408000|881|7048049|392779
1200000|1|6000|8|5|1|2|408000|881|7048049|315245
1200000|1|6000|8|5|0|0|408000|882|7056049|393024
1200000|1|6000|8|5|1|2|408000|882|7056049|314752
1200000|1|6000|8|5|0|0|408000|883|7064049|392452
1200000|1|6000|8|5|1|2|408000|883|7064049|314301
1200000|1|6000|8|5|0|0|408000|884|7072049|392530
1200000|1|6000|8|5|1|2|408000|884|7072049|313605
1200000|1|6000|8|5|0|0|408000|885|7080049|392493
1200000|1|6000|8|5|1|2|408000|885|7080049|313030
1200000|1|6000|8|5|0|0|408000|886|7088049|392204
1200000|1|6000|8|5|1|2|408000|886|7088049|312825
1200000|1|6000|8|5|0|0|408000|887|7096049|392123
1200000|1|6000|8|5|1|2|408000|887|7096049|312579
1200000|1|6000|8|5|0|0|408000|888|7104049|390893
1200000|1|6000|8|5|1|2|408000|888|7104049|313071
1200000|1|6000|8|5|0|0|408000|889|7112050|390935
1200000|1|6000|8|5|1|2|408000|889|7112050|313646
1200000|1|6000|8|5|0|0|408000|890|7120051|389993
1200000|1|6000|8|5|1|2|408000|890|7120051|314589
1200000|1|6000|8|5|0|0|408000|891|7128052|390196
1200000|1|6000|8|5|1|2|408000|891|7128052|315121
1200000|1|6000|8|5|0|0|408000|892|7136052|389789
1200000|1|6000|8|5|1|2|408000|892|7136052|316146
1200000|1|6000|8|5|0|0|408000|893|7144053|389912
1200000|1|6000|8|5|1|2|408000|893|7144053|316802
1200000|1|6000|8|5|0|0|408000|894|7152054|391059
1200000|1|6000|8|5|1|2|408000|894|7152054|317213
1200000|1|6000|8|5|0|0|408000|895|7160054|392000
1200000|1|6000|8|5|1|2|408000|895|7160054|318032
1200000|1|6000|8|5|0|0|408000|896|7168055|393271
1200000|1|6000|8|5|1|2|408000|896|7168055|319098
1200000|1|6000|8|5|0|0|408000|897|7176056|393641
1200000|1|6000|8|5|1|2|408000|897|7176056|319959
1200000|1|6000|8|5|0|0|408000|898|7184057|394174
1200000|1|6000|8|5|1|2|408000|898|7184057|321230
1200000|1|6000|8|5|0|0|408000|899|7192058|394707
1200000|1|6000|8|5|1|2|408000|899|7192058|322091
1200000|1|6000|8|5|0|0|408000|900|7200059|395034
1200000|1|6000|8|5|1|2|408000|900|7200059|323526
1200000|1|6000|8|5|0|0|408000|901|7208060|395364
1200000|1|6000|8|5|1|2|408000|901|7208060|323812
1200000|1|6000|8|5|0|0|408000|902|7216061|395690
1200000|1|6000|8|5|1|2|408000|902|7216061|325330
1200000|1|6000|8|5|0|0|408000|903|7224063|396225
1200000|1|6000|8|5|1|2|408000|903|7224063|325737
1200000|1|6000|8|5|0|0|408000|904|7232064|396795
1200000|1|6000|8|5|1|2|408000|904|7232064|326763
1200000|1|6000|8|5|0|0|408000|905|7240065|397165
1200000|1|6000|8|5|1|2|408000|905|7240065|328407
1200000|1|6000|8|5|0|0|408000|906|7248067|397493
1200000|1|6000|8|5|1|2|408000|906|7248067|329226
1200000|1|6000|8|5|0|0|408000|907|7256068|397576
1200000|1|6000|8|5|1|2|408000|907|7256068|331112
1200000|1|6000|8|5|0|0|408000|908|7264071|397125
1200000|1|6000|8|5|1|2|408000|908|7264071|333243
1200000|1|6000|8|5|0|0|408000|909|7272074|396758
1200000|1|6000|8|5|1|2|408000|909|7272074|334227
1200000|1|6000|8|5|0|0|408000|910|7280074|396388
1200000|1|6000|8|5|1|2|408000|910|7280074|334966
1200000|1|6000|8|5|0|0|408000|911|7288075|395732
1200000|1|6000|8|5|1|2|408000|911|7288075|335705
1200000|1|6000|8|5|0|0|408000|912|7296076|395610
1200000|1|6000|8|5|1|2|408000|912|7296076|336481
1200000|1|6000|8|5|0|0|408000|913|7304077|395241
1200000|1|6000|8|5|1|2|408000|913|7304077|337261
1200000|1|6000|8|5|0|0|408000|914|7312078|395444
1200000|1|6000|8|5|1|2|408000|914|7312078|337835
1200000|1|6000|8|5|0|0|408000|915|7320078|395690
1200000|1|6000|8|5|1|2|408000|915|7320078|339024
1200000|1|6000|8|5|0|0|408000|916|7328080|396384
1200000|1|6000|8|5|1|2|408000|916|7328080|339435
1200000|1|6000|8|5|0|0|408000|917|7336080|396469
1200000|1|6000|8|5|1|2|408000|917|7336080|340661
1200000|1|6000|8|5|0|0|408000|918|7344080|396511
1200000|1|6000|8|5|1|2|408000|918|7344080|341116
1200000|1|6000|8|5|0|0|408000|919|7352080|396676
1200000|1|6000|8|5|1|2|408000|919|7352080|341856
1200000|1|6000|8|5|0|0|408000|920|7360081|396303
1200000|1|6000|8|5|1|2|408000|920|7360081|342017
1200000|1|6000|8|5|0|0|408000|921|7368081|397124
1200000|1|6000|8|5|1|2|408000|921|7368081|342633
1200000|1|6000|8|5|0|0|408000|922|7376081|398272
1200000|1|6000|8|5|1|2|408000|922|7376081|342757
1200000|1|6000|8|5|0|0|408000|923|7384082|398847
1200000|1|6000|8|5|1|2|408000|923|7384082|343372
1200000|1|6000|8|5|0|0|408000|924|7392082|399623
1200000|1|6000|8|5|1|2|408000|924|7392082|343167
1200000|1|6000|8|5|0|0|408000|925|7400083|400037
1200000|1|6000|8|5|1|2|408000|925|7400083|343206
1200000|1|6000|8|5|0|0|408000|926|7408083|400979
1200000|1|6000|8|5|1|2|408000|926|7408083|342880
1200000|1|6000|8|5|0|0|408000|927|7416083|401550
1200000|1|6000|8|5|1|2|408000|927|7416083|342879
1200000|1|6000|8|5|0|0|408000|928|7424083|402087
1200000|1|6000|8|5|1|2|408000|928|7424083|343372
1200000|1|6000|8|5|0|0|408000|929|7432084|401919
1200000|1|6000|8|5|1|2|408000|929|7432084|343491
1200000|1|6000|8|5|0|0|408000|930|7440084|401431
1200000|1|6000|8|5|1|2|408000|930|7440084|343903
1200000|1|6000|8|5|0|0|408000|931|7448085|401512
1200000|1|6000|8|5|1|2|408000|931|7448085|343289
1200000|1|6000|8|5|0|0|408000|932|7456085|401922
1200000|1|6000|8|5|1|2|408000|932|7456085|342837
1200000|1|6000|8|5|0|0|408000|933|7464084|402455
1200000|1|6000|8|5|1|2|408000|933|7464084|342101
1200000|1|6000|8|5|0|0|408000|934|7472084|403441
1200000|1|6000|8|5|1|2|408000|934|7472084|341731
1200000|1|6000|8|5|0|0|408000|935|7480084|402865
1200000|1|6000|8|5|1|2|408000|935|7480084|340952
1200000|1|6000|8|5|0|0|408000|936|7488085|403850
1200000|1|6000|8|5|1|2|408000|936|7488085|340498
1200000|1|6000|8|5|0|0|408000|937|7496085|404425
1200000|1|6000|8|5|1|2|408000|937|7496085|340214
1200000|1|6000|8|5|0|0|408000|938|7504085|405326
1200000|1|6000|8|5|1|2|408000|938|7504085|340132
1200000|1|6000|8|5|0|0|408000|939|7512085|405488
1200000|1|6000|8|5|1|2|408000|939|7512085|340050
1200000|1|6000|8|5|0|0|408000|940|7520085|406679
1200000|1|6000|8|5|1|2|408000|940|7520085|339805
1200000|1|6000|8|5|0|0|408000|941|7528084|406883
1200000|1|6000|8|5|1|2|408000|941|7528084|339598
1200000|1|6000|8|5|0|0|408000|942|7536084|407539
1200000|1|6000|8|5|1|2|408000|942|7536084|338778
1200000|1|6000|8|5|0|0|408000|943|7544083|407539
1200000|1|6000|8|5|1|2|408000|943|7544083|338694
1200000|1|6000|8|5|0|0|408000|944|7552084|407211
1200000|1|6000|8|5|1|2|408000|944|7552084|337918
1200000|1|6000|8|5|0|0|408000|945|7560084|407618
1200000|1|6000|8|5|1|2|408000|945|7560084|338491
1200000|1|6000|8|5|0|0|408000|946|7568085|407334
1200000|1|6000|8|5|1|2|408000|946|7568085|338696
1200000|1|6000|8|5|0|0|408000|947|7576085|407910
1200000|1|6000|8|5|1|2|408000|947|7576085|338696
1200000|1|6000|8|5|0|0|408000|948|7584085|407824
1200000|1|6000|8|5|1|2|408000|948|7584085|338818
1200000|1|6000|8|5|0|0|408000|949|7592085|408565
1200000|1|6000|8|5|1|2|408000|949|7592085|338492
1200000|1|6000|8|5|0|0|408000|950|7600085|408401
1200000|1|6000|8|5|1|2|408000|950|7600085|339025
1200000|1|6000|8|5|0|0|408000|951|7608085|408767
1200000|1|6000|8|5|1|2|408000|951|7608085|338738
1200000|1|6000|8|5|0|0|408000|952|7616085|408443
1200000|1|6000|8|5|1|2|408000|952|7616085|338287
1200000|1|6000|8|5|0|0|408000|953|7624085|408359
1200000|1|6000|8|5|1|2|408000|953|7624085|336769
1200000|1|6000|8|5|0|0|408000|954|7632084|408115
1200000|1|6000|8|5|1|2|408000|954|7632084|336771
1200000|1|6000|8|5|0|0|408000|955|7640085|408237
1200000|1|6000|8|5|1|2|408000|955|7640085|335909
1200000|1|6000|8|5|0|0|408000|956|7648084|407537
1200000|1|6000|8|5|1|2|408000|956|7648084|336114
1200000|1|6000|8|5|0|0|408000|957|7656085|406883
1200000|1|6000|8|5|1|2|408000|957|7656085|335786
1200000|1|6000|8|5|0|0|408000|958|7664084|405814
1200000|1|6000|8|5|1|2|408000|958|7664084|336360
1200000|1|6000|8|5|0|0|408000|959|7672086|404874
1200000|1|6000|8|5|1|2|408000|959|7672086|337345
1200000|1|6000|8|5|0|0|408000|960|7680087|404670
1200000|1|6000|8|5|1|2|408000|960|7680087|337386
1200000|1|6000|8|5|0|0|408000|961|7688088|403973
1200000|1|6000|8|5|1|2|408000|961|7688088|337711
1200000|1|6000|8|5|0|0|408000|962|7696088|404340
1200000|1|6000|8|5|1|2|408000|962|7696088|337590
1200000|1|6000|8|5|0|0|408000|963|7704089|403645
1200000|1|6000|8|5|1|2|408000|963|7704089|337795
1200000|1|6000|8|5|0|0|408000|964|7712090|403764
1200000|1|6000|8|5|1|2|408000|964|7712090|337835
1200000|1|6000|8|5|0|0|408000|965|7720090|402539
1200000|1|6000|8|5|1|2|408000|965|7720090|337220
1200000|1|6000|8|5|0|0|408000|966|7728090|401797
1200000|1|6000|8|5|1|2|408000|966|7728090|336482
1200000|1|6000|8|5|0|0|408000|967|7736089|400776
1200000|1|6000|8|5|1|2|408000|967|7736089|336196
1200000|1|6000|8|5|0|0|408000|968|7744089|399911
1200000|1|6000|8|5|1|2|408000|968|7744089|335744
1200000|1|6000|8|5|0|0|408000|969|7752089|398681
1200000|1|6000|8|5|1|2|408000|969|7752089|334556
1200000|1|6000|8|5|0|0|408000|970|7760088|397700
1200000|1|6000|8|5|1|2|408000|970|7760088|334597
1200000|1|6000|8|5|0|0|408000|971|7768089|397291
1200000|1|6000|8|5|1|2|408000|971|7768089|334429
1200000|1|6000|8|5|0|0|408000|972|7776089|396384
1200000|1|6000|8|5|1|2|408000|972|7776089|334556
1200000|1|6000|8|5|0|0|408000|973|7784090|395856
1200000|1|6000|8|5|1|2|408000|973|7784090|334679
1200000|1|6000|8|5|0|0|408000|974|7792090|395281
1200000|1|6000|8|5|1|2|408000|974|7792090|334634
1200000|1|6000|8|5|0|0|408000|975|7800090|394870
1200000|1|6000|8|5|1|2|408000|975|7800090|334309
1200000|1|6000|8|5|0|0|408000|976|7808090|394953
1200000|1|6000|8|5|1|2|408000|976|7808090|334269
1200000|1|6000|8|5|0|0|408000|977|7816091|394746
1200000|1|6000|8|5|1|2|408000|977|7816091|333778
1200000|1|6000|8|5|0|0|408000|978|7824091|395240
1200000|1|6000|8|5|1|2|408000|978|7824091|332997
1200000|1|6000|8|5|0|0|408000|979|7832091|395895
1200000|1|6000|8|5|1|2|408000|979|7832091|333448
1200000|1|6000|8|5|0|0|408000|980|7840092|396471
1200000|1|6000|8|5|1|2|408000|980|7840092|332997
1200000|1|6000|8|5|0|0|408000|981|7848092|397208
1200000|1|6000|8|5|1|2|408000|981|7848092|333448
1200000|1|6000|8|5|0|0|408000|982|7856094|397782
1200000|1|6000|8|5|1|2|408000|982|7856094|333489
1200000|1|6000|8|5|0|0|408000|983|7864094|397779
1200000|1|6000|8|5|1|2|408000|983|7864094|333532
1200000|1|6000|8|5|0|0|408000|984|7872095|397823
1200000|1|6000|8|5|1|2|408000|984|7872095|333737
1200000|1|6000|8|5|0|0|408000|985|7880096|397741
1200000|1|6000|8|5|1|2|408000|985|7880096|334146
1200000|1|6000|8|5|0|0|408000|986|7888097|397863
1200000|1|6000|8|5|1|2|408000|986|7888097|333778
1200000|1|6000|8|5|0|0|408000|987|7896097|398273
1200000|1|6000|8|5|1|2|408000|987|7896097|333941
1200000|1|6000|8|5|0|0|408000|988|7904097|398436
1200000|1|6000|8|5|1|2|408000|988|7904097|333651
1200000|1|6000|8|5|0|0|408000|989|7912097|398725
1200000|1|6000|8|5|1|2|408000|989|7912097|333448
1200000|1|6000|8|5|0|0|408000|990|7920097|398848
1200000|1|6000|8|5|1|2|408000|990|7920097|333119
1200000|1|6000|8|5|0|0|408000|991|7928097|399503
1200000|1|6000|8|5|1|2|408000|991|7928097|332588
1200000|1|6000|8|5|0|0|408000|992|7936097|400405
1200000|1|6000|8|5|1|2|408000|992|7936097|332301
1200000|1|6000|8|5|0|0|408000|993|7944097|400487
1200000|1|6000|8|5|1|2|408000|993|7944097|331400
1200000|1|6000|8|5|0|0|408000|994|7952096|401022
1200000|1|6000|8|5|1|2|408000|994|7952096|330004
1200000|1|6000|8|5|0|0|408000|995|7960095|400857
1200000|1|6000|8|5|1|2|408000|995|7960095|328898
1200000|1|6000|8|5|0|0|408000|996|7968094|401307
1200000|1|6000|8|5|1|2|408000|996|7968094|328036
1200000|1|6000|8|5|0|0|408000|997|7976093|401800
1200000|1|6000|8|5|1|2|408000|997|7976093|326684
1200000|1|6000|8|5|0|0|408000|998|7984092|402002
1200000|1|6000|8|5|1|2|408000|998|7984092|325823
1200000|1|6000|8|5|0|0|408000|999|7992091|400771
1200000|1|6000|8|5|1|2|408000|999|7992091|323813
1200000|1|6000|8|5|0|0|408000|1000|8000089|400283
1200000|1|6000|8|5|1|2|408000|1000|8000089|323487
1200000|1|6000|8|5|0|0|408000|1001|8008088|399913
1200000|1|6000|8|5|1|2|408000|1001|8008088|321641
1200000|1|6000|8|5|0|0|408000|1002|8016087|399504
1200000|1|6000|8|5|1|2|408000|1002|8016087|320533
1200000|1|6000|8|5|0|0|408000|1003|8024085|399338
1200000|1|6000|8|5|1|2|408000|1003|8024085|318935
1200000|1|6000|8|5|0|0|408000|1004|8032083|399052
1200000|1|6000|8|5|1|2|408000|1004|8032083|317333
1200000|1|6000|8|5|0|0|408000|1005|8040082|398970
1200000|1|6000|8|5|1|2|408000|1005|8040082|316147
1200000|1|6000|8|5|0|0|408000|1006|8048080|398722
1200000|1|6000|8|5|1|2|408000|1006|8048080|314138
1200000|1|6000|8|5|0|0|408000|1007|8056077|398725
1200000|1|6000|8|5|1|2|408000|1007|8056077|313317
1200000|1|6000|8|5|0|0|408000|1008|8064076|398274
1200000|1|6000|8|5|1|2|408000|1008|8064076|312334
1200000|1|6000|8|5|0|0|408000|1009|8072074|397660
1200000|1|6000|8|5|1|2|408000|1009|8072074|312374
1200000|1|6000|8|5|0|0|408000|1010|8080074|397413
1200000|1|6000|8|5|1|2|408000|1010|8080074|311924
1200000|1|6000|8|5|0|0|408000|1011|8088073|396469
1200000|1|6000|8|5|1|2|408000|1011|8088073|312453
1200000|1|6000|8|5|0|0|408000|1012|8096073|396223
1200000|1|6000|8|5|1|2|408000|1012|8096073|312087
1200000|1|6000|8|5|0|0|408000|1013|8104073|396345
1200000|1|6000|8|5|1|2|408000|1013|8104073|312088
1200000|1|6000|8|5|0|0|408000|1014|8112073|396224
1200000|1|6000|8|5|1|2|408000|1014|8112073|312293
1200000|1|6000|8|5|0|0|408000|1015|8120073|396223
1200000|1|6000|8|5|1|2|408000|1015|8120073|312128
1200000|1|6000|8|5|0|0|408000|1016|8128073|395811
1200000|1|6000|8|5|1|2|408000|1016|8128073|311800
1200000|1|6000|8|5|0|0|408000|1017|8136072|395732
1200000|1|6000|8|5|1|2|408000|1017|8136072|311556
1200000|1|6000|8|5|0|0|408000|1018|8144071|395569
1200000|1|6000|8|5|1|2|408000|1018|8144071|311594
1200000|1|6000|8|5|0|0|408000|1019|8152071|395282
1200000|1|6000|8|5|1|2|408000|1019|8152071|310817
1200000|1|6000|8|5|0|0|408000|1020|8160070|394994
1200000|1|6000|8|5|1|2|408000|1020|8160070|310940
1200000|1|6000|8|5|0|0|408000|1021|8168069|394584
1200000|1|6000|8|5|1|2|408000|1021|8168069|310488
1200000|1|6000|8|5|0|0|408000|1022|8176068|394664
1200000|1|6000|8|5|1|2|408000|1022|8176068|310037
1200000|1|6000|8|5|0|0|408000|1023|8184068|394419
1200000|1|6000|8|5|1|2|408000|1023|8184068|308685
1200000|1|6000|8|5|0|0|408000|1024|8192066|394826
1200000|1|6000|8|5|1|2|408000|1024|8192066|308808
1200000|1|6000|8|5|0|0|408000|1025|8200066|394502
1200000|1|6000|8|5|1|2|408000|1025|8200066|307947
1200000|1|6000|8|5|0|0|408000|1026|8208065|394873
1200000|1|6000|8|5|1|2|408000|1026|8208065|308274
1200000|1|6000|8|5|0|0|408000|1027|8216066|395077
1200000|1|6000|8|5|1|2|408000|1027|8216066|307866
1200000|1|6000|8|5|0|0|408000|1028|8224066|395034
1200000|1|6000|8|5|1|2|408000|1028|8224066|308764
1200000|1|6000|8|5|0|0|408000|1029|8232067|395200
1200000|1|6000|8|5|1|2|408000|1029|8232067|309341
1200000|1|6000|8|5|0|0|408000|1030|8240068|394912
1200000|1|6000|8|5|1|2|408000|1030|8240068|309915
1200000|1|6000|8|5|0|0|408000|1031|8248069|394829
1200000|1|6000|8|5|1|2|408000|1031|8248069|310079
1200000|1|6000|8|5|0|0|408000|1032|8256069|395240
1200000|1|6000|8|5|1|2|408000|1032|8256069|309629
1200000|1|6000|8|5|0|0|408000|1033|8264069|395156
1200000|1|6000|8|5|1|2|408000|1033|8264069|309874
1200000|1|6000|8|5|0|0|408000|1034|8272070|395852
1200000|1|6000|8|5|1|2|408000|1034|8272070|309218
1200000|1|6000|8|5|0|0|408000|1035|8280070|396799
1200000|1|6000|8|5|1|2|408000|1035|8280070|309586
1200000|1|6000|8|5|0|0|408000|1036|8288070|397454
1200000|1|6000|8|5|1|2|408000|1036|8288070|309093
1200000|1|6000|8|5|0|0|408000|1037|8296070|397617
1200000|1|6000|8|5|1|2|408000|1037|8296070|309094
1200000|1|6000|8|5|0|0|408000|1038|8304071|397947
1200000|1|6000|8|5|1|2|408000|1038|8304071|308971
1200000|1|6000|8|5|0|0|408000|1039|8312071|398435
1200000|1|6000|8|5|1|2|408000|1039|8312071|309177
1200000|1|6000|8|5|0|0|408000|1040|8320072|398806
1200000|1|6000|8|5|1|2|408000|1040|8320072|309423
1200000|1|6000|8|5|0|0|408000|1041|8328073|398397
1200000|1|6000|8|5|1|2|408000|1041|8328073|309217
1200000|1|6000|8|5|0|0|408000|1042|8336074|398519
1200000|1|6000|8|5|1|2|408000|1042|8336074|308602
1200000|1|6000|8|5|0|0|408000|1043|8344073|398684
1200000|1|6000|8|5|1|2|408000|1043|8344073|307413
1200000|1|6000|8|5|0|0|408000|1044|8352073|398805
1200000|1|6000|8|5|1|2|408000|1044|8352073|306758
1200000|1|6000|8|5|0|0|408000|1045|8360072|399339
1200000|1|6000|8|5|1|2|408000|1045|8360072|306018
1200000|1|6000|8|5|0|0|408000|1046|8368071|399585
1200000|1|6000|8|5|1|2|408000|1046|8368071|305363
1200000|1|6000|8|5|0|0|408000|1047|8376071|400567
1200000|1|6000|8|5|1|2|408000|1047|8376071|304871
1200000|1|6000|8|5|0|0|408000|1048|8384070|400734
1200000|1|6000|8|5|1|2|408000|1048|8384070|304626
1200000|1|6000|8|5|0|0|408000|1049|8392071|400282
1200000|1|6000|8|5|1|2|408000|1049|8392071|305197
1200000|1|6000|8|5|0|0|408000|1050|8400071|400776
1200000|1|6000|8|5|1|2|408000|1050|8400071|305201
1200000|1|6000|8|5|0|0|408000|1051|8408073|400897
1200000|1|6000|8|5|1|2|408000|1051|8408073|304992
1200000|1|6000|8|5|0|0|408000|1052|8416073|401185
1200000|1|6000|8|5|1|2|408000|1052|8416073|305489
1200000|1|6000|8|5|0|0|408000|1053|8424074|401307
1200000|1|6000|8|5|1|2|408000|1053|8424074|305817
1200000|1|6000|8|5|0|0|408000|1054|8432075|401143
1200000|1|6000|8|5|1|2|408000|1054|8432075|305857
1200000|1|6000|8|5|0|0|408000|1055|8440075|401143
1200000|1|6000|8|5|1|2|408000|1055|8440075|305447
1200000|1|6000|8|5|0|0|408000|1056|8448076|400976
1200000|1|6000|8|5|1|2|408000|1056|8448076|304790
1200000|1|6000|8|5|0|0|408000|1057|8456075|400772
1200000|1|6000|8|5|1|2|408000|1057|8456075|304463
1200000|1|6000|8|5|0|0|408000|1058|8464075|400609
1200000|1|6000|8|5|1|2|408000|1058|8464075|303724
1200000|1|6000|8|5|0|0|408000|1059|8472075|401061
1200000|1|6000|8|5|1|2|408000|1059|8472075|303762
1200000|1|6000|8|5|0|0|408000|1060|8480075|400569
1200000|1|6000|8|5|1|2|408000|1060|8480075|303519
1200000|1|6000|8|5|0|0|408000|1061|8488075|400610
1200000|1|6000|8|5|1|2|408000|1061|8488075|303436
1200000|1|6000|8|5|0|0|408000|1062|8496075|400487
1200000|1|6000|8|5|1|2|408000|1062|8496075|302944
1200000|1|6000|8|5|0|0|408000|1063|8504075|400692
1200000|1|6000|8|5|1|2|408000|1063|8504075|303888
1200000|1|6000|8|5|0|0|408000|1064|8512076|400487
1200000|1|6000|8|5|1|2|408000|1064|8512076|304748
1200000|1|6000|8|5|0|0|408000|1065|8520078|400366
1200000|1|6000|8|5|1|2|408000|1065|8520078|305404
1200000|1|6000|8|5|0|0|408000|1066|8528080|400484
1200000|1|6000|8|5|1|2|408000|1066|8528080|305811
1200000|1|6000|8|5|0|0|408000|1067|8536081|400117
1200000|1|6000|8|5|1|2|408000|1067|8536081|306184
1200000|1|6000|8|5|0|0|408000|1068|8544081|399791
1200000|1|6000|8|5|1|2|408000|1068|8544081|305935
1200000|1|6000|8|5|0|0|408000|1069|8552082|399341
1200000|1|6000|8|5|1|2|408000|1069|8552082|305569
1200000|1|6000|8|5|0|0|408000|1070|8560082|399010
1200000|1|6000|8|5|1|2|408000|1070|8560082|305610
1200000|1|6000|8|5|0|0|408000|1071|8568082|398601
1200000|1|6000|8|5|1|2|408000|1071|8568082|306307
1200000|1|6000|8|5|0|0|408000|1072|8576083|398397
1200000|1|6000|8|5|1|2|408000|1072|8576083|306717
1200000|1|6000|8|5|0|0|408000|1073|8584082|398601
1200000|1|6000|8|5|1|2|408000|1073|8584082|307865
1200000|1|6000|8|5|0|0|408000|1074|8592083|398479
1200000|1|6000|8|5|1|2|408000|1074|8592083|308439
1200000|1|6000|8|5|0|0|408000|1075|8600084|397168
1200000|1|6000|8|5|1|2|408000|1075|8600084|309177
1200000|1|6000|8|5|0|0|408000|1076|8608085|396142
1200000|1|6000|8|5|1|2|408000|1076|8608085|310078
1200000|1|6000|8|5|0|0|408000|1077|8616086|395240
1200000|1|6000|8|5|1|2|408000|1077|8616086|310571
1200000|1|6000|8|5|0|0|408000|1078|8624087|394707
1200000|1|6000|8|5|1|2|408000|1078|8624087|310488
1200000|1|6000|8|5|0|0|408000|1079|8632087|394053
1200000|1|6000|8|5|1|2|408000|1079|8632087|309914
1200000|1|6000|8|5|0|0|408000|1080|8640087|393149
1200000|1|6000|8|5|1|2|408000|1080|8640087|311064
1200000|1|6000|8|5|0|0|408000|1081|8648089|392738
1200000|1|6000|8|5|1|2|408000|1081|8648089|310653
1200000|1|6000|8|5|0|0|408000|1082|8656089|393150
1200000|1|6000|8|5|1|2|408000|1082|8656089|312047
1200000|1|6000|8|5|0|0|408000|1083|8664091|392940
1200000|1|6000|8|5|1|2|408000|1083|8664091|312785
1200000|1|6000|8|5|0|0|408000|1084|8672093|391796
1200000|1|6000|8|5|1|2|408000|1084|8672093|313153
1200000|1|6000|8|5|0|0|408000|1085|8680093|391550
1200000|1|6000|8|5|1|2|408000|1085|8680093|313522
1200000|1|6000|8|5|0|0|408000|1086|8688094|390731
1200000|1|6000|8|5|1|2|408000|1086|8688094|313030
1200000|1|6000|8|5|0|0|408000|1087|8696093|390522
1200000|1|6000|8|5|1|2|408000|1087|8696093|312907
1200000|1|6000|8|5|0|0|408000|1088|8704093|389455
1200000|1|6000|8|5|1|2|408000|1088|8704093|312740
1200000|1|6000|8|5|0|0|408000|1089|8712093|388925
1200000|1|6000|8|5|1|2|408000|1089|8712093|312333
1200000|1|6000|8|5|0|0|408000|1090|8720093|387737
1200000|1|6000|8|5|1|2|408000|1090|8720093|311757
1200000|1|6000|8|5|0|0|408000|1091|8728093|387491
1200000|1|6000|8|5|1|2|408000|1091|8728093|312495
1200000|1|6000|8|5|0|0|408000|1092|8736095|386918
1200000|1|6000|8|5|1|2|408000|1092|8736095|312375
1200000|1|6000|8|5|0|0|408000|1093|8744095|386671
1200000|1|6000|8|5|1|2|408000|1093|8744095|312703
1200000|1|6000|8|5|0|0|408000|1094|8752096|386056
1200000|1|6000|8|5|1|2|408000|1094|8752096|312907
1200000|1|6000|8|5|0|0|408000|1095|8760097|386178
1200000|1|6000|8|5|1|2|408000|1095|8760097|313274
1200000|1|6000|8|5|0|0|408000|1096|8768098|385441
1200000|1|6000|8|5|1|2|408000|1096|8768098|313973
1200000|1|6000|8|5|0|0|408000|1097|8776099|384989
1200000|1|6000|8|5|1|2|408000|1097|8776099|313686
1200000|1|6000|8|5|0|0|408000|1098|8784099|385113
1200000|1|6000|8|5|1|2|408000|1098|8784099|314711
1200000|1|6000|8|5|0|0|408000|1099|8792100|384538
1200000|1|6000|8|5|1|2|408000|1099|8792100|314587
1200000|1|6000|8|5|0|0|408000|1100|8800101|384008
1200000|1|6000|8|5|1|2|408000|1100|8800101|315284
1200000|1|6000|8|5|0|0|408000|1101|8808102|383594
1200000|1|6000|8|5|1|2|408000|1101|8808102|315038
1200000|1|6000|8|5|0|0|408000|1102|8816102|383310
1200000|1|6000|8|5|1|2|408000|1102|8816102|315202
1200000|1|6000|8|5|0|0|408000|1103|8824103|383390
1200000|1|6000|8|5|1|2|408000|1103|8824103|315656
1200000|1|6000|8|5|0|0|408000|1104|8832104|383187
1200000|1|6000|8|5|1|2|408000|1104|8832104|315692
1200000|1|6000|8|5|0|0|408000|1105|8840105|382940
1200000|1|6000|8|5|1|2|408000|1105|8840105|316064
1200000|1|6000|8|5|0|0|408000|1106|8848105|382855
1200000|1|6000|8|5|1|2|408000|1106|8848105|316103
1200000|1|6000|8|5|0|0|408000|1107|8856105|382817
1200000|1|6000|8|5|1|2|408000|1107|8856105|316352
1200000|1|6000|8|5|0|0|408000|1108|8864106|382325
1200000|1|6000|8|5|1|2|408000|1108|8864106|316188
1200000|1|6000|8|5|0|0|408000|1109|8872107|382244
1200000|1|6000|8|5|1|2|408000|1109|8872107|316926
1200000|1|6000|8|5|0|0|408000|1110|8880108|382572
1200000|1|6000|8|5|1|2|408000|1110|8880108|316803
1200000|1|6000|8|5|0|0|408000|1111|8888109|382813
1200000|1|6000|8|5|1|2|408000|1111|8888109|317377
1200000|1|6000|8|5|0|0|408000|1112|8896109|383143
1200000|1|6000|8|5|1|2|408000|1112|8896109|317869
1200000|1|6000|8|5|0|0|408000|1113|8904110|383678
1200000|1|6000|8|5|1|2|408000|1113|8904110|318321
1200000|1|6000|8|5|0|0|408000|1114|8912111|384212
1200000|1|6000|8|5|1|2|408000|1114|8912111|318729
1200000|1|6000|8|5|0|0|408000|1115|8920112|384950
1200000|1|6000|8|5|1|2|408000|1115|8920112|319057
1200000|1|6000|8|5|0|0|408000|1116|8928112|385319
1200000|1|6000|8|5|1|2|408000|1116|8928112|319428
1200000|1|6000|8|5|0|0|408000|1117|8936114|384909
1200000|1|6000|8|5|1|2|408000|1117|8936114|319711
1200000|1|6000|8|5|0|0|408000|1118|8944114|384498
1200000|1|6000|8|5|1|2|408000|1118|8944114|319916
1200000|1|6000|8|5|0|0|408000|1119|8952114|384948
1200000|1|6000|8|5|1|2|408000|1119|8952114|320205
1200000|1|6000|8|5|0|0|408000|1120|8960115|385030
1200000|1|6000|8|5|1|2|408000|1120|8960115|320288
1200000|1|6000|8|5|0|0|408000|1121|8968115|385195
1200000|1|6000|8|5|1|2|408000|1121|8968115|320904
1200000|1|6000|8|5|0|0|408000|1122|8976116|385197
1200000|1|6000|8|5|1|2|408000|1122|8976116|321555
1200000|1|6000|8|5|0|0|408000|1123|8984117|384989
1200000|1|6000|8|5|1|2|408000|1123|8984117|321396
1200000|1|6000|8|5|0|0|408000|1124|8992117|385602
1200000|1|6000|8|5|1|2|408000|1124|8992117|322336
1200000|1|6000|8|5|0|0|408000|1125|9000118|385647
1200000|1|6000|8|5|1|2|408000|1125|9000118|322175
1200000|1|6000|8|5|0|0|408000|1126|9008119|386016
1200000|1|6000|8|5|1|2|408000|1126|9008119|322461
1200000|1|6000|8|5|0|0|408000|1127|9016119|386053
1200000|1|6000|8|5|1|2|408000|1127|9016119|322378
1200000|1|6000|8|5|0|0|408000|1128|9024120|386014
1200000|1|6000|8|5|1|2|408000|1128|9024120|322665
1200000|1|6000|8|5|0|0|408000|1129|9032121|385889
1200000|1|6000|8|5|1|2|408000|1129|9032121|322954
1200000|1|6000|8|5|0|0|408000|1130|9040121|386467
1200000|1|6000|8|5|1|2|408000|1130|9040121|323527
1200000|1|6000|8|5|0|0|408000|1131|9048123|386548
1200000|1|6000|8|5|1|2|408000|1131|9048123|324226
1200000|1|6000|8|5|0|0|408000|1132|9056123|386795
1200000|1|6000|8|5|1|2|408000|1132|9056123|323568
1200000|1|6000|8|5|0|0|408000|1133|9064124|386916
1200000|1|6000|8|5|1|2|408000|1133|9064124|324261
1200000|1|6000|8|5|0|0|408000|1134|9072125|386835
1200000|1|6000|8|5|1|2|408000|1134|9072125|324266
1200000|1|6000|8|5|0|0|408000|1135|9080125|386958
1200000|1|6000|8|5|1|2|408000|1135|9080125|325291
1200000|1|6000|8|5|0|0|408000|1136|9088127|386834
1200000|1|6000|8|5|1|2|408000|1136|9088127|325289
1200000|1|6000|8|5|0|0|408000|1137|9096127|386463
1200000|1|6000|8|5|1|2|408000|1137|9096127|325904
1200000|1|6000|8|5|0|0|408000|1138|9104128|387283
1200000|1|6000|8|5|1|2|408000|1138|9104128|326683
1200000|1|6000|8|5|0|0|408000|1139|9112129|387696
1200000|1|6000|8|5|1|2|408000|1139|9112129|326971
1200000|1|6000|8|5|0|0|408000|1140|9120130|389214
1200000|1|6000|8|5|1|2|408000|1140|9120130|327709
1200000|1|6000|8|5|0|0|408000|1141|9128131|389828
1200000|1|6000|8|5|1|2|408000|1141|9128131|328199
1200000|1|6000|8|5|0|0|408000|1142|9136132|390812
1200000|1|6000|8|5|1|2|408000|1142|9136132|329268
1200000|1|6000|8|5|0|0|408000|1143|9144132|391262
1200000|1|6000|8|5|1|2|408000|1143|9144132|330373
1200000|1|6000|8|5|0|0|408000|1144|9152134|391713
1200000|1|6000|8|5|1|2|408000|1144|9152134|331481
1200000|1|6000|8|5|0|0|408000|1145|9160134|391960
1200000|1|6000|8|5|1|2|408000|1145|9160134|332507
1200000|1|6000|8|5|0|0|408000|1146|9168136|391383
1200000|1|6000|8|5|1|2|408000|1146|9168136|333200
1200000|1|6000|8|5|0|0|408000|1147|9176136|391300
1200000|1|6000|8|5|1|2|408000|1147|9176136|333613
1200000|1|6000|8|5|0|0|408000|1148|9184137|390813
1200000|1|6000|8|5|1|2|408000|1148|9184137|333571
1200000|1|6000|8|5|0|0|408000|1149|9192137|391101
1200000|1|6000|8|5|1|2|408000|1149|9192137|333368
1200000|1|6000|8|5|0|0|408000|1150|9200138|390853
1200000|1|6000|8|5|1|2|408000|1150|9200138|334309
1200000|1|6000|8|5|0|0|408000|1151|9208140|391221
1200000|1|6000|8|5|1|2|408000|1151|9208140|334637
1200000|1|6000|8|5|0|0|408000|1152|9216142|391141
1200000|1|6000|8|5|1|2|408000|1152|9216142|336400
1200000|1|6000|8|5|0|0|408000|1153|9224144|391673
1200000|1|6000|8|5|1|2|408000|1153|9224144|336893
1200000|1|6000|8|5|0|0|408000|1154|9232145|392288
1200000|1|6000|8|5|1|2|408000|1154|9232145|337836
1200000|1|6000|8|5|0|0|408000|1155|9240147|392572
1200000|1|6000|8|5|1|2|408000|1155|9240147|338489
1200000|1|6000|8|5|0|0|408000|1156|9248148|392616
1200000|1|6000|8|5|1|2|408000|1156|9248148|338042
1200000|1|6000|8|5|0|0|408000|1157|9256149|393063
1200000|1|6000|8|5|1|2|408000|1157|9256149|338944
1200000|1|6000|8|5|0|0|408000|1158|9264150|393148
1200000|1|6000|8|5|1|2|408000|1158|9264150|338247
1200000|1|6000|8|5|0|0|408000|1159|9272150|393845
1200000|1|6000|8|5|1|2|408000|1159|9272150|338407
1200000|1|6000|8|5|0|0|408000|1160|9280151|393600
1200000|1|6000|8|5|1|2|408000|1160|9280151|338164
1200000|1|6000|8|5|0|0|408000|1161|9288151|392862
1200000|1|6000|8|5|1|2|408000|1161|9288151|337671
1200000|1|6000|8|5|0|0|408000|1162|9296151|393474
1200000|1|6000|8|5|1|2|408000|1162|9296151|337221
1200000|1|6000|8|5|0|0|408000|1163|9304152|392779
1200000|1|6000|8|5|1|2|408000|1163|9304152|336315
1200000|1|6000|8|5|0|0|408000|1164|9312152|393273
1200000|1|6000|8|5|1|2|408000|1164|9312152|335663
1200000|1|6000|8|5|0|0|408000|1165|9320153|392738
1200000|1|6000|8|5|1|2|408000|1165|9320153|334267
1200000|1|6000|8|5|0|0|408000|1166|9328152|392492
1200000|1|6000|8|5|1|2|408000|1166|9328152|332998
1200000|1|6000|8|5|0|0|408000|1167|9336152|393067
1200000|1|6000|8|5|1|2|408000|1167|9336152|331852
1200000|1|6000|8|5|0|0|408000|1168|9344152|392862
1200000|1|6000|8|5|1|2|408000|1168|9344152|331479
1200000|1|6000|8|5|0|0|408000|1169|9352154|392943
1200000|1|6000|8|5|1|2|408000|1169|9352154|331890
1200000|1|6000|8|5|0|0|408000|1170|9360155|392492
1200000|1|6000|8|5|1|2|408000|1170|9360155|332137
1200000|1|6000|8|5|0|0|408000|1171|9368156|393065
1200000|1|6000|8|5|1|2|408000|1171|9368156|331972
1200000|1|6000|8|5|0|0|408000|1172|9376157|392780
1200000|1|6000|8|5|1|2|408000|1172|9376157|331357
1200000|1|6000|8|5|0|0|408000|1173|9384157|393108
1200000|1|6000|8|5|1|2|408000|1173|9384157|331030
1200000|1|6000|8|5|0|0|408000|1174|9392159|392862
1200000|1|6000|8|5|1|2|408000|1174|9392159|330786
1200000|1|6000|8|5|0|0|408000|1175|9400159|392491
1200000|1|6000|8|5|1|2|408000|1175|9400159|330004
1200000|1|6000|8|5|0|0|408000|1176|9408160|392452
1200000|1|6000|8|5|1|2|408000|1176|9408160|329596
1200000|1|6000|8|5|0|0|408000|1177|9416160|391877
1200000|1|6000|8|5|1|2|408000|1177|9416160|329594
1200000|1|6000|8|5|0|0|408000|1178|9424161|391753
1200000|1|6000|8|5|1|2|408000|1178|9424161|329512
1200000|1|6000|8|5|0|0|408000|1179|9432162|391428
1200000|1|6000|8|5|1|2|408000|1179|9432162|329513
1200000|1|6000|8|5|0|0|408000|1180|9440163|392247
1200000|1|6000|8|5|1|2|408000|1180|9440163|329511
1200000|1|6000|8|5|0|0|408000|1181|9448164|392739
1200000|1|6000|8|5|1|2|408000|1181|9448164|329306
1200000|1|6000|8|5|0|0|408000|1182|9456165|393434
1200000|1|6000|8|5|1|2|408000|1182|9456165|329305
1200000|1|6000|8|5|0|0|408000|1183|9464166|394256
1200000|1|6000|8|5|1|2|408000|1183|9464166|329634
1200000|1|6000|8|5|0|0|408000|1184|9472167|394870
1200000|1|6000|8|5|1|2|408000|1184|9472167|330578
1200000|1|6000|8|5|0|0|408000|1185|9480168|395773
1200000|1|6000|8|5|1|2|408000|1185|9480168|331316
1200000|1|6000|8|5|0|0|408000|1186|9488169|395978
1200000|1|6000|8|5|1|2|408000|1186|9488169|332465
1200000|1|6000|8|5|0|0|408000|1187|9496171|395487
1200000|1|6000|8|5|1|2|408000|1187|9496171|333366
1200000|1|6000|8|5|0|0|408000|1188|9504173|395240
1200000|1|6000|8|5|1|2|408000|1188|9504173|333896
1200000|1|6000|8|5|0|0|408000|1189|9512173|395444
1200000|1|6000|8|5|1|2|408000|1189|9512173|334516
1200000|1|6000|8|5|0|0|408000|1190|9520174|395077
1200000|1|6000|8|5|1|2|408000|1190|9520174|334758
1200000|1|6000|8|5|0|0|408000|1191|9528175|395608
1200000|1|6000|8|5|1|2|408000|1191|9528175|335048
1200000|1|6000|8|5|0|0|408000|1192|9536176|395362
1200000|1|6000|8|5|1|2|408000|1192|9536176|335906
1200000|1|6000|8|5|0|0|408000|1193|9544177|395322
1200000|1|6000|8|5|1|2|408000|1193|9544177|336072
1200000|1|6000|8|5|0|0|408000|1194|9552177|395281
1200000|1|6000|8|5|1|2|408000|1194|9552177|336689
1200000|1|6000|8|5|0|0|408000|1195|9560178|395362
1200000|1|6000|8|5|1|2|408000|1195|9560178|337099
1200000|1|6000|8|5|0|0|408000|1196|9568178|396182
1200000|1|6000|8|5|1|2|408000|1196|9568178|337589
1200000|1|6000|8|5|0|0|408000|1197|9576178|396057
1200000|1|6000|8|5|1|2|408000|1197|9576178|338246
1200000|1|6000|8|5|0|0|408000|1198|9584180|396306
1200000|1|6000|8|5|1|2|408000|1198|9584180|337877
1200000|1|6000|8|5|0|0|408000|1199|9592180|396674
1200000|1|6000|8|5|1|2|408000|1199|9592180|339434
1200000|1|6000|8|5|0|0|408000|1200|9600182|396592
1200000|1|6000|8|5|1|2|408000|1200|9600182|339352
1200000|1|6000|8|5|0|0|408000|1201|9608182|397004
1200000|1|6000|8|5|1|2|408000|1201|9608182|340129
1200000|1|6000|8|5|0|0|408000|1202|9616183|397249
1200000|1|6000|8|5|1|2|408000|1202|9616183|340460
1200000|1|6000|8|5|0|0|408000|1203|9624184|397002
1200000|1|6000|8|5|1|2|408000|1203|9624184|340252
1200000|1|6000|8|5|0|0|408000|1204|9632183|397495
1200000|1|6000|8|5|1|2|408000|1204|9632183|339437
1200000|1|6000|8|5|0|0|408000|1205|9640182|398316
1200000|1|6000|8|5|1|2|408000|1205|9640182|338898
1200000|1|6000|8|5|0|0|408000|1206|9648182|399135
1200000|1|6000|8|5|1|2|408000|1206|9648182|338450
1200000|1|6000|8|5|0|0|408000|1207|9656182|399792
1200000|1|6000|8|5|1|2|408000|1207|9656182|336976
1200000|1|6000|8|5|0|0|408000|1208|9664181|400734
1200000|1|6000|8|5|1|2|408000|1208|9664181|336566
1200000|1|6000|8|5|0|0|408000|1209|9672181|401062
1200000|1|6000|8|5|1|2|408000|1209|9672181|335418
1200000|1|6000|8|5|0|0|408000|1210|9680181|401634
1200000|1|6000|8|5|1|2|408000|1210|9680181|335214
1200000|1|6000|8|5|0|0|408000|1211|9688181|402088
1200000|1|6000|8|5|1|2|408000|1211|9688181|334637
1200000|1|6000|8|5|0|0|408000|1212|9696180|402658
1200000|1|6000|8|5|1|2|408000|1212|9696180|334637
1200000|1|6000|8|5|0|0|408000|1213|9704181|402537
1200000|1|6000|8|5|1|2|408000|1213|9704181|334350
1200000|1|6000|8|5|0|0|408000|1214|9712182|402742
1200000|1|6000|8|5|1|2|408000|1214|9712182|333654
1200000|1|6000|8|5|0|0|408000|1215|9720182|403564
1200000|1|6000|8|5|1|2|408000|1215|9720182|332465
1200000|1|6000|8|5|0|0|408000|1216|9728181|403234
1200000|1|6000|8|5|1|2|408000|1216|9728181|331973
1200000|1|6000|8|5|0|0|408000|1217|9736182|403314
1200000|1|6000|8|5|1|2|408000|1217|9736182|331031
1200000|1|6000|8|5|0|0|408000|1218|9744181|402989
1200000|1|6000|8|5|1|2|408000|1218|9744181|330374
1200000|1|6000|8|5|0|0|408000|1219|9752181|403604
1200000|1|6000|8|5|1|2|408000|1219|9752181|329554
1200000|1|6000|8|5|0|0|408000|1220|9760181|402987
1200000|1|6000|8|5|1|2|408000|1220|9760181|328939
1200000|1|6000|8|5|0|0|408000|1221|9768181|403191
1200000|1|6000|8|5|1|2|408000|1221|9768181|328160
1200000|1|6000|8|5|0|0|408000|1222|9776181|402455
1200000|1|6000|8|5|1|2|408000|1222|9776181|327503
1200000|1|6000|8|5|0|0|408000|1223|9784181|402412
1200000|1|6000|8|5|1|2|408000|1223|9784181|326806
1200000|1|6000|8|5|0|0|408000|1224|9792180|402374
1200000|1|6000|8|5|1|2|408000|1224|9792180|325579
1200000|1|6000|8|5|0|0|408000|1225|9800180|402414
1200000|1|6000|8|5|1|2|408000|1225|9800180|325657
1200000|1|6000|8|5|0|0|408000|1226|9808180|402332
1200000|1|6000|8|5|1|2|408000|1226|9808180|323896
1200000|1|6000|8|5|0|0|408000|1227|9816179|401964
1200000|1|6000|8|5|1|2|408000|1227|9816179|323118
1200000|1|6000|8|5|0|0|408000|1228|9824179|401922
1200000|1|6000|8|5|1|2|408000|1228|9824179|321108
1200000|1|6000|8|5|0|0|408000|1229|9832178|402128
1200000|1|6000|8|5|1|2|408000|1229|9832178|320165
1200000|1|6000|8|5|0|0|408000|1230|9840178|402129
1200000|1|6000|8|5|1|2|408000|1230|9840178|319508
1200000|1|6000|8|5|0|0|408000|1231|9848177|401594
1200000|1|6000|8|5|1|2|408000|1231|9848177|319017
1200000|1|6000|8|5|0|0|408000|1232|9856178|401594
1200000|1|6000|8|5|1|2|408000|1232|9856178|319180
1200000|1|6000|8|5|0|0|408000|1233|9864179|400815
1200000|1|6000|8|5|1|2|408000|1233|9864179|319304
1200000|1|6000|8|5|0|0|408000|1234|9872179|400935
1200000|1|6000|8|5|1|2|408000|1234|9872179|319425
1200000|1|6000|8|5|0|0|408000|1235|9880179|400981
1200000|1|6000|8|5|1|2|408000|1235|9880179|318976
1200000|1|6000|8|5|0|0|408000|1236|9888179|400938
1200000|1|6000|8|5|1|2|408000|1236|9888179|318931
1200000|1|6000|8|5|0|0|408000|1237|9896180|400283
1200000|1|6000|8|5|1|2|408000|1237|9896180|318726
1200000|1|6000|8|5|0|0|408000|1238|9904180|399462
1200000|1|6000|8|5|1|2|408000|1238|9904180|318726
1200000|1|6000|8|5|0|0|408000|1239|9912180|399012
1200000|1|6000|8|5|1|2|408000|1239|9912180|318361
1200000|1|6000|8|5|0|0|408000|1240|9920181|398681
1200000|1|6000|8|5|1|2|408000|1240|9920181|318567
1200000|1|6000|8|5|0|0|408000|1241|9928181|398189
1200000|1|6000|8|5|1|2|408000|1241|9928181|318485
1200000|1|6000|8|5|0|0|408000|1242|9936182|397659
1200000|1|6000|8|5|1|2|408000|1242|9936182|318563
1200000|1|6000|8|5|0|0|408000|1243|9944183|397208
1200000|1|6000|8|5|1|2|408000|1243|9944183|318933
1200000|1|6000|8|5|0|0|408000|1244|9952184|397412
1200000|1|6000|8|5|1|2|408000|1244|9952184|319591
1200000|1|6000|8|5|0|0|408000|1245|9960185|397740
1200000|1|6000|8|5|1|2|408000|1245|9960185|319427
1200000|1|6000|8|5|0|0|408000|1246|9968185|397740
1200000|1|6000|8|5|1|2|408000|1246|9968185|319754
1200000|1|6000|8|5|0|0|408000|1247|9976185|397618
1200000|1|6000|8|5|1|2|408000|1247|9976185|319509
1200000|1|6000|8|5|0|0|408000|1248|9984186|397535
1200000|1|6000|8|5|1|2|408000|1248|9984186|319672
1200000|1|6000|8|5|0|0|408000|1249|9992186|397166
1200000|1|6000|8|5|1|2|408000|1249|9992186|319631
1200000|1|6000|8|5|0|0|408000|1250|10000187|396222
1200000|1|6000|8|5|1|2|408000|1250|10000187|319792
1200000|1|6000|8|5|0|0|408000|1251|10008187|395978
1200000|1|6000|8|5|1|2|408000|1251|10008187|319426
1200000|1|6000|8|5|0|0|408000|1252|10016188|395322
1200000|1|6000|8|5|1|2|408000|1252|10016188|318936
1200000|1|6000|8|5|0|0|408000|1253|10024187|395281
1200000|1|6000|8|5|1|2|408000|1253|10024187|318235
1200000|1|6000|8|5|0|0|408000|1254|10032186|394952
1200000|1|6000|8|5|1|2|408000|1254|10032186|317665
1200000|1|6000|8|5|0|0|408000|1255|10040186|395076
1200000|1|6000|8|5|1|2|408000|1255|10040186|317292
1200000|1|6000|8|5|0|0|408000|1256|10048185|395158
1200000|1|6000|8|5|1|2|408000|1256|10048185|316434
1200000|1|6000|8|5|0|0|408000|1257|10056185|395197
1200000|1|6000|8|5|1|2|408000|1257|10056185|316394
1200000|1|6000|8|5|0|0|408000|1258|10064184|394050
1200000|1|6000|8|5|1|2|408000|1258|10064184|316271
1200000|1|6000|8|5|0|0|408000|1259|10072185|393109
1200000|1|6000|8|5|1|2|408000|1259|10072185|316064
1200000|1|6000|8|5|0|0|408000|1260|10080184|391875
1200000|1|6000|8|5|1|2|408000|1260|10080184|315816
1200000|1|6000|8|5|0|0|408000|1261|10088185|391342
1200000|1|6000|8|5|1|2|408000|1261|10088185|315369
1200000|1|6000|8|5|0|0|408000|1262|10096184|390813
1200000|1|6000|8|5|1|2|408000|1262|10096184|315120
1200000|1|6000|8|5|0|0|408000|1263|10104184|390114
1200000|1|6000|8|5|1|2|408000|1263|10104184|314056
1200000|1|6000|8|5|0|0|408000|1264|10112183|390073
1200000|1|6000|8|5|1|2|408000|1264|10112183|313972
1200000|1|6000|8|5|0|0|408000|1265|10120184|390277
1200000|1|6000|8|5|1|2|408000|1265|10120184|313027
1200000|1|6000|8|5|0|0|408000|1266|10128183|390156
1200000|1|6000|8|5|1|2|408000|1266|10128183|312416
1200000|1|6000|8|5|0|0|408000|1267|10136182|389910
1200000|1|6000|8|5|1|2|408000|1267|10136182|312292
1200000|1|6000|8|5|0|0|408000|1268|10144181|389784
1200000|1|6000|8|5|1|2|408000|1268|10144181|312417
1200000|1|6000|8|5|0|0|408000|1269|10152181|388803
1200000|1|6000|8|5|1|2|408000|1269|10152181|311839
1200000|1|6000|8|5|0|0|408000|1270|10160180|388721
1200000|1|6000|8|5|1|2|408000|1270|10160180|311880
1200000|1|6000|8|5|0|0|408000|1271|10168179|388434
1200000|1|6000|8|5|1|2|408000|1271|10168179|311597
1200000|1|6000|8|5|0|0|408000|1272|10176179|389295
1200000|1|6000|8|5|1|2|408000|1272|10176179|312334
1200000|1|6000|8|5|0|0|408000|1273|10184179|389459
1200000|1|6000|8|5|1|2|408000|1273|10184179|311595
1200000|1|6000|8|5|0|0|408000|1274|10192178|389951
1200000|1|6000|8|5|1|2|408000|1274|10192178|310980
1200000|1|6000|8|5|0|0|408000|1275|10200177|389907
1200000|1|6000|8|5|1|2|408000|1275|10200177|310081
1200000|1|6000|8|5|0|0|408000|1276|10208176|390361
1200000|1|6000|8|5|1|2|408000|1276|10208176|310039
1200000|1|6000|8|5|0|0|408000|1277|10216176|390400
1200000|1|6000|8|5|1|2|408000|1277|10216176|309584
1200000|1|6000|8|5|0|0|408000|1278|10224175|391756
1200000|1|6000|8|5|1|2|408000|1278|10224175|309505
1200000|1|6000|8|5|0|0|408000|1279|10232174|392287
1200000|1|6000|8|5|1|2|408000|1279|10232174|309381
1200000|1|6000|8|5|0|0|408000|1280|10240174|393231
1200000|1|6000|8|5|1|2|408000|1280|10240174|309791
1200000|1|6000|8|5|0|0|408000|1281|10248175|394174
1200000|1|6000|8|5|1|2|408000|1281|10248175|310694
1200000|1|6000|8|5|0|0|408000|1282|10256175|394829
1200000|1|6000|8|5|1|2|408000|1282|10256175|310448
1200000|1|6000|8|5|0|0|408000|1283|10264176|395731
1200000|1|6000|8|5|1|2|408000|1283|10264176|311145
1200000|1|6000|8|5|0|0|408000|1284|10272176|396100
1200000|1|6000|8|5|1|2|408000|1284|10272176|310571
1200000|1|6000|8|5|0|0|408000|1285|10280176|396839
1200000|1|6000|8|5|1|2|408000|1285|10280176|311143
1200000|1|6000|8|5|0|0|408000|1286|10288177|397289
1200000|1|6000|8|5|1|2|408000|1286|10288177|310900
1200000|1|6000|8|5|0|0|408000|1287|10296176|397699
1200000|1|6000|8|5|1|2|408000|1287|10296176|312086
1200000|1|6000|8|5|0|0|408000|1288|10304178|398316
1200000|1|6000|8|5|1|2|408000|1288|10304178|312213
1200000|1|6000|8|5|0|0|408000|1289|10312179|399298
1200000|1|6000|8|5|1|2|408000|1289|10312179|312211
1200000|1|6000|8|5|0|0|408000|1290|10320180|400159
1200000|1|6000|8|5|1|2|408000|1290|10320180|312909
1200000|1|6000|8|5|0|0|408000|1291|10328181|401102
1200000|1|6000|8|5|1|2|408000|1291|10328181|313033
1200000|1|6000|8|5|0|0|408000|1292|10336182|401061
1200000|1|6000|8|5|1|2|408000|1292|10336182|313725
1200000|1|6000|8|5|0|0|408000|1293|10344183|400935
1200000|1|6000|8|5|1|2|408000|1293|10344183|313647
1200000|1|6000|8|5|0|0|408000|1294|10352183|400323
1200000|1|6000|8|5|1|2|408000|1294|10352183|314344
1200000|1|6000|8|5|0|0|408000|1295|10360184|400159
1200000|1|6000|8|5|1|2|408000|1295|10360184|314913
1200000|1|6000|8|5|0|0|408000|1296|10368186|399914
1200000|1|6000|8|5|1|2|408000|1296|10368186|315203
1200000|1|6000|8|5|0|0|408000|1297|10376186|399628
1200000|1|6000|8|5|1|2|408000|1297|10376186|315858
1200000|1|6000|8|5|0|0|408000|1298|10384188|399831
1200000|1|6000|8|5|1|2|408000|1298|10384188|316557
1200000|1|6000|8|5|0|0|408000|1299|10392190|399462
1200000|1|6000|8|5|1|2|408000|1299|10392190|317214
1200000|1|6000|8|5|0|0|408000|1300|10400191|399832
1200000|1|6000|8|5|1|2|408000|1300|10400191|317254
1200000|1|6000|8|5|0|0|408000|1301|10408192|400036
1200000|1|6000|8|5|1|2|408000|1301|10408192|316926
1200000|1|6000|8|5|0|0|408000|1302|10416192|399915
1200000|1|6000|8|5|1|2|408000|1302|10416192|316761
1200000|1|6000|8|5|0|0|408000|1303|10424192|399995
1200000|1|6000|8|5|1|2|408000|1303|10424192|316717
1200000|1|6000|8|5|0|0|408000|1304|10432191|399750
1200000|1|6000|8|5|1|2|408000|1304|10432191|316435
1200000|1|6000|8|5|0|0|408000|1305|10440192|399135
1200000|1|6000|8|5|1|2|408000|1305|10440192|315696
1200000|1|6000|8|5|0|0|408000|1306|10448191|399135
1200000|1|6000|8|5|1|2|408000|1306|10448191|315531
1200000|1|6000|8|5|0|0|408000|1307|10456192|399544
1200000|1|6000|8|5|1|2|408000|1307|10456192|315245
1200000|1|6000|8|5|0|0|408000|1308|10464192|399503
1200000|1|6000|8|5|1|2|408000|1308|10464192|316106
1200000|1|6000|8|5|0|0|408000|1309|10472194|399421
1200000|1|6000|8|5|1|2|408000|1309|10472194|316963
1200000|1|6000|8|5|0|0|408000|1310|10480196|399541
1200000|1|6000|8|5|1|2|408000|1310|10480196|318483
1200000|1|6000|8|5|0|0|408000|1311|10488197|399955
1200000|1|6000|8|5|1|2|408000|1311|10488197|319879
1200000|1|6000|8|5|0|0|408000|1312|10496199|400611
1200000|1|6000|8|5|1|2|408000|1312|10496199|320699
1200000|1|6000|8|5|0|0|408000|1313|10504200|401023
1200000|1|6000|8|5|1|2|408000|1313|10504200|321719
1200000|1|6000|8|5|0|0|408000|1314|10512202|400569
1200000|1|6000|8|5|1|2|408000|1314|10512202|322335
1200000|1|6000|8|5|0|0|408000|1315|10520203|399874
1200000|1|6000|8|5|1|2|408000|1315|10520203|322173
1200000|1|6000|8|5|0|0|408000|1316|10528203|399914
1200000|1|6000|8|5|1|2|408000|1316|10528203|322502
1200000|1|6000|8|5|0|0|408000|1317|10536203|399997
1200000|1|6000|8|5|1|2|408000|1317|10536203|322829
1200000|1|6000|8|5|0|0|408000|1318|10544203|400365
1200000|1|6000|8|5|1|2|408000|1318|10544203|324061
1200000|1|6000|8|5|0|0|408000|1319|10552204|400447
1200000|1|6000|8|5|1|2|408000|1319|10552204|324551
1200000|1|6000|8|5|0|0|408000|1320|10560204|401020
1200000|1|6000|8|5|1|2|408000|1320|10560204|325700
1200000|1|6000|8|5|0|0|408000|1321|10568205|400118
1200000|1|6000|8|5|1|2|408000|1321|10568205|326191
1200000|1|6000|8|5|0|0|408000|1322|10576205|399995
1200000|1|6000|8|5|1|2|408000|1322|10576205|327710
1200000|1|6000|8|5|0|0|408000|1323|10584206|399421
1200000|1|6000|8|5|1|2|408000|1323|10584206|328037
1200000|1|6000|8|5|0|0|408000|1324|10592206|399462
1200000|1|6000|8|5|1|2|408000|1324|10592206|328651
1200000|1|6000|8|5|0|0|408000|1325|10600207|399463
1200000|1|6000|8|5|1|2|408000|1325|10600207|329265
1200000|1|6000|8|5|0|0|408000|1326|10608208|399052
1200000|1|6000|8|5|1|2|408000|1326|10608208|329759
1200000|1|6000|8|5|0|0|408000|1327|10616208|399095
1200000|1|6000|8|5|1|2|408000|1327|10616208|330701
1200000|1|6000|8|5|0|0|408000|1328|10624209|399424
1200000|1|6000|8|5|1|2|408000|1328|10624209|331726
1200000|1|6000|8|5|0|0|408000|1329|10632209|399545
1200000|1|6000|8|5|1|2|408000|1329|10632209|332260
1200000|1|6000|8|5|0|0|408000|1330|10640210|399504
1200000|1|6000|8|5|1|2|408000|1330|10640210|332466
1200000|1|6000|8|5|0|0|408000|1331|10648210|398849
1200000|1|6000|8|5|1|2|408000|1331|10648210|332301
1200000|1|6000|8|5|0|0|408000|1332|10656210|398112
1200000|1|6000|8|5|1|2|408000|1332|10656210|332587
1200000|1|6000|8|5|0|0|408000|1333|10664210|397372
1200000|1|6000|8|5|1|2|408000|1333|10664210|332137
1200000|1|6000|8|5|0|0|408000|1334|10672210|396674
1200000|1|6000|8|5|1|2|408000|1334|10672210|332051
1200000|1|6000|8|5|0|0|408000|1335|10680210|395610
1200000|1|6000|8|5|1|2|408000|1335|10680210|332136
1200000|1|6000|8|5|0|0|408000|1336|10688210|395155
1200000|1|6000|8|5|1|2|408000|1336|10688210|333243
1200000|1|6000|8|5|0|0|408000|1337|10696212|395115
1200000|1|6000|8|5|1|2|408000|1337|10696212|333652
1200000|1|6000|8|5|0|0|408000|1338|10704213|394543
1200000|1|6000|8|5|1|2|408000|1338|10704213|334392
1200000|1|6000|8|5|0|0|408000|1339|10712215|395076
1200000|1|6000|8|5|1|2|408000|1339|10712215|334842
1200000|1|6000|8|5|0|0|408000|1340|10720216|394707
1200000|1|6000|8|5|1|2|408000|1340|10720216|335006
1200000|1|6000|8|5|0|0|408000|1341|10728217|394830
1200000|1|6000|8|5|1|2|408000|1341|10728217|335290
1200000|1|6000|8|5|0|0|408000|1342|10736218|395690
1200000|1|6000|8|5|1|2|408000|1342|10736218|335580
1200000|1|6000|8|5|0|0|408000|1343|10744219|395773
1200000|1|6000|8|5|1|2|408000|1343|10744219|335498
1200000|1|6000|8|5|0|0|408000|1344|10752220|396346
1200000|1|6000|8|5|1|2|408000|1344|10752220|335253
1200000|1|6000|8|5|0|0|408000|1345|10760220|396140
1200000|1|6000|8|5|1|2|408000|1345|10760220|335208
1200000|1|6000|8|5|0|0|408000|1346|10768220|396593
1200000|1|6000|8|5|1|2|408000|1346|10768220|335418
1200000|1|6000|8|5|0|0|408000|1347|10776221|396222
1200000|1|6000|8|5|1|2|408000|1347|10776221|334964
1200000|1|6000|8|5|0|0|408000|1348|10784221|395772
1200000|1|6000|8|5|1|2|408000|1348|10784221|335622
1200000|1|6000|8|5|0|0|408000|1349|10792222|395527
1200000|1|6000|8|5|1|2|408000|1349|10792222|335580
1200000|1|6000|8|5|0|0|408000|1350|10800223|395158
1200000|1|6000|8|5|1|2|408000|1350|10800223|335212
1200000|1|6000|8|5|0|0|408000|1351|10808223|395115
1200000|1|6000|8|5|1|2|408000|1351|10808223|334471
1200000|1|6000|8|5|0|0|408000|1352|10816222|394706
1200000|1|6000|8|5|1|2|408000|1352|10816222|333159
1200000|1|6000|8|5|0|0|408000|1353|10824222|394583
1200000|1|6000|8|5|1|2|408000|1353|10824222|332138
1200000|1|6000|8|5|0|0|408000|1354|10832221|393927
1200000|1|6000|8|5|1|2|408000|1354|10832221|330742
1200000|1|6000|8|5|0|0|408000|1355|10840220|394747
1200000|1|6000|8|5|1|2|408000|1355|10840220|329554
1200000|1|6000|8|5|0|0|408000|1356|10848220|394419
1200000|1|6000|8|5|1|2|408000|1356|10848220|328651
1200000|1|6000|8|5|0|0|408000|1357|10856219|394338
1200000|1|6000|8|5|1|2|408000|1357|10856219|328242
1200000|1|6000|8|5|0|0|408000|1358|10864220|394252
1200000|1|6000|8|5|1|2|408000|1358|10864220|328980
1200000|1|6000|8|5|0|0|408000|1359|10872221|394461
1200000|1|6000|8|5|1|2|408000|1359|10872221|329145
1200000|1|6000|8|5|0|0|408000|1360|10880221|394092
1200000|1|6000|8|5|1|2|408000|1360|10880221|329511
1200000|1|6000|8|5|0|0|408000|1361|10888222|393845
1200000|1|6000|8|5|1|2|408000|1361|10888222|329512
1200000|1|6000|8|5|0|0|408000|1362|10896222|394296
1200000|1|6000|8|5|1|2|408000|1362|10896222|329225
1200000|1|6000|8|5|0|0|408000|1363|10904223|394583
1200000|1|6000|8|5|1|2|408000|1363|10904223|329389
1200000|1|6000|8|5|0|0|408000|1364|10912223|395404
1200000|1|6000|8|5|1|2|408000|1364|10912223|328489
1200000|1|6000|8|5|0|0|408000|1365|10920222|395444
1200000|1|6000|8|5|1|2|408000|1365|10920222|327586
1200000|1|6000|8|5|0|0|408000|1366|10928220|395857
1200000|1|6000|8|5|1|2|408000|1366|10928220|326929
1200000|1|6000|8|5|0|0|408000|1367|10936219|395607
1200000|1|6000|8|5|1|2|408000|1367|10936219|326561
1200000|1|6000|8|5|0|0|408000|1368|10944219|395856
1200000|1|6000|8|5|1|2|408000|1368|10944219|326027
1200000|1|6000|8|5|0|0|408000|1369|10952218|395485
1200000|1|6000|8|5|1|2|408000|1369|10952218|326067
1200000|1|6000|8|5|0|0|408000|1370|10960218|394745
1200000|1|6000|8|5|1|2|408000|1370|10960218|325822
1200000|1|6000|8|5|0|0|408000|1371|10968218|393601
1200000|1|6000|8|5|1|2|408000|1371|10968218|326230
1200000|1|6000|8|5|0|0|408000|1372|10976219|393764
1200000|1|6000|8|5|1|2|408000|1372|10976219|326520
1200000|1|6000|8|5|0|0|408000|1373|10984220|394008
1200000|1|6000|8|5|1|2|408000|1373|10984220|325577
1200000|1|6000|8|5|0|0|408000|1374|10992219|394298
1200000|1|6000|8|5|1|2|408000|1374|10992219|325783
1200000|1|6000|8|5|0|0|408000|1375|11000220|394133
1200000|1|6000|8|5|1|2|408000|1375|11000220|324839
1200000|1|6000|8|5|0|0|408000|1376|11008220|393969
1200000|1|6000|8|5|1|2|408000|1376|11008220|325167
1200000|1|6000|8|5|0|0|408000|1377|11016221|393886
1200000|1|6000|8|5|1|2|408000|1377|11016221|324346
1200000|1|6000|8|5|0|0|408000|1378|11024221|393391
1200000|1|6000|8|5|1|2|408000|1378|11024221|325004
1200000|1|6000|8|5|0|0|408000|1379|11032223|393765
1200000|1|6000|8|5|1|2|408000|1379|11032223|325658
1200000|1|6000|8|5|0|0|408000|1380|11040224|393436
1200000|1|6000|8|5|1|2|408000|1380|11040224|326150
1200000|1|6000|8|5|0|0|408000|1381|11048225|392165
1200000|1|6000|8|5|1|2|408000|1381|11048225|327216
1200000|1|6000|8|5|0|0|408000|1382|11056228|390730
1200000|1|6000|8|5|1|2|408000|1382|11056228|328077
1200000|1|6000|8|5|0|0|408000|1383|11064231|389743
1200000|1|6000|8|5|1|2|408000|1383|11064231|328939
1200000|1|6000|8|5|0|0|408000|1384|11072233|389417
1200000|1|6000|8|5|1|2|408000|1384|11072233|328649
1200000|1|6000|8|5|0|0|408000|1385|11080235|389420
1200000|1|6000|8|5|1|2|408000|1385|11080235|327874
1200000|1|6000|8|5|0|0|408000|1386|11088235|389253
1200000|1|6000|8|5|1|2|408000|1386|11088235|327583
1200000|1|6000|8|5|0|0|408000|1387|11096235|388638
1200000|1|6000|8|5|1|2|408000|1387|11096235|327009
1200000|1|6000|8|5|0|0|408000|1388|11104236|387942
1200000|1|6000|8|5|1|2|408000|1388|11104236|327461
1200000|1|6000|8|5|0|0|408000|1389|11112237|386998
1200000|1|6000|8|5|1|2|408000|1389|11112237|327011
1200000|1|6000|8|5|0|0|408000|1390|11120238|386507
1200000|1|6000|8|5|1|2|408000|1390|11120238|326807
1200000|1|6000|8|5|0|0|408000|1391|11128239|385889
1200000|1|6000|8|5|1|2|408000|1391|11128239|326886
1200000|1|6000|8|5|0|0|408000|1392|11136240|385725
1200000|1|6000|8|5|1|2|408000|1392|11136240|325864
1200000|1|6000|8|5|0|0|408000|1393|11144240|384822
1200000|1|6000|8|5|1|2|408000|1393|11144240|325904
1200000|1|6000|8|5|0|0|408000|1394|11152240|384538
1200000|1|6000|8|5|1|2|408000|1394|11152240|325658
1200000|1|6000|8|5|0|0|408000|1395|11160239|384539
1200000|1|6000|8|5|1|2|408000|1395|11160239|325906
1200000|1|6000|8|5|0|0|408000|1396|11168240|384007
1200000|1|6000|8|5|1|2|408000|1396|11168240|325126
1200000|1|6000|8|5|0|0|408000|1397|11176239|384007
1200000|1|6000|8|5|1|2|408000|1397|11176239|325044
1200000|1|6000|8|5|0|0|408000|1398|11184239|383186
1200000|1|6000|8|5|1|2|408000|1398|11184239|324674
1200000|1|6000|8|5|0|0|408000|1399|11192239|382200
1200000|1|6000|8|5|1|2|408000|1399|11192239|323691
1200000|1|6000|8|5|0|0|408000|1400|11200239|381833
1200000|1|6000|8|5|1|2|408000|1400|11200239|323650
1200000|1|6000|8|5|0|0|408000|1401|11208238|381056
1200000|1|6000|8|5|1|2|408000|1401|11208238|323403
1200000|1|6000|8|5|0|0|408000|1402|11216237|381260
1200000|1|6000|8|5|1|2|408000|1402|11216237|323484
1200000|1|6000|8|5|0|0|408000|1403|11224236|380850
1200000|1|6000|8|5|1|2|408000|1403|11224236|323035
1200000|1|6000|8|5|0|0|408000|1404|11232235|380111
1200000|1|6000|8|5|1|2|408000|1404|11232235|323403
1200000|1|6000|8|5|0|0|408000|1405|11240234|379616
1200000|1|6000|8|5|1|2|408000|1405|11240234|322952
1200000|1|6000|8|5|0|0|408000|1406|11248234|379003
1200000|1|6000|8|5|1|2|408000|1406|11248234|323933
1200000|1|6000|8|5|0|0|408000|1407|11256234|378594
1200000|1|6000|8|5|1|2|408000|1407|11256234|323691
1200000|1|6000|8|5|0|0|408000|1408|11264234|377975
1200000|1|6000|8|5|1|2|408000|1408|11264234|324182
1200000|1|6000|8|5|0|0|408000|1409|11272233|377405
1200000|1|6000|8|5|1|2|408000|1409|11272233|324306
1200000|1|6000|8|5|0|0|408000|1410|11280234|376626
1200000|1|6000|8|5|1|2|408000|1410|11280234|325248
1200000|1|6000|8|5|0|0|408000|1411|11288234|376748
1200000|1|6000|8|5|1|2|408000|1411|11288234|324922
1200000|1|6000|8|5|0|0|408000|1412|11296233|377159
1200000|1|6000|8|5|1|2|408000|1412|11296233|325166
1200000|1|6000|8|5|0|0|408000|1413|11304233|378061
1200000|1|6000|8|5|1|2|408000|1413|11304233|324839
1200000|1|6000|8|5|0|0|408000|1414|11312231|378512
1200000|1|6000|8|5|1|2|408000|1414|11312231|325904
1200000|1|6000|8|5|0|0|408000|1415|11320232|378799
1200000|1|6000|8|5|1|2|408000|1415|11320232|326233
1200000|1|6000|8|5|0|0|408000|1416|11328231|379250
1200000|1|6000|8|5|1|2|408000|1416|11328231|327502
1200000|1|6000|8|5|0|0|408000|1417|11336232|378676
1200000|1|6000|8|5|1|2|408000|1417|11336232|327749
1200000|1|6000|8|5|0|0|408000|1418|11344232|378430
1200000|1|6000|8|5|1|2|408000|1418|11344232|328610
1200000|1|6000|8|5|0|0|408000|1419|11352233|377446
1200000|1|6000|8|5|1|2|408000|1419|11352233|329307
1200000|1|6000|8|5|0|0|408000|1420|11360233|377077
1200000|1|6000|8|5|1|2|408000|1420|11360233|330333
1200000|1|6000|8|5|0|0|408000|1421|11368234|376746
1200000|1|6000|8|5|1|2|408000|1421|11368234|330414
1200000|1|6000|8|5|0|0|408000|1422|11376234|376503
1200000|1|6000|8|5|1|2|408000|1422|11376234|330291
1200000|1|6000|8|5|0|0|408000|1423|11384234|376584
1200000|1|6000|8|5|1|2|408000|1423|11384234|330006
1200000|1|6000|8|5|0|0|408000|1424|11392234|376953
1200000|1|6000|8|5|1|2|408000|1424|11392234|329799
1200000|1|6000|8|5|0|0|408000|1425|11400234|377240
1200000|1|6000|8|5|1|2|408000|1425|11400234|330088
1200000|1|6000|8|5|0|0|408000|1426|11408234|376745
1200000|1|6000|8|5|1|2|408000|1426|11408234|330621
1200000|1|6000|8|5|0|0|408000|1427|11416235|376748
1200000|1|6000|8|5|1|2|408000|1427|11416235|330825
1200000|1|6000|8|5|0|0|408000|1428|11424235|376171
1200000|1|6000|8|5|1|2|408000|1428|11424235|331235
1200000|1|6000|8|5|0|0|408000|1429|11432234|376253
1200000|1|6000|8|5|1|2|408000|1429|11432234|331276
1200000|1|6000|8|5|0|0|408000|1430|11440234|376420
1200000|1|6000|8|5|1|2|408000|1430|11440234|331400
1200000|1|6000|8|5|0|0|408000|1431|11448234|376747
1200000|1|6000|8|5|1|2|408000|1431|11448234|331274
1200000|1|6000|8|5|0|0|408000|1432|11456233|376379
1200000|1|6000|8|5|1|2|408000|1432|11456233|331810
1200000|1|6000|8|5|0|0|408000|1433|11464234|377037
1200000|1|6000|8|5|1|2|408000|1433|11464234|331440
1200000|1|6000|8|5|0|0|408000|1434|11472233|377199
1200000|1|6000|8|5|1|2|408000|1434|11472233|331726
1200000|1|6000|8|5|0|0|408000|1435|11480233|377733
1200000|1|6000|8|5|1|2|408000|1435|11480233|331068
1200000|1|6000|8|5|0|0|408000|1436|11488233|378101
1200000|1|6000|8|5|1|2|408000|1436|11488233|330618
1200000|1|6000|8|5|0|0|408000|1437|11496233|378636
1200000|1|6000|8|5|1|2|408000|1437|11496233|330005
1200000|1|6000|8|5|0|0|408000|1438|11504233|379083
1200000|1|6000|8|5|1|2|408000|1438|11504233|329432
1200000|1|6000|8|5|0|0|408000|1439|11512233|378922
1200000|1|6000|8|5|1|2|408000|1439|11512233|328939
1200000|1|6000|8|5|0|0|408000|1440|11520233|378470
1200000|1|6000|8|5|1|2|408000|1440|11520233|328611
1200000|1|6000|8|5|0|0|408000|1441|11528233|378185
1200000|1|6000|8|5|1|2|408000|1441|11528233|328691
1200000|1|6000|8|5|0|0|408000|1442|11536234|378103
1200000|1|6000|8|5|1|2|408000|1442|11536234|329102
1200000|1|6000|8|5|0|0|408000|1443|11544235|377609
1200000|1|6000|8|5|1|2|408000|1443|11544235|329554
1200000|1|6000|8|5|0|0|408000|1444|11552236|377445
1200000|1|6000|8|5|1|2|408000|1444|11552236|329800
1200000|1|6000|8|5|0|0|408000|1445|11560236|377200
1200000|1|6000|8|5|1|2|408000|1445|11560236|329637
1200000|1|6000|8|5|0|0|408000|1446|11568237|378185
1200000|1|6000|8|5|1|2|408000|1446|11568237|329840
1200000|1|6000|8|5|0|0|408000|1447|11576238|378142
1200000|1|6000|8|5|1|2|408000|1447|11576238|329141
1200000|1|6000|8|5|0|0|408000|1448|11584238|378142
1200000|1|6000|8|5|1|2|408000|1448|11584238|327911
1200000|1|6000|8|5|0|0|408000|1449|11592237|377733
1200000|1|6000|8|5|1|2|408000|1449|11592237|327297
1200000|1|6000|8|5|0|0|408000|1450|11600237|377855
1200000|1|6000|8|5|1|2|408000|1450|11600237|325822
1200000|1|6000|8|5|0|0|408000|1451|11608236|377569
1200000|1|6000|8|5|1|2|408000|1451|11608236|325535
1200000|1|6000|8|5|0|0|408000|1452|11616236|377032
1200000|1|6000|8|5|1|2|408000|1452|11616236|324143
1200000|1|6000|8|5|0|0|408000|1453|11624236|376910
1200000|1|6000|8|5|1|2|408000|1453|11624236|323442
1200000|1|6000|8|5|0|0|408000|1454|11632235|377201
1200000|1|6000|8|5|1|2|408000|1454|11632235|322379
1200000|1|6000|8|5|0|0|408000|1455|11640235|377073
1200000|1|6000|8|5|1|2|408000|1455|11640235|322009
1200000|1|6000|8|5|0|0|408000|1456|11648236|376790
1200000|1|6000|8|5|1|2|408000|1456|11648236|323198
1200000|1|6000|8|5|0|0|408000|1457|11656238|376791
1200000|1|6000|8|5|1|2|408000|1457|11656238|323938
1200000|1|6000|8|5|0|0|408000|1458|11664238|376256
1200000|1|6000|8|5|1|2|408000|1458|11664238|325085
1200000|1|6000|8|5|0|0|408000|1459|11672239|376668
1200000|1|6000|8|5|1|2|408000|1459|11672239|325004
1200000|1|6000|8|5|0|0|408000|1460|11680240|376090
1200000|1|6000|8|5|1|2|408000|1460|11680240|325741
1200000|1|6000|8|5|0|0|408000|1461|11688240|375970
1200000|1|6000|8|5|1|2|408000|1461|11688240|325492
1200000|1|6000|8|5|0|0|408000|1462|11696241|375394
1200000|1|6000|8|5|1|2|408000|1462|11696241|326437
1200000|1|6000|8|5|0|0|408000|1463|11704242|375027
1200000|1|6000|8|5|1|2|408000|1463|11704242|326888
1200000|1|6000|8|5|0|0|408000|1464|11712244|374453
1200000|1|6000|8|5|1|2|408000|1464|11712244|326683
1200000|1|6000|8|5|0|0|408000|1465|11720245|374614
1200000|1|6000|8|5|1|2|408000|1465|11720245|326891
1200000|1|6000|8|5|0|0|408000|1466|11728246|374166
1200000|1|6000|8|5|1|2|408000|1466|11728246|326808
1200000|1|6000|8|5|0|0|408000|1467|11736247|374083
1200000|1|6000|8|5|1|2|408000|1467|11736247|327092
1200000|1|6000|8|5|0|0|408000|1468|11744248|374121
1200000|1|6000|8|5|1|2|408000|1468|11744248|327134
1200000|1|6000|8|5|0|0|408000|1469|11752248|373793
1200000|1|6000|8|5|1|2|408000|1469|11752248|327873
1200000|1|6000|8|5|0|0|408000|1470|11760250|374125
1200000|1|6000|8|5|1|2|408000|1470|11760250|328282
1200000|1|6000|8|5|0|0|408000|1471|11768251|373920
1200000|1|6000|8|5|1|2|408000|1471|11768251|329103
1200000|1|6000|8|5|0|0|408000|1472|11776252|374331
1200000|1|6000|8|5|1|2|408000|1472|11776252|330209
1200000|1|6000|8|5|0|0|408000|1473|11784254|374454
1200000|1|6000|8|5|1|2|408000|1473|11784254|330702
1200000|1|6000|8|5|0|0|408000|1474|11792256|374822
1200000|1|6000|8|5|1|2|408000|1474|11792256|331523
1200000|1|6000|8|5|0|0|408000|1475|11800258|374413
1200000|1|6000|8|5|1|2|408000|1475|11800258|331891
1200000|1|6000|8|5|0|0|408000|1476|11808259|374083
1200000|1|6000|8|5|1|2|408000|1476|11808259|331602
1200000|1|6000|8|5|0|0|408000|1477|11816258|373839
1200000|1|6000|8|5|1|2|408000|1477|11816258|331685
1200000|1|6000|8|5|0|0|408000|1478|11824259|373674
1200000|1|6000|8|5|1|2|408000|1478|11824259|331317
1200000|1|6000|8|5|0|0|408000|1479|11832258|373794
1200000|1|6000|8|5|1|2|408000|1479|11832258|331112
1200000|1|6000|8|5|0|0|408000|1480|11840259|373878
1200000|1|6000|8|5|1|2|408000|1480|11840259|330906
1200000|1|6000|8|5|0|0|408000|1481|11848259|373877
1200000|1|6000|8|5|1|2|408000|1481|11848259|330781
1200000|1|6000|8|5|0|0|408000|1482|11856260|374536
1200000|1|6000|8|5|1|2|408000|1482|11856260|331028
1200000|1|6000|8|5|0|0|408000|1483|11864261|375069
1200000|1|6000|8|5|1|2|408000|1483|11864261|331274
1200000|1|6000|8|5|0|0|408000|1484|11872261|375847
1200000|1|6000|8|5|1|2|408000|1484|11872261|331031
1200000|1|6000|8|5|0|0|408000|1485|11880262|375806
1200000|1|6000|8|5|1|2|408000|1485|11880262|331194
1200000|1|6000|8|5|0|0|408000|1486|11888262|376175
1200000|1|6000|8|5|1|2|408000|1486|11888262|331357
1200000|1|6000|8|5|0|0|408000|1487|11896263|375928
1200000|1|6000|8|5|1|2|408000|1487|11896263|331111
1200000|1|6000|8|5|0|0|408000|1488|11904264|376667
1200000|1|6000|8|5|1|2|408000|1488|11904264|330825
1200000|1|6000|8|5|0|0|408000|1489|11912264|377199
1200000|1|6000|8|5|1|2|408000|1489|11912264|330127
1200000|1|6000|8|5|0|0|408000|1490|11920264|378021
1200000|1|6000|8|5|1|2|408000|1490|11920264|330170
1200000|1|6000|8|5|0|0|408000|1491|11928265|378595
1200000|1|6000|8|5|1|2|408000|1491|11928265|330946
1200000|1|6000|8|5|0|0|408000|1492|11936265|378963
1200000|1|6000|8|5|1|2|408000|1492|11936265|331439
1200000|1|6000|8|5|0|0|408000|1493|11944265|380192
1200000|1|6000|8|5|1|2|408000|1493|11944265|332179
1200000|1|6000|8|5|0|0|408000|1494|11952266|380192
1200000|1|6000|8|5|1|2|408000|1494|11952266|332302
1200000|1|6000|8|5|0|0|408000|1495|11960266|380850
1200000|1|6000|8|5|1|2|408000|1495|11960266|332587
1200000|1|6000|8|5|0|0|408000|1496|11968266|380971
1200000|1|6000|8|5|1|2|408000|1496|11968266|333121
1200000|1|6000|8|5|0|0|408000|1497|11976267|381669
1200000|1|6000|8|5|1|2|408000|1497|11976267|333449
1200000|1|6000|8|5|0|0|408000|1498|11984268|381750
1200000|1|6000|8|5|1|2|408000|1498|11984268|334393
1200000|1|6000|8|5|0|0|408000|1499|11992268|382120
1200000|1|6000|8|5|1|2|408000|1499|11992268|334310
1200000|1|6000|8|5|0|0|408000|1500|12000269|381997
1200000|1|6000|8|5|1|2|408000|1500|12000269|335089
1200000|1|6000|8|5|0|0|408000|1501|12008270|381543
1200000|1|6000|8|5|1|2|408000|1501|12008270|335704
1200000|1|6000|8|5|0|0|408000|1502|12016271|381629
1200000|1|6000|8|5|1|2|408000|1502|12016271|336974
1200000|1|6000|8|5|0|0|408000|1503|12024272|380601
1200000|1|6000|8|5|1|2|408000|1503|12024272|336852
1200000|1|6000|8|5|0|0|408000|1504|12032271|380071
1200000|1|6000|8|5|1|2|408000|1504|12032271|337795
1200000|1|6000|8|5|0|0|408000|1505|12040273|379249
1200000|1|6000|8|5|1|2|408000|1505|12040273|337754
1200000|1|6000|8|5|0|0|408000|1506|12048273|378303
1200000|1|6000|8|5|1|2|408000|1506|12048273|338696
1200000|1|6000|8|5|0|0|408000|1507|12056274|377158
1200000|1|6000|8|5|1|2|408000|1507|12056274|339434
1200000|1|6000|8|5|0|0|408000|1508|12064274|375969
1200000|1|6000|8|5|1|2|408000|1508|12064274|339887
1200000|1|6000|8|5|0|0|408000|1509|12072275|374864
1200000|1|6000|8|5|1|2|408000|1509|12072275|340374
1200000|1|6000|8|5|0|0|408000|1510|12080275|374658
1200000|1|6000|8|5|1|2|408000|1510|12080275|340541
1200000|1|6000|8|5|0|0|408000|1511|12088275|374495
1200000|1|6000|8|5|1|2|408000|1511|12088275|341034
1200000|1|6000|8|5|0|0|408000|1512|12096276|373839
1200000|1|6000|8|5|1|2|408000|1512|12096276|341484
1200000|1|6000|8|5|0|0|408000|1513|12104276|373591
1200000|1|6000|8|5|1|2|408000|1513|12104276|342222
1200000|1|6000|8|5|0|0|408000|1514|12112278|373261
1200000|1|6000|8|5|1|2|408000|1514|12112278|342264
1200000|1|6000|8|5|0|0|408000|1515|12120278|372978
1200000|1|6000|8|5|1|2|408000|1515|12120278|342101
1200000|1|6000|8|5|0|0|408000|1516|12128279|372403
1200000|1|6000|8|5|1|2|408000|1516|12128279|342469
1200000|1|6000|8|5|0|0|408000|1517|12136280|371907
1200000|1|6000|8|5|1|2|408000|1517|12136280|343039
1200000|1|6000|8|5|0|0|408000|1518|12144281|371093
1200000|1|6000|8|5|1|2|408000|1518|12144281|343617
1200000|1|6000|8|5|0|0|408000|1519|12152282|371787
1200000|1|6000|8|5|1|2|408000|1519|12152282|343901
1200000|1|6000|8|5|0|0|408000|1520|12160282|372238
1200000|1|6000|8|5|1|2|408000|1520|12160282|344152
1200000|1|6000|8|5|0|0|408000|1521|12168283|372443
1200000|1|6000|8|5|1|2|408000|1521|12168283|343739
1200000|1|6000|8|5|0|0|408000|1522|12176283|372443
1200000|1|6000|8|5|1|2|408000|1522|12176283|343412
1200000|1|6000|8|5|0|0|408000|1523|12184284|372444
1200000|1|6000|8|5|1|2|408000|1523|12184284|343042
1200000|1|6000|8|5|0|0|408000|1524|12192285|371993
1200000|1|6000|8|5|1|2|408000|1524|12192285|343039
1200000|1|6000|8|5|0|0|408000|1525|12200285|372937
1200000|1|6000|8|5|1|2|408000|1525|12200285|342592
1200000|1|6000|8|5|0|0|408000|1526|12208286|372895
1200000|1|6000|8|5|1|2|408000|1526|12208286|342261
1200000|1|6000|8|5|0|0|408000|1527|12216286|372362
1200000|1|6000|8|5|1|2|408000|1527|12216286|341607
1200000|1|6000|8|5|0|0|408000|1528|12224286|372281
1200000|1|6000|8|5|1|2|408000|1528|12224286|340377
1200000|1|6000|8|5|0|0|408000|1529|12232284|372565
1200000|1|6000|8|5|1|2|408000|1529|12232284|340664
1200000|1|6000|8|5|0|0|408000|1530|12240284|372773
1200000|1|6000|8|5|1|2|408000|1530|12240284|339968
1200000|1|6000|8|5|0|0|408000|1531|12248283|373017
1200000|1|6000|8|5|1|2|408000|1531|12248283|339800
1200000|1|6000|8|5|0|0|408000|1532|12256283|372690
1200000|1|6000|8|5|1|2|408000|1532|12256283|338820
1200000|1|6000|8|5|0|0|408000|1533|12264282|371993
1200000|1|6000|8|5|1|2|408000|1533|12264282|338369
1200000|1|6000|8|5|0|0|408000|1534|12272282|372402
1200000|1|6000|8|5|1|2|408000|1534|12272282|337673
1200000|1|6000|8|5|0|0|408000|1535|12280282|372277
1200000|1|6000|8|5|1|2|408000|1535|12280282|337550
1200000|1|6000|8|5|0|0|408000|1536|12288282|371993
1200000|1|6000|8|5|1|2|408000|1536|12288282|337261
1200000|1|6000|8|5|0|0|408000|1537|12296282|371787
1200000|1|6000|8|5|1|2|408000|1537|12296282|336606
1200000|1|6000|8|5|0|0|408000|1538|12304281|371171
1200000|1|6000|8|5|1|2|408000|1538|12304281|336031
1200000|1|6000|8|5|0|0|408000|1539|12312281|371050
1200000|1|6000|8|5|1|2|408000|1539|12312281|335703
1200000|1|6000|8|5|0|0|408000|1540|12320281|370639
1200000|1|6000|8|5|1|2|408000|1540|12320281|335539
1200000|1|6000|8|5|0|0|408000|1541|12328280|370064
1200000|1|6000|8|5|1|2|408000|1541|12328280|335212
1200000|1|6000|8|5|0|0|408000|1542|12336280|369492
1200000|1|6000|8|5|1|2|408000|1542|12336280|335746
1200000|1|6000|8|5|0|0|408000|1543|12344281|369082
1200000|1|6000|8|5|1|2|408000|1543|12344281|335578
1200000|1|6000|8|5|0|0|408000|1544|12352282|368795
1200000|1|6000|8|5|1|2|408000|1544|12352282|336110
1200000|1|6000|8|5|0|0|408000|1545|12360282|367972
1200000|1|6000|8|5|1|2|408000|1545|12360282|336320
1200000|1|6000|8|5|0|0|408000|1546|12368283|367850
1200000|1|6000|8|5|1|2|408000|1546|12368283|336810
1200000|1|6000|8|5|0|0|408000|1547|12376284|366249
1200000|1|6000|8|5|1|2|408000|1547|12376284|337590
1200000|1|6000|8|5|0|0|408000|1548|12384285|366089
1200000|1|6000|8|5|1|2|408000|1548|12384285|337548
1200000|1|6000|8|5|0|0|408000|1549|12392285|366335
1200000|1|6000|8|5|1|2|408000|1549|12392285|338041
1200000|1|6000|8|5|0|0|408000|1550|12400285|366989
1200000|1|6000|8|5|1|2|408000|1550|12400285|337795
1200000|1|6000|8|5|0|0|408000|1551|12408285|366581
1200000|1|6000|8|5|1|2|408000|1551|12408285|338204
1200000|1|6000|8|5|0|0|408000|1552|12416285|366540
1200000|1|6000|8|5|1|2|408000|1552|12416285|338000
1200000|1|6000|8|5|0|0|408000|1553|12424285|366498
1200000|1|6000|8|5|1|2|408000|1553|12424285|338738
1200000|1|6000|8|5|0|0|408000|1554|12432286|366580
1200000|1|6000|8|5|1|2|408000|1554|12432286|338370
1200000|1|6000|8|5|0|0|408000|1555|12440285|366458
1200000|1|6000|8|5|1|2|408000|1555|12440285|339230
1200000|1|6000|8|5|0|0|408000|1556|12448286|365760
1200000|1|6000|8|5|1|2|408000|1556|12448286|339024
1200000|1|6000|8|5|0|0|408000|1557|12456286|365475
1200000|1|6000|8|5|1|2|408000|1557|12456286|340214
1200000|1|6000|8|5|0|0|408000|1558|12464287|365515
1200000|1|6000|8|5|1|2|408000|1558|12464287|340257
1200000|1|6000|8|5|0|0|408000|1559|12472288|365554
1200000|1|6000|8|5|1|2|408000|1559|12472288|340626
1200000|1|6000|8|5|0|0|408000|1560|12480289|364655
1200000|1|6000|8|5|1|2|408000|1560|12480289|341526
1200000|1|6000|8|5|0|0|408000|1561|12488291|364774
1200000|1|6000|8|5|1|2|408000|1561|12488291|341607
1200000|1|6000|8|5|0|0|408000|1562|12496291|364367
1200000|1|6000|8|5|1|2|408000|1562|12496291|342550
1200000|1|6000|8|5|0|0|408000|1563|12504292|364778
1200000|1|6000|8|5|1|2|408000|1563|12504292|342673
1200000|1|6000|8|5|0|0|408000|1564|12512293|363260
1200000|1|6000|8|5|1|2|408000|1564|12512293|343084
1200000|1|6000|8|5|0|0|408000|1565|12520294|363256
1200000|1|6000|8|5|1|2|408000|1565|12520294|343945
1200000|1|6000|8|5|0|0|408000|1566|12528295|362273
1200000|1|6000|8|5|1|2|408000|1566|12528295|345136
1200000|1|6000|8|5|0|0|408000|1567|12536296|362112
1200000|1|6000|8|5|1|2|408000|1567|12536296|346116
1200000|1|6000|8|5|0|0|408000|1568|12544298|361293
1200000|1|6000|8|5|1|2|408000|1568|12544298|346651
1200000|1|6000|8|5|0|0|408000|1569|12552299|361538
1200000|1|6000|8|5|1|2|408000|1569|12552299|347144
1200000|1|6000|8|5|0|0|408000|1570|12560300|361086
1200000|1|6000|8|5|1|2|408000|1570|12560300|347877
1200000|1|6000|8|5|0|0|408000|1571|12568302|360635
1200000|1|6000|8|5|1|2|408000|1571|12568302|348127
1200000|1|6000|8|5|0|0|408000|1572|12576302|360471
1200000|1|6000|8|5|1|2|408000|1572|12576302|348251
1200000|1|6000|8|5|0|0|408000|1573|12584303|359817
1200000|1|6000|8|5|1|2|408000|1573|12584303|348125
1200000|1|6000|8|5|0|0|408000|1574|12592303|359447
1200000|1|6000|8|5|1|2|408000|1574|12592303|348250
1200000|1|6000|8|5|0|0|408000|1575|12600303|358705
1200000|1|6000|8|5|1|2|408000|1575|12600303|348250
1200000|1|6000|8|5|0|0|408000|1576|12608302|358463
1200000|1|6000|8|5|1|2|408000|1576|12608302|348657
1200000|1|6000|8|5|0|0|408000|1577|12616303|358091
1200000|1|6000|8|5|1|2|408000|1577|12616303|349193
1200000|1|6000|8|5|0|0|408000|1578|12624304|358258
1200000|1|6000|8|5|1|2|408000|1578|12624304|350423
1200000|1|6000|8|5|0|0|408000|1579|12632306|358012
1200000|1|6000|8|5|1|2|408000|1579|12632306|351571
1200000|1|6000|8|5|0|0|408000|1580|12640307|357763
1200000|1|6000|8|5|1|2|408000|1580|12640307|351034
1200000|1|6000|8|5|0|0|408000|1581|12648307|357353
1200000|1|6000|8|5|1|2|408000|1581|12648307|351775
1200000|1|6000|8|5|0|0|408000|1582|12656306|356946
1200000|1|6000|8|5|1|2|408000|1582|12656306|351899
1200000|1|6000|8|5|0|0|408000|1583|12664306|356331
1200000|1|6000|8|5|1|2|408000|1583|12664306|352146
1200000|1|6000|8|5|0|0|408000|1584|12672305|355675
1200000|1|6000|8|5|1|2|408000|1584|12672305|351856
1200000|1|6000|8|5|0|0|408000|1585|12680304|356045
1200000|1|6000|8|5|1|2|408000|1585|12680304|351899
1200000|1|6000|8|5|0|0|408000|1586|12688304|356166
1200000|1|6000|8|5|1|2|408000|1586|12688304|351694
1200000|1|6000|8|5|0|0|408000|1587|12696303|356331
1200000|1|6000|8|5|1|2|408000|1587|12696303|352720
1200000|1|6000|8|5|0|0|408000|1588|12704304|357066
1200000|1|6000|8|5|1|2|408000|1588|12704304|352064
1200000|1|6000|8|5|0|0|408000|1589|12712303|356984
1200000|1|6000|8|5|1|2|408000|1589|12712303|352022
1200000|1|6000|8|5|0|0|408000|1590|12720303|357151
1200000|1|6000|8|5|1|2|408000|1590|12720303|351612
1200000|1|6000|8|5|0|0|408000|1591|12728303|357109
1200000|1|6000|8|5|1|2|408000|1591|12728303|352305
1200000|1|6000|8|5|0|0|408000|1592|12736304|356208
1200000|1|6000|8|5|1|2|408000|1592|12736304|352063
1200000|1|6000|8|5|0|0|408000|1593|12744303|355633
1200000|1|6000|8|5|1|2|408000|1593|12744303|352226
1200000|1|6000|8|5|0|0|408000|1594|12752303|355838
1200000|1|6000|8|5|1|2|408000|1594|12752303|351449
1200000|1|6000|8|5|0|0|408000|1595|12760302|356125
1200000|1|6000|8|5|1|2|408000|1595|12760302|351281
1200000|1|6000|8|5|0|0|408000|1596|12768301|356247
1200000|1|6000|8|5|1|2|408000|1596|12768301|350341
1200000|1|6000|8|5|0|0|408000|1597|12776299|356412
1200000|1|6000|8|5|1|2|408000|1597|12776299|349643
1200000|1|6000|8|5|0|0|408000|1598|12784299|356044
1200000|1|6000|8|5|1|2|408000|1598|12784299|349149
1200000|1|6000|8|5|0|0|408000|1599|12792298|355921
1200000|1|6000|8|5|1|2|408000|1599|12792298|348742
1200000|1|6000|8|5|0|0|408000|1600|12800297|355425
1200000|1|6000|8|5|1|2|408000|1600|12800297|348538
1200000|1|6000|8|5|0|0|408000|1601|12808297|354404
1200000|1|6000|8|5|1|2|408000|1601|12808297|347879
1200000|1|6000|8|5|0|0|408000|1602|12816296|353583
1200000|1|6000|8|5|1|2|408000|1602|12816296|348535
1200000|1|6000|8|5|0|0|408000|1603|12824297|353256
1200000|1|6000|8|5|1|2|408000|1603|12824297|348779
1200000|1|6000|8|5|0|0|408000|1604|12832298|352724
1200000|1|6000|8|5|1|2|408000|1604|12832298|349274
1200000|1|6000|8|5|0|0|408000|1605|12840298|352805
1200000|1|6000|8|5|1|2|408000|1605|12840298|348944
1200000|1|6000|8|5|0|0|408000|1606|12848298|352147
1200000|1|6000|8|5|1|2|408000|1606|12848298|349851
1200000|1|6000|8|5|0|0|408000|1607|12856299|352518
1200000|1|6000|8|5|1|2|408000|1607|12856299|349684
1200000|1|6000|8|5|0|0|408000|1608|12864298|352887
1200000|1|6000|8|5|1|2|408000|1608|12864298|350383
1200000|1|6000|8|5|0|0|408000|1609|12872299|352642
1200000|1|6000|8|5|1|2|408000|1609|12872299|349520
1200000|1|6000|8|5|0|0|408000|1610|12880298|352312
1200000|1|6000|8|5|1|2|408000|1610|12880298|349807
1200000|1|6000|8|5|0|0|408000|1611|12888298|352313
1200000|1|6000|8|5|1|2|408000|1611|12888298|348211
1200000|1|6000|8|5|0|0|408000|1612|12896297|351696
1200000|1|6000|8|5|1|2|408000|1612|12896297|347593
1200000|1|6000|8|5|0|0|408000|1613|12904296|351493
1200000|1|6000|8|5|1|2|408000|1613|12904296|346773
1200000|1|6000|8|5|0|0|408000|1614|12912295|351371
1200000|1|6000|8|5|1|2|408000|1614|12912295|346526
1200000|1|6000|8|5|0|0|408000|1615|12920296|352189
1200000|1|6000|8|5|1|2|408000|1615|12920296|346446
1200000|1|6000|8|5|0|0|408000|1616|12928295|351945
1200000|1|6000|8|5|1|2|408000|1616|12928295|346239
1200000|1|6000|8|5|0|0|408000|1617|12936296|351574
1200000|1|6000|8|5|1|2|408000|1617|12936296|345585
1200000|1|6000|8|5|0|0|408000|1618|12944295|351819
1200000|1|6000|8|5|1|2|408000|1618|12944295|345786
1200000|1|6000|8|5|0|0|408000|1619|12952296|351124
1200000|1|6000|8|5|1|2|408000|1619|12952296|345503
1200000|1|6000|8|5|0|0|408000|1620|12960296|350796
1200000|1|6000|8|5|1|2|408000|1620|12960296|345299
1200000|1|6000|8|5|0|0|408000|1621|12968296|350344
1200000|1|6000|8|5|1|2|408000|1621|12968296|344477
1200000|1|6000|8|5|0|0|408000|1622|12976296|349565
1200000|1|6000|8|5|1|2|408000|1622|12976296|344313
1200000|1|6000|8|5|0|0|408000|1623|12984296|349567
1200000|1|6000|8|5|1|2|408000|1623|12984296|343985
1200000|1|6000|8|5|0|0|408000|1624|12992296|350182
1200000|1|6000|8|5|1|2|408000|1624|12992296|343614
1200000|1|6000|8|5|0|0|408000|1625|13000297|350714
1200000|1|6000|8|5|1|2|408000|1625|13000297|343490
1200000|1|6000|8|5|0|0|408000|1626|13008298|350510
1200000|1|6000|8|5|1|2|408000|1626|13008298|343860
1200000|1|6000|8|5|0|0|408000|1627|13016298|350550
1200000|1|6000|8|5|1|2|408000|1627|13016298|344600
1200000|1|6000|8|5|0|0|408000|1628|13024299|350631
1200000|1|6000|8|5|1|2|408000|1628|13024299|344765
1200000|1|6000|8|5|0|0|408000|1629|13032299|350304
1200000|1|6000|8|5|1|2|408000|1629|13032299|344684
1200000|1|6000|8|5|0|0|408000|1630|13040299|350756
1200000|1|6000|8|5|1|2|408000|1630|13040299|345132
1200000|1|6000|8|5|0|0|408000|1631|13048300|351412
1200000|1|6000|8|5|1|2|408000|1631|13048300|345133
1200000|1|6000|8|5|0|0|408000|1632|13056300|352310
1200000|1|6000|8|5|1|2|408000|1632|13056300|346240
1200000|1|6000|8|5|0|0|408000|1633|13064301|352927
1200000|1|6000|8|5|1|2|408000|1633|13064301|346404
1200000|1|6000|8|5|0|0|408000|1634|13072302|353994
1200000|1|6000|8|5|1|2|408000|1634|13072302|346077
1200000|1|6000|8|5|0|0|408000|1635|13080304|354733
1200000|1|6000|8|5|1|2|408000|1635|13080304|346118
1200000|1|6000|8|5|0|0|408000|1636|13088305|355717
1200000|1|6000|8|5|1|2|408000|1636|13088305|346241
1200000|1|6000|8|5|0|0|408000|1637|13096306|355795
1200000|1|6000|8|5|1|2|408000|1637|13096306|347102
1200000|1|6000|8|5|0|0|408000|1638|13104309|355551
1200000|1|6000|8|5|1|2|408000|1638|13104309|347471
1200000|1|6000|8|5|0|0|408000|1639|13112309|354239
1200000|1|6000|8|5|1|2|408000|1639|13112309|347470
1200000|1|6000|8|5|0|0|408000|1640|13120310|354199
1200000|1|6000|8|5|1|2|408000|1640|13120310|346610
1200000|1|6000|8|5|0|0|408000|1641|13128309|353338
1200000|1|6000|8|5|1|2|408000|1641|13128309|346487
1200000|1|6000|8|5|0|0|408000|1642|13136309|353091
1200000|1|6000|8|5|1|2|408000|1642|13136309|346404
1200000|1|6000|8|5|0|0|408000|1643|13144308|352683
1200000|1|6000|8|5|1|2|408000|1643|13144308|346322
1200000|1|6000|8|5|0|0|408000|1644|13152309|352394
1200000|1|6000|8|5|1|2|408000|1644|13152309|346651
1200000|1|6000|8|5|0|0|408000|1645|13160309|353297
1200000|1|6000|8|5|1|2|408000|1645|13160309|346568
1200000|1|6000|8|5|0|0|408000|1646|13168310|353870
1200000|1|6000|8|5|1|2|408000|1646|13168310|346448
1200000|1|6000|8|5|0|0|408000|1647|13176310|354651
1200000|1|6000|8|5|1|2|408000|1647|13176310|346651
1200000|1|6000|8|5|0|0|408000|1648|13184310|354771
1200000|1|6000|8|5|1|2|408000|1648|13184310|347306
1200000|1|6000|8|5|0|0|408000|1649|13192311|355223
1200000|1|6000|8|5|1|2|408000|1649|13192311|347672
1200000|1|6000|8|5|0|0|408000|1650|13200311|354894
1200000|1|6000|8|5|1|2|408000|1650|13200311|347675
1200000|1|6000|8|5|0|0|408000|1651|13208311|355182
1200000|1|6000|8|5|1|2|408000|1651|13208311|347470
1200000|1|6000|8|5|0|0|408000|1652|13216311|354281
1200000|1|6000|8|5|1|2|408000|1652|13216311|347346
1200000|1|6000|8|5|0|0|408000|1653|13224311|353339
1200000|1|6000|8|5|1|2|408000|1653|13224311|347471
1200000|1|6000|8|5|0|0|408000|1654|13232311|352106
1200000|1|6000|8|5|1|2|408000|1654|13232311|347756
1200000|1|6000|8|5|0|0|408000|1655|13240312|350919
1200000|1|6000|8|5|1|2|408000|1655|13240312|348329
1200000|1|6000|8|5|0|0|408000|1656|13248313|349975
1200000|1|6000|8|5|1|2|408000|1656|13248313|347429
1200000|1|6000|8|5|0|0|408000|1657|13256313|348909
1200000|1|6000|8|5|1|2|408000|1657|13256313|347387
1200000|1|6000|8|5|0|0|408000|1658|13264314|347966
1200000|1|6000|8|5|1|2|408000|1658|13264314|346936
1200000|1|6000|8|5|0|0|408000|1659|13272314|347473
1200000|1|6000|8|5|1|2|408000|1659|13272314|347185
1200000|1|6000|8|5|0|0|408000|1660|13280314|347433
1200000|1|6000|8|5|1|2|408000|1660|13280314|347184
1200000|1|6000|8|5|0|0|408000|1661|13288314|347844
1200000|1|6000|8|5|1|2|408000|1661|13288314|346937
1200000|1|6000|8|5|0|0|408000|1662|13296314|348378
1200000|1|6000|8|5|1|2|408000|1662|13296314|347020
1200000|1|6000|8|5|0|0|408000|1663|13304314|349032
1200000|1|6000|8|5|1|2|408000|1663|13304314|347427
1200000|1|6000|8|5|0|0|408000|1664|13312314|348742
1200000|1|6000|8|5|1|2|408000|1664|13312314|347143
1200000|1|6000|8|5|0|0|408000|1665|13320314|349238
1200000|1|6000|8|5|1|2|408000|1665|13320314|346279
1200000|1|6000|8|5|0|0|408000|1666|13328314|348704
1200000|1|6000|8|5|1|2|408000|1666|13328314|346117
1200000|1|6000|8|5|0|0|408000|1667|13336314|349116
1200000|1|6000|8|5|1|2|408000|1667|13336314|345581
1200000|1|6000|8|5|0|0|408000|1668|13344313|348090
1200000|1|6000|8|5|1|2|408000|1668|13344313|345213
1200000|1|6000|8|5|0|0|408000|1669|13352313|348868
1200000|1|6000|8|5|1|2|408000|1669|13352313|345381
1200000|1|6000|8|5|0|0|408000|1670|13360314|348991
1200000|1|6000|8|5|1|2|408000|1670|13360314|345871
1200000|1|6000|8|5|0|0|408000|1671|13368315|349891
1200000|1|6000|8|5|1|2|408000|1671|13368315|347141
1200000|1|6000|8|5|0|0|408000|1672|13376317|350181
1200000|1|6000|8|5|1|2|408000|1672|13376317|348125
1200000|1|6000|8|5|0|0|408000|1673|13384318|350713
1200000|1|6000|8|5|1|2|408000|1673|13384318|349152
1200000|1|6000|8|5|0|0|408000|1674|13392318|350797
1200000|1|6000|8|5|1|2|408000|1674|13392318|349644
1200000|1|6000|8|5|0|0|408000|1675|13400320|351370
1200000|1|6000|8|5|1|2|408000|1675|13400320|351038
1200000|1|6000|8|5|0|0|408000|1676|13408321|351368
1200000|1|6000|8|5|1|2|408000|1676|13408321|350791
1200000|1|6000|8|5|0|0|408000|1677|13416321|350959
1200000|1|6000|8|5|1|2|408000|1677|13416321|351571
1200000|1|6000|8|5|0|0|408000|1678|13424321|350960
1200000|1|6000|8|5|1|2|408000|1678|13424321|351117
1200000|1|6000|8|5|0|0|408000|1679|13432321|350836
1200000|1|6000|8|5|1|2|408000|1679|13432321|351736
1200000|1|6000|8|5|0|0|408000|1680|13440322|351085
1200000|1|6000|8|5|1|2|408000|1680|13440322|351980
1200000|1|6000|8|5|0|0|408000|1681|13448323|351248
1200000|1|6000|8|5|1|2|408000|1681|13448323|352473
1200000|1|6000|8|5|0|0|408000|1682|13456323|351820
1200000|1|6000|8|5|1|2|408000|1682|13456323|352757
1200000|1|6000|8|5|0|0|408000|1683|13464323|352107
1200000|1|6000|8|5|1|2|408000|1683|13464323|353293
1200000|1|6000|8|5|0|0|408000|1684|13472324|352722
1200000|1|6000|8|5|1|2|408000|1684|13472324|354646
1200000|1|6000|8|5|0|0|408000|1685|13480326|353585
1200000|1|6000|8|5|1|2|408000|1685|13480326|354850
1200000|1|6000|8|5|0|0|408000|1686|13488326|353912
1200000|1|6000|8|5|1|2|408000|1686|13488326|354685
1200000|1|6000|8|5|0|0|408000|1687|13496327|354774
1200000|1|6000|8|5|1|2|408000|1687|13496327|354154
1200000|1|6000|8|5|0|0|408000|1688|13504327|354978
1200000|1|6000|8|5|1|2|408000|1688|13504327|354315
1200000|1|6000|8|5|0|0|408000|1689|13512327|355183
1200000|1|6000|8|5|1|2|408000|1689|13512327|354481
1200000|1|6000|8|5|0|0|408000|1690|13520328|354528
1200000|1|6000|8|5|1|2|408000|1690|13520328|354851
1200000|1|6000|8|5|0|0|408000|1691|13528328|354318
1200000|1|6000|8|5|1|2|408000|1691|13528328|355056
1200000|1|6000|8|5|0|0|408000|1692|13536328|353625
1200000|1|6000|8|5|1|2|408000|1692|13536328|354606
1200000|1|6000|8|5|0|0|408000|1693|13544327|353499
1200000|1|6000|8|5|1|2|408000|1693|13544327|353374
1200000|1|6000|8|5|0|0|408000|1694|13552326|353050
1200000|1|6000|8|5|1|2|408000|1694|13552326|351613
1200000|1|6000|8|5|0|0|408000|1695|13560324|352642
1200000|1|6000|8|5|1|2|408000|1695|13560324|350423
1200000|1|6000|8|5|0|0|408000|1696|13568323|352476
1200000|1|6000|8|5|1|2|408000|1696|13568323|348824
1200000|1|6000|8|5|0|0|408000|1697|13576322|351575
1200000|1|6000|8|5|1|2|408000|1697|13576322|347675
1200000|1|6000|8|5|0|0|408000|1698|13584322|351246
1200000|1|6000|8|5|1|2|408000|1698|13584322|345913
1200000|1|6000|8|5|0|0|408000|1699|13592320|350549
1200000|1|6000|8|5|1|2|408000|1699|13592320|345421
1200000|1|6000|8|5|0|0|408000|1700|13600321|350469
1200000|1|6000|8|5|1|2|408000|1700|13600321|345504
1200000|1|6000|8|5|0|0|408000|1701|13608321|350140
1200000|1|6000|8|5|1|2|408000|1701|13608321|345786
1200000|1|6000|8|5|0|0|408000|1702|13616321|350059
1200000|1|6000|8|5|1|2|408000|1702|13616321|345833
1200000|1|6000|8|5|0|0|408000|1703|13624321|349645
1200000|1|6000|8|5|1|2|408000|1703|13624321|345913
1200000|1|6000|8|5|0|0|408000|1704|13632322|349565
1200000|1|6000|8|5|1|2|408000|1704|13632322|346200
1200000|1|6000|8|5|0|0|408000|1705|13640322|349073
1200000|1|6000|8|5|1|2|408000|1705|13640322|346160
1200000|1|6000|8|5|0|0|408000|1706|13648322|348867
1200000|1|6000|8|5|1|2|408000|1706|13648322|345299
1200000|1|6000|8|5|0|0|408000|1707|13656321|349155
1200000|1|6000|8|5|1|2|408000|1707|13656321|344725
1200000|1|6000|8|5|0|0|408000|1708|13664321|348868
1200000|1|6000|8|5|1|2|408000|1708|13664321|344147
1200000|1|6000|8|5|0|0|408000|1709|13672321|348909
1200000|1|6000|8|5|1|2|408000|1709|13672321|344436
1200000|1|6000|8|5|0|0|408000|1710|13680321|348538
1200000|1|6000|8|5|1|2|408000|1710|13680321|344355
1200000|1|6000|8|5|0|0|408000|1711|13688321|349156
1200000|1|6000|8|5|1|2|408000|1711|13688321|344477
1200000|1|6000|8|5|0|0|408000|1712|13696320|349893
1200000|1|6000|8|5|1|2|408000|1712|13696320|344314
1200000|1|6000|8|5|0|0|408000|1713|13704320|351041
1200000|1|6000|8|5|1|2|408000|1713|13704320|344394
1200000|1|6000|8|5|0|0|408000|1714|13712320|350998
1200000|1|6000|8|5|1|2|408000|1714|13712320|344845
1200000|1|6000|8|5|0|0|408000|1715|13720321|351165
1200000|1|6000|8|5|1|2|408000|1715|13720321|344396
1200000|1|6000|8|5|0|0|408000|1716|13728321|351331
1200000|1|6000|8|5|1|2|408000|1716|13728321|344355
1200000|1|6000|8|5|0|0|408000|1717|13736321|351411
1200000|1|6000|8|5|1|2|408000|1717|13736321|344068
1200000|1|6000|8|5|0|0|408000|1718|13744320|351986
1200000|1|6000|8|5|1|2|408000|1718|13744320|344352
1200000|1|6000|8|5|0|0|408000|1719|13752321|351698
1200000|1|6000|8|5|1|2|408000|1719|13752321|344684
1200000|1|6000|8|5|0|0|408000|1720|13760321|352558
1200000|1|6000|8|5|1|2|408000|1720|13760321|344722
1200000|1|6000|8|5|0|0|408000|1721|13768321|353007
1200000|1|6000|8|5|1|2|408000|1721|13768321|344805
1200000|1|6000|8|5|0|0|408000|1722|13776321|353706
1200000|1|6000|8|5|1|2|408000|1722|13776321|345215
1200000|1|6000|8|5|0|0|408000|1723|13784321|353953
1200000|1|6000|8|5|1|2|408000|1723|13784321|345666
1200000|1|6000|8|5|0|0|408000|1724|13792321|354199
1200000|1|6000|8|5|1|2|408000|1724|13792321|346240
1200000|1|6000|8|5|0|0|408000|1725|13800321|354364
1200000|1|6000|8|5|1|2|408000|1725|13800321|346647
1200000|1|6000|8|5|0|0|408000|1726|13808322|354196
1200000|1|6000|8|5|1|2|408000|1726|13808322|346489
1200000|1|6000|8|5|0|0|408000|1727|13816322|353953
1200000|1|6000|8|5|1|2|408000|1727|13816322|346281
1200000|1|6000|8|5|0|0|408000|1728|13824322|353051
1200000|1|6000|8|5|1|2|408000|1728|13824322|346650
1200000|1|6000|8|5|0|0|408000|1729|13832322|352969
1200000|1|6000|8|5|1|2|408000|1729|13832322|347102
1200000|1|6000|8|5|0|0|408000|1730|13840323|352804
1200000|1|6000|8|5|1|2|408000|1730|13840323|347101
1200000|1|6000|8|5|0|0|408000|1731|13848322|352519
1200000|1|6000|8|5|1|2|408000|1731|13848322|346897
1200000|1|6000|8|5|0|0|408000|1732|13856323|351944
1200000|1|6000|8|5|1|2|408000|1732|13856323|346856
1200000|1|6000|8|5|0|0|408000|1733|13864323|351411
1200000|1|6000|8|5|1|2|408000|1733|13864323|345995
1200000|1|6000|8|5|0|0|408000|1734|13872323|351410
1200000|1|6000|8|5|1|2|408000|1734|13872323|345748
1200000|1|6000|8|5|0|0|408000|1735|13880323|351903
1200000|1|6000|8|5|1|2|408000|1735|13880323|345380
1200000|1|6000|8|5|0|0|408000|1736|13888323|352763
1200000|1|6000|8|5|1|2|408000|1736|13888323|345258
1200000|1|6000|8|5|0|0|408000|1737|13896323|352558
1200000|1|6000|8|5|1|2|408000|1737|13896323|345786
1200000|1|6000|8|5|0|0|408000|1738|13904323|353092
1200000|1|6000|8|5|1|2|408000|1738|13904323|347143
1200000|1|6000|8|5|0|0|408000|1739|13912325|352723
1200000|1|6000|8|5|1|2|408000|1739|13912325|348251
1200000|1|6000|8|5|0|0|408000|1740|13920326|353009
1200000|1|6000|8|5|1|2|408000|1740|13920326|349476
1200000|1|6000|8|5|0|0|408000|1741|13928328|353252
1200000|1|6000|8|5|1|2|408000|1741|13928328|350588
1200000|1|6000|8|5|0|0|408000|1742|13936329|352683
1200000|1|6000|8|5|1|2|408000|1742|13936329|351695
1200000|1|6000|8|5|0|0|408000|1743|13944330|352066
1200000|1|6000|8|5|1|2|408000|1743|13944330|352391
1200000|1|6000|8|5|0|0|408000|1744|13952332|351613
1200000|1|6000|8|5|1|2|408000|1744|13952332|352718
1200000|1|6000|8|5|0|0|408000|1745|13960332|351944
1200000|1|6000|8|5|1|2|408000|1745|13960332|353212
1200000|1|6000|8|5|0|0|408000|1746|13968333|351125
1200000|1|6000|8|5|1|2|408000|1746|13968333|353992
1200000|1|6000|8|5|0|0|408000|1747|13976334|351410
1200000|1|6000|8|5|1|2|408000|1747|13976334|355097
1200000|1|6000|8|5|0|0|408000|1748|13984336|350383
1200000|1|6000|8|5|1|2|408000|1748|13984336|355875
1200000|1|6000|8|5|0|0|408000|1749|13992337|351083
1200000|1|6000|8|5|1|2|408000|1749|13992337|357146
1200000|1|6000|8|5|0|0|408000|1750|14000338|351041
1200000|1|6000|8|5|1|2|408000|1750|14000338|358254
1200000|1|6000|8|5|0|0|408000|1751|14008339|350631
1200000|1|6000|8|5|1|2|408000|1751|14008339|359193
1200000|1|6000|8|5|0|0|408000|1752|14016340|349895
1200000|1|6000|8|5|1|2|408000|1752|14016340|359525
1200000|1|6000|8|5|0|0|408000|1753|14024339|349890
1200000|1|6000|8|5|1|2|408000|1753|14024339|359935
1200000|1|6000|8|5|0|0|408000|1754|14032339|349568
1200000|1|6000|8|5|1|2|408000|1754|14032339|359729
1200000|1|6000|8|5|0|0|408000|1755|14040339|349032
1200000|1|6000|8|5|1|2|408000|1755|14040339|360222
1200000|1|6000|8|5|0|0|408000|1756|14048339|348500
1200000|1|6000|8|5|1|2|408000|1756|14048339|360386
1200000|1|6000|8|5|0|0|408000|1757|14056339|348869
1200000|1|6000|8|5|1|2|408000|1757|14056339|360877
1200000|1|6000|8|5|0|0|408000|1758|14064340|349156
1200000|1|6000|8|5|1|2|408000|1758|14064340|360836
1200000|1|6000|8|5|0|0|408000|1759|14072340|350510
1200000|1|6000|8|5|1|2|408000|1759|14072340|361781
1200000|1|6000|8|5|0|0|408000|1760|14080341|351945
1200000|1|6000|8|5|1|2|408000|1760|14080341|361247
1200000|1|6000|8|5|0|0|408000|1761|14088340|352599
1200000|1|6000|8|5|1|2|408000|1761|14088340|361165
1200000|1|6000|8|5|0|0|408000|1762|14096341|353667
1200000|1|6000|8|5|1|2|408000|1762|14096341|360837
1200000|1|6000|8|5|0|0|408000|1763|14104341|353748
1200000|1|6000|8|5|1|2|408000|1763|14104341|361120
1200000|1|6000|8|5|0|0|408000|1764|14112342|354321
1200000|1|6000|8|5|1|2|408000|1764|14112342|361248
1200000|1|6000|8|5|0|0|408000|1765|14120342|354568
1200000|1|6000|8|5|1|2|408000|1765|14120342|361084
1200000|1|6000|8|5|0|0|408000|1766|14128342|354647
1200000|1|6000|8|5|1|2|408000|1766|14128342|360345
1200000|1|6000|8|5|0|0|408000|1767|14136341|355592
1200000|1|6000|8|5|1|2|408000|1767|14136341|360136
1200000|1|6000|8|5|0|0|408000|1768|14144341|356455
1200000|1|6000|8|5|1|2|408000|1768|14144341|360140
1200000|1|6000|8|5|0|0|408000|1769|14152341|357475
1200000|1|6000|8|5|1|2|408000|1769|14152341|360177
1200000|1|6000|8|5|0|0|408000|1770|14160341|358093
1200000|1|6000|8|5|1|2|408000|1770|14160341|360345
1200000|1|6000|8|5|0|0|408000|1771|14168341|358750
1200000|1|6000|8|5|1|2|408000|1771|14168341|359973
1200000|1|6000|8|5|0|0|408000|1772|14176341|358708
1200000|1|6000|8|5|1|2|408000|1772|14176341|359975
1200000|1|6000|8|5|0|0|408000|1773|14184341|359325
1200000|1|6000|8|5|1|2|408000|1773|14184341|359731
1200000|1|6000|8|5|0|0|408000|1774|14192341|360022
1200000|1|6000|8|5|1|2|408000|1774|14192341|359768
1200000|1|6000|8|5|0|0|408000|1775|14200341|360595
1200000|1|6000|8|5|1|2|408000|1775|14200341|359112
1200000|1|6000|8|5|0|0|408000|1776|14208341|361046
1200000|1|6000|8|5|1|2|408000|1776|14208341|358909
1200000|1|6000|8|5|0|0|408000|1777|14216341|360922
1200000|1|6000|8|5|1|2|408000|1777|14216341|358911
1200000|1|6000|8|5|0|0|408000|1778|14224340|361292
1200000|1|6000|8|5|1|2|408000|1778|14224340|358910
1200000|1|6000|8|5|0|0|408000|1779|14232341|361414
1200000|1|6000|8|5|1|2|408000|1779|14232341|358908
1200000|1|6000|8|5|0|0|408000|1780|14240340|362519
1200000|1|6000|8|5|1|2|408000|1780|14240340|358869
1200000|1|6000|8|5|0|0|408000|1781|14248340|362235
1200000|1|6000|8|5|1|2|408000|1781|14248340|358661
1200000|1|6000|8|5|0|0|408000|1782|14256340|362480
1200000|1|6000|8|5|1|2|408000|1782|14256340|359278
1200000|1|6000|8|5|0|0|408000|1783|14264341|362686
1200000|1|6000|8|5|1|2|408000|1783|14264341|360386
1200000|1|6000|8|5|0|0|408000|1784|14272342|362726
1200000|1|6000|8|5|1|2|408000|1784|14272342|360387
1200000|1|6000|8|5|0|0|408000|1785|14280343|363135
1200000|1|6000|8|5|1|2|408000|1785|14280343|360713
1200000|1|6000|8|5|0|0|408000|1786|14288344|363587
1200000|1|6000|8|5|1|2|408000|1786|14288344|360795
1200000|1|6000|8|5|0|0|408000|1787|14296344|363792
1200000|1|6000|8|5|1|2|408000|1787|14296344|361043
1200000|1|6000|8|5|0|0|408000|1788|14304345|364120
1200000|1|6000|8|5|1|2|408000|1788|14304345|361411
1200000|1|6000|8|5|0|0|408000|1789|14312346|364736
1200000|1|6000|8|5|1|2|408000|1789|14312346|361208
1200000|1|6000|8|5|0|0|408000|1790|14320347|365104
1200000|1|6000|8|5|1|2|408000|1790|14320347|360957
1200000|1|6000|8|5|0|0|408000|1791|14328347|365678
1200000|1|6000|8|5|1|2|408000|1791|14328347|361326
1200000|1|6000|8|5|0|0|408000|1792|14336348|365719
1200000|1|6000|8|5|1|2|408000|1792|14336348|362107
1200000|1|6000|8|5|0|0|408000|1793|14344349|366211
1200000|1|6000|8|5|1|2|408000|1793|14344349|362107
1200000|1|6000|8|5|0|0|408000|1794|14352349|366007
1200000|1|6000|8|5|1|2|408000|1794|14352349|362679
1200000|1|6000|8|5|0|0|408000|1795|14360350|366171
1200000|1|6000|8|5|1|2|408000|1795|14360350|363462
1200000|1|6000|8|5|0|0|408000|1796|14368351|365925
1200000|1|6000|8|5|1|2|408000|1796|14368351|364609
1200000|1|6000|8|5|0|0|408000|1797|14376353|366375
1200000|1|6000|8|5|1|2|408000|1797|14376353|365552
1200000|1|6000|8|5|0|0|408000|1798|14384354|366211
1200000|1|6000|8|5|1|2|408000|1798|14384354|366289
1200000|1|6000|8|5|0|0|408000|1799|14392354|366703
1200000|1|6000|8|5|1|2|408000|1799|14392354|367475
1200000|1|6000|8|5|0|0|408000|1800|14400356|366743
1200000|1|6000|8|5|1|2|408000|1800|14400356|367683
1200000|1|6000|8|5|0|0|408000|1801|14408356|366701
1200000|1|6000|8|5|1|2|408000|1801|14408356|368667
1200000|1|6000|8|5|0|0|408000|1802|14416357|366498
1200000|1|6000|8|5|1|2|408000|1802|14416357|368793
1200000|1|6000|8|5|0|0|408000|1803|14424358|365597
1200000|1|6000|8|5|1|2|408000|1803|14424358|369813
1200000|1|6000|8|5|0|0|408000|1804|14432359|365638
1200000|1|6000|8|5|1|2|408000|1804|14432359|369774
1200000|1|6000|8|5|0|0|408000|1805|14440359|365269
1200000|1|6000|8|5|1|2|408000|1805|14440359|370350
1200000|1|6000|8|5|0|0|408000|1806|14448359|365024
1200000|1|6000|8|5|1|2|408000|1806|14448359|369814
1200000|1|6000|8|5|0|0|408000|1807|14456360|364819
1200000|1|6000|8|5|1|2|408000|1807|14456360|369569
1200000|1|6000|8|5|0|0|408000|1808|14464360|364531
1200000|1|6000|8|5|1|2|408000|1808|14464360|369569
1200000|1|6000|8|5|0|0|408000|1809|14472360|364201
1200000|1|6000|8|5|1|2|408000|1809|14472360|369156
1200000|1|6000|8|5|0|0|408000|1810|14480360|364776
1200000|1|6000|8|5|1|2|408000|1810|14480360|369528
1200000|1|6000|8|5|0|0|408000|1811|14488361|364859
1200000|1|6000|8|5|1|2|408000|1811|14488361|369078
1200000|1|6000|8|5|0|0|408000|1812|14496360|365229
1200000|1|6000|8|5|1|2|408000|1812|14496360|369694
1200000|1|6000|8|5|0|0|408000|1813|14504360|365310
1200000|1|6000|8|5|1|2|408000|1813|14504360|369365
1200000|1|6000|8|5|0|0|408000|1814|14512360|365391
1200000|1|6000|8|5|1|2|408000|1814|14512360|368871
1200000|1|6000|8|5|0|0|408000|1815|14520360|365844
1200000|1|6000|8|5|1|2|408000|1815|14520360|368054
1200000|1|6000|8|5|0|0|408000|1816|14528360|365269
1200000|1|6000|8|5|1|2|408000|1816|14528360|367232
1200000|1|6000|8|5|0|0|408000|1817|14536359|365390
1200000|1|6000|8|5|1|2|408000|1817|14536359|366454
1200000|1|6000|8|5|0|0|408000|1818|14544360|364572
1200000|1|6000|8|5|1|2|408000|1818|14544360|365756
1200000|1|6000|8|5|0|0|408000|1819|14552359|365514
1200000|1|6000|8|5|1|2|408000|1819|14552359|364732
1200000|1|6000|8|5|0|0|408000|1820|14560359|365556
1200000|1|6000|8|5|1|2|408000|1820|14560359|363709
1200000|1|6000|8|5|0|0|408000|1821|14568358|366417
1200000|1|6000|8|5|1|2|408000|1821|14568358|363502
1200000|1|6000|8|5|0|0|408000|1822|14576356|366498
1200000|1|6000|8|5|1|2|408000|1822|14576356|363011
1200000|1|6000|8|5|0|0|408000|1823|14584356|367028
1200000|1|6000|8|5|1|2|408000|1823|14584356|362682
1200000|1|6000|8|5|0|0|408000|1824|14592355|367278
1200000|1|6000|8|5|1|2|408000|1824|14592355|361735
1200000|1|6000|8|5|0|0|408000|1825|14600354|367442
1200000|1|6000|8|5|1|2|408000|1825|14600354|360919
1200000|1|6000|8|5|0|0|408000|1826|14608353|367770
1200000|1|6000|8|5|1|2|408000|1826|14608353|359934
1200000|1|6000|8|5|0|0|408000|1827|14616353|367644
1200000|1|6000|8|5|1|2|408000|1827|14616353|360344
1200000|1|6000|8|5|0|0|408000|1828|14624354|368098
1200000|1|6000|8|5|1|2|408000|1828|14624354|360221
1200000|1|6000|8|5|0|0|408000|1829|14632354|368056
1200000|1|6000|8|5|1|2|408000|1829|14632354|359278
1200000|1|6000|8|5|0|0|408000|1830|14640354|367892
1200000|1|6000|8|5|1|2|408000|1830|14640354|358951
1200000|1|6000|8|5|0|0|408000|1831|14648354|367729
1200000|1|6000|8|5|1|2|408000|1831|14648354|358132
1200000|1|6000|8|5|0|0|408000|1832|14656354|368507
1200000|1|6000|8|5|1|2|408000|1832|14656354|358132
1200000|1|6000|8|5|0|0|408000|1833|14664354|368876
1200000|1|6000|8|5|1|2|408000|1833|14664354|357722
1200000|1|6000|8|5|0|0|408000|1834|14672354|369903
1200000|1|6000|8|5|1|2|408000|1834|14672354|357475
1200000|1|6000|8|5|0|0|408000|1835|14680354|370802
1200000|1|6000|8|5|1|2|408000|1835|14680354|357720
1200000|1|6000|8|5|0|0|408000|1836|14688355|371623
1200000|1|6000|8|5|1|2|408000|1836|14688355|358417
1200000|1|6000|8|5|0|0|408000|1837|14696356|372113
1200000|1|6000|8|5|1|2|408000|1837|14696356|358745
1200000|1|6000|8|5|0|0|408000|1838|14704357|372814
1200000|1|6000|8|5|1|2|408000|1838|14704357|359196
1200000|1|6000|8|5|0|0|408000|1839|14712358|373181
1200000|1|6000|8|5|1|2|408000|1839|14712358|359567
1200000|1|6000|8|5|0|0|408000|1840|14720358|373876
1200000|1|6000|8|5|1|2|408000|1840|14720358|360016
1200000|1|6000|8|5|0|0|408000|1841|14728360|374126
1200000|1|6000|8|5|1|2|408000|1841|14728360|360920
1200000|1|6000|8|5|0|0|408000|1842|14736361|374207
1200000|1|6000|8|5|1|2|408000|1842|14736361|360509
1200000|1|6000|8|5|0|0|408000|1843|14744360|374411
1200000|1|6000|8|5|1|2|408000|1843|14744360|360181
1200000|1|6000|8|5|0|0|408000|1844|14752359|374289
1200000|1|6000|8|5|1|2|408000|1844|14752359|359932
1200000|1|6000|8|5|0|0|408000|1845|14760359|374367
1200000|1|6000|8|5|1|2|408000|1845|14760359|359809
1200000|1|6000|8|5|0|0|408000|1846|14768360|374328
1200000|1|6000|8|5|1|2|408000|1846|14768360|360057
1200000|1|6000|8|5|0|0|408000|1847|14776360|373919
1200000|1|6000|8|5|1|2|408000|1847|14776360|359814
1200000|1|6000|8|5|0|0|408000|1848|14784360|373428
1200000|1|6000|8|5|1|2|408000|1848|14784360|359976
1200000|1|6000|8|5|0|0|408000|1849|14792360|373510
1200000|1|6000|8|5|1|2|408000|1849|14792360|359935
1200000|1|6000|8|5|0|0|408000|1850|14800361|373181
1200000|1|6000|8|5|1|2|408000|1850|14800361|360182
1200000|1|6000|8|5|0|0|408000|1851|14808361|372690
1200000|1|6000|8|5|1|2|408000|1851|14808361|359894
1200000|1|6000|8|5|0|0|408000|1852|14816362|372402
1200000|1|6000|8|5|1|2|408000|1852|14816362|359977
1200000|1|6000|8|5|0|0|408000|1853|14824362|372567
1200000|1|6000|8|5|1|2|408000|1853|14824362|359483
1200000|1|6000|8|5|0|0|408000|1854|14832362|372566
1200000|1|6000|8|5|1|2|408000|1854|14832362|359440
1200000|1|6000|8|5|0|0|408000|1855|14840362|372443
1200000|1|6000|8|5|1|2|408000|1855|14840362|359317
1200000|1|6000|8|5|0|0|408000|1856|14848362|372116
1200000|1|6000|8|5|1|2|408000|1856|14848362|359607
1200000|1|6000|8|5|0|0|408000|1857|14856363|371580
1200000|1|6000|8|5|1|2|408000|1857|14856363|359157
1200000|1|6000|8|5|0|0|408000|1858|14864362|371706
1200000|1|6000|8|5|1|2|408000|1858|14864362|358869
1200000|1|6000|8|5|0|0|408000|1859|14872363|371418
1200000|1|6000|8|5|1|2|408000|1859|14872363|358787
1200000|1|6000|8|5|0|0|408000|1860|14880363|370476
1200000|1|6000|8|5|1|2|408000|1860|14880363|358582
1200000|1|6000|8|5|0|0|408000|1861|14888364|369573
1200000|1|6000|8|5|1|2|408000|1861|14888364|359238
1200000|1|6000|8|5|0|0|408000|1862|14896364|369082
1200000|1|6000|8|5|1|2|408000|1862|14896364|358826
1200000|1|6000|8|5|0|0|408000|1863|14904364|368590
1200000|1|6000|8|5|1|2|408000|1863|14904364|358705
1200000|1|6000|8|5|0|0|408000|1864|14912364|368672
1200000|1|6000|8|5|1|2|408000|1864|14912364|358291
1200000|1|6000|8|5|0|0|408000|1865|14920364|368466
1200000|1|6000|8|5|1|2|408000|1865|14920364|358457
1200000|1|6000|8|5|0|0|408000|1866|14928365|367934
1200000|1|6000|8|5|1|2|408000|1866|14928365|358375
1200000|1|6000|8|5|0|0|408000|1867|14936365|367482
1200000|1|6000|8|5|1|2|408000|1867|14936365|358705
1200000|1|6000|8|5|0|0|408000|1868|14944366|366950
1200000|1|6000|8|5|1|2|408000|1868|14944366|358377
1200000|1|6000|8|5|0|0|408000|1869|14952366|366375
1200000|1|6000|8|5|1|2|408000|1869|14952366|358539
1200000|1|6000|8|5|0|0|408000|1870|14960367|365881
1200000|1|6000|8|5|1|2|408000|1870|14960367|358909
1200000|1|6000|8|5|0|0|408000|1871|14968368|365844
1200000|1|6000|8|5|1|2|408000|1871|14968368|358787
1200000|1|6000|8|5|0|0|408000|1872|14976369|365432
1200000|1|6000|8|5|1|2|408000|1872|14976369|358255
1200000|1|6000|8|5|0|0|408000|1873|14984370|365187
1200000|1|6000|8|5|1|2|408000|1873|14984370|358131
1200000|1|6000|8|5|0|0|408000|1874|14992371|364573
1200000|1|6000|8|5|1|2|408000|1874|14992371|357596
1200000|1|6000|8|5|0|0|408000|1875|15000373|365347
1200000|1|6000|8|5|1|2|408000|1875|15000373|357064
1200000|1|6000|8|5|0|0|408000|1876|15008373|365104
1200000|1|6000|8|5|1|2|408000|1876|15008373|356818
1200000|1|6000|8|5|0|0|408000|1877|15016374|365597
1200000|1|6000|8|5|1|2|408000|1877|15016374|355548
1200000|1|6000|8|5|0|0|408000|1878|15024373|365923
1200000|1|6000|8|5|1|2|408000|1878|15024373|355301
1200000|1|6000|8|5|0|0|408000|1879|15032373|365637
1200000|1|6000|8|5|1|2|408000|1879|15032373|354891
1200000|1|6000|8|5|0|0|408000|1880|15040372|365556
1200000|1|6000|8|5|1|2|408000|1880|15040372|354809
1200000|1|6000|8|5|0|0|408000|1881|15048372|365347
1200000|1|6000|8|5|1|2|408000|1881|15048372|354686
1200000|1|6000|8|5|0|0|408000|1882|15056373|364900
1200000|1|6000|8|5|1|2|408000|1882|15056373|354154
1200000|1|6000|8|5|0|0|408000|1883|15064372|364366
1200000|1|6000|8|5|1|2|408000|1883|15064372|353909
1200000|1|6000|8|5|0|0|408000|1884|15072372|363793
1200000|1|6000|8|5|1|2|408000|1884|15072372|353619
1200000|1|6000|8|5|0|0|408000|1885|15080373|363013
1200000|1|6000|8|5|1|2|408000|1885|15080373|353951
1200000|1|6000|8|5|0|0|408000|1886|15088373|362480
1200000|1|6000|8|5|1|2|408000|1886|15088373|354113
1200000|1|6000|8|5|0|0|408000|1887|15096373|361456
1200000|1|6000|8|5|1|2|408000|1887|15096373|354522
1200000|1|6000|8|5|0|0|408000|1888|15104373|361252
1200000|1|6000|8|5|1|2|408000|1888|15104373|354359
1200000|1|6000|8|5|0|0|408000|1889|15112373|360718
1200000|1|6000|8|5|1|2|408000|1889|15112373|354932
1200000|1|6000|8|5|0|0|408000|1890|15120374|361004
1200000|1|6000|8|5|1|2|408000|1890|15120374|354726
1200000|1|6000|8|5|0|0|408000|1891|15128373|360389
1200000|1|6000|8|5|1|2|408000|1891|15128373|355097
1200000|1|6000|8|5|0|0|408000|1892|15136374|360921
1200000|1|6000|8|5|1|2|408000|1892|15136374|355016
1200000|1|6000|8|5|0|0|408000|1893|15144374|360961
1200000|1|6000|8|5|1|2|408000|1893|15144374|355382
1200000|1|6000|8|5|0|0|408000|1894|15152374|361210
1200000|1|6000|8|5|1|2|408000|1894|15152374|355875
1200000|1|6000|8|5|0|0|408000|1895|15160375|361334
1200000|1|6000|8|5|1|2|408000|1895|15160375|356120
1200000|1|6000|8|5|0|0|408000|1896|15168375|362522
1200000|1|6000|8|5|1|2|408000|1896|15168375|356120
1200000|1|6000|8|5|0|0|408000|1897|15176376|362357
1200000|1|6000|8|5|1|2|408000|1897|15176376|356039
1200000|1|6000|8|5|0|0|408000|1898|15184375|361990
1200000|1|6000|8|5|1|2|408000|1898|15184375|356080
1200000|1|6000|8|5|0|0|408000|1899|15192375|362357
1200000|1|6000|8|5|1|2|408000|1899|15192375|355959
1200000|1|6000|8|5|0|0|408000|1900|15200374|362317
1200000|1|6000|8|5|1|2|408000|1900|15200374|355793
1200000|1|6000|8|5|0|0|408000|1901|15208374|362728
1200000|1|6000|8|5|1|2|408000|1901|15208374|355179
1200000|1|6000|8|5|0|0|408000|1902|15216373|362764
1200000|1|6000|8|5|1|2|408000|1902|15216373|355221
1200000|1|6000|8|5|0|0|408000|1903|15224373|362644
1200000|1|6000|8|5|1|2|408000|1903|15224373|354850
1200000|1|6000|8|5|0|0|408000|1904|15232372|362933
1200000|1|6000|8|5|1|2|408000|1904|15232372|355631
1200000|1|6000|8|5|0|0|408000|1905|15240372|363300
1200000|1|6000|8|5|1|2|408000|1905|15240372|355179
1200000|1|6000|8|5|0|0|408000|1906|15248372|363013
1200000|1|6000|8|5|1|2|408000|1906|15248372|355508
1200000|1|6000|8|5|0|0|408000|1907|15256371|362235
1200000|1|6000|8|5|1|2|408000|1907|15256371|355097
1200000|1|6000|8|5|0|0|408000|1908|15264370|361373
1200000|1|6000|8|5|1|2|408000|1908|15264370|355544
1200000|1|6000|8|5|0|0|408000|1909|15272370|360593
1200000|1|6000|8|5|1|2|408000|1909|15272370|356082
1200000|1|6000|8|5|0|0|408000|1910|15280371|360513
1200000|1|6000|8|5|1|2|408000|1910|15280371|356777
1200000|1|6000|8|5|0|0|408000|1911|15288371|360103
1200000|1|6000|8|5|1|2|408000|1911|15288371|357884
1200000|1|6000|8|5|0|0|408000|1912|15296373|360348
1200000|1|6000|8|5|1|2|408000|1912|15296373|357926
1200000|1|6000|8|5|0|0|408000|1913|15304372|360472
1200000|1|6000|8|5|1|2|408000|1913|15304372|357680
1200000|1|6000|8|5|0|0|408000|1914|15312372|360225
1200000|1|6000|8|5|1|2|408000|1914|15312372|357722
1200000|1|6000|8|5|0|0|408000|1915|15320371|360017
1200000|1|6000|8|5|1|2|408000|1915|15320371|357677
1200000|1|6000|8|5|0|0|408000|1916|15328370|360144
1200000|1|6000|8|5|1|2|408000|1916|15328370|357105
1200000|1|6000|8|5|0|0|408000|1917|15336369|359775
1200000|1|6000|8|5|1|2|408000|1917|15336369|356737
1200000|1|6000|8|5|0|0|408000|1918|15344368|360676
1200000|1|6000|8|5|1|2|408000|1918|15344368|356328
1200000|1|6000|8|5|0|0|408000|1919|15352367|361168
1200000|1|6000|8|5|1|2|408000|1919|15352367|355795
1200000|1|6000|8|5|0|0|408000|1920|15360365|361988
1200000|1|6000|8|5|1|2|408000|1920|15360365|355999
1200000|1|6000|8|5|0|0|408000|1921|15368365|362357
1200000|1|6000|8|5|1|2|408000|1921|15368365|355506
1200000|1|6000|8|5|0|0|408000|1922|15376365|363096
1200000|1|6000|8|5|1|2|408000|1922|15376365|355177
1200000|1|6000|8|5|0|0|408000|1923|15384364|363628
1200000|1|6000|8|5|1|2|408000|1923|15384364|354934
1200000|1|6000|8|5|0|0|408000|1924|15392364|364161
1200000|1|6000|8|5|1|2|408000|1924|15392364|354154
1200000|1|6000|8|5|0|0|408000|1925|15400363|364078
1200000|1|6000|8|5|1|2|408000|1925|15400363|354112
1200000|1|6000|8|5|0|0|408000|1926|15408363|363587
1200000|1|6000|8|5|1|2|408000|1926|15408363|353252
1200000|1|6000|8|5|0|0|408000|1927|15416362|363177
1200000|1|6000|8|5|1|2|408000|1927|15416362|353989
1200000|1|6000|8|5|0|0|408000|1928|15424362|362317
1200000|1|6000|8|5|1|2|408000|1928|15424362|353785
1200000|1|6000|8|5|0|0|408000|1929|15432362|361823
1200000|1|6000|8|5|1|2|408000|1929|15432362|354851
1200000|1|6000|8|5|0|0|408000|1930|15440363|361250
1200000|1|6000|8|5|1|2|408000|1930|15440363|355424
1200000|1|6000|8|5|0|0|408000|1931|15448363|361088
1200000|1|6000|8|5|1|2|408000|1931|15448363|355834
1200000|1|6000|8|5|0|0|408000|1932|15456363|361171
1200000|1|6000|8|5|1|2|408000|1932|15456363|355753
1200000|1|6000|8|5|0|0|408000|1933|15464364|361374
1200000|1|6000|8|5|1|2|408000|1933|15464364|356040
1200000|1|6000|8|5|0|0|408000|1934|15472364|361084
1200000|1|6000|8|5|1|2|408000|1934|15472364|355955
1200000|1|6000|8|5|0|0|408000|1935|15480364|360307
1200000|1|6000|8|5|1|2|408000|1935|15480364|355138
1200000|1|6000|8|5|0|0|408000|1936|15488363|359856
1200000|1|6000|8|5|1|2|408000|1936|15488363|353949
1200000|1|6000|8|5|0|0|408000|1937|15496362|359201
1200000|1|6000|8|5|1|2|408000|1937|15496362|352185
1200000|1|6000|8|5|0|0|408000|1938|15504361|358832
1200000|1|6000|8|5|1|2|408000|1938|15504361|351653
1200000|1|6000|8|5|0|0|408000|1939|15512360|358543
1200000|1|6000|8|5|1|2|408000|1939|15512360|350752
1200000|1|6000|8|5|0|0|408000|1940|15520359|357970
1200000|1|6000|8|5|1|2|408000|1940|15520359|350463
1200000|1|6000|8|5|0|0|408000|1941|15528359|357520
1200000|1|6000|8|5|1|2|408000|1941|15528359|349645
1200000|1|6000|8|5|0|0|408000|1942|15536358|356453
1200000|1|6000|8|5|1|2|408000|1942|15536358|350218
1200000|1|6000|8|5|0|0|408000|1943|15544359|355307
1200000|1|6000|8|5|1|2|408000|1943|15544359|350829
1200000|1|6000|8|5|0|0|408000|1944|15552360|354200
1200000|1|6000|8|5|1|2|408000|1944|15552360|351899
1200000|1|6000|8|5|0|0|408000|1945|15560360|352764
1200000|1|6000|8|5|1|2|408000|1945|15560360|352761
1200000|1|6000|8|5|0|0|408000|1946|15568361|351902
1200000|1|6000|8|5|1|2|408000|1946|15568361|353661
1200000|1|6000|8|5|0|0|408000|1947|15576361|350713
1200000|1|6000|8|5|1|2|408000|1947|15576361|354400
1200000|1|6000|8|5|0|0|408000|1948|15584362|350837
1200000|1|6000|8|5|1|2|408000|1948|15584362|354604
1200000|1|6000|8|5|0|0|408000|1949|15592362|349279
1200000|1|6000|8|5|1|2|408000|1949|15592362|354441
1200000|1|6000|8|5|0|0|408000|1950|15600361|349277
1200000|1|6000|8|5|1|2|408000|1950|15600361|354194
1200000|1|6000|8|5|0|0|408000|1951|15608361|348868
1200000|1|6000|8|5|1|2|408000|1951|15608361|354032
1200000|1|6000|8|5|0|0|408000|1952|15616362|348048
1200000|1|6000|8|5|1|2|408000|1952|15616362|353417
1200000|1|6000|8|5|0|0|408000|1953|15624361|347883
1200000|1|6000|8|5|1|2|408000|1953|15624361|353579
1200000|1|6000|8|5|0|0|408000|1954|15632363|347271
1200000|1|6000|8|5|1|2|408000|1954|15632363|352429
1200000|1|6000|8|5|0|0|408000|1955|15640362|345426
1200000|1|6000|8|5|1|2|408000|1955|15640362|352267
1200000|1|6000|8|5|0|0|408000|1956|15648363|344150
1200000|1|6000|8|5|1|2|408000|1956|15648363|351938
1200000|1|6000|8|5|0|0|408000|1957|15656363|343415
1200000|1|6000|8|5|1|2|408000|1957|15656363|352145
1200000|1|6000|8|5|0|0|408000|1958|15664364|342923
1200000|1|6000|8|5|1|2|408000|1958|15664364|353579
1200000|1|6000|8|5|0|0|408000|1959|15672367|342308
1200000|1|6000|8|5|1|2|408000|1959|15672367|354565
1200000|1|6000|8|5|0|0|408000|1960|15680368|341324
1200000|1|6000|8|5|1|2|408000|1960|15680368|355999
1200000|1|6000|8|5|0|0|408000|1961|15688369|340832
1200000|1|6000|8|5|1|2|408000|1961|15688369|356736
1200000|1|6000|8|5|0|0|408000|1962|15696371|340053
1200000|1|6000|8|5|1|2|408000|1962|15696371|357677
1200000|1|6000|8|5|0|0|408000|1963|15704372|340422
1200000|1|6000|8|5|1|2|408000|1963|15704372|358745
1200000|1|6000|8|5|0|0|408000|1964|15712374|341116
1200000|1|6000|8|5|1|2|408000|1964|15712374|358707
1200000|1|6000|8|5|0|0|408000|1965|15720374|341692
1200000|1|6000|8|5|1|2|408000|1965|15720374|358951
1200000|1|6000|8|5|0|0|408000|1966|15728375|342226
1200000|1|6000|8|5|1|2|408000|1966|15728375|360180
1200000|1|6000|8|5|0|0|408000|1967|15736376|342551
1200000|1|6000|8|5|1|2|408000|1967|15736376|361248
1200000|1|6000|8|5|0|0|408000|1968|15744377|343374
1200000|1|6000|8|5|1|2|408000|1968|15744377|362682
1200000|1|6000|8|5|0|0|408000|1969|15752378|343539
1200000|1|6000|8|5|1|2|408000|1969|15752378|363788
1200000|1|6000|8|5|0|0|408000|1970|15760380|342964
1200000|1|6000|8|5|1|2|408000|1970|15760380|365430
1200000|1|6000|8|5|0|0|408000|1971|15768382|342225
1200000|1|6000|8|5|1|2|408000|1971|15768382|366575
1200000|1|6000|8|5|0|0|408000|1972|15776382|341940
1200000|1|6000|8|5|1|2|408000|1972|15776382|368218
1200000|1|6000|8|5|0|0|408000|1973|15784384|341161
1200000|1|6000|8|5|1|2|408000|1973|15784384|369079
1200000|1|6000|8|5|0|0|408000|1974|15792385|341242
1200000|1|6000|8|5|1|2|408000|1974|15792385|369447
1200000|1|6000|8|5|0|0|408000|1975|15800387|340994
1200000|1|6000|8|5|1|2|408000|1975|15800387|370514
1200000|1|6000|8|5|0|0|408000|1976|15808389|340669
1200000|1|6000|8|5|1|2|408000|1976|15808389|371862
1200000|1|6000|8|5|0|0|408000|1977|15816391|340054
1200000|1|6000|8|5|1|2|408000|1977|15816391|372849
1200000|1|6000|8|5|0|0|408000|1978|15824392|339930
1200000|1|6000|8|5|1|2|408000|1978|15824392|373831
1200000|1|6000|8|5|0|0|408000|1979|15832394|339562
1200000|1|6000|8|5|1|2|408000|1979|15832394|374774
1200000|1|6000|8|5|0|0|408000|1980|15840395|338537
1200000|1|6000|8|5|1|2|408000|1980|15840395|374695
1200000|1|6000|8|5|0|0|408000|1981|15848395|338208
1200000|1|6000|8|5|1|2|408000|1981|15848395|375515
1200000|1|6000|8|5|0|0|408000|1982|15856395|337592
1200000|1|6000|8|5|1|2|408000|1982|15856395|376128
1200000|1|6000|8|5|0|0|408000|1983|15864396|336855
1200000|1|6000|8|5|1|2|408000|1983|15864396|377031
1200000|1|6000|8|5|0|0|408000|1984|15872397|336278
1200000|1|6000|8|5|1|2|408000|1984|15872397|376539
1200000|1|6000|8|5|0|0|408000|1985|15880396|336118
1200000|1|6000|8|5|1|2|408000|1985|15880396|377770
1200000|1|6000|8|5|0|0|408000|1986|15888397|335545
1200000|1|6000|8|5|1|2|408000|1986|15888397|377606
1200000|1|6000|8|5|0|0|408000|1987|15896397|335176
1200000|1|6000|8|5|1|2|408000|1987|15896397|379122
1200000|1|6000|8|5|0|0|408000|1988|15904399|335092
1200000|1|6000|8|5|1|2|408000|1988|15904399|378630
1200000|1|6000|8|5|0|0|408000|1989|15912398|334109
1200000|1|6000|8|5|1|2|408000|1989|15912398|379492
1200000|1|6000|8|5|0|0|408000|1990|15920399|333985
1200000|1|6000|8|5|1|2|408000|1990|15920399|379491
1200000|1|6000|8|5|0|0|408000|1991|15928399|332837
1200000|1|6000|8|5|1|2|408000|1991|15928399|380149
1200000|1|6000|8|5|0|0|408000|1992|15936400|332383
1200000|1|6000|8|5|1|2|408000|1992|15936400|380681
1200000|1|6000|8|5|0|0|408000|1993|15944401|332837
1200000|1|6000|8|5|1|2|408000|1993|15944401|381050
1200000|1|6000|8|5|0|0|408000|1994|15952401|334109
1200000|1|6000|8|5|1|2|408000|1994|15952401|381255
1200000|1|6000|8|5|0|0|408000|1995|15960401|334967
1200000|1|6000|8|5|1|2|408000|1995|15960401|381461
1200000|1|6000|8|5|0|0|408000|1996|15968401|335380
1200000|1|6000|8|5|1|2|408000|1996|15968401|381297
1200000|1|6000|8|5|0|0|408000|1997|15976401|335626
1200000|1|6000|8|5|1|2|408000|1997|15976401|380353
1200000|1|6000|8|5|0|0|408000|1998|15984402|335872
1200000|1|6000|8|5|1|2|408000|1998|15984402|380353
1200000|1|6000|8|5|0|0|408000|1999|15992402|336365
1200000|1|6000|8|5|1|2|408000|1999|15992402|379777
